fecha,tiempo_espera_reportado,rating_ambiente,rating_comida,rating_servicio,rating,review_texto,restaurante,tiene_texto
2026-03-03 03:04:39.746000+00:00,Sin espera,5.0,5.0,5.0,5,"Casa Res.
Un hermoso restaurante con una vista maravillosa, una comida exquisita, una gran atención al cliente, platos completamente recién hechos, un lugar ideal para comer rico y mantener una dieta sana y nutritiva.
Carnes con cortes como : 3/4 - Termino medio - Cocido.
Muy limpio y espacioso.
Les recomiendo mucho este gran establecimiento.",Casa Res | Steak House (Mall del Sol),True
2025-03-04 06:59:59.379000+00:00,,4.0,4.0,3.0,4,"El concepto de Casa Res me fascina, en general mantienen todo su estilo en todos sus locales.

El espacio del local grande, calculo que ingresan más de 150 personas. Y una vista espectacular que puedes ver los edificios de al frente. La distribución algo complicada para transitar y baños pequeños para hombre y mujer.

Sin embargo, en Mall del Sol considero por el flujo de personas la calidad y servicio va a afectar por que usualmente tiene un cálido ambiente.

La comida deliciosa como siempre excepto la papá al horno, primero toman la orden y después uno mismo se sirve la ensalada o piqueos que desee.

El personal estuvo sumamente agitado y se noto una descoordinación entre ellos porque no se respetaban quién despachaba y limpiaba las mesas.

Lo que no me agrado fue el tiempo que toman en cobrar, uno debe estar detrás de ellos porque los chicos se olvidan y van a otras mesas.

Pd. Su menú tiene ciertos cambios y agregaron nuevas bebidas soft.

De ahí todo bien, espero que mejoren!",Casa Res | Steak House (Mall del Sol),True
2024-10-24 18:46:13.385000+00:00,,3.0,1.0,1.0,1,"Una experiencia terrible, me dijeron que era un buen restaurante y resultó se lo contrario.
El servicio lento e ineficiente, no te prestan atención demoran para todo hasta para traer la factura.
La comida muy desabrida, pedí t bone y muy malo, los langostinos o camarones ricos, la limonada estaba con un sabor raro.

Presente mi queja sobre el pedido y no ofrecieron disculpas ni mostraron interés en escucharme.

No volvería a dar una segunda oportunidad a este restaurante.",Casa Res | Steak House (Mall del Sol),True
2026-06-04 20:18:03.173000+00:00,De 10 a 30 min,,,,5,Realmente delicioso!! Además se puede elegir el tipo de ensalada de tu preferencia sin costo adicional.,Casa Res | Steak House (Mall del Sol),True
2026-05-17 00:33:06.375000+00:00,,4.0,5.0,5.0,4,"Buena atención, el local es más pequeño que el de San Marino, lo destacable es que el día de la madre nos dieron una mesa con una corta espera, el servicio fue bueno y oportuno, como siempre los cortes bien preparados al igual que las ensaladas, los cocteles sin alcohol son un excelente complemento para los platos. Recomendado",Casa Res | Steak House (Mall del Sol),True
2022-12-21 19:39:44.811000+00:00,,5.0,4.0,3.0,3,"Casa res ubicado dentro del centro comercial mall del sol. Tiene un ambiente ameno y para temporada navideña si deberían hacer una reserva.
La comida en cuanto a sabor le pongo un 8/10 lo interesante es que cuando te sirves tu plato viene con una guarnición y ensalada pero está la puedes escoger de manera ilimitada.
El servicio si dió mucho que desear, al pedir las jarras de sangría se demoraron 10 o 15 minutos y para traer los platos fueron otros 20 minutos. Y cada vez que llamamos a alguna mesera era un trámite. Puede ser que por épocas festivas se llenen y es entendible pero a la hora que fuimos no había mucha gente. Había aún mesas sin ocupar.
Sobre lo anterior expuesto esque tuvimos mi termino de  carne 3/4 lo trajeron en termino medio, las papas chauchas de un plato lo pusieron en otro. Aunque si resolvieron el problema es un poco molestoso que llegue tarde la comida y que la traigan mal.
El establecimiento estaba simpático más sin embargo al ir al baño los papeles estaban tirados y el piso mojado.
Puede que sea por temporada si pienso regresar para darle una nueva oportunidad.",Casa Res | Steak House (Mall del Sol),True
2025-02-08 15:04:03.778000+00:00,,5.0,5.0,4.0,4,"Ordené picaña y una copa de vino de verano, recomendación de la señorita que atendió. Muy buena la recomendación.

Termino de carne perfecta, el vino excelente para refrescar.

Lo unico que no me agradó fue la demora en pasarme la cuenta, por el resto todo bien.",Casa Res | Steak House (Mall del Sol),True
2024-02-11 01:20:58.663000+00:00,,5.0,5.0,5.0,5,"Excelente atención y ambiente de este local ubicado en Mall del Sol. Siguiendo con los prótocolos de bioseguridad, las salsas, ensaladas se las ofrecen en bandejas de aluminio selladas, añoro volver al selfservice.  La carta bien ilustrada, también lo encuentras escaneando código QR.  Los precios son razonables y se disfruta la calidad en sus platos.  Lo recomiendo.  Mi favorito es el lomo casa res, corte suave de carne en termino 3/4 el intenso sabor del orégano marinado en vinagreta, papas fritas ( hay otras sugerencias del mesero) y huevos fritos aunque no considero que deben acompañar este plato; todo llevan ensalada (lechuga, fréjol tierno, tómate, maíz dulce y brócoli)  En cuanto a vinos, no soy un experto catando, disfruto mucho tanto en sangría o vino.",Casa Res | Steak House (Mall del Sol),True
2021-06-07 22:34:06.647000+00:00,,,,,3,No me agrado para nada pague por un plato más de 7 dólares que fue el POLLO PARRILLERO  y la verdad no amerita para nada solo fue espaldilla hueso y casi nada de carne. Por los sanduches estuvo bien pero jamás volveré a pedir ese plato no amerita para nada su costo,Casa Res | Steak House (Mall del Sol),True
2022-10-25 02:24:03.521000+00:00,,4.0,2.0,5.0,2,"Pedí bife medio, el primero me lo trajeron muy pasado. La camarera, muy amable se ofreció a cambiarlo. Lo malo es que lo me trajeron era aún peor. Estaba cocido y con un color muy raro (en el corte se puede ver que hay una marte rosa, como debería,y la de al lado está marrón). Por no desperdiciar más comida, me lo he comido. Espero no enfermarme",Casa Res | Steak House (Mall del Sol),True
2025-01-06 00:26:19.127000+00:00,,5.0,4.0,5.0,5,"En esta oportunidad visité Casa Res - Mall del Sol, ya he ido en varias ocasiones, pero no había dado mi review acerca del lugar. Me pedí una bondiola de cerdo acompañado de papas fritas y estuvo delicioso, pedí también un moro (el moro no me agradó mucho) y una chistorra. Como dato adicional el restaurante cuenta una estación donde hay una gran variedad de ensaladas y aderezos de los que no incluyen en el menú, pero te puedes servir gratis para acompañar tu comida. El ambiente es relajado y la atención es rápida.",Casa Res | Steak House (Mall del Sol),True
2020-02-29 19:27:59.805000+00:00,,,,,2,"El sitio está muy bien.. amplio y acogedor.. La comida tenía buena pinta pero no estuvo buena, quiero decir mi pareja y yo pedimos Costilla de cerdo que resultó un poco sosa y seca y lomo de res que más que a la parrila parecía hervido. La provoleta no era tal. Lo mejor la estación de ensaladas.  La atención estuvo bien, el chico que nos atendió muy agradable pero tuvimos que esperar mucho x la bebida que normalmente es lo primero que te deben servir.  En fin, espero que mejoren porque el sitio tiene potencial.",Casa Res | Steak House (Mall del Sol),True
2024-09-06 17:11:15.647000+00:00,,5.0,5.0,4.0,4,"Los platos tienen buena presentación y hay un barra libre de ensaladas con buenas vinagretas y salsas, muy rica la comida; la atención buena, pero estuve esperando un tiempo considerable a que me trajeran la cuenta.",Casa Res | Steak House (Mall del Sol),True
2025-05-08 15:31:00.171000+00:00,,3.0,4.0,4.0,4,"Actualizando a fines/04/2025: Corte importado, Picanha, muy buena, en el punto solicitado, atencion todo bien, bebidas sin alcohol deliciosa. La barra de ensaladas sigue desmejorando.

la impresión que han bajado sus estándares, el lomo q pedí estaba corriente, la barra de ensaladas limitada, la bebida sin alcohol estuvo buena, la la atención muy buena.
Actualización 28/03/24, volví a los tiempos,  da gusto que regresaron a sus buenos tiempos, todos los cortes en su punto y muy bien logrados, los cócteles excelentes medida de licor muy buena, aunq la barra de ensaladas sigue algo limitada.
Atención impecable, precios razonables.
Recomendado nuevamente",Casa Res | Steak House (Mall del Sol),True
2023-06-24 01:43:07.196000+00:00,,3.0,2.0,1.0,2,"La comida ha cambiado antes era mejor, el servicio se les olvidan de las cosas, pedí unas picadas con vegetales salteados los cuales los vegetales crudos, la chistorra y chinchulines es ahora más pequeña, ni sé siga de los cócteles",Casa Res | Steak House (Mall del Sol),True
2020-07-25 20:13:55.681000+00:00,,,,,3,"La carne es muy rica, a mi gusto personal es mejor que la tablita. Pero ahora con el tema de las medidas preventivas te sirven una ensalada fría que parace guardada de 3 días antes y eso me decepcionó por que antes se podía escoger, se que por las medidas de higiene no lo hacen pero debería preguntar que se desea servir de las opciones que tenían antes y no dar esa ensalada que muchas personas ni siquiera la tocan.",Casa Res | Steak House (Mall del Sol),True
2024-03-19 13:51:26.882000+00:00,,5.0,5.0,5.0,5,"Casa Res es mi lugar favorito para volver una y otra vez, ya que lo tiene todo: un ambiente encantador, un servicio excepcional y, sobre todo, una comida espectacular. Además, ¡tienen una barra libre de ensaladas completamente gratis para que disfrutes! Puedes comer todas las ensaladas que desees. La carne se prepara exactamente como la pidas y los postres son simplemente deliciosos. ¡Una experiencia culinaria que nunca decepciona!",Casa Res | Steak House (Mall del Sol),True
2022-03-30 02:13:28.989000+00:00,,,,,5,"Es verdaderamente impresionante porque disfrutas de una buen corte de carne, en un buen ambiente y lo puedes acompañar con ensaladas a tu elección gratisssss, las ensaladas no pagas!!! Solo pagas por el corte de carne, bien preparada y a buen precio, no dudes no un segundo en visitarlos porque sales satisfecho en todos los sentidos, en otras palabras.....no te arrepentirás 🤗",Casa Res | Steak House (Mall del Sol),True
2024-11-04 19:49:45.888000+00:00,,4.0,5.0,5.0,5,"Hace mucho tiempo que no decía Woow a un sabor.
Todo excelente fui en hora pico y me sirvieron en 20 minutos.
El ambiente podría mejorar poniendo música de fondo pero de ahí todo excelente. Felicidades un sabor y servicio de primer mundo.",Casa Res | Steak House (Mall del Sol),True
2022-11-09 01:49:45.257000+00:00,,,,,5,Lindo lugar para compartir si eres Colombiano acá encuentras un caldo de costilla muy bueno y obviamente todos sus cortes,Casa Res | Steak House (Mall del Sol),True
2022-07-20 15:37:28.259000+00:00,,,,,5,"Celebramos el cumpleaños de mi hija Iris y la atención excelente. Se hizo un convenio de evento y no hay queja, totalmente recomendado para pequeños eventos y cena familiar",Casa Res | Steak House (Mall del Sol),True
2021-05-18 21:10:43.919000+00:00,,,,,5,"Excelente atención nada más llegar, buen ambiente en serio. Y su comida deliciosa, te lleva a otro mundo. 10/10 recomiendo que vayan porque la experiencia nunca la vas a olvidar. 😎🙂",Casa Res | Steak House (Mall del Sol),True
2026-06-28 01:33:23.982000+00:00,Hasta 10 min,3.0,4.0,3.0,3,"Salad Bar deficiente (antes había de todo, ahora ni yuquitas ni brócolis ni tomate!). Pisos sucios. Muebles rotos. Deben renovar y no dejar caer la franquicia.",Casa Res | Steak House (Mall del Sol),True
2024-12-09 15:41:18.856000+00:00,,2.0,3.0,2.0,3,"Casa res es un lugar
Bittter and sweet para mi. La
Comida y la atención es buena pero siempre y cuando no haya mucha gente, es decir antes de la 1 pm. Yo recomiendo visitar este restaurante tipo 11:30 / 12.

En hora de almuerzo tipo 2 pm , se demoran en preparar la comida. Se nos demoraron 1 hora en darnos los platos y luego de 30 min que habíamos acabado de comer, nos retiraban los platos por que 1) no tenía más platos, los necesitaban para los otros clientes 🤯 y 2) se sentía que nos estaban botando ☹️ fue una experiencia bastante decepcionante 😡🥺 y lo peor es que no es la primera vez que nos pasa.

ASÍ QUE RECOMIENDO QUE VISITEN EL LUGAR ANTES DE QUE LLEGUE TODO MUNDO.

Y al staff: DEBEN ENCONTRAR MEJORES FORMAS DE AFRONTAR LOS MOMENTOS ESTRESANTES QUE ES CUANDO SE LLENA EL RESTAURANTE.",Casa Res | Steak House (Mall del Sol),True
2025-03-23 22:39:54.685000+00:00,,5.0,5.0,5.0,5,"Me encantó la comida
Y la atención excelente",Casa Res | Steak House (Mall del Sol),True
2020-12-21 04:32:07.463000+00:00,,,,,5,"Me encantó desde la atención , la comida y me gustó que celebraron conmigo mi Cumpleaños.
Realmente recomendado",Casa Res | Steak House (Mall del Sol),True
2026-05-25 20:58:45.590000+00:00,,,,,1,"Ninguno usa guantes para manipular los alimentos, ese lugar para coger las ensaladas todo sucio",Casa Res | Steak House (Mall del Sol),True
2026-05-26 01:15:05.042000+00:00,Sin espera,4.0,5.0,1.0,3,"El personal no está pendiente de los clientes, es lento y hay que repetirle varias veces lo que necesitamos…",Casa Res | Steak House (Mall del Sol),True
2025-05-18 01:27:04.174000+00:00,Sin espera,3.0,3.0,2.0,3,"Se demoran demasiado para tomar el pedido y para dar la cuenta.

El pollo malísimo, sin sabor. Supuestamente no había sangría, pero ví como servían jarras de sangría a otras mesas...
Y demasiada bulla.",Casa Res | Steak House (Mall del Sol),True
2025-03-23 15:23:26.841000+00:00,,3.0,1.0,1.0,1,"Pésima atención en mall del sol , nos dieron la carne quemada, seca , tuvimos que esperar más de 40 minutos para que nos sirvieran la comida ... Pedimos una entrada que nos trajeron luego de habernos traído los palitos fuerte 🤦🤦!!! La supervisora se acercó , se disculpo por lo sucedido , y nos ofreció un postre de cortesía que a la final nos cobraron y nunca nos trajeron !!!!! Me sorprende que en mall del sol haya cambiado tanto la atención....era de nuestros lugares favoritos 😑😔",Casa Res | Steak House (Mall del Sol),True
2021-01-08 15:42:25.281000+00:00,,,,,4,Siempre visitó casa Res. Me encanta pero esta vez se demoraron mucho con nuestro pedido. Lo bueno es que nos dieron un postre de cortesía,Casa Res | Steak House (Mall del Sol),True
2022-01-26 18:03:19.831000+00:00,,,,,5,Excelente lugar casa res!!! Genial la atención,Casa Res | Steak House (Mall del Sol),True
2021-12-16 02:04:33.975000+00:00,,,,,5,"Deliciosa comida. Precios accesibles $-$$
Lugar amplio y cómodo. Buen ambiente para disfrutar con amigos o familia.",Casa Res | Steak House (Mall del Sol),True
2025-03-07 05:39:38.667000+00:00,,,,,1,"Pésima experiencia. Pedí un bife de chorizo junto con las ensaladas self-service, fueron una mala idea. Parece que detuvieron pasadas, estuve en el hospital por una infección intestinal. Jamás volveré a comer ahí, casi no la cuento.",Casa Res | Steak House (Mall del Sol),True
2024-06-18 21:19:13.894000+00:00,,4.0,2.0,1.0,1,La verdad fui al aniversario de boda con mi esposa y mi hija. El servicio es muy malo solo vi al mesero para pedir mi comida y tuve que pararme varias veces a qué me trajeran la bebida ya que el mesero no me lo traía. Me trajeron la entrada y me pare nuevamente por la bebida. Cuando me traen toda la comida la carne la pedí termino medio y me la trajeron casi que bien cocida. Quería pedir más bebida Pero el mesero no se acercó más así que me pare para buscarlo y me trajera otro jugo. De verdad muy mala experiencia con respecto al servicio y el restaurante no estaba lleno aclaro eso.,Casa Res | Steak House (Mall del Sol),True
2023-08-01 05:13:14.319000+00:00,,4.0,4.0,4.0,4,"Las carnes estaban muy ricas, la pedí bien cocida pero llegó 3/4. La papa al horno no llegó caliente. Pedimos pan de ajo ya que no dan cortesía. Las ensaladas muy buenas y uno mismo va y se sirve. Solo tienen menestra de lenteja, no hay menestras de fréjol. Por cada plato tienes acceso a ensalada y 1 guarnición. También pedimos un meloso, estaba regular. La limonada con coco es deliciosa.",Casa Res | Steak House (Mall del Sol),True
2022-04-13 15:40:20.322000+00:00,,,,,5,La comida es rica y el lugar está acogedor con excelente atención al cliente,Casa Res | Steak House (Mall del Sol),True
2022-04-11 02:13:13.655000+00:00,,,,,2,"La cadena por lo general es buena pero hoy dejó mucho que desear. El servicio a la mesa malo, poco atento y miseria de una sola salsa para dos platos fuertes. La barra de ensaladas estuvo pobre, tanto así que los clientes no se sirvieron hasta que la volvieron a surtir (de malas ganas). Limonada con hierba buena que no tenía casi sabor. Los platos fuertes muy buenos y en su punto. No vale la pena regresar a ese restaurante especialmente.",Casa Res | Steak House (Mall del Sol),True
2024-04-11 14:14:50.085000+00:00,,,,,5,"Las carnes y la comida es excelente y unos cócteles de madres, lindo para ir en familia o con amigos...",Casa Res | Steak House (Mall del Sol),True
2024-05-24 18:07:45.155000+00:00,,5.0,5.0,4.0,5,"Espectacular el pollo portobello... llego calientito... fresco, riquísimo.",Casa Res | Steak House (Mall del Sol),True
2025-07-13 23:21:39.680000+00:00,,4.0,1.0,3.0,2,"Pedí un caldo de costilla de entrada que la verdad sabía a agua, papa dura, costilla con sabor a viejo, la picahña en realidad no es el corte sabroso, duro viejo y feo, la papa al horno dura, muy mala experiencia, se lo comenté a la mesera y no le importó, un cliente internacional perdido no lo recomiendo para nada",Casa Res | Steak House (Mall del Sol),True
2022-04-07 05:11:30.390000+00:00,,,,,5,MUY BUENO. SE DEMORARON ALGO DE TIEMPO CON NUESTRO PEDIDO Y NOS REGALARON SANGRIA.,Casa Res | Steak House (Mall del Sol),True
2025-02-27 14:48:48.155000+00:00,,5.0,5.0,5.0,5,"Un lugar muy atractivo la vista increíble , la atención son muy amables y atentos, y la comida estaba súper buena en el término correcto la carne, recomendado para comer un buen lomo fino",Casa Res | Steak House (Mall del Sol),True
2024-02-22 04:27:48.773000+00:00,,1.0,1.0,1.0,1,"Decepcionante, acudí con mi familia y con la de mi hermano ; sirvieron en 1 hora 20 minutos, comida fría, mesa mal ubicada poniéndola en lugar muy estrecho que tenían que pararse unos para que salgan otros, preguntábamos a mesera asignada solo decía esta en proceso el pedido y nada más.
Atención que me tocó pésima, mala actitud, poca cordialidad. Etc.
Es inentendible la demora y sirven fría la comida.
Y por último no habían todos los platos de la carta, pedías y decía no eso no tengo no eso no tengo.😡
Decepcionante, para cenas especiales  no recomiendo.
Espero mejoren pronto.",Casa Res | Steak House (Mall del Sol),True
2025-02-07 00:42:11.672000+00:00,,5.0,1.0,3.0,1,"Llamado de atención:
Ocasiones anteriores he acudido a comer en este restaurante y no he tenido queja alguna pero al volver luego de un tiempo me encontré con la novedad que las porciones de carnes fueron más pequeñas que lo habitual y la calidad de las papas fritas terrible desbridad, poca porción en otras palabras son las que se venden ya solo para freír recomiendo mejoren este servicio.",Casa Res | Steak House (Mall del Sol),True
2020-10-05 23:24:00.510000+00:00,,,,,4,"Buen ambiente, buena comida. Recomendado, las promociones del día son buenas.",Casa Res | Steak House (Mall del Sol),True
2025-01-25 23:40:40.010000+00:00,,5.0,5.0,4.0,5,"Muy ricooo, primera vez que comía aquí 🤭✨️",Casa Res | Steak House (Mall del Sol),True
2024-11-24 23:34:59.352000+00:00,,5.0,5.0,5.0,5,"El lugar es muy amplio, agradable y acogedor. Te ofrecen ensalda libre para elegir y que uno mismo la pueda armar.  La comida es muy buena y buena relación calidad - precio",Casa Res | Steak House (Mall del Sol),True
2023-06-29 16:29:08.189000+00:00,,4.0,4.0,4.0,4,"Buena atención,y sus parrillas buenas ,lo que mejoraría que haya más variedad de platos.",Casa Res | Steak House (Mall del Sol),True
2020-09-04 21:50:02.711000+00:00,,,,,4,"Buen sabor de los cortes pero muy pequeños.
Buena atención.",Casa Res | Steak House (Mall del Sol),True
2025-11-16 01:30:48.431000+00:00,Sin espera,5.0,4.0,5.0,5,Simplemente rico. Buen lugar para calidad precio.,Casa Res | Steak House (Mall del Sol),True
2025-05-24 06:07:51.711000+00:00,,2.0,1.0,3.0,1,"Comida fría, sin sabor, fui con mi familia y estuvo simple, ni un platillo estuvo a la altura de lo que cobran.",Casa Res | Steak House (Mall del Sol),True
2022-04-06 01:51:20.947000+00:00,,,,,4,"Dos veces que estado con mi familia cuando se llena los meseros no están atentos, en la ensalada las bandejas siempre están faltas hay que mejorar ese aspecto pagando la cuenta me tuve que ir a caja los meseros estában ocupados en nuevas mesas. Pero presto a colaborar al cliente pero demora. En el servicio. De hay excelente ambiente y comida.",Casa Res | Steak House (Mall del Sol),True
2024-12-26 01:46:58.066000+00:00,,3.0,2.0,1.0,1,"Pésima atención , desde que llegas te dicen “mesa para 2 es por allá “ la comida demoró en llegar , y cuando estábamos por terminar de comer pedidos una bebida que nunca llego , al momento de pagar en efectivo , ya habían pasado 15 min y no traían el cambio . Pésimo pesimooo",Casa Res | Steak House (Mall del Sol),True
2023-06-25 21:28:29.472000+00:00,,5.0,5.0,5.0,5,"Esta espacio es agradable, tiene música suave y una gran variedad de opciones y cortes. Si servicio es rápido y la comida tienen un excelente sabor. Tienen barra de ensaladas y te ofrecen postres muy ricos. Si les gusta la carne, este es el lugar",Casa Res | Steak House (Mall del Sol),True
2021-10-06 00:00:08.644000+00:00,,,,,5,"Excelente atención ; la carne en el punto que la pedí.
La barra de ensaladas con buena variedad y buena salsa (hay varias clases de salsa)
Pedi la agria y me fue también muy bien .
Es servicio rápido y ordenado.
La persona que me atendió me dió información .
Las medidas de bioseguridad bien
El sabor y calidad de la carne excelente",Casa Res | Steak House (Mall del Sol),True
2024-03-16 03:17:55.780000+00:00,,1.0,1.0,1.0,1,"Las fotos del menú son muy diferentes al plato real.
Se tardaron demasiado en servir y eso que el grupo llegó antes de hora pico.
Pedí platos para ensalada y me ladraron que ya los subían.
Higiene del local similar a la de un almorzadero del centro",Casa Res | Steak House (Mall del Sol),True
2020-01-12 02:03:19.641000+00:00,,,,,5,Muy rico todo. Excelente servicio.,Casa Res | Steak House (Mall del Sol),True
2023-07-29 01:03:00.927000+00:00,,5.0,2.0,3.0,5,"Lamentablemente es la tercera ves que vengo y salgo defraudado, el costo muy elevado para lo que sirven. La entrada de matambre un fraude, la entrada con Proboleta mucho aceite y grasoso. El pollo Portobello no tiene ni 200 gramos de proteína, creo que fue mi última experiencia, no los vuelvo a visitar más.",Casa Res | Steak House (Mall del Sol),True
2023-09-19 22:51:21.804000+00:00,,3.0,4.0,3.0,3,"He comido en esta franquicia en la ciudad de Quito y la atención y el sabor de la comida fue excelente, sin embargo en Guayaquil, en su local de Mall del Sol, fue todo lo contrario. Se demoraron en atendernos, y pedí un plato que. Inca fue servido pero sin embargo, si estuvo en la factura. Luego corrigieron eso, pero son cosas que desaniman al pensar de nuevo en ir .",Casa Res | Steak House (Mall del Sol),True
2026-01-26 02:13:29.592000+00:00,De 10 a 30 min,5.0,5.0,5.0,5,Me gusta la comida la atención y el lugar,Casa Res | Steak House (Mall del Sol),True
2021-08-28 01:11:27.253000+00:00,,,,,5,"Degustar variedad de carnes a la parrilla..acompañadas de guarniciones a tu eleccion....piqueos...cocteles...y mas...
La Sangria....un deleite...",Casa Res | Steak House (Mall del Sol),True
2021-11-23 02:43:27.641000+00:00,,,,,5,Delicioso!!! La mejor carne que he probado en mi vida.,Casa Res | Steak House (Mall del Sol),True
2021-01-23 02:15:29.245000+00:00,,,,,5,Exelente muy rico,Casa Res | Steak House (Mall del Sol),True
2022-12-21 02:47:57.491000+00:00,,5.0,2.0,1.0,1,"Pésimo servicio, segunda vez que voy, porque decidí darle otra oportunidad antes de calificar pero tristemente las 2 veces que fui, las 2 veces me decepcionó, se demoran una eternidad en servirte tu comida, la mesera se demoro 1 hora por reloj en llevar mi bebida a la mesa, cuando me sirvieron la comida estaba fría así que pedí que me la calentaran, en total me demore en el local como 3 horas. La verdad es que es de las peores experiencias que ge puedes llevar, no lo recomendaría hay mejores propuestas, con mejores precios. Porque si, aparte de la porquería de servicio que ofrecen sus precios están muy desubicados para lo que ofrece",Casa Res | Steak House (Mall del Sol),True
2021-04-10 21:21:24.842000+00:00,,,,,5,"Aunque me tocó esperar una mesa para 3 un tiempo más o menos considerable... Valió la pena.

La verdad esque el servicio de todos fue muy bueno... Las medidas de seguridad y la limpieza en los baños estuvo en orden.

La Comida igual espectacular... Tuvieron una buena presentación y estuvieron muy a gusto de ayudarnos.

Simplemente encantada.",Casa Res | Steak House (Mall del Sol),True
2020-08-05 21:39:56.392000+00:00,,,,,3,"Muy buen lugar, buen ambiente. La comida solo es buena, no sobresale en nada, la carne muy cocida y yo la había pedido 3/4, las porciones muy pequeñas, algunas salsas con excedente de sal, el arroz seco. Los camarones excelente sabor pero la porción muy pequeña.",Casa Res | Steak House (Mall del Sol),True
2021-06-28 23:45:06.966000+00:00,,,,,4,"Muy rico todo, me gustó el detalle de la funda para la mascarilla. La carne jugosa y en su punto. Cómo aspecto de mejorar al personal tuve que llamarlo dos veces uno para pedir y otro lo por los cubiertos.",Casa Res | Steak House (Mall del Sol),True
2021-12-24 17:56:11.726000+00:00,,,,,4,"Muy buen ambiente y buenas medidas de seguridad, sin embargo siempre que he estado ahí hay mucho ruido, tanto de las otras mesas y la música no ayuda, además de que las carnes suelen venir algo secas, pero las ensaladas son deliciosas. Las bebidas tienen un precio algo elevado y el personal siempre está ocupado pero son muy amables.",Casa Res | Steak House (Mall del Sol),True
2024-10-21 01:44:43.948000+00:00,,5.0,5.0,4.0,4,"Me gustó el lugar, buena comida y ambiente, le faltó un poco la rapidez en el despacho de comida y en la facturación pero por lo demás fue aceptable",Casa Res | Steak House (Mall del Sol),True
2021-04-09 22:14:37.483000+00:00,,,,,5,"Muy buenas carnes, las porciones son adecuadas, la preparación y rapidez en el servicio hacen absolutamente recomendable el lugar.
Para finalizar sus precios no son relativamente económicos.
Lo único a mejorar es que permitan agregar la propina con cargo a la Tarjeta de Crédito. Es un poco arcaico tener que dejar efectivo (además de antihigenico)",Casa Res | Steak House (Mall del Sol),True
2025-03-23 21:48:29.302000+00:00,,5.0,5.0,3.0,4,"La comida es buena y los meseros son amables, pero se demoran mucho en servir la comida. Hoy esperé 45 minutos, me parece demasiado para un sitio de parrilladas.",Casa Res | Steak House (Mall del Sol),True
2020-09-07 20:03:24.191000+00:00,,,,,4,"Amigos,  a la sangria se le notaba la bebida,  debió tener jugo o más vino. La carne estaba muy fina y pedimos término medio, llegó tres cuartos a bien cocinada.Sin duda es un buen lugar  perfecto el detalle de las ensaladas frias , más ojo a la sangría que se vende bastante y a los cortes de carne Premium,  el precio vale para que pongan más atención a los términos.",Casa Res | Steak House (Mall del Sol),True
2022-12-13 03:30:53.091000+00:00,,4.0,4.0,4.0,4,"Excelente sazón, los mejores cortes, los suculentos pinchos y brochetas  con excelentes guarniciones, con porciones de arroz árabe, la picaña bien sabrosa, lomo  asado de res, más las costillas BBQ  acompañado de un buen vino y ambiente agradable para degustar un buen momento muy ameno. Además con un fondo musical relajante muy puntuado para tipo de reuniones. Además cuenta con comidas rápidas cómo hamburguesas, papas fritas,  sandwiches de lomo y pollo, o mixto.",Casa Res | Steak House (Mall del Sol),True
2023-09-15 16:29:54.050000+00:00,,3.0,3.0,3.0,3,"Ya no hay las ensaladas que habían antes era fideos, la de papas con salsa ahora ponen la verduras de manera independiente así vayas en la tarde o en la noche al que está en el Mall n siempre hay lo de la carta, la semana pasada pedí cuatro veces q me dieran hielo a diferentes personas no sé si no tenian pero en la 5ta me dieron. Son cosas que deben mejorar en el baño una tapa estaba salida el tacho rebosado. La carne aceptable el moro riquísimo.",Casa Res | Steak House (Mall del Sol),True
2020-09-27 22:21:21.584000+00:00,,,,,1,"Si pudiera le quito estrellas. Alguna vez fue bueno.  Pedí limonada recibí LICUADO DE CÁSCARA DE LIMÓN. Pedí chimchurri y NUNCA LLEGÓ. Nos clararon una ensalada que no pedimos. Pedí una copa de vino me dieron MEDIA COPA aún cuando la publicidad la nuestra llena.....  que pena, en lugar de mejorar van palo abajo",Casa Res | Steak House (Mall del Sol),True
2023-07-04 14:00:38.234000+00:00,,5.0,5.0,5.0,5,"Comida deliciosa, ensaladas con libre acceso, ambiente agradable, la atención es buena",Casa Res | Steak House (Mall del Sol),True
2022-04-24 22:08:27.229000+00:00,,,,,5,"Muy buena atención, tuvimos que esperar un poco afuera porque el lugar estaba lleno pero fueron pocos minutos, uno tiene la posibilidad de degustar un pocillo con ensalada y vinagre, veterana en ensalada, la comida muy buena y el precio acorde al lugar, buena elección",Casa Res | Steak House (Mall del Sol),True
2020-01-31 19:06:47.111000+00:00,,,,,5,"El restaurante ha mejorado su servicio y calidad en comidas. Dan buenos platos por le valor pagado. Tienen barra de ensalada con gaseosa en la mayoria de sus platos. Yo siempre recomendare la Hamburguesa simple o doble, pues tiene un buen precio para lo servido. SIempre recomendare el cheesecake de mora y chocolate es uno de mis favoritos.Casi siempre eligo este restaurante para almorzar en mi cumpleaños por que te hacen sentir bien durante tu agasajo. Lo recomiendo millon.",Casa Res | Steak House (Mall del Sol),True
2022-01-15 20:40:02.401000+00:00,,,,,5,"La comida es deliciosa los precios son aceptables, y lo más importante y saludable es que con cada comida que pides puedes servirte una pequeña bandeja de ensalada con ingredientes y salsas que pides a tu gusto, si compras el combo de almuerzo te dan un mini vaso con té de jengibre que caerá súper bien después de la comida 🥘 me encanta este lugar 🎉🎉🎉",Casa Res | Steak House (Mall del Sol),True
2021-01-26 04:16:46.406000+00:00,,,,,4,Es un excelente lugar acogedor para disfrutar en familia... Lo Recomiendo,Casa Res | Steak House (Mall del Sol),True
2022-01-16 04:19:53.002000+00:00,,,,,5,Espacioso y agradable lugar para disfrutar de comer un delicioso corte de carne con ricas ensaladas y diferentes guarniciones! Variedad para elegir qué servirse! Atención inmediata!  Me gustó.  Lo recomiendo!,Casa Res | Steak House (Mall del Sol),True
2022-02-01 05:43:00.694000+00:00,,,,,5,"Buen ambiente, buena comida, precio justo",Casa Res | Steak House (Mall del Sol),True
2024-11-03 03:52:43.666000+00:00,,5.0,5.0,5.0,5,La experiencia en este lugar. Siempre es agradable. La atención la comida 🍱 y bebidas 🍷 muy buenas,Casa Res | Steak House (Mall del Sol),True
2022-04-01 19:25:40.245000+00:00,,,,,1,"Mala experiencia desde el ingreso hoy viernes 01 de abril del 2022, para poder ingresar al local a las 14h18 tienes que estar a un costado de la puerta de ingreso, dependiendo quien en ese momento atienda, muy diferente cuando era época de pandemia y sólo podían ingresar unos cuantos comensales, ahí si el personal era más atento y cordial. No regresó jamás.",Casa Res | Steak House (Mall del Sol),True
2022-11-23 20:30:24.013000+00:00,,,,,1,Mi papa pidió un vaso con agua y pedaso de limo después de habernos tomado cockteles y pedido más. Nos dijieron que la Manager Alicia cobraba por la tapita de limón. Nos fuimos por eso alado a NOE a seguir tomando.,Casa Res | Steak House (Mall del Sol),True
2026-04-09 19:26:29.779000+00:00,,1.0,2.0,1.0,1,Demasiadoooo tiempo de espera para la cuenta y el pago,Casa Res | Steak House (Mall del Sol),True
2020-08-02 21:44:25.176000+00:00,,,,,5,"Muy rico y muy buen servicio, buena atencion buena imagen",Casa Res | Steak House (Mall del Sol),True
2020-03-05 03:32:02.233000+00:00,,,,,5,"La comida es deliciosa, pero se debe tomar en cuenta que en ciertas ocasiones se debe esperar mesa. En relación a la comida, el saber es delicioso y los precios son accequibles. La atención es de primera y el ambiente es ideal para reunirse con la familia y amigos.",Casa Res | Steak House (Mall del Sol),True
2020-10-13 03:09:04.205000+00:00,,,,,2,"Atención no muy buena, calidad de la carne pésima, los cortes horrendos. La ensalada la envasan según gusto de ellos, más no piensan en alguna alergia a sus consumidores.. Han bajado totalmente la calidad de sus productos.",Casa Res | Steak House (Mall del Sol),True
2022-03-26 03:22:23.588000+00:00,,,,,5,"Me gustó mucho la atención, la comida estaba deliciosa, recomiendo mucho la hamburguesa steak aunque me pareció algo pequeña pero estuvo muy rica, si algo deberían mejorar es eso.",Casa Res | Steak House (Mall del Sol),True
2021-11-06 15:51:55.960000+00:00,,,,,5,"Siempre me ha gustado la sazón de ese lugar, la parrillada de vegetales era espectacular lástima que ya no esté en el menú. Recomiendo la picada mixta y la picaña sin muy buenas.",Casa Res | Steak House (Mall del Sol),True
2020-03-03 12:57:00.396000+00:00,,,,,3,"Mr atendieron rapido pero no había ensaladas, olvidaron mandar a hacer mi pedido y la carne no la trajeron en el termino que pedí. Al final me regalaron una copa de vino por loa inconvenientes, eso habla bien de ellos más dada las circunstancias no puedo ponerles más de 3 estrellas.",Casa Res | Steak House (Mall del Sol),True
2021-12-18 04:34:16.026000+00:00,,,,,5,"Excelente restaurante, carnes de primera y buenos vinos",Casa Res | Steak House (Mall del Sol),True
2022-03-12 23:51:21.868000+00:00,,,,,1,"Pesima la atención al cliente, demoraron con la orden. Además la ensalada estaba incompleta. No tenía aderezo.. Mal servicio. Pero la comida si estuvo buena.",Casa Res | Steak House (Mall del Sol),True
2023-10-15 17:24:01.283000+00:00,,4.0,3.0,4.0,4,"Me sorprendió que en la carta bajaran el gramaje a los cortes americanos, con razón los precios me parecían bajos, para las personas que les gusta comer en cantidad no es una buena opción, pero la calidad si es muy buena.",Casa Res | Steak House (Mall del Sol),True
2021-09-09 02:22:40.110000+00:00,,,,,5,"Excelente servicio, gracias por todo la comida muy sabrosa",Casa Res | Steak House (Mall del Sol),True
2024-05-16 18:26:06.639000+00:00,,,,1.0,1,Aquí se marean tomando la orden de un grupo grande y luego te cobran si o si un pedido que nunca hiciste... El manejo del problema y la actitud de quién atiende es pesimo,Casa Res | Steak House (Mall del Sol),True
2022-05-06 15:56:38.313000+00:00,,,,,5,"Excelente servicio, muy rico todo, lo único que me desilusionó, es que fuimos con una cumpleañera, y le dieron una mini copa de helado, para un restaurante de ese nivel, es muy triste esa copa una bola de helado",Casa Res | Steak House (Mall del Sol),True
2021-10-25 18:31:14.297000+00:00,,,,,4,"La comida es buena y el precio acorde al tipo de local. Lo malo es que cuando fui no me recibió nadie, seleccioné la mesa que me gustó y espere a un mesero pero no llegó nadie, tuve que pararme a pedir atención.",Casa Res | Steak House (Mall del Sol),True
2025-03-14 20:18:10.346000+00:00,,,,,1,Pésima atención más de 15 minutos en espera y con aviso al supervisor y nunca me tomaron la orden siquiera,Casa Res | Steak House (Mall del Sol),True
2025-02-06 20:46:29.740000+00:00,,4.0,2.0,3.0,2,Buen ambiente pero la comida llegó fría con mucho tiempo de espera,Casa Res | Steak House (Mall del Sol),True
2020-01-11 02:32:52.049000+00:00,,,,,4,Las veces que hemos ido con la familia nos a gustado. Hemos llevado a varios extranjeros y tambien los han disfrutado. Un poco la música muy alta. Pero de allí tienen un buen servicio.,Casa Res | Steak House (Mall del Sol),True
2022-05-16 20:19:41.906000+00:00,,,,,5,Excelente servicio,Casa Res | Steak House (Mall del Sol),True
2022-04-09 10:55:27.840000+00:00,,,,,3,"La comida deja mucho que desear , no así la atención que fue buena. Pero a la final del día lo que uno busca es un buen lugar para comer. No recomiendo el lugar. Deben mejorar mucho",Casa Res | Steak House (Mall del Sol),True
2022-02-12 16:30:03.929000+00:00,,,,,5,"Buen lugar
para ir por un corte asado, buenas entradas, bebidas variadas
Atención rápida (aun en horas pico), buen ambiente, y al ser dentro de un C.C. brinda esa Seguridad adiciónal y capacidad de parqueo cercano.",Casa Res | Steak House (Mall del Sol),True
2025-03-22 02:12:48.658000+00:00,,3.0,3.0,4.0,3,"Yo no es un lugar recomendado para comer
Ha bajado en todos los sentidos la calidad y la relación precio calidad",Casa Res | Steak House (Mall del Sol),True
2020-01-10 04:00:15.928000+00:00,,,,,4,Hasta ahora la atención del mesero que nos atendió hoy jueves 9 ha sido excelente... lastimosamente el personal que está dentro de la barra y cocina hacen quedar mal a todo el equipo de trabajo.  ¿🤔😕,Casa Res | Steak House (Mall del Sol),True
2024-06-22 18:46:11.976000+00:00,,5.0,4.0,5.0,4,"Variada carta, buenos cortes, cocida en su punto,  tiempo normal de entrega del pedido,  el sitio confortable, buen vino.",Casa Res | Steak House (Mall del Sol),True
2024-10-21 16:28:58.123000+00:00,,5.0,5.0,5.0,5,"Comida deliciosa sangría deliciosa, la atención de primera y aparte de todo esto son petfriendly felicidades 🎊",Casa Res | Steak House (Mall del Sol),True
2024-10-19 18:05:50.537000+00:00,,,,,5,"Hasta esperar tu orden las ensaladas y los camotes vamos snack's son los mejores, solo, acompañado y en familia!! Casa Res ..10!!",Casa Res | Steak House (Mall del Sol),True
2021-10-30 16:21:01.857000+00:00,,,,,3,"Pésimo servicio, a pesar de estar vacíos, no servían cubiertos ni las bebidas, la mesera no diferenció el corte de carne que servía. El sabor de la comida muy buena 👌",Casa Res | Steak House (Mall del Sol),True
2022-03-07 20:51:18.332000+00:00,,,,,5,"Es lugar agradable para compartir en familia, tiene barra libre en ensaladas al compré un plato fuerte y su precios son bastante modicos y tienen un buen servicio",Casa Res | Steak House (Mall del Sol),True
2022-03-17 20:49:41.943000+00:00,,,,,3,"Buena la comida.  Los vinos de Finca Sandoval, a excelente precio, ganan muy poco.  Por fin un restaurante que no te sacan la cabeza con los vinos.",Casa Res | Steak House (Mall del Sol),True
2024-09-19 01:52:54.383000+00:00,,5.0,5.0,5.0,5,"Comida muy buena, las carnes en el punto que se solicite y las ensaladas todas las que deseen",Casa Res | Steak House (Mall del Sol),True
2024-05-18 12:10:57.855000+00:00,,5.0,4.0,4.0,5,"El restaurante es acogedor, la comida esta buena la ensalada es libre para que uno se sirva.",Casa Res | Steak House (Mall del Sol),True
2025-05-04 20:24:40.998000+00:00,De 30 a 60 min,1.0,1.0,1.0,1,La comida la sirven fría. Sabor de los platos insípidos. Muy caro para los que sirven,Casa Res | Steak House (Mall del Sol),True
2022-12-26 21:40:56.812000+00:00,,,,,2,"No se para que preguntan el tipo de cocción, si la carne es del grosor de una hoja de papel. En la parrillada para 2 personas el pollo crudo y la carne y chuletas secas.  Mucho dinero para la calidad que se recibió",Casa Res | Steak House (Mall del Sol),True
2020-08-22 20:07:52.890000+00:00,,,,,4,"Muy buenos cortes, local muy agradable, buen aseo, bien climatizado atención bueno, precios algo caros podrían estar mejor en un 15% a 20% menos. La sangría puede mejorar",Casa Res | Steak House (Mall del Sol),True
2022-12-16 13:06:34.781000+00:00,,,,,2,"Visite el restaurante con un grupo de amigos , cada uno pidió un plato diferente, se indicó que terminó queríamos la carne; pero no llegaron como lo
Solicitamos las guarniciones de cada plato no fueron las correctas.",Casa Res | Steak House (Mall del Sol),True
2020-06-30 01:12:25.999000+00:00,,,,,5,La picaña de cerdo muy buena,Casa Res | Steak House (Mall del Sol),True
2022-02-02 23:24:32.721000+00:00,,,,,5,"Buen lugar, la carne es excepcional , he comido sus platos muchas veces y siempre son exquisitos, guardan la calidad.",Casa Res | Steak House (Mall del Sol),True
2020-09-09 22:54:19.371000+00:00,,,,,4,"Muy bien la carne. La ensalada que sirven al principio no es opcional, es decir, la ponen como entrada en la mesa, pero preferiría que me preguntaran si la deseo y añado que  no me pareció muy fresca.",Casa Res | Steak House (Mall del Sol),True
2023-05-14 02:26:05.773000+00:00,,,,,1,"Pésima la atención y el servicio.
Comida fría y encima que les pides que te lo calienten… se demoran y llega nuevamente frió.",Casa Res | Steak House (Mall del Sol),True
2023-12-25 22:02:06.604000+00:00,,1.0,1.0,1.0,1,El peor sitio la comida no llego nunc pasamos mas de una hora y no llego nuestros platos pesima atencion,Casa Res | Steak House (Mall del Sol),True
2021-08-23 22:41:07.336000+00:00,,,,,2,"He ido a otras localidades y el servicio ha Sido muy diferente.
Aquí me tocó esperar más de 45min para qué me sirvan, y el sabor de la comida no fue el mismo al que estoy habituado en las otras localidades.",Casa Res | Steak House (Mall del Sol),True
2022-05-09 23:09:06.858000+00:00,,,,,4,Muy buena atención. Buena la comida. Se puede comer y repetir cuanta ensalada se quiera.,Casa Res | Steak House (Mall del Sol),True
2020-02-21 23:11:20.050000+00:00,,,,,5,"Excelente, muy buena atención y la comida es muy sabrosa",Casa Res | Steak House (Mall del Sol),True
2022-09-04 01:21:18.164000+00:00,,,,,5,Excelente servicio...agradable lugar,Casa Res | Steak House (Mall del Sol),True
2020-07-19 00:08:51.730000+00:00,,,,,5,"Un excelente lugar para disfrutar una rica comida, seguro con variedad de platos y lo mejor es la sangría 👌🏻👌🏻

Muy recomendado",Casa Res | Steak House (Mall del Sol),True
2024-08-20 01:03:49.828000+00:00,,4.0,1.0,1.0,1,"La encargada te atiende con asco, la comida tarda a lo bruto y aparte llega cambiada la orden.",Casa Res | Steak House (Mall del Sol),True
2022-02-25 22:15:17.901000+00:00,,,,,5,"Si les encantan los asados, este es el sitio perfecto, si piden brownies de postre, les recomiendo una guitic, o pidan más moras 🤘",Casa Res | Steak House (Mall del Sol),True
2020-02-08 22:39:13.337000+00:00,,,,,5,Excelente lugar para probar carnes. Buenos cortes y sabor. Ahora incluyen guarniciones,Casa Res | Steak House (Mall del Sol),True
2021-04-11 23:42:00.960000+00:00,,,,,5,"Buena carta con variados platos, cortes y guarniciones con excelente relación calidad/precio, vinos a la carta y ambiente agradable",Casa Res | Steak House (Mall del Sol),True
2020-02-05 20:36:59.986000+00:00,,,,,5,"Buen ambiente, variedad de platos al carbón y excelente calidad acompañado de buenos precios. Lugar para recomendar ¡",Casa Res | Steak House (Mall del Sol),True
2020-08-03 19:27:27.169000+00:00,,,,,5,"Espectacular sitio, muy bien atendido, la carne soberbia, me pedí una picanha de cerdo y estuvo espectacular.",Casa Res | Steak House (Mall del Sol),True
2020-07-31 21:21:54.653000+00:00,,,,,5,"Muy buena comida y hermoso lugar, sus trabajadores muy amables y con todas las medidas de seguridad",Casa Res | Steak House (Mall del Sol),True
2020-02-07 12:58:02.974000+00:00,,,,,5,"Super rica la comida , buena atención y lo mejor de todo puedes consumir  ensalada toda la que quieras",Casa Res | Steak House (Mall del Sol),True
2021-01-01 02:01:38.680000+00:00,,,,,4,"Hermoso lugar, buen control de Aforo de Clientes, precios cómodos, buena atención y sobre todo buen Sabor de las Carnes",Casa Res | Steak House (Mall del Sol),True
2020-08-30 00:06:45.913000+00:00,,,,,5,"Muy buena atención, finos cortes, bebidas y ensaladas uno de nuestros lugares favoritos en familia",Casa Res | Steak House (Mall del Sol),True
2020-10-17 18:18:09.193000+00:00,,,,,5,"Muy buena atención, aunque con algunas falencias menores. La comida es super buena de todas maneras",Casa Res | Steak House (Mall del Sol),True
2023-04-25 03:13:21.250000+00:00,,5.0,5.0,5.0,5,"Buen ambiente, tiene una variedad de platos y el servicio es bueno. Lo recomiendo!",Casa Res | Steak House (Mall del Sol),True
2021-02-19 22:05:19.169000+00:00,,,,,5,Muy buena atención,Casa Res | Steak House (Mall del Sol),True
2025-09-28 22:19:21.848000+00:00,,,,,1,"Pésimo servicio, para nada recomendable",Casa Res | Steak House (Mall del Sol),True
2024-06-08 20:42:28.206000+00:00,,5.0,5.0,5.0,5,"Me gustan los cortes que ofrecen aquí, son buenos, no son caros, la atención es buena.",Casa Res | Steak House (Mall del Sol),True
2023-10-13 14:49:07.649000+00:00,,5.0,5.0,5.0,5,Muy buen lugar para disfrutar de un aperitivo  ejecutivo me gusta su atención,Casa Res | Steak House (Mall del Sol),True
2020-10-25 00:13:10.980000+00:00,,,,,4,"Siempre me ha gustado la comida, las ensaladas muy buenas, pero hoy los vasos estaban sucios, deben poner mucho ojo en eso.",Casa Res | Steak House (Mall del Sol),True
2021-10-01 03:21:12.418000+00:00,,,,,5,Excelente lugar para festejar cumpleaños hoy tuve el gusto de estar allí celebrando el cumpleaños de mi hijo,Casa Res | Steak House (Mall del Sol),True
2021-09-20 02:36:55.616000+00:00,,,,,5,Excelente servicio... lo único malo es la espera para que ten tu pedido.,Casa Res | Steak House (Mall del Sol),True
2024-08-24 12:29:45.012000+00:00,,5.0,5.0,5.0,5,"Deliciosa comida, precio justo y buen ambiente",Casa Res | Steak House (Mall del Sol),True
2021-08-26 17:42:12.714000+00:00,,,,,3,"Buenos cortes; costosos en relación a la competencia que ofrece más gramos por menos costo ""Rincón Rústico""",Casa Res | Steak House (Mall del Sol),True
2021-12-19 08:50:13.257000+00:00,,,,,3,"Lastimosamente el pollo se tuvo que pedir dos veces que lo terminarán de asar , ya que estuvo crudo. Las ensaladas muy buenas",Casa Res | Steak House (Mall del Sol),True
2021-03-30 11:18:10.939000+00:00,,,,,4,"Bonito lugar, buena la comida, solo falta mejorar un poquito la atención",Casa Res | Steak House (Mall del Sol),True
2021-07-11 23:24:57.300000+00:00,,,,,4,"Se puede mejorar. Especialmente el lomo fino. Que es realmente ""fino"" y pequeño para el costo. Ánimo.",Casa Res | Steak House (Mall del Sol),True
2025-08-04 00:02:05.207000+00:00,Sin espera,4.0,5.0,5.0,5,Muy rico todo,Casa Res | Steak House (Mall del Sol),True
2020-02-07 20:55:10.571000+00:00,,,,,4,"La comida es buena  tiene varias obciones en platos variados, carne, pollo y los precios buenos, la atencion muy buena",Casa Res | Steak House (Mall del Sol),True
2021-02-15 00:35:20.523000+00:00,,,,,1,El Mesero no tuvo la gentileza de entregar la factura aún así estando desocupado. Debimos pararnos y pedirla .,Casa Res | Steak House (Mall del Sol),True
2024-12-12 17:45:02.774000+00:00,,5.0,5.0,5.0,5,"Las carnes asadas que nunca fallan, excelentes.",Casa Res | Steak House (Mall del Sol),True
2020-02-16 01:47:11.227000+00:00,,,,,5,Muy recomendado....comida delicious.....atencion muy Buena.......,Casa Res | Steak House (Mall del Sol),True
2020-02-02 22:06:32.771000+00:00,,,,,5,Buena comida. Variedad en las guarniciones. Atención cálida y ambiente agradable.,Casa Res | Steak House (Mall del Sol),True
2023-10-26 04:02:59.389000+00:00,,5.0,5.0,5.0,5,Excelente atención y muy excelente comida.,Casa Res | Steak House (Mall del Sol),True
2021-12-23 21:45:00.183000+00:00,,,,,4,Buen servicio.. platos pequeños pero bien sabor,Casa Res | Steak House (Mall del Sol),True
2021-10-08 03:34:58.029000+00:00,,,,,3,"El bife de chorizo está sin sabor, parecía que no era fresca la carne, y fue una carne descongelado en microondas",Casa Res | Steak House (Mall del Sol),True
2024-05-10 02:28:03.714000+00:00,,5.0,5.0,5.0,5,Siempre disfruto de un buen corte de carne y excelente atención.,Casa Res | Steak House (Mall del Sol),True
2022-10-25 16:27:30.932000+00:00,,5.0,5.0,5.0,5,"Muy deliciosa comida, buena atención",Casa Res | Steak House (Mall del Sol),True
2021-09-15 08:29:47.704000+00:00,,,,,5,Exelente lugar para ir en familia,Casa Res | Steak House (Mall del Sol),True
2023-04-26 02:31:13.088000+00:00,,5.0,5.0,5.0,5,Muy rico si sabor y el punto que deseas sus carnes,Casa Res | Steak House (Mall del Sol),True
2020-03-06 04:07:29.279000+00:00,,,,,4,"Un lugar muy acogedor, ideal para celebrar eventos en familia y su comida y ensaladas son realmente deliciosas",Casa Res | Steak House (Mall del Sol),True
2021-10-05 01:40:35.863000+00:00,,,,,5,"Muy buena atención , la calidad de los platos es excelente , los valores también , super accesibles",Casa Res | Steak House (Mall del Sol),True
2022-04-12 02:12:02.162000+00:00,,,,,5,"Bueno en calidad, servicio/atención y precio... barra de esalada incluida con cualquier plato.",Casa Res | Steak House (Mall del Sol),True
2022-02-15 00:36:29.606000+00:00,,,,,5,Muy rico todo y la atención muy amable,Casa Res | Steak House (Mall del Sol),True
2020-07-20 00:14:13.686000+00:00,,,,,5,Excelente lugar buena atención,Casa Res | Steak House (Mall del Sol),True
2020-08-26 00:41:29.169000+00:00,,,,,5,"De buen nivel , el ambiente muy tranquilo , los platos muy buenos a un costo accesible, atención muy buena , volveré",Casa Res | Steak House (Mall del Sol),True
2021-09-19 22:23:55.736000+00:00,,,,,5,"Simplemente exquisito, ambiente ameno una atención  de primera",Casa Res | Steak House (Mall del Sol),True
2020-02-09 14:50:29.460000+00:00,,,,,1,"Pésimo servicio la carne muy sobre cocinada, sin cubiertos, escaces de ensalada, tardío en servir",Casa Res | Steak House (Mall del Sol),True
2022-03-06 22:01:11.719000+00:00,,,,,5,"Excelente lugar para compartir en familia, muy atentos los meseros y equipo.",Casa Res | Steak House (Mall del Sol),True
2020-01-07 03:15:46.518000+00:00,,,,,4,"Problemas con las porciones, en todo caso nos agregaron una porción de moro totalmente gratis. Recomendable, pero en horas tempranas.",Casa Res | Steak House (Mall del Sol),True
2022-05-10 14:54:19.586000+00:00,,,,,1,"Porciones de carne, chuleta y pollo muy pequeñas para lo que cuesta, el peor moro de Guayaquil, mucha tiempo esperando una mesa, no pierdan ni su tiempo, ni su dinero en este lugar!!",Casa Res | Steak House (Mall del Sol),True
2021-07-05 22:08:47.598000+00:00,,,,,5,Muy agradable muy rica la comida,Casa Res | Steak House (Mall del Sol),True
2020-02-15 03:20:17.095000+00:00,,,,,1,Esperamos alrededor de 40 minutos en lista y nos refirieron que ya no nos iban atender xq estaban cerrados pésimos servicio en en mall del sol,Casa Res | Steak House (Mall del Sol),True
2020-02-25 11:59:35.657000+00:00,,,,,5,Muy buenos Cortes de carne a un buen precio. Excelente relación calidad-precio,Casa Res | Steak House (Mall del Sol),True
2020-03-10 13:40:51.600000+00:00,,,,,5,"Muy buen menú, un lugar muy agradable.",Casa Res | Steak House (Mall del Sol),True
2022-03-28 02:20:31.185000+00:00,,,,,5,"Muy buena comida, excelente atención",Casa Res | Steak House (Mall del Sol),True
2020-02-16 01:18:01.069000+00:00,,,,,5,Carnes muy sabrosas junto con las guarniciones y ensaladas. Tiene un ambiente muy elegante,Casa Res | Steak House (Mall del Sol),True
2020-11-29 00:24:08.092000+00:00,,,,,5,La picaña  es muy sabrosa. La prefiero con papas chauchas. Exquisita,Casa Res | Steak House (Mall del Sol),True
2024-02-07 16:48:07.470000+00:00,,,,,5,"Muy buenos cortes, muy rico",Casa Res | Steak House (Mall del Sol),True
2021-08-13 04:30:44.667000+00:00,,,,,4,"El ambiente es agradable pero la comida no es gran cosa, no para el precio.",Casa Res | Steak House (Mall del Sol),True
2022-04-01 01:35:53.709000+00:00,,,,,4,"Bueno en términos generales, pero no excelente. Pedí el chuletón de res, y le faltó sazón.",Casa Res | Steak House (Mall del Sol),True
2020-01-13 16:33:37.083000+00:00,,,,,4,Buena atención excelente ambiente muy buena la comida,Casa Res | Steak House (Mall del Sol),True
2021-08-03 06:22:42.038000+00:00,,,,,4,Buen sabor pero mejorar cantidad. La estrategia de la ensalada se les va agotar,Casa Res | Steak House (Mall del Sol),True
2020-09-15 18:10:28.818000+00:00,,,,,5,Es muy buena la atención y la comida. También tienen controlado la bioseguridad.,Casa Res | Steak House (Mall del Sol),True
2021-08-03 22:15:12.854000+00:00,,,,,4,"Ambiente elegante para una cena, buena atención al cliente y comida rica.",Casa Res | Steak House (Mall del Sol),True
2022-11-22 22:37:56.890000+00:00,,5.0,5.0,5.0,5,Queda en el Mall del Sol. Es un restaurante muy acogedor con un excelente servicio. La comida es deliciosa 😋 Lo recomiendo ☺️,Casa Res | Steak House (Mall del Sol),True
2021-12-05 23:39:14.049000+00:00,,,,,5,Uno de mis lugares que prefiero si deseo comer algo sabroso...,Casa Res | Steak House (Mall del Sol),True
2021-09-12 01:38:50.479000+00:00,,,,,5,"Me encanta este restaurante, buena la atención y sus platos",Casa Res | Steak House (Mall del Sol),True
2021-03-04 03:42:20.618000+00:00,,,,,5,"Excelente, además muy buena atención,
Recomendable!!",Casa Res | Steak House (Mall del Sol),True
2020-11-03 21:53:40.311000+00:00,,,,,5,Exelente ambiente EXELENTE atencion d sus empleados felicitaciones,Casa Res | Steak House (Mall del Sol),True
2021-11-09 04:09:16.789000+00:00,,,,,5,"Buen ambiente, excelente atención 👍🏼✔️ riquísima la comida !",Casa Res | Steak House (Mall del Sol),True
2021-02-28 23:09:31.160000+00:00,,,,,5,"Buen servicio, buen sazón, y muy buenos precios. Pronto volveré!",Casa Res | Steak House (Mall del Sol),True
2021-09-28 23:31:25.350000+00:00,,,,,5,Muy buen lugar para comer... Precios moderados,Casa Res | Steak House (Mall del Sol),True
2022-04-13 04:01:18.010000+00:00,,,,,3,"La comida estuvo bien, el servicio debe mejorar, hay mejores lugares para comer carne asada",Casa Res | Steak House (Mall del Sol),True
2021-09-12 17:12:02.455000+00:00,,,,,5,Exelente para los amantes de las buenas carnes ..muy acogedor ..,Casa Res | Steak House (Mall del Sol),True
2021-12-28 03:23:45.159000+00:00,,,,,5,Muy rico y excelente atención.,Casa Res | Steak House (Mall del Sol),True
2021-07-16 15:29:42.617000+00:00,,,,,5,"Atención de primera , muy buenos cortes de carnes, deliciosos aliños , comodidad y seguridad  , tienen todos los protocolos de Bioseguridad",Casa Res | Steak House (Mall del Sol),True
2020-09-21 02:35:38.884000+00:00,,,,,4,"Muy bien
Atencion
Buena comida
Bien limpio",Casa Res | Steak House (Mall del Sol),True
2021-06-16 23:53:13.199000+00:00,,,,,5,Deliciosos cortes de carne... Una muy buena experiencia.,Casa Res | Steak House (Mall del Sol),True
2021-12-28 03:46:55.880000+00:00,,,,,5,Lo pasamos increíble ...le cantaron el cumpleaños a mi hijita al estilo Casa Res....,Casa Res | Steak House (Mall del Sol),True
2020-01-12 14:08:32.105000+00:00,,,,,5,"Buena atención, excelente comida y la estación de ensaladas me encanta 😊",Casa Res | Steak House (Mall del Sol),True
2021-03-10 23:45:47.819000+00:00,,,,,5,Excelente calidad y servicio. Sobre todo la.limoieza y las medidas de bioseguridad.,Casa Res | Steak House (Mall del Sol),True
2020-07-15 21:04:56.639000+00:00,,,,,1,"Lamentablemente esta vez la carne tenía un sabor muy malo, no sé qué les pasó...",Casa Res | Steak House (Mall del Sol),True
2022-11-24 22:03:14.639000+00:00,,5.0,5.0,5.0,5,"No hay nada que decir, la atención, la comida, el ambiente y algo que no se ve así no más en algunos restaurantes, la colaboración entre meseros.",Casa Res | Steak House (Mall del Sol),True
2021-11-01 22:18:43.427000+00:00,,,,,5,"Excelente lugar, buena parrillada, buenos jugos, rapido",Casa Res | Steak House (Mall del Sol),True
2020-12-21 11:20:37.735000+00:00,,,,,5,Calidad excelente atencion buen ambiente medidas de seguridad y excelentes precios,Casa Res | Steak House (Mall del Sol),True
2021-09-17 20:13:05.408000+00:00,,,,,5,Excelente servicio y muy rica la gastronomía,Casa Res | Steak House (Mall del Sol),True
2020-02-13 21:08:00.846000+00:00,,,,,5,Son muy atentos rápidos en atención muy amable la chica que está en la entrada y la chica que despacha también muy atento.,Casa Res | Steak House (Mall del Sol),True
2022-10-10 04:07:03.833000+00:00,,,,,4,"Excelencia en todos los niveles de servicio, los cortes de primera, con la cocción adecuada. Recomendado.",Casa Res | Steak House (Mall del Sol),True
2022-03-06 19:17:03.558000+00:00,,,,,3,"Excelente sazón de la carne, el bife de chorizo de lo mejor...",Casa Res | Steak House (Mall del Sol),True
2020-08-01 05:16:25.079000+00:00,,,,,5,Excelente pero mal que hayan quitado las ensaladas al gusto,Casa Res | Steak House (Mall del Sol),True
2020-02-18 20:54:03.392000+00:00,,,,,5,La carne es muy suave se desvanece con tan solo llevarse a la boca,Casa Res | Steak House (Mall del Sol),True
2020-12-08 20:46:48.068000+00:00,,,,,5,"Buen lugar, comida rica y a un precio justo",Casa Res | Steak House (Mall del Sol),True
2021-09-18 19:41:33.114000+00:00,,,,,5,"Bonito lugar, rica comida y excelente atención",Casa Res | Steak House (Mall del Sol),True
2020-12-15 11:28:56.610000+00:00,,,,,5,Excelente servicio y cómodo lugar para comer.,Casa Res | Steak House (Mall del Sol),True
2020-11-29 02:00:08.216000+00:00,,,,,4,"Picaña de cerdo exquisita, hamburguesa muy simple y carne seca, la atención de primera",Casa Res | Steak House (Mall del Sol),True
2021-01-19 01:13:20.114000+00:00,,,,,5,"Excelente muy amables, muy Rica la comida .",Casa Res | Steak House (Mall del Sol),True
2020-10-22 20:49:49.226000+00:00,,,,,5,Tiene muy buena atención a la mesa,Casa Res | Steak House (Mall del Sol),True
2021-08-11 22:25:48.215000+00:00,,,,,4,Buena comida y sangría muy agradable,Casa Res | Steak House (Mall del Sol),True
2020-01-17 13:12:11.769000+00:00,,,,,5,"Elegante y buena música, perfecto para una cita o para disfrutar buena comida en familia",Casa Res | Steak House (Mall del Sol),True
2020-03-16 13:00:05.067000+00:00,,,,,5,Siempre mi preferido para pasar en familia degustando buenas carnes,Casa Res | Steak House (Mall del Sol),True
2021-05-23 21:36:14.318000+00:00,,,,,5,Muy buenos cortes a precios no muy caros,Casa Res | Steak House (Mall del Sol),True
2022-09-28 02:33:39.747000+00:00,,,,,1,"No es lo que se publicita, platos sin mayor creatividad y precios elevados, cantidad reducida en función del precio",Casa Res | Steak House (Mall del Sol),True
2020-03-15 13:01:09.823000+00:00,,,,,4,Excelente atencion y buen sabor en las Carne,Casa Res | Steak House (Mall del Sol),True
2024-02-28 21:48:31.024000+00:00,,3.0,3.0,4.0,3,Un poco alto los precios para las porciones y el tipo de proteína que dan,Casa Res | Steak House (Mall del Sol),True
2021-08-10 03:55:34.735000+00:00,,,,,5,Lo mejor siempre en cortes,Casa Res | Steak House (Mall del Sol),True
2021-02-19 21:52:28.244000+00:00,,,,,5,"La parrillada y todo estuvo excelente, lo mismo la atención!!!",Casa Res | Steak House (Mall del Sol),True
2022-01-23 19:52:17.708000+00:00,,,,,2,"El corte de carne no tenía una muy buena calidad, el plato no tenía una buena presentación.",Casa Res | Steak House (Mall del Sol),True
2022-02-28 22:28:25.657000+00:00,,,,,5,"Exquisita la comida, bonito lugar para compartir en familia o con amigos",Casa Res | Steak House (Mall del Sol),True
2022-05-11 14:15:24.503000+00:00,,,,,1,Muy mala atención del mesero y era muy lugar favorito,Casa Res | Steak House (Mall del Sol),True
2021-01-11 06:13:01.356000+00:00,,,,,5,Excelente atención,Casa Res | Steak House (Mall del Sol),True
2020-07-19 12:21:17.563000+00:00,,,,,5,Delicioso .muy bien sazón .. felicidades,Casa Res | Steak House (Mall del Sol),True
2022-02-07 02:25:28.141000+00:00,,,,,5,Buen lugar para comer cortes de carne en gye,Casa Res | Steak House (Mall del Sol),True
2023-12-23 23:23:51.800000+00:00,,5.0,5.0,5.0,5,"Excelente ambiente y servicio, muy recomendado",Casa Res | Steak House (Mall del Sol),True
2024-01-01 14:53:23.365000+00:00,,3.0,4.0,5.0,4,Rica las Carnes y ensaladas lo que se quiera,Casa Res | Steak House (Mall del Sol),True
2022-04-21 20:19:58.040000+00:00,,,,,2,Me dejaron esperando mucho tiempo se olvidaron de mi orden de chinchulines.,Casa Res | Steak House (Mall del Sol),True
2024-09-10 18:13:04.145000+00:00,,5.0,5.0,5.0,5,"Me encantoooo!!!
Precio/ Calidad",Casa Res | Steak House (Mall del Sol),True
2022-02-07 00:12:03.382000+00:00,,,,,5,Muy buena opción para disfrutar la carnende res,Casa Res | Steak House (Mall del Sol),True
2020-03-08 02:58:20.674000+00:00,,,,,5,"Delicioso como siempre, gracias Casa Res por alimentarme tan rico",Casa Res | Steak House (Mall del Sol),True
2024-10-19 21:53:21.389000+00:00,,5.0,5.0,5.0,5,Buen lugar para compartir lo,Casa Res | Steak House (Mall del Sol),True
2021-09-26 04:17:14.974000+00:00,,,,,4,No me gusto la atencion de la anfitriona y la comida algo normal,Casa Res | Steak House (Mall del Sol),True
2021-12-31 04:45:50.968000+00:00,,,,,5,muy buena su comida bueno yo fui al mall del sol,Casa Res | Steak House (Mall del Sol),True
2020-02-22 03:57:12.951000+00:00,,,,,5,"Me gusta, aunque es mejor cuando no hay mucha concurrencia de personas.",Casa Res | Steak House (Mall del Sol),True
2020-10-29 19:31:37.203000+00:00,,,,,4,Buen sitio para celebrar y pasar en familia y con amigos,Casa Res | Steak House (Mall del Sol),True
2020-11-23 00:25:54.169000+00:00,,,,,5,"Buena atención  , muy rica la parrillada .",Casa Res | Steak House (Mall del Sol),True
2021-09-01 15:42:16.752000+00:00,,,,,5,Excelentes precios y servicio,Casa Res | Steak House (Mall del Sol),True
2021-07-31 20:05:05.466000+00:00,,,,,5,"Menú variado, deliciosa comida y excelente atención.",Casa Res | Steak House (Mall del Sol),True
2020-07-26 23:59:03.552000+00:00,,,,,5,Buenos cortes de carne y la sazón excelente.,Casa Res | Steak House (Mall del Sol),True
2020-09-25 23:52:33.711000+00:00,,,,,5,Muy exquisita la Comida y atención excelente 🙏,Casa Res | Steak House (Mall del Sol),True
2021-11-12 05:03:14.979000+00:00,,,,,5,Mi lugar favorito...  excelente su comida.,Casa Res | Steak House (Mall del Sol),True
2021-12-29 03:58:19.496000+00:00,,,,,5,"Muy rico,excelente atención 😋👌",Casa Res | Steak House (Mall del Sol),True
2021-09-04 21:48:38.673000+00:00,,,,,5,"Excelente atencion, comida deliciosa!!!",Casa Res | Steak House (Mall del Sol),True
2021-08-19 01:13:37.321000+00:00,,,,,5,Exelentes carnes jugos y buen término.,Casa Res | Steak House (Mall del Sol),True
2021-06-20 20:32:15.777000+00:00,,,,,4,"Buen servicio, buena comida, poca distancia de bioseguridad",Casa Res | Steak House (Mall del Sol),True
2022-02-05 20:51:16.532000+00:00,,,,,5,Excelente,Casa Res | Steak House (Mall del Sol),True
2020-08-24 01:49:54.870000+00:00,,,,,5,Exelente cortes y platos deliciosos,Casa Res | Steak House (Mall del Sol),True
2022-03-01 03:18:11.788000+00:00,,,,,5,Excelente lugar para comer en familia y amigos,Casa Res | Steak House (Mall del Sol),True
2022-09-03 17:09:52.084000+00:00,,,,,4,La comida buena pero el tiempo de espera es mucho,Casa Res | Steak House (Mall del Sol),True
2021-11-10 14:05:29.631000+00:00,,,,,5,"Es espectacular, la forma en que te atienden es genial",Casa Res | Steak House (Mall del Sol),True
2022-09-04 23:10:24.605000+00:00,,,,,3,Pollo a la parrilla:uno crudo en partes y otro pasado de cocción,Casa Res | Steak House (Mall del Sol),True
2022-09-29 02:44:57.491000+00:00,,,,,5,😋Hummm la picaña de cerdo se las recomiendo,Casa Res | Steak House (Mall del Sol),True
2020-12-24 20:36:27.705000+00:00,,,,,5,"Excelente servicio,comida exquisita",Casa Res | Steak House (Mall del Sol),True
2021-08-07 00:48:04.945000+00:00,,,,,5,La picaña estuvo exquisita y el servicio excelente!!,Casa Res | Steak House (Mall del Sol),True
2020-07-02 14:11:05.264000+00:00,,,,,4,"Bueno, aunque antes había la estación de ensaladas y era mucho mejor .",Casa Res | Steak House (Mall del Sol),True
2022-06-17 10:04:19.594000+00:00,,,,,5,Excelente 👌 buenas atención recomendado al 100%,Casa Res | Steak House (Mall del Sol),True
2022-02-14 12:21:06.974000+00:00,,,,,5,Recomendaciones : queso provolone y la picaña de cerdo,Casa Res | Steak House (Mall del Sol),True
2020-02-05 04:46:29.935000+00:00,,,,,5,Los cortes son muy ricos y la atención es de primera,Casa Res | Steak House (Mall del Sol),True
2020-02-15 13:49:32.717000+00:00,,,,,5,Otra alternativa para saborear un buen corte de carne,Casa Res | Steak House (Mall del Sol),True
2020-03-12 02:12:32.168000+00:00,,,,,1,Siempre tiene problema para generar factura a extranjeros 🙄,Casa Res | Steak House (Mall del Sol),True
2021-10-29 02:53:12.362000+00:00,,,,,4,Muy buena comida y servico,Casa Res | Steak House (Mall del Sol),True
2020-01-29 20:25:42.955000+00:00,,,,,5,Muy ricos cortes,Casa Res | Steak House (Mall del Sol),True
2020-10-31 21:56:59.772000+00:00,,,,,4,Antes tenían más variedad de vinagretas y salsas para las ensaladas,Casa Res | Steak House (Mall del Sol),True
2020-06-10 20:11:52.310000+00:00,,,,,4,Nueva normalidad muy buena...,Casa Res | Steak House (Mall del Sol),True
2021-04-18 19:37:57.241000+00:00,,,,,5,Excelente atención  y exquisita comida,Casa Res | Steak House (Mall del Sol),True
2022-04-01 08:49:42.209000+00:00,,,,,5,Comida rica y servicio rápido,Casa Res | Steak House (Mall del Sol),True
2021-07-17 17:14:44.141000+00:00,,,,,5,"La comida increíble, buen servicio ❤",Casa Res | Steak House (Mall del Sol),True
2020-10-11 20:24:40.296000+00:00,,,,,5,"Su comida es deliciosa, excelente atención",Casa Res | Steak House (Mall del Sol),True
2020-03-05 13:26:36.082000+00:00,,,,,5,Delicioso y buena relación calidad precio,Casa Res | Steak House (Mall del Sol),True
2021-08-25 20:40:27.364000+00:00,,,,,4,Excelente,Casa Res | Steak House (Mall del Sol),True
2020-02-05 03:17:01.548000+00:00,,,,,5,Buena atención.  Buen menu,Casa Res | Steak House (Mall del Sol),True
2022-03-05 12:48:40.828000+00:00,,,,,5,Buena experiencia en comidas,Casa Res | Steak House (Mall del Sol),True
2020-01-12 20:57:05.514000+00:00,,,,,5,Excelente,Casa Res | Steak House (Mall del Sol),True
2021-08-13 15:21:25.493000+00:00,,,,,5,Muy rico todo,Casa Res | Steak House (Mall del Sol),True
2020-12-22 23:55:51.637000+00:00,,,,,5,Atención de primera y su menú variado en carnes.,Casa Res | Steak House (Mall del Sol),True
2022-01-05 00:12:05.428000+00:00,,,,,5,Siempre me siento muy cómodo y seguro,Casa Res | Steak House (Mall del Sol),True
2021-04-23 01:21:06.009000+00:00,,,,,5,El mejor lugar para un asadito,Casa Res | Steak House (Mall del Sol),True
2020-07-19 14:56:22.487000+00:00,,,,,5,Perfecto el término del corte y la atención bastante buena,Casa Res | Steak House (Mall del Sol),True
2023-10-16 15:49:37.503000+00:00,,4.0,2.0,4.0,3,Cantidad versus costo debe mejorar,Casa Res | Steak House (Mall del Sol),True
2024-03-10 16:46:57.142000+00:00,,5.0,5.0,5.0,5,Ricas carnes y precios convenientes.,Casa Res | Steak House (Mall del Sol),True
2020-02-21 02:38:38.948000+00:00,,,,,5,Excelente preparación y el servicio geeniiiiaaal,Casa Res | Steak House (Mall del Sol),True
2020-01-25 14:25:37.608000+00:00,,,,,4,Bueno pero muy poco,Casa Res | Steak House (Mall del Sol),True
2020-01-04 20:47:17.352000+00:00,,,,,5,"Recomiendo la Picaña de Cerdo
... lo maximo!",Casa Res | Steak House (Mall del Sol),True
2022-04-10 00:00:20.228000+00:00,,,,,4,Rico... alternativa de un buen asado,Casa Res | Steak House (Mall del Sol),True
2021-02-12 15:37:03.855000+00:00,,,,,5,Uno de nuestros lugares favoritos cuando deseamos carne.,Casa Res | Steak House (Mall del Sol),True
2021-05-15 23:58:55.969000+00:00,,,,,5,Rico. Platos grandes y precios accedibles.,Casa Res | Steak House (Mall del Sol),True
2021-07-22 02:10:46.554000+00:00,,,,,5,Excelente servicio y buen sazón,Casa Res | Steak House (Mall del Sol),True
2020-02-09 17:10:36.224000+00:00,,,,,4,DELCIOSO. Aunque la atención fue un poco lenta!!,Casa Res | Steak House (Mall del Sol),True
2020-02-17 19:51:59.624000+00:00,,,,,5,Siempre voy por la sangría y las alitas!,Casa Res | Steak House (Mall del Sol),True
2021-06-20 19:50:51.080000+00:00,,,,,5,Un buen lugar para pasar en familia y amigos.,Casa Res | Steak House (Mall del Sol),True
2021-08-25 01:01:37.950000+00:00,,,,,5,Excelente atención y muy agradable ambiente,Casa Res | Steak House (Mall del Sol),True
2022-02-22 20:26:43.581000+00:00,,,,,5,Excelente atención y muy rico 😋,Casa Res | Steak House (Mall del Sol),True
2020-10-29 02:11:19.705000+00:00,,,,,4,"Excelente atención,  carne de primera",Casa Res | Steak House (Mall del Sol),True
2024-03-06 18:36:45.803000+00:00,,2.0,1.0,2.0,1,La calidad de su comida bajó de una manera absurda,Casa Res | Steak House (Mall del Sol),True
2020-08-01 13:08:17.022000+00:00,,,,,5,Le encantó a mi esposa el lugar,Casa Res | Steak House (Mall del Sol),True
2022-12-03 01:17:43.249000+00:00,,5.0,5.0,5.0,5,Increíble el lugar y rica la parrilla,Casa Res | Steak House (Mall del Sol),True
2022-05-04 20:09:40.833000+00:00,,,,,5,Poquito pero rico,Casa Res | Steak House (Mall del Sol),True
2020-12-19 23:14:59.102000+00:00,,,,,5,Comida muy buena a buenos precios,Casa Res | Steak House (Mall del Sol),True
2022-03-30 03:41:57.536000+00:00,,,,,5,Rico menú...recomendado.,Casa Res | Steak House (Mall del Sol),True
2021-07-13 03:12:17.718000+00:00,,,,,5,Excelente atención y excelente comida.,Casa Res | Steak House (Mall del Sol),True
2021-07-12 00:48:42.217000+00:00,,,,,2,Demoran demasiado al medio día para asignarte una mesa,Casa Res | Steak House (Mall del Sol),True
2021-11-21 12:00:20.807000+00:00,,,,,4,Buenos cortes. Los precios no son tan bajos.,Casa Res | Steak House (Mall del Sol),True
2021-12-05 23:05:33.726000+00:00,,,,,5,Es excelente 👌 y la atención es buena 👍,Casa Res | Steak House (Mall del Sol),True
2021-09-24 03:05:21.011000+00:00,,,,,5,Muy bueno,Casa Res | Steak House (Mall del Sol),True
2020-02-27 19:44:07.385000+00:00,,,,,4,Muy buena carne,Casa Res | Steak House (Mall del Sol),True
2020-02-24 13:22:25.915000+00:00,,,,,5,"Rica, comida y las ensaladas ni que hablar",Casa Res | Steak House (Mall del Sol),True
2020-02-24 23:45:23.846000+00:00,,,,,5,Alimentos en excelente presentación y sabor,Casa Res | Steak House (Mall del Sol),True
2020-02-26 21:20:01.315000+00:00,,,,,5,"Delicioso, y muy buena variedad",Casa Res | Steak House (Mall del Sol),True
2022-02-28 19:01:18.622000+00:00,,,,,5,Ufff divina la Carne,Casa Res | Steak House (Mall del Sol),True
2021-10-22 03:37:41.173000+00:00,,,,,5,Se come riiicooo pero lleven bastante 💵,Casa Res | Steak House (Mall del Sol),True
2021-06-02 20:45:56.881000+00:00,,,,,4,Super bien atendida,Casa Res | Steak House (Mall del Sol),True
2021-09-17 23:14:26.172000+00:00,,,,,4,Lindo estubo todo,Casa Res | Steak House (Mall del Sol),True
2020-06-28 01:05:52.043000+00:00,,,,,5,De los mejores lugares para comer carnes asadas en Guayaquil,Casa Res | Steak House (Mall del Sol),True
2021-06-11 06:40:57.270000+00:00,,,,,5,Muy buen corte en carne,Casa Res | Steak House (Mall del Sol),True
2021-01-28 19:41:53.555000+00:00,,,,,5,"Excelente servicio, deliciosa comida",Casa Res | Steak House (Mall del Sol),True
2022-02-18 15:38:10.384000+00:00,,,,,5,"Hay nuevos cócteles, están buenísimos",Casa Res | Steak House (Mall del Sol),True
2020-09-27 17:51:29.072000+00:00,,,,,5,Mantiene su calidad y buen servicio,Casa Res | Steak House (Mall del Sol),True
2021-12-20 04:44:53.617000+00:00,,,,,3,Porciones muy pequeñas,Casa Res | Steak House (Mall del Sol),True
2021-02-08 01:53:00.826000+00:00,,,,,2,Papas al horno heladas......poca calidad...no volvere...,Casa Res | Steak House (Mall del Sol),True
2021-07-11 17:52:55.039000+00:00,,,,,5,Buena comida un poquito le falta la atención,Casa Res | Steak House (Mall del Sol),True
2020-08-19 18:56:06.189000+00:00,,,,,5,"Buenos cuidados, atencion y sabor",Casa Res | Steak House (Mall del Sol),True
2020-02-02 13:18:45.654000+00:00,,,,,5,Comida deliciosa,Casa Res | Steak House (Mall del Sol),True
2020-06-28 01:23:59.070000+00:00,,,,,5,Muy buen establecimiento,Casa Res | Steak House (Mall del Sol),True
2020-10-18 04:40:10.185000+00:00,,,,,5,Porque la comida es sana y precios módicos,Casa Res | Steak House (Mall del Sol),True
2020-01-11 21:29:38.015000+00:00,,,,,5,Uno de mis restaurantes faborito,Casa Res | Steak House (Mall del Sol),True
2021-03-13 23:39:50.115000+00:00,,,,,5,Excelente comida y ambiente,Casa Res | Steak House (Mall del Sol),True
2021-04-08 04:07:25.891000+00:00,,,,,4,Buena atención y sabrosa comida,Casa Res | Steak House (Mall del Sol),True
2020-09-18 02:49:03.164000+00:00,,,,,4,me pareció normal nada especial,Casa Res | Steak House (Mall del Sol),True
2022-09-27 16:40:36.172000+00:00,,,,,5,Súper rico lo máximo recomendado,Casa Res | Steak House (Mall del Sol),True
2023-12-02 23:32:15.905000+00:00,,5.0,5.0,5.0,5,Excelente lugar y precios,Casa Res | Steak House (Mall del Sol),True
2020-11-30 00:33:04.181000+00:00,,,,,5,Comida y atención muy buena,Casa Res | Steak House (Mall del Sol),True
2021-01-24 20:54:14.242000+00:00,,,,,4,Excelente restaurante.,Casa Res | Steak House (Mall del Sol),True
2021-12-12 03:13:19.662000+00:00,,,,,5,Excelente servicio! 🤝,Casa Res | Steak House (Mall del Sol),True
2020-07-30 16:40:28.389000+00:00,,,,,5,Recomendado 👍,Casa Res | Steak House (Mall del Sol),True
2021-06-27 01:42:07.924000+00:00,,,,,5,Excelente la comida y atención,Casa Res | Steak House (Mall del Sol),True
2022-03-15 13:30:17.863000+00:00,,,,,5,Buenos cortes y barra de ensaladas.,Casa Res | Steak House (Mall del Sol),True
2022-03-17 03:33:40.349000+00:00,,,,,4,"Buen ambiente, buena comida !",Casa Res | Steak House (Mall del Sol),True
2021-08-31 04:02:14.007000+00:00,,,,,5,Rico todo,Casa Res | Steak House (Mall del Sol),True
2020-11-11 22:18:12.935000+00:00,,,,,4,Muy buenos cortes de carne.,Casa Res | Steak House (Mall del Sol),True
2025-06-07 16:54:11.201000+00:00,,5.0,5.0,5.0,5,Excelente 👌,Casa Res | Steak House (Mall del Sol),True
2021-11-15 03:21:38.068000+00:00,,,,,5,Buenos platos y económicos...,Casa Res | Steak House (Mall del Sol),True
2024-11-20 14:51:04.624000+00:00,,4.0,4.0,4.0,4,Agradable,Casa Res | Steak House (Mall del Sol),True
2025-02-20 19:32:39.487000+00:00,,,,,5,Deliciosa carne,Casa Res | Steak House (Mall del Sol),True
2022-02-27 14:55:37.548000+00:00,,,,,5,Una experiencia 😋 deliciosa,Casa Res | Steak House (Mall del Sol),True
2022-03-29 20:59:18.020000+00:00,,,,,5,Muy Rica la comida.,Casa Res | Steak House (Mall del Sol),True
2020-11-16 13:00:18.400000+00:00,,,,,5,Me encantó todo😊,Casa Res | Steak House (Mall del Sol),True
2021-10-22 01:27:18.155000+00:00,,,,,5,Mega rico casa res,Casa Res | Steak House (Mall del Sol),True
2020-11-16 01:02:58.693000+00:00,,,,,5,"Es lo Máximo
Nuestro lugar favorito.",Casa Res | Steak House (Mall del Sol),True
2020-02-24 18:32:53.599000+00:00,,,,,5,"Excelentes asados, precios accesibles",Casa Res | Steak House (Mall del Sol),True
2021-09-09 23:46:02.230000+00:00,,,,,5,Excelente servicio,Casa Res | Steak House (Mall del Sol),True
2021-10-14 04:16:25.246000+00:00,,,,,5,Siempre es agradable volver!!,Casa Res | Steak House (Mall del Sol),True
2022-03-22 03:36:52.193000+00:00,,,,,5,Mi lugar fav🥰,Casa Res | Steak House (Mall del Sol),True
2020-09-12 16:33:01.442000+00:00,,,,,5,Súper bueno,Casa Res | Steak House (Mall del Sol),True
2021-11-28 01:06:11.859000+00:00,,,,,5,Todo exelente...,Casa Res | Steak House (Mall del Sol),True
2021-10-10 22:16:36.316000+00:00,,,,,4,Buena presentación del plato,Casa Res | Steak House (Mall del Sol),True
2022-01-15 05:40:11.214000+00:00,,,,,3,Nada fuera de lo normal,Casa Res | Steak House (Mall del Sol),True
2020-06-21 23:11:33.932000+00:00,,,,,5,Muy bueno,Casa Res | Steak House (Mall del Sol),True
2020-03-02 20:37:24.417000+00:00,,,,,5,Excelentes cortes.,Casa Res | Steak House (Mall del Sol),True
2020-03-11 01:49:36.032000+00:00,,,,,3,La carne un poco dura,Casa Res | Steak House (Mall del Sol),True
2021-09-26 14:50:07.368000+00:00,,,,,5,Sencillamente delicioso!!!,Casa Res | Steak House (Mall del Sol),True
2021-12-28 01:08:27.476000+00:00,,,,,5,"bueno, bonito y buen precio",Casa Res | Steak House (Mall del Sol),True
2021-08-20 00:04:49.658000+00:00,,,,,5,Buena comida!!!,Casa Res | Steak House (Mall del Sol),True
2020-10-17 19:31:00.192000+00:00,,,,,4,"Buen sitio, buena comida",Casa Res | Steak House (Mall del Sol),True
2021-07-26 16:55:38.805000+00:00,,,,,5,Exelente todo,Casa Res | Steak House (Mall del Sol),True
2020-11-26 20:39:15.530000+00:00,,,,,5,Excelente Todo...!! ☺️☺️,Casa Res | Steak House (Mall del Sol),True
2023-10-24 14:35:43.784000+00:00,,5.0,5.0,5.0,5,Delicioso,Casa Res | Steak House (Mall del Sol),True
2021-09-20 14:19:54.271000+00:00,,,,,3,El moro no es muy bueno,Casa Res | Steak House (Mall del Sol),True
2024-12-19 12:55:07.668000+00:00,,5.0,5.0,5.0,5,Excelente,Casa Res | Steak House (Mall del Sol),True
2020-10-28 03:13:51.823000+00:00,,,,,5,lo más rico en asados,Casa Res | Steak House (Mall del Sol),True
2020-01-11 16:50:26.321000+00:00,,,,,4,Buen ambiente,Casa Res | Steak House (Mall del Sol),True
2020-03-10 01:19:20.877000+00:00,,,,,4,Lindo ambiente,Casa Res | Steak House (Mall del Sol),True
2020-01-28 09:36:19.670000+00:00,,,,,5,Siguen siendo los mejoros,Casa Res | Steak House (Mall del Sol),True
2020-12-19 18:52:59.612000+00:00,,,,,4,Especialidad en Carnes Sabrosos platos,Casa Res | Steak House (Mall del Sol),True
2020-11-30 23:30:45.322000+00:00,,,,,5,Hermoso lugar,Casa Res | Steak House (Mall del Sol),True
2021-07-02 04:28:08.126000+00:00,,,,,5,Exelente como siempre,Casa Res | Steak House (Mall del Sol),True
2023-11-14 01:53:36.783000+00:00,,5.0,5.0,5.0,5,Perfecto,Casa Res | Steak House (Mall del Sol),True
2021-06-10 02:23:09.353000+00:00,,,,,4,Buena sazón.,Casa Res | Steak House (Mall del Sol),True
2021-11-06 15:43:46.778000+00:00,,,,,5,Demasiado bueno,Casa Res | Steak House (Mall del Sol),True
2020-03-10 02:53:32.646000+00:00,,,,,5,Lindo lugar,Casa Res | Steak House (Mall del Sol),True
2021-06-19 23:26:52.735000+00:00,,,,,5,Excelente como siempre.,Casa Res | Steak House (Mall del Sol),True
2020-02-16 23:36:05.539000+00:00,,,,,1,Pésimo servicio,Casa Res | Steak House (Mall del Sol),True
2022-02-11 17:59:29.874000+00:00,,,,,5,Bien,Casa Res | Steak House (Mall del Sol),True
2020-11-13 22:44:56.887000+00:00,,,,,5,Excelente lugar,Casa Res | Steak House (Mall del Sol),True
2021-12-30 00:51:33.522000+00:00,,,,,5,Delicioso,Casa Res | Steak House (Mall del Sol),True
2021-11-27 01:00:21.035000+00:00,,,,,5,Excelente,Casa Res | Steak House (Mall del Sol),True
2021-12-23 00:36:12.744000+00:00,,,,,5,Excelente,Casa Res | Steak House (Mall del Sol),True
2021-11-16 18:48:45.007000+00:00,,,,,5,Excelente,Casa Res | Steak House (Mall del Sol),True
2022-03-21 12:29:27.272000+00:00,,,,,5,Delicioso  genial,Casa Res | Steak House (Mall del Sol),True
2021-11-17 22:38:50.228000+00:00,,,,,5,Rica la chistorra.....,Casa Res | Steak House (Mall del Sol),True
2021-08-11 14:58:45.073000+00:00,,,,,5,Los mejores cortes de carne,Casa Res | Steak House (Mall del Sol),True
2020-10-05 23:53:08.141000+00:00,,,,,5,Excelente,Casa Res | Steak House (Mall del Sol),True
2020-02-08 21:45:29.847000+00:00,,,,,4,Excelente,Casa Res | Steak House (Mall del Sol),True
2020-09-27 22:03:16.351000+00:00,,,,,5,Excelente,Casa Res | Steak House (Mall del Sol),True
2021-09-24 16:07:21.523000+00:00,,,,,5,Delicioso,Casa Res | Steak House (Mall del Sol),True
2020-01-09 04:30:42.124000+00:00,,,,,2,No me gustó,Casa Res | Steak House (Mall del Sol),True
2021-09-03 14:26:20.062000+00:00,,,,,5,Bien,Casa Res | Steak House (Mall del Sol),True
2021-12-08 11:46:58.537000+00:00,,,,,5,Delicioso,Casa Res | Steak House (Mall del Sol),True
2020-06-14 14:39:59.230000+00:00,,,,,4,Excelente,Casa Res | Steak House (Mall del Sol),True
2020-03-05 05:45:40.011000+00:00,,,,,5,Excelente,Casa Res | Steak House (Mall del Sol),True
2020-03-11 04:42:20.170000+00:00,,,,,5,Excelente,Casa Res | Steak House (Mall del Sol),True
2020-01-19 21:18:47.072000+00:00,,,,,5,Excelente,Casa Res | Steak House (Mall del Sol),True
2021-06-21 23:50:38.829000+00:00,,,,,5,Excelente,Casa Res | Steak House (Mall del Sol),True
2022-03-31 00:21:11.358000+00:00,,,,,5,Un lugar acogedor con rica comida,Casa Res | Steak House (Mall del Sol),True
2020-03-02 02:55:23.361000+00:00,,,,,5,Excelente,Casa Res | Steak House (Mall del Sol),True
2020-02-24 00:59:24.277000+00:00,,,,,5,Riquisimo,Casa Res | Steak House (Mall del Sol),True
2021-07-25 15:43:39.124000+00:00,,,,,5,Riquísima la comida ‼️,Casa Res | Steak House (Mall del Sol),True
2021-05-30 00:16:54.023000+00:00,,,,,5,Buen lugar,Casa Res | Steak House (Mall del Sol),True
2021-10-08 21:36:27.003000+00:00,,,,,3,Esperaba algo mejor..,Casa Res | Steak House (Mall del Sol),True
2020-09-01 22:12:23.410000+00:00,,,,,5,Excelente ambiente,Casa Res | Steak House (Mall del Sol),True
2021-12-24 22:51:01.570000+00:00,,,,,5,Bueno,Casa Res | Steak House (Mall del Sol),True
2020-05-14 01:54:46.795000+00:00,,,,,5,Todo,Casa Res | Steak House (Mall del Sol),True
2020-09-19 23:16:57.025000+00:00,,,,,5,Excelente  atención,Casa Res | Steak House (Mall del Sol),True
2021-01-28 03:08:13.159000+00:00,,,,,4,Bueno,Casa Res | Steak House (Mall del Sol),True
2022-05-22 03:27:45.475000+00:00,,,,,5,🤩💎,Casa Res | Steak House (Mall del Sol),True
2021-09-09 00:27:43.879000+00:00,,,,,5,Buenas carnes,Casa Res | Steak House (Mall del Sol),True
2022-01-27 04:20:21.364000+00:00,,,,,5,🥰,Casa Res | Steak House (Mall del Sol),True
2022-03-28 15:56:06.158000+00:00,,,,,5,Rico,Casa Res | Steak House (Mall del Sol),True
2022-03-25 22:01:56.952000+00:00,,,,,5,🤗🤗,Casa Res | Steak House (Mall del Sol),True
2020-08-02 14:44:45.116000+00:00,,,,,5,Me encanta,Casa Res | Steak House (Mall del Sol),True
2020-07-11 02:29:37.218000+00:00,,,,,5,Excelente,Casa Res | Steak House (Mall del Sol),True
2020-02-07 17:18:26.863000+00:00,,,,,5,Rico,Casa Res | Steak House (Mall del Sol),True
2020-09-01 18:46:24.878000+00:00,,,,,5,Delicioso,Casa Res | Steak House (Mall del Sol),True
2021-11-27 18:41:00.539000+00:00,,,,,4,🙁,Casa Res | Steak House (Mall del Sol),True
2024-09-04 22:43:31.873000+00:00,,5.0,5.0,5.0,5,Excelente,Casa Res | Steak House (Mall del Sol),True
2021-12-24 16:20:22.994000+00:00,,,,,5,Con los mijines escuela,Casa Res | Steak House (Mall del Sol),True
2020-12-02 19:59:09.508000+00:00,,,,,4,Delicious menú,Casa Res | Steak House (Mall del Sol),True
2020-02-18 21:09:30.609000+00:00,,,,,5,Exquisito.,Casa Res | Steak House (Mall del Sol),True
2021-08-12 03:17:32.974000+00:00,,,,,5,😍😍,Casa Res | Steak House (Mall del Sol),True
2025-12-10 20:49:47.715000+00:00,De 10 a 30 min,4.0,5.0,5.0,4,,Casa Res | Steak House (Mall del Sol),False
2020-02-12 12:12:19.184000+00:00,,,,,4,Acogedor y de calidad,Casa Res | Steak House (Mall del Sol),True
2020-01-19 05:56:24.279000+00:00,,,,,4,👍,Casa Res | Steak House (Mall del Sol),True
2020-01-04 04:49:04.633000+00:00,,,,,4,👍,Casa Res | Steak House (Mall del Sol),True
2021-11-09 17:43:09.997000+00:00,,,,,5,O.K,Casa Res | Steak House (Mall del Sol),True
2020-12-04 18:27:07.854000+00:00,,,,,5,Buena comida,Casa Res | Steak House (Mall del Sol),True
2021-10-01 00:40:50.648000+00:00,,,,,4,Todo rico!,Casa Res | Steak House (Mall del Sol),True
2020-12-31 21:05:34.266000+00:00,,,,,3,Buena carne,Casa Res | Steak House (Mall del Sol),True
2020-01-10 05:10:12.862000+00:00,,,,,5,Mi preferido,Casa Res | Steak House (Mall del Sol),True
2020-08-30 13:45:56.467000+00:00,,,,,5,Bruna atención,Casa Res | Steak House (Mall del Sol),True
2021-06-13 21:08:43.070000+00:00,,,,,5,La comida es deliciosa,Casa Res | Steak House (Mall del Sol),True
2020-01-31 02:42:26.728000+00:00,,,,,5,Delicia de comida,Casa Res | Steak House (Mall del Sol),True
2022-04-28 13:36:25.775000+00:00,,,,,5,Excelente atención,Casa Res | Steak House (Mall del Sol),True
2023-11-03 02:16:52.929000+00:00,,4.0,4.0,4.0,4,,Casa Res | Steak House (Mall del Sol),False
2020-10-11 18:25:42.783000+00:00,,,,,5,Excelente servicio,Casa Res | Steak House (Mall del Sol),True
2024-04-08 02:49:23.643000+00:00,,5.0,5.0,5.0,5,EXCELENTE ATENCIÓN,Casa Res | Steak House (Mall del Sol),True
2020-03-19 11:18:30.943000+00:00,,,,,5,Muy buena,Casa Res | Steak House (Mall del Sol),True
2020-09-02 00:40:37.287000+00:00,,,,,5,Maravilloso,Casa Res | Steak House (Mall del Sol),True
2024-12-07 23:35:17.278000+00:00,,5.0,5.0,5.0,5,Delicioso!,Casa Res | Steak House (Mall del Sol),True
2021-08-07 17:23:00.995000+00:00,,,,,5,Excelente atención,Casa Res | Steak House (Mall del Sol),True
2020-10-14 18:44:37.195000+00:00,,,,,5,Excelente atención,Casa Res | Steak House (Mall del Sol),True
2020-08-18 20:06:11.609000+00:00,,,,,5,Excelente servicio,Casa Res | Steak House (Mall del Sol),True
2020-07-26 00:20:00.531000+00:00,,,,,5,Excelente atención,Casa Res | Steak House (Mall del Sol),True
2020-01-19 18:00:02.040000+00:00,,,,,5,Excelente atención,Casa Res | Steak House (Mall del Sol),True
2026-08-11 15:12:00.114000+00:00,,2.0,1.0,,1,"Pésimo servicio, atención muy mala, tardaron en traerme la comida, llegó fría",Casa Res | Steak House (Mall del Sol),True
2026-08-10 21:33:39.872000+00:00,,4.0,1.0,,5,Mi moro meloso no estaba gratinada porque una mesera no lo puso en mi orden. Pésimo servicio,Casa Res | Steak House (Mall del Sol),True
2026-08-07 22:32:20.097000+00:00,Sin espera,3.0,2.0,3.0,2,"Me tocó comer algo que no pedí, y la verdad ni disfruté, porque 2 veces me dijeron que ya no tenían un platillo.
La comida se demoró en llegar. Así que se tenía que picar lo de la mesa de guarniciones. Y cuando llegó la comida, ya todo estaba frío.",Casa Res | Steak House (Mall del Sol),True
2026-07-25 20:46:20.024000+00:00,,3.0,,1.0,1,"Deficiente atención en la entrada, no disponen de voluntad para atender al público, no se presenta personal para informar del servicio, espacio o tiempo de espera. Pasar 10 minutos sin ser atendidos en la recepción. No sé puede informar de la calidad del servicio precio, etc por retirarnos del local",Casa Res | Steak House (Mall del Sol),True
2026-07-13 03:23:32.373000+00:00,De 30 a 60 min,,,,5,"Una experiencia excelente de principio a fin. Probamos tanto los mariscos como los cortes de carne y todo estuvo espectacular. Los mariscos eran muy frescos, con un sabor increíble y perfectamente preparados. La carne, en su punto exacto, jugosa, tierna y de excelente calidad.
El servicio fue impecable: el personal siempre atento, amable y dispuesto a hacer recomendaciones. El ambiente es muy agradable, elegante y perfecto para disfrutar en familia, en pareja o con amigos.
Sin duda, uno de los mejores restaurantes que hemos visitado. Totalmente recomendado. ¡Definitivamente volveremos!",Casa Res | Steak House (Mall del Sol),True
2026-07-11 17:56:06.467000+00:00,De 10 a 30 min,5.0,5.0,5.0,5,"Todo delicioso la hamburguesa estaba muy buena y al término de la carne correcto, recomendado",Casa Res | Steak House (Mall del Sol),True
2020-03-03 17:05:48.534000+00:00,,,,,5,Excelente servicio,Casa Res | Steak House (Mall del Sol),True
2020-02-20 18:34:09.716000+00:00,,,,,5,San marino,Casa Res | Steak House (Mall del Sol),True
2023-08-19 20:50:26.784000+00:00,,5.0,5.0,5.0,5,"Next to Noe Sushi Bar, inside Mall del Sol... I start with salad 🥗 a variety of fresh local vegetables... And yes they know about steaks 🥩 chicken, pork and shrimps, also 🍔... Yes they have cocktails 🍹 and 🍷 wine or juice with  fruits... They have a ritual for your 🎂 birthday. I don't like to wait in line and they are very helpful about this need.",Casa Res | Steak House (Mall del Sol),True
2022-06-19 03:47:13.499000+00:00,,,,,3,"Mushroom had good flavour, the baked potato as a side was a good option. This restaurant has an unlimited salad bar. This restaurant is affordable for a steak house.",Casa Res | Steak House (Mall del Sol),True
2021-08-31 01:18:35.613000+00:00,,,,,5,Really great place. Nice decor fast helpful service. Tasty food and drinks. Good atmosphere.,Casa Res | Steak House (Mall del Sol),True
2024-07-24 01:19:04.797000+00:00,,5.0,5.0,5.0,5,"Casa Res, situato nel cuore di Mall del Sol a Guayaquil, offre un'esperienza culinaria eccezionalissima. La sua posizione strategica lo fa il luogo idealissimo per gustare il migliore cibo a base di carni, in un ambiente accoglientissimo e modernissimo. I piatti, deliziosamente preparati con ingredienti freschissimi e selezionatissimi. I prezzi sono ragionevolissimi considerando la qualità e l'atmosfera raffinatissima. Il servizio impeccabilissimo, assicurando un'esperienza memorabilissima. Casa Res è senza dubbio il destino gastronomico perfettissimo a Guayaquil. Secondo me è il migliore.",Casa Res | Steak House (Mall del Sol),True
2023-12-15 20:56:32.305000+00:00,,1.0,1.0,1.0,1,Food they bring was burned and sangria was mixed with something... look at the photos,Casa Res | Steak House (Mall del Sol),True
2023-05-09 15:08:58.195000+00:00,,2.0,2.0,1.0,1,"Meat quality is not good, not sure about that ""imported"" statement. Ribeye was very hard to chew. Appetizer arrived after entrées, had to ask the waiter for it. Salad bar looks unappetizing. Avoid it if you can.",Casa Res | Steak House (Mall del Sol),True
2023-03-31 17:07:07.722000+00:00,,,,,5,"Ambiente agradavel e confortavel. Atendimento foi agil e prestativo com informações diversas sobre menu e promoções. Os dois pratos pedidos, com cortes entregues no ponto solicitado, carne de qualidade superior, bem temperadas, e com acompanhamentos também bem temprados",Casa Res | Steak House (Mall del Sol),True
2020-01-08 01:00:44.635000+00:00,,,,,1,"Had lunch there today. Food arrived before drinks (!) , waiter was stressed. Manager couldn't care less about a request. Paying $30 per person for lunch there are many many places better and cheaper than this badly managed place. Ohh, and very noisy place one has to scream to have a conversation! NEVER AGAIN!!!",Casa Res | Steak House (Mall del Sol),True
2024-09-21 04:09:00.571000+00:00,,2.0,1.0,3.0,1,"The name is the only thing that sells and attracts, because the cuts of meat are far below the quality standard of a good restaurant with the prices they demand",Casa Res | Steak House (Mall del Sol),True
2020-11-27 13:21:02.441000+00:00,,,,,2,"It's good, but service is very slow, they took 40 min and the heated my steak sandwich in the microwave.",Casa Res | Steak House (Mall del Sol),True
2020-10-07 03:00:01.311000+00:00,,,,,5,Great place to share with Friends and family!,Casa Res | Steak House (Mall del Sol),True
2021-11-13 16:29:11.820000+00:00,,,,,5,"Good cuts, great salad bar.
Be there outside the most busy hours and you will have perfect service.",Casa Res | Steak House (Mall del Sol),True
2020-07-21 23:03:16.837000+00:00,,,,,5,Nice good. Excellent service,Casa Res | Steak House (Mall del Sol),True
2024-06-29 22:29:00.550000+00:00,,5.0,5.0,5.0,5,Very good value steak highly recommended,Casa Res | Steak House (Mall del Sol),True
2023-07-02 18:57:50.989000+00:00,,4.0,3.0,1.0,3,Service too slow and you need to ask at least 3 times to get your order.,Casa Res | Steak House (Mall del Sol),True
2020-02-09 03:46:40.845000+00:00,,,,,5,Excelente food and courteous service!!,Casa Res | Steak House (Mall del Sol),True
2021-07-19 03:15:01.755000+00:00,,,,,5,,Casa Res | Steak House (Mall del Sol),False
2020-11-19 03:58:44.930000+00:00,,,,,4,,Casa Res | Steak House (Mall del Sol),False
2020-02-21 20:38:38.173000+00:00,,,,,5,The best meat that I have been eat,Casa Res | Steak House (Mall del Sol),True
2023-10-07 19:52:26.581000+00:00,,4.0,5.0,4.0,5,"Une trés bonne viande
Je conseil",Casa Res | Steak House (Mall del Sol),True
2022-02-14 12:41:11.415000+00:00,,,,,5,,Casa Res | Steak House (Mall del Sol),False
2020-02-23 02:20:51.298000+00:00,,,,,5,Super recomendado excelente comida,Casa Res | Steak House (Mall del Sol),True
2021-11-20 22:22:01.239000+00:00,,,,,5,Delicious steaks with amazing views and space,Casa Res | Steak House (Mall del Sol),True
2022-05-02 05:21:11.286000+00:00,,,,,5,Great place to eat in or outdoor.,Casa Res | Steak House (Mall del Sol),True
2020-12-31 14:18:10.234000+00:00,,,,,5,,Casa Res | Steak House (Mall del Sol),False
2020-01-14 23:09:54.612000+00:00,,,,,5,,Casa Res | Steak House (Mall del Sol),False
2020-12-19 17:40:58.478000+00:00,,,,,5,,Casa Res | Steak House (Mall del Sol),False
2022-04-19 05:09:25.994000+00:00,,,,,5,,Casa Res | Steak House (Mall del Sol),False
2022-11-03 23:35:20.370000+00:00,,5.0,5.0,5.0,5,,Casa Res | Steak House (Mall del Sol),False
2026-05-08 11:54:50.568000+00:00,,4.0,4.0,4.0,4,,Casa Res | Steak House (Mall del Sol),False
2026-05-27 17:27:12.170000+00:00,,4.0,4.0,4.0,5,,Casa Res | Steak House (Mall del Sol),False
2026-05-18 19:52:44.663000+00:00,,4.0,5.0,4.0,5,,Casa Res | Steak House (Mall del Sol),False
2022-03-20 22:30:06.246000+00:00,,,,,4,,Casa Res | Steak House (Mall del Sol),False
2026-01-31 01:54:49.777000+00:00,,4.0,4.0,4.0,4,,Casa Res | Steak House (Mall del Sol),False
2022-04-10 03:47:34.500000+00:00,,,,,5,Great wine.,Casa Res | Steak House (Mall del Sol),True
2022-01-04 11:38:27.481000+00:00,,,,,5,Ok,Casa Res | Steak House (Mall del Sol),True
2021-12-11 02:52:05.187000+00:00,,,,,4,Good service,Casa Res | Steak House (Mall del Sol),True
2022-04-25 10:53:10.488000+00:00,,,,,3,보통의 스테이크 하우스.,Casa Res | Steak House (Mall del Sol),True
2025-10-10 01:50:54.749000+00:00,Hasta 10 min,5.0,5.0,5.0,5,,Casa Res | Steak House (Mall del Sol),False
2025-09-18 16:57:15.948000+00:00,,4.0,5.0,4.0,4,,Casa Res | Steak House (Mall del Sol),False
2025-02-27 17:43:45.759000+00:00,,5.0,5.0,5.0,5,,Casa Res | Steak House (Mall del Sol),False
2025-05-03 20:47:35.402000+00:00,Hasta 10 min,3.0,4.0,4.0,4,,Casa Res | Steak House (Mall del Sol),False
2025-04-25 12:20:37.370000+00:00,,3.0,3.0,3.0,3,,Casa Res | Steak House (Mall del Sol),False
2025-04-23 22:12:08.027000+00:00,,5.0,5.0,5.0,5,,Casa Res | Steak House (Mall del Sol),False
2025-01-27 15:25:44.896000+00:00,,4.0,4.0,4.0,5,,Casa Res | Steak House (Mall del Sol),False
2024-09-29 20:38:41.169000+00:00,,5.0,5.0,5.0,5,,Casa Res | Steak House (Mall del Sol),False
2024-12-29 05:54:47.283000+00:00,,5.0,5.0,5.0,5,,Casa Res | Steak House (Mall del Sol),False
2024-11-24 04:31:08.339000+00:00,,3.0,3.0,2.0,3,,Casa Res | Steak House (Mall del Sol),False
2025-01-02 21:07:34.766000+00:00,,3.0,,1.0,2,,Casa Res | Steak House (Mall del Sol),False
2024-11-16 22:20:29.649000+00:00,,4.0,4.0,5.0,4,,Casa Res | Steak House (Mall del Sol),False
2024-11-09 02:37:53.983000+00:00,,4.0,5.0,4.0,5,,Casa Res | Steak House (Mall del Sol),False
2020-02-06 16:46:36.565000+00:00,,,,,5,Super,Casa Res | Steak House (Mall del Sol),True
2024-10-20 02:17:11.056000+00:00,,3.0,3.0,3.0,3,,Casa Res | Steak House (Mall del Sol),False
2024-10-03 01:53:15.941000+00:00,,5.0,5.0,3.0,5,,Casa Res | Steak House (Mall del Sol),False
2024-09-14 19:57:24.679000+00:00,,5.0,5.0,5.0,5,,Casa Res | Steak House (Mall del Sol),False
2024-09-01 17:33:43.808000+00:00,,5.0,5.0,5.0,5,,Casa Res | Steak House (Mall del Sol),False
2024-05-18 22:29:39.075000+00:00,,5.0,5.0,5.0,5,,Casa Res | Steak House (Mall del Sol),False
2024-06-06 16:01:59.212000+00:00,,5.0,5.0,5.0,5,,Casa Res | Steak House (Mall del Sol),False
2024-06-16 21:50:47.514000+00:00,,1.0,1.0,1.0,1,,Casa Res | Steak House (Mall del Sol),False
2024-04-14 04:30:27.550000+00:00,,4.0,4.0,4.0,4,,Casa Res | Steak House (Mall del Sol),False
2024-04-24 02:49:20.432000+00:00,,5.0,5.0,5.0,5,,Casa Res | Steak House (Mall del Sol),False
2024-03-03 23:23:00.834000+00:00,,3.0,3.0,3.0,3,,Casa Res | Steak House (Mall del Sol),False
2024-04-10 20:55:14.353000+00:00,,4.0,4.0,4.0,4,,Casa Res | Steak House (Mall del Sol),False
2024-03-26 02:52:13.328000+00:00,,5.0,5.0,4.0,5,,Casa Res | Steak House (Mall del Sol),False
2024-03-26 11:41:57.128000+00:00,,3.0,3.0,3.0,3,,Casa Res | Steak House (Mall del Sol),False
2024-03-13 21:51:40.809000+00:00,,5.0,5.0,5.0,5,,Casa Res | Steak House (Mall del Sol),False
2024-02-28 17:39:12.536000+00:00,,5.0,5.0,5.0,5,,Casa Res | Steak House (Mall del Sol),False
2024-03-04 21:37:31.908000+00:00,,4.0,5.0,4.0,4,,Casa Res | Steak House (Mall del Sol),False
2024-02-14 21:56:55.894000+00:00,,5.0,5.0,5.0,5,,Casa Res | Steak House (Mall del Sol),False
2023-12-25 19:32:38.355000+00:00,,5.0,5.0,5.0,5,,Casa Res | Steak House (Mall del Sol),False
2023-08-24 14:55:44.369000+00:00,,5.0,5.0,5.0,5,,Casa Res | Steak House (Mall del Sol),False
2023-11-09 16:12:52.096000+00:00,,3.0,4.0,4.0,4,,Casa Res | Steak House (Mall del Sol),False
2023-10-20 19:42:13.913000+00:00,,5.0,1.0,5.0,1,,Casa Res | Steak House (Mall del Sol),False
2023-10-20 00:42:29.927000+00:00,,5.0,4.0,4.0,3,,Casa Res | Steak House (Mall del Sol),False
2023-10-18 00:11:05.751000+00:00,,,,,5,,Casa Res | Steak House (Mall del Sol),False
2023-10-07 19:52:06.070000+00:00,,5.0,5.0,5.0,5,,Casa Res | Steak House (Mall del Sol),False
2023-10-01 17:34:36.584000+00:00,,5.0,5.0,5.0,5,,Casa Res | Steak House (Mall del Sol),False
2023-08-09 13:03:45.830000+00:00,,5.0,5.0,3.0,4,,Casa Res | Steak House (Mall del Sol),False
2023-04-27 01:48:41.806000+00:00,,5.0,5.0,5.0,5,,Casa Res | Steak House (Mall del Sol),False
2023-05-07 15:05:58.799000+00:00,,4.0,4.0,3.0,4,,Casa Res | Steak House (Mall del Sol),False
2022-11-10 00:47:24.214000+00:00,,5.0,5.0,5.0,5,,Casa Res | Steak House (Mall del Sol),False
2023-01-26 22:29:11.211000+00:00,,4.0,,,3,,Casa Res | Steak House (Mall del Sol),False
2022-10-29 23:56:49.982000+00:00,,5.0,5.0,5.0,5,,Casa Res | Steak House (Mall del Sol),False
2022-11-04 04:39:58.432000+00:00,,3.0,5.0,5.0,5,,Casa Res | Steak House (Mall del Sol),False
2022-06-05 17:48:53.715000+00:00,,,,,5,Comida boa.,Casa Res | Steak House (Mall del Sol),True
2022-11-05 17:07:41.953000+00:00,,5.0,5.0,5.0,5,,Casa Res | Steak House (Mall del Sol),False
2022-10-21 23:15:43.483000+00:00,,5.0,5.0,5.0,5,,Casa Res | Steak House (Mall del Sol),False
2022-10-20 23:51:20.885000+00:00,,3.0,5.0,4.0,5,,Casa Res | Steak House (Mall del Sol),False
2022-09-16 18:13:52.023000+00:00,,,,,5,,Casa Res | Steak House (Mall del Sol),False
2022-04-01 04:24:10.015000+00:00,,,,,5,,Casa Res | Steak House (Mall del Sol),False
2025-09-01 17:30:21.303000+00:00,Hasta 10 min,5.0,5.0,5.0,5,,Casa Res | Steak House (Mall del Sol),False
2021-08-26 19:12:02.197000+00:00,,,,,5,,Casa Res | Steak House (Mall del Sol),False
2020-02-23 19:25:27.388000+00:00,,,,,4,Goog food.,Casa Res | Steak House (Mall del Sol),True
2022-09-24 20:37:46.443000+00:00,,,,,5,,Casa Res | Steak House (Mall del Sol),False
2022-05-16 16:00:51.411000+00:00,,,,,5,,Casa Res | Steak House (Mall del Sol),False
2022-05-09 16:14:39.883000+00:00,,,,,5,,Casa Res | Steak House (Mall del Sol),False
2022-03-22 15:53:05.332000+00:00,,,,,2,,Casa Res | Steak House (Mall del Sol),False
2022-03-21 16:10:51.262000+00:00,,,,,5,,Casa Res | Steak House (Mall del Sol),False
2021-12-04 20:56:16.655000+00:00,,,,,5,,Casa Res | Steak House (Mall del Sol),False
2021-09-24 01:37:01.941000+00:00,,,,,5,,Casa Res | Steak House (Mall del Sol),False
2021-09-01 03:17:21.779000+00:00,,,,,5,,Casa Res | Steak House (Mall del Sol),False
2021-08-18 03:13:54.314000+00:00,,,,,5,,Casa Res | Steak House (Mall del Sol),False
2021-08-17 03:05:36.221000+00:00,,,,,5,,Casa Res | Steak House (Mall del Sol),False
2021-07-01 11:41:43.258000+00:00,,,,,5,,Casa Res | Steak House (Mall del Sol),False
2021-03-02 16:30:12.699000+00:00,,,,,5,,Casa Res | Steak House (Mall del Sol),False
2020-12-14 03:30:45.413000+00:00,,,,,4,,Casa Res | Steak House (Mall del Sol),False
2020-09-03 03:29:54.684000+00:00,,,,,5,,Casa Res | Steak House (Mall del Sol),False
2020-07-13 01:14:13.139000+00:00,,,,,5,,Casa Res | Steak House (Mall del Sol),False
2020-03-05 01:21:30.851000+00:00,,,,,5,,Casa Res | Steak House (Mall del Sol),False
2020-03-01 04:49:52.527000+00:00,,,,,5,,Casa Res | Steak House (Mall del Sol),False
2020-02-23 02:39:42.185000+00:00,,,,,5,,Casa Res | Steak House (Mall del Sol),False
2020-02-13 20:17:53.999000+00:00,,,,,5,,Casa Res | Steak House (Mall del Sol),False
2020-01-23 01:00:31.990000+00:00,,,,,5,,Casa Res | Steak House (Mall del Sol),False
2026-08-08 03:44:36.692000+00:00,,4.0,4.0,4.0,4,"Tiene buenas promos pero solo para pagos en efectivo. Sin embargo, es sustancioso y quedas lleno.",Don Parrilla Steak House - Urdesa,True
2026-07-31 23:18:50.045000+00:00,,,,,5,,Don Parrilla Steak House - Urdesa,False
2026-07-14 11:41:36.300000+00:00,,,,,4,,Don Parrilla Steak House - Urdesa,False
2026-06-29 13:25:33.385000+00:00,,,,,5,,Don Parrilla Steak House - Urdesa,False
2026-06-27 23:23:52.978000+00:00,,,,,5,Fui con mi familia el dia del 2do. partido de la selección. La parrillada para 5 personas muy buen la recomiendo buena sazón ...la atención excelente 👍,Don Parrilla Steak House - Urdesa,True
2026-06-01 02:26:30.926000+00:00,,5.0,5.0,5.0,5,,Don Parrilla Steak House - Urdesa,False
2026-05-21 23:39:57.288000+00:00,,5.0,5.0,5.0,5,Delicioso atentos buenos precios,Don Parrilla Steak House - Urdesa,True
2026-05-20 18:53:24.182000+00:00,,3.0,1.0,5.0,1,mejor comida por el mismo precio en magma y rukito,Don Parrilla Steak House - Urdesa,True
2026-05-12 06:24:47.221000+00:00,,,,,5,,Don Parrilla Steak House - Urdesa,False
2026-05-09 17:51:19.236000+00:00,,3.0,5.0,5.0,4,,Don Parrilla Steak House - Urdesa,False
2026-05-03 21:25:39.780000+00:00,,4.0,4.0,5.0,5,Muy buen sitio. Buenos precios,Don Parrilla Steak House - Urdesa,True
2026-04-28 04:24:06.122000+00:00,,4.0,3.0,4.0,3,,Don Parrilla Steak House - Urdesa,False
2026-04-12 15:23:48.249000+00:00,,5.0,5.0,5.0,5,,Don Parrilla Steak House - Urdesa,False
2026-04-01 21:47:47.731000+00:00,,,,,5,,Don Parrilla Steak House - Urdesa,False
2026-03-19 13:38:47.810000+00:00,,,,,5,,Don Parrilla Steak House - Urdesa,False
2026-03-09 23:23:10.581000+00:00,,4.0,4.0,5.0,4,,Don Parrilla Steak House - Urdesa,False
2026-03-01 03:55:13.594000+00:00,,4.0,3.0,3.0,5,,Don Parrilla Steak House - Urdesa,False
2026-02-17 16:52:11.614000+00:00,,,,,5,,Don Parrilla Steak House - Urdesa,False
2026-02-07 21:01:11.664000+00:00,,,,,5,,Don Parrilla Steak House - Urdesa,False
2026-01-31 23:39:26.028000+00:00,,,4.0,5.0,4,"La comida muy buena; sabor exquisito, pero en esta ocasión decidí pedir a domicilio y el moro llegó en poca cantidad, no se compara a la cantidad que sirven en el local, así que recomendaría consumir en el local.",Don Parrilla Steak House - Urdesa,True
2026-01-29 19:00:20.912000+00:00,,5.0,5.0,5.0,5,"Buena atención! El arroz súper chicloso, estaba delicioso! Bonita decoración",Don Parrilla Steak House - Urdesa,True
2026-01-17 00:23:54.430000+00:00,,3.0,4.0,3.0,4,,Don Parrilla Steak House - Urdesa,False
2026-01-03 00:20:03.158000+00:00,,,4.0,3.0,3,,Don Parrilla Steak House - Urdesa,False
2025-12-29 22:58:46.167000+00:00,,5.0,5.0,5.0,5,Bonito,Don Parrilla Steak House - Urdesa,True
2025-12-21 02:57:29.999000+00:00,,,,,3,,Don Parrilla Steak House - Urdesa,False
2025-12-12 01:23:59.196000+00:00,,5.0,5.0,5.0,5,,Don Parrilla Steak House - Urdesa,False
2025-11-20 02:05:19.122000+00:00,,5.0,5.0,5.0,5,,Don Parrilla Steak House - Urdesa,False
2025-10-03 04:00:23.477000+00:00,,,,,4,,Don Parrilla Steak House - Urdesa,False
2025-09-28 00:19:14.896000+00:00,,5.0,5.0,5.0,5,Exelente,Don Parrilla Steak House - Urdesa,True
2025-09-19 02:56:25.099000+00:00,,4.0,4.0,4.0,5,,Don Parrilla Steak House - Urdesa,False
2025-09-13 04:02:38.603000+00:00,,5.0,3.0,3.0,5,,Don Parrilla Steak House - Urdesa,False
2025-09-04 05:55:14.062000+00:00,Hasta 10 min,,5.0,,5,Excelente la promoción de picaña,Don Parrilla Steak House - Urdesa,True
2025-09-01 03:53:04.861000+00:00,,5.0,5.0,5.0,5,"Muy buena sazon, delicioso.",Don Parrilla Steak House - Urdesa,True
2025-08-26 20:32:53.660000+00:00,,2.0,2.0,2.0,2,"1. Hablando de la promoción, era poco lo que sirvieron para lo que se veia en redes sociales.
2. Los patacones simples.
3. La mayonesa era la común o por lo menos la mayonesa de albahaca de botella pero ni eso.
4. El moro normal pero poco.
5. La costilla sabía bien pero no estaba bien cocida así que se tuvo que mandar a cocción otra vez",Don Parrilla Steak House - Urdesa,True
2025-08-25 23:56:48.661000+00:00,Hasta 10 min,4.0,4.0,4.0,3,,Don Parrilla Steak House - Urdesa,False
2025-08-22 13:19:08.429000+00:00,,,,,4,,Don Parrilla Steak House - Urdesa,False
2025-08-12 16:07:24.964000+00:00,,4.0,5.0,4.0,4,"La cómoda es muy rica y su servicio es eficiente, siempre solicito servicio a domicilio...me gusta",Don Parrilla Steak House - Urdesa,True
2025-08-12 02:46:28.758000+00:00,Sin espera,5.0,5.0,5.0,5,"Realmente deli, sus promociones son muy buenas, aunque su arroz con moro estaba bastante aguado pero igual para los precios y todo estaba bastante bueno, sus micheladas son ufff",Don Parrilla Steak House - Urdesa,True
2025-08-07 00:49:45.078000+00:00,,,,,5,Muy buena la comida,Don Parrilla Steak House - Urdesa,True
2025-08-04 18:08:37.622000+00:00,,,,,5,,Don Parrilla Steak House - Urdesa,False
2025-08-03 02:11:49.983000+00:00,,3.0,2.0,1.0,1,,Don Parrilla Steak House - Urdesa,False
2025-07-31 03:55:02.456000+00:00,,5.0,5.0,5.0,5,,Don Parrilla Steak House - Urdesa,False
2025-07-20 19:37:32.953000+00:00,,1.0,1.0,1.0,1,"Fuimos a las dos a la sede de Urdesa, al llegar el lugar casi vacio y aún así nos tuvieron media hora esperando y nunca nos tomaron la orden. Pésimo todo.",Don Parrilla Steak House - Urdesa,True
2025-07-11 23:43:56.560000+00:00,Hasta 10 min,4.0,4.0,4.0,2,Rico pero las porciones se han reducido. Ya no dan entradas de cortesía.,Don Parrilla Steak House - Urdesa,True
2025-06-29 14:03:45.859000+00:00,,5.0,5.0,5.0,5,Excelente,Don Parrilla Steak House - Urdesa,True
2025-06-15 00:14:08.679000+00:00,,5.0,5.0,5.0,5,,Don Parrilla Steak House - Urdesa,False
2025-06-14 21:38:53.895000+00:00,,3.0,1.0,1.0,1,"Horrible la comida , no les recomiendo la comida es fría , las páncetas tenían un olor feo, los jugos son aguachentos. No gasten en vano porque el dinero es duro hacer y da pena perderlo así .",Don Parrilla Steak House - Urdesa,True
2025-06-11 04:15:48.507000+00:00,,5.0,5.0,5.0,5,Excelente lugar,Don Parrilla Steak House - Urdesa,True
2025-05-27 04:32:03.777000+00:00,Hasta 10 min,5.0,4.0,4.0,4,,Don Parrilla Steak House - Urdesa,False
2025-05-18 10:45:39.596000+00:00,,,,,5,,Don Parrilla Steak House - Urdesa,False
2025-05-16 21:12:12.436000+00:00,,2.0,2.0,1.0,1,"Pésima atención, una hora para que lleguen los platos, y el local estaba vacío.",Don Parrilla Steak House - Urdesa,True
2025-05-14 05:03:10.328000+00:00,,5.0,4.0,5.0,4,"Servicio y ambiente excelente, la comida estuvo buena, aunque la sentí un poco salada",Don Parrilla Steak House - Urdesa,True
2025-05-12 01:17:13.577000+00:00,Hasta 10 min,3.0,3.0,3.0,3,,Don Parrilla Steak House - Urdesa,False
2025-05-11 21:51:30.644000+00:00,,,,,4,,Don Parrilla Steak House - Urdesa,False
2025-04-29 00:44:46.083000+00:00,,5.0,5.0,5.0,5,"Es muy buen lugar para comer, por lo general la comida no demora mucho en servir. Los colaboradores están prestos para ayudarte en lo que necesites.",Don Parrilla Steak House - Urdesa,True
2025-04-24 11:08:12.717000+00:00,,4.0,5.0,5.0,5,Muy rico el arroz con menestra y carne,Don Parrilla Steak House - Urdesa,True
2025-04-22 01:53:28.658000+00:00,,,,,2,"2 estrellas por que la proteína es asada al gas, de ahí el moro muy bueno y la mayonesa a opinión personal no regresaría hay lugares más baratos y mejor comida en Guayaquil si te gustan los asados sabrás apreciar un corte al carbón, no te va a gustar un corte asado a gas...",Don Parrilla Steak House - Urdesa,True
2025-04-16 04:49:01.741000+00:00,,1.0,,1.0,1,"Pésimo servicio ofrecen combos en redes sociales y al momento de ir específicamente en Urdesa, me salen con que debo de comprar 2 colas por cada combo, encima fui claro en mi pedido y me dieron lo que les dió la gana y como ya estaba cobrado no podía reclamar porque no podían hacer cambios a pesar de que les especifique mi pedido",Don Parrilla Steak House - Urdesa,True
2025-04-13 04:45:26.303000+00:00,,5.0,5.0,5.0,5,,Don Parrilla Steak House - Urdesa,False
2025-04-10 19:09:20.295000+00:00,,5.0,5.0,5.0,5,Espectacular... Delicioso... Excelente atención...,Don Parrilla Steak House - Urdesa,True
2025-04-10 19:09:05.468000+00:00,,5.0,5.0,5.0,5,,Don Parrilla Steak House - Urdesa,False
2025-04-07 20:37:15.285000+00:00,,5.0,5.0,5.0,5,,Don Parrilla Steak House - Urdesa,False
2025-04-07 00:26:34.514000+00:00,,5.0,4.0,4.0,4,Demasiada espera pese a que el local no estaba lleno.,Don Parrilla Steak House - Urdesa,True
2025-04-06 19:06:51.735000+00:00,,5.0,5.0,5.0,5,Riquísimo!! Volveré sin duda,Don Parrilla Steak House - Urdesa,True
2025-04-06 14:33:48.694000+00:00,,5.0,3.0,5.0,5,"El ambiente me pareció bueno, no pude ver más el local, porque estuve sentado en la entrada, se que hay planta alta, la comida es buena precios aceptables de estos tipos de locales en Urdesa, pedí un combo que lo anunciaban en redes, me pareció super accesible para 2 personas por un valor de $11, (moro con queso bien sopudo, patacón y en un plato costilla y en el otro cerdo), el jugo pensé que lo preparaban en ese momento, ya me fijé que compran botellones de jugo preparado (el carro dejaba los jugos en ese momento), considero que si le falta que los platos tengan ese toque único de un lugar, porque es muy común a todos los lugares que hacen parrilla. En cuanto al lugar casi me confundo, porque tiene el letrero a lado donde está otro negocio, sin embargo ""Don parrilla"" quedaba a un lado, afuera hay parquímetro en caso que deseas estacionarte cerca o detrás del mismo local Don parrilla, con cuidador.
Me parece un lugar agradable que se puede disfrutar para momentos, eso sí se llena.",Don Parrilla Steak House - Urdesa,True
2025-04-05 04:53:35.277000+00:00,,2.0,5.0,3.0,5,,Don Parrilla Steak House - Urdesa,False
2025-04-04 18:27:31.877000+00:00,,,,,4,Actualizar los horarios,Don Parrilla Steak House - Urdesa,True
2025-04-03 02:43:26.812000+00:00,,1.0,1.0,1.0,1,"La peor experiencia, 55 minutos de espera, mala actitud, mala atención
Bebidas pura agua.. pésimo todo!!! No lo recomiendo hay muchos lugares mejores y que no te tratan mal.",Don Parrilla Steak House - Urdesa,True
2025-03-31 01:13:16.814000+00:00,,3.0,,1.0,3,No llegamos a comer por la mala atención.,Don Parrilla Steak House - Urdesa,True
2025-03-29 22:17:16.645000+00:00,,5.0,5.0,5.0,5,,Don Parrilla Steak House - Urdesa,False
2025-03-23 00:43:11.736000+00:00,,3.0,2.0,2.0,2,"El servicio del cocinero y el tiempo de espera es terrible, pan de ajo quemado, demoraron demasiado para traer un pollo (30min), la mesera estuvo super bien, la queja es más que nada para el cocinero, la picaña no parecía picaña, tenía un hueso medio raro que no viene en la picaña y el arroz muy salado.",Don Parrilla Steak House - Urdesa,True
2025-03-20 00:55:49.531000+00:00,,5.0,5.0,5.0,5,"Buen lugar, en un buen sector y platos deliciosos.",Don Parrilla Steak House - Urdesa,True
2025-03-19 03:25:10.327000+00:00,,5.0,5.0,5.0,5,"Muy buen lugar, la comida es muy buena, el servicio excelente y tiempo de espera no es alto, hay buenas promociones. El lugar es tranquilo con música ligera. Recomendado",Don Parrilla Steak House - Urdesa,True
2025-03-16 23:50:15.175000+00:00,,5.0,4.0,5.0,5,,Don Parrilla Steak House - Urdesa,False
2025-03-10 04:08:21.891000+00:00,,5.0,5.0,5.0,5,,Don Parrilla Steak House - Urdesa,False
2025-03-06 05:53:49.626000+00:00,,1.0,1.0,1.0,1,,Don Parrilla Steak House - Urdesa,False
2025-03-01 01:14:18.368000+00:00,,5.0,5.0,5.0,5,,Don Parrilla Steak House - Urdesa,False
2025-02-28 20:00:24.088000+00:00,,5.0,5.0,5.0,5,,Don Parrilla Steak House - Urdesa,False
2025-02-22 02:18:21.341000+00:00,,5.0,5.0,4.0,4,"La comida muy buena, el servicio más o menos se equivocaron al repartir los platos, pero lo bueno que si son convienes.

Si es bueno",Don Parrilla Steak House - Urdesa,True
2025-02-21 01:49:01.144000+00:00,,,,,5,Genial llevas tu cédula y te cantan happy birthday,Don Parrilla Steak House - Urdesa,True
2025-02-18 15:36:53.988000+00:00,,5.0,5.0,5.0,5,"Excelente atención , buen ambiente y rica comida",Don Parrilla Steak House - Urdesa,True
2025-02-17 20:15:04.174000+00:00,,1.0,5.0,1.0,1,"YO REALICÉ UNA RESERVACIÓN ME PROMETIERON PONER LA MÚSICA QUE YO QUISIERA Y DECORAR CON GLOBOS EN FIN FUI CON MI FAMILIA Y AMBAS COSAS QUE PEDI JAMAS LO HICIERON, LO PEOR DE TODO QUE ERA SAN VALENTÍN Y NI UN ARREGLO EN MI MESA O POR LO MENOS EN EL PISO DONDE ESTABA PÉSIMO PÉSIMO LO ÚNICO DE BUENO LA COMIDA",Don Parrilla Steak House - Urdesa,True
2025-02-11 15:50:44.031000+00:00,,5.0,5.0,5.0,5,,Don Parrilla Steak House - Urdesa,False
2025-02-09 18:30:41.414000+00:00,,5.0,5.0,4.0,5,,Don Parrilla Steak House - Urdesa,False
2025-02-08 03:37:51.474000+00:00,,3.0,2.0,2.0,2,"Quedé desilusionada , la comida no fue lo que esperaba , trajeron los platos fuertes pero sin los cubiertos, pedí un T-bone que me lo sirvieron frío, de sabor bien simple.. que no me lo pude comer .. pedimos unas papas fritas que también estaban frías y aguadas , el jugo todo aguachento, hasta para cobrar se demoran demasiado, tenía muchas expectativas de este lugar pero salí decepcionada .. no sé si está atención fue mala por hoy pero de seguro no regresaré..",Don Parrilla Steak House - Urdesa,True
2025-02-03 19:14:24.386000+00:00,,5.0,5.0,5.0,5,,Don Parrilla Steak House - Urdesa,False
2025-01-29 20:30:18.225000+00:00,,,,,1,"NO PIERDAN TIEMPO Y DINERO!
Hacen esperar mucho tiempo para una comida cara , fría y sin sazón.
Patacones duros , carne sazonada con agua y el arroz en porción para gato.
Hicimos una reserva para 50 personas ( a nadie le gustó la comida) nos atendía un mesero, pésima organización.
SI QUIERES GASTAR MUCHO CON POCA COMIDA Y ADEMÁS SIN SABOR Y FRÍA ESTE ES EL LUGAR INDICADO.",Don Parrilla Steak House - Urdesa,True
2025-01-27 15:02:40.690000+00:00,,4.0,4.0,4.0,4,Falta mejorar la preparación y controlar los términos,Don Parrilla Steak House - Urdesa,True
2025-01-26 02:16:13.521000+00:00,,2.0,5.0,2.0,2,"Mala experiencia, había solo una reserva y le dieron prioridad solo a esa reserva, mientras habían más mesas llenas las cuales tuvieron que esperar 1 hora y media para ser atendidos, la comida super pero el servicio malo",Don Parrilla Steak House - Urdesa,True
2025-01-23 01:25:21.669000+00:00,,1.0,1.0,1.0,1,Fatal la atención a domicilio.,Don Parrilla Steak House - Urdesa,True
2025-01-18 20:14:10.211000+00:00,,1.0,1.0,1.0,1,"El Guardia me Dijo ""no puedes entrar, Este lugAr es solo reserva "". Obvio, salio UN mesero a decir qué ese No es el caso. Finalmente he decidido No ordenar, ya q me parece q ESO es validar la mala conducta grosera de ese Guardia de seguridad. Por lo q me ire a comer a Otro lado.",Don Parrilla Steak House - Urdesa,True
2025-01-14 20:30:20.823000+00:00,,5.0,5.0,5.0,5,Una sola cosas diré tiene las 3B,Don Parrilla Steak House - Urdesa,True
2025-01-09 19:47:04.928000+00:00,,5.0,5.0,5.0,5,,Don Parrilla Steak House - Urdesa,False
2025-01-04 00:23:44.250000+00:00,,5.0,5.0,5.0,5,,Don Parrilla Steak House - Urdesa,False
2024-12-29 15:54:57.871000+00:00,Sin espera,4.0,4.0,4.0,4,,Don Parrilla Steak House - Urdesa,False
2024-12-17 02:36:07.069000+00:00,,2.0,3.0,2.0,3,,Don Parrilla Steak House - Urdesa,False
2024-12-16 20:35:16.265000+00:00,,5.0,5.0,5.0,5,,Don Parrilla Steak House - Urdesa,False
2024-12-10 07:47:56.336000+00:00,,,,,5,,Don Parrilla Steak House - Urdesa,False
2024-12-02 03:22:19.503000+00:00,,5.0,4.0,5.0,5,"La comida muy rica, la atención es 10/10, el ambiente es muy agradable, no es muy ruidoso, a pasear de estar lleno, la iluminación es buena, dejan entrar perritos lo cual es un super plus!
Desde el guardia de la entrada todos son muy educados
Comimos panceta incluia 1 moro, ensalada, papitas y alcanzó para 2, aparte, una jarra de chicha morada, y 4 canastas y se hizo $35,00 aprox un poquito menos, el moro riquísimo,
Lo voy a recomendar!",Don Parrilla Steak House - Urdesa,True
2024-11-14 14:23:58.322000+00:00,,1.0,1.0,1.0,1,"Muy mala experiencia realmente, el piqueo mixto de ""lomo"" y pollo que tiene un valor de $20 es deprimente, la carne absolutamente de no mala sino pésima calidad eso no es lomo, fria, y en poca cantidad, esperé 27min por el plato y llego totalmente frío, bueno exepto el pollo que si estába tibio pero seco. Sugerí si podía cambiar los patacones por papas a lo que me respondieron que NO por cuestiones de inventario. También pedí un choclo asado $4 estaba totalmente tieso y frío, el jugo de mora no estaba malo pero tampoco podría calificarlo cómo bueno, solo aceptable, en cuanto a espacio, es muy reducido y los meseros tropiezan todo el tiempo con los clientes (hacen su esfuerzo) tenia música en vivo ese día (9 de nov) no tiene un espacio como tal para estacionamiento.",Don Parrilla Steak House - Urdesa,True
2024-11-03 23:05:22.426000+00:00,,5.0,5.0,5.0,5,"Excelente servicio,un lugar muy agradable, y su comida deliciosa.
Todo a buen precio y extras para los cumpleañeros.",Don Parrilla Steak House - Urdesa,True
2024-10-31 01:41:05.559000+00:00,,,,,1,"Pedí una picada de pollo de 200gr y me comunicaron que por el momento solo tienen disponible la familiar de 400gr, no encuentro lógico a por qué pediría una porción tan grande para mi, cuando bien podrían solo disminuir la porción para que se transforme en una de 200gr.",Don Parrilla Steak House - Urdesa,True
2024-10-29 12:58:58.031000+00:00,,,,,4,,Don Parrilla Steak House - Urdesa,False
2024-10-21 21:05:34.951000+00:00,,4.0,5.0,3.0,5,,Don Parrilla Steak House - Urdesa,False
2024-10-18 16:48:38.277000+00:00,,5.0,5.0,5.0,5,,Don Parrilla Steak House - Urdesa,False
2024-10-11 20:08:49.196000+00:00,,,,,5,,Don Parrilla Steak House - Urdesa,False
2024-10-10 02:39:59.059000+00:00,,4.0,1.0,3.0,2,"El único punto rescatable de este lugar fue el local. La atención fue excelente al inicio, pero al momento de cobrar NO entregan vuelto. Lo resalto porque hizo esto con 2 cuentas. En temas de comida, el moro es bueno pero si pides salsa extra (un potecito pequeño) te cobran $2 extra, y al parecer el que los cortes estén CRUDOS es algo normal aquí, porque pasó con 4 cortes diferentes, y al salir se escuchaba que el mesero decía a la cocina ""más cocción"". Si no puedes hacer un término, no lo ofrezcas. Estos detalles arruinaron lo que pudo haber sido un buen lugar para comer. No volveré.",Don Parrilla Steak House - Urdesa,True
2024-10-06 01:10:05.630000+00:00,,5.0,4.0,5.0,5,"Buena comida y atención.
Los moros tenían excelente sazón.
Hubiera preferido que las carnes estén calientes.
Había show en vivo y el artista cantó el feliz cumpleaños 🎂
En la zona no hay mucho espacio para estacionarse.",Don Parrilla Steak House - Urdesa,True
2024-09-18 01:17:37.701000+00:00,,5.0,5.0,5.0,5,Excelente lugar para disfrutar una deliciosa comida en familia. 👌,Don Parrilla Steak House - Urdesa,True
2024-09-15 21:16:48.716000+00:00,,5.0,3.0,5.0,4,"Excelente atención y ambiente. Las carnes bien, los acompañantes sí tienen mucho que mejorar.",Don Parrilla Steak House - Urdesa,True
2024-08-20 13:34:55.505000+00:00,,5.0,4.0,3.0,4,,Don Parrilla Steak House - Urdesa,False
2024-08-20 03:06:10.983000+00:00,,5.0,5.0,5.0,5,,Don Parrilla Steak House - Urdesa,False
2024-08-18 23:58:53.120000+00:00,,,,,5,Execelente,Don Parrilla Steak House - Urdesa,True
2024-08-11 20:15:59.799000+00:00,,5.0,4.0,5.0,4,"Un lugar bastante atractivo... Probé PANCETA estaba muy buena, el estilo de este lugar es cocinarlo en su aceite tipo fritada, diferente pero muy bueno. También Probé COSTILLA, ésta me quedo debiendo un tanto, la sentí un poco seca y su sazón era bueno pero le falto.
Los jugos naturales excelentes.
El Servicio muy bueno.",Don Parrilla Steak House - Urdesa,True
2024-08-05 22:06:49.215000+00:00,,5.0,5.0,5.0,5,Excelente 🙌,Don Parrilla Steak House - Urdesa,True
2024-07-27 16:15:37.880000+00:00,,4.0,4.0,4.0,4,,Don Parrilla Steak House - Urdesa,False
2024-07-23 21:32:08.414000+00:00,,4.0,5.0,5.0,5,,Don Parrilla Steak House - Urdesa,False
2024-07-19 01:14:00.233000+00:00,,,,,5,Me encanta,Don Parrilla Steak House - Urdesa,True
2024-07-08 22:53:02.558000+00:00,,,,,4,Bueno,Don Parrilla Steak House - Urdesa,True
2024-07-06 20:48:20.764000+00:00,,5.0,5.0,5.0,5,,Don Parrilla Steak House - Urdesa,False
2024-06-24 16:39:20.078000+00:00,,,,,5,,Don Parrilla Steak House - Urdesa,False
2024-06-12 12:34:48.804000+00:00,,3.0,3.0,3.0,3,Tenía mejores expectativas.,Don Parrilla Steak House - Urdesa,True
2024-06-10 14:54:06.365000+00:00,,3.0,3.0,4.0,3,"Nada del otro mundo, una parrilla normal, el costo de.los platos es aceptable pero no es lo que se espera en comparación a otros restaurantes que ofrecen lo mismo.",Don Parrilla Steak House - Urdesa,True
2024-06-07 03:02:11.800000+00:00,,5.0,5.0,5.0,5,Excelente atención y su comida súper deliciosa 😋,Don Parrilla Steak House - Urdesa,True
2024-06-02 22:38:56.937000+00:00,,,,,5,"La comida deliciosa , la atención de lo mejor ...lo precios ..un poco elevados",Don Parrilla Steak House - Urdesa,True
2024-05-25 13:09:43.107000+00:00,,4.0,5.0,4.0,4,"Bueno todo muy rico, el ambiente tranquilo deben ir con buen tiempo ya que se llena. Los cócteles son 10 de 10",Don Parrilla Steak House - Urdesa,True
2024-05-21 19:04:27.397000+00:00,,3.0,4.0,4.0,4,"Queríamos ir a comer en familia por el día de la madre y tanto los platos como los cocteles de este lugar llamaron nuestra atención. Andreina fue muy cortés desde el principio. Mi mami, mi hermana y yo optamos por la parrillada y cada una pidió un coctel diferente, no fueron de nuestro agrado, pero aunque las carnes de la parrilla no estaba tan calientes nos gustó, igual que los moros, estaban exquisitos. También pedimos para llevar y todos los utensilios los tenían. El chimichurri estaba delicioso. Vale recalcar que dan una pequeña entrada de maduritos con una salsa de ají también muy buena. En cuanto al ambiente, el lugar está muy bien decorado; sin embargo, había demasiada bulla. De todas maneras quisiera regresar para probar otros platos, quizás en una fecha donde no haya tanta gente.",Don Parrilla Steak House - Urdesa,True
2024-05-12 04:59:52.483000+00:00,,5.0,5.0,5.0,5,,Don Parrilla Steak House - Urdesa,False
2024-05-07 04:55:58.030000+00:00,,4.0,5.0,5.0,5,,Don Parrilla Steak House - Urdesa,False
2024-05-04 23:36:32.029000+00:00,,5.0,5.0,5.0,5,"Excelente comida, la.entrada de canastas de verde, rellenas de queso con salchicha estuvieron riquisimas!!",Don Parrilla Steak House - Urdesa,True
2024-04-20 14:32:49.181000+00:00,,5.0,5.0,5.0,5,Exelente en todo,Don Parrilla Steak House - Urdesa,True
2024-04-20 01:15:44.370000+00:00,,5.0,5.0,4.0,5,Local pequeño de dos pisos. Pero full cómodo y con excelente comida. La imagen y detalles lo hacen aún más acogedor para comer parrillada. Es muy recomendable también probar los cócteles. Sin alcohol algo refrescante es la limonada imperial. En varias ocasiones he llevado extranjeros y siempre quedo bien con esta opción gastronómica. Existen otros locales de la misma franquicia pero este es céntrico en el norte de Guayaquil. Muy recomendado para ir en pareja y sobre todo amigos.,Don Parrilla Steak House - Urdesa,True
2024-04-15 20:09:06.365000+00:00,,5.0,5.0,5.0,5,Excelente servicio. Ambiente familiar y seguro. Comida excelente.,Don Parrilla Steak House - Urdesa,True
2024-04-10 19:44:44.202000+00:00,,3.0,4.0,5.0,5,,Don Parrilla Steak House - Urdesa,False
2024-04-05 13:57:50.139000+00:00,,5.0,5.0,5.0,5,"Riquismo, debes aprovechar las promociones !",Don Parrilla Steak House - Urdesa,True
2024-04-02 02:12:59.799000+00:00,,,,,5,,Don Parrilla Steak House - Urdesa,False
2024-04-01 08:29:58.052000+00:00,,5.0,5.0,5.0,5,,Don Parrilla Steak House - Urdesa,False
2024-03-29 17:42:47.848000+00:00,,5.0,5.0,5.0,5,,Don Parrilla Steak House - Urdesa,False
2024-03-26 16:47:05.453000+00:00,,3.0,3.0,1.0,2,Mucho se tardan en servir y la proteína no tenia el término que solicitamos,Don Parrilla Steak House - Urdesa,True
2024-03-26 15:04:11.631000+00:00,,3.0,2.0,1.0,1,"El servicio del personal deja mucho que desear, la comida es pasable más no lleno las expectativas. Lo poco rescatable el ambiente del lugar",Don Parrilla Steak House - Urdesa,True
2024-03-25 05:08:40.151000+00:00,,4.0,4.0,4.0,4,,Don Parrilla Steak House - Urdesa,False
2024-03-19 13:18:46.811000+00:00,,,,,5,Rica la comida,Don Parrilla Steak House - Urdesa,True
2024-03-19 00:19:45.759000+00:00,,5.0,5.0,5.0,5,"Excelentes, sabores muy buena atención super recomendado.",Don Parrilla Steak House - Urdesa,True
2024-03-16 22:04:08.094000+00:00,,5.0,5.0,5.0,5,,Don Parrilla Steak House - Urdesa,False
2024-03-14 02:35:35.362000+00:00,,,,,5,,Don Parrilla Steak House - Urdesa,False
2024-03-12 00:32:04.046000+00:00,,,,,4,,Don Parrilla Steak House - Urdesa,False
2024-03-08 12:18:52.392000+00:00,,5.0,5.0,5.0,5,"Esta fue nuestra primera vez visitándo este lugar, decidimos probar lo nuevo y salió en nuestras opciones, realmente nos gustó. La relación precio-calidad me pareció pertinente.
La atención de la señorita fue oportuna casa momento de nuestra estancia.
La comida estuvo deliciosa aunque no estuvo en el termino que pedí la carne pero nada de dramas por eso.
Volveríamos a este lugar nuevamente ✌🏻",Don Parrilla Steak House - Urdesa,True
2024-03-05 05:13:43.957000+00:00,,3.0,1.0,4.0,1,"No me gustó en lo absoluto!

Eramos 4 personas, ordenamos una parrillada familiar, 1 filete de pollo, 1 filete de lomo, 2 chuletas, 2 morcillas, 2 chorizos y una papa con salsa de queso . La parrillada incluía 4 moros, pedimos morro chicharrón y moro con choclo, los 2 estaban malos, el moro chicharrón muy salado y no sabía a nada , el moro choclo tenía queso con un sabor super fuerte y salado .
El filete de carne tenía un pedazo CRUDO, la chuleta esta duriiisima, no tenía sabor a nada, simple , pedimos jugo de maracuyá, estaba sin azúcar !

La verdad q no nos gustó a ninguno de los 4 !

No volveremos .",Don Parrilla Steak House - Urdesa,True
2024-02-27 14:58:56.493000+00:00,,5.0,4.0,5.0,4,"Matambre con moro risotto $15, comen 2 personas. El sabor de la carne de cerdo es muy buena, pero creo que sería PERFECTO si le agregaran limón en su preparación ya que puede resultar ligeramente simple al probarlo sin las salsas que sirven.
La sangría es muy rica y tienen promociones.
Buen ambiente afuera y no adentro, puedes llevar a tu 🐶en la parte exterior.",Don Parrilla Steak House - Urdesa,True
2024-02-25 03:35:24.353000+00:00,,4.0,4.0,4.0,4,,Don Parrilla Steak House - Urdesa,False
2024-02-24 20:21:27.036000+00:00,,,,,5,,Don Parrilla Steak House - Urdesa,False
2024-02-24 14:30:01.377000+00:00,,,,,5,,Don Parrilla Steak House - Urdesa,False
2024-02-18 06:38:27.569000+00:00,,4.0,4.0,4.0,5,,Don Parrilla Steak House - Urdesa,False
2024-02-16 03:43:20.279000+00:00,,4.0,5.0,5.0,5,,Don Parrilla Steak House - Urdesa,False
2024-02-05 13:28:11.459000+00:00,,5.0,5.0,5.0,5,Excelente lugar recomendado,Don Parrilla Steak House - Urdesa,True
2024-02-05 13:22:12.919000+00:00,,5.0,4.0,5.0,4,,Don Parrilla Steak House - Urdesa,False
2024-02-05 04:01:00.944000+00:00,,5.0,5.0,5.0,5,Excelente comida y buen servicio,Don Parrilla Steak House - Urdesa,True
2024-02-03 17:24:46.198000+00:00,,5.0,4.0,3.0,4,Bonito lugar. Excelente promoción de 1 a 4 pm.,Don Parrilla Steak House - Urdesa,True
2024-02-02 23:37:02.532000+00:00,,3.0,2.0,3.0,2,,Don Parrilla Steak House - Urdesa,False
2024-02-02 20:16:01.720000+00:00,,5.0,5.0,5.0,5,,Don Parrilla Steak House - Urdesa,False
2024-02-02 15:24:39.059000+00:00,,3.0,3.0,3.0,3,Bien,Don Parrilla Steak House - Urdesa,True
2024-02-02 00:41:29.761000+00:00,,5.0,5.0,5.0,5,Muy buen servicio y muy rico,Don Parrilla Steak House - Urdesa,True
2024-01-23 03:56:28.784000+00:00,,3.0,2.0,4.0,2,"Hace una semana comi. La verdad no me gustó mucho, la carne se la pide 3/4 y parece 1/2 sin sal y aún espero la factura a mi correo.. porque les dejé mis datos",Don Parrilla Steak House - Urdesa,True
2024-01-13 14:12:36.424000+00:00,,5.0,5.0,5.0,5,"Buena comida, platos grandes, costillas con bastante carne. Buen servicio. Amplio espacio",Don Parrilla Steak House - Urdesa,True
2024-01-12 15:44:56.868000+00:00,,5.0,5.0,5.0,5,,Don Parrilla Steak House - Urdesa,False
2024-01-06 03:35:55.669000+00:00,,,,,4,,Don Parrilla Steak House - Urdesa,False
2023-12-20 23:16:04.875000+00:00,,5.0,5.0,5.0,5,,Don Parrilla Steak House - Urdesa,False
2023-12-19 16:08:02.131000+00:00,,4.0,4.0,4.0,4,"Debo decir que es un lugar grande(Urdesa), varios pisos para q elijas donde sentarte, la comida muy buena, los lunes la promoción del mata hambre muy rico, el servicio es rápido cosa q me asombró, nos atendieron enseguida...recomendado!!",Don Parrilla Steak House - Urdesa,True
2023-12-18 22:46:52.851000+00:00,,5.0,5.0,5.0,5,,Don Parrilla Steak House - Urdesa,False
2023-12-18 19:58:36.763000+00:00,,5.0,5.0,5.0,5,,Don Parrilla Steak House - Urdesa,False
2023-12-16 17:21:03.779000+00:00,,,,,5,"Excelente Servicio, la comida excelente, me gusto la Picada Don Parrila, y también la costilla es muy buena",Don Parrilla Steak House - Urdesa,True
2023-12-08 02:55:49.983000+00:00,,,,,4,,Don Parrilla Steak House - Urdesa,False
2023-12-03 21:34:10.379000+00:00,,5.0,5.0,5.0,5,,Don Parrilla Steak House - Urdesa,False
2023-12-03 21:09:23.412000+00:00,,5.0,5.0,5.0,5,,Don Parrilla Steak House - Urdesa,False
2023-12-01 10:52:21.014000+00:00,,,,,5,,Don Parrilla Steak House - Urdesa,False
2023-11-30 20:36:44.109000+00:00,,5.0,5.0,5.0,5,,Don Parrilla Steak House - Urdesa,False
2023-11-25 03:38:57.051000+00:00,,4.0,4.0,2.0,5,Un excelente lugar para pasar un buen rato,Don Parrilla Steak House - Urdesa,True
2023-11-22 16:58:32.066000+00:00,,5.0,5.0,5.0,5,"Excelente lugar, la atención muy linda y la comida muy buena ☺️",Don Parrilla Steak House - Urdesa,True
2023-11-17 04:46:02.845000+00:00,,5.0,5.0,5.0,5,Excelente comida,Don Parrilla Steak House - Urdesa,True
2023-11-15 18:19:28.987000+00:00,,4.0,5.0,5.0,5,,Don Parrilla Steak House - Urdesa,False
2023-11-14 12:33:52.681000+00:00,,5.0,5.0,5.0,5,,Don Parrilla Steak House - Urdesa,False
2023-11-09 13:31:34.836000+00:00,,5.0,5.0,3.0,5,EXCELENTE COMIDA... HERMOSO AMBIENTE.... PERO EL SERVICIO DEBE DE MEJORAR..,Don Parrilla Steak House - Urdesa,True
2023-11-08 23:08:29.070000+00:00,,5.0,5.0,5.0,5,,Don Parrilla Steak House - Urdesa,False
2023-11-02 15:50:46.634000+00:00,,5.0,4.0,4.0,4,Las promos son de locos,Don Parrilla Steak House - Urdesa,True
2023-10-30 04:08:33.356000+00:00,,4.0,4.0,4.0,4,"Buen lugar para ir con amigos. Buena comida y ambiente. El local no es muy grande, por lo que suele estar lleno.",Don Parrilla Steak House - Urdesa,True
2023-10-29 21:02:44.388000+00:00,,5.0,4.0,5.0,4,,Don Parrilla Steak House - Urdesa,False
2023-10-28 04:34:20.061000+00:00,,5.0,5.0,5.0,5,,Don Parrilla Steak House - Urdesa,False
2023-10-27 17:07:24.045000+00:00,,5.0,4.0,5.0,5,"Muy buena atención, la comida excelente recomendado",Don Parrilla Steak House - Urdesa,True
2023-10-20 06:50:17.378000+00:00,,4.0,5.0,5.0,5,Lo mejor en relación precio y calidad y las personas Super gentiles,Don Parrilla Steak House - Urdesa,True
2023-10-17 00:08:48.105000+00:00,,,,,5,Muy buen servicio buena comida y atención. Recomendado ✨✨,Don Parrilla Steak House - Urdesa,True
2023-10-13 03:17:52.562000+00:00,,5.0,5.0,5.0,5,Un lugar con un lindo ambiente festivo y acogedor. Atractivo en lo decorativo!,Don Parrilla Steak House - Urdesa,True
2023-10-12 21:37:30.691000+00:00,,5.0,5.0,5.0,5,,Don Parrilla Steak House - Urdesa,False
2023-10-10 01:05:22.576000+00:00,,5.0,4.0,5.0,4,,Don Parrilla Steak House - Urdesa,False
2023-10-03 17:57:07.602000+00:00,,5.0,5.0,5.0,5,,Don Parrilla Steak House - Urdesa,False
2023-09-27 03:27:21.182000+00:00,,,,,4,,Don Parrilla Steak House - Urdesa,False
2023-09-22 20:40:43.781000+00:00,,2.0,1.0,2.0,2,"La picanha sin sabor, la pedí termino medio y estaba cocida, el moro sin gracia sabía como a guardado y sin ensalada, nunca me trajeron el agua que pedí.",Don Parrilla Steak House - Urdesa,True
2023-09-21 20:05:16.218000+00:00,,4.0,5.0,5.0,5,La comida es deliciosa y los cócteles un poquito fuertes pero deliciosos también,Don Parrilla Steak House - Urdesa,True
2023-09-21 13:39:35.282000+00:00,,5.0,5.0,4.0,4,,Don Parrilla Steak House - Urdesa,False
2023-09-19 09:09:49.783000+00:00,,5.0,5.0,5.0,5,"Ambiente muy sutil, personalizado y m sentí muy relajada por su atención no hacen distintos preferencial  a ningún cliente eso fue lo q más q encantó  a todos atendieron por igual",Don Parrilla Steak House - Urdesa,True
2023-09-15 23:31:59.057000+00:00,,5.0,5.0,5.0,5,,Don Parrilla Steak House - Urdesa,False
2023-09-14 10:39:12.451000+00:00,,5.0,5.0,5.0,5,Muy rico,Don Parrilla Steak House - Urdesa,True
2023-09-12 17:05:21.210000+00:00,,4.0,4.0,4.0,4,,Don Parrilla Steak House - Urdesa,False
2023-09-11 04:26:40.520000+00:00,,,,,5,,Don Parrilla Steak House - Urdesa,False
2023-09-09 23:15:19.125000+00:00,,5.0,5.0,5.0,5,,Don Parrilla Steak House - Urdesa,False
2023-09-08 17:17:24.066000+00:00,,1.0,1.0,1.0,1,"Pésimo reserve para 16 personas y no estaba lista mesa para cumpleaños, la administradora me trato pésimo y esperamos 30 min fuera del lugar, promoción de martes cortes super duros y los moros pésimos, no regresaría jamas a este lugar una pena, local de urdesa",Don Parrilla Steak House - Urdesa,True
2023-09-03 04:44:40.880000+00:00,,,,,5,,Don Parrilla Steak House - Urdesa,False
2023-08-30 18:05:34.797000+00:00,,,,,5,,Don Parrilla Steak House - Urdesa,False
2023-08-30 00:29:35.915000+00:00,,5.0,5.0,5.0,5,Excelente Lugar,Don Parrilla Steak House - Urdesa,True
2023-08-29 15:37:58.219000+00:00,,5.0,4.0,5.0,5,Excelente sitio para comer rico,Don Parrilla Steak House - Urdesa,True
2023-08-15 06:43:07.726000+00:00,,5.0,5.0,5.0,5,"Un lugar maravilloso, buen servicio, buena comida, los cocteles son excelentes y el bartender muy profesional en su trabajo además cuentan con buena seguridad 🫶🏻",Don Parrilla Steak House - Urdesa,True
2023-08-15 00:23:36.860000+00:00,,5.0,5.0,5.0,5,"Espectacular, sin palabras ME ENCANTÓ!! URDESA ES EL MEJOR 😍😍",Don Parrilla Steak House - Urdesa,True
2023-08-08 09:31:47.387000+00:00,,5.0,5.0,5.0,5,"Excelente atención , cálida bien venida y sobretodo, comida deliciosa",Don Parrilla Steak House - Urdesa,True
2023-08-04 02:43:50.471000+00:00,,,,,3,Malo,Don Parrilla Steak House - Urdesa,True
2023-08-03 12:47:45.470000+00:00,,4.0,3.0,5.0,3,La comida estuvo regular porque la carne de nuestra parrillada estuvo un poco dura. Los precios son buenos. Los moros deliciosos. Mi favorito fue el de chicharrón.,Don Parrilla Steak House - Urdesa,True
2023-07-20 12:07:23.663000+00:00,,4.0,1.0,2.0,1,"10 en publicidad/ 0 en calidad. Es la peor experiencia gastronómica que hemos tenido con mi familia. Primero pido una picaña, pasan 10 minutos y me dicen que no hay....bueno, ordené otro corte. De entrada pedimos un queso provolone con chorizo y nos dieron 3 pedacitos de pan para cuatro personas que estábamos. Por consiguiente, pedimos una orden de pan que nosotros íbamos a pagar y nos dijeron que ya no tenían. Hasta ahí un poco floja la atención. Una vez que llegan los platos que eran cortes de carne con moro y un pollo, nos percatamos que los moros tenían un queso de una calidad baja que la verdad ni comimos, además yo ordené un moro chicharrón y me dieron un moro con carne de cerdo; no chicharrón. Le reclamamos a la mesera y lo que nos supo decir es que al chicharrón le dicen así al restaurante. Pero que yo sepa el chicharrón es crocante, no de pulpa. No lo comimos. Por último a todos nos terminó haciendo daño gracias a un pollo en mal estado y al poco que moro que probó cada uno. Por favor, si van después de leer esto, hagan respetar sus pedidos porque al final están pagando por ello.",Don Parrilla Steak House - Urdesa,True
2023-07-15 22:14:56.977000+00:00,,4.0,5.0,4.0,5,"Bonito lugar, la comida buena muy buena, recomendable lugar",Don Parrilla Steak House - Urdesa,True
2023-07-14 22:28:00.446000+00:00,,5.0,5.0,5.0,5,"Este lugar es maravilloso, totalmente recomendado, su comida, sus precios, y la atención son una locura totalmente excelentes. Venden parrilladas, los cócteles son demasiados buenos que me tuve que pedir todos! Recomiendo mucho el exotic.
Nos atendió un mesero el cual la atención fue totalmente 100/10 muy buen servicio de el. Regresaré aquí.",Don Parrilla Steak House - Urdesa,True
2023-07-13 02:18:28.131000+00:00,,5.0,5.0,5.0,5,"Un lugar con ambiente genial, la comida es deliciosa, hay que aprovechar la promoción de los cocteles y la atención es excelente. Recomendadisimo el lugar 🤗",Don Parrilla Steak House - Urdesa,True
2023-06-29 20:13:43.461000+00:00,,5.0,5.0,5.0,5,,Don Parrilla Steak House - Urdesa,False
2023-06-27 18:23:53.683000+00:00,,4.0,5.0,5.0,4,Excelente lugar para compartir en familia de buena comida,Don Parrilla Steak House - Urdesa,True
2023-06-25 15:27:07.582000+00:00,,4.0,3.0,3.0,4,"I like the food but I want to share with you some arguments.

The rice with sweet corn was tasty but it doesn't have many sweet corn

The garlic bread wasn't crunchy.

The meat was very delicious, I really like the meat.",Don Parrilla Steak House - Urdesa,True
2023-06-18 20:55:44.458000+00:00,,,,,5,,Don Parrilla Steak House - Urdesa,False
2023-06-12 14:54:33.104000+00:00,,5.0,5.0,5.0,5,,Don Parrilla Steak House - Urdesa,False
2023-06-06 19:35:09.734000+00:00,,5.0,5.0,5.0,5,,Don Parrilla Steak House - Urdesa,False
2023-05-26 20:55:07.214000+00:00,,5.0,3.0,5.0,5,La copa de la sangría estaba sucia de labial !!! Tengan más cuidado. La comida deliciosa y muy buen servicio del mesero,Don Parrilla Steak House - Urdesa,True
2023-05-22 20:07:35.418000+00:00,,5.0,5.0,5.0,5,Muy Rico. Excelente comida.,Don Parrilla Steak House - Urdesa,True
2023-05-20 15:22:03.054000+00:00,,5.0,4.0,5.0,5,"Ambiente ameno para pasar en parejo o familia,  excelente atención",Don Parrilla Steak House - Urdesa,True
2023-05-08 04:38:32.095000+00:00,,,,,5,"Muy buena la comida, presentación y rapidez... La atención excelente de parte del Mesero Moisés y la administradora cinthia, bastante atentos al servicio, agradable lugar, regresaría con gusto, un poco satisfecha....
El único detalle, a la Margarita NO deberían ponerle sal en la preparación, sino en el borde sin tajin solo sal, el coctel pierde el balance y el sabor no es agradable (soy amante a la Margarita clasica)
Igual 5 estrellas por el lugar, comida y atención 🤗✨",Don Parrilla Steak House - Urdesa,True
2023-05-05 04:30:08.536000+00:00,,5.0,5.0,5.0,5,Exelente,Don Parrilla Steak House - Urdesa,True
2023-05-04 02:13:45.290000+00:00,,5.0,3.0,5.0,5,,Don Parrilla Steak House - Urdesa,False
2023-04-26 13:05:55.086000+00:00,,,,,2,,Don Parrilla Steak House - Urdesa,False
2023-04-25 14:37:22.068000+00:00,,5.0,5.0,5.0,5,,Don Parrilla Steak House - Urdesa,False
2023-04-11 08:01:00.250000+00:00,,4.0,3.0,4.0,3,"Muy rico la carne bien sazonada la atención muy buena y lo que a mi más me encanta ,el personal cordial y gentil con su linda sonrisa,almenos la niña que me atendió muy linda",Don Parrilla Steak House - Urdesa,True
2023-04-11 03:15:37.245000+00:00,,,,,5,,Don Parrilla Steak House - Urdesa,False
2023-04-11 02:11:13.369000+00:00,,4.0,5.0,4.0,4,,Don Parrilla Steak House - Urdesa,False
2023-04-11 00:53:47.025000+00:00,,5.0,5.0,5.0,4,,Don Parrilla Steak House - Urdesa,False
2023-04-05 18:16:23.322000+00:00,,5.0,5.0,5.0,5,Es el mejor servicio que he tenido. Muy buena experiencia y la comida recomendadísima... la atención es muy buena.,Don Parrilla Steak House - Urdesa,True
2023-04-04 21:39:07.712000+00:00,,3.0,2.0,2.0,2,,Don Parrilla Steak House - Urdesa,False
2023-04-03 15:55:08.021000+00:00,,5.0,5.0,5.0,5,"Comida muy rica, porciones grandes y bastabte variedad. La atención es excelente y el restaurante muy bonito.",Don Parrilla Steak House - Urdesa,True
2023-03-24 12:12:15.509000+00:00,,5.0,5.0,5.0,5,,Don Parrilla Steak House - Urdesa,False
2023-03-20 17:10:52.105000+00:00,,5.0,5.0,5.0,5,,Don Parrilla Steak House - Urdesa,False
2023-03-20 11:28:58.595000+00:00,,4.0,4.0,4.0,4,,Don Parrilla Steak House - Urdesa,False
2023-03-20 00:25:43.789000+00:00,,,,,5,,Don Parrilla Steak House - Urdesa,False
2023-03-19 03:38:08.674000+00:00,,5.0,5.0,5.0,5,Todo excelente 👍,Don Parrilla Steak House - Urdesa,True
2023-03-18 18:01:39.957000+00:00,,3.0,1.0,3.0,1,La comida no estuvo muy buena. La atencion fue muy esmerada,Don Parrilla Steak House - Urdesa,True
2023-03-17 12:16:31.745000+00:00,,5.0,5.0,5.0,5,"Aquí se puede encontrar unos asados deliciosos, unos cócteles que ni se diga. Excelente atención, super recomendado.",Don Parrilla Steak House - Urdesa,True
2023-03-15 02:22:44.318000+00:00,,5.0,5.0,5.0,5,Exelente.  100%,Don Parrilla Steak House - Urdesa,True
2023-03-14 08:27:15.239000+00:00,,,,,5,Muy buena comida,Don Parrilla Steak House - Urdesa,True
2023-03-13 04:59:02.886000+00:00,,,,,2,,Don Parrilla Steak House - Urdesa,False
2023-03-11 01:20:57.350000+00:00,,,,,4,,Don Parrilla Steak House - Urdesa,False
2023-03-10 14:56:33.416000+00:00,,5.0,5.0,5.0,5,"Mis respetos, volveré pronto❤️😋",Don Parrilla Steak House - Urdesa,True
2023-03-05 02:33:55.880000+00:00,,4.0,5.0,5.0,5,,Don Parrilla Steak House - Urdesa,False
2023-03-03 23:40:39.410000+00:00,,,,,5,,Don Parrilla Steak House - Urdesa,False
2023-03-01 17:44:13.474000+00:00,,5.0,4.0,5.0,5,Un lugar increíble la comida 9.5 puntos solo pedirles que revisen que el queso no este salado.,Don Parrilla Steak House - Urdesa,True
2023-03-01 03:59:16.829000+00:00,,,,,5,,Don Parrilla Steak House - Urdesa,False
2023-02-25 05:27:34.053000+00:00,,5.0,5.0,5.0,5,,Don Parrilla Steak House - Urdesa,False
2023-02-21 02:45:55.855000+00:00,,5.0,5.0,5.0,5,"Deliciosa la comida,  las canastillas de verde espectacular...me gusto todo",Don Parrilla Steak House - Urdesa,True
2023-02-20 15:01:14.536000+00:00,,,,,5,,Don Parrilla Steak House - Urdesa,False
2023-02-13 05:27:12.328000+00:00,,,,,4,,Don Parrilla Steak House - Urdesa,False
2023-02-10 01:23:57.909000+00:00,,5.0,5.0,5.0,5,,Don Parrilla Steak House - Urdesa,False
2023-02-05 03:46:33.451000+00:00,,,,,5,Recomendado,Don Parrilla Steak House - Urdesa,True
2023-02-01 08:42:52.603000+00:00,,5.0,5.0,4.0,5,"Me pareció excelente lugar súper cómodo para poder disfrutar en familia y/o amigos 😉
Lo recomiendo mucho, la comida super rica para que no hay disgustos, en la atención ese día estaban full pero todo hermoso. Buen lugar lo recomiendo ☺️",Don Parrilla Steak House - Urdesa,True
2023-01-30 20:13:20.159000+00:00,,5.0,5.0,5.0,5,Muy buena comida!! El servicio estupendo! Volveremos!,Don Parrilla Steak House - Urdesa,True
2023-01-30 04:30:02.793000+00:00,,5.0,5.0,5.0,5,"El servicio fue rápido, la comida estuvo deliciosa así mismo los cócteles.
Me gustaría regresar pronto!",Don Parrilla Steak House - Urdesa,True
2023-01-26 03:40:50.292000+00:00,,3.0,5.0,5.0,4,,Don Parrilla Steak House - Urdesa,False
2023-01-22 05:18:47.946000+00:00,,5.0,5.0,5.0,5,"Nos gustó mucho la promoción de cócteles que tienen, los 3 definitivamente deliciosos y muy peliculiares sus nombres. La picaña y el moro muy rico. Muy cordiales los meseros e incluso la encargada del local. El ambiente super agradable en la parte alta. Sin duda volveré.",Don Parrilla Steak House - Urdesa,True
2023-01-21 19:43:23.050000+00:00,,3.0,5.0,3.0,4,"Me parecen un poco pasado de nivel los precios, muy rico pero más costoso que sus símiles",Don Parrilla Steak House - Urdesa,True
2023-01-21 12:55:33.574000+00:00,,5.0,5.0,5.0,5,"Un bonito lugar para pasar con familia o amigos , la comida muy rica y los cócteles también 👌",Don Parrilla Steak House - Urdesa,True
2023-01-15 05:25:23.811000+00:00,,4.0,5.0,5.0,5,La comida es fresca y muy bien preparada! Muy buenos precios. Excelente servicio! 100% recomendado,Don Parrilla Steak House - Urdesa,True
2023-01-14 21:06:59.823000+00:00,,,,,5,,Don Parrilla Steak House - Urdesa,False
2023-01-11 00:52:29.060000+00:00,,2.0,4.0,2.0,3,"Carnes muy buenas, arroz no.

Esperamos 52 minutos para que nos sirvan nuestros platos y eso que había muy pocos cliente.

Ambiente normal, nada acogedor, sólo publicidad por todos lados.",Don Parrilla Steak House - Urdesa,True
2022-12-11 20:39:41.288000+00:00,,,,,5,"Excelente comida y relación calidad/cantidad. Precios accesibles. Esmerada atención, en particular la srta Carolina. En Urdesa local comodo y seguro.",Don Parrilla Steak House - Urdesa,True
2026-06-25 18:05:29.502000+00:00,Hasta 10 min,5.0,5.0,4.0,5,"Muy recomendable el lugar, todo el menú es magnífico. Solo un poquito de amabilidad de los meser@s no vienen mal: por favor jefes tratarlos bien y ustedes al menos despéguensen de sus problemas un momento que a uno le da hasta gusto dejarles una propina (me atendió un chico con actitud desagradable hasta para responder, cosas simples) .. pero no quiero empañar el lugar del resto todo estuvo espléndido, rápido..",Parrillada Restaurant El Dorado Sauces 3,True
2023-09-05 07:06:52.051000+00:00,,5.0,5.0,5.0,5,"Excelentes lugar para compartir en familia o con amigos.
Los batidos don muy ricos
Les recomendó la parrilla
Las hamburguesas 🍔  son deliciosas y viene todo en una presentación increíble.
Cada uno de los platos que he probado son muy ricos.
Si vas con tu pareja o amigos no dejes de tomar una buena copa de vino 🍷  son A++
El servicio envidiable son muy serviciales el lugar siempre está limpio y los baños igual.
Se los recomiendo 👌
Si van a visitar por esta reseña dejen su like 👇",Parrillada Restaurant El Dorado Sauces 3,True
2020-02-17 04:48:12.493000+00:00,,,,,5,"Excelente lugar para visitar en familia, conocer nuevos locales comerciales con buenos precios y otros de alto costo ( que deberían tener buenos productos), adicional un patio de comidas con variedad de locales, limpio y con mesas y sillas suficientes para la demanda de personas que visitan el centro comercial. El parqueadero bastante práctico aunque al aire libre en caso de llover puede no ser tan bueno, sin embargo bastante funcional. Gracias.....",Parrillada Restaurant El Dorado Sauces 3,True
2026-01-26 21:15:23.259000+00:00,Sin espera,4.0,4.0,4.0,4,Tiene buen sabor pero han bajado la calidad de la carne ya que estaba venosa y grasosa.   Problemas con el parqueo.,Parrillada Restaurant El Dorado Sauces 3,True
2026-05-06 19:13:01.830000+00:00,,4.0,5.0,4.0,4,"Pollo asado con buen sabor, no es muy condimentado es el pollo asado más sanito que he podido probar, lo único malo de la zona es el parqueo",Parrillada Restaurant El Dorado Sauces 3,True
2026-03-23 03:52:14.419000+00:00,,,,,1,"Se realizó pedido por Uber eats, más de una hora esperando, Despues cuando ya tienen repartidor y el mismo en camino y que llegó al domicilio, cancelan el pedido. Pésimo servicio.",Parrillada Restaurant El Dorado Sauces 3,True
2021-08-24 18:08:24.346000+00:00,,,,,5,"Excelente lugar para compartir en familia!
Buen ambiente, cumple con las normas de bioseguridad!
La comida deliciosa, te ofrecen una porción de chifles con queso mientras esperas (no lo cobran) y en cada plato que pidas te dan una mayonesa casera exquisita.
Precios amigables.
Estacionamiento: Limitado, si vas mientras hay luz del día puedes dejarlo tu carro al frente o a lo largo de la avenida pero si vas de noche vas a estar preocupado por donde te estaciones si es que no es afuera del local.",Parrillada Restaurant El Dorado Sauces 3,True
2026-03-26 17:13:07.988000+00:00,Sin espera,5.0,5.0,4.0,5,"Un buen restaurante para pasar el rato en familia y amigos, con un ambiente acogedor y tranquilo, 100 recomendado",Parrillada Restaurant El Dorado Sauces 3,True
2023-01-02 03:39:15.792000+00:00,,5.0,5.0,5.0,5,"Almuerzo de fin de año en compañía de mis amigas Jenny y Zoilita Graciela en Río Centro El  Dorado, restaurant Lob",Parrillada Restaurant El Dorado Sauces 3,True
2023-12-24 17:27:59.825000+00:00,,3.0,1.0,3.0,2,Pedí una picanha termino blu  lo peor que podía pedir. Esa carne estaba dura y no era picanha a la final no comí! Es la 2 vez que iba pero no lo recomiendo para cortes de carnes especiales muy malo.,Parrillada Restaurant El Dorado Sauces 3,True
2026-06-06 04:59:48.300000+00:00,De 30 a 60 min,,,,3,"El chico creo que era Nuevo oo demorar en despachar lo pedidos
La cervezas personales Un poco Caras",Parrillada Restaurant El Dorado Sauces 3,True
2026-07-01 02:08:02.677000+00:00,Sin espera,,,,5,"Muy buena la comida, tiene precios accesibles",Parrillada Restaurant El Dorado Sauces 3,True
2023-03-09 04:08:48.471000+00:00,,5.0,5.0,5.0,5,Excelente para ir en flia o amigos muy buena comida,Parrillada Restaurant El Dorado Sauces 3,True
2023-03-26 16:11:43.572000+00:00,,,,,5,"Buena comida , agradable lugar, excelente atención al cliente y un menú bien variado",Parrillada Restaurant El Dorado Sauces 3,True
2020-03-04 21:36:35.036000+00:00,,,,,5,Un lugar muy acogedor para compartir ricos platos en compañía de tu pareja familia y amigos,Parrillada Restaurant El Dorado Sauces 3,True
2025-08-20 20:20:33.027000+00:00,Hasta 10 min,5.0,5.0,5.0,5,me gusta mucho ♥️ la atención de sus meseros siempre es buena en todos los locales,Parrillada Restaurant El Dorado Sauces 3,True
2021-01-31 06:41:33.318000+00:00,,,,,4,La comida excelente y la atencion muy buena recomendadisimo,Parrillada Restaurant El Dorado Sauces 3,True
2023-12-03 06:19:49.919000+00:00,,5.0,5.0,5.0,5,Excelente lugar y buena sazón exquisito 😋 Todo delicioso 🥇,Parrillada Restaurant El Dorado Sauces 3,True
2022-02-12 06:24:16.026000+00:00,,,,,5,"Muy rica la comida aparte que el lugar es aseado y ordenado, da gusto comer allí.",Parrillada Restaurant El Dorado Sauces 3,True
2025-07-23 03:12:43.974000+00:00,,4.0,2.0,3.0,2,"Las hamburguesas no son nada del otro mundo, pero no tiene la misma cantidad de carne que dicen tener sino que es mucho menos de la mitad y consigo casi lo mismo por la mitad de precio en otros puestitos mas humildes.
El ribeye si estuvo bien.",Parrillada Restaurant El Dorado Sauces 3,True
2022-01-16 03:06:05.880000+00:00,,,,,5,Exelente lugar comodo y refinado  familiar y muy accesible  recomendado,Parrillada Restaurant El Dorado Sauces 3,True
2024-03-24 03:01:09.537000+00:00,,4.0,5.0,5.0,5,"Buena atención, la comida estuvo deliciosa 👍🏻",Parrillada Restaurant El Dorado Sauces 3,True
2026-01-29 22:26:17.154000+00:00,Sin espera,3.0,5.0,5.0,5,Excelente servicio y rica su deliciosa comida ❤️,Parrillada Restaurant El Dorado Sauces 3,True
2024-12-31 03:45:19.060000+00:00,,5.0,5.0,5.0,5,"Una experiencia inolvidable en el Centro Comercial El Dorado

El Centro Comercial El Dorado es el lugar perfecto para disfrutar un día en familia. Desde el momento en que llegamos, nos impresionó su diseño moderno, su ambiente acogedor y la excelente atención que se percibe en cada rincón. Todo está organizado de manera eficiente, lo que facilita recorrer sus instalaciones con comodidad.

Uno de los puntos más destacados de nuestra visita fue el patio de comidas. La variedad gastronómica es impresionante, con opciones para todos los gustos. Desde comida rápida hasta platos internacionales, hay algo para cada miembro de la familia. Nosotros optamos por unos suculentos burritos mientras nuestras hijas disfrutaban un delicioso helado con toppings. Además, el área es amplia, limpia y con una iluminación agradable, lo que hace que sea un lugar cómodo para relajarse mientras se disfruta de la comida.

Sin embargo, el momento más emocionante para mis hijas fue su tiempo en Mr. Joy. Este espacio es simplemente maravilloso: lleno de juegos mecánicos, áreas interactivas y actividades que garantizan diversión ilimitada. Mis hijas no dejaron de sonreír mientras exploraban cada atracción. La seguridad y el personal amable nos dieron tranquilidad mientras ellas se divertían.

En resumen, El Dorado no es solo un centro comercial, es un espacio donde toda la familia puede pasar un día lleno de diversión, buena comida y momentos inolvidables. ¡Definitivamente volveremos!",Parrillada Restaurant El Dorado Sauces 3,True
2023-05-06 19:08:29.549000+00:00,,4.0,5.0,4.0,4,"Este lugar en sauces 3 lo conozco desde hace ya un par de décadas. La comida muy buena como siempre, la salsa la de siempre. El Ambiente mucho más acogedor, ha ido creciendo con el tiempo. Talvez lo único confuso es donde hacer el pedido, aquí hubo una demora pero nada del otro mundo. Los precios obviamente ya no son como antes están más elevados pero diría que es un precio dentro de un rango justo para lo que se come.",Parrillada Restaurant El Dorado Sauces 3,True
2026-03-24 01:56:18.234000+00:00,,4.0,4.0,4.0,4,Muy buena la comida,Parrillada Restaurant El Dorado Sauces 3,True
2022-12-19 03:59:57.309000+00:00,,,,,1,La comida muy rica pero muy poco personal para atender casi 1 y 15 minuto para esperar un plato de comida pues fuimos con la familia y mi sobrino de 6 años con mucha hambre quise poner una hoja de reclamación para q aprendan a respetar a la gente q va con su dinero a gastar pero no había pues como puede ser posible q se le atienda a gente q va mucho después q uno nomonono pésima la atención pésima no lo recomiendo un restaurante nefasto ok fatal fatal la atención un restaurante grande y muy poco personal,Parrillada Restaurant El Dorado Sauces 3,True
2023-05-14 20:10:41.459000+00:00,,,,,1,"Pésimo servicio ofrecen una mesa debajo de un aire acondicionado averiado y que goteaba, en otras palabras nos ofrecían un charco como mesa ,salí con todo el pantalón empapado, 2 no se puede rectificar el pedido solo había pasado medio minuto y el mesero ya nos dijo que no podíamos cambiar ni el sabor del jugo nos explicó que se pelearia con la cajera y que era imposible",Parrillada Restaurant El Dorado Sauces 3,True
2024-12-24 19:37:31.674000+00:00,,5.0,4.0,5.0,5,"Muy recomendado aunque le falta un poco más d sabor en pollo, la carne estupenda",Parrillada Restaurant El Dorado Sauces 3,True
2024-09-22 23:56:50.578000+00:00,,5.0,5.0,5.0,5,Es demasiado bueno quiere comer algo diferente y al estilo 109% venezolano no dudes de ir excelente musica muy buena atención y tienes variedad de comidas para disfrutar en pareja o en familia...,Parrillada Restaurant El Dorado Sauces 3,True
2022-03-24 23:32:35.295000+00:00,,,,,5,"Es un restaurante muy bonito, su aspecto en forma de castillo lo vuelve llamativo pues resalta del resto de arquitectura circundante. Interiormente, luce cómodo y acogedor. Entre su menú ofrecen parrilladas y pollo asado que puede ir acompañado del clásico arroz con menestra y una ensalada muy deliciosa. Un punto a destacar es el tamaño de los pollos que sirven, son grandes y por consiguiente rendidores y muy exquisitos. Un lugar muy recomendable para ir en familia o amigos.",Parrillada Restaurant El Dorado Sauces 3,True
2024-02-18 03:23:52.101000+00:00,,4.0,4.0,4.0,4,"Tiene como oportunidad de mejora, que el personal sea más atento,que las mesas estén limpias cuando llegue el cliente, y tratar de no demorar tanto para servir.",Parrillada Restaurant El Dorado Sauces 3,True
2021-11-08 22:23:10.362000+00:00,,,,,5,Excelente el sabor  de la comida,Parrillada Restaurant El Dorado Sauces 3,True
2022-12-18 23:05:44.043000+00:00,,5.0,5.0,5.0,5,"Si buscas una opción saludable diré que es la mejor, conocí este lugar después de mi cirugía de vesícula y como era tan delicada para la comida este lugar cocina super rico y sin condimentos, siempre regreso por el pollo y la papá al horno que con su salsa de queso es lo más delicioso",Parrillada Restaurant El Dorado Sauces 3,True
2022-02-13 13:11:27.245000+00:00,,,,,4,"El lugar es muy bonito ,a mi y a mi familia nos atendieron super bien ,PERO al culminar mi comida apareció una mosca y cuando bajaba las escaleras más moscas , no  se si vuelva 😔 🙊 .......",Parrillada Restaurant El Dorado Sauces 3,True
2024-10-12 12:40:15.207000+00:00,,5.0,5.0,5.0,5,"Excelente muy delicioso, les recomiendo el moro tocino y la costilla de cerdo , además excelente el precio",Parrillada Restaurant El Dorado Sauces 3,True
2023-04-17 04:56:09.631000+00:00,,,,,4,Si me gusto. Pedimos un pollo entero (viene cortado en presas)con sus acompañantes.....y arroz-moros adicional con papa frita adicional,Parrillada Restaurant El Dorado Sauces 3,True
2022-04-05 21:09:29.607000+00:00,,,,,4,Se demoraron mucho para servir a pesar de que no estaba saturado. De ahí la comida bien. Aunque ese jugo de naranja flojo. Mucha agua. Un poquito más de pulpa chicos.,Parrillada Restaurant El Dorado Sauces 3,True
2025-12-31 20:28:39.183000+00:00,De 10 a 30 min,4.0,4.0,5.0,5,Es bonito las cosa,Parrillada Restaurant El Dorado Sauces 3,True
2022-06-15 16:31:55.804000+00:00,,,,,3,Es lindo el lugar pero los precios son exagerados a mi parecer y la comida ko es tan buena le falta por mejorar.,Parrillada Restaurant El Dorado Sauces 3,True
2022-04-02 03:03:27.803000+00:00,,,,,5,Muy buena atención,Parrillada Restaurant El Dorado Sauces 3,True
2020-11-29 08:24:39.611000+00:00,,,,,5,"Es un sitio muy acogedor, extremadamente bonito, con platos sumamente deliciosos y precios increíbles. Las remodelaciones que le hicieron al lugar fueron perfectas. Muy recomendado.",Parrillada Restaurant El Dorado Sauces 3,True
2021-11-10 01:46:36.909000+00:00,,,,,4,"Un lugar acogedor, con excelente comida y ambiente. Buen servicio, variedad de platos, tanto en platos tradicionales de la zona, como asados, amburguesas, etc. Recomendado",Parrillada Restaurant El Dorado Sauces 3,True
2022-05-11 12:06:07.101000+00:00,,,,,5,"Excelente 👌, todo exquisito",Parrillada Restaurant El Dorado Sauces 3,True
2024-12-25 17:00:00.572000+00:00,,4.0,4.0,4.0,4,"Buen restaurant, te atienden bien y la comida es buena",Parrillada Restaurant El Dorado Sauces 3,True
2022-08-03 20:09:15.668000+00:00,,,,,4,"El lugar es bueno la comida, esta bien, los precios están bien, en general es un buen lugar para pasar con familia y amigos, recomendable!",Parrillada Restaurant El Dorado Sauces 3,True
2020-08-29 16:17:17.306000+00:00,,,,,5,Un lugar muy agradable excelente la atención y un menu muy variado; y con los protocolos para la seguridad de sus clientes y el personal,Parrillada Restaurant El Dorado Sauces 3,True
2022-02-02 21:07:39.560000+00:00,,,,,4,"Uno de mis centros comerciales favoritos, suficientes parqueos y un lugar discreto pero debe mejorar la señalización para la salida es un tanto confusa",Parrillada Restaurant El Dorado Sauces 3,True
2021-05-24 01:34:10.602000+00:00,,,,,5,"Muy limpio, comida variada y deliciosa. Ambiente familiar y meseros atentos. Totalmente recomendado",Parrillada Restaurant El Dorado Sauces 3,True
2021-09-16 21:51:54.411000+00:00,,,,,5,"En el Dorado podrás tener un gran momento sólo o en pareja y disfrutar de parrilladas deliciosas, el servicio es muy bueno y se aplican las medidas de bioseguridad.",Parrillada Restaurant El Dorado Sauces 3,True
2022-12-07 20:17:53.262000+00:00,,4.0,,1.0,1,"Realmente despcionante la atención 2 horas para un plato, de las buenas referencias que tenia, es una pena tal vez tengan preferencia pero deberían cambiar de zona si es así",Parrillada Restaurant El Dorado Sauces 3,True
2023-02-06 19:17:12.304000+00:00,,5.0,5.0,5.0,4,La persona que me atendió fue excelente en su servicio. Buen ambiente. Precios normales.,Parrillada Restaurant El Dorado Sauces 3,True
2024-11-13 19:41:48.518000+00:00,,2.0,4.0,2.0,3,"Pedimos un hígado a la parrilla buen buena la comida la atención no tanta, pero la experiencia es buen",Parrillada Restaurant El Dorado Sauces 3,True
2022-12-28 20:38:35.730000+00:00,,,,,5,"Deliciosa su comida como siempre, han remodelado y se ven muy bonitos sus locales",Parrillada Restaurant El Dorado Sauces 3,True
2024-07-10 04:15:12.906000+00:00,,5.0,5.0,5.0,5,Excelente lugar para visitar con la familia platos variados buenas precios buenas sazón,Parrillada Restaurant El Dorado Sauces 3,True
2025-02-27 23:33:16.544000+00:00,Sin espera,4.0,4.0,4.0,4,Una buena opción para comer en familia cualquier día de la semana,Parrillada Restaurant El Dorado Sauces 3,True
2023-05-26 04:04:32.618000+00:00,,,,,3,Un poco demorado teniendo el.pollo en las.brasas debería ser más rápido pero el sabor delicioso,Parrillada Restaurant El Dorado Sauces 3,True
2023-09-11 19:18:41.691000+00:00,,1.0,1.0,4.0,1,Mala experiencia  comida fría la tensión fue buena  el pollo estaba crudo y la carne estaba verde y olía mal.,Parrillada Restaurant El Dorado Sauces 3,True
2025-08-15 14:35:45.501000+00:00,,5.0,5.0,5.0,5,"Muy bueno, lo recomiendo",Parrillada Restaurant El Dorado Sauces 3,True
2021-07-04 14:53:46.386000+00:00,,,,,5,Es un lugar muy bonito y acogedor excelente atención y una comida deliciosa.,Parrillada Restaurant El Dorado Sauces 3,True
2022-12-04 18:26:39.624000+00:00,,5.0,5.0,5.0,5,"Lugar recomendado, excelente servicio y la comida exquisita",Parrillada Restaurant El Dorado Sauces 3,True
2023-10-14 14:01:00.223000+00:00,,4.0,4.0,4.0,4,"Buen servicio, calidad precio.
La atención esmerada.",Parrillada Restaurant El Dorado Sauces 3,True
2022-09-28 04:24:12.311000+00:00,,,,,2,"No hay opciones veganas.
Pero para los que comen carne es un lindo lugar para ir y comer muy bien.",Parrillada Restaurant El Dorado Sauces 3,True
2021-02-04 04:57:49.057000+00:00,,,,,4,"Muy bueno, buen servicio buena comida, la parte de arriba es muy acogedor",Parrillada Restaurant El Dorado Sauces 3,True
2021-01-02 09:15:25.918000+00:00,,,,,3,"Buena presentación en la comida y tiempo de atención aceptable, pero en el caso de las hamburguesas demasiado condimentada la carne.",Parrillada Restaurant El Dorado Sauces 3,True
2023-08-08 20:54:41.721000+00:00,,3.0,3.0,5.0,4,"Visité el lugar más allá q el sabor fue la nostalgia, nada en comparación con lo q algun día fue...",Parrillada Restaurant El Dorado Sauces 3,True
2021-09-11 20:42:10.996000+00:00,,,,,3,Buena la comida pero en atencion debe mejorar. Un poco,Parrillada Restaurant El Dorado Sauces 3,True
2022-03-01 16:07:21.564000+00:00,,,,,4,Muy buen lugar para disfrutar en familia y amigos la atención ecxelente,Parrillada Restaurant El Dorado Sauces 3,True
2023-06-21 20:47:14.236000+00:00,,3.0,4.0,2.0,3,"Regular,buena comida ,el sitio deja mucho que desear",Parrillada Restaurant El Dorado Sauces 3,True
2022-09-19 18:17:12.708000+00:00,,,,,5,"Buena comida y buena atención, no está de más decir que el lugar era bonito.",Parrillada Restaurant El Dorado Sauces 3,True
2020-09-20 21:17:34.700000+00:00,,,,,2,"La nueva infraestructura es muy linda, las porciones son grandes, los precios altos pero le falta muuucho a la sazón.",Parrillada Restaurant El Dorado Sauces 3,True
2025-03-29 16:23:03.745000+00:00,,5.0,5.0,5.0,5,Excelente lugar para compartir en familia,Parrillada Restaurant El Dorado Sauces 3,True
2026-03-31 13:27:51.827000+00:00,,5.0,5.0,5.0,5,Buena atención,Parrillada Restaurant El Dorado Sauces 3,True
2022-06-29 18:57:28.499000+00:00,,,,,1,"Se demoran mucho en atender, estando vacío el local, sus aires acondicionados los tienen apagados en pleno día donde hace un calor terrible",Parrillada Restaurant El Dorado Sauces 3,True
2022-03-02 04:38:24.338000+00:00,,,,,5,Un excelente servicio y gran variedad  de platos para desgustar.,Parrillada Restaurant El Dorado Sauces 3,True
2020-01-13 17:21:55.099000+00:00,,,,,5,En lo personal a mi todo centro comercial me gusta por la variedad de locales colores luces,Parrillada Restaurant El Dorado Sauces 3,True
2022-03-25 21:29:24.586000+00:00,,,,,5,"Lugar agradable, bonita decoración, deliciosa comida y excelente atención",Parrillada Restaurant El Dorado Sauces 3,True
2023-04-29 13:48:58.133000+00:00,,5.0,5.0,5.0,5,Atención muy buena y la comida deliciosa,Parrillada Restaurant El Dorado Sauces 3,True
2022-01-02 23:35:43.851000+00:00,,,,,5,"En realidad no fui al Dorado sino dónde Jenny, que queda alado y el caldo de pata es delicioso",Parrillada Restaurant El Dorado Sauces 3,True
2025-06-03 15:20:44.769000+00:00,Sin espera,2.0,1.0,1.0,1,"Fatal. Horrible lugar, comida mala",Parrillada Restaurant El Dorado Sauces 3,True
2022-08-13 13:58:48.532000+00:00,,,,,4,"Muy buen lugar, mucha variedad de locales patio de comidas muy variado.",Parrillada Restaurant El Dorado Sauces 3,True
2024-08-23 05:05:55.891000+00:00,,4.0,4.0,4.0,4,"Delicioso comida, excelente atención",Parrillada Restaurant El Dorado Sauces 3,True
2024-06-05 17:26:52.043000+00:00,,5.0,3.0,4.0,3,No voy desde que en lugar de costillas a la BBQ pusieron huesos bañados en salsa.,Parrillada Restaurant El Dorado Sauces 3,True
2023-02-25 16:01:15.118000+00:00,,,,,4,"Buen sabor en pollos a la brasa, lugar tradicional no tiene parqueo privado",Parrillada Restaurant El Dorado Sauces 3,True
2020-01-26 02:06:24.525000+00:00,,,,,5,Exelente atención y comida,Parrillada Restaurant El Dorado Sauces 3,True
2024-05-04 21:57:27.936000+00:00,,5.0,5.0,5.0,5,Buen lugar para varias actividades,Parrillada Restaurant El Dorado Sauces 3,True
2021-11-16 17:03:34.217000+00:00,,,,,3,"Muy bonito lugar, la comida esta bien",Parrillada Restaurant El Dorado Sauces 3,True
2021-07-04 13:13:35.116000+00:00,,,,,5,"Muy buena comida, ir con paciencia para buscar parqueo",Parrillada Restaurant El Dorado Sauces 3,True
2023-03-22 18:55:25.045000+00:00,,4.0,5.0,5.0,5,Buen servicio y buena Sazón para disfrutar en familia,Parrillada Restaurant El Dorado Sauces 3,True
2021-04-01 20:38:17.239000+00:00,,,,,5,"Excelente, playos suculentos y muy bien servidos. Cumplen con las normas de bioseguridad.",Parrillada Restaurant El Dorado Sauces 3,True
2022-09-05 17:23:15.111000+00:00,,,,,4,"Comida típica de muy buen nivel, recomendado si vienen al Guayas",Parrillada Restaurant El Dorado Sauces 3,True
2021-02-24 15:34:07.559000+00:00,,,,,4,Buen lugar para comer buena atención y buenos precios,Parrillada Restaurant El Dorado Sauces 3,True
2021-01-19 12:59:10.547000+00:00,,,,,5,Muy buen pollo y lugar amplio para guardar distancia,Parrillada Restaurant El Dorado Sauces 3,True
2020-12-23 04:35:57.336000+00:00,,,,,5,"Buena atención, limpio y seguro bajo sus condiciones",Parrillada Restaurant El Dorado Sauces 3,True
2022-11-06 16:43:12.822000+00:00,,5.0,5.0,5.0,5,Excelente la comida para asistir con amigos y familia,Parrillada Restaurant El Dorado Sauces 3,True
2020-08-20 05:08:18.603000+00:00,,,,,5,Muy buen ambiente y el pollo a la brasa buenísimo!,Parrillada Restaurant El Dorado Sauces 3,True
2024-05-11 14:34:37.073000+00:00,,5.0,5.0,5.0,5,"Todo muy bien,  desde la atención. Comida todo",Parrillada Restaurant El Dorado Sauces 3,True
2020-06-13 21:32:47.967000+00:00,,,,,5,"Buena comida,  atención de 1ra, buena ubicación,  excelente  lugar  !  ✌️",Parrillada Restaurant El Dorado Sauces 3,True
2021-12-15 21:13:22.297000+00:00,,,,,4,La comida es buena un poco cara con respecto a lo de enrededor pero vale la pena,Parrillada Restaurant El Dorado Sauces 3,True
2023-01-23 02:15:50.700000+00:00,,,,,5,Frente al dorado se encuentra un carrito de hamburguesa el colorado divina la comida y excelente atención,Parrillada Restaurant El Dorado Sauces 3,True
2020-11-15 02:20:38.655000+00:00,,,,,5,"La parrilla es espectacular.. muy buena comida, precio acorde a la calidad..",Parrillada Restaurant El Dorado Sauces 3,True
2023-11-05 08:13:21.845000+00:00,,,,,5,Buena atención muy buena comida,Parrillada Restaurant El Dorado Sauces 3,True
2020-07-29 01:26:38.421000+00:00,,,,,5,Excelente para distraerse y hacer compras o ver alguna película,Parrillada Restaurant El Dorado Sauces 3,True
2021-12-29 01:04:35.191000+00:00,,,,,2,"Es una pena la comida es buena, pero la atención en caja es pésima",Parrillada Restaurant El Dorado Sauces 3,True
2022-05-28 03:23:32.763000+00:00,,,,,1,"Pésima atención de la cajera mala cara porque le pides que desprese el pollo, mala cara si es menos de un pollo, mala cara si le pides mas salsa",Parrillada Restaurant El Dorado Sauces 3,True
2023-07-11 00:47:54.692000+00:00,,5.0,5.0,5.0,5,"Hay mucha variedad de comida, me encanta",Parrillada Restaurant El Dorado Sauces 3,True
2022-12-13 13:59:52.906000+00:00,,5.0,5.0,5.0,5,Muy buen centro comercial donde encontrarás de todo incluso a precios razonables,Parrillada Restaurant El Dorado Sauces 3,True
2022-02-26 13:49:22.282000+00:00,,,,,4,"Muy buen lugares, atención de primera en Almacén. Pasas, netamente ecuatoriano.",Parrillada Restaurant El Dorado Sauces 3,True
2021-10-30 00:12:01.121000+00:00,,,,,4,"Buen restaurante, aunque es un poquito caro ofrecen una buena atención",Parrillada Restaurant El Dorado Sauces 3,True
2020-01-18 16:19:13.345000+00:00,,,,,5,"Está  EXELENTE LA ATENCIÓN DE PRIMERA ,LA DECORACIÓN MUY ELEGANTE........RESUMIDO MAXIMO.",Parrillada Restaurant El Dorado Sauces 3,True
2020-10-03 16:53:43.748000+00:00,,,,,5,"Excelente comida, atención y ubicación... precios módicos",Parrillada Restaurant El Dorado Sauces 3,True
2023-05-02 12:20:50.454000+00:00,,4.0,5.0,5.0,5,Muy buena parrillada lo mejor . Recomendado,Parrillada Restaurant El Dorado Sauces 3,True
2021-09-03 15:33:57.744000+00:00,,,,,5,Deberían sacar más promos... de ahí su apanado con morochoclo riquísimo,Parrillada Restaurant El Dorado Sauces 3,True
2020-02-22 18:45:43.629000+00:00,,,,,3,Pedimos para llevar y no nos dieron cubiertos ni servilletas,Parrillada Restaurant El Dorado Sauces 3,True
2022-09-26 12:25:21.363000+00:00,,,,,5,Muy buena variedad de platos para degustar,Parrillada Restaurant El Dorado Sauces 3,True
2022-03-16 21:38:49.944000+00:00,,,,,5,"Excelente atención , lindas instalaciones y deliciosa comida",Parrillada Restaurant El Dorado Sauces 3,True
2020-02-13 15:33:01.624000+00:00,,,,,5,"Lindo lugar y rica comida, pero los servicios 👎",Parrillada Restaurant El Dorado Sauces 3,True
2022-10-29 16:44:09.697000+00:00,,5.0,5.0,5.0,5,Deliciosa comía y lugar limpio y muy amplio,Parrillada Restaurant El Dorado Sauces 3,True
2021-02-24 23:59:06.340000+00:00,,,,,4,Muy buenos precios y excelente comida,Parrillada Restaurant El Dorado Sauces 3,True
2023-04-12 15:20:26.952000+00:00,,5.0,5.0,5.0,5,Buen ambiente y muy buen sazon en la comida,Parrillada Restaurant El Dorado Sauces 3,True
2025-05-15 22:22:22.530000+00:00,Sin espera,3.0,5.0,4.0,5,Super contundentes los platos,Parrillada Restaurant El Dorado Sauces 3,True
2023-01-30 02:48:23.578000+00:00,,,,4.0,5,"Servicio técnico de Automotores y Anexos Renault , buen servicio.",Parrillada Restaurant El Dorado Sauces 3,True
2021-09-11 20:36:40.954000+00:00,,,,,5,Estuve de paso x mi finca durante 6 días y la pasé muy bien,Parrillada Restaurant El Dorado Sauces 3,True
2022-05-25 04:37:06.492000+00:00,,,,,5,"Excelente comida, para degustar en las noches .",Parrillada Restaurant El Dorado Sauces 3,True
2023-07-18 05:39:56.751000+00:00,,5.0,5.0,5.0,5,Muy buena la comida,Parrillada Restaurant El Dorado Sauces 3,True
2021-02-19 00:00:25.552000+00:00,,,,,4,"Bueno, los platos moderados. La atencion bien, y habia distanciamiento",Parrillada Restaurant El Dorado Sauces 3,True
2020-09-23 14:45:16.219000+00:00,,,,,5,"Buen sitio para ir, te permiten el ingreso de mascotas.",Parrillada Restaurant El Dorado Sauces 3,True
2020-02-16 02:26:00.155000+00:00,,,,,5,Muy buen lugar para encontrar de todo,Parrillada Restaurant El Dorado Sauces 3,True
2021-03-06 12:21:58.708000+00:00,,,,,5,Lo mejor de sauces 3 las parrilladas tradicional .visitalo y disfrutalo en familia,Parrillada Restaurant El Dorado Sauces 3,True
2020-03-13 15:00:10.027000+00:00,,,,,4,Tiene buenas opciones de platos y sus papas son realmente deliciosas.,Parrillada Restaurant El Dorado Sauces 3,True
2023-02-12 00:03:18.872000+00:00,,4.0,4.0,4.0,4,Excelente de todo komo me gusta,Parrillada Restaurant El Dorado Sauces 3,True
2021-11-06 15:12:43.508000+00:00,,,,,3,La atencion no fue muy buena,Parrillada Restaurant El Dorado Sauces 3,True
2023-05-20 02:06:49.810000+00:00,,,,,5,Me gusta su menestra y la buena atención,Parrillada Restaurant El Dorado Sauces 3,True
2023-03-20 22:55:18.918000+00:00,,4.0,4.0,4.0,4,Fui a comer en familia los meseros están en el celular pendiente no a los clientes,Parrillada Restaurant El Dorado Sauces 3,True
2022-03-31 12:52:14.271000+00:00,,,,,1,No es siempre pero esta vez califico con 1 y eso porque no deja poner cero,Parrillada Restaurant El Dorado Sauces 3,True
2025-01-17 04:05:28.005000+00:00,,,,,1,Precios muy caros para comidas populares las encuentras a mejor precio en otros lados y con igual o mejor sabor,Parrillada Restaurant El Dorado Sauces 3,True
2024-10-19 22:31:39.659000+00:00,,5.0,3.0,3.0,4,Tiene un Ambiente tranquilo,Parrillada Restaurant El Dorado Sauces 3,True
2021-02-06 04:39:23.215000+00:00,,,,,4,Buena comida y excelente atencion,Parrillada Restaurant El Dorado Sauces 3,True
2021-09-16 14:36:50.969000+00:00,,,,,4,Muy limpio y todo ordenado.,Parrillada Restaurant El Dorado Sauces 3,True
2026-07-09 22:45:29.344000+00:00,Sin espera,,,,4,Buenas comida,Parrillada Restaurant El Dorado Sauces 3,True
2021-06-04 14:08:40.297000+00:00,,,,,4,"Su comida es riquísima, no le doy 5 estrellas porque no encontramos aparcamiento",Parrillada Restaurant El Dorado Sauces 3,True
2021-02-25 01:29:24.260000+00:00,,,,,3,Ya no es como antes perdio la sazon pero el ambiente muy bien,Parrillada Restaurant El Dorado Sauces 3,True
2024-10-26 18:41:52.445000+00:00,,5.0,5.0,5.0,5,Buen lugar para compartir en familia.,Parrillada Restaurant El Dorado Sauces 3,True
2021-03-20 15:35:58.894000+00:00,,,,,4,"El pollo es delicioso, doradito y muy bien sazonado",Parrillada Restaurant El Dorado Sauces 3,True
2021-09-15 05:13:51.636000+00:00,,,,,5,Es el mall mas grande d Guayaquil...tiene salas d cine..,Parrillada Restaurant El Dorado Sauces 3,True
2020-10-08 01:01:22.664000+00:00,,,,,5,Comida fresca recién preparada. Excelente atención.,Parrillada Restaurant El Dorado Sauces 3,True
2022-03-02 19:38:44.255000+00:00,,,,,4,Rica comida y más sus pollos asados ☺️,Parrillada Restaurant El Dorado Sauces 3,True
2024-10-20 18:10:37.057000+00:00,,5.0,5.0,5.0,5,Muy bien,Parrillada Restaurant El Dorado Sauces 3,True
2020-02-07 01:51:38.137000+00:00,,,,,2,"Mal servicio.....capaciten mejor a los meseros
Mejor dicho.... a TOÓODO EL PERSONAL....😬",Parrillada Restaurant El Dorado Sauces 3,True
2022-02-22 17:31:30.016000+00:00,,,,,5,"Es súper espacioso, grande, variedad en todo",Parrillada Restaurant El Dorado Sauces 3,True
2020-10-09 00:33:07.060000+00:00,,,,,5,"Excelente!!!
Buena comida
Buen ambiente
Buena atención",Parrillada Restaurant El Dorado Sauces 3,True
2024-09-29 18:41:51.273000+00:00,,,,,2,No nos limpiaban la mesa y no nos atendieron pronto,Parrillada Restaurant El Dorado Sauces 3,True
2021-12-11 11:25:58.053000+00:00,,,,,3,Lugar de variedades limpio buena atencion,Parrillada Restaurant El Dorado Sauces 3,True
2021-08-27 07:26:54.608000+00:00,,,,,5,"Lindo lugar, buena atención.",Parrillada Restaurant El Dorado Sauces 3,True
2020-09-14 20:42:28.468000+00:00,,,,,4,Buen lugar para comer con la familia...,Parrillada Restaurant El Dorado Sauces 3,True
2021-06-30 17:26:04.089000+00:00,,,,,4,Muy buen ambiente y muy bonito,Parrillada Restaurant El Dorado Sauces 3,True
2020-08-09 16:11:42.828000+00:00,,,,,5,Exelente comida agradable ambiente,Parrillada Restaurant El Dorado Sauces 3,True
2021-10-16 12:35:08.257000+00:00,,,,,5,Muy buena la comida como siempre,Parrillada Restaurant El Dorado Sauces 3,True
2020-10-30 03:36:03.222000+00:00,,,,,5,Siempre muy bueno y muy amables,Parrillada Restaurant El Dorado Sauces 3,True
2022-11-07 11:56:22.965000+00:00,,3.0,4.0,2.0,4,Buen sitio para ir a comer en familia.,Parrillada Restaurant El Dorado Sauces 3,True
2024-02-02 03:27:02.965000+00:00,,5.0,5.0,5.0,5,Muy bonito y limpio,Parrillada Restaurant El Dorado Sauces 3,True
2020-02-26 19:07:25.157000+00:00,,,,,5,Agradable y exquisito. Recomendado la corvina con moro.,Parrillada Restaurant El Dorado Sauces 3,True
2023-12-27 10:40:16.898000+00:00,,,,,4,Centro comercial muy bonito amplio,Parrillada Restaurant El Dorado Sauces 3,True
2022-05-27 04:18:42.567000+00:00,,,,,5,Un gran centro comercial como para paseo familiar,Parrillada Restaurant El Dorado Sauces 3,True
2021-09-14 18:44:01.161000+00:00,,,,,4,Para degustar platos tipicos lo maximo,Parrillada Restaurant El Dorado Sauces 3,True
2022-03-14 13:15:46.520000+00:00,,,,,5,Que ricura de caldo de pata se los recomiendo 👍🇪🇨💪,Parrillada Restaurant El Dorado Sauces 3,True
2021-11-04 12:18:05.461000+00:00,,,,,5,Muy buena comida...,Parrillada Restaurant El Dorado Sauces 3,True
2023-12-06 16:24:12.556000+00:00,,5.0,5.0,5.0,5,Es lo mejor los vídeos juegos la cancha de ahí la comida,Parrillada Restaurant El Dorado Sauces 3,True
2022-04-06 03:26:08.466000+00:00,,,,,3,"La comida es buena, pero la atención ya no es como antes",Parrillada Restaurant El Dorado Sauces 3,True
2021-07-09 15:14:26.687000+00:00,,,,,4,"Buen servicio, ambiente agradable",Parrillada Restaurant El Dorado Sauces 3,True
2021-01-12 22:12:21.369000+00:00,,,,,5,"Lindo el patio de comidas , muy recomendado",Parrillada Restaurant El Dorado Sauces 3,True
2022-09-26 20:16:58.635000+00:00,,,,,4,"Nada del otro mundo, como lo pintan la gente",Parrillada Restaurant El Dorado Sauces 3,True
2020-02-18 22:00:19.990000+00:00,,,,,5,Excelente comida a gran precio,Parrillada Restaurant El Dorado Sauces 3,True
2022-01-09 05:41:17.778000+00:00,,,,,4,Muy buena parrillada y un buen servicio,Parrillada Restaurant El Dorado Sauces 3,True
2020-07-25 01:58:54.329000+00:00,,,,,4,Buen lugar tranquilo para conversar,Parrillada Restaurant El Dorado Sauces 3,True
2022-07-01 02:41:41.262000+00:00,,,,,4,"Bueno, aúnq un poco cariñoso en comparación con otros sitios",Parrillada Restaurant El Dorado Sauces 3,True
2021-06-05 17:57:09.100000+00:00,,,,,4,Buena comida rápida atención buen precio,Parrillada Restaurant El Dorado Sauces 3,True
2020-01-01 03:57:22.050000+00:00,,,,,5,Para pasear. Demasiados locales cerrados luego de 4 años abierto.,Parrillada Restaurant El Dorado Sauces 3,True
2020-10-22 16:29:04.825000+00:00,,,,,3,Hacia algo de calor pero buena la atención,Parrillada Restaurant El Dorado Sauces 3,True
2022-04-02 04:16:52.780000+00:00,,,,,5,"Platos grandes, buena relación precio calidad",Parrillada Restaurant El Dorado Sauces 3,True
2023-02-23 00:10:44.961000+00:00,,4.0,5.0,4.0,5,Muy rica la comida,Parrillada Restaurant El Dorado Sauces 3,True
2021-07-23 03:19:54.010000+00:00,,,,,5,La atención y la comida muy buena,Parrillada Restaurant El Dorado Sauces 3,True
2021-02-07 23:49:41.449000+00:00,,,,,1,Pésima atención muy mala,Parrillada Restaurant El Dorado Sauces 3,True
2020-08-01 18:19:09.841000+00:00,,,,,5,Gran Remodelación y contribución a la regeneración de La Ciudadela los Sauces,Parrillada Restaurant El Dorado Sauces 3,True
2021-09-04 20:25:09.505000+00:00,,,,,4,Muy bien excelente todo,Parrillada Restaurant El Dorado Sauces 3,True
2022-07-30 12:10:07.384000+00:00,,,,,5,No cambio la parrillda de este lugar por nada del mundo 🤗,Parrillada Restaurant El Dorado Sauces 3,True
2020-03-01 00:44:35.587000+00:00,,,,,5,Por q son las mejores alitas q e comido,Parrillada Restaurant El Dorado Sauces 3,True
2023-11-19 19:55:01.293000+00:00,,5.0,5.0,5.0,5,Muy buen sitio,Parrillada Restaurant El Dorado Sauces 3,True
2021-09-23 12:46:25.963000+00:00,,,,,4,Demasiada gente y no me gustó la atención,Parrillada Restaurant El Dorado Sauces 3,True
2020-08-04 01:13:52.498000+00:00,,,,,5,"Buena atención, excelentes precios",Parrillada Restaurant El Dorado Sauces 3,True
2021-09-01 13:41:56.705000+00:00,,,,,4,Muy buena comida en el sector de sauces IV,Parrillada Restaurant El Dorado Sauces 3,True
2023-08-06 20:03:52.522000+00:00,,5.0,5.0,5.0,5,Muy buena comida,Parrillada Restaurant El Dorado Sauces 3,True
2021-05-02 02:23:55.846000+00:00,,,,,4,"Buenos cortes de carne, para degustar y alegrar el paladar.",Parrillada Restaurant El Dorado Sauces 3,True
2023-03-14 17:57:36.057000+00:00,,4.0,5.0,5.0,5,El lugar es muy bonito y acogedor,Parrillada Restaurant El Dorado Sauces 3,True
2022-06-05 01:49:13.771000+00:00,,,,,5,"Muy buen lugar
Recomendado",Parrillada Restaurant El Dorado Sauces 3,True
2021-05-19 16:55:15.777000+00:00,,,,,5,Muy buen lugar,Parrillada Restaurant El Dorado Sauces 3,True
2022-02-15 02:23:55.306000+00:00,,,,,4,Muy buena las carnes,Parrillada Restaurant El Dorado Sauces 3,True
2021-09-06 23:01:17.465000+00:00,,,,,3,"Muy bonito,  soy de Quito.",Parrillada Restaurant El Dorado Sauces 3,True
2020-02-03 07:40:56.459000+00:00,,,,,2,Dos xq no.tiene donde parquear,Parrillada Restaurant El Dorado Sauces 3,True
2020-11-20 12:10:49.149000+00:00,,,,,5,Muy buena sazón,Parrillada Restaurant El Dorado Sauces 3,True
2021-08-08 22:59:09.337000+00:00,,,,,5,Excelente comida y atención .,Parrillada Restaurant El Dorado Sauces 3,True
2022-07-05 22:56:20.896000+00:00,,,,,4,Buen lugar seguro aseado,Parrillada Restaurant El Dorado Sauces 3,True
2022-03-27 18:18:26.004000+00:00,,,,,5,"Buena experiencia, buen servicio",Parrillada Restaurant El Dorado Sauces 3,True
2021-12-15 16:22:41.343000+00:00,,,,,4,Buen lugar para compartir en familia,Parrillada Restaurant El Dorado Sauces 3,True
2020-07-04 23:32:58.677000+00:00,,,,,5,Se buena atención,Parrillada Restaurant El Dorado Sauces 3,True
2022-04-18 04:49:52.814000+00:00,,,,,5,Muy rico todo.,Parrillada Restaurant El Dorado Sauces 3,True
2020-11-29 03:59:40.615000+00:00,,,,,5,Hermoso. Amplio,Parrillada Restaurant El Dorado Sauces 3,True
2022-06-09 18:33:02.005000+00:00,,,,,5,Muy bueno todo,Parrillada Restaurant El Dorado Sauces 3,True
2022-09-02 05:15:46.178000+00:00,,,,,5,Pollo a la brasa espectacular,Parrillada Restaurant El Dorado Sauces 3,True
2022-02-22 00:14:45.997000+00:00,,,,,2,No fue de mi gusto,Parrillada Restaurant El Dorado Sauces 3,True
2020-01-19 05:49:40.655000+00:00,,,,,5,El dorado,Parrillada Restaurant El Dorado Sauces 3,True
2024-05-20 13:45:01.169000+00:00,,,,,1,Es malo y caro,Parrillada Restaurant El Dorado Sauces 3,True
2024-07-02 21:48:48.104000+00:00,,5.0,5.0,5.0,5,Excelencia y calidad gastronómica..,Parrillada Restaurant El Dorado Sauces 3,True
2021-08-05 19:55:56.548000+00:00,,,,,5,Excelente la comida y la atención,Parrillada Restaurant El Dorado Sauces 3,True
2021-08-28 08:24:36.334000+00:00,,,,,5,Muy bien,Parrillada Restaurant El Dorado Sauces 3,True
2024-02-19 03:03:23.313000+00:00,,5.0,5.0,5.0,5,Buena experiencia,Parrillada Restaurant El Dorado Sauces 3,True
2023-01-07 22:58:32.204000+00:00,,5.0,5.0,5.0,5,"Excelente Servicio
Excelente Sazón",Parrillada Restaurant El Dorado Sauces 3,True
2021-08-17 09:58:50.663000+00:00,,,,,5,Deliciosa comida y atencion de primera,Parrillada Restaurant El Dorado Sauces 3,True
2022-09-17 03:07:22.003000+00:00,,,,,5,Rico Rico ese Pollo,Parrillada Restaurant El Dorado Sauces 3,True
2023-04-10 05:24:13.486000+00:00,,5.0,5.0,5.0,5,Excelente para compartir,Parrillada Restaurant El Dorado Sauces 3,True
2021-09-16 12:55:30.459000+00:00,,,,,4,Muy buena comida,Parrillada Restaurant El Dorado Sauces 3,True
2021-05-13 01:15:51.195000+00:00,,,,,5,Muy amplio y bonito,Parrillada Restaurant El Dorado Sauces 3,True
2020-06-09 20:33:33.367000+00:00,,,,,5,Muy lindo,Parrillada Restaurant El Dorado Sauces 3,True
2023-08-01 19:40:37.768000+00:00,,5.0,5.0,5.0,5,Excelente sitio!,Parrillada Restaurant El Dorado Sauces 3,True
2022-04-12 16:40:24.847000+00:00,,,,,5,Muy buena Atención,Parrillada Restaurant El Dorado Sauces 3,True
2025-11-03 23:02:36.706000+00:00,,5.0,5.0,5.0,5,Excelente,Parrillada Restaurant El Dorado Sauces 3,True
2023-06-16 12:15:58.152000+00:00,,3.0,4.0,4.0,3,Lugar no tiene mucha variedad,Parrillada Restaurant El Dorado Sauces 3,True
2021-02-15 16:48:04.191000+00:00,,,,,4,El moro es muy bueno,Parrillada Restaurant El Dorado Sauces 3,True
2024-02-11 05:00:40.855000+00:00,,4.0,5.0,5.0,5,Un poco caluroso,Parrillada Restaurant El Dorado Sauces 3,True
2021-03-08 05:30:48.091000+00:00,,,,,3,Dificultad para parquear y peligro para salir,Parrillada Restaurant El Dorado Sauces 3,True
2021-06-14 15:59:10.821000+00:00,,,,,4,EXCELENTE SU ARROZ CON MENESTRA,Parrillada Restaurant El Dorado Sauces 3,True
2022-12-04 13:12:45.561000+00:00,,,,,4,Buen servicio,Parrillada Restaurant El Dorado Sauces 3,True
2022-09-26 02:05:28.063000+00:00,,,,,5,Excelente servicio,Parrillada Restaurant El Dorado Sauces 3,True
2021-05-23 22:50:56.906000+00:00,,,,,5,Delicioso siempre :),Parrillada Restaurant El Dorado Sauces 3,True
2021-10-16 01:49:15.520000+00:00,,,,,5,Muy agradable,Parrillada Restaurant El Dorado Sauces 3,True
2024-06-20 19:18:14.758000+00:00,,,,,5,Buena comida,Parrillada Restaurant El Dorado Sauces 3,True
2023-10-14 00:15:13.628000+00:00,,4.0,4.0,4.0,4,Buen sabor.,Parrillada Restaurant El Dorado Sauces 3,True
2024-06-17 02:53:44.972000+00:00,,5.0,5.0,5.0,5,Rico 😋,Parrillada Restaurant El Dorado Sauces 3,True
2022-04-21 02:15:24.370000+00:00,,,,,5,Un excelente sitio,Parrillada Restaurant El Dorado Sauces 3,True
2021-02-23 03:42:33.451000+00:00,,,,,5,Excelente lugar recomendado,Parrillada Restaurant El Dorado Sauces 3,True
2020-12-20 04:08:33.067000+00:00,,,,,4,"Si estás por Sauces, visita el Dorado",Parrillada Restaurant El Dorado Sauces 3,True
2023-03-09 02:06:12.053000+00:00,,5.0,5.0,5.0,5,Todo bueno,Parrillada Restaurant El Dorado Sauces 3,True
2020-02-15 15:11:38.829000+00:00,,,,,5,Hacen una buena carne,Parrillada Restaurant El Dorado Sauces 3,True
2020-02-18 06:24:44.179000+00:00,,,,,3,Un lugar tranquilo.,Parrillada Restaurant El Dorado Sauces 3,True
2023-08-30 00:18:32.846000+00:00,,,5.0,5.0,5,Es fácilmente encuentras todo,Parrillada Restaurant El Dorado Sauces 3,True
2022-03-02 14:42:49.941000+00:00,,,,,5,Buen ambiente,Parrillada Restaurant El Dorado Sauces 3,True
2021-01-15 20:33:01.391000+00:00,,,,,4,Demoran mucho en servir la comida,Parrillada Restaurant El Dorado Sauces 3,True
2022-07-26 02:54:25.114000+00:00,,,,,5,Excelente todo,Parrillada Restaurant El Dorado Sauces 3,True
2020-02-15 21:01:32.123000+00:00,,,,,5,Excelente atencion,Parrillada Restaurant El Dorado Sauces 3,True
2022-11-24 20:36:39.721000+00:00,,5.0,5.0,5.0,5,Excelente lugar,Parrillada Restaurant El Dorado Sauces 3,True
2020-09-30 02:59:01.932000+00:00,,,,,3,Tanto terreno y pocos almacenes...,Parrillada Restaurant El Dorado Sauces 3,True
2022-10-23 04:22:07.287000+00:00,,5.0,5.0,5.0,5,"Comida 10/10
Excelentes instalaciones",Parrillada Restaurant El Dorado Sauces 3,True
2020-02-08 02:11:15.270000+00:00,,,,,3,Yo no comi solamente pase,Parrillada Restaurant El Dorado Sauces 3,True
2023-06-12 20:27:29.137000+00:00,,4.0,4.0,4.0,4,Nada del otro mundo,Parrillada Restaurant El Dorado Sauces 3,True
2022-02-07 01:20:52.112000+00:00,,,,,4,Muy bueno,Parrillada Restaurant El Dorado Sauces 3,True
2021-09-22 12:35:51.260000+00:00,,,,,5,Excelente ubicación.,Parrillada Restaurant El Dorado Sauces 3,True
2021-06-16 19:08:24.818000+00:00,,,,,5,Muy bien,Parrillada Restaurant El Dorado Sauces 3,True
2020-03-21 02:04:35.836000+00:00,,,,,4,Lo máximo en comidas típicas costeñas!,Parrillada Restaurant El Dorado Sauces 3,True
2022-06-30 14:00:23.996000+00:00,,,,,5,De todo un poco,Parrillada Restaurant El Dorado Sauces 3,True
2025-03-22 16:30:40.992000+00:00,,,,,5,Elegante,Parrillada Restaurant El Dorado Sauces 3,True
2023-03-16 23:52:43.632000+00:00,,4.0,4.0,4.0,4,Buen lugar,Parrillada Restaurant El Dorado Sauces 3,True
2020-07-10 22:46:51.132000+00:00,,,,,4,Una buena opción,Parrillada Restaurant El Dorado Sauces 3,True
2021-11-29 16:00:46.126000+00:00,,,,,5,Buenos precios,Parrillada Restaurant El Dorado Sauces 3,True
2020-10-10 00:35:04.533000+00:00,,,,,5,Muy grande,Parrillada Restaurant El Dorado Sauces 3,True
2020-06-29 11:49:36.565000+00:00,,,,,5,Excelente lugar,Parrillada Restaurant El Dorado Sauces 3,True
2025-01-11 15:06:20.183000+00:00,,5.0,5.0,5.0,5,🙏👍🤝,Parrillada Restaurant El Dorado Sauces 3,True
2024-12-18 21:39:57.959000+00:00,,5.0,5.0,5.0,5,Excelente,Parrillada Restaurant El Dorado Sauces 3,True
2021-04-30 01:26:11.513000+00:00,,,,,5,Encuentras de todo,Parrillada Restaurant El Dorado Sauces 3,True
2023-04-02 20:12:59.613000+00:00,,4.0,5.0,4.0,5,Buen sason,Parrillada Restaurant El Dorado Sauces 3,True
2021-06-26 23:14:50.527000+00:00,,,,,5,Hay que visitarlo,Parrillada Restaurant El Dorado Sauces 3,True
2022-11-03 17:52:45.051000+00:00,,4.0,4.0,4.0,5,buen lugar,Parrillada Restaurant El Dorado Sauces 3,True
2021-03-29 00:03:47.693000+00:00,,,,,4,No cumple aforo,Parrillada Restaurant El Dorado Sauces 3,True
2021-10-23 23:14:30.093000+00:00,,,,,5,Muy bonito,Parrillada Restaurant El Dorado Sauces 3,True
2022-12-12 12:26:12.742000+00:00,,5.0,5.0,5.0,5,Hay de todo,Parrillada Restaurant El Dorado Sauces 3,True
2021-05-18 05:05:26.283000+00:00,,,,,4,Buena ubicación,Parrillada Restaurant El Dorado Sauces 3,True
2022-01-27 04:43:46.603000+00:00,,,,,5,Excelente lugar en sauces,Parrillada Restaurant El Dorado Sauces 3,True
2020-01-25 21:18:15.522000+00:00,,,,,5,Local recién remodelado !!!,Parrillada Restaurant El Dorado Sauces 3,True
2024-03-23 03:35:07.556000+00:00,,4.0,4.0,4.0,4,Buenas comida,Parrillada Restaurant El Dorado Sauces 3,True
2021-02-09 22:50:51.593000+00:00,,,,,5,Deliciosa la comida,Parrillada Restaurant El Dorado Sauces 3,True
2020-12-12 22:05:35.285000+00:00,,,,,5,Buen lugar,Parrillada Restaurant El Dorado Sauces 3,True
2021-03-15 05:18:21.034000+00:00,,,,,5,Excelente c.c.,Parrillada Restaurant El Dorado Sauces 3,True
2022-04-23 23:47:25.184000+00:00,,,,,4,Buena comida,Parrillada Restaurant El Dorado Sauces 3,True
2021-04-27 00:33:47.013000+00:00,,,,,2,No me gusta,Parrillada Restaurant El Dorado Sauces 3,True
2023-08-08 14:21:08.948000+00:00,,5.0,5.0,5.0,5,Excelente,Parrillada Restaurant El Dorado Sauces 3,True
2021-08-24 05:52:21.763000+00:00,,,,,5,Buena sazón del pollo,Parrillada Restaurant El Dorado Sauces 3,True
2020-02-13 02:21:45.986000+00:00,,,,,5,De lujo,Parrillada Restaurant El Dorado Sauces 3,True
2020-09-30 03:31:00.485000+00:00,,,,,5,Bien cuidado,Parrillada Restaurant El Dorado Sauces 3,True
2022-04-26 17:31:20.150000+00:00,,,,,5,Excelente comida,Parrillada Restaurant El Dorado Sauces 3,True
2025-02-17 20:21:56.177000+00:00,,,,,5,Excelente,Parrillada Restaurant El Dorado Sauces 3,True
2023-04-28 14:37:56.201000+00:00,,5.0,5.0,5.0,5,Exelente,Parrillada Restaurant El Dorado Sauces 3,True
2021-06-10 03:28:09.966000+00:00,,,,,3,Muy lejooos,Parrillada Restaurant El Dorado Sauces 3,True
2022-06-16 10:34:25.232000+00:00,,,,,5,Lindo,Parrillada Restaurant El Dorado Sauces 3,True
2021-02-14 06:23:34.977000+00:00,,,,,5,Indudablemente magnífico,Parrillada Restaurant El Dorado Sauces 3,True
2023-01-08 20:01:50.648000+00:00,,5.0,5.0,5.0,5,Excelente,Parrillada Restaurant El Dorado Sauces 3,True
2020-09-17 19:54:13.160000+00:00,,,,,5,Excelente servicio,Parrillada Restaurant El Dorado Sauces 3,True
2021-11-22 14:39:29.378000+00:00,,,,,5,Chevere,Parrillada Restaurant El Dorado Sauces 3,True
2024-11-17 01:08:59.902000+00:00,,5.0,5.0,5.0,5,excelente lugar,Parrillada Restaurant El Dorado Sauces 3,True
2022-09-13 07:03:01.596000+00:00,,,,,5,Buenos locales de comida 🙌,Parrillada Restaurant El Dorado Sauces 3,True
2021-08-07 03:42:03.540000+00:00,,,,,5,Buenisimo,Parrillada Restaurant El Dorado Sauces 3,True
2022-01-29 19:47:13.057000+00:00,,,,,5,Exelente,Parrillada Restaurant El Dorado Sauces 3,True
2020-03-02 00:54:28.868000+00:00,,,,,5,Listo para comer,Parrillada Restaurant El Dorado Sauces 3,True
2021-01-28 03:07:47.450000+00:00,,,,,4,Bien,Parrillada Restaurant El Dorado Sauces 3,True
2021-06-07 02:05:30.166000+00:00,,,,,5,Elegante,Parrillada Restaurant El Dorado Sauces 3,True
2021-05-17 17:03:15.191000+00:00,,,,,5,Encuentra de todo,Parrillada Restaurant El Dorado Sauces 3,True
2021-09-23 01:20:38.093000+00:00,,,,,5,Delicioso todo,Parrillada Restaurant El Dorado Sauces 3,True
2021-08-05 20:30:43.696000+00:00,,,,,4,Tranquilo,Parrillada Restaurant El Dorado Sauces 3,True
2021-08-13 05:05:03.445000+00:00,,,,,4,Buena comida típica,Parrillada Restaurant El Dorado Sauces 3,True
2022-01-22 16:39:02.381000+00:00,,,,,5,Bien,Parrillada Restaurant El Dorado Sauces 3,True
2021-02-25 16:04:40.181000+00:00,,,,,5,Exelente,Parrillada Restaurant El Dorado Sauces 3,True
2021-09-13 01:20:25.968000+00:00,,,,,5,Restaurante de comida típica de guayaquil.,Parrillada Restaurant El Dorado Sauces 3,True
2023-07-19 14:43:21.025000+00:00,,5.0,5.0,5.0,5,El dorado lo mejor,Parrillada Restaurant El Dorado Sauces 3,True
2021-06-23 03:02:40.987000+00:00,,,,,5,Buenisimo,Parrillada Restaurant El Dorado Sauces 3,True
2020-12-10 21:56:12.270000+00:00,,,,,5,Excelente,Parrillada Restaurant El Dorado Sauces 3,True
2020-11-07 21:29:27.649000+00:00,,,,,5,Agradable,Parrillada Restaurant El Dorado Sauces 3,True
2021-03-12 21:47:23.418000+00:00,,,,,3,Excelente,Parrillada Restaurant El Dorado Sauces 3,True
2020-10-18 16:46:07.255000+00:00,,,,,5,Excelente,Parrillada Restaurant El Dorado Sauces 3,True
2020-08-16 20:34:12.362000+00:00,,,,,5,Excelente,Parrillada Restaurant El Dorado Sauces 3,True
2020-02-01 16:59:31.498000+00:00,,,,,5,Excelente,Parrillada Restaurant El Dorado Sauces 3,True
2021-01-30 04:03:45.938000+00:00,,,,,5,Buena sazón,Parrillada Restaurant El Dorado Sauces 3,True
2022-03-04 08:00:31.358000+00:00,,,,,5,Bueno,Parrillada Restaurant El Dorado Sauces 3,True
2020-01-28 05:56:09.067000+00:00,,,,,4,Hermoso,Parrillada Restaurant El Dorado Sauces 3,True
2020-02-08 00:56:47.668000+00:00,,,,,5,Buen ambiente,Parrillada Restaurant El Dorado Sauces 3,True
2022-11-30 20:43:42.681000+00:00,,4.0,5.0,4.0,4,Bonito acogedor,Parrillada Restaurant El Dorado Sauces 3,True
2024-02-15 04:13:15.844000+00:00,,5.0,5.0,5.0,5,Exquisito!!,Parrillada Restaurant El Dorado Sauces 3,True
2021-12-04 21:18:07.654000+00:00,,,,,5,Rica la comida,Parrillada Restaurant El Dorado Sauces 3,True
2020-05-14 18:37:04.109000+00:00,,,,,4,HAy lo que uno necesita,Parrillada Restaurant El Dorado Sauces 3,True
2020-07-30 12:46:58.582000+00:00,,,,,5,Esta increíble,Parrillada Restaurant El Dorado Sauces 3,True
2024-06-08 02:19:16.725000+00:00,,2.0,1.0,3.0,2,No me gusto,Parrillada Restaurant El Dorado Sauces 3,True
2020-01-10 02:35:12.308000+00:00,,,,,1,Está en remodelación,Parrillada Restaurant El Dorado Sauces 3,True
2021-11-01 10:33:29.713000+00:00,,,,,4,👌 Excelente,Parrillada Restaurant El Dorado Sauces 3,True
2021-06-12 10:38:01.738000+00:00,,,,,3,Caro!!!,Parrillada Restaurant El Dorado Sauces 3,True
2021-06-03 22:45:06.629000+00:00,,,,,5,Bonito,Parrillada Restaurant El Dorado Sauces 3,True
2023-06-05 01:28:27.653000+00:00,,5.0,5.0,5.0,5,Sin comentarios,Parrillada Restaurant El Dorado Sauces 3,True
2021-11-17 15:08:26.098000+00:00,,,,,4,Con el inge,Parrillada Restaurant El Dorado Sauces 3,True
2020-03-07 22:16:44.627000+00:00,,,,,5,Por su diversidad de comida,Parrillada Restaurant El Dorado Sauces 3,True
2022-02-12 00:52:59.047000+00:00,,,,,4,👍,Parrillada Restaurant El Dorado Sauces 3,True
2022-03-28 13:03:45.221000+00:00,,,,,5,Bonito,Parrillada Restaurant El Dorado Sauces 3,True
2021-08-11 19:21:53.380000+00:00,,,,,1,Comida mas mala.,Parrillada Restaurant El Dorado Sauces 3,True
2020-11-20 21:25:04.885000+00:00,,,,,5,Genial,Parrillada Restaurant El Dorado Sauces 3,True
2021-12-26 16:37:47.254000+00:00,,,,,5,👍,Parrillada Restaurant El Dorado Sauces 3,True
2024-03-20 13:02:33.823000+00:00,,5.0,5.0,5.0,5,Recomendado,Parrillada Restaurant El Dorado Sauces 3,True
2020-08-31 16:55:25.511000+00:00,,,,,3,Bonito,Parrillada Restaurant El Dorado Sauces 3,True
2021-11-30 12:28:57.825000+00:00,,,,,5,El menor lugar,Parrillada Restaurant El Dorado Sauces 3,True
2020-10-06 01:41:31.003000+00:00,,,,,5,Delicioso 😋,Parrillada Restaurant El Dorado Sauces 3,True
2023-04-04 19:50:03.706000+00:00,,5.0,5.0,5.0,5,Recomendado,Parrillada Restaurant El Dorado Sauces 3,True
2020-08-30 23:56:42.371000+00:00,,,,,5,Lugar familiar,Parrillada Restaurant El Dorado Sauces 3,True
2020-01-16 15:30:13.354000+00:00,,,,,5,👍,Parrillada Restaurant El Dorado Sauces 3,True
2020-09-26 20:19:26.723000+00:00,,,,,5,🤗,Parrillada Restaurant El Dorado Sauces 3,True
2021-06-14 14:44:26.736000+00:00,,,,,5,Muy bien,Parrillada Restaurant El Dorado Sauces 3,True
2022-08-03 02:17:31.880000+00:00,,,,,5,Excelente comida😎,Parrillada Restaurant El Dorado Sauces 3,True
2021-10-12 12:22:18.114000+00:00,,,,,5,Lo mejor de sauces,Parrillada Restaurant El Dorado Sauces 3,True
2025-11-12 17:01:03.413000+00:00,,5.0,5.0,5.0,5,Buena comida,Parrillada Restaurant El Dorado Sauces 3,True
2020-11-13 22:49:13.107000+00:00,,,,,5,Comida exquisita,Parrillada Restaurant El Dorado Sauces 3,True
2022-08-17 10:06:27.297000+00:00,,,,,5,Centro comercial,Parrillada Restaurant El Dorado Sauces 3,True
2021-07-23 01:25:59.874000+00:00,,,,,5,Muy bueno,Parrillada Restaurant El Dorado Sauces 3,True
2024-05-28 21:40:18.225000+00:00,,5.0,5.0,5.0,5,Excelente,Parrillada Restaurant El Dorado Sauces 3,True
2023-07-20 11:42:28.487000+00:00,,5.0,5.0,5.0,5,Rica comida,Parrillada Restaurant El Dorado Sauces 3,True
2022-04-26 07:30:41.901000+00:00,,,,,5,Tradicional,Parrillada Restaurant El Dorado Sauces 3,True
2021-08-15 09:14:24.537000+00:00,,,,,1,No conozco,Parrillada Restaurant El Dorado Sauces 3,True
2023-03-03 22:35:48.607000+00:00,,,,,5,Buen lugar,Parrillada Restaurant El Dorado Sauces 3,True
2022-08-16 16:07:16.880000+00:00,,,,,4,Rica comida,Parrillada Restaurant El Dorado Sauces 3,True
2020-02-12 03:44:14.477000+00:00,,,,,5,Excelente lugar,Parrillada Restaurant El Dorado Sauces 3,True
2021-09-29 20:12:35.964000+00:00,,,,,5,Muy bonito,Parrillada Restaurant El Dorado Sauces 3,True
2023-05-22 16:44:35.107000+00:00,,5.0,5.0,5.0,5,Excelente,Parrillada Restaurant El Dorado Sauces 3,True
2023-03-04 18:08:51.036000+00:00,,5.0,5.0,5.0,5,Exelente,Parrillada Restaurant El Dorado Sauces 3,True
2022-08-22 15:27:38.782000+00:00,,,,,5,Excelente,Parrillada Restaurant El Dorado Sauces 3,True
2020-01-21 13:48:19.948000+00:00,,,,,3,Buena comida,Parrillada Restaurant El Dorado Sauces 3,True
2021-09-18 21:56:36.711000+00:00,,,,,4,Chevere,Parrillada Restaurant El Dorado Sauces 3,True
2021-10-31 01:30:21.307000+00:00,,,,,5,Lindo,Parrillada Restaurant El Dorado Sauces 3,True
2022-03-28 05:04:15.516000+00:00,,,,,5,Excelente,Parrillada Restaurant El Dorado Sauces 3,True
2022-02-13 20:49:46.105000+00:00,,,,,5,Excelente,Parrillada Restaurant El Dorado Sauces 3,True
2021-12-27 22:09:41.534000+00:00,,,,,4,Buena,Parrillada Restaurant El Dorado Sauces 3,True
2021-12-26 21:34:07.578000+00:00,,,,,5,Excelente,Parrillada Restaurant El Dorado Sauces 3,True
2021-11-14 22:33:06.125000+00:00,,,,,5,Excelente,Parrillada Restaurant El Dorado Sauces 3,True
2021-08-07 22:27:52.149000+00:00,,,,,5,Buena la comida,Parrillada Restaurant El Dorado Sauces 3,True
2021-05-31 03:19:35.837000+00:00,,,,,4,Excelente,Parrillada Restaurant El Dorado Sauces 3,True
2021-05-20 18:35:18.175000+00:00,,,,,5,Excelente,Parrillada Restaurant El Dorado Sauces 3,True
2021-01-13 20:19:54.775000+00:00,,,,,4,Buena comida,Parrillada Restaurant El Dorado Sauces 3,True
2020-06-07 01:10:19.203000+00:00,,,,,5,Buena atención,Parrillada Restaurant El Dorado Sauces 3,True
2026-07-28 06:59:41.397000+00:00,,2.0,5.0,1.0,4,"Buena la comida. la atención puede mejorar, dure sentado en una mesa con mi pareja más de 25 minutos y el mesero no recogía aun los platos que dejo la mesa anterior. Y era que nos veía sentado y ni siquiera las buenas tardes 🤣",Parrillada Restaurant El Dorado Sauces 3,True
2023-08-13 01:32:10.584000+00:00,,4.0,5.0,5.0,4,Great food. The Corvina out of this world.. Great price,Parrillada Restaurant El Dorado Sauces 3,True
2022-01-21 14:27:25.007000+00:00,,,,,5,"El Dorado, a place that is close to where I live, they sell some well-seasoned and delicious chickens, while you wait, they give you chifles with cheese, which are fresh and good, the freshly served chicken is very crispy and rich, it is a good environment to share with families and friends, and their natural juices are very cold and delicious, their lentil moors, it is an exquisite and succulent rice, the barbecue that they also know how to sell is very good and delicious in fact, their chorizo, roast meat, are good seasoned and appetizing, the salad they prepare is fresh and sweet and sour, the fries are rich and very good, the fried greens they prepare are very exquisite and soft, the service is very good, i recommend them.",Parrillada Restaurant El Dorado Sauces 3,True
2022-07-16 02:57:07.920000+00:00,,,,,4,,Parrillada Restaurant El Dorado Sauces 3,False
2022-01-07 05:33:36.539000+00:00,,,,,5,Good food fast service,Parrillada Restaurant El Dorado Sauces 3,True
2023-02-03 06:05:44.852000+00:00,,5.0,4.0,5.0,5,,Parrillada Restaurant El Dorado Sauces 3,False
2026-07-26 05:35:08.587000+00:00,,5.0,5.0,5.0,5,,Parrillada Restaurant El Dorado Sauces 3,False
2026-06-02 21:38:15.184000+00:00,,5.0,5.0,5.0,5,,Parrillada Restaurant El Dorado Sauces 3,False
2022-03-13 02:13:23.759000+00:00,,,,,5,Super bien,Parrillada Restaurant El Dorado Sauces 3,True
2023-02-15 21:57:52.272000+00:00,,5.0,5.0,5.0,5,,Parrillada Restaurant El Dorado Sauces 3,False
2026-06-22 00:51:20.670000+00:00,De 30 a 60 min,,,,4,,Parrillada Restaurant El Dorado Sauces 3,False
2026-06-24 13:51:45.369000+00:00,,,,,5,,Parrillada Restaurant El Dorado Sauces 3,False
2020-02-23 04:09:02.968000+00:00,,,,,5,,Parrillada Restaurant El Dorado Sauces 3,False
2026-04-10 10:53:38.039000+00:00,Hasta 10 min,5.0,4.0,4.0,5,,Parrillada Restaurant El Dorado Sauces 3,False
2026-04-21 21:47:18.683000+00:00,Sin espera,4.0,4.0,4.0,5,,Parrillada Restaurant El Dorado Sauces 3,False
2026-04-29 14:35:35.404000+00:00,,5.0,5.0,5.0,5,,Parrillada Restaurant El Dorado Sauces 3,False
2026-05-08 11:55:38.288000+00:00,,4.0,4.0,4.0,4,,Parrillada Restaurant El Dorado Sauces 3,False
2026-04-02 02:51:26.671000+00:00,,3.0,3.0,3.0,3,,Parrillada Restaurant El Dorado Sauces 3,False
2026-04-06 15:23:53.514000+00:00,,5.0,4.0,4.0,4,,Parrillada Restaurant El Dorado Sauces 3,False
2026-03-19 19:44:18.680000+00:00,,5.0,5.0,5.0,5,,Parrillada Restaurant El Dorado Sauces 3,False
2026-02-21 18:03:30.001000+00:00,,5.0,5.0,5.0,5,,Parrillada Restaurant El Dorado Sauces 3,False
2026-02-22 01:51:46.439000+00:00,Sin espera,5.0,5.0,5.0,5,,Parrillada Restaurant El Dorado Sauces 3,False
2025-09-30 11:26:09.689000+00:00,Sin espera,4.0,5.0,5.0,5,,Parrillada Restaurant El Dorado Sauces 3,False
2022-11-21 08:43:44.751000+00:00,,,,,5,Ecelente,Parrillada Restaurant El Dorado Sauces 3,True
2021-08-25 15:05:51.594000+00:00,,,,,5,Eccelente,Parrillada Restaurant El Dorado Sauces 3,True
2020-10-27 21:50:02.412000+00:00,,,,,2,Exelecte,Parrillada Restaurant El Dorado Sauces 3,True
2020-03-16 19:38:53.443000+00:00,,,,,3,Mas o menos,Parrillada Restaurant El Dorado Sauces 3,True
2026-01-24 23:08:44.311000+00:00,,5.0,5.0,5.0,5,,Parrillada Restaurant El Dorado Sauces 3,False
2022-05-25 18:12:06.483000+00:00,,,,,5,Life,Parrillada Restaurant El Dorado Sauces 3,True
2020-03-12 03:57:56.570000+00:00,,,,,5,Yummy,Parrillada Restaurant El Dorado Sauces 3,True
2021-02-17 00:31:24.565000+00:00,,,,,5,Good,Parrillada Restaurant El Dorado Sauces 3,True
2020-02-29 20:03:59.825000+00:00,,,,,5,Perfect,Parrillada Restaurant El Dorado Sauces 3,True
2022-03-17 19:01:35.426000+00:00,,,,,5,Churrasco recomendado,Parrillada Restaurant El Dorado Sauces 3,True
2025-10-25 21:31:39.984000+00:00,De 10 a 30 min,4.0,4.0,4.0,4,,Parrillada Restaurant El Dorado Sauces 3,False
2025-10-28 06:00:32.699000+00:00,,,5.0,5.0,5,,Parrillada Restaurant El Dorado Sauces 3,False
2025-10-09 17:05:57.891000+00:00,Sin espera,5.0,5.0,5.0,5,,Parrillada Restaurant El Dorado Sauces 3,False
2025-09-27 04:27:24.593000+00:00,,5.0,4.0,3.0,4,,Parrillada Restaurant El Dorado Sauces 3,False
2025-10-14 13:11:46.722000+00:00,,5.0,5.0,5.0,5,,Parrillada Restaurant El Dorado Sauces 3,False
2025-09-10 04:22:09.434000+00:00,,4.0,4.0,4.0,4,,Parrillada Restaurant El Dorado Sauces 3,False
2025-08-09 19:07:48.747000+00:00,Hasta 10 min,5.0,5.0,5.0,5,,Parrillada Restaurant El Dorado Sauces 3,False
2025-07-24 22:24:46.751000+00:00,De 10 a 30 min,5.0,5.0,5.0,5,,Parrillada Restaurant El Dorado Sauces 3,False
2025-07-08 04:39:30.622000+00:00,,5.0,5.0,5.0,5,,Parrillada Restaurant El Dorado Sauces 3,False
2025-06-25 00:53:06.180000+00:00,,4.0,4.0,4.0,4,,Parrillada Restaurant El Dorado Sauces 3,False
2025-06-09 23:30:33.594000+00:00,Sin espera,3.0,5.0,4.0,4,,Parrillada Restaurant El Dorado Sauces 3,False
2025-04-27 19:58:21.600000+00:00,,5.0,4.0,5.0,5,,Parrillada Restaurant El Dorado Sauces 3,False
2025-01-18 02:07:03.670000+00:00,,5.0,5.0,5.0,5,,Parrillada Restaurant El Dorado Sauces 3,False
2025-05-05 14:17:58.535000+00:00,Sin espera,4.0,5.0,4.0,4,,Parrillada Restaurant El Dorado Sauces 3,False
2025-04-23 23:12:40.412000+00:00,,5.0,5.0,5.0,5,,Parrillada Restaurant El Dorado Sauces 3,False
2025-03-14 21:07:40.002000+00:00,,4.0,4.0,4.0,4,,Parrillada Restaurant El Dorado Sauces 3,False
2025-01-31 21:37:22.466000+00:00,,5.0,5.0,5.0,5,,Parrillada Restaurant El Dorado Sauces 3,False
2025-01-31 19:39:45.771000+00:00,,5.0,5.0,5.0,5,,Parrillada Restaurant El Dorado Sauces 3,False
2024-12-26 22:06:19.107000+00:00,,4.0,4.0,4.0,5,,Parrillada Restaurant El Dorado Sauces 3,False
2025-02-05 06:38:24.143000+00:00,,,5.0,5.0,5,,Parrillada Restaurant El Dorado Sauces 3,False
2024-12-25 20:43:38.985000+00:00,,5.0,5.0,5.0,5,,Parrillada Restaurant El Dorado Sauces 3,False
2024-12-11 12:45:06.109000+00:00,,4.0,3.0,3.0,4,,Parrillada Restaurant El Dorado Sauces 3,False
2024-12-29 04:23:51.008000+00:00,,5.0,4.0,5.0,4,,Parrillada Restaurant El Dorado Sauces 3,False
2024-12-11 09:48:25.676000+00:00,,4.0,4.0,4.0,5,,Parrillada Restaurant El Dorado Sauces 3,False
2025-08-10 04:03:37.552000+00:00,,5.0,5.0,5.0,5,,Parrillada Restaurant El Dorado Sauces 3,False
2024-12-29 13:54:07.639000+00:00,,5.0,5.0,5.0,3,,Parrillada Restaurant El Dorado Sauces 3,False
2024-06-27 01:14:37.585000+00:00,,5.0,5.0,4.0,4,,Parrillada Restaurant El Dorado Sauces 3,False
2024-10-20 20:21:52.722000+00:00,,5.0,5.0,5.0,1,,Parrillada Restaurant El Dorado Sauces 3,False
2024-09-14 12:32:56.683000+00:00,,5.0,5.0,5.0,5,,Parrillada Restaurant El Dorado Sauces 3,False
2024-09-08 05:46:17.129000+00:00,,5.0,5.0,4.0,5,,Parrillada Restaurant El Dorado Sauces 3,False
2024-07-19 13:02:57.784000+00:00,,4.0,4.0,4.0,5,,Parrillada Restaurant El Dorado Sauces 3,False
2024-08-17 20:17:34.393000+00:00,,4.0,4.0,4.0,4,,Parrillada Restaurant El Dorado Sauces 3,False
2024-06-22 17:11:36.981000+00:00,,4.0,4.0,4.0,4,,Parrillada Restaurant El Dorado Sauces 3,False
2024-08-09 06:51:51.409000+00:00,,4.0,2.0,4.0,5,,Parrillada Restaurant El Dorado Sauces 3,False
2024-08-09 00:17:08.363000+00:00,,5.0,4.0,4.0,5,,Parrillada Restaurant El Dorado Sauces 3,False
2024-06-10 20:24:54.343000+00:00,,5.0,4.0,3.0,4,,Parrillada Restaurant El Dorado Sauces 3,False
2024-06-21 18:33:02.733000+00:00,,4.0,4.0,4.0,4,,Parrillada Restaurant El Dorado Sauces 3,False
2024-02-11 23:08:00.831000+00:00,,5.0,5.0,5.0,5,,Parrillada Restaurant El Dorado Sauces 3,False
2024-06-14 14:24:40.427000+00:00,,5.0,5.0,5.0,5,,Parrillada Restaurant El Dorado Sauces 3,False
2024-07-04 23:46:12.086000+00:00,,4.0,4.0,4.0,4,,Parrillada Restaurant El Dorado Sauces 3,False
2024-02-27 16:02:32.217000+00:00,,3.0,3.0,4.0,3,,Parrillada Restaurant El Dorado Sauces 3,False
2024-06-20 03:01:08.136000+00:00,,5.0,5.0,5.0,5,,Parrillada Restaurant El Dorado Sauces 3,False
2024-06-13 18:29:10.959000+00:00,,5.0,5.0,4.0,5,,Parrillada Restaurant El Dorado Sauces 3,False
2024-06-07 22:32:43.048000+00:00,,3.0,3.0,2.0,3,,Parrillada Restaurant El Dorado Sauces 3,False
2024-05-19 17:14:21.847000+00:00,,2.0,2.0,2.0,3,,Parrillada Restaurant El Dorado Sauces 3,False
2024-05-04 23:04:53.767000+00:00,,5.0,4.0,5.0,4,,Parrillada Restaurant El Dorado Sauces 3,False
2024-05-16 20:33:06.844000+00:00,,3.0,3.0,3.0,4,,Parrillada Restaurant El Dorado Sauces 3,False
2023-12-30 19:21:49.582000+00:00,,5.0,,5.0,5,,Parrillada Restaurant El Dorado Sauces 3,False
2024-04-30 02:33:18.903000+00:00,,5.0,5.0,5.0,5,,Parrillada Restaurant El Dorado Sauces 3,False
2024-04-14 17:28:08.781000+00:00,,5.0,5.0,5.0,5,,Parrillada Restaurant El Dorado Sauces 3,False
2024-04-04 16:45:48.417000+00:00,,4.0,4.0,4.0,4,,Parrillada Restaurant El Dorado Sauces 3,False
2024-03-24 15:10:46.116000+00:00,,5.0,4.0,4.0,5,,Parrillada Restaurant El Dorado Sauces 3,False
2024-03-19 00:46:53.724000+00:00,,4.0,4.0,4.0,4,,Parrillada Restaurant El Dorado Sauces 3,False
2026-02-03 17:03:36.849000+00:00,De 10 a 30 min,3.0,4.0,1.0,3,,Parrillada Restaurant El Dorado Sauces 3,False
2024-03-08 16:23:12.794000+00:00,,5.0,5.0,5.0,5,,Parrillada Restaurant El Dorado Sauces 3,False
2024-03-08 06:31:43.243000+00:00,,3.0,5.0,3.0,5,,Parrillada Restaurant El Dorado Sauces 3,False
2024-01-03 21:44:34.786000+00:00,,5.0,5.0,5.0,5,,Parrillada Restaurant El Dorado Sauces 3,False
2024-02-11 13:21:22.011000+00:00,,5.0,5.0,5.0,5,,Parrillada Restaurant El Dorado Sauces 3,False
2024-01-28 01:06:48.426000+00:00,,2.0,4.0,3.0,3,,Parrillada Restaurant El Dorado Sauces 3,False
2024-02-01 22:24:18.788000+00:00,,4.0,4.0,4.0,4,,Parrillada Restaurant El Dorado Sauces 3,False
2024-01-08 02:17:13.170000+00:00,,5.0,5.0,5.0,5,,Parrillada Restaurant El Dorado Sauces 3,False
2023-11-24 05:37:05.533000+00:00,,4.0,4.0,4.0,4,,Parrillada Restaurant El Dorado Sauces 3,False
2023-11-06 15:56:54.611000+00:00,,4.0,5.0,4.0,4,,Parrillada Restaurant El Dorado Sauces 3,False
2023-09-04 17:07:23.724000+00:00,,5.0,5.0,5.0,5,,Parrillada Restaurant El Dorado Sauces 3,False
2023-09-20 01:28:39.918000+00:00,,4.0,4.0,4.0,4,,Parrillada Restaurant El Dorado Sauces 3,False
2023-08-13 05:40:21.575000+00:00,,4.0,5.0,4.0,5,,Parrillada Restaurant El Dorado Sauces 3,False
2023-08-06 22:39:47.431000+00:00,,5.0,3.0,4.0,4,,Parrillada Restaurant El Dorado Sauces 3,False
2023-08-31 20:15:48.275000+00:00,,5.0,5.0,5.0,5,,Parrillada Restaurant El Dorado Sauces 3,False
2023-07-12 17:53:36.335000+00:00,,4.0,5.0,3.0,5,,Parrillada Restaurant El Dorado Sauces 3,False
2023-08-09 02:35:35.709000+00:00,,4.0,4.0,4.0,5,,Parrillada Restaurant El Dorado Sauces 3,False
2023-03-29 23:45:25.874000+00:00,,5.0,5.0,5.0,5,,Parrillada Restaurant El Dorado Sauces 3,False
2023-07-28 00:27:51.331000+00:00,,5.0,5.0,5.0,5,,Parrillada Restaurant El Dorado Sauces 3,False
2023-06-30 23:05:52.464000+00:00,,2.0,2.0,2.0,3,,Parrillada Restaurant El Dorado Sauces 3,False
2023-08-07 22:48:16.634000+00:00,,5.0,5.0,5.0,5,,Parrillada Restaurant El Dorado Sauces 3,False
2023-07-18 16:13:21.534000+00:00,,5.0,4.0,4.0,4,,Parrillada Restaurant El Dorado Sauces 3,False
2023-08-02 13:41:56.375000+00:00,,5.0,4.0,4.0,4,,Parrillada Restaurant El Dorado Sauces 3,False
2023-07-07 12:00:14.154000+00:00,,4.0,4.0,4.0,5,,Parrillada Restaurant El Dorado Sauces 3,False
2023-06-26 18:48:30.553000+00:00,,5.0,5.0,5.0,2,,Parrillada Restaurant El Dorado Sauces 3,False
2023-07-05 16:47:42.326000+00:00,,5.0,5.0,5.0,5,,Parrillada Restaurant El Dorado Sauces 3,False
2023-06-14 20:07:02.300000+00:00,,5.0,5.0,5.0,5,,Parrillada Restaurant El Dorado Sauces 3,False
2023-01-03 01:46:28.951000+00:00,,3.0,2.0,1.0,2,,Parrillada Restaurant El Dorado Sauces 3,False
2023-05-23 01:50:51.158000+00:00,,3.0,5.0,4.0,4,,Parrillada Restaurant El Dorado Sauces 3,False
2023-05-08 18:50:30.720000+00:00,,2.0,3.0,2.0,2,,Parrillada Restaurant El Dorado Sauces 3,False
2023-05-06 18:11:51.401000+00:00,,5.0,5.0,5.0,5,,Parrillada Restaurant El Dorado Sauces 3,False
2023-04-04 05:29:53.353000+00:00,,4.0,3.0,5.0,1,,Parrillada Restaurant El Dorado Sauces 3,False
2023-04-27 03:37:27.323000+00:00,,5.0,5.0,5.0,5,,Parrillada Restaurant El Dorado Sauces 3,False
2023-04-07 02:05:45.718000+00:00,,4.0,5.0,4.0,5,,Parrillada Restaurant El Dorado Sauces 3,False
2022-11-12 03:24:50.419000+00:00,,4.0,4.0,4.0,4,,Parrillada Restaurant El Dorado Sauces 3,False
2023-03-25 23:01:19.654000+00:00,,5.0,5.0,5.0,5,,Parrillada Restaurant El Dorado Sauces 3,False
2023-03-08 06:25:39.412000+00:00,,4.0,4.0,4.0,4,,Parrillada Restaurant El Dorado Sauces 3,False
2023-03-19 00:57:38.193000+00:00,,4.0,5.0,5.0,5,,Parrillada Restaurant El Dorado Sauces 3,False
2023-02-22 05:02:21.895000+00:00,,4.0,3.0,3.0,4,,Parrillada Restaurant El Dorado Sauces 3,False
2023-03-03 20:49:34.411000+00:00,,3.0,3.0,2.0,4,,Parrillada Restaurant El Dorado Sauces 3,False
2023-02-05 01:55:35.265000+00:00,,5.0,5.0,5.0,4,,Parrillada Restaurant El Dorado Sauces 3,False
2023-02-16 00:04:54.564000+00:00,,2.0,3.0,3.0,4,,Parrillada Restaurant El Dorado Sauces 3,False
2023-02-13 19:46:46.025000+00:00,,5.0,5.0,5.0,5,,Parrillada Restaurant El Dorado Sauces 3,False
2023-02-07 22:27:54.262000+00:00,,5.0,5.0,5.0,5,,Parrillada Restaurant El Dorado Sauces 3,False
2023-02-06 12:30:34.765000+00:00,,5.0,4.0,2.0,4,,Parrillada Restaurant El Dorado Sauces 3,False
2023-01-14 11:57:15.321000+00:00,,5.0,5.0,5.0,5,,Parrillada Restaurant El Dorado Sauces 3,False
2022-12-21 21:44:50.868000+00:00,,5.0,5.0,5.0,5,,Parrillada Restaurant El Dorado Sauces 3,False
2022-11-05 22:25:49.127000+00:00,,5.0,5.0,5.0,5,,Parrillada Restaurant El Dorado Sauces 3,False
2022-12-13 22:11:53.174000+00:00,,5.0,5.0,5.0,5,,Parrillada Restaurant El Dorado Sauces 3,False
2022-12-01 19:15:46.003000+00:00,,5.0,5.0,5.0,5,,Parrillada Restaurant El Dorado Sauces 3,False
2022-11-15 03:38:21.373000+00:00,,4.0,5.0,3.0,5,,Parrillada Restaurant El Dorado Sauces 3,False
2022-12-15 12:38:22.335000+00:00,,,,,5,,Parrillada Restaurant El Dorado Sauces 3,False
2022-10-18 22:54:25.030000+00:00,,4.0,4.0,4.0,4,,Parrillada Restaurant El Dorado Sauces 3,False
2022-11-04 21:17:55.819000+00:00,,3.0,3.0,3.0,3,,Parrillada Restaurant El Dorado Sauces 3,False
2022-11-09 02:58:02.795000+00:00,,,5.0,5.0,5,,Parrillada Restaurant El Dorado Sauces 3,False
2022-10-12 06:28:30.950000+00:00,,5.0,5.0,5.0,5,,Parrillada Restaurant El Dorado Sauces 3,False
2022-09-19 05:54:03.115000+00:00,,,,,4,,Parrillada Restaurant El Dorado Sauces 3,False
2022-09-03 21:21:34.212000+00:00,,,,,5,,Parrillada Restaurant El Dorado Sauces 3,False
2022-07-11 23:41:30.920000+00:00,,,,,5,,Parrillada Restaurant El Dorado Sauces 3,False
2022-08-05 20:56:52.971000+00:00,,,,,5,,Parrillada Restaurant El Dorado Sauces 3,False
2024-06-07 14:13:33.933000+00:00,,2.0,,,3,,Parrillada Restaurant El Dorado Sauces 3,False
2021-12-13 02:37:00.298000+00:00,,,,,5,,Parrillada Restaurant El Dorado Sauces 3,False
2024-11-02 01:21:10.465000+00:00,,,,,5,,Parrillada Restaurant El Dorado Sauces 3,False
2024-08-20 15:36:16.227000+00:00,,,,,5,,Parrillada Restaurant El Dorado Sauces 3,False
2021-08-02 22:21:46.490000+00:00,,,,,4,,Parrillada Restaurant El Dorado Sauces 3,False
2021-07-27 04:05:13.611000+00:00,,,,,5,,Parrillada Restaurant El Dorado Sauces 3,False
2021-04-23 23:57:05.502000+00:00,,,,,5,,Parrillada Restaurant El Dorado Sauces 3,False
2020-11-02 23:16:56.214000+00:00,,,,,5,,Parrillada Restaurant El Dorado Sauces 3,False
2020-10-15 17:15:24.284000+00:00,,,,,4,,Parrillada Restaurant El Dorado Sauces 3,False
2020-08-01 22:58:35.699000+00:00,,,,,3,,Parrillada Restaurant El Dorado Sauces 3,False
2020-07-20 11:20:21.319000+00:00,,,,,2,,Parrillada Restaurant El Dorado Sauces 3,False
2020-07-19 20:26:16.557000+00:00,,,,,5,,Parrillada Restaurant El Dorado Sauces 3,False
2020-03-04 23:29:31.633000+00:00,,,,,5,,Parrillada Restaurant El Dorado Sauces 3,False
2026-03-26 03:36:20.955000+00:00,,3.0,1.0,1.0,1,"Tranquilamente el peor restaurante al que he ido. Comida fría, demoraron más de 50 minutos en entregarnos la comida. La ensalada estaba cortada e incomible, el corte de carne muy bueno pero es lo único rescatable, pésimo el resto. Y eso que es el plato más costoso del menú (se supone que incluye tocino, pico de gallo y vino así como lo ven en la imagen) no lo recomiendo para nada.",La Casa del Tomahawk,True
2026-05-24 01:22:53.710000+00:00,,5.0,5.0,5.0,5,"Servicio excelente, pedí cerdo crocante y un ribeye de 300g termino 3/4, deliciosa comida y el moro bien rico, 100% recomendado.",La Casa del Tomahawk,True
2026-01-16 04:33:43.391000+00:00,Hasta 10 min,4.0,4.0,4.0,5,"Visité el restaurante y me pareció bueno tanto el servio como la comida, fui entre semana y no me tocó esperar mucho a diferencia de los fines de semana que hay mas movimiento, el trato por parte del personal fue amable, dentro del restaurante me parece agradable, lo veo ideal como para ir con amigos a ver partidos de fútbol por televisión",La Casa del Tomahawk,True
2025-11-29 05:52:37.223000+00:00,De 30 a 60 min,2.0,2.0,1.0,3,"Expectativa vs realidad
Fui por una publicación de TikTok cual mas se deja llevar.
La atención, la comida había q pedir las cosas e insistir y la comida sabor raro y el despacho ni se diga pedimos una cosa osea salsas y llegaron otras 😐",La Casa del Tomahawk,True
2026-05-21 15:41:57.907000+00:00,,,1.0,,1,"Bueno comencé pidiendo unas alitas, hice 2 pedidos, nada que veeeeer a la publicidad de tik tok e incluso aquí a algunas reseñas que hay, mejor dicho esas alitas malas y tras eso apestaban a marisco Dios miooooo me quería morir nadie se quiso comer esooo ni el perro mejor dicho, pense que la salsa ya venía agregada al pollo pero no, el pollo todo seco y poquita salsa y mala, lo siento pero deberían mejorar mucho, nosotros estábamos probando en otro lugar a ver si eran bueno pero nos equivocamos en cambiar del lugar habitual de donde pedimos, GUAPAS BURGUER EN LA ATARAZANA super ricooo.",La Casa del Tomahawk,True
2026-05-01 19:54:28.310000+00:00,De 30 a 60 min,2.0,1.0,2.0,1,"horrible, sinceramente soy de comer alitas en un solo lugar pero decidí probar en este local por una promo, el chico atendió bien pero el pedido se demoró MEDIA HORA, ya hasta la presión se me bajó, cuando llega la comida no nos traen platos para poner los huesos, te ponen un tapete de papel, que, no soy un perro, luego el sabor, pq sabe a chancho si yo quiero comer pollo, para eso me voy a otro lugar y q me críen y me den de comer a la gallina, la sazón malísima, pq tenía ese color radiactivo, era la pólvora del Minecraft, no tenían ni salsa esas alitas, más salsa tiene una salchipapa.
Al momento de las bebidas rogamos dos veces por los vasos, DOS VECES, y eran solo dos vasos no diez vasos, para pagar otra vez un problema, le entrego a la caja el dinero y la factura y ESTABA LA PLUMA ALLÍ y la chica como despistada agarra las monedas de la factura y se le cae la pluma, luego vienen y dicen q uno SE ROBA LA PLUMA, q voy a hacer yo con una pluma, ponerme a jugar o que, tuve q decirle q la pluma se le cayó para q se dé cuenta.",La Casa del Tomahawk,True
2025-11-15 16:44:56.044000+00:00,De 30 a 60 min,2.0,1.0,1.0,2,"No sé ni por dónde empezar. Esta fue la peor experiencia que he tenido en un restaurante en años. Fui con mi esposa y mi hijo (un bebé en brazos) a La Casa del Tomahawk por las famosas alitas de redes sociales. Qué gran error.

Primero, llegamos y nos cerraron la puerta en la cara. Con un bebé en brazos y en una ciudad como Guayaquil. Cero empatía, ni con el guardia ni con el local.

Segundo, la atención. Una vez adentro, nos sentimos invisibles. Estuvimos 25 MINUTOS sentados esperando que alguien nos atienda. Tuve que pararme a preguntar 4 VECES a meseros distintos. Parecía que no querían atender, que les daba pereza. En esos 25 minutos mi hijo tomó agua, se comió un snack, fue al baño y NADA que nos tomaban el pedido.

Tercero, la comida. Finalmente ordenamos la ""promo"" de alitas y tuvimos que esperar OTROS 25 MINUTOS. Lo peor es que veíamos cómo les llegaba la comida a mesas que habían llegado mucho después que nosotros. ¡Qué falta de respeto!

Cuarto, y lo más grave: LA COMIDA ESTABA CRUDA. Llegaron las 30 alitas. Dejamos de comer a la quinta. Mi esposa mordió una y sintió una textura horrible. La vimos y no lo podíamos creer: pollo crudo, baboso, aguado y hasta con sangre (adjunto la foto, ¡qué asco!).

En ese momento se nos fue el apetito. Obviamente nos quisimos ir de inmediato.

Y para rematar, OTRA VEZ A ESPERAR para que nos puedan cobrar. Increíble.

Mi experiencia con las alitas fue fatal. El local estaba lleno y veía que pedían otros platos, pero si la atención al cliente y la empatía no mejoran, dudo que vuelva a esta cadena de comidas a probar algún otro plato.",La Casa del Tomahawk,True
2026-06-05 03:01:43.722000+00:00,De 30 a 60 min,4.0,1.0,1.0,2,"Pedi la promo de alitas para llevar, no lo recomiendo, especialmente las tipo boneless el pollo no se sentía fresco y tenía un sabor extraño, entre las salsas que se pidieron la garlic parmesan fue la única buena. Además se pidió las papas y el cheddar que vino sabía a salsa de comisariato y no a la típica salsa cheddar de los cines.",La Casa del Tomahawk,True
2025-09-11 13:42:44.469000+00:00,Sin espera,2.0,3.0,1.0,2,"La entrada estuvo bien, unas canastas. Pedí una parrillada, 30 minutos después de pedir no llegaba y ya había notado que le estaban sirviendo a personas que llegaron después que nosotros pedimos. Cuando le reclamamos al mecero notamos que nunca había comunicado el pedido a la cocina y la comida llegó 30 minutos después. Las carnes estaban extremadamente simples. Si tienes Diners y quieres aprovechar el modo tasty mejor anda a otro lado. No recomiendo, no volveré.",La Casa del Tomahawk,True
2023-11-27 04:37:02.501000+00:00,,3.0,3.0,3.0,3,"El servicio dentro del local es bueno, me gustó pero otra cosa diferente es el servicio de reservaciones. No tenían nuestra mesa lista cuando llegamos y se había hecho todo el protocolo para reservar, para mi primera impresión estuvo pésima, no me agradó para nada. La comida tarda demasiado en servirse aprox 45 min+. En estos días cuentan con la promo de 4 copas de sangría a 9.99 esta promo está buena. Aprovechenla, eso es todo. Cierto... No cuentan con parqueadero propio👎🏼",La Casa del Tomahawk,True
2025-10-12 22:44:06.581000+00:00,Hasta 10 min,5.0,5.0,1.0,3,"Las alitas súper ricas, grandes suaves y sabrosas no le doy 5 estrellas por la atención, no nos ofrecieron mayonesa cuando a otras mesas sí , luego pedimos dos frozen de un valor y nos trajeron dos mucho más grandes y que costaban más obviamente, pedimos la cartilla de bebidas nuevamente tampoco no las dieron, la comida excelente",La Casa del Tomahawk,True
2020-12-30 21:43:54.498000+00:00,,,,,4,"El ambiente es muy agradable, temperado, con oportunidad de ver transmisiones deportivas y amplio como para reservar grupos grandes.
El servicio es muy bueno rápido para servir los diferentes tipos de asados. Su carta es amplia, costillas, chuletas, lomos y más, con acompañamientos clásicos y muy bien adaptados, moros diversos, ensaladas, papas, etc...
El sabor de los cortes es muy buenos pero le faltó una estrella para mí paladar...
Los jugos naturales muy buenos y concentrados, me sorprendió la presencia de la famosa RESBALADERA...
Recomiendo este lugar...",La Casa del Tomahawk,True
2026-02-25 05:14:25.881000+00:00,Hasta 10 min,3.0,1.0,4.0,1,"Hace muchos años atras los visite y no me gustó la comida, pero les volví dar un voto de confianza por las publicidad de tiktok y me decepcione más que aquella vez,  24  de febrero 2026 fui por la promoción de alitas y también por la promoción de costillas 2x1.
El moro tenia un sabor raro q no era gustoso, la costilla cruda y 0 sabor estaba simple, los patacones era un asco parecían patacones calentados y empapados de aceite.
Las alitas fatal estaban secas sin sabor por dentro y las salsas q le colocan es muy poco q no de puede apreciar las salsas. Lo único bueno a tan poco era buenísimo fue las papas con pico de gallo, pedí 2 frozen de maracuya  era una ssbor artificial q no sabía a casi nada de maracuya..
Toda la publicidad que hacen es tiktok es muy falsas porque la comida es 2 de 10..
Jamás volveré a este lugar",La Casa del Tomahawk,True
2025-09-04 20:51:48.742000+00:00,Sin espera,3.0,5.0,5.0,5,"Me encanta este sitio y voy mínimo una vez por semana, pero  no mamen paguen el Spotify premium, este local genera miles de dólares gasten 10 en la suscripción.",La Casa del Tomahawk,True
2023-05-24 03:39:19.278000+00:00,,5.0,5.0,5.0,5,"Lindo lugar, cada vez que voy siempre salgo con una experiencia agradable 👏👏, esta vez fui por mi cumpleaños (plan de última hora porque cayó Lunes y fue un día muy cansado jejeje), pero hasta hay más variedad de platos y bebidas🥰🥰🍹🍛🍔",La Casa del Tomahawk,True
2026-03-08 22:53:46.157000+00:00,,2.0,2.0,2.0,2,"No pueden manejar adecuadamente grandes volúmenes de personas, el lugar estaba lleno de gente, los pedidos salieron tarde, las alas estaban resecas y sin casi nada de salsa, las papas rústicas aguadas y una limonada simple aguada y le faltaba dulce. Tal vez con menos gente podría ser que el sabor sea mejor",La Casa del Tomahawk,True
2026-05-21 15:45:13.278000+00:00,,,1.0,,1,"Hola buenas tardes cómo mi experiencia propia la verdad esas alitas que pedimos juntos a unas compañeras vinieron con sabor como a marisco a pollo mal lavado
Nosotras nos dejamos llevar por tiktok porque se veía todo de la mejor manera pero nos llevamos una gran decepción cuando llegaron y dijimos que nunca más compraríamos",La Casa del Tomahawk,True
2022-12-16 12:11:33.842000+00:00,,,,,3,"Sinceramente no me encantó. Pedimos la promo de los Jueves Alitas de 20,00 promo 12,00$ jugos naturales. (En cuanto a lo solicitado no dan platos, sustituyen con papel, los jugos parecían más agua saborizada que jugó natural y cada uno costo 2,52$ esperaba una mejor calidad).

En cuanto el local amplio las mesas bien distribuidas pero tienen muy pocos meseros para la afluencia de personas repito yo no quede encantada de hecho no volvería pero si tenía bastante clientes lo que dificultaba la atención tan poco personal hacia lento la atención en mesas y la señorita se sentía apurada por tomar la orden e irse.

El plan era salir a tomar y conversar pero el trajo más económico era 10$ a 12$ sinceramente para éste costo prefiero ir a Puerto López que estoy a orilla del mar y pago 6$ por cóctel. Desde mi opinión no es un lugar que recomendaría el costo para mí desde estar ligado a la experiencia, el buen servicio, calidad en sabor y desde mi perspectiva personal acá no lo encontré.",La Casa del Tomahawk,True
2021-02-09 22:31:51.023000+00:00,,,,,3,"Está bastante bien, es buena la atención, las limonadas muy ricas, buenos acompañamientos en los platos, las papas fritas son deliciosas. Las proteínas son las que me quedaron debiendo por eso tiene 3.

El promedio para gastar en este lugar es de 20 dólares por persona.",La Casa del Tomahawk,True
2025-10-02 00:34:25.248000+00:00,Sin espera,5.0,4.0,4.0,5,"Atención muy buena. Nos sirvieron super rápido la comida.
No me gustó que nos quisieran cobrar 50ctvs extra por un limón, pero fuera de eso estuvo bien",La Casa del Tomahawk,True
2026-01-17 00:08:40.473000+00:00,,4.0,5.0,5.0,4,"Excelente atención del joven edison. La picaña muy riquísima, pero por favor es la casa. Del Tomahawk 😔 pero encontré el tomahawk",La Casa del Tomahawk,True
2026-04-18 15:06:42.166000+00:00,,5.0,5.0,5.0,4,Se demoraron un poco pero muy buena la comida,La Casa del Tomahawk,True
2023-12-28 15:21:36.870000+00:00,,4.0,2.0,4.0,2,"“La casa del Tomahawk”, un lugar muy conocido por su corte de carne “tomahawk, ubicado en el Norte de la ciudad de Guayaquil.

Acudí a su local ubicado en la Av. Francisco de Orellana, local amplio, personal amable, ambiente agradable.

El personal me ofreció su menú y ordené:

*Como entrada “Pollo, papas & Mc Cheese”, 🧀debo admitir que no me agradó del todo, la combinación me pareció demasiado pesada (papas + fideo = demasiado carbohidrato) Considero que fue más fideo que papas, no tenía sabor de queso fundido. Acompañado con unas tiras de pollo empanizado (empapado en aceite).

💰Precio $5,99
(Considero que no compensó para nada el alto valor por unas “papas”)

* Posteriormente, ordenamos “Costilla y Lomo Fino cada plato, con su respectiva ensalada y guarniciones (2) es decir, moro y patacones.

Añadiré que los patacones no estuvieron nada crocantes, no pude ni consumirlos porque estaban bañados en aceite, tuve que retirar la mayor parte de aceite con servilleta y aún así no fue agradable. Con respecto al moro, pequeña la porción pero buen sabor. Las proteínas, estaban en su punto, buen sabor)

💰Precios :
*Costilla con ensalada y moro $6,99
*Lomo fino con ensalada y moro $8,99

Como sugerencia a este local, recomiendo mejorar tanto la entrada (considerar que es demasiado carbohidrato junto) y las frituras (excesiva grasa/aceite).
Para nada agradable la experiencia con la comida, no regresaría y tampoco recomendaría.",La Casa del Tomahawk,True
2025-08-08 23:59:53.720000+00:00,Hasta 10 min,5.0,5.0,5.0,5,Super atenta la chica que nos atendió y muy rica la comida excelente super recomendado,La Casa del Tomahawk,True
2023-04-04 00:19:12.534000+00:00,,5.0,5.0,5.0,5,"Recomendado para ir con toda la familia, compañeros de trabajo  amigos. Me gusta que tienen diferentes mesas con temáticas para cada ocasión, para cumpleaños, si es alguna celebración local como las fiestas de guayaquil, graduación. La cocción de las carnes muy jugosas y ricas!!! La mesera que nos asignaron muy atenta y cordial.",La Casa del Tomahawk,True
2021-12-23 05:56:32.682000+00:00,,,,,3,"Debo decir que tenia muchas ganas de visitar este lugar tenia expectativas altas y recomendaciones pero decir que me ha decepcionado un poco. Pedimos menus navideños el arroz sabia bastante bien,mi chuleta ahumada tambien estaba bien bastante jugosa pero el pavo y el cordon blue dejaron mucho que desear muy insipidos y secos. La ensalada peor no sabia a nada decia q venia con vinegreta y ninguno de los platos lo tenia era una lechuga tirarda en el plato y ya. El postre que venia con el menu navideño tuvimos que pedirlo luego de pedir la cuenta y volver a ver el menu xq nunca nos lo ofrecieron que tampoco era la gran cosa como para no servirlo como en la imagen que hasta malvaviscos tenia el chocolate pero nos dieron una version mini y como para llevar. La atencion al principio fue buena y luego al chico dejo de importarle y no estaba ni con mucha gente el local para decir que era por eso.",La Casa del Tomahawk,True
2026-03-25 16:42:25.901000+00:00,,4.0,3.0,3.0,4,"El lugar muy bueno, la comida muy buena, precios algo altos. Como para una ocasión especial cuando tengas suficiente dinero porque no te saldrá nada barato.",La Casa del Tomahawk,True
2025-04-06 22:54:07.988000+00:00,,5.0,5.0,5.0,5,"Vimos su publicidad en redes y nos pareció interesante ir y vivir la experiencia, atención excelente, precios accesibles, ambiente acogedor, comida de gran calidad y servicio rápido, promociones interesantes, encontramos parqueo.",La Casa del Tomahawk,True
2022-02-07 02:17:25.136000+00:00,,,,,5,"Excelente atención, cumplen las medidas de bioseguridad. Las carnes aquí son deliciosas sin embargo hoy decide probar otros platos y llegué a la conclusión de que el menú en general es muy bueno. Tienen promo de cocteles 2*1 de lunes a jueves, el día de hoy Micheladas 4 x $10 en cerveza a elección y postres 2*1 también",La Casa del Tomahawk,True
2024-10-24 04:38:17.294000+00:00,,2.0,2.0,3.0,2,"Primera y última vez que visito el lugar.  Probe la costilla con arroz, menestra y patacones. Ese plato estaba bueno, aunq coincido con otro comentario y aconsejaria que añadan alguna mayonesa para los patacones. Mi pareja pidió la parrillada personal, y el pollo llego apestando (a trapo mal lavado) se pidió el cambio dos veces, porq a la 2nda vez parecia q habian puesto la misma pieza, por último pudieron traer un pollo que no apestaba. (Asumo q por los cortes se les pudre las carnes mas fácilmente, nose) pero no deberían servir eso. Las colas me parecen demasiado caras $1.9 por una cola de 330ml y encima no es ni Coca Cola es toda la linea de pespi q es aun más barata. Yo pedí limonada, que aunque estaba buena el vaso estaba con moo (espero que por afuera) porq me di cuenta al terminarla. Pedimos unas papas con mc and cheese de entrada que la trajeron a lo último ya casi terminando los platos antes mencionados y en lo personal no vale la pena como para repetir, aunq malo no estaba. Por último la zona donde se paga esta mal ubicada, ya que coincide con la puerta de las colas. Ademas q no hay una persona exclusivamente encargada del cobro y hay q esperar q los meseros se desocupen para que cobren.",La Casa del Tomahawk,True
2025-10-24 04:41:02.941000+00:00,Sin espera,5.0,5.0,5.0,5,"La comida es muy rica y los empleados muy amables y eficientes, voy a comer seguido porque la atención recibida es muy buena y tiene buenas promociones",La Casa del Tomahawk,True
2026-03-23 00:34:13.845000+00:00,,3.0,4.0,2.0,3,"Muy mal servicio a la mesa. Falta de atención. Mucha de los meseros. Por favor capacitar el personal
De resto todo muy rico. Y el jugo de maracuyá. Super.",La Casa del Tomahawk,True
2025-08-07 00:01:29.461000+00:00,,4.0,4.0,4.0,4,"Muy buena comida, precio, atención buen lugar para visitarlo en pareja o en familia recomendado",La Casa del Tomahawk,True
2023-04-03 01:50:31.530000+00:00,,,,,5,"La casa del Tomahawk fue una experiencia de carnes, parrillas y alitas que buscaba haces tiempo, desde que apareció este lugar en plena avenida Orellana, si quieres darte un buen tiempo para disfrutar en familia o entre amigos este es el lugar (ojo, debes ir con mucho tiempo disponible, los pedidos demoran según la cantidad de gente).
Los precios pueden variar según el plato, la atención del personal, porque nada te falte, es impresionante; sin lugar a dudas vas a disfrutar de este lugar y su encanto en la comida. En su página de Instagram presentan sus promociones, pilas con una promoción de alitas en bbq, deliciosas.",La Casa del Tomahawk,True
2026-02-23 04:55:42.184000+00:00,De 30 a 60 min,2.0,2.0,1.0,1,Una pésima atención vine x una publicación con mi familia y fue sumamente decepcionante se le pudiera poner MENOS -5 a la atención y servicio fuera genial como 45 minutos esperando mi pedido tras q paso 28 minutos x reloj q me tomarán el pedido,La Casa del Tomahawk,True
2023-06-29 21:59:24.657000+00:00,,4.0,5.0,5.0,5,"Excelente atención, un buen servicio al cliente, comida exquisita, me llevo la sensación de que todo era fresco y hecho en el momento, atención rápida, un excelente lugar para compartir en familia",La Casa del Tomahawk,True
2025-08-10 21:37:54.568000+00:00,Sin espera,5.0,5.0,5.0,5,"Buenas musica, la comida llega super rápido execelente atención al cliente todo delicioso ⭐⭐⭐⭐⭐",La Casa del Tomahawk,True
2023-08-26 01:26:41.436000+00:00,,5.0,5.0,5.0,5,Buena atención y comida muy rica,La Casa del Tomahawk,True
2025-10-06 15:55:55.296000+00:00,De 10 a 30 min,,,,4,"Fue un lugar muy bullicioso pero la comida es buena , la atención rápida aunque al principio el mesero fue descortés, las porciones de comida estuvieron deacuerdo con el costo.",La Casa del Tomahawk,True
2026-03-26 01:57:28.746000+00:00,,4.0,5.0,4.0,5,Bonito lugar con sabores increíble en sus platos especiales.. Lo recomiendo.,La Casa del Tomahawk,True
2026-05-04 03:30:11.074000+00:00,,,,1.0,1,"Fuimos a comprar hoy domingo, no ponen aviso en sus redes sociales sobre la hora de cierre por toque de queda, llegamos y el guardia muy malcriado nos dice que está cerrado que si no sabemos leer le preguntamos por qué y solo nos dijo está cerrado, por favor capaciten a TODO SU PERSONAL sobre atención al cliente.",La Casa del Tomahawk,True
2021-11-14 00:40:28.976000+00:00,,,,,4,"Poseen un menú variado, en ocasiones anteriores comí costillas las cuales estaban buenas y su carne blanda, sin embargo, en mi cumpleaños decidí comer un plata llamado “la bestia”, su carne estaba muy dura, al comer 1/3 no pude continuar ya que me dolía la mandíbula. Sus guarniciones y bebidas muy buenas en especial la “resbaladera”",La Casa del Tomahawk,True
2024-06-17 04:43:06.003000+00:00,,2.0,4.0,3.0,3,La comida es buena pero hay otros detalles a tomar en cuenta como la atencion al público y el aseo de las mesas por el resto todo bien,La Casa del Tomahawk,True
2022-12-26 21:19:34.020000+00:00,,5.0,5.0,5.0,5,"Local bonito, la atención fue excelente y la comida muy buena, el lomo en termino medio tal cual como lo pedí algo que ni restaurantes caros saben hacer y me sorprendió, la menestra sabrosa y las papas con tocino y queso igual de buenas, el jugo de maracuyá estaba brutal, así que me lleve muy buena experiencia aquí. He comido en muchos lugares de parrillas y caros y ninguno tan bueno como éste. Los recomiendo",La Casa del Tomahawk,True
2026-03-30 20:43:46.911000+00:00,De 10 a 30 min,1.0,1.0,1.0,1,"Esa comida estába muy mala gente, no soy de poner este tipo de comentarios pero 0 recomendado. Aparte la atención al cliente 0/10",La Casa del Tomahawk,True
2025-08-27 01:21:44.865000+00:00,,5.0,5.0,5.0,5,"Excelente lugar para disfrutar de una ocasión especial.
Te ofrece un ambiente relajado con buena comida",La Casa del Tomahawk,True
2026-03-01 22:35:37.742000+00:00,,5.0,5.0,5.0,5,Me parece un lugar cómodo  para compratir con amigos o familiares súper buena la comida y la atención se lo recomiendo 😋,La Casa del Tomahawk,True
2026-03-26 03:53:56.414000+00:00,,1.0,1.0,1.0,1,"Lo único rescatable fue el corte del Tomahawk, ya es imposible que un corte así esté malo, respecto a todo lo demás, estuvo pésimo, desde el momento en el que uno entra en el que ni atentos estaban para dar mesa, hasta esperar más de una hora por la comida, y que tras eso FRÍA, PÉSIMO SERVICIO, aparte de que contiene publicidad engañosa!!!! No regresaría nunca.",La Casa del Tomahawk,True
2022-01-08 13:35:10.720000+00:00,,,,,4,"Estuvo rico y buenas porciones... Precio medio alto aunque por la cantidad justifica.

Las costillas muy ricas. 5/5 ⭐",La Casa del Tomahawk,True
2025-11-04 00:49:45.697000+00:00,,1.0,1.0,1.0,1,"Que uno tiene que pedir para que está señora no quiso atendernos paso por todas las mesas menos la nuestra, media una esperando se le llamo y más enajada",La Casa del Tomahawk,True
2025-12-14 19:31:41.332000+00:00,Sin espera,2.0,2.0,3.0,2,"La verdad es que me hacía mucha ilusión comer el trozo del tomahawk, que es lo que le da nombre al lugar. Fue una gran decepción. Pedimos término medio y la carne llegó tibia, casi fría, con una cocción dispareja y su textura era dura. El acompañamiento (patacones, moro) se sentía recalentado. La impresión que da es que, aunque es su plato estrella, no le dan el cuidado y la importancia que merece.
Sobre la espera y la atención: es un lugar amplio que tiene espacio para mesas de más de 10 personas, con lo cual los meseros no se dan abasto. Como resultado, los tiempos de espera resultan corregiblemente prolongados.
¿Lo mejor de la visita? El cerdo que pedimos y los chorizos. ¡Insólito!
Si quieres comer el plato estrella homónimo del lugar, aquí no es.",La Casa del Tomahawk,True
2026-03-01 22:59:46.184000+00:00,,5.0,5.0,5.0,5,"Hoy los viste con mi esposa y la verdad que me gustó mucho las alitas $9,99 se las recomiendo",La Casa del Tomahawk,True
2026-03-21 20:33:43.973000+00:00,,5.0,5.0,5.0,5,"Espectacular 10/10, muy buena la comida y excelente servicio.",La Casa del Tomahawk,True
2020-02-19 19:45:38.047000+00:00,,,,,4,"Lugar agradable, muy buena atención y deliciosa comida",La Casa del Tomahawk,True
2023-09-04 03:35:30.603000+00:00,,2.0,1.0,1.0,1,"Mala atención al cliente, nos dieron la carne de cerdo cruda tuvimos que ir a buscar a un mesero que nos ayudara ya que no nos tomaban en cuenta.
Pésimo servicio, no regresaría.
Adjunto foto de la carne cruda",La Casa del Tomahawk,True
2026-03-01 22:20:25.797000+00:00,,5.0,5.0,5.0,5,Muy buena atención. Buena comida buen ambiente,La Casa del Tomahawk,True
2023-03-23 17:18:17.824000+00:00,,5.0,5.0,5.0,5,"Excelente servicio , muy buena la comida",La Casa del Tomahawk,True
2026-05-31 14:33:41.062000+00:00,,,,,2,"Fui antes de la inspección del Arcsa, la comida no fue buena, iré después nuevamente a ver si han mejorado.",La Casa del Tomahawk,True
2026-03-01 22:38:06.787000+00:00,,5.0,5.0,5.0,5,"La comida es excelente amo su sabor 😍 y sus alitas por $9,99 + Iva",La Casa del Tomahawk,True
2021-12-12 17:19:15.965000+00:00,,,,,5,"Comida excelente, poco personal para atender a los clientes, pero sin embargo la atención es muy cordial",La Casa del Tomahawk,True
2022-11-04 23:29:02.372000+00:00,,,,,5,"El sabor bueno, un poco el tema de la temperatura de la comida lo pondría como observación, y un poco de demora en los adicionales. El lugar excelente, fácil de llegar y su anfitriona y meseras con una excelente atención.",La Casa del Tomahawk,True
2023-11-19 03:36:23.615000+00:00,,3.0,3.0,1.0,1,"La comida por alguna razón estaba insípida!!
El tomahawk que se pidió 3/4 , llegó en termino medio.
Y una perdida de sentido total de servicio al cliente, el mesero no sabía que más muecas hacer! El mesero es el mayor de todos ellos, para que sepan.
No lo recomiendo.",La Casa del Tomahawk,True
2025-08-18 00:19:21.770000+00:00,Sin espera,5.0,5.0,5.0,5,Muy buena parrillada rico moro me atendieron muy bien ☺️,La Casa del Tomahawk,True
2026-03-11 00:38:25.382000+00:00,,,4.0,2.0,3,"La comida es muy rica, pero siempre demoran en atender y en llevarte tu comida, deberían mejorar en eso.",La Casa del Tomahawk,True
2026-03-01 22:40:33.525000+00:00,,5.0,5.0,5.0,5,Todo los días tienen promociones la verdad que siempre voy con mi familia y mi plato favorito es la milanesa 😋,La Casa del Tomahawk,True
2023-10-07 03:07:41.713000+00:00,,2.0,2.0,1.0,2,"Mala atención por parte del personal, no atienden por orden de llegada, precios excesivos, poca calidad en cuanto a sabor. No nos trajeron la orden completa. Fue una experiencia poco agradable.",La Casa del Tomahawk,True
2022-01-26 05:15:21.796000+00:00,,,,,5,Muy buena atención del personal con todas las medidas de bioseguridad. Excelente menú.,La Casa del Tomahawk,True
2024-01-07 23:45:37.804000+00:00,,5.0,3.0,2.0,3,"La comida no es muy gustosa ..tarda demasiado en que te la traigan y cuando vas en grupos la comida no te la traen completa, hay que esperar para que traigan todos los pedidos para  comer juntos...",La Casa del Tomahawk,True
2026-01-23 14:18:39.523000+00:00,,,1.0,1.0,1,"Son demasiado lente te dice en 10 minuto te entregó la orden y te terminé entregando la orden despues de una hora,la verdad que pesimo servio,mut binito el lugar y todo pero el personal  nada que ver.",La Casa del Tomahawk,True
2024-04-29 01:44:46.326000+00:00,,4.0,1.0,3.0,2,"La atención fue regular, la comida pésima, no entregaron lo que estaba en el menú. La menestra no parece menestra. Las parrilladas no viene con ningun tipo de salsa de la casa(mayonesa, chimichurri,etc)",La Casa del Tomahawk,True
2026-03-01 21:49:28.903000+00:00,,5.0,5.0,5.0,5,"La comida es excelente, mi lugar favorito",La Casa del Tomahawk,True
2020-10-14 19:17:33.820000+00:00,,,,,4,"Es un lugar agradable para compartir en familia y amigos :D Cortes de carnes especiales y muy ricos,  les recomiendo ir.",La Casa del Tomahawk,True
2021-02-26 04:56:55.894000+00:00,,,,,1,"El Tomahawk que se supone es su especialidad, no lo cocinan correctamente, lo abren en 2 como una mariposa y no cumplió con el término que le pedimos (frío), los patacones como de una semana de guardados, fríos y llenos de mucha grasa. No había cuchara para los postres y el pan de cortesía estaba muy duro.

Puntos a favor el puré y las bebidas.",La Casa del Tomahawk,True
2026-02-08 04:25:10.331000+00:00,,,,,5,Excelente servicio y promociones,La Casa del Tomahawk,True
2024-07-26 04:42:19.974000+00:00,,3.0,3.0,3.0,4,Comparando con Rukito La verdad para mi Opinión prefiero Rukito no es tan Exquisito pedí Tomahak Salvaje me costó 28 con algo pero demasiado Caro para mi gusto,La Casa del Tomahawk,True
2020-01-28 14:58:07.750000+00:00,,,,,5,"Buen ambiente, la comida es muy rica. Siempre tienen excelentes promociones.",La Casa del Tomahawk,True
2022-02-08 03:22:06.284000+00:00,,,,,5,Lindo lugar comida deliciosa y la atención de primera,La Casa del Tomahawk,True
2026-05-27 20:19:20.594000+00:00,De 10 a 30 min,4.0,4.0,2.0,3,Si pagan en efectivo más del valor el vuelto correspondiente ellos asumirán que es propina,La Casa del Tomahawk,True
2026-03-01 23:02:48.137000+00:00,,5.0,5.0,5.0,5,Me gusta muy rica 100% Recomendado,La Casa del Tomahawk,True
2025-11-04 01:20:00.814000+00:00,De 30 a 60 min,1.0,3.0,1.0,1,"Pésimo servicio de atención al cliente su mesera no apta para atender se puso a pelear, porque se le reclamo que no atendía y nos ignoro por más de media hora, tuvimos que pedirle a otro chico que nos atienda que según los meseros atienden algunas menas, la alitas tenían un olor como a mariscos nos trajeron primero las alitas y ya cuando terminamos los jugos que clase de sitio ofrece esta atención.",La Casa del Tomahawk,True
2024-03-01 02:14:14.470000+00:00,,5.0,5.0,5.0,5,Que lindo lugar!!! Aparte la atención fue muy acogedora y súper amables todos. Súper recomendado para un plan fuera de lo común 😋,La Casa del Tomahawk,True
2025-08-08 02:00:46.633000+00:00,Sin espera,5.0,5.0,5.0,5,"La atención es muy buena de parte de los chicos y también del administrador y guardia, son muy amables y atentos. El ambiente es muy agradable, siempre hay muchas personas celebrando sus cumpleaños, es un lugar muy acogedor.",La Casa del Tomahawk,True
2025-08-24 23:25:19.781000+00:00,Sin espera,5.0,5.0,5.0,5,"Solo un detalle, pedí el moro choclo y está sin sal",La Casa del Tomahawk,True
2020-02-08 21:35:31.101000+00:00,,,,,5,"Si queres comer buena carne y exquisitos platos gastronómicos, no podes dejar de visitar Tomahawk.
Sus dueños amables, atentos y siempre buscando la perfección del servicio.
Tiene buena ubicación y es apto para ir solo, en parejas o en familia.
Sus precios están teniendo en cuenta la calidad del producto.
Recomendable!",La Casa del Tomahawk,True
2026-03-21 20:55:15.710000+00:00,,5.0,5.0,5.0,5,La atención estuvo excelente y la comida riquisima.,La Casa del Tomahawk,True
2020-10-25 20:40:22.327000+00:00,,,,,4,Excelente atención al cliente. La comida es buena 👍,La Casa del Tomahawk,True
2026-05-23 20:17:10.842000+00:00,,5.0,5.0,5.0,5,Excelente comida y precios,La Casa del Tomahawk,True
2025-03-03 01:59:49.162000+00:00,,1.0,2.0,1.0,1,"El día de hoy tuve un problema con la atención, fue pésima, una de las meseras no quiso atendernos y tiró la cartilla en la mesa. Además tuvimos que esperar 10 minutos hasta que alguien quisiera atendernos. Luego se demoraron aproximadamente 25 minutos en traernos el pedido ya que no iban en el orden y sacaban los platos como ellos quisieron. También fui por una publicación que hicieron y no me cobraron el precio de la promoción, me cobraron normal por lo que esto se podría considerar una publicidad engañosa. Cabe recalcar que es la PRIMERA VEZ que asistía a este local por lo que me dejaron mucho qué desear. NO LO RECOMIENDO debido a la fatalidad de la atención y me hicieron pasar un muy mal momento. El servicio fue horrible, no vuelvo jamás.",La Casa del Tomahawk,True
2026-05-25 16:08:25.668000+00:00,,,,,2,La vez que los visité tuve una pésima experiencia. Pésimo es poco.,La Casa del Tomahawk,True
2022-05-17 16:21:14.315000+00:00,,,,,5,Excelente atención y muy buena la comida,La Casa del Tomahawk,True
2025-11-19 04:47:30.101000+00:00,,3.0,4.0,2.0,3,"Muy buena la comida pero la atención  no muy buena, hasta el guardia que cuida las afuera tiene mejor atención que los meseros.",La Casa del Tomahawk,True
2025-04-11 23:28:20.090000+00:00,,5.0,5.0,5.0,5,Buenos platos. Bien aseado y muy atentos en la atención,La Casa del Tomahawk,True
2024-12-08 04:36:16.370000+00:00,,2.0,,1.0,1,"Hace tiempo fui por mi cumpleaños y fue agradable.
Ésta noche volví a ir con toda mi familia y fue una experiencia que no le recomiendo a nadie.
Se demoraron 30 minutos en atendernos, luego de ello esperamos 45 minutos por la orden que nunca llegó. Sin embargo, otras mesas que llegaron después fueron atendidas antes que nosotros ... Adicional a ello unos niños corriendo como locos y gritando, pésimo pésimo!!! Que decepción y que mala noche nos hicieron pasar.",La Casa del Tomahawk,True
2026-04-06 02:28:10.673000+00:00,Sin espera,5.0,5.0,5.0,5,"Muy buena la atención 💫
Excelente servicio.",La Casa del Tomahawk,True
2025-09-08 01:55:27.583000+00:00,,1.0,4.0,1.0,1,"PÉSIMA ATENCIÓN
primero un chico que amablemente debo decir, nada se nos acercó con el menú solamente para explicarnos que era un auxiliar, que no nos podía tomar el pedido como tal a pesar de que llevábamos aproximadamente media hora en espera, haciendo señas, llamando a los chicos que pasaban cerca de nuestra mesa. Nos dijo que enviaría alguien a tomarnos el pedido y nunca sucedió, por lo tanto tuve que acercarme yo misma al counter preguntando quién me podía ayudar. (Las alitas deliciosas, no me puedo quejar de la sazón del lugar y que en tan solo 10 minutos llegaron a la mesa.)
Falta de personal totalmente para un lugar con tanto aforo y con promociones justo en días asi me parece que si bien no es culpa de los empleados es una desorganización total; después, al pagar tuve que acercarme nuevamente por el vuelto de mi cuenta ya que pague en efectivo y pasaron 15 minutos donde no obtuve ayuda de nadie.",La Casa del Tomahawk,True
2022-02-09 05:18:16.022000+00:00,,,,,4,"El precio muy acorde a lo que ofrecen, ambiente muy amigable, quienes atienden muy cheveres con actitud juvenil. Sabor de ls comida buena, los moros pueden mejorar en cuanto al queso que le hechen, las pprciones estan bien distribuidas",La Casa del Tomahawk,True
2024-06-22 23:06:06.765000+00:00,,3.0,3.0,1.0,1,"Pésimo servicio, se demoran en servir, en cobrar, no te dan el pedido exacto que haces y no tienen seguridad. Afuera del local rompieron vidrio de mi carro y me robaron",La Casa del Tomahawk,True
2021-01-31 04:15:49.872000+00:00,,,,,5,"Deben mejorar el chimichurri, el resto muy buena stención y sabor de la comida.",La Casa del Tomahawk,True
2020-12-14 19:17:54.547000+00:00,,,,,5,Deliciosa comida pero es mejor ir reservando mesa xq siempre está lleno,La Casa del Tomahawk,True
2024-06-28 19:41:53.373000+00:00,,5.0,5.0,5.0,5,"Excelente SERVICIO, EL joven Cristhian muy atento y cordial. DELICIOSA LA COMIDA",La Casa del Tomahawk,True
2024-03-06 22:09:31.898000+00:00,,,,,5,"Excelente sabor, atención y presentación del producto 100% recomendado.",La Casa del Tomahawk,True
2020-08-13 00:58:10.655000+00:00,,,,,5,"La atención, la comida, el lugar, el trato al cliente, todo, todo es excelente 👌🏼❤️ nada se le compará!!",La Casa del Tomahawk,True
2022-02-12 03:08:45.510000+00:00,,,,,5,Deliciosa comida. Buen ambiente y los chicos muy atentos,La Casa del Tomahawk,True
2025-09-04 01:15:42.719000+00:00,De 10 a 30 min,5.0,5.0,5.0,5,"La srta Yessenia nos atendió muy bien, así mismo las veces anteriores q hemos visitado el local los otros colaboradores nos han atendido muy bien, comida deliciosa como siempre. Al momento la atención muy buena",La Casa del Tomahawk,True
2026-03-01 20:28:10.597000+00:00,,5.0,5.0,5.0,5,Muy buena la sazón en todos los platos,La Casa del Tomahawk,True
2020-12-15 16:06:16.432000+00:00,,,,,5,"Las mejor en Guayaquil,  costillas espectaculares, gran bife, todo preparado al puro estilo americano, muy buenas recomendado 100%¡¡",La Casa del Tomahawk,True
2025-05-04 03:43:02.014000+00:00,Sin espera,4.0,3.0,1.0,4,"Hoy mi primera vez visitando este sitio, desde mi opinión puedo decir que está sobrevalorado, la atencion pésima, la comida pedimos 5 platos diferentes y la verdad 2 de ellos podremos decir que estuvieron bien para su valor, los demas mejor ni mencionar. Pedi una sangría, he probado en otros sitios y excelente pero aquí 1 uva a la mitad nomas en el vino y mas hielo que vino. Fatal. Mi primera y ultima vez",La Casa del Tomahawk,True
2020-01-24 13:58:37.369000+00:00,,,,,5,Buena porcion en relacion al precio... buen sabor,La Casa del Tomahawk,True
2025-08-19 03:07:30.163000+00:00,De 10 a 30 min,3.0,4.0,2.0,2,"Mucha bulla, no me gustó la ensalada y el servicio si fue bueno pero pudiera ser mejor, además la atención iba bien pero después que cantaron el cumpleaños, no dejaron ni soplar la vela y además nos la quitaron, la misma vela la reutilizan para todos",La Casa del Tomahawk,True
2025-11-04 19:57:02.168000+00:00,De 30 a 60 min,4.0,5.0,2.0,3,La comida muy buena y con buenas promociones pero la atención al cliente da mucho que desear,La Casa del Tomahawk,True
2025-09-28 22:37:44.174000+00:00,Hasta 10 min,5.0,5.0,5.0,5,Muy buena atención y muy atentos .. gracias,La Casa del Tomahawk,True
2021-02-06 15:00:25.602000+00:00,,,,,5,"Un poco lentos en hacer la comida, pero muy buena y el lugar es muy espacioso",La Casa del Tomahawk,True
2025-11-27 18:26:02.573000+00:00,Hasta 10 min,4.0,5.0,5.0,4,"Buena sazón, personalmente pedí unas alitas para compartir y estaban muy sabrosas,el sabor equilibrado.",La Casa del Tomahawk,True
2025-08-13 19:23:05.262000+00:00,Hasta 10 min,5.0,5.0,5.0,5,Muy buena la gastronomía y la atención increíble,La Casa del Tomahawk,True
2021-08-06 04:51:16.878000+00:00,,,,,4,Deliciosa comida y los importante tienen toda su carta....,La Casa del Tomahawk,True
2026-03-01 21:27:34.259000+00:00,,,,,5,Execelente lugar execelente comida,La Casa del Tomahawk,True
2023-12-08 03:22:51.474000+00:00,,,,1.0,1,"Fuimos un grupo de amig@s con reserva previa al local de la F Orellana donde se pidió el menú navideño del 2023 con platos varios. Estando todos pedimos nuestros platos que también lo habíamos reservado con anticipación, en ese rato nos dijeron que del menú no había un producto y que demoran en preparar, lo cambiamos, se demoraron casi 15 minutos y trajeron platos de unos cuantos, del resto nunca aparecieron, esperamos 40 minutos y nunca nos trajeron nada, la supervisora no dio la cara, hasta los meseros 🤐🤐, los que no comimos nos levantamos y nos fuimos a comer a otro lugar. No recomiendo ese sitio, no estaba ni lleno. Fue desagradable ya que quisimos pasar buen un rato y nos amargaron a todos. Con mi grupo de amig@s 1era y última vez, nunca más a ese lugar.",La Casa del Tomahawk,True
2020-07-23 05:04:06.655000+00:00,,,,,4,Excelente comida muy buena atención ‼️,La Casa del Tomahawk,True
2026-03-26 04:02:31.778000+00:00,,1.0,1.0,1.0,1,EL PEOR RESTAURANTE QUE HE VISITADO EN MI VIDA!! 😖,La Casa del Tomahawk,True
2025-08-11 02:27:26.466000+00:00,De 10 a 30 min,5.0,5.0,4.0,4,Muy rico y todo pero los fines de semana de tiene que hacer fila para entrar y hay que esperar un buen tiempo para ordenar,La Casa del Tomahawk,True
2024-04-10 01:24:51.511000+00:00,,5.0,5.0,5.0,5,"Es un lugar encantador que te transporta a un universo de tradición y autenticidad. Desde el momento en que cruzas su puerta, te sumerges en una atmósfera cálida y acogedora, donde cada detalle está cuidadosamente pensado para brindarte una experiencia única.

Además, ofrecen una deliciosa variedad de platillos que deleitarán tu paladar, mientras que su personal atento y amable se asegura de que te sientas como en casa en todo momento.",La Casa del Tomahawk,True
2023-06-05 14:26:13.177000+00:00,,3.0,1.0,2.0,1,Mala experiencia. Carne 🍖 dura . El equipo no está capacitado. Ni una cortesia o descuento por la mala comida. Pesimo,La Casa del Tomahawk,True
2026-04-12 18:43:49.732000+00:00,,,,,3,Jueves 2x1 alitas. Lea falta sabor.,La Casa del Tomahawk,True
2026-03-01 23:10:25.225000+00:00,,5.0,5.0,5.0,5,Muy buenas la alitas y la atención siempre volveré .,La Casa del Tomahawk,True
2025-08-22 02:28:25.466000+00:00,Sin espera,5.0,5.0,5.0,5,Muy buena atención y buen sabor la comida,La Casa del Tomahawk,True
2025-09-21 14:24:29.417000+00:00,,5.0,5.0,5.0,5,Muy buen servicio la comida buena y el ambiente,La Casa del Tomahawk,True
2026-01-05 01:48:55.289000+00:00,De 10 a 30 min,5.0,5.0,4.0,4,Bonita experiencia Pero demoran en atender.,La Casa del Tomahawk,True
2023-08-17 06:32:03.697000+00:00,,1.0,1.0,1.0,1,"Pésima atención a pesar que estaba el local sin mucha gente una hora esperando el pedido y cuando llega a la mesa costillas de cerdo crudas dos veces le tuvimos que decir que las vuelvan  al fuego. De los 6 platos que pedimos se olvidaron de servir uno pero a la hora de cobrar ahí si se acordaron, tuvieron que hacer otra cuenta. Y el encargado dos veces lo llamamos nunca quiso acercarse",La Casa del Tomahawk,True
2021-02-01 12:29:38.040000+00:00,,,,,5,"Delicioso!!!
Muy buena atención d parte de los meseros🥰",La Casa del Tomahawk,True
2025-03-20 21:08:08.805000+00:00,,5.0,5.0,5.0,5,"Excelente la comida, me llegó todo muy bien cada cosa por separado la ensalada, el moro, la menestra, la costilla todo en diferente recipientes el jugo delicioso.",La Casa del Tomahawk,True
2025-03-03 02:29:55.016000+00:00,,1.0,1.0,1.0,1,Pongo a conocimiento a quien corresponda presento mi reclamó a los Srs administradores por el pésimo servicio q me dieron el día de hoy aproximadamente 19:30 en la sucursal de la Frsc Orellana la mesera de nombre Yeiny Vanessa Chirinos por poco me tira la carta en la cara y se perdió tuve q solicitar el pedido a otro mesero por lo tanto me siento maltratado insatisfecho ya q tardo mucho tiempo y lo peor de todo no me trajeron platos para los desechos de las alas huesos y me siento estafado solicite la promoción de 24 alas por el valor de $10 y me facturaron el doble espero tomen carta en el asunto ya q no deben permitir estos inconvenientes por no calificar al personal q contratan falta de ética principios y valores,La Casa del Tomahawk,True
2021-08-06 02:53:59.716000+00:00,,,,,5,Celebrando el cumpleaños de mi amiga Sofy con mis amigas Brigetty y Fátima 🥰,La Casa del Tomahawk,True
2025-09-07 18:03:18.020000+00:00,Sin espera,5.0,5.0,5.0,5,La comida muy buena la atención fue excelente y el local muy acogedor,La Casa del Tomahawk,True
2024-11-03 02:37:05.671000+00:00,,1.0,2.0,2.0,2,"Sinceramente la comida no es la gran cosa y los precios son accesibles. Sin embargo, al finalizar la comida encontramos una pequeña cucaracha que se paseaba por la mesa y fue un gran disgusto para nosotros. No lo recomiendo.",La Casa del Tomahawk,True
2022-06-12 04:20:07.304000+00:00,,,,,3,"Buena comida, pero me trajeron mi comida tarde, como 15 minutos después que habían servido los platos de mi hija y mi nieta. Además resultó que la costilla estaba cruda! Por lo que tuve que esperar unos 5 minutos más!! 🙄 También la música tenía el volumen muy alto, no se podía conversar.",La Casa del Tomahawk,True
2025-01-20 21:28:49.550000+00:00,,5.0,1.0,3.0,1,"Llego y lo primero que dicen es que no hay nada de alitas y se supone que uno viene a comer alitas

En cuanto a la atención, un poco deficiente, tardaron demasiado en atender y traer la cuenta, si necesitabas algo había que pararse a buscarlos por que no paraban en ningún momento

El ambiente si estaba muy bonito, ojalá mejoren pronto las otras cosas, si me gustaría volver en otro contexto",La Casa del Tomahawk,True
2025-08-30 00:14:11.698000+00:00,De 10 a 30 min,5.0,5.0,5.0,5,Muy buena la comida y la atención,La Casa del Tomahawk,True
2025-11-10 00:46:44.823000+00:00,,1.0,1.0,1.0,1,"se demoran demasiado en atender, las alitas no son para nada agradables, pésimo todo",La Casa del Tomahawk,True
2024-10-27 01:49:27.173000+00:00,,3.0,1.0,1.0,1,"La comida pésima pedimos dos parrilladas personales, las carnes estaban recalentadas ya queriendo se dañar, el chorizo de mala calidad, lo único rescatable la menestra.
La atención lenta se espero 45 para que sirvan la pésima comida",La Casa del Tomahawk,True
2023-08-25 13:44:57.420000+00:00,,,,,2,"Cuando no hay promoción de alitas, vale la pena, porque los jueves tienes que ir con algún snack en el estómago ya que tienes que esperar de 40 a 45 minutos afuera para ingresar, y ya dentro otros 45 o 50 minutos hasta que te repartan la orden, no vale la pena ir por esa promoción.
En otros días muy rica la comida, sin embargo deberían mejorar ese tema, quizás hacer la promoción de dos a tres días por semana ya que un solo día no abastece.",La Casa del Tomahawk,True
2023-12-12 17:17:26.260000+00:00,,2.0,2.0,2.0,1,"He asistido varias veces al local de la Av. Francisco de Orellana y del sur, y siempre he disfrutado del lugar, pero la última vez que fui con mi hijo y la mamá, nos llevamos la terrible sorpresa de encontrar cucarachas en la mesa y paredes del local, y en la comida que pedimos para llevar. No se cómo tendrán la cocina para que sucedan este tipo de situaciones que  dejan pensando mucho al cliente de como se manejan ciertas cadenas de comidas rápidas.",La Casa del Tomahawk,True
2023-07-24 01:20:32.464000+00:00,,2.0,3.0,1.0,2,"La comida demora demasiado, por más que el local este vacío se demoran casi 1 hr en darnos el pedido. Para pasó fría. Buen sabor pero muy poca proporción para el precio establecido, hasta para 1 botella de agua se demoran como 20 minutos.",La Casa del Tomahawk,True
2023-08-17 02:52:08.413000+00:00,,3.0,3.0,1.0,1,"La atención es mala, 30 minutos para traer las bebidas y hora y media para la entrada (el restaurante estaba casi vacío).
La comida no es mala pero no vale la espera y los precios ya que las porciones no son tan grandes para el costo.
Lo único a destacar es el ambiente, la música a un volumen decente y el spot bonito. Honestamente no volvería",La Casa del Tomahawk,True
2025-11-20 14:58:42.907000+00:00,De 30 a 60 min,3.0,3.0,3.0,3,"Las promociones modifican condiciones de lo mismo en poco tiempo, salsas y cantidades los locales se ve lugubre poca iluminación y no invita a que sea familiar, problemas de parqueo",La Casa del Tomahawk,True
2025-08-08 02:37:52.660000+00:00,Hasta 10 min,5.0,5.0,5.0,5,Definitivamente excelente,La Casa del Tomahawk,True
2025-10-05 22:55:01.720000+00:00,Sin espera,5.0,5.0,5.0,5,"Muy cálido, acogedor y agradable",La Casa del Tomahawk,True
2025-08-18 21:33:16.769000+00:00,Sin espera,5.0,5.0,5.0,5,"Muy buena la experiencia, las alitas muy buenas y sobre todo la atención 👌 muy buena, sin duda volveré",La Casa del Tomahawk,True
2025-08-17 00:52:02.995000+00:00,Hasta 10 min,5.0,5.0,5.0,5,Excelente persona la chica que nos atendió 10/10 y la comida muy deliciosa,La Casa del Tomahawk,True
2023-11-10 02:33:37.813000+00:00,,1.0,1.0,1.0,2,"Q triste llevarme tan grande decepción ha cambiado todo, servicio, platos, sabor  ya no regreso , porq barato no es . Platos sucios , parrillada con fogón apagado botellas de cola de $025 en $1,70 etc pague $70 por moro crudo, alas malísima parrillada fría y mi filete de entraña sin sabor y frío terrible, estoy muy molesta no se que paso? Por eso volví para celebrar el cumple de mi hijo , borre mi opinión de hace 2 años dónde era excelente todo",La Casa del Tomahawk,True
2024-05-09 04:19:43.060000+00:00,,5.0,5.0,4.0,5,"Buena la comida excelente, lo malo que te retiran el plato sin preguntarte si lo pueden hacer, tan solo se lo llevan, en este caso se me llevaron el puré que todavía no lo terminaba y mi limonada, así como el de mis invitadas, y nos quedamos mirando que paso??",La Casa del Tomahawk,True
2024-10-31 02:27:59.825000+00:00,,1.0,1.0,1.0,1,"Pésimo lugar, fue mi primera vez y jamás planeo regresar. Literal más de 30 minutos para atendernos, casi 1 hora para que nos sirvan las bebidas y JAMAS LLEGARON LOS PLATOS FUERTES. Si tienen un día TASTY contraten a más personal.",La Casa del Tomahawk,True
2025-08-16 02:58:26.706000+00:00,Sin espera,5.0,5.0,5.0,5,Todo muy rico 100 los visito,La Casa del Tomahawk,True
2025-08-15 03:31:39.162000+00:00,Sin espera,4.0,5.0,4.0,3,"Todo muy rico, un poco tardado en cuestión bebidas pero la chica muy amable y atenta",La Casa del Tomahawk,True
2026-04-10 00:22:14.559000+00:00,Hasta 10 min,5.0,5.0,4.0,5,"Un buen lugar renovado un buen ambiente para celebrar en familia y amigos cumpleaños, reuniones y otros",La Casa del Tomahawk,True
2020-02-25 17:24:39.615000+00:00,,,,,4,"Muy bonito y al estilo rústico. La comida muy rica, pero en ocasiones el espacio queda corto y hay que separar con tiempo si lo que quiere es celebrar algo en especial. Los precios son manejables aunque no se diría que económicos, pero el sabor lo merece. Se podría mejorar la atención al evitar que se converse demasiado entre los dependientes...",La Casa del Tomahawk,True
2022-02-04 11:53:32.220000+00:00,,,,,5,"Muy delicioso. El servicio es excelente. El término de la carne no era el adecuado, sin embargo estaba muy bien sazonado. Los precios aunque un poco altos también son razonables. En resumen fue una muy agradable experiencia.",La Casa del Tomahawk,True
2026-05-11 17:45:00.506000+00:00,Sin espera,5.0,5.0,5.0,5,Comida deliciosa y un menú variado,La Casa del Tomahawk,True
2024-03-07 16:49:14.056000+00:00,,5.0,5.0,5.0,4,"Bonito lugar, si van por primera vez verifiquen bien los precios, a lado del plato que desean consumir se muestra el  precio final para que al momento de pagar la cuenta no piensen que les cobran demás , lo que si me parece un poco caro son los precios de los jugos ya que te sirven en un jarro pequeño",La Casa del Tomahawk,True
2022-02-13 03:59:00.724000+00:00,,,,,1,"El día 12 de febrero del 2022, realizamos reservación para 5 personas a las 21:00, realizamos el pedido al momento y lo despacharon 22:40, además no avisaron que no había pollo y dejaron a dos personas sin atender. En el plato salió un cabello. La atención pésima.",La Casa del Tomahawk,True
2022-03-06 11:25:56.531000+00:00,,,,,5,Buena atención. Buena comida,La Casa del Tomahawk,True
2025-10-03 22:01:47.986000+00:00,Sin espera,2.0,5.0,5.0,5,"Rica comida , precios buenos. Volumen muy alto de la música",La Casa del Tomahawk,True
2025-09-25 21:55:42.303000+00:00,Sin espera,4.0,5.0,4.0,5,"El lugar es súper Nice, me gustó venir a compartir aquí",La Casa del Tomahawk,True
2022-05-18 03:07:43.308000+00:00,,,,,2,"En base a calidad y sabor, NO lo recomiendo. Pedí un moro con chicharro y sabía a arroz mojado con cebolla frita (no se sentía la menestra). El chicharron era totalmente malo (era guardado).  Adicionalmente las papitas estaban mal fritas (aguadas). La carne de costilla estuvo bien.  En tema de atención, se demoran mucho para atenderte (creo que les faltaba personal).  En tema servicio la camarera no tenía predisposición.
Conclusión: NO IR. No vale la pena.",La Casa del Tomahawk,True
2023-03-20 02:40:45.384000+00:00,,5.0,2.0,3.0,3,"Quiero ser muy puntual y honesto en esta crítica que les voy hacer con el afán de que los propietarios mejoren.

La primera vez que fui a este local me encantó todo muy bonito comida rica buena atención, pero las últimas 2 ocasiones sali decepcionado en la 1 la promoción de alas estaban frías, papas fritas muy pocas ( esto no éra así) tiempo de espera muy largo más de 1 hora. 2 Pedí una entrada de camarones costilla y dedos de yuca de igual forma frios los camarones apanados crudos por dentro. Mmm dejó mucho que pensar pero resaltó que en esa ocasión luego de poner la queja con la gerente encargada nos dio solución un gesto de aplaudir 👏.

Espero tomen atención a estos detalles.",La Casa del Tomahawk,True
2026-03-06 02:30:21.616000+00:00,,5.0,5.0,5.0,5,La comida super buena,La Casa del Tomahawk,True
2020-03-08 20:44:50.146000+00:00,,,,,5,"La comida es de alta calidad, por ello sus precios van acorde a esto.
Las porciones son grandes por lo que si no se conoce es preferible preguntar primero.
Variedad en el menú, sin embargo las carnes a la parrilla son exquisitas.
Los meseros siempre atentos y cordiales.
Ideal para parejas, grupos, o familia; se puede reservar con anticipación.",La Casa del Tomahawk,True
2024-05-09 13:56:35.232000+00:00,,5.0,5.0,5.0,5,"Muy buena atención, buen ambiente, comida de calidad, recomendado.",La Casa del Tomahawk,True
2024-08-23 22:46:45.714000+00:00,,5.0,5.0,5.0,5,"Muy buena experiencia con la comida, la atención excelente y muy atenta de parte de Maria Luisa.",La Casa del Tomahawk,True
2023-02-14 14:19:19.662000+00:00,,1.0,,1.0,1,"Deberían tener mejor preparación para reservas porque no se saben manejar con una mesa grande.
Si aceptan cobrar por separado en una mesa grande. Si te dicen que no es solo porque el mesero/a no quiere hacerlo.",La Casa del Tomahawk,True
2024-09-15 03:05:32.550000+00:00,,4.0,2.0,1.0,1,"Pésimo servicio, se demoran y no te traen completo el pedido, se olvidan de darte cubiertos, servilletas, y si pide un simple jugo adicional, te lo dan casi a lo que te vas.",La Casa del Tomahawk,True
2024-05-12 23:17:18.957000+00:00,,5.0,5.0,5.0,5,"La atención muy buena, la comida exquisita, que buen servicio",La Casa del Tomahawk,True
2024-05-07 21:42:11.786000+00:00,,5.0,5.0,5.0,5,"Un excelente lugar para compartir con familia y amigos.
Muy a gusto con la atención",La Casa del Tomahawk,True
2024-09-21 19:21:40.931000+00:00,,,,1.0,1,"Me encantaría decir que probé algo, pero su gran servicio al cliente se tardó más de una hora en solo “confirmar mi pedido”. Ya literalmente se pasó la hora de la comida, si pudiera ponerles CERO lo haría, pero no es posible.",La Casa del Tomahawk,True
2024-05-09 20:45:46.693000+00:00,,5.0,5.0,5.0,5,"El servicio es impecable, con un personal atento y conocedor que hace que cada visita se sienta especial. Sin duda, un destino imprescindible para los amantes de la buena comida y las experiencias gastronomicas memorables.",La Casa del Tomahawk,True
2023-05-01 11:53:37.092000+00:00,,1.0,1.0,1.0,1,"Pésima comida y pésima atención..!!!
Me pedí un cerdo crocante y eso me llegó frío! Las papás con fideo y queso malas!
Pedimos un cóctel y nunca nos llegó, le indicamos a la srta q estábamos celebrando un cumpleaños y q si podía poner música de ambiente y tampoco lo hizo parecía iglesia el lugar..
No regreso jamás!",La Casa del Tomahawk,True
2025-10-04 22:07:11.415000+00:00,Hasta 10 min,5.0,5.0,5.0,5,Buena atención y buena comida excelente,La Casa del Tomahawk,True
2024-08-18 18:45:06.569000+00:00,,,,,1,La atención es demasiado lenta… si bien los cortes pueden llevar su tiempo de cocción ni si quiera sirven las bebidas..!! Hay una mesera con una pésima actitud que es la q por lo general sale en el tik tok,La Casa del Tomahawk,True
2024-04-23 00:30:34.486000+00:00,,2.0,1.0,1.0,1,"Definitivamente una de las peores experiencias que pude vivir a la hora de comer!!! Comida fría, pésimo servicio al cliente, se demoran una hora para servir un plato de comida... No vayan nunca a ese lugar, créanme que se van arrepentir como yo en este momento!! COMIDA CARA Y MALA, era la primera vez que iba y me lleve una terrible decepción, sigo esperando que el administrador se comunique conmigo desde el día de ayer para poner mi queja de todo el personal que labora en la sucursal de la Francisco de Orellana!!! Para el colmo me bloquean de su página oficial en INSTAGRAM!!! Que poco profesionales ...",La Casa del Tomahawk,True
2024-01-02 13:20:01.748000+00:00,,4.0,5.0,4.0,4,"La comida  buena, pero la espera es demasiado, entiendo q no te den  cortesías pero ni la entrada q era para la espera se demoraron como 25 min, y no era q nadie te daba una repuesta, la comida si estuvo buena en este caso comí el menú navideño lindo el detalle de los pancitos de pascua individuales",La Casa del Tomahawk,True
2025-08-24 21:49:08.872000+00:00,,5.0,5.0,5.0,5,Buen servicio ✨👍🏻,La Casa del Tomahawk,True
2025-08-10 19:45:59.646000+00:00,Sin espera,5.0,5.0,5.0,5,Excelente ambiente,La Casa del Tomahawk,True
2025-08-12 02:17:25.370000+00:00,,5.0,5.0,4.0,5,La comida es buena la recomiendo solo que el servicio es un poco lento el paraqueadero aves es esta lleno y no hay donde parquearse,La Casa del Tomahawk,True
2023-09-22 16:51:56.988000+00:00,,3.0,1.0,4.0,2,"Aproveché para ir a visitarlos un jueves, donde tenían la promoción de alitas, sin embargo, al querer cumplir la demanda de pedidos cometen un error al bajar la calidad de sus productos, pues las alitas fueron preparadas a la maldita sea y estaban raras (más que nada por la harina). El servicio de parte de sus empleados fue bueno, pero también se evidencia que el personal queda corto con la alta demanda.

Por otro lado, en caso de que vayan con carro y no encuentren parqueo en el parqueadero que está a lado del local, vayan a otro lado. Sufrí un robo a mi carro, le rompieron el vidrio y ninguna de las personas que estaba en el exterior del local vio nada. Pésimo lugar para parquear mucho más por cómo está la ciudad. Es mejor prevenir antes que lamentar.",La Casa del Tomahawk,True
2023-01-27 01:58:53.498000+00:00,,3.0,4.0,2.0,5,"Muy buena opción si te quieres llenar con la promo de 24 alitas por 11'50$ , para dos personas va muy bien, incluso 3, el precio lo vale, en las bebidas tenía buen sabor pero pueden mejorar, igual con la atención al cliente. Las alitas vienen con mucha carne y la salsas (bbq y teriyaqui) muy ricas uwu.",La Casa del Tomahawk,True
2023-10-07 04:03:12.201000+00:00,,1.0,1.0,1.0,1,"No son buenas las alitas para el costo que tienen, la mesera que nos atendió empezó a preguntarle a los otros cuando termina la promoción de alas para que deje de venir tanta gente y por último no dejan ni servilletas en las mesas que hayq UE estar rogando que nos ayuden con algo para linpiarnos",La Casa del Tomahawk,True
2026-03-01 22:12:05.858000+00:00,,5.0,5.0,5.0,5,Muy buena sazon,La Casa del Tomahawk,True
2026-03-21 22:05:03.492000+00:00,,5.0,5.0,5.0,5,Muy buena experiencia,La Casa del Tomahawk,True
2023-09-04 03:12:34.953000+00:00,,2.0,1.0,2.0,2,Terrible comida demora una eternidad y cuando llega a la mesa llega fría y mal asada fui a este lugar con muchas expectativas pero le quedo grande por último no había lo que ofrecen pésimo y para terminar de amolar la situación no te traen lo que pides por que se confunden con las ordenes el pobre del mesero a cada rato dice perdón eso no hay por el momento no vuelvo más,La Casa del Tomahawk,True
2021-12-24 03:25:20.594000+00:00,,,,,4,"La comida muy rica pero debió ser por la fecha estaba muy lleno por lo que nos tocó esperar mucho tiempo a que nos tomen el pedido, servir la entrada luego el plato fuerte y hasta la cuenta, quizás en fechas especiales deberían tener más personal para agilizar las ordenes.",La Casa del Tomahawk,True
2023-03-13 02:08:09.899000+00:00,,,,,1,"Estuve con mi familia y no tuve la suerte de ser atendido aclaro que no estuvo lleno el local y llamé para que me tomen el pedido y no se acercaron, lamentablemente tuvimos que salir del restaurante y otras familias más vi que se marchaban por que no tuvimos atención del personal. Le doy una estrella por que no me deja publicar sin ella.",La Casa del Tomahawk,True
2025-09-30 23:22:10.751000+00:00,De 10 a 30 min,5.0,5.0,5.0,5,Delicioso todo y la atención excelente!,La Casa del Tomahawk,True
2021-04-07 15:40:00.617000+00:00,,,,,5,Comida deliciosa y la atención excelente,La Casa del Tomahawk,True
2025-08-11 02:33:36.047000+00:00,,5.0,5.0,5.0,5,"Todo bonito, bello bello
Pdta: mi marido hizo un reguero 🤦🏻‍♀️ pero dejó propina jajajaja",La Casa del Tomahawk,True
2023-05-28 06:17:51.997000+00:00,,3.0,4.0,4.0,3,"Excelente comida, deberían mejorar la limpieza de los baños, el tacho de la basura debe ser más grande y cambiar varias veces al día según se vaya llenando el tacho que queda en el lavamanos porque se repleta y se riegan los papeles, asimismo que haya jabón en el dispensador.",La Casa del Tomahawk,True
2024-05-19 01:58:45.494000+00:00,,5.0,4.0,5.0,4,"La comida es muy buena, el ambiente es familiar y perfecto para cumpleaños, las hamburguesas, el Tomahawk son deliciosos, pero los precios son algo elevados para la cantidad de comida que sirven, como por ejemplo los moros y el arróz con choclo. Lo recomiendo",La Casa del Tomahawk,True
2025-10-13 02:44:38.194000+00:00,Hasta 10 min,5.0,5.0,5.0,5,Fueron muy amables a la hora de atender el tiempo de esperar adecuado,La Casa del Tomahawk,True
2022-03-20 23:35:28.576000+00:00,,,,,1,"Instalaciones visiblemente descuidadas. Respecto al moro, hay que sugerirles que el tradicional y verdadero moro de lentejas, no es una masa melosa. Personal atento, presto y bien educado, la crítica va directo al flojísimo desempeño de la administración",La Casa del Tomahawk,True
2023-02-25 13:18:44.119000+00:00,,,,,1,"Fui a la promoción de alitas el 23 de febrero en el local de la orellana y desde que me tomaron la orden pasó 40 minutos y no me servían, tuve que preguntar para que me sirvan, las alitas a mi criterio hay mejores en otros lugares, tenían un olor fuerte desagradable y según mi criterio era como que las habían calentado en microondas, no las sentí frescas. Por último pago con tarjeta de débito y me realizan doble cobro.   Lugar que no vuelvo nunca más, como dicen lo barato sale caro.",La Casa del Tomahawk,True
2024-04-25 18:20:25.667000+00:00,,,,,5,"Excelente atención, fui con mi amiga a celebrar su cumpleaños en el local de Urdesa y todos sus trabajadores se portaron de lo mejor, le cantaron el cumpleaños y la comida muy rica, a buenos precios, lo recomiendo, me encantó 🥰",La Casa del Tomahawk,True
2025-09-26 00:24:38.572000+00:00,Sin espera,5.0,5.0,5.0,5,Todo muy lindo,La Casa del Tomahawk,True
2021-09-28 23:59:39.769000+00:00,,,,,5,Mejor lugar para comer un buen corte de 🥩,La Casa del Tomahawk,True
2021-12-24 01:24:36.513000+00:00,,,,,3,"La comida rica, pero la atención deja mucho que desear, lento el servicio y descuidado el mesero, aparte de que no tenían disponibilidad de algunos platos y ninguno de los Shakes. Los postres llegaron muy tarde. Primera vez que voy y no volvería a ir.",La Casa del Tomahawk,True
2022-10-21 15:27:20.241000+00:00,,,,,1,"Pésima atención para pedir a domicilio, primero quisimos pasar recogiendo la orden y no nos aceptaron, teníamos que estar físicamente en el local para pedir y llevarnos la orden. Luego optamos por pedir a domicilio y no nos respondieron los mensajes de texto  luego llamamos y de forma grosera y altanera nos dijeron que no nos despacharon porque hubo confusión en la orden sin ni siquiera habernos respondido los mensajes  (por ese medio nos solicitaron hacer el pedido). Encima mas es caro y un servicio pobre. Local del centenario",La Casa del Tomahawk,True
2024-07-21 22:40:28.457000+00:00,,5.0,5.0,5.0,5,La comida muy rica y la atención de primera.,La Casa del Tomahawk,True
2021-07-08 23:14:19.435000+00:00,,,,,3,La atención excelente... el lugar muy agradable y buen ambiente... pero la comida no fue muy buena.. las carnes muy duras(a pesar que estaban bien cocinadas ) en general 🤕  🤷🏻‍♂️,La Casa del Tomahawk,True
2023-05-28 22:15:50.221000+00:00,,,,,1,"La casa de Tomahawks me dió una mala impresión desde el inicio, el mal olor de las alcantarillas llega hasta la puerta al momento de entrar, no los culpo porque eso no es culpa de ellos. La comida estuvo bueno pero fue una espera larga y más larga fue el momento de pagar, al ser un grupo grande (cerca de 30 personas) se supone que las personas que tienen que atender son varias pero no, era una o dos chicas atendiendo mientras se mezclaban pedidos y se chocaban con clientes porque el espacio es reducido. Al final no sabían que pedido era de quién y parecía que no escuchaban los reclamos de facturas incompletas cobrandole a la persona que no era ya que estaban más ocupadas recogiendo bebidas del refigerador cuya puerta estaba justamente atrás de dónde se hace la columna en caja. Atención pésima, ambiente mediocre, desorganización terrible, la única estrella se la doy porque la comida estaba buena pero por su precio tampoco lo valía, si pudiera poner media estrella lo haría. En fin, no es un lugar al que volvería en lo que me queda de vida.",La Casa del Tomahawk,True
2020-02-06 01:13:27.541000+00:00,,,,,4,"La carne buen sabor, sin embargo creo que un restaurante que se especializa en carnes debe tener un chimichurri a la altura, el chimichurri es picado...no licuado y no tiene los ingredientes correctos, deben mejorarlo. La atención buena a pesar de confundir los términos de cocción entre el corte que pedí yo y el que pidió mi esposa, habrá que darles otra oportunidad",La Casa del Tomahawk,True
2024-08-05 02:34:52.052000+00:00,,5.0,5.0,5.0,5,"Muy excelente todo, me agrado la atención y la comida es muy deliciosa ✨",La Casa del Tomahawk,True
2024-02-29 19:22:25.180000+00:00,,5.0,5.0,5.0,5,"Comida realmente fresca ,sabrosa excelente servicio soy fans con mis compañeros de trabajo
Gracias por el grato momento de ayer lo mejor de mi cumpleaños",La Casa del Tomahawk,True
2025-04-19 22:38:38.678000+00:00,,2.0,2.0,2.0,2,"Llegué con mi familia, esperaba que la toma del pedido sea rápida pero pasaron 10 minutos y nadie se acercó.

Nos fuimos",La Casa del Tomahawk,True
2024-06-06 20:43:41.056000+00:00,,5.0,5.0,5.0,5,"Todo excelente, sobre todo la atención, la comida muy rica, recomendado solicitar la atención de la señora María Luisa, y el plato de 24 alitas salsa bbq y honney moztar.",La Casa del Tomahawk,True
2025-10-13 00:42:19.027000+00:00,,5.0,5.0,5.0,5,Muy rico todo y la atención excelente,La Casa del Tomahawk,True
2022-09-09 03:02:12.607000+00:00,,,,,2,"Demasiada gente esperando, no tienen capacidad para abastecer la demanda especialmente los jueves donde ofrecen promociones, no contestan los mensajes de ws, los pedidos por teléfono no están listos en el tiempo estimado, las personas se retiran sin comer y otras se van con pedidos incompletos o cambiados. Es una lástima, pueden organizarse mejor!",La Casa del Tomahawk,True
2021-02-26 16:33:05.298000+00:00,,,,,5,Deliciosa. Y lugar amplio. Bueno por el distanciamiento. Los precios los platos mas caros de 24 a 30 dolares. Hay moros con carnes por 8.00 porcion razonable,La Casa del Tomahawk,True
2026-03-01 21:27:18.124000+00:00,,5.0,5.0,5.0,5,Las alitas 100% recomendadas,La Casa del Tomahawk,True
2025-08-21 03:56:15.215000+00:00,,4.0,5.0,,5,Excelente lugar para disfrutar d alimentación y buen ambiente,La Casa del Tomahawk,True
2023-10-16 01:52:14.703000+00:00,,5.0,4.0,4.0,4,"Ambiente agradable, comida  muy buena pero porciones muy pequeñas, cuando el lugar está medianamente lleno el servicio se vuelve lento",La Casa del Tomahawk,True
2025-08-27 00:33:40.165000+00:00,Hasta 10 min,5.0,5.0,5.0,5,"Un lugar acogedor, excelente atención, un excelente trato de parte del personal,",La Casa del Tomahawk,True
2023-01-06 12:40:52.602000+00:00,,4.0,3.0,1.0,3,"Con un grupo de amigos fuimos a los jueves de alitas los cuales estaban espectaculares pero asimismo pedimos una parrillada la cual estaba fatal,carnes sin sabor y parecia que era guardada y lo que me impacto mas fue el pesimo servicio nunca nos sirvieron completo en la mesa (utensilios, salsas) por mas que le pedimos algunas veces a la mesera nunca se aparecio sino hasta el final cuando ibamos a pagar y luego 30 minutos para una cuenta fatal sinceramente el servicio",La Casa del Tomahawk,True
2024-01-19 03:05:57.646000+00:00,,1.0,1.0,1.0,1,"Pésima atención
No atienden por orden de llegada
Una hora para 3 güitigs y otra media hora para una orden de alitas que vinieron frias e insípidas al igual q la porción de papas y una salsa de queso que parecía agua
Nunca más vuelvo a este lugar ni lo recomiendo
Posdata: Todo el personal con mala cara",La Casa del Tomahawk,True
2025-06-02 00:14:04.847000+00:00,,,,,1,"Llevo media hora aquí y ni siquiera me dan el menú, cuando me atiendan les califico.",La Casa del Tomahawk,True
2024-03-01 01:41:30.679000+00:00,,5.0,5.0,5.0,5,"Un excelente lugar para pasar en familia, disfrutar de un buen ambiente y comer rico.
100% recomendado",La Casa del Tomahawk,True
2023-07-09 05:54:39.855000+00:00,,1.0,4.0,1.0,2,"La comida estuvo muy buena , la atención pésima ,fui con mi hija , pedimos una mini parrilla más una porción de papas fritas y 2 limonadas naturales., servicio muy lento para la cantidad de personal que tienen , mucho personal en cocina ninguno atendiendo, para recoger el pedido 25 minutos ,al cobrar ,me llegó el mensaje de cobro x la tarjeta y hasta que llegaron con el voucher 15 minutos,debido a mi insistencia,resumen ,comida muy buena ,sin llegar a ser excelente,sitio sobrio pero le falta decoración, música excesivamente alta para ser un restaurante, atención del personal,súper deficiente,llegando a pésimo",La Casa del Tomahawk,True
2023-11-27 21:14:27.155000+00:00,,,,,3,La verdad precios demasiados costosos para el sitio. Las porciones te las describen al peso. Con lo que gastas ahí y no siendo nada novedoso come tu familia de 15 días a un mes. 🚨 🚨,La Casa del Tomahawk,True
2022-12-21 02:51:38.422000+00:00,,,,,1,"MIS AMIGOS Y YO TUVIMOS QUE ESPERAR UNA HORA PARA QUE NOS SIRVAN LA COMIDA. Nos dieron papas de cortesía, pero despues a un compañero avisaron tarde que no habia el plato que pidió. Otra media hora de espera… NO volveremos más",La Casa del Tomahawk,True
2025-08-17 01:27:35.421000+00:00,Sin espera,5.0,5.0,5.0,5,Muy rico y buena atención,La Casa del Tomahawk,True
2021-10-23 06:39:36.619000+00:00,,,,,5,"La comida excelente, todo muy delicioso, la atención muy buena, tal vez los precios sean un poco elevados pero lo vale, volvería a ir sin dudarlo.",La Casa del Tomahawk,True
2024-06-10 00:01:32.024000+00:00,,1.0,1.0,1.0,1,"Pedi una picanha. 22 usd.
Me trajeron una carne sancochada y cualquier cosa menos un corte a la parrilla.

La picanha debe saber a carne no a mantequilla y aliños raros y salados.

Las alitas? Otro cuento. Malas.

No regalen su dinero",La Casa del Tomahawk,True
2022-08-21 21:12:50.891000+00:00,,,,,2,"No llenó mis expectativas la carne del tomahawk sabía a una carne con sal la salsa Jack Daniel no tenía se secó las costillas de cerdo tenía un sabor no agradable, la hamburguesa demasiado pequeña lo que me gustó fue las alitas mejor hubiera pedido eso, la atención al cliente muy buena por parte de la mesera.",La Casa del Tomahawk,True
2021-07-30 20:41:48.454000+00:00,,,,,3,"Me pareció muy rico el plato, pero hay detalles que hacen diferencias. En primer lugar nunca pedí que me cortarán el tomahawk. Eso me pareció muy raro. El exceso de grasa en el corte y lo sucio de la parrilla que se sentía en lo quemado de los costados.",La Casa del Tomahawk,True
2023-10-25 04:17:07.052000+00:00,,4.0,5.0,4.0,4,"Aceptable el servicio al cliente, el lugar cuenta con garaje incluído pero pagado.

Platos a la carta, pollo asado, yuquitas asadas, parrillada herrero, lomo fino herrero, en fin diversidad de preparados riquísimos.",La Casa del Tomahawk,True
2023-05-30 02:17:12.054000+00:00,,5.0,5.0,5.0,5,Excelente opciones de platos para compartir,La Casa del Tomahawk,True
2024-06-20 22:27:30.430000+00:00,,5.0,3.0,1.0,1,"Buena la comida , pésimo servicio , no lo recomiendo se demoran mucho en servir los platos , peor en cobrar media hora más y a parte mal la factura.",La Casa del Tomahawk,True
2023-03-14 03:49:17.051000+00:00,,5.0,2.0,2.0,2,"El ambiente es muy bueno, los empleados muy amables, pero pedimos lo que se supone es la especialidad (tomahawk) que supuestamente descansa sobre patacones y vino con *un solo patacon* sin nombrar que faltó la morcilla y vegetales salteados, tambien que literalmente el pedazo de carne de res que  mi pareja y yo pedimos bien cocinado lo trajeron ROJO parecia q iba a revivir. (Me dio ganas de vomitar)
Cuando pedí q me pongan lo faltante solo pusieron una salchicha reemplazando la morcilla y patacones, no los vegetales
Espero que esta noche haya sido la única que atendieron así de mal, porque no se volvería a comer ahí.
El moro que pedimos se demoró full.
Y recalco que entendería si el lugar hubiera estado lleno... pero ese no era el caso.",La Casa del Tomahawk,True
2021-05-09 18:40:34.997000+00:00,,,,,1,"Pesimo y desastroso son las palabras que eligiria para calificar la comida, pedí a domicilio no llegaron las bebidas, se equivocaron con parte de mi orden (no me llego la ensalada). Las salsas y el moro mal sellado y se habian derramado, la carne super dura (se supone que era lomo) y por si fuera poco las salchichas rancias terriblemente decepcionada nunca más vuelvo a pedir",La Casa del Tomahawk,True
2020-09-19 02:14:18.489000+00:00,,,,,5,Excelentes cortes. Muy buena atención,La Casa del Tomahawk,True
2024-04-06 23:02:34.682000+00:00,,5.0,5.0,5.0,5,"Es un excelente lugar y tiene muy buena atención, la comida es muy deliciosa.",La Casa del Tomahawk,True
2024-04-08 18:30:18.759000+00:00,,5.0,5.0,5.0,5,"Excelente atención, buena comida recomendado 😊",La Casa del Tomahawk,True
2023-03-05 17:13:30.093000+00:00,,3.0,3.0,1.0,1,"El servicio muy demorado hasta para las entradas, La parrillada fría, primero te dan la parrillada y después de media hora o más te sirven las guarniciones y eso haciéndole acuerdo a la mesera que las traiga tuvimos que comer solo carnes primero porque no traían los moros y de tanto esperar morimos de hambre nos terminábamos los frosen y no traían aún la comida porque los servían primero y se derretian, las parrillada las sirven sin ninguna salsa ni mayonesa nada el servicio era tan demorado hasta el punto que nos terminamos la parrilla y no traían aún el moro que tuvimos que anular ese pedido porque no había con que acompañarlo si ya no había carnes, la mesera se le llevó un vaso de limonada a mi hermana sin preguntarle si se lo podía lleva solo por recojer los platos rápido y la limonada por la mitad eso y otros detalles pésimo servicio y eso que escoji ese lugar porque me los recomendaron y justo quería probarlo el día de mi cumpleaños lleve. Toda mi familia pero salieron decepcionados 🙄 no vuelvo mas al menos al de la Francisco de Orellana",La Casa del Tomahawk,True
2021-03-05 04:42:15.694000+00:00,,,,,5,"Muy buena atención, bonito ambiente y rica comida",La Casa del Tomahawk,True
2023-09-29 22:38:52.843000+00:00,,4.0,5.0,5.0,5,"Rica comida.
Excelente servicio de parte de los que se quieren ganar su propina ;v.
El ambiente es bonito, lo turripley es cuando juega el clásico, ahí hazte la idea de que habrá haaaarrrrto relajo y bullicio ;v",La Casa del Tomahawk,True
2024-08-23 22:19:42.678000+00:00,,5.0,5.0,5.0,5,Muy agradable la atención y deliciosa la comida pedi picanha y su fue de acuerdo a mis expectativas,La Casa del Tomahawk,True
2025-09-07 20:12:15.533000+00:00,De 10 a 30 min,5.0,5.0,4.0,5,Tiene muy buenas promociones con un buen precio y el sabores muy bueno,La Casa del Tomahawk,True
2023-11-06 22:09:46.592000+00:00,,4.0,3.0,3.0,4,Muy buena atención. Me gustó la comida es muy rica,La Casa del Tomahawk,True
2022-05-29 04:19:05.331000+00:00,,,,,2,"Realice un pedido , el moro está bien . Quien le gusta tipo meloso, la chuleta que me pedí ( fue la primera vez ) no me arriesgue en probar otro
Plato no me gustó, no tenía un sabor no fresco. No me la comí . El Chimichurri MUY BUENO . Deberían mejorar en ese témase la frescura  .La porción de Patacones no son de verde son casi patacones de maduro pero estuvo bien .  Sin calificar la Chuleta que le doy 0 , lo Demás está regular.",La Casa del Tomahawk,True
2024-06-02 05:09:46.602000+00:00,,5.0,5.0,5.0,5,"Excelente servicio, la calidad de la comida ..... me encanta",La Casa del Tomahawk,True
2022-08-14 04:26:33.587000+00:00,,,,,1,Las papas no son las de antes de seguro cambiaron el chef la sazón de no es igual pedi una hamburguesa de tocino y se olvidaron de ponerme tocino... luego la mesera pidio disculpas y me sirvieron el tocino aparte... osea que mal apartr la michelada una extra picante parecias que se habian pasado de aji y la otra michelada de mi compañiia estaba sin nada de picante y por ultimp pedi mi factura con datos y los datos estan incorrectos que mal la verdad no volveria y peor recomendaria este lugar el cual era uno de mis favoritos,La Casa del Tomahawk,True
2024-07-28 19:43:23.764000+00:00,,5.0,5.0,5.0,5,"Sinceramente es uno de los locales con un ambiente súper cómodo, la comida muy Rica y el servicio agradable 🤗",La Casa del Tomahawk,True
2020-03-08 12:42:19.094000+00:00,,,,,4,La comida muy rica,La Casa del Tomahawk,True
2021-09-02 23:31:31.309000+00:00,,,,,4,"El restaurante esta bien, el día que fuimos había música en vivo, buen cantante, la comida no está mal pero si les gusta el bife consideren que te lo pasan abierto por consiguiente seco, hay parqueo pagado junto al restaurante",La Casa del Tomahawk,True
2022-09-22 14:06:36.595000+00:00,,,,,5,"Excelente atencion y la comida muy buena, recomendadisimo",La Casa del Tomahawk,True
2023-06-22 07:23:27.558000+00:00,,2.0,1.0,2.0,1,Buenas noches el día de ayer miércoles 21de junio fui a cenar y la comida pésima un lomo durísimo sin sabor una costilla toda tiesa sin sabor y la hamburguesa de mi hija simple las papas fatal el arroz sopudo y frío la menestra fría  no lo recomiendo y no volvería a ir..,La Casa del Tomahawk,True
2024-09-16 01:23:35.379000+00:00,,5.0,5.0,5.0,5,Fui con muy pocas expectativas al respecto de su promo de hamburguesas smash pero me terminaron agrandando 8.5/10 muy buenas,La Casa del Tomahawk,True
2023-03-13 03:25:56.245000+00:00,,5.0,5.0,2.0,3,"No me agradó el hecho de que demoraron casi una hora,en traer nuestro pedido y tan lleno el local no estaba,uno procura comprender trajeron mi plato pero luego de otros veinte minutos trajeron el plato para mi pareja,el trato fue amable y cortés,sólo no me agradó la demora.",La Casa del Tomahawk,True
2021-03-26 00:52:09.458000+00:00,,,,,5,Excelente riquísimo y la.atencion expectacular,La Casa del Tomahawk,True
2023-09-23 18:03:52.631000+00:00,,4.0,2.0,3.0,2,"La comida estuvo mala y fría, se tardaron 1 hora en servir mi mesa, el jugo de piña con limón es pésimo y el cerdo crocante no tie nada de sal es simple",La Casa del Tomahawk,True
2020-03-09 04:16:22.179000+00:00,,,,,5,Excelente. Fui por el Tomahawk y pedimos de todo menos su plato insignia. Pedí una hamburguesa con hongos que estaba perfectamente cocinada y venía con papas fritas y una rica salsa. Mi esposa y yo compartimos una ensalada cesar de camarón y una ensalada primavera con carne. Ambas muy ricas y te sirven la salsa de ensalada a parte. Mi niña comió unos chicken fingers que le gustaron también.,La Casa del Tomahawk,True
2024-10-31 02:25:58.597000+00:00,,1.0,1.0,1.0,1,"Pésimo servicio, mis amigos y yo estuvimos esperando casi 2 horas y nunca nos sirvieron la comida.",La Casa del Tomahawk,True
2024-04-12 02:40:12.465000+00:00,,5.0,5.0,5.0,5,Espectacular comida y agradable atencion del personal..,La Casa del Tomahawk,True
2020-01-30 02:37:42.761000+00:00,,,,,5,Estupendo para comer hasta por los codos!,La Casa del Tomahawk,True
2025-08-17 00:08:02.881000+00:00,,5.0,5.0,5.0,5,"Buena comida en general, recomendada la bebida de la casa, la resbaladera",La Casa del Tomahawk,True
2025-08-24 20:09:42.684000+00:00,Hasta 10 min,5.0,5.0,4.0,5,"Muy bonito lugar ,seguro , muy confortable y delicioso comida",La Casa del Tomahawk,True
2021-06-20 23:16:50.572000+00:00,,,,,1,"Pedi para llevar, despues de una larga espera en ksa la ensalada césar pura lechuga crespa picada seca no me llego ninguna salsa $8, la papa al horno q vi en foto parecia tener queso encima pero me decepcione al ver q era cucharadas de mantequilla encima $4, el combo gran mamut lo bueno solo la chuleta el tallarin que le acompaña malo, $18 lo unico q gusto a todos fueron alitas y la chuleta.",La Casa del Tomahawk,True
2023-03-28 05:15:20.807000+00:00,,4.0,4.0,3.0,3,"La atención deja mucho que desear al parecer están cortos de personal en toda área,  estuvimos esperando una hora solo por unas hamburguesas, no era mi prioridad pero tuve que pedir eso, en vista de que no tenían moros ya que quería un asado, supuse que sería algo más rápido pero no...",La Casa del Tomahawk,True
2021-10-02 23:16:34.646000+00:00,,,,,5,"Definitivamente el mejor lugar para comer bien y saludable.

Obviamente si se come un tomahawk y ensalada.

Pero como le conozco usted se va a pedir una papa al horno con salsa de queso, acompañada de una cervecita bien fría.

Y al final le sugiero que deje un espacio para el postre.

Puede pagar con tarjeta.",La Casa del Tomahawk,True
2020-07-17 01:31:46.093000+00:00,,,,,3,"La atención excelente... Muy atentos desde el momento de la reservacion (por tiempos de covid preferí resevar para no esperar largas filas ) pero me lleve una gran decepción cuando el corte que pedí no había sido asado al carbón .... Aunque su sabor era espectacular....pero el solo hecho de querér probar un buen corte asado al carbón y que no sea asi, baja mucho su perspectiva.

Sitio para volver: NO",La Casa del Tomahawk,True
2022-07-10 20:05:22.479000+00:00,,,,,3,"Según se coordinó previamente el lugar reservado para cumpleaños no fue el adecuado.
No se tenía claro las guarniciones que acompañarían los platos fuertes.
La promoción del cumpleañero tampoco se tenía desacuerdo.",La Casa del Tomahawk,True
2023-11-18 15:27:29.318000+00:00,,4.0,4.0,2.0,3,"Pedimos un lomo fino, una costilla clásica, el Tomahawk
El lomo fino no estuvo muy bueno un poco simple.
La costilla clásica estuvo muy rica con el moro recalco que la ensalada estaba rica.
El Tomahawk estuvo bueno.
Una acotación es que los baños de hombre no servía el inodoro.",La Casa del Tomahawk,True
2024-08-27 20:41:30.728000+00:00,,5.0,5.0,5.0,5,Es buena atención.,La Casa del Tomahawk,True
2021-01-05 04:08:33.482000+00:00,,,,,4,"Me encanto el lugar, pedimos el tomahawk res del festival, costillas bbq y estaban muy buenas y jugosas, sin embargo el tomahawk de cerdo groumet estaba completamente seco, los cócteles y demás bebidas buenas igual. El ambiente del local es relajado, deberían bajarle un poquito al volumen de la música.
Las porciones de la comida son bastante grandes lo cual me parece genial porque así una queda satisfecha y va acorde a los precios que tiene el lugar.
Recomendado.",La Casa del Tomahawk,True
2024-07-07 19:17:10.296000+00:00,,5.0,5.0,5.0,5,Excelente lugar sin dudar las alitas del plato inmortal supremo con papas y frozen a la vez super económico y recomendable,La Casa del Tomahawk,True
2024-07-12 20:37:10.728000+00:00,,5.0,5.0,5.0,5,"Excelente lugar para compartir en familia, amigos o pareja, me gustó el nuevo plato ""inmortal""
👌🏻",La Casa del Tomahawk,True
2020-02-16 23:18:02.386000+00:00,,,,,3,"El local bien, tiene parqueo tarifado así que no hay problema por el vehículo, lo malo fue que pedí una picanha bien cocida y me llegó una parte del corte a término medio y pues ahí se quedó, quería un té helado para beber y no tenían, la música de ambiente está bien para los que le guste eso de reggaeton y trap, pero como que las carnes y ese tipo de ""música"" no combinan",La Casa del Tomahawk,True
2023-11-09 17:40:47.837000+00:00,,5.0,5.0,2.0,5,"La comida es riquísima, pero la atención  deja mucho que decir, iniciando por que los chicos no saben seguir bien  un pedido y es muy lenta la entrega",La Casa del Tomahawk,True
2023-08-11 01:58:04.630000+00:00,,2.0,2.0,1.0,2,Pésimo servicio! Se demoran en servir y ni hablar de la persona que tomo la orden. Pésima actitud pésima. Pésima. Fui con ilusión y salí con coraje,La Casa del Tomahawk,True
2024-04-05 03:09:43.878000+00:00,,5.0,5.0,5.0,5,"Mi familia y yo nos sentimos como en casa, la atencion y el sabor de la comida nos gustó mucho.
Sigan asi.",La Casa del Tomahawk,True
2021-11-27 00:13:35.341000+00:00,,,,,5,"La comida estuvo deliciosa ! Y la atención del personal fue excelente, todos fueron muy atentos y las instalaciones muy cómodas también.",La Casa del Tomahawk,True
2022-04-16 19:36:54.930000+00:00,,,,,5,Buena atención... Excelente la variedad del menú y más que todo su sabor,La Casa del Tomahawk,True
2020-12-01 00:16:51.169000+00:00,,,,,3,"Muy buena comida, pero el servicio demora mucho. La mesera que nos atendió se demoró demasiado para darnos la cuenta",La Casa del Tomahawk,True
2023-12-11 06:01:44.801000+00:00,,3.0,3.0,3.0,3,"La verdad, cuando recién iniciaron la comida era bastante buena, pero a medida que fueron siendo más famosos perdieron la calidad, como por ejemplo en las costillas BBQ.",La Casa del Tomahawk,True
2021-05-22 18:03:36.324000+00:00,,,,,3,Yo estuve en el lugar y pedi una Picanha... En el menu salia asada! Me trajeron algo medio hervido y medio al horno! La grass de res estaba cruda! Crudaaaaa! Y demasido caro sus precios!,La Casa del Tomahawk,True
2025-09-05 18:22:35.641000+00:00,Sin espera,5.0,5.0,5.0,5,Muy buena la atención y la comida,La Casa del Tomahawk,True
2024-02-24 12:05:08.853000+00:00,,5.0,5.0,5.0,5,"Un lugar amplio con variedad de precios, un poco más elevado que la media pero relación sabor precio muy buena.",La Casa del Tomahawk,True
2021-08-20 22:33:20.293000+00:00,,,,,5,Muy buena la atención,La Casa del Tomahawk,True
2025-04-27 16:25:07.989000+00:00,,4.0,4.0,4.0,4,Muy bueno,La Casa del Tomahawk,True
2025-08-08 02:08:46.342000+00:00,Hasta 10 min,5.0,5.0,5.0,5,Excelente muy amable edison que nos atendió,La Casa del Tomahawk,True
2024-01-08 17:18:00.152000+00:00,,,,,2,"Para el precio que están establecidos debería ser una buena comida, sin embargo el sabor no es de mi agrado, no lo recomiendo personalmente",La Casa del Tomahawk,True
2021-10-15 10:30:44.211000+00:00,,,,,3,"Buena comida, lindo lugar, excelente atención, pero deberían especificar mejor sus promociones en redes sociales",La Casa del Tomahawk,True
2020-01-24 02:02:03.428000+00:00,,,,,5,Exquisito esta comida,La Casa del Tomahawk,True
2025-06-28 14:02:00.313000+00:00,,4.0,2.0,4.0,3,"Han bajado la calidad de la comida, no viene tan bien cocida como antes",La Casa del Tomahawk,True
2023-08-26 01:49:20.306000+00:00,,5.0,5.0,5.0,4,"Comida buena y acorde lo que cuesta, la única queja es el cuida carros dejé mi carro casi donde termina el puente de la orellana, y viene corriendo el cuida carros pidiéndome $1,le di solo 30 ctvs porque la persona ni siquiera veía mi carro estaba demasiado lejos y se puso a ofensiva, me dañó la noche,",La Casa del Tomahawk,True
2020-01-19 03:48:07.898000+00:00,,,,,3,"Buena atención, pero costosos los platos y la picaña que pedí me dieron dos pedazos pequeños y de paso uno era pura grasa.",La Casa del Tomahawk,True
2020-03-07 11:59:03.326000+00:00,,,,,5,"Buena comida, muy buen lugar par ir con amigos, la atención es de lo mejor.",La Casa del Tomahawk,True
2024-05-25 20:59:20.125000+00:00,,5.0,5.0,5.0,5,Me gusta la comida muy rica,La Casa del Tomahawk,True
2021-01-28 02:14:40.723000+00:00,,,,,5,Muy bueno,La Casa del Tomahawk,True
2023-05-19 06:28:10.079000+00:00,,,,,5,Buen lugar para comer. Delicioso sin duda alguna. Recomendable para competir y pasarla agradable,La Casa del Tomahawk,True
2022-05-31 03:14:25.171000+00:00,,,,,1,"Deberían respetar el horario de atención que tienen en sus redes, Google dice 22:30, IG 23:00 pero fui antes de las 22:00 y nos dicen q ya no atienden!!! Pésima atención porque es el guardia el que te atiende nadie del personal es capaz de acercarse",La Casa del Tomahawk,True
2020-06-27 02:32:42.911000+00:00,,,,,5,"Excelente lugar, muy buena comida.....Súper recomendado",La Casa del Tomahawk,True
2023-09-03 12:33:11.074000+00:00,,5.0,5.0,5.0,5,"La comida muy buena y su ambiente cordial, se puede degustar en plato sin complicaciones, lo recomiendo",La Casa del Tomahawk,True
2021-09-22 04:32:56.711000+00:00,,,,,5,Excelente atención! Muy buen personal.. y la comida riquísima..  gracias!! Vale cada centavo pagado,La Casa del Tomahawk,True
2021-09-01 05:14:43.459000+00:00,,,,,5,Excelente ambiente buena atención muy buen sabor...,La Casa del Tomahawk,True
2025-10-10 02:00:47.633000+00:00,De 10 a 30 min,5.0,5.0,5.0,5,Muy buen lugar y buenas promos,La Casa del Tomahawk,True
2024-03-06 22:10:50.545000+00:00,,5.0,5.0,5.0,5,"Excelente comida y amabilidad, además la música le da un 100/10 al entorno",La Casa del Tomahawk,True
2025-08-15 20:49:21.934000+00:00,De 10 a 30 min,5.0,5.0,4.0,5,Muy buena atención y ambiente,La Casa del Tomahawk,True
2023-05-30 21:54:39.134000+00:00,,4.0,5.0,4.0,5,hay que ir temprano porque te toca hacer filas largas porque obvio su comida es muy rica en pareja se gasta mínimo 25$ bien comidos todo rico me encanta el moro que ellos hacen,La Casa del Tomahawk,True
2024-09-12 03:29:30.650000+00:00,,5.0,5.0,5.0,5,Súper bien! La comida exquisita y la atención del María Luisa excelente,La Casa del Tomahawk,True
2021-06-20 22:52:55.086000+00:00,,,,,1,"Pésimo , lo único tal vez bueno fue la carne , la ensalada toda seca ni siquiera un aderezo , la papá cocinada que se ve en el menú pésimo , tenía pues mantequilla arriba nada más , pensé que era una salsa de queso , mala atención espere una hora casi.",La Casa del Tomahawk,True
2020-12-03 19:36:18.678000+00:00,,,,,5,"Solo pido para llevar (pandemia 2020), pero se nota q el sitio es excelente y lo q llevo siempre resulta riquísimo, su vecino de junto (mismo dueño) también merece unas 5 estrellas",La Casa del Tomahawk,True
2023-07-11 00:59:05.382000+00:00,,2.0,1.0,1.0,1,Mala comida. Quizás se esmeren en mejores platos. Fui en grupo y pedimos parrillada pero no es acorde a lo promocionado.  No volvería.,La Casa del Tomahawk,True
2022-10-09 06:54:29.034000+00:00,,,,,5,"Me quedé encantada de este lugar tienen unas alitas deliciosas y las salsas ni sé diga , todo en su punto y los precios insuperables q increíble les recomiendo",La Casa del Tomahawk,True
2024-05-14 01:29:55.342000+00:00,,,,,1,La comida cara he comido en otro lado al cuenta total allí le suman el 15% pero aki a la comida x separado cobran el 15% y a la cuenta total otra vez te cobran el 15 % no me gustó,La Casa del Tomahawk,True
2023-09-06 21:18:30.975000+00:00,,,,,5,"Personal muy atento y amable, la comida miu rica.",La Casa del Tomahawk,True
2025-08-26 20:29:27.669000+00:00,Hasta 10 min,5.0,5.0,5.0,5,"Atención oportuno,comida muy buena",La Casa del Tomahawk,True
2022-04-30 22:26:41.014000+00:00,,,,,5,El servicio al cliente y la comida muy buena.. pido que verifiquen el funcionamiento de inodoros y les den mantenimiento .. así mismo que se dé más aseo al baño,La Casa del Tomahawk,True
2021-06-01 03:14:29.567000+00:00,,,,,5,Excelente servicio sabor único en cada bocado a quien le guste las carnes debería ir sin dudar,La Casa del Tomahawk,True
2025-06-19 02:45:08.338000+00:00,Hasta 10 min,5.0,5.0,5.0,5,Excelente servicio bonito detalle que tuvieron con mi niño,La Casa del Tomahawk,True
2022-12-22 01:38:59.155000+00:00,,4.0,5.0,3.0,5,"Fui para la cena de navidad. Los cócteles maravillosos y los cortes de carnes muy sabrosos, suele llenarse así que sería una buena opcion reservar con tiempo",La Casa del Tomahawk,True
2025-01-18 01:26:49.379000+00:00,,5.0,5.0,5.0,5,Calidad en todo.,La Casa del Tomahawk,True
2023-01-17 19:27:50.302000+00:00,,,,,5,"Lugar de comida especializado en asados. La parrillada triple muy recomendada. Tranquilamente pueden comer 4 personas. Lugar muy ameno, limpio y seguro.",La Casa del Tomahawk,True
2022-11-13 03:23:18.691000+00:00,,3.0,4.0,3.0,3,"La comida es buena, lo único que si es molesto, es que solo puedes elegir entre refrescos de la marca Pepsi y relacionados, esa fue la razón por la que habíamos dejado de ir y pedíamos solo a domicilio,  volvimos a ir pensando que ya habían superado esa limitación pero no es así,  es una pena.",La Casa del Tomahawk,True
2024-07-27 01:59:39.376000+00:00,,5.0,5.0,5.0,5,"Buena comida y atencion, nos recomendaron el Blue Passion y estuvo delicioso",La Casa del Tomahawk,True
2021-12-21 01:24:09.430000+00:00,,,,,5,"Un lugar agradable, muy trajinado, buena comida, pero eso sí, reserva con anticipación , para la familia, los amigos",La Casa del Tomahawk,True
2020-02-16 23:50:45.131000+00:00,,,,,5,Bonito lugar y buenos platos,La Casa del Tomahawk,True
2021-12-16 02:08:49.493000+00:00,,,,,2,"Una muy mala experiencia, la atención y calidad dejó mucho que desear.
El local muy bonito y un ambiente agradable.",La Casa del Tomahawk,True
2023-12-17 23:24:02.652000+00:00,,1.0,1.0,1.0,1,"Pésimo servicio, tuve que irme primero xq demoraron en tomarme el pedido y después demoraron en traer la comida más de 50 minutos, más de una hora esperando",La Casa del Tomahawk,True
2021-03-05 04:32:21.936000+00:00,,,,,2,"Buena atención,  lugar acogedor, protocolo de Bioseguridad, bueno. pero no saben cocinar la carne a buen termino.  Precios un poco elevados. Las bebidas y cócteles , recomendados .",La Casa del Tomahawk,True
2025-09-19 01:26:57.035000+00:00,Hasta 10 min,5.0,5.0,5.0,5,"Buen servicio, mucho respeto y audacia.",La Casa del Tomahawk,True
2024-08-23 22:45:55.079000+00:00,,5.0,5.0,5.0,5,Deliciosos cócteles!! Atención de primera de la Salonera : María Luisa Sanabria y buen ambiente.,La Casa del Tomahawk,True
2020-08-16 13:15:13.108000+00:00,,,,,5,"Excelente servicio, excelente comida",La Casa del Tomahawk,True
2025-08-25 23:08:00.635000+00:00,Sin espera,,,,5,Exelente atención regresaría muchas veces,La Casa del Tomahawk,True
2021-01-25 01:39:49.516000+00:00,,,,,3,"Cobran extra el servicio y no es la atención perfecta.
Y los precios no son bajos como para pagar extra otro valor.
En sabor sí es muy bueno",La Casa del Tomahawk,True
2026-03-01 21:14:08.765000+00:00,,5.0,5.0,5.0,5,Muy buenas las alitas,La Casa del Tomahawk,True
2021-09-13 18:50:51.086000+00:00,,,,,5,"Buena atención, comida muy rica mis hijas disfrutan mucho cada vez que vamos a comer",La Casa del Tomahawk,True
2024-06-06 20:03:38.021000+00:00,,5.0,5.0,5.0,5,"La mejor de las experiencias en carnes, excelente servicio, increíble ambiente. Y no es nada costoso .",La Casa del Tomahawk,True
2024-04-05 03:04:29.907000+00:00,,5.0,5.0,5.0,5,"Excelente servicio ,me gustó la rapidez con la que me entregaron mi pedido. Volvere pronto.",La Casa del Tomahawk,True
2020-09-09 02:38:36.843000+00:00,,,,,2,Plato básico $9 en adelante. Prefería gastar eso en Grill frente a Mall del Sol. Y si quería algo igual pero a menor precio y mejor calidad preferible Chelin en el Sur cerca del Hospital Alcivar,La Casa del Tomahawk,True
2022-07-07 01:26:47.176000+00:00,,,,,5,Excelente atención y la comida muy rica,La Casa del Tomahawk,True
2021-12-19 19:29:56.497000+00:00,,,,,2,"Demoran mucho en llevar la orden a tu mesa, el sabor de las carnes deja mucho que desear para el valor por el cual estás pagando, tenía altas espectativas del lugar pero sin duda no lo recomendaría.",La Casa del Tomahawk,True
2025-08-08 19:16:36.479000+00:00,Sin espera,5.0,4.0,5.0,4,Muy buena atención,La Casa del Tomahawk,True
2023-02-14 21:07:21.670000+00:00,,4.0,4.0,4.0,4,"Excelente comida, preparación y atención, recomendado",La Casa del Tomahawk,True
2025-11-03 18:57:52.486000+00:00,Más de 1 hora,2.0,1.0,1.0,1,Las alitas super grasosas y el servicio más de una hora esperando,La Casa del Tomahawk,True
2022-04-08 01:24:36.125000+00:00,,,,,5,"La atencion falta mas atencion ..
Espero que al comer pueda disfrutar
De la comida que pedi para llevar.
No hay muchas personas ..
Ademas se estan demorando con lo que pedi",La Casa del Tomahawk,True
2023-12-07 21:40:04.351000+00:00,,5.0,5.0,5.0,5,Simplemente delicioso 😁,La Casa del Tomahawk,True
2020-09-17 05:17:46.261000+00:00,,,,,4,"Es un lugar. Donde solo tu puedes vivir ti experiencia inolvidable, atención de primera. Comida para chuparse los dedos. Resumen todo excelente!",La Casa del Tomahawk,True
2024-03-08 01:47:31.809000+00:00,,5.0,5.0,5.0,5,"Excelente atención
Excelente comida, excelente ambiente 10/10",La Casa del Tomahawk,True
2024-08-13 03:13:40.542000+00:00,,5.0,5.0,5.0,5,"Todo excelente!!! Cócteles, parrillada.. pero hay que MEJORAR con la porción de patacones.",La Casa del Tomahawk,True
2021-01-13 12:02:04.872000+00:00,,,,,3,"El lugar está muy bien .. pero no me pareció tan buena su comida , para el valor que tiene !",La Casa del Tomahawk,True
2022-02-21 03:55:00.279000+00:00,,,,,5,Me encantó. La comida y la atención. Recomendacion,La Casa del Tomahawk,True
2024-09-12 23:50:38.042000+00:00,,5.0,5.0,5.0,5,"Muy excelente servicio... Muchas gracias Jessenia Querales
Aaahh debería ser cantante... jjj",La Casa del Tomahawk,True
2021-12-13 05:32:18.928000+00:00,,,,,1,"Corte de carne sin especias sin sal y no estuvo al agrado de mi gusto y la cocción no fue la adecuada al que pedí, orita convalido  xon otros comentarios que los cortes de carnes no son especiales ni con sal, no fui el único que a recibido un plato de proteínas sin sal",La Casa del Tomahawk,True
2023-12-03 04:15:49.122000+00:00,,3.0,2.0,1.0,1,"Pésimo servicio, se demora más de 1h en entregar el pedido, no hay lo que ofrecen. En fin no pierdan su tiempo ni dinero.",La Casa del Tomahawk,True
2022-10-17 12:11:31.250000+00:00,,5.0,5.0,5.0,5,Muy buena la comida y atención,La Casa del Tomahawk,True
2024-08-03 02:39:57.655000+00:00,,5.0,5.0,5.0,5,Muy buena la experiencia excelentes alitas con sus acompañantes y la atención de primera,La Casa del Tomahawk,True
2024-01-19 02:36:56.024000+00:00,,2.0,1.0,1.0,1,"Súper mal educadas las chicas de la sucursal de la Francisco de Orellana, desatentas, no habían puesto nuestra orden en curso, simplemente pésimo.
No se los recomiendo",La Casa del Tomahawk,True
2024-07-28 19:43:11.067000+00:00,,5.0,5.0,5.0,5,"El combo del inmortal es el combo perfecto para compartir en compañía de amigos, muy buena la comida y excelente servicio 👌🏻",La Casa del Tomahawk,True
2026-02-15 03:10:04.273000+00:00,De 10 a 30 min,5.0,5.0,5.0,5,Muy Buen,La Casa del Tomahawk,True
2020-11-12 04:34:38.221000+00:00,,,,,4,Comida muy buena que vale la pena de vez en cuando visitar este lugar,La Casa del Tomahawk,True
2022-01-06 18:28:03.161000+00:00,,,,,5,Excelente atención y muy deliciosa comida,La Casa del Tomahawk,True
2021-03-27 18:25:56.857000+00:00,,,,,4,Excelente lugar. Comida Muy Buena,La Casa del Tomahawk,True
2024-12-26 23:23:51.112000+00:00,,3.0,4.0,3.0,3,La atención demorada. En mi experiencia ordené ordena las bebidas y se olvidaron,La Casa del Tomahawk,True
2025-08-18 01:28:22.476000+00:00,Sin espera,5.0,5.0,5.0,5,"Muy bien atendiendo, excelente servicio",La Casa del Tomahawk,True
2025-09-01 01:15:11.441000+00:00,De 10 a 30 min,,5.0,,5,Excelente,La Casa del Tomahawk,True
2024-03-08 21:53:06.154000+00:00,,5.0,5.0,5.0,5,"Ambiente acojedor,excelente servicio y la comida es riquísima 😃",La Casa del Tomahawk,True
2023-01-13 02:00:07.877000+00:00,,,,,1,"Pésimo servicio, esperar más de 1 hora y media para que te den una orden para llevar, es una locuraaa el tiempo de espera y nadie da una solución simplemente se acerca diciendo “en 5 minutos sale su orden”, solo me queda decir NUNCA MAS VENGO A ESTE LUGAR",La Casa del Tomahawk,True
2022-08-26 02:53:47.432000+00:00,,,,,1,"Pésimo servicio, capaciten a sus empleados de como atender al cliente.
Mala organización en pedido para despachar .
Linda noche",La Casa del Tomahawk,True
2022-01-11 16:36:00.252000+00:00,,,,,5,"Excelente sitio para comer con una buena sazón, los cortes de carne con una calidad muy alta.",La Casa del Tomahawk,True
2023-09-28 17:30:27.101000+00:00,,3.0,3.0,5.0,3,"Creo q fui en mal día, el local estaba lleno full bulla y espere más de 1 hora por mi comida",La Casa del Tomahawk,True
2022-12-01 15:39:08.696000+00:00,,5.0,,,4,"Me gustó el lugar, pero lo triste que no atienden a tan tarde y tuve que irme a otro lugar, pero me recomendaron y el lugar muy acogedor trataré de ir más temprano para probar sus delicias",La Casa del Tomahawk,True
2022-01-18 13:38:10.657000+00:00,,,,,5,Super rica la comida y excelente atención,La Casa del Tomahawk,True
2020-10-27 12:54:42.983000+00:00,,,,,5,Buen lugar y la comida muy buena recomendado,La Casa del Tomahawk,True
2023-04-15 05:36:52.622000+00:00,,4.0,4.0,4.0,4,"La comida es buena, ideal si no quieres gastar mucho pero tampoco quieres comer cualquier cosa",La Casa del Tomahawk,True
2021-01-17 04:46:37.468000+00:00,,,,,3,Muy bueno.. Había música en vivo.. Aunque a la atención de las meseras le faltó un poco,La Casa del Tomahawk,True
2020-01-24 05:28:34.528000+00:00,,,,,4,"Definitivamente me encantó este plato llamado Porkshop, junto con mi sangría. Advertencia: Plato no apto para quienes no les guste la cebolla💁🏽‍♀️",La Casa del Tomahawk,True
2023-04-24 14:00:54.124000+00:00,,5.0,5.0,5.0,5,"Todo muy bien, súper promociones, la comida como siempre espectacular, uno de los mejores locales en comida que encontraras en la ciudad de Guayaquil",La Casa del Tomahawk,True
2020-12-16 04:11:36.787000+00:00,,,,,2,"La comida no es la gran cosa y los precios son elevados para la calidad que ofrecen. 6/10

El tiempo de espera para que sirvan la comida es demasiado largo. (30min.)

Lo rescatable: el ambiente del lugar. (7/10)",La Casa del Tomahawk,True
2024-03-02 02:22:03.574000+00:00,,5.0,5.0,5.0,1,"Excelente atención,, una gastronomía única y esquizita ambiente 20 sobre 20",La Casa del Tomahawk,True
2025-08-07 20:42:09.990000+00:00,Sin espera,5.0,5.0,5.0,5,Lo único que me trajeron cambiada la orden de pedido,La Casa del Tomahawk,True
2021-08-19 03:05:50.943000+00:00,,,,,4,"Buen ambiente, variedad de platos con buenos cortes Premium, hacer previa reservación",La Casa del Tomahawk,True
2024-01-19 02:40:15.330000+00:00,,1.0,1.0,1.0,1,"La atención al cliente pésima
Se tardaron una hora por una orden de alitas mientras atendían a otros clientes que habían llegado mucho después de nosotros",La Casa del Tomahawk,True
2024-05-05 06:55:11.283000+00:00,,3.0,2.0,2.0,2,Personalmente la calidad de la comida deja mucho que desear igual que el servicio,La Casa del Tomahawk,True
2023-09-25 17:51:27.230000+00:00,,,,,5,Excelente comida. Buena carne. Aprovechen los descuentos diners,La Casa del Tomahawk,True
2024-01-11 21:43:58.398000+00:00,,1.0,1.0,1.0,1,Pésimo la comida malísima me trajeron una salsa luego que me termine ya el plato el jugo insípido pésimo pesimo,La Casa del Tomahawk,True
2024-01-27 20:19:47.615000+00:00,,2.0,2.0,1.0,1,"Pésima atención, demoran, no hay menú físico, un solo mesero.... En fin.....",La Casa del Tomahawk,True
2020-02-04 19:46:16.995000+00:00,,,,,5,Excelente. Lo recomiendo 💯 %,La Casa del Tomahawk,True
2022-04-30 23:41:30.454000+00:00,,,,,5,"Excelente comida, excelente atención, buenos precios. Recomendados",La Casa del Tomahawk,True
2024-01-26 15:05:25.745000+00:00,,3.0,3.0,4.0,3,El jugo de piña coco tenía de todo menos piña. Parecía más limonada con cáscara.  Tienen que mejorar la sazón de la carne.,La Casa del Tomahawk,True
2020-01-12 22:48:07.518000+00:00,,,,,3,"Un lugar bueno para comer carnes frescas, sabrosas y jugosas, le hace falta entrada y baño para personas con discapacidad. Aunque pedí limonada de albahaca y me trajeron un frozen 🤭🤭",La Casa del Tomahawk,True
2025-01-17 02:06:01.332000+00:00,,,,,2,"Demoran mucho en servir la comida, no sirven en el orden que realizan los pedidos… 👎",La Casa del Tomahawk,True
2020-03-09 23:20:47.716000+00:00,,,,,5,Recomendado. Precio acorde a la calidad. Servicio un poco lento pero atento a la vez.,La Casa del Tomahawk,True
2020-03-07 19:53:01.463000+00:00,,,,,5,"la comida excelente al igual que la atención,  nos brindaron gel antibacterial y té al final de la comida , simplemente excelente",La Casa del Tomahawk,True
2023-01-20 01:49:48.516000+00:00,,,,,3,"Comida que no voy a recordar, sabores muy basicos, costilla san luis sin sabor, chistorra salada y menu infantil que cumple en lo mínimo",La Casa del Tomahawk,True
2023-06-13 23:47:13.502000+00:00,,,,,5,Comida muy buena y la atención es de primera,La Casa del Tomahawk,True
2021-07-11 00:04:21.505000+00:00,,,,,5,Me encantan las promociones accesibles que mantienen de lunes a viernes para poder disfrutar de su delicioso menú 👍🏻,La Casa del Tomahawk,True
2024-08-14 23:39:28.725000+00:00,,5.0,5.0,5.0,5,"Pedí hamburguesas y creí que no me llenaría, pero más equivocado no pude estar. MUY BUENAS!!!",La Casa del Tomahawk,True
2021-01-11 21:51:22.065000+00:00,,,,,3,"Bastante bueno pero no es equivalente a lo que cuesta, hay otros lugares que por el mismo precio ofrecen mejor sabor y con guarniciones.",La Casa del Tomahawk,True
2022-09-20 16:53:32.971000+00:00,,,,,5,"Muy rico los platillos, lleva dinero xq si se gasta",La Casa del Tomahawk,True
2020-10-19 03:21:59.819000+00:00,,,,,5,"Excelente servicio y buen ambiente, solo lleven platita por que los precios son altos pero lo valen 👌",La Casa del Tomahawk,True
2024-03-08 01:28:16.606000+00:00,,5.0,5.0,5.0,5,Muy buen lugar para pasar en familia ! Recomendado,La Casa del Tomahawk,True
2020-12-22 03:14:27.399000+00:00,,,,,5,Un lugar muy acogedor con exelente comidas y bebidas.... buen personal.,La Casa del Tomahawk,True
2020-02-11 04:10:14.507000+00:00,,,,,5,La comida y la atención muy buena excelente,La Casa del Tomahawk,True
2023-12-26 00:28:31.338000+00:00,,4.0,3.0,3.0,3,Definitivamente no son expertos en comida navideña. Su especialidad siempre ha sido la comida a la parrilla y en eso no hay duda.,La Casa del Tomahawk,True
2020-08-14 14:36:20.689000+00:00,,,,,2,"Solía ser bastante bueno y aún mantienen buenas porciones en sus platos, pero la calidad ha bajado sustancialmente, tanto que llega a tener mal sabor",La Casa del Tomahawk,True
2021-09-22 23:06:17.017000+00:00,,,,,3,Muy buena comida y atención,La Casa del Tomahawk,True
2024-09-06 18:21:21.847000+00:00,,,,,1,"Mala atención al cliente
Prácticamente tuvimos que rogar para que nos atiendan que mala reseña deja eso de su parte",La Casa del Tomahawk,True
2024-04-10 04:03:30.264000+00:00,,5.0,5.0,5.0,5,Bonito ambiente y más la atención klever ' buen servicio 🙌,La Casa del Tomahawk,True
2022-10-23 03:49:47.971000+00:00,,4.0,5.0,4.0,4,Muy buena la comida el servicio para llevar tienen q mejorar tienen muchos empleados y solo una persona se dedica a cobrar,La Casa del Tomahawk,True
2021-02-05 04:50:12.741000+00:00,,,,,2,"Es costoso para la calidad del servicio, los platos no están acorde a los precios, baja calidad. Hay restaurantes competencia que ofrecen mejor servicio en general. No lo recomiendo",La Casa del Tomahawk,True
2020-02-20 20:12:07.964000+00:00,,,,,5,Muy buena la comida y la atención buena ideal para un almuerzo de trabajo,La Casa del Tomahawk,True
2021-08-05 18:04:34.902000+00:00,,,,,5,"A razón de $12 por cabeza se come bien allí, exquisito sabor y un excelente ambiente",La Casa del Tomahawk,True
2024-07-10 22:18:10.229000+00:00,,5.0,5.0,5.0,5,"Muy buen plato, la experiencia y la atención muy buena",La Casa del Tomahawk,True
2024-09-17 12:24:34.575000+00:00,,,5.0,,5,"Muy buena atención en especial la señorita Yesenia Querales
Muy profesional en lo que hace 10 de 10 en servicio",La Casa del Tomahawk,True
2021-04-19 21:41:34.749000+00:00,,,,,5,"Excelente servicio, buen la sazón y precios acordé a los platos.",La Casa del Tomahawk,True
2020-11-11 23:48:35.504000+00:00,,,,,4,"Atención excelente, comida fresca, promoción 2x1 bife de chorizo bien despachado",La Casa del Tomahawk,True
2022-03-25 04:19:09.340000+00:00,,,,,4,Los meseros excelentes atención rápido.. solo siempre escuchen la sugerencia del mesero... es lo máximo,La Casa del Tomahawk,True
2023-02-17 16:28:55.325000+00:00,,,,,4,"Lindo lugar, buena comida y ambiente para pasarla bien",La Casa del Tomahawk,True
2025-03-21 15:38:40.911000+00:00,,3.0,4.0,3.0,4,"Precios módicos, buenas cantidades, buenas sazón y variedad de bebidas y platos",La Casa del Tomahawk,True
2023-12-13 06:22:10.696000+00:00,,3.0,3.0,3.0,3,"Un poco Caluroso si está lleno
La cerveza debe estar más fría",La Casa del Tomahawk,True
2022-10-29 06:00:52.403000+00:00,,5.0,5.0,5.0,5,"Súper lleno el local, vale la pena esperar, los jueves hay promos de alitas, 100% recomendado",La Casa del Tomahawk,True
2021-03-27 20:00:34.109000+00:00,,,,,5,"Excelente servicio y sobre todo la comida muy deliciosa 😋, felicidades",La Casa del Tomahawk,True
2022-09-27 17:26:53.438000+00:00,,,,,5,"Lugar atractivo, buena atención platos muy ricos",La Casa del Tomahawk,True
2020-08-27 17:01:03.566000+00:00,,,,,2,"Mi cumpleaños y nada especial para mí, será que sólo fuimos dos personas... Podrían mejorar mucho más por el precio del menú.",La Casa del Tomahawk,True
2021-10-03 15:47:46.018000+00:00,,,,,5,Excelente comida para los que les encantan los buenos cortes de carne.,La Casa del Tomahawk,True
2020-10-06 17:34:23.746000+00:00,,,,,5,"El servicio que prestan los meseros es de excelente calidad, poseen plataforma digital para el menú y muy recomendado la comida",La Casa del Tomahawk,True
2024-07-17 00:45:51.020000+00:00,,5.0,5.0,5.0,5,"Excelente servicio.
Personal brinda su atención al 100%
Recomendado",La Casa del Tomahawk,True
2021-11-30 03:50:11.214000+00:00,,,,,5,"La carne más deliciosa que he probado, termino medio de verdad! Jugosa y perfectamente sazonada.",La Casa del Tomahawk,True
2020-02-27 12:14:56.893000+00:00,,,,,5,Exelente servicio,La Casa del Tomahawk,True
2024-08-03 21:20:30.351000+00:00,,5.0,5.0,5.0,5,"Muy rico todo, excelente servicio",La Casa del Tomahawk,True
2021-07-22 01:18:13.490000+00:00,,,,,4,"Rica comida, ambiente agradable, buena atención... Precios  accesibles",La Casa del Tomahawk,True
2024-02-26 21:59:59.715000+00:00,,4.0,5.0,1.0,1,Yo tengo una queja con el servicio de demoran demasiado en atender y en cobrar más de una hora el resto excelente,La Casa del Tomahawk,True
2020-02-03 15:31:32.426000+00:00,,,,,5,"Es un excelente lugar, buen ambiente, buen trato y platos grandes.",La Casa del Tomahawk,True
2025-08-20 19:32:14.496000+00:00,Sin espera,5.0,5.0,5.0,5,Excelente 👌,La Casa del Tomahawk,True
2023-09-15 03:45:49.748000+00:00,,1.0,1.0,1.0,1,Cero estrellas  se demoran mucho en entregar la orden la comida insípida no tiene sabor y para colmo en mi bebida un insecto.,La Casa del Tomahawk,True
2021-01-08 03:16:35.090000+00:00,,,,,5,"Buena atención, buen sabor, precios accesibles y comodidad en el local",La Casa del Tomahawk,True
2020-09-27 23:01:27.006000+00:00,,,,,5,"Excelente servicio y la comida espectacular, gracias a todos, el cumpleañero o cumpleañera la pasa genial....",La Casa del Tomahawk,True
2024-02-17 14:05:24.303000+00:00,,3.0,1.0,1.0,2,"No me gustó la comida, la atención poco favorable",La Casa del Tomahawk,True
2025-10-13 00:43:19.678000+00:00,Sin espera,5.0,5.0,5.0,5,Muy buena atención al cliente,La Casa del Tomahawk,True
2023-09-17 19:12:33.244000+00:00,,1.0,1.0,1.0,1,"Fatal, entre y por ahí mismo salí. Pésimo servicio de los meseros, no me dio confianza y me fui",La Casa del Tomahawk,True
2020-01-07 15:01:31.371000+00:00,,,,,5,"Super buena comida, el estacionamiento era grande y gran servicio y bartenders",La Casa del Tomahawk,True
2022-12-26 00:13:04.335000+00:00,,5.0,5.0,5.0,5,"Excelente la comida, atención y precios
Los cocteles muy buenos",La Casa del Tomahawk,True
2020-12-04 22:52:21.692000+00:00,,,,,5,"Buen ambiente, buena comida y excelente atención.",La Casa del Tomahawk,True
2024-06-03 20:21:26.791000+00:00,,5.0,5.0,5.0,5,Excelente comida y atención 👍🏻👍🏻,La Casa del Tomahawk,True
2020-01-27 18:59:33.145000+00:00,,,,,5,El lugar es bonito y la atencion tambuen me gusto el moro de lenteja estaba bueno,La Casa del Tomahawk,True
2025-10-09 23:48:50.107000+00:00,Hasta 10 min,4.0,4.0,4.0,4,El sabor a variado no justifica el presio,La Casa del Tomahawk,True
2024-09-09 01:40:11.790000+00:00,,3.0,3.0,1.0,1,"Mala esperiencia, hacen propagandas engañosas, mal servicio en realidad por todo, a ver como es el de urdesa",La Casa del Tomahawk,True
2020-09-01 23:48:26.297000+00:00,,,,,5,Muy rica las comidas 😋 Excelente atención,La Casa del Tomahawk,True
2021-04-22 04:36:33.548000+00:00,,,,,5,Excelente atención y menú esquisito,La Casa del Tomahawk,True
2025-10-10 03:01:14.346000+00:00,Hasta 10 min,5.0,5.0,5.0,5,"Muy buena, recomendadisimo",La Casa del Tomahawk,True
2024-04-14 18:07:02.936000+00:00,,5.0,5.0,5.0,5,Saben lo que es un buen Tomahawk si aun no prueban uno aquí. Divino el servicio y el lugar impecable,La Casa del Tomahawk,True
2022-02-02 21:41:35.778000+00:00,,,,,5,"Comida deliciosa, ideal para compartir en familia... Se los recomiendo 😋😋😋",La Casa del Tomahawk,True
2024-04-06 01:00:09.115000+00:00,,5.0,5.0,5.0,5,Muy atenta la señorita que me atendió 100% recomendado,La Casa del Tomahawk,True
2023-08-02 02:05:39.850000+00:00,,,,,5,Muy buena la atención y su comida roca,La Casa del Tomahawk,True
2022-06-10 19:50:05.244000+00:00,,,,,4,Un excelente lugar para disfrutar en familia un rato disfrutando de la buena parrillada,La Casa del Tomahawk,True
2020-07-22 19:34:48.488000+00:00,,,,,5,"Un lugar para sentirse con en casa, excelente atención y una comida espectacular......me encantaaaaaaa :-)",La Casa del Tomahawk,True
2022-08-02 04:58:38.102000+00:00,,,,,5,"Me gustó la comida, muy rico el moro con chuletas",La Casa del Tomahawk,True
2020-11-28 16:59:37.533000+00:00,,,,,3,"Fui por la promoción de Alitas y unas cervezas, bueno las Alitas no fueron las mejores, pero fueron aceptables, ahí en carnes son muy buenos.",La Casa del Tomahawk,True
2024-09-03 02:41:00.698000+00:00,,3.0,4.0,3.0,4,"No hay suficientes meseros, se confunden. Fuera de eso buen lugar",La Casa del Tomahawk,True
2020-02-12 13:13:04.736000+00:00,,,,,5,Excelente servicio y muy rico todo,La Casa del Tomahawk,True
2020-03-26 13:34:35.818000+00:00,,,,,4,"Buen lugar para compartir entre amigos, agradable la comida, bebida y la atenciòn.",La Casa del Tomahawk,True
2026-02-07 04:54:19.121000+00:00,De 10 a 30 min,,,,4,Muy bueno,La Casa del Tomahawk,True
2022-09-23 17:28:23.732000+00:00,,,,,4,Muy buen lugar para comer,La Casa del Tomahawk,True
2021-11-06 03:22:34.935000+00:00,,,,,5,Excelente 'Delicioso 'Agradable.,La Casa del Tomahawk,True
2021-10-09 22:46:30.538000+00:00,,,,,5,Un excelente lugar con buena comida,La Casa del Tomahawk,True
2021-11-30 22:57:59.930000+00:00,,,,,5,muy buen lugar y el personal me trató excelente los felicito,La Casa del Tomahawk,True
2021-03-20 22:42:05.009000+00:00,,,,,5,La comida es muy deliciosa amo este lugar,La Casa del Tomahawk,True
2023-05-02 20:57:22.246000+00:00,,4.0,4.0,4.0,4,"Muy buena comida, buena sazón..! Precios razonables..!",La Casa del Tomahawk,True
2021-01-11 13:45:18.463000+00:00,,,,,4,Buen sitio buena comida pero me molesto que al pedir una porción individual de papas nos indicaran que no se vendían de resto todo es excelente,La Casa del Tomahawk,True
2025-11-15 17:04:22.672000+00:00,,,,,5,Buena promoción de alitas,La Casa del Tomahawk,True
2021-04-19 19:45:34.097000+00:00,,,,,5,"Excelente lugar, acogedor y buena comida",La Casa del Tomahawk,True
2023-12-07 00:47:37.858000+00:00,,4.0,4.0,3.0,3,"Es bonito, pero cuando se llena el personal se ve estrenado y se confunden",La Casa del Tomahawk,True
2021-09-01 21:05:54.096000+00:00,,,,,5,Excelente lugar para compartir en familia buenos platos,La Casa del Tomahawk,True
2021-05-09 04:21:40.182000+00:00,,,,,5,Excelente lugar para disfrutar de unas costillas bien preparadas ..recomendado,La Casa del Tomahawk,True
2020-02-16 04:02:24.309000+00:00,,,,,5,"Celebré mi cumpleaños allí y me cantaron hpbd, muy amables y rica su comida por su puesto",La Casa del Tomahawk,True
2023-02-06 00:05:53.899000+00:00,,,,,1,"Toman mal los pedidos, demoran más de 1 hora en entregar una entraña con papas.
Pésimo.",La Casa del Tomahawk,True
2024-01-30 16:59:34.994000+00:00,,4.0,3.0,4.0,4,"No es lo que pintan en comida, la platería está picada, un lugar que lentamente dejará el camino de excelencia a menos que se enrrumbe",La Casa del Tomahawk,True
2023-09-04 03:29:27.983000+00:00,,,,,1,"Sirven la costilla de cerdo cruda, pésima atención, uno tiene que estar llamando al personal para que los atiendan",La Casa del Tomahawk,True
2023-02-28 00:11:50.093000+00:00,,3.0,2.0,3.0,3,La calidad de la comida y atención eran mejores.  Poner atención en eso,La Casa del Tomahawk,True
2025-10-09 02:44:46.211000+00:00,Sin espera,5.0,5.0,5.0,5,Muy buena experiencia,La Casa del Tomahawk,True
2020-10-26 21:39:28.726000+00:00,,,,,4,"La carne es buena,  la entrada se debe mejorar, pan con mermelada no es bueno. Los cocteles deben mejorar.",La Casa del Tomahawk,True
2022-06-21 19:38:50.270000+00:00,,,,,3,Pasamos una tarde linda con mi familia el dia del padre buena comida el lugar acogedor,La Casa del Tomahawk,True
2020-12-14 01:00:00.907000+00:00,,,,,5,"Buen ambiente, buena atención, excelente comida 👌🏽",La Casa del Tomahawk,True
2022-09-27 10:40:21.215000+00:00,,,,,1,"Pésima ATENCIÓN, promoción de alitas les quedó grande.",La Casa del Tomahawk,True
2024-06-12 22:39:17.164000+00:00,,5.0,5.0,5.0,5,"Excelente atención, bebidas, y comida.",La Casa del Tomahawk,True
2024-10-20 01:33:00.941000+00:00,,4.0,1.0,2.0,1,Siguen demorando mucho en servir y olvidan la orden,La Casa del Tomahawk,True
2022-07-02 16:50:37.615000+00:00,,,,,3,"Excelente atencion,exiquitos platos y buen ambiente",La Casa del Tomahawk,True
2021-06-20 02:38:07.326000+00:00,,,,,1,"Pésima atención, mala cocción de las carnes y sin sabor.",La Casa del Tomahawk,True
2020-11-30 01:08:18.361000+00:00,,,,,5,Excelente atención y deliciosa comida,La Casa del Tomahawk,True
2025-06-21 03:19:02.984000+00:00,Sin espera,5.0,5.0,5.0,5,Muy bueno recomendado,La Casa del Tomahawk,True
2023-02-06 00:57:08.018000+00:00,,3.0,3.0,1.0,1,"Decir un desastre queda corto. En toma de pedidos, tiempo de espera, servir platos y pagar las cuentas tienen 0.",La Casa del Tomahawk,True
2021-10-21 02:43:22.459000+00:00,,,,,5,"Excelente lugar, excelente comida y atención",La Casa del Tomahawk,True
2022-11-20 13:58:47.560000+00:00,,5.0,5.0,5.0,5,"Buenisimo! Recomendado 👌
Solo habria q mejorar el parqueadero q casi no hay",La Casa del Tomahawk,True
2024-10-01 20:30:51.523000+00:00,,4.0,5.0,4.0,5,Excelente para ir con amigos y/o grupo,La Casa del Tomahawk,True
2025-08-19 02:58:52.682000+00:00,Hasta 10 min,4.0,4.0,5.0,4,Chévere el ambiente,La Casa del Tomahawk,True
2025-01-20 05:39:19.596000+00:00,,,,,3,Hasta la fecha me devuelven el dinero por estafa de los de rapid,La Casa del Tomahawk,True
2020-11-07 13:31:55.009000+00:00,,,,,5,"Muy buena comida, recomendable! 👌",La Casa del Tomahawk,True
2026-05-08 21:28:47.587000+00:00,,5.0,5.0,5.0,5,Excelente,La Casa del Tomahawk,True
2023-10-17 19:13:53.062000+00:00,,3.0,5.0,2.0,2,"La comida y ambiente son muy buenos, pero el servicio es muy lento.",La Casa del Tomahawk,True
2022-09-09 03:21:19.319000+00:00,,,,,5,Bueno como siempre ..calidad de servicio,La Casa del Tomahawk,True
2021-02-02 17:22:30.837000+00:00,,,,,5,Excelente atención rica la comida,La Casa del Tomahawk,True
2020-09-21 01:32:44.013000+00:00,,,,,5,Un lugar muy acogedor y muy deliciosa co.ida,La Casa del Tomahawk,True
2020-08-08 02:09:09.559000+00:00,,,,,5,Excelente servicio y menú muy variado,La Casa del Tomahawk,True
2021-01-13 10:26:02.491000+00:00,,,,,5,Una delicia de sabores 😋,La Casa del Tomahawk,True
2021-03-27 03:00:14.878000+00:00,,,,,5,"Excelente comida, muy buena musica, buen ambiente.",La Casa del Tomahawk,True
2025-09-19 18:21:23.977000+00:00,,5.0,5.0,5.0,5,Escelente proporción de comida,La Casa del Tomahawk,True
2021-05-30 22:21:02.242000+00:00,,,,,5,Buen lugar para comer unas buenas carnes y cosas extras ..,La Casa del Tomahawk,True
2020-09-05 01:31:17.099000+00:00,,,,,4,"Buena carne, pero los pedidos no llegan completos a domicilio, olvidaron enviar bebidas cobradas",La Casa del Tomahawk,True
2020-11-14 05:24:03.658000+00:00,,,,,5,Excelente atención y buena comida.,La Casa del Tomahawk,True
2020-08-27 01:28:41.041000+00:00,,,,,5,Excelentemente delicioso 😋😋😋😋,La Casa del Tomahawk,True
2026-03-02 00:30:48.513000+00:00,,5.0,5.0,5.0,5,La comida es muy rica 🥳,La Casa del Tomahawk,True
2025-11-22 03:21:19.872000+00:00,,1.0,1.0,1.0,1,No me gustó el servicio,La Casa del Tomahawk,True
2020-01-21 16:11:00.386000+00:00,,,,,5,"Excelente ambiente,deliciosas costillas en salsa especial y bbq",La Casa del Tomahawk,True
2026-06-05 01:09:08.760000+00:00,,,,,1,No responden mensajes,La Casa del Tomahawk,True
2025-03-17 22:09:20.657000+00:00,,5.0,5.0,5.0,5,Excelente el sabor de la carne,La Casa del Tomahawk,True
2022-06-02 02:32:20.728000+00:00,,,,,5,Buena atención excelente comida,La Casa del Tomahawk,True
2021-11-24 11:25:26.867000+00:00,,,,,5,"Deliciosa comida, recomendado",La Casa del Tomahawk,True
2022-05-29 16:52:21.319000+00:00,,,,,3,"Asegurarse de ir temprano porque si se llena, aveces no llega el pedido en la cocción con la que se hizo el pedido y demora la atención",La Casa del Tomahawk,True
2024-03-29 03:16:56.538000+00:00,,4.0,3.0,2.0,5,"El servicio al cliente ha cambiado, el mesero fatal, se demoraron en atender. Ya no es como era antes.",La Casa del Tomahawk,True
2022-01-16 11:40:13.162000+00:00,,,,,5,"Buena atención, buena carne, precios medios altos",La Casa del Tomahawk,True
2020-03-08 20:06:14.792000+00:00,,,,,5,Comida muy buena y buen ambiente pasarla bien,La Casa del Tomahawk,True
2023-04-06 23:45:11.357000+00:00,,5.0,4.0,4.0,5,"Un lugar acogedor y confortable, buena música y la comida a buen costo.",La Casa del Tomahawk,True
2020-01-17 12:03:23.367000+00:00,,,,,5,Mala experiencia en la segunda visita. Decepción con él menú navideño que ofrecieron y la atención del personal pésima.,La Casa del Tomahawk,True
2022-07-07 02:49:09.276000+00:00,,,,,5,"Les recomiendo el lugar, muy chévere, muy bueno, buenas atención.",La Casa del Tomahawk,True
2020-02-18 18:43:51.271000+00:00,,,,,4,"Lugar agradable y de platillos muy ricos, lleve a la pareja !!!",La Casa del Tomahawk,True
2022-05-14 12:22:26.659000+00:00,,,,,5,Muy buena la comida 😋,La Casa del Tomahawk,True
2021-03-06 00:14:45.895000+00:00,,,,,5,Exelente lugar precios módicos gran sabor,La Casa del Tomahawk,True
2025-10-12 02:45:17.955000+00:00,Hasta 10 min,5.0,5.0,5.0,5,Excelente  lugar recomendado,La Casa del Tomahawk,True
2020-10-17 02:30:52.011000+00:00,,,,,5,"La atención de los chicos excelente, y la comida ni hablar las costillas son mis preferidas y el jugo de coco con piña y limón 😋🥥🍍🍋 y el Tomahawk no se me va a escapar!",La Casa del Tomahawk,True
2022-08-22 16:23:23.759000+00:00,,,,,4,"Buena opción para degustar cortes de costilla, sin embargo actualmente las porciones se han reducido",La Casa del Tomahawk,True
2025-01-31 16:39:39.610000+00:00,,,,,3,"No es lo que ofrecen,volví por un video. Y no es lo mismo.",La Casa del Tomahawk,True
2020-01-09 00:33:21.832000+00:00,,,,,2,"Precios exagerado para el menú que ofrecen, el ambiente era muy ruidoso con un cantante en vivo que dejaba mucho que desear.",La Casa del Tomahawk,True
2022-11-19 13:53:14.142000+00:00,,4.0,4.0,4.0,5,Buena promoción de alitas de pollo. Muy deliciosas y con buen sabor.,La Casa del Tomahawk,True
2024-06-02 20:35:36.923000+00:00,,5.0,5.0,5.0,5,Excelente comida y ambiente,La Casa del Tomahawk,True
2022-08-19 01:56:46.615000+00:00,,,,,2,"Realice un pedido.. me indicaban que estarían en un tiempo determinado, procedieron a entregarlo 1 hora más tarde.",La Casa del Tomahawk,True
2020-01-31 21:41:25.073000+00:00,,,,,5,me encantó..primera vez que lo visito.. muy rico todo ¡¡¡,La Casa del Tomahawk,True
2026-05-05 01:31:07.586000+00:00,,4.0,4.0,4.0,4,Mejorar parqueos,La Casa del Tomahawk,True
2022-05-08 04:51:35.320000+00:00,,,,,5,Buena comida y excelentes promociones todos los días.. recomendado!,La Casa del Tomahawk,True
2021-08-07 18:47:02.282000+00:00,,,,,4,Muy bueno quizás el corte del lomo a la pimienta sea más tierno,La Casa del Tomahawk,True
2023-08-19 07:10:19.075000+00:00,,,,1.0,1,Antes de ingresar dijeron q la comida demoraría una hora en servir prácticamente nos votaron con el comentario no ingresamos,La Casa del Tomahawk,True
2023-01-13 02:46:46.188000+00:00,,,,,1,Las alitas Pura harina y el pollo se desmenuzaba y las papas picantes,La Casa del Tomahawk,True
2022-08-06 05:12:26.011000+00:00,,,,,5,Un excelente lugar de buenas carnes a buen precio,La Casa del Tomahawk,True
2023-03-13 20:31:04.688000+00:00,,,,,4,"Pues el sabor muy bueno, lo malo es que el personal muy desorganizado.",La Casa del Tomahawk,True
2022-11-25 12:59:24.351000+00:00,,,,,5,"Muy buena comida, el moro de cuatro quesos el mejor",La Casa del Tomahawk,True
2022-08-31 00:53:03.622000+00:00,,,,,4,"Pedí a domicilio y la verdad no estuvo taaan bueno, rico si pero no delicioso.",La Casa del Tomahawk,True
2025-08-24 22:30:02.500000+00:00,Sin espera,5.0,5.0,5.0,5,Muy rico,La Casa del Tomahawk,True
2025-08-13 22:59:28.854000+00:00,Hasta 10 min,5.0,5.0,5.0,5,Exelente,La Casa del Tomahawk,True
2023-09-11 02:25:50.789000+00:00,,3.0,3.0,1.0,2,Fuimos más de 10 personas y el mesero se volvió loco con la orden,La Casa del Tomahawk,True
2020-08-22 03:47:04.089000+00:00,,,,,3,"La comida buena, el tiempo de espera algo largo y el jugo Frozen no sabía a nada",La Casa del Tomahawk,True
2020-08-22 00:05:56.082000+00:00,,,,,5,"Muy buena la comida, los precios son muy cariñosos",La Casa del Tomahawk,True
2025-08-15 01:36:09.788000+00:00,Hasta 10 min,5.0,5.0,5.0,5,Una experiencia muy hermosa,La Casa del Tomahawk,True
2026-03-01 20:10:26.040000+00:00,,5.0,5.0,5.0,5,Excelente,La Casa del Tomahawk,True
2022-09-25 10:16:26.761000+00:00,,,,,5,Lugar bien acojedor y muy buena la atencion,La Casa del Tomahawk,True
2025-10-09 20:17:12.863000+00:00,Hasta 10 min,5.0,5.0,5.0,5,Todo muy limpio,La Casa del Tomahawk,True
2022-02-15 12:18:12.660000+00:00,,,,,5,"Donde encontrarás comida muy sabrosa ...
* Y sobre todo sus alimentos son preparados con agua purificada",La Casa del Tomahawk,True
2021-10-21 01:54:22.538000+00:00,,,,,5,"Sabrosos platos, atención de primera. Precios cómodos",La Casa del Tomahawk,True
2021-10-03 21:56:23.460000+00:00,,,,,3,"Una exquisita comida en sus moros , costillas muy buenos",La Casa del Tomahawk,True
2024-03-16 03:00:46.478000+00:00,,5.0,5.0,5.0,5,Buen lugar para degustar carne.,La Casa del Tomahawk,True
2021-01-11 23:48:36.386000+00:00,,,,,4,Muy rica la comida  excelente 👍,La Casa del Tomahawk,True
2022-03-15 21:50:34.505000+00:00,,,,,4,Buen lugar para disfrutar de la comida,La Casa del Tomahawk,True
2020-11-09 16:59:07.158000+00:00,,,,,3,Pedí para llevar un bife de chorizo termino 3/4 y me lo dieron muy cocido.,La Casa del Tomahawk,True
2021-04-01 11:42:44.203000+00:00,,,,,5,"Comida súper rica, les invito a probar el modo choclo, ¡¡¡una delicia!!!",La Casa del Tomahawk,True
2020-02-01 03:59:17.968000+00:00,,,,,5,Muy buena la comida!,La Casa del Tomahawk,True
2020-01-24 02:50:08.129000+00:00,,,,,4,Muy buena la comida,La Casa del Tomahawk,True
2024-06-28 00:22:38.968000+00:00,,5.0,5.0,5.0,5,Excelente lugar para compartir con amigos,La Casa del Tomahawk,True
2022-12-12 20:10:10.642000+00:00,,3.0,4.0,3.0,3,Buena la comida ambiente clásico de un lugar de parrilladas,La Casa del Tomahawk,True
2020-02-22 00:22:31.941000+00:00,,,,,4,"Me gustaron las costillas clásicas, buena relación en todo precio cantidad y sabor",La Casa del Tomahawk,True
2020-05-31 22:09:50.407000+00:00,,,,,4,"La comida es buena , la atención un poco lenta",La Casa del Tomahawk,True
2025-10-02 14:42:05.463000+00:00,Hasta 10 min,5.0,5.0,5.0,5,Si para compartir en familia,La Casa del Tomahawk,True
2021-01-23 21:00:01.366000+00:00,,,,,5,"Menu excelente, buena atencion",La Casa del Tomahawk,True
2025-10-08 01:36:14.602000+00:00,De 10 a 30 min,5.0,5.0,5.0,5,Excelente,La Casa del Tomahawk,True
2021-07-14 16:49:18.002000+00:00,,,,,5,Delicioso los platos que sirven ahi,La Casa del Tomahawk,True
2021-04-18 20:07:03.352000+00:00,,,,,5,Excelente servicio y comida deliciosa,La Casa del Tomahawk,True
2020-12-20 17:20:10.408000+00:00,,,,,5,Muy beuna la atención y un bifw chorizo exquisito,La Casa del Tomahawk,True
2021-06-30 00:52:53.238000+00:00,,,,,5,Muy buena comida,La Casa del Tomahawk,True
2025-06-05 21:23:43.712000+00:00,Sin espera,4.0,4.0,4.0,4,Un poco demorado la atención,La Casa del Tomahawk,True
2023-03-28 11:18:11.330000+00:00,,,,,5,Excelente atención excelente la comida,La Casa del Tomahawk,True
2022-11-24 18:52:54.965000+00:00,,5.0,5.0,5.0,5,Increíble y el servicio super atento. Ame,La Casa del Tomahawk,True
2022-03-23 04:25:04.587000+00:00,,,,,5,"Chévere, tranquilo, asequible... Pregunten por la promo del día 2x1...",La Casa del Tomahawk,True
2021-03-28 01:50:56.576000+00:00,,,,,4,Muy buena comida,La Casa del Tomahawk,True
2025-10-12 19:26:39.290000+00:00,Sin espera,5.0,5.0,5.0,5,Gracias a Jessenia por la atención,La Casa del Tomahawk,True
2020-07-28 21:21:06.347000+00:00,,,,,1,"Mucha gente chola, hacen mucho ruido, porque como ya no va gente de clase es vulgar.",La Casa del Tomahawk,True
2020-06-12 15:07:51.317000+00:00,,,,,5,Buena comida y buena atención,La Casa del Tomahawk,True
2023-06-25 17:22:20.117000+00:00,,3.0,4.0,1.0,2,Pésima atención y tarda 30 minutos en servir..,La Casa del Tomahawk,True
2025-08-16 00:19:47.297000+00:00,Sin espera,5.0,5.0,5.0,5,Excelente servicio!!! Recomendado!,La Casa del Tomahawk,True
2021-01-27 22:53:54.023000+00:00,,,,,5,Muy buena comida,La Casa del Tomahawk,True
2024-05-27 01:50:46.062000+00:00,,5.0,5.0,5.0,5,Todo estaba super rico,La Casa del Tomahawk,True
2025-10-12 19:32:56.564000+00:00,Más de 1 hora,5.0,5.0,5.0,5,Todo muy bien,La Casa del Tomahawk,True
2022-04-05 00:51:16.394000+00:00,,,,,5,Excelente sabor.. Buenas carnes..,La Casa del Tomahawk,True
2025-08-10 21:52:17.187000+00:00,Hasta 10 min,5.0,5.0,5.0,5,Me encantó 100/100 ♥️,La Casa del Tomahawk,True
2023-03-26 13:13:10.739000+00:00,,4.0,4.0,5.0,4,Nos gustó mucho el lugar y la comida,La Casa del Tomahawk,True
2021-10-15 04:59:51.148000+00:00,,,,,4,Se demoró un la comida pero muy buena a la final,La Casa del Tomahawk,True
2025-08-10 03:27:39.123000+00:00,Sin espera,5.0,5.0,5.0,5,Muy bueno,La Casa del Tomahawk,True
2023-07-28 02:59:53.230000+00:00,,3.0,1.0,1.0,1,Pésimo servicio del Personal y el sabor horrible..,La Casa del Tomahawk,True
2022-03-04 11:57:40.484000+00:00,,,,,4,😊,La Casa del Tomahawk,True
2021-12-19 01:27:27.700000+00:00,,,,,1,Mmm no dejaron entrar... fui con mi familia y m indicaron que es con reservación,La Casa del Tomahawk,True
2024-01-07 14:15:38.787000+00:00,,3.0,5.0,5.0,4,"Un buen lugar, buena promoción navideña.",La Casa del Tomahawk,True
2025-08-12 00:37:15.705000+00:00,Sin espera,5.0,5.0,5.0,5,Excelente ambiente,La Casa del Tomahawk,True
2020-03-12 03:42:00.912000+00:00,,,,,2,"Demasiado ruido, menestra muy aguada, frejol duro, precios altos, sin merecerlo",La Casa del Tomahawk,True
2020-05-31 20:13:06.157000+00:00,,,,,4,Un lugar ideal para comer entre amigos y familia.,La Casa del Tomahawk,True
2023-02-06 04:48:59.905000+00:00,,5.0,5.0,5.0,5,Agradable lugar y atención más que buena!!,La Casa del Tomahawk,True
2020-02-20 00:12:11.555000+00:00,,,,,3,"Por miedo a estar crudo la Carne, lo abren corte Mariposa. Mala decisión.",La Casa del Tomahawk,True
2024-04-10 04:02:55.847000+00:00,,5.0,5.0,5.0,5,Exlente servicio se los recomiendo,La Casa del Tomahawk,True
2023-03-24 02:00:05.139000+00:00,,,,,1,Pésima atención por parte de las señoritas y la gerente,La Casa del Tomahawk,True
2020-08-23 21:59:50.303000+00:00,,,,,5,Excelente comida y ambiente...,La Casa del Tomahawk,True
2021-10-18 03:15:06.932000+00:00,,,,,5,"Excelente ambiente, deliciosa resbaladera.",La Casa del Tomahawk,True
2020-06-25 03:09:10.442000+00:00,,,,,5,Excelente atención el joven Bryan brindo la mejor atención que pueden dar,La Casa del Tomahawk,True
2025-01-20 23:50:28.792000+00:00,,,,,1,Por falta de aseo se acumulan las Cucarachas,La Casa del Tomahawk,True
2023-12-14 20:48:06.238000+00:00,,5.0,5.0,3.0,4,Falta más agilidad en la atención. Se demoran un poco.,La Casa del Tomahawk,True
2021-11-13 00:40:55.224000+00:00,,,,,5,"Muy lindo todo, excelente atención",La Casa del Tomahawk,True
2021-01-09 23:55:04.545000+00:00,,,,,5,Delicioso!!! Cuando vuelva a GYE será visita obligada,La Casa del Tomahawk,True
2026-02-13 02:49:21.598000+00:00,,5.0,5.0,5.0,5,Excelente,La Casa del Tomahawk,True
2023-06-27 20:41:44.786000+00:00,,,,,4,Todo escelente pero un poco lento el servicio,La Casa del Tomahawk,True
2021-12-11 03:32:22.328000+00:00,,,,,4,"Fuimos por el menú navideño, las chuletas ahumadas deliciosas😋",La Casa del Tomahawk,True
2021-03-21 04:34:33.136000+00:00,,,,,5,Me encanta,La Casa del Tomahawk,True
2022-01-12 01:06:32.601000+00:00,,,,,3,"Pero llamen primero y separen, guarden el mensaje no vaya ser q les digan otra cosa",La Casa del Tomahawk,True
2025-09-15 01:00:31.620000+00:00,Sin espera,5.0,5.0,4.0,4,Excelente servicio,La Casa del Tomahawk,True
2020-12-07 02:15:27.342000+00:00,,,,,4,Se pasó bien bueno la asentí mejor que otras ocasiones,La Casa del Tomahawk,True
2025-10-16 19:24:07.147000+00:00,Sin espera,5.0,5.0,5.0,5,Realicen papitas más crocantes,La Casa del Tomahawk,True
2020-01-13 04:19:04.793000+00:00,,,,,3,Tenía muchas expectativas del lugar pero no me pareció extraordinario.,La Casa del Tomahawk,True
2024-06-05 15:05:15.884000+00:00,,5.0,5.0,5.0,5,Todo muy bueno...,La Casa del Tomahawk,True
2021-08-25 02:01:09.892000+00:00,,,,,1,"Comida cara, se demoraron más de una hora en servirme.",La Casa del Tomahawk,True
2023-01-13 00:50:04.706000+00:00,,3.0,1.0,1.0,1,El poco personal que tienen no está capacitado. Fue una mala decisión ir.,La Casa del Tomahawk,True
2024-03-17 00:52:11.434000+00:00,,5.0,5.0,5.0,5,Excelente servicio precios y estadía,La Casa del Tomahawk,True
2021-05-26 15:11:34.017000+00:00,,,,,5,"Excelente servicio, muy buena atención",La Casa del Tomahawk,True
2023-07-24 01:27:58.755000+00:00,,3.0,2.0,1.0,2,"Pesima la atención, es muy demorado el servicio.",La Casa del Tomahawk,True
2020-02-13 04:43:42.625000+00:00,,,,,1,El tomahawk es un hueso sin carne pura grasa y venas. No comestible. No regreso,La Casa del Tomahawk,True
2025-08-29 23:48:51.333000+00:00,Sin espera,5.0,5.0,5.0,5,Buen Lugar,La Casa del Tomahawk,True
2024-06-21 00:47:18.089000+00:00,,2.0,4.0,1.0,1,Se demoran en en atenderme y darme el vuelto ...,La Casa del Tomahawk,True
2021-06-18 15:13:18.099000+00:00,,,,,5,Un lugar agradable para ir con la.familia,La Casa del Tomahawk,True
2021-12-06 00:39:46.056000+00:00,,,,,5,Bueno pero caro. A veces hay promociones.,La Casa del Tomahawk,True
2022-02-17 01:39:18.909000+00:00,,,,,5,Buen servicio rica comida,La Casa del Tomahawk,True
2023-11-01 21:44:11.200000+00:00,,,,,5,Para los que les gusta comer bien,La Casa del Tomahawk,True
2024-09-08 13:29:14.660000+00:00,,4.0,3.0,5.0,3,"Decidimos ir a comer el día de ayer ya que me habían hablado muy bien del lugar.

El lugar lo sentí muy tradicional. Tienen su espacio de parrilla a la vista y varios salones bastante amplios. El ambiente es amenizado con dos músicos tocando guitarra, algo que no se ve en otros sitios. En general el ambiente es muy bueno.

Pedimos medio pollo asado con papa horneada y Moro. Además de una Baby parrilla. De cortesía de la casa, pan tostado con salsa de ajo y perejil acompañado de dos salsas muy buenas. La parrilla estaba bastante buena, contenía chuleta de cerdo, carne de res, chorizo, morcilla y chinchulines. Destaco que la res estaba demasiado hecha ya cuando llegó a la mesa. El pollo asado realmente decepcionó. Para nuestro punto de vista el pollo fue hervido y luego pasado por sartén, no tenía siquiera un color tostado que suele adquirir con el asado. Lo encontramos con mucha sal.

La atención recibida fue buena, se nota la experiencia del servicio.",La Parrilla Del Ñato - Urdesa,True
2024-10-19 04:18:01.296000+00:00,,3.0,4.0,3.0,4,"El lugar es amplio, igual que hace muchos años atrás, no han remodelado nada, ni cambiado nada. De alguna manera eso es genial porque es algo clásico, algo que te produce nostalgia y comfort. No obstante, la atención es muy robótica, nos atendieron señores mayores sin ninguna sonrisa o empatía, no lo sé, estoy acostumbrada a un buen servicio al cliente, tampoco quiero decir que los jóvenes atienden mejor porque de todo da la mata del Señor. Pero nunca me quejaré de la comida, deliciosa como siempre. Pedimos parrillada familiar y una jarra de limonada, de cortesía nos dieron los típicos pancitos con ajo y el ají estaba rico, rico. Me agradó que me hayan facilitado un platito y una cucharita para mi hija de 3 años.",La Parrilla Del Ñato - Urdesa,True
2026-06-06 19:45:17.527000+00:00,Sin espera,4.0,5.0,5.0,4,"Fui hace unos días, suelo concurrir El Ñato de Samborondón, fui a los tiempos con algo de nostalgia del lugar, la atención muy atentos, creo que es la ubicación donde mejor atienden, y la calidad de la comida la conservan, el único detalle es que tras su remodelación el lugar cambió radicalmente, con luces blancas e infraestructura parecida a la de un Tuti, haciendo perder esa calidez clásica que es parte de la identidad de la marca, sin embargo, la atención y sabores hacen menores aquellos detalles, se les debe tomar atención desde la administración, sin embargo no es una excusa para no ir.",La Parrilla Del Ñato - Urdesa,True
2026-06-26 19:17:18.659000+00:00,,,,,5,"De todo lo que e probado, lo mejor calidad precio si quieres comer calidad precio, la ñatica y el ejecutivo son brutales. Muy recomendandos y la atención 10/10, si te gusta la carne ven aquí.",La Parrilla Del Ñato - Urdesa,True
2026-06-08 02:46:09.737000+00:00,,,,,5,"Excelente servicio, buena comida y un ambiente tranquilo para disfrutar sin el estrés y el bullicio de gente amontonada.",La Parrilla Del Ñato - Urdesa,True
2022-07-25 20:44:01.641000+00:00,,,,,2,"Pues me decepcionó ya que esperaba algo mejor, la papa hornada con la salsa de queso la salsa casi no tenía sabor a queso, la sangría parecía diluida no tenía mucho sabor en verdad esperaba algo mejor, la atención de los meseros fue muy buena dieron recomendaciones pero la comida no.",La Parrilla Del Ñato - Urdesa,True
2024-09-20 08:16:55.257000+00:00,,5.0,5.0,5.0,5,Lugar bonito. Atención muy buena. Comida deliciosa. Papa al horno es una delicia. Se los recomiendo,La Parrilla Del Ñato - Urdesa,True
2025-08-12 04:13:00.117000+00:00,,5.0,5.0,4.0,5,"Estuvo delicioso, hace años no comía una parrillada tan rica, la carne estaba perfecta.",La Parrilla Del Ñato - Urdesa,True
2022-01-04 00:33:58.201000+00:00,,,,,5,"Todo me encanto. La parrillada sabrosa, carne suave, todo en su punto. Pedimos una baby parrilla para dos personas. Quedamos satisfechos.",La Parrilla Del Ñato - Urdesa,True
2022-09-10 23:12:38.711000+00:00,,,,,4,"La esencia en los platos, la gran cantidad de carnes, el sabor y la sazón han cambiado, sin embargo la comida es buena todavia, Los costos se han incrementado un poco en relación a otras parrilladas de Urdesa.  En precios hay parrillada de todo tipo $20.00 en adelante, incluso la sangría es buena, tiene un costo de $17.00 la jarra. Hay parqueo en la calle de lunes a viernes hasta las 8pm se debe usar el taxímetro luego ya no se paga, sin embargo dependiendo la ocasión es muy difícil que exista disponiblidad. En ocasiones suele haber eventos en vivo, tuve la oportunidad de ser participe de un baile de tango efectuado por expertos. En esta ocasión la atención fue rápida, en comparación de la última vez que espere demasiado.",La Parrilla Del Ñato - Urdesa,True
2026-05-03 23:24:20.309000+00:00,,3.0,1.0,3.0,2,"Decidí llevar a mi madre a comer, pedimos unos pinchos y una lasaña, la papa guardada y recalentada, la lasaña quemada y recalentada con un mal aspecto",La Parrilla Del Ñato - Urdesa,True
2025-09-14 22:04:10.852000+00:00,Sin espera,5.0,5.0,5.0,5,"Cuando me enteré por una noticia fake, que había cerrado el local de Urdesa y se convirtió en un Tutti; me impacté. Es como que saquen el monumento de la rotonda con todo y Simón Bolívar/San Martín para poner otro Tutti ahí.  Fui de inmediato a constatarlo en familia y compartimos una bonita tarde de fin de semana como antaño….  Gracias Ñato.

Ñato es emblema, tradición y me sabe a reunión familiar. Un abrazo…",La Parrilla Del Ñato - Urdesa,True
2025-11-08 13:58:37.061000+00:00,,1.0,1.0,1.0,1,"Pésima comida, las carnes sin sabor, el chimichurri malo sabía a puro ajo, la salsa de queso no era salsa de queso si no un puré de papa encima de la papa asada. Antes era muy bueno ya dañaron la comida ahí, $100 dólares para una parrillada familiar que ni era familiar no tenía ni pollo ni carne, creo que hasta rukito que tanto hate le meten termina siendo mejor ahora que el ñato 🥲",La Parrilla Del Ñato - Urdesa,True
2023-05-05 19:01:21.199000+00:00,,5.0,5.0,5.0,5,"Excelente lugar, para degustar una cena por la noche junto amigos o familiares.",La Parrilla Del Ñato - Urdesa,True
2026-05-29 02:59:47.976000+00:00,,2.0,2.0,3.0,2,"Fui para recordar lo bueno y abundante que era y me decepcióno, no regresaría de nuevo",La Parrilla Del Ñato - Urdesa,True
2026-06-10 12:20:02.739000+00:00,,,,,5,Excelente lugar siguen manteniendo el sabor,La Parrilla Del Ñato - Urdesa,True
2025-02-04 02:35:35.053000+00:00,,5.0,4.0,5.0,5,"La parrillada super buena, los moros un poquito secos pero un buen lugar para disfrutar de una parrillada en pareja o familia",La Parrilla Del Ñato - Urdesa,True
2023-08-08 21:27:19.910000+00:00,,3.0,1.0,4.0,1,"Lamentablemente la calidad de la comida decreció de forma rotunda.
El ambiente un poco caluroso, sinceramente salimos decepcionados del lugar.",La Parrilla Del Ñato - Urdesa,True
2023-06-14 15:39:10.576000+00:00,,,,,3,"café expreso  parece café americano
el término de la carne pedí 3/4 y me trajeron muy cocida  la atención del salonero muy buena",La Parrilla Del Ñato - Urdesa,True
2023-06-21 01:38:25.546000+00:00,,5.0,5.0,5.0,5,Una delicia y siempre es un placer volver...,La Parrilla Del Ñato - Urdesa,True
2022-05-31 01:47:32.962000+00:00,,,,,5,"Muy bonito lugar, muy acogedor y personal siempre listo para complacer a la clientela y las parrilladas muy buenas",La Parrilla Del Ñato - Urdesa,True
2022-12-10 14:08:04.284000+00:00,,,,,4,Buen lugar para cenar en familia y amigos para los amantes de los cárnicos.  Si pudieran mejorar en tema de parqueo sería fabuloso.,La Parrilla Del Ñato - Urdesa,True
2023-03-12 04:50:20.107000+00:00,,5.0,5.0,5.0,5,"Carne súper tierna y muy rica, la pasamos muy bien en familia, con la buena música de los lagarteros",La Parrilla Del Ñato - Urdesa,True
2021-11-13 15:51:06.153000+00:00,,,,,1,Michelladas fatales (echas a base de canela y cerveza) no le echan nada más. La comida fría. Pero cobrarme si fueron buenos.,La Parrilla Del Ñato - Urdesa,True
2026-05-29 17:46:45.840000+00:00,,5.0,5.0,5.0,5,"Todo excelente, nada más que acotar",La Parrilla Del Ñato - Urdesa,True
2025-04-23 14:58:42.613000+00:00,,5.0,5.0,5.0,5,"Desde siempre y hasta siempre la mejor opción de carnes en Guayaquil, más aún ahora con sus 2x1 a medio día. Genial iniciativa, recomendable.",La Parrilla Del Ñato - Urdesa,True
2025-09-14 18:15:51.667000+00:00,,,,,5,"Un lugar tradicional remodelado para una buena atención.
Mantiene la calidad, el sabor",La Parrilla Del Ñato - Urdesa,True
2020-10-02 11:59:38.373000+00:00,,,,,5,Muy buena comida.,La Parrilla Del Ñato - Urdesa,True
2021-06-14 21:31:45.334000+00:00,,,,,5,Muy buenos cortes exelente parrillada y muy buena sangría...la atención si es un poco demorada ....,La Parrilla Del Ñato - Urdesa,True
2021-07-26 19:57:37.612000+00:00,,,,,5,Excelente servicio 5 🌟,La Parrilla Del Ñato - Urdesa,True
2023-04-18 17:13:11.359000+00:00,,4.0,4.0,4.0,4,"Un lugar Clásico en Urdesa, se tiene una buena opción de carnes, el pedido llegó a la mesa relativamente rápido, las guarniciones podrían ser de más cantidad ya que nos parecieron muy pequeñas. El lugar tiene buena iluminación y ventilación y cuenta con varios ambientes. Hay una opción (costo extra) que permite servirse varias ensaladas a todo momento, nos pareció que habían pocas opciones pero se veía todo muy fresco en ese momento. Precios aceptables, aunque hay otros que ofrecen un plus respecto a la acntidad de la porción o a la guarnición, por el mismo precio. La atención fue rápida y cordial. En general, buen lugar.",La Parrilla Del Ñato - Urdesa,True
2024-05-07 02:24:32.494000+00:00,,5.0,5.0,5.0,5,"Mi calificación del lugar ya habla por sí sola
Es un lugar que ha formado parte de mi historia de vida en diversos momentos bonitos y nunca he recibido mala atención, la comida jamás me ha decepcionado y el ambiente siempre limpio y agradable. Ya está en alguien si por alguna experiencia distinta manifieste lo contrario.",La Parrilla Del Ñato - Urdesa,True
2024-01-16 14:28:06.421000+00:00,,2.0,1.0,5.0,1,"La comida está muy guardada , ayer mi hermano menor pidió una picaña y estaba con un sabor raro hoy amaneció con fiebre y enfermo del estómago, la salsa de la papa se notaba que era guardada no lo recomiendo y había un pelo en la papa y se lo mostramos al mesero y se disculpó por eso , yo no soy nunca de hacer estos comentarios pero hoy amanecieron enfermos mis familiares y ya fue el colmo cual es la higiene de estos lugares ? Y se paga tanto para encima salir así ?,había una de las carnes en una mini parrillada que tenía un sabor raro el mesero nos dijo que ya lo mando a retar al cocinero por la comida terrible que nos dieron , no es culpa de los meseros sino del resto del personal el mesero dio un buen servicio!!",La Parrilla Del Ñato - Urdesa,True
2025-05-04 02:06:15.608000+00:00,Sin espera,4.0,5.0,5.0,5,Mi restaurante de toda la vida. Muy buena carne y variedad gigante de platos. Mi familia y yo vamos ya por más de 30 años.,La Parrilla Del Ñato - Urdesa,True
2020-11-27 20:43:17.862000+00:00,,,,,5,"Aquí venden unos platos para chuparse los dedos, qué platos tan exquisitos! Deberían probarlos.",La Parrilla Del Ñato - Urdesa,True
2021-07-08 00:19:50.336000+00:00,,,,,1,Mui rico todo 😋 un día en familia 👪💕😉 celebrando un cumpleaños 🎂,La Parrilla Del Ñato - Urdesa,True
2022-05-20 00:15:02.276000+00:00,,,,,5,El mismo ñato de hace 30 años!!,La Parrilla Del Ñato - Urdesa,True
2024-02-18 03:51:08.546000+00:00,,2.0,3.0,3.0,3,"Parrilada del Ñato Urdesa.

Honestamente y con mucha pena, parillada del Ñato solo el nombre, ya no es lo que solía  ser, precios altos para la calidad de comida, cortes de carne muy gruesos que apesar de que sea crea que""te llena más"" es grotesco,la carne dura y seca chuletas secas. Honestamente no comí con gusto, y la poca información y atención de los meseros deja mucho que desear, mil disculpas por decir aquello pero es lo que siento como comensal.

Deben de hacer mejoras urgentes.",La Parrilla Del Ñato - Urdesa,True
2025-08-18 19:34:11.545000+00:00,,3.0,4.0,4.0,3,"No había venido hace mucho tiempo, la calidad y el servicio un poco desmejorado",La Parrilla Del Ñato - Urdesa,True
2020-02-25 19:48:57.700000+00:00,,,,,1,"MALA EXPERIENCIA!!
Y bueno tenia hambre eran las 8pm. Estaba en el sector y entre a comer un corte. El precio no es barato  (25 dólares un lomo fino con papas no incluye ensalada que la cobran aparte). Lo primero el ambiente ultra desagradable parece mercado los niños malcriados corriendo por todo el local los padres no se inmutan los meseros  no piden control. Tuve que cambiarme de mesa aunque no logré mayor cosa. En segundo lugar el baño bastante sucio. Tercero el mesero con la peor actitud y mala gana del mundo. El corte de la carne normalito nomas nada del otro mundo las papas de funda no naturales. Lo único medio bueno fue el jugo. La cosa que me gaste casi 40 dólares y se demoraron una eternidad hasta para pasar la cuenta. NO RECOMENDADO!!  Realmente la Parrilla del Ñato se ha convertido en una sombra mediocre de lo que alguna vez fue.",La Parrilla Del Ñato - Urdesa,True
2020-03-15 03:14:46.711000+00:00,,,,,3,"En honor a nuestra última visita en esta semana, puedo decir que al igual que la penúltima hace meses atrás, el producto y servicio ya no es el de antes. Algo pasa, la carne, los cortes ya no son de excelentísima Calidad. La atención es lenta por parte de sus dependientes. Entiendo que en el local matriz de la Victor Emilio, hay trabajadores de avanzada edad, lo cual aplaudo por el apoyo laboral a los mismos, pero si se debería dinamizar de alguna manera la atención para hacerla más rápida y efectiva.",La Parrilla Del Ñato - Urdesa,True
2021-10-19 02:50:54.999000+00:00,,,,,5,"Todo súper bien, desde la pre atención  muy atentos, ya que fuimos por el cumpleaños de mi madre y reservamos una mesa familiar con decoración de cumpleaños y al llegar ya todo esta listo y solo para nosotros... la comida muy buena, las parrilladas recomendadas muy ricas, pero si quieren deleitarse con la especialidad de la casa, recomiendo la costillas a la leña... ufff el marmoleado de la carne es exquisito 🤤 la sangría tenía frutas poco comunes en la preparación como papaya y piña pero igual estaba de 10/10 para acompañar las carnes, la atención del mesero tambien fue súper amable, atento y rápido en el servicio hasta el final, en fin, 100% recomendado el restaurante.",La Parrilla Del Ñato - Urdesa,True
2020-11-22 04:35:34.842000+00:00,,,,,3,"Se han quedado en el tiempo, necesitan una renovación de imagen, sillas antiguas, decoración. La carne no tiene la calidad de hace años, la limonada se la sintió hecha a base de concentrado de limón, habiendo tanto limón fresco disponible. La hamburguesa estuvo muy buena, la masa de la pizza es algo que deberían mejorar, hacerla más crujiente y liviana.",La Parrilla Del Ñato - Urdesa,True
2021-10-21 22:58:35.274000+00:00,,,,,5,Espacioso.. para  compartir con la familia y amigos.. y la sazon de la parrillada muy rica...,La Parrilla Del Ñato - Urdesa,True
2020-10-01 23:02:08.250000+00:00,,,,,4,"Restaurante tradicional.... carnes.... ensaladas..... menú a la carta.... amplio salón de mesas para eventos corporativos.... personal capacitado y profesional..... calidad se comidas y bebidas.... buena atención.... seguridad...... Recomendado para compartir en familia, amigos, after office, piqueos y tragos..... Visitarlo es parte de los mejores restaurantes de Urdesa....",La Parrilla Del Ñato - Urdesa,True
2024-06-02 12:50:58.665000+00:00,,4.0,5.0,5.0,5,"Lugar muy acogedor, con una muy buena atención y unas carnes super deliciosas, super recomendado 👏",La Parrilla Del Ñato - Urdesa,True
2020-11-14 13:07:42.356000+00:00,,,,,2,Que puedo decir que diferencia una atención que no me esperaba uno pide una cosa y te dan otra te sirven algo sin haberlo pedido y si reclamas te miran mal y te contestan ahí tiene y ni siquiera te piden disculpa la cortesía no la tube la comida estaba cruda no la comí y como me toco un lugar que había moscas ya se puede imaginar que se pusieron en los panes salí desepcionada,La Parrilla Del Ñato - Urdesa,True
2022-07-02 22:04:20.828000+00:00,,,,,5,"Lugar tradicional de Guayaquil por años. Gran variedad y calidad platos a la carta. La pizza es súper rica! Recomendada!
Excelente para venir en familia a comer. La atención es super buena... Tiene aire con AC y sin AC. Bastantes mesas para grupos pequeños o grandes.
Si pasan por urdesa, no dejen de venir a comer acá. Además hacen envíos a domicilio.",La Parrilla Del Ñato - Urdesa,True
2021-01-19 01:16:38.855000+00:00,,,,,5,En señor que nos Atendió es un amor. <3,La Parrilla Del Ñato - Urdesa,True
2022-06-15 17:38:50.138000+00:00,,,,,5,Muy buen lugar y su pizza es fabulosa,La Parrilla Del Ñato - Urdesa,True
2020-01-25 15:13:03.765000+00:00,,,,,4,"Excelente, muy buena las parrilladas",La Parrilla Del Ñato - Urdesa,True
2021-09-28 01:59:11.478000+00:00,,,,,4,Muy buena parrillada y también pizza,La Parrilla Del Ñato - Urdesa,True
2023-05-22 03:11:34.412000+00:00,,5.0,5.0,5.0,5,"Siempre nos quedamos muy satisfechos por la calidad del servicio y especialmente la comida, muy buena!!Felicitaciones a todo el colectivo de trabajadores de este restaurant.",La Parrilla Del Ñato - Urdesa,True
2021-10-27 15:44:43.673000+00:00,,,,,5,"Excelente atención, comida muy sabrosa, precios acorde al lugar y servicio que ofrece. Me gustó mucho haber cenado ahí.",La Parrilla Del Ñato - Urdesa,True
2022-09-07 17:07:31.678000+00:00,,,,,5,"Excelente lugar , para eventos e reuniones corporativas, recomendado , tiene una excelente atencion y gran servicio. Y la comida es espectacular, de calidad , un lugar muy amplio y fino. Sobre todo la edificacion muy atractiva. Visiten este lugar es muy ideal para todos",La Parrilla Del Ñato - Urdesa,True
2022-09-25 02:13:27.230000+00:00,,,,,1,Pues existe parqueo seguro pero mientras uno degusta de alguna comida con sus familiares se nos olvida poner el tiempo y es un negocio porque ya los de la ATM han puesto la multa pata cuando uno reacciona. Terrible situación,La Parrilla Del Ñato - Urdesa,True
2024-05-18 05:16:39.969000+00:00,,4.0,5.0,5.0,5,"La comida es deliciosa tiene su sabor de siempre, su carne de calidad, servicio el mesero muy amable 10 de 10",La Parrilla Del Ñato - Urdesa,True
2024-08-06 12:44:42.322000+00:00,,3.0,5.0,5.0,5,Las carnes a la parrilla son excelentes y muy buena atención. Lo que si deben ya es mejorar el lugar.,La Parrilla Del Ñato - Urdesa,True
2023-05-22 12:35:03.128000+00:00,,5.0,5.0,5.0,5,"Excelente servicio, el dueño es una persona muy cordial, siempre atento de sus clientes, atiende personalmente en ciertas ocasiones, la pizza es una de las mejores.",La Parrilla Del Ñato - Urdesa,True
2025-12-21 20:43:14.901000+00:00,,5.0,5.0,5.0,5,Definitivamente el mejor restaurante de carnes de la ciudad de guayaquil. Hoy una vez más con mi familia disfrutamos mucha la atención el ambiente y la comida. Felicitaciones.,La Parrilla Del Ñato - Urdesa,True
2020-12-06 03:06:34.710000+00:00,,,,,5,Parrilla el Ñato .... lugar perfecto para celebrar 🎉 los cumpleaños 🎂 en Familia !,La Parrilla Del Ñato - Urdesa,True
2026-03-01 14:30:15.615000+00:00,Sin espera,4.0,5.0,5.0,5,Todo Ok,La Parrilla Del Ñato - Urdesa,True
2021-12-11 22:30:34.403000+00:00,,,,,3,"El lugar ya no puede vivir solo de su nombre, es hora de renovar sus instalaciones y su menú.
Bofe y chinculines se encuentran a dia de hoy en cualquier esquina, no hay necesidad de ponerlos en un restaurante de carnes.",La Parrilla Del Ñato - Urdesa,True
2020-01-17 15:13:50.636000+00:00,,,,,5,"En el local de Urdesa ha bajado mucho la calidad y cortes de las carnes en su totalidad ...
Ademas el aseo en el poso del restaurante la entrada  pasa con algo de grasa... eso no pasaba antes... por favor siempre fue unos de los mejores locales de guayaquil ...poner mucha atención a los cambios..",La Parrilla Del Ñato - Urdesa,True
2026-03-16 00:14:24.722000+00:00,,5.0,5.0,5.0,5,Excelente! Exclusivo,La Parrilla Del Ñato - Urdesa,True
2024-05-29 17:43:28.934000+00:00,,5.0,5.0,5.0,5,"Sumamente espectacular La Comida, la atención Muy Buena y el ambiente esputendo 😎💯",La Parrilla Del Ñato - Urdesa,True
2026-04-26 15:33:52.071000+00:00,,5.0,5.0,5.0,5,Excelente atención 👏🏼,La Parrilla Del Ñato - Urdesa,True
2022-09-02 03:35:21.115000+00:00,,,,,5,"Sumamente exquisita la comida y una atención de primera, sin duda alguna uno de los mejores lugares de parrilladas en Gye. Muy recomendado. 👌🏽👌🏽👌🏽👏🏽👏🏽👏🏽👍🏽👍🏽👍🏽👍🏽",La Parrilla Del Ñato - Urdesa,True
2022-01-17 14:57:08.386000+00:00,,,,,1,"Pésimo! pasamos por algo de comer y tomar ya que nos encontrábamos en el sector,  nos pasaron un vaso con lapiz labial, se sentía la falta de higiene por la cantidad de moscas, perdimos el apetito, a cuidar la limpieza!",La Parrilla Del Ñato - Urdesa,True
2020-01-30 04:17:05.806000+00:00,,,,,4,Me gusto por q fuimos muy bien atendidos y la comida muy sabrosa .,La Parrilla Del Ñato - Urdesa,True
2023-10-15 21:42:28.674000+00:00,,5.0,5.0,5.0,5,Excelente atención. Comida deliciosa y fresca  y ambiente acogedor. Precios razonables.,La Parrilla Del Ñato - Urdesa,True
2020-11-10 21:10:03.971000+00:00,,,,,5,La atención y la comida son excelentes. La pizza por metros es una obligación si vas. La barra de ensaladas expuestas ya no existe por el tema pandemia.,La Parrilla Del Ñato - Urdesa,True
2022-03-25 16:55:43.478000+00:00,,,,,5,Como siempre buena comida y buena atención,La Parrilla Del Ñato - Urdesa,True
2021-12-30 18:05:56.524000+00:00,,,,,5,"Excelente atención, buen ambiente y sin duda la comida bien sabrosa",La Parrilla Del Ñato - Urdesa,True
2021-10-17 10:39:14.442000+00:00,,,,,3,"Sabrosa la comida y la atención de primera, excelente lugar para comer en familia.",La Parrilla Del Ñato - Urdesa,True
2020-10-28 19:13:04.534000+00:00,,,,,1,"Pésima atención en la Victor Emilio Estrada, le dije a un mesero que el pan no estaba fresco y no me supo dar una respuesta razonable. Deberían mejorar la atención y la actitud de los meseros..",La Parrilla Del Ñato - Urdesa,True
2025-10-03 16:40:15.184000+00:00,,5.0,5.0,5.0,5,"Lo único, siempre será más caro que otros lugares, pero vale la pena",La Parrilla Del Ñato - Urdesa,True
2021-09-27 19:25:47.895000+00:00,,,,,5,"Lugar impecable, hermoso lugar para comer, gran asistencia de los meseros muy amables, excelente lugar para pasar en familia, amigos y pareja.",La Parrilla Del Ñato - Urdesa,True
2025-02-10 11:13:03.310000+00:00,,2.0,3.0,3.0,3,Sí infraestructura debe mejorar se nota lo antiguo del local,La Parrilla Del Ñato - Urdesa,True
2023-10-01 19:10:29.007000+00:00,,5.0,5.0,5.0,5,Tradicion y calidad en casa detalle desde la atención hasta la elaboración de cada plato. Un lugar que vale la pena repetir,La Parrilla Del Ñato - Urdesa,True
2022-03-14 20:33:34.133000+00:00,,,,,5,"Buen recibimiento, atención excelente y la parrillada riquísima, bonito lugar para darse sus gustos.",La Parrilla Del Ñato - Urdesa,True
2022-03-02 23:47:29.163000+00:00,,,,,1,"Los cortes pequeños, los precios muy altos, la atención lenta y poco cortéz, el emplatado mediocre, el sabor, dentro de lo aceptable, el ambiente y climatización buena, no posee estacionamiento propio.",La Parrilla Del Ñato - Urdesa,True
2023-11-27 18:16:17.105000+00:00,,5.0,5.0,5.0,5,"La atención es excelente, los meseros siempre son muy atentos y amables, la comida nunca decepciona",La Parrilla Del Ñato - Urdesa,True
2021-12-20 19:23:06.574000+00:00,,,,,5,"Excelente servicio, además de todos los alimentos encontrarse fresco y por sobre todo excelente atención..",La Parrilla Del Ñato - Urdesa,True
2020-03-09 18:58:08.479000+00:00,,,,,3,"siempre  fue un lugar muy limpio, pero en la actualidad no lo es, en Urdesa donde está cerrado con puertas de vidrio hay un olor a grasa repugnante,  y los baños siempre están con los papeles higiénicos que se salen de los tachos.",La Parrilla Del Ñato - Urdesa,True
2020-02-08 14:10:24.112000+00:00,,,,,5,"Excelente la carne y encantador el servicio de los meseros, local muy acogedor buena relación calidad precio.",La Parrilla Del Ñato - Urdesa,True
2023-05-31 17:13:09.869000+00:00,,5.0,5.0,5.0,5,Excelente restaurante con vieja data en buenos servicios y buenos platos Recomendable al 100 % total,La Parrilla Del Ñato - Urdesa,True
2023-04-18 23:21:59.406000+00:00,,1.0,3.0,1.0,3,La comida deliciosa. Precios altos... Servicio Regular... Ambiente lúgubre y baños descuidados y viejos,La Parrilla Del Ñato - Urdesa,True
2023-09-06 18:33:09.138000+00:00,,5.0,5.0,5.0,5,Es espectacular la comida exquisita y sigue con Buenos precios y excelente costa en carnes,La Parrilla Del Ñato - Urdesa,True
2020-02-28 19:57:07.024000+00:00,,,,,5,"Casi todo bien, el chimichurri llegó al final de todo ,los camareros perdidos con el gentío ,no estaban muy coordinados ,las parrillas son de acero oxidado, deberían ser de acero inoxidable,por lo demás todo bien",La Parrilla Del Ñato - Urdesa,True
2021-05-25 11:33:39.402000+00:00,,,,,4,"Bastante agradable, parrillada muy rica, la atención un poco fría, pero en términos generales bastante bien todo",La Parrilla Del Ñato - Urdesa,True
2023-05-30 11:19:02.797000+00:00,,,,,5,Buen servicio,La Parrilla Del Ñato - Urdesa,True
2023-05-19 22:05:32.809000+00:00,,3.0,3.0,3.0,4,"La parrilla que solicité tenia mas morcilla negra y tripa que carbe, no me parece correcto, porque uno pide carne y chuleta el resto no estuvo bien.",La Parrilla Del Ñato - Urdesa,True
2024-11-03 22:03:53.326000+00:00,,4.0,5.0,5.0,5,"Comida muy buena, solo un poquito mas de aseo en el piso",La Parrilla Del Ñato - Urdesa,True
2020-08-22 20:17:27.879000+00:00,,,,,3,Es un buen sitio pero creo que están perdiendo clientes otras parrilladas están con porciones no es lo misno cuando vivía el ñato sus hijos como que no les interesa el negocio,La Parrilla Del Ñato - Urdesa,True
2023-09-10 21:44:09.876000+00:00,,5.0,5.0,5.0,5,"La parrilla en du punto, ensaladas frescas y jugos frescos .muy buena atención, recomendable cien por ciento.",La Parrilla Del Ñato - Urdesa,True
2021-04-08 17:43:41.218000+00:00,,,,,1,"*LA comidad no tiene LA misma Calidad anterior ❌
* Las Copa sucia de un polvo negro 🕳
*La comidad fria 🥶
* El mesero  no conocia  bien nisiquiera El menu🤔

Hay q cambiar de place",La Parrilla Del Ñato - Urdesa,True
2023-11-26 22:04:25.069000+00:00,,1.0,4.0,5.0,3,"La comida se mantiene,el lugar se ve muy descuidado,poca gente ,la atención es Buena",La Parrilla Del Ñato - Urdesa,True
2021-01-24 19:38:48.649000+00:00,,,,,5,"Muy rico la parrillada familiar si comen unas 4 personas aproximadamente , tiene un costos e 60 dólares incluído IVA",La Parrilla Del Ñato - Urdesa,True
2022-03-31 18:14:19.167000+00:00,,,,,4,"Muy buena sus carnes y pizzas, la atención muy buena, regresaré pronto",La Parrilla Del Ñato - Urdesa,True
2020-07-26 00:02:18.198000+00:00,,,,,2,"Ya estaría bueno que cambien los muebles del local, son los mismos desde hace más de 10 años. Hay que rogarle a los camareros para que te atiendan, aunque visiblemente están desocupados",La Parrilla Del Ñato - Urdesa,True
2022-03-06 17:41:10.378000+00:00,,,,,2,Muy caro por no decir carísimo.una parrillada personal bien pobre .nada de innovación y presentación.desde los panes de ajo muy fuertes de sabor,La Parrilla Del Ñato - Urdesa,True
2023-07-23 02:08:57.987000+00:00,,3.0,5.0,3.0,5,"Rica la comida , el servicio no es muy atento , el lugar es muy limpio y elegante",La Parrilla Del Ñato - Urdesa,True
2022-04-27 00:32:52.089000+00:00,,,,,5,"Me encantó la Fanesca, es un plato que no había probado antes pero que se volvió de mis favoritos por siempre. Muchas gracias",La Parrilla Del Ñato - Urdesa,True
2022-02-05 23:17:47.875000+00:00,,,,,4,Sitio amplio con aire acondicionado y buena parrilla.  Sitio para  una reunión familiar tiene espacio para darle atención a familias grandes.,La Parrilla Del Ñato - Urdesa,True
2022-09-17 13:10:11.872000+00:00,,,,,4,"Buena siempre, poca asistencia, rápida atención.  Sus asados y carnes por tradición buenos.",La Parrilla Del Ñato - Urdesa,True
2020-11-29 03:01:05.585000+00:00,,,,,5,"Excelente atención
Muy rico todo
Me encanta todo impecable lo recomiendo",La Parrilla Del Ñato - Urdesa,True
2020-10-07 14:20:51.076000+00:00,,,,,5,"Bonito, pero no permitan que empresas hagan marketing dentro de sus instalaciones, tratan pésimo a los usuarios que no les compran sus afiliaciones o servicios.",La Parrilla Del Ñato - Urdesa,True
2021-04-23 02:11:04.671000+00:00,,,,,5,Buena experiencia y muy rico sabor de comida y de atendencia,La Parrilla Del Ñato - Urdesa,True
2025-09-09 03:07:57.854000+00:00,,,,,2,"Pésimo servicio, No lo recomiendo.",La Parrilla Del Ñato - Urdesa,True
2022-04-19 13:21:21.069000+00:00,,,,,2,"Mucha sal, las morcillas en mal estado el precio muy alto para puras morcillas y chinchurrias, la ensalada de vegetales fatal sin lavar en fin no vuelvo allí",La Parrilla Del Ñato - Urdesa,True
2022-01-05 13:42:30.571000+00:00,,,,,4,"Bastante bien, aunque un poco costoso para el servicio y el sabor. No hay parqueadero.",La Parrilla Del Ñato - Urdesa,True
2023-10-29 12:18:47.725000+00:00,,5.0,5.0,5.0,5,"Me gusto mucho el teatro, comer muestras se ve una obra super bueno",La Parrilla Del Ñato - Urdesa,True
2022-09-27 10:05:58.371000+00:00,,,,,5,Excelente como siempre. El lomo punta jalapeño de mantiene intacto después de hace muchos años,La Parrilla Del Ñato - Urdesa,True
2021-08-22 03:44:51.599000+00:00,,,,,1,Me llamaron de una agencia de viajes y me citaron en este lugar haciéndome creer que me había ganado unos pasajes que terrible situación que se presten para esto no los recomiendo.  Y arriba tienen esa  agencia es una burla ya los bloquee.,La Parrilla Del Ñato - Urdesa,True
2020-06-13 02:09:10.438000+00:00,,,,,5,Es un lugar cómodo para degustar una excelente parrillada! Todo bien en normas de Bioseguridad. Se lo recomienda!,La Parrilla Del Ñato - Urdesa,True
2020-02-23 03:43:33.970000+00:00,,,,,4,"Cómo siempre muy rica carne. Precios si son más altos al promedio, pero delicioso.",La Parrilla Del Ñato - Urdesa,True
2024-05-15 16:07:05.958000+00:00,,5.0,5.0,5.0,5,Amo la atracción de los meseros y amo mucho su parrillada ❤️ todo es rico..,La Parrilla Del Ñato - Urdesa,True
2024-01-15 03:42:33.308000+00:00,,5.0,4.0,5.0,4,"Sigue siendo un buen lugar para servirse alimentos, especialmente carnes",La Parrilla Del Ñato - Urdesa,True
2022-05-05 21:55:19.375000+00:00,,,,,4,"Un poco caro pero estaba buena la comida, antes había Buffett de ensaladas ahora ya nada",La Parrilla Del Ñato - Urdesa,True
2020-10-05 03:58:52.792000+00:00,,,,,5,"Tomé una parrillada familiar con moro y la verdad es que estuvo super bueno, la próxima pediré más salsa para llevar.",La Parrilla Del Ñato - Urdesa,True
2023-04-20 00:18:25.662000+00:00,,5.0,5.0,5.0,5,"Muy tranquilo, excelente ambiente para poder comer y pasarlo con la familia.",La Parrilla Del Ñato - Urdesa,True
2023-01-17 18:38:41.905000+00:00,,5.0,,5.0,5,Muy buen servicio buen carro 👍 atención 👍 gracias por todo y muchas bendiciones a todos los amigos de frendly,La Parrilla Del Ñato - Urdesa,True
2023-06-26 11:12:52.056000+00:00,,,,,4,Excelente muy bueno sus carnes,La Parrilla Del Ñato - Urdesa,True
2021-04-30 13:29:12.049000+00:00,,,,,5,Bueno la tradición de este local es bastante buena por la atención y por su exquisitez,La Parrilla Del Ñato - Urdesa,True
2023-01-19 02:34:34.775000+00:00,,3.0,4.0,5.0,5,"La atención fue espectacular.

Deben mejorar el menú y el ambiente",La Parrilla Del Ñato - Urdesa,True
2021-11-17 00:14:28.343000+00:00,,,,,5,una linda atencion y muy rico todo y las pizzas me encanta,La Parrilla Del Ñato - Urdesa,True
2021-08-23 20:47:43.618000+00:00,,,,,4,"Buen lugar, buena comida, tradicional, precios de medio para arriba",La Parrilla Del Ñato - Urdesa,True
2020-02-02 15:08:05.673000+00:00,,,,,1,"Lamentable!!! Lo único bueno es el nombre ""Parrillada el Ñato"", un día fue lo mejor de Gye  y hoy es... un quiero y no puedo.",La Parrilla Del Ñato - Urdesa,True
2020-02-16 20:03:12.928000+00:00,,,,,3,"Rapidez en el servicio,  deben mejorar la presentación de parrillada. El  sabor sigue siendo bueno.",La Parrilla Del Ñato - Urdesa,True
2021-09-29 14:56:17.505000+00:00,,,,,4,Muy buena atención un ambiente amplio para pasar con la familia,La Parrilla Del Ñato - Urdesa,True
2021-06-07 22:27:38.484000+00:00,,,,,3,"Muy delicioso. solo que han cambiado un chorizo, que era muy rico...",La Parrilla Del Ñato - Urdesa,True
2020-11-09 00:34:45.860000+00:00,,,,,5,"Excelente atención y precios , muy rico todo",La Parrilla Del Ñato - Urdesa,True
2021-12-19 21:26:46.945000+00:00,,,,,4,Buena la parrillada pero poca quizás porque todo a subido con lo de la pandemia pero para comer y salir del la rutina está bien,La Parrilla Del Ñato - Urdesa,True
2020-01-27 00:12:14.706000+00:00,,,,,5,"Delicioso, muy buena atención, los ingredientes muy frescos, me encantó",La Parrilla Del Ñato - Urdesa,True
2020-03-01 14:02:21.249000+00:00,,,,,4,"Excelente lugar, muy rico todo y la atenciòn muy bien..",La Parrilla Del Ñato - Urdesa,True
2021-06-10 20:00:07.066000+00:00,,,,,4,Muy buen servicio y excelente comida a un muy buen precio.,La Parrilla Del Ñato - Urdesa,True
2020-11-09 19:15:50.241000+00:00,,,,,4,"Clásico de parrilladas en Guayaquil, cómodo, amplio, todo en carnes. Precios medio-altos para todos los gustos.",La Parrilla Del Ñato - Urdesa,True
2021-08-13 03:21:20.221000+00:00,,,,,5,"La primera parrilla de Guayaquil, la tradicional y auténtica, siempre recomendada, no estaría mal una renovación de la oferta culinaria con platos típicos como moro o menestra.",La Parrilla Del Ñato - Urdesa,True
2021-08-02 13:05:09.564000+00:00,,,,,5,"Estuvo rico todo,y la atención fue muy rápido.",La Parrilla Del Ñato - Urdesa,True
2020-12-10 13:50:11.764000+00:00,,,,,5,"Excelentes cortes de alta calidad, variedad de platos precio $$, muy buena atención.",La Parrilla Del Ñato - Urdesa,True
2022-12-27 11:34:19.394000+00:00,,5.0,5.0,4.0,5,"La cuestión del parqueo es un poco difícil, el servicio un poquito por mejorar, el producto súper bueno",La Parrilla Del Ñato - Urdesa,True
2020-09-12 00:45:46.139000+00:00,,,,,4,Buena atención.,La Parrilla Del Ñato - Urdesa,True
2023-06-20 11:31:48.219000+00:00,,5.0,5.0,5.0,5,Muy buena   es la atención en parrilla  el ñato,La Parrilla Del Ñato - Urdesa,True
2021-04-28 00:20:48.814000+00:00,,,,,5,Excelente lugar para disfrutar con tus amigos o familia de una rica parrillada,La Parrilla Del Ñato - Urdesa,True
2023-06-28 13:19:17.525000+00:00,,3.0,3.0,4.0,3,Ha desmejorado su imagen y calidad de alimentos deberían mejorar un sitio tradicional de parrilla en Gye.,La Parrilla Del Ñato - Urdesa,True
2025-01-23 01:13:28.885000+00:00,,5.0,5.0,5.0,5,A los tiempos una rica parrillada con mis mamitas,La Parrilla Del Ñato - Urdesa,True
2021-01-15 00:17:11.827000+00:00,,,,,4,"Acogedor, espacioso. Bajo nivel de ruido.  Precios medios. Adecuada separación entre mesas.",La Parrilla Del Ñato - Urdesa,True
2023-06-08 20:07:38.680000+00:00,,,,,4,"Si quieres ir a lo tradicional en guayaquil a lo que se refiere en parrillas, es muy bunena opción",La Parrilla Del Ñato - Urdesa,True
2024-05-13 16:47:31.561000+00:00,,4.0,5.0,4.0,5,Sugiero ofrezcan pizzas con otros tipos de quesos aparte de mozarella,La Parrilla Del Ñato - Urdesa,True
2022-04-15 01:40:42.268000+00:00,,,,,2,"Ha bajado mucho la calidad, pedí un lomo a la pimienta la carne dura cocinada completamente pedí 3/4",La Parrilla Del Ñato - Urdesa,True
2020-01-11 03:04:40.485000+00:00,,,,,5,Fabuloso todo muy rico mas a lado  de mi querido 😙,La Parrilla Del Ñato - Urdesa,True
2023-02-26 22:50:08.468000+00:00,,,,,5,Excelente restaurante para todo tipo de ocasiones .,La Parrilla Del Ñato - Urdesa,True
2023-05-08 18:01:34.017000+00:00,,5.0,5.0,5.0,5,"Un pecho de paloma delicioso, muy rico y ni se diga del chorizo.",La Parrilla Del Ñato - Urdesa,True
2021-02-03 17:26:59.577000+00:00,,,,,5,Muy buen sabor y sobresaliente la atencion,La Parrilla Del Ñato - Urdesa,True
2022-03-22 11:06:06.354000+00:00,,,,,4,"Excelente atención, rica sazón y variedad de platos",La Parrilla Del Ñato - Urdesa,True
2022-04-26 23:02:14.494000+00:00,,,,,4,fuimos a degustar de una parrillada y estuvo genial. y acompañada de una copa de sangria.,La Parrilla Del Ñato - Urdesa,True
2021-10-20 13:16:09.331000+00:00,,,,,4,"La parrillada es un lugar bonito y comodo, la atención es muy buena.",La Parrilla Del Ñato - Urdesa,True
2022-12-30 02:46:44.282000+00:00,,5.0,4.0,5.0,5,Bueno pero cuando hay mucha clientela queda un poco seca la carne,La Parrilla Del Ñato - Urdesa,True
2022-06-07 03:43:46.806000+00:00,,,,,5,Como siempre de lo mejor. El sabor insuperable como cuando el Ñato estaba vivo,La Parrilla Del Ñato - Urdesa,True
2022-04-04 05:18:06.846000+00:00,,,,,3,Muy buena atención y parrillada muy bien,La Parrilla Del Ñato - Urdesa,True
2022-06-30 03:09:40.157000+00:00,,,,,2,Pedimos una parrillada Doble y no estuvo nada bueno. Realmente quede decepcionada.,La Parrilla Del Ñato - Urdesa,True
2022-08-21 19:24:04.922000+00:00,,,,,5,"Una delicia, y el self service esta super",La Parrilla Del Ñato - Urdesa,True
2024-12-24 04:50:50.441000+00:00,,4.0,5.0,4.0,3,Si vas en vincular no hay donde estacionarse,La Parrilla Del Ñato - Urdesa,True
2021-08-06 22:29:01.010000+00:00,,,,,4,"Buena comida y atención,  necesitan dar mantenimiento a las instalaciones.",La Parrilla Del Ñato - Urdesa,True
2021-01-15 20:37:54.771000+00:00,,,,,5,"Exquisita comida, un poco caro pero se lo merece por su calidad y atención",La Parrilla Del Ñato - Urdesa,True
2020-02-01 05:25:23.559000+00:00,,,,,4,Si deseas Carne!! Excelente Pecho de paloma y chorizo !!.... Por favor cambien las ensaladas!!,La Parrilla Del Ñato - Urdesa,True
2020-01-27 23:42:38.129000+00:00,,,,,5,Muy rico le falta una sala solo para parejas con música de ambiente,La Parrilla Del Ñato - Urdesa,True
2023-05-25 14:06:08.724000+00:00,,4.0,4.0,5.0,4,"Es Tradicional su sazon , Buen servicio y Ambiente acogedor.",La Parrilla Del Ñato - Urdesa,True
2022-02-10 20:35:19.011000+00:00,,,,,3,La comida estuvo buena. Aunque sus precios algo costoso,La Parrilla Del Ñato - Urdesa,True
2024-08-16 13:22:21.063000+00:00,,5.0,5.0,5.0,5,Lugar tradicional en Guayaquil que deben de visitar si están en la ciudad,La Parrilla Del Ñato - Urdesa,True
2022-12-04 03:55:08.599000+00:00,,,,,5,Cuando les den panes pidan la salsa de queso que es muuuy rica,La Parrilla Del Ñato - Urdesa,True
2020-01-10 14:10:31.340000+00:00,,,,,5,Muy buen servicio y la comida y sus salsas deliciosas,La Parrilla Del Ñato - Urdesa,True
2020-11-03 00:22:58.943000+00:00,,,,,4,"Exelente atencion, muy buena la parrillada",La Parrilla Del Ñato - Urdesa,True
2020-09-14 19:25:35.065000+00:00,,,,,5,Muy buena atencion. Comida rica.,La Parrilla Del Ñato - Urdesa,True
2020-02-22 04:01:43.900000+00:00,,,,,3,Deben mejorar el servicio de ahí la comida muy rica :(:,La Parrilla Del Ñato - Urdesa,True
2020-10-25 22:09:24.284000+00:00,,,,,5,"Deliciosas las papas al horno, y las carnes super suave 🥳",La Parrilla Del Ñato - Urdesa,True
2023-01-18 05:00:05.173000+00:00,,5.0,4.0,4.0,4,Grato lugar para festejar todo tipo de aniversarios o de otro tipo,La Parrilla Del Ñato - Urdesa,True
2022-12-28 18:28:29.138000+00:00,,5.0,5.0,5.0,5,Excelente servicio y estupendo ambiente para sociabilizar,La Parrilla Del Ñato - Urdesa,True
2020-11-22 22:07:10.219000+00:00,,,,,5,"Excelente sazón, servicio rápido para llevar",La Parrilla Del Ñato - Urdesa,True
2021-02-04 22:49:40.014000+00:00,,,,,1,Buena atención y como siempre exelente comida,La Parrilla Del Ñato - Urdesa,True
2023-05-09 11:29:00.250000+00:00,,5.0,5.0,5.0,5,"Muy buen ambiente
Muy buena atención
Parqueo disponible",La Parrilla Del Ñato - Urdesa,True
2023-04-30 18:31:40.453000+00:00,,4.0,3.0,5.0,4,"Ya no es igual que antes...
Pero el personal es MUY ATENTO! 👌🏻",La Parrilla Del Ñato - Urdesa,True
2020-11-02 03:59:50.378000+00:00,,,,,5,Muy bien atención y la cómoda súper rica,La Parrilla Del Ñato - Urdesa,True
2021-10-28 03:51:27.353000+00:00,,,,,5,Excelente trabajo.,La Parrilla Del Ñato - Urdesa,True
2020-08-18 17:09:48.853000+00:00,,,,,4,Excelente atención,La Parrilla Del Ñato - Urdesa,True
2025-04-26 03:05:13.731000+00:00,Sin espera,5.0,4.0,5.0,4,Buen lugar para celebrar un cumpleaños,La Parrilla Del Ñato - Urdesa,True
2020-02-28 08:55:29.352000+00:00,,,,,4,Carnes parrilla barbacoa y comidas deliciosas ademas tienes cerca tiendas de todo tipo y el lugar es estrategico para el turismo,La Parrilla Del Ñato - Urdesa,True
2022-03-18 21:00:50.321000+00:00,,,,,4,"Agradable el lugar, limpio y la atención es bastante buena",La Parrilla Del Ñato - Urdesa,True
2020-08-02 18:11:09.292000+00:00,,,,,4,Muy ricas sus comidas,La Parrilla Del Ñato - Urdesa,True
2024-08-05 13:28:08.665000+00:00,,4.0,5.0,3.0,4,Detalles mínimos para ser excelente..!!,La Parrilla Del Ñato - Urdesa,True
2022-06-09 18:00:34.491000+00:00,,4.0,5.0,5.0,5,Me hubiera gustado q hubiera musica ambiental en vez del escandaloso futboll,La Parrilla Del Ñato - Urdesa,True
2020-08-15 05:43:39.644000+00:00,,,,,5,Excelente parrillada y hacen una muy buena pizza,La Parrilla Del Ñato - Urdesa,True
2023-01-08 19:53:06.157000+00:00,,,,,5,"El metro de pizza ñato, recomendada para grupos de amigos o familiares",La Parrilla Del Ñato - Urdesa,True
2021-11-20 10:42:51.512000+00:00,,,,,5,"Como siempre, buen atención excelente comida",La Parrilla Del Ñato - Urdesa,True
2023-09-11 01:48:43.827000+00:00,,5.0,3.0,5.0,4,"La comida estuvo regular, no estaba acorde al precio (alto).",La Parrilla Del Ñato - Urdesa,True
2021-09-28 20:05:28.573000+00:00,,,,,5,"Excelente atención y rapidez en el servicio, exquisito todo 😋😋😋",La Parrilla Del Ñato - Urdesa,True
2022-03-29 21:13:35.625000+00:00,,,,,1,No me gustó . La comida no estuvo a la altura de lo q vale,La Parrilla Del Ñato - Urdesa,True
2022-01-25 18:32:14.149000+00:00,,,,,5,La mejor morcilla la sirven aquí ...excelente comida.😋🤤🥩🍖😍👍,La Parrilla Del Ñato - Urdesa,True
2021-07-03 21:22:06.251000+00:00,,,,,4,Muy bien con historia de calidad y buen gusto.,La Parrilla Del Ñato - Urdesa,True
2020-08-19 18:57:25.434000+00:00,,,,,4,Desde los 80 cuando era un adolescente hace más de 30 años la calidad en todos sus sentidos se mantiene,La Parrilla Del Ñato - Urdesa,True
2021-06-26 02:48:18.724000+00:00,,,,,5,"Muy bueno, en especial el precio",La Parrilla Del Ñato - Urdesa,True
2022-07-14 01:18:38.541000+00:00,,,,,5,Riquísimo su comida y una excelente atención,La Parrilla Del Ñato - Urdesa,True
2022-07-16 13:33:10.820000+00:00,,,,,1,Consejo del día. No compren pizzas en un lugar de parrilla. Mala y cara.,La Parrilla Del Ñato - Urdesa,True
2024-12-05 01:49:36.918000+00:00,,5.0,5.0,5.0,5,Deseo saber si hay menú navideño.,La Parrilla Del Ñato - Urdesa,True
2021-06-05 02:35:31.465000+00:00,,,,,2,desordenado mucho demora pero la cómoda si la recomiendo,La Parrilla Del Ñato - Urdesa,True
2021-12-22 16:38:42.264000+00:00,,,,,5,Un lugar hermoso para ir en familia 👪 💕 a disfrutar,La Parrilla Del Ñato - Urdesa,True
2021-01-09 07:07:57.070000+00:00,,,,,3,"Solo vine por los riñones y chinchulines, deliciosos. Lo demás, opino que es caro.",La Parrilla Del Ñato - Urdesa,True
2022-12-01 13:42:54.021000+00:00,,5.0,5.0,5.0,5,Deguste un lomo asado con papa al horno Rico y sangría 😋,La Parrilla Del Ñato - Urdesa,True
2020-11-12 04:21:54.814000+00:00,,,,,4,Buen servicio y cordial. Parrillada a la altura.,La Parrilla Del Ñato - Urdesa,True
2022-05-23 04:15:40.972000+00:00,,,,,5,"Buena comida, atención excelente",La Parrilla Del Ñato - Urdesa,True
2020-03-03 17:51:19.459000+00:00,,,,,5,Uy la pizza de morzarela y tomate es súper rica.,La Parrilla Del Ñato - Urdesa,True
2024-12-08 03:52:43.237000+00:00,,5.0,5.0,,5,Muy bueno,La Parrilla Del Ñato - Urdesa,True
2021-06-16 21:03:36.616000+00:00,,,,,4,MUY BUENA  CALIDAD DE PLATOS   Y ATENCIÓN.,La Parrilla Del Ñato - Urdesa,True
2020-09-17 05:29:05.753000+00:00,,,,,5,"Excelente comida y servicio, todas las medidas de bioseguridad! :D",La Parrilla Del Ñato - Urdesa,True
2022-08-23 09:31:49.846000+00:00,,,,,3,Ha bajado mucho la calidad. Ya no es tan rico como antes.,La Parrilla Del Ñato - Urdesa,True
2022-06-17 18:47:33.569000+00:00,,,,,5,"Muy buen lugar, excelente servicio",La Parrilla Del Ñato - Urdesa,True
2022-02-07 01:04:30.219000+00:00,,,,,5,"Buen ambiente, gratos momentos para recordar",La Parrilla Del Ñato - Urdesa,True
2021-08-15 02:03:06.349000+00:00,,,,,5,"las parilladas son de primera , excelente servicio , me gusto mucho",La Parrilla Del Ñato - Urdesa,True
2021-03-28 15:43:15.661000+00:00,,,,,2,Precios exesivos un lugar al que le falta mucho...la comida NO es de lo mejor.,La Parrilla Del Ñato - Urdesa,True
2021-03-14 17:37:30.430000+00:00,,,,,1,Precios alto y baja calidad en los alimentos.. Ya no son los mismos de antes,La Parrilla Del Ñato - Urdesa,True
2021-03-05 13:38:08.017000+00:00,,,,,5,La mejor parillada de guayaquil,La Parrilla Del Ñato - Urdesa,True
2021-11-05 01:07:03.573000+00:00,,,,,2,Esta viejo el lugar y la salsa chimichurri esta muy salada,La Parrilla Del Ñato - Urdesa,True
2021-08-05 03:47:20.534000+00:00,,,,,5,Excelente lugar... Si estan por Guayaquil no dejen de visitarlo,La Parrilla Del Ñato - Urdesa,True
2021-06-04 23:01:51.021000+00:00,,,,,5,La atención es muy buena y la comida exquisita!,La Parrilla Del Ñato - Urdesa,True
2021-01-25 13:45:02.764000+00:00,,,,,5,"Excelente atención, cuidan todas las medidas de bioseguridad",La Parrilla Del Ñato - Urdesa,True
2021-03-12 14:18:58.497000+00:00,,,,,5,"Muy bueno el servicio, nos gusto",La Parrilla Del Ñato - Urdesa,True
2023-12-10 12:12:34.105000+00:00,,5.0,5.0,5.0,5,Muy delicioso buena sazón.,La Parrilla Del Ñato - Urdesa,True
2025-02-16 16:42:30.528000+00:00,,5.0,5.0,5.0,5,"Muy bonito, recomendado",La Parrilla Del Ñato - Urdesa,True
2020-03-17 19:57:52.966000+00:00,,,,,4,Es muy buena la comida,La Parrilla Del Ñato - Urdesa,True
2022-11-02 19:23:46.797000+00:00,,3.0,2.0,4.0,3,No me gustó la carne en comparación con los precios,La Parrilla Del Ñato - Urdesa,True
2021-11-03 20:50:59.304000+00:00,,,,,4,"Muy buena atención.
La comida exquisita.",La Parrilla Del Ñato - Urdesa,True
2021-10-31 20:06:22.536000+00:00,,,,,3,Comido y muy rico todo...,La Parrilla Del Ñato - Urdesa,True
2020-01-05 17:01:31.555000+00:00,,,,,4,Buen trato. Deben mejorar el aseo de los baños.,La Parrilla Del Ñato - Urdesa,True
2021-11-19 18:32:55.246000+00:00,,,,,5,"COMIDA EXCELENTE,  TU COMES UN LOMO DIVINO, FELICITACIONES.",La Parrilla Del Ñato - Urdesa,True
2021-11-08 21:15:20.722000+00:00,,,,,5,"La parrillada es exquisita,es la mejor de Ecuador y la atención muy agradable",La Parrilla Del Ñato - Urdesa,True
2023-01-25 19:06:42.207000+00:00,,2.0,2.0,2.0,2,"Los platos no son impecables, se muestran rastro de los cubiertos",La Parrilla Del Ñato - Urdesa,True
2024-07-11 18:07:13.423000+00:00,,3.0,3.0,4.0,3,Lugar habitual de parrilla  desmejorado al pasar los años,La Parrilla Del Ñato - Urdesa,True
2020-07-04 23:53:12.500000+00:00,,,,,5,Bastante buena la comida y la atención,La Parrilla Del Ñato - Urdesa,True
2020-05-30 22:59:57.012000+00:00,,,,,5,El restaurante de carnes y asados más tradicional de Guayaquil y mi favorito de toda la vida.,La Parrilla Del Ñato - Urdesa,True
2022-07-16 02:54:08.619000+00:00,,,,,5,Muy buena parrillada y sabor,La Parrilla Del Ñato - Urdesa,True
2023-09-05 19:35:57.542000+00:00,,5.0,5.0,5.0,5,Me gusto excelente servicio,La Parrilla Del Ñato - Urdesa,True
2023-07-13 05:07:20.344000+00:00,,5.0,5.0,5.0,5,Excelente lugar para comer y conversar.....,La Parrilla Del Ñato - Urdesa,True
2021-08-11 11:37:53.319000+00:00,,,,,5,"Atención rápida, y con parqueadero propio, se pasó el Ñato",La Parrilla Del Ñato - Urdesa,True
2021-08-31 20:21:31.606000+00:00,,,,,5,Excelente atención y las carnes riquísimas,La Parrilla Del Ñato - Urdesa,True
2021-10-22 04:40:09.694000+00:00,,,,,4,Bien pero debe mejorar la atención prestada,La Parrilla Del Ñato - Urdesa,True
2021-06-09 15:36:49.653000+00:00,,,,,4,La calidad de las carnes há cambiado .. deben mejorar,La Parrilla Del Ñato - Urdesa,True
2022-03-09 02:40:42.483000+00:00,,,,,2,Faltó buena atención de parte de todos los meseros,La Parrilla Del Ñato - Urdesa,True
2021-10-30 13:50:46.353000+00:00,,,,,5,Parrillada excelente.... Pizza deliciosa,La Parrilla Del Ñato - Urdesa,True
2022-01-01 01:02:06.220000+00:00,,,,,5,Con la misma calidad y tradición de siempre. Carro de cerdo recomendado.,La Parrilla Del Ñato - Urdesa,True
2020-08-19 15:39:13.105000+00:00,,,,,5,Excelente atención y buena comida,La Parrilla Del Ñato - Urdesa,True
2020-02-16 04:30:01.273000+00:00,,,,,4,Muy ricos sus asados,La Parrilla Del Ñato - Urdesa,True
2020-01-20 21:19:08.711000+00:00,,,,,5,la pizza sigue siendo buena el metro de pizza barata,La Parrilla Del Ñato - Urdesa,True
2022-04-17 22:00:25.982000+00:00,,,,,5,muy bunas sus parrilladas y chimichurris,La Parrilla Del Ñato - Urdesa,True
2022-01-01 23:38:27.867000+00:00,,,,,5,"Buen ambiente, las carnes son suaves",La Parrilla Del Ñato - Urdesa,True
2021-03-22 12:36:10.920000+00:00,,,,,5,Excelente Atención y las parrillada exquisitas,La Parrilla Del Ñato - Urdesa,True
2024-05-02 11:23:45.361000+00:00,,5.0,5.0,5.0,5,Muy bueno,La Parrilla Del Ñato - Urdesa,True
2020-01-17 14:13:29.705000+00:00,,,,,3,Es bueno pero no saber preparar el termino solicitado en carnes,La Parrilla Del Ñato - Urdesa,True
2022-06-04 18:16:15.462000+00:00,,,,,5,Muy buena las carnes,La Parrilla Del Ñato - Urdesa,True
2020-09-06 04:28:42.808000+00:00,,,,,5,Excelente servicio,La Parrilla Del Ñato - Urdesa,True
2020-10-06 02:36:10.817000+00:00,,,,,5,La tranquilidad sus meseros muy amables,La Parrilla Del Ñato - Urdesa,True
2022-12-07 12:36:15.479000+00:00,,1.0,1.0,1.0,1,Este local ya es la sombra de lo que solía ser hace 20 años,La Parrilla Del Ñato - Urdesa,True
2021-12-18 16:19:51.304000+00:00,,,,,4,Buena atención y buena parrilla,La Parrilla Del Ñato - Urdesa,True
2020-02-01 13:28:30.228000+00:00,,,,,4,Necesita remodelación. Pero igual es un buen lugar.,La Parrilla Del Ñato - Urdesa,True
2021-12-30 14:02:14.470000+00:00,,,,,5,"Bonito lugar, excelente comida.",La Parrilla Del Ñato - Urdesa,True
2021-11-24 00:46:26.079000+00:00,,,,,4,La atención fue buena,La Parrilla Del Ñato - Urdesa,True
2020-12-08 18:51:28.546000+00:00,,,,,3,"Parrillada no tan buena, atención mala",La Parrilla Del Ñato - Urdesa,True
2020-12-12 03:56:38.891000+00:00,,,,,5,Excelente la parrilla y sus variedades,La Parrilla Del Ñato - Urdesa,True
2022-01-10 20:28:48.088000+00:00,,,,,5,Muy buena como siempre.,La Parrilla Del Ñato - Urdesa,True
2024-07-30 23:11:32.660000+00:00,,5.0,5.0,5.0,5,Muy buen sitio,La Parrilla Del Ñato - Urdesa,True
2023-02-04 21:52:57.862000+00:00,,5.0,5.0,5.0,5,Tiene que probar la pizza es otro nivel!!!👌,La Parrilla Del Ñato - Urdesa,True
2023-06-14 16:25:52.047000+00:00,,4.0,4.0,4.0,4,Muy buenos asados,La Parrilla Del Ñato - Urdesa,True
2022-02-19 00:10:19.874000+00:00,,,,,5,"Cómo siempre, muy bueno.",La Parrilla Del Ñato - Urdesa,True
2021-07-12 01:35:53.478000+00:00,,,,,5,Excelente!!! La comida y la atención 👌🏾,La Parrilla Del Ñato - Urdesa,True
2022-08-21 05:43:23.059000+00:00,,,,,5,"Clásico e infaltable para celebrar entre amigos.
👍🏼",La Parrilla Del Ñato - Urdesa,True
2021-07-21 14:44:47.572000+00:00,,,,,5,"A pesar de los años, la calidad que ofrecen se mantiene inalterable.",La Parrilla Del Ñato - Urdesa,True
2022-10-11 16:37:05.435000+00:00,,,,,5,Variedad de carnes. Atención amable de los meseros.,La Parrilla Del Ñato - Urdesa,True
2021-01-05 21:05:40.169000+00:00,,,,,4,"Buen término, pero algo raro los chinchulines",La Parrilla Del Ñato - Urdesa,True
2021-08-08 00:46:10.140000+00:00,,,,,5,Las mejores carnes asadas las encontrarás en este lugar!!!,La Parrilla Del Ñato - Urdesa,True
2020-12-20 20:24:22.041000+00:00,,,,,1,Ha subido demasiado los precios y esta mala la comida,La Parrilla Del Ñato - Urdesa,True
2023-05-08 23:33:57.794000+00:00,,4.0,5.0,5.0,5,"La tradicional parrillada, prueba las frutillas con crema!",La Parrilla Del Ñato - Urdesa,True
2020-09-28 22:09:51.425000+00:00,,,,,4,"La Sangría es perfecta,muy buenas las costillas !!",La Parrilla Del Ñato - Urdesa,True
2021-09-02 20:55:05.060000+00:00,,,,,4,Muy buena calidad.,La Parrilla Del Ñato - Urdesa,True
2020-01-20 22:18:09.040000+00:00,,,,,4,Buena comida aunque prefiero otras,La Parrilla Del Ñato - Urdesa,True
2020-11-11 20:22:51.807000+00:00,,,,,5,Excelente servicio y deliciosa comida 👍,La Parrilla Del Ñato - Urdesa,True
2022-05-24 23:17:02.977000+00:00,,,,,5,Deliciosa y más que delicioso sabroso todo,La Parrilla Del Ñato - Urdesa,True
2020-10-14 16:48:12.580000+00:00,,,,,4,Lugar amplio y aseado buena comida,La Parrilla Del Ñato - Urdesa,True
2020-10-11 19:06:33.205000+00:00,,,,,3,A desmejorado su servicio y productos,La Parrilla Del Ñato - Urdesa,True
2021-12-10 02:45:50.160000+00:00,,,,,5,Excelente la atención y la comida.,La Parrilla Del Ñato - Urdesa,True
2020-07-19 02:57:36.166000+00:00,,,,,5,Muy buena atencion de los empleados,La Parrilla Del Ñato - Urdesa,True
2021-09-10 18:17:42.197000+00:00,,,,,5,Delicioso bife de chorizo,La Parrilla Del Ñato - Urdesa,True
2023-06-03 03:30:58.241000+00:00,,,,,2,Pesimo carne  vieja y seca,La Parrilla Del Ñato - Urdesa,True
2020-02-06 23:36:07.226000+00:00,,,,,5,Excelente comida y pizzas las mejores,La Parrilla Del Ñato - Urdesa,True
2023-07-26 05:01:53.280000+00:00,,,,,5,Buen menú,La Parrilla Del Ñato - Urdesa,True
2022-09-16 22:57:27.481000+00:00,,,,,5,Todo delicioso y excelente servicio,La Parrilla Del Ñato - Urdesa,True
2022-05-17 21:05:36.948000+00:00,,,,,5,La mejor pizza del mundo solo el Ñato la ofrece!,La Parrilla Del Ñato - Urdesa,True
2022-06-24 23:43:44.638000+00:00,,,,,4,Muy bueno el pecho,La Parrilla Del Ñato - Urdesa,True
2021-08-12 20:07:41.788000+00:00,,,,,5,Recomemdado muy buena la atencion,La Parrilla Del Ñato - Urdesa,True
2020-01-11 04:43:42.555000+00:00,,,,,5,"Los mejores asados, para disfrutar en familia..",La Parrilla Del Ñato - Urdesa,True
2025-03-31 12:27:15.871000+00:00,,5.0,5.0,5.0,5,Buenos precios,La Parrilla Del Ñato - Urdesa,True
2023-02-03 14:40:36.895000+00:00,,5.0,5.0,5.0,5,Muy bueno todo,La Parrilla Del Ñato - Urdesa,True
2020-03-02 21:06:50.106000+00:00,,,,,5,Buena atencion a los cliente los recomiendo,La Parrilla Del Ñato - Urdesa,True
2021-01-11 20:39:42.686000+00:00,,,,,5,Celebrando el cumpleaños de mi mejor amiga (mi amor) 🥰,La Parrilla Del Ñato - Urdesa,True
2021-07-17 13:42:26.415000+00:00,,,,,5,Excelente para hacer negocios,La Parrilla Del Ñato - Urdesa,True
2020-03-07 00:42:13.669000+00:00,,,,,5,Excelente lugar para comer,La Parrilla Del Ñato - Urdesa,True
2020-01-21 04:48:50.375000+00:00,,,,,2,La atención es muy agradable,La Parrilla Del Ñato - Urdesa,True
2021-04-23 03:25:05.187000+00:00,,,,,1,Precios muy exagerados,La Parrilla Del Ñato - Urdesa,True
2023-04-30 18:42:55.041000+00:00,,3.0,3.0,5.0,4,"Para ir en grupo, precio$ como para compartir...",La Parrilla Del Ñato - Urdesa,True
2020-02-23 23:29:23.878000+00:00,,,,,5,Con mis grandes amigos la Famiia Cabezas,La Parrilla Del Ñato - Urdesa,True
2021-09-12 18:56:13.649000+00:00,,,,,4,La sangría especial es deliciosa 😋,La Parrilla Del Ñato - Urdesa,True
2021-06-14 12:30:12.057000+00:00,,,,,5,Comida.exquisita para compartir en familia,La Parrilla Del Ñato - Urdesa,True
2020-02-03 18:32:44+00:00,,,,,4,"Deben renovar el local, debe ser actualizarlo",La Parrilla Del Ñato - Urdesa,True
2021-10-28 11:31:32.005000+00:00,,,,,3,La carne de res deja mucho que desear...,La Parrilla Del Ñato - Urdesa,True
2022-04-24 01:37:06.431000+00:00,,,,,4,Todo bien,La Parrilla Del Ñato - Urdesa,True
2021-09-21 19:33:16.653000+00:00,,,,,5,Muy bien,La Parrilla Del Ñato - Urdesa,True
2022-04-24 00:27:40.140000+00:00,,,,,5,Atencion personalizada excelente.,La Parrilla Del Ñato - Urdesa,True
2022-09-16 12:32:44.974000+00:00,,,,,5,Excelente lugar y con la buena atención,La Parrilla Del Ñato - Urdesa,True
2020-02-14 21:39:27.001000+00:00,,,,,5,Es muy buen restaurante,La Parrilla Del Ñato - Urdesa,True
2021-03-08 03:06:35.685000+00:00,,,,,5,Muy buena atención,La Parrilla Del Ñato - Urdesa,True
2022-01-22 19:12:06.442000+00:00,,,,,4,"Podría ser mejor, al precio que manejan.",La Parrilla Del Ñato - Urdesa,True
2020-01-15 00:20:51.318000+00:00,,,,,5,"Muy buenas parrillas y asados, con sazón Uruguaya.",La Parrilla Del Ñato - Urdesa,True
2021-02-15 00:55:38.208000+00:00,,,,,4,Muy buena,La Parrilla Del Ñato - Urdesa,True
2021-09-22 23:34:56.370000+00:00,,,,,1,No me gusto su servicio,La Parrilla Del Ñato - Urdesa,True
2021-05-04 19:50:35.847000+00:00,,,,,3,Pudo ser mejor...,La Parrilla Del Ñato - Urdesa,True
2022-05-29 14:08:05.070000+00:00,,,,,5,"Atención de primera, recomendado al 100%",La Parrilla Del Ñato - Urdesa,True
2021-01-19 05:33:40.617000+00:00,,,,,5,"Bandejita Ñato, excelente atención.",La Parrilla Del Ñato - Urdesa,True
2020-07-05 00:51:17.183000+00:00,,,,,5,Excelente atención rica patrillada,La Parrilla Del Ñato - Urdesa,True
2022-02-20 17:21:38.935000+00:00,,,,,5,Excelente Sabor de la parrilla,La Parrilla Del Ñato - Urdesa,True
2020-11-29 00:14:55.002000+00:00,,,,,5,Buena parrilla solicita atencion,La Parrilla Del Ñato - Urdesa,True
2022-03-15 20:38:14.559000+00:00,,,,,4,Me gusto muy bonito,La Parrilla Del Ñato - Urdesa,True
2022-07-11 18:54:42.416000+00:00,,,,,2,"baja calidad de alimentos,  altos precios",La Parrilla Del Ñato - Urdesa,True
2023-12-25 22:59:06.508000+00:00,,,,,5,Excelente servicio,La Parrilla Del Ñato - Urdesa,True
2022-12-25 14:24:20.341000+00:00,,5.0,5.0,5.0,5,Mantiene la tradición de la buena comida,La Parrilla Del Ñato - Urdesa,True
2021-06-30 18:31:19.658000+00:00,,,,,4,Buen sitio parca eventos,La Parrilla Del Ñato - Urdesa,True
2021-11-28 12:56:07.566000+00:00,,,,,3,Los cortes especiales están deli,La Parrilla Del Ñato - Urdesa,True
2021-02-24 21:04:24.646000+00:00,,,,,5,Continúan con el mismo sabor característico.,La Parrilla Del Ñato - Urdesa,True
2021-02-14 20:33:17.685000+00:00,,,,,2,"No eslo que solía ser,",La Parrilla Del Ñato - Urdesa,True
2022-07-05 01:36:42.776000+00:00,,,,,5,"Excelente servicio, lo máximo",La Parrilla Del Ñato - Urdesa,True
2021-03-25 22:54:11.692000+00:00,,,,,5,Buen ambiente y buena atención,La Parrilla Del Ñato - Urdesa,True
2022-05-12 03:44:55.026000+00:00,,,,,4,Deben mejorar las instalaciones del lugar,La Parrilla Del Ñato - Urdesa,True
2020-01-19 02:34:13.487000+00:00,,,,,3,En urdesa sólo un área tiene aire acondicionado,La Parrilla Del Ñato - Urdesa,True
2020-09-22 23:36:24.558000+00:00,,,,,5,La Parrilla Del Ñato es sencillamente espectacular!!!,La Parrilla Del Ñato - Urdesa,True
2021-06-01 03:33:28.457000+00:00,,,,,5,Lugar estupendo y deliciosa comida,La Parrilla Del Ñato - Urdesa,True
2020-10-01 22:34:26.356000+00:00,,,,,5,Comida deliciosa y atención de primera👌,La Parrilla Del Ñato - Urdesa,True
2020-10-03 16:40:37.868000+00:00,,,,,5,Un muy buen lugar,La Parrilla Del Ñato - Urdesa,True
2022-09-21 12:05:07.585000+00:00,,,,,4,Un lugar muy agradable.,La Parrilla Del Ñato - Urdesa,True
2020-12-19 00:10:33.192000+00:00,,,,,4,Buen lugar para compartir,La Parrilla Del Ñato - Urdesa,True
2022-06-06 15:45:58.781000+00:00,,,,,5,Siempre rico!,La Parrilla Del Ñato - Urdesa,True
2020-12-23 20:50:30.296000+00:00,,,,,5,Muy sabrosa la comida,La Parrilla Del Ñato - Urdesa,True
2020-08-01 03:50:19.563000+00:00,,,,,5,Un lugar muy bonito,La Parrilla Del Ñato - Urdesa,True
2022-01-05 15:53:08.629000+00:00,,,,,5,Excelente comida,La Parrilla Del Ñato - Urdesa,True
2021-03-02 00:52:54.683000+00:00,,,,,4,Excelente comidas y variedad,La Parrilla Del Ñato - Urdesa,True
2022-04-22 04:13:46.176000+00:00,,,,,5,Muy linda la atencion,La Parrilla Del Ñato - Urdesa,True
2020-12-01 15:51:04.926000+00:00,,,,,5,Muy buena la parrillada,La Parrilla Del Ñato - Urdesa,True
2022-09-20 01:25:30.791000+00:00,,,,,5,Super bueno recomendado 👌,La Parrilla Del Ñato - Urdesa,True
2020-03-18 19:53:51.364000+00:00,,,,,5,Carne de primerísima calidad!,La Parrilla Del Ñato - Urdesa,True
2023-02-18 02:42:31.145000+00:00,,5.0,5.0,5.0,5,Excelente servicio,La Parrilla Del Ñato - Urdesa,True
2020-09-19 02:29:30.462000+00:00,,,,,5,Delicioso. Recomendadísimo 👌,La Parrilla Del Ñato - Urdesa,True
2020-09-18 15:32:55.384000+00:00,,,,,4,Buena comida,La Parrilla Del Ñato - Urdesa,True
2024-06-15 22:08:45.901000+00:00,,5.0,5.0,5.0,5,Deliciosa su parrilla y la sangría,La Parrilla Del Ñato - Urdesa,True
2023-09-11 04:07:40.522000+00:00,,3.0,2.0,3.0,2,Han descuidado la sazón,La Parrilla Del Ñato - Urdesa,True
2020-07-30 21:27:27.790000+00:00,,,,,5,Rico. Aseo .comodidad. estacionamiento,La Parrilla Del Ñato - Urdesa,True
2021-06-06 18:39:52.717000+00:00,,,,,5,Excelente servicio!,La Parrilla Del Ñato - Urdesa,True
2023-05-08 16:29:07.830000+00:00,,5.0,5.0,5.0,5,Exelente servicio,La Parrilla Del Ñato - Urdesa,True
2020-05-21 18:39:20.130000+00:00,,,,,5,Excelente servicio.,La Parrilla Del Ñato - Urdesa,True
2022-04-04 21:33:12.088000+00:00,,,,,5,Sin duda la mejor parrillada en Guayaquil,La Parrilla Del Ñato - Urdesa,True
2025-04-03 19:04:46.301000+00:00,,5.0,5.0,5.0,5,Un clásico,La Parrilla Del Ñato - Urdesa,True
2020-02-18 01:59:49.876000+00:00,,,,,5,Me gustan los riñones de $ 4 !!,La Parrilla Del Ñato - Urdesa,True
2020-11-09 16:12:53.778000+00:00,,,,,5,excelente comida,La Parrilla Del Ñato - Urdesa,True
2022-04-30 17:16:52.542000+00:00,,,,,4,Excelente servicio,La Parrilla Del Ñato - Urdesa,True
2020-01-28 02:28:00.716000+00:00,,,,,2,El Lugar necesita renovación Urgente!,La Parrilla Del Ñato - Urdesa,True
2022-11-29 00:40:41.848000+00:00,,4.0,4.0,4.0,4,Excelente opción,La Parrilla Del Ñato - Urdesa,True
2020-09-19 03:53:11.270000+00:00,,,,,5,Mui buen servisio,La Parrilla Del Ñato - Urdesa,True
2023-12-20 05:16:29.933000+00:00,,5.0,5.0,5.0,5,"De los lugares clásicos de Guayaquil, el mejor",La Parrilla Del Ñato - Urdesa,True
2025-06-09 20:13:45.796000+00:00,Hasta 10 min,5.0,5.0,5.0,5,Buenas comida,La Parrilla Del Ñato - Urdesa,True
2023-12-10 22:11:26.080000+00:00,,4.0,5.0,5.0,5,Cómo siempre excelente,La Parrilla Del Ñato - Urdesa,True
2020-02-08 01:43:12.756000+00:00,,,,,5,De toda la vida!! Exelente,La Parrilla Del Ñato - Urdesa,True
2024-10-16 00:01:19.346000+00:00,,5.0,5.0,5.0,5,Buenísimo,La Parrilla Del Ñato - Urdesa,True
2021-02-27 05:33:37.837000+00:00,,,,,5,Estuvo rico,La Parrilla Del Ñato - Urdesa,True
2023-09-15 22:27:32.162000+00:00,,,,,5,Muy deliciosa comida,La Parrilla Del Ñato - Urdesa,True
2020-03-17 07:19:10.032000+00:00,,,,,5,Excelentes carnes,La Parrilla Del Ñato - Urdesa,True
2021-05-18 04:32:18.845000+00:00,,,,,5,Excelente servicio,La Parrilla Del Ñato - Urdesa,True
2024-02-26 03:53:59.244000+00:00,,5.0,5.0,5.0,5,Delicioso todo,La Parrilla Del Ñato - Urdesa,True
2024-10-18 20:56:06.164000+00:00,,5.0,5.0,5.0,5,Excelente 👌cool,La Parrilla Del Ñato - Urdesa,True
2021-08-03 05:12:28.661000+00:00,,,,,5,Buen servicio,La Parrilla Del Ñato - Urdesa,True
2021-02-04 05:32:50.244000+00:00,,,,,5,Excelente servicio,La Parrilla Del Ñato - Urdesa,True
2020-09-19 13:26:24.195000+00:00,,,,,5,Muy bueno,La Parrilla Del Ñato - Urdesa,True
2020-09-19 16:01:01.966000+00:00,,,,,4,Estuvo muy buena,La Parrilla Del Ñato - Urdesa,True
2021-07-17 05:16:51.314000+00:00,,,,,5,Siempre excelentes,La Parrilla Del Ñato - Urdesa,True
2022-04-24 21:27:36.194000+00:00,,,,,5,Ambiente agradable,La Parrilla Del Ñato - Urdesa,True
2021-06-30 22:21:44.379000+00:00,,,,,5,Riquísimo es poco,La Parrilla Del Ñato - Urdesa,True
2022-03-22 22:29:33.067000+00:00,,,,,5,Excelente atención,La Parrilla Del Ñato - Urdesa,True
2021-06-11 04:04:11.691000+00:00,,,,,5,Buen aguado de gallina,La Parrilla Del Ñato - Urdesa,True
2021-03-09 11:36:58.722000+00:00,,,,,5,Aun la comida y el asado son ricos,La Parrilla Del Ñato - Urdesa,True
2024-08-06 18:00:51.801000+00:00,,5.0,5.0,5.0,5,Exelente,La Parrilla Del Ñato - Urdesa,True
2020-12-06 03:54:40.357000+00:00,,,,,5,Excelente lugar de comida,La Parrilla Del Ñato - Urdesa,True
2021-09-23 12:45:51.786000+00:00,,,,,5,Excelente atención,La Parrilla Del Ñato - Urdesa,True
2021-12-11 20:13:41.025000+00:00,,,,,5,Excelente atencion,La Parrilla Del Ñato - Urdesa,True
2020-11-23 02:30:05.150000+00:00,,,,,3,Excelente todo,La Parrilla Del Ñato - Urdesa,True
2026-06-30 18:50:01.771000+00:00,Sin espera,,,,5,"Es un lugar acogedor, buen aire acondicionado, ahora con temática del mundial de fútbol, buenos precios, linda la presentación de los platos. Buen sabor.",MoroGrill - C.C. Las Terrazas,True
2024-04-30 20:49:26.688000+00:00,,5.0,5.0,5.0,5,"Un restaurante muy acogedor ubicado en el centro comercial Las Terrazas en la vía Samborondón. Ofrece deliciosa comida típica compuesta en gran parte por menestras y distintas proteínas.
Su plato estrella es el Sartenazo.
Tiene estacionamientos, cuenta con Wifi gratis y sobre todo la atención es excelentes.
Precios accesibles",MoroGrill - C.C. Las Terrazas,True
2026-07-23 19:14:41.127000+00:00,,3.0,2.0,5.0,2,"La carne no estuvo en el término solicitado, el chimichurri de la casa nada agradable y la ensalada de igual manera. No regresaría al lugar. Se destaca la buena disposición y amabilidad del mesero.",MoroGrill - C.C. Las Terrazas,True
2026-01-25 00:59:11.362000+00:00,Hasta 10 min,5.0,5.0,5.0,5,"Un ambiente muy agradable y la comida deliciosa, me gusta mucho los platos de comida típica ecuatoriana que ellos preparan.",MoroGrill - C.C. Las Terrazas,True
2023-02-22 01:52:32.974000+00:00,,5.0,5.0,5.0,5,"Fuimos a celebrar en familia y pedimos platos emblemas del local.

El servicio excelente de parte del joven y tienen conocimiento de los productos, recomiendan al cliente las mejores opciones.

El Sartenaso es lo mejor porque puedes armarlo según tus antojos y gustos, pedimos 3 opciones.

El lomo fino muy bueno en término 3/4, las chuletas son una buena opción y brindan una buena porción.

El moro 4 quesos y las ensaladas excelentes.

Las cervezas tienen promociones y el jugo de maracuyá muy bueno, lo pedimos en jarra.",MoroGrill - C.C. Las Terrazas,True
2026-01-10 20:29:16.323000+00:00,Hasta 10 min,5.0,5.0,5.0,5,"Todo excelente, la comida y la atención
Muy buenas las porciones y rica menestra de frejol, las proteínas muy bien condimentadas",MoroGrill - C.C. Las Terrazas,True
2025-08-17 01:48:54.424000+00:00,Sin espera,5.0,3.0,5.0,4,"Pedí un típico con moro, menestra y carne, el moro tenía mucho sabor a pimiento (no me gustó eso) el resto de productos estaban buenos, la copa de sangría para el valor estaba chiquita, la atención fue rápida",MoroGrill - C.C. Las Terrazas,True
2025-08-09 01:15:03.593000+00:00,,5.0,5.0,5.0,5,"Comida excelente por su sazón, buen ambiente, cálido, agradable y su personal muy atento en todo. Lo recomiendo ya que se puede disfrutar en familia y con los pequeños muchísimo más. Muchisima variedad de comida para todos los gustos , y también sopas en mi caso para mi bebé lo máximo.",MoroGrill - C.C. Las Terrazas,True
2024-11-25 18:59:28.612000+00:00,,4.0,2.0,3.0,3,"El “Sartenazo” es un concepto interesante y las salsas que lo acompañan son buenas pero deja que desear. Lo que probamos fue:

- Tuco de papa: Aunque la idea es atractiva (papa rellena de frijol, carne y queso), la mitad de la papa estaba dura y gran parte del relleno sin carne. 4/10

- Sartenazo: El plato destacó por sus salsas, pero la porción resultó muy pequeña considerando el precio (cerca de $11). Pedimos esta porción para compensar la falta de proteína en el Sartenazo, pero llegó demasiado tarde, cuando ya habíamos terminado. 6/10

En resumen: El concepto es bueno, fue una experiencia aceptable, pero no como para regresar.",MoroGrill - C.C. Las Terrazas,True
2026-06-14 00:24:16.483000+00:00,,,,,5,"Update. Junio 13, 2026
Primera visita en el nuevo local.  CC Las Terrazas es de facil acceso, parqueo disponible las dos veces que hemos ido a este CC.
Nos gustó mucho el ambiente de MG. Fuimos un grupo de 6. Nuestro mesero super amable y  sonreido, muy profesional. Tomo nuestros pedidos, por su puesto que pedimos 2 Sartenazos pepos. Los otros platos tambien super ricos. Ahhh y nos gusto la limonada hierbabuena.  Ya estamos plane planeando nuestra proxima visita.  Exitos!

~~~~~~~~~~~~~~
Wow, was I impressed with their moros and menestra.  I asked the very nice guys Antoletaeats to suggest a place where to eat delicious moros in the Sambo area and they were right when suggesting this place.
We were a party of 7 so we all ordered different plates and got to try a delicious chuleta, a corn on the cob but mainly moros was just to die for.
The place looked nice, clean, not too busy when we got there.  Our waiter was good but at the end he gave us an attitude (that is another story) but I definitely will go back when visiting Ecuador again.",MoroGrill - C.C. Las Terrazas,True
2024-01-27 03:28:35.231000+00:00,,5.0,5.0,5.0,5,"¡Buenísimo!! Pedimos una trilogía de moros, lomo fino, y costilla. Sobró y salimos súper satisfechos. De verdad súper buena sazón.",MoroGrill - C.C. Las Terrazas,True
2023-05-19 03:00:56.551000+00:00,,,,,4,Me gustó el lugar y me sorprendió. Tienen una carta de platos muy completa pero lo destacable son los moros. La carta de bebidas me sorprendió también que sea tan variada. La relación precio/cantidad va muy bien. El sabor queda a cada quien pero personalmente hay mejores moros este estaba con poco sabor 7/10. Fui al que queda en samborondon en las terrazas y ya lo digo… para el lugar los precios no están nada altos.,MoroGrill - C.C. Las Terrazas,True
2023-11-26 02:19:47.364000+00:00,,5.0,5.0,5.0,5,"La especialidad son los moros y el arroz con menestra con carne de res, chuletas de cerdo, costillas de cerdo, pollo, chorizos, etc. Combinan la parrilla con platos tradicionales y el resultado es delicioso, la carta es muy variada y hay platos que le dan al cliente la posibilidad de hacer sus propias combinaciones.  El lugar está alegremente decorado y hay muy buen ambiente. El servicio es excelente.  Los precios son moderados y el centro comercial tiene espacio de parqueo.",MoroGrill - C.C. Las Terrazas,True
2022-08-17 05:25:15.862000+00:00,,,,,5,"Después de algún tiempo encontré una nueva recomendación 5 estrellas

1. Ambiente: vaya en familia o con amigos que este restaurante se disfruta entre varios
2. Comida: sólo les diré una cosa. SARTENAZO. Sin mucha ciencia, puedes armarlo a tu gusto y sin duda una de las mejores comidas que he probado en Guayaquil
3. Precio: me pasa a menudo que no logro encontrar lugares con una buena comida y a un precio aceptable. Pues este lugar marcó la diferencia, te enseña que no debes cobrar una millonada por una buena comida.
4. Servicio: pues si bien me faltó algo de “actitud” en el mesero. Siento que era entendible porque ya eran casi las 9pm cuando llegamos. A pesar de esto siempre fue una buena atención y todo estuvo sin novedad.

Tip para el lugar: póngase las salsas de la casa y le recomiendo la de Maracuya",MoroGrill - C.C. Las Terrazas,True
2025-06-30 05:32:08.268000+00:00,Sin espera,5.0,5.0,5.0,5,Muy generosas porciones y excelentes precios. Fue muy delicioso. Me encantó la opción de armar un plato a tu gusto.,MoroGrill - C.C. Las Terrazas,True
2022-07-26 02:45:28.973000+00:00,,,,,4,"Excelente sabor, tuco, ensalada de envidia pero las papas al horno necesitan ser más como Cajape o el ñato osea están muy secas las de morogrill y abusan del queso parmesano ...pero SUS CARNES, MOROS Y PRECIOS... excelentes.",MoroGrill - C.C. Las Terrazas,True
2023-09-26 01:45:03.330000+00:00,,5.0,5.0,5.0,5,"Espectacular me pedí un sartenazo de pollo y muy delicioso, es un plato típico creado por ellos con menestra de lenteja y servido en un sartén. El precio está muy bien para su buen sabor, la porción que sirven es súper grande. Muy recomendado y la atención muy buena en todo momento. Para disfrutar con familia y amigos",MoroGrill - C.C. Las Terrazas,True
2020-10-12 04:52:15.017000+00:00,,,,,5,"Buena atención, buena comida, precios justos, buen sazón, calidad de personal (meseras y chefs). Muy amables y no le molestó llevar la comida a otro restaurante. Los sartenazos son muy buenos y creativos (constan de 5 o 6 pasos y por ende son bastante personalizables. 100% recomendado.",MoroGrill - C.C. Las Terrazas,True
2022-06-14 03:49:27.207000+00:00,,,,,5,"Muy buena comida y atención agradable; la especialidad el Sartenazo.

🍛 la comida en general muy buena, y en porciones más que aceptables. Lo mejor es el Sartenazo donde puedes combinar moros, proteína y diferentes toppings. Pero hay más platos variados.

🤵‍♀️ la atención muy buena por parte de los meseros, siempre prestos a ayudar al cliente.

💸 precio muy aceptable en relación a la cantidad, calidad y ubicación.

🐾 además es pet friendly",MoroGrill - C.C. Las Terrazas,True
2024-07-02 04:24:44.981000+00:00,,5.0,4.0,5.0,4,"Pedí un sartenazo armado con moro manaba, menestra de lenteja, costilla y salsa cheddar. El plato estuvo muy bueno en sabor, pero las cantidades servidas de costilla y moro por su precio $10,68 si me parecieron pocas. Lo llamativo del local son la variedad de combinaciones de moro que ofrece. El servicio fue bueno y la ambientación también. En general fue decente la experiencia, para probar algo nuevo lo veo bien, pero para seguir yendo no me convence la poca porción por el precio.",MoroGrill - C.C. Las Terrazas,True
2024-11-24 07:06:35.956000+00:00,,5.0,5.0,5.0,5,"Nos encanta el sabor de todos los platos. Son sabrosos pero no grasientos. La vinagreta, el queso manaba, el punto de las carnes, los postres hechos por ellos... Todo exquisito!!!",MoroGrill - C.C. Las Terrazas,True
2026-02-24 21:31:52.643000+00:00,Sin espera,5.0,5.0,5.0,5,"me encanta!!! mi plato preferido es el sartenazo super recomendado, la menestra es de lo mejor, el moro es muy rico, lo recomiendo al 100%",MoroGrill - C.C. Las Terrazas,True
2023-09-02 00:18:46.569000+00:00,,4.0,3.0,1.0,2,"31-agost-2023: atención mala.. no recomiendo

Por parte del camarero a empujar con los hombros cuando estábamos entrando..

Servicio super demorado..

Cuando preguntas por la comida la respuesta es mediocre, te callan..

Sirvieron la comida y las salsas que se pidió las traen cuando ya al terminar la comida..

Incluso las salsas unas las tenían en una funda y la abrieron con la boca.. demasiado inaceptable

No aconsejaría cuando el precio es alto se espera buena atención y rapidez..  sobre todo atención que sepan tratar a la gente.. no empujándote callandote y abriendo salsas de una funda con la boca..

Comida en sabor aceptable..

Espero que mejoren..",MoroGrill - C.C. Las Terrazas,True
2022-10-05 21:34:03.062000+00:00,,,,,5,"Deliciosa gastronomía, combinaciones muy buenas y precios acordes a lo que pides... recomendado 100%
Los jugos son deliciosos",MoroGrill - C.C. Las Terrazas,True
2026-07-24 19:44:12.822000+00:00,Sin espera,5.0,5.0,5.0,5,Comida muy buena. Los sartenazos son lo top.,MoroGrill - C.C. Las Terrazas,True
2026-01-10 20:28:38.183000+00:00,,5.0,5.0,5.0,5,"Excelente comida , las porciones son realmente grandes el sartenazo lo más rico,el personal fabuna excelente atención al cliente y el pedido salió muy rápido en unos 15 minutos",MoroGrill - C.C. Las Terrazas,True
2021-08-24 03:23:20.333000+00:00,,,,,5,"Su comida es deliciosa, el sartenazo el mejor plato, su atención única y lo mejor la música en vivo este ambiente es increíble para pasarla en amigos y disfrutar de una deliciosa sangría",MoroGrill - C.C. Las Terrazas,True
2022-07-30 05:10:36.555000+00:00,,,,,5,🌟🌟🌟🌟🌟🍽️🍹 super la Atención un lugar hermoso Su moro volcan súper deli y las Chuletas ni k decir y la sangría 🍹 excelente,MoroGrill - C.C. Las Terrazas,True
2020-07-24 03:35:42.633000+00:00,,,,,5,"La comida es muy buena y el servicio es excelente, tienen buenas medidas de bioseguridad y la carta la puedes visualizar en tu móvil, el Sartenazo es una manera muy original de pedir lo que te gusta lo recomiendo al 100%",MoroGrill - C.C. Las Terrazas,True
2023-09-10 04:41:45.300000+00:00,,5.0,5.0,5.0,5,"Excelente comida, deliciosa y la atención de primera",MoroGrill - C.C. Las Terrazas,True
2024-01-06 01:35:03.675000+00:00,,5.0,5.0,5.0,5,"Excelente en todo sentido, la comida exquisita, el ambiente animado y acogedor a la vez, una experiencia única!.",MoroGrill - C.C. Las Terrazas,True
2025-10-03 22:37:02.152000+00:00,,5.0,5.0,5.0,5,Los originales creadores del sartenazo! Uno de mis restaurantes fav ❤️ Me encantan los sartenazos en todas sus versiones y el rebosado de camarón ufff una delicia. Buen ambiente y buena atención. 100% recomendado. 🙌🏻,MoroGrill - C.C. Las Terrazas,True
2022-07-25 05:02:08.329000+00:00,,,,,5,Buena comida calidad precio. He ido en varías ocasiones y siempre ha sido genial,MoroGrill - C.C. Las Terrazas,True
2022-03-01 00:18:56.372000+00:00,,,,,5,"Comida muy buena, el moro excelente y las bebidas muy buenas 😍",MoroGrill - C.C. Las Terrazas,True
2020-02-06 19:40:15.269000+00:00,,,,,5,"Había revisado este lugar por su página de Instagram y sin duda las fotos te provocaban hambre. No decepcionaron.
Muy entretenidos los moros en sartén, cantidad suficiente o hasta más. El mesero fue amable.",MoroGrill - C.C. Las Terrazas,True
2023-10-17 11:08:40.746000+00:00,,,,,5,"Fui a celebrar mi cumple, nos atendieron súper bien y pedí esta opción más ligera que fue pollo, papas chauchas y ensalada que estuvo delicioso.",MoroGrill - C.C. Las Terrazas,True
2023-12-21 01:33:03.534000+00:00,,5.0,4.0,4.0,5,Relación costo beneficio buena. Variedad de platos y buen sabor.,MoroGrill - C.C. Las Terrazas,True
2023-08-25 21:50:09.160000+00:00,,3.0,4.0,4.0,4,"Buen lugar de grill guayaquileño, moros en distintas variedades y carnes.",MoroGrill - C.C. Las Terrazas,True
2020-09-27 19:56:33.912000+00:00,,,,,5,"La comida es excelente, pero sobre todo la cordialidad de los trabajadores hacen que tú experiencia sea muy agradable.
Felicitaciones, 10/10",MoroGrill - C.C. Las Terrazas,True
2026-05-28 13:14:58.753000+00:00,Sin espera,5.0,5.0,5.0,5,"Estuve en el restaurante de Terrazas, gran lugar, recomendado totalmente.",MoroGrill - C.C. Las Terrazas,True
2025-08-13 13:04:12.181000+00:00,Sin espera,5.0,5.0,5.0,5,"El sartenazo no falla, delicioso y las salsas combinan perfecto. Mi mamá se pidió un churrasco y la carne estaba perfecta. Las porciones son grandes, dos personas pueden comer de un plato",MoroGrill - C.C. Las Terrazas,True
2023-02-04 03:36:20.900000+00:00,,4.0,5.0,4.0,5,"Muy Bueno Todo Para salir de la rutina, Mas Nada por que existen mejores lugares a menor costo.
Sin embargo Recomendado🍽",MoroGrill - C.C. Las Terrazas,True
2021-02-06 14:01:15.720000+00:00,,,,,5,"El lugar es muy limpio y cuenta con todas las medidas de bioseguridad, la comida ni se diga es muy deliciosa y y los meseros son muy atentos y educados a la hora de atender.",MoroGrill - C.C. Las Terrazas,True
2021-08-03 01:22:37.070000+00:00,,,,,5,Excelente atención y muy buena comida,MoroGrill - C.C. Las Terrazas,True
2025-11-22 03:00:40.581000+00:00,Sin espera,5.0,5.0,5.0,5,"Hablar de Morogrill es hablar de su sazón, su tradición, de su sartenazo. No me crean, vayan y prueben, luego hablamos. 100% recomendado.",MoroGrill - C.C. Las Terrazas,True
2023-03-31 02:55:26.928000+00:00,,5.0,5.0,5.0,5,La comida deliciosa y la atención de primera!! Definitivamente regresaré,MoroGrill - C.C. Las Terrazas,True
2021-09-02 02:59:09.770000+00:00,,,,,5,"Buen ambiente, comida típica ecuatoriana. Sabores clásicos.",MoroGrill - C.C. Las Terrazas,True
2026-03-31 01:31:43.050000+00:00,,5.0,5.0,5.0,5,Le doy 10/10. Excelente servicio y atención.,MoroGrill - C.C. Las Terrazas,True
2021-09-26 21:07:08.944000+00:00,,,,,5,Excelente restaurante para comer con la familia,MoroGrill - C.C. Las Terrazas,True
2020-02-25 02:31:52.738000+00:00,,,,,4,"Rico todo, se los juro, pero lo que me dieron no era lomo de asado y si lo era, les recomendaría que cambien de proveedor",MoroGrill - C.C. Las Terrazas,True
2024-11-09 05:29:35.734000+00:00,,5.0,5.0,3.0,4,"Es segunda vez que voy y no me dejan sentarme donde quiero porque disque no hay luz lastimosamente eso me desilusiono mucho de la atención, que hasta tuve que pararme e irme, la vez pasada me hicieron lo mismo, pero igual me senté donde quería, la persona que me atendía una chica media molesta. Entonces para no tener esos inconvenientes decidí no volver a visitarlos. Pero la comida excelentísima la carne en su punto y uno de los tiramisús más deliciosos que he probado este último año. Espero tomen cartas en eso para en una próxima vez visitarlos y no tener otro inconveniente por lo demás excelentes.",MoroGrill - C.C. Las Terrazas,True
2026-06-14 19:19:14.899000+00:00,,,,,5,Excelente los alimentos el sartenazo recomendado,MoroGrill - C.C. Las Terrazas,True
2026-01-10 14:19:01.784000+00:00,De 10 a 30 min,5.0,5.0,5.0,5,"Hermoso el lugar, la presentación y calidad de los productos y la atención 10 / 10",MoroGrill - C.C. Las Terrazas,True
2026-03-13 13:27:52.810000+00:00,De 10 a 30 min,5.0,4.0,4.0,4,Han remodelado su comida sigue siendo buena,MoroGrill - C.C. Las Terrazas,True
2024-09-26 02:34:57.476000+00:00,,5.0,5.0,5.0,5,Excelente servicio. La comida exquisita y te sientes como en casa. Te sirve rápido lo que has pedido y  los precios son accesibles . Me.encanto pedí un moro con menestra patacones y carne me quedé full.. lo recomiendo 100%,MoroGrill - C.C. Las Terrazas,True
2021-07-23 23:12:18.695000+00:00,,,,,5,"Agradable ambiente, rica comida y buenos precios. Recomiendo la sangría",MoroGrill - C.C. Las Terrazas,True
2025-03-26 03:56:02.823000+00:00,,4.0,3.0,5.0,3,La menestra es muy casera 10/10.. pero las proteínas no son su fuerte. La gran mayoría simples. El chimichurri es muy malo. Sin duda es un lugar para visitar una vez.,MoroGrill - C.C. Las Terrazas,True
2022-03-21 03:39:18.326000+00:00,,,,,5,"Muy buena atención. Los platos de primera, muy buena porción. En esta ocasión acudí para celebrar el cumple de mi mamá, le obsequiaron un postre por su cumple.
Hicimos pedidos de varios moros con costilla, un bife de chorizo y el famoso sartenazo. Mi cuenta se hizo $98 (5 Personas)",MoroGrill - C.C. Las Terrazas,True
2023-04-11 13:30:29.344000+00:00,,,,,5,"Muy bueno! Y bastante para mí estómago, la próxima lo comparto 😄",MoroGrill - C.C. Las Terrazas,True
2024-09-21 22:43:04.775000+00:00,,,,,1,"Pésimo servicio, es la segunda vez que visitamos el lugar y nos atienden muy mal nunca se acercan a la mesa para preguntar si necesitamos algo ... Los meseros pasan con la cabeza   mirando arriba y no a las personas que están sentadas . Pedí la cuenta  y la señorita primero se pone armar el yenga para guardarlo . Luego viene mi novio y le dice la cuenta por favor y le dice ya me pidió la señora y sigue armando las piezas... Le dije primero deme la.cuenta y luego guarda su yenga.. y ahí recién le dice a un compañero que le ayude con la cta. Pésimo pésimo servicio .. la cuenta me la.traen cobrando un plato de más y una michelada adicional ....
Los platos muy buenos !",MoroGrill - C.C. Las Terrazas,True
2023-08-02 20:14:21.993000+00:00,,4.0,5.0,3.0,3,Un lugar agradable para comer. Fuimos 2 personas. Pedimos un churrasco y un sartenazo.  Muy buenos los dos. El lomo de excelente calidad y muy bien hecho. Pedimos una entrada de nachos con queso que demoró algo más de lo aceptable.  En lo demás un servicio decente.  En general muy bueno todo.  Estuvimos a la hora del almuerzo y había mucha clientela jóven. Ya 1ue los precios son convenientes para lo que se obtiene.,MoroGrill - C.C. Las Terrazas,True
2022-02-10 02:57:36.195000+00:00,,,,,4,"Es un lugar lindo, ubicado en un lugar seguro, la atención es buena y la carta variada (gira en torno a carnes asadas y embutidos). La ensalada de con aderezo de marscuyá es muy buena, hay relación precio calidad. Sin embargo, es un lugar al que iría por algo cotidiano y no para algo especial. La comida es buena pero nada extraordinario.",MoroGrill - C.C. Las Terrazas,True
2023-11-03 00:23:28.924000+00:00,,,,,4,"Buen lugar costeño
Me estaba molestando porq no había patacones, pero q creen ??  Justo llegaron",MoroGrill - C.C. Las Terrazas,True
2020-03-05 14:48:48.921000+00:00,,,,,1,"Tiene un buen ambiente, la comida no está para nada mal. Mi calificación es por la pésima  atención que brindó la dueña del local al momento de explicar las promociones del modo tasty y el 2x1 en bebidas de moderación.
Si el modo tasty hace que regales la mitad de la comida, fácil! No lo hagas!!! No es por el valor, es por la forma como tratas al cliente.

Este lugar es el típico ""solo para probar"" ""primera y última"" solo por la atención",MoroGrill - C.C. Las Terrazas,True
2021-11-08 13:32:31.519000+00:00,,,,,3,El tamaño de la proteína es pequeño. El sabor del moro y la menestra están muy bien. La atención fue cordial.  Los precios están acorde a la zona. Pagas piso por donde se encuentra.,MoroGrill - C.C. Las Terrazas,True
2021-11-12 16:38:24.377000+00:00,,,,,4,"El moro de choclo excelente, la vinagreta de la ensalada muy buena... Curiosamente lo menos sabroso del plato fue el lomo fino, el cual estaba algo insípido y me lo dieron bien cocido cuando lo pedí 3/4. Gran atención, eso sí.",MoroGrill - C.C. Las Terrazas,True
2022-09-02 19:15:33.484000+00:00,,,,,5,"El ambiente es moderno y distendido, la atención de primera y amable, la comida fue una experiencia muy buena creativa y gran sabor.

Se puede mejorar los postres con algo de amor creatividad para pasar de lo clásico que encuentras en todo resto.",MoroGrill - C.C. Las Terrazas,True
2020-03-10 18:03:02.220000+00:00,,,,,1,"Pésima atención de la dueña, se pasó quejando de que no gana con Modo Tasty. Se demoraron en servir los platos y la orden no vino como se solicitó. Es lamentable que el servicio en Guayaquil no mejore en pleno 2020. Todos las empresas tienen políticas internas y el cliente se ajusta, pero el simple hecho de que te griten y eleven la voz por preguntar sobre promociones hace que nunca más quieras volver.

El servicio que uno recibe no tiene precio y es lo que se busca, para todo lo demás existe tarjeta de crédito.",MoroGrill - C.C. Las Terrazas,True
2024-02-15 18:45:47.109000+00:00,,4.0,5.0,4.0,5,"La comida deliciosa, la sazón muy apegada al sabor casero de una menestra de frejol recién preparada, la carne suave y en su punto, las salsas deliciosas, el día que fui, pasaron más de 5 minutos al llegar y lamentablemente ningún mesero se acercó a tomar mi orden o al menos presentarse, tuve que dirigirme a la hostest para que ella llamara a alguno, por lo demás la atención fue buena y la comida sabrosa.",MoroGrill - C.C. Las Terrazas,True
2024-04-03 01:49:21.345000+00:00,,5.0,5.0,5.0,5,"Me encanta hay una gran variedad de restaurantes a los cuales a su mayoría he ido, con diversas opciones para cada gusto, todos son muy buenos, precios medios altos pero valen la pena.",MoroGrill - C.C. Las Terrazas,True
2024-04-27 02:05:13.930000+00:00,,2.0,4.0,2.0,2,Un menú muy cerrado y sin apertura a ofrecer soluciones que satisfagan a sus clientes .  El servicio no nos supo ofrecer alternativas que nos ayuden a disfrutar y más vale nos terminó ahuyentando del lugar.. una pena,MoroGrill - C.C. Las Terrazas,True
2025-05-03 17:32:18.040000+00:00,De 10 a 30 min,5.0,5.0,5.0,5,"Riquísimo ese plato, lo recomiendo.
Fui cuando estaba en promo los miércoles",MoroGrill - C.C. Las Terrazas,True
2022-05-01 03:35:57.563000+00:00,,,,,5,"Un excelente lugar, en el cual se puede disfrutar de variados platos,buena atención de ambiente agradable ...Recomendado..",MoroGrill - C.C. Las Terrazas,True
2022-07-26 09:38:14.736000+00:00,,,,,2,"Muy buena la comida, precios adecuados la atención pésima. El mesero sin paciencia, molesto, se hizo una reservaciòn con tiempo llegamos ni sabían de la misma, recién en ese momento que cuántas personas éramos y facilitar mesas.",MoroGrill - C.C. Las Terrazas,True
2024-02-12 16:33:24.683000+00:00,,5.0,5.0,5.0,5,"Tienen muy buena variedad de comida, el sabor y la calidad de los productos es muy buena, la atención es rápida y aceptan todas las formas de pago. Es un buen lugar para reuniones",MoroGrill - C.C. Las Terrazas,True
2026-04-23 19:23:58.716000+00:00,Hasta 10 min,,,,5,Chevere para disfrutar en familia 😋,MoroGrill - C.C. Las Terrazas,True
2022-03-20 11:20:30.107000+00:00,,,,,5,"Excelente lugar, comida deliciosa, el servicio bueno, rapidez en la atención.

Recomendado!",MoroGrill - C.C. Las Terrazas,True
2022-02-19 15:35:41.345000+00:00,,,,,2,"Es un pena la cortesía que brindan a los cumpleañeros habiendo varias opciones a escoger te ofrecen una muestra de bola de helado. La comida no es tan rica, nada del otro mundo. La salsas son simples, es más las dejamos los que fuimos, demasiada menestra en el dichoso sartén que eso se transforma en una sopa de menestra ya que todo se termina mezclando. Los arroces tipo rissoto no tienen nada de rissoto. Te dicen moro ""tipo rissoto"" de choclo y es un arroz con pimiento rojo no te lo especifican en el menú. No lo recomiendo y es más publicidad y pura foto que otra cosa. Aunque el lugar es bonito y acogedor, la atención no fue mala.",MoroGrill - C.C. Las Terrazas,True
2020-01-13 01:55:16.097000+00:00,,,,,5,"Me gusta este lugar, tiene un ambiente cálido y la comida es muy rica, aunque ests vez no me fue tambuem se demoraron mucho y mis moros no estuvieron tan rico como en otras ocasiones, suele pasar que a veces tenemos un mal día y creo que esta vez me tocó a mi",MoroGrill - C.C. Las Terrazas,True
2025-08-06 06:08:45.570000+00:00,Hasta 10 min,5.0,5.0,5.0,5,La comida insuperable generalmente no como arroz ...pero el moro de lentejas estaba de lujo...recomendadisimo,MoroGrill - C.C. Las Terrazas,True
2025-05-14 04:36:33.067000+00:00,,4.0,5.0,5.0,5,Todo impecable muy rico y excelente servicio cumplieron con todo lo que prometieron al ingresar,MoroGrill - C.C. Las Terrazas,True
2023-04-23 05:01:53.067000+00:00,,,,,2,"Mi esposo y yo asistimos a este restaurante, tenía sed de trago entonces solicité amablemente una piña colada. Cabe recalcar que estábamos sentados junto al bar donde preparaban las bebidas. Posteriormente, vimos a la mesera preparar la “piña colada” con zhumir y teníamos mucha curiosidad ya que esta bebida normalmente se prepara con RON. Luego la mesera nos entregó la bebida y le preguntamos si tenía ron y nos dijo que SÍ cuando literalmente la habíamos visto ponerle Zhumir. Devolvimos la bebida y nunca regresé a este local.",MoroGrill - C.C. Las Terrazas,True
2023-08-28 02:52:39.999000+00:00,,4.0,4.0,4.0,4,"Muy buena opción para comer, la atención y servicio son muy buenas",MoroGrill - C.C. Las Terrazas,True
2021-11-16 11:52:55.890000+00:00,,,,,5,"La comida siempre excelente. Buen spot para comer lo tradicional hecho por profesionales. La menestra muy buena, la carne suave, los sartenazos son espectaculares.",MoroGrill - C.C. Las Terrazas,True
2023-01-20 02:54:39.126000+00:00,,,,,4,"El plato que representa al lugar es el sartenazo, se puede armar según la preferencia de cada persona, el sabor es bueno, pero ponente poca proteína. :(",MoroGrill - C.C. Las Terrazas,True
2021-04-07 05:06:04.939000+00:00,,,,,5,"Muy rico, muy bueno, muy grandes sus platos. Recomendado. Quieres comer hasta no poder levantarte del lugar? Debes de comer sus sartenazos!",MoroGrill - C.C. Las Terrazas,True
2024-05-14 14:52:11.579000+00:00,,5.0,5.0,5.0,5,"Excelente comida y servicio, lo recomiendo 10/10",MoroGrill - C.C. Las Terrazas,True
2020-01-04 00:47:21.802000+00:00,,,,,4,"Excelente cocina. Muy buenos platos y variados. Buena atención, solo mejoraría la comodidad del lugar, es bueno, pero puede ser mejor.
Recomendado.",MoroGrill - C.C. Las Terrazas,True
2020-02-07 18:56:21.606000+00:00,,,,,5,"Lugar informal, buena atención, platillos deliciosos, hay que ir con mucha hambre o para compartir, las porciones son abundantes, precios razonables, calidad y cantidad.",MoroGrill - C.C. Las Terrazas,True
2021-08-01 20:12:03.998000+00:00,,,,,3,"Se pidió un sartenazo con moro francés. Las proteínas (chuleta y pollo) con buen sabor. No usar las mesas exteriores por la tarde, es sumamente caluroso. Lo que si es inconcebible es que no exista una carta física (si ya se sabe que la pandemia y demás bla, bla) pero no puedes obligar al comensal a literalmente ver el menú por código QR. ¿Y si no tiene datos? ¿Si se te fue el Internet te fregaste? Mi acompañante jamás pudo ver la carta y el mesero tampoco dio ninguna solución. Deben tener pocos menús físicos pero deben tenerlos, alguien con menos paciencia se levanta y se va.",MoroGrill - C.C. Las Terrazas,True
2022-10-18 17:22:34.809000+00:00,,5.0,4.0,5.0,5,"El Sartenazo su plato único, si tienes mucha hambre, este es el plato a escoger. Recomendación, podrían trabajar con un Chorizo artesanal, talvez algo local y a la salsa de queso manaba le faltó ese sabor característico del queso manaba.",MoroGrill - C.C. Las Terrazas,True
2022-12-14 00:44:59.079000+00:00,,5.0,5.0,5.0,5,"La comida es excelente, demasiado rica con un ambiente muy agradable para compartir.",MoroGrill - C.C. Las Terrazas,True
2022-08-30 01:18:38.075000+00:00,,,,,5,Uno de mis restaurantes favoritos,MoroGrill - C.C. Las Terrazas,True
2023-02-14 10:23:50.945000+00:00,,5.0,5.0,5.0,5,Excelente como siempre. Buen ambiente y servicio al cliente de calidad. Variedad de platos típicos.,MoroGrill - C.C. Las Terrazas,True
2023-02-12 22:38:36.499000+00:00,,5.0,5.0,3.0,5,"Perfecto lugar para ir con quien sea (solo, amigos, familia, pareja). Buena comida, precios aceptables.",MoroGrill - C.C. Las Terrazas,True
2022-05-14 23:29:27.970000+00:00,,,,,2,El día de hoy fui a comer y pedimos arroz con menestra y lomo. La menestra fría y la carne dura.   Por otro lado la decoración agradable,MoroGrill - C.C. Las Terrazas,True
2022-03-15 18:14:52.680000+00:00,,,,,5,"Excelente servicio, rica comida, precios de acuerdo a la calidad de sus productos.",MoroGrill - C.C. Las Terrazas,True
2020-01-12 04:34:43.095000+00:00,,,,,4,Muy buen lugar para degustar... Precios accesibles y variedad en el menú... Recomendado para pasar con familia o amigos,MoroGrill - C.C. Las Terrazas,True
2024-06-17 13:24:27.548000+00:00,,5.0,5.0,5.0,5,"Excelente comida y buenos precios, prueben las cremas de vegetales o lenteja se sorprenderán",MoroGrill - C.C. Las Terrazas,True
2021-11-27 17:45:37.159000+00:00,,,,,5,"Muy buena la comida, el sartenazo es bueno! Lo recomiendo mucho",MoroGrill - C.C. Las Terrazas,True
2021-05-24 20:19:22.162000+00:00,,,,,1,"⭐️
Más de 10 minutos para que me tomen la orden, más de 30 minutos en entregarme la orden, super mal organizado, los meseros no saben que saber, son groseros y prepotentes! Su respuesta es “aún no está”
Pésimo.",MoroGrill - C.C. Las Terrazas,True
2021-07-16 12:36:18.887000+00:00,,,,,5,"Estupenda comida, grandioso servicio y ambiente fenomenal.. gran lugar para comer entre amigos y familia",MoroGrill - C.C. Las Terrazas,True
2024-12-01 04:56:40.916000+00:00,,5.0,4.0,5.0,5,Excelente relación calidad - precio. Múltiples opciones y variaciones de moros y menestra. Todo eso sumado a una decoración cuidada y un ambiente agradable,MoroGrill - C.C. Las Terrazas,True
2021-07-04 23:17:58.923000+00:00,,,,,3,"Buena atención, lugar muy agradable, comida típica, precio relación comida está bien.",MoroGrill - C.C. Las Terrazas,True
2020-01-06 01:22:09.809000+00:00,,,,,5,"Muy buena comida , los que coman poco compartan su plato",MoroGrill - C.C. Las Terrazas,True
2021-10-11 20:30:00.690000+00:00,,,,,5,"Es muy rica la comida y el servicio es 5 estrellas, si no sabes de que se trata el menú ellos te explican y te dan recomendaciones.",MoroGrill - C.C. Las Terrazas,True
2024-02-13 02:11:26.587000+00:00,,4.0,3.0,4.0,3,No me pareció lo máximo. Creo que la comida es regular. Lugar bonito.,MoroGrill - C.C. Las Terrazas,True
2022-04-27 13:46:12.039000+00:00,,,,,5,"Un lugar cómodo y gradable, sin me mencionar que la comida es deliciosa, en lo personal se los recomiendo",MoroGrill - C.C. Las Terrazas,True
2023-09-08 17:04:41.470000+00:00,,5.0,5.0,5.0,5,"Carta super amplia, excelente sabor y buen ambiente para compartir con amigos",MoroGrill - C.C. Las Terrazas,True
2026-06-06 23:33:51.507000+00:00,Sin espera,,,,5,Excelente todo.,MoroGrill - C.C. Las Terrazas,True
2022-09-26 22:45:31.805000+00:00,,,,,4,"Típica comida de Guayaquil, con sus moros y otros platos criollos, buen ambiente. El sartenazo ya debe cambiar el nombre a sartencito.",MoroGrill - C.C. Las Terrazas,True
2023-12-13 23:46:09.143000+00:00,,5.0,5.0,5.0,5,Excelente atención. Relación Calidad precio muy buena! Ambiente agradable.,MoroGrill - C.C. Las Terrazas,True
2022-06-26 00:09:47.633000+00:00,,,,,4,Variado y rico menú. Buena atención. Precios acorde . Recomendado,MoroGrill - C.C. Las Terrazas,True
2022-10-23 03:27:05.858000+00:00,,5.0,5.0,5.0,5,Excelente comida. Precios aceptables y van acorde a la calidad de alimentos,MoroGrill - C.C. Las Terrazas,True
2020-11-21 00:19:46.484000+00:00,,,,,5,100% recomendado!! Excelente,MoroGrill - C.C. Las Terrazas,True
2022-06-24 21:29:46.874000+00:00,,,,,5,Excelente comida y atención ambiente acojedor ..salida en familia,MoroGrill - C.C. Las Terrazas,True
2024-06-17 04:41:23.933000+00:00,,4.0,4.0,4.0,4,"Lugar muy bonito, buena comida, buena atención,  recomendado..",MoroGrill - C.C. Las Terrazas,True
2021-08-18 21:34:28.220000+00:00,,,,,4,"Buen servicio, buena relacion precio, gran lugar para comer entre amigos y familia",MoroGrill - C.C. Las Terrazas,True
2022-05-19 22:57:06.976000+00:00,,,,,5,Muy buena la comida pero el agua me parece muy pequeña para el precio.,MoroGrill - C.C. Las Terrazas,True
2022-05-13 20:57:53.637000+00:00,,,,,5,"Agradable lugar comida muy buena
Precios razonables",MoroGrill - C.C. Las Terrazas,True
2021-08-16 03:10:31.722000+00:00,,,,,5,"Rico!! Buen servicio, buena relacion precio / cantidad / servicio / calidad... solo que seria bueno un menu impreso no solo por scaneo de codigo",MoroGrill - C.C. Las Terrazas,True
2021-08-25 03:35:57.924000+00:00,,,,,2,"La comida nada del otro mundo, la atención muy lenta solo para pedir la orden fue una espera de 20 min y más la preparación de estos un total de 1 he para recibir la comida",MoroGrill - C.C. Las Terrazas,True
2022-10-02 19:57:30.475000+00:00,,,,,4,Lugar limpio y la comida acorde al valor que se paga. Servicio lento.,MoroGrill - C.C. Las Terrazas,True
2024-01-10 18:27:21.788000+00:00,,4.0,3.0,4.0,3,"En lo personal la comida estaba fría, y en el plato ""Chili Willy"" de Chili no hubo nada, solo una masa de menestra junto con patacones...",MoroGrill - C.C. Las Terrazas,True
2026-06-03 17:08:39.115000+00:00,Sin espera,,,,4,Se demoraron en el servicio,MoroGrill - C.C. Las Terrazas,True
2023-01-04 15:05:32.489000+00:00,,4.0,5.0,5.0,5,"Un poco complicado encontrar estacionamiento.
Te cobran $3 por delantado, si estacionas en la parte de la calle justo antes de entrar al CC.",MoroGrill - C.C. Las Terrazas,True
2024-11-06 17:23:51.782000+00:00,,5.0,5.0,5.0,5,La comida estuvo deliciosa y el ambiente es muy lindo,MoroGrill - C.C. Las Terrazas,True
2025-04-06 03:14:47.817000+00:00,,4.0,4.0,4.0,4,Es buena la comida y a precios buenos,MoroGrill - C.C. Las Terrazas,True
2021-12-29 11:05:56.896000+00:00,,,,,5,Recomendable!! Buen menú y atención. El sartenazo muy apetecible!!,MoroGrill - C.C. Las Terrazas,True
2021-01-31 22:59:28.658000+00:00,,,,,3,"La comida muy rica, debería existir un menú para niños, la limpieza en los baños debe mejorar",MoroGrill - C.C. Las Terrazas,True
2021-12-19 05:43:36.502000+00:00,,,,,5,"Buen sabor, buenos cortes.
Aunque lo mejor es la atención, ya que los meseros están prestos a solucionar inmediatamente cualquier inconveniente",MoroGrill - C.C. Las Terrazas,True
2022-05-16 13:22:32.330000+00:00,,,,,4,Con las normas de bioseguridad en su punto. Sabores muy buenos. Atención cordial. Pero de demoran un poco en servir.,MoroGrill - C.C. Las Terrazas,True
2021-04-18 21:49:16.473000+00:00,,,,,5,"Delicioso.  Eso sí, hay que ir con hambre ya que las  porciones  son generosas. 😋",MoroGrill - C.C. Las Terrazas,True
2022-02-12 13:47:58.166000+00:00,,,,,5,"Excelente lugar.... Para familia y amigos...
Siempre vengo y nunca me decepcionan... 🥰🥰🥰",MoroGrill - C.C. Las Terrazas,True
2023-02-17 21:27:49.340000+00:00,,5.0,5.0,5.0,5,"Excelente carta y presentación de sus productos, precios razonables.",MoroGrill - C.C. Las Terrazas,True
2025-12-09 10:26:42.800000+00:00,Hasta 10 min,5.0,5.0,5.0,5,"Ambiente, comida, atención 5 estrellas",MoroGrill - C.C. Las Terrazas,True
2025-07-19 03:22:19.360000+00:00,,4.0,4.0,4.0,4,"Buenas comida, buen ambiente.... A, buenos cócteles.",MoroGrill - C.C. Las Terrazas,True
2020-03-05 14:46:57.883000+00:00,,,,,5,"La comida rica, los precios acorde, un poco demorado pero delicioso",MoroGrill - C.C. Las Terrazas,True
2021-09-01 12:24:21.656000+00:00,,,,,4,Buen sabor buena atención me llegó un plato frío pero lo resolvieron inmediatamente,MoroGrill - C.C. Las Terrazas,True
2020-02-02 01:25:29.397000+00:00,,,,,3,"7/10 fui con mucha expectativa, no es barato ni caro en relacion precios, pero hay mucho que mejorar especialmente en los moros y en las porciones",MoroGrill - C.C. Las Terrazas,True
2022-03-28 17:57:59.666000+00:00,,,,,5,"Excelente lugar, atención y comida. Lo que si deberían es preocuparse por la limpieza de los baños",MoroGrill - C.C. Las Terrazas,True
2022-03-16 23:23:41.841000+00:00,,,,,5,"El chico que nos atendió, Santiago, es un excelente trabajador, atiende muy bien y siempre atento al consumidor.. Felicidades Santiago.",MoroGrill - C.C. Las Terrazas,True
2023-01-09 21:19:19.616000+00:00,,5.0,5.0,5.0,5,Un lugar muy bueno y la comida espectacular.,MoroGrill - C.C. Las Terrazas,True
2021-10-20 15:50:35.548000+00:00,,,,,5,"Excelente servicio, todo en orden, comida Riquísima, y con parqueo, increíble!!!",MoroGrill - C.C. Las Terrazas,True
2025-11-30 16:25:22.866000+00:00,,5.0,5.0,4.0,5,Un poco deben mejorar el servicio.,MoroGrill - C.C. Las Terrazas,True
2020-03-14 02:15:52.862000+00:00,,,,,5,Me encanto...servicio y comida deliciosas,MoroGrill - C.C. Las Terrazas,True
2022-11-22 23:10:02.826000+00:00,,4.0,3.0,5.0,5,A mí juicio estaban muy salado el plato que elegí y se perdían los diferentes sabores originales de los ingredientes del moro.,MoroGrill - C.C. Las Terrazas,True
2022-04-24 02:35:42.804000+00:00,,,,,1,"Con solo hechar un vistazo a como responden a los clientes que tuvieron malas experiencias en SU local quitan todas las ganas de ir, ya se ve la calidad de gente que son…",MoroGrill - C.C. Las Terrazas,True
2020-03-02 11:57:00.126000+00:00,,,,,1,"Pedí un arroz con menestra y costilla de cerdo, y la costilla estaba completamente cruda por dentro, y en la menestra encontré un pelo, sinceramente fue una experiencia terrible.",MoroGrill - C.C. Las Terrazas,True
2023-04-17 04:44:06.336000+00:00,,4.0,5.0,4.0,5,Un buen lugar me pareció interesante el precio estaba acorde,MoroGrill - C.C. Las Terrazas,True
2022-06-27 13:24:03.343000+00:00,,5.0,5.0,5.0,5,Un lugar agradable buena atención y excelente comida,MoroGrill - C.C. Las Terrazas,True
2022-09-08 17:42:26.922000+00:00,,,,,4,"Me gustó, pasé muy bonito, rica comida.",MoroGrill - C.C. Las Terrazas,True
2020-09-30 01:06:35.927000+00:00,,,,,1,"Ayer fui y estaba cerrado, deberían publicar su verdadera condición. Porque sino hacen viajar de por gusto.",MoroGrill - C.C. Las Terrazas,True
2022-02-28 15:45:45.038000+00:00,,,,,5,"Buenos sabores, recomendado. Un poco cariñoso pero todo bien",MoroGrill - C.C. Las Terrazas,True
2022-04-05 12:32:40.858000+00:00,,,,,3,"El moro no me pareció tan bueno en comparación a otros que he comido, así que en comparación precio - sabor, me quedo debiendo.",MoroGrill - C.C. Las Terrazas,True
2020-08-04 02:00:34.954000+00:00,,,,,5,Todo excelente muy rica comida,MoroGrill - C.C. Las Terrazas,True
2021-07-14 20:29:39.666000+00:00,,,,,5,Agradable lugar con un menú muy bueno.,MoroGrill - C.C. Las Terrazas,True
2022-03-04 19:53:12.260000+00:00,,,,,3,"Buen lugar, lamentablemente la menestra tenía plástico y con falta de sabor",MoroGrill - C.C. Las Terrazas,True
2022-03-10 16:16:13.030000+00:00,,,,,5,"Excelente atención personalizada,me encantó todo,muy buen personal.",MoroGrill - C.C. Las Terrazas,True
2022-07-27 16:42:08.447000+00:00,,,,,3,"Buena calidad y atención.
Bueno 5
Bonito 5
Barato 3
Bastante 4",MoroGrill - C.C. Las Terrazas,True
2021-12-29 02:46:24.485000+00:00,,,,,5,"Muy buena experiencia, me gustó mucho",MoroGrill - C.C. Las Terrazas,True
2021-07-29 16:58:34.766000+00:00,,,,,5,Su plato típico los sartenazos. La comida y el ambiente son deli!!! 👍,MoroGrill - C.C. Las Terrazas,True
2022-05-24 13:15:28.522000+00:00,,,,,2,Malo.. han cambiado de chef!! O que mismo pero ya no es el sabor de antes,MoroGrill - C.C. Las Terrazas,True
2021-07-16 22:53:37.567000+00:00,,,,,4,"Estuvo bien, solo Falto un poco de sabor y se demoran una eternidad en cobrar",MoroGrill - C.C. Las Terrazas,True
2021-08-19 03:29:21.239000+00:00,,,,,5,El sartenazo es poderoso,MoroGrill - C.C. Las Terrazas,True
2020-03-01 04:16:28.908000+00:00,,,,,5,"Muy rico y despachado, por eso su costo 😊",MoroGrill - C.C. Las Terrazas,True
2022-01-08 23:39:39.808000+00:00,,,,,5,Muy rico y buenas porciones,MoroGrill - C.C. Las Terrazas,True
2021-07-28 22:00:46.317000+00:00,,,,,5,"Lugar amplio, muy buena comida y atención",MoroGrill - C.C. Las Terrazas,True
2021-12-27 01:15:08.715000+00:00,,,,,4,"La comida es regular, no es excelente.
Al momento de pagar, se confundieron 🤦🏻‍♀️",MoroGrill - C.C. Las Terrazas,True
2022-03-06 12:13:10.965000+00:00,,,,,5,Recomendado....excelente atención y la  comida muy buena,MoroGrill - C.C. Las Terrazas,True
2023-02-08 19:55:11.596000+00:00,,5.0,5.0,5.0,5,Excelente lugar muy buena la comida,MoroGrill - C.C. Las Terrazas,True
2024-05-12 01:13:30.432000+00:00,,4.0,5.0,4.0,4,"Buen lugar, más el servicio deja mucho que desear.",MoroGrill - C.C. Las Terrazas,True
2020-01-21 00:12:49.689000+00:00,,,,,4,Excelente lugar para degustar moros en sus diversas variedades,MoroGrill - C.C. Las Terrazas,True
2022-08-30 21:06:29.301000+00:00,,,,,4,No me gustó mucho la sazón y muy condimentada la comida.,MoroGrill - C.C. Las Terrazas,True
2023-03-05 20:24:58.231000+00:00,,5.0,5.0,5.0,5,Super recomendado.... Muy rica la cómida...,MoroGrill - C.C. Las Terrazas,True
2021-03-11 13:15:24.366000+00:00,,,,,5,Increíble el lugar.. rica comida y rica chelada,MoroGrill - C.C. Las Terrazas,True
2021-07-18 02:43:22.599000+00:00,,,,,5,Muy buena atención.  Muy buena comida.,MoroGrill - C.C. Las Terrazas,True
2022-03-23 13:26:00.737000+00:00,,,,,5,Muy rica la comida.,MoroGrill - C.C. Las Terrazas,True
2022-11-10 02:46:38.901000+00:00,,5.0,4.0,5.0,5,Mucho frío en el lugar. La comida se enfrió muy rápido,MoroGrill - C.C. Las Terrazas,True
2022-02-28 20:43:25.951000+00:00,,,,,4,"Comida con buen sabor, y precio dentro de la media del servicio.",MoroGrill - C.C. Las Terrazas,True
2021-07-27 01:53:23.280000+00:00,,,,,5,Siempre tienen una muy buena atención y dispuestos ayudar con recomendaciones si eres nuevo,MoroGrill - C.C. Las Terrazas,True
2020-01-07 20:14:04.295000+00:00,,,,,5,"Pedí ensalada y mi acompañante moro estaba bueno, entrada de chifles precios accesibles",MoroGrill - C.C. Las Terrazas,True
2021-11-08 00:31:16.285000+00:00,,,,,5,Muy buena la comida.,MoroGrill - C.C. Las Terrazas,True
2021-10-22 02:42:41.317000+00:00,,,,,5,Buena atención y excelente comida…,MoroGrill - C.C. Las Terrazas,True
2022-04-04 15:45:52.372000+00:00,,,,,5,"Excelente ambiente, comida y pet friendly.",MoroGrill - C.C. Las Terrazas,True
2021-10-16 04:05:04.338000+00:00,,,,,5,Excelente,MoroGrill - C.C. Las Terrazas,True
2024-09-02 04:00:00.278000+00:00,,5.0,5.0,5.0,5,Muy buena atención  al cliente,MoroGrill - C.C. Las Terrazas,True
2023-08-15 14:02:21.442000+00:00,,,,,4,Ha superado mi expectativa recomendadisimo,MoroGrill - C.C. Las Terrazas,True
2025-09-15 13:29:14.880000+00:00,De 10 a 30 min,5.0,5.0,5.0,5,Excelentes carnes,MoroGrill - C.C. Las Terrazas,True
2023-11-26 23:38:58.684000+00:00,,5.0,5.0,5.0,5,La comida riquísima y atención de primera,MoroGrill - C.C. Las Terrazas,True
2021-12-24 17:14:16.901000+00:00,,,,,5,Muy buen lugar solo que sirven poquito,MoroGrill - C.C. Las Terrazas,True
2021-12-24 02:39:52.892000+00:00,,,,,3,Bueno pero me quedo debiendo el moro le faltó más queso .,MoroGrill - C.C. Las Terrazas,True
2021-07-24 17:02:08.357000+00:00,,,,,5,"Buena comida, buen ambiente",MoroGrill - C.C. Las Terrazas,True
2021-08-12 12:06:05.766000+00:00,,,,,4,"Los sartenazos son buenísimos, te llenan a full",MoroGrill - C.C. Las Terrazas,True
2021-10-27 17:04:47.765000+00:00,,,,,5,"Excelente servicio, pet friendly...",MoroGrill - C.C. Las Terrazas,True
2020-02-08 05:49:28.978000+00:00,,,,,5,Me encanta la comida de este lugar 😁,MoroGrill - C.C. Las Terrazas,True
2022-04-14 20:20:41.120000+00:00,,,,,5,"Excelente comida, recomendado",MoroGrill - C.C. Las Terrazas,True
2022-03-18 06:13:21.619000+00:00,,,,,5,La comida riquísima y la atension inigualables,MoroGrill - C.C. Las Terrazas,True
2023-04-27 00:23:06.581000+00:00,,4.0,4.0,4.0,4,Muy bueno el sartenazo.,MoroGrill - C.C. Las Terrazas,True
2022-01-05 01:36:01.525000+00:00,,,,,5,"Excelente lugar, excelente comida",MoroGrill - C.C. Las Terrazas,True
2023-01-12 17:32:22.608000+00:00,,5.0,5.0,5.0,5,"Probé el ahogado de camarones, ESPECTACULAR",MoroGrill - C.C. Las Terrazas,True
2023-05-12 21:34:57.916000+00:00,,5.0,2.0,5.0,1,Necesita mayor sabor en su comida con condimentos naturales,MoroGrill - C.C. Las Terrazas,True
2022-01-19 14:42:58.046000+00:00,,,,,5,Muy rico todo,MoroGrill - C.C. Las Terrazas,True
2023-02-09 20:15:43.310000+00:00,,5.0,5.0,5.0,5,Me gusto la comida y el lugar,MoroGrill - C.C. Las Terrazas,True
2020-08-29 02:24:39.012000+00:00,,,,,5,Platos muy variados,MoroGrill - C.C. Las Terrazas,True
2025-06-12 23:03:16.124000+00:00,,5.0,5.0,5.0,5,Excelente comida,MoroGrill - C.C. Las Terrazas,True
2023-03-27 04:34:48.766000+00:00,,5.0,5.0,5.0,5,"Suuuuuper , la verdad volvería a comer allí !",MoroGrill - C.C. Las Terrazas,True
2020-05-21 21:04:15.130000+00:00,,,,,4,Buenas la experiencia rica la comida,MoroGrill - C.C. Las Terrazas,True
2023-03-29 01:01:46.696000+00:00,,5.0,5.0,5.0,5,Excelente lugar,MoroGrill - C.C. Las Terrazas,True
2020-12-24 12:23:40.177000+00:00,,,,,5,Variedad de platos típicos. Exquisitos.,MoroGrill - C.C. Las Terrazas,True
2020-09-29 19:53:23.687000+00:00,,,,,3,Buen precio y suficiente comida,MoroGrill - C.C. Las Terrazas,True
2020-01-23 19:24:35.678000+00:00,,,,,3,Nada que resaltar. La atención es amable.,MoroGrill - C.C. Las Terrazas,True
2021-08-11 23:03:41.407000+00:00,,,,,4,Excelente atención y buena la sazon,MoroGrill - C.C. Las Terrazas,True
2023-05-29 20:22:07.282000+00:00,,4.0,3.0,5.0,4,"A veces si, a veces no es extraño pero no siempre es bueno",MoroGrill - C.C. Las Terrazas,True
2022-05-12 00:10:49.448000+00:00,,,,,3,"No esta malo , pero tampoco regresaría",MoroGrill - C.C. Las Terrazas,True
2021-07-18 20:57:07.776000+00:00,,,,,3,Fui por primera vez y no regresaré jamás,MoroGrill - C.C. Las Terrazas,True
2020-01-25 19:16:29.686000+00:00,,,,,5,"El mejor lugar de moros, excelente servicio",MoroGrill - C.C. Las Terrazas,True
2022-02-08 22:53:19.663000+00:00,,,,,4,"Muy buenos los moros,  la menestra no es nada especial.",MoroGrill - C.C. Las Terrazas,True
2021-11-22 00:19:18.871000+00:00,,,,,5,Buena comida y buen precio,MoroGrill - C.C. Las Terrazas,True
2020-09-07 19:47:07.378000+00:00,,,,,5,Delicioso y buenos precios,MoroGrill - C.C. Las Terrazas,True
2022-02-17 03:37:58.766000+00:00,,,,,5,Espectacular el moro con salsa de champiñones y tocino,MoroGrill - C.C. Las Terrazas,True
2020-11-16 01:45:41.189000+00:00,,,,,5,Super rica la comida,MoroGrill - C.C. Las Terrazas,True
2020-02-09 00:40:02.938000+00:00,,,,,5,Excelente el moro 4 quesos,MoroGrill - C.C. Las Terrazas,True
2024-02-02 11:23:36.681000+00:00,,5.0,5.0,5.0,5,Muy bueno,MoroGrill - C.C. Las Terrazas,True
2020-05-22 17:01:06.339000+00:00,,,,,5,Delicioso el sartenazo!,MoroGrill - C.C. Las Terrazas,True
2024-01-31 23:14:20.321000+00:00,,5.0,5.0,5.0,5,Excelente en todo sentido,MoroGrill - C.C. Las Terrazas,True
2021-12-20 19:12:35.610000+00:00,,,,,5,Muy buena atencion,MoroGrill - C.C. Las Terrazas,True
2025-04-17 03:56:39.153000+00:00,,5.0,5.0,5.0,5,Excelente lugar,MoroGrill - C.C. Las Terrazas,True
2025-08-18 17:34:18.069000+00:00,Hasta 10 min,3.0,5.0,4.0,5,Buenos moros!,MoroGrill - C.C. Las Terrazas,True
2020-08-17 04:00:37.934000+00:00,,,,,5,Muy rico 🤤👍,MoroGrill - C.C. Las Terrazas,True
2020-02-24 12:07:12.701000+00:00,,,,,5,Delicioso toda la comida.,MoroGrill - C.C. Las Terrazas,True
2023-04-04 20:49:18.613000+00:00,,5.0,5.0,5.0,5,"Excelente atención 👏
Recomendado!",MoroGrill - C.C. Las Terrazas,True
2023-10-06 13:56:40.954000+00:00,,5.0,5.0,5.0,5,Muy agradable el ambiente,MoroGrill - C.C. Las Terrazas,True
2021-07-09 22:27:07.392000+00:00,,,,,5,El moro es súper rico.,MoroGrill - C.C. Las Terrazas,True
2023-07-20 22:06:20.398000+00:00,,5.0,5.0,5.0,5,Muy bonito lugar,MoroGrill - C.C. Las Terrazas,True
2023-10-31 03:03:44.335000+00:00,,5.0,5.0,5.0,5,"Como siempre, moros deliciosos!",MoroGrill - C.C. Las Terrazas,True
2022-04-07 22:29:01.208000+00:00,,,,,4,"excelente los moros.
lo recomiendo.",MoroGrill - C.C. Las Terrazas,True
2020-08-11 16:00:21.238000+00:00,,,,,5,Muy buen local,MoroGrill - C.C. Las Terrazas,True
2023-01-09 15:05:37.276000+00:00,,,,,3,Restaurante especialidad en carnes a la patilla,MoroGrill - C.C. Las Terrazas,True
2022-02-15 01:59:19.444000+00:00,,,,,5,Exquisito volvería mil veces,MoroGrill - C.C. Las Terrazas,True
2021-11-17 17:11:15.442000+00:00,,,,,5,Ame sus comidas y sus cócteles,MoroGrill - C.C. Las Terrazas,True
2020-08-08 19:51:31.580000+00:00,,,,,5,De comida,MoroGrill - C.C. Las Terrazas,True
2022-09-23 20:20:37.856000+00:00,,,,,5,🤤 SARTENAZO,MoroGrill - C.C. Las Terrazas,True
2023-01-03 22:21:45.838000+00:00,,5.0,5.0,5.0,5,Delicioso Moro Mojadito,MoroGrill - C.C. Las Terrazas,True
2021-09-27 06:00:39.614000+00:00,,,,,5,Unos moros de lo genial,MoroGrill - C.C. Las Terrazas,True
2024-07-26 15:52:01.510000+00:00,,5.0,5.0,5.0,5,EXCELENTE TODO,MoroGrill - C.C. Las Terrazas,True
2022-04-02 23:00:51.633000+00:00,,,,,4,Se come bien!!,MoroGrill - C.C. Las Terrazas,True
2023-06-15 20:18:49.145000+00:00,,5.0,4.0,4.0,4,Buenos platos,MoroGrill - C.C. Las Terrazas,True
2021-09-21 20:04:26.835000+00:00,,,,,4,Me ha gustado,MoroGrill - C.C. Las Terrazas,True
2023-09-03 15:52:32.971000+00:00,,4.0,3.0,3.0,3,Aceptable,MoroGrill - C.C. Las Terrazas,True
2023-09-19 06:30:27.734000+00:00,,5.0,5.0,5.0,5,Lindo,MoroGrill - C.C. Las Terrazas,True
2022-03-13 18:02:30.311000+00:00,,,,,5,Ven y disfruta de ricos moros,MoroGrill - C.C. Las Terrazas,True
2021-11-02 03:06:20.201000+00:00,,,,,5,Buena atención 👏,MoroGrill - C.C. Las Terrazas,True
2023-09-23 23:36:20.685000+00:00,,5.0,5.0,5.0,5,Super rico,MoroGrill - C.C. Las Terrazas,True
2021-07-10 20:39:57.026000+00:00,,,,,5,Exelente,MoroGrill - C.C. Las Terrazas,True
2020-02-05 12:43:31.591000+00:00,,,,,5,delicioso,MoroGrill - C.C. Las Terrazas,True
2022-02-12 20:15:22.196000+00:00,,,,,5,Magnífico lugar.,MoroGrill - C.C. Las Terrazas,True
2021-08-29 04:11:19.404000+00:00,,,,,5,Excelente lugar,MoroGrill - C.C. Las Terrazas,True
2021-08-08 00:35:37.865000+00:00,,,,,5,Super!! Riquísimo!!!,MoroGrill - C.C. Las Terrazas,True
2021-11-03 15:35:50.754000+00:00,,,,,5,Riquísimo,MoroGrill - C.C. Las Terrazas,True
2021-08-11 02:37:44.281000+00:00,,,,,1,Había pelos en la comida,MoroGrill - C.C. Las Terrazas,True
2021-09-29 04:18:58.694000+00:00,,,,,5,Excelente lugar 😍,MoroGrill - C.C. Las Terrazas,True
2021-09-24 01:50:10.979000+00:00,,,,,5,Buen lugar,MoroGrill - C.C. Las Terrazas,True
2021-09-14 03:54:47.768000+00:00,,,,,5,😀,MoroGrill - C.C. Las Terrazas,True
2020-09-16 19:20:12.252000+00:00,,,,,4,Atención ágil,MoroGrill - C.C. Las Terrazas,True
2020-03-03 02:45:09.814000+00:00,,,,,5,10/10,MoroGrill - C.C. Las Terrazas,True
2020-03-30 02:00:44.450000+00:00,,,,,3,Los precios elevados,MoroGrill - C.C. Las Terrazas,True
2022-07-14 14:49:40.079000+00:00,,,,,5,Todo 10/10,MoroGrill - C.C. Las Terrazas,True
2021-12-06 04:55:58.285000+00:00,,,,,4,Rica comida,MoroGrill - C.C. Las Terrazas,True
2020-02-02 06:03:16.090000+00:00,,,,,5,Deliosa comida,MoroGrill - C.C. Las Terrazas,True
2025-09-04 02:40:10.842000+00:00,,5.0,5.0,5.0,5,Excelente,MoroGrill - C.C. Las Terrazas,True
2020-08-17 15:52:41.133000+00:00,,,,,5,Comida muy buena,MoroGrill - C.C. Las Terrazas,True
2023-02-15 04:38:47.707000+00:00,,5.0,5.0,5.0,5,Excelente,MoroGrill - C.C. Las Terrazas,True
2022-12-27 06:09:37.634000+00:00,,5.0,5.0,5.0,5,Muy bueno 👌,MoroGrill - C.C. Las Terrazas,True
2021-07-15 03:39:53.443000+00:00,,,,,5,excelente lugar,MoroGrill - C.C. Las Terrazas,True
2023-08-10 04:05:22.200000+00:00,,5.0,5.0,5.0,5,Excelente,MoroGrill - C.C. Las Terrazas,True
2023-04-01 13:59:27.948000+00:00,,5.0,5.0,5.0,5,Excelente lugar,MoroGrill - C.C. Las Terrazas,True
2021-09-05 06:44:13.208000+00:00,,,,,5,Excelente 👍🏻,MoroGrill - C.C. Las Terrazas,True
2021-04-09 20:39:26.211000+00:00,,,,,5,Excelente lugar 😃,MoroGrill - C.C. Las Terrazas,True
2020-02-21 20:04:30.616000+00:00,,,,,4,Buena comida,MoroGrill - C.C. Las Terrazas,True
2020-02-01 19:34:21.653000+00:00,,,,,5,Buena comida.,MoroGrill - C.C. Las Terrazas,True
2020-01-12 21:19:54.103000+00:00,,,,,5,Delicioso 😋 😋 😋,MoroGrill - C.C. Las Terrazas,True
2020-01-26 18:12:47.184000+00:00,,,,,4,Buena comida,MoroGrill - C.C. Las Terrazas,True
2024-12-21 19:10:27.281000+00:00,,5.0,5.0,5.0,5,"I ordered the Churrasco. Fan-freaking-tastic. I didn't have to request anything special. It was made the perfect way. I fell in love with this dish in Korea of all places (s.o. Casa Latina!) but this blows it away.

I've had several versions of this dish throughout Ecuador and South Florida (Peruvian styles as well).

This still is number one. Almost too much food but I can just enjoy the rest again later.

Highly recommend!",MoroGrill - C.C. Las Terrazas,True
2024-09-14 00:01:49.217000+00:00,,4.0,4.0,4.0,4,Good food and service.,MoroGrill - C.C. Las Terrazas,True
2023-10-20 19:22:30.549000+00:00,,4.0,3.0,5.0,4,"Great service. Food was not that good as expected. Tried the ""sartenazo"" and it was salty.",MoroGrill - C.C. Las Terrazas,True
2021-10-04 18:24:54.836000+00:00,,,,,5,"Place is nice, service is good and you spend about $10 per person.",MoroGrill - C.C. Las Terrazas,True
2023-09-26 21:27:50.100000+00:00,,5.0,5.0,5.0,5,"Delicious food, good atmosphere, very nice people",MoroGrill - C.C. Las Terrazas,True
2025-12-23 17:47:10.565000+00:00,Sin espera,5.0,5.0,5.0,5,,MoroGrill - C.C. Las Terrazas,False
2023-02-09 16:08:11.778000+00:00,,5.0,5.0,5.0,5,Family fun atmosphere and good food!,MoroGrill - C.C. Las Terrazas,True
2021-06-20 14:49:34.366000+00:00,,,,,5,"Cozy place, good and tasty food.",MoroGrill - C.C. Las Terrazas,True
2020-02-02 02:27:19.850000+00:00,,,,,4,"Lots of food, good price",MoroGrill - C.C. Las Terrazas,True
2023-02-21 01:20:19.376000+00:00,,5.0,5.0,5.0,5,,MoroGrill - C.C. Las Terrazas,False
2020-09-14 13:46:16.307000+00:00,,,,,4,,MoroGrill - C.C. Las Terrazas,False
2024-04-23 09:24:09.711000+00:00,,5.0,5.0,5.0,5,Bellissimo posto!,MoroGrill - C.C. Las Terrazas,True
2022-08-21 23:06:49.112000+00:00,,,,,5,,MoroGrill - C.C. Las Terrazas,False
2023-01-21 20:18:42.096000+00:00,,5.0,5.0,5.0,5,,MoroGrill - C.C. Las Terrazas,False
2020-03-05 10:46:39.705000+00:00,,,,,4,Good food,MoroGrill - C.C. Las Terrazas,True
2020-09-28 13:52:00.507000+00:00,,,,,4,Great food..,MoroGrill - C.C. Las Terrazas,True
2025-02-16 15:15:14.033000+00:00,,,,,5,,MoroGrill - C.C. Las Terrazas,False
2026-02-28 22:50:00.399000+00:00,,5.0,5.0,5.0,5,,MoroGrill - C.C. Las Terrazas,False
2026-05-13 13:31:19.600000+00:00,,4.0,4.0,4.0,5,,MoroGrill - C.C. Las Terrazas,False
2026-02-02 00:30:56.675000+00:00,Sin espera,4.0,3.0,1.0,3,,MoroGrill - C.C. Las Terrazas,False
2026-04-03 01:04:31.781000+00:00,,5.0,5.0,5.0,4,,MoroGrill - C.C. Las Terrazas,False
2026-03-23 02:53:48.125000+00:00,,4.0,4.0,4.0,4,,MoroGrill - C.C. Las Terrazas,False
2025-12-31 20:46:55.830000+00:00,Sin espera,5.0,5.0,5.0,5,,MoroGrill - C.C. Las Terrazas,False
2026-01-14 15:11:30.968000+00:00,,,,,5,,MoroGrill - C.C. Las Terrazas,False
2025-08-11 23:08:43.781000+00:00,Hasta 10 min,5.0,5.0,5.0,5,,MoroGrill - C.C. Las Terrazas,False
2025-12-01 02:16:19.642000+00:00,Sin espera,5.0,5.0,5.0,5,,MoroGrill - C.C. Las Terrazas,False
2025-12-13 01:11:05.962000+00:00,Sin espera,5.0,5.0,5.0,5,,MoroGrill - C.C. Las Terrazas,False
2025-10-27 02:49:48.714000+00:00,Sin espera,5.0,5.0,5.0,5,,MoroGrill - C.C. Las Terrazas,False
2025-09-28 19:38:33.726000+00:00,De 10 a 30 min,4.0,5.0,5.0,5,,MoroGrill - C.C. Las Terrazas,False
2025-10-17 17:53:22.116000+00:00,,5.0,5.0,5.0,5,,MoroGrill - C.C. Las Terrazas,False
2025-09-07 18:52:39.081000+00:00,,3.0,4.0,3.0,3,,MoroGrill - C.C. Las Terrazas,False
2025-08-16 05:09:16.774000+00:00,Hasta 10 min,4.0,5.0,5.0,5,,MoroGrill - C.C. Las Terrazas,False
2025-09-28 16:24:45.843000+00:00,,5.0,5.0,5.0,5,,MoroGrill - C.C. Las Terrazas,False
2025-09-16 22:31:23.465000+00:00,Hasta 10 min,4.0,4.0,4.0,5,,MoroGrill - C.C. Las Terrazas,False
2025-07-23 15:18:04.306000+00:00,,5.0,5.0,4.0,4,,MoroGrill - C.C. Las Terrazas,False
2025-09-03 02:03:17.102000+00:00,Hasta 10 min,5.0,5.0,5.0,5,,MoroGrill - C.C. Las Terrazas,False
2025-08-25 00:07:12.514000+00:00,Sin espera,5.0,5.0,5.0,5,,MoroGrill - C.C. Las Terrazas,False
2025-07-13 03:14:35.318000+00:00,Sin espera,5.0,5.0,5.0,5,,MoroGrill - C.C. Las Terrazas,False
2025-06-29 22:38:58.338000+00:00,Sin espera,5.0,5.0,5.0,5,,MoroGrill - C.C. Las Terrazas,False
2025-03-21 03:39:04.922000+00:00,,5.0,5.0,5.0,5,,MoroGrill - C.C. Las Terrazas,False
2025-03-09 22:37:48.751000+00:00,,5.0,5.0,5.0,5,,MoroGrill - C.C. Las Terrazas,False
2025-03-20 02:58:52.446000+00:00,,,,,5,,MoroGrill - C.C. Las Terrazas,False
2025-02-04 20:31:02.047000+00:00,,5.0,5.0,5.0,5,,MoroGrill - C.C. Las Terrazas,False
2024-12-22 17:01:30.706000+00:00,,5.0,5.0,5.0,5,,MoroGrill - C.C. Las Terrazas,False
2024-11-09 21:51:07.657000+00:00,,3.0,3.0,3.0,3,,MoroGrill - C.C. Las Terrazas,False
2024-11-05 21:32:01.509000+00:00,,5.0,5.0,5.0,5,,MoroGrill - C.C. Las Terrazas,False
2024-10-20 02:03:37.189000+00:00,,5.0,5.0,5.0,5,,MoroGrill - C.C. Las Terrazas,False
2024-05-05 03:28:06.169000+00:00,,5.0,4.0,5.0,4,,MoroGrill - C.C. Las Terrazas,False
2024-08-02 13:35:50.128000+00:00,,4.0,3.0,4.0,4,,MoroGrill - C.C. Las Terrazas,False
2024-07-11 20:43:34.488000+00:00,,5.0,5.0,5.0,5,,MoroGrill - C.C. Las Terrazas,False
2024-07-24 19:15:25.231000+00:00,,4.0,4.0,5.0,4,,MoroGrill - C.C. Las Terrazas,False
2024-06-07 12:23:05.881000+00:00,,5.0,5.0,5.0,5,,MoroGrill - C.C. Las Terrazas,False
2024-07-14 15:18:36.506000+00:00,,5.0,5.0,5.0,5,,MoroGrill - C.C. Las Terrazas,False
2024-02-12 17:57:11.601000+00:00,,4.0,5.0,2.0,5,,MoroGrill - C.C. Las Terrazas,False
2024-05-17 18:40:12.900000+00:00,,5.0,5.0,5.0,5,,MoroGrill - C.C. Las Terrazas,False
2023-12-20 01:42:50.338000+00:00,,5.0,5.0,5.0,5,,MoroGrill - C.C. Las Terrazas,False
2024-05-02 15:12:26.589000+00:00,,5.0,5.0,5.0,5,,MoroGrill - C.C. Las Terrazas,False
2024-03-10 03:58:13.022000+00:00,,5.0,5.0,5.0,5,,MoroGrill - C.C. Las Terrazas,False
2024-03-06 02:13:14.884000+00:00,,5.0,5.0,5.0,5,,MoroGrill - C.C. Las Terrazas,False
2024-01-16 22:17:17.051000+00:00,,5.0,5.0,5.0,5,,MoroGrill - C.C. Las Terrazas,False
2023-12-14 06:08:15.408000+00:00,,5.0,5.0,4.0,5,,MoroGrill - C.C. Las Terrazas,False
2023-11-06 03:35:40.188000+00:00,,5.0,5.0,5.0,5,,MoroGrill - C.C. Las Terrazas,False
2023-09-26 04:05:54.196000+00:00,,5.0,5.0,5.0,5,,MoroGrill - C.C. Las Terrazas,False
2023-09-23 11:25:24.605000+00:00,,4.0,5.0,4.0,4,,MoroGrill - C.C. Las Terrazas,False
2023-08-31 00:14:41.012000+00:00,,5.0,5.0,5.0,5,,MoroGrill - C.C. Las Terrazas,False
2023-05-27 16:02:47.684000+00:00,,4.0,3.0,4.0,4,,MoroGrill - C.C. Las Terrazas,False
2023-05-28 20:33:49.237000+00:00,,5.0,5.0,5.0,5,,MoroGrill - C.C. Las Terrazas,False
2023-05-21 00:48:48.356000+00:00,,5.0,5.0,5.0,5,,MoroGrill - C.C. Las Terrazas,False
2023-05-30 23:20:12.305000+00:00,,5.0,5.0,5.0,5,,MoroGrill - C.C. Las Terrazas,False
2023-03-29 20:18:48.885000+00:00,,5.0,4.0,5.0,4,,MoroGrill - C.C. Las Terrazas,False
2023-03-31 04:18:06.210000+00:00,,5.0,4.0,5.0,5,,MoroGrill - C.C. Las Terrazas,False
2023-02-27 10:36:42.816000+00:00,,5.0,5.0,5.0,5,,MoroGrill - C.C. Las Terrazas,False
2023-02-15 02:19:31.608000+00:00,,5.0,5.0,5.0,5,,MoroGrill - C.C. Las Terrazas,False
2023-02-23 22:03:01.126000+00:00,,5.0,5.0,5.0,5,,MoroGrill - C.C. Las Terrazas,False
2023-01-28 16:24:41.907000+00:00,,5.0,5.0,5.0,5,,MoroGrill - C.C. Las Terrazas,False
2022-12-26 02:48:23.242000+00:00,,5.0,5.0,5.0,5,,MoroGrill - C.C. Las Terrazas,False
2023-01-31 02:26:41.776000+00:00,,4.0,4.0,5.0,5,,MoroGrill - C.C. Las Terrazas,False
2023-01-18 18:41:57.693000+00:00,,5.0,5.0,5.0,5,,MoroGrill - C.C. Las Terrazas,False
2022-12-11 12:57:27.534000+00:00,,5.0,5.0,5.0,5,,MoroGrill - C.C. Las Terrazas,False
2023-01-14 15:14:26.002000+00:00,,5.0,3.0,5.0,3,,MoroGrill - C.C. Las Terrazas,False
2023-01-10 17:12:40.092000+00:00,,5.0,5.0,5.0,5,,MoroGrill - C.C. Las Terrazas,False
2023-01-14 23:57:34.508000+00:00,,5.0,5.0,5.0,5,,MoroGrill - C.C. Las Terrazas,False
2023-01-13 22:10:21.357000+00:00,,4.0,2.0,1.0,1,,MoroGrill - C.C. Las Terrazas,False
2022-12-14 06:43:03.692000+00:00,,5.0,5.0,5.0,5,,MoroGrill - C.C. Las Terrazas,False
2022-12-31 17:03:55.622000+00:00,,4.0,4.0,4.0,4,,MoroGrill - C.C. Las Terrazas,False
2022-12-29 01:50:22.710000+00:00,,5.0,5.0,5.0,5,,MoroGrill - C.C. Las Terrazas,False
2022-12-11 22:08:36.586000+00:00,,5.0,4.0,5.0,5,,MoroGrill - C.C. Las Terrazas,False
2022-11-26 22:40:10.266000+00:00,,5.0,5.0,5.0,5,,MoroGrill - C.C. Las Terrazas,False
2022-09-11 21:08:01.400000+00:00,,,,,5,,MoroGrill - C.C. Las Terrazas,False
2020-03-09 16:49:00.989000+00:00,,,,,5,,MoroGrill - C.C. Las Terrazas,False
2023-06-18 19:56:11.369000+00:00,,5.0,5.0,5.0,5,,MoroGrill - C.C. Las Terrazas,False
2023-12-23 03:11:06.306000+00:00,,,,,5,,MoroGrill - C.C. Las Terrazas,False
2023-04-30 19:11:06.850000+00:00,,,,,5,,MoroGrill - C.C. Las Terrazas,False
2022-09-12 21:15:30.418000+00:00,,,,,5,,MoroGrill - C.C. Las Terrazas,False
2021-11-21 04:50:37.377000+00:00,,,,,4,,MoroGrill - C.C. Las Terrazas,False
2021-08-27 10:44:28.181000+00:00,,,,,5,,MoroGrill - C.C. Las Terrazas,False
2020-01-06 20:30:26.894000+00:00,,,,,4,,MoroGrill - C.C. Las Terrazas,False
2026-03-11 08:33:34.819000+00:00,De 10 a 30 min,5.0,5.0,5.0,5,"Un excelente y rapido servicio acompañado de un buen ambiente y musica. Fui por mi cumpleaños y nos dieron un servicio de calidad, nos atendieron y llegaron con la comida entre unos 10 a 15 minutos. Pedimos una gran parrillada y fue la mejor que he comido. Creo que este sera mi lugar favorito para algun evento asi de importante. El unico inconveniente que tengo es por el estacionamiento porque la bajado es algo empinada, pero eso no opaca lo bueno que es este restaurante. 5 estrellas",Parrillada Punta Del Este,True
2025-04-09 03:38:25.627000+00:00,,5.0,5.0,5.0,5,"Descubrí este sitio el año pasado , 2024 , venden buenos almuerzos, parrilladas, arroz con menestra, moros, sus cortes son preparados a la perfección y de buen tamaño.",Parrillada Punta Del Este,True
2024-03-26 04:20:26.469000+00:00,,5.0,5.0,5.0,5,"Hace tiempo que no iba, ahora están en la parte de arriba y el local es bastante amplio, nos atendieron rápido y muy atento el mesero, me encantó la chuleta con el chimichurri, la ensalada rusa estuvo muy rica, hay que regresar definitivamente.",Parrillada Punta Del Este,True
2024-05-27 02:39:06.643000+00:00,,5.0,5.0,5.0,5,"Buena comida, sale a la mesa en tiempo prudencial, te ponen chimichurri, ají y salsa de queso con pan baguette mientras esperas el plato fuerte. Precios razonables.",Parrillada Punta Del Este,True
2020-07-06 23:28:21.260000+00:00,,,,,3,"Buena comida, pero el lugar muy anticuado y simple, necesita remodelarse de urgencia.",Parrillada Punta Del Este,True
2020-08-15 13:43:51.625000+00:00,,,,,5,"Excelente atención, las carnes en su punto... Suaves jugosas y con buena sazón.",Parrillada Punta Del Este,True
2024-08-03 04:28:55.077000+00:00,,,,,1,Actualicen al información de internet. Vine a comer hoy viernes 2 agosto son las 11:28 y me cerraron la puerta. Porque atienden hasta las 11. Llame al celular que está aquí y me dijeron eso.,Parrillada Punta Del Este,True
2025-11-22 02:55:09.338000+00:00,Hasta 10 min,5.0,5.0,5.0,5,"Muy buena la comida, el servicio y el ambiente es tan agradable cuando se pasa en familia siempre vamos en ocasiones especiales",Parrillada Punta Del Este,True
2026-01-18 18:36:51.853000+00:00,,2.0,4.0,5.0,3,Deben mejorar..el mantenimiento de los equipos para que estén correctamente operativos,Parrillada Punta Del Este,True
2023-12-23 14:54:17.627000+00:00,,,,,5,"Hace muchos años acudíamos a comer a este lugar en todos estos años se ha mantenido pero ahora se ha reinventado y en la parte de abajo donde quedaba la parrillada punta del este han puesto un local chino donde venden ropa,zapatos, cosas varias y la parrillada pasó a la parte de arriba donde quedaban rumberos tropicales",Parrillada Punta Del Este,True
2021-11-18 23:54:45.585000+00:00,,,,,5,𝐄𝐥 𝐥𝐮𝐠𝐚𝐫 𝐩𝐞𝐫𝐟𝐞𝐜𝐭𝐨 𝐩𝐚𝐫𝐚 𝐜𝐨𝐦𝐩𝐚𝐫𝐭𝐢𝐫 𝐞𝐧𝐭𝐫𝐞 𝐚𝐦𝐢𝐠𝐨𝐬 𝐦𝐨𝐦𝐞𝐧𝐭𝐨𝐬 𝐞𝐬𝐩𝐞𝐜𝐢𝐚𝐥𝐞𝐬,Parrillada Punta Del Este,True
2023-12-23 04:47:28.247000+00:00,,5.0,5.0,5.0,5,Sendisfruto mucho con la familia y amigos.. ambiente muy amplio y agradable,Parrillada Punta Del Este,True
2023-06-29 22:57:39.042000+00:00,,5.0,5.0,5.0,5,EXCELENTE Y LA COMISA  RIQQUISMA QUE RIKITO NI NADA PUNTA DEL ESTE ALBOEADA LO MEJOR EN CORTES Y ASADOS PARRILLADAS Y NO SOY FAMILIA SOY SIMPLEMTE UN CLIENTE SATISFECHO CON EL LUGAR SERVICIO Y COMIDA GRACIAS DON RIBER EL MEJOR MESERO DE LA PARRILLADA UN SR QUE TE ATIENDE MUY BIEN Y TE DA BUEN SERVICIO COMO TODO EL PERSONAL,Parrillada Punta Del Este,True
2024-03-10 19:29:48.740000+00:00,,4.0,5.0,5.0,5,Muy buen lugar para comer en familia. Precios intermedios no son económicos pero tampoco exageradamente caros. Hay parqueo . El único inconveniente diría que al ser en primer piso no hay acceso para personas con sillas de ruedas al local,Parrillada Punta Del Este,True
2025-04-21 05:34:33.434000+00:00,,4.0,4.0,4.0,4,"Platos abundantes ,buenos cortes, atención muy buena.
Por $16 comen dos personas, nos pedimos una costilla San Luis por $14.50.",Parrillada Punta Del Este,True
2023-10-01 23:38:31.377000+00:00,,5.0,5.0,5.0,5,"Uno de mis lugares favoritos para almorzar en familia. La comida es deliciosa, el precio bastante bueno, y el ambiente es totalmente mejor ahora que están ubicados en el piso de arriba. Una área totalmente renovada, con aire acondicionado, y atención de primera.",Parrillada Punta Del Este,True
2023-04-11 15:11:41.172000+00:00,,1.0,1.0,3.0,1,"Se alquilo el local de la parte de arriba para una graduación, la comida la sirvieron fría, no habia control ni personal de seguridad en el lugar subian niños a vender caramelos en algunas ocasiones y me apenó muchisimo esa situación, el estacionamiento tenia filtraciones de agua y olia mal. Sólo el servicios de meseros estuvo muy bien, muy amables y educados.",Parrillada Punta Del Este,True
2023-08-12 04:19:30.721000+00:00,,2.0,2.0,2.0,2,"Atención pésima, nos dijeron q estaban arreglando x inauguración, sin embargo consideró q por respeto a sus clientes mejor no atiendan sino brindarán un buen servício. Esperamos mucho tiempo, pagamos una comida cara y sólo recibimos un disculpen q no los atendamos bien",Parrillada Punta Del Este,True
2023-09-27 21:24:12.997000+00:00,,5.0,5.0,5.0,5,Lo mejor en carne asada muy delicioso,Parrillada Punta Del Este,True
2026-02-19 22:49:57.430000+00:00,,5.0,5.0,5.0,5,"Muy rico, recomendado.",Parrillada Punta Del Este,True
2020-01-25 23:11:44.988000+00:00,,,,,5,Muy buena atencion!!,Parrillada Punta Del Este,True
2023-03-06 02:12:57.636000+00:00,,5.0,5.0,5.0,5,"He venido desde antes de nacer a este lugar a comer, la parrillada está a otro nivel! Los almuerzos no son buenos como lo eran hace 15 años pero todos los platos a la carta y la parrillada deliciosa!",Parrillada Punta Del Este,True
2026-02-02 04:48:19.134000+00:00,Hasta 10 min,,,,5,Buenazo,Parrillada Punta Del Este,True
2021-01-17 02:46:15.087000+00:00,,,,,5,Muy delicioso como siempre🥰,Parrillada Punta Del Este,True
2024-12-10 21:25:58.869000+00:00,,5.0,5.0,5.0,5,"Excelente administración muy cordiales para la coordinación del evento y la atención del servicio ,comida ,Recomendado @parrilladapuntadeleste",Parrillada Punta Del Este,True
2021-03-31 02:32:45.378000+00:00,,,,,2,"El local del segundo piso que se alquiló tenía los baños sucios, dieron una sola vez cócteles a los invitados, los bocaditos luego de horas de iniciado el evento y los centros de mesa no eran los que habían ofrecido.",Parrillada Punta Del Este,True
2021-09-18 18:36:05.299000+00:00,,,,,5,"Por pandemia muchos locales están cerrados por la noche, encontramos este y no solo que tiene parqueo sino que nos recomendaron una promo para el grupo, linda atención, buena comida. Recomendado.",Parrillada Punta Del Este,True
2024-06-14 19:13:26.723000+00:00,,5.0,5.0,5.0,5,"Lindo, acogedor",Parrillada Punta Del Este,True
2023-04-11 11:35:38.318000+00:00,,3.0,2.0,1.0,2,Y eso por no ponerle una estrella que pésimo fue el servicio de ATENCION se demoraron una eternidad ( el pedido fue una cosa y y al momento de servirlo nada de lo pedido ) el sazón bueno cabe recalcar,Parrillada Punta Del Este,True
2021-08-12 03:51:53.785000+00:00,,,,,5,"Excelente la comida, y la atención de primera.
Festejamos un cumpleaños y nos atendieron como a reyes.
Se los recomiendo.",Parrillada Punta Del Este,True
2021-11-28 13:57:55.683000+00:00,,,,,3,"El lugar es amplio pero lúgubre, falta ambientar , se esmeran en la atención. Parqueo un poco pequeño.",Parrillada Punta Del Este,True
2023-07-25 11:37:39.244000+00:00,,3.0,5.0,4.0,4,"Muy buena comida a un precio razonable. Nada fancy pero muy acogedor y cómodo, con parqueadero propio.",Parrillada Punta Del Este,True
2022-06-05 20:02:04.205000+00:00,,,,,3,La comida muy rica pero esperamos una hora por ella y errores con los pedido,Parrillada Punta Del Este,True
2023-09-07 20:37:05.069000+00:00,,5.0,5.0,5.0,5,Quedó muy lindo el nuevo local con excelente comida y servicio.,Parrillada Punta Del Este,True
2020-01-23 23:51:28.381000+00:00,,,,,2,"Mucho que desear, no cuenta con un óptimo sistema de aire acondicionado, el lugar no es tan apropiado, las mesas la comida no tan buenas, lo rscatable el servicio atento, cordial y eficiente..",Parrillada Punta Del Este,True
2023-02-26 06:52:12.180000+00:00,,2.0,5.0,1.0,3,"Buena parrilla, pero servicio súper desmejorado, en comparación con años anteriores. PERO COMO PARTILLA 10 PUNTOS Y EN ESPECIAL EL CHORIZO FUERA DE SERIE.",Parrillada Punta Del Este,True
2022-03-30 15:42:46.499000+00:00,,,,,5,Excelente atención buen precio la comida muy buena,Parrillada Punta Del Este,True
2023-05-15 01:40:40.252000+00:00,,2.0,3.0,1.0,3,"La comida estaba buena, el jugo de limón estaba agrio, la atención al cliente era mala, de hay todo bien🤓☝️",Parrillada Punta Del Este,True
2021-03-08 16:07:29.615000+00:00,,,,,5,Quedé satisfecho con la atención y el ambiente. Me gustó,Parrillada Punta Del Este,True
2021-07-26 13:35:43.353000+00:00,,,,,5,Muy buena la comida y tiene parqueo exclusivos para clientes. Me encantó.,Parrillada Punta Del Este,True
2020-11-02 19:12:40.956000+00:00,,,,,4,"Buena atención, buena comida, asistí a un evento en la planta alta... Amplio y espacioso 👍",Parrillada Punta Del Este,True
2020-01-17 04:47:51.476000+00:00,,,,,3,"Estuvo bien, no me gustó el tema de pagar en efectivo te quitan ""cortesias"" si el pago es con tarjetas, simplemente digan que quieren cobrar en efectivo",Parrillada Punta Del Este,True
2021-05-21 14:59:12.454000+00:00,,,,,5,"Buena comida. Tiene un garaje propio y es amplio el lugar,  además existen espacios para reuniones para grupos",Parrillada Punta Del Este,True
2020-08-20 03:02:43.510000+00:00,,,,,5,Excelente atención. Un lugar con ambiente familiar y asados muy deliciosos.,Parrillada Punta Del Este,True
2024-02-22 20:44:28.254000+00:00,,5.0,5.0,5.0,5,"Excelente atención,  ricas carnes, buenísima atención y ambiente de primera",Parrillada Punta Del Este,True
2021-03-29 01:43:29.082000+00:00,,,,,5,Muuuuy bueno!!!,Parrillada Punta Del Este,True
2022-04-11 20:53:01.587000+00:00,,,,,5,Exquisito sabor favorable atención buen servicio muy oportunos,Parrillada Punta Del Este,True
2021-09-13 21:31:23.379000+00:00,,,,,4,"Atención: Muy buena.
Alimentos: Bueno
Pago con tarjeta: Eso es un inconveniente, a veces les funciona a veces no",Parrillada Punta Del Este,True
2022-06-24 05:06:36.306000+00:00,,,,,5,Exelente lugar para reservar toda clase de evento social...recomendado,Parrillada Punta Del Este,True
2020-03-01 09:33:26.938000+00:00,,,,,5,Muy rico todo la música en vivo pase una noche exelente volveré,Parrillada Punta Del Este,True
2020-01-26 04:20:40.689000+00:00,,,,,4,"Los cortes de las carnes son buenos, la menestra de  frejoles súper buena, y lo más importante los precios razonables y además cuenta con parqueo propio",Parrillada Punta Del Este,True
2020-01-03 01:25:21.918000+00:00,,,,,5,"Lugar muy agradable, excelente para compartir en familia y con amigos.",Parrillada Punta Del Este,True
2020-08-12 03:01:48.027000+00:00,,,,,4,"Muy buena atención,  tienen protocolo de seguridad por tiempos de pandemia. Rica parrillada",Parrillada Punta Del Este,True
2020-12-13 13:35:55.388000+00:00,,,,,4,Un buen y agradable lugar para comer. Con unas amplias instalaciones,Parrillada Punta Del Este,True
2024-06-02 05:05:40.683000+00:00,,5.0,5.0,5.0,5,"Excelente atención y cordialidad del personal
Buena porciones",Parrillada Punta Del Este,True
2020-01-12 23:19:58.499000+00:00,,,,,5,"Excelente atención...buenos cortes, esta bien de precios, recomendado!!!",Parrillada Punta Del Este,True
2024-06-23 14:03:10.104000+00:00,,5.0,5.0,5.0,5,Un excelente lugar para compartir una rica comida en familia,Parrillada Punta Del Este,True
2022-08-06 18:27:52.993000+00:00,,,,,5,La comida super buena y la atención fue genial.,Parrillada Punta Del Este,True
2023-05-18 14:16:56.164000+00:00,,5.0,5.0,5.0,5,"Excelente todo, buenos precios, buena comida, buena ubicación",Parrillada Punta Del Este,True
2021-12-20 15:43:36.395000+00:00,,,,,5,Muy buen ambiente y deliciosas opciones en comida.,Parrillada Punta Del Este,True
2020-02-25 14:58:39.786000+00:00,,,,,5,"Agradable lugar, muy cómodo para los comensales",Parrillada Punta Del Este,True
2020-03-09 23:43:59.309000+00:00,,,,,4,Se mantiene la misma tradición... Podrían mejorar pero sus menús le gustan a las familias...,Parrillada Punta Del Este,True
2021-03-29 22:51:52.797000+00:00,,,,,5,Desde NY directo a Punta del Este..deliciosa parrillada...momentos para compartir en familia..,Parrillada Punta Del Este,True
2020-03-04 03:28:26.671000+00:00,,,,,4,"Buena atención, exquisitos asados. Martes 2x1 excelente",Parrillada Punta Del Este,True
2023-03-23 08:59:52.857000+00:00,,,,,5,excelente atencion muy buena comida,Parrillada Punta Del Este,True
2022-01-15 13:24:48.743000+00:00,,,,,5,Excelente servicio y atención..comida exquisita,Parrillada Punta Del Este,True
2024-02-20 23:37:12.203000+00:00,,5.0,5.0,4.0,5,"Me pareció buen lugar, la comida buena.",Parrillada Punta Del Este,True
2021-07-25 20:47:56.756000+00:00,,,,,3,Agradable ambiente buena atención y todas las medidas de bioseguridad,Parrillada Punta Del Este,True
2023-06-18 22:13:42.257000+00:00,,,,,5,Todo muy  rico y la atención muy buena,Parrillada Punta Del Este,True
2021-04-10 10:26:24.225000+00:00,,,,,5,"Excelente atención
Precios cómodos
Parqueadero subterráneo y gratuito",Parrillada Punta Del Este,True
2022-02-10 00:33:00.593000+00:00,,,,,5,Muy lindo lastima que las calles estén aún según arreglando,Parrillada Punta Del Este,True
2024-01-27 16:32:53.709000+00:00,,,,,5,bueno ahora es solamente en la planta alta ...ena baja ahora es un local de venta de cosas chinas,Parrillada Punta Del Este,True
2020-02-12 04:28:47.991000+00:00,,,,,4,Muy recomendado buena atención y la sazón excelente,Parrillada Punta Del Este,True
2020-12-14 00:26:59.627000+00:00,,,,,5,Somos clientes desde hace mucho y la calidad se mantiene y cada día es mejor,Parrillada Punta Del Este,True
2023-06-29 23:46:56.851000+00:00,,4.0,5.0,5.0,5,Les recomiendo la costilla muy buena grandes y jugosas acompañadas con papas,Parrillada Punta Del Este,True
2022-07-14 12:44:25.585000+00:00,,,,,5,Muy buena atención y la parrillada excelente sabor,Parrillada Punta Del Este,True
2020-03-10 15:01:42.159000+00:00,,,,,5,"Rica la parrillada  doble 😋😋😋 ambiente acogedor , excelente atención.",Parrillada Punta Del Este,True
2023-11-07 00:40:43.020000+00:00,,5.0,5.0,5.0,5,Nos gusta asistir a disfrutar de la rica parrillada del restaurante.,Parrillada Punta Del Este,True
2021-08-12 03:55:08.262000+00:00,,,,,5,"La atención muy buena, comida deliciosa.
⭐⭐⭐⭐⭐",Parrillada Punta Del Este,True
2020-02-15 19:53:27.280000+00:00,,,,,5,Una de las Mejores! La atención es de calidad super buena,Parrillada Punta Del Este,True
2023-09-13 20:51:56.461000+00:00,,4.0,4.0,3.0,4,Buen lugar para almorzar.... mejorar su atención,Parrillada Punta Del Este,True
2022-01-06 21:02:06.185000+00:00,,,,,4,Muy chebree,Parrillada Punta Del Este,True
2021-02-06 17:18:42.947000+00:00,,,,,5,un excelente servicio en un ambiente muy familiar,Parrillada Punta Del Este,True
2021-04-23 14:24:21.382000+00:00,,,,,5,"Excelente, muy rica comida",Parrillada Punta Del Este,True
2023-11-22 16:51:50.401000+00:00,,5.0,5.0,5.0,5,Muy rica la comida y precios accesibles.,Parrillada Punta Del Este,True
2022-12-25 20:51:46.033000+00:00,,4.0,5.0,5.0,5,"Buen ambiente, variedad y buen servicio",Parrillada Punta Del Este,True
2022-05-20 02:38:38.433000+00:00,,,,,5,Excelente lugar para compartir entre amigos y familia.,Parrillada Punta Del Este,True
2024-06-30 17:46:59.680000+00:00,,5.0,5.0,5.0,5,"Delicia, gran servicio",Parrillada Punta Del Este,True
2021-09-18 01:21:50.127000+00:00,,,,,1,"Mala, un mal servicio. Lo q publican no venden.",Parrillada Punta Del Este,True
2022-07-28 04:02:31.867000+00:00,,,,,4,Buena parrillada para disfrutarlo en unidad familiar 👍,Parrillada Punta Del Este,True
2021-09-12 05:38:51.535000+00:00,,,,,5,"Buen servicio, excelente ambiente",Parrillada Punta Del Este,True
2021-06-01 01:27:18.289000+00:00,,,,,5,Excelente comida me encanta,Parrillada Punta Del Este,True
2020-12-09 02:45:52.521000+00:00,,,,,3,El cerdo siempre tiene que estar bien cocido.,Parrillada Punta Del Este,True
2023-11-20 00:11:26.953000+00:00,,,,,4,Pero ya no es una parrillada ahora hay una mega tienda de ropa y artículos chinos,Parrillada Punta Del Este,True
2020-11-05 03:21:43.181000+00:00,,,,,5,La carne es exquisita y bastante jugosa.,Parrillada Punta Del Este,True
2023-10-27 11:50:45.844000+00:00,,,,,5,Exelente lugar para comer,Parrillada Punta Del Este,True
2021-01-17 23:08:54.368000+00:00,,,,,2,No había lo que deseábamos comer x eso me gustó,Parrillada Punta Del Este,True
2020-10-08 00:44:57.732000+00:00,,,,,5,Mui delicioso lo máximo atencion,Parrillada Punta Del Este,True
2022-08-07 08:46:40.869000+00:00,,,,,5,Deliciosa como siempre exelente   atención,Parrillada Punta Del Este,True
2021-02-20 22:29:55.743000+00:00,,,,,5,Siempre cómo aquí el arroz con menestra y pollo es mi plato preferido,Parrillada Punta Del Este,True
2020-02-10 19:19:31.020000+00:00,,,,,5,"Riquisimo, la atención de primera calidad!!",Parrillada Punta Del Este,True
2021-06-21 04:23:55.847000+00:00,,,,,5,Muy bien exelente atencion,Parrillada Punta Del Este,True
2022-08-28 21:17:12.294000+00:00,,,,,5,Excelente salón de fiestas ! Recomendado !,Parrillada Punta Del Este,True
2022-12-13 00:37:21.705000+00:00,,4.0,5.0,5.0,4,Mejorar infraestructura y modernizar ambiente,Parrillada Punta Del Este,True
2021-10-23 18:01:26.876000+00:00,,,,,5,Excelente lugar para comer,Parrillada Punta Del Este,True
2020-12-06 05:15:55.318000+00:00,,,,,5,Muy buena la atención,Parrillada Punta Del Este,True
2021-07-21 17:34:30.480000+00:00,,,,,5,Excelente,Parrillada Punta Del Este,True
2020-12-05 20:09:23.841000+00:00,,,,,4,Muy rica la comida,Parrillada Punta Del Este,True
2020-02-10 18:05:54.494000+00:00,,,,,5,"Ubicado en la Alborada, buena parrillada uruguaya",Parrillada Punta Del Este,True
2020-11-07 22:10:16.960000+00:00,,,,,4,Muy Buena la Atencion,Parrillada Punta Del Este,True
2020-06-23 21:24:06.296000+00:00,,,,,5,Todo muy Rico y muy buena atención,Parrillada Punta Del Este,True
2023-12-29 01:11:23.111000+00:00,,5.0,5.0,5.0,5,Excelente el servicio deliciosa la comida,Parrillada Punta Del Este,True
2020-07-21 19:36:12.137000+00:00,,,,,3,Porque debería manejar tarjetas para pagar,Parrillada Punta Del Este,True
2021-01-30 23:31:42.600000+00:00,,,,,3,Era mucho más rico antes,Parrillada Punta Del Este,True
2024-03-14 22:54:11.705000+00:00,,,,,5,Muy bonito lugar,Parrillada Punta Del Este,True
2024-06-05 04:45:41.679000+00:00,,4.0,5.0,4.0,4,Buenas sazón. Buenas porciones de carnes!,Parrillada Punta Del Este,True
2020-10-21 03:18:05.181000+00:00,,,,,5,"Excelente comida, recomendado",Parrillada Punta Del Este,True
2021-05-06 18:07:48.373000+00:00,,,,,5,Buen servicio y deliciosa la comida,Parrillada Punta Del Este,True
2022-06-23 00:32:24.401000+00:00,,,,,5,Muy buena,Parrillada Punta Del Este,True
2022-06-06 23:35:23.072000+00:00,,,,,3,Exelenye sevicio exquisita comida,Parrillada Punta Del Este,True
2021-10-21 15:57:51.585000+00:00,,,,,3,Muy buen lugar,Parrillada Punta Del Este,True
2022-06-25 02:11:49.368000+00:00,,,,,5,Excelente atención y comida,Parrillada Punta Del Este,True
2021-06-11 02:08:41.987000+00:00,,,,,5,Excelentes Parrilladas para compartir en familia y amigos,Parrillada Punta Del Este,True
2025-05-01 11:22:00.206000+00:00,,5.0,5.0,5.0,5,Lo mejor de lo mejor en el Norte de Guayaquil,Parrillada Punta Del Este,True
2023-01-22 01:16:03.060000+00:00,,5.0,5.0,5.0,1,Muy buena la atención,Parrillada Punta Del Este,True
2020-03-07 05:06:57.160000+00:00,,,,,4,Muy rica las carnes,Parrillada Punta Del Este,True
2020-09-18 14:58:19.468000+00:00,,,,,5,Muy sabrosa la parrillada que nos servimos,Parrillada Punta Del Este,True
2021-07-10 17:46:54.475000+00:00,,,,,5,"Atención, sabor, servicio de maravilla",Parrillada Punta Del Este,True
2021-08-27 04:54:50.900000+00:00,,,,,5,muy bien rico,Parrillada Punta Del Este,True
2020-11-25 03:46:26.081000+00:00,,,,,4,"Rico, aunque mucho ruido",Parrillada Punta Del Este,True
2020-05-15 14:25:50.214000+00:00,,,,,5,lugar tranquilo y buena carne,Parrillada Punta Del Este,True
2020-03-07 20:49:53.765000+00:00,,,,,2,Deberían remodelar un poco su interior.,Parrillada Punta Del Este,True
2020-12-29 23:24:50.833000+00:00,,,,,4,"Instalaciones acogedora , execelente atención ..",Parrillada Punta Del Este,True
2020-08-30 05:00:34.521000+00:00,,,,,2,Super caro y la comida no es buena,Parrillada Punta Del Este,True
2022-03-30 15:15:02.013000+00:00,,,,,3,Los meseros son hostiles están estresados,Parrillada Punta Del Este,True
2022-06-04 20:34:47.415000+00:00,,,,,4,"Reunión de amigos, ex compañeros de Colegio y de la Universidad",Parrillada Punta Del Este,True
2020-09-10 03:55:22.132000+00:00,,,,,4,Muy buena comida,Parrillada Punta Del Este,True
2023-06-08 00:39:03.225000+00:00,,3.0,5.0,4.0,4,Los platos estrella son las menestras y las parrilladas.,Parrillada Punta Del Este,True
2020-01-25 12:02:47.182000+00:00,,,,,5,Muy buena la atención,Parrillada Punta Del Este,True
2023-12-30 03:26:56.779000+00:00,,5.0,5.0,5.0,5,Todo bien👍,Parrillada Punta Del Este,True
2020-01-08 01:20:48.319000+00:00,,,,,5,Excelente la comida,Parrillada Punta Del Este,True
2022-06-24 17:30:19.436000+00:00,,,,,4,Rica comida a precios accesibles,Parrillada Punta Del Este,True
2020-11-30 17:09:44.443000+00:00,,,,,5,Buena atención.,Parrillada Punta Del Este,True
2022-06-13 00:21:54.220000+00:00,,,,,4,Excelente atención,Parrillada Punta Del Este,True
2020-01-28 15:03:05.295000+00:00,,,,,4,Muy rica la comida!,Parrillada Punta Del Este,True
2021-03-22 12:44:22.768000+00:00,,,,,4,Muy agradable,Parrillada Punta Del Este,True
2020-01-11 22:13:41.043000+00:00,,,,,2,Malo de verdad...,Parrillada Punta Del Este,True
2021-08-23 18:02:14.915000+00:00,,,,,4,Buen precio,Parrillada Punta Del Este,True
2022-08-01 12:03:10.903000+00:00,,,,,3,Exquisitas costillas asadas,Parrillada Punta Del Este,True
2023-12-13 11:38:17.169000+00:00,,1.0,2.0,3.0,2,Ya no es como antes nada es asado al carbón,Parrillada Punta Del Este,True
2021-08-21 11:22:10.391000+00:00,,,,,5,Muy rico.,Parrillada Punta Del Este,True
2020-02-09 19:35:40.614000+00:00,,,,,4,Bonito el sitio,Parrillada Punta Del Este,True
2021-08-20 16:38:57.167000+00:00,,,,,4,Muy buena,Parrillada Punta Del Este,True
2022-05-17 21:18:25.836000+00:00,,,,,1,Falta atención,Parrillada Punta Del Este,True
2023-03-18 22:10:20.476000+00:00,,3.0,3.0,3.0,3,Aceptable en todo,Parrillada Punta Del Este,True
2020-02-21 16:35:12.130000+00:00,,,,,5,Muy rico,Parrillada Punta Del Este,True
2020-06-30 15:23:03.347000+00:00,,,,,2,Dan pura menudencias,Parrillada Punta Del Este,True
2024-05-15 22:47:12.249000+00:00,,5.0,5.0,5.0,5,Buenísimo,Parrillada Punta Del Este,True
2020-12-22 02:19:50.173000+00:00,,,,,5,Buen lugar,Parrillada Punta Del Este,True
2022-06-16 16:25:49.454000+00:00,,,,,4,Poco parqueo,Parrillada Punta Del Este,True
2020-03-14 12:15:49.903000+00:00,,,,,5,De salida,Parrillada Punta Del Este,True
2023-07-29 00:29:33.586000+00:00,,4.0,5.0,5.0,5,Delicioso,Parrillada Punta Del Este,True
2021-09-09 01:34:58.610000+00:00,,,,,4,Bonito lugar,Parrillada Punta Del Este,True
2023-01-11 01:45:23.452000+00:00,,5.0,5.0,5.0,5,Exelente...,Parrillada Punta Del Este,True
2022-01-03 10:49:26.545000+00:00,,,,,4,Buena comida,Parrillada Punta Del Este,True
2020-12-24 23:24:20.730000+00:00,,,,,5,Muy bueno ...,Parrillada Punta Del Este,True
2023-10-01 03:32:55.260000+00:00,,,,,5,Muy bueno...,Parrillada Punta Del Este,True
2023-11-13 03:02:37.708000+00:00,,5.0,5.0,5.0,5,Excelente!,Parrillada Punta Del Este,True
2022-10-03 12:11:09.940000+00:00,,,,,3,Ya es hora de una remodelación,Parrillada Punta Del Este,True
2020-12-15 22:17:01.227000+00:00,,,,,5,Fenomenal,Parrillada Punta Del Este,True
2021-06-26 14:36:21.400000+00:00,,,,,5,Sabroso,Parrillada Punta Del Este,True
2020-10-07 03:33:32.251000+00:00,,,,,5,Buenísima,Parrillada Punta Del Este,True
2023-01-22 02:39:08.607000+00:00,,3.0,5.0,5.0,3,Buenas carnes!!!,Parrillada Punta Del Este,True
2020-03-18 18:22:53.717000+00:00,,,,,5,Delicioso todo,Parrillada Punta Del Este,True
2021-05-25 20:03:17.455000+00:00,,,,,4,Me encanto,Parrillada Punta Del Este,True
2021-07-17 21:20:28.650000+00:00,,,,,5,Buena atención,Parrillada Punta Del Este,True
2022-05-30 20:52:31.703000+00:00,,,,,5,La comida y sangría estupenda,Parrillada Punta Del Este,True
2020-01-03 00:54:00.253000+00:00,,,,,5,Buenazo,Parrillada Punta Del Este,True
2022-05-13 03:18:11.276000+00:00,,,,,5,Rico,Parrillada Punta Del Este,True
2021-04-11 01:20:27.249000+00:00,,,,,5,Excelente la parrillada...,Parrillada Punta Del Este,True
2020-02-07 01:52:23.738000+00:00,,,,,4,👍👌,Parrillada Punta Del Este,True
2021-04-10 21:24:26.201000+00:00,,,,,1,😞decepcionado,Parrillada Punta Del Este,True
2020-03-05 12:00:03.134000+00:00,,,,,5,😋,Parrillada Punta Del Este,True
2021-10-10 10:47:53.670000+00:00,,,,,5,Ricos  almuerzos,Parrillada Punta Del Este,True
2020-11-19 20:10:52.774000+00:00,,,,,3,es Peligroso 🙄,Parrillada Punta Del Este,True
2024-01-31 03:01:00.697000+00:00,,5.0,5.0,5.0,5,Fascinante,Parrillada Punta Del Este,True
2021-10-22 14:48:34.696000+00:00,,,,,5,Buena parrillada,Parrillada Punta Del Este,True
2020-10-10 19:36:43.279000+00:00,,,,,5,Normal,Parrillada Punta Del Este,True
2023-03-25 20:09:34.572000+00:00,,5.0,5.0,5.0,5,Buena Comida,Parrillada Punta Del Este,True
2020-03-18 06:52:01.861000+00:00,,,,,5,😋😋😋😋 poquito pero bueno😋😋😋😋😋😋,Parrillada Punta Del Este,True
2021-12-02 09:56:03.256000+00:00,,,,,5,Excelente,Parrillada Punta Del Este,True
2021-07-28 01:16:22.943000+00:00,,,,,5,Excelente 👌,Parrillada Punta Del Este,True
2022-04-29 18:32:57.165000+00:00,,,,,5,Delicioso,Parrillada Punta Del Este,True
2021-11-30 00:14:59.546000+00:00,,,,,5,Exelente y,Parrillada Punta Del Este,True
2021-02-17 00:28:58.475000+00:00,,,,,5,Rico,Parrillada Punta Del Este,True
2020-12-09 12:13:34.786000+00:00,,,,,5,Excelente,Parrillada Punta Del Este,True
2020-10-18 23:52:40.055000+00:00,,,,,5,Excelente...,Parrillada Punta Del Este,True
2020-03-09 01:10:26.423000+00:00,,,,,5,Rico,Parrillada Punta Del Este,True
2020-02-08 20:16:30.288000+00:00,,,,,5,Excelente comida,Parrillada Punta Del Este,True
2025-12-15 13:30:38.758000+00:00,,5.0,4.0,5.0,5,"Nice and friendly place to celebrate birthdays with friends or families.
But there is no an elevator for elderly people.
I had a wonderful time. 😉😉😉",Parrillada Punta Del Este,True
2020-12-29 04:19:42.798000+00:00,,,,,5,,Parrillada Punta Del Este,False
2021-07-04 13:48:23.283000+00:00,,,,,5,,Parrillada Punta Del Este,False
2023-10-28 00:23:01.656000+00:00,,5.0,5.0,5.0,5,,Parrillada Punta Del Este,False
2021-07-17 01:39:27.082000+00:00,,,,,4,,Parrillada Punta Del Este,False
2020-02-24 23:30:55.064000+00:00,,,,,3,,Parrillada Punta Del Este,False
2026-05-14 16:45:42.293000+00:00,,5.0,5.0,5.0,5,,Parrillada Punta Del Este,False
2022-03-29 03:58:48.623000+00:00,,,,,4,,Parrillada Punta Del Este,False
2026-04-29 12:13:54.805000+00:00,,5.0,5.0,5.0,5,,Parrillada Punta Del Este,False
2026-02-22 01:38:05.538000+00:00,Sin espera,5.0,5.0,5.0,5,,Parrillada Punta Del Este,False
2026-01-20 11:27:57.326000+00:00,De 10 a 30 min,5.0,5.0,5.0,5,,Parrillada Punta Del Este,False
2025-10-15 01:56:40.027000+00:00,,5.0,5.0,5.0,5,,Parrillada Punta Del Este,False
2025-08-14 01:40:35.984000+00:00,,3.0,3.0,3.0,3,,Parrillada Punta Del Este,False
2025-08-19 20:34:22.918000+00:00,,5.0,5.0,5.0,5,,Parrillada Punta Del Este,False
2025-05-31 16:58:14.180000+00:00,Hasta 10 min,4.0,5.0,5.0,5,,Parrillada Punta Del Este,False
2025-06-08 03:12:54.147000+00:00,,4.0,4.0,5.0,5,,Parrillada Punta Del Este,False
2024-12-30 07:41:56.284000+00:00,,5.0,5.0,5.0,5,,Parrillada Punta Del Este,False
2024-11-05 15:03:53.482000+00:00,,4.0,5.0,5.0,5,,Parrillada Punta Del Este,False
2024-10-10 18:21:11.369000+00:00,,,,,5,,Parrillada Punta Del Este,False
2024-10-04 19:03:12.449000+00:00,,4.0,5.0,5.0,4,,Parrillada Punta Del Este,False
2024-06-01 01:55:51.697000+00:00,,5.0,5.0,5.0,5,,Parrillada Punta Del Este,False
2024-06-10 00:12:58.565000+00:00,,1.0,1.0,1.0,1,,Parrillada Punta Del Este,False
2024-05-12 04:59:11.682000+00:00,,5.0,5.0,2.0,5,,Parrillada Punta Del Este,False
2024-06-06 15:13:38.843000+00:00,,5.0,4.0,4.0,4,,Parrillada Punta Del Este,False
2024-05-18 17:45:43.168000+00:00,,,,,5,,Parrillada Punta Del Este,False
2024-04-02 01:18:46.212000+00:00,,5.0,5.0,5.0,5,,Parrillada Punta Del Este,False
2024-03-16 21:16:03.955000+00:00,,3.0,5.0,3.0,5,,Parrillada Punta Del Este,False
2024-04-01 18:35:21.550000+00:00,,5.0,5.0,5.0,5,,Parrillada Punta Del Este,False
2024-02-19 01:38:33.613000+00:00,,4.0,4.0,4.0,5,,Parrillada Punta Del Este,False
2024-01-26 01:23:05.771000+00:00,,4.0,5.0,4.0,5,,Parrillada Punta Del Este,False
2024-01-08 22:03:11.909000+00:00,,4.0,5.0,4.0,5,,Parrillada Punta Del Este,False
2024-01-28 01:45:01.988000+00:00,,5.0,5.0,5.0,5,,Parrillada Punta Del Este,False
2023-11-28 03:00:03.040000+00:00,,5.0,4.0,5.0,4,,Parrillada Punta Del Este,False
2024-01-01 00:22:44.485000+00:00,,4.0,4.0,4.0,4,,Parrillada Punta Del Este,False
2023-12-30 19:52:40.268000+00:00,,4.0,5.0,4.0,4,,Parrillada Punta Del Este,False
2023-08-18 19:17:03.447000+00:00,,3.0,3.0,3.0,4,,Parrillada Punta Del Este,False
2023-07-04 03:19:46.604000+00:00,,4.0,5.0,4.0,5,,Parrillada Punta Del Este,False
2023-07-12 01:46:51.773000+00:00,,4.0,4.0,4.0,4,,Parrillada Punta Del Este,False
2023-07-15 20:41:42.286000+00:00,,3.0,4.0,3.0,4,,Parrillada Punta Del Este,False
2023-07-01 16:25:11.645000+00:00,,1.0,1.0,2.0,1,,Parrillada Punta Del Este,False
2023-06-15 09:36:10.868000+00:00,,4.0,5.0,5.0,5,,Parrillada Punta Del Este,False
2023-05-22 12:53:04.193000+00:00,,3.0,4.0,4.0,4,,Parrillada Punta Del Este,False
2023-05-28 16:55:47.244000+00:00,,5.0,5.0,5.0,5,,Parrillada Punta Del Este,False
2023-04-15 01:58:38.075000+00:00,,3.0,,2.0,3,,Parrillada Punta Del Este,False
2023-03-25 02:33:03.025000+00:00,,5.0,5.0,5.0,5,,Parrillada Punta Del Este,False
2023-01-26 00:13:31.190000+00:00,,4.0,5.0,4.0,5,,Parrillada Punta Del Este,False
2023-01-31 03:57:27.879000+00:00,,5.0,5.0,5.0,5,,Parrillada Punta Del Este,False
2023-01-06 00:57:10.830000+00:00,,5.0,5.0,5.0,5,,Parrillada Punta Del Este,False
2023-02-05 22:39:48.078000+00:00,,,,,1,,Parrillada Punta Del Este,False
2023-01-29 03:41:13.363000+00:00,,5.0,5.0,5.0,5,,Parrillada Punta Del Este,False
2022-12-21 15:26:40.705000+00:00,,3.0,4.0,4.0,4,,Parrillada Punta Del Este,False
2022-12-04 15:33:04.130000+00:00,,3.0,4.0,4.0,4,,Parrillada Punta Del Este,False
2022-11-28 05:16:05.235000+00:00,,5.0,5.0,5.0,5,,Parrillada Punta Del Este,False
2026-03-23 22:58:54.403000+00:00,,3.0,3.0,3.0,3,,Parrillada Punta Del Este,False
2022-10-03 21:22:16.878000+00:00,,,,,4,,Parrillada Punta Del Este,False
2022-07-23 02:28:58.305000+00:00,,,,,5,,Parrillada Punta Del Este,False
2022-07-31 17:56:33.795000+00:00,,,,,3,,Parrillada Punta Del Este,False
2021-07-10 20:39:39.251000+00:00,,,,,5,,Parrillada Punta Del Este,False
2020-10-07 01:45:33.048000+00:00,,,,,5,,Parrillada Punta Del Este,False
2020-02-15 04:17:26.388000+00:00,,,,,5,,Parrillada Punta Del Este,False
2025-08-04 21:45:27.058000+00:00,,3.0,3.0,3.0,3,,Parrillada Punta Del Este,False
2026-05-10 23:49:34.365000+00:00,,3.0,4.0,3.0,4,,Parrillada Punta Del Este,False
2022-03-27 21:03:21.743000+00:00,,,,,5,,Parrillada Punta Del Este,False
2021-06-07 02:03:52.541000+00:00,,,,,5,,Parrillada Punta Del Este,False
2021-03-22 18:13:12.875000+00:00,,,,,3,,Parrillada Punta Del Este,False
2020-03-15 04:37:42.999000+00:00,,,,,5,,Parrillada Punta Del Este,False
2020-02-23 01:58:32.071000+00:00,,,,,5,,Parrillada Punta Del Este,False
2020-01-19 14:41:31.737000+00:00,,,,,3,,Parrillada Punta Del Este,False
2026-06-16 23:30:49.077000+00:00,,,,1.0,1,"Que pésima atención normalmente voy al local de vía a la costa cuando voy a casa, el día de hoy quise comer aquí en la alborada, primero ese aire acondicionado goteando, cada rato gotas en la comida y encima de uno, se les manifestó que le bajaran o apagaran y no hicieron nada, de ahí ya no quería comer pedí una tarrina y me dieron una pequeña, cabe recalcar que teníamos la panceta casi todo el plato servido, el moro de la panceta, mi costilla, mi moro y la papas, le dije véndame una tarrina más grande porque no me entrará obviamente y me dijo que solo son para delivery, en vía a la costa hasta ellos mismo saben guardarte en la tarrina y todo, y no me ayudó con una tarrina más grande, de ahí mi esposo tuvo que pedir otra tarrina, ahí de mala cara trajeron, pésimo servicio en este establecimiento en especial.",Rukito Grill&Drink - Alborada,True
2026-04-17 23:05:10.960000+00:00,,1.0,3.0,1.0,1,"Muy mala experiencia con los meseros, demoraron una eternidad para atender nuestros pedidos (6 personas). Tras eso te dicen que si no sale una sola factura se demoran mas, y asi te toca pagar el parqueo de Vermont plaza. Lo siento pero no quiero regresar a ese lugar, pesima atención",Rukito Grill&Drink - Alborada,True
2026-07-06 01:18:37.463000+00:00,,5.0,5.0,5.0,5,"Un lugar increíble, la comida es espectacular, los precios son buenos y todo es excelente",Rukito Grill&Drink - Alborada,True
2025-08-24 23:18:58.660000+00:00,,1.0,5.0,1.0,3,"La comida estuvo muy rica! Pero los meseros no sonríen, no saludan y se entiende que estén muy ocupados, pero la cortesía con el cliente es importante sobre todo si lo único que esperas después de un largo día sea una buena comida y un buen servicio, algo que aquí estuvo a medias, además el ambiente es muy ruidoso.",Rukito Grill&Drink - Alborada,True
2026-05-09 23:34:11.977000+00:00,,5.0,4.0,2.0,3,"Hemos ido al local por la recomendación de unos amigos.
Después de 30 minutos de espera en la calle a las 9PM hemos ingresado al local *a 2 horas del toque de queda* Pedimos 4 platos. Después de 15 minutos el camarero se volvió a la mesa para decir que la orden no se ha registrado y nos volvió pedir el pedido. 1 hora después empezaron a salir de plato en plato (10:15PM dejando 45 minutos para las 11PM) hemos comido lo que venía a la mesa pero siendo las 10:30PM aún no salían las guarniciones que en la salida hemos pedido para llevar porque venía el toque de queda ..
La comida bien..
El camarero que nos atendió se debería dedicarse a otro trabajo y que aprenda a decir unas palabras como Perdón, me equivoque, gracias o algo parecido..",Rukito Grill&Drink - Alborada,True
2026-03-11 17:35:58.403000+00:00,Sin espera,5.0,5.0,5.0,5,"Un lugar que realmente sorprende. Desde que entras, el ambiente te envuelve cálido, acogedor y con una decoración que tiene personalidad propia. No es uno más; se nota que hay cuidado en cada detalle.
La comida, excelente.
Los sabores están bien equilibrados, las porciones son generosas y se nota que usan ingredientes frescos. Pedimos varios platillos y todos llegaron en buen punto, bien presentados y a buena temperatura.
El servicio fue atento sin ser pesado ese equilibrio perfecto que pocos logran. Nos hicieron sentir bienvenidos desde el inicio.
El ambiente es ideal tanto para una salida en familia como para una cena más especial. Música agradable, buena iluminación y mesas cómodas.
Definitivamente regresaremos. Lo recomiendo sin dudarlo 👏",Rukito Grill&Drink - Alborada,True
2026-05-09 15:58:15.729000+00:00,,5.0,5.0,5.0,5,Perfecto en todos los aspectos personal educado cordial estuvo llobe para sacarse fotos y lo mejor en asados que puedes encontrar,Rukito Grill&Drink - Alborada,True
2025-08-06 16:58:26.364000+00:00,De 30 a 60 min,4.0,5.0,5.0,5,"La porciones son bastante grandes, la michelada también es grande, todo estuvo bastante rico, el lugar no es tan grande como otras sucursales, pero me han dicho que esta es la que tiene mejor sabor por eso fuimos a esta, el lugar es bastante limpio y ordenando, el tiempo de espera que nos indicaron era de 25 minutos porque estaba lleno, y nos sirvieron en 27 minutos exactamente, me encantó, llevé a casa y comí al siguiente día también, pedimos la promoción baby back ribs del día miércoles recomiendo ir 3 o 4 personas si son de poco comer, recomendado",Rukito Grill&Drink - Alborada,True
2026-05-12 01:35:58.357000+00:00,,5.0,5.0,5.0,5,"No me importó esperar , valió la pena como siempre 👏🤝",Rukito Grill&Drink - Alborada,True
2026-05-05 02:26:46.531000+00:00,Más de 1 hora,2.0,5.0,1.0,2,"Fui hoy a consumir al local de alborada, se el tiempo que se demoran y así mismo los meseros te indican cuánto va a demorar pero está vez fue diferente. Entre a las 20:00 y recién 21:00 me dan la comida; en ningún momento me dijeron que se iba a demorar. Tenía hambre y ya me quería ir pero mi acompañante me dijo que ya estaban apurando a cocina, apurar que? El pedido que ya debía estar incluso ya terminado por nosotros. Pedí hablar con el súpervisor y cuando me encuentro en situaciones de enojo suelo llorar y le empiezo a explicar al supervisor y me dice que no debo llorar que por qué lloro, le explicó que es algo de mis emociones y solo me dice que nos dará la cena gratis, no buscaba la cena gratis, buscaba un lugar agradable donde merendar. No es mi primera vez comiendo en rukito, me encanta pero por la forma en como se manejo el servicio hoy no creo volver.",Rukito Grill&Drink - Alborada,True
2025-08-01 12:32:49.615000+00:00,Hasta 10 min,4.0,5.0,5.0,5,"Segundo local de esta cadena que visito y nuevamente me voy muy conforme, esta vez probé un plato que es de carne de res, te la llevan en una especie de parrilla pequeña que parece como una caja china con piedras calientes en su interior, la carne va termino 1/4 y tu la terminas de hacer a tu gusto, es deliciosa, suave y con muy buen sabor en realidad la comí así como la trajeron y solita fue llegando a su término medio, pedí sal en grano y pimienta, con eso quedó mucho mejor, pero de por si, se la puede comer como te la sirven, aquí la jarra de sangría si es de a de veras, te alcanza para 7 copas pero no de las normales, son copas gigantes, esa jarra creo que es de más de 4 lt, y también la panceta están igual que en el.local anterior, extraordinarias, crocantes por fuera jugosas por dentro, los patacones bien tostaditos hasta el final, el moro lenteja y choclo espectacular y nuevamente aunque andábamos 3 sobró todavía para llevar, recomendado",Rukito Grill&Drink - Alborada,True
2024-08-04 05:24:32.830000+00:00,,3.0,3.0,3.0,4,"En mi visita por Guayaquil, una noche mi familia me llevó a este restaurante. Rukito esta ubicado en la Octave etapa de la Alborada. No en la calle principal sino en uno de los callejones.
Al llegar percate que son 2 locales, una frente a otra. La atmósfera agradable y el menú qué ofrece si es variado. Los precios son muy parecidos a los americanos de $15 para arriba. Si eres de los que come mucho, no puedes compartir tu plato. Pero si eres de los que come poco, claro podrás compartir con un acompañante.",Rukito Grill&Drink - Alborada,True
2026-06-23 05:59:44.251000+00:00,,3.0,5.0,1.0,1,"Muy buena la comida pero pésima la atención, se demoran en tomar el pedido una mesera no te trae la cosa que pediste, y tras de eso se pone brava y prácticamente te obliga a pagar un pedido que no está bien atendido o captado",Rukito Grill&Drink - Alborada,True
2025-11-18 06:27:20.369000+00:00,De 10 a 30 min,5.0,5.0,1.0,3,"Soy fiel cliente de Rukito, fui al local nuevo de la alborada , un lugar muy bonito acogedor para compartir en familia ,comida excelente  pero la atención pésima, hay tantos empleados pero no te atienden ,demoran para realizar una orden , hay mesas desocupadas sin embargo tanta gente esta afuera haciendo cola ; llamo a uno llamo a otro y solo me decían ya le atienden , en el tiempo que espere observe que 3 chicos atendiendo una misma mesa , no me gusta la atención , pedí una entrada de papas me la trajeron sin cubiertos , hay mala organización. Me gusta la atención en Urdesa",Rukito Grill&Drink - Alborada,True
2026-03-07 18:23:24.683000+00:00,De 10 a 30 min,4.0,4.0,3.0,4,"Las Carnes son muy buenas, el servicio es lentísimo pero vale la pena",Rukito Grill&Drink - Alborada,True
2024-05-03 03:02:15.062000+00:00,,5.0,5.0,5.0,5,"Buena atención, menú variado, buen ambiente, platos muy bien presentados. El moro de choclo (excelente) 👍
En cuanto a precios, promedio de 40$ comimos 4 personas (2 adultos y 2 niños), y tocó traer una parte a casa 😅.",Rukito Grill&Drink - Alborada,True
2026-02-17 00:25:13.925000+00:00,Hasta 10 min,5.0,5.0,4.0,4,Una buena experiencia la que tuvimos en esta sucursal. No tuvimos que esperar mucho para ingresar. Nos sirvieron relativamente rápido (20 minutos). Obtamos por comprar la promoción de los lunes y pudimos comer tres personas tranquilamente. Tuvo buen sabor y sazón.,Rukito Grill&Drink - Alborada,True
2025-03-29 01:41:41.877000+00:00,,5.0,5.0,5.0,5,"Excelente atención
Muy buena comida 😋
Ojo
Vallan con dinero 🤑 lo suficiente y aprovechen las promociones",Rukito Grill&Drink - Alborada,True
2020-12-11 03:29:21.904000+00:00,,,,,5,"El lugar cumple con las medidas de bioseguridad, es muy limpio, la atención es excelente, tienen platos económicos, si vas prueba el moroclo 100% recomendado tiene artisisimo queso, su sangría está rica. Lo único malo es que como siempre pasa lleno toca esperar pero de allí todo es perfecto.",Rukito Grill&Drink - Alborada,True
2021-02-21 23:46:16.303000+00:00,,,,,4,"El lugar se llena muy rápido por lo cual tienes que hacer cola y esperar bastante la atención es buena debido a que había muchas personas pedimos para llevar, lo malo es que esperamos 35 minutos por nuestra comido debido que se habían equivocado en la cocina con las carnes, todo estuvo muy bien empaquetado así que al momento de servirlos nada venía revuelto, las porciones creo que son más que buenas y el sabor muy rico, logro entender porque hacen fila lo único malo fue la espera.",Rukito Grill&Drink - Alborada,True
2026-07-24 02:05:48.677000+00:00,,5.0,5.0,5.0,5,"Muy agradable todo, la comida deliciosa, cumple con lo que promete tanto en publicidad del plato como en promociones, recomendado al 100%",Rukito Grill&Drink - Alborada,True
2026-02-21 14:36:32.585000+00:00,,1.0,2.0,1.0,1,"Pésima atención. Pedimos un rukito monster. Y nos Dieron incompleto. Esperamos unos 20 minutos más para ver si es que se acordaban de lo que faltaban de entregar y nunca sucedió. Le dije a una mesera qué nos faltaba los patacones y lo demás y solo me supo Responder.. Ahh le falta eso y le dijo al Cocinero ( para nuestra suerte estábamos al frente de ellos). Y de ahí la chica se fue, nunca nos trajo nada se izo la loca. Pasaba por nuestro lado varias veces y nada. Ya para cancelar llame a otra mesera y le dije que me de la cuenta y que el servicio fue pésimo que nunca nos trajeron los restantes de los platillo que pedimos y solo se disculpo. Y lo otro el ambiente, uno va a estar tranquilo disfrutar y no fue así. Escuchar esos comentarios en la Cocina, escuchar insultos de verdad fue desagradable. Habían niños allí, que decencia les están dando a ellos y a todos los presentes. Io único que puedo destacar de allí fue el guardia una excelente atención tanto como en el ingreso y salida. Por que cuando llegamos ni tuvimos gentileza por parte de la mesera qué nos atendió y ojo siendo la misma qué nos despacho y ni siquiera izo por llevarnos los complementos. De las tres meseras solo dos vi su dedicación y gentileza cuándo alguien llegaba o se iba pero justo nos Toco la peor mesera. Y su comida, han perdido su esencia.",Rukito Grill&Drink - Alborada,True
2021-09-08 19:18:30.793000+00:00,,,,,5,"Excelente lugar acogedor y los moros mis respetos, bastante queso en cada moro, puedes escoger moro, con choclo o mixto. Las chuletas y las costillas de excelente sabor. Las porciones muy bien despachadas con un plato comen 2 personas que coman normal o poco.",Rukito Grill&Drink - Alborada,True
2023-12-17 15:41:39.140000+00:00,,5.0,5.0,5.0,5,"Fui al local de la Alborada, me pareció acogedor, no había bulla, muy tranquilo por allá. Pedí un moro mixto con pollo, a este le ponen caramelo por debajo, lo cual le da un toque diferente, aunque si le faltaba un poco más de sazón al pollo. Los moros muy ricos, especialmente el de choclo, con bastante queso. Lo que más destaco del plato es que sirven bastantísimo pollo, tranquilamente pueden comer 2 personas. Además, pedí papas con queso y te dan bastante. La experiencia fue excelente, el personal muy amable y la comida muy buena. Recomiendo este local, hay otros platos que se ven bien y sirven bastante también.",Rukito Grill&Drink - Alborada,True
2026-04-22 20:57:30.476000+00:00,,4.0,4.0,5.0,4,"Muy rico todo, buen sitio",Rukito Grill&Drink - Alborada,True
2022-05-22 13:31:30.995000+00:00,,,,,4,"Excelente atención por parte de Luis y Christian. La comida muy buena, te despachan lo suficiente, esta vez sí había espacio para todos y un asiento para bebé. Los jugos naturales son buenos, la sangría es muy simple.
En esta ocasión la entrada fue algo tediosa por el arreglo de calles pero sí hubo lugar para estacionar.",Rukito Grill&Drink - Alborada,True
2026-03-24 19:54:49.794000+00:00,,5.0,5.0,5.0,5,"La comida es muy buena, tienen que ir con mucha hambre",Rukito Grill&Drink - Alborada,True
2021-09-29 00:50:35.371000+00:00,,,,,4,"Es un lugar acogedor, pequeño en el cual tiene una variedad de comidas en el menú,  hay que ir temprano porque si se va tarde ya no se encuentra todo el menú disponible,  la salsa de ajo debería ser un poco más suave . El local es limpio y seguro ya que cuenta con cámaras de vigilancia y rejas.",Rukito Grill&Drink - Alborada,True
2026-02-27 20:40:36.365000+00:00,De 10 a 30 min,1.0,4.0,2.0,2,"Para empezar nos sentaron delante al televisor y debajo del aire acondicionado que me goteaba encima, los propios empleados estaban viendo el partido de barcelona y se ponían al frente de e nosotros ver el partido ya que estábamos sentados delante del televisor y comenzaron a gritar goool a tal punto que nos incomodaba porque nos hacía asustar cada rato que gritaban y además no incomodaban que todos estaban viendo en dirección a nuestra mesa como sin nos vieran comer, el baño de mujeres no tenía papel, pedíamos recipientes para llevar la comida y nos la trajeron con una mala gana, al chico que estaba en la mesa de alado me di cuenta que le tiraron la funda. La actitud de algunos meseros no era la adecuada, creería que deberían recibir capacitaciones de atención al cliente.
Eso fue el miércoles 25 febrero al rededor de las 21:30 aprox.",Rukito Grill&Drink - Alborada,True
2022-12-07 19:09:18.846000+00:00,,4.0,5.0,5.0,5,"En el de la alborada tienen como 2 locales uno en frente de otro y al llegar dependiendo de las personas que lleguen en grupo los envían a uno u otro, tienen aire acondicionado bien ambientado familiar, sillas cómodas, tienen tv's en las paredes.
Probé el picaña de Res y el de pulpo ambos de $20 c/u fueron increíbles lo vale totalmente del precio, tmb hay platos no tan caros pero mantienen la calidad todo 10/10.

Pdta: Si usted va solo y con auto procure dejar bien parqueado porque si usted se levanta cuando ya le sirvieron y deja su comida botada muy posiblemente algún mesero vera que alguien desocupo la mesa y la limpiará dejándola lista para otros clientes, esto es más sugerencia para otros clientes.",Rukito Grill&Drink - Alborada,True
2025-05-23 14:11:58.458000+00:00,,2.0,1.0,1.0,1,"Mayo 14 a las 14:18 h, pueden revisar las cámaras del local si quieren. Pedí un RIBEYE en término medio más duro que una llanta y súper pequeño, cuando me lo traen me pusieron a lado otro pedazo de carne tipo chuleta, y le pregunté al SUPERVISOR que era eso, y me dijo que también era ribeye jajajaj como juegan con la ignorancia ecuatoriana, (yo creo que era más para compensar lo pequeño del ribeye), le pedí q lo cocinen un minutos más para ver si mejoraba y fue lo mismo. No desperdicien su dinero en “cortes de carne importados“.en moros y costillas es lo fuerte de ellos probablemente. Curioso y lamentable que usen en el menú el logo de la USDA( departamento de agricultura de los EEUU) que acá certifica la calidad de la carne y Prime es lo más top acá jajajaja pero difícilmente ese corte es importado de EEUU, también usan el logo de 100% BRANGUS, q se supone q es blanda y jugosa jajaja pero ese corte que me dieron es de cualquier camal. Repito coman cualquier otra cosa menos cortes de carnes es desperdiciar tu dinero. Me gustaría que haga un video desmintiendo esto o por lo menos informando de donde trae esos cortes tan pésimos. No jueguen con la ignorancia ecuatoriana.",Rukito Grill&Drink - Alborada,True
2026-01-10 21:47:45.373000+00:00,De 10 a 30 min,1.0,3.0,1.0,1,"Que decepción me lleve la comida no estuvo mala las guarniciones si fueron terribles, más todavía cuando un grillo saltó a la cabeza de mi hija y bajo al plato de mi esposa se perdió todo el gusto por el pedido",Rukito Grill&Drink - Alborada,True
2026-05-09 22:09:51.594000+00:00,,3.0,3.0,4.0,3,"La carne muy suave, como a uno le gusta, pero sin sabor, la faltaba sal... La gaseosa al clima con hielo no sabe bien, la atención buena.",Rukito Grill&Drink - Alborada,True
2022-02-20 02:47:14.155000+00:00,,,,,5,"Lugar recomendado (plato preferido costillas ahumadas) la preparación tiene más pasta de tomate que no deja apreciar los otros ingredientes, tienen 2 locales (ambos de frente), uno tiene para familias reducidas, y el otro espacio es para familias de 7 hasta 12 personas, incluso tienen un espacio VIP, la sazón de la comida es muy buena, los precios están desde 7 hasta 17 dólares en porción individual (hay de mayores precios en otros platos), la especialidad de la casa son los moros chiclosos (muy bueno), la atención del personal muy amable y atentos. El tiempo de cada plato puede variar según el tipo de plato (15 a 25 min no había muchos clientes), todo es fresco. Tienen cerveza artesanal, sangría y jugos naturales. En caso que de sean factura deben dejarles los datos y llega por correo. Los domingos suele estar un poco más vacío, en los demás días se llena que no hay espacio para nada, y la atención se puede ser un poco más lenta, en el tema de parqueo también afecta porque el lugar no tiene mucho espacio para parqueo",Rukito Grill&Drink - Alborada,True
2021-07-20 00:17:30.873000+00:00,,,,,2,"Descubrí el lugar por redes sociales y tenía grandes espectativas del sitio. Al llegar al sitio encuentras un buen ambiente, los meseros te explican un poco acerca del menú y te toman la orden. La demora en servir los platos en la mesa es considerable, aproximadamente 30 minutos, pero nada que unas papas con queso de entrada ( muy buenas y buen punto) no puedan ayudar a la espera. Sin embargo es entendible la demora porque se ve que dedican tiempo en la preparación y presentación de los platos, pero lamentablemente solo quedo en eso, una presentación para una foto de instagram. Pedí una costilla ahumada BBQ, una costilla simple y chuletas. Las costillas simples a la parrilla y las chuletas tenían un sabor predominante a romero o tomillo que no dejaban apreciar algún otro sabor, la salsa BBQ era demasiado ácida con demasía similitud a una simple salsa de tomate. Lamentablemente los sabores demasiados fuertes de las especies y la acidez de la salsas no permiten terminar por completo mi plato. Los jugos también eran demasiado dulces. Los dos tipos de moros  que te brindan son de verdad muy buenas, mucho mejor que en otros lugares y la cantidad de comida respecto al precio también me pareció justa.
En conclusión, si deseas una buena foto de instagram, probar un ""arroz con chicle"" muy bueno, y buena cantidad de comida, este es el sitio indicado.
Si decides ir por el sabor de los platos, lamentablemente no es un buen sitio.
Si alguien del lugar lee esto, espero que mejoren ya que considero que sería un buen lugar si leyeran más comentarios de personas que efectivamente tenían razón respecto a algunas cosas que mencionaban,  que comprobé que eran ciertas.
Si deseas llevar a tu familia, amigos o alguien especial, te recomiendo primero ir solo y comprobar si es de tu agrado.",Rukito Grill&Drink - Alborada,True
2024-01-13 01:50:01.710000+00:00,,5.0,5.0,5.0,5,"Deliciosas porciones grandes quedas satisfecha el arroz chicloso es con mucho queso, y tienen variedad en carnes de res, carne de chancho, también chorizos, chuleta, pollo, papas fritas y mucho más está en alborada 8 entrando por el local de encebollados, o cerca del café de Tere del mismo lado como a una cuadra llegando a la menestra del negro tienen guardia en el parqueo y es un local muy cómodo y fresco también tienen jugo de maracuyá DELICIOSOS se los recomiendo, de bebida tienes también limonada, las costillas son gigantes",Rukito Grill&Drink - Alborada,True
2022-03-21 05:27:00.684000+00:00,,,,,4,"Buena presentación de los platos, porciones considerables para el precio que tienen, existe la predisposición y aptitud de los comensales ante solicitudes; por otra parte lo chicloso del arroz le quita la gracias y diluye el sabor que debería tener un moro y no hay opción de moro que no sea chicloso pues es la única que disponen.",Rukito Grill&Drink - Alborada,True
2024-11-25 01:21:22.683000+00:00,,3.0,5.0,5.0,4,La comida muy rica el servicio exelente lo único es el ambiente algo pequeño y hace calor es lo único q no me agrado del lugar el resto muy bueno,Rukito Grill&Drink - Alborada,True
2026-02-27 02:20:46.865000+00:00,Hasta 10 min,4.0,5.0,5.0,5,Mmmm realmente delicioso. Solo que mi tarjeta falló casi muero. Pero fui al banco y mi tarjeta estaba bien. Pilas con eso. Pero de alli todo excelente.  Recomendadisimo,Rukito Grill&Drink - Alborada,True
2026-06-10 15:59:29.304000+00:00,De 10 a 30 min,5.0,5.0,4.0,5,"Excelente menú, lo único a mejorar sería la rapidez/disponibilidad de los meseros",Rukito Grill&Drink - Alborada,True
2026-06-23 00:06:58.732000+00:00,,1.0,1.0,1.0,1,"Pésimo servicio alimentos mal procesados ensaladas como para conejos, sin sal, solo lechuga. No recomiendo.",Rukito Grill&Drink - Alborada,True
2022-07-09 17:31:07.686000+00:00,,,,,5,"Muy rico!...Las porciones son grandes, estén atentos a promociones (Por ej: 2×1 en sangría), el menú es variado en tipos de corte de carnes y de ahí varía el precio (desde entradas hasta platos fuertes y bebidas) pero en relacióna lo que sirven está muy bien...son expertos en moros chiclosos, es decir full queso (si eres queso lover uff te encantará). La atención es muy amable y el tiempo de servido muy bien, un poquito complicado de acceder es el parqueo (no hay lugar fijo)",Rukito Grill&Drink - Alborada,True
2021-09-13 00:42:30.746000+00:00,,,,,5,"Rukito es de esos lugares en los que su fama es totalmente merecida, probé la costilla St. Louis y estuvo deliciosa, carne suave y con mucho sabor, morochoclo es imperdible! Las papas también estuvieron muy ricas y la porción es bastante grandes.
Los precios son acordes a sus platos ya que saldrás completamente satisfecho⭐️",Rukito Grill&Drink - Alborada,True
2025-04-21 05:39:04.781000+00:00,,2.0,4.0,2.0,2,"Fuimos por gusto a intentar comer. La administradora súper déspota... Ya que éramos solo dos personas, le preguntamos si había mesa disponible nos indico que no que debíamos hacer la fila de mala manera. Habían adelante nuestro una familia con más de 10 personas, luego le volvimos a preguntar a una mesera si había disponibilidad ya que muchas personas habían salido del restaurante y nos salió con un cuento raro q si q no q debíamos esperar... Cuando habían en la parte de afuera mesas desocupadas y ya había entrado la familia numerosa. Decidimos irnos. Era fan de rukito pero últimamente la atención deja mucho que desear, en aventura plaza tb tuvimos una mala experiencia... Más de una hora para que nos sirvan los alimentos.",Rukito Grill&Drink - Alborada,True
2025-02-16 04:53:59.419000+00:00,,5.0,5.0,5.0,5,"En mi reciente visita a Rukito, un restaurante especializado en asados ubicado en el norte de Guayaquil, tuve la oportunidad de disfrutar de una experiencia gastronómica que dejó una huella imborrable en mi paladar. Este lugar, que se ha ganado una excelente reputación por su enfoque en cortes de carne y asados, es un destino obligatorio para los amantes de los sabores intensos y las texturas perfectamente logradas.

El plato que elegí fue su costilla asada un verdadero deleite para los sentidos. La carne estaba tierna y jugosa, con un exterior ligeramente crujiente y caramelizado que evidenciaba el cuidado en su preparación. El sabor ahumado y las especias utilizadas en la marinación resaltaban el carácter de la carne sin opacarla, logrando un equilibrio perfecto. Cada bocado era una experiencia única, y la costilla se desprendía del hueso con una facilidad que solo se consigue con horas de cocción lenta y dedicación.

Como acompañamiento, opté por el arroz moro una combinación clásica de arroz y lenteja que complementó la riqueza de la costilla de manera excepcional. El arroz estaba bien cocido, con los granos sueltos y un sabor profundo que se integraba armoniosamente con el plato principal. La porción era generosa, ideal para compartir o disfrutar en solitario si tienes un apetito voraz. Puedes pedir una sangría o algo para acompañar.

El ambiente es rústico y acogedor, que te transporta a un entorno relajado y familiar. El personal es amable y atento, siempre dispuesto a ofrecer recomendaciones o asegurarse de que tu experiencia sea inolvidable. Aunque el lugar no tiene pretensiones de lujo, su encanto radica en la autenticidad de su propuesta y la calidad de sus platos.

En resumen, es un restaurante que sabe cómo hacer justicia a los asados. Si estás en Guayaquil y buscas un lugar donde disfrutar de cortes de carne bien preparados, acompañados de sabores tradicionales y un ambiente cálido, este es el lugar ideal. ¡Una experiencia que sin duda repetiré y recomendaré a todos los amantes de la buena comida!",Rukito Grill&Drink - Alborada,True
2024-09-16 01:21:54.202000+00:00,,4.0,3.0,3.0,5,"Fui a consumir la promo de los días miércoles que es las baby back ribs, la costilla muy grande y sabrosa algo que no se puede negar, pero lamentablemente en el moro se siguen quedando de año, fui muy claro al decirle a la chica que nos atendió que mi moro lo deseaba sin vegetales y lo que más tuvo aparte del queso eran trozos de pimiento como para caballo, súper gruesos, no pasaron ni 5 minutos de haberme servido el plato y el arroz se convirtió en un ladrillo, eso de que se mantiene blando y rico en los vídeos que abomban las redes sociales es una farsa, ya se sabe que no usan crema de leche y usan fondos de caldo de res o pollo pero lamentablemente el queso que utilizan no compagina y hace que el moro del cual tanto se alaba el dueño en decir que es bello, pues no lo es.
A las costillas les doy un sólido 10/10
Moro 4.5/10
Y que los meseros o quien recepta la comanda sepan leer ya que a pesar de que la chica repitió la orden y me dijo que el moro iba sin vegetales, me lo sirvieron con full pimiento grueso.",Rukito Grill&Drink - Alborada,True
2025-05-15 02:10:16.359000+00:00,De 10 a 30 min,3.0,1.0,2.0,1,"Tuve una mala experiencia con este Rukito! Me pedí este Tomahawk y cuando abrí la carne, APESTABA a que ya estaba en tiempo de putrefacción. No supieron explicarme o darme una respuesta, es más, se hicieron los locos como dicen por ahí! Muy mala experiencia deben estar más pendiente de sus productos que venden pilas ARCSA!",Rukito Grill&Drink - Alborada,True
2026-04-22 18:47:42.243000+00:00,,5.0,4.0,4.0,5,"Excelente, solo tandan un poco con los pedidos",Rukito Grill&Drink - Alborada,True
2021-11-14 13:49:16.024000+00:00,,,,,5,"Excelente comida❤️, el moro es súper delicioso en especial el “moroclo”
Ambiente , atención y sangrías recomendadas!!
También las papas rukito, son una locura🤤😍",Rukito Grill&Drink - Alborada,True
2021-06-10 03:11:26.200000+00:00,,,,,5,"Comida increíble, debes de ir con mucho estómago es bastante comida y da pena dejarla en el plato, muy bueno recomendado al 100%",Rukito Grill&Drink - Alborada,True
2023-03-31 02:30:22.997000+00:00,,4.0,4.0,5.0,4,"Muy rica la comida, sin embargo una observación sería cambiar los chifles por unas papas fritas o por patacones. Pero de allí muy rico todo",Rukito Grill&Drink - Alborada,True
2026-05-26 15:13:27.616000+00:00,,4.0,4.0,4.0,4,"Comida buena ... Para corregir: se demoraron demasiado en llevar la cuenta, a pesar que no había demasiada gente en el local de la alborada.",Rukito Grill&Drink - Alborada,True
2024-02-10 08:49:05.053000+00:00,,5.0,5.0,5.0,5,Fue excelente atención y comída 👏 😊 Les recomiendo. Felicidades al dueño que aunque no lo conozca . Creó un servicio y comída única. Yo  viaje desde Quitó con mi familia para disfrutar su comida y atención. 👏👏😊y es 10/10.,Rukito Grill&Drink - Alborada,True
2025-02-16 20:52:12.882000+00:00,,3.0,2.0,3.0,2,"El lomo que me pedí no me pareció que tuviese mucho sabor, ni los dos diferentes tipos de moros, además de que el cóctel que muestro en la imagen sabía a remedio. Los patacones estaban tiesos pero con las salsas pasaban.",Rukito Grill&Drink - Alborada,True
2022-12-17 00:36:47.116000+00:00,,,,,3,"Demasiado sobrevalorado. El arroz literalmente tiene chicle pero, no de una forma sabrosa. Me pareció sin mucho sabor los platos fuertes aunque los cortes de carne eran abundantes y de calidad. Las bebidas alcohólicas y las entradas me parecieron lo mejor del restaurante: cinco dólares dos cervezas y veinte dólares una jarra de sangría fue lo que masacramos ayer con unos amigos. Mi puntuación baja se da principalmente por los meseros que su pésimo manejo de la clientela, el restaurante estaba lleno pero, en su mayoría, de personas sentadas en mesas SIN NINGÚN TIPO DE CONSUMO porque estaban esperando a sus conocidos. Si yo estoy abajo con mis 6 amigos, es decir, mi mesa está completa y lista para gastar ¿no deberían otorgarme esas mesas que estas ocupadas por gusto? No sé, no veo tan mal el pedir de favor a las personas que no están completas que esperen (sin ocupar una mesa) hasta que llenen su grupo y recién ahí subir al restaurant.

En cuestión de precios, me pareció un poco elevado en los platos fuertes y, nuevamente, las dos entradas fueron lo mejor tb en este sentido.",Rukito Grill&Drink - Alborada,True
2021-11-27 04:24:05.691000+00:00,,,,,5,"Es un poco tardado para servir la comida, pero vale la espera, muy buen sabor y buena cantidad",Rukito Grill&Drink - Alborada,True
2021-08-21 16:34:19.080000+00:00,,,,,4,Muy buenos los cortes de carnes y moros (arroz con lentejas) que tienen en el local. No se ganó las 5 estrellas porque en ocasiones toca esperar hasta tener una mesa.,Rukito Grill&Drink - Alborada,True
2021-06-26 02:17:39.837000+00:00,,,,,3,"Muy rico y el arroz super bueno, no es tan barato, pero de un plato de costillas pueden comer dos personas y se pide un adicional, si son de buen comer uno es bastante, cada plato varía entre los $10 y $17 y..por lo que cuesta tal vez deberían brindar algún tipo de piqueo hasta que llegue la comida, lo que nosotros pedimos se demoró un montón, cerca de una hora y pico, la atención al cliente no es buena, había gente que llego después y le sirvieron primero... eso fue lo malo (tomahawk y costillas).",Rukito Grill&Drink - Alborada,True
2026-01-29 21:43:47.698000+00:00,De 10 a 30 min,4.0,5.0,2.0,3,"Pésima atención por parte de la señorita Álava, parece que le pesaba la boca para hablar, ni un buenas noches en qué le puedo ayudar o algo, pasa los menús sin saludar, solo se acercó a ver si ya estábamos listas para tomar el pedido,me indico que ya me iba a pasar la ensalada que venía con el pedido porque le pregunté (no nos pasó al momento de servir), nunca llegó, tuve que solicitar a otro mesero, no vivimos en la ciudad, fuimos por visita, como primera impresión es decepcionante, la comida si nada que decir",Rukito Grill&Drink - Alborada,True
2026-04-07 01:45:36.297000+00:00,De 10 a 30 min,5.0,5.0,5.0,5,"Comí lomo fino de res aunque no le tenía mucha fé al termino 3/4 estubo súper bueno, muy buena comida y la música también súper buena 10/10 en general",Rukito Grill&Drink - Alborada,True
2020-07-23 18:49:43.496000+00:00,,,,,5,"La comida es espectacular. Lo más icónico del restaurante es su moro, o también conocido como arroz con chicle, porque tiene moro el queso jajaja; y su moroclo. Además de sus costillas, chuletas, lomos, sus papas con queso, y no que hablar de su cebolla caramelizada, en serio es un espectáculo de comida. Atienden de lunes a viernes en su local ubicado en la Alborada, y también ofrecen el servicio para llevar y delivery. Pueden realizar pagos en efectivo o con tarjeta de crédito",Rukito Grill&Drink - Alborada,True
2025-09-30 15:22:47.759000+00:00,De 10 a 30 min,5.0,5.0,5.0,5,Es muy buena l atención y la comida vale la pena hacer cola para entrar 😂,Rukito Grill&Drink - Alborada,True
2023-01-18 21:23:13.909000+00:00,,4.0,4.0,5.0,5,"El dia de ayer acudimos al borde de las 22:40, casi al cierre, y para nuestra sorpresa, sí nos atendieron, es mi tercera o cuarta visita y debo decir que me dejó buenas impresiones, por eso vamos a lo que vinimos:

El ambiente: lo clásico, no ha cambiado mucho desde su inicio, no obstante sí ha mejorado mucho el sistema de ventilación porque antes salías con olor a comida.

La atención: no sé si todos los meseros son iguales pero quien nos atendió (Jesús creo que era su nombre) muy atento y solícito, muy cauto y delicado hasta para pasarnos la cuenta, lo cual era comprensible ya que estábamos sobre la hora de cierre. Sugeriría recomendar nuevos platos u opciones.

La comida: Nos animamos por un matambre que se salía del plato, acompañado de moros mixtos y una porción de chorizos argentinos. Los moros no me agradaron del todo puesto que el sabor del queso derretido confunde los otros sabores, y en el moroclo ni siquiera sientes el choclo como tal; no obstante sí estuvieron comestibles.

Algo que recalcar es que sería bueno contar con chimichurri casero sin mayonesa ni nada por el estilo, así mismo un ají casero vendría bien, ya que tienen uno de marca comercial y NO COMBINA con la comida en absoluto. Por otra parte, parece que al fin entendieron que esa cebolla caramelizada no es para todos los gustos y la ponen en pequeñas porciones, sin chorrear tanto jugo que entorpece y daña el sabor de la carne asada. Sugeriría que la pusieran aparte o en su defecto preguntaran si uno la desea o no.

Me ha sorprendido gratamente el servicio y la comida, como para volver a visitarlos.",Rukito Grill&Drink - Alborada,True
2020-02-24 20:47:43.379000+00:00,,,,,3,"Con respecto a los moros, el queso que usan tienen un sabor súper fuerte en relación a la oferta que es moro de lenteja, con respecto a la vinagreta, a veces menos es mas, y las proteínas, se necesita urgente un parrillero, si van a verder costillas ahumadas, ahumen sus costillas.",Rukito Grill&Drink - Alborada,True
2021-06-23 00:55:31.535000+00:00,,,,,5,"Excelente atención, las papas fritas Rukito son muy buenas y sus platos servidos son deliciosos 😋",Rukito Grill&Drink - Alborada,True
2021-06-25 15:42:29.242000+00:00,,,,,4,"La comida es buena, sin embargo, la espera y la atención da mucho de qué hablar y más que nada 2 meseras antipáticas que no saben tratar a los clientes que están esperando y no dan respuesta. No son organizados al tomar los pedidos, personas que llegan último atienden primero y a uno lo dejan esperando más de 40 minutos para volver a tomar la misma orden, ni si quiera piden disculpas por eso, es como que si ellos le hicieran el favor a uno por ir a pasar el tiempo esperando un plato de comida y tras eso la comida no la dan caliente, es una falta de respeto para todos los qué tenemos ganas de comer bien y recibir una atención adecuada. Pésimo no los recomiendo.",Rukito Grill&Drink - Alborada,True
2025-11-27 03:27:05.991000+00:00,Más de 1 hora,,,1.0,1,"La peor experiencia en este restaurante, se demoran en tomar la orden, se demoraron UNA HORA en servirnos, es un asco no recomiendo venir jamás a esta porquería",Rukito Grill&Drink - Alborada,True
2022-06-07 16:42:07.551000+00:00,,,,,5,"Muy agradable el personal, bastante atentos, y la comida riquísima! Muy recomendados 😍😋 Lo único es que es tan deliciosa la comida y tan bonito el sitio que siempre hay que esperar un moontooon de tiempo, vale la pena la espera pero te doy este dato para que sepas que hay que esperar, si estás dispuesto a esperar por un buena comida, un buen servicio y muy bien servido, este es el lugar correcto. A este local hay que mentalizado a esperar 😅 tanto el de la alborada como el de urdesa están siempre llenos.",Rukito Grill&Drink - Alborada,True
2023-07-26 13:38:02.196000+00:00,,5.0,5.0,5.0,5,"Excelente lugar y experiencia genial. Buena comida, buena relación de precios. Recomendado!",Rukito Grill&Drink - Alborada,True
2021-05-26 23:59:24.034000+00:00,,,,,5,Buena la comida. Bonito ambiente. Precios acorde al plato. 100% recomendado.,Rukito Grill&Drink - Alborada,True
2022-12-28 02:59:25.928000+00:00,,2.0,3.0,1.0,3,"Me parece que está sobrevalorado el lugar, la atención pésima los meseros poco amables. La comida es demasiado cara y no es la gran cosa, lo mismo que se puede encontrar en cualquier asadero pero el triple de caro. No estaba malo el sabor pero nada espectacular.",Rukito Grill&Drink - Alborada,True
2020-11-03 21:02:53.710000+00:00,,,,,5,"Comida muy rica, porciones grandes. Excelente relación calidad - precio",Rukito Grill&Drink - Alborada,True
2025-11-04 14:29:23.090000+00:00,,5.0,5.0,5.0,5,"Excelente servicio, siempre voy a los locales, esta es la primera vez que pido a domicilio, te sirven tal como en el local, viene en una bolsa muy llamativa, y llega caliente la comida. La Baby grill que es lo que pedí deliciosa. Excelente sercicio",Rukito Grill&Drink - Alborada,True
2021-10-10 00:50:52.455000+00:00,,,,,3,"El ambiente normal.
El moro, delicioso. 5/5 ⭐
Las costillas no estaban suaves ni buenas en aliño 3/5",Rukito Grill&Drink - Alborada,True
2024-09-20 20:40:17.178000+00:00,,3.0,4.0,3.0,3,"Mucho tiempo en servir , y por segunda vez mi costilla de cerdo 🐷 cruda por el medio, tuve que pedir que la vuelvan a cocer.",Rukito Grill&Drink - Alborada,True
2024-07-15 18:36:45.199000+00:00,,5.0,5.0,5.0,5,"La comida estuvo excelente, solo hay que tener en cuenta que debes esperar para la atención pero una vez adentro te atienden rápido",Rukito Grill&Drink - Alborada,True
2025-01-20 04:19:40.007000+00:00,,4.0,5.0,5.0,5,Muy bueno todo ❤️✌️ festeje el cumple d. Mi niño ahí cumplió 1 añito muy buen ambiente🌟🌟10/10,Rukito Grill&Drink - Alborada,True
2026-04-01 04:39:50.569000+00:00,,5.0,5.0,5.0,5,Muy buena la comida y la atención de primera,Rukito Grill&Drink - Alborada,True
2021-07-08 00:05:49.555000+00:00,,,,,5,"Excelente lugar para degustar de una exquisita y abundante comida, acompañado de un ambiente hermoso. ¡Solo miren ese pollo a la plancha!",Rukito Grill&Drink - Alborada,True
2025-10-27 00:11:02.882000+00:00,,5.0,5.0,4.0,5,Mi buena atención solo me tocó esperar mucho para poder ser atendido ! Gracias,Rukito Grill&Drink - Alborada,True
2021-05-13 21:35:40.256000+00:00,,,,,5,"Muy buena experiencia! Buen ambiente, la atención del personal 10/10... La comida deliciosa y el famoso arroz con chicle es lo máximo, es un lugar digno de visitar 👌",Rukito Grill&Drink - Alborada,True
2026-05-27 00:37:17.324000+00:00,,1.0,1.0,1.0,1,Pesimo el servicio a domicilio mas de una esperando para que me diga que no pudo tomar mi orden,Rukito Grill&Drink - Alborada,True
2025-11-29 19:56:15.649000+00:00,De 10 a 30 min,5.0,5.0,5.0,5,"Hay tiempo de espera para ingresar al local. Toma entre 15 a 30 minutos, pero no se siente (avanza rápido). A veces brindan un bocadito (patacones con salprieta) para que la espera sea mas llevadera.",Rukito Grill&Drink - Alborada,True
2022-01-04 02:09:23.515000+00:00,,,,,5,Buenos platos y deliciosos moro y moroclo chiclosos  como lo promocionan.,Rukito Grill&Drink - Alborada,True
2023-06-07 18:24:40.938000+00:00,,5.0,5.0,5.0,5,"¡Excelente Ambiente!
Hay aire acondicionado, buena atención, y los moros ¹⁰/¹⁰
Recomiendo las canastas de verde y el medio Pollo Rukito🤩",Rukito Grill&Drink - Alborada,True
2020-11-01 01:13:26.048000+00:00,,,,,3,"Mi comentario es totalmente personal. Hoy decidi ir a Rukito con muchas expectativas ya que habia visto muchos buenos comentarios. Honestamente, no fue lo que esperaba. Pedimos un lomo fino de cerdo y una costilla de cerdo, la sazon de ambas carnes estaba dulce (parece que le habian agregado azucar al aliño) lo cual no fue de mi agrado. En cuanto a los moros de lenteja y choclo, para mi gusto tenia mucha crema de queso o crema de leche lo cual lo hacia empalagoso. De seguro hay muchas personas que les gusta este tipo de preparacion, pero a mi no me gustó. Si andas en busca de un moro guayaco autentico y buenos asados, este NO es el lugar, pero ya es cuestion de gustos.",Rukito Grill&Drink - Alborada,True
2026-02-03 16:45:01.694000+00:00,,,,,3,"Buena comida, buena presentación y se nota la calidad",Rukito Grill&Drink - Alborada,True
2025-11-24 20:42:54.003000+00:00,Hasta 10 min,1.0,3.0,1.0,1,"Pedí costillon ahumado y me vino crudo, casi vomito🤮",Rukito Grill&Drink - Alborada,True
2026-02-19 02:17:38.253000+00:00,,5.0,3.0,5.0,3,"Naaa la comida no tiene una sazón especial simplemente otro asado bien vestido, muy salado y aparte los baños estaban un poco medio sucio",Rukito Grill&Drink - Alborada,True
2021-10-16 03:57:57.148000+00:00,,,,,2,"Tenía buenas espectativas, la verdad, sólo me gustó el moro, la carne muy seca, la ensalada picante y sosa, las chuletas solo hueso, tal ves no fué nuestro día",Rukito Grill&Drink - Alborada,True
2021-08-27 03:13:05.773000+00:00,,,,,5,"ES DEMASIADO RICO !!
De un plato comen 2
Pidan la promoción de la Sangría
La atención de calidad ,muy amables y los precios están desde 6,50 hasta los 20 pero vale cada centavo",Rukito Grill&Drink - Alborada,True
2026-03-27 15:09:37.809000+00:00,De 10 a 30 min,5.0,5.0,5.0,5,Pues las instalaciones están limpias el servicio no es muy rápido pero tolerable diría.,Rukito Grill&Drink - Alborada,True
2026-05-17 22:17:00.399000+00:00,,3.0,3.0,3.0,4,Pésima atención y la ensalada simple pedimos costillas,Rukito Grill&Drink - Alborada,True
2021-07-25 02:23:53.381000+00:00,,,,,5,"La atencion excelente y la comida, de otro nivel. Muuuu rica la comida. Recomendadisimo",Rukito Grill&Drink - Alborada,True
2025-10-14 22:46:49.824000+00:00,Hasta 10 min,3.0,3.0,4.0,3,"El servicio al cliente excelente. El moro chicloso con lentejas estaba muy dulce, sin tanta sazón. No viene ensalada en los combos.",Rukito Grill&Drink - Alborada,True
2021-09-24 07:12:33.682000+00:00,,,,,5,Super rico dan full comida hasta pueden comer de un plato 2 personas a solo que sean de un súper buen comer hay si pidan un plato para cada quien,Rukito Grill&Drink - Alborada,True
2021-11-28 04:21:11.239000+00:00,,,,,5,"Muy buen sabor, ambiente tranquilo y excelente servicio, lo recomiendo.",Rukito Grill&Drink - Alborada,True
2026-02-04 23:38:14.608000+00:00,Sin espera,5.0,5.0,5.0,5,Muy rico todo 🤤🤤,Rukito Grill&Drink - Alborada,True
2025-06-19 02:44:18.149000+00:00,,5.0,5.0,5.0,5,Rica comida. Buenos precios. Variedad de platos,Rukito Grill&Drink - Alborada,True
2021-06-22 05:58:49.188000+00:00,,,,,5,"Hasta que probé las misteriosas costillas de Rukito, fui con mi bebé y comimos muy rico.
La atención fue muy amable, el sabor rico y digno para disfrutar en familia.",Rukito Grill&Drink - Alborada,True
2021-07-23 06:08:00.338000+00:00,,,,,5,"La preparación de las Carnes es súper deliciosa y la sangría si es buena con una rebanada entera de naranja dentro, tiene distintos tipos de arroz, arroz moro con diferentes tipos de quesos, los jugos naturales son deliciosos.",Rukito Grill&Drink - Alborada,True
2020-11-23 02:47:17.495000+00:00,,,,,5,"Deliciosa la comida, excelente atencion... los moros, sin palabras",Rukito Grill&Drink - Alborada,True
2025-03-18 19:13:34.227000+00:00,,4.0,1.0,3.0,1,"según panceta crocante, pero e crocante no tiene y súper seca la carne más es grasa",Rukito Grill&Drink - Alborada,True
2021-07-27 12:22:25.761000+00:00,,,,,5,10/10 me encantó su comida y su servicio se nota que por eso se les llena porque aquí en gye no hay donde comer comida rica y yo decido esperar para comer rico,Rukito Grill&Drink - Alborada,True
2026-02-08 04:03:32.687000+00:00,Hasta 10 min,5.0,5.0,5.0,1,La comida excelente y la atención como en casa,Rukito Grill&Drink - Alborada,True
2021-10-27 03:56:35.168000+00:00,,,,,5,Todo estuvo espectacular. La atención de primera y la comida deliciosa. Lo recomiendo 100%,Rukito Grill&Drink - Alborada,True
2025-10-15 02:51:50.548000+00:00,De 10 a 30 min,4.0,5.0,5.0,5,"Excelente sobrepasa la excelencia la comida y la atención.
Pedimos para llevar un plato adicional xq pensamos q nos comeríamos todo y no!
Sobró y tambien llevamos.
Q bello q bueno q rico 😋",Rukito Grill&Drink - Alborada,True
2022-02-15 00:47:29.232000+00:00,,,,,5,"Muy bueno el sabor pase con amigo y eh pasado con familia muy buen sabor en rissottos y las ensaladas , ni que hablar de la sangría  para exelente sabor y no cambie el sabor ni los precio variedad de cortes y sabores y  faltó un poco en la atención al cliente pero lo demás todo bien y muy limpios",Rukito Grill&Drink - Alborada,True
2022-10-14 01:00:59.594000+00:00,,5.0,5.0,5.0,5,Buena comida. Excelente los chicharrones o panceta,Rukito Grill&Drink - Alborada,True
2026-07-08 23:40:02.955000+00:00,De 10 a 30 min,,,,5,Todo muy bueno,Rukito Grill&Drink - Alborada,True
2021-02-04 05:11:53.972000+00:00,,,,,4,"Buena comida, muy pequeño el espacio, y demora un poco en llegar la comida",Rukito Grill&Drink - Alborada,True
2021-02-27 21:03:31.565000+00:00,,,,,5,Excelente la atención y los moros son deliciosos en general todo estuvo perfecto 👌.,Rukito Grill&Drink - Alborada,True
2025-12-09 20:42:24.173000+00:00,Hasta 10 min,1.0,5.0,4.0,5,El ambiente no me agrado la comida DEEEEEEELICIOSA,Rukito Grill&Drink - Alborada,True
2021-08-10 00:27:36.900000+00:00,,,,,5,Muy rica la.comida 😋 espero pronto volver...,Rukito Grill&Drink - Alborada,True
2021-01-30 02:58:23.725000+00:00,,,,,5,"Matambre con provolone, moroclo y moro, una elección muy deliciosa. Porciones muy generosas, he quedado sumamente satisfecho. Recomendadisimo !!",Rukito Grill&Drink - Alborada,True
2025-08-21 08:43:25.244000+00:00,,4.0,5.0,5.0,4,les puedo decir que fue una expericia muy bonita los sabores muy buenos pero solo un pequeno detalle el arroz estaba un poco frio y poco chicloso por el resto todo bien nuestro mesero muy profecional no hayudo en todo momento con mucha profecionalda y simpatia se los recomiendo es una bonita experienca regresare,Rukito Grill&Drink - Alborada,True
2025-11-07 21:23:29.465000+00:00,,3.0,5.0,1.0,4,"Pésimo servicio por parte de los meseros, la comida es muy buena pero nos tocó pedir la carta en más de dos ocasiones, bebidas y la cuenta como dos veces...
La señorita que nos atendió nada amable..",Rukito Grill&Drink - Alborada,True
2021-12-30 03:53:08.668000+00:00,,,,,5,"Muy buena la comida, muy buena la atención, excelente 👌",Rukito Grill&Drink - Alborada,True
2025-05-03 03:18:47.032000+00:00,Hasta 10 min,3.0,4.0,5.0,4,"Los meseros son muy amables, educados y serviciales... La comida, aveces está super rica, deliciosa... Pero en otras ""no está igual"". Como recomendación, deberían poner más ventiladores o cerrar y poner un A/C en la parte de las mesas de afuera, habían muchos insectos y hacía mucho calor, creo q solo hay un ventilador.",Rukito Grill&Drink - Alborada,True
2025-03-10 17:35:29.900000+00:00,,4.0,5.0,5.0,4,"He ido algunas veces y siempre  me tocado esperar al menos 10min afuera sin embargo en la última ocasión nos dieron un patacón con queso por el tiempo de espera .

La comida es súper buena los moros recomendados y sobre todo las porciones del día .

En cuanto al servicio de quienes atienden es muy bueno en cuanto a las peticiones exactas que les indiques .

La mayoría de platos son gigantes por lo cual pueden comer de un plato dos personas .",Rukito Grill&Drink - Alborada,True
2025-11-12 14:37:35.298000+00:00,Hasta 10 min,5.0,5.0,5.0,5,"La comida es algo exquisito, fuera de lo común deliciosa, las micheladas son esas que dejan con ganas de más siempre mi preferido",Rukito Grill&Drink - Alborada,True
2024-06-18 05:17:37.993000+00:00,,5.0,5.0,4.0,5,Exquisita comida y servicio de primera 👌🏻 recomendado,Rukito Grill&Drink - Alborada,True
2022-03-28 03:21:39.896000+00:00,,,,,5,"Excelente comida, el moro, las papas, las carnes 👌🏼",Rukito Grill&Drink - Alborada,True
2026-01-01 22:40:11.973000+00:00,Hasta 10 min,5.0,5.0,5.0,5,Sin duda alguna un bien lugar para compartir en familia bien ambiente y sobretodo una excelente atencion,Rukito Grill&Drink - Alborada,True
2022-06-09 05:03:43.751000+00:00,,,,,5,La comida es deliciosa y lo mejor es que puedes pedir el arroz mixto osea moro chicloso y arroz con choclo 🤤🤤🤤,Rukito Grill&Drink - Alborada,True
2021-01-19 17:23:33.978000+00:00,,,,,3,"Servicio: 8,5/10
Ambiente: la mesa tenía mal olor
Moro de lenteja 10/10 el mejor
Lomo: 7/10
Costilla7/10 no quedó bien cocida por dentro y afuera ya se había quemado
Sangria: 4/10 pésimo.",Rukito Grill&Drink - Alborada,True
2022-01-21 03:31:22.364000+00:00,,,,,5,Todo estuvo delicioso la carne en su punto terminó 3/4 extra suave se los recomiendo,Rukito Grill&Drink - Alborada,True
2021-11-11 02:14:03.927000+00:00,,,,,5,"Ambiente, buena sazón a precios módicos. Excelente servicio",Rukito Grill&Drink - Alborada,True
2025-03-29 15:39:23.812000+00:00,,5.0,5.0,4.0,5,"La comida es muy deliciosa, se siente que los productos son de calidad y están bien preparados, los platos están bien despachados con porciones bastante generosas, a veces el servicio falla por ejemplo confundiendo órdenes. Se entiende que es porque siempre está lleno el lugar.",Rukito Grill&Drink - Alborada,True
2022-03-27 23:53:06.143000+00:00,,,,,1,Pésimo servicio estuve esperando 45 min por dos platos el local no estaba tan lleno los meseros se paseaban y no decían nada un mesero cogio una servilleta para limpiar el piso y con esa mismas manos servía la cómida,Rukito Grill&Drink - Alborada,True
2025-07-29 23:20:01.462000+00:00,De 10 a 30 min,3.0,5.0,4.0,5,"He visitado varias veces por las costillas por el moro y la saciedad que sales después de comer hasta para llevar, costillas, pancets, el moro y las papas genial, tiene opciones de mariscos recomiendo el asado de picudo muy bueno igual la sangría me gustaría que el local lo remodelen o hagan una expansión el espacio de otro piso en la Alborada, la espera por entrar vale la pena por disfrutar de la comida",Rukito Grill&Drink - Alborada,True
2025-02-06 00:18:49.481000+00:00,,2.0,4.0,1.0,2,"La comida estuvo un poco diferente a la de otros Rukitos, no con el mismo sabor al que estoy acostumbrado. Sin embargo, lo peor fue el servicio: pésimo. No saben cómo atender al cliente, lo que hace que la experiencia sea bastante incómoda. Soy un fiel comensal de Rukito y es la primera vez que visito la sucursal de Alborada, pero sinceramente deja mucho que desear en comparación con otras. Ojalá mejoren el servicio para estar a la altura del estándar de la marca.",Rukito Grill&Drink - Alborada,True
2025-12-16 18:23:32.616000+00:00,,5.0,5.0,5.0,5,Excelente la atención y los precios son buenos para la calidad de la comida,Rukito Grill&Drink - Alborada,True
2022-10-10 00:17:56.947000+00:00,,,,,5,Espectacular la comida deliciosa y el trato realmente óptimo,Rukito Grill&Drink - Alborada,True
2025-03-06 00:32:59.651000+00:00,,4.0,5.0,5.0,5,"La comida es excelente, se siente la calidad de los ingredientes.
El personal es muy atento y amable.
Siempre es una buena opción para comer comida de calidad.",Rukito Grill&Drink - Alborada,True
2021-03-29 01:43:04.780000+00:00,,,,,5,"Excelente lugar para ir en familia, buen sabor de la comida, precios aceptables, atención esmerada.",Rukito Grill&Drink - Alborada,True
2021-06-23 21:53:25.774000+00:00,,,,,5,"Buena atención, mantienen todas las medidas de bioseguridad",Rukito Grill&Drink - Alborada,True
2026-06-07 03:49:34.667000+00:00,,,,,1,Tocó esperar para que nos atiendan total nos fuimos,Rukito Grill&Drink - Alborada,True
2022-04-30 05:09:05.119000+00:00,,,,,5,Muy rica la comida vale la espera,Rukito Grill&Drink - Alborada,True
2022-07-24 04:00:04.424000+00:00,,,,,5,Excelente .....👍👌 todo muy rico 👌😜,Rukito Grill&Drink - Alborada,True
2025-03-18 13:09:43.626000+00:00,,5.0,5.0,5.0,5,"Excelente atención, buenos precios y la parrilla de lujo",Rukito Grill&Drink - Alborada,True
2025-08-21 18:26:18.103000+00:00,Sin espera,5.0,5.0,5.0,5,Realice mi pedido para llevar y fue rápido 20 minutos desde que les hice mi pedido hasta que me lo entregaron es lo que demorado y me gusto porque esta llendo en camino y cuando llegue ya estaba listo muy buena atención,Rukito Grill&Drink - Alborada,True
2025-03-03 14:32:30.846000+00:00,,1.0,4.0,1.0,1,"Muy buena es la comida, me agrada pero fui al de la alborada y esperé 68min para que me sirvieran un moro con costilla, aparte que me dieron la costilla cruda, les di que por favor me asen un poco más la costilla y me la entregaron en 20min más, y eso que me la dieron xq les dije que me iba del lugar que eso no podía ser así, ni siquiera tuvieron la decencia de pedir disculpas, horrible!!! Pediré para llevar nada más…",Rukito Grill&Drink - Alborada,True
2025-12-01 14:37:53.326000+00:00,Sin espera,5.0,5.0,5.0,5,"Exelente servicio, buena atención del personal, y las porciones acuerdo al precio..",Rukito Grill&Drink - Alborada,True
2021-10-08 22:32:04.773000+00:00,,,,,5,"Tendría que inventar palabras para poder describir lo buena que es la comida en este lugar, nada como Rukito!",Rukito Grill&Drink - Alborada,True
2022-01-12 13:49:17.656000+00:00,,,,,3,"atención  excelente,y en lo que se.relaciona al plato fuerte me quedo con el moroclo y chuleta ahumada.👍👍👏👏👏",Rukito Grill&Drink - Alborada,True
2022-05-02 02:11:23.797000+00:00,,,,,5,La comida de lo mejor exquisita y exclusiva. Vale la pena servirse un buen plato de los mejores en la ciudad de Guayaquil.,Rukito Grill&Drink - Alborada,True
2025-04-07 15:03:16.698000+00:00,,3.0,3.0,3.0,3,"Los patacones duros y fríos,pedí un mixto de moro no era lo que esperaba duro el grano de arroz y frío de ahí la carne si estuvo bien y la atención fue bastante rápido. Si pueden mejorar los patacones y el moro",Rukito Grill&Drink - Alborada,True
2025-08-27 02:42:46.931000+00:00,Sin espera,5.0,5.0,5.0,5,"El servicio de atención excelente, ni terminaba de parquearme y ya me tomaban en cuenta para facilitarme la mesa con mi familia, la mesera muy amable y atenta también, casi olvido al guardia muy caballeroso no hace perder el tiempo, como en otros restaurantes 😂",Rukito Grill&Drink - Alborada,True
2021-09-12 20:39:00.526000+00:00,,,,,5,"Gran lugar, excelente comida",Rukito Grill&Drink - Alborada,True
2022-09-27 17:44:51.148000+00:00,,,,,5,"Tiempo de espera para ingresar: 4⭐ (el lugar estaba lleno)
Atención: 5⭐
Comida: 5⭐
Lo recomiendo 👌🏼",Rukito Grill&Drink - Alborada,True
2020-11-22 21:53:01.768000+00:00,,,,,5,Excelente servicio y la comida es ESPECTACULAR!,Rukito Grill&Drink - Alborada,True
2023-07-19 18:18:33.290000+00:00,,5.0,5.0,5.0,5,"La atención es excelente y el lugar tiene una decoración maravillosa, bastante acogedor.",Rukito Grill&Drink - Alborada,True
2022-10-29 07:45:45.127000+00:00,,5.0,5.0,5.0,5,"La verdad es que su comida es impresionante , su atencion de maravilla y sus moros , sin palabra !",Rukito Grill&Drink - Alborada,True
2024-10-12 15:43:42.742000+00:00,,5.0,5.0,4.0,4,"La comida muy buena, las papas con queso son un 100/10. Si no te gusta mucho el queso, el moro no es lo ideal para ti. El servicio debería mejorar un poco en la sede Alborada.",Rukito Grill&Drink - Alborada,True
2024-01-13 22:34:35.666000+00:00,,5.0,5.0,5.0,5,"Riquísimo todo!!
Precio accesible, lo vale!",Rukito Grill&Drink - Alborada,True
2022-06-04 21:59:53.227000+00:00,,,,,5,"Hotel The View excelente atención y habitaciones de lujo, cantón Cumanda",Rukito Grill&Drink - Alborada,True
2021-06-07 04:42:17.848000+00:00,,,,,5,"Me encantó celebrar mi cumpleaños en este lugar, muy buena la comida y la atención. Lo recomiendo.",Rukito Grill&Drink - Alborada,True
2025-03-12 06:16:16.038000+00:00,,5.0,5.0,5.0,5,"Los conozco desde el 2019 y la verdad es que me gustó mucho, sobretodo el restaurante de la alborada, el de urdesa me deja mucho que desear. Siempre pido los cortes de carne más que el cerdo pero todo muy rico.",Rukito Grill&Drink - Alborada,True
2020-10-02 02:08:12.172000+00:00,,,,,5,"Hagan reservación, tienen buenos cortes de carne importados a buenos precios, créditos al parrillero. Recomendado.",Rukito Grill&Drink - Alborada,True
2022-02-05 06:11:06.104000+00:00,,,,,5,"Comida exquisita, excelente atención al cliente 10/10",Rukito Grill&Drink - Alborada,True
2025-11-27 00:42:55.190000+00:00,,5.0,5.0,5.0,5,Exelente servicio y rico todo me encantó,Rukito Grill&Drink - Alborada,True
2021-06-17 15:59:42.197000+00:00,,,,,5,Muy rico todo pero el arroz con chicle me encanto😋,Rukito Grill&Drink - Alborada,True
2021-07-05 02:10:09.391000+00:00,,,,,5,"Me gusta mucho el plato baby ribs, con arroz mixto los platos son bien grandes, es para compartir entre dos",Rukito Grill&Drink - Alborada,True
2025-11-28 23:53:19.095000+00:00,Más de 1 hora,3.0,3.0,4.0,3,"Tiempos de espera largos para la comida típica, ya que se quedan sin opciones, debido a que todo se acaba, al atención, de lo mejor y rescatable por parte de las daman, de los varones deja mucho que desear",Rukito Grill&Drink - Alborada,True
2020-02-21 21:17:37.529000+00:00,,,,,5,Muy rica la comida,Rukito Grill&Drink - Alborada,True
2020-05-24 21:35:47.853000+00:00,,,,,5,"Demasiado sabroso para ser cierto, un lugar distinto ambiente sin igual 👌👏🤙",Rukito Grill&Drink - Alborada,True
2024-05-08 12:30:01.001000+00:00,,5.0,5.0,4.0,5,"La comida estuvo deliciosa, especialmente durante la promoción de las 2 costillas San Luis. Las costillas estaban perfectamente preparadas y sabrosas. Las acompañé con un delicioso moroclo y una porción de menestra. También pedimos una porción de morcilla, que estaba exquisita. La única sugerencia sería agregar un poco más de salsa, pero en general, la experiencia fue de 10/10",Rukito Grill&Drink - Alborada,True
2021-09-04 12:20:15.709000+00:00,,,,,5,Todo rico excelente atención el moroclo  chiclosos riquísimos recomendadisimo,Rukito Grill&Drink - Alborada,True
2024-03-21 12:31:14.770000+00:00,,5.0,5.0,5.0,5,Excelente atención y comida riquísima,Rukito Grill&Drink - Alborada,True
2024-12-11 14:14:31.323000+00:00,,3.0,5.0,5.0,4,"La comida es buena como en todos los Rukitos, difícil de parquear lo único malo",Rukito Grill&Drink - Alborada,True
2025-06-08 18:19:47.941000+00:00,,5.0,5.0,4.0,5,"Tienen una comida de excelente sabor y calidad, pero en su afán de complacer al cliente al momento de pedir limón, me dieron zumo de limón real q es muy diferente al limón normal, afectando el sabor de mi comida, salvo ese inconveniente, es excelente",Rukito Grill&Drink - Alborada,True
2026-01-09 19:14:05.284000+00:00,,,,,1,Todo muy rico pero no me atendió rukito,Rukito Grill&Drink - Alborada,True
2023-01-05 21:08:45.551000+00:00,,5.0,5.0,5.0,5,"La comida es deliciosa, hay estacionamiento pero es pagado y el ambiente y la atención es muy buena",Rukito Grill&Drink - Alborada,True
2024-04-11 20:35:13.168000+00:00,,2.0,1.0,1.0,1,"Las peores costillas que he probado, era el plato de la casa, bien servido pero no tenía nada de sal, reclamé y no hicieron nada. No entiendo como la gente hace cola por este local. No lo recomiendo, o por último pidan algo en lo que nadie debería fallar, como papas y algún tipo de chorizo.",Rukito Grill&Drink - Alborada,True
2020-11-28 21:17:22.560000+00:00,,,,,2,"Buena la comida, si deberían cambiar los chifles por patacones y mejorar las ensaladas, el tiempo de preparación es entendible ; pero la atención si es pésima las señoritas que te atienden son impacientes y poco cordiales también deben de poner la imagen del plato a lado de cada descripción en la Cartilla UNO NO SABE NI QUE PEDIR DEBERÍAN CAMBIAR ESO el resto todo es excelente! buena la comida!",Rukito Grill&Drink - Alborada,True
2021-01-07 15:31:39.498000+00:00,,,,,5,"Este lugar me encantó por su comida, sus platos son muy deliciosos ya he ido ahí por 2 ocasiones y he probado más de una opción del menú y no hay punto de queja, la atención del personal es muy amable y cordial, sus moros son muy buenos cuando vayas pide que te sirvan moro mixto te darán de sus 2 especialidades de choclo y de lenteja ambos con mucho queso pero bastante sabroso.
Los costos no son exagerados, de hecho los precios están bastante acordes para la cantidad de comida que sirven.",Rukito Grill&Drink - Alborada,True
2025-01-06 15:18:32.389000+00:00,,5.0,5.0,5.0,5,"Estuvo espectacular, pedimos una entrada de maduros con queso y unas costillas Bbq Saint Louis y en realidad estuvo buenísimo. Volvería mil veces. Vivo en Quito y creo que deberían abrir uno aquí! Excelente atención y comida!",Rukito Grill&Drink - Alborada,True
2021-08-27 04:16:04.153000+00:00,,,,,5,"Excelencia en servicio, exquisito todo  100% RECOMENDABLES",Rukito Grill&Drink - Alborada,True
2026-02-24 20:51:10.758000+00:00,Hasta 10 min,4.0,5.0,4.0,5,Buen menú..variado y freso,Rukito Grill&Drink - Alborada,True
2021-03-29 19:18:15.338000+00:00,,,,,2,"Fui porque han hecho excelente publicidad, deben mejorar la atención, me tomaron la orden y luego de esperar unos 20 minutos regresa quien tomó en pedido a indicar que el corte que escogí ya no había y que tenía que cambiar. Esperar tanto y no se tiene lo que quisimos, pedí otro corte y tampoco tenían. Lo que sirvieron estuvo bueno pero al parecer su parrilla es a Gas, se siente en la carne y las porciones son grandes pero así también el precio corresponde al tamaño del plato. No volvería xq hay otros lugares donde atienden mucho mejor y la sazón es igual o mejor por un menor costo.",Rukito Grill&Drink - Alborada,True
2022-11-28 06:36:58.155000+00:00,,,,,5,"Delicioso 👌🏼, es excelente para fanáticos del queso . En cuanto a cantidad, mi familia somos 4 y pedimos 3 platos y sobró para cena p 2 personas. Ya depende de cuánto coman pero para nosotros fue mucho así que les aconsejo pedir primero 1 plato para 2",Rukito Grill&Drink - Alborada,True
2020-09-17 15:06:15.537000+00:00,,,,,5,"Comida: Super rica la comida, te dan todo tal cual lo quieres. Tanto los platos fuertes como las porciones de papas estaban deliciosas. Muy satisfecho.

Atención: La chica que nos atendió y el chico de la parrilla super atentos, una muy buena atención de parte de todos.

Ambiente: El local luce pequeño pero es más grande de lo que parece, suficientes mesas para encontrar disponible. Todo excelente.",Rukito Grill&Drink - Alborada,True
2025-05-14 19:57:41.250000+00:00,De 10 a 30 min,5.0,5.0,5.0,5,Bello!,Rukito Grill&Drink - Alborada,True
2025-01-16 20:37:57.821000+00:00,,5.0,5.0,5.0,5,"Excelente la atención,la comida 🐱",Rukito Grill&Drink - Alborada,True
2020-09-10 03:59:01.073000+00:00,,,,,5,Súper buen sabor y la atención también muy buena.,Rukito Grill&Drink - Alborada,True
2025-11-07 22:31:08.838000+00:00,De 30 a 60 min,2.0,5.0,1.0,1,"Queridos usuarios que miran este comentario, la comida es muy buena, pero el servicio como la retaguardia de un puerco moribundo, fue terrible!!, pedir cartas, bebidas, la cuenta fue como rogarle a tu ex para que vuelva y nada que se asoma, porfavor, no vengan a este Rukito, vayan a los otros, chau saludos!!",Rukito Grill&Drink - Alborada,True
2023-02-22 13:37:52.206000+00:00,,5.0,5.0,5.0,5,"Uno de los mejores lugares para degustar comida
Deliciosa Rukito 🤤😍
Célebre con mis amigas mi cumpleaños.",Rukito Grill&Drink - Alborada,True
2024-06-15 00:01:15.482000+00:00,,5.0,5.0,5.0,5,"Excelente todo, desde la persona que cuida los carros afuera ,hasta los que te atienden todos muy amables, de a poco vamos probando uno a uno sus platos (ya que no somos de Gye) y hasta ahora lo que hemos comprado nos ha fascinado, hemos traído para comer en casa y comemos todos.",Rukito Grill&Drink - Alborada,True
2024-05-25 00:48:45.452000+00:00,,4.0,5.0,5.0,5,"La comida es buena, las porciones son bastante grandes, de una orden pueden comer bien dos personas, el moro es chicloso por tener mucho queso, la porción de patacones es espectacular, súper llenos de crema de queso y queso criollo rallado. Recomendado!",Rukito Grill&Drink - Alborada,True
2022-03-02 22:11:27.975000+00:00,,,,,5,"Comida rica y deliciosa, cariñosa y rica, los moros excelentes",Rukito Grill&Drink - Alborada,True
2023-09-22 03:06:20.489000+00:00,,5.0,3.0,5.0,2,"Tamaño de proteína bien, pero le faltaba sazón. El moro tiene bastante queso pero le faltaba
La atención 10/10
En fin, no regresaría. Primera impresión no fue agradable para mí paladar",Rukito Grill&Drink - Alborada,True
2021-01-11 01:10:22.699000+00:00,,,,,5,"Lugar cálido, buena atención y la comida espectacular 👌",Rukito Grill&Drink - Alborada,True
2026-01-04 15:54:34.435000+00:00,,4.0,3.0,4.0,3,"Sobrevalorado, comida que es lo más importante, deja que deseae y un poco de sobreprecio",Rukito Grill&Drink - Alborada,True
2024-11-09 12:23:50.058000+00:00,,4.0,5.0,2.0,3,"Regrese a comer a rukitos la comida es buena pero esta vez tuve una mala experiencia fui con mi bebé de 5 meses y necesitaba el cambiador y estuve esperando como 10 minutos pregunté si tenían llave me dijeron no,  mi bebé lloraba y cuando sale la SUPERVISORA del cambiador ella estaba adentro . toque la puerta y no contestó !",Rukito Grill&Drink - Alborada,True
2025-02-27 03:34:08.286000+00:00,,4.0,4.0,3.0,4,"La comida estaba rica, buen asado pero se pasó un poco y estaba reseca la carne de la costilla que pedí. Con un plato pueden comer hasta 3.",Rukito Grill&Drink - Alborada,True
2024-06-30 21:55:54.811000+00:00,,4.0,3.0,5.0,3,"Dificil explicar, pero en mi ultima experiencia, pedimos pollo, picaña y costillas. El pollo demasiado ahumado tanto que sabia mas a madera q pollo que terminamos comiendonos no mas el moro, la picaña quedo con sabor neutro tendiendo mas a dulce no sentia q comia picaña, tanto que quedo mejor calentandola con un guiso que tenia en casa. Lo unico que se defendieron fueron las baby ribs pero en el sentido que se disfrutaban pero hay mejores (no superaron en sabor a las que yo mismo hago y no es que las haga todos los dias). Hasta ahora solo las saint louise son las que me han quedado bien y las recomiendo. No se si las prueban antes de servir para garantizar una buena experiencia gastronomica!",Rukito Grill&Drink - Alborada,True
2022-05-25 17:43:49.944000+00:00,,,,,5,"Excelente atención, la cómoda súper buena, sobre todo la Sangria 🤤🤭",Rukito Grill&Drink - Alborada,True
2025-03-27 02:32:43.732000+00:00,,5.0,5.0,2.0,5,La comida excelente calidad a buen precio,Rukito Grill&Drink - Alborada,True
2020-12-28 18:49:37.638000+00:00,,,,,3,"Agradable lugar pero no se respeta el aforo permitido.
La sangría o era por la promoción 2x1 pero estaba simple o por la cantidad de hielo que le pusieron. La carne buena pero los moros no fueron tan de mi gusto.",Rukito Grill&Drink - Alborada,True
2024-09-26 21:02:59.330000+00:00,,5.0,2.0,4.0,3,"A bajado bastante su calidad en comparación su inicios
Cortes de carne 9/10 ( excelente un sabor tradicional pero en grande)
Papas 4/10 ( sin crocancia dejarlas menos tiempo en el aceite)
Moro 7,3/10 ( le falta un poco más de sazón)
Morochoclo 6/10 ( no va tan bien con las carnes le falta un toque de sabor más cremoso
Salsas 3/10 ( queso insípida le falta más sal y queso, pueden ponerle ajo para que el sabor se lleve mejor con las papas. Verde ( le falta un poco de sal y más consistencia)
Ensalada 7/10 ( les falta más acidez)
Porción 9/10 ( sirven lo suficiente)
En mi experiencia son bueno quizás no para lo que cobran pero las porciones son buenas ya no tienen el sabor de sus inicios y se han dejado llevar del marketing y olvidado mantener el sabor.❤️",Rukito Grill&Drink - Alborada,True
2025-05-21 16:21:42.377000+00:00,De 10 a 30 min,,,,5,"Excelente, han mejorado en todo, la comida llegó caliente, no se espero mucho en la mesa y el servicio muy bueno",Rukito Grill&Drink - Alborada,True
2022-04-26 15:44:11.545000+00:00,,,,,5,"Cada platillo es excepcional, con una precios adecuados y una atención al detalle; es todo lo que uno debería ver en un restaurante.",Rukito Grill&Drink - Alborada,True
2022-12-15 06:07:23.984000+00:00,,2.0,1.0,1.0,1,"Se demoraron más de 20 minutos en entregarme la orden, los moros sabían a queso rancio, cómo si estuviera guardado por mucho tiempo el queso. La carne sabía a polvo, la costilla estaba cruda. Una muy mala experiencia.",Rukito Grill&Drink - Alborada,True
2023-01-16 23:08:58.449000+00:00,,,,,4,"La verdad que mis expectativas fueron altas por las redes sociales , pero no fue nada del otro mundo . La comida y los moros sabor normal no fue extraordinario. La atención fue muy buena , el lugar muy reducido el espacio y la bulla de la gente se encerraba no se podía conversar.",Rukito Grill&Drink - Alborada,True
2021-09-06 05:18:52.460000+00:00,,,,,2,"Bueno el ambiente, mucha demora en servir los platos, un simple jugo de naranja poco sabor a la fruta y más sabor a agua, la ensalada muy agria, la chuleta, muy seca. Espero q puedan mejorar al menos en el tiempo de distribución de los platos.",Rukito Grill&Drink - Alborada,True
2024-10-05 01:26:49.741000+00:00,,5.0,5.0,5.0,5,"Una experiencia muy agradable, la comida es deliciosa aunque haya que esperar un poco cuando está lleno, vale totalmente la pena esperar y los costos no son exagerados",Rukito Grill&Drink - Alborada,True
2021-07-05 02:28:08.926000+00:00,,,,,2,"Los precios están bien, las porciones del plato tambien, tiene buen sabor....lo único es que deberían mejorar la atención de los meseros en general hombre y mujeres un mesero no me ayudó con lo que le pedí, la mesera me tiro (no me sirvió el plato) me tiro a  la mesa una entrada que había pedido, nunca regresaron para ver si necesitaba algo mas, no regresaría gracias. Ahh y las costillas estaba cruda.... dos veces",Rukito Grill&Drink - Alborada,True
2025-02-26 21:58:35.450000+00:00,,,,,4,Muy buena la comida y la atención excelente 👌,Rukito Grill&Drink - Alborada,True
2025-11-16 19:15:21.076000+00:00,,2.0,2.0,2.0,3,"El guardia de la entrada es déspota no sabe atender , parece q ya están ganando mucho dinero, no contestan el teléfono para hacer una reserva, no respetan tercera edad ni embarazadas",Rukito Grill&Drink - Alborada,True
2023-06-23 22:05:11.223000+00:00,,3.0,3.0,1.0,2,"Pésima antención tuvimos que esperar 40 minutos para que nos sirvan, no estaba lleno el lugar porque aún era temprano pero no hay al parecer organización en los meseros pues no recordaban nuestra orden, ni siquiera dan un pasaboca para esperar, atendían a los que llegaban al último, la comida aceptable, error servir los azados encima del arroz y la menestra ya que es muy grande la porción que sirven y no se puede manipular dentro del mismo plato. Los platos van de 8 a 20 dólares y son exageradamente grandes , de un plato comem dos personas, no lo recomiendo",Rukito Grill&Drink - Alborada,True
2022-08-14 03:03:12.860000+00:00,,,,,2,"Los precios son buenos. El servicio: cordial, atento y ágil. El moro no era, ni sabía recién preparado, todo lo contrario, se veía viejo o pasado, visiblemente guardado, no agradable al paladar. Me serví un matambre que se veía y sabía extra cocido, para nada jugoso incluso...para mí al menos, pura propaganda. Se desea mejoren, por ejemplo, contratando a un buen parrillero o, a un buen jefe de cocina",Rukito Grill&Drink - Alborada,True
2023-05-29 02:06:51.209000+00:00,,4.0,2.0,4.0,2,El queso utilizado en los moros es muy salado haciendo imposible disfrutarlo. El acompañamiento de los platos son par de chifles los cuales no hacen mucha presencia en el plato ni el sabor. La porción/gramaje de la carne es poco y no va acorde a los precios. Los cuchillos brindados no son útiles para un local de carnes consigan unos tipo sierra. Finalmente la carne es un poco dura. Tiene facilidad de parqueo y el ambiente del lugar no es bullicioso.,Rukito Grill&Drink - Alborada,True
2023-11-18 08:42:25.606000+00:00,,5.0,5.0,5.0,5,Excelente. Muy buena atención.,Rukito Grill&Drink - Alborada,True
2022-05-18 02:29:23.804000+00:00,,,,,5,Definitivamente delicioso para compartir en familia,Rukito Grill&Drink - Alborada,True
2026-05-23 20:37:28.149000+00:00,De 10 a 30 min,5.0,4.0,4.0,4,"Comida rica, y un servicio bueno",Rukito Grill&Drink - Alborada,True
2024-04-01 21:15:38.090000+00:00,,2.0,1.0,1.0,1,"La porción de la comida es grande, pero no tiene sabor !
Falta amabilidad en la atención, a lo q retiran los platos pasan la comida de un plato a otro y hacen una sola montaña de lo q sobra en los platos frente a ti !
Terrible",Rukito Grill&Drink - Alborada,True
2021-09-07 14:50:25.044000+00:00,,,,,4,"La comida es excelente, muy buena que por algo el lugar siempre se llena. La falla es que no cuenta con parqueadero y al tener mucha clientela hay que esperar a que desocupe mesa, la comida también demora en despacharse. El resto la sazón 10/10",Rukito Grill&Drink - Alborada,True
2024-03-17 03:25:30.435000+00:00,,5.0,5.0,5.0,5,Muy bonito local acogedor una atención excelente y muy buena la comida siendo menú bastante variado.,Rukito Grill&Drink - Alborada,True
2023-05-28 01:49:46.093000+00:00,,5.0,5.0,5.0,5,"este lugar es increíble! He ido muchas veces y siempre me tratan súper bien, el restaurante es súper lindo específicamente el de la alborada, pero si les sugeriría que controlen el ruido cuando hay grupos grandes, a veces puede ser molesto. Aun así, lo recomendaría al 100%",Rukito Grill&Drink - Alborada,True
2021-06-02 22:38:55.539000+00:00,,,,,4,Muy buena comida.,Rukito Grill&Drink - Alborada,True
2023-06-25 14:35:24.299000+00:00,,4.0,2.0,1.0,1,"La costilla BBQ estaba sobrecocinada, la salsa sabía a salsa comprada en supermercado, y el moro no tenía un buen sabor. Al tratar de comentarle al mesero no les importó. Demasiado caro para lo que es, mejor costilla consigo a 5 dólares en otro lado",Rukito Grill&Drink - Alborada,True
2024-05-04 21:36:13.688000+00:00,,5.0,5.0,5.0,5,"Para comenzar el ingreso con silla de ruedas un poco comprometedor. Pero si hay rampa más por el tema de la calle.
La atención muy buena. Trajeron las bebidas apenas casi las pedimos. Los jugos también son muy buenos. Mi favorito quedó como el de maracuyá.
Me gusto la carne. Una buena porción. El moro choclo muy bueno que fue el que me pedí. El moro chicloso también rico.
Me gusto que pensaran en las personas que consumimos bastante picante que tienen el ají escorpión que es bastante picante. Tienen uno de maracuya olé y el escorpión de don Joaquín.
La ensalada y la cebolla caramelizada súper buenas. El patacon un poco tieso lo haría más crujiente como recomendación.",Rukito Grill&Drink - Alborada,True
2025-10-31 23:30:05.768000+00:00,,5.0,5.0,5.0,5,Excelente todo,Rukito Grill&Drink - Alborada,True
2022-05-31 02:28:02.319000+00:00,,,,,1,Pésimo me salio pelos en el arroz muy decepcionado primera vez que voy,Rukito Grill&Drink - Alborada,True
2026-05-29 02:25:30.807000+00:00,,5.0,5.0,5.0,5,10 de 10 calidad en todo lo q ofrecen,Rukito Grill&Drink - Alborada,True
2024-09-15 23:07:59.415000+00:00,,5.0,4.0,4.0,5,"He ido en varias ocasiones y me agrada la comida, en especial el moroclo, eso sí debes asegurarte que el mesero tome tu pedido, porque luego de media hora me salieron con que no me.habia hecho el pedido😞",Rukito Grill&Drink - Alborada,True
2021-09-05 06:09:24.410000+00:00,,,,,4,"Es muy buena la comida pero se demoran mucho en servir, aproximadamente 45 minutos y las mesas están muy juntas. Había mucho ruído, no sé si fue coincidencia, en una mesa habían unas 10 personas riendo escandalosamente celebrando un cumpleaños. No recomendable para ir con niños o en familia. El lugar es ideal para ir en grupo de amigos. Cuentan con 2 casas o instalaciones diferentes, una frente a la otra, donde se puede comer. Los precios de los platos son razonables, ni muy barato, ni muy caro. Se puede elegir el plato con moro de lentaja o con moro de lenteja y moro de choclo. Sirven bien despachado.",Rukito Grill&Drink - Alborada,True
2025-09-25 02:05:20.191000+00:00,Hasta 10 min,5.0,5.0,5.0,5,"Excelente servicio
10/10",Rukito Grill&Drink - Alborada,True
2021-01-16 03:43:14.200000+00:00,,,,,4,Buenos comida pero tendrían que mejorar lo del tiempo de despacho el resto bien 🇪🇨,Rukito Grill&Drink - Alborada,True
2025-08-09 12:32:39.107000+00:00,Sin espera,4.0,3.0,4.0,4,"Sercicio excelente, filetes pasados de cocción y mucha sal. Moros excelentes, postres muy buenos.",Rukito Grill&Drink - Alborada,True
2025-03-25 03:09:59.338000+00:00,,1.0,3.0,1.0,2,"La atención del personal en Rukito, Alborada no fue de mi agrado, pero la comida si muy buena, el local tenía un olor a queso, pero fuera de eso todo muy rico",Rukito Grill&Drink - Alborada,True
2026-03-16 19:09:15.273000+00:00,,3.0,5.0,4.0,3,El.local es pequeño y hay que hacer cola a veces hasta 20 minutos pero muy buenos precios y buena comida,Rukito Grill&Drink - Alborada,True
2021-09-04 02:58:37.283000+00:00,,,,,2,"No fue una buena experiencia. Pedimos panceta estuvo simple y crudo. Tuvimos que esperar casi una hora , nos dijeron que la panceta demoraba su cocción sin embargo también demoraron en servir los otros platos, pollo y costillas.",Rukito Grill&Drink - Alborada,True
2021-03-12 00:48:16.755000+00:00,,,,,4,Me gusto la sazón de la comida y el tamaño de las porciones y a un costo moderado. Perfecto para una salida en familia y salir de la rutina. Mejor ahora que tienen dos locales. Se considera nserva mejor el distanciamiento social.,Rukito Grill&Drink - Alborada,True
2025-09-11 14:28:42.450000+00:00,De 10 a 30 min,5.0,5.0,5.0,5,"Todo es bueno pero hay que ser paciente, los dias de promoción hay fila en especial los lunes.",Rukito Grill&Drink - Alborada,True
2025-03-25 10:55:03.279000+00:00,,,5.0,5.0,5,E tenido oportunidad de ir en familia al local de la via a la costa...y si me atendieron bien hubo espacio y no esperé mucho...aunque un fin de semana fui a Rukito Alborada la fila afuera me hizo desistir de Comer allí...nada más Todo bien ...,Rukito Grill&Drink - Alborada,True
2023-05-26 01:57:19.949000+00:00,,,,,2,"Rukito mall sur, mucha expectativa para lo que anuncian en redes sociales con la realidad, en redes dicen que hacen reserva y el número facilitado por ellos, cuya respuesta la tuve luego de 15 horas (tomando en cuenta que la reserva era para el día siguiente de que iba ir) dijeron que no, poco calidad la persona que atiende WhatsApp.  Sin embargo al llegar al lugar otras personas tenían reserva al ingresar (no manejan el mismo standar a todos los clientes). La administradora no tiene liderazgo, gritando a sus empleados (delante de los clientes) con su rostro enojado, no agradable sobre todo las personas que se sientan en la mesa a lado de la estación de cocina, sin embargo sus meseros son 5 estrellas, lamento que ellos reciban toda esa mala vibra en un trabajo nuevo, es desmotivante.  En cuando la comida 5/10 el tomahawks esperaba más sabor, moros 5/10 no estaban espectaculares...",Rukito Grill&Drink - Alborada,True
2025-04-01 22:00:27.768000+00:00,,5.0,5.0,5.0,5,La comida estuvo muy rica. Ay una fila larga para entrar pero valió la pena.,Rukito Grill&Drink - Alborada,True
2020-12-17 17:09:54.410000+00:00,,,,,3,"Hagan publicidad acorde a lo ofrecido, cuidado se cae en publicidad engañosa.  más calidad en sabor, fui con muchas espectativas por lo que se ve en redes sociales, las imágenes son espectaculares, ese mismo esmero debe haber en buscar calidad en sabor, pero viví una experiencia que no cuadro con la espectativa, me gusta este tipo de comida seguro no superaron otros lugares que he probado, tomar en cuenta sobre lo mencionado, ajustar en lo posible precios ya que a mi parecer no están acorde. Espero mi aporte ayude para mejorar y seguir adelante con el emprendimiento. Saludos.",Rukito Grill&Drink - Alborada,True
2023-05-07 01:53:31.231000+00:00,,4.0,3.0,4.0,3,"Sirven dos salsas pero no hay cortesía, prácticamente te obligan a comprar una.  El moro rico pero con demasiado pimiento para mi gusto y el pollo desabrido.",Rukito Grill&Drink - Alborada,True
2025-07-11 13:27:33.642000+00:00,,5.0,5.0,5.0,5,muy buena todo tranquilo,Rukito Grill&Drink - Alborada,True
2024-07-25 17:42:18.186000+00:00,,5.0,5.0,5.0,5,Simplemente BELLO 😋 deliciosa comida 😍,Rukito Grill&Drink - Alborada,True
2021-11-02 04:45:10.332000+00:00,,,,,5,"Lugar agradable buena atención, aunque se llena bastante, disponen de 2 locales uno enfrente del otro, por lo que no harás cola mucho tiempo. Muy cómodos precios para lo que te ofrecen, dado que por 1 plato pueden comer 2 personas tranquilamente. Nosotros pedimos costilla, que incluían 2 moros, ensalada y chifle todo por 8$ lo veo super buen precio. Ambos moros deliciosos, pero esa cebolla caramelizada se ganó mi corazón💕 la costilla estuvo normal, sin duda iré nuevamente a probar una picaña proximamente 😉 pd: el local no es tan fancy fancy, así que guarden las galas jaja",Rukito Grill&Drink - Alborada,True
2025-01-24 17:40:50.089000+00:00,,5.0,5.0,5.0,5,Muy rica la comida y la atención muy eficiente.,Rukito Grill&Drink - Alborada,True
2023-05-10 13:50:51.403000+00:00,,5.0,5.0,5.0,5,"Sé que es la mejor comida que se puede probar en gye, la textura de la carne en su punto, el servicio excelente siempre atento a tu orden y pendiente de tu pedido, a su vez súper rápida la atención, dado el caso que el lugar se llena con frecuencia mantienen una alta calidad de atención al cliente",Rukito Grill&Drink - Alborada,True
2025-09-30 10:36:01.297000+00:00,,5.0,5.0,5.0,5,Muy buena la comida,Rukito Grill&Drink - Alborada,True
2021-12-07 16:50:03.143000+00:00,,,,,3,"El moro de verdad delicioso con el queso chicloso el mejor que he probado. Le doy 10.      La carne buena. Pero le doy 7 de 10 por relacion calidad precio. probé Matahambre pero comparado con otros estuvo un poco seco y con mucha parte grasa q no se podia masticar, pero la cantidad excelente creo q 1 libra o mas. El chorizo bueno pero mismo problema poco seco, y un error: primero me sirvieron el plato sin chorizo xq el asador se confundió, la comida demoró en llegar siquiera 20 a 30 minutos. Pero el chorizo me dieron cuando el resto ya habia acabado. El local bonito la decoracion, solo un problemita por la musica o la bulla del resto de personas habia que gritar un poco para conversar.",Rukito Grill&Drink - Alborada,True
2022-09-28 17:35:29.800000+00:00,,,,,5,"La vez que fuimos con mi grupo de amigos no tuvimos que hacer cola para entrar lo cuál fué excelente porque nos moríamos de hambre.
Atienden súper rápido y consideran el hecho de pagar por separado cuando vas en grupo (no me había pasado en otros restaurantes), el ambiente es excelente para poder conversar, los baños súper limpios.
Sin duda si regresaré.",Rukito Grill&Drink - Alborada,True
2021-01-31 02:40:52.293000+00:00,,,,,4,"Paro los precios, pensé que iba a comer algo fantástico...pero la comida estaba pasable. Se pidió una entrada con chorizos a las finas hierbas y nos dieron otro tipo  de chorizo. Los moros y el arroz con choclo estaba simple. Y aunque la comida se veía idéntica a las fotos de instagram  le faltaba más sabor.",Rukito Grill&Drink - Alborada,True
2021-11-08 06:35:29.479000+00:00,,,,,5,"Me encantaaa! Desde el pulpo que muy bien pueden servirse dos personas! Hasta el lomo fino , la costilla ahumada, la picana, el mata hambre de cerdo son espectaculares y su chicloso de choclo es mi preferido…
No se arrepentirán ! Excelente elección!",Rukito Grill&Drink - Alborada,True
2022-09-26 14:54:08.969000+00:00,,,,,5,"La atención excelente, la comida ni se diga. LA RECOMIENDO FULL!!",Rukito Grill&Drink - Alborada,True
2025-04-19 19:03:48.481000+00:00,,,,,5,Excelente buena comida y la atención también muy buena,Rukito Grill&Drink - Alborada,True
2021-11-27 20:38:48.331000+00:00,,,,,1,"El arroz del moro crudo, la margarita intomable, hay muy pocos meseros y lo peor y más grave es que los dueños no saben a tratar a su servicio como personas. Doy 1 estrella porque el local no se está cayendo y no vi cucarachas en la comida, pero no hay nada que rescatar de mi experiencia en este local.",Rukito Grill&Drink - Alborada,True
2023-11-11 00:48:34.469000+00:00,,4.0,5.0,3.0,5,"Deben contratar más personal para no recargar a los pocos que tienen y así los clientes no esperar mucho tiempo, también debe poner menos frío del ac para que la comida se congele, pueden aumentar a su menú picaña de res porque también es rica pero sólo tienen la de cerdo",Rukito Grill&Drink - Alborada,True
2021-06-07 14:38:17.308000+00:00,,,,,5,Precios económicos y sabor inigualable. Lo único que se debe considerar es que por obvias razones siempre estå lleno así que es recomendable pedir para recoger en el restaurant o servicio a domicilio; si tienes tiempo puedes hacer cola y en ese sentido son muy organizados de acuerdo a la desocupación de mesas.,Rukito Grill&Drink - Alborada,True
2023-10-30 10:26:30.041000+00:00,,5.0,5.0,5.0,5,Costillas de cerdo $10 comimos dos personas 😊,Rukito Grill&Drink - Alborada,True
2022-02-20 22:38:53.841000+00:00,,,,,5,"La comida es espectacular 😌 Definitivamente los moros son su especialidad. Puedes encontrar muchos tipos de cortes de res, cerdo y aves; además de chorizos. La atención al cliente es muy buena. Visité el de la Alborada y si encuentras parqueos",Rukito Grill&Drink - Alborada,True
2025-04-19 23:57:21.101000+00:00,,5.0,5.0,4.0,5,Buen lugar y muy rica comida,Rukito Grill&Drink - Alborada,True
2021-05-15 00:23:40.698000+00:00,,,,,2,"Pedí a domicilio. La atención fue buena y rápida. Muy amables, sin embargo su comida fue decepcionante, las costillas al bbq era como que la salsa le pusieron al apuro y no tenía un buen sabor. Pedimos diferentes cortes tampoco estuvieron buenos.",Rukito Grill&Drink - Alborada,True
2021-08-13 20:12:55.348000+00:00,,,,,2,"La comida si es buena, pero si eres intolerante a la lactosa no te lo recomiendo. Pedí mi comida y comí con gusto, luego de eso terminé en el hospital. Respecto a precios, oscilan entre los 15 en adelante.",Rukito Grill&Drink - Alborada,True
2020-11-30 14:04:21.861000+00:00,,,,,3,"La comida estuvo buena, pero no recomiendo ir al local porque está muy lleno. Pidan para llevar, se puede llamar y hacer el pedido con anticipación. La atención es buena.",Rukito Grill&Drink - Alborada,True
2021-04-02 22:54:29.526000+00:00,,,,,4,"El lugar un poco pequeño, hacía bastante calor. Entiendo que por temas Covid el aforo es limitado pero deberían trabajar en eso. La comida en general bien. Pedí una picanha con moro mixto. La presentación excelente. En un sartén con ramas de tomillo, orégano y pimiento morrón. Respecto al sabor le faltaba un poco de sal a la carne. De los moros muy ricos. Muuucho queso. Recomendado para amantes de moros y la parrilla.",Rukito Grill&Drink - Alborada,True
2023-05-30 22:35:38.672000+00:00,,3.0,4.0,3.0,3,Bonito y agradable lugar. Deberían mejorar la atención al público y mantener más limpias las mesas. Muy buen menú. Regreso con gusto.,Rukito Grill&Drink - Alborada,True
2026-03-01 02:30:09.870000+00:00,,,,,1,Pésima atención poco recomendable,Rukito Grill&Drink - Alborada,True
2021-05-08 19:50:25.978000+00:00,,,,,5,"Después de comer las BBQ ribs y la chuleta, ambos deliciosos. El servicio excelente. Los contacte por whatsapp y pase recogiendo la comida. La tenían lista a la hora acordada. Ambos platos bien despachados, calientes y empacados adecuadamente para el traslado. Definitivamente seguiré probando el resto de sus platos, y cuando acabe la restricción los visitaré en mesa.",Rukito Grill&Drink - Alborada,True
2020-10-01 05:07:10.618000+00:00,,,,,3,"He ya escuchado muchas críticas buenas sobre este restaurante, así que decidí visitarlo. Desde que llegué tuve que tomar lugar en la parte de afuera para esperar por una mesa, lo cual no tiene nada de malo, es la decisión de cada comensal quedarse a esperar o ritrarse, por lo cual esto no lo incluiría para calificar el servicio. Realice el pedido y luego de 15 minutos llego a la mesa, un tiempo aceptable realmente, me decidí por moro mixto, y pichana en TERMINO Medio, recalco, al cortar la carne de res me percate que no estaba en termino medio, más bien era un término blue o rare, pedí a la mesera por favor devolver el plato, me pregunto si lo quería en termino 3/4 pero le hice incapie que en termino medio, regresó el parrillero luego de 4 minutos con mi corte un poco más cocido, pero uniforme e igual un término blue. Aparte de este error clave, debo recalcar que los sabores de ambos moros eran muy buenos, la ensalada fresca y sus acompañantes muy acordes. Pude probar las cotillas de cerdo, debo recalcar que el manejo del cerdo en este caso era muy muy bueno.",Rukito Grill&Drink - Alborada,True
2024-10-20 13:47:46.312000+00:00,,4.0,2.0,4.0,3,"Atención muy buena
Lugar acogedor
Precios un poquito caro para la calidad
Mi picudo a la plancha demasiado duro( suela de zapatos) todo lo demás bien",Rukito Grill&Drink - Alborada,True
2021-12-11 19:08:44.309000+00:00,,,,,4,"Me encantó. El lugar no es nada fuera de lo ordinario, pero el sabor de la comida es de otro nivel. Precios similares otros restaurantes ubicados por la zona, pero no se comparan en sabor.",Rukito Grill&Drink - Alborada,True
2024-07-11 18:15:20.284000+00:00,,5.0,5.0,5.0,4,"Le doy 4 estrellas por la espera, porque todo lo demás es muy bueno, muy recomendado, es un lugar en el que si se gasta bastante pero la experiencia y la comida lo vale.",Rukito Grill&Drink - Alborada,True
2025-06-29 13:20:30.024000+00:00,,4.0,5.0,5.0,5,"Muy rico, pero deberían agrandar el espacio porque con esta delincuencia es incómodo esperar afuera a que se desocupe alguna mesa",Rukito Grill&Drink - Alborada,True
2020-09-14 00:56:40.500000+00:00,,,,,5,"Excelente comida, fui por una recomendación y salí satisfecho, la comida estuvo deliciosa y los precios dentro de lo que te ofrecen, sin lugar a dudas volvería a ir, muy recomendado",Rukito Grill&Drink - Alborada,True
2023-06-03 03:03:01.380000+00:00,,,,,3,La realidad de los platos que nos servimos no cubrió la expectativa que teníamos vimos que solo se trató de marketing .. me servi pulpo .. recocinado y las puntas quemadas fue un Chasco!! .. y ni que hablar del meloso o moro chicloso .. eso más parecía torta de arroz con queso y choclo .. los platos no justifican el precio .. yo no lo recomiendo.. paso!!,Rukito Grill&Drink - Alborada,True
2024-03-19 03:25:13.377000+00:00,,4.0,2.0,3.0,1,"Siempre he venido a comer, pero hoy que volví a comer después de unos meses todo había cambiado, las porciones del moro más pequeña, la res y proteínas secas, los patacones duros y secos, pienso que cambiaron al cocinero de local, una pena para mi este rukito era el mejor de todos, ahora ya no me lo parece.",Rukito Grill&Drink - Alborada,True
2023-06-06 21:38:00.821000+00:00,,2.0,2.0,2.0,2,"Me pareció novedoso ver publicaciones en las redes, pero tuve una mala experiencia, el lugar era un ""horno"", una mala organización por parte de uno de los chicos presentes, y el plato que pedí tal vez no tuve la suerte de que este bueno, la sangría una rotundo no!!, En fin no quiero ofender a nadie con la calificación pero es la experiencia que viví, espero mejoren por su propio bien.",Rukito Grill&Drink - Alborada,True
2023-08-27 01:48:56.913000+00:00,,5.0,1.0,5.0,1,"No me sorprendió nada , a no si si hubo algo que me sorprendió... el pollo crudo que me sirvieron , el mesero muy amable lo regreso a cocina para que corrijan su error ... pero desde de eso nada más . Gracias",Rukito Grill&Drink - Alborada,True
2021-06-10 00:30:23.330000+00:00,,,,,2,"Pedi costilla con moro choclo, el moro ok, pero la costilla era una carne cruda y la había pedido bien cocida... sin nada de bbq o chimichurri nada simple le pregunte a la mesera si no había algo que ponerle y me dijo no viene así..  y me sentí mal por que barato no es y le hacen mucha publicidad. Ha y se demoraron 45 minutos en servir.",Rukito Grill&Drink - Alborada,True
2026-04-05 20:24:19.315000+00:00,De 10 a 30 min,5.0,5.0,5.0,5,Falta más potencia al aire acondicionado.,Rukito Grill&Drink - Alborada,True
2022-12-31 15:17:33.083000+00:00,,5.0,5.0,5.0,5,"El lugar muy acogedor, la comida deliciosa, la atención muy buena. Para los que gustan comer ""bastante"" muy recomendado. Ojo, los precios van acorde a cómo sirven jejeje. Muy buena sazón, vale mucho la pena el gasto.",Rukito Grill&Drink - Alborada,True
2025-08-29 02:09:05.476000+00:00,,5.0,5.0,5.0,5,Exelente muy buena comida,Rukito Grill&Drink - Alborada,True
2021-12-14 03:33:10.288000+00:00,,,,,2,"Realmente la comida solo sirve para una foto de Instagram, la costilla ahumada,contenía una salsa súper fuerte que no dejaba apreciar el sabor de la costilla que era lo principal, la atención y el tiempo están muy bien, pero no es un lugar donde se volvería a ir, los platos se ven muy ricos, pero no saben igual.",Rukito Grill&Drink - Alborada,True
2020-10-27 12:58:56.617000+00:00,,,,,4,"El moro es delicioso, no me agradó la ensalada, puede ser mejor y unos patacones recién hechos reemplazarían muy bien a los chifles. La costilla estaba bien.",Rukito Grill&Drink - Alborada,True
2021-12-14 03:35:38.190000+00:00,,,,,5,Muy Rica la comidan,Rukito Grill&Drink - Alborada,True
2021-05-01 03:16:59.351000+00:00,,,,,4,"Las costillas bien, las papas con cheddar bien.",Rukito Grill&Drink - Alborada,True
2022-01-04 18:30:05.315000+00:00,,,,,3,"La comida muy buena,pero la tención de la señorita que me atendió realmente mala no creo que todo el personal sea así, aún así salí con ese mal sabor; el lugar es cálido y acogedor .",Rukito Grill&Drink - Alborada,True
2024-01-20 19:49:52.093000+00:00,,5.0,5.0,5.0,5,"Porciones exactas y justas para el precio de cada plato, si es un poquito costoso, pero vale la pena. PD. Si UD es de los que se llena rápido, no pida entrada ☺️",Rukito Grill&Drink - Alborada,True
2022-01-03 23:18:03.297000+00:00,,,,,3,"Fui a probar la comida que había visto en redes. Y los puntos positivos: los dos tipos de moros que hay. 10/10  y la proteína de cerdo lo máximo. Las papas con el queso chedar muy buenas, lo malo el tamaño  de las papas son algo pequeñas punto a mejorar... La ensalada  solo para adorno pero tambien la pueden mejorar....el jugo de limón natural que pedí  sabía algo raro y tuve que devolverlo el jugo viene en botella de envase artesanal. Zona de parqueos si lo hay...donde un señor cuida los vehículos a cambio de unas monedas.. me di cuenta que  Este negocio antes fue una casa y que la han adecuado para la ocasión, hay una mesa que queda justo al lado del baño me parece terrible y me enteré porque al final un señor abrió la pequeña puerta y sorpresa era un baño... el resto ok. Creo que están para más...",Rukito Grill&Drink - Alborada,True
2024-02-21 22:52:53.815000+00:00,,2.0,5.0,5.0,4,"El trato y tiempo de espera excelente, la comída muy exquisito, delicioso, pero debe tomar en cuenta que en el garaje, no es para comer los ventiladores apagados hacia mucho calor",Rukito Grill&Drink - Alborada,True
2025-06-14 03:12:44.263000+00:00,,5.0,5.0,5.0,5,"Tube un inconveniente en la mesa donde estaba , me caiga gotas de agua en la comida , pero de ahí la comida estaba rica , solo q la mesa estaba mal en el sitio donde estaba gracias 😊",Rukito Grill&Drink - Alborada,True
2021-09-01 22:53:37.722000+00:00,,,,,4,Su artos con queso es el mejor de todos y la hospitalidad de su personal te hace sentir bienvenido. Sus platos son excelentes para los comelones de la familia ya que llevan una gran porción para irse satisfecho.,Rukito Grill&Drink - Alborada,True
2025-05-03 03:32:55.819000+00:00,Más de 1 hora,5.0,5.0,3.0,5,Buena la comida pero lo malo que espere una hora con 30 minutos para que salga mi comida creo que es mucho tiempo de espera,Rukito Grill&Drink - Alborada,True
2021-08-06 22:48:36.868000+00:00,,,,,5,"Para comer rico y sin que se te quede corta la cantidad, este es el sitio! Su lomo de cerdo es espectacular. Demoran un poco para servir pero vale la espera.",Rukito Grill&Drink - Alborada,True
2022-11-19 19:25:09.645000+00:00,,5.0,5.0,5.0,5,"No es tan barato pero tampoco tan caro. Con un plato pueden comer 2, 3 o 4 personas (dependiendo el plato). Pero la carme me pareció excelente. Se come rico... recomendado",Rukito Grill&Drink - Alborada,True
2022-02-07 14:39:50.346000+00:00,,,,,5,"La comida muy buena, muy buen ambiente el servicio puede mejorar pero me gusto mucho la experiencia",Rukito Grill&Drink - Alborada,True
2022-01-03 01:38:28.134000+00:00,,,,,5,"Recomendado excelente la comida, muy buen servicio para ir con amigos y familia 👌",Rukito Grill&Drink - Alborada,True
2021-09-10 05:28:59.726000+00:00,,,,,5,"Me encanta el menú es muy rico, y los precios accesibles ni baratos, ni muy caros. Sigan así brindando un excelente servicio #RECOMENDADO🍽",Rukito Grill&Drink - Alborada,True
2025-07-25 00:26:09.540000+00:00,Sin espera,4.0,5.0,5.0,5,"un lugar muy acogedor, una delicia de costillas, me gusta mucho!",Rukito Grill&Drink - Alborada,True
2024-03-01 23:06:29.947000+00:00,,3.0,4.0,3.0,3,"El local es una villa de la Alborada wie se encuentra en una herradura,  es pequeño, poco personal para atender , mi orden vino cambiada en el moro pero como tenia hambre lo dejé pasar, los precios eran normales.",Rukito Grill&Drink - Alborada,True
2022-05-12 12:30:40.478000+00:00,,,,,5,El moro chicloso es tal cual se ve en la publicidad! Exquisito. La promoción de 2 x 11 en pollo con moro es imperdible! Las cebollas caramelizadas le dan un toque especial a cada plato.,Rukito Grill&Drink - Alborada,True
2025-04-11 08:02:49.950000+00:00,,4.0,5.0,4.0,5,Buen lugar aunque aveces se demora en llegar la comida pero lo bueno siempre se hace esperar,Rukito Grill&Drink - Alborada,True
2021-07-18 20:52:33.951000+00:00,,,,,5,El lugar me encantó!,Rukito Grill&Drink - Alborada,True
2022-03-08 14:40:11.465000+00:00,,,,,2,"VISITE EL RUKITO DE LA ALBORADA, LA ATENCION ES MUY BUENA, TIENE DONDE PARQUEARSE,  TUVIMOS UNA ESPERA CONSIDERABLE, CUANDO LLEGO MI PEDIDO QUE FUE UN CROCANTE DE CHANCHO QUE TUVO UN COSTO DE $20 UNA PORCION MEDIANA PUEDEN COMER 2 PERSONAS, ESTABA SECA POR DENTRO Y EL SABOR ERA MEDIO AMARGO POR QUE SE LES QUISO QUEMAR, TENIA UN OLOR COMO AGUITA DE BASURA Y AUN  QUE MENCIONE MI INCONFROMIDAD NO HICIERON NADA EN TOTAL UN CONSUMO DE DOS PERSONAS FUE DE $43.5, REALMENTE MU COSTOSO PARA UN PRODUCTO QUE NO ES TAN BUENO LOS ARROCES SON COMO LOS VEZ EN REDES MUCHO QUESO EL SABOR NO ES TAN AGRADABLE",Rukito Grill&Drink - Alborada,True
2020-12-26 01:40:48.070000+00:00,,,,,1,"Dan poco para llevar, la carne es una carne sencilla sin nada y dura. El moro es malo, el arroz con choclo igual, hasta los chifles y la salsa verde estaban malos.",Rukito Grill&Drink - Alborada,True
2025-10-13 04:57:26.067000+00:00,Sin espera,3.0,4.0,5.0,3,Ambiente reducido. La atención de los meseros muy buena.,Rukito Grill&Drink - Alborada,True
2021-08-07 03:41:06.632000+00:00,,,,,3,"A mi parecer podrian mejorar un poco mas en la sazón, el moro de lenteja por ejemplo podrian usar un tipo de queso menos salado (esto es opinion mia) el moro de choclo si me parecio bueno y diferente, es mi unica observación, tiene que probarlo ustedes.",Rukito Grill&Drink - Alborada,True
2024-12-12 13:07:33.759000+00:00,,5.0,5.0,5.0,5,Excelente servicio y sazón. Menú muy variado. Muy buena la presentación de cada platillo.,Rukito Grill&Drink - Alborada,True
2024-10-14 04:03:30.391000+00:00,,4.0,4.0,4.0,4,"Muy rica la comida, precios cariñosos y cócteles dejan mucho que desear la verdad",Rukito Grill&Drink - Alborada,True
2026-03-29 13:29:50.646000+00:00,,,,,4,La atención prestada no fue la mejor,Rukito Grill&Drink - Alborada,True
2021-01-09 01:21:52.313000+00:00,,,,,5,Buen servicio excelente comida,Rukito Grill&Drink - Alborada,True
2022-08-01 02:16:25.545000+00:00,,,,,1,La comida muy buena no me quejo pero la atención pésima lo peor como puede ser que en un restaurante no haya cuchara a disposición y sólo vendan con de 1 litro por 3 dólares que estás en NY ..... No puede ser muy pésima atención,Rukito Grill&Drink - Alborada,True
2024-02-04 06:39:20.913000+00:00,,,,,4,"Buen ambiente, comida muy Rica. El único detalle es que hay que ir temprano y se debe esperar a que te atiendan, te sirvan la comida o tomen tu pedido.",Rukito Grill&Drink - Alborada,True
2024-04-09 03:45:42.025000+00:00,,5.0,4.0,5.0,4,"Excelente atención, muy rico todo pero le faltó un poco de sabor al pollo 9/10",Rukito Grill&Drink - Alborada,True
2020-09-26 03:22:39.666000+00:00,,,,,5,"Al entrar y poder oler la exquisita comida, no dudé en estar en el lugar indicado, cuentan con medidas de Seguridad e incluso la atención es 10/10 la espera vale la pena al ver tremendo platillo exquisito, cada bocado es fenomenal, 100% recomendado, tienen que ir",Rukito Grill&Drink - Alborada,True
2021-12-18 06:21:11.998000+00:00,,,,,5,"Espectacular, sí son como yo, de un plato comen 2 o 3; el moro es súper delicioso.  El lugar es pequeño pero muy acogedor.",Rukito Grill&Drink - Alborada,True
2022-10-14 02:30:29.450000+00:00,,,,,1,"Decidí ir a rukito (alborada) por primera ves después de ver tanta propaganda y en lo personal es eso solo propaganda, no fue lo que esperaba o lo que se ve en  redes sociales a mi criterio no volvería... el mesero no tuvo una buena atención y en cuanto a los alimentos no fue de mi agrado",Rukito Grill&Drink - Alborada,True
2021-06-27 07:00:43.038000+00:00,,,,,4,"El moro con choclo es muy bueno, pero a las costillas les falta asarlas más. Mucho demoran en servir. Los cubiertos son lo sorprendente, puedes defenderte con ellos en caso de ser asaltado. Los jugos que sirven son embotellados y tienen mucha azúcar. Se encuentra parqueo.",Rukito Grill&Drink - Alborada,True
2021-12-04 07:34:44.385000+00:00,,,,,3,Recomendable ir lunes a miércoles viernes sábado y domingo no ir ya que  por la popularidad que ha ganado  fui un día viernes tuve que esperar 30 min para tener una mesa luego de eso esperar de 30 a 40 min para que te sirvan la comida luego de fue unos platos sencillos de preparar aparte que la comida estába fría ya que nos sirvieron después de 40 min mucho que desear cuando vas con ful gente entre otras cosas,Rukito Grill&Drink - Alborada,True
2021-06-14 12:24:36.242000+00:00,,,,,5,"He comido en varios restaurantes q ofrecen lo mismo que el menú que ofrece esté. Pero podría decir q en este no solo comes rico. Si no, que pagas lo justo. Excelente moro y una sangría muy buena.",Rukito Grill&Drink - Alborada,True
2023-03-03 13:34:53.776000+00:00,,1.0,5.0,5.0,3,"La atención y los cortes bien, pero siendo un lugar donde se sirven alimentos no cuenta con un buen mantenimiento de la infraestructura. En el tumbado habían hongos visibles causados por la humedad.",Rukito Grill&Drink - Alborada,True
2021-07-13 03:39:14.489000+00:00,,,,,1,"Tuve que cambiar mi reseña. Pedí a domicilio un lomo fino, primero no era lomo fino, segundo mal hecho muy seco. Una panceta que no era panceta, carne de chancho seca, nunca mas!",Rukito Grill&Drink - Alborada,True
2021-05-30 02:36:23.345000+00:00,,,,,5,Muy buena la comida muy buena la atención pero la sangría la sentí un poquito simple,Rukito Grill&Drink - Alborada,True
2021-12-30 19:22:58.674000+00:00,,,,,1,"La comida es muy rica deliciosos cortes, porque pongo una estrella por la mala decisión del gerente de no abrir los otros locales cuando el primer local de las 12pm se llenó totalmente falta de interés que produjo caoes en los comensales , espere desde las 12 hasta las 3pm por recibir un pedido y lo que me decían esque las parrillas estaban llenas , no culpo a los empleados ni a los cocineros sino al gerente que no toma una decisión determinante.",Rukito Grill&Drink - Alborada,True
2021-04-17 21:28:45.746000+00:00,,,,,1,"Preguntas cuanto tarda el servicio y te dicen 10 minutos, te mienten descaradamente, 40 minutos esperando y contando, nos fuimos sin poder comer y perdiendo nuestro tiempo, es una falta de respeto y honestidad con sus visitantes.

Valores de marca inexistentes totalmente. No hay aquello, sigue siendo un emprendimiento llevado empíricamente sin bases solidas de negocio.",Rukito Grill&Drink - Alborada,True
2024-08-17 01:21:16.923000+00:00,,5.0,5.0,5.0,5,"Hoy como en rukito de la Alborada por mi Tercer año de casado con mi esposa y mis padres y salimos contentos la panceta, el pollo, la costilla excelente y la sangría increíble le recomiendo excelente servicio",Rukito Grill&Drink - Alborada,True
2020-07-22 23:41:33.005000+00:00,,,,,5,"La comida deliciosa.
Probamos la promoción de Baby Back Ribs que vienen dos. No logramos comernos todo 😊 era como 4 personas ese plato.
Los moros de choclo y lenteja sin palabras! Exquisitos. Pero si me dan a escoger, una y mil veces lentejas.
De las bebidas puedo decir que el jugo de mora estaba demasiado dulce para mi gusto, sin embargo el te de frutos rojos muy buen sabor.
Buen servicio y tienen algo que se llama autojama como para que comas en el carro.",Rukito Grill&Drink - Alborada,True
2023-01-29 01:14:27.772000+00:00,,,,,4,"Muy buena la comida, deliciosa pero creo q exageran un poquito con el valor de las bebidas gaseosas.. coca cola de 1 litro $3.00 🥴",Rukito Grill&Drink - Alborada,True
2024-04-28 15:31:21.887000+00:00,,5.0,5.0,5.0,5,"No encuentro puntos negativos en este establecimiento, hay parqueo de vehículos, el servicio es excelente, Tiene buen ambiente, y la comida es excelente... Recomendaría hacer reservaciones por la demanda de comensales en el sitio",Rukito Grill&Drink - Alborada,True
2022-12-17 01:09:45.877000+00:00,,5.0,5.0,5.0,5,Muy buena atención excelente servicio 👏,Rukito Grill&Drink - Alborada,True
2021-11-07 14:32:31.722000+00:00,,,,,2,"No había mesas disponibles y no nos habían dejado hacer una reservacion, la comida tardó 1 hora exactamente en llegar y confundieron 2 de los platos que habíamos pedido, la atención es mala aunque se entiende porque hay poco personal.",Rukito Grill&Drink - Alborada,True
2025-03-09 01:30:37.437000+00:00,,2.0,1.0,3.0,1,"Fui a comer panceta crocante. Simple y sin gusto , mala experiencia. No volvería a ir.",Rukito Grill&Drink - Alborada,True
2021-09-02 11:30:07.389000+00:00,,,,,4,"Felicitaciones al Chef, excelente presentación de platos, buena sazón, atención de primera, productos únicos, Cortés perfectos. Precios al alcance de los bolsillos de gente del Pueblo.",Rukito Grill&Drink - Alborada,True
2025-07-19 03:05:16.655000+00:00,De 10 a 30 min,5.0,5.0,5.0,5,Excelente la comida todo bello,Rukito Grill&Drink - Alborada,True
2021-08-31 04:07:31.549000+00:00,,,,,5,Excelente servicio y muy buena la atención.,Rukito Grill&Drink - Alborada,True
2020-11-15 04:07:00.218000+00:00,,,,,3,"La comida es excelente, el precio es equitativo a lo que se desea degustar, pero no te vas con  una buena impresión por el tiempo de espera que conlleva estar fuera del local.",Rukito Grill&Drink - Alborada,True
2022-07-24 21:22:51.839000+00:00,,,,,5,"La comida muy buena, todos super atentos y amables, gracias por el buen servicio.
Tengo que ir más seguido👍🏻",Rukito Grill&Drink - Alborada,True
2024-04-22 14:39:33.891000+00:00,,4.0,5.0,5.0,5,"Exelente lugar, fue mi primera visita, y puedo decir que la atención fue de lo mejor, rápida y cordial el personal muy atento.",Rukito Grill&Drink - Alborada,True
2026-03-11 23:35:36.289000+00:00,De 30 a 60 min,5.0,5.0,5.0,5,Una sola palabra excelente,Rukito Grill&Drink - Alborada,True
2023-06-08 17:57:23.680000+00:00,,4.0,3.0,4.0,3,"Ya no es igual q antes. El moro chicloso estuvo muy salado, creo que ya utilizan otro queso. Los precios han  subido y creo q a ese precio hay más lugares.",Rukito Grill&Drink - Alborada,True
2020-09-29 00:50:10.653000+00:00,,,,,4,Muy buena la comida,Rukito Grill&Drink - Alborada,True
2025-06-07 23:08:02.987000+00:00,,5.0,5.0,5.0,5,Buena comida y un lugar muy limpio,Rukito Grill&Drink - Alborada,True
2026-04-09 21:03:04.945000+00:00,,5.0,5.0,5.0,5,Muy rico,Rukito Grill&Drink - Alborada,True
2020-12-15 00:34:23.783000+00:00,,,,,1,"Realmente me lleve una inmensa decepcion de este lugar.. No se dejen llevar por lo que ven en las redes sociales, lo hacen ver delicioso pero en realidad es asqueroso y aparte se demoran en servirte aprox 1 hora, el jugo de naranja malisimo tambien, lo unico que se salva es el chorizo argentino, que tenia buen sabor, no volveria jamas en mi vida, ni porque me lo den gratis.",Rukito Grill&Drink - Alborada,True
2024-05-07 16:02:08.145000+00:00,,5.0,5.0,5.0,5,Tremendo local! Cuidado con los platos fuertes (los carísimos) porque eso lo avanzan entre 2 personas,Rukito Grill&Drink - Alborada,True
2021-07-01 14:17:49.199000+00:00,,,,,5,"Excelente comida y la atención de primera, super recomendado",Rukito Grill&Drink - Alborada,True
2021-09-04 01:06:36.531000+00:00,,,,,5,"Los moros cremoso, mucho queso deliciosos. Los platos llevan cebolla caramelizada, es un espectáculo. Vale la pena, precios accesibles",Rukito Grill&Drink - Alborada,True
2023-10-22 02:25:59.138000+00:00,,3.0,5.0,5.0,3,"Hoy he comido ahí y la semana pasada en el local de la Aurora, bien ha mejorado muchísimo
en la atención y el.ambiente el ruido esta  menos, recomiendo el mar y tierra y los morros de cerdo 🐷",Rukito Grill&Drink - Alborada,True
2021-06-02 06:18:34.884000+00:00,,,,,1,"Pésimo servicio!!
Nos mantuvieron esperando aproximadamente hora y media para recién ubicarnos en uno de los locales ya que uno de esos dejo de atender habiendo mesas disponibles y sin informar previamente que ese local que se estaba desocupando atendían solo Hast las 22pm, con insistencia nos permitieron ingresar a las 23pm al local para recién atendernos a las 23:30pm.

Mejorar atención al cliente.
Estuvo buena la comida pero la atención no hace q valga la espera.",Rukito Grill&Drink - Alborada,True
2021-04-08 20:27:02.193000+00:00,,,,,5,Muy buena la comida. Buen servicio. Sus platillos son grandes para esas personas qué comen normal. Deberían implementar postres,Rukito Grill&Drink - Alborada,True
2022-05-01 00:18:31.259000+00:00,,,,,5,"Es un lugar muy bueno y sobresaliente en su atención y en los platos que tienen allí.
En Guayaquil hay un arroz con lentejas y queso y a este tipo de arroz se le llama Moro y el color del arroz es café y en este lugar también hay un arroz blanco con choclo y también queso ... súper ricos. Puedes pedir mitad de Moro y Mitad con choclo...
Yo te puedo decir que los 2 son increíbles por que lo son.. pero recuerda que la comida es de gustos...
Y la carne es otra delicia...
Te lo recomiendo 👌 es súper..
No están en una calle principal pero se puede llegar...
Los precios son medianos altos o medianos bajos.. también depende de cada economía..
Si son de mucho pero mucho comer pida un plato por persona... pero si son de poco comer pueden comer entre 2 un plato...
Es súper bueno... recomendado",Rukito Grill&Drink - Alborada,True
2021-09-19 01:44:47.248000+00:00,,,,,2,"Los arroz son buenos pero se lo debe color caliente… al sabor de la carne, costilla, etc le falta un poco de sazón, la sangría es un poco simple….",Rukito Grill&Drink - Alborada,True
2022-12-04 03:47:38.068000+00:00,,3.0,3.0,4.0,3,Solo las carnes estuvieron deliciosas,Rukito Grill&Drink - Alborada,True
2023-09-25 18:45:39.135000+00:00,,5.0,5.0,5.0,5,"Excelente lugar para disfrutar en familia y pareja, sus platos son exquisitos y la atención eficiente",Rukito Grill&Drink - Alborada,True
2022-03-25 02:49:20.861000+00:00,,,,,1,"Nunca llegamos, solo tienen un número de teléfono, y lo contestan cuando les da la gana, todas las calles de urdesa cerradas y ni siquiera se toman la molestia de coger la llamada para dar referencias, fui al local de! Urdesa, y había una fila como de 10 personas para ingresar, decidi ir al local de Alborada, porque me dijeron que allí había mesas y me canse de llamar para que me dieran referencias porque todas esas calles estaban cerradas y nada, contestaron cuando les dio la gana, fatal.",Rukito Grill&Drink - Alborada,True
2021-07-30 03:32:19.480000+00:00,,,,,5,Deliciosa la comida 😋,Rukito Grill&Drink - Alborada,True
2022-02-06 16:51:21.477000+00:00,,,,,4,"Muy rica la comida, el detalle que te hacen esperar mucho y no brindan una entrada mientra se espera.",Rukito Grill&Drink - Alborada,True
2025-02-17 22:06:27.725000+00:00,,4.0,5.0,4.0,5,"La comida y la atención muy bien, solo el local que es muy pequeño y toca esperar afuera",Rukito Grill&Drink - Alborada,True
2020-01-13 01:13:43.273000+00:00,,,,,1,"Terrible todo! Todos los cortes con un sabor Dulce, secos y mal sazonados, en los moros y en el arroz con choclo el queso que usan muy fuerte e invasivo... hasta las salsas son de pésimo gusto... para no volver jamas",Rukito Grill&Drink - Alborada,True
2022-09-02 07:11:52.124000+00:00,,,,,5,"Excelente atención, bien servicio y la comida deliciosa.",Rukito Grill&Drink - Alborada,True
2021-11-15 05:02:13.325000+00:00,,,,,5,"Riquísima la comida, excelente servicio, eso sí hay que ir con el estómago vacío porque te sirven bastante comida",Rukito Grill&Drink - Alborada,True
2021-10-29 00:24:49.330000+00:00,,,,,3,"La atención no es buena, demoran demasiado en despachar y en dar un vuelto casi 20 minutos y con respecto a la comida para mi gusto 7/10..",Rukito Grill&Drink - Alborada,True
2021-05-31 11:46:03.703000+00:00,,,,,3,Buena sazón.....demoró más de 40 minutos mi orden. Mis moritos llegaron tibios por ende no disfruté lo chicloso del queso 😶,Rukito Grill&Drink - Alborada,True
2025-09-30 20:20:46.191000+00:00,,,,,1,Pésimo servicio no saben tratar a los clientes las carnes estaban dañadas,Rukito Grill&Drink - Alborada,True
2023-02-16 00:48:31.129000+00:00,,5.0,5.0,5.0,5,"Muy rica la comida, para fechas importantes hay demasiada gente así q no recomiendo visitar para esas fechas , al menos que quieran hacer fila para entrar.",Rukito Grill&Drink - Alborada,True
2021-08-24 04:39:15.906000+00:00,,,,,5,"Me encanta la comida de este lugar, se demoran un poco pero vale la pena la espera, los moros y el arroz con choclo exquisitos.!",Rukito Grill&Drink - Alborada,True
2025-11-07 23:36:26.568000+00:00,,,,,5,"Espectacular, sobre todo hay parque vehicular",Rukito Grill&Drink - Alborada,True
2022-06-19 22:12:47.736000+00:00,,,,,4,"Buena relación precio calidad, sin embargo, quisiera hacer ciertas recomendaciones
1.- Falta un mejor aderezo para la ensalada
2.- La cantidad de cebolla caramelizada es ínfima, deberían aumentar la porción",Rukito Grill&Drink - Alborada,True
2024-01-30 11:33:39.434000+00:00,,4.0,5.0,3.0,4,"Muy buena la comida, se tardan en servir lo que pides.",Rukito Grill&Drink - Alborada,True
2022-05-10 05:56:37.584000+00:00,,,,,3,"SERVIRSE O DOMICILIO!!

Siempre me ha parecido atractivo y peculiar la bandeja con carbón donde te llevan una ""parrillada"". Si  embargo, el efecto visual logra su cometido, el cerebro es engañoso!!
Pero, esta vez, pedimos a domicilio, y es otro el ""cantar"" como dicen mis coterraneos porteros. Puesto, que ahí no hay el efectivo visual, y te das cuenta que esas 2 chuletas son del mismo tamaño de las que compro en Sauces VIX o en Vergeles a 2.75 la libra, donde vienen 2. Los dos pedasitos de lomo de $ 150 gr c/u. Esas 2 morcillas y 2 chorizos auténticos, más los chinchulines y riñonsito!!...reeeco!!
Delicioso como siempre pero tamaño de porción por precio $$$, no hay equilibrio.",Rukito Grill&Drink - Alborada,True
2021-10-02 21:28:37.398000+00:00,,,,,5,"Explosión de sabor, los moros espectaculares",Rukito Grill&Drink - Alborada,True
2021-08-08 11:11:01.701000+00:00,,,,,4,Muy buena la comida un lugar para ir a comer en familia lo único que se necesita un local con más espacio pero de ahí un buen servicio y buena comida,Rukito Grill&Drink - Alborada,True
2020-07-05 04:01:46.495000+00:00,,,,,1,El peor lugar del mundo!!! Publicidad engañosa los platos no son como los q publican en Instagram y no hay baño en el lugar atienden en desorden un servicio pésimo por parte del establecimiento en general aunque la señorita mesera fue amable pero los demás pésimos,Rukito Grill&Drink - Alborada,True
2023-02-19 02:08:09.081000+00:00,,,,,1,La comida bien! Pero si vas en auto debes tener mucho cuidado! A mi me robaron mientras comía y la persona que “cuidaba” solo dijo que no vio nada.,Rukito Grill&Drink - Alborada,True
2021-05-20 17:17:54.018000+00:00,,,,,3,"Sabor 9/10, cantidad 11/10, muy recomendado, es media hueca, promedio por persona $8, la panceta de cerdo es un plato de $20 y fácil comen 3 personas o 2 adultos más 2 niños",Rukito Grill&Drink - Alborada,True
2021-10-04 00:40:19.673000+00:00,,,,,1,"La comida muy buena, pero la atención muy mala,  no habíamos terminado de consumir lo que estábamos pagando, y nos preguntaron que en cuanto tiempo desocupamos la mesa por que el servicio tiene tiempo limitado.",Rukito Grill&Drink - Alborada,True
2023-03-31 20:28:49.428000+00:00,,5.0,5.0,5.0,5,Excelente lugar para ir en familia,Rukito Grill&Drink - Alborada,True
2023-07-20 16:31:08.525000+00:00,,5.0,5.0,5.0,5,"Fui por que me salió en una noticia de como el joven propietario logro la superación con su emprendimiento, la verdad de un inicio no esperaba mucho pero después de probar sus exquisitos  asados donde mas destaca estoy mas que satisfecho 10/10",Rukito Grill&Drink - Alborada,True
2021-03-21 03:37:36.228000+00:00,,,,,5,"Tal vez tengas que esperar un poco por una mesa, pero valdrá cada minuto. Excelente comida y trato muy atento.",Rukito Grill&Drink - Alborada,True
2022-11-15 16:07:17.736000+00:00,,,,,4,"Muy deliciosa la comida, buena variedad de opciones, le pongo 4 estrellas solo por el tiempo de espera.",Rukito Grill&Drink - Alborada,True
2021-10-12 02:40:34.224000+00:00,,,,,5,Me encanto muy buena atención y todo rico 🥰,Rukito Grill&Drink - Alborada,True
2024-01-30 12:43:04.090000+00:00,,5.0,5.0,5.0,5,La comida riquísima me encantó y te llenas y te sobra comida para el calentado delicioso 😋,Rukito Grill&Drink - Alborada,True
2023-02-22 12:00:06.454000+00:00,,,,,4,"Muy rica la comida, había una promoción para los martes que no aplicaron por ser feriado :( por lo demás todo ok",Rukito Grill&Drink - Alborada,True
2021-12-06 00:52:17.065000+00:00,,,,,5,"Muy buena la comida, la atención y el local. Totalmente recomendado.",Rukito Grill&Drink - Alborada,True
2023-10-18 01:30:36.198000+00:00,,4.0,5.0,5.0,4,"Buen lugar, comidas muy sabrosa. Si, es recomendable ir.",Rukito Grill&Drink - Alborada,True
2020-12-26 02:50:18.975000+00:00,,,,,5,Me encanta el lugar la atención y su comida es riquísima,Rukito Grill&Drink - Alborada,True
2023-04-19 00:58:44.970000+00:00,,3.0,5.0,5.0,5,"El matambre y el. Moroclo, super delicioso, aunque existía un gran ruido del local al ser muy cerrado deberían encontrar una forma de matar ese ruido excesivo al lugar cuando hay demasiada gente",Rukito Grill&Drink - Alborada,True
2021-02-10 06:14:05.344000+00:00,,,,,4,"Los moros la sangria exquisitos...las entradas... el problema que vi son las proteínas la baby ribs no lo son ni tienen el marinado adecuado, mas el matambre es muy bueno",Rukito Grill&Drink - Alborada,True
2023-06-30 18:59:27.094000+00:00,,4.0,3.0,4.0,3,"Lugar muy agradable, la comida normal.",Rukito Grill&Drink - Alborada,True
2022-04-17 02:27:36.877000+00:00,,,,,4,"Muy rico la verdad
Este plato es para dos personas
Definitivamente
Lo malo es q se llena tanto q el ruido de las personas es un poco molesto
Urdesa fui estaba Full así que me anime por ir a la alborada
X suerte encontré puesto",Rukito Grill&Drink - Alborada,True
2022-08-02 04:35:17.302000+00:00,,,,,5,"Me encantó buena atencion  delicia de comida y excelente sangría ❤❤❤
Gracias a la persona que nos atendió ❤❤",Rukito Grill&Drink - Alborada,True
2020-12-31 19:13:04.906000+00:00,,,,,5,Rico cada plato 😋😋,Rukito Grill&Drink - Alborada,True
2020-03-15 19:34:54.413000+00:00,,,,,5,"Excelente atención, sabor y frescura de la comida, opciones en bebidas. Les garantizo que van a volver!!!",Rukito Grill&Drink - Alborada,True
2023-07-17 20:10:51.475000+00:00,,3.0,4.0,4.0,4,"Experiencia al paladar bueno, sabores deliciosos, buena atención.
Solo un poco demorado, y el local caluroso.",Rukito Grill&Drink - Alborada,True
2023-06-23 23:22:43.574000+00:00,,3.0,5.0,5.0,4,"Muy buena comida muy buen servicio, un poco caluroso pero me imagino que tambien x el clima",Rukito Grill&Drink - Alborada,True
2021-11-12 00:35:31.026000+00:00,,,,,5,Excelente atención y deliciosa comida. Estuvo a gusto de mi paladar,Rukito Grill&Drink - Alborada,True
2021-04-10 21:37:13.772000+00:00,,,,,5,"Excelente comida riquísimo
Pero demora demasiado la atención",Rukito Grill&Drink - Alborada,True
2022-10-20 02:53:53.132000+00:00,,5.0,5.0,5.0,5,"Mi restaurante fav los precios están muy adecuado para lo que ofrecen. Los jueves de copa de Sangría riquísimo, como son los precios un poco elevado solo voy en cenas especiales e importante 😁",Rukito Grill&Drink - Alborada,True
2021-09-12 04:28:46.333000+00:00,,,,,5,"Que delicia de comida , muy fresco y con buena sazón! Vale la pena visitar este lugar",Rukito Grill&Drink - Alborada,True
2023-05-09 13:22:38.235000+00:00,,5.0,5.0,5.0,5,"Excelente TODO.
Hay que ir con hambre a comer aquí, hasta para el calentado van a llevar 🤣",Rukito Grill&Drink - Alborada,True
2022-07-16 21:19:54.453000+00:00,,,,,5,"La comidas  exelente, deliciosa y el ambiente muy bueno",Rukito Grill&Drink - Alborada,True
2025-03-29 02:00:22.103000+00:00,,5.0,5.0,5.0,5,Excelente servicio y atención,Rukito Grill&Drink - Alborada,True
2021-10-14 15:37:53.775000+00:00,,,,,5,"A los amantes de los asados, este sitio es RECOMENDADO.  Sales super satisfecho y con ganas de volver.  La carta es amplia con gran variedad de platos",Rukito Grill&Drink - Alborada,True
2022-03-28 18:53:07.999000+00:00,,,,,2,"El lugar pasable, lo mejorcito del lugar los helados de manjar porque La comida es normal nada extraordinario, la atención del personal super displicente, ademas el frasco de mayonesa en la tapa tenia moho, deben estar más atentos.",Rukito Grill&Drink - Alborada,True
2021-03-25 06:41:18.527000+00:00,,,,,1,"Tarda demasiado el servicio de atención, mi grupo pidió pique x si demoraban con los platos fuertes... pero hasta los piques lo sirvieron después de 1:30",Rukito Grill&Drink - Alborada,True
2021-10-22 21:19:27.725000+00:00,,,,,5,Muy rico el moro... Pero bien alcanza para dos cada plato... Quedé super satisfecho,Rukito Grill&Drink - Alborada,True
2023-04-01 00:27:34.953000+00:00,,,,,1,"El lugar es acogedor, pero la comida estuvo muy salado la carne y  el moro muy seco con queso muy salado. Pésimo, pésimo",Rukito Grill&Drink - Alborada,True
2021-04-28 00:04:55.383000+00:00,,,,,5,"Atención muy buena, comida rica, buenos precios y buen ambiente :)",Rukito Grill&Drink - Alborada,True
2021-12-30 21:05:39.629000+00:00,,,,,5,La comida y la atención es genial... Mil veces recomendado...,Rukito Grill&Drink - Alborada,True
2023-05-14 03:29:31.914000+00:00,,,,,2,"El servicio del mesero Jesús fue muy malo, necesita capacitación en atención al público. La comida servida fría y no nos entregaron el pedido completo.",Rukito Grill&Drink - Alborada,True
2022-10-29 21:47:53.483000+00:00,,,,,5,"Excelente comida a muy buen precio, 3 personas pueden comer de 1 plato de panceta normal",Rukito Grill&Drink - Alborada,True
2022-09-10 00:27:50.149000+00:00,,,,,4,"Buen servicio, si me gustó la comida pero en especial la sangría si es q quieres salir mareado jejejeje",Rukito Grill&Drink - Alborada,True
2021-11-13 17:01:05.560000+00:00,,,,,5,Muy buena la comida... Super recomendado,Rukito Grill&Drink - Alborada,True
2021-06-23 22:31:25.784000+00:00,,,,,4,"La comida muy buena, pero se demoran mucho para servirte la comida.",Rukito Grill&Drink - Alborada,True
2021-04-05 12:27:58.613000+00:00,,,,,5,"Excelente, sus moros son una delicia, se quedarán con la ganas de volver, sus carnes son buenas y el servicio es rápido.",Rukito Grill&Drink - Alborada,True
2021-10-26 13:42:17.227000+00:00,,,,,5,Excelente atención y deliciosa comida... El lomo fino delicioso al igual que la costilla... Recomendación pidan moro mixto,Rukito Grill&Drink - Alborada,True
2026-01-17 20:38:40.792000+00:00,Sin espera,5.0,5.0,5.0,5,"Comida exquisita, especialidades carnes",Rukito Grill&Drink - Alborada,True
2024-03-16 19:32:50.025000+00:00,,,,,5,"La comida es deliciosaaaaaa 🤭❤️‼️
De un plato comen dos tranquilamente, para que lo tengan en cuenta.",Rukito Grill&Drink - Alborada,True
2021-03-04 14:53:17.912000+00:00,,,,,5,"Excelente todo! La comida deliciosa, la sangría exquisita y la mejor atención, súper atentos a todos los detalles.",Rukito Grill&Drink - Alborada,True
2025-03-29 23:32:33.920000+00:00,,5.0,5.0,5.0,5,La comida muy el arroz también pero no estaba tan chicloso como lo esperaba estaba muy rico todo,Rukito Grill&Drink - Alborada,True
2021-07-10 17:06:06.478000+00:00,,,,,5,"Experiencia única, sin duda alguna uno de los mejores lugares para poder disfrutar de la gastronomía en Guayaquil, si vienes de otra parte a visitar la ciudad Rukito es una parada fija, Excelente ambiente y atención rápida",Rukito Grill&Drink - Alborada,True
2023-10-31 01:57:49.079000+00:00,,1.0,1.0,1.0,1,"Fue el peor servicio que he recibido de parte de aquí llevo más de una hora esperando y no me sirven mi plato, no me han atendido nisiquiera una bebida absolutamente nada no pienso volver mas",Rukito Grill&Drink - Alborada,True
2023-12-18 02:42:35.157000+00:00,,5.0,5.0,5.0,5,"Exquisita la comida,y buena la atención.☺️",Rukito Grill&Drink - Alborada,True
2021-10-04 15:05:22.711000+00:00,,,,,5,Excelente comida y muy buen servicio...,Rukito Grill&Drink - Alborada,True
2023-04-23 00:34:42.946000+00:00,,,,,4,Un lugar bonito para ir a degustar la comida muy buena. Como el arroz chicloso en diferentes presentaciones y las variadas carnes,Rukito Grill&Drink - Alborada,True
2024-05-12 03:04:11.276000+00:00,,4.0,4.0,5.0,4,La comida estuvo buena y atendieron rápido aunque estaba concurrido.,Rukito Grill&Drink - Alborada,True
2022-07-29 12:36:55.405000+00:00,,,,,4,"La comida buena, solo mejorar 3l pequeño detalle del queso en los moros que se sienta más fresco, de allí tiene un ambiente acogedor y cómodo.",Rukito Grill&Drink - Alborada,True
2022-08-20 15:04:29.542000+00:00,,,,,5,"Amable atención, precios accesibles, sazón 8/10 y presentación de sus platos 9/10",Rukito Grill&Drink - Alborada,True
2021-05-23 13:32:06.544000+00:00,,,,,5,"Lugar con una comida de lujo, pero vale la pena pagarlo por qué el sabor es exquisito.",Rukito Grill&Drink - Alborada,True
2021-11-07 03:00:21.957000+00:00,,,,,3,"La verdad esperaba un poco mejor sazonado los moros....
La chuleta buena, pero con respecto Calidad Precio no me dejó satisfecho...",Rukito Grill&Drink - Alborada,True
2021-08-18 00:54:06.363000+00:00,,,,,5,"Deliciosa comida, lo único que recomiendo es que deberían tener sus propias salsas, de ahí todo rico 🤤🤤",Rukito Grill&Drink - Alborada,True
2024-02-12 03:28:52.887000+00:00,,5.0,5.0,5.0,5,"Excelente comida, buenos precios, excelente ubicación y ambiente con muy buen servicio",Rukito Grill&Drink - Alborada,True
2022-08-23 19:51:59.861000+00:00,,,,,1,"No me gustó, pesima atención de la mesera (no mostró un trato servicial,  una sonrisa) pido factura con datos y no me la dieron, los precios en la carta no están con iva.",Rukito Grill&Drink - Alborada,True
2021-06-12 15:38:45.348000+00:00,,,,,4,Muy buen  lugar para comer. Por la afluencia el servicio realmente no es el mejor!!!!,Rukito Grill&Drink - Alborada,True
2021-07-03 00:23:54.501000+00:00,,,,,2,Deberían entregar una pre factura al momento de cancelar. Me tomaron los datos porque supuestamente me llegaría la factura electrónica. Al tercer día yo tuve que escribirles preguntando sobre mi factura.,Rukito Grill&Drink - Alborada,True
2020-11-22 07:22:24.113000+00:00,,,,,4,"La comida espectacular, lo único malo es que debes de esperar más de 30' para que puedas entrar. Deberían de asignar a una persona que tenga mejor control sobre la asignación de mesas.",Rukito Grill&Drink - Alborada,True
2021-11-09 00:48:19.446000+00:00,,,,,4,El moro espectacular! Las papas con queso riquísimas! Pero la costilla estaba pequeña para el costo.,Rukito Grill&Drink - Alborada,True
2023-01-24 13:08:41.294000+00:00,,,,,4,"La verdad que buen lugar de comida, buena relacion precio/calidad",Rukito Grill&Drink - Alborada,True
2022-03-28 05:05:45.511000+00:00,,,,,5,Es sencillamente espectacular... La carne deliciosa!!! El moro chicloso me encantó. Ya tienen un lugar en mi corazón y mi estómago..,Rukito Grill&Drink - Alborada,True
2022-08-21 01:40:05.759000+00:00,,,,,5,"Atención buena, comida excelente, precios acorde al sector y su buena comida ... Recomendado.....",Rukito Grill&Drink - Alborada,True
2021-08-05 04:23:03.199000+00:00,,,,,5,"Lugar muy chévere para pasar con amigos o familiares, eventos es muy bueno y ni se diga la sazón de la comida. 11/10",Rukito Grill&Drink - Alborada,True
2020-11-09 15:45:40.302000+00:00,,,,,5,"Un sabor espectacular, cualquier cosa que pidas sabe buenísimo. La atención 10 puntos, son super atentas las chicas. Aceptan cualquier forma de pago 👌🏻",Rukito Grill&Drink - Alborada,True
2021-07-21 02:11:57.277000+00:00,,,,,5,Muy Delicioso todo 😋😋,Rukito Grill&Drink - Alborada,True
2021-08-06 12:20:10.671000+00:00,,,,,5,"Comida excelente, gran variedad de platos, muy buena atención, lugar acogedor, recomendado.",Rukito Grill&Drink - Alborada,True
2025-02-27 01:33:46.887000+00:00,,4.0,3.0,2.0,3,"Se demoran mucho al momento de entregar el pedido a domicilio y, además, los precios son elevados.",Rukito Grill&Drink - Alborada,True
2025-01-28 05:27:36.850000+00:00,,5.0,5.0,5.0,5,"Delicioso, volvería",Rukito Grill&Drink - Alborada,True
2022-07-06 00:50:32.065000+00:00,,,,,5,"Muy buena comida, sobre todo en relación costo / servicio.",Rukito Grill&Drink - Alborada,True
2022-02-26 23:12:10.518000+00:00,,,,,5,Muy buena comida con una excelente atención,Rukito Grill&Drink - Alborada,True
2022-10-26 15:33:47.680000+00:00,,3.0,4.0,3.0,3,"La comida es buena, pero el lugar es un poco incómodo te tropiezas con los meseros y con las personas que van a consumir no respetan la privacidad de cada mesa.",Rukito Grill&Drink - Alborada,True
2024-03-20 23:50:43.944000+00:00,,5.0,5.0,5.0,5,"Excelente comida y atención, recomendado",Rukito Grill&Drink - Alborada,True
2021-06-05 03:01:03.198000+00:00,,,,,5,"Buena la atención muy rica la comida, bebidas un poquito demora la comida pero vale la pena",Rukito Grill&Drink - Alborada,True
2021-04-28 02:10:44.876000+00:00,,,,,4,Un lugar bonito.. aseado..muy buena atención.. excelente comida ..y para el cumpleañero lo mejor...!Me Encantó !!!,Rukito Grill&Drink - Alborada,True
2023-04-11 13:04:44.334000+00:00,,5.0,5.0,5.0,5,"buena comida , recomendada la costilla de chancho y el moro chiclosos rico,rico, LO MEJOR EL ENVIO A DOMICILIO ES ECONOMICO...buena opción si no deseas salir de casa ✅",Rukito Grill&Drink - Alborada,True
2024-04-20 16:07:03.737000+00:00,,4.0,5.0,5.0,5,Muy buena la comida y la carne es jugosa 😋,Rukito Grill&Drink - Alborada,True
2022-02-05 22:42:40.223000+00:00,,,,,5,"Lugar medianamente pequeño pero muy acogedor, muy buenos los platos, rapidez y de buena calidad. Atención de primera!!! La picaña y el pulpo al grill muy recomendados...",Rukito Grill&Drink - Alborada,True
2022-03-20 22:54:37.742000+00:00,,,,,5,"Buena atención, excelente servicio y la comida súper deliciosa",Rukito Grill&Drink - Alborada,True
2021-01-18 04:36:27.138000+00:00,,,,,5,Excelente comida,Rukito Grill&Drink - Alborada,True
2022-06-07 02:28:30.830000+00:00,,,,,5,"Deliciosa toda su comida!!!!
Recomendadísimo para compartir en familia, amigos o pareja.
Los mejores moros con queso😋",Rukito Grill&Drink - Alborada,True
2023-11-07 00:28:28.032000+00:00,,5.0,5.0,4.0,5,"Un poco demorada la atención por ser feriado , pero muy muy rica la comida",Rukito Grill&Drink - Alborada,True
2020-11-12 19:00:07.689000+00:00,,,,,5,Excelente la comida!!!! Recomendado,Rukito Grill&Drink - Alborada,True
2020-11-27 01:12:12.788000+00:00,,,,,3,"La comida muy rica, pero el servicio pésimo. No nos comunicaron el cambio de los platos.",Rukito Grill&Drink - Alborada,True
2023-09-01 00:05:36.024000+00:00,,5.0,5.0,5.0,5,"Deliciosa comida, buen ambiente, parqueo seguro, si quieres disfrutar de buenos cortes en carnes,  te recomiendo está buenísimo",Rukito Grill&Drink - Alborada,True
2021-07-01 04:15:51.437000+00:00,,,,,5,"Muy delicioso 😋 😋 😋 todo, sólo faltó unas salsitas para servirse el plato especial...",Rukito Grill&Drink - Alborada,True
2023-04-21 13:11:22.267000+00:00,,5.0,5.0,5.0,5,"Bonito y acogedor lugar para comer en pareja o familia...la comida muy rica, buena atención",Rukito Grill&Drink - Alborada,True
2024-04-09 23:48:35.238000+00:00,,5.0,5.0,5.0,5,Super rico la verdad quedé llena y puse para llevar jejejej,Rukito Grill&Drink - Alborada,True
2021-12-13 22:20:56.639000+00:00,,,,,5,Muy delicioso la comida,Rukito Grill&Drink - Alborada,True
2021-07-07 17:38:55.546000+00:00,,,,,5,"Un ambiente bonito , elegante la atención , la comida riquísima",Rukito Grill&Drink - Alborada,True
2023-03-25 00:33:39.149000+00:00,,5.0,5.0,5.0,5,"Un familiar me recomendó y la verdad que me gustó mucho la comida, el moro chicloso delicioso 😋 recomendado.",Rukito Grill&Drink - Alborada,True
2020-11-15 01:02:36.552000+00:00,,,,,5,"Excelente atención, la comida muy rica.",Rukito Grill&Drink - Alborada,True
2021-11-04 00:10:26.435000+00:00,,,,,4,Muy rico. Lamentablemente parece que no hay opción de arroz blanco sin queso. Deberían adicionar opciones de arroz para las personas como yo que pueden comer queso,Rukito Grill&Drink - Alborada,True
2022-05-13 00:10:37.261000+00:00,,,,,5,La comida es exelente buena atención y precios economicos por la comodidad atención y sobre todo la comida 10/10,Rukito Grill&Drink - Alborada,True
2020-08-31 18:48:06.041000+00:00,,,,,3,"Bastante decente, se puede mejorar en la atención, ya que debes esperar bastante a ciertas horas. El sabor está bien, y la cantidad también se puede mejorar",Rukito Grill&Drink - Alborada,True
2021-12-04 19:03:19.385000+00:00,,,,,4,"La comida perfecta, precios ideales, el local regular, la atencion regular lo que si deberian modificar y ampliar urgebtemente son los horarios de atencion.",Rukito Grill&Drink - Alborada,True
2022-03-13 22:50:29.008000+00:00,,,,,4,Exelente la comida y el ambiente súper relajado,Rukito Grill&Drink - Alborada,True
2021-06-01 03:23:35.280000+00:00,,,,,4,Excelente sitio ambiente tipo hogar con todas las medidas de bioseguridad excelente carnes moros la porción de proteína tranquilamente alcanza para 2 personas y las papas fritas excelente medio quintal de papas je je je je 😁😃😀😄,Rukito Grill&Drink - Alborada,True
2021-06-05 14:51:55.692000+00:00,,,,,5,Excelente lugar buena atención y la comida exquisita.,Rukito Grill&Drink - Alborada,True
2022-08-06 20:01:19.747000+00:00,,,,,4,Deliciosa la comida pero me tocó esperar más de lo indicado,Rukito Grill&Drink - Alborada,True
2022-07-26 02:09:00.357000+00:00,,,,,5,"Muy bueno el plato del día fue matambre con combinación de moro chicloso y arroz con choclo chicoloso,perfecto.",Rukito Grill&Drink - Alborada,True
2021-12-14 13:10:44.425000+00:00,,,,,5,"Muy buen local, buena atención y buenos platos......es para ir a comer en grupo y con hambre",Rukito Grill&Drink - Alborada,True
2022-04-23 15:56:57.820000+00:00,,,,,5,Muy rico el menú y súper la atención....,Rukito Grill&Drink - Alborada,True
2024-04-25 04:11:09.408000+00:00,,5.0,5.0,5.0,5,"Excelente atención, precios asequibles,  buena comida",Rukito Grill&Drink - Alborada,True
2021-01-15 01:31:37.823000+00:00,,,,,4,"La comida se ve muy esquisita pero con la lluvia no podía esperar . Pero de qué vuelvo, vuelvo me quedé con la pica de probar esos platos .",Rukito Grill&Drink - Alborada,True
2023-01-16 00:04:17.914000+00:00,,5.0,5.0,5.0,5,Excelente lugar para disfrutar deliciosos platos y muy buena compañía 😉,Rukito Grill&Drink - Alborada,True
2021-07-21 03:13:07.653000+00:00,,,,,4,"Buena la sazón, acogedor el lugar, pero o le agregan mejor la infraestructura o le adecuan mejor el precio, ya que por unos dólares más, voy por ejemplo a Fridays ... Mi sugerencia",Rukito Grill&Drink - Alborada,True
2021-07-05 05:12:22.533000+00:00,,,,,5,"Súper deliciosa la comida, el lugar si sabe estar lleno, es como pequeño, ir con tiempo",Rukito Grill&Drink - Alborada,True
2022-12-04 20:42:02.037000+00:00,,4.0,5.0,2.0,3,"La comida super rica, pero se tardan 25 minutos en servirla, en cambio en el local de Urdesa son mucho más rápidos.",Rukito Grill&Drink - Alborada,True
2020-09-08 02:37:25.814000+00:00,,,,,5,Excelente atención y muy rica la comida...,Rukito Grill&Drink - Alborada,True
2021-06-06 14:21:10.131000+00:00,,,,,5,Buena parrillada y el arroz recomendable,Rukito Grill&Drink - Alborada,True
2021-11-28 20:41:03.782000+00:00,,,,,5,"Muy buena comida, el servicio bien",Rukito Grill&Drink - Alborada,True
2022-01-02 17:43:09.878000+00:00,,,,,5,"Muy rica la comida, todo excelente",Rukito Grill&Drink - Alborada,True
2024-09-28 01:54:28.164000+00:00,,,,,5,Buena comida a veces hay que hacer cola pero todo bueno,Rukito Grill&Drink - Alborada,True
2022-01-22 01:13:32.122000+00:00,,,,,5,Delicioso platos y una excelente atención 😋 me encantó su sangría lo recomiendo 😋,Rukito Grill&Drink - Alborada,True
2024-03-10 04:38:12.819000+00:00,,3.0,3.0,3.0,3,Muy oneroso para el producto que venden. Nada del otro mundo. Mejor es parrillada Cajape o Punta del este.,Rukito Grill&Drink - Alborada,True
2023-11-01 05:18:46.550000+00:00,,5.0,5.0,5.0,5,Merendamos ayer. Y la experiencia fue tan buena que decidí repetir hoy y bueno es excelente en todo 10 de 10,Rukito Grill&Drink - Alborada,True
2024-05-15 20:38:12.538000+00:00,,,,,5,"Excelente lugar para compartir solo
o con tu grupo de amigos o familiar.",Rukito Grill&Drink - Alborada,True
2021-03-08 19:37:51.297000+00:00,,,,,5,"Muy bueno, cantidad adecuada y buena atención. Lo único el tiempo de espera pero entendible. 🙃",Rukito Grill&Drink - Alborada,True
2021-08-08 02:35:02.340000+00:00,,,,,5,"Buena comida, pero mucha gente esperando un lugar. Necesitan ampliarse.",Rukito Grill&Drink - Alborada,True
2022-08-30 22:21:52.079000+00:00,,,,,5,Comida muy deliciosa 😊,Rukito Grill&Drink - Alborada,True
2021-06-16 17:27:53.128000+00:00,,,,,5,Excelente comida a la parrilla en el norte de Guayaquil.,Rukito Grill&Drink - Alborada,True
2021-09-07 03:27:58.475000+00:00,,,,,5,Buena atención y la comida muy deliciosa.,Rukito Grill&Drink - Alborada,True
2022-10-02 20:15:13.517000+00:00,,,,,5,Buena comida los moros son diferentes a otros lugares buen ambiente aunque para mi opinión es muy pequeño,Rukito Grill&Drink - Alborada,True
2023-08-02 00:23:11.160000+00:00,,4.0,4.0,4.0,3,"Por ahí paso siempre y  veo que está con clientes, no he comido, supongo que ha de ser rica la carta.",Rukito Grill&Drink - Alborada,True
2021-09-13 22:24:13.355000+00:00,,,,,4,Es muy bueno...pero por la concurrencia hay que hacer colas de hasta 1 hora para entrar,Rukito Grill&Drink - Alborada,True
2023-11-29 12:49:11.134000+00:00,,4.0,5.0,4.0,5,"Personalmente me gusta muchísimo los moros de este lugar, su lo visitan les recomiendo probar el tomahawk 10 puntos",Rukito Grill&Drink - Alborada,True
2021-08-15 03:07:42.145000+00:00,,,,,5,Muy buena comida excelente👍👍👍muy muy muy recomendado,Rukito Grill&Drink - Alborada,True
2021-04-03 19:43:29.594000+00:00,,,,,5,Excelente muy sabroso los asados y ni que hablar del moro chicloso de queso rico rico,Rukito Grill&Drink - Alborada,True
2020-02-08 03:53:58.981000+00:00,,,,,4,"Buen sabor, buen servicio y precio razonable. El local un poco angosto únicamente.",Rukito Grill&Drink - Alborada,True
2023-06-06 17:34:12.177000+00:00,,,,,5,Excelente servicio y muy rica la comida,Rukito Grill&Drink - Alborada,True
2022-12-18 00:47:31.238000+00:00,,5.0,5.0,5.0,5,Atención muy buena y muy atento a las inquietudes los sr meseros exelente trato y muy bueno el TV para la espera.,Rukito Grill&Drink - Alborada,True
2021-01-10 05:05:08.510000+00:00,,,,,2,"Se demoraron mucho en traer el pedido y las papas fritas estaban saladisimas  😞.
El moro riquísimo y la picaña✌️",Rukito Grill&Drink - Alborada,True
2026-01-08 21:27:46.685000+00:00,De 10 a 30 min,,,,5,Muy bueno,Rukito Grill&Drink - Alborada,True
2022-03-28 00:19:23.963000+00:00,,,,,5,"Super Bueno, la atención y la comida, los RECOMIENDO A MIL",Rukito Grill&Drink - Alborada,True
2025-06-26 18:38:48.617000+00:00,,,,,5,Las papas las amo y la picaña de cerdo es lo mejor,Rukito Grill&Drink - Alborada,True
2021-07-25 05:26:10.625000+00:00,,,,,4,"Excelente sazón y excelente atención, lo único malo es que hay que esperar mucho tiempo afuera de pie para poder ingresar.",Rukito Grill&Drink - Alborada,True
2023-01-31 23:19:11.862000+00:00,,,,,4,"Excelente comida, los moros fuera de serie, la atención muy esmerada",Rukito Grill&Drink - Alborada,True
2025-07-18 11:03:37.735000+00:00,De 10 a 30 min,4.0,5.0,5.0,5,Un sitio de excelente comidas a la carta,Rukito Grill&Drink - Alborada,True
2023-08-10 19:34:48.308000+00:00,,4.0,4.0,4.0,4,"Parece que la popularidad, los esta haciendo descuidados. Lo bueno no es llegar a cima sino mantener en ella. Y aunque eso es difícil no es imposible. ESTAN DESCUIDADO A SU CLIENTELA.",Rukito Grill&Drink - Alborada,True
2020-12-23 15:04:40.502000+00:00,,,,,1,"Muy bueno pero el sabor, cantidad y tamaño no justifica los precios",Rukito Grill&Drink - Alborada,True
2024-02-16 02:15:31.166000+00:00,,4.0,5.0,5.0,5,"Muy buena comida, carne en su punto con un toque de la casa, recomendado.",Rukito Grill&Drink - Alborada,True
2022-02-03 20:43:07.818000+00:00,,,,,3,Sinceramente no me gustó la comida la carne estaba sazonada con canela y desde mi criterio no era de la forma correcta era una carne a termino medio que no estaba realizada de la forma correcta.,Rukito Grill&Drink - Alborada,True
2020-11-15 04:35:37.382000+00:00,,,,,3,"Comida muy buena, la atencion maso y el tiempo en entregar la comida fue bastante",Rukito Grill&Drink - Alborada,True
2021-03-19 14:46:07.841000+00:00,,,,,5,"Es un lugar acojedor,impecable,excelente atención y sobre todo la comida es riquísima ,felicitaciones",Rukito Grill&Drink - Alborada,True
2025-02-10 06:30:38.900000+00:00,,5.0,5.0,5.0,5,Lo maximo como siempre.. Sus salsas y cebolla caramelizada 🤤🤤,Rukito Grill&Drink - Alborada,True
2022-05-02 03:53:39.543000+00:00,,,,,2,"Comida con bien sabor, aunque la proteína bastante dura, servicio y atención deficiente, mejorar esos aspectos",Rukito Grill&Drink - Alborada,True
2022-09-02 04:45:47.002000+00:00,,,,,1,"Esperaba más de Rukito por sus publicidades se veía genial la comida pero ya cuando fui, no lleno mis espectativas. Que lastima😓",Rukito Grill&Drink - Alborada,True
2024-02-11 19:12:44.086000+00:00,,5.0,5.0,5.0,5,Muy rico todo y excelente atención.,Rukito Grill&Drink - Alborada,True
2020-11-20 04:41:22.355000+00:00,,,,,5,Deliciosa la comida y buena la atención siempre pendiente de que estemos a gustos con la comida.,Rukito Grill&Drink - Alborada,True
2021-01-30 21:05:40.330000+00:00,,,,,5,Muy buena atención,Rukito Grill&Drink - Alborada,True
2021-10-08 18:40:05.347000+00:00,,,,,5,"Rukitos es lo máximo, buena comida, eso si para ir a Rukitos tienes que ir con hambre por que de no, no te terminaras el plato, buen sabor, precios y buena atención,  siempre",Rukito Grill&Drink - Alborada,True
2021-06-12 02:11:40.975000+00:00,,,,,5,"Buena atención, excelente comida, precios accesibles",Rukito Grill&Drink - Alborada,True
2022-02-13 14:17:15.485000+00:00,,,,,4,"Me encantó el moroclo, lo que no me agradó que a todos los platos les ponen chifles y no tienen una buena presentación del plato final, deben pulir eso.",Rukito Grill&Drink - Alborada,True
2023-08-25 01:38:06.487000+00:00,,5.0,5.0,5.0,5,"Que buena hueca, el queso delicioso mejora todos los platos. Debo ir a comer.",Rukito Grill&Drink - Alborada,True
2022-04-17 02:29:22.960000+00:00,,,,,2,"Me senti mal despúes de probar el pollo, sin mencionar la increible cantidad de comida que fue a desperdiciar, no volveria denuevo.",Rukito Grill&Drink - Alborada,True
2021-08-08 14:05:43.983000+00:00,,,,,5,"Excelente lugar .... el menu es variado, tiene buen ambiente",Rukito Grill&Drink - Alborada,True
2021-03-16 02:37:36.253000+00:00,,,,,5,"El mejor lugar de comida en la zona norte, sencillamente es todo lo que uno puede pedir como buen catador de comidas",Rukito Grill&Drink - Alborada,True
2021-08-27 09:48:08.841000+00:00,,,,,5,"Excelente atención, y la comida ni se diga, felicidades por tener un espacio acogedor, familiar, 👍🏼👍🏼*RUKITO GRILL",Rukito Grill&Drink - Alborada,True
2024-10-20 19:23:59.170000+00:00,,5.0,5.0,5.0,5,Muy buena atención y la comida bien despachada,Rukito Grill&Drink - Alborada,True
2024-10-01 17:49:27.153000+00:00,,4.0,5.0,4.0,5,"Cambiar de cubiertos o utilidades, los que me dieron no cortaban las carnes , el resto ok",Rukito Grill&Drink - Alborada,True
2021-12-10 01:44:41.531000+00:00,,,,,4,"Todo bien, pero la música de ambiente es muy alta. Yo como cliente les recomiendo tener la música con un volumen más bajo.",Rukito Grill&Drink - Alborada,True
2021-11-08 05:18:38.989000+00:00,,,,,4,"Un excelente lugar para ir con la familia ha comer, tiene comida exquisita",Rukito Grill&Drink - Alborada,True
2021-11-10 20:39:51.638000+00:00,,,,,5,Muy buena atención y excelente 👌 comida,Rukito Grill&Drink - Alborada,True
2026-01-27 09:46:47.611000+00:00,,5.0,5.0,5.0,5,Exelente atención 👌 personal muy amable educado desde q entras el señor de seguridad saluda cordialmente,Rukito Grill&Drink - Alborada,True
2022-12-18 22:53:41.233000+00:00,,5.0,5.0,5.0,5,Excelente lugar,Rukito Grill&Drink - Alborada,True
2022-07-23 12:50:01.708000+00:00,,,,,1,"Pésimo el servicio en la noche tipo 22:00, no dan salsas y el jugo es de botella (que venden en los semáforos)....La atención mala me imagino porque los que trabajan ahí ya se querían ir....",Rukito Grill&Drink - Alborada,True
2023-07-20 18:21:39.541000+00:00,,,,,5,Muy buena comida y atención 😋,Rukito Grill&Drink - Alborada,True
2021-10-30 16:36:34.138000+00:00,,,,,5,"Muy buen ambiente y excelente comida,. Sangría exquisita.",Rukito Grill&Drink - Alborada,True
2022-08-08 01:56:23.061000+00:00,,,,,5,Excelente atención y muy rica su comida,Rukito Grill&Drink - Alborada,True
2021-06-30 21:44:42.017000+00:00,,,,,5,Muy buena atención y deliciosa comida,Rukito Grill&Drink - Alborada,True
2021-06-28 00:31:39.860000+00:00,,,,,5,Excelente sitio para deleitarse con asados y deliciosos moros con queso únicos en la ciudad,Rukito Grill&Drink - Alborada,True
2026-02-14 06:54:50.636000+00:00,,5.0,5.0,5.0,5,Rukito de la alborada excelente comida excelente servicio,Rukito Grill&Drink - Alborada,True
2021-06-21 16:50:15.329000+00:00,,,,,1,"Lamentable, los platos en base a su precio no son justificables, no valen la pena pagar en base a lo que sirven y el tiempo que implica esperar es cansado para un ambiente aburrido, incluso esperar por platillos que llegan a la mesa fríos suman a una experiencia desagradable.",Rukito Grill&Drink - Alborada,True
2020-11-06 02:22:09.825000+00:00,,,,,3,"Ya no está como antes ,an perdido la sazón que tenían al principio, precios altos , servicio ni bueno ni malo ,se demoran mucho en servir .",Rukito Grill&Drink - Alborada,True
2021-07-05 00:36:37.744000+00:00,,,,,3,Se demoraron mucho la comida pedi factura nunca  me lllego y no fue buena la atencion,Rukito Grill&Drink - Alborada,True
2021-07-11 23:28:11.123000+00:00,,,,,5,"Excelente comida y atención, recomendado!",Rukito Grill&Drink - Alborada,True
2020-08-08 01:32:35.584000+00:00,,,,,4,Buena comida y ambiente. El sitio es metido pero de fácil llegada. Deberían tener más promociones,Rukito Grill&Drink - Alborada,True
2023-09-19 03:20:01.871000+00:00,,5.0,5.0,5.0,5,"Muy rico, ir con la barriguita vacía para q entre todo jejeje",Rukito Grill&Drink - Alborada,True
2023-07-28 15:00:23.997000+00:00,,,,,5,Muy bonito lugar y la comida 10/10😍,Rukito Grill&Drink - Alborada,True
2020-09-05 02:34:52.203000+00:00,,,,,5,Excelente atención y exquisita comida 😊😋,Rukito Grill&Drink - Alborada,True
2021-07-08 21:17:26.781000+00:00,,,,,4,"Buena comida y precios accesibles....lo único que complica es la falta de parqueo, pero creo q vale la pena.",Rukito Grill&Drink - Alborada,True
2022-10-02 23:30:41.426000+00:00,,,,,5,"Super deliciosa comida y la atención de sus meseros es muy buena...
Hay mejor oportunidad de parquear que en la sucursal de Urdesa",Rukito Grill&Drink - Alborada,True
2021-09-07 01:43:53.217000+00:00,,,,,4,"Muy buena comida, el lugar es muy pequeño",Rukito Grill&Drink - Alborada,True
2022-09-19 19:30:03.490000+00:00,,,,,5,La comida estaba deliciosa y me gustó qué den la opción de moro sin lácteos,Rukito Grill&Drink - Alborada,True
2020-08-28 18:20:08.338000+00:00,,,,,5,Excelente atención muy buena comida.,Rukito Grill&Drink - Alborada,True
2026-03-01 19:18:56.206000+00:00,De 10 a 30 min,5.0,5.0,4.0,5,Bello,Rukito Grill&Drink - Alborada,True
2024-05-03 12:42:53.053000+00:00,,4.0,5.0,3.0,4,Lugar amplio pero falta personal para atención más rápida,Rukito Grill&Drink - Alborada,True
2021-03-13 04:00:04.449000+00:00,,,,,5,Deliciosa comida y los precios acorde a los platos q sirven... recomendado!,Rukito Grill&Drink - Alborada,True
2020-08-13 15:25:44.072000+00:00,,,,,5,"Excelente lugar, acogedor, buena atención y comida exquisita recomendado",Rukito Grill&Drink - Alborada,True
2022-01-04 20:31:04.306000+00:00,,,,,5,Excelente servicio y la comida muy buena,Rukito Grill&Drink - Alborada,True
2023-05-05 17:13:38.664000+00:00,,5.0,5.0,5.0,5,"Excelente atención, la comida y el ambiente super seguro",Rukito Grill&Drink - Alborada,True
2021-06-18 21:16:40.852000+00:00,,,,,5,Excelente lugar y lo mejor de todo la comida,Rukito Grill&Drink - Alborada,True
2021-11-30 14:19:32.483000+00:00,,,,,4,"Es un lugar acogedor, tiene variedad de comida en el menú. Muy sabrosa la comida",Rukito Grill&Drink - Alborada,True
2024-02-18 21:36:38.941000+00:00,,5.0,4.0,3.0,4,"Buena atención, excelente comida,parqueo grande . Excelente",Rukito Grill&Drink - Alborada,True
2022-05-08 01:29:53.292000+00:00,,,,,5,Q comida más buena la verdad si quieres comer y no gastar mucho este es el sitio preciso,Rukito Grill&Drink - Alborada,True
2022-06-14 02:43:27.590000+00:00,,,,,5,Buen lugar para deleitar platos exquisitos  y una exelente atención,Rukito Grill&Drink - Alborada,True
2021-11-10 19:03:17.914000+00:00,,,,,5,Excelente la comida y el servicio que prestan 🥰😉,Rukito Grill&Drink - Alborada,True
2025-10-06 15:35:31.810000+00:00,,5.0,5.0,4.0,5,Todo muy deliciosoooo y el ambiente,Rukito Grill&Drink - Alborada,True
2022-09-28 23:38:29.915000+00:00,,,,,5,Excelente servicio y muy rica comidas,Rukito Grill&Drink - Alborada,True
2023-04-07 15:25:16.523000+00:00,,5.0,5.0,5.0,5,Excelente lugar para degustar de buena comida y compartir entre panas.,Rukito Grill&Drink - Alborada,True
2021-06-06 18:36:12.219000+00:00,,,,,5,"Me encantó, hay que ir con hambre porque los platos tienen buenas porciones.",Rukito Grill&Drink - Alborada,True
2022-04-28 21:11:13.898000+00:00,,,,,5,"Muy chévere, la comida muy bien elaborada, vale la pena",Rukito Grill&Drink - Alborada,True
2021-09-03 12:33:59.532000+00:00,,,,,5,Exquisita comida buen ambiente y variedad,Rukito Grill&Drink - Alborada,True
2024-02-23 14:18:15.688000+00:00,,4.0,5.0,4.0,4,"experiencia agradable, la comida llega caliente y al gusto",Rukito Grill&Drink - Alborada,True
2021-03-23 15:54:07.040000+00:00,,,,,5,"Buena comida... espera un poco, el aforo ahora es limitado. Pero tendrás tu merecido.",Rukito Grill&Drink - Alborada,True
2021-06-26 19:08:24.560000+00:00,,,,,3,"En mi experiencia las proteínas no estuvieron a buen término, las porciones son grandes, hasta para compartir. Buenos moros",Rukito Grill&Drink - Alborada,True
2021-07-24 09:27:31.523000+00:00,,,,,5,"El mejor lugar para pasar con amigos, comida espectacular y atención uff, perfecta combinación, 1000🥰",Rukito Grill&Drink - Alborada,True
2021-05-12 17:30:06.847000+00:00,,,,,4,Excelente la comida y la atención pero fallo la energía eléctrica dentro del restaurante!!,Rukito Grill&Drink - Alborada,True
2021-10-25 02:58:03.302000+00:00,,,,,5,"Excelente comida, las costillas bbq muy buenas y la menestra de choclo algo excelente",Rukito Grill&Drink - Alborada,True
2021-12-18 15:33:24.575000+00:00,,,,,4,"Buen lugar, acogedor comida muy buena.
Costillas Baby Ribs como recomendación mayormente cocidas  para la próxima..",Rukito Grill&Drink - Alborada,True
2023-05-26 15:37:05.194000+00:00,,3.0,4.0,3.0,4,Bueno mi pedido de food pero falta estructura de ventilación y que haya más espacio el resto bien,Rukito Grill&Drink - Alborada,True
2026-01-24 21:40:44.516000+00:00,De 10 a 30 min,5.0,5.0,5.0,5,Se pasó con la micheladas 😎🍻🍻,Rukito Grill&Drink - Alborada,True
2022-05-01 15:24:42.380000+00:00,,,,,4,Muy buen precio y variedad en el menú. El lomo no estuvo tan bueno,Rukito Grill&Drink - Alborada,True
2022-08-09 17:05:49.368000+00:00,,,,,5,"Muy buena atención, servicio excelente y la comida muy buena 🙆🏽‍♀️💫",Rukito Grill&Drink - Alborada,True
2021-03-05 04:25:14.763000+00:00,,,,,5,Muy buen lugar! Riquísimo para comer y todo muy limpio.,Rukito Grill&Drink - Alborada,True
2021-09-17 12:43:33.626000+00:00,,,,,3,Se demoran demasiado para servir cuando pides platos especiales y eso que ni había tanta gente,Rukito Grill&Drink - Alborada,True
2024-06-20 13:27:07.162000+00:00,,4.0,4.0,3.0,4,Le hace falta un ambiente más para compartir entre la familia y amigos,Rukito Grill&Drink - Alborada,True
2022-04-12 11:10:01.627000+00:00,,,,,5,"Me encanto el moro de lentejas súper cheesy 🥰
La sangria está buenísima también",Rukito Grill&Drink - Alborada,True
2021-07-26 20:52:39.489000+00:00,,,,,4,"Muy rica la comida, recomendado.",Rukito Grill&Drink - Alborada,True
2022-06-08 23:58:39.950000+00:00,,,,,5,Excelente atención y la comida. Exquisita.,Rukito Grill&Drink - Alborada,True
2021-08-28 23:29:58.188000+00:00,,,,,5,Excelente servicio muy rica la comida 😊,Rukito Grill&Drink - Alborada,True
2023-12-10 12:37:24.012000+00:00,,5.0,5.0,5.0,5,"He visitado 4 veces este lugar y la calidad se mantiene intacta
Gracias sigan así 👍",Rukito Grill&Drink - Alborada,True
2021-08-04 23:31:02.964000+00:00,,,,,5,"Exelente lugar para reunirse en amigos y familia y deleitar de unas delicias que no te puedes quedar con las ganas de probar, bendiciones",Rukito Grill&Drink - Alborada,True
2024-04-03 01:12:51.304000+00:00,,3.0,3.0,2.0,1,"Se demora mucho en servir vs competencia, adicional los juegos tienen demasiada azúcar",Rukito Grill&Drink - Alborada,True
2023-09-26 19:51:06.603000+00:00,,5.0,5.0,5.0,5,"Me encantó, estube de paseo con mi señora esposa deleite el paladar de mi esposa",Rukito Grill&Drink - Alborada,True
2021-02-04 01:32:38.509000+00:00,,,,,4,Buena comida precios razonables pero no pidan lomo porque mas bien parecía una radiografía de lomo el resto de los platos muy buenos,Rukito Grill&Drink - Alborada,True
2021-07-04 21:27:02.097000+00:00,,,,,5,Ricos moros de lenteja y arroz con choclo. El lugar no es tan bonito pero la comida es muy buena,Rukito Grill&Drink - Alborada,True
2022-04-24 22:39:35.081000+00:00,,,,,4,Muy buena comida y muy buena atención,Rukito Grill&Drink - Alborada,True
2021-04-16 19:33:43.380000+00:00,,,,,5,"Buena comida y ambiente, atencion buena",Rukito Grill&Drink - Alborada,True
2021-11-17 23:42:25.803000+00:00,,,,,5,"Deliciosos sus platos, cebolla caramelizada muy rica",Rukito Grill&Drink - Alborada,True
2021-07-06 19:29:00.689000+00:00,,,,,5,Muy Buen lugar para ir con hambre . Recomendado costillas ahumadas.,Rukito Grill&Drink - Alborada,True
2020-12-29 02:23:17.952000+00:00,,,,,1,"Los alimentos no tenían sal. Deberian hacer un control se calidad antes de servir, x favor.",Rukito Grill&Drink - Alborada,True
2020-09-11 23:21:45.999000+00:00,,,,,5,"Excelente atención, deliciosos los platos a servir",Rukito Grill&Drink - Alborada,True
2021-04-12 11:36:51.682000+00:00,,,,,5,Excelente servicio y la comida riquísima 😋 👌,Rukito Grill&Drink - Alborada,True
2021-03-28 03:31:06.760000+00:00,,,,,4,"La comida es muy buena, pero no se respeta el aforo ni el distanciamiento entre las mesas.",Rukito Grill&Drink - Alborada,True
2021-10-20 05:40:19.354000+00:00,,,,,5,"Excelente atención muy buena seguridad, el mejor arroz con chicle de todo el ecuador, súper recomendadisoo",Rukito Grill&Drink - Alborada,True
2023-02-22 21:16:44.614000+00:00,,,,,3,Exelente lugar buena atención pero muy caluroso el aire no lo encendieron.,Rukito Grill&Drink - Alborada,True
2022-06-10 20:53:16.235000+00:00,,,,,5,Agradable y muy buena la comida,Rukito Grill&Drink - Alborada,True
2022-03-30 00:29:29.520000+00:00,,,,,1,"No me gustó para nada, comida nada especial y es bien caro",Rukito Grill&Drink - Alborada,True
2023-08-07 14:06:06.901000+00:00,,4.0,5.0,4.0,5,"Todo muy rico, recomendado el matahambre con provolone y rukito monster.",Rukito Grill&Drink - Alborada,True
2023-04-23 16:37:40.187000+00:00,,4.0,5.0,5.0,5,"Servicio rápido, abundante, rico los dos moros que probamos.",Rukito Grill&Drink - Alborada,True
2021-07-07 00:50:39.484000+00:00,,,,,5,Deberían poner más atención a los comensales para pedir la orden  👌🏻 la comida exelente .,Rukito Grill&Drink - Alborada,True
2021-02-20 03:22:18.794000+00:00,,,,,5,"Quedamos totalmente satisfechos! Rica la comida, la sangría puede mejorar mucho más!",Rukito Grill&Drink - Alborada,True
2021-06-19 00:15:20.720000+00:00,,,,,5,Excelente comida y muy lindo lugar,Rukito Grill&Drink - Alborada,True
2023-06-22 18:19:27.595000+00:00,,4.0,5.0,5.0,4,Buen lugar para ir a disfrutar de la buena comida 👍,Rukito Grill&Drink - Alborada,True
2021-09-22 19:02:23.685000+00:00,,,,,5,Muy rico todo y buena atención,Rukito Grill&Drink - Alborada,True
2023-11-20 04:11:30.945000+00:00,,5.0,5.0,5.0,5,Buena comida y buen ambiente para ir en familia,Rukito Grill&Drink - Alborada,True
2021-12-10 18:06:11.554000+00:00,,,,,5,"Ambiente súper acogedor. Comida...riquísima...¡lo mejor!...¡los moros! Ah...""el pulpo al grill"", ¡fenomenal!",Rukito Grill&Drink - Alborada,True
2023-07-20 18:13:10.283000+00:00,,5.0,5.0,5.0,5,"Experiencia fantástica ya que puedes realizar hasta agasajos navideños, cumpleaños 🎂, aniversario.",Rukito Grill&Drink - Alborada,True
2021-10-26 17:20:02.377000+00:00,,,,,5,"Excellente,  muy recomendado ensi  la mejor sazón.",Rukito Grill&Drink - Alborada,True
2021-10-03 19:43:54.501000+00:00,,,,,4,Buena la atención pero me esperaba más en los menús,Rukito Grill&Drink - Alborada,True
2023-06-30 01:11:00.879000+00:00,,5.0,5.0,5.0,5,Muy rico y muy buena atención,Rukito Grill&Drink - Alborada,True
2022-03-06 14:55:59.526000+00:00,,,,,4,"Los precios bien, estacionamiento un poco limitado, buen sabor pero le faltó un poquito",Rukito Grill&Drink - Alborada,True
2022-11-14 03:09:22.128000+00:00,,5.0,2.0,4.0,2,Moro demasiado seco y salado! El servicio había que buscar al mesero constantemente!,Rukito Grill&Drink - Alborada,True
2022-01-27 17:30:30.262000+00:00,,,,,4,"Muy rico la especialidad de la casa ""Moro chicloso "" lo recomiendo 👌",Rukito Grill&Drink - Alborada,True
2023-06-21 00:21:22.107000+00:00,,5.0,5.0,5.0,5,No me gustó las papas con queso cheddar sería mejor con queso gratinado,Rukito Grill&Drink - Alborada,True
2021-03-30 15:30:24.582000+00:00,,,,,5,Deliciosa la comida,Rukito Grill&Drink - Alborada,True
2021-04-18 22:39:12.074000+00:00,,,,,1,No me gustó el lugar muy pequeño y la comida 1 al 10 pues le pongo 3 mal sabor de la costilla.,Rukito Grill&Drink - Alborada,True
2021-08-24 04:32:21.007000+00:00,,,,,4,Comida y atención 10/10 lo único es que deberían ampliar más la disposición de las mesas.,Rukito Grill&Drink - Alborada,True
2024-05-03 02:10:45.571000+00:00,,,,,5,El precio acordé al pedido y la gran cantidad de comida,Rukito Grill&Drink - Alborada,True
2021-08-06 02:12:04.411000+00:00,,,,,5,Muy rico y la atención muy buena recomendable,Rukito Grill&Drink - Alborada,True
2026-04-15 18:38:58.856000+00:00,,5.0,5.0,5.0,5,Rico,Rukito Grill&Drink - Alborada,True
2021-11-22 22:27:01.249000+00:00,,,,,5,Excelente comida muy rica,Rukito Grill&Drink - Alborada,True
2025-02-25 14:09:32.030000+00:00,,4.0,5.0,4.0,4,Estaría bien si atendieran hasta más tarde.,Rukito Grill&Drink - Alborada,True
2021-05-12 03:24:12.531000+00:00,,,,,5,Excelente lugar personal atiende espectacularmente canción es muy buena,Rukito Grill&Drink - Alborada,True
2023-06-14 00:24:48.865000+00:00,,5.0,5.0,4.0,5,Es rico pero tardan en salir los platos,Rukito Grill&Drink - Alborada,True
2021-11-21 18:03:39.723000+00:00,,,,,5,"Atención de primera, presentan un menú variado, me encanto los moros mixtos son una delicia",Rukito Grill&Drink - Alborada,True
2021-07-26 22:44:40.119000+00:00,,,,,3,Servicio gastronomico 10/10 el espacio muy reducido ante la gran demanda de clientes inclusive hay que aser fila para poder ingresar,Rukito Grill&Drink - Alborada,True
2021-06-21 22:42:34.394000+00:00,,,,,4,Buen y sabor y platos bien despachados,Rukito Grill&Drink - Alborada,True
2021-06-26 03:16:03.291000+00:00,,,,,5,"Muy rica la comida, recomendado 👍💯",Rukito Grill&Drink - Alborada,True
2021-10-31 18:58:57.198000+00:00,,,,,4,Muy buen servicio y la comida en su punto,Rukito Grill&Drink - Alborada,True
2021-08-16 21:30:18.698000+00:00,,,,,5,Delicioso,Rukito Grill&Drink - Alborada,True
2021-02-19 02:32:18.830000+00:00,,,,,5,Un buen lugar para comer limpio y cumplen con todo los estándares de Bio seguridad,Rukito Grill&Drink - Alborada,True
2020-02-10 18:10:28.598000+00:00,,,,,5,Muy buena comida y atención!,Rukito Grill&Drink - Alborada,True
2024-01-08 08:43:15.174000+00:00,,5.0,5.0,5.0,5,Lo.mejor en asados. Su morochoclo buenísimo lleno de queso,Rukito Grill&Drink - Alborada,True
2022-12-18 02:31:57.320000+00:00,,5.0,5.0,5.0,5,Muy rico para pasar en familia o amigos...,Rukito Grill&Drink - Alborada,True
2023-05-16 23:44:31.106000+00:00,,3.0,5.0,4.0,4,Lo q falta música y poner partido de fútbol y de hayi todo excelente.,Rukito Grill&Drink - Alborada,True
2022-08-08 17:03:20.992000+00:00,,,,,5,La tercera vez que voy me parece un lugar muy espectacular ☺️,Rukito Grill&Drink - Alborada,True
2025-12-28 16:46:23.485000+00:00,,5.0,5.0,5.0,5,En mi opinión el mejor de todos,Rukito Grill&Drink - Alborada,True
2023-05-18 17:10:34.129000+00:00,,,,,5,"Me pedí un bife de chorizo en 3/4 de cocción, es algo qué deben pedir si visitan este lugar.",Rukito Grill&Drink - Alborada,True
2021-11-02 03:43:53.125000+00:00,,,,,5,"Delicioso el moroclo
Y me encantó las recomendaciones del tío del dueño",Rukito Grill&Drink - Alborada,True
2021-12-30 21:37:07.688000+00:00,,,,,3,"La comida estaba rica, pero la atención muy lenta.",Rukito Grill&Drink - Alborada,True
2022-03-04 01:07:04.684000+00:00,,,,,5,Exelente atención y su comida un 10/10,Rukito Grill&Drink - Alborada,True
2021-10-11 04:32:35.089000+00:00,,,,,4,Muy sabrosa la comida ahí.,Rukito Grill&Drink - Alborada,True
2022-04-09 23:23:29.575000+00:00,,,,,5,Excelente atencion y comida deliciosa para el paladar familiar,Rukito Grill&Drink - Alborada,True
2022-01-11 22:30:49.566000+00:00,,,,,5,Buena comida pueden comer 2 por cada plato,Rukito Grill&Drink - Alborada,True
2021-07-20 19:17:02.170000+00:00,,,,,4,Increíble. La sangría. Es de verdad.,Rukito Grill&Drink - Alborada,True
2022-10-18 18:51:15.944000+00:00,,4.0,4.0,4.0,4,Excelente carne y sabor los moros  chicosos  son únicos.,Rukito Grill&Drink - Alborada,True
2021-10-14 02:03:10.213000+00:00,,,,,5,Excelente comida muy recomendado,Rukito Grill&Drink - Alborada,True
2020-12-01 14:52:40.376000+00:00,,,,,5,"Lo mejor de lo mejor la comida excelente, recomendadisimo, las costillas son lo máximo 🤤🤤🤤",Rukito Grill&Drink - Alborada,True
2020-09-08 03:55:15.568000+00:00,,,,,5,Muy buena comida y atención...,Rukito Grill&Drink - Alborada,True
2021-06-08 01:50:31.590000+00:00,,,,,5,"Buenas comida, lo malo es que no tienen mucho espacio, pero la atención todo lo demás es muy bueno",Rukito Grill&Drink - Alborada,True
2023-03-13 01:43:59.793000+00:00,,5.0,5.0,5.0,5,Excelente!! Muy rico super recomendado,Rukito Grill&Drink - Alborada,True
2021-07-26 21:11:49.919000+00:00,,,,,5,Excelente,Rukito Grill&Drink - Alborada,True
2020-09-12 12:42:47.458000+00:00,,,,,5,"Demasiado buena la comida, si hay que esperar un poco pero lo vale",Rukito Grill&Drink - Alborada,True
2021-01-20 04:24:42.692000+00:00,,,,,4,Rica comida!! 😋 aunque en ves de los chifles podrían dar patacones,Rukito Grill&Drink - Alborada,True
2022-07-02 21:41:39.317000+00:00,,,,,5,"Muy bueno, atención de 1ra clase, buen ambiente",Rukito Grill&Drink - Alborada,True
2021-07-12 22:01:27.182000+00:00,,,,,5,Muy buen servicio excelente sabor,Rukito Grill&Drink - Alborada,True
2021-07-09 18:37:34.302000+00:00,,,,,5,Buena comida .y la sangría me encantó 🤩,Rukito Grill&Drink - Alborada,True
2021-10-28 01:18:25.107000+00:00,,,,,5,"Sabrosa comida, buena atención 👌",Rukito Grill&Drink - Alborada,True
2022-03-23 01:45:59.594000+00:00,,,,,5,"Lindo lugar, excelente comida y precios módicos",Rukito Grill&Drink - Alborada,True
2022-03-28 08:37:42.105000+00:00,,,,,1,Se demoraron mucho en tomar el pedido y la comida no me pareció nada del otro mundo,Rukito Grill&Drink - Alborada,True
2021-12-17 17:24:31.162000+00:00,,,,,5,Ya había provado x eso fui ricaaaaa la comidaaaaa,Rukito Grill&Drink - Alborada,True
2021-01-25 15:54:40.193000+00:00,,,,,5,Muy rico los platos,Rukito Grill&Drink - Alborada,True
2023-01-27 01:04:17.398000+00:00,,4.0,5.0,5.0,5,Merecen cada pedazo de éxito que tienen. Es un gran lugar para pasar con amigos.,Rukito Grill&Drink - Alborada,True
2021-03-14 02:54:59.349000+00:00,,,,,5,Muy rico y super atentos los meseros,Rukito Grill&Drink - Alborada,True
2022-02-05 12:18:02.689000+00:00,,,,,5,"Buen sabor, precios populares y buena atención.",Rukito Grill&Drink - Alborada,True
2021-06-16 23:43:08.412000+00:00,,,,,5,Excelente atención y súper rico 🤤👌🏼,Rukito Grill&Drink - Alborada,True
2023-09-26 15:44:14.623000+00:00,,5.0,5.0,5.0,5,Muy agradable para compartir en familia y amigos...,Rukito Grill&Drink - Alborada,True
2020-11-20 18:03:23.449000+00:00,,,,,4,"La cómida muy buena felicitaciones lo único no tienen variedad de ensaladas
Saludos",Rukito Grill&Drink - Alborada,True
2021-08-30 14:06:29.621000+00:00,,,,,3,"Buenazo
Variedad carnes
Precios más o menos
Porciones grandes, para compartir.",Rukito Grill&Drink - Alborada,True
2020-12-06 20:15:09.021000+00:00,,,,,3,Mala experiencia en el servicio... la comida muy buena...,Rukito Grill&Drink - Alborada,True
2022-02-20 21:31:25.740000+00:00,,,,,5,Excelente comida y muy económico,Rukito Grill&Drink - Alborada,True
2022-03-25 20:50:41.040000+00:00,,,,,5,"Super rico, todo es asombróso como los negocios familiares de gye, crecen prosperos.",Rukito Grill&Drink - Alborada,True
2024-03-22 17:42:13.844000+00:00,,5.0,5.0,5.0,5,Voy a Guayaquil y lo primero que pienso es rukito pilas ñaño cambiaron el cronch por patacon que no esta cronch ponganse pila,Rukito Grill&Drink - Alborada,True
2021-07-17 15:37:47.090000+00:00,,,,,5,Muy buena la atención y la comida,Rukito Grill&Drink - Alborada,True
2023-11-09 04:29:44.279000+00:00,,5.0,5.0,5.0,5,Excelente buena atención y buena comida,Rukito Grill&Drink - Alborada,True
2021-01-17 21:13:55.476000+00:00,,,,,5,"Excelente lugar, es mi favorito y el de mi familia.",Rukito Grill&Drink - Alborada,True
2023-03-18 20:28:47.219000+00:00,,3.0,5.0,1.0,3,"La sangría no la recomiendo, debería ampliar el sitio para no esperar en la parte exterior para ingresar.",Rukito Grill&Drink - Alborada,True
2022-06-12 17:54:16.329000+00:00,,,,,4,"Es Rica la comida, la atención es buena",Rukito Grill&Drink - Alborada,True
2021-03-26 22:23:04.931000+00:00,,,,,4,La primera vez de maravilla pero justo el martes de día de mi cumpleaños me decepcionaron,Rukito Grill&Drink - Alborada,True
2022-09-05 00:11:13.666000+00:00,,,,,5,Buena atención buen sabor cariñosos los precios,Rukito Grill&Drink - Alborada,True
2021-05-23 19:49:01.325000+00:00,,,,,5,Excelente comida y servicio.  El #arrozconchicle espectacular.,Rukito Grill&Drink - Alborada,True
2021-06-24 23:58:12.239000+00:00,,,,,5,Espectacular 👌,Rukito Grill&Drink - Alborada,True
2021-08-30 02:04:38.639000+00:00,,,,,5,"Excelente la sazón, la atención y el ambiente 👌",Rukito Grill&Drink - Alborada,True
2020-06-20 22:08:55.790000+00:00,,,,,5,"Deliciosa comida..amable atención,recomendadisiiiimoooo😊😊💥💥",Rukito Grill&Drink - Alborada,True
2022-04-02 02:37:00.531000+00:00,,,,,5,el moro de choclo lo máximo!!,Rukito Grill&Drink - Alborada,True
2024-02-05 00:29:58.159000+00:00,,,,,3,Buena comida solo que aire acondicionado no abastecía,Rukito Grill&Drink - Alborada,True
2020-11-23 02:56:03.937000+00:00,,,,,5,Excelente atención y buena comida,Rukito Grill&Drink - Alborada,True
2021-03-21 18:43:40.642000+00:00,,,,,5,RIQUÍSIMO MI FAMILIA FELIZ LOS MOROS CON QUESO 🧀 FUE BUENA LA EXPERIENCIA 😋,Rukito Grill&Drink - Alborada,True
2026-01-12 12:25:51.125000+00:00,,5.0,5.0,5.0,5,Excelente servicio,Rukito Grill&Drink - Alborada,True
2021-06-22 04:49:50.678000+00:00,,,,,5,Muy rico y exelente servicio,Rukito Grill&Drink - Alborada,True
2022-08-14 20:57:31.173000+00:00,,,,,2,El sabor no era lo que esperaba. Y la atención mucho de decir desde un aspecto negativo.,Rukito Grill&Drink - Alborada,True
2021-03-19 11:39:21.226000+00:00,,,,,4,Excelente sabor y buena atencion,Rukito Grill&Drink - Alborada,True
2023-03-06 17:18:19.091000+00:00,,1.0,4.0,1.0,1,Mucho calorcito 🥵 y 1 hora de espera para que me llegue la orden,Rukito Grill&Drink - Alborada,True
2022-09-19 02:22:33.250000+00:00,,,,,5,Excelentes platos acompañados con moro chicloso,Rukito Grill&Drink - Alborada,True
2021-07-30 05:45:11.723000+00:00,,,,,5,"Bonito lugar, buena comida, buena música, recomendado",Rukito Grill&Drink - Alborada,True
2025-01-03 01:56:49.681000+00:00,,4.0,5.0,5.0,5,Exelente comida.,Rukito Grill&Drink - Alborada,True
2024-04-21 16:28:22.041000+00:00,,5.0,5.0,5.0,5,Cada viaje a gye sin pasar x rukito no cuenta como viaje a gye,Rukito Grill&Drink - Alborada,True
2025-07-28 21:57:59.650000+00:00,,,,,4,No cubrió mis expectativas!,Rukito Grill&Drink - Alborada,True
2023-03-16 20:37:22.135000+00:00,,,,,4,"Buen atención, mesero consiente en su servicio",Rukito Grill&Drink - Alborada,True
2023-07-15 13:47:08.787000+00:00,,3.0,4.0,4.0,4,Un lugar donde se puede encontrar un asado acompañado con una variedad para escojer de arroz moro.,Rukito Grill&Drink - Alborada,True
2024-04-08 01:45:34.992000+00:00,,,,,5,Todo delicioso 100% recomendado,Rukito Grill&Drink - Alborada,True
2023-12-14 15:47:40.283000+00:00,,4.0,5.0,4.0,5,Comida deliciosa y abundante. De uno comen 2,Rukito Grill&Drink - Alborada,True
2021-12-11 21:49:15.672000+00:00,,,,,5,Excelente comida y la atención también,Rukito Grill&Drink - Alborada,True
2021-08-24 16:21:32.427000+00:00,,,,,5,"La comida es deliciosa, recomendadísimo!",Rukito Grill&Drink - Alborada,True
2022-12-01 16:24:18.347000+00:00,,5.0,5.0,5.0,5,Un lugar para compartir y disfrutar de una excelente comida.,Rukito Grill&Drink - Alborada,True
2020-12-04 04:04:40.969000+00:00,,,,,5,Rico,Rukito Grill&Drink - Alborada,True
2021-03-22 15:56:59.946000+00:00,,,,,5,Excelente  lugar  económico y rico,Rukito Grill&Drink - Alborada,True
2020-01-20 03:58:45.644000+00:00,,,,,5,Toda la comida es buenisima! Recomendado!,Rukito Grill&Drink - Alborada,True
2021-05-21 00:45:44.997000+00:00,,,,,5,"Excelente comida, Excelente atencion🤤",Rukito Grill&Drink - Alborada,True
2021-04-09 19:54:00.368000+00:00,,,,,3,La costilla no estuvo asada en el momento estaba guardada no se sintió fresca,Rukito Grill&Drink - Alborada,True
2022-08-10 20:14:16.504000+00:00,,,,,3,muy buen lugar para visitarlo con tu familia,Rukito Grill&Drink - Alborada,True
2021-03-26 04:07:40.026000+00:00,,,,,5,El mejor moro de Guayaquil delicioso muy buena atención,Rukito Grill&Drink - Alborada,True
2022-03-13 01:38:19.922000+00:00,,,,,5,"Excelente lugar, todo delicioso",Rukito Grill&Drink - Alborada,True
2021-08-15 18:53:18.973000+00:00,,,,,5,Muy buena comida!!!,Rukito Grill&Drink - Alborada,True
2021-10-18 16:41:41.308000+00:00,,,,,3,No había chimirruri para mi eso es como tomar café sin azúcar el resto aceptable,Rukito Grill&Drink - Alborada,True
2022-03-20 18:24:32.488000+00:00,,,,,5,Muy bueno aunque la atención es un poco lenta,Rukito Grill&Drink - Alborada,True
2022-01-11 00:00:53.737000+00:00,,,,,5,"Excelente comida , excelente atención",Rukito Grill&Drink - Alborada,True
2020-11-10 21:50:00.177000+00:00,,,,,3,"Las instalaciones pueden mejor, demasiado pequeño el lugar pero acogedor",Rukito Grill&Drink - Alborada,True
2021-04-04 20:37:55.408000+00:00,,,,,5,Excelente recomendado podrían dar una pequeña entrada de cortesía,Rukito Grill&Drink - Alborada,True
2022-06-05 22:59:50.641000+00:00,,,,,5,Deliciosos moros y asados. Excelente 👌 atención.,Rukito Grill&Drink - Alborada,True
2023-05-05 04:03:43.080000+00:00,,4.0,4.0,5.0,4,"Porción abundante, precio asequible.",Rukito Grill&Drink - Alborada,True
2021-11-04 21:27:46.312000+00:00,,,,,4,Excelente el moro y arroz con choclo. Pidan el mixto.,Rukito Grill&Drink - Alborada,True
2024-03-10 14:24:53.052000+00:00,,1.0,4.0,4.0,2,Mucho calor y muy poco espacio,Rukito Grill&Drink - Alborada,True
2022-04-27 16:16:59.324000+00:00,,,,,5,Delicioso 😋,Rukito Grill&Drink - Alborada,True
2023-12-02 02:39:44.935000+00:00,,5.0,5.0,5.0,5,Lo mejor!!,Rukito Grill&Drink - Alborada,True
2021-05-30 11:52:32.987000+00:00,,,,,3,Solo la espera me molesto un poco pero la comida excelente,Rukito Grill&Drink - Alborada,True
2020-09-15 22:24:04.815000+00:00,,,,,5,Excelente sabor y atención y precios,Rukito Grill&Drink - Alborada,True
2021-08-11 23:51:02.088000+00:00,,,,,4,Todo super bueno ambiente agradable 👍👍👍,Rukito Grill&Drink - Alborada,True
2023-01-08 09:38:14.034000+00:00,,5.0,5.0,5.0,5,Las delicias de Rukito grill lo mejpr en gasyronomoa se lo recomiendo no valla solo difrite en familia,Rukito Grill&Drink - Alborada,True
2021-01-16 02:18:56.312000+00:00,,,,,5,Buen lugar para celebrar un cumpleaños o una cena especial.,Rukito Grill&Drink - Alborada,True
2021-03-19 22:48:48.183000+00:00,,,,,5,Muy bueno lo único malo es que hay que esperar pero vale la pena,Rukito Grill&Drink - Alborada,True
2024-02-15 23:12:40.267000+00:00,,,,,5,Excelente servicio te vas a llenar,Rukito Grill&Drink - Alborada,True
2021-09-11 12:59:55.362000+00:00,,,,,5,La comida y la atención es excelente 👌,Rukito Grill&Drink - Alborada,True
2024-02-10 12:47:03.450000+00:00,,5.0,5.0,5.0,5,"Recomendado , mucha comida , vayan con hambre 😁",Rukito Grill&Drink - Alborada,True
2021-01-16 20:31:22.441000+00:00,,,,,4,"La atención dejó q desear, incluso el cocido de las carnes no estaba en el punto solicitado.",Rukito Grill&Drink - Alborada,True
2022-11-29 02:20:53.664000+00:00,,3.0,3.0,4.0,3,"Un concepto interesante de los moritos con queso, una delicia.",Rukito Grill&Drink - Alborada,True
2021-06-21 20:32:27.491000+00:00,,,,,5,Buenos precios buena comida bue a atención,Rukito Grill&Drink - Alborada,True
2020-10-06 03:39:18.674000+00:00,,,,,5,Muy Rico 10/10 excelente servicio Srta Dome ✨,Rukito Grill&Drink - Alborada,True
2021-08-21 00:10:25.648000+00:00,,,,,5,Buenazo,Rukito Grill&Drink - Alborada,True
2021-06-30 13:40:29.387000+00:00,,,,,4,Rica comida pero falta más espacio,Rukito Grill&Drink - Alborada,True
2021-08-24 01:02:35.088000+00:00,,,,,1,"Mucho romero en la carne, es un condimento muy invasivo y no es recomendable para la comida criolla",Rukito Grill&Drink - Alborada,True
2021-05-25 07:00:55.768000+00:00,,,,,5,Excelente servicio y tienen el moro más rico de Guayaquil,Rukito Grill&Drink - Alborada,True
2021-07-26 23:48:33.495000+00:00,,,,,1,"Mala atención, la comida es muy mala queso podrido",Rukito Grill&Drink - Alborada,True
2022-12-06 21:14:51.009000+00:00,,5.0,5.0,5.0,5,Delicioso 😋 porciones para compartir 💗,Rukito Grill&Drink - Alborada,True
2023-12-30 21:07:33.153000+00:00,,5.0,5.0,5.0,5,Muy buena comida,Rukito Grill&Drink - Alborada,True
2025-11-02 13:39:53.443000+00:00,,,,,5,Todo excelente 👌,Rukito Grill&Drink - Alborada,True
2021-05-13 01:54:48.144000+00:00,,,,,5,Riquisimos motos rizoto buena costilla bbq,Rukito Grill&Drink - Alborada,True
2021-08-10 07:41:01.097000+00:00,,,,,5,Lo mejor en parrilla y no se diga su atención espectacular,Rukito Grill&Drink - Alborada,True
2021-04-12 17:02:03.812000+00:00,,,,,1,"No era lo que esperaba, tenía las expectativas muy altas, pero sentí una decepción total.",Rukito Grill&Drink - Alborada,True
2021-11-04 03:17:17.173000+00:00,,,,,5,Esquusitas costillas. Dios los siga bendiciendo cada día mucho más. Éxitos,Rukito Grill&Drink - Alborada,True
2021-08-20 00:29:50.603000+00:00,,,,,5,Excelente lugar,Rukito Grill&Drink - Alborada,True
2023-03-28 00:59:18.962000+00:00,,5.0,5.0,5.0,5,La comida exelente sabor,Rukito Grill&Drink - Alborada,True
2021-08-11 11:42:12.948000+00:00,,,,,5,"Unos moros espectáculos, las entradas y platos fuertes ni se diga, recomendadisilo.",Rukito Grill&Drink - Alborada,True
2021-09-22 22:47:00.132000+00:00,,,,,4,Muy bueno ! . Mejor que puerto Caro (M.r.o),Rukito Grill&Drink - Alborada,True
2025-04-11 07:07:31.048000+00:00,,4.0,5.0,5.0,5,"Todo bellooo, deliciosa comida",Rukito Grill&Drink - Alborada,True
2022-08-11 15:42:32.867000+00:00,,,,,4,Muy buena comida buenas porciones,Rukito Grill&Drink - Alborada,True
2021-09-01 12:51:46.840000+00:00,,,,,5,Pues muy amena y muy rica,Rukito Grill&Drink - Alborada,True
2022-07-10 18:34:22.144000+00:00,,,,,5,Excelente lugar para comer en familia,Rukito Grill&Drink - Alborada,True
2022-03-19 23:01:22.520000+00:00,,,,,4,Me encanta ese moro enchiclado y los asados sabrosos,Rukito Grill&Drink - Alborada,True
2022-10-17 13:22:42.244000+00:00,,4.0,4.0,4.0,3,Buena la atención y súper la comida,Rukito Grill&Drink - Alborada,True
2021-10-05 22:05:30.476000+00:00,,,,,5,El mejor MORO y costilla  que he comido en mi vida 😍 🥰,Rukito Grill&Drink - Alborada,True
2023-06-22 19:02:11.057000+00:00,,5.0,4.0,5.0,4,"Buen asado, esperaba más de los moros!!",Rukito Grill&Drink - Alborada,True
2021-07-06 19:32:58.675000+00:00,,,,,5,Sabor unico.. en comidas al grill. Buena atencion,Rukito Grill&Drink - Alborada,True
2021-11-14 23:47:26.841000+00:00,,,,,5,Muy buena la comida,Rukito Grill&Drink - Alborada,True
2020-10-06 04:47:37.448000+00:00,,,,,5,Excelente lugar para compartir en familia y amigos,Rukito Grill&Drink - Alborada,True
2020-08-30 23:09:07.228000+00:00,,,,,5,Muy acogedor y la comida excelente,Rukito Grill&Drink - Alborada,True
2021-04-15 02:21:57.163000+00:00,,,,,5,Buena comida a buen costo. Recomendado,Rukito Grill&Drink - Alborada,True
2022-06-15 15:49:51.852000+00:00,,,,,5,"Muy rico, un poquito caro los precios",Rukito Grill&Drink - Alborada,True
2021-08-11 15:49:33.647000+00:00,,,,,2,Mucha espera y la costilla qe compré era un hueso,Rukito Grill&Drink - Alborada,True
2021-08-15 22:41:51.345000+00:00,,,,,5,Exquisita la comida 😋 recomendado 👍🏻,Rukito Grill&Drink - Alborada,True
2022-05-31 15:49:22.364000+00:00,,,,,5,Muy pero muy rica la comida,Rukito Grill&Drink - Alborada,True
2021-05-21 22:26:23.672000+00:00,,,,,4,Muy rica la comida,Rukito Grill&Drink - Alborada,True
2022-03-20 22:05:32.833000+00:00,,,,,3,"Buen lugar,  buen moro, seca la chuleta.",Rukito Grill&Drink - Alborada,True
2021-08-19 22:34:15.765000+00:00,,,,,1,La comida sin sabor mucha publicidad pero sin sabor la comida,Rukito Grill&Drink - Alborada,True
2021-11-03 12:24:56.116000+00:00,,,,,5,Buenos cortes y buena atención.  Los precios están $$,Rukito Grill&Drink - Alborada,True
2021-09-12 02:05:20.882000+00:00,,,,,5,Excelente la comida y el servicio,Rukito Grill&Drink - Alborada,True
2022-02-14 11:35:10.228000+00:00,,,,,5,"Excelente atención, Excelente menú",Rukito Grill&Drink - Alborada,True
2023-02-22 19:26:07.604000+00:00,,5.0,5.0,5.0,5,Excelente 👌,Rukito Grill&Drink - Alborada,True
2021-03-19 22:08:42.855000+00:00,,,,,5,Excelente la comida y la atencion,Rukito Grill&Drink - Alborada,True
2020-11-01 11:44:06.321000+00:00,,,,,4,Buena saxon para deleitarse solo o en familia,Rukito Grill&Drink - Alborada,True
2022-08-07 01:02:12.389000+00:00,,,,,5,Excelente servicio y deliciosas carnes,Rukito Grill&Drink - Alborada,True
2021-12-06 03:41:51.480000+00:00,,,,,5,Excelente,Rukito Grill&Drink - Alborada,True
2025-11-09 01:11:04.890000+00:00,De 30 a 60 min,5.0,5.0,5.0,5,La comida super delicious.,Rukito Grill&Drink - Alborada,True
2020-09-24 00:57:12.504000+00:00,,,,,5,Riquisimo como siempre buena atención,Rukito Grill&Drink - Alborada,True
2021-09-22 05:18:17.054000+00:00,,,,,5,Lo mejor es el moro 😍😍 buen precio y excelente atención.,Rukito Grill&Drink - Alborada,True
2021-01-04 23:25:14.656000+00:00,,,,,5,La comida es deliciosa y preparada al momento,Rukito Grill&Drink - Alborada,True
2022-01-10 04:24:33.610000+00:00,,,,,5,Muy delicioso me encantó,Rukito Grill&Drink - Alborada,True
2022-03-04 21:17:07.143000+00:00,,,,,5,Me encantaron las canastas de verde. Mucho muchooooo queso.!!!,Rukito Grill&Drink - Alborada,True
2021-07-09 03:37:10.671000+00:00,,,,,5,Super bueno.. las cebollas caramelizadas son buenas,Rukito Grill&Drink - Alborada,True
2022-09-23 21:46:04.795000+00:00,,,,,1,La comida está muy salada. 🤮🤮,Rukito Grill&Drink - Alborada,True
2022-04-08 13:49:08.297000+00:00,,,,,5,"Super.. El moro espectacular, recomendado",Rukito Grill&Drink - Alborada,True
2023-05-31 04:14:35.153000+00:00,,5.0,4.0,5.0,4,Me pareció mucho queso en los patacones y en el arroz,Rukito Grill&Drink - Alborada,True
2021-01-05 03:04:48.965000+00:00,,,,,4,Todo estuvo bien sólo tocó esperar unos 15 minutos,Rukito Grill&Drink - Alborada,True
2023-10-12 14:30:37.719000+00:00,,5.0,5.0,5.0,5,Excelente. Como que nos haremos asiduos!,Rukito Grill&Drink - Alborada,True
2022-03-07 16:14:37.043000+00:00,,,,,4,"La comida deliciosa, la carne se puso un poco dura al enfriarse.",Rukito Grill&Drink - Alborada,True
2021-06-21 04:09:49.261000+00:00,,,,,5,Buena comida el arroz con queso excelente,Rukito Grill&Drink - Alborada,True
2021-06-04 03:17:56.239000+00:00,,,,,4,Muy rica.la comida,Rukito Grill&Drink - Alborada,True
2021-04-05 01:14:34.350000+00:00,,,,,1,No me gustó la atención y foro mucha gente no se respeto,Rukito Grill&Drink - Alborada,True
2024-05-05 03:49:32.930000+00:00,,5.0,5.0,5.0,5,"El buen moro, con la proteína que decidas.",Rukito Grill&Drink - Alborada,True
2021-02-01 00:05:07.643000+00:00,,,,,5,Todo estuvo delicioso 10/10,Rukito Grill&Drink - Alborada,True
2022-10-17 13:50:28.539000+00:00,,5.0,5.0,5.0,5,"Delicioso, la picanha de cerdo es lo máximo!",Rukito Grill&Drink - Alborada,True
2025-03-26 02:10:52.581000+00:00,,5.0,5.0,5.0,5,Cuando se habla de parrilla se habla de rukito,Rukito Grill&Drink - Alborada,True
2022-08-10 03:59:08.889000+00:00,,,,,5,No me y gusto se demoran mucho en servir,Rukito Grill&Drink - Alborada,True
2021-08-25 21:51:32.363000+00:00,,,,,4,Delicia de comidas...que rico moros,Rukito Grill&Drink - Alborada,True
2022-01-13 03:29:58.952000+00:00,,,,,5,Lo más exquisite que he probado 😍🙌🏻,Rukito Grill&Drink - Alborada,True
2021-11-11 12:09:17.743000+00:00,,,,,2,"Maso, medio quemado mi lomo, el moro de Choclo saladisimo.",Rukito Grill&Drink - Alborada,True
2021-03-18 17:03:10.562000+00:00,,,,,1,Siempre lleno... imposible esperar tanto para comer,Rukito Grill&Drink - Alborada,True
2024-07-13 13:25:11.812000+00:00,,,,,5,Delicioso y excelente atención,Rukito Grill&Drink - Alborada,True
2023-02-11 15:03:31.181000+00:00,,4.0,2.0,4.0,1,Los moros nada que ver y la carne buena pero no gracias,Rukito Grill&Drink - Alborada,True
2022-07-07 01:06:15.567000+00:00,,,,,4,Muy buena comida,Rukito Grill&Drink - Alborada,True
2021-03-24 04:37:00.936000+00:00,,,,,4,"Mucho en la espera, pero deliciosa la comida",Rukito Grill&Drink - Alborada,True
2021-07-03 23:03:25.173000+00:00,,,,,4,"Muy buena comida, carnes",Rukito Grill&Drink - Alborada,True
2022-02-08 12:34:55.622000+00:00,,,,,4,De relax ricos el moroclo,Rukito Grill&Drink - Alborada,True
2024-08-12 23:40:36.233000+00:00,,,,,5,Excelente servicio y comida,Rukito Grill&Drink - Alborada,True
2021-07-06 13:25:15.350000+00:00,,,,,5,Excelente comida!!! Su arroz con chicle es lo máximo!!!,Rukito Grill&Drink - Alborada,True
2021-10-31 21:59:32.879000+00:00,,,,,5,Super especial el sitio 100% recomendado,Rukito Grill&Drink - Alborada,True
2021-08-23 14:33:04.652000+00:00,,,,,4,Muy buena comida,Rukito Grill&Drink - Alborada,True
2023-12-08 23:52:56.897000+00:00,,,,,5,Bien pagado buena comida,Rukito Grill&Drink - Alborada,True
2021-07-01 04:54:51.686000+00:00,,,,,5,Muy buena comida,Rukito Grill&Drink - Alborada,True
2025-11-23 19:58:31.713000+00:00,Hasta 10 min,5.0,5.0,5.0,5,Excelente,Rukito Grill&Drink - Alborada,True
2022-08-25 14:16:35.171000+00:00,,,,,3,Las costillas estaban secas y sin sabor,Rukito Grill&Drink - Alborada,True
2024-04-09 13:46:36.220000+00:00,,5.0,5.0,5.0,5,Excelente lugar para compartir,Rukito Grill&Drink - Alborada,True
2022-09-05 02:11:19.122000+00:00,,,,,5,Muy rico todo 😍,Rukito Grill&Drink - Alborada,True
2021-11-24 17:16:40.147000+00:00,,,,,4,Excelente atención y comida.,Rukito Grill&Drink - Alborada,True
2020-11-08 22:38:58.822000+00:00,,,,,5,Comida hecha al instante y muy delicioso,Rukito Grill&Drink - Alborada,True
2022-12-09 02:49:06.832000+00:00,,4.0,5.0,4.0,5,"Rica la comida, en especial los moros",Rukito Grill&Drink - Alborada,True
2023-01-15 06:25:23.663000+00:00,,,,,4,"Excelente, buena atención, recomendado!",Rukito Grill&Drink - Alborada,True
2025-06-02 20:15:01.379000+00:00,,5.0,5.0,5.0,5,Excelente servicio,Rukito Grill&Drink - Alborada,True
2022-05-20 03:04:26.569000+00:00,,,,,4,Muy rico todo...,Rukito Grill&Drink - Alborada,True
2021-05-09 00:24:19.946000+00:00,,,,,5,Muy ricas costillas y sus moros 😋,Rukito Grill&Drink - Alborada,True
2021-09-05 03:14:40.163000+00:00,,,,,1,No lleno mis expectativas de su sazón todo es publicidad,Rukito Grill&Drink - Alborada,True
2020-03-05 14:29:39.942000+00:00,,,,,5,La comida y atención es espectacular,Rukito Grill&Drink - Alborada,True
2024-12-10 03:16:59.858000+00:00,,5.0,5.0,5.0,5,De lo mejor siempre recomendados,Rukito Grill&Drink - Alborada,True
2020-12-02 14:10:45.652000+00:00,,,,,5,Buen lugar para un cena familiar,Rukito Grill&Drink - Alborada,True
2021-07-05 16:10:33.531000+00:00,,,,,5,Excelente la comida recomendado,Rukito Grill&Drink - Alborada,True
2022-01-27 02:14:48.465000+00:00,,,,,5,Buen ambiente y Servicio ..!!!!!,Rukito Grill&Drink - Alborada,True
2020-12-20 22:03:32.509000+00:00,,,,,5,Muy buena comida,Rukito Grill&Drink - Alborada,True
2024-12-04 06:12:43.232000+00:00,,3.0,5.0,3.0,4,Lo único malo es que es muy demorado,Rukito Grill&Drink - Alborada,True
2021-09-24 21:44:52.960000+00:00,,,,,4,Muy rico todo 😋,Rukito Grill&Drink - Alborada,True
2020-09-07 00:40:20.583000+00:00,,,,,5,Delicioso,Rukito Grill&Drink - Alborada,True
2020-10-07 12:23:20.550000+00:00,,,,,4,Muy buena comida,Rukito Grill&Drink - Alborada,True
2023-06-06 17:17:54.031000+00:00,,4.0,3.0,4.0,4,No es tan buena la comida como pense,Rukito Grill&Drink - Alborada,True
2024-08-24 14:31:41.616000+00:00,,4.0,3.0,1.0,3,"Comida normal, atención al cliente 0.",Rukito Grill&Drink - Alborada,True
2022-02-11 18:25:52.890000+00:00,,,,,5,Excelente la comida y el servicio,Rukito Grill&Drink - Alborada,True
2021-11-06 04:33:36.445000+00:00,,,,,5,Lugar agradable para ir en familia,Rukito Grill&Drink - Alborada,True
2022-01-01 22:44:07.502000+00:00,,,,,5,Muy buen servicio y elegante,Rukito Grill&Drink - Alborada,True
2023-06-20 20:35:17.901000+00:00,,5.0,5.0,5.0,5,La mejor comida de Guayaquil,Rukito Grill&Drink - Alborada,True
2021-07-31 14:38:09.124000+00:00,,,,,3,"Mucho tiempo de espera, deberían hacer un nuevo local.",Rukito Grill&Drink - Alborada,True
2025-08-04 03:11:31.606000+00:00,,,,,5,Todo delicioso,Rukito Grill&Drink - Alborada,True
2022-04-09 03:43:19.509000+00:00,,,,,5,Excelente atención. Excelente sazón.,Rukito Grill&Drink - Alborada,True
2022-03-20 04:19:49.043000+00:00,,,,,5,Me encanto la atención y la comida,Rukito Grill&Drink - Alborada,True
2022-05-20 01:45:13.835000+00:00,,,,,3,"La comida rica, la atención media no más",Rukito Grill&Drink - Alborada,True
2021-04-10 16:26:32.457000+00:00,,,,,5,COMIDA Y ATENCIÓN DE PRIMERA!!! 100% RECOMENDADO.,Rukito Grill&Drink - Alborada,True
2022-02-22 17:30:27.905000+00:00,,,,,4,"Dieron cortesía, demoraron un poco en el pedido",Rukito Grill&Drink - Alborada,True
2023-11-16 02:15:04.894000+00:00,,5.0,5.0,5.0,5,Muy bueno,Rukito Grill&Drink - Alborada,True
2022-02-11 23:05:57.097000+00:00,,,,,4,Deliciosa panceta con el cuero crujiente,Rukito Grill&Drink - Alborada,True
2025-06-27 14:16:41.854000+00:00,De 10 a 30 min,5.0,5.0,5.0,5,Excelente como siempre,Rukito Grill&Drink - Alborada,True
2020-11-24 15:34:06.307000+00:00,,,,,5,La comida es muy buena,Rukito Grill&Drink - Alborada,True
2021-03-25 15:18:45.012000+00:00,,,,,5,Muy buena atención el lugar,Rukito Grill&Drink - Alborada,True
2020-11-01 04:01:03.671000+00:00,,,,,5,Buenos cortes y moros. Buen lugar.,Rukito Grill&Drink - Alborada,True
2023-06-21 02:47:55.647000+00:00,,3.0,4.0,4.0,4,No me pusieron la música de mi cumpleaños :(,Rukito Grill&Drink - Alborada,True
2021-06-11 11:09:12.053000+00:00,,,,,5,"Precios cómodos, atención de primera.",Rukito Grill&Drink - Alborada,True
2023-01-25 13:26:04.579000+00:00,,5.0,5.0,5.0,5,Excelente lugar y buenos precios,Rukito Grill&Drink - Alborada,True
2021-05-22 05:03:18.364000+00:00,,,,,2,Mucha espera 1 hora para que nos atienda,Rukito Grill&Drink - Alborada,True
2021-08-30 15:17:13.866000+00:00,,,,,5,"Muy bueno, recomendado",Rukito Grill&Drink - Alborada,True
2021-07-06 19:58:33.104000+00:00,,,,,1,NO ME GUSTO EN LO ABSOLUTO.. ESTABA SIMPLE,Rukito Grill&Drink - Alborada,True
2021-07-24 23:37:55.717000+00:00,,,,,5,Riquísimo y se llena uno,Rukito Grill&Drink - Alborada,True
2023-01-30 20:41:04.709000+00:00,,5.0,5.0,5.0,5,Excelente la atención y la comida,Rukito Grill&Drink - Alborada,True
2024-09-25 18:01:44.609000+00:00,,2.0,4.0,1.0,2,No me llega rápido la comida,Rukito Grill&Drink - Alborada,True
2021-09-19 21:47:42.491000+00:00,,,,,5,Muy bueno … éxitos para rukito,Rukito Grill&Drink - Alborada,True
2021-09-18 16:04:08.057000+00:00,,,,,5,"Excelente, bastante, amigable, confiable",Rukito Grill&Drink - Alborada,True
2021-11-05 12:49:33.823000+00:00,,,,,5,Excelente variedad de comida,Rukito Grill&Drink - Alborada,True
2021-06-24 18:02:56.417000+00:00,,,,,5,Ricas las carnes el moro super,Rukito Grill&Drink - Alborada,True
2022-08-03 18:15:20.624000+00:00,,,,,5,Delicioso. No hay otra palabra,Rukito Grill&Drink - Alborada,True
2021-06-06 05:00:25.593000+00:00,,,,,5,¡Muy buena sazón!,Rukito Grill&Drink - Alborada,True
2021-08-08 03:34:25.272000+00:00,,,,,5,Delicioso todo el menú,Rukito Grill&Drink - Alborada,True
2023-03-27 14:55:38.522000+00:00,,5.0,5.0,5.0,5,Muy buena atención,Rukito Grill&Drink - Alborada,True
2022-03-20 22:37:02.788000+00:00,,,,,5,"Excelente lugar, atención de primera!!!.",Rukito Grill&Drink - Alborada,True
2021-05-01 06:49:57.589000+00:00,,,,,5,Esta rica la mesera,Rukito Grill&Drink - Alborada,True
2021-06-17 15:39:41.767000+00:00,,,,,2,No estaba bien cocinada nuestras costillas..,Rukito Grill&Drink - Alborada,True
2022-10-11 10:52:23.784000+00:00,,,,,5,Lindo lugar y excelente atención,Rukito Grill&Drink - Alborada,True
2025-05-14 20:26:58.488000+00:00,,5.0,5.0,5.0,5,demasiado bellooooo 😋😋😋,Rukito Grill&Drink - Alborada,True
2022-02-17 14:58:46.427000+00:00,,,,,5,Las costillas bbq y el moro choclo un 10/10,Rukito Grill&Drink - Alborada,True
2021-11-27 19:24:03.908000+00:00,,,,,5,Muy bueno recomendado 😋😋,Rukito Grill&Drink - Alborada,True
2022-11-05 15:14:07.992000+00:00,,5.0,5.0,5.0,5,Uno de los lugares que tiene el mejor moro de Guayaquil!!! Recomendadisimo,Rukito Grill&Drink - Alborada,True
2022-04-02 13:33:52.481000+00:00,,,,,5,Los asados y la cebolla caramelizada son excelentes.,Rukito Grill&Drink - Alborada,True
2021-12-21 19:28:00.206000+00:00,,,,,2,No fue buena la atención,Rukito Grill&Drink - Alborada,True
2021-01-24 15:16:57.414000+00:00,,,,,4,Es buena la comida,Rukito Grill&Drink - Alborada,True
2022-01-21 14:07:32.760000+00:00,,,,,2,Lamentablemente la atención de los meseros es fatal,Rukito Grill&Drink - Alborada,True
2022-11-19 01:12:49.229000+00:00,,,,,5,Buena sazón buen ambiente,Rukito Grill&Drink - Alborada,True
2021-07-12 20:52:54.857000+00:00,,,,,5,"Muy buena atención,",Rukito Grill&Drink - Alborada,True
2023-11-02 03:32:33.589000+00:00,,,,,5,Está como para comer 2 de un plato,Rukito Grill&Drink - Alborada,True
2024-04-22 17:15:46.651000+00:00,,,,,5,Muy rico !!!,Rukito Grill&Drink - Alborada,True
2020-09-30 14:00:57.247000+00:00,,,,,5,Mucha cebolla chicos ☹️pero de ahí riquismo,Rukito Grill&Drink - Alborada,True
2025-11-06 21:34:04.168000+00:00,Sin espera,5.0,5.0,5.0,5,Cómodo,Rukito Grill&Drink - Alborada,True
2024-09-05 18:22:21.247000+00:00,,5.0,5.0,5.0,5,Excelente experiencia,Rukito Grill&Drink - Alborada,True
2020-12-11 15:25:10.778000+00:00,,,,,5,Super rico todo 😋,Rukito Grill&Drink - Alborada,True
2025-08-21 21:08:35.190000+00:00,,5.0,5.0,5.0,5,Bello,Rukito Grill&Drink - Alborada,True
2022-04-23 07:07:29.565000+00:00,,,,,5,Excelente comida.,Rukito Grill&Drink - Alborada,True
2025-08-17 15:18:45.407000+00:00,,5.0,5.0,5.0,5,Excelente,Rukito Grill&Drink - Alborada,True
2022-09-23 17:32:08.582000+00:00,,,,,5,Muy buen moro delicioso,Rukito Grill&Drink - Alborada,True
2022-07-22 22:42:06.110000+00:00,,,,,4,"Excelente la atención,  y la alimentación",Rukito Grill&Drink - Alborada,True
2021-12-07 21:12:13.505000+00:00,,,,,5,Sus papas con queso son maravillosas!,Rukito Grill&Drink - Alborada,True
2023-02-28 10:44:28.705000+00:00,,5.0,5.0,5.0,5,Muy buena,Rukito Grill&Drink - Alborada,True
2020-02-18 02:03:39.634000+00:00,,,,,3,Los platos saben mucho a ajo,Rukito Grill&Drink - Alborada,True
2020-01-03 15:51:20.062000+00:00,,,,,5,La comida es espectacular!!!,Rukito Grill&Drink - Alborada,True
2021-07-24 12:31:05.121000+00:00,,,,,4,Excelente cosillas a la BBQ,Rukito Grill&Drink - Alborada,True
2021-11-29 22:53:52.588000+00:00,,,,,4,La costilla es súper rica,Rukito Grill&Drink - Alborada,True
2021-11-27 15:35:31.901000+00:00,,,,,4,Muy bueno,Rukito Grill&Drink - Alborada,True
2022-01-09 20:01:51.617000+00:00,,,,,5,Deliciosos asados y algo mas¡,Rukito Grill&Drink - Alborada,True
2024-02-13 20:27:47.688000+00:00,,5.0,5.0,5.0,5,Excelente todo!,Rukito Grill&Drink - Alborada,True
2024-11-05 19:28:25.858000+00:00,,5.0,5.0,5.0,5,Excelente atención,Rukito Grill&Drink - Alborada,True
2022-03-24 19:33:44.300000+00:00,,,,,5,Muy buena atención,Rukito Grill&Drink - Alborada,True
2021-09-15 22:53:17.764000+00:00,,,,,1,Precios en menú no de acuerdo a lo que cobran,Rukito Grill&Drink - Alborada,True
2022-02-22 14:10:48.651000+00:00,,,,,5,Excelente 👌 cuando valla a guayaquil regreso,Rukito Grill&Drink - Alborada,True
2021-01-29 03:31:57.758000+00:00,,,,,5,Las mejores costillas a precios bajos 😉,Rukito Grill&Drink - Alborada,True
2021-09-16 00:14:16.697000+00:00,,,,,5,Muy rico,Rukito Grill&Drink - Alborada,True
2022-05-10 15:00:01.835000+00:00,,,,,5,"Moros y cortes de carne deliciosos, variedad",Rukito Grill&Drink - Alborada,True
2021-06-21 02:02:07.031000+00:00,,,,,5,Muy bueno recomendado,Rukito Grill&Drink - Alborada,True
2022-07-20 00:16:24.982000+00:00,,,,,5,Quedé enamorada ❤️😍🥰 es lo único que puedo decir.,Rukito Grill&Drink - Alborada,True
2021-01-26 14:30:25.010000+00:00,,,,,5,Muy buen servicio,Rukito Grill&Drink - Alborada,True
2021-06-16 01:27:31.605000+00:00,,,,,5,Muy rico,Rukito Grill&Drink - Alborada,True
2023-03-22 02:16:14.616000+00:00,,5.0,5.0,4.0,5,En las horas pico la atención es un poco demorada,Rukito Grill&Drink - Alborada,True
2025-07-14 17:38:03.697000+00:00,,5.0,5.0,5.0,5,Bello,Rukito Grill&Drink - Alborada,True
2021-07-24 02:34:41.593000+00:00,,,,,5,Riquisimo el moro con queso,Rukito Grill&Drink - Alborada,True
2025-08-09 23:47:21.824000+00:00,De 10 a 30 min,5.0,5.0,5.0,5,Elegante sis,Rukito Grill&Drink - Alborada,True
2021-09-09 16:04:41.040000+00:00,,,,,5,Todo rico,Rukito Grill&Drink - Alborada,True
2021-09-04 03:48:52.012000+00:00,,,,,5,Muy bueno,Rukito Grill&Drink - Alborada,True
2024-12-02 19:52:06.157000+00:00,,3.0,5.0,3.0,5,Un poco mejorar,Rukito Grill&Drink - Alborada,True
2022-02-02 01:37:57.204000+00:00,,,,,5,Muy Bueno,Rukito Grill&Drink - Alborada,True
2021-08-02 01:04:10.943000+00:00,,,,,5,Muy buena atención,Rukito Grill&Drink - Alborada,True
2021-07-31 22:32:22.058000+00:00,,,,,5,Muy bueno,Rukito Grill&Drink - Alborada,True
2021-05-23 17:04:17.022000+00:00,,,,,5,Espectacular... Volveré pronto,Rukito Grill&Drink - Alborada,True
2020-10-29 05:15:51.444000+00:00,,,,,5,Muy buena atención,Rukito Grill&Drink - Alborada,True
2021-12-11 02:44:41.257000+00:00,,,,,5,Excelente servicio..! Recomendado..!,Rukito Grill&Drink - Alborada,True
2021-10-23 18:56:56.259000+00:00,,,,,5,Un poco caro pero es bueno,Rukito Grill&Drink - Alborada,True
2021-07-08 02:26:46.417000+00:00,,,,,4,Muy bueno el ambiente,Rukito Grill&Drink - Alborada,True
2021-02-28 19:38:53.163000+00:00,,,,,5,Súper delicioso 🙌🏼☺️,Rukito Grill&Drink - Alborada,True
2020-11-16 09:50:43.197000+00:00,,,,,5,Super rico todo,Rukito Grill&Drink - Alborada,True
2022-09-28 20:46:24.022000+00:00,,,,,5,Excelente sabor...,Rukito Grill&Drink - Alborada,True
2021-08-14 17:10:47.967000+00:00,,,,,4,Me encantó el moro blanco.,Rukito Grill&Drink - Alborada,True
2021-09-28 04:25:40.380000+00:00,,,,,5,todo fue riquísimo como siempre,Rukito Grill&Drink - Alborada,True
2021-09-25 05:51:13.396000+00:00,,,,,3,Nada de extraordinario... lugar común,Rukito Grill&Drink - Alborada,True
2022-11-21 07:00:30.304000+00:00,,,,,1,Recomendable una delicia de comida 😋,Rukito Grill&Drink - Alborada,True
2021-11-25 11:20:38.171000+00:00,,,,,5,Excelente comida,Rukito Grill&Drink - Alborada,True
2025-03-09 18:53:08.968000+00:00,,,,,4,Buena la costilla,Rukito Grill&Drink - Alborada,True
2021-09-14 23:13:35.120000+00:00,,,,,5,Excelente comida,Rukito Grill&Drink - Alborada,True
2021-09-01 16:41:05.379000+00:00,,,,,5,Excelente comida,Rukito Grill&Drink - Alborada,True
2021-08-31 15:22:18.783000+00:00,,,,,5,Excelente comida,Rukito Grill&Drink - Alborada,True
2024-12-18 18:51:34.208000+00:00,,,,,5,Bello,Rukito Grill&Drink - Alborada,True
2021-08-26 19:16:57.356000+00:00,,,,,5,Excelente comida,Rukito Grill&Drink - Alborada,True
2021-07-27 22:37:54.609000+00:00,,,,,5,Excelente comida,Rukito Grill&Drink - Alborada,True
2023-10-16 03:02:12.339000+00:00,,,,,5,Atención al cliente y comida excelentes.,Rukito Grill&Drink - Alborada,True
2025-05-15 05:32:08.600000+00:00,,,,,5,Excelente,Rukito Grill&Drink - Alborada,True
2021-06-07 00:12:26.146000+00:00,,,,,2,La verdad no era lo que esperaba....,Rukito Grill&Drink - Alborada,True
2025-03-04 22:19:47.001000+00:00,,4.0,4.0,4.0,4,Bueno pero no es barato,Rukito Grill&Drink - Alborada,True
2021-01-17 23:21:41.717000+00:00,,,,,4,Excelente comida,Rukito Grill&Drink - Alborada,True
2021-10-26 04:48:13.834000+00:00,,,,,5,"Todo tipo de cortes.
Recomendado.",Rukito Grill&Drink - Alborada,True
2025-01-04 09:14:30.194000+00:00,,,,,5,Calidad / precio,Rukito Grill&Drink - Alborada,True
2021-11-27 01:57:20.737000+00:00,,,,,5,Recomendado. Moritos espectaculares!!,Rukito Grill&Drink - Alborada,True
