"address","categories/0","categoryName","cid","city","countryCode","fid","hotelStars","imageUrl","isAdvertisement","isLocalGuide","kgmid","language","likesCount","location/lat","location/lng","name","neighborhood","originalLanguage","permanentlyClosed","placeId","postalCode","price","publishAt","publishedAtDate","rating","responseFromOwnerDate","responseFromOwnerText","reviewContext/Accesibilidad en silla de ruedas","reviewContext/Adecuado para niños","reviewContext/Espacios para estacionar","reviewContext/Estacionamiento","reviewContext/Eventos especiales","reviewContext/Nivel de ruido","reviewContext/Opciones de estacionamiento","reviewContext/Platos recomendados","reviewContext/Platos vegetarianos","reviewContext/Precio por persona","reviewContext/Reservas","reviewContext/Restricciones de dieta","reviewContext/Tamaño del grupo","reviewContext/Tiempo de espera","reviewContext/Tipo de asiento","reviewContext/Tipo de comida","reviewContext/Tipo de pedido","reviewDetailedRating/Ambiente","reviewDetailedRating/Comida","reviewDetailedRating/Servicio","reviewId","reviewImageUrls/0","reviewImageUrls/1","reviewImageUrls/2","reviewImageUrls/3","reviewImageUrls/4","reviewImageUrls/5","reviewImageUrls/6","reviewOrigin","reviewUrl","reviewerId","reviewerNumberOfReviews","reviewerPhotoUrl","reviewerUrl","reviewsCount","scrapedAt","searchString","stars","state","street","temporarilyClosed","text","textTranslated","title","totalScore","translatedLanguage","url","visitedIn"
"Rodrigo Icaza Cornejo Manzana 139, 090504 Guayaquil, Ecuador","Restaurante","Restaurante","17018523657442603845","Guayaquil","EC","0x902d6d3cdc44fe9f:0xec2df1193372b345",,"https://lh3.googleusercontent.com/gps-cs-s/AHRPTWmvm90GLRySCo4gUqKI_yhh6hrRUm1p03H_4PyufCCfD8b6v6-CDw1zrqgo2---n6Hr_d_g6er4FZP8idRvw6-nSk2UbtHS-0wnv6imvoQgsKgiBNsVbXsxY7ZQC8l44ZhqvzqHvw=w408-h395-k-no","false","true","/g/12hmt6sh_","es-419","0","-2.1281964","-79.8868048",,"Los Sauces",,"false","ChIJn_5E3DxtLZARRbNyMxnxLew","090504","$5-10","Hace 4 días","2026-08-04T15:44:16.182Z",,,,,,,,,,,,,,,,,,,,,,,,"Ci9DQUlRQUNvZENodHljRjlvT25Kd04xOHliMEZJU1ZwcVVWTXdiblJtYkhKVFdVRRAB",,,,,,,,"Google",,,"76",,,"1606","2026-08-08T17:32:25.309Z","Direct Detail URL: https://www.google.com/maps/place/Parrillada+Restaurant+El+Dorado+Sauces+3/@-2.1265971,-79.8975452,12.68z/data=!4m10!1m2!2m1!1sEl+Dorado!3m6!1s0x902d6d3cdc44fe9f:0xec2df1193372b345!8m2!3d-2.1281964!4d-79.8868048!15sCglFbCBEb3JhZG9aCyIJZWwgZG9yYWRvkgEKcmVzdGF1cmFudOABAA!16s%2Fg%2F12hmt6sh_?entry=ttu&g_ep=EgoyMDI2MDgwNS4xIKXMDSoASAFQAw%3D%3D","5",,"Rodrigo Icaza Cornejo Manzana 139","false",,,"Parrillada Restaurant El Dorado Sauces 3","4.4",,"https://www.google.com/maps/search/?api=1&query=Parrillada%20Restaurant%20El%20Dorado%20Sauces%203&query_place_id=ChIJn_5E3DxtLZARRbNyMxnxLew",
"Rodrigo Icaza Cornejo Manzana 139, 090504 Guayaquil, Ecuador","Restaurante","Restaurante","17018523657442603845","Guayaquil","EC","0x902d6d3cdc44fe9f:0xec2df1193372b345",,"https://lh3.googleusercontent.com/gps-cs-s/AHRPTWmvm90GLRySCo4gUqKI_yhh6hrRUm1p03H_4PyufCCfD8b6v6-CDw1zrqgo2---n6Hr_d_g6er4FZP8idRvw6-nSk2UbtHS-0wnv6imvoQgsKgiBNsVbXsxY7ZQC8l44ZhqvzqHvw=w408-h395-k-no","false","true","/g/12hmt6sh_","es-419","0","-2.1281964","-79.8868048",,"Los Sauces",,"false","ChIJn_5E3DxtLZARRbNyMxnxLew","090504","$5-10","Hace 6 días","2026-08-02T05:11:56.982Z",,,,,,,,,,,,,,,,,,,,,"5","5","5","Ci9DQUlRQUNvZENodHljRjlvT2paTlNGaHRNMUJPV1ZGcGRtSkpVbWhGVG5aNVRsRRAB",,,,,,,,"Google",,,"5",,,"1606","2026-08-08T17:32:25.309Z","Direct Detail URL: https://www.google.com/maps/place/Parrillada+Restaurant+El+Dorado+Sauces+3/@-2.1265971,-79.8975452,12.68z/data=!4m10!1m2!2m1!1sEl+Dorado!3m6!1s0x902d6d3cdc44fe9f:0xec2df1193372b345!8m2!3d-2.1281964!4d-79.8868048!15sCglFbCBEb3JhZG9aCyIJZWwgZG9yYWRvkgEKcmVzdGF1cmFudOABAA!16s%2Fg%2F12hmt6sh_?entry=ttu&g_ep=EgoyMDI2MDgwNS4xIKXMDSoASAFQAw%3D%3D","5",,"Rodrigo Icaza Cornejo Manzana 139","false",,,"Parrillada Restaurant El Dorado Sauces 3","4.4",,"https://www.google.com/maps/search/?api=1&query=Parrillada%20Restaurant%20El%20Dorado%20Sauces%203&query_place_id=ChIJn_5E3DxtLZARRbNyMxnxLew",
"Rodrigo Icaza Cornejo Manzana 139, 090504 Guayaquil, Ecuador","Restaurante","Restaurante","17018523657442603845","Guayaquil","EC","0x902d6d3cdc44fe9f:0xec2df1193372b345",,"https://lh3.googleusercontent.com/gps-cs-s/AHRPTWmvm90GLRySCo4gUqKI_yhh6hrRUm1p03H_4PyufCCfD8b6v6-CDw1zrqgo2---n6Hr_d_g6er4FZP8idRvw6-nSk2UbtHS-0wnv6imvoQgsKgiBNsVbXsxY7ZQC8l44ZhqvzqHvw=w408-h395-k-no","false","true","/g/12hmt6sh_","es-419","0","-2.1281964","-79.8868048",,"Los Sauces","es","false","ChIJn_5E3DxtLZARRbNyMxnxLew","090504","$5-10","Hace 6 días","2026-08-02T04:43:02.835Z",,,,,,,,,"Ruido moderado",,,,"$10-15",,,"3 o 4 personas","Sin espera",,,,"4","3","4","Ci9DQUlRQUNvZENodHljRjlvT2xka2JFWXpRWFpGZWxJM2J6RXpXWE5XYzFKbFZGRRAB","https://lh3.googleusercontent.com/grass-cs/ACvplmNWHeHmPfjDkqJRUZha00oX4-JeaRmya7UvKFe103cRBGL_S5YQQqx5Zd6r1Bdm3OiyJRSIqKC1abpsoSck_uRwdjxbbZqZJ3K81PmADcxFurHNQSdSSe4C5EBZYWPItO7-s0ppiACzYPD_=k-no",,,,,,,"Google",,,"19",,,"1606","2026-08-08T17:32:25.309Z","Direct Detail URL: https://www.google.com/maps/place/Parrillada+Restaurant+El+Dorado+Sauces+3/@-2.1265971,-79.8975452,12.68z/data=!4m10!1m2!2m1!1sEl+Dorado!3m6!1s0x902d6d3cdc44fe9f:0xec2df1193372b345!8m2!3d-2.1281964!4d-79.8868048!15sCglFbCBEb3JhZG9aCyIJZWwgZG9yYWRvkgEKcmVzdGF1cmFudOABAA!16s%2Fg%2F12hmt6sh_?entry=ttu&g_ep=EgoyMDI2MDgwNS4xIKXMDSoASAFQAw%3D%3D","3",,"Rodrigo Icaza Cornejo Manzana 139","false","El ambiente estaba agradable pero en mi caso tuvimos el inconveniente de que a mi pareja le entregaron primero su comida y el mío como 10 minutos después y fue incompleto me tocó pedirle a un chico que me lleve lo que faltaba, el personal siento que le faltó más amabilidad, los cortes de las carnes no nos gustaron como estaban realizados, de sabor si estaba bien y para nuestro gusto al jugo de naranja le faltaba dulce, los precios sí estaban accesibles.",,"Parrillada Restaurant El Dorado Sauces 3","4.4",,"https://www.google.com/maps/search/?api=1&query=Parrillada%20Restaurant%20El%20Dorado%20Sauces%203&query_place_id=ChIJn_5E3DxtLZARRbNyMxnxLew",
"Rodrigo Icaza Cornejo Manzana 139, 090504 Guayaquil, Ecuador","Restaurante","Restaurante","17018523657442603845","Guayaquil","EC","0x902d6d3cdc44fe9f:0xec2df1193372b345",,"https://lh3.googleusercontent.com/gps-cs-s/AHRPTWmvm90GLRySCo4gUqKI_yhh6hrRUm1p03H_4PyufCCfD8b6v6-CDw1zrqgo2---n6Hr_d_g6er4FZP8idRvw6-nSk2UbtHS-0wnv6imvoQgsKgiBNsVbXsxY7ZQC8l44ZhqvzqHvw=w408-h395-k-no","false","true","/g/12hmt6sh_","es-419","0","-2.1281964","-79.8868048",,"Los Sauces",,"false","ChIJn_5E3DxtLZARRbNyMxnxLew","090504","$5-10","una semana atrás","2026-07-30T03:31:37.733Z",,,,,,,,,,,,,"$30-35",,,,,,,,"4","3","2","Ci9DQUlRQUNvZENodHljRjlvT2w5SVgyUjVVMEZXZFVkeFJXSldZbFZqWmxWalJHYxAB",,,,,,,,"Google",,,"60",,,"1606","2026-08-08T17:32:25.309Z","Direct Detail URL: https://www.google.com/maps/place/Parrillada+Restaurant+El+Dorado+Sauces+3/@-2.1265971,-79.8975452,12.68z/data=!4m10!1m2!2m1!1sEl+Dorado!3m6!1s0x902d6d3cdc44fe9f:0xec2df1193372b345!8m2!3d-2.1281964!4d-79.8868048!15sCglFbCBEb3JhZG9aCyIJZWwgZG9yYWRvkgEKcmVzdGF1cmFudOABAA!16s%2Fg%2F12hmt6sh_?entry=ttu&g_ep=EgoyMDI2MDgwNS4xIKXMDSoASAFQAw%3D%3D","3",,"Rodrigo Icaza Cornejo Manzana 139","false",,,"Parrillada Restaurant El Dorado Sauces 3","4.4",,"https://www.google.com/maps/search/?api=1&query=Parrillada%20Restaurant%20El%20Dorado%20Sauces%203&query_place_id=ChIJn_5E3DxtLZARRbNyMxnxLew",
"Rodrigo Icaza Cornejo Manzana 139, 090504 Guayaquil, Ecuador","Restaurante","Restaurante","17018523657442603845","Guayaquil","EC","0x902d6d3cdc44fe9f:0xec2df1193372b345",,"https://lh3.googleusercontent.com/gps-cs-s/AHRPTWmvm90GLRySCo4gUqKI_yhh6hrRUm1p03H_4PyufCCfD8b6v6-CDw1zrqgo2---n6Hr_d_g6er4FZP8idRvw6-nSk2UbtHS-0wnv6imvoQgsKgiBNsVbXsxY7ZQC8l44ZhqvzqHvw=w408-h395-k-no","false","false","/g/12hmt6sh_","es-419","0","-2.1281964","-79.8868048",,"Los Sauces","es","false","ChIJn_5E3DxtLZARRbNyMxnxLew","090504","$5-10","una semana atrás","2026-07-28T06:59:41.397Z",,,,,,,,,,,,,,,,,,,,,"2","5","1","Ci9DQUlRQUNvZENodHljRjlvT2w5dVVWWjZSak42YWswdGEyNHhXalppVUY5QldWRRAB",,,,,,,,"Google",,,"3",,,"1606","2026-08-08T17:32:25.309Z","Direct Detail URL: https://www.google.com/maps/place/Parrillada+Restaurant+El+Dorado+Sauces+3/@-2.1265971,-79.8975452,12.68z/data=!4m10!1m2!2m1!1sEl+Dorado!3m6!1s0x902d6d3cdc44fe9f:0xec2df1193372b345!8m2!3d-2.1281964!4d-79.8868048!15sCglFbCBEb3JhZG9aCyIJZWwgZG9yYWRvkgEKcmVzdGF1cmFudOABAA!16s%2Fg%2F12hmt6sh_?entry=ttu&g_ep=EgoyMDI2MDgwNS4xIKXMDSoASAFQAw%3D%3D","4",,"Rodrigo Icaza Cornejo Manzana 139","false","Buena la comida. la atención puede mejorar, dure sentado en una mesa con mi pareja más de 25 minutos y el mesero no recogía aun los platos que dejo la mesa anterior. Y era que nos veía sentado y ni siquiera las buenas tardes 🤣",,"Parrillada Restaurant El Dorado Sauces 3","4.4",,"https://www.google.com/maps/search/?api=1&query=Parrillada%20Restaurant%20El%20Dorado%20Sauces%203&query_place_id=ChIJn_5E3DxtLZARRbNyMxnxLew",
"Rodrigo Icaza Cornejo Manzana 139, 090504 Guayaquil, Ecuador","Restaurante","Restaurante","17018523657442603845","Guayaquil","EC","0x902d6d3cdc44fe9f:0xec2df1193372b345",,"https://lh3.googleusercontent.com/gps-cs-s/AHRPTWmvm90GLRySCo4gUqKI_yhh6hrRUm1p03H_4PyufCCfD8b6v6-CDw1zrqgo2---n6Hr_d_g6er4FZP8idRvw6-nSk2UbtHS-0wnv6imvoQgsKgiBNsVbXsxY7ZQC8l44ZhqvzqHvw=w408-h395-k-no","false","false","/g/12hmt6sh_","es-419","0","-2.1281964","-79.8868048",,"Los Sauces",,"false","ChIJn_5E3DxtLZARRbNyMxnxLew","090504","$5-10","una semana atrás","2026-07-26T05:35:08.587Z",,,,,,,,,,,,,,,,,,,,,"5","5","5","Ci9DQUlRQUNvZENodHljRjlvT2swMlRYVjFaV05zY2tzeWN5MWhTekZ3T0VGZmJsRRAB",,,,,,,,"Google",,,"3",,,"1606","2026-08-08T17:32:25.309Z","Direct Detail URL: https://www.google.com/maps/place/Parrillada+Restaurant+El+Dorado+Sauces+3/@-2.1265971,-79.8975452,12.68z/data=!4m10!1m2!2m1!1sEl+Dorado!3m6!1s0x902d6d3cdc44fe9f:0xec2df1193372b345!8m2!3d-2.1281964!4d-79.8868048!15sCglFbCBEb3JhZG9aCyIJZWwgZG9yYWRvkgEKcmVzdGF1cmFudOABAA!16s%2Fg%2F12hmt6sh_?entry=ttu&g_ep=EgoyMDI2MDgwNS4xIKXMDSoASAFQAw%3D%3D","5",,"Rodrigo Icaza Cornejo Manzana 139","false",,,"Parrillada Restaurant El Dorado Sauces 3","4.4",,"https://www.google.com/maps/search/?api=1&query=Parrillada%20Restaurant%20El%20Dorado%20Sauces%203&query_place_id=ChIJn_5E3DxtLZARRbNyMxnxLew",
"Rodrigo Icaza Cornejo Manzana 139, 090504 Guayaquil, Ecuador","Restaurante","Restaurante","17018523657442603845","Guayaquil","EC","0x902d6d3cdc44fe9f:0xec2df1193372b345",,"https://lh3.googleusercontent.com/gps-cs-s/AHRPTWmvm90GLRySCo4gUqKI_yhh6hrRUm1p03H_4PyufCCfD8b6v6-CDw1zrqgo2---n6Hr_d_g6er4FZP8idRvw6-nSk2UbtHS-0wnv6imvoQgsKgiBNsVbXsxY7ZQC8l44ZhqvzqHvw=w408-h395-k-no","false","false","/g/12hmt6sh_","es-419","0","-2.1281964","-79.8868048",,"Los Sauces",,"false","ChIJn_5E3DxtLZARRbNyMxnxLew","090504","$5-10","3 semanas atrás","2026-07-13T03:31:41.102Z",,,,,,,,,,,,,,,,,,,,,,,,"Ci9DQUlRQUNvZENodHljRjlvT25KTU1XaGtTMUJZU3kxWmRUbDRNbmxRTlZodExXYxAB",,,,,,,,"Google",,,"4",,,"1606","2026-08-08T17:32:25.309Z","Direct Detail URL: https://www.google.com/maps/place/Parrillada+Restaurant+El+Dorado+Sauces+3/@-2.1265971,-79.8975452,12.68z/data=!4m10!1m2!2m1!1sEl+Dorado!3m6!1s0x902d6d3cdc44fe9f:0xec2df1193372b345!8m2!3d-2.1281964!4d-79.8868048!15sCglFbCBEb3JhZG9aCyIJZWwgZG9yYWRvkgEKcmVzdGF1cmFudOABAA!16s%2Fg%2F12hmt6sh_?entry=ttu&g_ep=EgoyMDI2MDgwNS4xIKXMDSoASAFQAw%3D%3D","5",,"Rodrigo Icaza Cornejo Manzana 139","false",,,"Parrillada Restaurant El Dorado Sauces 3","4.4",,"https://www.google.com/maps/search/?api=1&query=Parrillada%20Restaurant%20El%20Dorado%20Sauces%203&query_place_id=ChIJn_5E3DxtLZARRbNyMxnxLew",
"Rodrigo Icaza Cornejo Manzana 139, 090504 Guayaquil, Ecuador","Restaurante","Restaurante","17018523657442603845","Guayaquil","EC","0x902d6d3cdc44fe9f:0xec2df1193372b345",,"https://lh3.googleusercontent.com/gps-cs-s/AHRPTWmvm90GLRySCo4gUqKI_yhh6hrRUm1p03H_4PyufCCfD8b6v6-CDw1zrqgo2---n6Hr_d_g6er4FZP8idRvw6-nSk2UbtHS-0wnv6imvoQgsKgiBNsVbXsxY7ZQC8l44ZhqvzqHvw=w408-h395-k-no","false","true","/g/12hmt6sh_","es-419","0","-2.1281964","-79.8868048",,"Los Sauces",,"false","ChIJn_5E3DxtLZARRbNyMxnxLew","090504","$5-10","3 semanas atrás","2026-07-12T13:09:03.594Z",,,,,,,,,,,,,,,,,,,,,,,,"Ci9DQUlRQUNvZENodHljRjlvT2xFdFQxWlFTbkpNZUROUVVEbEpaRVpCZFVsTGExRRAB",,,,,,,,"Google",,,"14",,,"1606","2026-08-08T17:32:25.309Z","Direct Detail URL: https://www.google.com/maps/place/Parrillada+Restaurant+El+Dorado+Sauces+3/@-2.1265971,-79.8975452,12.68z/data=!4m10!1m2!2m1!1sEl+Dorado!3m6!1s0x902d6d3cdc44fe9f:0xec2df1193372b345!8m2!3d-2.1281964!4d-79.8868048!15sCglFbCBEb3JhZG9aCyIJZWwgZG9yYWRvkgEKcmVzdGF1cmFudOABAA!16s%2Fg%2F12hmt6sh_?entry=ttu&g_ep=EgoyMDI2MDgwNS4xIKXMDSoASAFQAw%3D%3D","5",,"Rodrigo Icaza Cornejo Manzana 139","false",,,"Parrillada Restaurant El Dorado Sauces 3","4.4",,"https://www.google.com/maps/search/?api=1&query=Parrillada%20Restaurant%20El%20Dorado%20Sauces%203&query_place_id=ChIJn_5E3DxtLZARRbNyMxnxLew",
"Rodrigo Icaza Cornejo Manzana 139, 090504 Guayaquil, Ecuador","Restaurante","Restaurante","17018523657442603845","Guayaquil","EC","0x902d6d3cdc44fe9f:0xec2df1193372b345",,"https://lh3.googleusercontent.com/gps-cs-s/AHRPTWmvm90GLRySCo4gUqKI_yhh6hrRUm1p03H_4PyufCCfD8b6v6-CDw1zrqgo2---n6Hr_d_g6er4FZP8idRvw6-nSk2UbtHS-0wnv6imvoQgsKgiBNsVbXsxY7ZQC8l44ZhqvzqHvw=w408-h395-k-no","false","true","/g/12hmt6sh_","es-419","0","-2.1281964","-79.8868048",,"Los Sauces","es","false","ChIJn_5E3DxtLZARRbNyMxnxLew","090504","$5-10","4 semanas atrás","2026-07-09T22:45:29.344Z",,,,,,,,,,,,,"$20-25",,,"3 o 4 personas","Sin espera",,,,,,,"Ci9DQUlRQUNvZENodHljRjlvT2xGTlVUSXlORGwxY0RSMllsaDNXall3V0hOVVkzYxAB",,,,,,,,"Google",,,"11",,,"1606","2026-08-08T17:32:25.309Z","Direct Detail URL: https://www.google.com/maps/place/Parrillada+Restaurant+El+Dorado+Sauces+3/@-2.1265971,-79.8975452,12.68z/data=!4m10!1m2!2m1!1sEl+Dorado!3m6!1s0x902d6d3cdc44fe9f:0xec2df1193372b345!8m2!3d-2.1281964!4d-79.8868048!15sCglFbCBEb3JhZG9aCyIJZWwgZG9yYWRvkgEKcmVzdGF1cmFudOABAA!16s%2Fg%2F12hmt6sh_?entry=ttu&g_ep=EgoyMDI2MDgwNS4xIKXMDSoASAFQAw%3D%3D","4",,"Rodrigo Icaza Cornejo Manzana 139","false","Buenas comida",,"Parrillada Restaurant El Dorado Sauces 3","4.4",,"https://www.google.com/maps/search/?api=1&query=Parrillada%20Restaurant%20El%20Dorado%20Sauces%203&query_place_id=ChIJn_5E3DxtLZARRbNyMxnxLew",
"Rodrigo Icaza Cornejo Manzana 139, 090504 Guayaquil, Ecuador","Restaurante","Restaurante","17018523657442603845","Guayaquil","EC","0x902d6d3cdc44fe9f:0xec2df1193372b345",,"https://lh3.googleusercontent.com/gps-cs-s/AHRPTWmvm90GLRySCo4gUqKI_yhh6hrRUm1p03H_4PyufCCfD8b6v6-CDw1zrqgo2---n6Hr_d_g6er4FZP8idRvw6-nSk2UbtHS-0wnv6imvoQgsKgiBNsVbXsxY7ZQC8l44ZhqvzqHvw=w408-h395-k-no","false","true","/g/12hmt6sh_","es-419","0","-2.1281964","-79.8868048",,"Los Sauces","es","false","ChIJn_5E3DxtLZARRbNyMxnxLew","090504","$5-10","Hace un mes","2026-07-01T02:08:02.677Z",,,,,,"Hay suficiente espacio",,,"Ruido moderado","Estacionamiento gratuito en la calle",,,"$10-15",,"Carnes a la parrilla, ensaladas","Apto para grupos de todos los tamaños","Sin espera",,,,,,,"Ci9DQUlRQUNvZENodHljRjlvT2psRFUxOXFWRlZmY1RCb2EwVmFRVzkwWmpsSGIxRRAB",,,,,,,,"Google",,,"38",,,"1606","2026-08-08T17:32:25.309Z","Direct Detail URL: https://www.google.com/maps/place/Parrillada+Restaurant+El+Dorado+Sauces+3/@-2.1265971,-79.8975452,12.68z/data=!4m10!1m2!2m1!1sEl+Dorado!3m6!1s0x902d6d3cdc44fe9f:0xec2df1193372b345!8m2!3d-2.1281964!4d-79.8868048!15sCglFbCBEb3JhZG9aCyIJZWwgZG9yYWRvkgEKcmVzdGF1cmFudOABAA!16s%2Fg%2F12hmt6sh_?entry=ttu&g_ep=EgoyMDI2MDgwNS4xIKXMDSoASAFQAw%3D%3D","5",,"Rodrigo Icaza Cornejo Manzana 139","false","Muy buena la comida, tiene precios accesibles",,"Parrillada Restaurant El Dorado Sauces 3","4.4",,"https://www.google.com/maps/search/?api=1&query=Parrillada%20Restaurant%20El%20Dorado%20Sauces%203&query_place_id=ChIJn_5E3DxtLZARRbNyMxnxLew",
"Rodrigo Icaza Cornejo Manzana 139, 090504 Guayaquil, Ecuador","Restaurante","Restaurante","17018523657442603845","Guayaquil","EC","0x902d6d3cdc44fe9f:0xec2df1193372b345",,"https://lh3.googleusercontent.com/gps-cs-s/AHRPTWmvm90GLRySCo4gUqKI_yhh6hrRUm1p03H_4PyufCCfD8b6v6-CDw1zrqgo2---n6Hr_d_g6er4FZP8idRvw6-nSk2UbtHS-0wnv6imvoQgsKgiBNsVbXsxY7ZQC8l44ZhqvzqHvw=w408-h395-k-no","false","false","/g/12hmt6sh_","es-419","0","-2.1281964","-79.8868048",,"Los Sauces",,"false","ChIJn_5E3DxtLZARRbNyMxnxLew","090504","$5-10","Hace un mes","2026-06-27T21:11:58.380Z",,,,,,,,,,,,,,,,,,,,,"5","5","5","Ci9DQUlRQUNvZENodHljRjlvT2tWRllXRnFMV2xFTWpGQlJrTlpaVUV0ZG5GVGRtYxAB",,,,,,,,"Google",,,"2",,,"1606","2026-08-08T17:32:25.309Z","Direct Detail URL: https://www.google.com/maps/place/Parrillada+Restaurant+El+Dorado+Sauces+3/@-2.1265971,-79.8975452,12.68z/data=!4m10!1m2!2m1!1sEl+Dorado!3m6!1s0x902d6d3cdc44fe9f:0xec2df1193372b345!8m2!3d-2.1281964!4d-79.8868048!15sCglFbCBEb3JhZG9aCyIJZWwgZG9yYWRvkgEKcmVzdGF1cmFudOABAA!16s%2Fg%2F12hmt6sh_?entry=ttu&g_ep=EgoyMDI2MDgwNS4xIKXMDSoASAFQAw%3D%3D","5",,"Rodrigo Icaza Cornejo Manzana 139","false",,,"Parrillada Restaurant El Dorado Sauces 3","4.4",,"https://www.google.com/maps/search/?api=1&query=Parrillada%20Restaurant%20El%20Dorado%20Sauces%203&query_place_id=ChIJn_5E3DxtLZARRbNyMxnxLew",
"Rodrigo Icaza Cornejo Manzana 139, 090504 Guayaquil, Ecuador","Restaurante","Restaurante","17018523657442603845","Guayaquil","EC","0x902d6d3cdc44fe9f:0xec2df1193372b345",,"https://lh3.googleusercontent.com/gps-cs-s/AHRPTWmvm90GLRySCo4gUqKI_yhh6hrRUm1p03H_4PyufCCfD8b6v6-CDw1zrqgo2---n6Hr_d_g6er4FZP8idRvw6-nSk2UbtHS-0wnv6imvoQgsKgiBNsVbXsxY7ZQC8l44ZhqvzqHvw=w408-h395-k-no","false","true","/g/12hmt6sh_","es-419","0","-2.1281964","-79.8868048",,"Los Sauces","es","false","ChIJn_5E3DxtLZARRbNyMxnxLew","090504","$5-10","Hace un mes","2026-06-25T18:05:29.502Z",,,,,,,,,"Ruido moderado",,,,"Más de $50",,,"Más de 9 personas","Hasta 10 min",,,,"5","5","4","Ci9DQUlRQUNvZENodHljRjlvT2pkZk9GSm9iVlI2WkVkQ01XMHlSWEIyUkRrMmNHYxAB","https://lh3.googleusercontent.com/grass-cs/ACvplmPt_v4m4ZgmcCIQaPLDHeKJvWOHk_rq5rF6XAi6VJ2qElGpNUGQEMYzWMTxRz_PCl9UxvMyxpz_L4eNeDPyS1tumAYzwM2bTVVE_smgua6ohoFnkl0Mb8xGp8s2KrTPPQXBWTJ4INw3G1I=k-no","https://lh3.googleusercontent.com/grass-cs/ACvplmMWpg2T1m-Zt-JkneKWJ8W-xQAC6gM8tYIG2xxMm7h63GVleFII728Zjsu4d1LJKRKGNkJIgBZ_lL_u8xSSTbr61DuyB-taRxe3xKzFVi3OHTY2uaQsH5_hxHhz4cdVpIquU9DYVDocS3sy=k-no",,,,,,"Google",,,"111",,,"1606","2026-08-08T17:32:25.309Z","Direct Detail URL: https://www.google.com/maps/place/Parrillada+Restaurant+El+Dorado+Sauces+3/@-2.1265971,-79.8975452,12.68z/data=!4m10!1m2!2m1!1sEl+Dorado!3m6!1s0x902d6d3cdc44fe9f:0xec2df1193372b345!8m2!3d-2.1281964!4d-79.8868048!15sCglFbCBEb3JhZG9aCyIJZWwgZG9yYWRvkgEKcmVzdGF1cmFudOABAA!16s%2Fg%2F12hmt6sh_?entry=ttu&g_ep=EgoyMDI2MDgwNS4xIKXMDSoASAFQAw%3D%3D","5",,"Rodrigo Icaza Cornejo Manzana 139","false","Muy recomendable el lugar, todo el menú es magnífico. Solo un poquito de amabilidad de los meser@s no vienen mal: por favor jefes tratarlos bien y ustedes al menos despéguensen de sus problemas un momento que a uno le da hasta gusto dejarles una propina (me atendió un chico con actitud desagradable hasta para responder, cosas simples) .. pero no quiero empañar el lugar del resto todo estuvo espléndido, rápido..",,"Parrillada Restaurant El Dorado Sauces 3","4.4",,"https://www.google.com/maps/search/?api=1&query=Parrillada%20Restaurant%20El%20Dorado%20Sauces%203&query_place_id=ChIJn_5E3DxtLZARRbNyMxnxLew",
"Rodrigo Icaza Cornejo Manzana 139, 090504 Guayaquil, Ecuador","Restaurante","Restaurante","17018523657442603845","Guayaquil","EC","0x902d6d3cdc44fe9f:0xec2df1193372b345",,"https://lh3.googleusercontent.com/gps-cs-s/AHRPTWmvm90GLRySCo4gUqKI_yhh6hrRUm1p03H_4PyufCCfD8b6v6-CDw1zrqgo2---n6Hr_d_g6er4FZP8idRvw6-nSk2UbtHS-0wnv6imvoQgsKgiBNsVbXsxY7ZQC8l44ZhqvzqHvw=w408-h395-k-no","false","false","/g/12hmt6sh_","es-419","0","-2.1281964","-79.8868048",,"Los Sauces",,"false","ChIJn_5E3DxtLZARRbNyMxnxLew","090504","$5-10","Hace un mes","2026-06-24T13:51:45.369Z",,,,,,,,,,,,,"$5-10",,,,,,,,,,,"Ci9DQUlRQUNvZENodHljRjlvT2padFFURlVOM2hNTFRSRVRqUmpaV0Y0VlZCTFRsRRAB",,,,,,,,"Google",,,"1",,,"1606","2026-08-08T17:32:25.309Z","Direct Detail URL: https://www.google.com/maps/place/Parrillada+Restaurant+El+Dorado+Sauces+3/@-2.1265971,-79.8975452,12.68z/data=!4m10!1m2!2m1!1sEl+Dorado!3m6!1s0x902d6d3cdc44fe9f:0xec2df1193372b345!8m2!3d-2.1281964!4d-79.8868048!15sCglFbCBEb3JhZG9aCyIJZWwgZG9yYWRvkgEKcmVzdGF1cmFudOABAA!16s%2Fg%2F12hmt6sh_?entry=ttu&g_ep=EgoyMDI2MDgwNS4xIKXMDSoASAFQAw%3D%3D","5",,"Rodrigo Icaza Cornejo Manzana 139","false",,,"Parrillada Restaurant El Dorado Sauces 3","4.4",,"https://www.google.com/maps/search/?api=1&query=Parrillada%20Restaurant%20El%20Dorado%20Sauces%203&query_place_id=ChIJn_5E3DxtLZARRbNyMxnxLew",
"Rodrigo Icaza Cornejo Manzana 139, 090504 Guayaquil, Ecuador","Restaurante","Restaurante","17018523657442603845","Guayaquil","EC","0x902d6d3cdc44fe9f:0xec2df1193372b345",,"https://lh3.googleusercontent.com/gps-cs-s/AHRPTWmvm90GLRySCo4gUqKI_yhh6hrRUm1p03H_4PyufCCfD8b6v6-CDw1zrqgo2---n6Hr_d_g6er4FZP8idRvw6-nSk2UbtHS-0wnv6imvoQgsKgiBNsVbXsxY7ZQC8l44ZhqvzqHvw=w408-h395-k-no","false","true","/g/12hmt6sh_","es-419","0","-2.1281964","-79.8868048",,"Los Sauces",,"false","ChIJn_5E3DxtLZARRbNyMxnxLew","090504","$5-10","Hace un mes","2026-06-22T00:51:20.670Z",,,,,,,,,,,,,,,,,"De 30 a 60 min",,,,,,,"Ci9DQUlRQUNvZENodHljRjlvT21aa2FqQmFOMjAwVlRRMFVtUjZZbE5mTTBSaFdYYxAB",,,,,,,,"Google",,,"29",,,"1606","2026-08-08T17:32:25.309Z","Direct Detail URL: https://www.google.com/maps/place/Parrillada+Restaurant+El+Dorado+Sauces+3/@-2.1265971,-79.8975452,12.68z/data=!4m10!1m2!2m1!1sEl+Dorado!3m6!1s0x902d6d3cdc44fe9f:0xec2df1193372b345!8m2!3d-2.1281964!4d-79.8868048!15sCglFbCBEb3JhZG9aCyIJZWwgZG9yYWRvkgEKcmVzdGF1cmFudOABAA!16s%2Fg%2F12hmt6sh_?entry=ttu&g_ep=EgoyMDI2MDgwNS4xIKXMDSoASAFQAw%3D%3D","4",,"Rodrigo Icaza Cornejo Manzana 139","false",,,"Parrillada Restaurant El Dorado Sauces 3","4.4",,"https://www.google.com/maps/search/?api=1&query=Parrillada%20Restaurant%20El%20Dorado%20Sauces%203&query_place_id=ChIJn_5E3DxtLZARRbNyMxnxLew",
"Rodrigo Icaza Cornejo Manzana 139, 090504 Guayaquil, Ecuador","Restaurante","Restaurante","17018523657442603845","Guayaquil","EC","0x902d6d3cdc44fe9f:0xec2df1193372b345",,"https://lh3.googleusercontent.com/gps-cs-s/AHRPTWmvm90GLRySCo4gUqKI_yhh6hrRUm1p03H_4PyufCCfD8b6v6-CDw1zrqgo2---n6Hr_d_g6er4FZP8idRvw6-nSk2UbtHS-0wnv6imvoQgsKgiBNsVbXsxY7ZQC8l44ZhqvzqHvw=w408-h395-k-no","false","true","/g/12hmt6sh_","es-419","0","-2.1281964","-79.8868048",,"Los Sauces","es","false","ChIJn_5E3DxtLZARRbNyMxnxLew","090504","$5-10","Hace 2 meses","2026-06-06T04:59:48.300Z",,,,,,,,"No lo sé",,,,,"$15-20",,,"2 personas","De 30 a 60 min",,,,,,,"Ci9DQUlRQUNvZENodHljRjlvT25vMGRWTXpaVWxUZDBKSlMwOXZhRUZpTjBGb1prRRAB",,,,,,,,"Google",,,"16",,,"1606","2026-08-08T17:32:25.309Z","Direct Detail URL: https://www.google.com/maps/place/Parrillada+Restaurant+El+Dorado+Sauces+3/@-2.1265971,-79.8975452,12.68z/data=!4m10!1m2!2m1!1sEl+Dorado!3m6!1s0x902d6d3cdc44fe9f:0xec2df1193372b345!8m2!3d-2.1281964!4d-79.8868048!15sCglFbCBEb3JhZG9aCyIJZWwgZG9yYWRvkgEKcmVzdGF1cmFudOABAA!16s%2Fg%2F12hmt6sh_?entry=ttu&g_ep=EgoyMDI2MDgwNS4xIKXMDSoASAFQAw%3D%3D","3",,"Rodrigo Icaza Cornejo Manzana 139","false","El chico creo que era Nuevo oo demorar en despachar lo pedidos
La cervezas personales Un poco Caras",,"Parrillada Restaurant El Dorado Sauces 3","4.4",,"https://www.google.com/maps/search/?api=1&query=Parrillada%20Restaurant%20El%20Dorado%20Sauces%203&query_place_id=ChIJn_5E3DxtLZARRbNyMxnxLew",
"Rodrigo Icaza Cornejo Manzana 139, 090504 Guayaquil, Ecuador","Restaurante","Restaurante","17018523657442603845","Guayaquil","EC","0x902d6d3cdc44fe9f:0xec2df1193372b345",,"https://lh3.googleusercontent.com/gps-cs-s/AHRPTWmvm90GLRySCo4gUqKI_yhh6hrRUm1p03H_4PyufCCfD8b6v6-CDw1zrqgo2---n6Hr_d_g6er4FZP8idRvw6-nSk2UbtHS-0wnv6imvoQgsKgiBNsVbXsxY7ZQC8l44ZhqvzqHvw=w408-h395-k-no","false","false","/g/12hmt6sh_","es-419","0","-2.1281964","-79.8868048",,"Los Sauces",,"false","ChIJn_5E3DxtLZARRbNyMxnxLew","090504","$5-10","Hace 2 meses","2026-06-02T21:38:15.184Z",,,,,,,,,,,,,"$10-15",,,,,,,,"5","5","5","Ci9DQUlRQUNvZENodHljRjlvT2poZk1XZDJOMDF3UTJSb1ZucFJjMjV4VlcxSllXYxAB",,,,,,,,"Google",,,"0",,,"1606","2026-08-08T17:32:25.309Z","Direct Detail URL: https://www.google.com/maps/place/Parrillada+Restaurant+El+Dorado+Sauces+3/@-2.1265971,-79.8975452,12.68z/data=!4m10!1m2!2m1!1sEl+Dorado!3m6!1s0x902d6d3cdc44fe9f:0xec2df1193372b345!8m2!3d-2.1281964!4d-79.8868048!15sCglFbCBEb3JhZG9aCyIJZWwgZG9yYWRvkgEKcmVzdGF1cmFudOABAA!16s%2Fg%2F12hmt6sh_?entry=ttu&g_ep=EgoyMDI2MDgwNS4xIKXMDSoASAFQAw%3D%3D","5",,"Rodrigo Icaza Cornejo Manzana 139","false",,,"Parrillada Restaurant El Dorado Sauces 3","4.4",,"https://www.google.com/maps/search/?api=1&query=Parrillada%20Restaurant%20El%20Dorado%20Sauces%203&query_place_id=ChIJn_5E3DxtLZARRbNyMxnxLew",
"Rodrigo Icaza Cornejo Manzana 139, 090504 Guayaquil, Ecuador","Restaurante","Restaurante","17018523657442603845","Guayaquil","EC","0x902d6d3cdc44fe9f:0xec2df1193372b345",,"https://lh3.googleusercontent.com/gps-cs-s/AHRPTWmvm90GLRySCo4gUqKI_yhh6hrRUm1p03H_4PyufCCfD8b6v6-CDw1zrqgo2---n6Hr_d_g6er4FZP8idRvw6-nSk2UbtHS-0wnv6imvoQgsKgiBNsVbXsxY7ZQC8l44ZhqvzqHvw=w408-h395-k-no","false","true","/g/12hmt6sh_","es-419","0","-2.1281964","-79.8868048",,"Los Sauces",,"false","ChIJn_5E3DxtLZARRbNyMxnxLew","090504","$5-10","Hace 3 meses","2026-05-08T11:55:38.288Z",,,,,,,,,,,,,"$15-20",,,,,,,,"4","4","4","Ci9DQUlRQUNvZENodHljRjlvT2pKblZsaHhaVXhJVVZwWmJrWnRPWHByWVhWSmQxRRAB","https://lh3.googleusercontent.com/grass-cs/ACvplmNHoHHcCzv9RQRAu8H3yk7FtKLZdCf4s7pXWlz-j9TkcBPVC550VVchCZ_Yq25n359E_D4t8nnhkmwv9QPo8iCmufkzIWpOI2yB-EQiXlkS7PSUphw4erFMXxaduSEznIzETdqJRAnZBfo=k-no",,,,,,,"Google",,,"407",,,"1606","2026-08-08T17:32:25.309Z","Direct Detail URL: https://www.google.com/maps/place/Parrillada+Restaurant+El+Dorado+Sauces+3/@-2.1265971,-79.8975452,12.68z/data=!4m10!1m2!2m1!1sEl+Dorado!3m6!1s0x902d6d3cdc44fe9f:0xec2df1193372b345!8m2!3d-2.1281964!4d-79.8868048!15sCglFbCBEb3JhZG9aCyIJZWwgZG9yYWRvkgEKcmVzdGF1cmFudOABAA!16s%2Fg%2F12hmt6sh_?entry=ttu&g_ep=EgoyMDI2MDgwNS4xIKXMDSoASAFQAw%3D%3D","4",,"Rodrigo Icaza Cornejo Manzana 139","false",,,"Parrillada Restaurant El Dorado Sauces 3","4.4",,"https://www.google.com/maps/search/?api=1&query=Parrillada%20Restaurant%20El%20Dorado%20Sauces%203&query_place_id=ChIJn_5E3DxtLZARRbNyMxnxLew",
"Rodrigo Icaza Cornejo Manzana 139, 090504 Guayaquil, Ecuador","Restaurante","Restaurante","17018523657442603845","Guayaquil","EC","0x902d6d3cdc44fe9f:0xec2df1193372b345",,"https://lh3.googleusercontent.com/gps-cs-s/AHRPTWmvm90GLRySCo4gUqKI_yhh6hrRUm1p03H_4PyufCCfD8b6v6-CDw1zrqgo2---n6Hr_d_g6er4FZP8idRvw6-nSk2UbtHS-0wnv6imvoQgsKgiBNsVbXsxY7ZQC8l44ZhqvzqHvw=w408-h395-k-no","false","true","/g/12hmt6sh_","es-419","0","-2.1281964","-79.8868048",,"Los Sauces","es","false","ChIJn_5E3DxtLZARRbNyMxnxLew","090504","$5-10","Hace 3 meses","2026-05-06T19:13:01.830Z",,,,,,,,,,,,,,,,,,,,,"4","5","4","Ci9DQUlRQUNvZENodHljRjlvT25sc2RsWTVialZqWWxkTWVGbE9kakZWV25WWGRsRRAB",,,,,,,,"Google",,,"16",,,"1606","2026-08-08T17:32:25.309Z","Direct Detail URL: https://www.google.com/maps/place/Parrillada+Restaurant+El+Dorado+Sauces+3/@-2.1265971,-79.8975452,12.68z/data=!4m10!1m2!2m1!1sEl+Dorado!3m6!1s0x902d6d3cdc44fe9f:0xec2df1193372b345!8m2!3d-2.1281964!4d-79.8868048!15sCglFbCBEb3JhZG9aCyIJZWwgZG9yYWRvkgEKcmVzdGF1cmFudOABAA!16s%2Fg%2F12hmt6sh_?entry=ttu&g_ep=EgoyMDI2MDgwNS4xIKXMDSoASAFQAw%3D%3D","4",,"Rodrigo Icaza Cornejo Manzana 139","false","Pollo asado con buen sabor, no es muy condimentado es el pollo asado más sanito que he podido probar, lo único malo de la zona es el parqueo",,"Parrillada Restaurant El Dorado Sauces 3","4.4",,"https://www.google.com/maps/search/?api=1&query=Parrillada%20Restaurant%20El%20Dorado%20Sauces%203&query_place_id=ChIJn_5E3DxtLZARRbNyMxnxLew",
"Rodrigo Icaza Cornejo Manzana 139, 090504 Guayaquil, Ecuador","Restaurante","Restaurante","17018523657442603845","Guayaquil","EC","0x902d6d3cdc44fe9f:0xec2df1193372b345",,"https://lh3.googleusercontent.com/gps-cs-s/AHRPTWmvm90GLRySCo4gUqKI_yhh6hrRUm1p03H_4PyufCCfD8b6v6-CDw1zrqgo2---n6Hr_d_g6er4FZP8idRvw6-nSk2UbtHS-0wnv6imvoQgsKgiBNsVbXsxY7ZQC8l44ZhqvzqHvw=w408-h395-k-no","false","false","/g/12hmt6sh_","es-419","0","-2.1281964","-79.8868048",,"Los Sauces",,"false","ChIJn_5E3DxtLZARRbNyMxnxLew","090504","$5-10","Hace 3 meses","2026-04-29T14:35:35.404Z",,,,,,,,,,,,,,,,,,,,,"5","5","5","Ci9DQUlRQUNvZENodHljRjlvT2tWWk4yNDBOMjlGWkVWQmJWZFlYMGR6V2tWUVIyYxAB",,,,,,,,"Google",,,"13",,,"1606","2026-08-08T17:32:25.309Z","Direct Detail URL: https://www.google.com/maps/place/Parrillada+Restaurant+El+Dorado+Sauces+3/@-2.1265971,-79.8975452,12.68z/data=!4m10!1m2!2m1!1sEl+Dorado!3m6!1s0x902d6d3cdc44fe9f:0xec2df1193372b345!8m2!3d-2.1281964!4d-79.8868048!15sCglFbCBEb3JhZG9aCyIJZWwgZG9yYWRvkgEKcmVzdGF1cmFudOABAA!16s%2Fg%2F12hmt6sh_?entry=ttu&g_ep=EgoyMDI2MDgwNS4xIKXMDSoASAFQAw%3D%3D","5",,"Rodrigo Icaza Cornejo Manzana 139","false",,,"Parrillada Restaurant El Dorado Sauces 3","4.4",,"https://www.google.com/maps/search/?api=1&query=Parrillada%20Restaurant%20El%20Dorado%20Sauces%203&query_place_id=ChIJn_5E3DxtLZARRbNyMxnxLew",
"Rodrigo Icaza Cornejo Manzana 139, 090504 Guayaquil, Ecuador","Restaurante","Restaurante","17018523657442603845","Guayaquil","EC","0x902d6d3cdc44fe9f:0xec2df1193372b345",,"https://lh3.googleusercontent.com/gps-cs-s/AHRPTWmvm90GLRySCo4gUqKI_yhh6hrRUm1p03H_4PyufCCfD8b6v6-CDw1zrqgo2---n6Hr_d_g6er4FZP8idRvw6-nSk2UbtHS-0wnv6imvoQgsKgiBNsVbXsxY7ZQC8l44ZhqvzqHvw=w408-h395-k-no","false","true","/g/12hmt6sh_","es-419","0","-2.1281964","-79.8868048",,"Los Sauces",,"false","ChIJn_5E3DxtLZARRbNyMxnxLew","090504","$5-10","Hace 3 meses","2026-04-27T01:00:28.757Z",,,,,,,,,,,,,"$5-10",,,"Entre 5 y 8 personas","Hasta 10 min","Comedor privado",,,"3","3","3","Ci9DQUlRQUNvZENodHljRjlvT21oUVdHNW9kSFJQWTJreGJYUXRNRFZoY0ZrMk1FRRAB",,,,,,,,"Google",,,"2",,,"1606","2026-08-08T17:32:25.309Z","Direct Detail URL: https://www.google.com/maps/place/Parrillada+Restaurant+El+Dorado+Sauces+3/@-2.1265971,-79.8975452,12.68z/data=!4m10!1m2!2m1!1sEl+Dorado!3m6!1s0x902d6d3cdc44fe9f:0xec2df1193372b345!8m2!3d-2.1281964!4d-79.8868048!15sCglFbCBEb3JhZG9aCyIJZWwgZG9yYWRvkgEKcmVzdGF1cmFudOABAA!16s%2Fg%2F12hmt6sh_?entry=ttu&g_ep=EgoyMDI2MDgwNS4xIKXMDSoASAFQAw%3D%3D","3",,"Rodrigo Icaza Cornejo Manzana 139","false",,,"Parrillada Restaurant El Dorado Sauces 3","4.4",,"https://www.google.com/maps/search/?api=1&query=Parrillada%20Restaurant%20El%20Dorado%20Sauces%203&query_place_id=ChIJn_5E3DxtLZARRbNyMxnxLew",
"Rodrigo Icaza Cornejo Manzana 139, 090504 Guayaquil, Ecuador","Restaurante","Restaurante","17018523657442603845","Guayaquil","EC","0x902d6d3cdc44fe9f:0xec2df1193372b345",,"https://lh3.googleusercontent.com/gps-cs-s/AHRPTWmvm90GLRySCo4gUqKI_yhh6hrRUm1p03H_4PyufCCfD8b6v6-CDw1zrqgo2---n6Hr_d_g6er4FZP8idRvw6-nSk2UbtHS-0wnv6imvoQgsKgiBNsVbXsxY7ZQC8l44ZhqvzqHvw=w408-h395-k-no","false","true","/g/12hmt6sh_","es-419","0","-2.1281964","-79.8868048",,"Los Sauces",,"false","ChIJn_5E3DxtLZARRbNyMxnxLew","090504","$5-10","Hace 3 meses","2026-04-21T21:47:18.683Z",,,,,,,,"Ningún evento especial","Silencioso, agradable para conversar",,,,"$1-5",,,,"Sin espera",,,,"4","4","4","Ci9DQUlRQUNvZENodHljRjlvT2pjNGFqQmFUMVEyY2t0V01VaHNkbXhIYVhRd00wRRAB",,,,,,,,"Google",,,"24",,,"1606","2026-08-08T17:32:25.309Z","Direct Detail URL: https://www.google.com/maps/place/Parrillada+Restaurant+El+Dorado+Sauces+3/@-2.1265971,-79.8975452,12.68z/data=!4m10!1m2!2m1!1sEl+Dorado!3m6!1s0x902d6d3cdc44fe9f:0xec2df1193372b345!8m2!3d-2.1281964!4d-79.8868048!15sCglFbCBEb3JhZG9aCyIJZWwgZG9yYWRvkgEKcmVzdGF1cmFudOABAA!16s%2Fg%2F12hmt6sh_?entry=ttu&g_ep=EgoyMDI2MDgwNS4xIKXMDSoASAFQAw%3D%3D","5",,"Rodrigo Icaza Cornejo Manzana 139","false",,,"Parrillada Restaurant El Dorado Sauces 3","4.4",,"https://www.google.com/maps/search/?api=1&query=Parrillada%20Restaurant%20El%20Dorado%20Sauces%203&query_place_id=ChIJn_5E3DxtLZARRbNyMxnxLew",
"Rodrigo Icaza Cornejo Manzana 139, 090504 Guayaquil, Ecuador","Restaurante","Restaurante","17018523657442603845","Guayaquil","EC","0x902d6d3cdc44fe9f:0xec2df1193372b345",,"https://lh3.googleusercontent.com/gps-cs-s/AHRPTWmvm90GLRySCo4gUqKI_yhh6hrRUm1p03H_4PyufCCfD8b6v6-CDw1zrqgo2---n6Hr_d_g6er4FZP8idRvw6-nSk2UbtHS-0wnv6imvoQgsKgiBNsVbXsxY7ZQC8l44ZhqvzqHvw=w408-h395-k-no","false","true","/g/12hmt6sh_","es-419","0","-2.1281964","-79.8868048",,"Los Sauces",,"false","ChIJn_5E3DxtLZARRbNyMxnxLew","090504","$5-10","Hace 3 meses","2026-04-21T13:17:05.099Z",,,,,,,,,,,,,,,,,,,,,,,,"Ci9DQUlRQUNvZENodHljRjlvT21adWIzQnBORnBHTXpGMWRVTk9NbEJ5ZEZkSlFrRRAB",,,,,,,,"Google",,,"16",,,"1606","2026-08-08T17:32:25.309Z","Direct Detail URL: https://www.google.com/maps/place/Parrillada+Restaurant+El+Dorado+Sauces+3/@-2.1265971,-79.8975452,12.68z/data=!4m10!1m2!2m1!1sEl+Dorado!3m6!1s0x902d6d3cdc44fe9f:0xec2df1193372b345!8m2!3d-2.1281964!4d-79.8868048!15sCglFbCBEb3JhZG9aCyIJZWwgZG9yYWRvkgEKcmVzdGF1cmFudOABAA!16s%2Fg%2F12hmt6sh_?entry=ttu&g_ep=EgoyMDI2MDgwNS4xIKXMDSoASAFQAw%3D%3D","4",,"Rodrigo Icaza Cornejo Manzana 139","false",,,"Parrillada Restaurant El Dorado Sauces 3","4.4",,"https://www.google.com/maps/search/?api=1&query=Parrillada%20Restaurant%20El%20Dorado%20Sauces%203&query_place_id=ChIJn_5E3DxtLZARRbNyMxnxLew",
"Rodrigo Icaza Cornejo Manzana 139, 090504 Guayaquil, Ecuador","Restaurante","Restaurante","17018523657442603845","Guayaquil","EC","0x902d6d3cdc44fe9f:0xec2df1193372b345",,"https://lh3.googleusercontent.com/gps-cs-s/AHRPTWmvm90GLRySCo4gUqKI_yhh6hrRUm1p03H_4PyufCCfD8b6v6-CDw1zrqgo2---n6Hr_d_g6er4FZP8idRvw6-nSk2UbtHS-0wnv6imvoQgsKgiBNsVbXsxY7ZQC8l44ZhqvzqHvw=w408-h395-k-no","false","false","/g/12hmt6sh_","es-419","0","-2.1281964","-79.8868048",,"Los Sauces",,"false","ChIJn_5E3DxtLZARRbNyMxnxLew","090504","$5-10","Hace 3 meses","2026-04-10T10:53:38.039Z",,,,,,,,,,,,,"$25-30",,,"3 o 4 personas","Hasta 10 min","Comedor cubierto",,,"5","4","4","Ci9DQUlRQUNvZENodHljRjlvT2tOTVptcHZOMjU2TVZKMGRURnJja1F6WTJGWVRuYxAB",,,,,,,,"Google",,,"0",,,"1606","2026-08-08T17:32:25.309Z","Direct Detail URL: https://www.google.com/maps/place/Parrillada+Restaurant+El+Dorado+Sauces+3/@-2.1265971,-79.8975452,12.68z/data=!4m10!1m2!2m1!1sEl+Dorado!3m6!1s0x902d6d3cdc44fe9f:0xec2df1193372b345!8m2!3d-2.1281964!4d-79.8868048!15sCglFbCBEb3JhZG9aCyIJZWwgZG9yYWRvkgEKcmVzdGF1cmFudOABAA!16s%2Fg%2F12hmt6sh_?entry=ttu&g_ep=EgoyMDI2MDgwNS4xIKXMDSoASAFQAw%3D%3D","5",,"Rodrigo Icaza Cornejo Manzana 139","false",,,"Parrillada Restaurant El Dorado Sauces 3","4.4",,"https://www.google.com/maps/search/?api=1&query=Parrillada%20Restaurant%20El%20Dorado%20Sauces%203&query_place_id=ChIJn_5E3DxtLZARRbNyMxnxLew",
"Rodrigo Icaza Cornejo Manzana 139, 090504 Guayaquil, Ecuador","Restaurante","Restaurante","17018523657442603845","Guayaquil","EC","0x902d6d3cdc44fe9f:0xec2df1193372b345",,"https://lh3.googleusercontent.com/gps-cs-s/AHRPTWmvm90GLRySCo4gUqKI_yhh6hrRUm1p03H_4PyufCCfD8b6v6-CDw1zrqgo2---n6Hr_d_g6er4FZP8idRvw6-nSk2UbtHS-0wnv6imvoQgsKgiBNsVbXsxY7ZQC8l44ZhqvzqHvw=w408-h395-k-no","false","true","/g/12hmt6sh_","es-419","0","-2.1281964","-79.8868048",,"Los Sauces",,"false","ChIJn_5E3DxtLZARRbNyMxnxLew","090504","$5-10","Hace 4 meses","2026-04-06T15:23:53.514Z",,,,,,,,,,,,,,,,,,,,,"5","4","4","Ci9DQUlRQUNvZENodHljRjlvT21SSFVHcE5kM05DYm5CMk1UZGxSREZXVm1sSWIxRRAB",,,,,,,,"Google",,,"20",,,"1606","2026-08-08T17:32:25.309Z","Direct Detail URL: https://www.google.com/maps/place/Parrillada+Restaurant+El+Dorado+Sauces+3/@-2.1265971,-79.8975452,12.68z/data=!4m10!1m2!2m1!1sEl+Dorado!3m6!1s0x902d6d3cdc44fe9f:0xec2df1193372b345!8m2!3d-2.1281964!4d-79.8868048!15sCglFbCBEb3JhZG9aCyIJZWwgZG9yYWRvkgEKcmVzdGF1cmFudOABAA!16s%2Fg%2F12hmt6sh_?entry=ttu&g_ep=EgoyMDI2MDgwNS4xIKXMDSoASAFQAw%3D%3D","4",,"Rodrigo Icaza Cornejo Manzana 139","false",,,"Parrillada Restaurant El Dorado Sauces 3","4.4",,"https://www.google.com/maps/search/?api=1&query=Parrillada%20Restaurant%20El%20Dorado%20Sauces%203&query_place_id=ChIJn_5E3DxtLZARRbNyMxnxLew",
"Rodrigo Icaza Cornejo Manzana 139, 090504 Guayaquil, Ecuador","Restaurante","Restaurante","17018523657442603845","Guayaquil","EC","0x902d6d3cdc44fe9f:0xec2df1193372b345",,"https://lh3.googleusercontent.com/gps-cs-s/AHRPTWmvm90GLRySCo4gUqKI_yhh6hrRUm1p03H_4PyufCCfD8b6v6-CDw1zrqgo2---n6Hr_d_g6er4FZP8idRvw6-nSk2UbtHS-0wnv6imvoQgsKgiBNsVbXsxY7ZQC8l44ZhqvzqHvw=w408-h395-k-no","false","true","/g/12hmt6sh_","es-419","0","-2.1281964","-79.8868048",,"Los Sauces",,"false","ChIJn_5E3DxtLZARRbNyMxnxLew","090504","$5-10","Hace 4 meses","2026-04-02T02:51:26.671Z",,,,,,,,,,,,,,,,,,,,,"3","3","3","Ci9DQUlRQUNvZENodHljRjlvT2tOaWVHZHNNVTF1U0V0elZHaGtPR0ZVYzNGMlpXYxAB",,,,,,,,"Google",,,"21",,,"1606","2026-08-08T17:32:25.309Z","Direct Detail URL: https://www.google.com/maps/place/Parrillada+Restaurant+El+Dorado+Sauces+3/@-2.1265971,-79.8975452,12.68z/data=!4m10!1m2!2m1!1sEl+Dorado!3m6!1s0x902d6d3cdc44fe9f:0xec2df1193372b345!8m2!3d-2.1281964!4d-79.8868048!15sCglFbCBEb3JhZG9aCyIJZWwgZG9yYWRvkgEKcmVzdGF1cmFudOABAA!16s%2Fg%2F12hmt6sh_?entry=ttu&g_ep=EgoyMDI2MDgwNS4xIKXMDSoASAFQAw%3D%3D","3",,"Rodrigo Icaza Cornejo Manzana 139","false",,,"Parrillada Restaurant El Dorado Sauces 3","4.4",,"https://www.google.com/maps/search/?api=1&query=Parrillada%20Restaurant%20El%20Dorado%20Sauces%203&query_place_id=ChIJn_5E3DxtLZARRbNyMxnxLew",
"Rodrigo Icaza Cornejo Manzana 139, 090504 Guayaquil, Ecuador","Restaurante","Restaurante","17018523657442603845","Guayaquil","EC","0x902d6d3cdc44fe9f:0xec2df1193372b345",,"https://lh3.googleusercontent.com/gps-cs-s/AHRPTWmvm90GLRySCo4gUqKI_yhh6hrRUm1p03H_4PyufCCfD8b6v6-CDw1zrqgo2---n6Hr_d_g6er4FZP8idRvw6-nSk2UbtHS-0wnv6imvoQgsKgiBNsVbXsxY7ZQC8l44ZhqvzqHvw=w408-h395-k-no","false","true","/g/12hmt6sh_","es-419","0","-2.1281964","-79.8868048",,"Los Sauces","es","false","ChIJn_5E3DxtLZARRbNyMxnxLew","090504","$5-10","Hace 4 meses","2026-03-31T13:27:51.827Z",,,,,,,,,,,,,,,,,,,,,"5","5","5","Ci9DQUlRQUNvZENodHljRjlvT25WeU0wdG9OVkZ6ZVdkNllrcFJNVE5yUzJSTllXYxAB",,,,,,,,"Google",,,"7",,,"1606","2026-08-08T17:32:25.309Z","Direct Detail URL: https://www.google.com/maps/place/Parrillada+Restaurant+El+Dorado+Sauces+3/@-2.1265971,-79.8975452,12.68z/data=!4m10!1m2!2m1!1sEl+Dorado!3m6!1s0x902d6d3cdc44fe9f:0xec2df1193372b345!8m2!3d-2.1281964!4d-79.8868048!15sCglFbCBEb3JhZG9aCyIJZWwgZG9yYWRvkgEKcmVzdGF1cmFudOABAA!16s%2Fg%2F12hmt6sh_?entry=ttu&g_ep=EgoyMDI2MDgwNS4xIKXMDSoASAFQAw%3D%3D","5",,"Rodrigo Icaza Cornejo Manzana 139","false","Buena atención",,"Parrillada Restaurant El Dorado Sauces 3","4.4",,"https://www.google.com/maps/search/?api=1&query=Parrillada%20Restaurant%20El%20Dorado%20Sauces%203&query_place_id=ChIJn_5E3DxtLZARRbNyMxnxLew",
"Rodrigo Icaza Cornejo Manzana 139, 090504 Guayaquil, Ecuador","Restaurante","Restaurante","17018523657442603845","Guayaquil","EC","0x902d6d3cdc44fe9f:0xec2df1193372b345",,"https://lh3.googleusercontent.com/gps-cs-s/AHRPTWmvm90GLRySCo4gUqKI_yhh6hrRUm1p03H_4PyufCCfD8b6v6-CDw1zrqgo2---n6Hr_d_g6er4FZP8idRvw6-nSk2UbtHS-0wnv6imvoQgsKgiBNsVbXsxY7ZQC8l44ZhqvzqHvw=w408-h395-k-no","false","false","/g/12hmt6sh_","es-419","0","-2.1281964","-79.8868048",,"Los Sauces","es","false","ChIJn_5E3DxtLZARRbNyMxnxLew","090504","$5-10","Hace 4 meses","2026-03-26T17:13:07.988Z",,,,,,,,"No lo sé","Silencioso, agradable para conversar",,,,,,,"2 personas, 3 o 4 personas, Entre 5 y 8 personas","Sin espera",,,,"5","5","4","Ci9DQUlRQUNvZENodHljRjlvT25vME5tOWxMVEpFVUZsTlRUUlpjamMwYUMxeGNVRRAB",,,,,,,,"Google",,,"1",,,"1606","2026-08-08T17:32:25.309Z","Direct Detail URL: https://www.google.com/maps/place/Parrillada+Restaurant+El+Dorado+Sauces+3/@-2.1265971,-79.8975452,12.68z/data=!4m10!1m2!2m1!1sEl+Dorado!3m6!1s0x902d6d3cdc44fe9f:0xec2df1193372b345!8m2!3d-2.1281964!4d-79.8868048!15sCglFbCBEb3JhZG9aCyIJZWwgZG9yYWRvkgEKcmVzdGF1cmFudOABAA!16s%2Fg%2F12hmt6sh_?entry=ttu&g_ep=EgoyMDI2MDgwNS4xIKXMDSoASAFQAw%3D%3D","5",,"Rodrigo Icaza Cornejo Manzana 139","false","Un buen restaurante para pasar el rato en familia y amigos, con un ambiente acogedor y tranquilo, 100 recomendado",,"Parrillada Restaurant El Dorado Sauces 3","4.4",,"https://www.google.com/maps/search/?api=1&query=Parrillada%20Restaurant%20El%20Dorado%20Sauces%203&query_place_id=ChIJn_5E3DxtLZARRbNyMxnxLew",
"Rodrigo Icaza Cornejo Manzana 139, 090504 Guayaquil, Ecuador","Restaurante","Restaurante","17018523657442603845","Guayaquil","EC","0x902d6d3cdc44fe9f:0xec2df1193372b345",,"https://lh3.googleusercontent.com/gps-cs-s/AHRPTWmvm90GLRySCo4gUqKI_yhh6hrRUm1p03H_4PyufCCfD8b6v6-CDw1zrqgo2---n6Hr_d_g6er4FZP8idRvw6-nSk2UbtHS-0wnv6imvoQgsKgiBNsVbXsxY7ZQC8l44ZhqvzqHvw=w408-h395-k-no","false","true","/g/12hmt6sh_","es-419","0","-2.1281964","-79.8868048",,"Los Sauces","es","false","ChIJn_5E3DxtLZARRbNyMxnxLew","090504","$5-10","Hace 4 meses","2026-03-24T01:56:18.234Z",,,,,,,,,,,,,,,,,,,,,"4","4","4","Ci9DQUlRQUNvZENodHljRjlvT25saFJVNW9hbGxSYTJwU1ZEQnBjMEZpUkhkWlZtYxAB",,,,,,,,"Google",,,"16",,,"1606","2026-08-08T17:32:25.309Z","Direct Detail URL: https://www.google.com/maps/place/Parrillada+Restaurant+El+Dorado+Sauces+3/@-2.1265971,-79.8975452,12.68z/data=!4m10!1m2!2m1!1sEl+Dorado!3m6!1s0x902d6d3cdc44fe9f:0xec2df1193372b345!8m2!3d-2.1281964!4d-79.8868048!15sCglFbCBEb3JhZG9aCyIJZWwgZG9yYWRvkgEKcmVzdGF1cmFudOABAA!16s%2Fg%2F12hmt6sh_?entry=ttu&g_ep=EgoyMDI2MDgwNS4xIKXMDSoASAFQAw%3D%3D","4",,"Rodrigo Icaza Cornejo Manzana 139","false","Muy buena la comida",,"Parrillada Restaurant El Dorado Sauces 3","4.4",,"https://www.google.com/maps/search/?api=1&query=Parrillada%20Restaurant%20El%20Dorado%20Sauces%203&query_place_id=ChIJn_5E3DxtLZARRbNyMxnxLew",
"Rodrigo Icaza Cornejo Manzana 139, 090504 Guayaquil, Ecuador","Restaurante","Restaurante","17018523657442603845","Guayaquil","EC","0x902d6d3cdc44fe9f:0xec2df1193372b345",,"https://lh3.googleusercontent.com/gps-cs-s/AHRPTWmvm90GLRySCo4gUqKI_yhh6hrRUm1p03H_4PyufCCfD8b6v6-CDw1zrqgo2---n6Hr_d_g6er4FZP8idRvw6-nSk2UbtHS-0wnv6imvoQgsKgiBNsVbXsxY7ZQC8l44ZhqvzqHvw=w408-h395-k-no","false","false","/g/12hmt6sh_","es-419","0","-2.1281964","-79.8868048",,"Los Sauces","es","false","ChIJn_5E3DxtLZARRbNyMxnxLew","090504","$5-10","Hace 4 meses","2026-03-23T03:52:14.419Z",,,,,,,,,,,,,,,,,,,,,,,,"Ci9DQUlRQUNvZENodHljRjlvT2pGbE1GbDRURXhmVHpOWGRrTnROV1F4YzNCV0xYYxAB",,,,,,,,"Google",,,"2",,,"1606","2026-08-08T17:32:25.309Z","Direct Detail URL: https://www.google.com/maps/place/Parrillada+Restaurant+El+Dorado+Sauces+3/@-2.1265971,-79.8975452,12.68z/data=!4m10!1m2!2m1!1sEl+Dorado!3m6!1s0x902d6d3cdc44fe9f:0xec2df1193372b345!8m2!3d-2.1281964!4d-79.8868048!15sCglFbCBEb3JhZG9aCyIJZWwgZG9yYWRvkgEKcmVzdGF1cmFudOABAA!16s%2Fg%2F12hmt6sh_?entry=ttu&g_ep=EgoyMDI2MDgwNS4xIKXMDSoASAFQAw%3D%3D","1",,"Rodrigo Icaza Cornejo Manzana 139","false","Se realizó pedido por Uber eats, más de una hora esperando, Despues cuando ya tienen repartidor y el mismo en camino y que llegó al domicilio, cancelan el pedido. Pésimo servicio.",,"Parrillada Restaurant El Dorado Sauces 3","4.4",,"https://www.google.com/maps/search/?api=1&query=Parrillada%20Restaurant%20El%20Dorado%20Sauces%203&query_place_id=ChIJn_5E3DxtLZARRbNyMxnxLew",
"Rodrigo Icaza Cornejo Manzana 139, 090504 Guayaquil, Ecuador","Restaurante","Restaurante","17018523657442603845","Guayaquil","EC","0x902d6d3cdc44fe9f:0xec2df1193372b345",,"https://lh3.googleusercontent.com/gps-cs-s/AHRPTWmvm90GLRySCo4gUqKI_yhh6hrRUm1p03H_4PyufCCfD8b6v6-CDw1zrqgo2---n6Hr_d_g6er4FZP8idRvw6-nSk2UbtHS-0wnv6imvoQgsKgiBNsVbXsxY7ZQC8l44ZhqvzqHvw=w408-h395-k-no","false","false","/g/12hmt6sh_","es-419","0","-2.1281964","-79.8868048",,"Los Sauces",,"false","ChIJn_5E3DxtLZARRbNyMxnxLew","090504","$5-10","Hace 4 meses","2026-03-19T19:44:18.680Z",,,,,,,,,,,,,"$25-30",,,,,,,,"5","5","5","Ci9DQUlRQUNvZENodHljRjlvT2t4amFubEJVMUJwWVhGdFdtNDBkMkZ1V2tGaWRXYxAB",,,,,,,,"Google",,,"2",,,"1606","2026-08-08T17:32:25.309Z","Direct Detail URL: https://www.google.com/maps/place/Parrillada+Restaurant+El+Dorado+Sauces+3/@-2.1265971,-79.8975452,12.68z/data=!4m10!1m2!2m1!1sEl+Dorado!3m6!1s0x902d6d3cdc44fe9f:0xec2df1193372b345!8m2!3d-2.1281964!4d-79.8868048!15sCglFbCBEb3JhZG9aCyIJZWwgZG9yYWRvkgEKcmVzdGF1cmFudOABAA!16s%2Fg%2F12hmt6sh_?entry=ttu&g_ep=EgoyMDI2MDgwNS4xIKXMDSoASAFQAw%3D%3D","5",,"Rodrigo Icaza Cornejo Manzana 139","false",,,"Parrillada Restaurant El Dorado Sauces 3","4.4",,"https://www.google.com/maps/search/?api=1&query=Parrillada%20Restaurant%20El%20Dorado%20Sauces%203&query_place_id=ChIJn_5E3DxtLZARRbNyMxnxLew",
"Rodrigo Icaza Cornejo Manzana 139, 090504 Guayaquil, Ecuador","Restaurante","Restaurante","17018523657442603845","Guayaquil","EC","0x902d6d3cdc44fe9f:0xec2df1193372b345",,"https://lh3.googleusercontent.com/gps-cs-s/AHRPTWmvm90GLRySCo4gUqKI_yhh6hrRUm1p03H_4PyufCCfD8b6v6-CDw1zrqgo2---n6Hr_d_g6er4FZP8idRvw6-nSk2UbtHS-0wnv6imvoQgsKgiBNsVbXsxY7ZQC8l44ZhqvzqHvw=w408-h395-k-no","false","false","/g/12hmt6sh_","es-419","0","-2.1281964","-79.8868048",,"Los Sauces",,"false","ChIJn_5E3DxtLZARRbNyMxnxLew","090504","$5-10","Hace 5 meses","2026-02-27T17:57:41.943Z",,,,,,,,,,,,,,,,,,,,,,,,"Ci9DQUlRQUNvZENodHljRjlvT2s5cVpXZEdlSGhKUVhSbE1tRmlTMlZDVVd0T1dHYxAB",,,,,,,,"Google",,,"0",,,"1606","2026-08-08T17:32:25.309Z","Direct Detail URL: https://www.google.com/maps/place/Parrillada+Restaurant+El+Dorado+Sauces+3/@-2.1265971,-79.8975452,12.68z/data=!4m10!1m2!2m1!1sEl+Dorado!3m6!1s0x902d6d3cdc44fe9f:0xec2df1193372b345!8m2!3d-2.1281964!4d-79.8868048!15sCglFbCBEb3JhZG9aCyIJZWwgZG9yYWRvkgEKcmVzdGF1cmFudOABAA!16s%2Fg%2F12hmt6sh_?entry=ttu&g_ep=EgoyMDI2MDgwNS4xIKXMDSoASAFQAw%3D%3D","5",,"Rodrigo Icaza Cornejo Manzana 139","false",,,"Parrillada Restaurant El Dorado Sauces 3","4.4",,"https://www.google.com/maps/search/?api=1&query=Parrillada%20Restaurant%20El%20Dorado%20Sauces%203&query_place_id=ChIJn_5E3DxtLZARRbNyMxnxLew",
"Rodrigo Icaza Cornejo Manzana 139, 090504 Guayaquil, Ecuador","Restaurante","Restaurante","17018523657442603845","Guayaquil","EC","0x902d6d3cdc44fe9f:0xec2df1193372b345",,"https://lh3.googleusercontent.com/gps-cs-s/AHRPTWmvm90GLRySCo4gUqKI_yhh6hrRUm1p03H_4PyufCCfD8b6v6-CDw1zrqgo2---n6Hr_d_g6er4FZP8idRvw6-nSk2UbtHS-0wnv6imvoQgsKgiBNsVbXsxY7ZQC8l44ZhqvzqHvw=w408-h395-k-no","false","false","/g/12hmt6sh_","es-419","0","-2.1281964","-79.8868048",,"Los Sauces",,"false","ChIJn_5E3DxtLZARRbNyMxnxLew","090504","$5-10","Hace 5 meses","2026-02-22T01:51:46.439Z",,,,,,,,,"Ruido moderado",,,,"$5-10",,,,"Sin espera","Comedor cubierto, Área de bar, Asientos tipo cabina, Asientos en la barra",,,"5","5","5","Ci9DQUlRQUNvZENodHljRjlvT21jMGJraDJSbW8xZEhoMVNtZzRiRnB2V0ZkRVNIYxAB",,,,,,,,"Google",,,"2",,,"1606","2026-08-08T17:32:25.309Z","Direct Detail URL: https://www.google.com/maps/place/Parrillada+Restaurant+El+Dorado+Sauces+3/@-2.1265971,-79.8975452,12.68z/data=!4m10!1m2!2m1!1sEl+Dorado!3m6!1s0x902d6d3cdc44fe9f:0xec2df1193372b345!8m2!3d-2.1281964!4d-79.8868048!15sCglFbCBEb3JhZG9aCyIJZWwgZG9yYWRvkgEKcmVzdGF1cmFudOABAA!16s%2Fg%2F12hmt6sh_?entry=ttu&g_ep=EgoyMDI2MDgwNS4xIKXMDSoASAFQAw%3D%3D","5",,"Rodrigo Icaza Cornejo Manzana 139","false",,,"Parrillada Restaurant El Dorado Sauces 3","4.4",,"https://www.google.com/maps/search/?api=1&query=Parrillada%20Restaurant%20El%20Dorado%20Sauces%203&query_place_id=ChIJn_5E3DxtLZARRbNyMxnxLew",
"Rodrigo Icaza Cornejo Manzana 139, 090504 Guayaquil, Ecuador","Restaurante","Restaurante","17018523657442603845","Guayaquil","EC","0x902d6d3cdc44fe9f:0xec2df1193372b345",,"https://lh3.googleusercontent.com/gps-cs-s/AHRPTWmvm90GLRySCo4gUqKI_yhh6hrRUm1p03H_4PyufCCfD8b6v6-CDw1zrqgo2---n6Hr_d_g6er4FZP8idRvw6-nSk2UbtHS-0wnv6imvoQgsKgiBNsVbXsxY7ZQC8l44ZhqvzqHvw=w408-h395-k-no","false","false","/g/12hmt6sh_","es-419","0","-2.1281964","-79.8868048",,"Los Sauces",,"false","ChIJn_5E3DxtLZARRbNyMxnxLew","090504","$5-10","Hace 5 meses","2026-02-21T18:03:30.001Z",,,,,,,,,,,,,"$1-5",,,,,,,,"5","5","5","Ci9DQUlRQUNvZENodHljRjlvT2pKek16SlVWalJ6WnpVd04yRlRRMkkxWW5CdWVYYxAB",,,,,,,,"Google",,,"1",,,"1606","2026-08-08T17:32:25.309Z","Direct Detail URL: https://www.google.com/maps/place/Parrillada+Restaurant+El+Dorado+Sauces+3/@-2.1265971,-79.8975452,12.68z/data=!4m10!1m2!2m1!1sEl+Dorado!3m6!1s0x902d6d3cdc44fe9f:0xec2df1193372b345!8m2!3d-2.1281964!4d-79.8868048!15sCglFbCBEb3JhZG9aCyIJZWwgZG9yYWRvkgEKcmVzdGF1cmFudOABAA!16s%2Fg%2F12hmt6sh_?entry=ttu&g_ep=EgoyMDI2MDgwNS4xIKXMDSoASAFQAw%3D%3D","5",,"Rodrigo Icaza Cornejo Manzana 139","false",,,"Parrillada Restaurant El Dorado Sauces 3","4.4",,"https://www.google.com/maps/search/?api=1&query=Parrillada%20Restaurant%20El%20Dorado%20Sauces%203&query_place_id=ChIJn_5E3DxtLZARRbNyMxnxLew",
"Rodrigo Icaza Cornejo Manzana 139, 090504 Guayaquil, Ecuador","Restaurante","Restaurante","17018523657442603845","Guayaquil","EC","0x902d6d3cdc44fe9f:0xec2df1193372b345",,"https://lh3.googleusercontent.com/gps-cs-s/AHRPTWmvm90GLRySCo4gUqKI_yhh6hrRUm1p03H_4PyufCCfD8b6v6-CDw1zrqgo2---n6Hr_d_g6er4FZP8idRvw6-nSk2UbtHS-0wnv6imvoQgsKgiBNsVbXsxY7ZQC8l44ZhqvzqHvw=w408-h395-k-no","false","true","/g/12hmt6sh_","es-419","0","-2.1281964","-79.8868048",,"Los Sauces",,"false","ChIJn_5E3DxtLZARRbNyMxnxLew","090504","$5-10","Hace 6 meses","2026-02-05T23:12:58.704Z",,,,,,,,,,,,,,,,,,,,,,,,"Ci9DQUlRQUNvZENodHljRjlvT25oR01rVlRjR2haVmtoS1ZIRjFZWFkwWlRsdFlVRRAB",,,,,,,,"Google",,,"50",,,"1606","2026-08-08T17:32:25.309Z","Direct Detail URL: https://www.google.com/maps/place/Parrillada+Restaurant+El+Dorado+Sauces+3/@-2.1265971,-79.8975452,12.68z/data=!4m10!1m2!2m1!1sEl+Dorado!3m6!1s0x902d6d3cdc44fe9f:0xec2df1193372b345!8m2!3d-2.1281964!4d-79.8868048!15sCglFbCBEb3JhZG9aCyIJZWwgZG9yYWRvkgEKcmVzdGF1cmFudOABAA!16s%2Fg%2F12hmt6sh_?entry=ttu&g_ep=EgoyMDI2MDgwNS4xIKXMDSoASAFQAw%3D%3D","5",,"Rodrigo Icaza Cornejo Manzana 139","false",,,"Parrillada Restaurant El Dorado Sauces 3","4.4",,"https://www.google.com/maps/search/?api=1&query=Parrillada%20Restaurant%20El%20Dorado%20Sauces%203&query_place_id=ChIJn_5E3DxtLZARRbNyMxnxLew",
"Rodrigo Icaza Cornejo Manzana 139, 090504 Guayaquil, Ecuador","Restaurante","Restaurante","17018523657442603845","Guayaquil","EC","0x902d6d3cdc44fe9f:0xec2df1193372b345",,"https://lh3.googleusercontent.com/gps-cs-s/AHRPTWmvm90GLRySCo4gUqKI_yhh6hrRUm1p03H_4PyufCCfD8b6v6-CDw1zrqgo2---n6Hr_d_g6er4FZP8idRvw6-nSk2UbtHS-0wnv6imvoQgsKgiBNsVbXsxY7ZQC8l44ZhqvzqHvw=w408-h395-k-no","false","true","/g/12hmt6sh_","es-419","0","-2.1281964","-79.8868048",,"Los Sauces",,"false","ChIJn_5E3DxtLZARRbNyMxnxLew","090504","$5-10","Editado Hace 6 meses","2026-02-03T17:03:36.849Z",,,,,,,,,"Ruido moderado",,,,,,,,"De 10 a 30 min",,,,"3","4","1","ChZDSUhNMG9nS0VJQ0FnSURkbkwyLUxBEAE",,,,,,,,"Google",,,"15",,,"1606","2026-08-08T17:32:25.309Z","Direct Detail URL: https://www.google.com/maps/place/Parrillada+Restaurant+El+Dorado+Sauces+3/@-2.1265971,-79.8975452,12.68z/data=!4m10!1m2!2m1!1sEl+Dorado!3m6!1s0x902d6d3cdc44fe9f:0xec2df1193372b345!8m2!3d-2.1281964!4d-79.8868048!15sCglFbCBEb3JhZG9aCyIJZWwgZG9yYWRvkgEKcmVzdGF1cmFudOABAA!16s%2Fg%2F12hmt6sh_?entry=ttu&g_ep=EgoyMDI2MDgwNS4xIKXMDSoASAFQAw%3D%3D","3",,"Rodrigo Icaza Cornejo Manzana 139","false",,,"Parrillada Restaurant El Dorado Sauces 3","4.4",,"https://www.google.com/maps/search/?api=1&query=Parrillada%20Restaurant%20El%20Dorado%20Sauces%203&query_place_id=ChIJn_5E3DxtLZARRbNyMxnxLew",
"Rodrigo Icaza Cornejo Manzana 139, 090504 Guayaquil, Ecuador","Restaurante","Restaurante","17018523657442603845","Guayaquil","EC","0x902d6d3cdc44fe9f:0xec2df1193372b345",,"https://lh3.googleusercontent.com/gps-cs-s/AHRPTWmvm90GLRySCo4gUqKI_yhh6hrRUm1p03H_4PyufCCfD8b6v6-CDw1zrqgo2---n6Hr_d_g6er4FZP8idRvw6-nSk2UbtHS-0wnv6imvoQgsKgiBNsVbXsxY7ZQC8l44ZhqvzqHvw=w408-h395-k-no","false","false","/g/12hmt6sh_","es-419","0","-2.1281964","-79.8868048",,"Los Sauces","es","false","ChIJn_5E3DxtLZARRbNyMxnxLew","090504","$5-10","Hace 6 meses","2026-01-29T22:26:17.154Z",,,,,"Si es adecuado para niños","Es un poco difícil encontrar estacionamiento",,,"Ruido moderado","Estacionamiento gratuito, Estacionamiento gratuito en la calle, Estacionamiento gratuito",,,"$15-20",,,,"Sin espera","Comedor cubierto",,,"3","5","5","Ci9DQUlRQUNvZENodHljRjlvT2pKV1RXeHRjMWhmVVVWSlRqQnJOSEp6VldSRU1rRRAB",,,,,,,,"Google",,,"1127",,,"1606","2026-08-08T17:32:25.309Z","Direct Detail URL: https://www.google.com/maps/place/Parrillada+Restaurant+El+Dorado+Sauces+3/@-2.1265971,-79.8975452,12.68z/data=!4m10!1m2!2m1!1sEl+Dorado!3m6!1s0x902d6d3cdc44fe9f:0xec2df1193372b345!8m2!3d-2.1281964!4d-79.8868048!15sCglFbCBEb3JhZG9aCyIJZWwgZG9yYWRvkgEKcmVzdGF1cmFudOABAA!16s%2Fg%2F12hmt6sh_?entry=ttu&g_ep=EgoyMDI2MDgwNS4xIKXMDSoASAFQAw%3D%3D","5",,"Rodrigo Icaza Cornejo Manzana 139","false","Excelente servicio y rica su deliciosa comida ❤️",,"Parrillada Restaurant El Dorado Sauces 3","4.4",,"https://www.google.com/maps/search/?api=1&query=Parrillada%20Restaurant%20El%20Dorado%20Sauces%203&query_place_id=ChIJn_5E3DxtLZARRbNyMxnxLew",
"Rodrigo Icaza Cornejo Manzana 139, 090504 Guayaquil, Ecuador","Restaurante","Restaurante","17018523657442603845","Guayaquil","EC","0x902d6d3cdc44fe9f:0xec2df1193372b345",,"https://lh3.googleusercontent.com/gps-cs-s/AHRPTWmvm90GLRySCo4gUqKI_yhh6hrRUm1p03H_4PyufCCfD8b6v6-CDw1zrqgo2---n6Hr_d_g6er4FZP8idRvw6-nSk2UbtHS-0wnv6imvoQgsKgiBNsVbXsxY7ZQC8l44ZhqvzqHvw=w408-h395-k-no","false","false","/g/12hmt6sh_","es-419","0","-2.1281964","-79.8868048",,"Los Sauces",,"false","ChIJn_5E3DxtLZARRbNyMxnxLew","090504","$5-10","Hace 6 meses","2026-01-29T21:37:47.033Z",,,,,,,,,,,,,,,,,,,,,,,,"Ci9DQUlRQUNvZENodHljRjlvT2psRGRVUXpiREZ1Y1dKQ1oxbHFiMVY0UTJGUVduYxAB",,,,,,,,"Google",,,"2",,,"1606","2026-08-08T17:32:25.309Z","Direct Detail URL: https://www.google.com/maps/place/Parrillada+Restaurant+El+Dorado+Sauces+3/@-2.1265971,-79.8975452,12.68z/data=!4m10!1m2!2m1!1sEl+Dorado!3m6!1s0x902d6d3cdc44fe9f:0xec2df1193372b345!8m2!3d-2.1281964!4d-79.8868048!15sCglFbCBEb3JhZG9aCyIJZWwgZG9yYWRvkgEKcmVzdGF1cmFudOABAA!16s%2Fg%2F12hmt6sh_?entry=ttu&g_ep=EgoyMDI2MDgwNS4xIKXMDSoASAFQAw%3D%3D","5",,"Rodrigo Icaza Cornejo Manzana 139","false",,,"Parrillada Restaurant El Dorado Sauces 3","4.4",,"https://www.google.com/maps/search/?api=1&query=Parrillada%20Restaurant%20El%20Dorado%20Sauces%203&query_place_id=ChIJn_5E3DxtLZARRbNyMxnxLew",
"Rodrigo Icaza Cornejo Manzana 139, 090504 Guayaquil, Ecuador","Restaurante","Restaurante","17018523657442603845","Guayaquil","EC","0x902d6d3cdc44fe9f:0xec2df1193372b345",,"https://lh3.googleusercontent.com/gps-cs-s/AHRPTWmvm90GLRySCo4gUqKI_yhh6hrRUm1p03H_4PyufCCfD8b6v6-CDw1zrqgo2---n6Hr_d_g6er4FZP8idRvw6-nSk2UbtHS-0wnv6imvoQgsKgiBNsVbXsxY7ZQC8l44ZhqvzqHvw=w408-h395-k-no","false","true","/g/12hmt6sh_","es-419","0","-2.1281964","-79.8868048",,"Los Sauces","es","false","ChIJn_5E3DxtLZARRbNyMxnxLew","090504","$5-10","Hace 6 meses","2026-01-26T21:15:23.259Z",,,,,,"Vas a tardar en estacionar",,,"Ruido moderado","Estacionamiento gratuito en la calle",,,,,,,"Sin espera","Comedor privado","Cena",,"4","4","4","Ci9DQUlRQUNvZENodHljRjlvT25ndGFIUjJlV3h6YWtaeVExUnVaMjlUTjBoeVRrRRAB","https://lh3.googleusercontent.com/grass-cs/ACvplmN0JrZfwjeTTBEJvCyFD0MKT0VHK7XwaZQkCmv6-iFUmV9_slfbaKr4ISAav0gLLwUlOgHFhoKT_7NJ5eZI11uF8DjXS5HUe7PfrJBZElBhvFho_r5WErbkB-IYpB8rP1orwGC4ygZe8ns=k-no",,,,,,,"Google",,,"109",,,"1606","2026-08-08T17:32:25.309Z","Direct Detail URL: https://www.google.com/maps/place/Parrillada+Restaurant+El+Dorado+Sauces+3/@-2.1265971,-79.8975452,12.68z/data=!4m10!1m2!2m1!1sEl+Dorado!3m6!1s0x902d6d3cdc44fe9f:0xec2df1193372b345!8m2!3d-2.1281964!4d-79.8868048!15sCglFbCBEb3JhZG9aCyIJZWwgZG9yYWRvkgEKcmVzdGF1cmFudOABAA!16s%2Fg%2F12hmt6sh_?entry=ttu&g_ep=EgoyMDI2MDgwNS4xIKXMDSoASAFQAw%3D%3D","4",,"Rodrigo Icaza Cornejo Manzana 139","false","Tiene buen sabor pero han bajado la calidad de la carne ya que estaba venosa y grasosa.   Problemas con el parqueo.",,"Parrillada Restaurant El Dorado Sauces 3","4.4",,"https://www.google.com/maps/search/?api=1&query=Parrillada%20Restaurant%20El%20Dorado%20Sauces%203&query_place_id=ChIJn_5E3DxtLZARRbNyMxnxLew",
"Rodrigo Icaza Cornejo Manzana 139, 090504 Guayaquil, Ecuador","Restaurante","Restaurante","17018523657442603845","Guayaquil","EC","0x902d6d3cdc44fe9f:0xec2df1193372b345",,"https://lh3.googleusercontent.com/gps-cs-s/AHRPTWmvm90GLRySCo4gUqKI_yhh6hrRUm1p03H_4PyufCCfD8b6v6-CDw1zrqgo2---n6Hr_d_g6er4FZP8idRvw6-nSk2UbtHS-0wnv6imvoQgsKgiBNsVbXsxY7ZQC8l44ZhqvzqHvw=w408-h395-k-no","false","true","/g/12hmt6sh_","es-419","0","-2.1281964","-79.8868048",,"Los Sauces",,"false","ChIJn_5E3DxtLZARRbNyMxnxLew","090504","$5-10","Hace 6 meses","2026-01-26T13:21:06.847Z",,,,,,,,,,,,,,,,,,,,,,,,"Ci9DQUlRQUNvZENodHljRjlvT25rMlUyTlJSMUJJWmtsS1IzSm1WamxCTUMwNVVFRRAB",,,,,,,,"Google",,,"3",,,"1606","2026-08-08T17:32:25.309Z","Direct Detail URL: https://www.google.com/maps/place/Parrillada+Restaurant+El+Dorado+Sauces+3/@-2.1265971,-79.8975452,12.68z/data=!4m10!1m2!2m1!1sEl+Dorado!3m6!1s0x902d6d3cdc44fe9f:0xec2df1193372b345!8m2!3d-2.1281964!4d-79.8868048!15sCglFbCBEb3JhZG9aCyIJZWwgZG9yYWRvkgEKcmVzdGF1cmFudOABAA!16s%2Fg%2F12hmt6sh_?entry=ttu&g_ep=EgoyMDI2MDgwNS4xIKXMDSoASAFQAw%3D%3D","5",,"Rodrigo Icaza Cornejo Manzana 139","false",,,"Parrillada Restaurant El Dorado Sauces 3","4.4",,"https://www.google.com/maps/search/?api=1&query=Parrillada%20Restaurant%20El%20Dorado%20Sauces%203&query_place_id=ChIJn_5E3DxtLZARRbNyMxnxLew",
"Rodrigo Icaza Cornejo Manzana 139, 090504 Guayaquil, Ecuador","Restaurante","Restaurante","17018523657442603845","Guayaquil","EC","0x902d6d3cdc44fe9f:0xec2df1193372b345",,"https://lh3.googleusercontent.com/gps-cs-s/AHRPTWmvm90GLRySCo4gUqKI_yhh6hrRUm1p03H_4PyufCCfD8b6v6-CDw1zrqgo2---n6Hr_d_g6er4FZP8idRvw6-nSk2UbtHS-0wnv6imvoQgsKgiBNsVbXsxY7ZQC8l44ZhqvzqHvw=w408-h395-k-no","false","false","/g/12hmt6sh_","es-419","0","-2.1281964","-79.8868048",,"Los Sauces",,"false","ChIJn_5E3DxtLZARRbNyMxnxLew","090504","$5-10","Hace 6 meses","2026-01-24T23:08:44.311Z",,,,,,,,,,,,,"$5-10",,,,,,,,"5","5","5","Ci9DQUlRQUNvZENodHljRjlvT21SdWJraFlTMFZMWVd0RWVWZFhNMHN4TldKSWRXYxAB",,,,,,,,"Google",,,"4",,,"1606","2026-08-08T17:32:25.309Z","Direct Detail URL: https://www.google.com/maps/place/Parrillada+Restaurant+El+Dorado+Sauces+3/@-2.1265971,-79.8975452,12.68z/data=!4m10!1m2!2m1!1sEl+Dorado!3m6!1s0x902d6d3cdc44fe9f:0xec2df1193372b345!8m2!3d-2.1281964!4d-79.8868048!15sCglFbCBEb3JhZG9aCyIJZWwgZG9yYWRvkgEKcmVzdGF1cmFudOABAA!16s%2Fg%2F12hmt6sh_?entry=ttu&g_ep=EgoyMDI2MDgwNS4xIKXMDSoASAFQAw%3D%3D","5",,"Rodrigo Icaza Cornejo Manzana 139","false",,,"Parrillada Restaurant El Dorado Sauces 3","4.4",,"https://www.google.com/maps/search/?api=1&query=Parrillada%20Restaurant%20El%20Dorado%20Sauces%203&query_place_id=ChIJn_5E3DxtLZARRbNyMxnxLew",
"Rodrigo Icaza Cornejo Manzana 139, 090504 Guayaquil, Ecuador","Restaurante","Restaurante","17018523657442603845","Guayaquil","EC","0x902d6d3cdc44fe9f:0xec2df1193372b345",,"https://lh3.googleusercontent.com/gps-cs-s/AHRPTWmvm90GLRySCo4gUqKI_yhh6hrRUm1p03H_4PyufCCfD8b6v6-CDw1zrqgo2---n6Hr_d_g6er4FZP8idRvw6-nSk2UbtHS-0wnv6imvoQgsKgiBNsVbXsxY7ZQC8l44ZhqvzqHvw=w408-h395-k-no","false","false","/g/12hmt6sh_","es-419","0","-2.1281964","-79.8868048",,"Los Sauces","es","false","ChIJn_5E3DxtLZARRbNyMxnxLew","090504","$5-10","Hace 7 meses","2025-12-31T20:28:39.183Z",,,,"Comodo",,,,,"Ruido moderado",,,,,"Reserva obligatoria",,,"De 10 a 30 min","Patio o terraza al aire libre",,,"4","4","5","Ci9DQUlRQUNvZENodHljRjlvT2xOSVFVRllOazVuZW1oMFNtTlViemcwUVU5Q1RIYxAB",,,,,,,,"Google",,,"2",,,"1606","2026-08-08T17:32:25.309Z","Direct Detail URL: https://www.google.com/maps/place/Parrillada+Restaurant+El+Dorado+Sauces+3/@-2.1265971,-79.8975452,12.68z/data=!4m10!1m2!2m1!1sEl+Dorado!3m6!1s0x902d6d3cdc44fe9f:0xec2df1193372b345!8m2!3d-2.1281964!4d-79.8868048!15sCglFbCBEb3JhZG9aCyIJZWwgZG9yYWRvkgEKcmVzdGF1cmFudOABAA!16s%2Fg%2F12hmt6sh_?entry=ttu&g_ep=EgoyMDI2MDgwNS4xIKXMDSoASAFQAw%3D%3D","5",,"Rodrigo Icaza Cornejo Manzana 139","false","Es bonito las cosa",,"Parrillada Restaurant El Dorado Sauces 3","4.4",,"https://www.google.com/maps/search/?api=1&query=Parrillada%20Restaurant%20El%20Dorado%20Sauces%203&query_place_id=ChIJn_5E3DxtLZARRbNyMxnxLew",
"Rodrigo Icaza Cornejo Manzana 139, 090504 Guayaquil, Ecuador","Restaurante","Restaurante","17018523657442603845","Guayaquil","EC","0x902d6d3cdc44fe9f:0xec2df1193372b345",,"https://lh3.googleusercontent.com/gps-cs-s/AHRPTWmvm90GLRySCo4gUqKI_yhh6hrRUm1p03H_4PyufCCfD8b6v6-CDw1zrqgo2---n6Hr_d_g6er4FZP8idRvw6-nSk2UbtHS-0wnv6imvoQgsKgiBNsVbXsxY7ZQC8l44ZhqvzqHvw=w408-h395-k-no","false","true","/g/12hmt6sh_","es-419","0","-2.1281964","-79.8868048",,"Los Sauces",,"false","ChIJn_5E3DxtLZARRbNyMxnxLew","090504","$5-10","Hace 7 meses","2025-12-27T05:28:45.451Z",,,,,,,,,,,,,,,,,,,,,,,,"Ci9DQUlRQUNvZENodHljRjlvT214d2VXOTJSVVIwZFdGa1pVdDNNa1ZtTFdaaVZYYxAB",,,,,,,,"Google",,,"87",,,"1606","2026-08-08T17:32:25.309Z","Direct Detail URL: https://www.google.com/maps/place/Parrillada+Restaurant+El+Dorado+Sauces+3/@-2.1265971,-79.8975452,12.68z/data=!4m10!1m2!2m1!1sEl+Dorado!3m6!1s0x902d6d3cdc44fe9f:0xec2df1193372b345!8m2!3d-2.1281964!4d-79.8868048!15sCglFbCBEb3JhZG9aCyIJZWwgZG9yYWRvkgEKcmVzdGF1cmFudOABAA!16s%2Fg%2F12hmt6sh_?entry=ttu&g_ep=EgoyMDI2MDgwNS4xIKXMDSoASAFQAw%3D%3D","5",,"Rodrigo Icaza Cornejo Manzana 139","false",,,"Parrillada Restaurant El Dorado Sauces 3","4.4",,"https://www.google.com/maps/search/?api=1&query=Parrillada%20Restaurant%20El%20Dorado%20Sauces%203&query_place_id=ChIJn_5E3DxtLZARRbNyMxnxLew",
"Rodrigo Icaza Cornejo Manzana 139, 090504 Guayaquil, Ecuador","Restaurante","Restaurante","17018523657442603845","Guayaquil","EC","0x902d6d3cdc44fe9f:0xec2df1193372b345",,"https://lh3.googleusercontent.com/gps-cs-s/AHRPTWmvm90GLRySCo4gUqKI_yhh6hrRUm1p03H_4PyufCCfD8b6v6-CDw1zrqgo2---n6Hr_d_g6er4FZP8idRvw6-nSk2UbtHS-0wnv6imvoQgsKgiBNsVbXsxY7ZQC8l44ZhqvzqHvw=w408-h395-k-no","false","true","/g/12hmt6sh_","es-419","0","-2.1281964","-79.8868048",,"Los Sauces",,"false","ChIJn_5E3DxtLZARRbNyMxnxLew","090504","$5-10","Hace 8 meses","2025-11-20T12:24:37.601Z",,,,,,,,,,,,,,,,,,,,,,,,"Ci9DQUlRQUNvZENodHljRjlvT25Od1lrcGZaakYyYnpnd1UxcG1VMjVIVVcxaVgwRRAB",,,,,,,,"Google",,,"41",,,"1606","2026-08-08T17:32:25.309Z","Direct Detail URL: https://www.google.com/maps/place/Parrillada+Restaurant+El+Dorado+Sauces+3/@-2.1265971,-79.8975452,12.68z/data=!4m10!1m2!2m1!1sEl+Dorado!3m6!1s0x902d6d3cdc44fe9f:0xec2df1193372b345!8m2!3d-2.1281964!4d-79.8868048!15sCglFbCBEb3JhZG9aCyIJZWwgZG9yYWRvkgEKcmVzdGF1cmFudOABAA!16s%2Fg%2F12hmt6sh_?entry=ttu&g_ep=EgoyMDI2MDgwNS4xIKXMDSoASAFQAw%3D%3D","5",,"Rodrigo Icaza Cornejo Manzana 139","false",,,"Parrillada Restaurant El Dorado Sauces 3","4.4",,"https://www.google.com/maps/search/?api=1&query=Parrillada%20Restaurant%20El%20Dorado%20Sauces%203&query_place_id=ChIJn_5E3DxtLZARRbNyMxnxLew",
"Rodrigo Icaza Cornejo Manzana 139, 090504 Guayaquil, Ecuador","Restaurante","Restaurante","17018523657442603845","Guayaquil","EC","0x902d6d3cdc44fe9f:0xec2df1193372b345",,"https://lh3.googleusercontent.com/gps-cs-s/AHRPTWmvm90GLRySCo4gUqKI_yhh6hrRUm1p03H_4PyufCCfD8b6v6-CDw1zrqgo2---n6Hr_d_g6er4FZP8idRvw6-nSk2UbtHS-0wnv6imvoQgsKgiBNsVbXsxY7ZQC8l44ZhqvzqHvw=w408-h395-k-no","false","true","/g/12hmt6sh_","es-419","0","-2.1281964","-79.8868048",,"Los Sauces","es","false","ChIJn_5E3DxtLZARRbNyMxnxLew","090504","$5-10","Editado Hace 8 meses","2025-11-12T17:01:03.413Z",,,,,,,,,,,,,,,,,,,,,"5","5","5","ChZDSUhNMG9nS0VJQ0FnSUN3dzRHemZ3EAE",,,,,,,,"Google",,,"101",,,"1606","2026-08-08T17:32:25.309Z","Direct Detail URL: https://www.google.com/maps/place/Parrillada+Restaurant+El+Dorado+Sauces+3/@-2.1265971,-79.8975452,12.68z/data=!4m10!1m2!2m1!1sEl+Dorado!3m6!1s0x902d6d3cdc44fe9f:0xec2df1193372b345!8m2!3d-2.1281964!4d-79.8868048!15sCglFbCBEb3JhZG9aCyIJZWwgZG9yYWRvkgEKcmVzdGF1cmFudOABAA!16s%2Fg%2F12hmt6sh_?entry=ttu&g_ep=EgoyMDI2MDgwNS4xIKXMDSoASAFQAw%3D%3D","5",,"Rodrigo Icaza Cornejo Manzana 139","false","Buena comida",,"Parrillada Restaurant El Dorado Sauces 3","4.4",,"https://www.google.com/maps/search/?api=1&query=Parrillada%20Restaurant%20El%20Dorado%20Sauces%203&query_place_id=ChIJn_5E3DxtLZARRbNyMxnxLew",
"Rodrigo Icaza Cornejo Manzana 139, 090504 Guayaquil, Ecuador","Restaurante","Restaurante","17018523657442603845","Guayaquil","EC","0x902d6d3cdc44fe9f:0xec2df1193372b345",,"https://lh3.googleusercontent.com/gps-cs-s/AHRPTWmvm90GLRySCo4gUqKI_yhh6hrRUm1p03H_4PyufCCfD8b6v6-CDw1zrqgo2---n6Hr_d_g6er4FZP8idRvw6-nSk2UbtHS-0wnv6imvoQgsKgiBNsVbXsxY7ZQC8l44ZhqvzqHvw=w408-h395-k-no","false","true","/g/12hmt6sh_","es-419","0","-2.1281964","-79.8868048",,"Los Sauces","es","false","ChIJn_5E3DxtLZARRbNyMxnxLew","090504","$5-10","Hace 9 meses","2025-11-03T23:02:36.706Z",,,,,,,,,,,,,,,,,,,,,"5","5","5","Ci9DQUlRQUNvZENodHljRjlvT2tjM1RFdFBVbmhqTm1rMlJWbEJUbFpXY1VoTFVGRRAB",,,,,,,,"Google",,,"16",,,"1606","2026-08-08T17:32:25.309Z","Direct Detail URL: https://www.google.com/maps/place/Parrillada+Restaurant+El+Dorado+Sauces+3/@-2.1265971,-79.8975452,12.68z/data=!4m10!1m2!2m1!1sEl+Dorado!3m6!1s0x902d6d3cdc44fe9f:0xec2df1193372b345!8m2!3d-2.1281964!4d-79.8868048!15sCglFbCBEb3JhZG9aCyIJZWwgZG9yYWRvkgEKcmVzdGF1cmFudOABAA!16s%2Fg%2F12hmt6sh_?entry=ttu&g_ep=EgoyMDI2MDgwNS4xIKXMDSoASAFQAw%3D%3D","5",,"Rodrigo Icaza Cornejo Manzana 139","false","Excelente",,"Parrillada Restaurant El Dorado Sauces 3","4.4",,"https://www.google.com/maps/search/?api=1&query=Parrillada%20Restaurant%20El%20Dorado%20Sauces%203&query_place_id=ChIJn_5E3DxtLZARRbNyMxnxLew",
"Rodrigo Icaza Cornejo Manzana 139, 090504 Guayaquil, Ecuador","Restaurante","Restaurante","17018523657442603845","Guayaquil","EC","0x902d6d3cdc44fe9f:0xec2df1193372b345",,"https://lh3.googleusercontent.com/gps-cs-s/AHRPTWmvm90GLRySCo4gUqKI_yhh6hrRUm1p03H_4PyufCCfD8b6v6-CDw1zrqgo2---n6Hr_d_g6er4FZP8idRvw6-nSk2UbtHS-0wnv6imvoQgsKgiBNsVbXsxY7ZQC8l44ZhqvzqHvw=w408-h395-k-no","false","true","/g/12hmt6sh_","es-419","0","-2.1281964","-79.8868048",,"Los Sauces",,"false","ChIJn_5E3DxtLZARRbNyMxnxLew","090504","$5-10","Hace 9 meses","2025-10-28T06:00:32.699Z",,,,,,,,,,,,,,,,,,,,,,"5","5","Ci9DQUlRQUNvZENodHljRjlvT2pjeldrcEROMHRMZDFnemR6bHliM05DVG1Vd01tYxAB",,,,,,,,"Google",,,"72",,,"1606","2026-08-08T17:32:25.309Z","Direct Detail URL: https://www.google.com/maps/place/Parrillada+Restaurant+El+Dorado+Sauces+3/@-2.1265971,-79.8975452,12.68z/data=!4m10!1m2!2m1!1sEl+Dorado!3m6!1s0x902d6d3cdc44fe9f:0xec2df1193372b345!8m2!3d-2.1281964!4d-79.8868048!15sCglFbCBEb3JhZG9aCyIJZWwgZG9yYWRvkgEKcmVzdGF1cmFudOABAA!16s%2Fg%2F12hmt6sh_?entry=ttu&g_ep=EgoyMDI2MDgwNS4xIKXMDSoASAFQAw%3D%3D","5",,"Rodrigo Icaza Cornejo Manzana 139","false",,,"Parrillada Restaurant El Dorado Sauces 3","4.4",,"https://www.google.com/maps/search/?api=1&query=Parrillada%20Restaurant%20El%20Dorado%20Sauces%203&query_place_id=ChIJn_5E3DxtLZARRbNyMxnxLew",
"Rodrigo Icaza Cornejo Manzana 139, 090504 Guayaquil, Ecuador","Restaurante","Restaurante","17018523657442603845","Guayaquil","EC","0x902d6d3cdc44fe9f:0xec2df1193372b345",,"https://lh3.googleusercontent.com/gps-cs-s/AHRPTWmvm90GLRySCo4gUqKI_yhh6hrRUm1p03H_4PyufCCfD8b6v6-CDw1zrqgo2---n6Hr_d_g6er4FZP8idRvw6-nSk2UbtHS-0wnv6imvoQgsKgiBNsVbXsxY7ZQC8l44ZhqvzqHvw=w408-h395-k-no","false","false","/g/12hmt6sh_","es-419","0","-2.1281964","-79.8868048",,"Los Sauces",,"false","ChIJn_5E3DxtLZARRbNyMxnxLew","090504","$5-10","Hace 9 meses","2025-10-25T21:31:39.984Z",,,,,,,,,"Silencioso, agradable para conversar",,,,,"No se requiere hacer una reserva",,,"De 10 a 30 min","Comedor cubierto, Área de bar, Patio o terraza al aire libre, Asientos tipo cabina, Asientos en la barra",,,"4","4","4","Ci9DQUlRQUNvZENodHljRjlvT2xjNFVGTnFOM3BqVDFGNlZFVkVTSGQ2ZDJ0QlgxRRAB",,,,,,,,"Google",,,"9",,,"1606","2026-08-08T17:32:25.309Z","Direct Detail URL: https://www.google.com/maps/place/Parrillada+Restaurant+El+Dorado+Sauces+3/@-2.1265971,-79.8975452,12.68z/data=!4m10!1m2!2m1!1sEl+Dorado!3m6!1s0x902d6d3cdc44fe9f:0xec2df1193372b345!8m2!3d-2.1281964!4d-79.8868048!15sCglFbCBEb3JhZG9aCyIJZWwgZG9yYWRvkgEKcmVzdGF1cmFudOABAA!16s%2Fg%2F12hmt6sh_?entry=ttu&g_ep=EgoyMDI2MDgwNS4xIKXMDSoASAFQAw%3D%3D","4",,"Rodrigo Icaza Cornejo Manzana 139","false",,,"Parrillada Restaurant El Dorado Sauces 3","4.4",,"https://www.google.com/maps/search/?api=1&query=Parrillada%20Restaurant%20El%20Dorado%20Sauces%203&query_place_id=ChIJn_5E3DxtLZARRbNyMxnxLew",
"Rodrigo Icaza Cornejo Manzana 139, 090504 Guayaquil, Ecuador","Restaurante","Restaurante","17018523657442603845","Guayaquil","EC","0x902d6d3cdc44fe9f:0xec2df1193372b345",,"https://lh3.googleusercontent.com/gps-cs-s/AHRPTWmvm90GLRySCo4gUqKI_yhh6hrRUm1p03H_4PyufCCfD8b6v6-CDw1zrqgo2---n6Hr_d_g6er4FZP8idRvw6-nSk2UbtHS-0wnv6imvoQgsKgiBNsVbXsxY7ZQC8l44ZhqvzqHvw=w408-h395-k-no","false","true","/g/12hmt6sh_","es-419","0","-2.1281964","-79.8868048",,"Los Sauces",,"false","ChIJn_5E3DxtLZARRbNyMxnxLew","090504","$5-10","Hace 9 meses","2025-10-19T23:02:27.275Z",,,,,,,,,,,,,,,,,,,,,,,,"Ci9DQUlRQUNvZENodHljRjlvT2pSMWFXMDFRMXBsUWxkSGNWUm5iWFZoTUVGT1RXYxAB",,,,,,,,"Google",,,"0",,,"1606","2026-08-08T17:32:25.309Z","Direct Detail URL: https://www.google.com/maps/place/Parrillada+Restaurant+El+Dorado+Sauces+3/@-2.1265971,-79.8975452,12.68z/data=!4m10!1m2!2m1!1sEl+Dorado!3m6!1s0x902d6d3cdc44fe9f:0xec2df1193372b345!8m2!3d-2.1281964!4d-79.8868048!15sCglFbCBEb3JhZG9aCyIJZWwgZG9yYWRvkgEKcmVzdGF1cmFudOABAA!16s%2Fg%2F12hmt6sh_?entry=ttu&g_ep=EgoyMDI2MDgwNS4xIKXMDSoASAFQAw%3D%3D","5",,"Rodrigo Icaza Cornejo Manzana 139","false",,,"Parrillada Restaurant El Dorado Sauces 3","4.4",,"https://www.google.com/maps/search/?api=1&query=Parrillada%20Restaurant%20El%20Dorado%20Sauces%203&query_place_id=ChIJn_5E3DxtLZARRbNyMxnxLew",
"Rodrigo Icaza Cornejo Manzana 139, 090504 Guayaquil, Ecuador","Restaurante","Restaurante","17018523657442603845","Guayaquil","EC","0x902d6d3cdc44fe9f:0xec2df1193372b345",,"https://lh3.googleusercontent.com/gps-cs-s/AHRPTWmvm90GLRySCo4gUqKI_yhh6hrRUm1p03H_4PyufCCfD8b6v6-CDw1zrqgo2---n6Hr_d_g6er4FZP8idRvw6-nSk2UbtHS-0wnv6imvoQgsKgiBNsVbXsxY7ZQC8l44ZhqvzqHvw=w408-h395-k-no","false","false","/g/12hmt6sh_","es-419","0","-2.1281964","-79.8868048",,"Los Sauces",,"false","ChIJn_5E3DxtLZARRbNyMxnxLew","090504","$5-10","Hace 9 meses","2025-10-14T13:11:46.722Z",,,,,,,,,,,,,,,,,,,,,"5","5","5","Ci9DQUlRQUNvZENodHljRjlvT214bmFuVmpOREk0TTAxUGVFWmhOVEZTUW10amJXYxAB",,,,,,,,"Google",,,"3",,,"1606","2026-08-08T17:32:25.309Z","Direct Detail URL: https://www.google.com/maps/place/Parrillada+Restaurant+El+Dorado+Sauces+3/@-2.1265971,-79.8975452,12.68z/data=!4m10!1m2!2m1!1sEl+Dorado!3m6!1s0x902d6d3cdc44fe9f:0xec2df1193372b345!8m2!3d-2.1281964!4d-79.8868048!15sCglFbCBEb3JhZG9aCyIJZWwgZG9yYWRvkgEKcmVzdGF1cmFudOABAA!16s%2Fg%2F12hmt6sh_?entry=ttu&g_ep=EgoyMDI2MDgwNS4xIKXMDSoASAFQAw%3D%3D","5",,"Rodrigo Icaza Cornejo Manzana 139","false",,,"Parrillada Restaurant El Dorado Sauces 3","4.4",,"https://www.google.com/maps/search/?api=1&query=Parrillada%20Restaurant%20El%20Dorado%20Sauces%203&query_place_id=ChIJn_5E3DxtLZARRbNyMxnxLew",
"Rodrigo Icaza Cornejo Manzana 139, 090504 Guayaquil, Ecuador","Restaurante","Restaurante","17018523657442603845","Guayaquil","EC","0x902d6d3cdc44fe9f:0xec2df1193372b345",,"https://lh3.googleusercontent.com/gps-cs-s/AHRPTWmvm90GLRySCo4gUqKI_yhh6hrRUm1p03H_4PyufCCfD8b6v6-CDw1zrqgo2---n6Hr_d_g6er4FZP8idRvw6-nSk2UbtHS-0wnv6imvoQgsKgiBNsVbXsxY7ZQC8l44ZhqvzqHvw=w408-h395-k-no","false","true","/g/12hmt6sh_","es-419","0","-2.1281964","-79.8868048",,"Los Sauces",,"false","ChIJn_5E3DxtLZARRbNyMxnxLew","090504","$5-10","Hace 9 meses","2025-10-09T17:05:57.891Z",,,,,,,,"Ningún evento especial",,,,,"$10-15",,,,"Sin espera","Comedor cubierto",,,"5","5","5","Ci9DQUlRQUNvZENodHljRjlvT2pVMlFVNTFNRkozZEhSaFdEWXlUemRNWVhrdFRGRRAB",,,,,,,,"Google",,,"111",,,"1606","2026-08-08T17:32:25.309Z","Direct Detail URL: https://www.google.com/maps/place/Parrillada+Restaurant+El+Dorado+Sauces+3/@-2.1265971,-79.8975452,12.68z/data=!4m10!1m2!2m1!1sEl+Dorado!3m6!1s0x902d6d3cdc44fe9f:0xec2df1193372b345!8m2!3d-2.1281964!4d-79.8868048!15sCglFbCBEb3JhZG9aCyIJZWwgZG9yYWRvkgEKcmVzdGF1cmFudOABAA!16s%2Fg%2F12hmt6sh_?entry=ttu&g_ep=EgoyMDI2MDgwNS4xIKXMDSoASAFQAw%3D%3D","5",,"Rodrigo Icaza Cornejo Manzana 139","false",,,"Parrillada Restaurant El Dorado Sauces 3","4.4",,"https://www.google.com/maps/search/?api=1&query=Parrillada%20Restaurant%20El%20Dorado%20Sauces%203&query_place_id=ChIJn_5E3DxtLZARRbNyMxnxLew",
"Rodrigo Icaza Cornejo Manzana 139, 090504 Guayaquil, Ecuador","Restaurante","Restaurante","17018523657442603845","Guayaquil","EC","0x902d6d3cdc44fe9f:0xec2df1193372b345",,"https://lh3.googleusercontent.com/gps-cs-s/AHRPTWmvm90GLRySCo4gUqKI_yhh6hrRUm1p03H_4PyufCCfD8b6v6-CDw1zrqgo2---n6Hr_d_g6er4FZP8idRvw6-nSk2UbtHS-0wnv6imvoQgsKgiBNsVbXsxY7ZQC8l44ZhqvzqHvw=w408-h395-k-no","false","false","/g/12hmt6sh_","es-419","0","-2.1281964","-79.8868048",,"Los Sauces",,"false","ChIJn_5E3DxtLZARRbNyMxnxLew","090504","$5-10","Hace 10 meses","2025-10-07T14:40:15.680Z",,,,,,,,,,,,,,,,,,,,,,,,"Ci9DQUlRQUNvZENodHljRjlvT25vdGRXOWhVVFZ0VVVObGNuTkdTME5JYUd0MFVtYxAB",,,,,,,,"Google",,,"1",,,"1606","2026-08-08T17:32:25.309Z","Direct Detail URL: https://www.google.com/maps/place/Parrillada+Restaurant+El+Dorado+Sauces+3/@-2.1265971,-79.8975452,12.68z/data=!4m10!1m2!2m1!1sEl+Dorado!3m6!1s0x902d6d3cdc44fe9f:0xec2df1193372b345!8m2!3d-2.1281964!4d-79.8868048!15sCglFbCBEb3JhZG9aCyIJZWwgZG9yYWRvkgEKcmVzdGF1cmFudOABAA!16s%2Fg%2F12hmt6sh_?entry=ttu&g_ep=EgoyMDI2MDgwNS4xIKXMDSoASAFQAw%3D%3D","5",,"Rodrigo Icaza Cornejo Manzana 139","false",,,"Parrillada Restaurant El Dorado Sauces 3","4.4",,"https://www.google.com/maps/search/?api=1&query=Parrillada%20Restaurant%20El%20Dorado%20Sauces%203&query_place_id=ChIJn_5E3DxtLZARRbNyMxnxLew",
"Rodrigo Icaza Cornejo Manzana 139, 090504 Guayaquil, Ecuador","Restaurante","Restaurante","17018523657442603845","Guayaquil","EC","0x902d6d3cdc44fe9f:0xec2df1193372b345",,"https://lh3.googleusercontent.com/gps-cs-s/AHRPTWmvm90GLRySCo4gUqKI_yhh6hrRUm1p03H_4PyufCCfD8b6v6-CDw1zrqgo2---n6Hr_d_g6er4FZP8idRvw6-nSk2UbtHS-0wnv6imvoQgsKgiBNsVbXsxY7ZQC8l44ZhqvzqHvw=w408-h395-k-no","false","true","/g/12hmt6sh_","es-419","0","-2.1281964","-79.8868048",,"Los Sauces",,"false","ChIJn_5E3DxtLZARRbNyMxnxLew","090504","$5-10","Hace 10 meses","2025-09-30T11:26:09.689Z",,,,,,"Es un poco difícil encontrar estacionamiento",,"Ningún evento especial","Ruido moderado","Estacionamiento gratuito",,,"$5-10",,,,"Sin espera",,,,"4","5","5","Ci9DQUlRQUNvZENodHljRjlvT2w5a2FuVktRbUUwUTJkVlVtcFpObXBRVEMxdWVGRRAB",,,,,,,,"Google",,,"7",,,"1606","2026-08-08T17:32:25.309Z","Direct Detail URL: https://www.google.com/maps/place/Parrillada+Restaurant+El+Dorado+Sauces+3/@-2.1265971,-79.8975452,12.68z/data=!4m10!1m2!2m1!1sEl+Dorado!3m6!1s0x902d6d3cdc44fe9f:0xec2df1193372b345!8m2!3d-2.1281964!4d-79.8868048!15sCglFbCBEb3JhZG9aCyIJZWwgZG9yYWRvkgEKcmVzdGF1cmFudOABAA!16s%2Fg%2F12hmt6sh_?entry=ttu&g_ep=EgoyMDI2MDgwNS4xIKXMDSoASAFQAw%3D%3D","5",,"Rodrigo Icaza Cornejo Manzana 139","false",,,"Parrillada Restaurant El Dorado Sauces 3","4.4",,"https://www.google.com/maps/search/?api=1&query=Parrillada%20Restaurant%20El%20Dorado%20Sauces%203&query_place_id=ChIJn_5E3DxtLZARRbNyMxnxLew",
"Rodrigo Icaza Cornejo Manzana 139, 090504 Guayaquil, Ecuador","Restaurante","Restaurante","17018523657442603845","Guayaquil","EC","0x902d6d3cdc44fe9f:0xec2df1193372b345",,"https://lh3.googleusercontent.com/gps-cs-s/AHRPTWmvm90GLRySCo4gUqKI_yhh6hrRUm1p03H_4PyufCCfD8b6v6-CDw1zrqgo2---n6Hr_d_g6er4FZP8idRvw6-nSk2UbtHS-0wnv6imvoQgsKgiBNsVbXsxY7ZQC8l44ZhqvzqHvw=w408-h395-k-no","false","false","/g/12hmt6sh_","es-419","0","-2.1281964","-79.8868048",,"Los Sauces",,"false","ChIJn_5E3DxtLZARRbNyMxnxLew","090504","$5-10","Hace 10 meses","2025-09-27T04:27:24.593Z",,,,,,,,,,,,,,,,,,,,,"5","4","3","Ci9DQUlRQUNvZENodHljRjlvT21wcGExaEJhMUJyWHpKUFl6UkpRMjl0UVdwclVrRRAB",,,,,,,,"Google",,,"0",,,"1606","2026-08-08T17:32:25.309Z","Direct Detail URL: https://www.google.com/maps/place/Parrillada+Restaurant+El+Dorado+Sauces+3/@-2.1265971,-79.8975452,12.68z/data=!4m10!1m2!2m1!1sEl+Dorado!3m6!1s0x902d6d3cdc44fe9f:0xec2df1193372b345!8m2!3d-2.1281964!4d-79.8868048!15sCglFbCBEb3JhZG9aCyIJZWwgZG9yYWRvkgEKcmVzdGF1cmFudOABAA!16s%2Fg%2F12hmt6sh_?entry=ttu&g_ep=EgoyMDI2MDgwNS4xIKXMDSoASAFQAw%3D%3D","4",,"Rodrigo Icaza Cornejo Manzana 139","false",,,"Parrillada Restaurant El Dorado Sauces 3","4.4",,"https://www.google.com/maps/search/?api=1&query=Parrillada%20Restaurant%20El%20Dorado%20Sauces%203&query_place_id=ChIJn_5E3DxtLZARRbNyMxnxLew",
"Rodrigo Icaza Cornejo Manzana 139, 090504 Guayaquil, Ecuador","Restaurante","Restaurante","17018523657442603845","Guayaquil","EC","0x902d6d3cdc44fe9f:0xec2df1193372b345",,"https://lh3.googleusercontent.com/gps-cs-s/AHRPTWmvm90GLRySCo4gUqKI_yhh6hrRUm1p03H_4PyufCCfD8b6v6-CDw1zrqgo2---n6Hr_d_g6er4FZP8idRvw6-nSk2UbtHS-0wnv6imvoQgsKgiBNsVbXsxY7ZQC8l44ZhqvzqHvw=w408-h395-k-no","false","true","/g/12hmt6sh_","es-419","0","-2.1281964","-79.8868048",,"Los Sauces",,"false","ChIJn_5E3DxtLZARRbNyMxnxLew","090504","$5-10","Hace 10 meses","2025-09-10T04:22:09.434Z",,,,,,,,,,,,,,,,,,,,,"4","4","4","Ci9DQUlRQUNvZENodHljRjlvT25VNVRIZDRPQzB5ZFcxNldHSlZTbkJoYjBZdFRXYxAB",,,,,,,,"Google",,,"8",,,"1606","2026-08-08T17:32:25.309Z","Direct Detail URL: https://www.google.com/maps/place/Parrillada+Restaurant+El+Dorado+Sauces+3/@-2.1265971,-79.8975452,12.68z/data=!4m10!1m2!2m1!1sEl+Dorado!3m6!1s0x902d6d3cdc44fe9f:0xec2df1193372b345!8m2!3d-2.1281964!4d-79.8868048!15sCglFbCBEb3JhZG9aCyIJZWwgZG9yYWRvkgEKcmVzdGF1cmFudOABAA!16s%2Fg%2F12hmt6sh_?entry=ttu&g_ep=EgoyMDI2MDgwNS4xIKXMDSoASAFQAw%3D%3D","4",,"Rodrigo Icaza Cornejo Manzana 139","false",,,"Parrillada Restaurant El Dorado Sauces 3","4.4",,"https://www.google.com/maps/search/?api=1&query=Parrillada%20Restaurant%20El%20Dorado%20Sauces%203&query_place_id=ChIJn_5E3DxtLZARRbNyMxnxLew",
"Rodrigo Icaza Cornejo Manzana 139, 090504 Guayaquil, Ecuador","Restaurante","Restaurante","17018523657442603845","Guayaquil","EC","0x902d6d3cdc44fe9f:0xec2df1193372b345",,"https://lh3.googleusercontent.com/gps-cs-s/AHRPTWmvm90GLRySCo4gUqKI_yhh6hrRUm1p03H_4PyufCCfD8b6v6-CDw1zrqgo2---n6Hr_d_g6er4FZP8idRvw6-nSk2UbtHS-0wnv6imvoQgsKgiBNsVbXsxY7ZQC8l44ZhqvzqHvw=w408-h395-k-no","false","true","/g/12hmt6sh_","es-419","0","-2.1281964","-79.8868048",,"Los Sauces",,"false","ChIJn_5E3DxtLZARRbNyMxnxLew","090504","$5-10","Hace 10 meses","2025-09-09T23:48:53.054Z",,,,,,,,,,,,,,,,,,,,,,,,"Ci9DQUlRQUNvZENodHljRjlvT2t4dlpYRTNaekJsUzBoTWJtdzBjRGhOZWpNd2FYYxAB",,,,,,,,"Google",,,"46",,,"1606","2026-08-08T17:32:25.309Z","Direct Detail URL: https://www.google.com/maps/place/Parrillada+Restaurant+El+Dorado+Sauces+3/@-2.1265971,-79.8975452,12.68z/data=!4m10!1m2!2m1!1sEl+Dorado!3m6!1s0x902d6d3cdc44fe9f:0xec2df1193372b345!8m2!3d-2.1281964!4d-79.8868048!15sCglFbCBEb3JhZG9aCyIJZWwgZG9yYWRvkgEKcmVzdGF1cmFudOABAA!16s%2Fg%2F12hmt6sh_?entry=ttu&g_ep=EgoyMDI2MDgwNS4xIKXMDSoASAFQAw%3D%3D","5",,"Rodrigo Icaza Cornejo Manzana 139","false",,,"Parrillada Restaurant El Dorado Sauces 3","4.4",,"https://www.google.com/maps/search/?api=1&query=Parrillada%20Restaurant%20El%20Dorado%20Sauces%203&query_place_id=ChIJn_5E3DxtLZARRbNyMxnxLew",
"Rodrigo Icaza Cornejo Manzana 139, 090504 Guayaquil, Ecuador","Restaurante","Restaurante","17018523657442603845","Guayaquil","EC","0x902d6d3cdc44fe9f:0xec2df1193372b345",,"https://lh3.googleusercontent.com/gps-cs-s/AHRPTWmvm90GLRySCo4gUqKI_yhh6hrRUm1p03H_4PyufCCfD8b6v6-CDw1zrqgo2---n6Hr_d_g6er4FZP8idRvw6-nSk2UbtHS-0wnv6imvoQgsKgiBNsVbXsxY7ZQC8l44ZhqvzqHvw=w408-h395-k-no","false","false","/g/12hmt6sh_","es-419","0","-2.1281964","-79.8868048",,"Los Sauces",,"false","ChIJn_5E3DxtLZARRbNyMxnxLew","090504","$5-10","Hace 11 meses","2025-08-29T17:56:30.333Z",,,,,,,,,,,,,,,,,,,,,,,,"Ci9DQUlRQUNvZENodHljRjlvT2t0WE9HdG9NVm95WTFSU1dIWlZUbUpvY2w5a1JIYxAB",,,,,,,,"Google",,,"0",,,"1606","2026-08-08T17:32:25.309Z","Direct Detail URL: https://www.google.com/maps/place/Parrillada+Restaurant+El+Dorado+Sauces+3/@-2.1265971,-79.8975452,12.68z/data=!4m10!1m2!2m1!1sEl+Dorado!3m6!1s0x902d6d3cdc44fe9f:0xec2df1193372b345!8m2!3d-2.1281964!4d-79.8868048!15sCglFbCBEb3JhZG9aCyIJZWwgZG9yYWRvkgEKcmVzdGF1cmFudOABAA!16s%2Fg%2F12hmt6sh_?entry=ttu&g_ep=EgoyMDI2MDgwNS4xIKXMDSoASAFQAw%3D%3D","4",,"Rodrigo Icaza Cornejo Manzana 139","false",,,"Parrillada Restaurant El Dorado Sauces 3","4.4",,"https://www.google.com/maps/search/?api=1&query=Parrillada%20Restaurant%20El%20Dorado%20Sauces%203&query_place_id=ChIJn_5E3DxtLZARRbNyMxnxLew",
"Rodrigo Icaza Cornejo Manzana 139, 090504 Guayaquil, Ecuador","Restaurante","Restaurante","17018523657442603845","Guayaquil","EC","0x902d6d3cdc44fe9f:0xec2df1193372b345",,"https://lh3.googleusercontent.com/gps-cs-s/AHRPTWmvm90GLRySCo4gUqKI_yhh6hrRUm1p03H_4PyufCCfD8b6v6-CDw1zrqgo2---n6Hr_d_g6er4FZP8idRvw6-nSk2UbtHS-0wnv6imvoQgsKgiBNsVbXsxY7ZQC8l44ZhqvzqHvw=w408-h395-k-no","false","false","/g/12hmt6sh_","es-419","0","-2.1281964","-79.8868048",,"Los Sauces","es","false","ChIJn_5E3DxtLZARRbNyMxnxLew","090504","$5-10","Hace 11 meses","2025-08-20T20:20:33.027Z",,,,,,,,,"Ruido moderado",,,,,,,"Apto para grupos de todos los tamaños","Hasta 10 min",,,,"5","5","5","Ci9DQUlRQUNvZENodHljRjlvT21OYVRtY3hkbFJqWW1sRmVrdGlPRU5IY1d3eGRVRRAB",,,,,,,,"Google",,,"5",,,"1606","2026-08-08T17:32:25.309Z","Direct Detail URL: https://www.google.com/maps/place/Parrillada+Restaurant+El+Dorado+Sauces+3/@-2.1265971,-79.8975452,12.68z/data=!4m10!1m2!2m1!1sEl+Dorado!3m6!1s0x902d6d3cdc44fe9f:0xec2df1193372b345!8m2!3d-2.1281964!4d-79.8868048!15sCglFbCBEb3JhZG9aCyIJZWwgZG9yYWRvkgEKcmVzdGF1cmFudOABAA!16s%2Fg%2F12hmt6sh_?entry=ttu&g_ep=EgoyMDI2MDgwNS4xIKXMDSoASAFQAw%3D%3D","5",,"Rodrigo Icaza Cornejo Manzana 139","false","me gusta mucho ♥️ la atención de sus meseros siempre es buena en todos los locales",,"Parrillada Restaurant El Dorado Sauces 3","4.4",,"https://www.google.com/maps/search/?api=1&query=Parrillada%20Restaurant%20El%20Dorado%20Sauces%203&query_place_id=ChIJn_5E3DxtLZARRbNyMxnxLew",
"Rodrigo Icaza Cornejo Manzana 139, 090504 Guayaquil, Ecuador","Restaurante","Restaurante","17018523657442603845","Guayaquil","EC","0x902d6d3cdc44fe9f:0xec2df1193372b345",,"https://lh3.googleusercontent.com/gps-cs-s/AHRPTWmvm90GLRySCo4gUqKI_yhh6hrRUm1p03H_4PyufCCfD8b6v6-CDw1zrqgo2---n6Hr_d_g6er4FZP8idRvw6-nSk2UbtHS-0wnv6imvoQgsKgiBNsVbXsxY7ZQC8l44ZhqvzqHvw=w408-h395-k-no","false","true","/g/12hmt6sh_","es-419","0","-2.1281964","-79.8868048",,"Los Sauces","es","false","ChIJn_5E3DxtLZARRbNyMxnxLew","090504","$5-10","Hace 11 meses","2025-08-15T14:35:45.501Z",,,,,,,,,,,,,,,,,,,,,"5","5","5","Ci9DQUlRQUNvZENodHljRjlvT25aTU0wVmtkV2szVm5aeU1FWmFaRFJKVjJKZldFRRAB",,,,,,,,"Google",,,"294",,,"1606","2026-08-08T17:32:25.309Z","Direct Detail URL: https://www.google.com/maps/place/Parrillada+Restaurant+El+Dorado+Sauces+3/@-2.1265971,-79.8975452,12.68z/data=!4m10!1m2!2m1!1sEl+Dorado!3m6!1s0x902d6d3cdc44fe9f:0xec2df1193372b345!8m2!3d-2.1281964!4d-79.8868048!15sCglFbCBEb3JhZG9aCyIJZWwgZG9yYWRvkgEKcmVzdGF1cmFudOABAA!16s%2Fg%2F12hmt6sh_?entry=ttu&g_ep=EgoyMDI2MDgwNS4xIKXMDSoASAFQAw%3D%3D","5",,"Rodrigo Icaza Cornejo Manzana 139","false","Muy bueno, lo recomiendo",,"Parrillada Restaurant El Dorado Sauces 3","4.4",,"https://www.google.com/maps/search/?api=1&query=Parrillada%20Restaurant%20El%20Dorado%20Sauces%203&query_place_id=ChIJn_5E3DxtLZARRbNyMxnxLew",
"Rodrigo Icaza Cornejo Manzana 139, 090504 Guayaquil, Ecuador","Restaurante","Restaurante","17018523657442603845","Guayaquil","EC","0x902d6d3cdc44fe9f:0xec2df1193372b345",,"https://lh3.googleusercontent.com/gps-cs-s/AHRPTWmvm90GLRySCo4gUqKI_yhh6hrRUm1p03H_4PyufCCfD8b6v6-CDw1zrqgo2---n6Hr_d_g6er4FZP8idRvw6-nSk2UbtHS-0wnv6imvoQgsKgiBNsVbXsxY7ZQC8l44ZhqvzqHvw=w408-h395-k-no","false","true","/g/12hmt6sh_","es-419","0","-2.1281964","-79.8868048",,"Los Sauces",,"false","ChIJn_5E3DxtLZARRbNyMxnxLew","090504","$5-10","Editado Hace 11 meses","2025-08-10T04:03:37.552Z",,,,,,,,,,,,,,,,,,,,,"5","5","5","ChdDSUhNMG9nS0VJQ0FnSURmMktlZ3R3RRAB",,,,,,,,"Google",,,"89",,,"1606","2026-08-08T17:32:25.309Z","Direct Detail URL: https://www.google.com/maps/place/Parrillada+Restaurant+El+Dorado+Sauces+3/@-2.1265971,-79.8975452,12.68z/data=!4m10!1m2!2m1!1sEl+Dorado!3m6!1s0x902d6d3cdc44fe9f:0xec2df1193372b345!8m2!3d-2.1281964!4d-79.8868048!15sCglFbCBEb3JhZG9aCyIJZWwgZG9yYWRvkgEKcmVzdGF1cmFudOABAA!16s%2Fg%2F12hmt6sh_?entry=ttu&g_ep=EgoyMDI2MDgwNS4xIKXMDSoASAFQAw%3D%3D","5",,"Rodrigo Icaza Cornejo Manzana 139","false",,,"Parrillada Restaurant El Dorado Sauces 3","4.4",,"https://www.google.com/maps/search/?api=1&query=Parrillada%20Restaurant%20El%20Dorado%20Sauces%203&query_place_id=ChIJn_5E3DxtLZARRbNyMxnxLew",
"Rodrigo Icaza Cornejo Manzana 139, 090504 Guayaquil, Ecuador","Restaurante","Restaurante","17018523657442603845","Guayaquil","EC","0x902d6d3cdc44fe9f:0xec2df1193372b345",,"https://lh3.googleusercontent.com/gps-cs-s/AHRPTWmvm90GLRySCo4gUqKI_yhh6hrRUm1p03H_4PyufCCfD8b6v6-CDw1zrqgo2---n6Hr_d_g6er4FZP8idRvw6-nSk2UbtHS-0wnv6imvoQgsKgiBNsVbXsxY7ZQC8l44ZhqvzqHvw=w408-h395-k-no","false","false","/g/12hmt6sh_","es-419","0","-2.1281964","-79.8868048",,"Los Sauces",,"false","ChIJn_5E3DxtLZARRbNyMxnxLew","090504","$5-10","Hace 11 meses","2025-08-09T19:07:48.747Z",,,,,,,,,"Silencioso, agradable para conversar",,,,,,,"3 o 4 personas","Hasta 10 min",,"Cena",,"5","5","5","Ci9DQUlRQUNvZENodHljRjlvT25kdU1EUnVPRFJyZVVWVE1YTTBaR1kzYVdKRVVGRRAB",,,,,,,,"Google",,,"0",,,"1606","2026-08-08T17:32:25.309Z","Direct Detail URL: https://www.google.com/maps/place/Parrillada+Restaurant+El+Dorado+Sauces+3/@-2.1265971,-79.8975452,12.68z/data=!4m10!1m2!2m1!1sEl+Dorado!3m6!1s0x902d6d3cdc44fe9f:0xec2df1193372b345!8m2!3d-2.1281964!4d-79.8868048!15sCglFbCBEb3JhZG9aCyIJZWwgZG9yYWRvkgEKcmVzdGF1cmFudOABAA!16s%2Fg%2F12hmt6sh_?entry=ttu&g_ep=EgoyMDI2MDgwNS4xIKXMDSoASAFQAw%3D%3D","5",,"Rodrigo Icaza Cornejo Manzana 139","false",,,"Parrillada Restaurant El Dorado Sauces 3","4.4",,"https://www.google.com/maps/search/?api=1&query=Parrillada%20Restaurant%20El%20Dorado%20Sauces%203&query_place_id=ChIJn_5E3DxtLZARRbNyMxnxLew",
"Rodrigo Icaza Cornejo Manzana 139, 090504 Guayaquil, Ecuador","Restaurante","Restaurante","17018523657442603845","Guayaquil","EC","0x902d6d3cdc44fe9f:0xec2df1193372b345",,"https://lh3.googleusercontent.com/gps-cs-s/AHRPTWmvm90GLRySCo4gUqKI_yhh6hrRUm1p03H_4PyufCCfD8b6v6-CDw1zrqgo2---n6Hr_d_g6er4FZP8idRvw6-nSk2UbtHS-0wnv6imvoQgsKgiBNsVbXsxY7ZQC8l44ZhqvzqHvw=w408-h395-k-no","false","false","/g/12hmt6sh_","es-419","0","-2.1281964","-79.8868048",,"Los Sauces",,"false","ChIJn_5E3DxtLZARRbNyMxnxLew","090504","$5-10","Hace un año","2025-08-06T15:59:58.715Z",,,,,,,,,,,,,,,,,,,,,,,,"Ci9DQUlRQUNvZENodHljRjlvT2t4M1RUbGFhemhPZUVwcFZsRTJjbTE2UlVKTlIzYxAB",,,,,,,,"Google",,,"6",,,"1606","2026-08-08T17:32:25.309Z","Direct Detail URL: https://www.google.com/maps/place/Parrillada+Restaurant+El+Dorado+Sauces+3/@-2.1265971,-79.8975452,12.68z/data=!4m10!1m2!2m1!1sEl+Dorado!3m6!1s0x902d6d3cdc44fe9f:0xec2df1193372b345!8m2!3d-2.1281964!4d-79.8868048!15sCglFbCBEb3JhZG9aCyIJZWwgZG9yYWRvkgEKcmVzdGF1cmFudOABAA!16s%2Fg%2F12hmt6sh_?entry=ttu&g_ep=EgoyMDI2MDgwNS4xIKXMDSoASAFQAw%3D%3D","5",,"Rodrigo Icaza Cornejo Manzana 139","false",,,"Parrillada Restaurant El Dorado Sauces 3","4.4",,"https://www.google.com/maps/search/?api=1&query=Parrillada%20Restaurant%20El%20Dorado%20Sauces%203&query_place_id=ChIJn_5E3DxtLZARRbNyMxnxLew",
"Rodrigo Icaza Cornejo Manzana 139, 090504 Guayaquil, Ecuador","Restaurante","Restaurante","17018523657442603845","Guayaquil","EC","0x902d6d3cdc44fe9f:0xec2df1193372b345",,"https://lh3.googleusercontent.com/gps-cs-s/AHRPTWmvm90GLRySCo4gUqKI_yhh6hrRUm1p03H_4PyufCCfD8b6v6-CDw1zrqgo2---n6Hr_d_g6er4FZP8idRvw6-nSk2UbtHS-0wnv6imvoQgsKgiBNsVbXsxY7ZQC8l44ZhqvzqHvw=w408-h395-k-no","false","false","/g/12hmt6sh_","es-419","0","-2.1281964","-79.8868048",,"Los Sauces",,"false","ChIJn_5E3DxtLZARRbNyMxnxLew","090504","$5-10","Hace un año","2025-08-04T02:07:35.104Z",,,,,,,,,,,,,,,,,,,,,,,,"Ci9DQUlRQUNvZENodHljRjlvT2tvd1kyWTJRMWd3VGpKV1pXa3hRalV6TXkxWVEyYxAB",,,,,,,,"Google",,,"2",,,"1606","2026-08-08T17:32:25.309Z","Direct Detail URL: https://www.google.com/maps/place/Parrillada+Restaurant+El+Dorado+Sauces+3/@-2.1265971,-79.8975452,12.68z/data=!4m10!1m2!2m1!1sEl+Dorado!3m6!1s0x902d6d3cdc44fe9f:0xec2df1193372b345!8m2!3d-2.1281964!4d-79.8868048!15sCglFbCBEb3JhZG9aCyIJZWwgZG9yYWRvkgEKcmVzdGF1cmFudOABAA!16s%2Fg%2F12hmt6sh_?entry=ttu&g_ep=EgoyMDI2MDgwNS4xIKXMDSoASAFQAw%3D%3D","5",,"Rodrigo Icaza Cornejo Manzana 139","false",,,"Parrillada Restaurant El Dorado Sauces 3","4.4",,"https://www.google.com/maps/search/?api=1&query=Parrillada%20Restaurant%20El%20Dorado%20Sauces%203&query_place_id=ChIJn_5E3DxtLZARRbNyMxnxLew",
"Rodrigo Icaza Cornejo Manzana 139, 090504 Guayaquil, Ecuador","Restaurante","Restaurante","17018523657442603845","Guayaquil","EC","0x902d6d3cdc44fe9f:0xec2df1193372b345",,"https://lh3.googleusercontent.com/gps-cs-s/AHRPTWmvm90GLRySCo4gUqKI_yhh6hrRUm1p03H_4PyufCCfD8b6v6-CDw1zrqgo2---n6Hr_d_g6er4FZP8idRvw6-nSk2UbtHS-0wnv6imvoQgsKgiBNsVbXsxY7ZQC8l44ZhqvzqHvw=w408-h395-k-no","false","true","/g/12hmt6sh_","es-419","0","-2.1281964","-79.8868048",,"Los Sauces",,"false","ChIJn_5E3DxtLZARRbNyMxnxLew","090504","$5-10","Hace un año","2025-07-24T22:24:46.751Z",,,,,,,,,,,,,,,,,"De 10 a 30 min",,,,"5","5","5","Ci9DQUlRQUNvZENodHljRjlvT214ZlpFZHNWR3BuZFZneVRVeFpRalEwVHpFMGIwRRAB",,,,,,,,"Google",,,"20",,,"1606","2026-08-08T17:32:25.309Z","Direct Detail URL: https://www.google.com/maps/place/Parrillada+Restaurant+El+Dorado+Sauces+3/@-2.1265971,-79.8975452,12.68z/data=!4m10!1m2!2m1!1sEl+Dorado!3m6!1s0x902d6d3cdc44fe9f:0xec2df1193372b345!8m2!3d-2.1281964!4d-79.8868048!15sCglFbCBEb3JhZG9aCyIJZWwgZG9yYWRvkgEKcmVzdGF1cmFudOABAA!16s%2Fg%2F12hmt6sh_?entry=ttu&g_ep=EgoyMDI2MDgwNS4xIKXMDSoASAFQAw%3D%3D","5",,"Rodrigo Icaza Cornejo Manzana 139","false",,,"Parrillada Restaurant El Dorado Sauces 3","4.4",,"https://www.google.com/maps/search/?api=1&query=Parrillada%20Restaurant%20El%20Dorado%20Sauces%203&query_place_id=ChIJn_5E3DxtLZARRbNyMxnxLew",
"Rodrigo Icaza Cornejo Manzana 139, 090504 Guayaquil, Ecuador","Restaurante","Restaurante","17018523657442603845","Guayaquil","EC","0x902d6d3cdc44fe9f:0xec2df1193372b345",,"https://lh3.googleusercontent.com/gps-cs-s/AHRPTWmvm90GLRySCo4gUqKI_yhh6hrRUm1p03H_4PyufCCfD8b6v6-CDw1zrqgo2---n6Hr_d_g6er4FZP8idRvw6-nSk2UbtHS-0wnv6imvoQgsKgiBNsVbXsxY7ZQC8l44ZhqvzqHvw=w408-h395-k-no","false","true","/g/12hmt6sh_","es-419","0","-2.1281964","-79.8868048",,"Los Sauces","es","false","ChIJn_5E3DxtLZARRbNyMxnxLew","090504","$5-10","Hace un año","2025-07-23T03:12:43.974Z",,,,,,,,,,,,,,,,,,,,,"4","2","3","Ci9DQUlRQUNvZENodHljRjlvT2tWcUxVUktTblpvV0RSVVJWcHllRTh6YjJacmRVRRAB",,,,,,,,"Google",,,"5",,,"1606","2026-08-08T17:32:25.309Z","Direct Detail URL: https://www.google.com/maps/place/Parrillada+Restaurant+El+Dorado+Sauces+3/@-2.1265971,-79.8975452,12.68z/data=!4m10!1m2!2m1!1sEl+Dorado!3m6!1s0x902d6d3cdc44fe9f:0xec2df1193372b345!8m2!3d-2.1281964!4d-79.8868048!15sCglFbCBEb3JhZG9aCyIJZWwgZG9yYWRvkgEKcmVzdGF1cmFudOABAA!16s%2Fg%2F12hmt6sh_?entry=ttu&g_ep=EgoyMDI2MDgwNS4xIKXMDSoASAFQAw%3D%3D","2",,"Rodrigo Icaza Cornejo Manzana 139","false","Las hamburguesas no son nada del otro mundo, pero no tiene la misma cantidad de carne que dicen tener sino que es mucho menos de la mitad y consigo casi lo mismo por la mitad de precio en otros puestitos mas humildes.
El ribeye si estuvo bien.",,"Parrillada Restaurant El Dorado Sauces 3","4.4",,"https://www.google.com/maps/search/?api=1&query=Parrillada%20Restaurant%20El%20Dorado%20Sauces%203&query_place_id=ChIJn_5E3DxtLZARRbNyMxnxLew",
"Rodrigo Icaza Cornejo Manzana 139, 090504 Guayaquil, Ecuador","Restaurante","Restaurante","17018523657442603845","Guayaquil","EC","0x902d6d3cdc44fe9f:0xec2df1193372b345",,"https://lh3.googleusercontent.com/gps-cs-s/AHRPTWmvm90GLRySCo4gUqKI_yhh6hrRUm1p03H_4PyufCCfD8b6v6-CDw1zrqgo2---n6Hr_d_g6er4FZP8idRvw6-nSk2UbtHS-0wnv6imvoQgsKgiBNsVbXsxY7ZQC8l44ZhqvzqHvw=w408-h395-k-no","false","false","/g/12hmt6sh_","es-419","0","-2.1281964","-79.8868048",,"Los Sauces",,"false","ChIJn_5E3DxtLZARRbNyMxnxLew","090504","$5-10","Hace un año","2025-07-08T04:39:30.622Z",,,,,,,,,,,,,,,,,,,,,"5","5","5","Ci9DQUlRQUNvZENodHljRjlvT21wMlZ6QjVjamxzUmpVMVJYbDVOMDV3ZUZKdVFYYxAB",,,,,,,,"Google",,,"1",,,"1606","2026-08-08T17:32:25.309Z","Direct Detail URL: https://www.google.com/maps/place/Parrillada+Restaurant+El+Dorado+Sauces+3/@-2.1265971,-79.8975452,12.68z/data=!4m10!1m2!2m1!1sEl+Dorado!3m6!1s0x902d6d3cdc44fe9f:0xec2df1193372b345!8m2!3d-2.1281964!4d-79.8868048!15sCglFbCBEb3JhZG9aCyIJZWwgZG9yYWRvkgEKcmVzdGF1cmFudOABAA!16s%2Fg%2F12hmt6sh_?entry=ttu&g_ep=EgoyMDI2MDgwNS4xIKXMDSoASAFQAw%3D%3D","5",,"Rodrigo Icaza Cornejo Manzana 139","false",,,"Parrillada Restaurant El Dorado Sauces 3","4.4",,"https://www.google.com/maps/search/?api=1&query=Parrillada%20Restaurant%20El%20Dorado%20Sauces%203&query_place_id=ChIJn_5E3DxtLZARRbNyMxnxLew",
"Rodrigo Icaza Cornejo Manzana 139, 090504 Guayaquil, Ecuador","Restaurante","Restaurante","17018523657442603845","Guayaquil","EC","0x902d6d3cdc44fe9f:0xec2df1193372b345",,"https://lh3.googleusercontent.com/gps-cs-s/AHRPTWmvm90GLRySCo4gUqKI_yhh6hrRUm1p03H_4PyufCCfD8b6v6-CDw1zrqgo2---n6Hr_d_g6er4FZP8idRvw6-nSk2UbtHS-0wnv6imvoQgsKgiBNsVbXsxY7ZQC8l44ZhqvzqHvw=w408-h395-k-no","false","true","/g/12hmt6sh_","es-419","0","-2.1281964","-79.8868048",,"Los Sauces",,"false","ChIJn_5E3DxtLZARRbNyMxnxLew","090504","$5-10","Hace un año","2025-07-05T19:43:41.085Z",,,,,,,,,,,,,,,,,,,,,,,,"Ci9DQUlRQUNvZENodHljRjlvT2pGa1JXeEZWR05HVUhBNVZUVjBkRTF6Ym0xdmFYYxAB",,,,,,,,"Google",,,"11",,,"1606","2026-08-08T17:32:25.309Z","Direct Detail URL: https://www.google.com/maps/place/Parrillada+Restaurant+El+Dorado+Sauces+3/@-2.1265971,-79.8975452,12.68z/data=!4m10!1m2!2m1!1sEl+Dorado!3m6!1s0x902d6d3cdc44fe9f:0xec2df1193372b345!8m2!3d-2.1281964!4d-79.8868048!15sCglFbCBEb3JhZG9aCyIJZWwgZG9yYWRvkgEKcmVzdGF1cmFudOABAA!16s%2Fg%2F12hmt6sh_?entry=ttu&g_ep=EgoyMDI2MDgwNS4xIKXMDSoASAFQAw%3D%3D","5",,"Rodrigo Icaza Cornejo Manzana 139","false",,,"Parrillada Restaurant El Dorado Sauces 3","4.4",,"https://www.google.com/maps/search/?api=1&query=Parrillada%20Restaurant%20El%20Dorado%20Sauces%203&query_place_id=ChIJn_5E3DxtLZARRbNyMxnxLew",
"Rodrigo Icaza Cornejo Manzana 139, 090504 Guayaquil, Ecuador","Restaurante","Restaurante","17018523657442603845","Guayaquil","EC","0x902d6d3cdc44fe9f:0xec2df1193372b345",,"https://lh3.googleusercontent.com/gps-cs-s/AHRPTWmvm90GLRySCo4gUqKI_yhh6hrRUm1p03H_4PyufCCfD8b6v6-CDw1zrqgo2---n6Hr_d_g6er4FZP8idRvw6-nSk2UbtHS-0wnv6imvoQgsKgiBNsVbXsxY7ZQC8l44ZhqvzqHvw=w408-h395-k-no","false","true","/g/12hmt6sh_","es-419","0","-2.1281964","-79.8868048",,"Los Sauces",,"false","ChIJn_5E3DxtLZARRbNyMxnxLew","090504","$5-10","Hace un año","2025-06-25T00:53:06.180Z",,,,,,,,,,,,,,,,,,,,,"4","4","4","Ci9DQUlRQUNvZENodHljRjlvT2pKV2FFSmZjMmR6VUZVMlVHSnJSbWhyTUVrNFkwRRAB",,,,,,,,"Google",,,"124",,,"1606","2026-08-08T17:32:25.309Z","Direct Detail URL: https://www.google.com/maps/place/Parrillada+Restaurant+El+Dorado+Sauces+3/@-2.1265971,-79.8975452,12.68z/data=!4m10!1m2!2m1!1sEl+Dorado!3m6!1s0x902d6d3cdc44fe9f:0xec2df1193372b345!8m2!3d-2.1281964!4d-79.8868048!15sCglFbCBEb3JhZG9aCyIJZWwgZG9yYWRvkgEKcmVzdGF1cmFudOABAA!16s%2Fg%2F12hmt6sh_?entry=ttu&g_ep=EgoyMDI2MDgwNS4xIKXMDSoASAFQAw%3D%3D","4",,"Rodrigo Icaza Cornejo Manzana 139","false",,,"Parrillada Restaurant El Dorado Sauces 3","4.4",,"https://www.google.com/maps/search/?api=1&query=Parrillada%20Restaurant%20El%20Dorado%20Sauces%203&query_place_id=ChIJn_5E3DxtLZARRbNyMxnxLew",
"Rodrigo Icaza Cornejo Manzana 139, 090504 Guayaquil, Ecuador","Restaurante","Restaurante","17018523657442603845","Guayaquil","EC","0x902d6d3cdc44fe9f:0xec2df1193372b345",,"https://lh3.googleusercontent.com/gps-cs-s/AHRPTWmvm90GLRySCo4gUqKI_yhh6hrRUm1p03H_4PyufCCfD8b6v6-CDw1zrqgo2---n6Hr_d_g6er4FZP8idRvw6-nSk2UbtHS-0wnv6imvoQgsKgiBNsVbXsxY7ZQC8l44ZhqvzqHvw=w408-h395-k-no","false","true","/g/12hmt6sh_","es-419","0","-2.1281964","-79.8868048",,"Los Sauces",,"false","ChIJn_5E3DxtLZARRbNyMxnxLew","090504","$5-10","Hace un año","2025-06-09T23:30:33.594Z",,,,,,,,"Ningún evento especial",,,,,"$10-15","No lo sé",,,"Sin espera",,,,"3","5","4","ChZDSUhNMG9nS0VMNjAyUDJiNXRYVGFREAE",,,,,,,,"Google",,,"101",,,"1606","2026-08-08T17:32:25.309Z","Direct Detail URL: https://www.google.com/maps/place/Parrillada+Restaurant+El+Dorado+Sauces+3/@-2.1265971,-79.8975452,12.68z/data=!4m10!1m2!2m1!1sEl+Dorado!3m6!1s0x902d6d3cdc44fe9f:0xec2df1193372b345!8m2!3d-2.1281964!4d-79.8868048!15sCglFbCBEb3JhZG9aCyIJZWwgZG9yYWRvkgEKcmVzdGF1cmFudOABAA!16s%2Fg%2F12hmt6sh_?entry=ttu&g_ep=EgoyMDI2MDgwNS4xIKXMDSoASAFQAw%3D%3D","4",,"Rodrigo Icaza Cornejo Manzana 139","false",,,"Parrillada Restaurant El Dorado Sauces 3","4.4",,"https://www.google.com/maps/search/?api=1&query=Parrillada%20Restaurant%20El%20Dorado%20Sauces%203&query_place_id=ChIJn_5E3DxtLZARRbNyMxnxLew",
"Rodrigo Icaza Cornejo Manzana 139, 090504 Guayaquil, Ecuador","Restaurante","Restaurante","17018523657442603845","Guayaquil","EC","0x902d6d3cdc44fe9f:0xec2df1193372b345",,"https://lh3.googleusercontent.com/gps-cs-s/AHRPTWmvm90GLRySCo4gUqKI_yhh6hrRUm1p03H_4PyufCCfD8b6v6-CDw1zrqgo2---n6Hr_d_g6er4FZP8idRvw6-nSk2UbtHS-0wnv6imvoQgsKgiBNsVbXsxY7ZQC8l44ZhqvzqHvw=w408-h395-k-no","false","true","/g/12hmt6sh_","es-419","0","-2.1281964","-79.8868048",,"Los Sauces","es","false","ChIJn_5E3DxtLZARRbNyMxnxLew","090504","$5-10","Hace un año","2025-06-03T15:20:44.769Z",,,,,,,,,"Ruido moderado",,,,,,,"Entre 5 y 8 personas","Sin espera","Comedor cubierto",,,"2","1","1","ChdDSUhNMG9nS0VMdlB5NnVPcjlTX3FRRRAB",,,,,,,,"Google",,,"15",,,"1606","2026-08-08T17:32:25.309Z","Direct Detail URL: https://www.google.com/maps/place/Parrillada+Restaurant+El+Dorado+Sauces+3/@-2.1265971,-79.8975452,12.68z/data=!4m10!1m2!2m1!1sEl+Dorado!3m6!1s0x902d6d3cdc44fe9f:0xec2df1193372b345!8m2!3d-2.1281964!4d-79.8868048!15sCglFbCBEb3JhZG9aCyIJZWwgZG9yYWRvkgEKcmVzdGF1cmFudOABAA!16s%2Fg%2F12hmt6sh_?entry=ttu&g_ep=EgoyMDI2MDgwNS4xIKXMDSoASAFQAw%3D%3D","1",,"Rodrigo Icaza Cornejo Manzana 139","false","Fatal. Horrible lugar, comida mala",,"Parrillada Restaurant El Dorado Sauces 3","4.4",,"https://www.google.com/maps/search/?api=1&query=Parrillada%20Restaurant%20El%20Dorado%20Sauces%203&query_place_id=ChIJn_5E3DxtLZARRbNyMxnxLew",
"Rodrigo Icaza Cornejo Manzana 139, 090504 Guayaquil, Ecuador","Restaurante","Restaurante","17018523657442603845","Guayaquil","EC","0x902d6d3cdc44fe9f:0xec2df1193372b345",,"https://lh3.googleusercontent.com/gps-cs-s/AHRPTWmvm90GLRySCo4gUqKI_yhh6hrRUm1p03H_4PyufCCfD8b6v6-CDw1zrqgo2---n6Hr_d_g6er4FZP8idRvw6-nSk2UbtHS-0wnv6imvoQgsKgiBNsVbXsxY7ZQC8l44ZhqvzqHvw=w408-h395-k-no","false","true","/g/12hmt6sh_","es-419","0","-2.1281964","-79.8868048",,"Los Sauces","es","false","ChIJn_5E3DxtLZARRbNyMxnxLew","090504","$5-10","Hace un año","2025-05-15T22:22:22.530Z",,,,,,"Es un poco difícil encontrar estacionamiento",,,"Silencioso, agradable para conversar","Estacionamiento gratuito en la calle",,,,"Lugares sin reserva previa",,"2 personas, 3 o 4 personas, Entre 5 y 8 personas","Sin espera",,,,"3","5","4","ChZDSUhNMG9nS0VPeTcwY21OM0xtcEZREAE",,,,,,,,"Google",,,"81",,,"1606","2026-08-08T17:32:25.309Z","Direct Detail URL: https://www.google.com/maps/place/Parrillada+Restaurant+El+Dorado+Sauces+3/@-2.1265971,-79.8975452,12.68z/data=!4m10!1m2!2m1!1sEl+Dorado!3m6!1s0x902d6d3cdc44fe9f:0xec2df1193372b345!8m2!3d-2.1281964!4d-79.8868048!15sCglFbCBEb3JhZG9aCyIJZWwgZG9yYWRvkgEKcmVzdGF1cmFudOABAA!16s%2Fg%2F12hmt6sh_?entry=ttu&g_ep=EgoyMDI2MDgwNS4xIKXMDSoASAFQAw%3D%3D","5",,"Rodrigo Icaza Cornejo Manzana 139","false","Super contundentes los platos",,"Parrillada Restaurant El Dorado Sauces 3","4.4",,"https://www.google.com/maps/search/?api=1&query=Parrillada%20Restaurant%20El%20Dorado%20Sauces%203&query_place_id=ChIJn_5E3DxtLZARRbNyMxnxLew",
"Rodrigo Icaza Cornejo Manzana 139, 090504 Guayaquil, Ecuador","Restaurante","Restaurante","17018523657442603845","Guayaquil","EC","0x902d6d3cdc44fe9f:0xec2df1193372b345",,"https://lh3.googleusercontent.com/gps-cs-s/AHRPTWmvm90GLRySCo4gUqKI_yhh6hrRUm1p03H_4PyufCCfD8b6v6-CDw1zrqgo2---n6Hr_d_g6er4FZP8idRvw6-nSk2UbtHS-0wnv6imvoQgsKgiBNsVbXsxY7ZQC8l44ZhqvzqHvw=w408-h395-k-no","false","true","/g/12hmt6sh_","es-419","0","-2.1281964","-79.8868048",,"Los Sauces",,"false","ChIJn_5E3DxtLZARRbNyMxnxLew","090504","$5-10","Hace un año","2025-05-05T14:17:58.535Z",,,,,,,,"Ningún evento especial",,,,,,,,"3 o 4 personas","Sin espera",,,,"4","5","4","ChdDSUhNMG9nS0VJQ0FnTUNZdWZyM2d3RRAB",,,,,,,,"Google",,,"19",,,"1606","2026-08-08T17:32:25.309Z","Direct Detail URL: https://www.google.com/maps/place/Parrillada+Restaurant+El+Dorado+Sauces+3/@-2.1265971,-79.8975452,12.68z/data=!4m10!1m2!2m1!1sEl+Dorado!3m6!1s0x902d6d3cdc44fe9f:0xec2df1193372b345!8m2!3d-2.1281964!4d-79.8868048!15sCglFbCBEb3JhZG9aCyIJZWwgZG9yYWRvkgEKcmVzdGF1cmFudOABAA!16s%2Fg%2F12hmt6sh_?entry=ttu&g_ep=EgoyMDI2MDgwNS4xIKXMDSoASAFQAw%3D%3D","4",,"Rodrigo Icaza Cornejo Manzana 139","false",,,"Parrillada Restaurant El Dorado Sauces 3","4.4",,"https://www.google.com/maps/search/?api=1&query=Parrillada%20Restaurant%20El%20Dorado%20Sauces%203&query_place_id=ChIJn_5E3DxtLZARRbNyMxnxLew",
"Rodrigo Icaza Cornejo Manzana 139, 090504 Guayaquil, Ecuador","Restaurante","Restaurante","17018523657442603845","Guayaquil","EC","0x902d6d3cdc44fe9f:0xec2df1193372b345",,"https://lh3.googleusercontent.com/gps-cs-s/AHRPTWmvm90GLRySCo4gUqKI_yhh6hrRUm1p03H_4PyufCCfD8b6v6-CDw1zrqgo2---n6Hr_d_g6er4FZP8idRvw6-nSk2UbtHS-0wnv6imvoQgsKgiBNsVbXsxY7ZQC8l44ZhqvzqHvw=w408-h395-k-no","false","false","/g/12hmt6sh_","es-419","0","-2.1281964","-79.8868048",,"Los Sauces",,"false","ChIJn_5E3DxtLZARRbNyMxnxLew","090504","$5-10","Hace un año","2025-05-03T23:20:56.964Z",,,,,,,,,,,,,,,,,,,,,,,,"ChZDSUhNMG9nS0VJQ0FnTUNZeHB1dUx3EAE",,,,,,,,"Google",,,"0",,,"1606","2026-08-08T17:32:25.309Z","Direct Detail URL: https://www.google.com/maps/place/Parrillada+Restaurant+El+Dorado+Sauces+3/@-2.1265971,-79.8975452,12.68z/data=!4m10!1m2!2m1!1sEl+Dorado!3m6!1s0x902d6d3cdc44fe9f:0xec2df1193372b345!8m2!3d-2.1281964!4d-79.8868048!15sCglFbCBEb3JhZG9aCyIJZWwgZG9yYWRvkgEKcmVzdGF1cmFudOABAA!16s%2Fg%2F12hmt6sh_?entry=ttu&g_ep=EgoyMDI2MDgwNS4xIKXMDSoASAFQAw%3D%3D","4",,"Rodrigo Icaza Cornejo Manzana 139","false",,,"Parrillada Restaurant El Dorado Sauces 3","4.4",,"https://www.google.com/maps/search/?api=1&query=Parrillada%20Restaurant%20El%20Dorado%20Sauces%203&query_place_id=ChIJn_5E3DxtLZARRbNyMxnxLew",
"Rodrigo Icaza Cornejo Manzana 139, 090504 Guayaquil, Ecuador","Restaurante","Restaurante","17018523657442603845","Guayaquil","EC","0x902d6d3cdc44fe9f:0xec2df1193372b345",,"https://lh3.googleusercontent.com/gps-cs-s/AHRPTWmvm90GLRySCo4gUqKI_yhh6hrRUm1p03H_4PyufCCfD8b6v6-CDw1zrqgo2---n6Hr_d_g6er4FZP8idRvw6-nSk2UbtHS-0wnv6imvoQgsKgiBNsVbXsxY7ZQC8l44ZhqvzqHvw=w408-h395-k-no","false","false","/g/12hmt6sh_","es-419","0","-2.1281964","-79.8868048",,"Los Sauces",,"false","ChIJn_5E3DxtLZARRbNyMxnxLew","090504","$5-10","Hace un año","2025-05-02T22:54:58.952Z",,,,,,,,,,,,,,,,,,,,,,,,"ChdDSUhNMG9nS0VJQ0FnTUNZNHZPazRRRRAB",,,,,,,,"Google",,,"5",,,"1606","2026-08-08T17:32:25.309Z","Direct Detail URL: https://www.google.com/maps/place/Parrillada+Restaurant+El+Dorado+Sauces+3/@-2.1265971,-79.8975452,12.68z/data=!4m10!1m2!2m1!1sEl+Dorado!3m6!1s0x902d6d3cdc44fe9f:0xec2df1193372b345!8m2!3d-2.1281964!4d-79.8868048!15sCglFbCBEb3JhZG9aCyIJZWwgZG9yYWRvkgEKcmVzdGF1cmFudOABAA!16s%2Fg%2F12hmt6sh_?entry=ttu&g_ep=EgoyMDI2MDgwNS4xIKXMDSoASAFQAw%3D%3D","4",,"Rodrigo Icaza Cornejo Manzana 139","false",,,"Parrillada Restaurant El Dorado Sauces 3","4.4",,"https://www.google.com/maps/search/?api=1&query=Parrillada%20Restaurant%20El%20Dorado%20Sauces%203&query_place_id=ChIJn_5E3DxtLZARRbNyMxnxLew",
"Rodrigo Icaza Cornejo Manzana 139, 090504 Guayaquil, Ecuador","Restaurante","Restaurante","17018523657442603845","Guayaquil","EC","0x902d6d3cdc44fe9f:0xec2df1193372b345",,"https://lh3.googleusercontent.com/gps-cs-s/AHRPTWmvm90GLRySCo4gUqKI_yhh6hrRUm1p03H_4PyufCCfD8b6v6-CDw1zrqgo2---n6Hr_d_g6er4FZP8idRvw6-nSk2UbtHS-0wnv6imvoQgsKgiBNsVbXsxY7ZQC8l44ZhqvzqHvw=w408-h395-k-no","false","false","/g/12hmt6sh_","es-419","0","-2.1281964","-79.8868048",,"Los Sauces",,"false","ChIJn_5E3DxtLZARRbNyMxnxLew","090504","$5-10","Hace un año","2025-04-27T19:58:21.600Z",,,,,,,,,,,,,,,,,,,,,"5","4","5","ChdDSUhNMG9nS0VJQ0FnTURvbmJLa3FBRRAB",,,,,,,,"Google",,,"3",,,"1606","2026-08-08T17:32:25.309Z","Direct Detail URL: https://www.google.com/maps/place/Parrillada+Restaurant+El+Dorado+Sauces+3/@-2.1265971,-79.8975452,12.68z/data=!4m10!1m2!2m1!1sEl+Dorado!3m6!1s0x902d6d3cdc44fe9f:0xec2df1193372b345!8m2!3d-2.1281964!4d-79.8868048!15sCglFbCBEb3JhZG9aCyIJZWwgZG9yYWRvkgEKcmVzdGF1cmFudOABAA!16s%2Fg%2F12hmt6sh_?entry=ttu&g_ep=EgoyMDI2MDgwNS4xIKXMDSoASAFQAw%3D%3D","5",,"Rodrigo Icaza Cornejo Manzana 139","false",,,"Parrillada Restaurant El Dorado Sauces 3","4.4",,"https://www.google.com/maps/search/?api=1&query=Parrillada%20Restaurant%20El%20Dorado%20Sauces%203&query_place_id=ChIJn_5E3DxtLZARRbNyMxnxLew",
"Rodrigo Icaza Cornejo Manzana 139, 090504 Guayaquil, Ecuador","Restaurante","Restaurante","17018523657442603845","Guayaquil","EC","0x902d6d3cdc44fe9f:0xec2df1193372b345",,"https://lh3.googleusercontent.com/gps-cs-s/AHRPTWmvm90GLRySCo4gUqKI_yhh6hrRUm1p03H_4PyufCCfD8b6v6-CDw1zrqgo2---n6Hr_d_g6er4FZP8idRvw6-nSk2UbtHS-0wnv6imvoQgsKgiBNsVbXsxY7ZQC8l44ZhqvzqHvw=w408-h395-k-no","false","true","/g/12hmt6sh_","es-419","0","-2.1281964","-79.8868048",,"Los Sauces",,"false","ChIJn_5E3DxtLZARRbNyMxnxLew","090504","$5-10","Hace un año","2025-04-23T23:12:40.412Z",,,,,,,,,,,,,,,,,,,,,"5","5","5","ChZDSUhNMG9nS0VJQ0FnTURvbXI2TEJnEAE",,,,,,,,"Google",,,"54",,,"1606","2026-08-08T17:32:25.309Z","Direct Detail URL: https://www.google.com/maps/place/Parrillada+Restaurant+El+Dorado+Sauces+3/@-2.1265971,-79.8975452,12.68z/data=!4m10!1m2!2m1!1sEl+Dorado!3m6!1s0x902d6d3cdc44fe9f:0xec2df1193372b345!8m2!3d-2.1281964!4d-79.8868048!15sCglFbCBEb3JhZG9aCyIJZWwgZG9yYWRvkgEKcmVzdGF1cmFudOABAA!16s%2Fg%2F12hmt6sh_?entry=ttu&g_ep=EgoyMDI2MDgwNS4xIKXMDSoASAFQAw%3D%3D","5",,"Rodrigo Icaza Cornejo Manzana 139","false",,,"Parrillada Restaurant El Dorado Sauces 3","4.4",,"https://www.google.com/maps/search/?api=1&query=Parrillada%20Restaurant%20El%20Dorado%20Sauces%203&query_place_id=ChIJn_5E3DxtLZARRbNyMxnxLew",
"Rodrigo Icaza Cornejo Manzana 139, 090504 Guayaquil, Ecuador","Restaurante","Restaurante","17018523657442603845","Guayaquil","EC","0x902d6d3cdc44fe9f:0xec2df1193372b345",,"https://lh3.googleusercontent.com/gps-cs-s/AHRPTWmvm90GLRySCo4gUqKI_yhh6hrRUm1p03H_4PyufCCfD8b6v6-CDw1zrqgo2---n6Hr_d_g6er4FZP8idRvw6-nSk2UbtHS-0wnv6imvoQgsKgiBNsVbXsxY7ZQC8l44ZhqvzqHvw=w408-h395-k-no","false","true","/g/12hmt6sh_","es-419","0","-2.1281964","-79.8868048",,"Los Sauces","es","false","ChIJn_5E3DxtLZARRbNyMxnxLew","090504","$5-10","Hace un año","2025-03-29T16:23:03.745Z",,,,,,,,,,,,,,,,,,,,,"5","5","5","ChZDSUhNMG9nS0VJQ0FnTUNJMEt6Qkp3EAE",,,,,,,,"Google",,,"43",,,"1606","2026-08-08T17:32:25.309Z","Direct Detail URL: https://www.google.com/maps/place/Parrillada+Restaurant+El+Dorado+Sauces+3/@-2.1265971,-79.8975452,12.68z/data=!4m10!1m2!2m1!1sEl+Dorado!3m6!1s0x902d6d3cdc44fe9f:0xec2df1193372b345!8m2!3d-2.1281964!4d-79.8868048!15sCglFbCBEb3JhZG9aCyIJZWwgZG9yYWRvkgEKcmVzdGF1cmFudOABAA!16s%2Fg%2F12hmt6sh_?entry=ttu&g_ep=EgoyMDI2MDgwNS4xIKXMDSoASAFQAw%3D%3D","5",,"Rodrigo Icaza Cornejo Manzana 139","false","Excelente lugar para compartir en familia",,"Parrillada Restaurant El Dorado Sauces 3","4.4",,"https://www.google.com/maps/search/?api=1&query=Parrillada%20Restaurant%20El%20Dorado%20Sauces%203&query_place_id=ChIJn_5E3DxtLZARRbNyMxnxLew",
"Rodrigo Icaza Cornejo Manzana 139, 090504 Guayaquil, Ecuador","Restaurante","Restaurante","17018523657442603845","Guayaquil","EC","0x902d6d3cdc44fe9f:0xec2df1193372b345",,"https://lh3.googleusercontent.com/gps-cs-s/AHRPTWmvm90GLRySCo4gUqKI_yhh6hrRUm1p03H_4PyufCCfD8b6v6-CDw1zrqgo2---n6Hr_d_g6er4FZP8idRvw6-nSk2UbtHS-0wnv6imvoQgsKgiBNsVbXsxY7ZQC8l44ZhqvzqHvw=w408-h395-k-no","false","false","/g/12hmt6sh_","es-419","0","-2.1281964","-79.8868048",,"Los Sauces",,"false","ChIJn_5E3DxtLZARRbNyMxnxLew","090504","$5-10","Hace un año","2025-03-29T00:00:51.450Z",,,,,,,,,,,,,,,,,,,,,,,,"ChdDSUhNMG9nS0VJQ0FnTUR3OTlMQzZBRRAB",,,,,,,,"Google",,,"2",,,"1606","2026-08-08T17:32:25.309Z","Direct Detail URL: https://www.google.com/maps/place/Parrillada+Restaurant+El+Dorado+Sauces+3/@-2.1265971,-79.8975452,12.68z/data=!4m10!1m2!2m1!1sEl+Dorado!3m6!1s0x902d6d3cdc44fe9f:0xec2df1193372b345!8m2!3d-2.1281964!4d-79.8868048!15sCglFbCBEb3JhZG9aCyIJZWwgZG9yYWRvkgEKcmVzdGF1cmFudOABAA!16s%2Fg%2F12hmt6sh_?entry=ttu&g_ep=EgoyMDI2MDgwNS4xIKXMDSoASAFQAw%3D%3D","5",,"Rodrigo Icaza Cornejo Manzana 139","false",,,"Parrillada Restaurant El Dorado Sauces 3","4.4",,"https://www.google.com/maps/search/?api=1&query=Parrillada%20Restaurant%20El%20Dorado%20Sauces%203&query_place_id=ChIJn_5E3DxtLZARRbNyMxnxLew",
"Rodrigo Icaza Cornejo Manzana 139, 090504 Guayaquil, Ecuador","Restaurante","Restaurante","17018523657442603845","Guayaquil","EC","0x902d6d3cdc44fe9f:0xec2df1193372b345",,"https://lh3.googleusercontent.com/gps-cs-s/AHRPTWmvm90GLRySCo4gUqKI_yhh6hrRUm1p03H_4PyufCCfD8b6v6-CDw1zrqgo2---n6Hr_d_g6er4FZP8idRvw6-nSk2UbtHS-0wnv6imvoQgsKgiBNsVbXsxY7ZQC8l44ZhqvzqHvw=w408-h395-k-no","false","true","/g/12hmt6sh_","es-419","0","-2.1281964","-79.8868048",,"Los Sauces","es","false","ChIJn_5E3DxtLZARRbNyMxnxLew","090504","$5-10","Hace un año","2025-03-22T16:30:40.992Z",,,,,,,,,,,,,,,,,,,,,,,,"ChdDSUhNMG9nS0VJQ0FnTUR3b0ktXzNnRRAB",,,,,,,,"Google",,,"28",,,"1606","2026-08-08T17:32:25.309Z","Direct Detail URL: https://www.google.com/maps/place/Parrillada+Restaurant+El+Dorado+Sauces+3/@-2.1265971,-79.8975452,12.68z/data=!4m10!1m2!2m1!1sEl+Dorado!3m6!1s0x902d6d3cdc44fe9f:0xec2df1193372b345!8m2!3d-2.1281964!4d-79.8868048!15sCglFbCBEb3JhZG9aCyIJZWwgZG9yYWRvkgEKcmVzdGF1cmFudOABAA!16s%2Fg%2F12hmt6sh_?entry=ttu&g_ep=EgoyMDI2MDgwNS4xIKXMDSoASAFQAw%3D%3D","5",,"Rodrigo Icaza Cornejo Manzana 139","false","Elegante",,"Parrillada Restaurant El Dorado Sauces 3","4.4",,"https://www.google.com/maps/search/?api=1&query=Parrillada%20Restaurant%20El%20Dorado%20Sauces%203&query_place_id=ChIJn_5E3DxtLZARRbNyMxnxLew",
"Rodrigo Icaza Cornejo Manzana 139, 090504 Guayaquil, Ecuador","Restaurante","Restaurante","17018523657442603845","Guayaquil","EC","0x902d6d3cdc44fe9f:0xec2df1193372b345",,"https://lh3.googleusercontent.com/gps-cs-s/AHRPTWmvm90GLRySCo4gUqKI_yhh6hrRUm1p03H_4PyufCCfD8b6v6-CDw1zrqgo2---n6Hr_d_g6er4FZP8idRvw6-nSk2UbtHS-0wnv6imvoQgsKgiBNsVbXsxY7ZQC8l44ZhqvzqHvw=w408-h395-k-no","false","true","/g/12hmt6sh_","es-419","0","-2.1281964","-79.8868048",,"Los Sauces",,"false","ChIJn_5E3DxtLZARRbNyMxnxLew","090504","$5-10","Hace un año","2025-03-20T11:37:00.840Z",,,,,,,,,,,,,,,,,,,,,,,,"ChdDSUhNMG9nS0VJQ0FnTUN3amJ5dzZ3RRAB",,,,,,,,"Google",,,"355",,,"1606","2026-08-08T17:32:25.309Z","Direct Detail URL: https://www.google.com/maps/place/Parrillada+Restaurant+El+Dorado+Sauces+3/@-2.1265971,-79.8975452,12.68z/data=!4m10!1m2!2m1!1sEl+Dorado!3m6!1s0x902d6d3cdc44fe9f:0xec2df1193372b345!8m2!3d-2.1281964!4d-79.8868048!15sCglFbCBEb3JhZG9aCyIJZWwgZG9yYWRvkgEKcmVzdGF1cmFudOABAA!16s%2Fg%2F12hmt6sh_?entry=ttu&g_ep=EgoyMDI2MDgwNS4xIKXMDSoASAFQAw%3D%3D","5",,"Rodrigo Icaza Cornejo Manzana 139","false",,,"Parrillada Restaurant El Dorado Sauces 3","4.4",,"https://www.google.com/maps/search/?api=1&query=Parrillada%20Restaurant%20El%20Dorado%20Sauces%203&query_place_id=ChIJn_5E3DxtLZARRbNyMxnxLew",
"Rodrigo Icaza Cornejo Manzana 139, 090504 Guayaquil, Ecuador","Restaurante","Restaurante","17018523657442603845","Guayaquil","EC","0x902d6d3cdc44fe9f:0xec2df1193372b345",,"https://lh3.googleusercontent.com/gps-cs-s/AHRPTWmvm90GLRySCo4gUqKI_yhh6hrRUm1p03H_4PyufCCfD8b6v6-CDw1zrqgo2---n6Hr_d_g6er4FZP8idRvw6-nSk2UbtHS-0wnv6imvoQgsKgiBNsVbXsxY7ZQC8l44ZhqvzqHvw=w408-h395-k-no","false","true","/g/12hmt6sh_","es-419","0","-2.1281964","-79.8868048",,"Los Sauces",,"false","ChIJn_5E3DxtLZARRbNyMxnxLew","090504","$5-10","Hace un año","2025-03-14T21:07:40.002Z",,,,,,,,,,,,,,,,,,,,,"4","4","4","ChZDSUhNMG9nS0VJQ0FnTURReC1hY01nEAE",,,,,,,,"Google",,,"2",,,"1606","2026-08-08T17:32:25.309Z","Direct Detail URL: https://www.google.com/maps/place/Parrillada+Restaurant+El+Dorado+Sauces+3/@-2.1265971,-79.8975452,12.68z/data=!4m10!1m2!2m1!1sEl+Dorado!3m6!1s0x902d6d3cdc44fe9f:0xec2df1193372b345!8m2!3d-2.1281964!4d-79.8868048!15sCglFbCBEb3JhZG9aCyIJZWwgZG9yYWRvkgEKcmVzdGF1cmFudOABAA!16s%2Fg%2F12hmt6sh_?entry=ttu&g_ep=EgoyMDI2MDgwNS4xIKXMDSoASAFQAw%3D%3D","4",,"Rodrigo Icaza Cornejo Manzana 139","false",,,"Parrillada Restaurant El Dorado Sauces 3","4.4",,"https://www.google.com/maps/search/?api=1&query=Parrillada%20Restaurant%20El%20Dorado%20Sauces%203&query_place_id=ChIJn_5E3DxtLZARRbNyMxnxLew",
"Rodrigo Icaza Cornejo Manzana 139, 090504 Guayaquil, Ecuador","Restaurante","Restaurante","17018523657442603845","Guayaquil","EC","0x902d6d3cdc44fe9f:0xec2df1193372b345",,"https://lh3.googleusercontent.com/gps-cs-s/AHRPTWmvm90GLRySCo4gUqKI_yhh6hrRUm1p03H_4PyufCCfD8b6v6-CDw1zrqgo2---n6Hr_d_g6er4FZP8idRvw6-nSk2UbtHS-0wnv6imvoQgsKgiBNsVbXsxY7ZQC8l44ZhqvzqHvw=w408-h395-k-no","false","true","/g/12hmt6sh_","es-419","0","-2.1281964","-79.8868048",,"Los Sauces",,"false","ChIJn_5E3DxtLZARRbNyMxnxLew","090504","$5-10","Hace un año","2025-03-13T12:12:15.188Z",,,,,,,,,,,,,,,,,,,,,,,,"ChdDSUhNMG9nS0VJQ0FnTURRX1pDbWdnRRAB",,,,,,,,"Google",,,"12",,,"1606","2026-08-08T17:32:25.309Z","Direct Detail URL: https://www.google.com/maps/place/Parrillada+Restaurant+El+Dorado+Sauces+3/@-2.1265971,-79.8975452,12.68z/data=!4m10!1m2!2m1!1sEl+Dorado!3m6!1s0x902d6d3cdc44fe9f:0xec2df1193372b345!8m2!3d-2.1281964!4d-79.8868048!15sCglFbCBEb3JhZG9aCyIJZWwgZG9yYWRvkgEKcmVzdGF1cmFudOABAA!16s%2Fg%2F12hmt6sh_?entry=ttu&g_ep=EgoyMDI2MDgwNS4xIKXMDSoASAFQAw%3D%3D","5",,"Rodrigo Icaza Cornejo Manzana 139","false",,,"Parrillada Restaurant El Dorado Sauces 3","4.4",,"https://www.google.com/maps/search/?api=1&query=Parrillada%20Restaurant%20El%20Dorado%20Sauces%203&query_place_id=ChIJn_5E3DxtLZARRbNyMxnxLew",
"Rodrigo Icaza Cornejo Manzana 139, 090504 Guayaquil, Ecuador","Restaurante","Restaurante","17018523657442603845","Guayaquil","EC","0x902d6d3cdc44fe9f:0xec2df1193372b345",,"https://lh3.googleusercontent.com/gps-cs-s/AHRPTWmvm90GLRySCo4gUqKI_yhh6hrRUm1p03H_4PyufCCfD8b6v6-CDw1zrqgo2---n6Hr_d_g6er4FZP8idRvw6-nSk2UbtHS-0wnv6imvoQgsKgiBNsVbXsxY7ZQC8l44ZhqvzqHvw=w408-h395-k-no","false","true","/g/12hmt6sh_","es-419","0","-2.1281964","-79.8868048",,"Los Sauces","es","false","ChIJn_5E3DxtLZARRbNyMxnxLew","090504","$5-10","Hace un año","2025-02-27T23:33:16.544Z",,,,,,,,,"Silencioso, agradable para conversar",,,,,,,"3 o 4 personas","Sin espera",,,,"4","4","4","ChZDSUhNMG9nS0VJQ0FnTURnaDRXSVF3EAE",,,,,,,,"Google",,,"40",,,"1606","2026-08-08T17:32:25.309Z","Direct Detail URL: https://www.google.com/maps/place/Parrillada+Restaurant+El+Dorado+Sauces+3/@-2.1265971,-79.8975452,12.68z/data=!4m10!1m2!2m1!1sEl+Dorado!3m6!1s0x902d6d3cdc44fe9f:0xec2df1193372b345!8m2!3d-2.1281964!4d-79.8868048!15sCglFbCBEb3JhZG9aCyIJZWwgZG9yYWRvkgEKcmVzdGF1cmFudOABAA!16s%2Fg%2F12hmt6sh_?entry=ttu&g_ep=EgoyMDI2MDgwNS4xIKXMDSoASAFQAw%3D%3D","4",,"Rodrigo Icaza Cornejo Manzana 139","false","Una buena opción para comer en familia cualquier día de la semana",,"Parrillada Restaurant El Dorado Sauces 3","4.4",,"https://www.google.com/maps/search/?api=1&query=Parrillada%20Restaurant%20El%20Dorado%20Sauces%203&query_place_id=ChIJn_5E3DxtLZARRbNyMxnxLew",
"Rodrigo Icaza Cornejo Manzana 139, 090504 Guayaquil, Ecuador","Restaurante","Restaurante","17018523657442603845","Guayaquil","EC","0x902d6d3cdc44fe9f:0xec2df1193372b345",,"https://lh3.googleusercontent.com/gps-cs-s/AHRPTWmvm90GLRySCo4gUqKI_yhh6hrRUm1p03H_4PyufCCfD8b6v6-CDw1zrqgo2---n6Hr_d_g6er4FZP8idRvw6-nSk2UbtHS-0wnv6imvoQgsKgiBNsVbXsxY7ZQC8l44ZhqvzqHvw=w408-h395-k-no","false","false","/g/12hmt6sh_","es-419","0","-2.1281964","-79.8868048",,"Los Sauces","es","false","ChIJn_5E3DxtLZARRbNyMxnxLew","090504","$5-10","Hace un año","2025-02-17T20:21:56.177Z",,,,,,,,,,,,,,,,,,,,,,,,"ChdDSUhNMG9nS0VJQ0FnTUNnX3NHbzZ3RRAB",,,,,,,,"Google",,,"8",,,"1606","2026-08-08T17:32:25.309Z","Direct Detail URL: https://www.google.com/maps/place/Parrillada+Restaurant+El+Dorado+Sauces+3/@-2.1265971,-79.8975452,12.68z/data=!4m10!1m2!2m1!1sEl+Dorado!3m6!1s0x902d6d3cdc44fe9f:0xec2df1193372b345!8m2!3d-2.1281964!4d-79.8868048!15sCglFbCBEb3JhZG9aCyIJZWwgZG9yYWRvkgEKcmVzdGF1cmFudOABAA!16s%2Fg%2F12hmt6sh_?entry=ttu&g_ep=EgoyMDI2MDgwNS4xIKXMDSoASAFQAw%3D%3D","5",,"Rodrigo Icaza Cornejo Manzana 139","false","Excelente",,"Parrillada Restaurant El Dorado Sauces 3","4.4",,"https://www.google.com/maps/search/?api=1&query=Parrillada%20Restaurant%20El%20Dorado%20Sauces%203&query_place_id=ChIJn_5E3DxtLZARRbNyMxnxLew",
"Rodrigo Icaza Cornejo Manzana 139, 090504 Guayaquil, Ecuador","Restaurante","Restaurante","17018523657442603845","Guayaquil","EC","0x902d6d3cdc44fe9f:0xec2df1193372b345",,"https://lh3.googleusercontent.com/gps-cs-s/AHRPTWmvm90GLRySCo4gUqKI_yhh6hrRUm1p03H_4PyufCCfD8b6v6-CDw1zrqgo2---n6Hr_d_g6er4FZP8idRvw6-nSk2UbtHS-0wnv6imvoQgsKgiBNsVbXsxY7ZQC8l44ZhqvzqHvw=w408-h395-k-no","false","true","/g/12hmt6sh_","es-419","0","-2.1281964","-79.8868048",,"Los Sauces",,"false","ChIJn_5E3DxtLZARRbNyMxnxLew","090504","$5-10","Hace un año","2025-02-05T06:38:24.143Z",,,,,,,,,,,,,,,,,,,,,,"5","5","ChdDSUhNMG9nS0VJQ0FnTUNBbDRfLWpRRRAB",,,,,,,,"Google",,,"377",,,"1606","2026-08-08T17:32:25.309Z","Direct Detail URL: https://www.google.com/maps/place/Parrillada+Restaurant+El+Dorado+Sauces+3/@-2.1265971,-79.8975452,12.68z/data=!4m10!1m2!2m1!1sEl+Dorado!3m6!1s0x902d6d3cdc44fe9f:0xec2df1193372b345!8m2!3d-2.1281964!4d-79.8868048!15sCglFbCBEb3JhZG9aCyIJZWwgZG9yYWRvkgEKcmVzdGF1cmFudOABAA!16s%2Fg%2F12hmt6sh_?entry=ttu&g_ep=EgoyMDI2MDgwNS4xIKXMDSoASAFQAw%3D%3D","5",,"Rodrigo Icaza Cornejo Manzana 139","false",,,"Parrillada Restaurant El Dorado Sauces 3","4.4",,"https://www.google.com/maps/search/?api=1&query=Parrillada%20Restaurant%20El%20Dorado%20Sauces%203&query_place_id=ChIJn_5E3DxtLZARRbNyMxnxLew",
"Rodrigo Icaza Cornejo Manzana 139, 090504 Guayaquil, Ecuador","Restaurante","Restaurante","17018523657442603845","Guayaquil","EC","0x902d6d3cdc44fe9f:0xec2df1193372b345",,"https://lh3.googleusercontent.com/gps-cs-s/AHRPTWmvm90GLRySCo4gUqKI_yhh6hrRUm1p03H_4PyufCCfD8b6v6-CDw1zrqgo2---n6Hr_d_g6er4FZP8idRvw6-nSk2UbtHS-0wnv6imvoQgsKgiBNsVbXsxY7ZQC8l44ZhqvzqHvw=w408-h395-k-no","false","false","/g/12hmt6sh_","es-419","0","-2.1281964","-79.8868048",,"Los Sauces",,"false","ChIJn_5E3DxtLZARRbNyMxnxLew","090504","$5-10","Hace un año","2025-01-31T21:37:22.466Z",,,,,,,,,,,,,,,,,,,,,"5","5","5","ChdDSUhNMG9nS0VJQ0FnTUNBam91TjJRRRAB",,,,,,,,"Google",,,"8",,,"1606","2026-08-08T17:32:25.309Z","Direct Detail URL: https://www.google.com/maps/place/Parrillada+Restaurant+El+Dorado+Sauces+3/@-2.1265971,-79.8975452,12.68z/data=!4m10!1m2!2m1!1sEl+Dorado!3m6!1s0x902d6d3cdc44fe9f:0xec2df1193372b345!8m2!3d-2.1281964!4d-79.8868048!15sCglFbCBEb3JhZG9aCyIJZWwgZG9yYWRvkgEKcmVzdGF1cmFudOABAA!16s%2Fg%2F12hmt6sh_?entry=ttu&g_ep=EgoyMDI2MDgwNS4xIKXMDSoASAFQAw%3D%3D","5",,"Rodrigo Icaza Cornejo Manzana 139","false",,,"Parrillada Restaurant El Dorado Sauces 3","4.4",,"https://www.google.com/maps/search/?api=1&query=Parrillada%20Restaurant%20El%20Dorado%20Sauces%203&query_place_id=ChIJn_5E3DxtLZARRbNyMxnxLew",
"Rodrigo Icaza Cornejo Manzana 139, 090504 Guayaquil, Ecuador","Restaurante","Restaurante","17018523657442603845","Guayaquil","EC","0x902d6d3cdc44fe9f:0xec2df1193372b345",,"https://lh3.googleusercontent.com/gps-cs-s/AHRPTWmvm90GLRySCo4gUqKI_yhh6hrRUm1p03H_4PyufCCfD8b6v6-CDw1zrqgo2---n6Hr_d_g6er4FZP8idRvw6-nSk2UbtHS-0wnv6imvoQgsKgiBNsVbXsxY7ZQC8l44ZhqvzqHvw=w408-h395-k-no","false","false","/g/12hmt6sh_","es-419","0","-2.1281964","-79.8868048",,"Los Sauces",,"false","ChIJn_5E3DxtLZARRbNyMxnxLew","090504","$5-10","Hace un año","2025-01-31T19:39:45.771Z",,,,,,,,,,,,,,,,,,,,,"5","5","5","ChdDSUhNMG9nS0VJQ0FnTUNBOXFtWHB3RRAB",,,,,,,,"Google",,,"6",,,"1606","2026-08-08T17:32:25.309Z","Direct Detail URL: https://www.google.com/maps/place/Parrillada+Restaurant+El+Dorado+Sauces+3/@-2.1265971,-79.8975452,12.68z/data=!4m10!1m2!2m1!1sEl+Dorado!3m6!1s0x902d6d3cdc44fe9f:0xec2df1193372b345!8m2!3d-2.1281964!4d-79.8868048!15sCglFbCBEb3JhZG9aCyIJZWwgZG9yYWRvkgEKcmVzdGF1cmFudOABAA!16s%2Fg%2F12hmt6sh_?entry=ttu&g_ep=EgoyMDI2MDgwNS4xIKXMDSoASAFQAw%3D%3D","5",,"Rodrigo Icaza Cornejo Manzana 139","false",,,"Parrillada Restaurant El Dorado Sauces 3","4.4",,"https://www.google.com/maps/search/?api=1&query=Parrillada%20Restaurant%20El%20Dorado%20Sauces%203&query_place_id=ChIJn_5E3DxtLZARRbNyMxnxLew",
"Rodrigo Icaza Cornejo Manzana 139, 090504 Guayaquil, Ecuador","Restaurante","Restaurante","17018523657442603845","Guayaquil","EC","0x902d6d3cdc44fe9f:0xec2df1193372b345",,"https://lh3.googleusercontent.com/gps-cs-s/AHRPTWmvm90GLRySCo4gUqKI_yhh6hrRUm1p03H_4PyufCCfD8b6v6-CDw1zrqgo2---n6Hr_d_g6er4FZP8idRvw6-nSk2UbtHS-0wnv6imvoQgsKgiBNsVbXsxY7ZQC8l44ZhqvzqHvw=w408-h395-k-no","false","true","/g/12hmt6sh_","es-419","0","-2.1281964","-79.8868048",,"Los Sauces",,"false","ChIJn_5E3DxtLZARRbNyMxnxLew","090504","$5-10","Hace un año","2025-01-18T02:07:03.670Z",,,,,,,,,,,,,,,,,,,,,"5","5","5","ChZDSUhNMG9nS0VJQ0FnSUNfamFiZVhBEAE",,,,,,,,"Google",,,"33",,,"1606","2026-08-08T17:32:25.309Z","Direct Detail URL: https://www.google.com/maps/place/Parrillada+Restaurant+El+Dorado+Sauces+3/@-2.1265971,-79.8975452,12.68z/data=!4m10!1m2!2m1!1sEl+Dorado!3m6!1s0x902d6d3cdc44fe9f:0xec2df1193372b345!8m2!3d-2.1281964!4d-79.8868048!15sCglFbCBEb3JhZG9aCyIJZWwgZG9yYWRvkgEKcmVzdGF1cmFudOABAA!16s%2Fg%2F12hmt6sh_?entry=ttu&g_ep=EgoyMDI2MDgwNS4xIKXMDSoASAFQAw%3D%3D","5",,"Rodrigo Icaza Cornejo Manzana 139","false",,,"Parrillada Restaurant El Dorado Sauces 3","4.4",,"https://www.google.com/maps/search/?api=1&query=Parrillada%20Restaurant%20El%20Dorado%20Sauces%203&query_place_id=ChIJn_5E3DxtLZARRbNyMxnxLew",
"Rodrigo Icaza Cornejo Manzana 139, 090504 Guayaquil, Ecuador","Restaurante","Restaurante","17018523657442603845","Guayaquil","EC","0x902d6d3cdc44fe9f:0xec2df1193372b345",,"https://lh3.googleusercontent.com/gps-cs-s/AHRPTWmvm90GLRySCo4gUqKI_yhh6hrRUm1p03H_4PyufCCfD8b6v6-CDw1zrqgo2---n6Hr_d_g6er4FZP8idRvw6-nSk2UbtHS-0wnv6imvoQgsKgiBNsVbXsxY7ZQC8l44ZhqvzqHvw=w408-h395-k-no","false","true","/g/12hmt6sh_","es-419","1","-2.1281964","-79.8868048",,"Los Sauces","es","false","ChIJn_5E3DxtLZARRbNyMxnxLew","090504","$5-10","Editado Hace un año","2025-01-17T04:05:28.005Z",,,,,,,,,,,,,,,,,,,,,,,,"ChdDSUhNMG9nS0VJQ0FnSURDanFHVDJRRRAB",,,,,,,,"Google",,,"104",,,"1606","2026-08-08T17:32:25.309Z","Direct Detail URL: https://www.google.com/maps/place/Parrillada+Restaurant+El+Dorado+Sauces+3/@-2.1265971,-79.8975452,12.68z/data=!4m10!1m2!2m1!1sEl+Dorado!3m6!1s0x902d6d3cdc44fe9f:0xec2df1193372b345!8m2!3d-2.1281964!4d-79.8868048!15sCglFbCBEb3JhZG9aCyIJZWwgZG9yYWRvkgEKcmVzdGF1cmFudOABAA!16s%2Fg%2F12hmt6sh_?entry=ttu&g_ep=EgoyMDI2MDgwNS4xIKXMDSoASAFQAw%3D%3D","1",,"Rodrigo Icaza Cornejo Manzana 139","false","Precios muy caros para comidas populares las encuentras a mejor precio en otros lados y con igual o mejor sabor",,"Parrillada Restaurant El Dorado Sauces 3","4.4",,"https://www.google.com/maps/search/?api=1&query=Parrillada%20Restaurant%20El%20Dorado%20Sauces%203&query_place_id=ChIJn_5E3DxtLZARRbNyMxnxLew",
"Rodrigo Icaza Cornejo Manzana 139, 090504 Guayaquil, Ecuador","Restaurante","Restaurante","17018523657442603845","Guayaquil","EC","0x902d6d3cdc44fe9f:0xec2df1193372b345",,"https://lh3.googleusercontent.com/gps-cs-s/AHRPTWmvm90GLRySCo4gUqKI_yhh6hrRUm1p03H_4PyufCCfD8b6v6-CDw1zrqgo2---n6Hr_d_g6er4FZP8idRvw6-nSk2UbtHS-0wnv6imvoQgsKgiBNsVbXsxY7ZQC8l44ZhqvzqHvw=w408-h395-k-no","false","true","/g/12hmt6sh_","es-419","0","-2.1281964","-79.8868048",,"Los Sauces","es-419","false","ChIJn_5E3DxtLZARRbNyMxnxLew","090504","$5-10","Hace un año","2025-01-11T15:06:20.183Z",,,,,,,,,,,,,,,,,,,,,"5","5","5","ChdDSUhNMG9nS0VJQ0FnSURmXzY2bDF3RRAB",,,,,,,,"Google",,,"374",,,"1606","2026-08-08T17:32:25.309Z","Direct Detail URL: https://www.google.com/maps/place/Parrillada+Restaurant+El+Dorado+Sauces+3/@-2.1265971,-79.8975452,12.68z/data=!4m10!1m2!2m1!1sEl+Dorado!3m6!1s0x902d6d3cdc44fe9f:0xec2df1193372b345!8m2!3d-2.1281964!4d-79.8868048!15sCglFbCBEb3JhZG9aCyIJZWwgZG9yYWRvkgEKcmVzdGF1cmFudOABAA!16s%2Fg%2F12hmt6sh_?entry=ttu&g_ep=EgoyMDI2MDgwNS4xIKXMDSoASAFQAw%3D%3D","5",,"Rodrigo Icaza Cornejo Manzana 139","false","🙏👍🤝",,"Parrillada Restaurant El Dorado Sauces 3","4.4",,"https://www.google.com/maps/search/?api=1&query=Parrillada%20Restaurant%20El%20Dorado%20Sauces%203&query_place_id=ChIJn_5E3DxtLZARRbNyMxnxLew",
"Rodrigo Icaza Cornejo Manzana 139, 090504 Guayaquil, Ecuador","Restaurante","Restaurante","17018523657442603845","Guayaquil","EC","0x902d6d3cdc44fe9f:0xec2df1193372b345",,"https://lh3.googleusercontent.com/gps-cs-s/AHRPTWmvm90GLRySCo4gUqKI_yhh6hrRUm1p03H_4PyufCCfD8b6v6-CDw1zrqgo2---n6Hr_d_g6er4FZP8idRvw6-nSk2UbtHS-0wnv6imvoQgsKgiBNsVbXsxY7ZQC8l44ZhqvzqHvw=w408-h395-k-no","false","false","/g/12hmt6sh_","es-419","0","-2.1281964","-79.8868048",,"Los Sauces",,"false","ChIJn_5E3DxtLZARRbNyMxnxLew","090504","$5-10","Hace un año","2025-01-05T23:51:51.689Z",,,,,,,,,,,,,,,,,,,,,,,,"ChdDSUhNMG9nS0VJQ0FnSURmaHRmOWpBRRAB",,,,,,,,"Google",,,"2",,,"1606","2026-08-08T17:32:25.309Z","Direct Detail URL: https://www.google.com/maps/place/Parrillada+Restaurant+El+Dorado+Sauces+3/@-2.1265971,-79.8975452,12.68z/data=!4m10!1m2!2m1!1sEl+Dorado!3m6!1s0x902d6d3cdc44fe9f:0xec2df1193372b345!8m2!3d-2.1281964!4d-79.8868048!15sCglFbCBEb3JhZG9aCyIJZWwgZG9yYWRvkgEKcmVzdGF1cmFudOABAA!16s%2Fg%2F12hmt6sh_?entry=ttu&g_ep=EgoyMDI2MDgwNS4xIKXMDSoASAFQAw%3D%3D","3",,"Rodrigo Icaza Cornejo Manzana 139","false",,,"Parrillada Restaurant El Dorado Sauces 3","4.4",,"https://www.google.com/maps/search/?api=1&query=Parrillada%20Restaurant%20El%20Dorado%20Sauces%203&query_place_id=ChIJn_5E3DxtLZARRbNyMxnxLew",
"Rodrigo Icaza Cornejo Manzana 139, 090504 Guayaquil, Ecuador","Restaurante","Restaurante","17018523657442603845","Guayaquil","EC","0x902d6d3cdc44fe9f:0xec2df1193372b345",,"https://lh3.googleusercontent.com/gps-cs-s/AHRPTWmvm90GLRySCo4gUqKI_yhh6hrRUm1p03H_4PyufCCfD8b6v6-CDw1zrqgo2---n6Hr_d_g6er4FZP8idRvw6-nSk2UbtHS-0wnv6imvoQgsKgiBNsVbXsxY7ZQC8l44ZhqvzqHvw=w408-h395-k-no","false","true","/g/12hmt6sh_","es-419","0","-2.1281964","-79.8868048",,"Los Sauces","es","false","ChIJn_5E3DxtLZARRbNyMxnxLew","090504","$5-10","Hace un año","2024-12-31T03:45:19.060Z",,,,,,,,,,,,,,,,,,,,"Consumo en el lugar","5","5","5","ChZDSUhNMG9nS0VJQ0FnSUNmNVlyTE13EAE",,,,,,,,"Google",,,"240",,,"1606","2026-08-08T17:32:25.309Z","Direct Detail URL: https://www.google.com/maps/place/Parrillada+Restaurant+El+Dorado+Sauces+3/@-2.1265971,-79.8975452,12.68z/data=!4m10!1m2!2m1!1sEl+Dorado!3m6!1s0x902d6d3cdc44fe9f:0xec2df1193372b345!8m2!3d-2.1281964!4d-79.8868048!15sCglFbCBEb3JhZG9aCyIJZWwgZG9yYWRvkgEKcmVzdGF1cmFudOABAA!16s%2Fg%2F12hmt6sh_?entry=ttu&g_ep=EgoyMDI2MDgwNS4xIKXMDSoASAFQAw%3D%3D","5",,"Rodrigo Icaza Cornejo Manzana 139","false","Una experiencia inolvidable en el Centro Comercial El Dorado

El Centro Comercial El Dorado es el lugar perfecto para disfrutar un día en familia. Desde el momento en que llegamos, nos impresionó su diseño moderno, su ambiente acogedor y la excelente atención que se percibe en cada rincón. Todo está organizado de manera eficiente, lo que facilita recorrer sus instalaciones con comodidad.

Uno de los puntos más destacados de nuestra visita fue el patio de comidas. La variedad gastronómica es impresionante, con opciones para todos los gustos. Desde comida rápida hasta platos internacionales, hay algo para cada miembro de la familia. Nosotros optamos por unos suculentos burritos mientras nuestras hijas disfrutaban un delicioso helado con toppings. Además, el área es amplia, limpia y con una iluminación agradable, lo que hace que sea un lugar cómodo para relajarse mientras se disfruta de la comida.

Sin embargo, el momento más emocionante para mis hijas fue su tiempo en Mr. Joy. Este espacio es simplemente maravilloso: lleno de juegos mecánicos, áreas interactivas y actividades que garantizan diversión ilimitada. Mis hijas no dejaron de sonreír mientras exploraban cada atracción. La seguridad y el personal amable nos dieron tranquilidad mientras ellas se divertían.

En resumen, El Dorado no es solo un centro comercial, es un espacio donde toda la familia puede pasar un día lleno de diversión, buena comida y momentos inolvidables. ¡Definitivamente volveremos!",,"Parrillada Restaurant El Dorado Sauces 3","4.4",,"https://www.google.com/maps/search/?api=1&query=Parrillada%20Restaurant%20El%20Dorado%20Sauces%203&query_place_id=ChIJn_5E3DxtLZARRbNyMxnxLew",
"Rodrigo Icaza Cornejo Manzana 139, 090504 Guayaquil, Ecuador","Restaurante","Restaurante","17018523657442603845","Guayaquil","EC","0x902d6d3cdc44fe9f:0xec2df1193372b345",,"https://lh3.googleusercontent.com/gps-cs-s/AHRPTWmvm90GLRySCo4gUqKI_yhh6hrRUm1p03H_4PyufCCfD8b6v6-CDw1zrqgo2---n6Hr_d_g6er4FZP8idRvw6-nSk2UbtHS-0wnv6imvoQgsKgiBNsVbXsxY7ZQC8l44ZhqvzqHvw=w408-h395-k-no","false","true","/g/12hmt6sh_","es-419","0","-2.1281964","-79.8868048",,"Los Sauces",,"false","ChIJn_5E3DxtLZARRbNyMxnxLew","090504","$5-10","Hace un año","2024-12-29T13:54:07.639Z",,,,,,,,,,,,,,,,,,,,"Consumo en el lugar","5","5","5","ChdDSUhNMG9nS0VJQ0FnSUNmdnItT3RnRRAB",,,,,,,,"Google",,,"37",,,"1606","2026-08-08T17:32:25.309Z","Direct Detail URL: https://www.google.com/maps/place/Parrillada+Restaurant+El+Dorado+Sauces+3/@-2.1265971,-79.8975452,12.68z/data=!4m10!1m2!2m1!1sEl+Dorado!3m6!1s0x902d6d3cdc44fe9f:0xec2df1193372b345!8m2!3d-2.1281964!4d-79.8868048!15sCglFbCBEb3JhZG9aCyIJZWwgZG9yYWRvkgEKcmVzdGF1cmFudOABAA!16s%2Fg%2F12hmt6sh_?entry=ttu&g_ep=EgoyMDI2MDgwNS4xIKXMDSoASAFQAw%3D%3D","3",,"Rodrigo Icaza Cornejo Manzana 139","false",,,"Parrillada Restaurant El Dorado Sauces 3","4.4",,"https://www.google.com/maps/search/?api=1&query=Parrillada%20Restaurant%20El%20Dorado%20Sauces%203&query_place_id=ChIJn_5E3DxtLZARRbNyMxnxLew",
"Rodrigo Icaza Cornejo Manzana 139, 090504 Guayaquil, Ecuador","Restaurante","Restaurante","17018523657442603845","Guayaquil","EC","0x902d6d3cdc44fe9f:0xec2df1193372b345",,"https://lh3.googleusercontent.com/gps-cs-s/AHRPTWmvm90GLRySCo4gUqKI_yhh6hrRUm1p03H_4PyufCCfD8b6v6-CDw1zrqgo2---n6Hr_d_g6er4FZP8idRvw6-nSk2UbtHS-0wnv6imvoQgsKgiBNsVbXsxY7ZQC8l44ZhqvzqHvw=w408-h395-k-no","false","true","/g/12hmt6sh_","es-419","0","-2.1281964","-79.8868048",,"Los Sauces",,"false","ChIJn_5E3DxtLZARRbNyMxnxLew","090504","$5-10","Hace un año","2024-12-29T04:23:51.008Z",,,,,,,,,,,,,"$35-40",,,,,,"Cena","Consumo en el lugar","5","4","5","ChdDSUhNMG9nS0VJQ0FnSUNmenVtNDJ3RRAB",,,,,,,,"Google",,,"34",,,"1606","2026-08-08T17:32:25.309Z","Direct Detail URL: https://www.google.com/maps/place/Parrillada+Restaurant+El+Dorado+Sauces+3/@-2.1265971,-79.8975452,12.68z/data=!4m10!1m2!2m1!1sEl+Dorado!3m6!1s0x902d6d3cdc44fe9f:0xec2df1193372b345!8m2!3d-2.1281964!4d-79.8868048!15sCglFbCBEb3JhZG9aCyIJZWwgZG9yYWRvkgEKcmVzdGF1cmFudOABAA!16s%2Fg%2F12hmt6sh_?entry=ttu&g_ep=EgoyMDI2MDgwNS4xIKXMDSoASAFQAw%3D%3D","4",,"Rodrigo Icaza Cornejo Manzana 139","false",,,"Parrillada Restaurant El Dorado Sauces 3","4.4",,"https://www.google.com/maps/search/?api=1&query=Parrillada%20Restaurant%20El%20Dorado%20Sauces%203&query_place_id=ChIJn_5E3DxtLZARRbNyMxnxLew",
"Rodrigo Icaza Cornejo Manzana 139, 090504 Guayaquil, Ecuador","Restaurante","Restaurante","17018523657442603845","Guayaquil","EC","0x902d6d3cdc44fe9f:0xec2df1193372b345",,"https://lh3.googleusercontent.com/gps-cs-s/AHRPTWmvm90GLRySCo4gUqKI_yhh6hrRUm1p03H_4PyufCCfD8b6v6-CDw1zrqgo2---n6Hr_d_g6er4FZP8idRvw6-nSk2UbtHS-0wnv6imvoQgsKgiBNsVbXsxY7ZQC8l44ZhqvzqHvw=w408-h395-k-no","false","true","/g/12hmt6sh_","es-419","0","-2.1281964","-79.8868048",,"Los Sauces",,"false","ChIJn_5E3DxtLZARRbNyMxnxLew","090504","$5-10","Hace un año","2024-12-26T22:06:19.107Z",,,,,,,,,,,,,,,,,,,,,"4","4","4","ChdDSUhNMG9nS0VJQ0FnSUNmN0pydHJnRRAB",,,,,,,,"Google",,,"7",,,"1606","2026-08-08T17:32:25.309Z","Direct Detail URL: https://www.google.com/maps/place/Parrillada+Restaurant+El+Dorado+Sauces+3/@-2.1265971,-79.8975452,12.68z/data=!4m10!1m2!2m1!1sEl+Dorado!3m6!1s0x902d6d3cdc44fe9f:0xec2df1193372b345!8m2!3d-2.1281964!4d-79.8868048!15sCglFbCBEb3JhZG9aCyIJZWwgZG9yYWRvkgEKcmVzdGF1cmFudOABAA!16s%2Fg%2F12hmt6sh_?entry=ttu&g_ep=EgoyMDI2MDgwNS4xIKXMDSoASAFQAw%3D%3D","5",,"Rodrigo Icaza Cornejo Manzana 139","false",,,"Parrillada Restaurant El Dorado Sauces 3","4.4",,"https://www.google.com/maps/search/?api=1&query=Parrillada%20Restaurant%20El%20Dorado%20Sauces%203&query_place_id=ChIJn_5E3DxtLZARRbNyMxnxLew",
"Rodrigo Icaza Cornejo Manzana 139, 090504 Guayaquil, Ecuador","Restaurante","Restaurante","17018523657442603845","Guayaquil","EC","0x902d6d3cdc44fe9f:0xec2df1193372b345",,"https://lh3.googleusercontent.com/gps-cs-s/AHRPTWmvm90GLRySCo4gUqKI_yhh6hrRUm1p03H_4PyufCCfD8b6v6-CDw1zrqgo2---n6Hr_d_g6er4FZP8idRvw6-nSk2UbtHS-0wnv6imvoQgsKgiBNsVbXsxY7ZQC8l44ZhqvzqHvw=w408-h395-k-no","false","true","/g/12hmt6sh_","es-419","0","-2.1281964","-79.8868048",,"Los Sauces",,"false","ChIJn_5E3DxtLZARRbNyMxnxLew","090504","$5-10","Hace un año","2024-12-25T20:43:38.985Z",,,,,,,,,,,,,,,,,,,,,"5","5","5","ChZDSUhNMG9nS0VJQ0FnSUR2XzVhb0xBEAE",,,,,,,,"Google",,,"9",,,"1606","2026-08-08T17:32:25.309Z","Direct Detail URL: https://www.google.com/maps/place/Parrillada+Restaurant+El+Dorado+Sauces+3/@-2.1265971,-79.8975452,12.68z/data=!4m10!1m2!2m1!1sEl+Dorado!3m6!1s0x902d6d3cdc44fe9f:0xec2df1193372b345!8m2!3d-2.1281964!4d-79.8868048!15sCglFbCBEb3JhZG9aCyIJZWwgZG9yYWRvkgEKcmVzdGF1cmFudOABAA!16s%2Fg%2F12hmt6sh_?entry=ttu&g_ep=EgoyMDI2MDgwNS4xIKXMDSoASAFQAw%3D%3D","5",,"Rodrigo Icaza Cornejo Manzana 139","false",,,"Parrillada Restaurant El Dorado Sauces 3","4.4",,"https://www.google.com/maps/search/?api=1&query=Parrillada%20Restaurant%20El%20Dorado%20Sauces%203&query_place_id=ChIJn_5E3DxtLZARRbNyMxnxLew",
"Rodrigo Icaza Cornejo Manzana 139, 090504 Guayaquil, Ecuador","Restaurante","Restaurante","17018523657442603845","Guayaquil","EC","0x902d6d3cdc44fe9f:0xec2df1193372b345",,"https://lh3.googleusercontent.com/gps-cs-s/AHRPTWmvm90GLRySCo4gUqKI_yhh6hrRUm1p03H_4PyufCCfD8b6v6-CDw1zrqgo2---n6Hr_d_g6er4FZP8idRvw6-nSk2UbtHS-0wnv6imvoQgsKgiBNsVbXsxY7ZQC8l44ZhqvzqHvw=w408-h395-k-no","false","true","/g/12hmt6sh_","es-419","0","-2.1281964","-79.8868048",,"Los Sauces","es","false","ChIJn_5E3DxtLZARRbNyMxnxLew","090504","$5-10","Hace un año","2024-12-25T17:00:00.572Z",,,,,,,,,,,,,"$5-10",,,,,,"Cena","Consumo en el lugar","4","4","4","ChdDSUhNMG9nS0VJQ0FnSUR2MzVuaHR3RRAB",,,,,,,,"Google",,,"255",,,"1606","2026-08-08T17:32:25.309Z","Direct Detail URL: https://www.google.com/maps/place/Parrillada+Restaurant+El+Dorado+Sauces+3/@-2.1265971,-79.8975452,12.68z/data=!4m10!1m2!2m1!1sEl+Dorado!3m6!1s0x902d6d3cdc44fe9f:0xec2df1193372b345!8m2!3d-2.1281964!4d-79.8868048!15sCglFbCBEb3JhZG9aCyIJZWwgZG9yYWRvkgEKcmVzdGF1cmFudOABAA!16s%2Fg%2F12hmt6sh_?entry=ttu&g_ep=EgoyMDI2MDgwNS4xIKXMDSoASAFQAw%3D%3D","4",,"Rodrigo Icaza Cornejo Manzana 139","false","Buen restaurant, te atienden bien y la comida es buena",,"Parrillada Restaurant El Dorado Sauces 3","4.4",,"https://www.google.com/maps/search/?api=1&query=Parrillada%20Restaurant%20El%20Dorado%20Sauces%203&query_place_id=ChIJn_5E3DxtLZARRbNyMxnxLew",
"Rodrigo Icaza Cornejo Manzana 139, 090504 Guayaquil, Ecuador","Restaurante","Restaurante","17018523657442603845","Guayaquil","EC","0x902d6d3cdc44fe9f:0xec2df1193372b345",,"https://lh3.googleusercontent.com/gps-cs-s/AHRPTWmvm90GLRySCo4gUqKI_yhh6hrRUm1p03H_4PyufCCfD8b6v6-CDw1zrqgo2---n6Hr_d_g6er4FZP8idRvw6-nSk2UbtHS-0wnv6imvoQgsKgiBNsVbXsxY7ZQC8l44ZhqvzqHvw=w408-h395-k-no","false","true","/g/12hmt6sh_","es-419","0","-2.1281964","-79.8868048",,"Los Sauces","es","false","ChIJn_5E3DxtLZARRbNyMxnxLew","090504","$5-10","Hace un año","2024-12-24T19:37:31.674Z",,,,,,"Es un poco difícil encontrar estacionamiento",,,,,,,"$5-10",,,,,,"Almuerzo","Consumo en el lugar","5","4","5","ChdDSUhNMG9nS0VJQ0FnSUR2NTVqS3ZRRRAB",,,,,,,,"Google",,,"69",,,"1606","2026-08-08T17:32:25.309Z","Direct Detail URL: https://www.google.com/maps/place/Parrillada+Restaurant+El+Dorado+Sauces+3/@-2.1265971,-79.8975452,12.68z/data=!4m10!1m2!2m1!1sEl+Dorado!3m6!1s0x902d6d3cdc44fe9f:0xec2df1193372b345!8m2!3d-2.1281964!4d-79.8868048!15sCglFbCBEb3JhZG9aCyIJZWwgZG9yYWRvkgEKcmVzdGF1cmFudOABAA!16s%2Fg%2F12hmt6sh_?entry=ttu&g_ep=EgoyMDI2MDgwNS4xIKXMDSoASAFQAw%3D%3D","5",,"Rodrigo Icaza Cornejo Manzana 139","false","Muy recomendado aunque le falta un poco más d sabor en pollo, la carne estupenda",,"Parrillada Restaurant El Dorado Sauces 3","4.4",,"https://www.google.com/maps/search/?api=1&query=Parrillada%20Restaurant%20El%20Dorado%20Sauces%203&query_place_id=ChIJn_5E3DxtLZARRbNyMxnxLew",
"Rodrigo Icaza Cornejo Manzana 139, 090504 Guayaquil, Ecuador","Restaurante","Restaurante","17018523657442603845","Guayaquil","EC","0x902d6d3cdc44fe9f:0xec2df1193372b345",,"https://lh3.googleusercontent.com/gps-cs-s/AHRPTWmvm90GLRySCo4gUqKI_yhh6hrRUm1p03H_4PyufCCfD8b6v6-CDw1zrqgo2---n6Hr_d_g6er4FZP8idRvw6-nSk2UbtHS-0wnv6imvoQgsKgiBNsVbXsxY7ZQC8l44ZhqvzqHvw=w408-h395-k-no","false","true","/g/12hmt6sh_","es-419","0","-2.1281964","-79.8868048",,"Los Sauces","es","false","ChIJn_5E3DxtLZARRbNyMxnxLew","090504","$5-10","Hace un año","2024-12-18T21:39:57.959Z",,,,,,,,,,,"Churrasco, Moro Choclo Camarones Apanados, Pollo Asado Con Ensalada Papas Fritas Y Arroz Con Choclo, Corvina Entera",,"$15-20",,,,,,"Cena","Consumo en el lugar","5","5","5","ChdDSUhNMG9nS0VJQ0FnSUR2b3RMU3RBRRAB",,,,,,,,"Google",,,"28",,,"1606","2026-08-08T17:32:25.309Z","Direct Detail URL: https://www.google.com/maps/place/Parrillada+Restaurant+El+Dorado+Sauces+3/@-2.1265971,-79.8975452,12.68z/data=!4m10!1m2!2m1!1sEl+Dorado!3m6!1s0x902d6d3cdc44fe9f:0xec2df1193372b345!8m2!3d-2.1281964!4d-79.8868048!15sCglFbCBEb3JhZG9aCyIJZWwgZG9yYWRvkgEKcmVzdGF1cmFudOABAA!16s%2Fg%2F12hmt6sh_?entry=ttu&g_ep=EgoyMDI2MDgwNS4xIKXMDSoASAFQAw%3D%3D","5",,"Rodrigo Icaza Cornejo Manzana 139","false","Excelente",,"Parrillada Restaurant El Dorado Sauces 3","4.4",,"https://www.google.com/maps/search/?api=1&query=Parrillada%20Restaurant%20El%20Dorado%20Sauces%203&query_place_id=ChIJn_5E3DxtLZARRbNyMxnxLew",
"Rodrigo Icaza Cornejo Manzana 139, 090504 Guayaquil, Ecuador","Restaurante","Restaurante","17018523657442603845","Guayaquil","EC","0x902d6d3cdc44fe9f:0xec2df1193372b345",,"https://lh3.googleusercontent.com/gps-cs-s/AHRPTWmvm90GLRySCo4gUqKI_yhh6hrRUm1p03H_4PyufCCfD8b6v6-CDw1zrqgo2---n6Hr_d_g6er4FZP8idRvw6-nSk2UbtHS-0wnv6imvoQgsKgiBNsVbXsxY7ZQC8l44ZhqvzqHvw=w408-h395-k-no","false","false","/g/12hmt6sh_","es-419","0","-2.1281964","-79.8868048",,"Los Sauces",,"false","ChIJn_5E3DxtLZARRbNyMxnxLew","090504","$5-10","Hace un año","2024-12-11T12:45:06.109Z",,,,,,,,,,,"Pollo Asado Con Ensalada Papas Fritas Y Arroz Con Choclo",,"$15-20",,,,,,"Almuerzo","Consumo en el lugar","4","3","3","ChZDSUhNMG9nS0VJQ0FnSUN2dnEySVVnEAE",,,,,,,,"Google",,,"0",,,"1606","2026-08-08T17:32:25.309Z","Direct Detail URL: https://www.google.com/maps/place/Parrillada+Restaurant+El+Dorado+Sauces+3/@-2.1265971,-79.8975452,12.68z/data=!4m10!1m2!2m1!1sEl+Dorado!3m6!1s0x902d6d3cdc44fe9f:0xec2df1193372b345!8m2!3d-2.1281964!4d-79.8868048!15sCglFbCBEb3JhZG9aCyIJZWwgZG9yYWRvkgEKcmVzdGF1cmFudOABAA!16s%2Fg%2F12hmt6sh_?entry=ttu&g_ep=EgoyMDI2MDgwNS4xIKXMDSoASAFQAw%3D%3D","4",,"Rodrigo Icaza Cornejo Manzana 139","false",,,"Parrillada Restaurant El Dorado Sauces 3","4.4",,"https://www.google.com/maps/search/?api=1&query=Parrillada%20Restaurant%20El%20Dorado%20Sauces%203&query_place_id=ChIJn_5E3DxtLZARRbNyMxnxLew",
"Rodrigo Icaza Cornejo Manzana 139, 090504 Guayaquil, Ecuador","Restaurante","Restaurante","17018523657442603845","Guayaquil","EC","0x902d6d3cdc44fe9f:0xec2df1193372b345",,"https://lh3.googleusercontent.com/gps-cs-s/AHRPTWmvm90GLRySCo4gUqKI_yhh6hrRUm1p03H_4PyufCCfD8b6v6-CDw1zrqgo2---n6Hr_d_g6er4FZP8idRvw6-nSk2UbtHS-0wnv6imvoQgsKgiBNsVbXsxY7ZQC8l44ZhqvzqHvw=w408-h395-k-no","false","true","/g/12hmt6sh_","es-419","0","-2.1281964","-79.8868048",,"Los Sauces",,"false","ChIJn_5E3DxtLZARRbNyMxnxLew","090504","$5-10","Editado Hace un año","2024-12-11T09:48:25.676Z",,,,,,,,,,,,,,,,,,,,,"4","4","4","ChdDSUhNMG9nS0VJQ0FnSUNDbFp1SjJBRRAB",,,,,,,,"Google",,,"360",,,"1606","2026-08-08T17:32:25.309Z","Direct Detail URL: https://www.google.com/maps/place/Parrillada+Restaurant+El+Dorado+Sauces+3/@-2.1265971,-79.8975452,12.68z/data=!4m10!1m2!2m1!1sEl+Dorado!3m6!1s0x902d6d3cdc44fe9f:0xec2df1193372b345!8m2!3d-2.1281964!4d-79.8868048!15sCglFbCBEb3JhZG9aCyIJZWwgZG9yYWRvkgEKcmVzdGF1cmFudOABAA!16s%2Fg%2F12hmt6sh_?entry=ttu&g_ep=EgoyMDI2MDgwNS4xIKXMDSoASAFQAw%3D%3D","5",,"Rodrigo Icaza Cornejo Manzana 139","false",,,"Parrillada Restaurant El Dorado Sauces 3","4.4",,"https://www.google.com/maps/search/?api=1&query=Parrillada%20Restaurant%20El%20Dorado%20Sauces%203&query_place_id=ChIJn_5E3DxtLZARRbNyMxnxLew",
"Rodrigo Icaza Cornejo Manzana 139, 090504 Guayaquil, Ecuador","Restaurante","Restaurante","17018523657442603845","Guayaquil","EC","0x902d6d3cdc44fe9f:0xec2df1193372b345",,"https://lh3.googleusercontent.com/gps-cs-s/AHRPTWmvm90GLRySCo4gUqKI_yhh6hrRUm1p03H_4PyufCCfD8b6v6-CDw1zrqgo2---n6Hr_d_g6er4FZP8idRvw6-nSk2UbtHS-0wnv6imvoQgsKgiBNsVbXsxY7ZQC8l44ZhqvzqHvw=w408-h395-k-no","false","true","/g/12hmt6sh_","es-419","0","-2.1281964","-79.8868048",,"Los Sauces",,"false","ChIJn_5E3DxtLZARRbNyMxnxLew","090504","$5-10","Hace un año","2024-12-11T05:31:11.991Z",,,,,,,,,,,,,,,,,,,,,,,,"ChZDSUhNMG9nS0VJQ0FnSUN2cnNPQWZ3EAE",,,,,,,,"Google",,,"7",,,"1606","2026-08-08T17:32:25.309Z","Direct Detail URL: https://www.google.com/maps/place/Parrillada+Restaurant+El+Dorado+Sauces+3/@-2.1265971,-79.8975452,12.68z/data=!4m10!1m2!2m1!1sEl+Dorado!3m6!1s0x902d6d3cdc44fe9f:0xec2df1193372b345!8m2!3d-2.1281964!4d-79.8868048!15sCglFbCBEb3JhZG9aCyIJZWwgZG9yYWRvkgEKcmVzdGF1cmFudOABAA!16s%2Fg%2F12hmt6sh_?entry=ttu&g_ep=EgoyMDI2MDgwNS4xIKXMDSoASAFQAw%3D%3D","5",,"Rodrigo Icaza Cornejo Manzana 139","false",,,"Parrillada Restaurant El Dorado Sauces 3","4.4",,"https://www.google.com/maps/search/?api=1&query=Parrillada%20Restaurant%20El%20Dorado%20Sauces%203&query_place_id=ChIJn_5E3DxtLZARRbNyMxnxLew",
"Rodrigo Icaza Cornejo Manzana 139, 090504 Guayaquil, Ecuador","Restaurante","Restaurante","17018523657442603845","Guayaquil","EC","0x902d6d3cdc44fe9f:0xec2df1193372b345",,"https://lh3.googleusercontent.com/gps-cs-s/AHRPTWmvm90GLRySCo4gUqKI_yhh6hrRUm1p03H_4PyufCCfD8b6v6-CDw1zrqgo2---n6Hr_d_g6er4FZP8idRvw6-nSk2UbtHS-0wnv6imvoQgsKgiBNsVbXsxY7ZQC8l44ZhqvzqHvw=w408-h395-k-no","false","true","/g/12hmt6sh_","es-419","0","-2.1281964","-79.8868048",,"Los Sauces","es","false","ChIJn_5E3DxtLZARRbNyMxnxLew","090504","$5-10","Editado Hace un año","2024-11-17T01:08:59.902Z",,,,,,,,,,,,,,,,,,,,,"5","5","5","ChdDSUhNMG9nS0VJQ0FnSURvMjlheW5BRRAB",,,,,,,,"Google",,,"197",,,"1606","2026-08-08T17:32:25.309Z","Direct Detail URL: https://www.google.com/maps/place/Parrillada+Restaurant+El+Dorado+Sauces+3/@-2.1265971,-79.8975452,12.68z/data=!4m10!1m2!2m1!1sEl+Dorado!3m6!1s0x902d6d3cdc44fe9f:0xec2df1193372b345!8m2!3d-2.1281964!4d-79.8868048!15sCglFbCBEb3JhZG9aCyIJZWwgZG9yYWRvkgEKcmVzdGF1cmFudOABAA!16s%2Fg%2F12hmt6sh_?entry=ttu&g_ep=EgoyMDI2MDgwNS4xIKXMDSoASAFQAw%3D%3D","5",,"Rodrigo Icaza Cornejo Manzana 139","false","excelente lugar",,"Parrillada Restaurant El Dorado Sauces 3","4.4",,"https://www.google.com/maps/search/?api=1&query=Parrillada%20Restaurant%20El%20Dorado%20Sauces%203&query_place_id=ChIJn_5E3DxtLZARRbNyMxnxLew",
"Rodrigo Icaza Cornejo Manzana 139, 090504 Guayaquil, Ecuador","Restaurante","Restaurante","17018523657442603845","Guayaquil","EC","0x902d6d3cdc44fe9f:0xec2df1193372b345",,"https://lh3.googleusercontent.com/gps-cs-s/AHRPTWmvm90GLRySCo4gUqKI_yhh6hrRUm1p03H_4PyufCCfD8b6v6-CDw1zrqgo2---n6Hr_d_g6er4FZP8idRvw6-nSk2UbtHS-0wnv6imvoQgsKgiBNsVbXsxY7ZQC8l44ZhqvzqHvw=w408-h395-k-no","false","true","/g/12hmt6sh_","es-419","0","-2.1281964","-79.8868048",,"Los Sauces","es","false","ChIJn_5E3DxtLZARRbNyMxnxLew","090504","$5-10","Hace un año","2024-11-13T19:41:48.518Z",,,,,,,,,,,,,"$5-10",,,,,,"Otro","Consumo en el lugar","2","4","2","ChdDSUhNMG9nS0VJQ0FnSUQzMHN1a3VRRRAB","https://lh3.googleusercontent.com/grass-cs/ACvplmPrQEByIFx_jn3t7aKTy3_bCCiIOeo0E8Jf-QcXnAIiD8OsohidZv8_3Dp6frtfP5wpk8OFL0-A8KVGLXOrpcuJ9uxOwZjXyu1CXpWqRozX5Aaby4tW3x9BHoiY7cDb6Qx2AQsR=k-no",,,,,,,"Google",,,"27",,,"1606","2026-08-08T17:32:25.309Z","Direct Detail URL: https://www.google.com/maps/place/Parrillada+Restaurant+El+Dorado+Sauces+3/@-2.1265971,-79.8975452,12.68z/data=!4m10!1m2!2m1!1sEl+Dorado!3m6!1s0x902d6d3cdc44fe9f:0xec2df1193372b345!8m2!3d-2.1281964!4d-79.8868048!15sCglFbCBEb3JhZG9aCyIJZWwgZG9yYWRvkgEKcmVzdGF1cmFudOABAA!16s%2Fg%2F12hmt6sh_?entry=ttu&g_ep=EgoyMDI2MDgwNS4xIKXMDSoASAFQAw%3D%3D","3",,"Rodrigo Icaza Cornejo Manzana 139","false","Pedimos un hígado a la parrilla buen buena la comida la atención no tanta, pero la experiencia es buen",,"Parrillada Restaurant El Dorado Sauces 3","4.4",,"https://www.google.com/maps/search/?api=1&query=Parrillada%20Restaurant%20El%20Dorado%20Sauces%203&query_place_id=ChIJn_5E3DxtLZARRbNyMxnxLew",
"Rodrigo Icaza Cornejo Manzana 139, 090504 Guayaquil, Ecuador","Restaurante","Restaurante","17018523657442603845","Guayaquil","EC","0x902d6d3cdc44fe9f:0xec2df1193372b345",,"https://lh3.googleusercontent.com/gps-cs-s/AHRPTWmvm90GLRySCo4gUqKI_yhh6hrRUm1p03H_4PyufCCfD8b6v6-CDw1zrqgo2---n6Hr_d_g6er4FZP8idRvw6-nSk2UbtHS-0wnv6imvoQgsKgiBNsVbXsxY7ZQC8l44ZhqvzqHvw=w408-h395-k-no","false","false","/g/12hmt6sh_","es-419","0","-2.1281964","-79.8868048",,"Los Sauces",,"false","ChIJn_5E3DxtLZARRbNyMxnxLew","090504","$5-10","Hace un año","2024-11-02T01:21:10.465Z",,,,,,,,,,,,,,,,,,,,,,,,"ChZDSUhNMG9nS0VJQ0FnSUMzMExyMkVREAE",,,,,,,,"Google",,,"1",,,"1606","2026-08-08T17:32:25.309Z","Direct Detail URL: https://www.google.com/maps/place/Parrillada+Restaurant+El+Dorado+Sauces+3/@-2.1265971,-79.8975452,12.68z/data=!4m10!1m2!2m1!1sEl+Dorado!3m6!1s0x902d6d3cdc44fe9f:0xec2df1193372b345!8m2!3d-2.1281964!4d-79.8868048!15sCglFbCBEb3JhZG9aCyIJZWwgZG9yYWRvkgEKcmVzdGF1cmFudOABAA!16s%2Fg%2F12hmt6sh_?entry=ttu&g_ep=EgoyMDI2MDgwNS4xIKXMDSoASAFQAw%3D%3D","5",,"Rodrigo Icaza Cornejo Manzana 139","false",,,"Parrillada Restaurant El Dorado Sauces 3","4.4",,"https://www.google.com/maps/search/?api=1&query=Parrillada%20Restaurant%20El%20Dorado%20Sauces%203&query_place_id=ChIJn_5E3DxtLZARRbNyMxnxLew",
"Rodrigo Icaza Cornejo Manzana 139, 090504 Guayaquil, Ecuador","Restaurante","Restaurante","17018523657442603845","Guayaquil","EC","0x902d6d3cdc44fe9f:0xec2df1193372b345",,"https://lh3.googleusercontent.com/gps-cs-s/AHRPTWmvm90GLRySCo4gUqKI_yhh6hrRUm1p03H_4PyufCCfD8b6v6-CDw1zrqgo2---n6Hr_d_g6er4FZP8idRvw6-nSk2UbtHS-0wnv6imvoQgsKgiBNsVbXsxY7ZQC8l44ZhqvzqHvw=w408-h395-k-no","false","true","/g/12hmt6sh_","es-419","0","-2.1281964","-79.8868048",,"Los Sauces","es","false","ChIJn_5E3DxtLZARRbNyMxnxLew","090504","$5-10","Editado Hace un año","2024-10-26T18:41:52.445Z",,,,,,,,,,,"Arroz Con Menestra Y Filete de Pescado",,"$5-10",,,,,,"Almuerzo","Consumo en el lugar","5","5","5","ChdDSUhNMG9nS0VJQ0FnSUROczRxbTZnRRAB",,,,,,,,"Google",,,"81",,,"1606","2026-08-08T17:32:25.309Z","Direct Detail URL: https://www.google.com/maps/place/Parrillada+Restaurant+El+Dorado+Sauces+3/@-2.1265971,-79.8975452,12.68z/data=!4m10!1m2!2m1!1sEl+Dorado!3m6!1s0x902d6d3cdc44fe9f:0xec2df1193372b345!8m2!3d-2.1281964!4d-79.8868048!15sCglFbCBEb3JhZG9aCyIJZWwgZG9yYWRvkgEKcmVzdGF1cmFudOABAA!16s%2Fg%2F12hmt6sh_?entry=ttu&g_ep=EgoyMDI2MDgwNS4xIKXMDSoASAFQAw%3D%3D","5",,"Rodrigo Icaza Cornejo Manzana 139","false","Buen lugar para compartir en familia.",,"Parrillada Restaurant El Dorado Sauces 3","4.4",,"https://www.google.com/maps/search/?api=1&query=Parrillada%20Restaurant%20El%20Dorado%20Sauces%203&query_place_id=ChIJn_5E3DxtLZARRbNyMxnxLew",
"Rodrigo Icaza Cornejo Manzana 139, 090504 Guayaquil, Ecuador","Restaurante","Restaurante","17018523657442603845","Guayaquil","EC","0x902d6d3cdc44fe9f:0xec2df1193372b345",,"https://lh3.googleusercontent.com/gps-cs-s/AHRPTWmvm90GLRySCo4gUqKI_yhh6hrRUm1p03H_4PyufCCfD8b6v6-CDw1zrqgo2---n6Hr_d_g6er4FZP8idRvw6-nSk2UbtHS-0wnv6imvoQgsKgiBNsVbXsxY7ZQC8l44ZhqvzqHvw=w408-h395-k-no","false","false","/g/12hmt6sh_","es-419","0","-2.1281964","-79.8868048",,"Los Sauces",,"false","ChIJn_5E3DxtLZARRbNyMxnxLew","090504","$5-10","Hace un año","2024-10-23T20:19:29.481Z",,,,,,,,,,,,,,,,,,,,,,,,"ChdDSUhNMG9nS0VJQ0FnSURYMk1pZ3ZBRRAB",,,,,,,,"Google",,,"0",,,"1606","2026-08-08T17:32:25.309Z","Direct Detail URL: https://www.google.com/maps/place/Parrillada+Restaurant+El+Dorado+Sauces+3/@-2.1265971,-79.8975452,12.68z/data=!4m10!1m2!2m1!1sEl+Dorado!3m6!1s0x902d6d3cdc44fe9f:0xec2df1193372b345!8m2!3d-2.1281964!4d-79.8868048!15sCglFbCBEb3JhZG9aCyIJZWwgZG9yYWRvkgEKcmVzdGF1cmFudOABAA!16s%2Fg%2F12hmt6sh_?entry=ttu&g_ep=EgoyMDI2MDgwNS4xIKXMDSoASAFQAw%3D%3D","3",,"Rodrigo Icaza Cornejo Manzana 139","false",,,"Parrillada Restaurant El Dorado Sauces 3","4.4",,"https://www.google.com/maps/search/?api=1&query=Parrillada%20Restaurant%20El%20Dorado%20Sauces%203&query_place_id=ChIJn_5E3DxtLZARRbNyMxnxLew",
"Rodrigo Icaza Cornejo Manzana 139, 090504 Guayaquil, Ecuador","Restaurante","Restaurante","17018523657442603845","Guayaquil","EC","0x902d6d3cdc44fe9f:0xec2df1193372b345",,"https://lh3.googleusercontent.com/gps-cs-s/AHRPTWmvm90GLRySCo4gUqKI_yhh6hrRUm1p03H_4PyufCCfD8b6v6-CDw1zrqgo2---n6Hr_d_g6er4FZP8idRvw6-nSk2UbtHS-0wnv6imvoQgsKgiBNsVbXsxY7ZQC8l44ZhqvzqHvw=w408-h395-k-no","false","false","/g/12hmt6sh_","es-419","0","-2.1281964","-79.8868048",,"Los Sauces",,"false","ChIJn_5E3DxtLZARRbNyMxnxLew","090504","$5-10","Hace un año","2024-10-20T20:21:52.722Z",,,,,,,,,,,,,,,,,,,,,"5","5","5","ChZDSUhNMG9nS0VJQ0FnSUNYbTcyTlNBEAE",,,,,,,,"Google",,,"0",,,"1606","2026-08-08T17:32:25.309Z","Direct Detail URL: https://www.google.com/maps/place/Parrillada+Restaurant+El+Dorado+Sauces+3/@-2.1265971,-79.8975452,12.68z/data=!4m10!1m2!2m1!1sEl+Dorado!3m6!1s0x902d6d3cdc44fe9f:0xec2df1193372b345!8m2!3d-2.1281964!4d-79.8868048!15sCglFbCBEb3JhZG9aCyIJZWwgZG9yYWRvkgEKcmVzdGF1cmFudOABAA!16s%2Fg%2F12hmt6sh_?entry=ttu&g_ep=EgoyMDI2MDgwNS4xIKXMDSoASAFQAw%3D%3D","1",,"Rodrigo Icaza Cornejo Manzana 139","false",,,"Parrillada Restaurant El Dorado Sauces 3","4.4",,"https://www.google.com/maps/search/?api=1&query=Parrillada%20Restaurant%20El%20Dorado%20Sauces%203&query_place_id=ChIJn_5E3DxtLZARRbNyMxnxLew",
"Rodrigo Icaza Cornejo Manzana 139, 090504 Guayaquil, Ecuador","Restaurante","Restaurante","17018523657442603845","Guayaquil","EC","0x902d6d3cdc44fe9f:0xec2df1193372b345",,"https://lh3.googleusercontent.com/gps-cs-s/AHRPTWmvm90GLRySCo4gUqKI_yhh6hrRUm1p03H_4PyufCCfD8b6v6-CDw1zrqgo2---n6Hr_d_g6er4FZP8idRvw6-nSk2UbtHS-0wnv6imvoQgsKgiBNsVbXsxY7ZQC8l44ZhqvzqHvw=w408-h395-k-no","false","true","/g/12hmt6sh_","es-419","0","-2.1281964","-79.8868048",,"Los Sauces",,"false","ChIJn_5E3DxtLZARRbNyMxnxLew","090504","$5-10","Hace un año","2024-10-20T19:25:38.524Z",,,,,,,,,,,,,,,,,,,,,,,,"ChdDSUhNMG9nS0VJQ0FnSUNYbTVMaXl3RRAB",,,,,,,,"Google",,,"7",,,"1606","2026-08-08T17:32:25.309Z","Direct Detail URL: https://www.google.com/maps/place/Parrillada+Restaurant+El+Dorado+Sauces+3/@-2.1265971,-79.8975452,12.68z/data=!4m10!1m2!2m1!1sEl+Dorado!3m6!1s0x902d6d3cdc44fe9f:0xec2df1193372b345!8m2!3d-2.1281964!4d-79.8868048!15sCglFbCBEb3JhZG9aCyIJZWwgZG9yYWRvkgEKcmVzdGF1cmFudOABAA!16s%2Fg%2F12hmt6sh_?entry=ttu&g_ep=EgoyMDI2MDgwNS4xIKXMDSoASAFQAw%3D%3D","5",,"Rodrigo Icaza Cornejo Manzana 139","false",,,"Parrillada Restaurant El Dorado Sauces 3","4.4",,"https://www.google.com/maps/search/?api=1&query=Parrillada%20Restaurant%20El%20Dorado%20Sauces%203&query_place_id=ChIJn_5E3DxtLZARRbNyMxnxLew",
"Rodrigo Icaza Cornejo Manzana 139, 090504 Guayaquil, Ecuador","Restaurante","Restaurante","17018523657442603845","Guayaquil","EC","0x902d6d3cdc44fe9f:0xec2df1193372b345",,"https://lh3.googleusercontent.com/gps-cs-s/AHRPTWmvm90GLRySCo4gUqKI_yhh6hrRUm1p03H_4PyufCCfD8b6v6-CDw1zrqgo2---n6Hr_d_g6er4FZP8idRvw6-nSk2UbtHS-0wnv6imvoQgsKgiBNsVbXsxY7ZQC8l44ZhqvzqHvw=w408-h395-k-no","false","false","/g/12hmt6sh_","es-419","0","-2.1281964","-79.8868048",,"Los Sauces","es","false","ChIJn_5E3DxtLZARRbNyMxnxLew","090504","$5-10","Hace un año","2024-10-20T18:10:37.057Z",,,,,,,,,,,,,,,,,,,,,"5","5","5","ChZDSUhNMG9nS0VJQ0FnSUNYNjdueUF3EAE",,,,,,,,"Google",,,"8",,,"1606","2026-08-08T17:32:25.309Z","Direct Detail URL: https://www.google.com/maps/place/Parrillada+Restaurant+El+Dorado+Sauces+3/@-2.1265971,-79.8975452,12.68z/data=!4m10!1m2!2m1!1sEl+Dorado!3m6!1s0x902d6d3cdc44fe9f:0xec2df1193372b345!8m2!3d-2.1281964!4d-79.8868048!15sCglFbCBEb3JhZG9aCyIJZWwgZG9yYWRvkgEKcmVzdGF1cmFudOABAA!16s%2Fg%2F12hmt6sh_?entry=ttu&g_ep=EgoyMDI2MDgwNS4xIKXMDSoASAFQAw%3D%3D","5",,"Rodrigo Icaza Cornejo Manzana 139","false","Muy bien",,"Parrillada Restaurant El Dorado Sauces 3","4.4",,"https://www.google.com/maps/search/?api=1&query=Parrillada%20Restaurant%20El%20Dorado%20Sauces%203&query_place_id=ChIJn_5E3DxtLZARRbNyMxnxLew",
"Rodrigo Icaza Cornejo Manzana 139, 090504 Guayaquil, Ecuador","Restaurante","Restaurante","17018523657442603845","Guayaquil","EC","0x902d6d3cdc44fe9f:0xec2df1193372b345",,"https://lh3.googleusercontent.com/gps-cs-s/AHRPTWmvm90GLRySCo4gUqKI_yhh6hrRUm1p03H_4PyufCCfD8b6v6-CDw1zrqgo2---n6Hr_d_g6er4FZP8idRvw6-nSk2UbtHS-0wnv6imvoQgsKgiBNsVbXsxY7ZQC8l44ZhqvzqHvw=w408-h395-k-no","false","true","/g/12hmt6sh_","es-419","0","-2.1281964","-79.8868048",,"Los Sauces","es","false","ChIJn_5E3DxtLZARRbNyMxnxLew","090504","$5-10","Editado Hace un año","2024-10-19T22:31:39.659Z",,,,,,,,,,,,,,,,,,,,,"5","3","3","ChdDSUhNMG9nS0VJQ0FnSURtNUs3VTZRRRAB","https://lh3.googleusercontent.com/grass-cs/ACvplmP6eaJ5EZtGinUJ10sf99T01fEs9Ea6LeQTUwbMhHvvC91B_GnF99HS7I6oq6d55QA8ZX5gNgjYHAVTCc-UVpq8zUI0kDcJ3oR4Ifv6jilQDRXc5cz9qK5ZYtYcVGBJi3d2lOfg=k-no",,,,,,,"Google",,,"110",,,"1606","2026-08-08T17:32:25.309Z","Direct Detail URL: https://www.google.com/maps/place/Parrillada+Restaurant+El+Dorado+Sauces+3/@-2.1265971,-79.8975452,12.68z/data=!4m10!1m2!2m1!1sEl+Dorado!3m6!1s0x902d6d3cdc44fe9f:0xec2df1193372b345!8m2!3d-2.1281964!4d-79.8868048!15sCglFbCBEb3JhZG9aCyIJZWwgZG9yYWRvkgEKcmVzdGF1cmFudOABAA!16s%2Fg%2F12hmt6sh_?entry=ttu&g_ep=EgoyMDI2MDgwNS4xIKXMDSoASAFQAw%3D%3D","4",,"Rodrigo Icaza Cornejo Manzana 139","false","Tiene un Ambiente tranquilo",,"Parrillada Restaurant El Dorado Sauces 3","4.4",,"https://www.google.com/maps/search/?api=1&query=Parrillada%20Restaurant%20El%20Dorado%20Sauces%203&query_place_id=ChIJn_5E3DxtLZARRbNyMxnxLew",
"Rodrigo Icaza Cornejo Manzana 139, 090504 Guayaquil, Ecuador","Restaurante","Restaurante","17018523657442603845","Guayaquil","EC","0x902d6d3cdc44fe9f:0xec2df1193372b345",,"https://lh3.googleusercontent.com/gps-cs-s/AHRPTWmvm90GLRySCo4gUqKI_yhh6hrRUm1p03H_4PyufCCfD8b6v6-CDw1zrqgo2---n6Hr_d_g6er4FZP8idRvw6-nSk2UbtHS-0wnv6imvoQgsKgiBNsVbXsxY7ZQC8l44ZhqvzqHvw=w408-h395-k-no","false","false","/g/12hmt6sh_","es-419","0","-2.1281964","-79.8868048",,"Los Sauces",,"false","ChIJn_5E3DxtLZARRbNyMxnxLew","090504","$5-10","Hace un año","2024-10-19T03:25:37.590Z",,,,,,,,,,,,,,,,,,,,,,,,"ChZDSUhNMG9nS0VJQ0FnSUNYdFpiWE93EAE",,,,,,,,"Google",,,"4",,,"1606","2026-08-08T17:32:25.309Z","Direct Detail URL: https://www.google.com/maps/place/Parrillada+Restaurant+El+Dorado+Sauces+3/@-2.1265971,-79.8975452,12.68z/data=!4m10!1m2!2m1!1sEl+Dorado!3m6!1s0x902d6d3cdc44fe9f:0xec2df1193372b345!8m2!3d-2.1281964!4d-79.8868048!15sCglFbCBEb3JhZG9aCyIJZWwgZG9yYWRvkgEKcmVzdGF1cmFudOABAA!16s%2Fg%2F12hmt6sh_?entry=ttu&g_ep=EgoyMDI2MDgwNS4xIKXMDSoASAFQAw%3D%3D","4",,"Rodrigo Icaza Cornejo Manzana 139","false",,,"Parrillada Restaurant El Dorado Sauces 3","4.4",,"https://www.google.com/maps/search/?api=1&query=Parrillada%20Restaurant%20El%20Dorado%20Sauces%203&query_place_id=ChIJn_5E3DxtLZARRbNyMxnxLew",
"Rodrigo Icaza Cornejo Manzana 139, 090504 Guayaquil, Ecuador","Restaurante","Restaurante","17018523657442603845","Guayaquil","EC","0x902d6d3cdc44fe9f:0xec2df1193372b345",,"https://lh3.googleusercontent.com/gps-cs-s/AHRPTWmvm90GLRySCo4gUqKI_yhh6hrRUm1p03H_4PyufCCfD8b6v6-CDw1zrqgo2---n6Hr_d_g6er4FZP8idRvw6-nSk2UbtHS-0wnv6imvoQgsKgiBNsVbXsxY7ZQC8l44ZhqvzqHvw=w408-h395-k-no","false","false","/g/12hmt6sh_","es-419","0","-2.1281964","-79.8868048",,"Los Sauces","es","false","ChIJn_5E3DxtLZARRbNyMxnxLew","090504","$5-10","Hace un año","2024-10-12T12:40:15.207Z",,,,,,,,,,,"Pollo Asado Con Ensalada Papas Fritas Y Arroz Con Choclo",,"$15-20",,,,,,,"Consumo en el lugar","5","5","5","ChZDSUhNMG9nS0VJQ0FnSUNYMEpmS2NnEAE",,,,,,,,"Google",,,"9",,,"1606","2026-08-08T17:32:25.309Z","Direct Detail URL: https://www.google.com/maps/place/Parrillada+Restaurant+El+Dorado+Sauces+3/@-2.1265971,-79.8975452,12.68z/data=!4m10!1m2!2m1!1sEl+Dorado!3m6!1s0x902d6d3cdc44fe9f:0xec2df1193372b345!8m2!3d-2.1281964!4d-79.8868048!15sCglFbCBEb3JhZG9aCyIJZWwgZG9yYWRvkgEKcmVzdGF1cmFudOABAA!16s%2Fg%2F12hmt6sh_?entry=ttu&g_ep=EgoyMDI2MDgwNS4xIKXMDSoASAFQAw%3D%3D","5",,"Rodrigo Icaza Cornejo Manzana 139","false","Excelente muy delicioso, les recomiendo el moro tocino y la costilla de cerdo , además excelente el precio",,"Parrillada Restaurant El Dorado Sauces 3","4.4",,"https://www.google.com/maps/search/?api=1&query=Parrillada%20Restaurant%20El%20Dorado%20Sauces%203&query_place_id=ChIJn_5E3DxtLZARRbNyMxnxLew",
"Rodrigo Icaza Cornejo Manzana 139, 090504 Guayaquil, Ecuador","Restaurante","Restaurante","17018523657442603845","Guayaquil","EC","0x902d6d3cdc44fe9f:0xec2df1193372b345",,"https://lh3.googleusercontent.com/gps-cs-s/AHRPTWmvm90GLRySCo4gUqKI_yhh6hrRUm1p03H_4PyufCCfD8b6v6-CDw1zrqgo2---n6Hr_d_g6er4FZP8idRvw6-nSk2UbtHS-0wnv6imvoQgsKgiBNsVbXsxY7ZQC8l44ZhqvzqHvw=w408-h395-k-no","false","true","/g/12hmt6sh_","es-419","0","-2.1281964","-79.8868048",,"Los Sauces","es","false","ChIJn_5E3DxtLZARRbNyMxnxLew","090504","$5-10","Hace un año","2024-09-29T18:41:51.273Z",,,,,,,,,,,,,,,,,,,,,,,,"ChZDSUhNMG9nS0VJQ0FnSUNuOF9MelN3EAE",,,,,,,,"Google",,,"135",,,"1606","2026-08-08T17:32:25.309Z","Direct Detail URL: https://www.google.com/maps/place/Parrillada+Restaurant+El+Dorado+Sauces+3/@-2.1265971,-79.8975452,12.68z/data=!4m10!1m2!2m1!1sEl+Dorado!3m6!1s0x902d6d3cdc44fe9f:0xec2df1193372b345!8m2!3d-2.1281964!4d-79.8868048!15sCglFbCBEb3JhZG9aCyIJZWwgZG9yYWRvkgEKcmVzdGF1cmFudOABAA!16s%2Fg%2F12hmt6sh_?entry=ttu&g_ep=EgoyMDI2MDgwNS4xIKXMDSoASAFQAw%3D%3D","2",,"Rodrigo Icaza Cornejo Manzana 139","false","No nos limpiaban la mesa y no nos atendieron pronto",,"Parrillada Restaurant El Dorado Sauces 3","4.4",,"https://www.google.com/maps/search/?api=1&query=Parrillada%20Restaurant%20El%20Dorado%20Sauces%203&query_place_id=ChIJn_5E3DxtLZARRbNyMxnxLew",
"Rodrigo Icaza Cornejo Manzana 139, 090504 Guayaquil, Ecuador","Restaurante","Restaurante","17018523657442603845","Guayaquil","EC","0x902d6d3cdc44fe9f:0xec2df1193372b345",,"https://lh3.googleusercontent.com/gps-cs-s/AHRPTWmvm90GLRySCo4gUqKI_yhh6hrRUm1p03H_4PyufCCfD8b6v6-CDw1zrqgo2---n6Hr_d_g6er4FZP8idRvw6-nSk2UbtHS-0wnv6imvoQgsKgiBNsVbXsxY7ZQC8l44ZhqvzqHvw=w408-h395-k-no","false","true","/g/12hmt6sh_","es-419","0","-2.1281964","-79.8868048",,"Los Sauces",,"false","ChIJn_5E3DxtLZARRbNyMxnxLew","090504","$5-10","Hace un año","2024-09-28T12:03:56.849Z",,,,,,,,,,,,,,,,,,,,,,,,"ChZDSUhNMG9nS0VJQ0FnSUNuamNHUFlnEAE",,,,,,,,"Google",,,"5",,,"1606","2026-08-08T17:32:25.309Z","Direct Detail URL: https://www.google.com/maps/place/Parrillada+Restaurant+El+Dorado+Sauces+3/@-2.1265971,-79.8975452,12.68z/data=!4m10!1m2!2m1!1sEl+Dorado!3m6!1s0x902d6d3cdc44fe9f:0xec2df1193372b345!8m2!3d-2.1281964!4d-79.8868048!15sCglFbCBEb3JhZG9aCyIJZWwgZG9yYWRvkgEKcmVzdGF1cmFudOABAA!16s%2Fg%2F12hmt6sh_?entry=ttu&g_ep=EgoyMDI2MDgwNS4xIKXMDSoASAFQAw%3D%3D","4",,"Rodrigo Icaza Cornejo Manzana 139","false",,,"Parrillada Restaurant El Dorado Sauces 3","4.4",,"https://www.google.com/maps/search/?api=1&query=Parrillada%20Restaurant%20El%20Dorado%20Sauces%203&query_place_id=ChIJn_5E3DxtLZARRbNyMxnxLew",
"Rodrigo Icaza Cornejo Manzana 139, 090504 Guayaquil, Ecuador","Restaurante","Restaurante","17018523657442603845","Guayaquil","EC","0x902d6d3cdc44fe9f:0xec2df1193372b345",,"https://lh3.googleusercontent.com/gps-cs-s/AHRPTWmvm90GLRySCo4gUqKI_yhh6hrRUm1p03H_4PyufCCfD8b6v6-CDw1zrqgo2---n6Hr_d_g6er4FZP8idRvw6-nSk2UbtHS-0wnv6imvoQgsKgiBNsVbXsxY7ZQC8l44ZhqvzqHvw=w408-h395-k-no","false","true","/g/12hmt6sh_","es-419","0","-2.1281964","-79.8868048",,"Los Sauces","es","false","ChIJn_5E3DxtLZARRbNyMxnxLew","090504","$5-10","Hace un año","2024-09-22T23:56:50.578Z",,,,,,,,,,,,,"$15-20",,,,,,"Cena","Consumo en el lugar","5","5","5","ChdDSUhNMG9nS0VJQ0FnSUNucE5MbHJRRRAB",,,,,,,,"Google",,,"87",,,"1606","2026-08-08T17:32:25.309Z","Direct Detail URL: https://www.google.com/maps/place/Parrillada+Restaurant+El+Dorado+Sauces+3/@-2.1265971,-79.8975452,12.68z/data=!4m10!1m2!2m1!1sEl+Dorado!3m6!1s0x902d6d3cdc44fe9f:0xec2df1193372b345!8m2!3d-2.1281964!4d-79.8868048!15sCglFbCBEb3JhZG9aCyIJZWwgZG9yYWRvkgEKcmVzdGF1cmFudOABAA!16s%2Fg%2F12hmt6sh_?entry=ttu&g_ep=EgoyMDI2MDgwNS4xIKXMDSoASAFQAw%3D%3D","5",,"Rodrigo Icaza Cornejo Manzana 139","false","Es demasiado bueno quiere comer algo diferente y al estilo 109% venezolano no dudes de ir excelente musica muy buena atención y tienes variedad de comidas para disfrutar en pareja o en familia...",,"Parrillada Restaurant El Dorado Sauces 3","4.4",,"https://www.google.com/maps/search/?api=1&query=Parrillada%20Restaurant%20El%20Dorado%20Sauces%203&query_place_id=ChIJn_5E3DxtLZARRbNyMxnxLew",
"Rodrigo Icaza Cornejo Manzana 139, 090504 Guayaquil, Ecuador","Restaurante","Restaurante","17018523657442603845","Guayaquil","EC","0x902d6d3cdc44fe9f:0xec2df1193372b345",,"https://lh3.googleusercontent.com/gps-cs-s/AHRPTWmvm90GLRySCo4gUqKI_yhh6hrRUm1p03H_4PyufCCfD8b6v6-CDw1zrqgo2---n6Hr_d_g6er4FZP8idRvw6-nSk2UbtHS-0wnv6imvoQgsKgiBNsVbXsxY7ZQC8l44ZhqvzqHvw=w408-h395-k-no","false","false","/g/12hmt6sh_","es-419","0","-2.1281964","-79.8868048",,"Los Sauces",,"false","ChIJn_5E3DxtLZARRbNyMxnxLew","090504","$5-10","Hace un año","2024-09-22T17:54:48.736Z",,,,,,,,,,,,,,,,,,,,,,,,"ChdDSUhNMG9nS0VJQ0FnSUNuLUtXczNRRRAB",,,,,,,,"Google",,,"0",,,"1606","2026-08-08T17:32:25.309Z","Direct Detail URL: https://www.google.com/maps/place/Parrillada+Restaurant+El+Dorado+Sauces+3/@-2.1265971,-79.8975452,12.68z/data=!4m10!1m2!2m1!1sEl+Dorado!3m6!1s0x902d6d3cdc44fe9f:0xec2df1193372b345!8m2!3d-2.1281964!4d-79.8868048!15sCglFbCBEb3JhZG9aCyIJZWwgZG9yYWRvkgEKcmVzdGF1cmFudOABAA!16s%2Fg%2F12hmt6sh_?entry=ttu&g_ep=EgoyMDI2MDgwNS4xIKXMDSoASAFQAw%3D%3D","5",,"Rodrigo Icaza Cornejo Manzana 139","false",,,"Parrillada Restaurant El Dorado Sauces 3","4.4",,"https://www.google.com/maps/search/?api=1&query=Parrillada%20Restaurant%20El%20Dorado%20Sauces%203&query_place_id=ChIJn_5E3DxtLZARRbNyMxnxLew",
"Rodrigo Icaza Cornejo Manzana 139, 090504 Guayaquil, Ecuador","Restaurante","Restaurante","17018523657442603845","Guayaquil","EC","0x902d6d3cdc44fe9f:0xec2df1193372b345",,"https://lh3.googleusercontent.com/gps-cs-s/AHRPTWmvm90GLRySCo4gUqKI_yhh6hrRUm1p03H_4PyufCCfD8b6v6-CDw1zrqgo2---n6Hr_d_g6er4FZP8idRvw6-nSk2UbtHS-0wnv6imvoQgsKgiBNsVbXsxY7ZQC8l44ZhqvzqHvw=w408-h395-k-no","false","false","/g/12hmt6sh_","es-419","0","-2.1281964","-79.8868048",,"Los Sauces",,"false","ChIJn_5E3DxtLZARRbNyMxnxLew","090504","$5-10","Hace un año","2024-09-14T12:32:56.683Z",,,,,,,,,,,,,,,,,,,,,"5","5","5","ChZDSUhNMG9nS0VJQ0FnSURIOHFHN0x3EAE",,,,,,,,"Google",,,"0",,,"1606","2026-08-08T17:32:25.309Z","Direct Detail URL: https://www.google.com/maps/place/Parrillada+Restaurant+El+Dorado+Sauces+3/@-2.1265971,-79.8975452,12.68z/data=!4m10!1m2!2m1!1sEl+Dorado!3m6!1s0x902d6d3cdc44fe9f:0xec2df1193372b345!8m2!3d-2.1281964!4d-79.8868048!15sCglFbCBEb3JhZG9aCyIJZWwgZG9yYWRvkgEKcmVzdGF1cmFudOABAA!16s%2Fg%2F12hmt6sh_?entry=ttu&g_ep=EgoyMDI2MDgwNS4xIKXMDSoASAFQAw%3D%3D","5",,"Rodrigo Icaza Cornejo Manzana 139","false",,,"Parrillada Restaurant El Dorado Sauces 3","4.4",,"https://www.google.com/maps/search/?api=1&query=Parrillada%20Restaurant%20El%20Dorado%20Sauces%203&query_place_id=ChIJn_5E3DxtLZARRbNyMxnxLew",
"Rodrigo Icaza Cornejo Manzana 139, 090504 Guayaquil, Ecuador","Restaurante","Restaurante","17018523657442603845","Guayaquil","EC","0x902d6d3cdc44fe9f:0xec2df1193372b345",,"https://lh3.googleusercontent.com/gps-cs-s/AHRPTWmvm90GLRySCo4gUqKI_yhh6hrRUm1p03H_4PyufCCfD8b6v6-CDw1zrqgo2---n6Hr_d_g6er4FZP8idRvw6-nSk2UbtHS-0wnv6imvoQgsKgiBNsVbXsxY7ZQC8l44ZhqvzqHvw=w408-h395-k-no","false","true","/g/12hmt6sh_","es-419","0","-2.1281964","-79.8868048",,"Los Sauces",,"false","ChIJn_5E3DxtLZARRbNyMxnxLew","090504","$5-10","Hace un año","2024-09-08T17:57:39.471Z",,,,,,,,,,,,,,,,,,,,,,,,"ChdDSUhNMG9nS0VJQ0FnSUNIOC1hcTFRRRAB",,,,,,,,"Google",,,"9",,,"1606","2026-08-08T17:32:25.309Z","Direct Detail URL: https://www.google.com/maps/place/Parrillada+Restaurant+El+Dorado+Sauces+3/@-2.1265971,-79.8975452,12.68z/data=!4m10!1m2!2m1!1sEl+Dorado!3m6!1s0x902d6d3cdc44fe9f:0xec2df1193372b345!8m2!3d-2.1281964!4d-79.8868048!15sCglFbCBEb3JhZG9aCyIJZWwgZG9yYWRvkgEKcmVzdGF1cmFudOABAA!16s%2Fg%2F12hmt6sh_?entry=ttu&g_ep=EgoyMDI2MDgwNS4xIKXMDSoASAFQAw%3D%3D","5",,"Rodrigo Icaza Cornejo Manzana 139","false",,,"Parrillada Restaurant El Dorado Sauces 3","4.4",,"https://www.google.com/maps/search/?api=1&query=Parrillada%20Restaurant%20El%20Dorado%20Sauces%203&query_place_id=ChIJn_5E3DxtLZARRbNyMxnxLew",
"Rodrigo Icaza Cornejo Manzana 139, 090504 Guayaquil, Ecuador","Restaurante","Restaurante","17018523657442603845","Guayaquil","EC","0x902d6d3cdc44fe9f:0xec2df1193372b345",,"https://lh3.googleusercontent.com/gps-cs-s/AHRPTWmvm90GLRySCo4gUqKI_yhh6hrRUm1p03H_4PyufCCfD8b6v6-CDw1zrqgo2---n6Hr_d_g6er4FZP8idRvw6-nSk2UbtHS-0wnv6imvoQgsKgiBNsVbXsxY7ZQC8l44ZhqvzqHvw=w408-h395-k-no","false","true","/g/12hmt6sh_","es-419","0","-2.1281964","-79.8868048",,"Los Sauces",,"false","ChIJn_5E3DxtLZARRbNyMxnxLew","090504","$5-10","Hace un año","2024-09-08T05:46:17.129Z",,,,,,,,,,,,,"$1-5",,,,,,"Almuerzo","Consumo en el lugar","5","5","4","ChZDSUhNMG9nS0VJQ0FnSUNIZy11SERnEAE",,,,,,,,"Google",,,"16",,,"1606","2026-08-08T17:32:25.309Z","Direct Detail URL: https://www.google.com/maps/place/Parrillada+Restaurant+El+Dorado+Sauces+3/@-2.1265971,-79.8975452,12.68z/data=!4m10!1m2!2m1!1sEl+Dorado!3m6!1s0x902d6d3cdc44fe9f:0xec2df1193372b345!8m2!3d-2.1281964!4d-79.8868048!15sCglFbCBEb3JhZG9aCyIJZWwgZG9yYWRvkgEKcmVzdGF1cmFudOABAA!16s%2Fg%2F12hmt6sh_?entry=ttu&g_ep=EgoyMDI2MDgwNS4xIKXMDSoASAFQAw%3D%3D","5",,"Rodrigo Icaza Cornejo Manzana 139","false",,,"Parrillada Restaurant El Dorado Sauces 3","4.4",,"https://www.google.com/maps/search/?api=1&query=Parrillada%20Restaurant%20El%20Dorado%20Sauces%203&query_place_id=ChIJn_5E3DxtLZARRbNyMxnxLew",
"Rodrigo Icaza Cornejo Manzana 139, 090504 Guayaquil, Ecuador","Restaurante","Restaurante","17018523657442603845","Guayaquil","EC","0x902d6d3cdc44fe9f:0xec2df1193372b345",,"https://lh3.googleusercontent.com/gps-cs-s/AHRPTWmvm90GLRySCo4gUqKI_yhh6hrRUm1p03H_4PyufCCfD8b6v6-CDw1zrqgo2---n6Hr_d_g6er4FZP8idRvw6-nSk2UbtHS-0wnv6imvoQgsKgiBNsVbXsxY7ZQC8l44ZhqvzqHvw=w408-h395-k-no","false","true","/g/12hmt6sh_","es-419","0","-2.1281964","-79.8868048",,"Los Sauces",,"false","ChIJn_5E3DxtLZARRbNyMxnxLew","090504","$5-10","Hace un año","2024-08-25T01:37:36.987Z",,,,,,,,,,,,,,,,,,,,,,,,"ChZDSUhNMG9nS0VJQ0FnSUQ3d2NidEV3EAE",,,,,,,,"Google",,,"174",,,"1606","2026-08-08T17:32:25.309Z","Direct Detail URL: https://www.google.com/maps/place/Parrillada+Restaurant+El+Dorado+Sauces+3/@-2.1265971,-79.8975452,12.68z/data=!4m10!1m2!2m1!1sEl+Dorado!3m6!1s0x902d6d3cdc44fe9f:0xec2df1193372b345!8m2!3d-2.1281964!4d-79.8868048!15sCglFbCBEb3JhZG9aCyIJZWwgZG9yYWRvkgEKcmVzdGF1cmFudOABAA!16s%2Fg%2F12hmt6sh_?entry=ttu&g_ep=EgoyMDI2MDgwNS4xIKXMDSoASAFQAw%3D%3D","5",,"Rodrigo Icaza Cornejo Manzana 139","false",,,"Parrillada Restaurant El Dorado Sauces 3","4.4",,"https://www.google.com/maps/search/?api=1&query=Parrillada%20Restaurant%20El%20Dorado%20Sauces%203&query_place_id=ChIJn_5E3DxtLZARRbNyMxnxLew",
"Rodrigo Icaza Cornejo Manzana 139, 090504 Guayaquil, Ecuador","Restaurante","Restaurante","17018523657442603845","Guayaquil","EC","0x902d6d3cdc44fe9f:0xec2df1193372b345",,"https://lh3.googleusercontent.com/gps-cs-s/AHRPTWmvm90GLRySCo4gUqKI_yhh6hrRUm1p03H_4PyufCCfD8b6v6-CDw1zrqgo2---n6Hr_d_g6er4FZP8idRvw6-nSk2UbtHS-0wnv6imvoQgsKgiBNsVbXsxY7ZQC8l44ZhqvzqHvw=w408-h395-k-no","false","true","/g/12hmt6sh_","es-419","0","-2.1281964","-79.8868048",,"Los Sauces","es","false","ChIJn_5E3DxtLZARRbNyMxnxLew","090504","$5-10","Hace un año","2024-08-23T05:05:55.891Z",,,,,,"Hay suficiente espacio",,,,"Estacionamiento gratuito, Estacionamiento gratuito en la calle",,,"$10-15",,,,,,"Brunch","Consumo en el lugar","4","4","4","ChdDSUhNMG9nS0VJQ0FnSUQ3aW9MdHVBRRAB",,,,,,,,"Google",,,"39",,,"1606","2026-08-08T17:32:25.309Z","Direct Detail URL: https://www.google.com/maps/place/Parrillada+Restaurant+El+Dorado+Sauces+3/@-2.1265971,-79.8975452,12.68z/data=!4m10!1m2!2m1!1sEl+Dorado!3m6!1s0x902d6d3cdc44fe9f:0xec2df1193372b345!8m2!3d-2.1281964!4d-79.8868048!15sCglFbCBEb3JhZG9aCyIJZWwgZG9yYWRvkgEKcmVzdGF1cmFudOABAA!16s%2Fg%2F12hmt6sh_?entry=ttu&g_ep=EgoyMDI2MDgwNS4xIKXMDSoASAFQAw%3D%3D","4",,"Rodrigo Icaza Cornejo Manzana 139","false","Delicioso comida, excelente atención",,"Parrillada Restaurant El Dorado Sauces 3","4.4",,"https://www.google.com/maps/search/?api=1&query=Parrillada%20Restaurant%20El%20Dorado%20Sauces%203&query_place_id=ChIJn_5E3DxtLZARRbNyMxnxLew",
"Rodrigo Icaza Cornejo Manzana 139, 090504 Guayaquil, Ecuador","Restaurante","Restaurante","17018523657442603845","Guayaquil","EC","0x902d6d3cdc44fe9f:0xec2df1193372b345",,"https://lh3.googleusercontent.com/gps-cs-s/AHRPTWmvm90GLRySCo4gUqKI_yhh6hrRUm1p03H_4PyufCCfD8b6v6-CDw1zrqgo2---n6Hr_d_g6er4FZP8idRvw6-nSk2UbtHS-0wnv6imvoQgsKgiBNsVbXsxY7ZQC8l44ZhqvzqHvw=w408-h395-k-no","false","false","/g/12hmt6sh_","es-419","0","-2.1281964","-79.8868048",,"Los Sauces",,"false","ChIJn_5E3DxtLZARRbNyMxnxLew","090504","$5-10","Hace un año","2024-08-20T15:36:16.227Z",,,,,,,,,,,,,,,,,,,,,,,,"ChZDSUhNMG9nS0VJQ0FnSUQ3aUlfcFFnEAE",,,,,,,,"Google",,,"0",,,"1606","2026-08-08T17:32:25.309Z","Direct Detail URL: https://www.google.com/maps/place/Parrillada+Restaurant+El+Dorado+Sauces+3/@-2.1265971,-79.8975452,12.68z/data=!4m10!1m2!2m1!1sEl+Dorado!3m6!1s0x902d6d3cdc44fe9f:0xec2df1193372b345!8m2!3d-2.1281964!4d-79.8868048!15sCglFbCBEb3JhZG9aCyIJZWwgZG9yYWRvkgEKcmVzdGF1cmFudOABAA!16s%2Fg%2F12hmt6sh_?entry=ttu&g_ep=EgoyMDI2MDgwNS4xIKXMDSoASAFQAw%3D%3D","5",,"Rodrigo Icaza Cornejo Manzana 139","false",,,"Parrillada Restaurant El Dorado Sauces 3","4.4",,"https://www.google.com/maps/search/?api=1&query=Parrillada%20Restaurant%20El%20Dorado%20Sauces%203&query_place_id=ChIJn_5E3DxtLZARRbNyMxnxLew",
"Rodrigo Icaza Cornejo Manzana 139, 090504 Guayaquil, Ecuador","Restaurante","Restaurante","17018523657442603845","Guayaquil","EC","0x902d6d3cdc44fe9f:0xec2df1193372b345",,"https://lh3.googleusercontent.com/gps-cs-s/AHRPTWmvm90GLRySCo4gUqKI_yhh6hrRUm1p03H_4PyufCCfD8b6v6-CDw1zrqgo2---n6Hr_d_g6er4FZP8idRvw6-nSk2UbtHS-0wnv6imvoQgsKgiBNsVbXsxY7ZQC8l44ZhqvzqHvw=w408-h395-k-no","false","false","/g/12hmt6sh_","es-419","0","-2.1281964","-79.8868048",,"Los Sauces",,"false","ChIJn_5E3DxtLZARRbNyMxnxLew","090504","$5-10","Hace un año","2024-08-18T14:07:59.819Z",,,,,,,,,,,,,,,,,,,,,,,,"ChZDSUhNMG9nS0VJQ0FnSUM3eDdTRWR3EAE",,,,,,,,"Google",,,"3",,,"1606","2026-08-08T17:32:25.309Z","Direct Detail URL: https://www.google.com/maps/place/Parrillada+Restaurant+El+Dorado+Sauces+3/@-2.1265971,-79.8975452,12.68z/data=!4m10!1m2!2m1!1sEl+Dorado!3m6!1s0x902d6d3cdc44fe9f:0xec2df1193372b345!8m2!3d-2.1281964!4d-79.8868048!15sCglFbCBEb3JhZG9aCyIJZWwgZG9yYWRvkgEKcmVzdGF1cmFudOABAA!16s%2Fg%2F12hmt6sh_?entry=ttu&g_ep=EgoyMDI2MDgwNS4xIKXMDSoASAFQAw%3D%3D","4",,"Rodrigo Icaza Cornejo Manzana 139","false",,,"Parrillada Restaurant El Dorado Sauces 3","4.4",,"https://www.google.com/maps/search/?api=1&query=Parrillada%20Restaurant%20El%20Dorado%20Sauces%203&query_place_id=ChIJn_5E3DxtLZARRbNyMxnxLew",
"Rodrigo Icaza Cornejo Manzana 139, 090504 Guayaquil, Ecuador","Restaurante","Restaurante","17018523657442603845","Guayaquil","EC","0x902d6d3cdc44fe9f:0xec2df1193372b345",,"https://lh3.googleusercontent.com/gps-cs-s/AHRPTWmvm90GLRySCo4gUqKI_yhh6hrRUm1p03H_4PyufCCfD8b6v6-CDw1zrqgo2---n6Hr_d_g6er4FZP8idRvw6-nSk2UbtHS-0wnv6imvoQgsKgiBNsVbXsxY7ZQC8l44ZhqvzqHvw=w408-h395-k-no","false","true","/g/12hmt6sh_","es-419","0","-2.1281964","-79.8868048",,"Los Sauces",,"false","ChIJn_5E3DxtLZARRbNyMxnxLew","090504","$5-10","Hace un año","2024-08-17T20:17:34.393Z",,,,,,,,,,,,,,,,,,,,,"4","4","4","ChZDSUhNMG9nS0VJQ0FnSUM3OVltUlp3EAE",,,,,,,,"Google",,,"4",,,"1606","2026-08-08T17:32:25.309Z","Direct Detail URL: https://www.google.com/maps/place/Parrillada+Restaurant+El+Dorado+Sauces+3/@-2.1265971,-79.8975452,12.68z/data=!4m10!1m2!2m1!1sEl+Dorado!3m6!1s0x902d6d3cdc44fe9f:0xec2df1193372b345!8m2!3d-2.1281964!4d-79.8868048!15sCglFbCBEb3JhZG9aCyIJZWwgZG9yYWRvkgEKcmVzdGF1cmFudOABAA!16s%2Fg%2F12hmt6sh_?entry=ttu&g_ep=EgoyMDI2MDgwNS4xIKXMDSoASAFQAw%3D%3D","4",,"Rodrigo Icaza Cornejo Manzana 139","false",,,"Parrillada Restaurant El Dorado Sauces 3","4.4",,"https://www.google.com/maps/search/?api=1&query=Parrillada%20Restaurant%20El%20Dorado%20Sauces%203&query_place_id=ChIJn_5E3DxtLZARRbNyMxnxLew",
"Rodrigo Icaza Cornejo Manzana 139, 090504 Guayaquil, Ecuador","Restaurante","Restaurante","17018523657442603845","Guayaquil","EC","0x902d6d3cdc44fe9f:0xec2df1193372b345",,"https://lh3.googleusercontent.com/gps-cs-s/AHRPTWmvm90GLRySCo4gUqKI_yhh6hrRUm1p03H_4PyufCCfD8b6v6-CDw1zrqgo2---n6Hr_d_g6er4FZP8idRvw6-nSk2UbtHS-0wnv6imvoQgsKgiBNsVbXsxY7ZQC8l44ZhqvzqHvw=w408-h395-k-no","false","true","/g/12hmt6sh_","es-419","0","-2.1281964","-79.8868048",,"Los Sauces",,"false","ChIJn_5E3DxtLZARRbNyMxnxLew","090504","$5-10","Hace un año","2024-08-09T06:51:51.409Z",,,,,,,,,,,,,,,,,,,,,"4","2","4","ChdDSUhNMG9nS0VJQ0FnSURiczRTUW13RRAB",,,,,,,,"Google",,,"2",,,"1606","2026-08-08T17:32:25.309Z","Direct Detail URL: https://www.google.com/maps/place/Parrillada+Restaurant+El+Dorado+Sauces+3/@-2.1265971,-79.8975452,12.68z/data=!4m10!1m2!2m1!1sEl+Dorado!3m6!1s0x902d6d3cdc44fe9f:0xec2df1193372b345!8m2!3d-2.1281964!4d-79.8868048!15sCglFbCBEb3JhZG9aCyIJZWwgZG9yYWRvkgEKcmVzdGF1cmFudOABAA!16s%2Fg%2F12hmt6sh_?entry=ttu&g_ep=EgoyMDI2MDgwNS4xIKXMDSoASAFQAw%3D%3D","5",,"Rodrigo Icaza Cornejo Manzana 139","false",,,"Parrillada Restaurant El Dorado Sauces 3","4.4",,"https://www.google.com/maps/search/?api=1&query=Parrillada%20Restaurant%20El%20Dorado%20Sauces%203&query_place_id=ChIJn_5E3DxtLZARRbNyMxnxLew",
"Rodrigo Icaza Cornejo Manzana 139, 090504 Guayaquil, Ecuador","Restaurante","Restaurante","17018523657442603845","Guayaquil","EC","0x902d6d3cdc44fe9f:0xec2df1193372b345",,"https://lh3.googleusercontent.com/gps-cs-s/AHRPTWmvm90GLRySCo4gUqKI_yhh6hrRUm1p03H_4PyufCCfD8b6v6-CDw1zrqgo2---n6Hr_d_g6er4FZP8idRvw6-nSk2UbtHS-0wnv6imvoQgsKgiBNsVbXsxY7ZQC8l44ZhqvzqHvw=w408-h395-k-no","false","true","/g/12hmt6sh_","es-419","0","-2.1281964","-79.8868048",,"Los Sauces",,"false","ChIJn_5E3DxtLZARRbNyMxnxLew","090504","$5-10","Hace un año","2024-08-09T00:17:08.363Z",,,,,,,,,,,,,,,,,,,,,"5","4","4","ChdDSUhNMG9nS0VJQ0FnSURiNDdhcmlBRRAB",,,,,,,,"Google",,,"100",,,"1606","2026-08-08T17:32:25.309Z","Direct Detail URL: https://www.google.com/maps/place/Parrillada+Restaurant+El+Dorado+Sauces+3/@-2.1265971,-79.8975452,12.68z/data=!4m10!1m2!2m1!1sEl+Dorado!3m6!1s0x902d6d3cdc44fe9f:0xec2df1193372b345!8m2!3d-2.1281964!4d-79.8868048!15sCglFbCBEb3JhZG9aCyIJZWwgZG9yYWRvkgEKcmVzdGF1cmFudOABAA!16s%2Fg%2F12hmt6sh_?entry=ttu&g_ep=EgoyMDI2MDgwNS4xIKXMDSoASAFQAw%3D%3D","5",,"Rodrigo Icaza Cornejo Manzana 139","false",,,"Parrillada Restaurant El Dorado Sauces 3","4.4",,"https://www.google.com/maps/search/?api=1&query=Parrillada%20Restaurant%20El%20Dorado%20Sauces%203&query_place_id=ChIJn_5E3DxtLZARRbNyMxnxLew",
"Rodrigo Icaza Cornejo Manzana 139, 090504 Guayaquil, Ecuador","Restaurante","Restaurante","17018523657442603845","Guayaquil","EC","0x902d6d3cdc44fe9f:0xec2df1193372b345",,"https://lh3.googleusercontent.com/gps-cs-s/AHRPTWmvm90GLRySCo4gUqKI_yhh6hrRUm1p03H_4PyufCCfD8b6v6-CDw1zrqgo2---n6Hr_d_g6er4FZP8idRvw6-nSk2UbtHS-0wnv6imvoQgsKgiBNsVbXsxY7ZQC8l44ZhqvzqHvw=w408-h395-k-no","false","true","/g/12hmt6sh_","es-419","0","-2.1281964","-79.8868048",,"Los Sauces",,"false","ChIJn_5E3DxtLZARRbNyMxnxLew","090504","$5-10","Hace 2 años","2024-07-19T13:02:57.784Z",,,,,,,,,,,,,,,,,,,,,"4","4","4","ChZDSUhNMG9nS0VJQ0FnSURydmVXQUh3EAE",,,,,,,,"Google",,,"8",,,"1606","2026-08-08T17:32:25.309Z","Direct Detail URL: https://www.google.com/maps/place/Parrillada+Restaurant+El+Dorado+Sauces+3/@-2.1265971,-79.8975452,12.68z/data=!4m10!1m2!2m1!1sEl+Dorado!3m6!1s0x902d6d3cdc44fe9f:0xec2df1193372b345!8m2!3d-2.1281964!4d-79.8868048!15sCglFbCBEb3JhZG9aCyIJZWwgZG9yYWRvkgEKcmVzdGF1cmFudOABAA!16s%2Fg%2F12hmt6sh_?entry=ttu&g_ep=EgoyMDI2MDgwNS4xIKXMDSoASAFQAw%3D%3D","5",,"Rodrigo Icaza Cornejo Manzana 139","false",,,"Parrillada Restaurant El Dorado Sauces 3","4.4",,"https://www.google.com/maps/search/?api=1&query=Parrillada%20Restaurant%20El%20Dorado%20Sauces%203&query_place_id=ChIJn_5E3DxtLZARRbNyMxnxLew",
"Rodrigo Icaza Cornejo Manzana 139, 090504 Guayaquil, Ecuador","Restaurante","Restaurante","17018523657442603845","Guayaquil","EC","0x902d6d3cdc44fe9f:0xec2df1193372b345",,"https://lh3.googleusercontent.com/gps-cs-s/AHRPTWmvm90GLRySCo4gUqKI_yhh6hrRUm1p03H_4PyufCCfD8b6v6-CDw1zrqgo2---n6Hr_d_g6er4FZP8idRvw6-nSk2UbtHS-0wnv6imvoQgsKgiBNsVbXsxY7ZQC8l44ZhqvzqHvw=w408-h395-k-no","false","false","/g/12hmt6sh_","es-419","0","-2.1281964","-79.8868048",,"Los Sauces",,"false","ChIJn_5E3DxtLZARRbNyMxnxLew","090504","$5-10","Hace 2 años","2024-07-17T15:50:16.215Z",,,,,,,,,,,,,,,,,,,,,,,,"ChZDSUhNMG9nS0VJQ0FnSURycnR5TkhBEAE",,,,,,,,"Google",,,"3",,,"1606","2026-08-08T17:32:25.309Z","Direct Detail URL: https://www.google.com/maps/place/Parrillada+Restaurant+El+Dorado+Sauces+3/@-2.1265971,-79.8975452,12.68z/data=!4m10!1m2!2m1!1sEl+Dorado!3m6!1s0x902d6d3cdc44fe9f:0xec2df1193372b345!8m2!3d-2.1281964!4d-79.8868048!15sCglFbCBEb3JhZG9aCyIJZWwgZG9yYWRvkgEKcmVzdGF1cmFudOABAA!16s%2Fg%2F12hmt6sh_?entry=ttu&g_ep=EgoyMDI2MDgwNS4xIKXMDSoASAFQAw%3D%3D","1",,"Rodrigo Icaza Cornejo Manzana 139","false",,,"Parrillada Restaurant El Dorado Sauces 3","4.4",,"https://www.google.com/maps/search/?api=1&query=Parrillada%20Restaurant%20El%20Dorado%20Sauces%203&query_place_id=ChIJn_5E3DxtLZARRbNyMxnxLew",
"Rodrigo Icaza Cornejo Manzana 139, 090504 Guayaquil, Ecuador","Restaurante","Restaurante","17018523657442603845","Guayaquil","EC","0x902d6d3cdc44fe9f:0xec2df1193372b345",,"https://lh3.googleusercontent.com/gps-cs-s/AHRPTWmvm90GLRySCo4gUqKI_yhh6hrRUm1p03H_4PyufCCfD8b6v6-CDw1zrqgo2---n6Hr_d_g6er4FZP8idRvw6-nSk2UbtHS-0wnv6imvoQgsKgiBNsVbXsxY7ZQC8l44ZhqvzqHvw=w408-h395-k-no","false","true","/g/12hmt6sh_","es-419","1","-2.1281964","-79.8868048",,"Los Sauces","es","false","ChIJn_5E3DxtLZARRbNyMxnxLew","090504","$5-10","Editado Hace 2 años","2024-07-10T04:15:12.906Z",,,,,,,,,,,,,,,,,,,,,"5","5","5","ChZDSUhNMG9nS0VJQ0FnSUNXOXR5VWJnEAE",,,,,,,,"Google",,,"182",,,"1606","2026-08-08T17:32:25.309Z","Direct Detail URL: https://www.google.com/maps/place/Parrillada+Restaurant+El+Dorado+Sauces+3/@-2.1265971,-79.8975452,12.68z/data=!4m10!1m2!2m1!1sEl+Dorado!3m6!1s0x902d6d3cdc44fe9f:0xec2df1193372b345!8m2!3d-2.1281964!4d-79.8868048!15sCglFbCBEb3JhZG9aCyIJZWwgZG9yYWRvkgEKcmVzdGF1cmFudOABAA!16s%2Fg%2F12hmt6sh_?entry=ttu&g_ep=EgoyMDI2MDgwNS4xIKXMDSoASAFQAw%3D%3D","5",,"Rodrigo Icaza Cornejo Manzana 139","false","Excelente lugar para visitar con la familia platos variados buenas precios buenas sazón",,"Parrillada Restaurant El Dorado Sauces 3","4.4",,"https://www.google.com/maps/search/?api=1&query=Parrillada%20Restaurant%20El%20Dorado%20Sauces%203&query_place_id=ChIJn_5E3DxtLZARRbNyMxnxLew",
"Rodrigo Icaza Cornejo Manzana 139, 090504 Guayaquil, Ecuador","Restaurante","Restaurante","17018523657442603845","Guayaquil","EC","0x902d6d3cdc44fe9f:0xec2df1193372b345",,"https://lh3.googleusercontent.com/gps-cs-s/AHRPTWmvm90GLRySCo4gUqKI_yhh6hrRUm1p03H_4PyufCCfD8b6v6-CDw1zrqgo2---n6Hr_d_g6er4FZP8idRvw6-nSk2UbtHS-0wnv6imvoQgsKgiBNsVbXsxY7ZQC8l44ZhqvzqHvw=w408-h395-k-no","false","true","/g/12hmt6sh_","es-419","0","-2.1281964","-79.8868048",,"Los Sauces",,"false","ChIJn_5E3DxtLZARRbNyMxnxLew","090504","$5-10","Hace 2 años","2024-07-04T23:46:12.086Z",,,,,,,,,,,,,,,,,,,,,"4","4","4","ChZDSUhNMG9nS0VJQ0FnSUNyM0xtb0tREAE",,,,,,,,"Google",,,"28",,,"1606","2026-08-08T17:32:25.309Z","Direct Detail URL: https://www.google.com/maps/place/Parrillada+Restaurant+El+Dorado+Sauces+3/@-2.1265971,-79.8975452,12.68z/data=!4m10!1m2!2m1!1sEl+Dorado!3m6!1s0x902d6d3cdc44fe9f:0xec2df1193372b345!8m2!3d-2.1281964!4d-79.8868048!15sCglFbCBEb3JhZG9aCyIJZWwgZG9yYWRvkgEKcmVzdGF1cmFudOABAA!16s%2Fg%2F12hmt6sh_?entry=ttu&g_ep=EgoyMDI2MDgwNS4xIKXMDSoASAFQAw%3D%3D","4",,"Rodrigo Icaza Cornejo Manzana 139","false",,,"Parrillada Restaurant El Dorado Sauces 3","4.4",,"https://www.google.com/maps/search/?api=1&query=Parrillada%20Restaurant%20El%20Dorado%20Sauces%203&query_place_id=ChIJn_5E3DxtLZARRbNyMxnxLew",
"Rodrigo Icaza Cornejo Manzana 139, 090504 Guayaquil, Ecuador","Restaurante","Restaurante","17018523657442603845","Guayaquil","EC","0x902d6d3cdc44fe9f:0xec2df1193372b345",,"https://lh3.googleusercontent.com/gps-cs-s/AHRPTWmvm90GLRySCo4gUqKI_yhh6hrRUm1p03H_4PyufCCfD8b6v6-CDw1zrqgo2---n6Hr_d_g6er4FZP8idRvw6-nSk2UbtHS-0wnv6imvoQgsKgiBNsVbXsxY7ZQC8l44ZhqvzqHvw=w408-h395-k-no","false","true","/g/12hmt6sh_","es-419","0","-2.1281964","-79.8868048",,"Los Sauces","es","false","ChIJn_5E3DxtLZARRbNyMxnxLew","090504","$5-10","Hace 2 años","2024-07-02T21:48:48.104Z",,,,,,,,,,,,,,,,,,,,,"5","5","5","ChZDSUhNMG9nS0VJQ0FnSURMXzZud2J3EAE",,,,,,,,"Google",,,"66",,,"1606","2026-08-08T17:32:25.309Z","Direct Detail URL: https://www.google.com/maps/place/Parrillada+Restaurant+El+Dorado+Sauces+3/@-2.1265971,-79.8975452,12.68z/data=!4m10!1m2!2m1!1sEl+Dorado!3m6!1s0x902d6d3cdc44fe9f:0xec2df1193372b345!8m2!3d-2.1281964!4d-79.8868048!15sCglFbCBEb3JhZG9aCyIJZWwgZG9yYWRvkgEKcmVzdGF1cmFudOABAA!16s%2Fg%2F12hmt6sh_?entry=ttu&g_ep=EgoyMDI2MDgwNS4xIKXMDSoASAFQAw%3D%3D","5",,"Rodrigo Icaza Cornejo Manzana 139","false","Excelencia y calidad gastronómica..",,"Parrillada Restaurant El Dorado Sauces 3","4.4",,"https://www.google.com/maps/search/?api=1&query=Parrillada%20Restaurant%20El%20Dorado%20Sauces%203&query_place_id=ChIJn_5E3DxtLZARRbNyMxnxLew",
"Rodrigo Icaza Cornejo Manzana 139, 090504 Guayaquil, Ecuador","Restaurante","Restaurante","17018523657442603845","Guayaquil","EC","0x902d6d3cdc44fe9f:0xec2df1193372b345",,"https://lh3.googleusercontent.com/gps-cs-s/AHRPTWmvm90GLRySCo4gUqKI_yhh6hrRUm1p03H_4PyufCCfD8b6v6-CDw1zrqgo2---n6Hr_d_g6er4FZP8idRvw6-nSk2UbtHS-0wnv6imvoQgsKgiBNsVbXsxY7ZQC8l44ZhqvzqHvw=w408-h395-k-no","false","true","/g/12hmt6sh_","es-419","0","-2.1281964","-79.8868048",,"Los Sauces",,"false","ChIJn_5E3DxtLZARRbNyMxnxLew","090504","$5-10","Hace 2 años","2024-06-27T01:14:37.585Z",,,,,,"Hay suficiente espacio",,,,"Estacionamiento gratuito","Moro Choclo Camarones Apanados",,"$5-10",,,,,,"Otro","Consumo en el lugar","5","5","4","ChZDSUhNMG9nS0VJQ0FnSURMbXQ3Z2RBEAE",,,,,,,,"Google",,,"123",,,"1606","2026-08-08T17:32:25.309Z","Direct Detail URL: https://www.google.com/maps/place/Parrillada+Restaurant+El+Dorado+Sauces+3/@-2.1265971,-79.8975452,12.68z/data=!4m10!1m2!2m1!1sEl+Dorado!3m6!1s0x902d6d3cdc44fe9f:0xec2df1193372b345!8m2!3d-2.1281964!4d-79.8868048!15sCglFbCBEb3JhZG9aCyIJZWwgZG9yYWRvkgEKcmVzdGF1cmFudOABAA!16s%2Fg%2F12hmt6sh_?entry=ttu&g_ep=EgoyMDI2MDgwNS4xIKXMDSoASAFQAw%3D%3D","4",,"Rodrigo Icaza Cornejo Manzana 139","false",,,"Parrillada Restaurant El Dorado Sauces 3","4.4",,"https://www.google.com/maps/search/?api=1&query=Parrillada%20Restaurant%20El%20Dorado%20Sauces%203&query_place_id=ChIJn_5E3DxtLZARRbNyMxnxLew",
"Rodrigo Icaza Cornejo Manzana 139, 090504 Guayaquil, Ecuador","Restaurante","Restaurante","17018523657442603845","Guayaquil","EC","0x902d6d3cdc44fe9f:0xec2df1193372b345",,"https://lh3.googleusercontent.com/gps-cs-s/AHRPTWmvm90GLRySCo4gUqKI_yhh6hrRUm1p03H_4PyufCCfD8b6v6-CDw1zrqgo2---n6Hr_d_g6er4FZP8idRvw6-nSk2UbtHS-0wnv6imvoQgsKgiBNsVbXsxY7ZQC8l44ZhqvzqHvw=w408-h395-k-no","false","true","/g/12hmt6sh_","es-419","0","-2.1281964","-79.8868048",,"Los Sauces",,"false","ChIJn_5E3DxtLZARRbNyMxnxLew","090504","$5-10","Hace 2 años","2024-06-23T22:15:17.518Z",,,,,,,,,,,,,,,,,,,,,,,,"ChZDSUhNMG9nS0VJQ0FnSUNMdDVTYUVREAE",,,,,,,,"Google",,,"18",,,"1606","2026-08-08T17:32:25.309Z","Direct Detail URL: https://www.google.com/maps/place/Parrillada+Restaurant+El+Dorado+Sauces+3/@-2.1265971,-79.8975452,12.68z/data=!4m10!1m2!2m1!1sEl+Dorado!3m6!1s0x902d6d3cdc44fe9f:0xec2df1193372b345!8m2!3d-2.1281964!4d-79.8868048!15sCglFbCBEb3JhZG9aCyIJZWwgZG9yYWRvkgEKcmVzdGF1cmFudOABAA!16s%2Fg%2F12hmt6sh_?entry=ttu&g_ep=EgoyMDI2MDgwNS4xIKXMDSoASAFQAw%3D%3D","5",,"Rodrigo Icaza Cornejo Manzana 139","false",,,"Parrillada Restaurant El Dorado Sauces 3","4.4",,"https://www.google.com/maps/search/?api=1&query=Parrillada%20Restaurant%20El%20Dorado%20Sauces%203&query_place_id=ChIJn_5E3DxtLZARRbNyMxnxLew",
"Rodrigo Icaza Cornejo Manzana 139, 090504 Guayaquil, Ecuador","Restaurante","Restaurante","17018523657442603845","Guayaquil","EC","0x902d6d3cdc44fe9f:0xec2df1193372b345",,"https://lh3.googleusercontent.com/gps-cs-s/AHRPTWmvm90GLRySCo4gUqKI_yhh6hrRUm1p03H_4PyufCCfD8b6v6-CDw1zrqgo2---n6Hr_d_g6er4FZP8idRvw6-nSk2UbtHS-0wnv6imvoQgsKgiBNsVbXsxY7ZQC8l44ZhqvzqHvw=w408-h395-k-no","false","true","/g/12hmt6sh_","es-419","0","-2.1281964","-79.8868048",,"Los Sauces",,"false","ChIJn_5E3DxtLZARRbNyMxnxLew","090504","$5-10","Hace 2 años","2024-06-22T17:11:36.981Z",,,,,,,,,,,,,,,,,,,,,"4","4","4","ChdDSUhNMG9nS0VJQ0FnSUNMd18tSXpRRRAB",,,,,,,,"Google",,,"10",,,"1606","2026-08-08T17:32:25.309Z","Direct Detail URL: https://www.google.com/maps/place/Parrillada+Restaurant+El+Dorado+Sauces+3/@-2.1265971,-79.8975452,12.68z/data=!4m10!1m2!2m1!1sEl+Dorado!3m6!1s0x902d6d3cdc44fe9f:0xec2df1193372b345!8m2!3d-2.1281964!4d-79.8868048!15sCglFbCBEb3JhZG9aCyIJZWwgZG9yYWRvkgEKcmVzdGF1cmFudOABAA!16s%2Fg%2F12hmt6sh_?entry=ttu&g_ep=EgoyMDI2MDgwNS4xIKXMDSoASAFQAw%3D%3D","4",,"Rodrigo Icaza Cornejo Manzana 139","false",,,"Parrillada Restaurant El Dorado Sauces 3","4.4",,"https://www.google.com/maps/search/?api=1&query=Parrillada%20Restaurant%20El%20Dorado%20Sauces%203&query_place_id=ChIJn_5E3DxtLZARRbNyMxnxLew",
"Rodrigo Icaza Cornejo Manzana 139, 090504 Guayaquil, Ecuador","Restaurante","Restaurante","17018523657442603845","Guayaquil","EC","0x902d6d3cdc44fe9f:0xec2df1193372b345",,"https://lh3.googleusercontent.com/gps-cs-s/AHRPTWmvm90GLRySCo4gUqKI_yhh6hrRUm1p03H_4PyufCCfD8b6v6-CDw1zrqgo2---n6Hr_d_g6er4FZP8idRvw6-nSk2UbtHS-0wnv6imvoQgsKgiBNsVbXsxY7ZQC8l44ZhqvzqHvw=w408-h395-k-no","false","false","/g/12hmt6sh_","es-419","0","-2.1281964","-79.8868048",,"Los Sauces",,"false","ChIJn_5E3DxtLZARRbNyMxnxLew","090504","$5-10","Hace 2 años","2024-06-21T18:33:02.733Z",,,,,,,,,,,,,,,,,,,,,"4","4","4","ChdDSUhNMG9nS0VJQ0FnSUNMNWJDeGxRRRAB",,,,,,,,"Google",,,"2",,,"1606","2026-08-08T17:32:25.309Z","Direct Detail URL: https://www.google.com/maps/place/Parrillada+Restaurant+El+Dorado+Sauces+3/@-2.1265971,-79.8975452,12.68z/data=!4m10!1m2!2m1!1sEl+Dorado!3m6!1s0x902d6d3cdc44fe9f:0xec2df1193372b345!8m2!3d-2.1281964!4d-79.8868048!15sCglFbCBEb3JhZG9aCyIJZWwgZG9yYWRvkgEKcmVzdGF1cmFudOABAA!16s%2Fg%2F12hmt6sh_?entry=ttu&g_ep=EgoyMDI2MDgwNS4xIKXMDSoASAFQAw%3D%3D","4",,"Rodrigo Icaza Cornejo Manzana 139","false",,,"Parrillada Restaurant El Dorado Sauces 3","4.4",,"https://www.google.com/maps/search/?api=1&query=Parrillada%20Restaurant%20El%20Dorado%20Sauces%203&query_place_id=ChIJn_5E3DxtLZARRbNyMxnxLew",
"Rodrigo Icaza Cornejo Manzana 139, 090504 Guayaquil, Ecuador","Restaurante","Restaurante","17018523657442603845","Guayaquil","EC","0x902d6d3cdc44fe9f:0xec2df1193372b345",,"https://lh3.googleusercontent.com/gps-cs-s/AHRPTWmvm90GLRySCo4gUqKI_yhh6hrRUm1p03H_4PyufCCfD8b6v6-CDw1zrqgo2---n6Hr_d_g6er4FZP8idRvw6-nSk2UbtHS-0wnv6imvoQgsKgiBNsVbXsxY7ZQC8l44ZhqvzqHvw=w408-h395-k-no","false","false","/g/12hmt6sh_","es-419","0","-2.1281964","-79.8868048",,"Los Sauces","es","false","ChIJn_5E3DxtLZARRbNyMxnxLew","090504","$5-10","Hace 2 años","2024-06-20T19:18:14.758Z",,,,,,,,,,,,,,,,,,,,,,,,"ChZDSUhNMG9nS0VJQ0FnSUNMeVpYelFnEAE",,,,,,,,"Google",,,"2",,,"1606","2026-08-08T17:32:25.309Z","Direct Detail URL: https://www.google.com/maps/place/Parrillada+Restaurant+El+Dorado+Sauces+3/@-2.1265971,-79.8975452,12.68z/data=!4m10!1m2!2m1!1sEl+Dorado!3m6!1s0x902d6d3cdc44fe9f:0xec2df1193372b345!8m2!3d-2.1281964!4d-79.8868048!15sCglFbCBEb3JhZG9aCyIJZWwgZG9yYWRvkgEKcmVzdGF1cmFudOABAA!16s%2Fg%2F12hmt6sh_?entry=ttu&g_ep=EgoyMDI2MDgwNS4xIKXMDSoASAFQAw%3D%3D","5",,"Rodrigo Icaza Cornejo Manzana 139","false","Buena comida",,"Parrillada Restaurant El Dorado Sauces 3","4.4",,"https://www.google.com/maps/search/?api=1&query=Parrillada%20Restaurant%20El%20Dorado%20Sauces%203&query_place_id=ChIJn_5E3DxtLZARRbNyMxnxLew",
"Rodrigo Icaza Cornejo Manzana 139, 090504 Guayaquil, Ecuador","Restaurante","Restaurante","17018523657442603845","Guayaquil","EC","0x902d6d3cdc44fe9f:0xec2df1193372b345",,"https://lh3.googleusercontent.com/gps-cs-s/AHRPTWmvm90GLRySCo4gUqKI_yhh6hrRUm1p03H_4PyufCCfD8b6v6-CDw1zrqgo2---n6Hr_d_g6er4FZP8idRvw6-nSk2UbtHS-0wnv6imvoQgsKgiBNsVbXsxY7ZQC8l44ZhqvzqHvw=w408-h395-k-no","false","true","/g/12hmt6sh_","es-419","0","-2.1281964","-79.8868048",,"Los Sauces",,"false","ChIJn_5E3DxtLZARRbNyMxnxLew","090504","$5-10","Hace 2 años","2024-06-20T03:01:08.136Z",,,,,,,,,,,,,,,,,,,,,"5","5","5","ChdDSUhNMG9nS0VJQ0FnSUNMNGVIWXZRRRAB",,,,,,,,"Google",,,"2",,,"1606","2026-08-08T17:32:25.309Z","Direct Detail URL: https://www.google.com/maps/place/Parrillada+Restaurant+El+Dorado+Sauces+3/@-2.1265971,-79.8975452,12.68z/data=!4m10!1m2!2m1!1sEl+Dorado!3m6!1s0x902d6d3cdc44fe9f:0xec2df1193372b345!8m2!3d-2.1281964!4d-79.8868048!15sCglFbCBEb3JhZG9aCyIJZWwgZG9yYWRvkgEKcmVzdGF1cmFudOABAA!16s%2Fg%2F12hmt6sh_?entry=ttu&g_ep=EgoyMDI2MDgwNS4xIKXMDSoASAFQAw%3D%3D","5",,"Rodrigo Icaza Cornejo Manzana 139","false",,,"Parrillada Restaurant El Dorado Sauces 3","4.4",,"https://www.google.com/maps/search/?api=1&query=Parrillada%20Restaurant%20El%20Dorado%20Sauces%203&query_place_id=ChIJn_5E3DxtLZARRbNyMxnxLew",
"Rodrigo Icaza Cornejo Manzana 139, 090504 Guayaquil, Ecuador","Restaurante","Restaurante","17018523657442603845","Guayaquil","EC","0x902d6d3cdc44fe9f:0xec2df1193372b345",,"https://lh3.googleusercontent.com/gps-cs-s/AHRPTWmvm90GLRySCo4gUqKI_yhh6hrRUm1p03H_4PyufCCfD8b6v6-CDw1zrqgo2---n6Hr_d_g6er4FZP8idRvw6-nSk2UbtHS-0wnv6imvoQgsKgiBNsVbXsxY7ZQC8l44ZhqvzqHvw=w408-h395-k-no","false","true","/g/12hmt6sh_","es-419","0","-2.1281964","-79.8868048",,"Los Sauces","es","false","ChIJn_5E3DxtLZARRbNyMxnxLew","090504","$5-10","Hace 2 años","2024-06-17T02:53:44.972Z",,,,,,,,,,,,,,,,,,,,,"5","5","5","ChRDSUhNMG9nS0VJQ0FnSUNMd3M4TRAB",,,,,,,,"Google",,,"181",,,"1606","2026-08-08T17:32:25.309Z","Direct Detail URL: https://www.google.com/maps/place/Parrillada+Restaurant+El+Dorado+Sauces+3/@-2.1265971,-79.8975452,12.68z/data=!4m10!1m2!2m1!1sEl+Dorado!3m6!1s0x902d6d3cdc44fe9f:0xec2df1193372b345!8m2!3d-2.1281964!4d-79.8868048!15sCglFbCBEb3JhZG9aCyIJZWwgZG9yYWRvkgEKcmVzdGF1cmFudOABAA!16s%2Fg%2F12hmt6sh_?entry=ttu&g_ep=EgoyMDI2MDgwNS4xIKXMDSoASAFQAw%3D%3D","5",,"Rodrigo Icaza Cornejo Manzana 139","false","Rico 😋",,"Parrillada Restaurant El Dorado Sauces 3","4.4",,"https://www.google.com/maps/search/?api=1&query=Parrillada%20Restaurant%20El%20Dorado%20Sauces%203&query_place_id=ChIJn_5E3DxtLZARRbNyMxnxLew",
"Rodrigo Icaza Cornejo Manzana 139, 090504 Guayaquil, Ecuador","Restaurante","Restaurante","17018523657442603845","Guayaquil","EC","0x902d6d3cdc44fe9f:0xec2df1193372b345",,"https://lh3.googleusercontent.com/gps-cs-s/AHRPTWmvm90GLRySCo4gUqKI_yhh6hrRUm1p03H_4PyufCCfD8b6v6-CDw1zrqgo2---n6Hr_d_g6er4FZP8idRvw6-nSk2UbtHS-0wnv6imvoQgsKgiBNsVbXsxY7ZQC8l44ZhqvzqHvw=w408-h395-k-no","false","false","/g/12hmt6sh_","es-419","0","-2.1281964","-79.8868048",,"Los Sauces",,"false","ChIJn_5E3DxtLZARRbNyMxnxLew","090504","$5-10","Hace 2 años","2024-06-14T14:24:40.427Z",,,,,,,,,,,,,"$10-15",,,,,,"Cena","Consumo en el lugar","5","5","5","ChdDSUhNMG9nS0VJQ0FnSUNMcUxXRHl3RRAB",,,,,,,,"Google",,,"2",,,"1606","2026-08-08T17:32:25.309Z","Direct Detail URL: https://www.google.com/maps/place/Parrillada+Restaurant+El+Dorado+Sauces+3/@-2.1265971,-79.8975452,12.68z/data=!4m10!1m2!2m1!1sEl+Dorado!3m6!1s0x902d6d3cdc44fe9f:0xec2df1193372b345!8m2!3d-2.1281964!4d-79.8868048!15sCglFbCBEb3JhZG9aCyIJZWwgZG9yYWRvkgEKcmVzdGF1cmFudOABAA!16s%2Fg%2F12hmt6sh_?entry=ttu&g_ep=EgoyMDI2MDgwNS4xIKXMDSoASAFQAw%3D%3D","5",,"Rodrigo Icaza Cornejo Manzana 139","false",,,"Parrillada Restaurant El Dorado Sauces 3","4.4",,"https://www.google.com/maps/search/?api=1&query=Parrillada%20Restaurant%20El%20Dorado%20Sauces%203&query_place_id=ChIJn_5E3DxtLZARRbNyMxnxLew",
"Rodrigo Icaza Cornejo Manzana 139, 090504 Guayaquil, Ecuador","Restaurante","Restaurante","17018523657442603845","Guayaquil","EC","0x902d6d3cdc44fe9f:0xec2df1193372b345",,"https://lh3.googleusercontent.com/gps-cs-s/AHRPTWmvm90GLRySCo4gUqKI_yhh6hrRUm1p03H_4PyufCCfD8b6v6-CDw1zrqgo2---n6Hr_d_g6er4FZP8idRvw6-nSk2UbtHS-0wnv6imvoQgsKgiBNsVbXsxY7ZQC8l44ZhqvzqHvw=w408-h395-k-no","false","true","/g/12hmt6sh_","es-419","0","-2.1281964","-79.8868048",,"Los Sauces",,"false","ChIJn_5E3DxtLZARRbNyMxnxLew","090504","$5-10","Hace 2 años","2024-06-13T22:11:01.075Z",,,,,,,,,,,,,,,,,,,,,,,,"ChZDSUhNMG9nS0VJQ0FnSUR6Xy1fTVhBEAE",,,,,,,,"Google",,,"4",,,"1606","2026-08-08T17:32:25.309Z","Direct Detail URL: https://www.google.com/maps/place/Parrillada+Restaurant+El+Dorado+Sauces+3/@-2.1265971,-79.8975452,12.68z/data=!4m10!1m2!2m1!1sEl+Dorado!3m6!1s0x902d6d3cdc44fe9f:0xec2df1193372b345!8m2!3d-2.1281964!4d-79.8868048!15sCglFbCBEb3JhZG9aCyIJZWwgZG9yYWRvkgEKcmVzdGF1cmFudOABAA!16s%2Fg%2F12hmt6sh_?entry=ttu&g_ep=EgoyMDI2MDgwNS4xIKXMDSoASAFQAw%3D%3D","5",,"Rodrigo Icaza Cornejo Manzana 139","false",,,"Parrillada Restaurant El Dorado Sauces 3","4.4",,"https://www.google.com/maps/search/?api=1&query=Parrillada%20Restaurant%20El%20Dorado%20Sauces%203&query_place_id=ChIJn_5E3DxtLZARRbNyMxnxLew",
"Rodrigo Icaza Cornejo Manzana 139, 090504 Guayaquil, Ecuador","Restaurante","Restaurante","17018523657442603845","Guayaquil","EC","0x902d6d3cdc44fe9f:0xec2df1193372b345",,"https://lh3.googleusercontent.com/gps-cs-s/AHRPTWmvm90GLRySCo4gUqKI_yhh6hrRUm1p03H_4PyufCCfD8b6v6-CDw1zrqgo2---n6Hr_d_g6er4FZP8idRvw6-nSk2UbtHS-0wnv6imvoQgsKgiBNsVbXsxY7ZQC8l44ZhqvzqHvw=w408-h395-k-no","false","false","/g/12hmt6sh_","es-419","0","-2.1281964","-79.8868048",,"Los Sauces",,"false","ChIJn_5E3DxtLZARRbNyMxnxLew","090504","$5-10","Hace 2 años","2024-06-13T18:29:10.959Z",,,,,,,,,,,,,,,,,,,,,"5","5","4","ChZDSUhNMG9nS0VJQ0FnSUR6MzR2a2N3EAE",,,,,,,,"Google",,,"4",,,"1606","2026-08-08T17:32:25.309Z","Direct Detail URL: https://www.google.com/maps/place/Parrillada+Restaurant+El+Dorado+Sauces+3/@-2.1265971,-79.8975452,12.68z/data=!4m10!1m2!2m1!1sEl+Dorado!3m6!1s0x902d6d3cdc44fe9f:0xec2df1193372b345!8m2!3d-2.1281964!4d-79.8868048!15sCglFbCBEb3JhZG9aCyIJZWwgZG9yYWRvkgEKcmVzdGF1cmFudOABAA!16s%2Fg%2F12hmt6sh_?entry=ttu&g_ep=EgoyMDI2MDgwNS4xIKXMDSoASAFQAw%3D%3D","5",,"Rodrigo Icaza Cornejo Manzana 139","false",,,"Parrillada Restaurant El Dorado Sauces 3","4.4",,"https://www.google.com/maps/search/?api=1&query=Parrillada%20Restaurant%20El%20Dorado%20Sauces%203&query_place_id=ChIJn_5E3DxtLZARRbNyMxnxLew",
"Rodrigo Icaza Cornejo Manzana 139, 090504 Guayaquil, Ecuador","Restaurante","Restaurante","17018523657442603845","Guayaquil","EC","0x902d6d3cdc44fe9f:0xec2df1193372b345",,"https://lh3.googleusercontent.com/gps-cs-s/AHRPTWmvm90GLRySCo4gUqKI_yhh6hrRUm1p03H_4PyufCCfD8b6v6-CDw1zrqgo2---n6Hr_d_g6er4FZP8idRvw6-nSk2UbtHS-0wnv6imvoQgsKgiBNsVbXsxY7ZQC8l44ZhqvzqHvw=w408-h395-k-no","false","true","/g/12hmt6sh_","es-419","0","-2.1281964","-79.8868048",,"Los Sauces",,"false","ChIJn_5E3DxtLZARRbNyMxnxLew","090504","$5-10","Hace 2 años","2024-06-13T00:47:08.971Z",,,,,,,,,,,,,,,,,,,,,,,,"ChdDSUhNMG9nS0VJQ0FnSUR6cDUyZnR3RRAB",,,,,,,,"Google",,,"11",,,"1606","2026-08-08T17:32:25.309Z","Direct Detail URL: https://www.google.com/maps/place/Parrillada+Restaurant+El+Dorado+Sauces+3/@-2.1265971,-79.8975452,12.68z/data=!4m10!1m2!2m1!1sEl+Dorado!3m6!1s0x902d6d3cdc44fe9f:0xec2df1193372b345!8m2!3d-2.1281964!4d-79.8868048!15sCglFbCBEb3JhZG9aCyIJZWwgZG9yYWRvkgEKcmVzdGF1cmFudOABAA!16s%2Fg%2F12hmt6sh_?entry=ttu&g_ep=EgoyMDI2MDgwNS4xIKXMDSoASAFQAw%3D%3D","4",,"Rodrigo Icaza Cornejo Manzana 139","false",,,"Parrillada Restaurant El Dorado Sauces 3","4.4",,"https://www.google.com/maps/search/?api=1&query=Parrillada%20Restaurant%20El%20Dorado%20Sauces%203&query_place_id=ChIJn_5E3DxtLZARRbNyMxnxLew",
"Rodrigo Icaza Cornejo Manzana 139, 090504 Guayaquil, Ecuador","Restaurante","Restaurante","17018523657442603845","Guayaquil","EC","0x902d6d3cdc44fe9f:0xec2df1193372b345",,"https://lh3.googleusercontent.com/gps-cs-s/AHRPTWmvm90GLRySCo4gUqKI_yhh6hrRUm1p03H_4PyufCCfD8b6v6-CDw1zrqgo2---n6Hr_d_g6er4FZP8idRvw6-nSk2UbtHS-0wnv6imvoQgsKgiBNsVbXsxY7ZQC8l44ZhqvzqHvw=w408-h395-k-no","false","true","/g/12hmt6sh_","es-419","0","-2.1281964","-79.8868048",,"Los Sauces",,"false","ChIJn_5E3DxtLZARRbNyMxnxLew","090504","$5-10","Hace 2 años","2024-06-10T20:24:54.343Z",,,,,,,,,,,,,,,,,,,,,"5","4","3","ChZDSUhNMG9nS0VJQ0FnSUR6a2VlMEV3EAE",,,,,,,,"Google",,,"5",,,"1606","2026-08-08T17:32:25.309Z","Direct Detail URL: https://www.google.com/maps/place/Parrillada+Restaurant+El+Dorado+Sauces+3/@-2.1265971,-79.8975452,12.68z/data=!4m10!1m2!2m1!1sEl+Dorado!3m6!1s0x902d6d3cdc44fe9f:0xec2df1193372b345!8m2!3d-2.1281964!4d-79.8868048!15sCglFbCBEb3JhZG9aCyIJZWwgZG9yYWRvkgEKcmVzdGF1cmFudOABAA!16s%2Fg%2F12hmt6sh_?entry=ttu&g_ep=EgoyMDI2MDgwNS4xIKXMDSoASAFQAw%3D%3D","4",,"Rodrigo Icaza Cornejo Manzana 139","false",,,"Parrillada Restaurant El Dorado Sauces 3","4.4",,"https://www.google.com/maps/search/?api=1&query=Parrillada%20Restaurant%20El%20Dorado%20Sauces%203&query_place_id=ChIJn_5E3DxtLZARRbNyMxnxLew",
"Rodrigo Icaza Cornejo Manzana 139, 090504 Guayaquil, Ecuador","Restaurante","Restaurante","17018523657442603845","Guayaquil","EC","0x902d6d3cdc44fe9f:0xec2df1193372b345",,"https://lh3.googleusercontent.com/gps-cs-s/AHRPTWmvm90GLRySCo4gUqKI_yhh6hrRUm1p03H_4PyufCCfD8b6v6-CDw1zrqgo2---n6Hr_d_g6er4FZP8idRvw6-nSk2UbtHS-0wnv6imvoQgsKgiBNsVbXsxY7ZQC8l44ZhqvzqHvw=w408-h395-k-no","false","true","/g/12hmt6sh_","es-419","0","-2.1281964","-79.8868048",,"Los Sauces","es","false","ChIJn_5E3DxtLZARRbNyMxnxLew","090504","$5-10","Hace 2 años","2024-06-08T02:19:16.725Z",,,,,,,,,,,,,,,,,,,,,"2","1","3","ChZDSUhNMG9nS0VJQ0FnSUR6OU9yNmJBEAE",,,,,,,,"Google",,,"6",,,"1606","2026-08-08T17:32:25.309Z","Direct Detail URL: https://www.google.com/maps/place/Parrillada+Restaurant+El+Dorado+Sauces+3/@-2.1265971,-79.8975452,12.68z/data=!4m10!1m2!2m1!1sEl+Dorado!3m6!1s0x902d6d3cdc44fe9f:0xec2df1193372b345!8m2!3d-2.1281964!4d-79.8868048!15sCglFbCBEb3JhZG9aCyIJZWwgZG9yYWRvkgEKcmVzdGF1cmFudOABAA!16s%2Fg%2F12hmt6sh_?entry=ttu&g_ep=EgoyMDI2MDgwNS4xIKXMDSoASAFQAw%3D%3D","2",,"Rodrigo Icaza Cornejo Manzana 139","false","No me gusto",,"Parrillada Restaurant El Dorado Sauces 3","4.4",,"https://www.google.com/maps/search/?api=1&query=Parrillada%20Restaurant%20El%20Dorado%20Sauces%203&query_place_id=ChIJn_5E3DxtLZARRbNyMxnxLew",
"Rodrigo Icaza Cornejo Manzana 139, 090504 Guayaquil, Ecuador","Restaurante","Restaurante","17018523657442603845","Guayaquil","EC","0x902d6d3cdc44fe9f:0xec2df1193372b345",,"https://lh3.googleusercontent.com/gps-cs-s/AHRPTWmvm90GLRySCo4gUqKI_yhh6hrRUm1p03H_4PyufCCfD8b6v6-CDw1zrqgo2---n6Hr_d_g6er4FZP8idRvw6-nSk2UbtHS-0wnv6imvoQgsKgiBNsVbXsxY7ZQC8l44ZhqvzqHvw=w408-h395-k-no","false","false","/g/12hmt6sh_","es-419","0","-2.1281964","-79.8868048",,"Los Sauces",,"false","ChIJn_5E3DxtLZARRbNyMxnxLew","090504","$5-10","Hace 2 años","2024-06-07T22:32:43.048Z",,,,,,"Vas a tardar en estacionar",,,,"Estacionamiento pagado en la calle",,,"$1-5",,,,,,"Almuerzo","Consumo en el lugar","3","3","2","ChZDSUhNMG9nS0VJQ0FnSUR6MUszTEFnEAE",,,,,,,,"Google",,,"8",,,"1606","2026-08-08T17:32:25.309Z","Direct Detail URL: https://www.google.com/maps/place/Parrillada+Restaurant+El+Dorado+Sauces+3/@-2.1265971,-79.8975452,12.68z/data=!4m10!1m2!2m1!1sEl+Dorado!3m6!1s0x902d6d3cdc44fe9f:0xec2df1193372b345!8m2!3d-2.1281964!4d-79.8868048!15sCglFbCBEb3JhZG9aCyIJZWwgZG9yYWRvkgEKcmVzdGF1cmFudOABAA!16s%2Fg%2F12hmt6sh_?entry=ttu&g_ep=EgoyMDI2MDgwNS4xIKXMDSoASAFQAw%3D%3D","3",,"Rodrigo Icaza Cornejo Manzana 139","false",,,"Parrillada Restaurant El Dorado Sauces 3","4.4",,"https://www.google.com/maps/search/?api=1&query=Parrillada%20Restaurant%20El%20Dorado%20Sauces%203&query_place_id=ChIJn_5E3DxtLZARRbNyMxnxLew",
"Rodrigo Icaza Cornejo Manzana 139, 090504 Guayaquil, Ecuador","Restaurante","Restaurante","17018523657442603845","Guayaquil","EC","0x902d6d3cdc44fe9f:0xec2df1193372b345",,"https://lh3.googleusercontent.com/gps-cs-s/AHRPTWmvm90GLRySCo4gUqKI_yhh6hrRUm1p03H_4PyufCCfD8b6v6-CDw1zrqgo2---n6Hr_d_g6er4FZP8idRvw6-nSk2UbtHS-0wnv6imvoQgsKgiBNsVbXsxY7ZQC8l44ZhqvzqHvw=w408-h395-k-no","false","false","/g/12hmt6sh_","es-419","0","-2.1281964","-79.8868048",,"Los Sauces",,"false","ChIJn_5E3DxtLZARRbNyMxnxLew","090504","$5-10","Editado Hace 2 años","2024-06-07T14:13:33.933Z",,,,,,,,,,,,,,,,,,,,,"2",,,"ChZDSUhNMG9nS0VJQ0FnSUNPMTd6MGFnEAE",,,,,,,,"Google",,,"3",,,"1606","2026-08-08T17:32:25.309Z","Direct Detail URL: https://www.google.com/maps/place/Parrillada+Restaurant+El+Dorado+Sauces+3/@-2.1265971,-79.8975452,12.68z/data=!4m10!1m2!2m1!1sEl+Dorado!3m6!1s0x902d6d3cdc44fe9f:0xec2df1193372b345!8m2!3d-2.1281964!4d-79.8868048!15sCglFbCBEb3JhZG9aCyIJZWwgZG9yYWRvkgEKcmVzdGF1cmFudOABAA!16s%2Fg%2F12hmt6sh_?entry=ttu&g_ep=EgoyMDI2MDgwNS4xIKXMDSoASAFQAw%3D%3D","3",,"Rodrigo Icaza Cornejo Manzana 139","false",,,"Parrillada Restaurant El Dorado Sauces 3","4.4",,"https://www.google.com/maps/search/?api=1&query=Parrillada%20Restaurant%20El%20Dorado%20Sauces%203&query_place_id=ChIJn_5E3DxtLZARRbNyMxnxLew",
"Rodrigo Icaza Cornejo Manzana 139, 090504 Guayaquil, Ecuador","Restaurante","Restaurante","17018523657442603845","Guayaquil","EC","0x902d6d3cdc44fe9f:0xec2df1193372b345",,"https://lh3.googleusercontent.com/gps-cs-s/AHRPTWmvm90GLRySCo4gUqKI_yhh6hrRUm1p03H_4PyufCCfD8b6v6-CDw1zrqgo2---n6Hr_d_g6er4FZP8idRvw6-nSk2UbtHS-0wnv6imvoQgsKgiBNsVbXsxY7ZQC8l44ZhqvzqHvw=w408-h395-k-no","false","true","/g/12hmt6sh_","es-419","0","-2.1281964","-79.8868048",,"Los Sauces","es","false","ChIJn_5E3DxtLZARRbNyMxnxLew","090504","$5-10","Hace 2 años","2024-06-05T17:26:52.043Z",,,,,,,,,,,,,"$15-20",,,,,,"Cena","Consumo en el lugar","5","3","4","ChdDSUhNMG9nS0VJQ0FnSUN6aF9uLTJ3RRAB",,,,,,,,"Google",,,"57",,,"1606","2026-08-08T17:32:25.309Z","Direct Detail URL: https://www.google.com/maps/place/Parrillada+Restaurant+El+Dorado+Sauces+3/@-2.1265971,-79.8975452,12.68z/data=!4m10!1m2!2m1!1sEl+Dorado!3m6!1s0x902d6d3cdc44fe9f:0xec2df1193372b345!8m2!3d-2.1281964!4d-79.8868048!15sCglFbCBEb3JhZG9aCyIJZWwgZG9yYWRvkgEKcmVzdGF1cmFudOABAA!16s%2Fg%2F12hmt6sh_?entry=ttu&g_ep=EgoyMDI2MDgwNS4xIKXMDSoASAFQAw%3D%3D","3",,"Rodrigo Icaza Cornejo Manzana 139","false","No voy desde que en lugar de costillas a la BBQ pusieron huesos bañados en salsa.",,"Parrillada Restaurant El Dorado Sauces 3","4.4",,"https://www.google.com/maps/search/?api=1&query=Parrillada%20Restaurant%20El%20Dorado%20Sauces%203&query_place_id=ChIJn_5E3DxtLZARRbNyMxnxLew",
"Rodrigo Icaza Cornejo Manzana 139, 090504 Guayaquil, Ecuador","Restaurante","Restaurante","17018523657442603845","Guayaquil","EC","0x902d6d3cdc44fe9f:0xec2df1193372b345",,"https://lh3.googleusercontent.com/gps-cs-s/AHRPTWmvm90GLRySCo4gUqKI_yhh6hrRUm1p03H_4PyufCCfD8b6v6-CDw1zrqgo2---n6Hr_d_g6er4FZP8idRvw6-nSk2UbtHS-0wnv6imvoQgsKgiBNsVbXsxY7ZQC8l44ZhqvzqHvw=w408-h395-k-no","false","true","/g/12hmt6sh_","es-419","0","-2.1281964","-79.8868048",,"Los Sauces","es","false","ChIJn_5E3DxtLZARRbNyMxnxLew","090504","$5-10","Hace 2 años","2024-05-28T21:40:18.225Z",,,,,,,,,,,,,,,,,,,,,"5","5","5","ChZDSUhNMG9nS0VJQ0FnSURUeDZXMElREAE",,,,,,,,"Google",,,"154",,,"1606","2026-08-08T17:32:25.309Z","Direct Detail URL: https://www.google.com/maps/place/Parrillada+Restaurant+El+Dorado+Sauces+3/@-2.1265971,-79.8975452,12.68z/data=!4m10!1m2!2m1!1sEl+Dorado!3m6!1s0x902d6d3cdc44fe9f:0xec2df1193372b345!8m2!3d-2.1281964!4d-79.8868048!15sCglFbCBEb3JhZG9aCyIJZWwgZG9yYWRvkgEKcmVzdGF1cmFudOABAA!16s%2Fg%2F12hmt6sh_?entry=ttu&g_ep=EgoyMDI2MDgwNS4xIKXMDSoASAFQAw%3D%3D","5",,"Rodrigo Icaza Cornejo Manzana 139","false","Excelente",,"Parrillada Restaurant El Dorado Sauces 3","4.4",,"https://www.google.com/maps/search/?api=1&query=Parrillada%20Restaurant%20El%20Dorado%20Sauces%203&query_place_id=ChIJn_5E3DxtLZARRbNyMxnxLew",
"Rodrigo Icaza Cornejo Manzana 139, 090504 Guayaquil, Ecuador","Restaurante","Restaurante","17018523657442603845","Guayaquil","EC","0x902d6d3cdc44fe9f:0xec2df1193372b345",,"https://lh3.googleusercontent.com/gps-cs-s/AHRPTWmvm90GLRySCo4gUqKI_yhh6hrRUm1p03H_4PyufCCfD8b6v6-CDw1zrqgo2---n6Hr_d_g6er4FZP8idRvw6-nSk2UbtHS-0wnv6imvoQgsKgiBNsVbXsxY7ZQC8l44ZhqvzqHvw=w408-h395-k-no","false","true","/g/12hmt6sh_","es-419","0","-2.1281964","-79.8868048",,"Los Sauces","es","false","ChIJn_5E3DxtLZARRbNyMxnxLew","090504","$5-10","Hace 2 años","2024-05-20T13:45:01.169Z",,,,,,,,,,,,,,,,,,,,,,,,"ChZDSUhNMG9nS0VJQ0FnSUNUejZXNk53EAE",,,,,,,,"Google",,,"17",,,"1606","2026-08-08T17:32:25.309Z","Direct Detail URL: https://www.google.com/maps/place/Parrillada+Restaurant+El+Dorado+Sauces+3/@-2.1265971,-79.8975452,12.68z/data=!4m10!1m2!2m1!1sEl+Dorado!3m6!1s0x902d6d3cdc44fe9f:0xec2df1193372b345!8m2!3d-2.1281964!4d-79.8868048!15sCglFbCBEb3JhZG9aCyIJZWwgZG9yYWRvkgEKcmVzdGF1cmFudOABAA!16s%2Fg%2F12hmt6sh_?entry=ttu&g_ep=EgoyMDI2MDgwNS4xIKXMDSoASAFQAw%3D%3D","1",,"Rodrigo Icaza Cornejo Manzana 139","false","Es malo y caro",,"Parrillada Restaurant El Dorado Sauces 3","4.4",,"https://www.google.com/maps/search/?api=1&query=Parrillada%20Restaurant%20El%20Dorado%20Sauces%203&query_place_id=ChIJn_5E3DxtLZARRbNyMxnxLew",
"Rodrigo Icaza Cornejo Manzana 139, 090504 Guayaquil, Ecuador","Restaurante","Restaurante","17018523657442603845","Guayaquil","EC","0x902d6d3cdc44fe9f:0xec2df1193372b345",,"https://lh3.googleusercontent.com/gps-cs-s/AHRPTWmvm90GLRySCo4gUqKI_yhh6hrRUm1p03H_4PyufCCfD8b6v6-CDw1zrqgo2---n6Hr_d_g6er4FZP8idRvw6-nSk2UbtHS-0wnv6imvoQgsKgiBNsVbXsxY7ZQC8l44ZhqvzqHvw=w408-h395-k-no","false","true","/g/12hmt6sh_","es-419","0","-2.1281964","-79.8868048",,"Los Sauces",,"false","ChIJn_5E3DxtLZARRbNyMxnxLew","090504","$5-10","Hace 2 años","2024-05-19T17:14:21.847Z",,,,,,,,,,,,,"$5-10",,,,,,"Almuerzo","Consumo en el lugar","2","2","2","ChZDSUhNMG9nS0VJQ0FnSUNULTczOVJ3EAE",,,,,,,,"Google",,,"1",,,"1606","2026-08-08T17:32:25.309Z","Direct Detail URL: https://www.google.com/maps/place/Parrillada+Restaurant+El+Dorado+Sauces+3/@-2.1265971,-79.8975452,12.68z/data=!4m10!1m2!2m1!1sEl+Dorado!3m6!1s0x902d6d3cdc44fe9f:0xec2df1193372b345!8m2!3d-2.1281964!4d-79.8868048!15sCglFbCBEb3JhZG9aCyIJZWwgZG9yYWRvkgEKcmVzdGF1cmFudOABAA!16s%2Fg%2F12hmt6sh_?entry=ttu&g_ep=EgoyMDI2MDgwNS4xIKXMDSoASAFQAw%3D%3D","3",,"Rodrigo Icaza Cornejo Manzana 139","false",,,"Parrillada Restaurant El Dorado Sauces 3","4.4",,"https://www.google.com/maps/search/?api=1&query=Parrillada%20Restaurant%20El%20Dorado%20Sauces%203&query_place_id=ChIJn_5E3DxtLZARRbNyMxnxLew",
"Rodrigo Icaza Cornejo Manzana 139, 090504 Guayaquil, Ecuador","Restaurante","Restaurante","17018523657442603845","Guayaquil","EC","0x902d6d3cdc44fe9f:0xec2df1193372b345",,"https://lh3.googleusercontent.com/gps-cs-s/AHRPTWmvm90GLRySCo4gUqKI_yhh6hrRUm1p03H_4PyufCCfD8b6v6-CDw1zrqgo2---n6Hr_d_g6er4FZP8idRvw6-nSk2UbtHS-0wnv6imvoQgsKgiBNsVbXsxY7ZQC8l44ZhqvzqHvw=w408-h395-k-no","false","true","/g/12hmt6sh_","es-419","0","-2.1281964","-79.8868048",,"Los Sauces",,"false","ChIJn_5E3DxtLZARRbNyMxnxLew","090504","$5-10","Hace 2 años","2024-05-16T20:33:06.844Z",,,,,,,,,,,,,,,,,,,,,"3","3","3","ChdDSUhNMG9nS0VJQ0FnSUNULWNqMm1BRRAB",,,,,,,,"Google",,,"3",,,"1606","2026-08-08T17:32:25.309Z","Direct Detail URL: https://www.google.com/maps/place/Parrillada+Restaurant+El+Dorado+Sauces+3/@-2.1265971,-79.8975452,12.68z/data=!4m10!1m2!2m1!1sEl+Dorado!3m6!1s0x902d6d3cdc44fe9f:0xec2df1193372b345!8m2!3d-2.1281964!4d-79.8868048!15sCglFbCBEb3JhZG9aCyIJZWwgZG9yYWRvkgEKcmVzdGF1cmFudOABAA!16s%2Fg%2F12hmt6sh_?entry=ttu&g_ep=EgoyMDI2MDgwNS4xIKXMDSoASAFQAw%3D%3D","4",,"Rodrigo Icaza Cornejo Manzana 139","false",,,"Parrillada Restaurant El Dorado Sauces 3","4.4",,"https://www.google.com/maps/search/?api=1&query=Parrillada%20Restaurant%20El%20Dorado%20Sauces%203&query_place_id=ChIJn_5E3DxtLZARRbNyMxnxLew",
"Rodrigo Icaza Cornejo Manzana 139, 090504 Guayaquil, Ecuador","Restaurante","Restaurante","17018523657442603845","Guayaquil","EC","0x902d6d3cdc44fe9f:0xec2df1193372b345",,"https://lh3.googleusercontent.com/gps-cs-s/AHRPTWmvm90GLRySCo4gUqKI_yhh6hrRUm1p03H_4PyufCCfD8b6v6-CDw1zrqgo2---n6Hr_d_g6er4FZP8idRvw6-nSk2UbtHS-0wnv6imvoQgsKgiBNsVbXsxY7ZQC8l44ZhqvzqHvw=w408-h395-k-no","false","false","/g/12hmt6sh_","es-419","0","-2.1281964","-79.8868048",,"Los Sauces",,"false","ChIJn_5E3DxtLZARRbNyMxnxLew","090504","$5-10","Hace 2 años","2024-05-13T04:13:11.867Z",,,,,,,,,,,,,,,,,,,,,,,,"ChdDSUhNMG9nS0VJQ0FnSUNUOHNHN3hRRRAB",,,,,,,,"Google",,,"4",,,"1606","2026-08-08T17:32:25.309Z","Direct Detail URL: https://www.google.com/maps/place/Parrillada+Restaurant+El+Dorado+Sauces+3/@-2.1265971,-79.8975452,12.68z/data=!4m10!1m2!2m1!1sEl+Dorado!3m6!1s0x902d6d3cdc44fe9f:0xec2df1193372b345!8m2!3d-2.1281964!4d-79.8868048!15sCglFbCBEb3JhZG9aCyIJZWwgZG9yYWRvkgEKcmVzdGF1cmFudOABAA!16s%2Fg%2F12hmt6sh_?entry=ttu&g_ep=EgoyMDI2MDgwNS4xIKXMDSoASAFQAw%3D%3D","5",,"Rodrigo Icaza Cornejo Manzana 139","false",,,"Parrillada Restaurant El Dorado Sauces 3","4.4",,"https://www.google.com/maps/search/?api=1&query=Parrillada%20Restaurant%20El%20Dorado%20Sauces%203&query_place_id=ChIJn_5E3DxtLZARRbNyMxnxLew",
"Rodrigo Icaza Cornejo Manzana 139, 090504 Guayaquil, Ecuador","Restaurante","Restaurante","17018523657442603845","Guayaquil","EC","0x902d6d3cdc44fe9f:0xec2df1193372b345",,"https://lh3.googleusercontent.com/gps-cs-s/AHRPTWmvm90GLRySCo4gUqKI_yhh6hrRUm1p03H_4PyufCCfD8b6v6-CDw1zrqgo2---n6Hr_d_g6er4FZP8idRvw6-nSk2UbtHS-0wnv6imvoQgsKgiBNsVbXsxY7ZQC8l44ZhqvzqHvw=w408-h395-k-no","false","true","/g/12hmt6sh_","es-419","0","-2.1281964","-79.8868048",,"Los Sauces","es","false","ChIJn_5E3DxtLZARRbNyMxnxLew","090504","$5-10","Hace 2 años","2024-05-11T14:34:37.073Z",,,,,,,,,,,,,,,,,,,,,"5","5","5","ChZDSUhNMG9nS0VJQ0FnSUNUdE1yZWJ3EAE",,,,,,,,"Google",,,"33",,,"1606","2026-08-08T17:32:25.309Z","Direct Detail URL: https://www.google.com/maps/place/Parrillada+Restaurant+El+Dorado+Sauces+3/@-2.1265971,-79.8975452,12.68z/data=!4m10!1m2!2m1!1sEl+Dorado!3m6!1s0x902d6d3cdc44fe9f:0xec2df1193372b345!8m2!3d-2.1281964!4d-79.8868048!15sCglFbCBEb3JhZG9aCyIJZWwgZG9yYWRvkgEKcmVzdGF1cmFudOABAA!16s%2Fg%2F12hmt6sh_?entry=ttu&g_ep=EgoyMDI2MDgwNS4xIKXMDSoASAFQAw%3D%3D","5",,"Rodrigo Icaza Cornejo Manzana 139","false","Todo muy bien,  desde la atención. Comida todo",,"Parrillada Restaurant El Dorado Sauces 3","4.4",,"https://www.google.com/maps/search/?api=1&query=Parrillada%20Restaurant%20El%20Dorado%20Sauces%203&query_place_id=ChIJn_5E3DxtLZARRbNyMxnxLew",
"Rodrigo Icaza Cornejo Manzana 139, 090504 Guayaquil, Ecuador","Restaurante","Restaurante","17018523657442603845","Guayaquil","EC","0x902d6d3cdc44fe9f:0xec2df1193372b345",,"https://lh3.googleusercontent.com/gps-cs-s/AHRPTWmvm90GLRySCo4gUqKI_yhh6hrRUm1p03H_4PyufCCfD8b6v6-CDw1zrqgo2---n6Hr_d_g6er4FZP8idRvw6-nSk2UbtHS-0wnv6imvoQgsKgiBNsVbXsxY7ZQC8l44ZhqvzqHvw=w408-h395-k-no","false","true","/g/12hmt6sh_","es-419","0","-2.1281964","-79.8868048",,"Los Sauces",,"false","ChIJn_5E3DxtLZARRbNyMxnxLew","090504","$5-10","Hace 2 años","2024-05-07T14:29:07.618Z",,,,,,,,,,,,,,,,,,,,,,,,"ChdDSUhNMG9nS0VJQ0FnSURqeTlxaGl3RRAB",,,,,,,,"Google",,,"47",,,"1606","2026-08-08T17:32:25.309Z","Direct Detail URL: https://www.google.com/maps/place/Parrillada+Restaurant+El+Dorado+Sauces+3/@-2.1265971,-79.8975452,12.68z/data=!4m10!1m2!2m1!1sEl+Dorado!3m6!1s0x902d6d3cdc44fe9f:0xec2df1193372b345!8m2!3d-2.1281964!4d-79.8868048!15sCglFbCBEb3JhZG9aCyIJZWwgZG9yYWRvkgEKcmVzdGF1cmFudOABAA!16s%2Fg%2F12hmt6sh_?entry=ttu&g_ep=EgoyMDI2MDgwNS4xIKXMDSoASAFQAw%3D%3D","1",,"Rodrigo Icaza Cornejo Manzana 139","false",,,"Parrillada Restaurant El Dorado Sauces 3","4.4",,"https://www.google.com/maps/search/?api=1&query=Parrillada%20Restaurant%20El%20Dorado%20Sauces%203&query_place_id=ChIJn_5E3DxtLZARRbNyMxnxLew",
"Rodrigo Icaza Cornejo Manzana 139, 090504 Guayaquil, Ecuador","Restaurante","Restaurante","17018523657442603845","Guayaquil","EC","0x902d6d3cdc44fe9f:0xec2df1193372b345",,"https://lh3.googleusercontent.com/gps-cs-s/AHRPTWmvm90GLRySCo4gUqKI_yhh6hrRUm1p03H_4PyufCCfD8b6v6-CDw1zrqgo2---n6Hr_d_g6er4FZP8idRvw6-nSk2UbtHS-0wnv6imvoQgsKgiBNsVbXsxY7ZQC8l44ZhqvzqHvw=w408-h395-k-no","false","true","/g/12hmt6sh_","es-419","0","-2.1281964","-79.8868048",,"Los Sauces",,"false","ChIJn_5E3DxtLZARRbNyMxnxLew","090504","$5-10","Hace 2 años","2024-05-04T23:04:53.767Z",,,,,,,,,,,,,,,,,,,,,"5","4","5","ChdDSUhNMG9nS0VJQ0FnSURqNllmSzZ3RRAB",,,,,,,,"Google",,,"14",,,"1606","2026-08-08T17:32:25.309Z","Direct Detail URL: https://www.google.com/maps/place/Parrillada+Restaurant+El+Dorado+Sauces+3/@-2.1265971,-79.8975452,12.68z/data=!4m10!1m2!2m1!1sEl+Dorado!3m6!1s0x902d6d3cdc44fe9f:0xec2df1193372b345!8m2!3d-2.1281964!4d-79.8868048!15sCglFbCBEb3JhZG9aCyIJZWwgZG9yYWRvkgEKcmVzdGF1cmFudOABAA!16s%2Fg%2F12hmt6sh_?entry=ttu&g_ep=EgoyMDI2MDgwNS4xIKXMDSoASAFQAw%3D%3D","4",,"Rodrigo Icaza Cornejo Manzana 139","false",,,"Parrillada Restaurant El Dorado Sauces 3","4.4",,"https://www.google.com/maps/search/?api=1&query=Parrillada%20Restaurant%20El%20Dorado%20Sauces%203&query_place_id=ChIJn_5E3DxtLZARRbNyMxnxLew",
"Rodrigo Icaza Cornejo Manzana 139, 090504 Guayaquil, Ecuador","Restaurante","Restaurante","17018523657442603845","Guayaquil","EC","0x902d6d3cdc44fe9f:0xec2df1193372b345",,"https://lh3.googleusercontent.com/gps-cs-s/AHRPTWmvm90GLRySCo4gUqKI_yhh6hrRUm1p03H_4PyufCCfD8b6v6-CDw1zrqgo2---n6Hr_d_g6er4FZP8idRvw6-nSk2UbtHS-0wnv6imvoQgsKgiBNsVbXsxY7ZQC8l44ZhqvzqHvw=w408-h395-k-no","false","true","/g/12hmt6sh_","es-419","0","-2.1281964","-79.8868048",,"Los Sauces","es","false","ChIJn_5E3DxtLZARRbNyMxnxLew","090504","$5-10","Hace 2 años","2024-05-04T21:57:27.936Z",,,,,,,,,,,,,,,,,,,,,"5","5","5","ChdDSUhNMG9nS0VJQ0FnSURqNmE2ZW1RRRAB",,,,,,,,"Google",,,"101",,,"1606","2026-08-08T17:32:25.309Z","Direct Detail URL: https://www.google.com/maps/place/Parrillada+Restaurant+El+Dorado+Sauces+3/@-2.1265971,-79.8975452,12.68z/data=!4m10!1m2!2m1!1sEl+Dorado!3m6!1s0x902d6d3cdc44fe9f:0xec2df1193372b345!8m2!3d-2.1281964!4d-79.8868048!15sCglFbCBEb3JhZG9aCyIJZWwgZG9yYWRvkgEKcmVzdGF1cmFudOABAA!16s%2Fg%2F12hmt6sh_?entry=ttu&g_ep=EgoyMDI2MDgwNS4xIKXMDSoASAFQAw%3D%3D","5",,"Rodrigo Icaza Cornejo Manzana 139","false","Buen lugar para varias actividades",,"Parrillada Restaurant El Dorado Sauces 3","4.4",,"https://www.google.com/maps/search/?api=1&query=Parrillada%20Restaurant%20El%20Dorado%20Sauces%203&query_place_id=ChIJn_5E3DxtLZARRbNyMxnxLew",
"Rodrigo Icaza Cornejo Manzana 139, 090504 Guayaquil, Ecuador","Restaurante","Restaurante","17018523657442603845","Guayaquil","EC","0x902d6d3cdc44fe9f:0xec2df1193372b345",,"https://lh3.googleusercontent.com/gps-cs-s/AHRPTWmvm90GLRySCo4gUqKI_yhh6hrRUm1p03H_4PyufCCfD8b6v6-CDw1zrqgo2---n6Hr_d_g6er4FZP8idRvw6-nSk2UbtHS-0wnv6imvoQgsKgiBNsVbXsxY7ZQC8l44ZhqvzqHvw=w408-h395-k-no","false","false","/g/12hmt6sh_","es-419","0","-2.1281964","-79.8868048",,"Los Sauces",,"false","ChIJn_5E3DxtLZARRbNyMxnxLew","090504","$5-10","Hace 2 años","2024-04-30T02:33:18.903Z",,,,,,,,,,,,,,,,,,,,,"5","5","5","ChdDSUhNMG9nS0VJQ0FnSURqOU9qLWd3RRAB",,,,,,,,"Google",,,"2",,,"1606","2026-08-08T17:32:25.309Z","Direct Detail URL: https://www.google.com/maps/place/Parrillada+Restaurant+El+Dorado+Sauces+3/@-2.1265971,-79.8975452,12.68z/data=!4m10!1m2!2m1!1sEl+Dorado!3m6!1s0x902d6d3cdc44fe9f:0xec2df1193372b345!8m2!3d-2.1281964!4d-79.8868048!15sCglFbCBEb3JhZG9aCyIJZWwgZG9yYWRvkgEKcmVzdGF1cmFudOABAA!16s%2Fg%2F12hmt6sh_?entry=ttu&g_ep=EgoyMDI2MDgwNS4xIKXMDSoASAFQAw%3D%3D","5",,"Rodrigo Icaza Cornejo Manzana 139","false",,,"Parrillada Restaurant El Dorado Sauces 3","4.4",,"https://www.google.com/maps/search/?api=1&query=Parrillada%20Restaurant%20El%20Dorado%20Sauces%203&query_place_id=ChIJn_5E3DxtLZARRbNyMxnxLew",
"Rodrigo Icaza Cornejo Manzana 139, 090504 Guayaquil, Ecuador","Restaurante","Restaurante","17018523657442603845","Guayaquil","EC","0x902d6d3cdc44fe9f:0xec2df1193372b345",,"https://lh3.googleusercontent.com/gps-cs-s/AHRPTWmvm90GLRySCo4gUqKI_yhh6hrRUm1p03H_4PyufCCfD8b6v6-CDw1zrqgo2---n6Hr_d_g6er4FZP8idRvw6-nSk2UbtHS-0wnv6imvoQgsKgiBNsVbXsxY7ZQC8l44ZhqvzqHvw=w408-h395-k-no","false","false","/g/12hmt6sh_","es-419","0","-2.1281964","-79.8868048",,"Los Sauces",,"false","ChIJn_5E3DxtLZARRbNyMxnxLew","090504","$5-10","Hace 2 años","2024-04-17T13:08:19.541Z",,,,,,,,,,,,,,,,,,,,,,,,"ChdDSUhNMG9nS0VJQ0FnSUNqNkpYTjBBRRAB",,,,,,,,"Google",,,"0",,,"1606","2026-08-08T17:32:25.309Z","Direct Detail URL: https://www.google.com/maps/place/Parrillada+Restaurant+El+Dorado+Sauces+3/@-2.1265971,-79.8975452,12.68z/data=!4m10!1m2!2m1!1sEl+Dorado!3m6!1s0x902d6d3cdc44fe9f:0xec2df1193372b345!8m2!3d-2.1281964!4d-79.8868048!15sCglFbCBEb3JhZG9aCyIJZWwgZG9yYWRvkgEKcmVzdGF1cmFudOABAA!16s%2Fg%2F12hmt6sh_?entry=ttu&g_ep=EgoyMDI2MDgwNS4xIKXMDSoASAFQAw%3D%3D","5",,"Rodrigo Icaza Cornejo Manzana 139","false",,,"Parrillada Restaurant El Dorado Sauces 3","4.4",,"https://www.google.com/maps/search/?api=1&query=Parrillada%20Restaurant%20El%20Dorado%20Sauces%203&query_place_id=ChIJn_5E3DxtLZARRbNyMxnxLew",
"Rodrigo Icaza Cornejo Manzana 139, 090504 Guayaquil, Ecuador","Restaurante","Restaurante","17018523657442603845","Guayaquil","EC","0x902d6d3cdc44fe9f:0xec2df1193372b345",,"https://lh3.googleusercontent.com/gps-cs-s/AHRPTWmvm90GLRySCo4gUqKI_yhh6hrRUm1p03H_4PyufCCfD8b6v6-CDw1zrqgo2---n6Hr_d_g6er4FZP8idRvw6-nSk2UbtHS-0wnv6imvoQgsKgiBNsVbXsxY7ZQC8l44ZhqvzqHvw=w408-h395-k-no","false","true","/g/12hmt6sh_","es-419","0","-2.1281964","-79.8868048",,"Los Sauces",,"false","ChIJn_5E3DxtLZARRbNyMxnxLew","090504","$5-10","Hace 2 años","2024-04-14T17:28:08.781Z",,,,,,,,,,,,,,,,,,,,,"5","5","5","ChZDSUhNMG9nS0VJQ0FnSUREMjRlaEdBEAE",,,,,,,,"Google",,,"83",,,"1606","2026-08-08T17:32:25.309Z","Direct Detail URL: https://www.google.com/maps/place/Parrillada+Restaurant+El+Dorado+Sauces+3/@-2.1265971,-79.8975452,12.68z/data=!4m10!1m2!2m1!1sEl+Dorado!3m6!1s0x902d6d3cdc44fe9f:0xec2df1193372b345!8m2!3d-2.1281964!4d-79.8868048!15sCglFbCBEb3JhZG9aCyIJZWwgZG9yYWRvkgEKcmVzdGF1cmFudOABAA!16s%2Fg%2F12hmt6sh_?entry=ttu&g_ep=EgoyMDI2MDgwNS4xIKXMDSoASAFQAw%3D%3D","5",,"Rodrigo Icaza Cornejo Manzana 139","false",,,"Parrillada Restaurant El Dorado Sauces 3","4.4",,"https://www.google.com/maps/search/?api=1&query=Parrillada%20Restaurant%20El%20Dorado%20Sauces%203&query_place_id=ChIJn_5E3DxtLZARRbNyMxnxLew",
"Rodrigo Icaza Cornejo Manzana 139, 090504 Guayaquil, Ecuador","Restaurante","Restaurante","17018523657442603845","Guayaquil","EC","0x902d6d3cdc44fe9f:0xec2df1193372b345",,"https://lh3.googleusercontent.com/gps-cs-s/AHRPTWmvm90GLRySCo4gUqKI_yhh6hrRUm1p03H_4PyufCCfD8b6v6-CDw1zrqgo2---n6Hr_d_g6er4FZP8idRvw6-nSk2UbtHS-0wnv6imvoQgsKgiBNsVbXsxY7ZQC8l44ZhqvzqHvw=w408-h395-k-no","false","true","/g/12hmt6sh_","es-419","0","-2.1281964","-79.8868048",,"Los Sauces",,"false","ChIJn_5E3DxtLZARRbNyMxnxLew","090504","$5-10","Hace 2 años","2024-04-04T21:41:45.455Z",,,,,,,,,,,,,,,,,,,,,,,,"ChZDSUhNMG9nS0VJQ0FnSUREaVA2cUd3EAE",,,,,,,,"Google",,,"48",,,"1606","2026-08-08T17:32:25.309Z","Direct Detail URL: https://www.google.com/maps/place/Parrillada+Restaurant+El+Dorado+Sauces+3/@-2.1265971,-79.8975452,12.68z/data=!4m10!1m2!2m1!1sEl+Dorado!3m6!1s0x902d6d3cdc44fe9f:0xec2df1193372b345!8m2!3d-2.1281964!4d-79.8868048!15sCglFbCBEb3JhZG9aCyIJZWwgZG9yYWRvkgEKcmVzdGF1cmFudOABAA!16s%2Fg%2F12hmt6sh_?entry=ttu&g_ep=EgoyMDI2MDgwNS4xIKXMDSoASAFQAw%3D%3D","4",,"Rodrigo Icaza Cornejo Manzana 139","false",,,"Parrillada Restaurant El Dorado Sauces 3","4.4",,"https://www.google.com/maps/search/?api=1&query=Parrillada%20Restaurant%20El%20Dorado%20Sauces%203&query_place_id=ChIJn_5E3DxtLZARRbNyMxnxLew",
"Rodrigo Icaza Cornejo Manzana 139, 090504 Guayaquil, Ecuador","Restaurante","Restaurante","17018523657442603845","Guayaquil","EC","0x902d6d3cdc44fe9f:0xec2df1193372b345",,"https://lh3.googleusercontent.com/gps-cs-s/AHRPTWmvm90GLRySCo4gUqKI_yhh6hrRUm1p03H_4PyufCCfD8b6v6-CDw1zrqgo2---n6Hr_d_g6er4FZP8idRvw6-nSk2UbtHS-0wnv6imvoQgsKgiBNsVbXsxY7ZQC8l44ZhqvzqHvw=w408-h395-k-no","false","false","/g/12hmt6sh_","es-419","0","-2.1281964","-79.8868048",,"Los Sauces",,"false","ChIJn_5E3DxtLZARRbNyMxnxLew","090504","$5-10","Hace 2 años","2024-04-04T16:45:48.417Z",,,,,,,,,,,,,"$5-10",,,,,,"Otro","Consumo en el lugar","4","4","4","ChdDSUhNMG9nS0VJQ0FnSUREc05hc3J3RRAB",,,,,,,,"Google",,,"4",,,"1606","2026-08-08T17:32:25.309Z","Direct Detail URL: https://www.google.com/maps/place/Parrillada+Restaurant+El+Dorado+Sauces+3/@-2.1265971,-79.8975452,12.68z/data=!4m10!1m2!2m1!1sEl+Dorado!3m6!1s0x902d6d3cdc44fe9f:0xec2df1193372b345!8m2!3d-2.1281964!4d-79.8868048!15sCglFbCBEb3JhZG9aCyIJZWwgZG9yYWRvkgEKcmVzdGF1cmFudOABAA!16s%2Fg%2F12hmt6sh_?entry=ttu&g_ep=EgoyMDI2MDgwNS4xIKXMDSoASAFQAw%3D%3D","4",,"Rodrigo Icaza Cornejo Manzana 139","false",,,"Parrillada Restaurant El Dorado Sauces 3","4.4",,"https://www.google.com/maps/search/?api=1&query=Parrillada%20Restaurant%20El%20Dorado%20Sauces%203&query_place_id=ChIJn_5E3DxtLZARRbNyMxnxLew",
"Rodrigo Icaza Cornejo Manzana 139, 090504 Guayaquil, Ecuador","Restaurante","Restaurante","17018523657442603845","Guayaquil","EC","0x902d6d3cdc44fe9f:0xec2df1193372b345",,"https://lh3.googleusercontent.com/gps-cs-s/AHRPTWmvm90GLRySCo4gUqKI_yhh6hrRUm1p03H_4PyufCCfD8b6v6-CDw1zrqgo2---n6Hr_d_g6er4FZP8idRvw6-nSk2UbtHS-0wnv6imvoQgsKgiBNsVbXsxY7ZQC8l44ZhqvzqHvw=w408-h395-k-no","false","false","/g/12hmt6sh_","es-419","0","-2.1281964","-79.8868048",,"Los Sauces",,"false","ChIJn_5E3DxtLZARRbNyMxnxLew","090504","$5-10","Hace 2 años","2024-03-25T21:52:27.388Z",,,,,,,,,,,,,,,,,,,,,,,,"ChdDSUhNMG9nS0VJQ0FnSUNEZ3NqdXZnRRAB",,,,,,,,"Google",,,"2",,,"1606","2026-08-08T17:32:25.309Z","Direct Detail URL: https://www.google.com/maps/place/Parrillada+Restaurant+El+Dorado+Sauces+3/@-2.1265971,-79.8975452,12.68z/data=!4m10!1m2!2m1!1sEl+Dorado!3m6!1s0x902d6d3cdc44fe9f:0xec2df1193372b345!8m2!3d-2.1281964!4d-79.8868048!15sCglFbCBEb3JhZG9aCyIJZWwgZG9yYWRvkgEKcmVzdGF1cmFudOABAA!16s%2Fg%2F12hmt6sh_?entry=ttu&g_ep=EgoyMDI2MDgwNS4xIKXMDSoASAFQAw%3D%3D","5",,"Rodrigo Icaza Cornejo Manzana 139","false",,,"Parrillada Restaurant El Dorado Sauces 3","4.4",,"https://www.google.com/maps/search/?api=1&query=Parrillada%20Restaurant%20El%20Dorado%20Sauces%203&query_place_id=ChIJn_5E3DxtLZARRbNyMxnxLew",
"Rodrigo Icaza Cornejo Manzana 139, 090504 Guayaquil, Ecuador","Restaurante","Restaurante","17018523657442603845","Guayaquil","EC","0x902d6d3cdc44fe9f:0xec2df1193372b345",,"https://lh3.googleusercontent.com/gps-cs-s/AHRPTWmvm90GLRySCo4gUqKI_yhh6hrRUm1p03H_4PyufCCfD8b6v6-CDw1zrqgo2---n6Hr_d_g6er4FZP8idRvw6-nSk2UbtHS-0wnv6imvoQgsKgiBNsVbXsxY7ZQC8l44ZhqvzqHvw=w408-h395-k-no","false","false","/g/12hmt6sh_","es-419","0","-2.1281964","-79.8868048",,"Los Sauces",,"false","ChIJn_5E3DxtLZARRbNyMxnxLew","090504","$5-10","Hace 2 años","2024-03-24T15:10:46.116Z",,,,,,,,,,,,,,,,,,,,,"5","4","4","ChZDSUhNMG9nS0VJQ0FnSUNEcEpUaVFnEAE",,,,,,,,"Google",,,"3",,,"1606","2026-08-08T17:32:25.309Z","Direct Detail URL: https://www.google.com/maps/place/Parrillada+Restaurant+El+Dorado+Sauces+3/@-2.1265971,-79.8975452,12.68z/data=!4m10!1m2!2m1!1sEl+Dorado!3m6!1s0x902d6d3cdc44fe9f:0xec2df1193372b345!8m2!3d-2.1281964!4d-79.8868048!15sCglFbCBEb3JhZG9aCyIJZWwgZG9yYWRvkgEKcmVzdGF1cmFudOABAA!16s%2Fg%2F12hmt6sh_?entry=ttu&g_ep=EgoyMDI2MDgwNS4xIKXMDSoASAFQAw%3D%3D","5",,"Rodrigo Icaza Cornejo Manzana 139","false",,,"Parrillada Restaurant El Dorado Sauces 3","4.4",,"https://www.google.com/maps/search/?api=1&query=Parrillada%20Restaurant%20El%20Dorado%20Sauces%203&query_place_id=ChIJn_5E3DxtLZARRbNyMxnxLew",
"Rodrigo Icaza Cornejo Manzana 139, 090504 Guayaquil, Ecuador","Restaurante","Restaurante","17018523657442603845","Guayaquil","EC","0x902d6d3cdc44fe9f:0xec2df1193372b345",,"https://lh3.googleusercontent.com/gps-cs-s/AHRPTWmvm90GLRySCo4gUqKI_yhh6hrRUm1p03H_4PyufCCfD8b6v6-CDw1zrqgo2---n6Hr_d_g6er4FZP8idRvw6-nSk2UbtHS-0wnv6imvoQgsKgiBNsVbXsxY7ZQC8l44ZhqvzqHvw=w408-h395-k-no","false","true","/g/12hmt6sh_","es-419","0","-2.1281964","-79.8868048",,"Los Sauces","es","false","ChIJn_5E3DxtLZARRbNyMxnxLew","090504","$5-10","Hace 2 años","2024-03-24T03:01:09.537Z",,,,,,,,,,,,,"$5-10",,,,,,"Almuerzo","Consumo en el lugar","4","5","5","ChZDSUhNMG9nS0VJQ0FnSUNEbU56bFRnEAE","https://lh3.googleusercontent.com/grass-cs/ACvplmM6IfkDdwKCGjBrMuTU-v4efpT_t1OlGqq2WAbnmpYAf4oks9kPIgc_AwEMjsK4Js3V4woQsPqQOivM7voYGUAjAMJUdB-HKuNwl3bRRdYC6lhgLCYMkweyjoNEWQXwW44PFoe0=k-no","https://lh3.googleusercontent.com/grass-cs/ACvplmMSjVBnep7oyy8Zl5qZmH5VbE5Cd0z5peYjixQQzu7Jziskbiq3noIjEteJj2tCpwkfidTHGkz9C_NAcYQU1FCROPL7XJ6R_4tNq78EIbUByHhFfsEISDP0Cc7wYJ4YHGrLhCRFoQ=k-no",,,,,,"Google",,,"22",,,"1606","2026-08-08T17:32:25.309Z","Direct Detail URL: https://www.google.com/maps/place/Parrillada+Restaurant+El+Dorado+Sauces+3/@-2.1265971,-79.8975452,12.68z/data=!4m10!1m2!2m1!1sEl+Dorado!3m6!1s0x902d6d3cdc44fe9f:0xec2df1193372b345!8m2!3d-2.1281964!4d-79.8868048!15sCglFbCBEb3JhZG9aCyIJZWwgZG9yYWRvkgEKcmVzdGF1cmFudOABAA!16s%2Fg%2F12hmt6sh_?entry=ttu&g_ep=EgoyMDI2MDgwNS4xIKXMDSoASAFQAw%3D%3D","5",,"Rodrigo Icaza Cornejo Manzana 139","false","Buena atención, la comida estuvo deliciosa 👍🏻",,"Parrillada Restaurant El Dorado Sauces 3","4.4",,"https://www.google.com/maps/search/?api=1&query=Parrillada%20Restaurant%20El%20Dorado%20Sauces%203&query_place_id=ChIJn_5E3DxtLZARRbNyMxnxLew",
"Rodrigo Icaza Cornejo Manzana 139, 090504 Guayaquil, Ecuador","Restaurante","Restaurante","17018523657442603845","Guayaquil","EC","0x902d6d3cdc44fe9f:0xec2df1193372b345",,"https://lh3.googleusercontent.com/gps-cs-s/AHRPTWmvm90GLRySCo4gUqKI_yhh6hrRUm1p03H_4PyufCCfD8b6v6-CDw1zrqgo2---n6Hr_d_g6er4FZP8idRvw6-nSk2UbtHS-0wnv6imvoQgsKgiBNsVbXsxY7ZQC8l44ZhqvzqHvw=w408-h395-k-no","false","true","/g/12hmt6sh_","es-419","0","-2.1281964","-79.8868048",,"Los Sauces","es","false","ChIJn_5E3DxtLZARRbNyMxnxLew","090504","$5-10","Hace 2 años","2024-03-23T03:35:07.556Z",,,,,,,,,,,,,"$5-10",,,,,,"Cena",,"4","4","4","ChdDSUhNMG9nS0VJQ0FnSUNEZ1B2RWl3RRAB",,,,,,,,"Google",,,"87",,,"1606","2026-08-08T17:32:25.309Z","Direct Detail URL: https://www.google.com/maps/place/Parrillada+Restaurant+El+Dorado+Sauces+3/@-2.1265971,-79.8975452,12.68z/data=!4m10!1m2!2m1!1sEl+Dorado!3m6!1s0x902d6d3cdc44fe9f:0xec2df1193372b345!8m2!3d-2.1281964!4d-79.8868048!15sCglFbCBEb3JhZG9aCyIJZWwgZG9yYWRvkgEKcmVzdGF1cmFudOABAA!16s%2Fg%2F12hmt6sh_?entry=ttu&g_ep=EgoyMDI2MDgwNS4xIKXMDSoASAFQAw%3D%3D","4",,"Rodrigo Icaza Cornejo Manzana 139","false","Buenas comida",,"Parrillada Restaurant El Dorado Sauces 3","4.4",,"https://www.google.com/maps/search/?api=1&query=Parrillada%20Restaurant%20El%20Dorado%20Sauces%203&query_place_id=ChIJn_5E3DxtLZARRbNyMxnxLew",
"Rodrigo Icaza Cornejo Manzana 139, 090504 Guayaquil, Ecuador","Restaurante","Restaurante","17018523657442603845","Guayaquil","EC","0x902d6d3cdc44fe9f:0xec2df1193372b345",,"https://lh3.googleusercontent.com/gps-cs-s/AHRPTWmvm90GLRySCo4gUqKI_yhh6hrRUm1p03H_4PyufCCfD8b6v6-CDw1zrqgo2---n6Hr_d_g6er4FZP8idRvw6-nSk2UbtHS-0wnv6imvoQgsKgiBNsVbXsxY7ZQC8l44ZhqvzqHvw=w408-h395-k-no","false","false","/g/12hmt6sh_","es-419","0","-2.1281964","-79.8868048",,"Los Sauces","es","false","ChIJn_5E3DxtLZARRbNyMxnxLew","090504","$5-10","Hace 2 años","2024-03-20T13:02:33.823Z",,,,,,,,,,,,,,,,,,,"Cena","Consumo en el lugar","5","5","5","ChdDSUhNMG9nS0VJQ0FnSUQ5dy1IUzFRRRAB",,,,,,,,"Google",,,"3",,,"1606","2026-08-08T17:32:25.309Z","Direct Detail URL: https://www.google.com/maps/place/Parrillada+Restaurant+El+Dorado+Sauces+3/@-2.1265971,-79.8975452,12.68z/data=!4m10!1m2!2m1!1sEl+Dorado!3m6!1s0x902d6d3cdc44fe9f:0xec2df1193372b345!8m2!3d-2.1281964!4d-79.8868048!15sCglFbCBEb3JhZG9aCyIJZWwgZG9yYWRvkgEKcmVzdGF1cmFudOABAA!16s%2Fg%2F12hmt6sh_?entry=ttu&g_ep=EgoyMDI2MDgwNS4xIKXMDSoASAFQAw%3D%3D","5",,"Rodrigo Icaza Cornejo Manzana 139","false","Recomendado",,"Parrillada Restaurant El Dorado Sauces 3","4.4",,"https://www.google.com/maps/search/?api=1&query=Parrillada%20Restaurant%20El%20Dorado%20Sauces%203&query_place_id=ChIJn_5E3DxtLZARRbNyMxnxLew",
"Rodrigo Icaza Cornejo Manzana 139, 090504 Guayaquil, Ecuador","Restaurante","Restaurante","17018523657442603845","Guayaquil","EC","0x902d6d3cdc44fe9f:0xec2df1193372b345",,"https://lh3.googleusercontent.com/gps-cs-s/AHRPTWmvm90GLRySCo4gUqKI_yhh6hrRUm1p03H_4PyufCCfD8b6v6-CDw1zrqgo2---n6Hr_d_g6er4FZP8idRvw6-nSk2UbtHS-0wnv6imvoQgsKgiBNsVbXsxY7ZQC8l44ZhqvzqHvw=w408-h395-k-no","false","true","/g/12hmt6sh_","es-419","0","-2.1281964","-79.8868048",,"Los Sauces",,"false","ChIJn_5E3DxtLZARRbNyMxnxLew","090504","$5-10","Hace 2 años","2024-03-19T00:46:53.724Z",,,,,,,,,,,,,,,,,,,,,"4","4","4","ChdDSUhNMG9nS0VJQ0FnSUQ5aGN2QnN3RRAB",,,,,,,,"Google",,,"61",,,"1606","2026-08-08T17:32:25.309Z","Direct Detail URL: https://www.google.com/maps/place/Parrillada+Restaurant+El+Dorado+Sauces+3/@-2.1265971,-79.8975452,12.68z/data=!4m10!1m2!2m1!1sEl+Dorado!3m6!1s0x902d6d3cdc44fe9f:0xec2df1193372b345!8m2!3d-2.1281964!4d-79.8868048!15sCglFbCBEb3JhZG9aCyIJZWwgZG9yYWRvkgEKcmVzdGF1cmFudOABAA!16s%2Fg%2F12hmt6sh_?entry=ttu&g_ep=EgoyMDI2MDgwNS4xIKXMDSoASAFQAw%3D%3D","4",,"Rodrigo Icaza Cornejo Manzana 139","false",,,"Parrillada Restaurant El Dorado Sauces 3","4.4",,"https://www.google.com/maps/search/?api=1&query=Parrillada%20Restaurant%20El%20Dorado%20Sauces%203&query_place_id=ChIJn_5E3DxtLZARRbNyMxnxLew",
"Rodrigo Icaza Cornejo Manzana 139, 090504 Guayaquil, Ecuador","Restaurante","Restaurante","17018523657442603845","Guayaquil","EC","0x902d6d3cdc44fe9f:0xec2df1193372b345",,"https://lh3.googleusercontent.com/gps-cs-s/AHRPTWmvm90GLRySCo4gUqKI_yhh6hrRUm1p03H_4PyufCCfD8b6v6-CDw1zrqgo2---n6Hr_d_g6er4FZP8idRvw6-nSk2UbtHS-0wnv6imvoQgsKgiBNsVbXsxY7ZQC8l44ZhqvzqHvw=w408-h395-k-no","false","true","/g/12hmt6sh_","es-419","0","-2.1281964","-79.8868048",,"Los Sauces",,"false","ChIJn_5E3DxtLZARRbNyMxnxLew","090504","$5-10","Hace 2 años","2024-03-08T16:23:12.794Z",,,,,,,,,,,"Moro Choclo Camarones Apanados, Costilla Arroz Y Menestra, Corvina Entera",,"$10-15",,,,,,"Cena","Consumo en el lugar","5","5","5","ChZDSUhNMG9nS0VJQ0FnSUM5M2ZLeUx3EAE",,,,,,,,"Google",,,"13",,,"1606","2026-08-08T17:32:25.309Z","Direct Detail URL: https://www.google.com/maps/place/Parrillada+Restaurant+El+Dorado+Sauces+3/@-2.1265971,-79.8975452,12.68z/data=!4m10!1m2!2m1!1sEl+Dorado!3m6!1s0x902d6d3cdc44fe9f:0xec2df1193372b345!8m2!3d-2.1281964!4d-79.8868048!15sCglFbCBEb3JhZG9aCyIJZWwgZG9yYWRvkgEKcmVzdGF1cmFudOABAA!16s%2Fg%2F12hmt6sh_?entry=ttu&g_ep=EgoyMDI2MDgwNS4xIKXMDSoASAFQAw%3D%3D","5",,"Rodrigo Icaza Cornejo Manzana 139","false",,,"Parrillada Restaurant El Dorado Sauces 3","4.4",,"https://www.google.com/maps/search/?api=1&query=Parrillada%20Restaurant%20El%20Dorado%20Sauces%203&query_place_id=ChIJn_5E3DxtLZARRbNyMxnxLew",
"Rodrigo Icaza Cornejo Manzana 139, 090504 Guayaquil, Ecuador","Restaurante","Restaurante","17018523657442603845","Guayaquil","EC","0x902d6d3cdc44fe9f:0xec2df1193372b345",,"https://lh3.googleusercontent.com/gps-cs-s/AHRPTWmvm90GLRySCo4gUqKI_yhh6hrRUm1p03H_4PyufCCfD8b6v6-CDw1zrqgo2---n6Hr_d_g6er4FZP8idRvw6-nSk2UbtHS-0wnv6imvoQgsKgiBNsVbXsxY7ZQC8l44ZhqvzqHvw=w408-h395-k-no","false","true","/g/12hmt6sh_","es-419","0","-2.1281964","-79.8868048",,"Los Sauces",,"false","ChIJn_5E3DxtLZARRbNyMxnxLew","090504","$5-10","Hace 2 años","2024-03-08T06:31:43.243Z",,,,,,,,,,,,,,,,,,,,,"3","5","3","ChZDSUhNMG9nS0VJQ0FnSUM5amNuRUl3EAE",,,,,,,,"Google",,,"36",,,"1606","2026-08-08T17:32:25.309Z","Direct Detail URL: https://www.google.com/maps/place/Parrillada+Restaurant+El+Dorado+Sauces+3/@-2.1265971,-79.8975452,12.68z/data=!4m10!1m2!2m1!1sEl+Dorado!3m6!1s0x902d6d3cdc44fe9f:0xec2df1193372b345!8m2!3d-2.1281964!4d-79.8868048!15sCglFbCBEb3JhZG9aCyIJZWwgZG9yYWRvkgEKcmVzdGF1cmFudOABAA!16s%2Fg%2F12hmt6sh_?entry=ttu&g_ep=EgoyMDI2MDgwNS4xIKXMDSoASAFQAw%3D%3D","5",,"Rodrigo Icaza Cornejo Manzana 139","false",,,"Parrillada Restaurant El Dorado Sauces 3","4.4",,"https://www.google.com/maps/search/?api=1&query=Parrillada%20Restaurant%20El%20Dorado%20Sauces%203&query_place_id=ChIJn_5E3DxtLZARRbNyMxnxLew",
"Rodrigo Icaza Cornejo Manzana 139, 090504 Guayaquil, Ecuador","Restaurante","Restaurante","17018523657442603845","Guayaquil","EC","0x902d6d3cdc44fe9f:0xec2df1193372b345",,"https://lh3.googleusercontent.com/gps-cs-s/AHRPTWmvm90GLRySCo4gUqKI_yhh6hrRUm1p03H_4PyufCCfD8b6v6-CDw1zrqgo2---n6Hr_d_g6er4FZP8idRvw6-nSk2UbtHS-0wnv6imvoQgsKgiBNsVbXsxY7ZQC8l44ZhqvzqHvw=w408-h395-k-no","false","true","/g/12hmt6sh_","es-419","0","-2.1281964","-79.8868048",,"Los Sauces",,"false","ChIJn_5E3DxtLZARRbNyMxnxLew","090504","$5-10","Hace 2 años","2024-03-05T23:47:31.452Z",,,,,,,,,,,,,,,,,,,,,,,,"ChdDSUhNMG9nS0VJQ0FnSUM5bnVMNjBRRRAB",,,,,,,,"Google",,,"14",,,"1606","2026-08-08T17:32:25.309Z","Direct Detail URL: https://www.google.com/maps/place/Parrillada+Restaurant+El+Dorado+Sauces+3/@-2.1265971,-79.8975452,12.68z/data=!4m10!1m2!2m1!1sEl+Dorado!3m6!1s0x902d6d3cdc44fe9f:0xec2df1193372b345!8m2!3d-2.1281964!4d-79.8868048!15sCglFbCBEb3JhZG9aCyIJZWwgZG9yYWRvkgEKcmVzdGF1cmFudOABAA!16s%2Fg%2F12hmt6sh_?entry=ttu&g_ep=EgoyMDI2MDgwNS4xIKXMDSoASAFQAw%3D%3D","5",,"Rodrigo Icaza Cornejo Manzana 139","false",,,"Parrillada Restaurant El Dorado Sauces 3","4.4",,"https://www.google.com/maps/search/?api=1&query=Parrillada%20Restaurant%20El%20Dorado%20Sauces%203&query_place_id=ChIJn_5E3DxtLZARRbNyMxnxLew",
"Rodrigo Icaza Cornejo Manzana 139, 090504 Guayaquil, Ecuador","Restaurante","Restaurante","17018523657442603845","Guayaquil","EC","0x902d6d3cdc44fe9f:0xec2df1193372b345",,"https://lh3.googleusercontent.com/gps-cs-s/AHRPTWmvm90GLRySCo4gUqKI_yhh6hrRUm1p03H_4PyufCCfD8b6v6-CDw1zrqgo2---n6Hr_d_g6er4FZP8idRvw6-nSk2UbtHS-0wnv6imvoQgsKgiBNsVbXsxY7ZQC8l44ZhqvzqHvw=w408-h395-k-no","false","true","/g/12hmt6sh_","es-419","0","-2.1281964","-79.8868048",,"Los Sauces",,"false","ChIJn_5E3DxtLZARRbNyMxnxLew","090504","$5-10","Hace 2 años","2024-03-01T19:29:34.160Z",,,,,,,,,,,,,,,,,,,,,,,,"ChdDSUhNMG9nS0VJQ0FnSUM5LUk3OHRBRRAB",,,,,,,,"Google",,,"2",,,"1606","2026-08-08T17:32:25.309Z","Direct Detail URL: https://www.google.com/maps/place/Parrillada+Restaurant+El+Dorado+Sauces+3/@-2.1265971,-79.8975452,12.68z/data=!4m10!1m2!2m1!1sEl+Dorado!3m6!1s0x902d6d3cdc44fe9f:0xec2df1193372b345!8m2!3d-2.1281964!4d-79.8868048!15sCglFbCBEb3JhZG9aCyIJZWwgZG9yYWRvkgEKcmVzdGF1cmFudOABAA!16s%2Fg%2F12hmt6sh_?entry=ttu&g_ep=EgoyMDI2MDgwNS4xIKXMDSoASAFQAw%3D%3D","5",,"Rodrigo Icaza Cornejo Manzana 139","false",,,"Parrillada Restaurant El Dorado Sauces 3","4.4",,"https://www.google.com/maps/search/?api=1&query=Parrillada%20Restaurant%20El%20Dorado%20Sauces%203&query_place_id=ChIJn_5E3DxtLZARRbNyMxnxLew",
"Rodrigo Icaza Cornejo Manzana 139, 090504 Guayaquil, Ecuador","Restaurante","Restaurante","17018523657442603845","Guayaquil","EC","0x902d6d3cdc44fe9f:0xec2df1193372b345",,"https://lh3.googleusercontent.com/gps-cs-s/AHRPTWmvm90GLRySCo4gUqKI_yhh6hrRUm1p03H_4PyufCCfD8b6v6-CDw1zrqgo2---n6Hr_d_g6er4FZP8idRvw6-nSk2UbtHS-0wnv6imvoQgsKgiBNsVbXsxY7ZQC8l44ZhqvzqHvw=w408-h395-k-no","false","true","/g/12hmt6sh_","es-419","0","-2.1281964","-79.8868048",,"Los Sauces",,"false","ChIJn_5E3DxtLZARRbNyMxnxLew","090504","$5-10","Hace 2 años","2024-02-27T16:02:32.217Z",,,,,,,,,,,,,,,,,,,,,"3","3","4","ChdDSUhNMG9nS0VJQ0FnSURkMl91MzhBRRAB",,,,,,,,"Google",,,"3",,,"1606","2026-08-08T17:32:25.309Z","Direct Detail URL: https://www.google.com/maps/place/Parrillada+Restaurant+El+Dorado+Sauces+3/@-2.1265971,-79.8975452,12.68z/data=!4m10!1m2!2m1!1sEl+Dorado!3m6!1s0x902d6d3cdc44fe9f:0xec2df1193372b345!8m2!3d-2.1281964!4d-79.8868048!15sCglFbCBEb3JhZG9aCyIJZWwgZG9yYWRvkgEKcmVzdGF1cmFudOABAA!16s%2Fg%2F12hmt6sh_?entry=ttu&g_ep=EgoyMDI2MDgwNS4xIKXMDSoASAFQAw%3D%3D","3",,"Rodrigo Icaza Cornejo Manzana 139","false",,,"Parrillada Restaurant El Dorado Sauces 3","4.4",,"https://www.google.com/maps/search/?api=1&query=Parrillada%20Restaurant%20El%20Dorado%20Sauces%203&query_place_id=ChIJn_5E3DxtLZARRbNyMxnxLew",
"Rodrigo Icaza Cornejo Manzana 139, 090504 Guayaquil, Ecuador","Restaurante","Restaurante","17018523657442603845","Guayaquil","EC","0x902d6d3cdc44fe9f:0xec2df1193372b345",,"https://lh3.googleusercontent.com/gps-cs-s/AHRPTWmvm90GLRySCo4gUqKI_yhh6hrRUm1p03H_4PyufCCfD8b6v6-CDw1zrqgo2---n6Hr_d_g6er4FZP8idRvw6-nSk2UbtHS-0wnv6imvoQgsKgiBNsVbXsxY7ZQC8l44ZhqvzqHvw=w408-h395-k-no","false","true","/g/12hmt6sh_","es-419","0","-2.1281964","-79.8868048",,"Los Sauces",,"false","ChIJn_5E3DxtLZARRbNyMxnxLew","090504","$5-10","Editado Hace 2 años","2024-02-22T12:15:58.700Z",,,,,,,,,,,,,,,,,,,,,,,,"ChdDSUhNMG9nS0VJQ0FnSURzdE9XUi13RRAB",,,,,,,,"Google",,,"37",,,"1606","2026-08-08T17:32:25.309Z","Direct Detail URL: https://www.google.com/maps/place/Parrillada+Restaurant+El+Dorado+Sauces+3/@-2.1265971,-79.8975452,12.68z/data=!4m10!1m2!2m1!1sEl+Dorado!3m6!1s0x902d6d3cdc44fe9f:0xec2df1193372b345!8m2!3d-2.1281964!4d-79.8868048!15sCglFbCBEb3JhZG9aCyIJZWwgZG9yYWRvkgEKcmVzdGF1cmFudOABAA!16s%2Fg%2F12hmt6sh_?entry=ttu&g_ep=EgoyMDI2MDgwNS4xIKXMDSoASAFQAw%3D%3D","5",,"Rodrigo Icaza Cornejo Manzana 139","false",,,"Parrillada Restaurant El Dorado Sauces 3","4.4",,"https://www.google.com/maps/search/?api=1&query=Parrillada%20Restaurant%20El%20Dorado%20Sauces%203&query_place_id=ChIJn_5E3DxtLZARRbNyMxnxLew",
"Rodrigo Icaza Cornejo Manzana 139, 090504 Guayaquil, Ecuador","Restaurante","Restaurante","17018523657442603845","Guayaquil","EC","0x902d6d3cdc44fe9f:0xec2df1193372b345",,"https://lh3.googleusercontent.com/gps-cs-s/AHRPTWmvm90GLRySCo4gUqKI_yhh6hrRUm1p03H_4PyufCCfD8b6v6-CDw1zrqgo2---n6Hr_d_g6er4FZP8idRvw6-nSk2UbtHS-0wnv6imvoQgsKgiBNsVbXsxY7ZQC8l44ZhqvzqHvw=w408-h395-k-no","false","false","/g/12hmt6sh_","es-419","0","-2.1281964","-79.8868048",,"Los Sauces",,"false","ChIJn_5E3DxtLZARRbNyMxnxLew","090504","$5-10","Hace 2 años","2024-02-19T20:09:58.342Z",,,,,,,,,,,,,,,,,,,,,,,,"ChdDSUhNMG9nS0VJQ0FnSUNkdjd5WjVnRRAB",,,,,,,,"Google",,,"0",,,"1606","2026-08-08T17:32:25.309Z","Direct Detail URL: https://www.google.com/maps/place/Parrillada+Restaurant+El+Dorado+Sauces+3/@-2.1265971,-79.8975452,12.68z/data=!4m10!1m2!2m1!1sEl+Dorado!3m6!1s0x902d6d3cdc44fe9f:0xec2df1193372b345!8m2!3d-2.1281964!4d-79.8868048!15sCglFbCBEb3JhZG9aCyIJZWwgZG9yYWRvkgEKcmVzdGF1cmFudOABAA!16s%2Fg%2F12hmt6sh_?entry=ttu&g_ep=EgoyMDI2MDgwNS4xIKXMDSoASAFQAw%3D%3D","5",,"Rodrigo Icaza Cornejo Manzana 139","false",,,"Parrillada Restaurant El Dorado Sauces 3","4.4",,"https://www.google.com/maps/search/?api=1&query=Parrillada%20Restaurant%20El%20Dorado%20Sauces%203&query_place_id=ChIJn_5E3DxtLZARRbNyMxnxLew",
"Rodrigo Icaza Cornejo Manzana 139, 090504 Guayaquil, Ecuador","Restaurante","Restaurante","17018523657442603845","Guayaquil","EC","0x902d6d3cdc44fe9f:0xec2df1193372b345",,"https://lh3.googleusercontent.com/gps-cs-s/AHRPTWmvm90GLRySCo4gUqKI_yhh6hrRUm1p03H_4PyufCCfD8b6v6-CDw1zrqgo2---n6Hr_d_g6er4FZP8idRvw6-nSk2UbtHS-0wnv6imvoQgsKgiBNsVbXsxY7ZQC8l44ZhqvzqHvw=w408-h395-k-no","false","false","/g/12hmt6sh_","es-419","0","-2.1281964","-79.8868048",,"Los Sauces","es","false","ChIJn_5E3DxtLZARRbNyMxnxLew","090504","$5-10","Hace 2 años","2024-02-19T03:03:23.313Z",,,,,,,,,,,,,,,,,,,,"Consumo en el lugar","5","5","5","ChZDSUhNMG9nS0VJQ0FnSUNkNV91R1RBEAE",,,,,,,,"Google",,,"6",,,"1606","2026-08-08T17:32:25.309Z","Direct Detail URL: https://www.google.com/maps/place/Parrillada+Restaurant+El+Dorado+Sauces+3/@-2.1265971,-79.8975452,12.68z/data=!4m10!1m2!2m1!1sEl+Dorado!3m6!1s0x902d6d3cdc44fe9f:0xec2df1193372b345!8m2!3d-2.1281964!4d-79.8868048!15sCglFbCBEb3JhZG9aCyIJZWwgZG9yYWRvkgEKcmVzdGF1cmFudOABAA!16s%2Fg%2F12hmt6sh_?entry=ttu&g_ep=EgoyMDI2MDgwNS4xIKXMDSoASAFQAw%3D%3D","5",,"Rodrigo Icaza Cornejo Manzana 139","false","Buena experiencia",,"Parrillada Restaurant El Dorado Sauces 3","4.4",,"https://www.google.com/maps/search/?api=1&query=Parrillada%20Restaurant%20El%20Dorado%20Sauces%203&query_place_id=ChIJn_5E3DxtLZARRbNyMxnxLew",
"Rodrigo Icaza Cornejo Manzana 139, 090504 Guayaquil, Ecuador","Restaurante","Restaurante","17018523657442603845","Guayaquil","EC","0x902d6d3cdc44fe9f:0xec2df1193372b345",,"https://lh3.googleusercontent.com/gps-cs-s/AHRPTWmvm90GLRySCo4gUqKI_yhh6hrRUm1p03H_4PyufCCfD8b6v6-CDw1zrqgo2---n6Hr_d_g6er4FZP8idRvw6-nSk2UbtHS-0wnv6imvoQgsKgiBNsVbXsxY7ZQC8l44ZhqvzqHvw=w408-h395-k-no","false","true","/g/12hmt6sh_","es-419","0","-2.1281964","-79.8868048",,"Los Sauces","es","false","ChIJn_5E3DxtLZARRbNyMxnxLew","090504","$5-10","Hace 2 años","2024-02-18T03:23:52.101Z",,,,,,,,,,,,,"$25-30",,,,,,"Cena","Consumo en el lugar","4","4","4","ChdDSUhNMG9nS0VJQ0FnSUNkMDRXSmtnRRAB",,,,,,,,"Google",,,"59",,,"1606","2026-08-08T17:32:25.309Z","Direct Detail URL: https://www.google.com/maps/place/Parrillada+Restaurant+El+Dorado+Sauces+3/@-2.1265971,-79.8975452,12.68z/data=!4m10!1m2!2m1!1sEl+Dorado!3m6!1s0x902d6d3cdc44fe9f:0xec2df1193372b345!8m2!3d-2.1281964!4d-79.8868048!15sCglFbCBEb3JhZG9aCyIJZWwgZG9yYWRvkgEKcmVzdGF1cmFudOABAA!16s%2Fg%2F12hmt6sh_?entry=ttu&g_ep=EgoyMDI2MDgwNS4xIKXMDSoASAFQAw%3D%3D","4",,"Rodrigo Icaza Cornejo Manzana 139","false","Tiene como oportunidad de mejora, que el personal sea más atento,que las mesas estén limpias cuando llegue el cliente, y tratar de no demorar tanto para servir.",,"Parrillada Restaurant El Dorado Sauces 3","4.4",,"https://www.google.com/maps/search/?api=1&query=Parrillada%20Restaurant%20El%20Dorado%20Sauces%203&query_place_id=ChIJn_5E3DxtLZARRbNyMxnxLew",
"Rodrigo Icaza Cornejo Manzana 139, 090504 Guayaquil, Ecuador","Restaurante","Restaurante","17018523657442603845","Guayaquil","EC","0x902d6d3cdc44fe9f:0xec2df1193372b345",,"https://lh3.googleusercontent.com/gps-cs-s/AHRPTWmvm90GLRySCo4gUqKI_yhh6hrRUm1p03H_4PyufCCfD8b6v6-CDw1zrqgo2---n6Hr_d_g6er4FZP8idRvw6-nSk2UbtHS-0wnv6imvoQgsKgiBNsVbXsxY7ZQC8l44ZhqvzqHvw=w408-h395-k-no","false","true","/g/12hmt6sh_","es-419","0","-2.1281964","-79.8868048",,"Los Sauces","es","false","ChIJn_5E3DxtLZARRbNyMxnxLew","090504","$5-10","Editado Hace 2 años","2024-02-15T04:13:15.844Z",,,,,,,,,,,,,,,,,,,,,"5","5","5","ChdDSUhNMG9nS0VJQ0FnSUNZMDgzTHpnRRAB",,,,,,,,"Google",,,"10",,,"1606","2026-08-08T17:32:25.309Z","Direct Detail URL: https://www.google.com/maps/place/Parrillada+Restaurant+El+Dorado+Sauces+3/@-2.1265971,-79.8975452,12.68z/data=!4m10!1m2!2m1!1sEl+Dorado!3m6!1s0x902d6d3cdc44fe9f:0xec2df1193372b345!8m2!3d-2.1281964!4d-79.8868048!15sCglFbCBEb3JhZG9aCyIJZWwgZG9yYWRvkgEKcmVzdGF1cmFudOABAA!16s%2Fg%2F12hmt6sh_?entry=ttu&g_ep=EgoyMDI2MDgwNS4xIKXMDSoASAFQAw%3D%3D","5",,"Rodrigo Icaza Cornejo Manzana 139","false","Exquisito!!",,"Parrillada Restaurant El Dorado Sauces 3","4.4",,"https://www.google.com/maps/search/?api=1&query=Parrillada%20Restaurant%20El%20Dorado%20Sauces%203&query_place_id=ChIJn_5E3DxtLZARRbNyMxnxLew",
"Rodrigo Icaza Cornejo Manzana 139, 090504 Guayaquil, Ecuador","Restaurante","Restaurante","17018523657442603845","Guayaquil","EC","0x902d6d3cdc44fe9f:0xec2df1193372b345",,"https://lh3.googleusercontent.com/gps-cs-s/AHRPTWmvm90GLRySCo4gUqKI_yhh6hrRUm1p03H_4PyufCCfD8b6v6-CDw1zrqgo2---n6Hr_d_g6er4FZP8idRvw6-nSk2UbtHS-0wnv6imvoQgsKgiBNsVbXsxY7ZQC8l44ZhqvzqHvw=w408-h395-k-no","false","false","/g/12hmt6sh_","es-419","0","-2.1281964","-79.8868048",,"Los Sauces",,"false","ChIJn_5E3DxtLZARRbNyMxnxLew","090504","$5-10","Hace 2 años","2024-02-11T23:08:00.831Z",,,,,,,,,,,,,,,,,,,,,"5","5","5","ChZDSUhNMG9nS0VJQ0FnSUNkeExpYU1nEAE",,,,,,,,"Google",,,"0",,,"1606","2026-08-08T17:32:25.309Z","Direct Detail URL: https://www.google.com/maps/place/Parrillada+Restaurant+El+Dorado+Sauces+3/@-2.1265971,-79.8975452,12.68z/data=!4m10!1m2!2m1!1sEl+Dorado!3m6!1s0x902d6d3cdc44fe9f:0xec2df1193372b345!8m2!3d-2.1281964!4d-79.8868048!15sCglFbCBEb3JhZG9aCyIJZWwgZG9yYWRvkgEKcmVzdGF1cmFudOABAA!16s%2Fg%2F12hmt6sh_?entry=ttu&g_ep=EgoyMDI2MDgwNS4xIKXMDSoASAFQAw%3D%3D","5",,"Rodrigo Icaza Cornejo Manzana 139","false",,,"Parrillada Restaurant El Dorado Sauces 3","4.4",,"https://www.google.com/maps/search/?api=1&query=Parrillada%20Restaurant%20El%20Dorado%20Sauces%203&query_place_id=ChIJn_5E3DxtLZARRbNyMxnxLew",
"Rodrigo Icaza Cornejo Manzana 139, 090504 Guayaquil, Ecuador","Restaurante","Restaurante","17018523657442603845","Guayaquil","EC","0x902d6d3cdc44fe9f:0xec2df1193372b345",,"https://lh3.googleusercontent.com/gps-cs-s/AHRPTWmvm90GLRySCo4gUqKI_yhh6hrRUm1p03H_4PyufCCfD8b6v6-CDw1zrqgo2---n6Hr_d_g6er4FZP8idRvw6-nSk2UbtHS-0wnv6imvoQgsKgiBNsVbXsxY7ZQC8l44ZhqvzqHvw=w408-h395-k-no","false","false","/g/12hmt6sh_","es-419","0","-2.1281964","-79.8868048",,"Los Sauces",,"false","ChIJn_5E3DxtLZARRbNyMxnxLew","090504","$5-10","Hace 2 años","2024-02-11T13:21:22.011Z",,,,,,,,,,,,,,,,,,,,,"5","5","5","ChZDSUhNMG9nS0VJQ0FnSUNkdUphYk5REAE",,,,,,,,"Google",,,"1",,,"1606","2026-08-08T17:32:25.309Z","Direct Detail URL: https://www.google.com/maps/place/Parrillada+Restaurant+El+Dorado+Sauces+3/@-2.1265971,-79.8975452,12.68z/data=!4m10!1m2!2m1!1sEl+Dorado!3m6!1s0x902d6d3cdc44fe9f:0xec2df1193372b345!8m2!3d-2.1281964!4d-79.8868048!15sCglFbCBEb3JhZG9aCyIJZWwgZG9yYWRvkgEKcmVzdGF1cmFudOABAA!16s%2Fg%2F12hmt6sh_?entry=ttu&g_ep=EgoyMDI2MDgwNS4xIKXMDSoASAFQAw%3D%3D","5",,"Rodrigo Icaza Cornejo Manzana 139","false",,,"Parrillada Restaurant El Dorado Sauces 3","4.4",,"https://www.google.com/maps/search/?api=1&query=Parrillada%20Restaurant%20El%20Dorado%20Sauces%203&query_place_id=ChIJn_5E3DxtLZARRbNyMxnxLew",
"Rodrigo Icaza Cornejo Manzana 139, 090504 Guayaquil, Ecuador","Restaurante","Restaurante","17018523657442603845","Guayaquil","EC","0x902d6d3cdc44fe9f:0xec2df1193372b345",,"https://lh3.googleusercontent.com/gps-cs-s/AHRPTWmvm90GLRySCo4gUqKI_yhh6hrRUm1p03H_4PyufCCfD8b6v6-CDw1zrqgo2---n6Hr_d_g6er4FZP8idRvw6-nSk2UbtHS-0wnv6imvoQgsKgiBNsVbXsxY7ZQC8l44ZhqvzqHvw=w408-h395-k-no","false","true","/g/12hmt6sh_","es-419","0","-2.1281964","-79.8868048",,"Los Sauces","es","false","ChIJn_5E3DxtLZARRbNyMxnxLew","090504","$5-10","Hace 2 años","2024-02-11T05:00:40.855Z",,,,,,"Es un poco difícil encontrar estacionamiento",,,,"Estacionamiento pagado en la calle","Arroz Con Menestra Y Filete de Pescado, Moro Choclo Camarones Apanados",,"$5-10",,,,,,"Almuerzo","Consumo en el lugar","4","5","5","ChZDSUhNMG9nS0VJQ0FnSUNkNkkzVmJBEAE",,,,,,,,"Google",,,"9",,,"1606","2026-08-08T17:32:25.309Z","Direct Detail URL: https://www.google.com/maps/place/Parrillada+Restaurant+El+Dorado+Sauces+3/@-2.1265971,-79.8975452,12.68z/data=!4m10!1m2!2m1!1sEl+Dorado!3m6!1s0x902d6d3cdc44fe9f:0xec2df1193372b345!8m2!3d-2.1281964!4d-79.8868048!15sCglFbCBEb3JhZG9aCyIJZWwgZG9yYWRvkgEKcmVzdGF1cmFudOABAA!16s%2Fg%2F12hmt6sh_?entry=ttu&g_ep=EgoyMDI2MDgwNS4xIKXMDSoASAFQAw%3D%3D","5",,"Rodrigo Icaza Cornejo Manzana 139","false","Un poco caluroso",,"Parrillada Restaurant El Dorado Sauces 3","4.4",,"https://www.google.com/maps/search/?api=1&query=Parrillada%20Restaurant%20El%20Dorado%20Sauces%203&query_place_id=ChIJn_5E3DxtLZARRbNyMxnxLew",
"Rodrigo Icaza Cornejo Manzana 139, 090504 Guayaquil, Ecuador","Restaurante","Restaurante","17018523657442603845","Guayaquil","EC","0x902d6d3cdc44fe9f:0xec2df1193372b345",,"https://lh3.googleusercontent.com/gps-cs-s/AHRPTWmvm90GLRySCo4gUqKI_yhh6hrRUm1p03H_4PyufCCfD8b6v6-CDw1zrqgo2---n6Hr_d_g6er4FZP8idRvw6-nSk2UbtHS-0wnv6imvoQgsKgiBNsVbXsxY7ZQC8l44ZhqvzqHvw=w408-h395-k-no","false","true","/g/12hmt6sh_","es-419","0","-2.1281964","-79.8868048",,"Los Sauces",,"false","ChIJn_5E3DxtLZARRbNyMxnxLew","090504","$5-10","Hace 2 años","2024-02-10T19:57:15.813Z",,,,,,,,,,,,,,,,,,,,,,,,"ChdDSUhNMG9nS0VJQ0FnSUNkeU9QR19nRRAB",,,,,,,,"Google",,,"2",,,"1606","2026-08-08T17:32:25.309Z","Direct Detail URL: https://www.google.com/maps/place/Parrillada+Restaurant+El+Dorado+Sauces+3/@-2.1265971,-79.8975452,12.68z/data=!4m10!1m2!2m1!1sEl+Dorado!3m6!1s0x902d6d3cdc44fe9f:0xec2df1193372b345!8m2!3d-2.1281964!4d-79.8868048!15sCglFbCBEb3JhZG9aCyIJZWwgZG9yYWRvkgEKcmVzdGF1cmFudOABAA!16s%2Fg%2F12hmt6sh_?entry=ttu&g_ep=EgoyMDI2MDgwNS4xIKXMDSoASAFQAw%3D%3D","5",,"Rodrigo Icaza Cornejo Manzana 139","false",,,"Parrillada Restaurant El Dorado Sauces 3","4.4",,"https://www.google.com/maps/search/?api=1&query=Parrillada%20Restaurant%20El%20Dorado%20Sauces%203&query_place_id=ChIJn_5E3DxtLZARRbNyMxnxLew",
"Rodrigo Icaza Cornejo Manzana 139, 090504 Guayaquil, Ecuador","Restaurante","Restaurante","17018523657442603845","Guayaquil","EC","0x902d6d3cdc44fe9f:0xec2df1193372b345",,"https://lh3.googleusercontent.com/gps-cs-s/AHRPTWmvm90GLRySCo4gUqKI_yhh6hrRUm1p03H_4PyufCCfD8b6v6-CDw1zrqgo2---n6Hr_d_g6er4FZP8idRvw6-nSk2UbtHS-0wnv6imvoQgsKgiBNsVbXsxY7ZQC8l44ZhqvzqHvw=w408-h395-k-no","false","true","/g/12hmt6sh_","es-419","0","-2.1281964","-79.8868048",,"Los Sauces",,"false","ChIJn_5E3DxtLZARRbNyMxnxLew","090504","$5-10","Hace 2 años","2024-02-06T01:01:27.776Z",,,,,,,,,,,,,,,,,,,,,,,,"ChZDSUhNMG9nS0VJQ0FnSUR0bGUybExBEAE",,,,,,,,"Google",,,"9",,,"1606","2026-08-08T17:32:25.309Z","Direct Detail URL: https://www.google.com/maps/place/Parrillada+Restaurant+El+Dorado+Sauces+3/@-2.1265971,-79.8975452,12.68z/data=!4m10!1m2!2m1!1sEl+Dorado!3m6!1s0x902d6d3cdc44fe9f:0xec2df1193372b345!8m2!3d-2.1281964!4d-79.8868048!15sCglFbCBEb3JhZG9aCyIJZWwgZG9yYWRvkgEKcmVzdGF1cmFudOABAA!16s%2Fg%2F12hmt6sh_?entry=ttu&g_ep=EgoyMDI2MDgwNS4xIKXMDSoASAFQAw%3D%3D","3",,"Rodrigo Icaza Cornejo Manzana 139","false",,,"Parrillada Restaurant El Dorado Sauces 3","4.4",,"https://www.google.com/maps/search/?api=1&query=Parrillada%20Restaurant%20El%20Dorado%20Sauces%203&query_place_id=ChIJn_5E3DxtLZARRbNyMxnxLew",
"Rodrigo Icaza Cornejo Manzana 139, 090504 Guayaquil, Ecuador","Restaurante","Restaurante","17018523657442603845","Guayaquil","EC","0x902d6d3cdc44fe9f:0xec2df1193372b345",,"https://lh3.googleusercontent.com/gps-cs-s/AHRPTWmvm90GLRySCo4gUqKI_yhh6hrRUm1p03H_4PyufCCfD8b6v6-CDw1zrqgo2---n6Hr_d_g6er4FZP8idRvw6-nSk2UbtHS-0wnv6imvoQgsKgiBNsVbXsxY7ZQC8l44ZhqvzqHvw=w408-h395-k-no","false","true","/g/12hmt6sh_","es-419","0","-2.1281964","-79.8868048",,"Los Sauces",,"false","ChIJn_5E3DxtLZARRbNyMxnxLew","090504","$5-10","Hace 2 años","2024-02-05T03:26:33.511Z",,,,,,,,,,,,,,,,,,,,,,,,"ChdDSUhNMG9nS0VJQ0FnSUR0NGZhTnpBRRAB",,,,,,,,"Google",,,"14",,,"1606","2026-08-08T17:32:25.309Z","Direct Detail URL: https://www.google.com/maps/place/Parrillada+Restaurant+El+Dorado+Sauces+3/@-2.1265971,-79.8975452,12.68z/data=!4m10!1m2!2m1!1sEl+Dorado!3m6!1s0x902d6d3cdc44fe9f:0xec2df1193372b345!8m2!3d-2.1281964!4d-79.8868048!15sCglFbCBEb3JhZG9aCyIJZWwgZG9yYWRvkgEKcmVzdGF1cmFudOABAA!16s%2Fg%2F12hmt6sh_?entry=ttu&g_ep=EgoyMDI2MDgwNS4xIKXMDSoASAFQAw%3D%3D","5",,"Rodrigo Icaza Cornejo Manzana 139","false",,,"Parrillada Restaurant El Dorado Sauces 3","4.4",,"https://www.google.com/maps/search/?api=1&query=Parrillada%20Restaurant%20El%20Dorado%20Sauces%203&query_place_id=ChIJn_5E3DxtLZARRbNyMxnxLew",
"Rodrigo Icaza Cornejo Manzana 139, 090504 Guayaquil, Ecuador","Restaurante","Restaurante","17018523657442603845","Guayaquil","EC","0x902d6d3cdc44fe9f:0xec2df1193372b345",,"https://lh3.googleusercontent.com/gps-cs-s/AHRPTWmvm90GLRySCo4gUqKI_yhh6hrRUm1p03H_4PyufCCfD8b6v6-CDw1zrqgo2---n6Hr_d_g6er4FZP8idRvw6-nSk2UbtHS-0wnv6imvoQgsKgiBNsVbXsxY7ZQC8l44ZhqvzqHvw=w408-h395-k-no","false","true","/g/12hmt6sh_","es-419","0","-2.1281964","-79.8868048",,"Los Sauces","es","false","ChIJn_5E3DxtLZARRbNyMxnxLew","090504","$5-10","Hace 2 años","2024-02-02T03:27:02.965Z",,,,,,,,,,,,,,,,,,,,,"5","5","5","ChZDSUhNMG9nS0VJQ0FnSUR0MExfMGRnEAE",,,,,,,,"Google",,,"116",,,"1606","2026-08-08T17:32:25.309Z","Direct Detail URL: https://www.google.com/maps/place/Parrillada+Restaurant+El+Dorado+Sauces+3/@-2.1265971,-79.8975452,12.68z/data=!4m10!1m2!2m1!1sEl+Dorado!3m6!1s0x902d6d3cdc44fe9f:0xec2df1193372b345!8m2!3d-2.1281964!4d-79.8868048!15sCglFbCBEb3JhZG9aCyIJZWwgZG9yYWRvkgEKcmVzdGF1cmFudOABAA!16s%2Fg%2F12hmt6sh_?entry=ttu&g_ep=EgoyMDI2MDgwNS4xIKXMDSoASAFQAw%3D%3D","5",,"Rodrigo Icaza Cornejo Manzana 139","false","Muy bonito y limpio",,"Parrillada Restaurant El Dorado Sauces 3","4.4",,"https://www.google.com/maps/search/?api=1&query=Parrillada%20Restaurant%20El%20Dorado%20Sauces%203&query_place_id=ChIJn_5E3DxtLZARRbNyMxnxLew",
"Rodrigo Icaza Cornejo Manzana 139, 090504 Guayaquil, Ecuador","Restaurante","Restaurante","17018523657442603845","Guayaquil","EC","0x902d6d3cdc44fe9f:0xec2df1193372b345",,"https://lh3.googleusercontent.com/gps-cs-s/AHRPTWmvm90GLRySCo4gUqKI_yhh6hrRUm1p03H_4PyufCCfD8b6v6-CDw1zrqgo2---n6Hr_d_g6er4FZP8idRvw6-nSk2UbtHS-0wnv6imvoQgsKgiBNsVbXsxY7ZQC8l44ZhqvzqHvw=w408-h395-k-no","false","true","/g/12hmt6sh_","es-419","0","-2.1281964","-79.8868048",,"Los Sauces",,"false","ChIJn_5E3DxtLZARRbNyMxnxLew","090504","$5-10","Hace 2 años","2024-02-01T22:24:18.788Z",,,,,,,,,,,,,,,,,,,,,"4","4","4","ChdDSUhNMG9nS0VJQ0FnSUR0d01HSGtRRRAB",,,,,,,,"Google",,,"7",,,"1606","2026-08-08T17:32:25.309Z","Direct Detail URL: https://www.google.com/maps/place/Parrillada+Restaurant+El+Dorado+Sauces+3/@-2.1265971,-79.8975452,12.68z/data=!4m10!1m2!2m1!1sEl+Dorado!3m6!1s0x902d6d3cdc44fe9f:0xec2df1193372b345!8m2!3d-2.1281964!4d-79.8868048!15sCglFbCBEb3JhZG9aCyIJZWwgZG9yYWRvkgEKcmVzdGF1cmFudOABAA!16s%2Fg%2F12hmt6sh_?entry=ttu&g_ep=EgoyMDI2MDgwNS4xIKXMDSoASAFQAw%3D%3D","4",,"Rodrigo Icaza Cornejo Manzana 139","false",,,"Parrillada Restaurant El Dorado Sauces 3","4.4",,"https://www.google.com/maps/search/?api=1&query=Parrillada%20Restaurant%20El%20Dorado%20Sauces%203&query_place_id=ChIJn_5E3DxtLZARRbNyMxnxLew",
"Rodrigo Icaza Cornejo Manzana 139, 090504 Guayaquil, Ecuador","Restaurante","Restaurante","17018523657442603845","Guayaquil","EC","0x902d6d3cdc44fe9f:0xec2df1193372b345",,"https://lh3.googleusercontent.com/gps-cs-s/AHRPTWmvm90GLRySCo4gUqKI_yhh6hrRUm1p03H_4PyufCCfD8b6v6-CDw1zrqgo2---n6Hr_d_g6er4FZP8idRvw6-nSk2UbtHS-0wnv6imvoQgsKgiBNsVbXsxY7ZQC8l44ZhqvzqHvw=w408-h395-k-no","false","false","/g/12hmt6sh_","es-419","0","-2.1281964","-79.8868048",,"Los Sauces",,"false","ChIJn_5E3DxtLZARRbNyMxnxLew","090504","$5-10","Hace 2 años","2024-01-28T01:06:48.426Z",,,,,,,,,,,,,,,,,,,,,"2","4","3","ChdDSUhNMG9nS0VJQ0FnSUN0NEx2NW9RRRAB",,,,,,,,"Google",,,"0",,,"1606","2026-08-08T17:32:25.309Z","Direct Detail URL: https://www.google.com/maps/place/Parrillada+Restaurant+El+Dorado+Sauces+3/@-2.1265971,-79.8975452,12.68z/data=!4m10!1m2!2m1!1sEl+Dorado!3m6!1s0x902d6d3cdc44fe9f:0xec2df1193372b345!8m2!3d-2.1281964!4d-79.8868048!15sCglFbCBEb3JhZG9aCyIJZWwgZG9yYWRvkgEKcmVzdGF1cmFudOABAA!16s%2Fg%2F12hmt6sh_?entry=ttu&g_ep=EgoyMDI2MDgwNS4xIKXMDSoASAFQAw%3D%3D","3",,"Rodrigo Icaza Cornejo Manzana 139","false",,,"Parrillada Restaurant El Dorado Sauces 3","4.4",,"https://www.google.com/maps/search/?api=1&query=Parrillada%20Restaurant%20El%20Dorado%20Sauces%203&query_place_id=ChIJn_5E3DxtLZARRbNyMxnxLew",
"Rodrigo Icaza Cornejo Manzana 139, 090504 Guayaquil, Ecuador","Restaurante","Restaurante","17018523657442603845","Guayaquil","EC","0x902d6d3cdc44fe9f:0xec2df1193372b345",,"https://lh3.googleusercontent.com/gps-cs-s/AHRPTWmvm90GLRySCo4gUqKI_yhh6hrRUm1p03H_4PyufCCfD8b6v6-CDw1zrqgo2---n6Hr_d_g6er4FZP8idRvw6-nSk2UbtHS-0wnv6imvoQgsKgiBNsVbXsxY7ZQC8l44ZhqvzqHvw=w408-h395-k-no","false","false","/g/12hmt6sh_","es-419","0","-2.1281964","-79.8868048",,"Los Sauces",,"false","ChIJn_5E3DxtLZARRbNyMxnxLew","090504","$5-10","Hace 2 años","2024-01-18T01:36:24.483Z",,,,,,,,,,,,,,,,,,,,,,,,"ChdDSUhNMG9nS0VJQ0FnSUNOcTdlMjVRRRAB",,,,,,,,"Google",,,"2",,,"1606","2026-08-08T17:32:25.309Z","Direct Detail URL: https://www.google.com/maps/place/Parrillada+Restaurant+El+Dorado+Sauces+3/@-2.1265971,-79.8975452,12.68z/data=!4m10!1m2!2m1!1sEl+Dorado!3m6!1s0x902d6d3cdc44fe9f:0xec2df1193372b345!8m2!3d-2.1281964!4d-79.8868048!15sCglFbCBEb3JhZG9aCyIJZWwgZG9yYWRvkgEKcmVzdGF1cmFudOABAA!16s%2Fg%2F12hmt6sh_?entry=ttu&g_ep=EgoyMDI2MDgwNS4xIKXMDSoASAFQAw%3D%3D","5",,"Rodrigo Icaza Cornejo Manzana 139","false",,,"Parrillada Restaurant El Dorado Sauces 3","4.4",,"https://www.google.com/maps/search/?api=1&query=Parrillada%20Restaurant%20El%20Dorado%20Sauces%203&query_place_id=ChIJn_5E3DxtLZARRbNyMxnxLew",
"Rodrigo Icaza Cornejo Manzana 139, 090504 Guayaquil, Ecuador","Restaurante","Restaurante","17018523657442603845","Guayaquil","EC","0x902d6d3cdc44fe9f:0xec2df1193372b345",,"https://lh3.googleusercontent.com/gps-cs-s/AHRPTWmvm90GLRySCo4gUqKI_yhh6hrRUm1p03H_4PyufCCfD8b6v6-CDw1zrqgo2---n6Hr_d_g6er4FZP8idRvw6-nSk2UbtHS-0wnv6imvoQgsKgiBNsVbXsxY7ZQC8l44ZhqvzqHvw=w408-h395-k-no","false","true","/g/12hmt6sh_","es-419","0","-2.1281964","-79.8868048",,"Los Sauces",,"false","ChIJn_5E3DxtLZARRbNyMxnxLew","090504","$5-10","Hace 2 años","2024-01-10T17:47:45.376Z",,,,,,,,,,,,,,,,,,,,,,,,"ChdDSUhNMG9nS0VJQ0FnSUQxMS1qQmlBRRAB",,,,,,,,"Google",,,"122",,,"1606","2026-08-08T17:32:25.309Z","Direct Detail URL: https://www.google.com/maps/place/Parrillada+Restaurant+El+Dorado+Sauces+3/@-2.1265971,-79.8975452,12.68z/data=!4m10!1m2!2m1!1sEl+Dorado!3m6!1s0x902d6d3cdc44fe9f:0xec2df1193372b345!8m2!3d-2.1281964!4d-79.8868048!15sCglFbCBEb3JhZG9aCyIJZWwgZG9yYWRvkgEKcmVzdGF1cmFudOABAA!16s%2Fg%2F12hmt6sh_?entry=ttu&g_ep=EgoyMDI2MDgwNS4xIKXMDSoASAFQAw%3D%3D","4",,"Rodrigo Icaza Cornejo Manzana 139","false",,,"Parrillada Restaurant El Dorado Sauces 3","4.4",,"https://www.google.com/maps/search/?api=1&query=Parrillada%20Restaurant%20El%20Dorado%20Sauces%203&query_place_id=ChIJn_5E3DxtLZARRbNyMxnxLew",
"Rodrigo Icaza Cornejo Manzana 139, 090504 Guayaquil, Ecuador","Restaurante","Restaurante","17018523657442603845","Guayaquil","EC","0x902d6d3cdc44fe9f:0xec2df1193372b345",,"https://lh3.googleusercontent.com/gps-cs-s/AHRPTWmvm90GLRySCo4gUqKI_yhh6hrRUm1p03H_4PyufCCfD8b6v6-CDw1zrqgo2---n6Hr_d_g6er4FZP8idRvw6-nSk2UbtHS-0wnv6imvoQgsKgiBNsVbXsxY7ZQC8l44ZhqvzqHvw=w408-h395-k-no","false","false","/g/12hmt6sh_","es-419","0","-2.1281964","-79.8868048",,"Los Sauces",,"false","ChIJn_5E3DxtLZARRbNyMxnxLew","090504","$5-10","Hace 2 años","2024-01-08T02:17:13.170Z",,,,,,,,,,,,,,,,,,,,,"5","5","5","ChZDSUhNMG9nS0VJQ0FnSUQxOFlPeU9nEAE",,,,,,,,"Google",,,"0",,,"1606","2026-08-08T17:32:25.309Z","Direct Detail URL: https://www.google.com/maps/place/Parrillada+Restaurant+El+Dorado+Sauces+3/@-2.1265971,-79.8975452,12.68z/data=!4m10!1m2!2m1!1sEl+Dorado!3m6!1s0x902d6d3cdc44fe9f:0xec2df1193372b345!8m2!3d-2.1281964!4d-79.8868048!15sCglFbCBEb3JhZG9aCyIJZWwgZG9yYWRvkgEKcmVzdGF1cmFudOABAA!16s%2Fg%2F12hmt6sh_?entry=ttu&g_ep=EgoyMDI2MDgwNS4xIKXMDSoASAFQAw%3D%3D","5",,"Rodrigo Icaza Cornejo Manzana 139","false",,,"Parrillada Restaurant El Dorado Sauces 3","4.4",,"https://www.google.com/maps/search/?api=1&query=Parrillada%20Restaurant%20El%20Dorado%20Sauces%203&query_place_id=ChIJn_5E3DxtLZARRbNyMxnxLew",
"Rodrigo Icaza Cornejo Manzana 139, 090504 Guayaquil, Ecuador","Restaurante","Restaurante","17018523657442603845","Guayaquil","EC","0x902d6d3cdc44fe9f:0xec2df1193372b345",,"https://lh3.googleusercontent.com/gps-cs-s/AHRPTWmvm90GLRySCo4gUqKI_yhh6hrRUm1p03H_4PyufCCfD8b6v6-CDw1zrqgo2---n6Hr_d_g6er4FZP8idRvw6-nSk2UbtHS-0wnv6imvoQgsKgiBNsVbXsxY7ZQC8l44ZhqvzqHvw=w408-h395-k-no","false","true","/g/12hmt6sh_","es-419","1","-2.1281964","-79.8868048",,"Los Sauces",,"false","ChIJn_5E3DxtLZARRbNyMxnxLew","090504","$5-10","Hace 2 años","2024-01-03T21:44:34.786Z",,,,,,,,,,,,,,,,,,,,,"5","5","5","ChZDSUhNMG9nS0VJQ0FnSUMxcTlUUFlBEAE","https://lh3.googleusercontent.com/grass-cs/ACvplmO5UCjRXl4l5terPPCA1GYgtrymMaOQTO7zl4lIFg6OWzXXzXxLyExdWUK-KUSXiwN9B46JuFGHWSvCpZGHGdkFoVYwJjwGNRPwCJorOj0IfPye-wbnkoAq8THxoO9QXC3QPgE=k-no",,,,,,,"Google",,,"70",,,"1606","2026-08-08T17:32:25.309Z","Direct Detail URL: https://www.google.com/maps/place/Parrillada+Restaurant+El+Dorado+Sauces+3/@-2.1265971,-79.8975452,12.68z/data=!4m10!1m2!2m1!1sEl+Dorado!3m6!1s0x902d6d3cdc44fe9f:0xec2df1193372b345!8m2!3d-2.1281964!4d-79.8868048!15sCglFbCBEb3JhZG9aCyIJZWwgZG9yYWRvkgEKcmVzdGF1cmFudOABAA!16s%2Fg%2F12hmt6sh_?entry=ttu&g_ep=EgoyMDI2MDgwNS4xIKXMDSoASAFQAw%3D%3D","5",,"Rodrigo Icaza Cornejo Manzana 139","false",,,"Parrillada Restaurant El Dorado Sauces 3","4.4",,"https://www.google.com/maps/search/?api=1&query=Parrillada%20Restaurant%20El%20Dorado%20Sauces%203&query_place_id=ChIJn_5E3DxtLZARRbNyMxnxLew",
"Rodrigo Icaza Cornejo Manzana 139, 090504 Guayaquil, Ecuador","Restaurante","Restaurante","17018523657442603845","Guayaquil","EC","0x902d6d3cdc44fe9f:0xec2df1193372b345",,"https://lh3.googleusercontent.com/gps-cs-s/AHRPTWmvm90GLRySCo4gUqKI_yhh6hrRUm1p03H_4PyufCCfD8b6v6-CDw1zrqgo2---n6Hr_d_g6er4FZP8idRvw6-nSk2UbtHS-0wnv6imvoQgsKgiBNsVbXsxY7ZQC8l44ZhqvzqHvw=w408-h395-k-no","false","false","/g/12hmt6sh_","es-419","0","-2.1281964","-79.8868048",,"Los Sauces",,"false","ChIJn_5E3DxtLZARRbNyMxnxLew","090504","$5-10","Hace 2 años","2024-01-03T20:25:46.347Z",,,,,,,,,,,,,,,,,,,,,,,,"ChdDSUhNMG9nS0VJQ0FnSUMxeTRya3dRRRAB",,,,,,,,"Google",,,"0",,,"1606","2026-08-08T17:32:25.309Z","Direct Detail URL: https://www.google.com/maps/place/Parrillada+Restaurant+El+Dorado+Sauces+3/@-2.1265971,-79.8975452,12.68z/data=!4m10!1m2!2m1!1sEl+Dorado!3m6!1s0x902d6d3cdc44fe9f:0xec2df1193372b345!8m2!3d-2.1281964!4d-79.8868048!15sCglFbCBEb3JhZG9aCyIJZWwgZG9yYWRvkgEKcmVzdGF1cmFudOABAA!16s%2Fg%2F12hmt6sh_?entry=ttu&g_ep=EgoyMDI2MDgwNS4xIKXMDSoASAFQAw%3D%3D","5",,"Rodrigo Icaza Cornejo Manzana 139","false",,,"Parrillada Restaurant El Dorado Sauces 3","4.4",,"https://www.google.com/maps/search/?api=1&query=Parrillada%20Restaurant%20El%20Dorado%20Sauces%203&query_place_id=ChIJn_5E3DxtLZARRbNyMxnxLew",
"Rodrigo Icaza Cornejo Manzana 139, 090504 Guayaquil, Ecuador","Restaurante","Restaurante","17018523657442603845","Guayaquil","EC","0x902d6d3cdc44fe9f:0xec2df1193372b345",,"https://lh3.googleusercontent.com/gps-cs-s/AHRPTWmvm90GLRySCo4gUqKI_yhh6hrRUm1p03H_4PyufCCfD8b6v6-CDw1zrqgo2---n6Hr_d_g6er4FZP8idRvw6-nSk2UbtHS-0wnv6imvoQgsKgiBNsVbXsxY7ZQC8l44ZhqvzqHvw=w408-h395-k-no","false","false","/g/12hmt6sh_","es-419","0","-2.1281964","-79.8868048",,"Los Sauces",,"false","ChIJn_5E3DxtLZARRbNyMxnxLew","090504","$5-10","Hace 2 años","2023-12-30T19:21:49.582Z",,,,,,,,,,,,,,,,,,,,,"5",,"5","ChdDSUhNMG9nS0VJQ0FnSUMxX3RuT3l3RRAB",,,,,,,,"Google",,,"0",,,"1606","2026-08-08T17:32:25.309Z","Direct Detail URL: https://www.google.com/maps/place/Parrillada+Restaurant+El+Dorado+Sauces+3/@-2.1265971,-79.8975452,12.68z/data=!4m10!1m2!2m1!1sEl+Dorado!3m6!1s0x902d6d3cdc44fe9f:0xec2df1193372b345!8m2!3d-2.1281964!4d-79.8868048!15sCglFbCBEb3JhZG9aCyIJZWwgZG9yYWRvkgEKcmVzdGF1cmFudOABAA!16s%2Fg%2F12hmt6sh_?entry=ttu&g_ep=EgoyMDI2MDgwNS4xIKXMDSoASAFQAw%3D%3D","5",,"Rodrigo Icaza Cornejo Manzana 139","false",,,"Parrillada Restaurant El Dorado Sauces 3","4.4",,"https://www.google.com/maps/search/?api=1&query=Parrillada%20Restaurant%20El%20Dorado%20Sauces%203&query_place_id=ChIJn_5E3DxtLZARRbNyMxnxLew",
"Rodrigo Icaza Cornejo Manzana 139, 090504 Guayaquil, Ecuador","Restaurante","Restaurante","17018523657442603845","Guayaquil","EC","0x902d6d3cdc44fe9f:0xec2df1193372b345",,"https://lh3.googleusercontent.com/gps-cs-s/AHRPTWmvm90GLRySCo4gUqKI_yhh6hrRUm1p03H_4PyufCCfD8b6v6-CDw1zrqgo2---n6Hr_d_g6er4FZP8idRvw6-nSk2UbtHS-0wnv6imvoQgsKgiBNsVbXsxY7ZQC8l44ZhqvzqHvw=w408-h395-k-no","false","true","/g/12hmt6sh_","es-419","0","-2.1281964","-79.8868048",,"Los Sauces","es","false","ChIJn_5E3DxtLZARRbNyMxnxLew","090504","$5-10","Hace 2 años","2023-12-27T10:40:16.898Z",,,,,,,,,,,,,,,,,,,,,,,,"ChZDSUhNMG9nS0VJQ0FnSUMxaXJ2Z1Z3EAE",,,,,,,,"Google",,,"38",,,"1606","2026-08-08T17:32:25.309Z","Direct Detail URL: https://www.google.com/maps/place/Parrillada+Restaurant+El+Dorado+Sauces+3/@-2.1265971,-79.8975452,12.68z/data=!4m10!1m2!2m1!1sEl+Dorado!3m6!1s0x902d6d3cdc44fe9f:0xec2df1193372b345!8m2!3d-2.1281964!4d-79.8868048!15sCglFbCBEb3JhZG9aCyIJZWwgZG9yYWRvkgEKcmVzdGF1cmFudOABAA!16s%2Fg%2F12hmt6sh_?entry=ttu&g_ep=EgoyMDI2MDgwNS4xIKXMDSoASAFQAw%3D%3D","4",,"Rodrigo Icaza Cornejo Manzana 139","false","Centro comercial muy bonito amplio",,"Parrillada Restaurant El Dorado Sauces 3","4.4",,"https://www.google.com/maps/search/?api=1&query=Parrillada%20Restaurant%20El%20Dorado%20Sauces%203&query_place_id=ChIJn_5E3DxtLZARRbNyMxnxLew",
"Rodrigo Icaza Cornejo Manzana 139, 090504 Guayaquil, Ecuador","Restaurante","Restaurante","17018523657442603845","Guayaquil","EC","0x902d6d3cdc44fe9f:0xec2df1193372b345",,"https://lh3.googleusercontent.com/gps-cs-s/AHRPTWmvm90GLRySCo4gUqKI_yhh6hrRUm1p03H_4PyufCCfD8b6v6-CDw1zrqgo2---n6Hr_d_g6er4FZP8idRvw6-nSk2UbtHS-0wnv6imvoQgsKgiBNsVbXsxY7ZQC8l44ZhqvzqHvw=w408-h395-k-no","false","false","/g/12hmt6sh_","es-419","0","-2.1281964","-79.8868048",,"Los Sauces","es","false","ChIJn_5E3DxtLZARRbNyMxnxLew","090504","$5-10","Hace 2 años","2023-12-24T17:27:59.825Z",,,,,,,,,,,,,,,,,,,,,"3","1","3","ChdDSUhNMG9nS0VJQ0FnSUMxN0xTQTNBRRAB","https://lh3.googleusercontent.com/grass-cs/ACvplmM4SqqEY2yEY2nW8KRLF_0XW-H-qIzBx-FQNSlak5dKijg23PE69COVLuTdYCbijzHARAetvu-Ta99Hqq5RQQgS-7FUlS7m89Bj9LeWIOv07q0gpvznH-PBXXknXmAkwjs5MgTy=k-no",,,,,,,"Google",,,"4",,,"1606","2026-08-08T17:32:25.309Z","Direct Detail URL: https://www.google.com/maps/place/Parrillada+Restaurant+El+Dorado+Sauces+3/@-2.1265971,-79.8975452,12.68z/data=!4m10!1m2!2m1!1sEl+Dorado!3m6!1s0x902d6d3cdc44fe9f:0xec2df1193372b345!8m2!3d-2.1281964!4d-79.8868048!15sCglFbCBEb3JhZG9aCyIJZWwgZG9yYWRvkgEKcmVzdGF1cmFudOABAA!16s%2Fg%2F12hmt6sh_?entry=ttu&g_ep=EgoyMDI2MDgwNS4xIKXMDSoASAFQAw%3D%3D","2",,"Rodrigo Icaza Cornejo Manzana 139","false","Pedí una picanha termino blu  lo peor que podía pedir. Esa carne estaba dura y no era picanha a la final no comí! Es la 2 vez que iba pero no lo recomiendo para cortes de carnes especiales muy malo.",,"Parrillada Restaurant El Dorado Sauces 3","4.4",,"https://www.google.com/maps/search/?api=1&query=Parrillada%20Restaurant%20El%20Dorado%20Sauces%203&query_place_id=ChIJn_5E3DxtLZARRbNyMxnxLew",
"Rodrigo Icaza Cornejo Manzana 139, 090504 Guayaquil, Ecuador","Restaurante","Restaurante","17018523657442603845","Guayaquil","EC","0x902d6d3cdc44fe9f:0xec2df1193372b345",,"https://lh3.googleusercontent.com/gps-cs-s/AHRPTWmvm90GLRySCo4gUqKI_yhh6hrRUm1p03H_4PyufCCfD8b6v6-CDw1zrqgo2---n6Hr_d_g6er4FZP8idRvw6-nSk2UbtHS-0wnv6imvoQgsKgiBNsVbXsxY7ZQC8l44ZhqvzqHvw=w408-h395-k-no","false","true","/g/12hmt6sh_","es-419","0","-2.1281964","-79.8868048",,"Los Sauces",,"false","ChIJn_5E3DxtLZARRbNyMxnxLew","090504","$5-10","Hace 2 años","2023-12-20T16:47:29.156Z",,,,,,,,,,,,,,,,,,,,,,,,"ChZDSUhNMG9nS0VJQ0FnSUMxa0o2V1FnEAE",,,,,,,,"Google",,,"281",,,"1606","2026-08-08T17:32:25.309Z","Direct Detail URL: https://www.google.com/maps/place/Parrillada+Restaurant+El+Dorado+Sauces+3/@-2.1265971,-79.8975452,12.68z/data=!4m10!1m2!2m1!1sEl+Dorado!3m6!1s0x902d6d3cdc44fe9f:0xec2df1193372b345!8m2!3d-2.1281964!4d-79.8868048!15sCglFbCBEb3JhZG9aCyIJZWwgZG9yYWRvkgEKcmVzdGF1cmFudOABAA!16s%2Fg%2F12hmt6sh_?entry=ttu&g_ep=EgoyMDI2MDgwNS4xIKXMDSoASAFQAw%3D%3D","4",,"Rodrigo Icaza Cornejo Manzana 139","false",,,"Parrillada Restaurant El Dorado Sauces 3","4.4",,"https://www.google.com/maps/search/?api=1&query=Parrillada%20Restaurant%20El%20Dorado%20Sauces%203&query_place_id=ChIJn_5E3DxtLZARRbNyMxnxLew",
"Rodrigo Icaza Cornejo Manzana 139, 090504 Guayaquil, Ecuador","Restaurante","Restaurante","17018523657442603845","Guayaquil","EC","0x902d6d3cdc44fe9f:0xec2df1193372b345",,"https://lh3.googleusercontent.com/gps-cs-s/AHRPTWmvm90GLRySCo4gUqKI_yhh6hrRUm1p03H_4PyufCCfD8b6v6-CDw1zrqgo2---n6Hr_d_g6er4FZP8idRvw6-nSk2UbtHS-0wnv6imvoQgsKgiBNsVbXsxY7ZQC8l44ZhqvzqHvw=w408-h395-k-no","false","false","/g/12hmt6sh_","es-419","0","-2.1281964","-79.8868048",,"Los Sauces","es","false","ChIJn_5E3DxtLZARRbNyMxnxLew","090504","$5-10","Hace 2 años","2023-12-06T16:24:12.556Z",,,,,,,,,,,,,,,,,,,,,"5","5","5","ChZDSUhNMG9nS0VJQ0FnSUNWNnFyZFZBEAE",,,,,,,,"Google",,,"3",,,"1606","2026-08-08T17:32:25.309Z","Direct Detail URL: https://www.google.com/maps/place/Parrillada+Restaurant+El+Dorado+Sauces+3/@-2.1265971,-79.8975452,12.68z/data=!4m10!1m2!2m1!1sEl+Dorado!3m6!1s0x902d6d3cdc44fe9f:0xec2df1193372b345!8m2!3d-2.1281964!4d-79.8868048!15sCglFbCBEb3JhZG9aCyIJZWwgZG9yYWRvkgEKcmVzdGF1cmFudOABAA!16s%2Fg%2F12hmt6sh_?entry=ttu&g_ep=EgoyMDI2MDgwNS4xIKXMDSoASAFQAw%3D%3D","5",,"Rodrigo Icaza Cornejo Manzana 139","false","Es lo mejor los vídeos juegos la cancha de ahí la comida",,"Parrillada Restaurant El Dorado Sauces 3","4.4",,"https://www.google.com/maps/search/?api=1&query=Parrillada%20Restaurant%20El%20Dorado%20Sauces%203&query_place_id=ChIJn_5E3DxtLZARRbNyMxnxLew",
"Rodrigo Icaza Cornejo Manzana 139, 090504 Guayaquil, Ecuador","Restaurante","Restaurante","17018523657442603845","Guayaquil","EC","0x902d6d3cdc44fe9f:0xec2df1193372b345",,"https://lh3.googleusercontent.com/gps-cs-s/AHRPTWmvm90GLRySCo4gUqKI_yhh6hrRUm1p03H_4PyufCCfD8b6v6-CDw1zrqgo2---n6Hr_d_g6er4FZP8idRvw6-nSk2UbtHS-0wnv6imvoQgsKgiBNsVbXsxY7ZQC8l44ZhqvzqHvw=w408-h395-k-no","false","true","/g/12hmt6sh_","es-419","2","-2.1281964","-79.8868048",,"Los Sauces","es","false","ChIJn_5E3DxtLZARRbNyMxnxLew","090504","$5-10","Editado Hace 2 años","2023-12-03T06:19:49.919Z",,,,,,,,,,,,,,,,,,,,,"5","5","5","ChZDSUhNMG9nS0VJQ0FnSUNzX2JEMkR3EAE","https://lh3.googleusercontent.com/grass-cs/ACvplmMuchmjHmqaaa6bmw5_WBdKWhrF3cA4am30N1WQ52H8oIYtYn2PSPM6IdOpv-rvud-RkN_D3xq-NJIGZ4onxkgv8su9Ht3vomQrKCAUi7WeLsSZJizsTJp_CQgmzwOM9Td2XEgK=k-no",,,,,,,"Google",,,"82",,,"1606","2026-08-08T17:32:25.309Z","Direct Detail URL: https://www.google.com/maps/place/Parrillada+Restaurant+El+Dorado+Sauces+3/@-2.1265971,-79.8975452,12.68z/data=!4m10!1m2!2m1!1sEl+Dorado!3m6!1s0x902d6d3cdc44fe9f:0xec2df1193372b345!8m2!3d-2.1281964!4d-79.8868048!15sCglFbCBEb3JhZG9aCyIJZWwgZG9yYWRvkgEKcmVzdGF1cmFudOABAA!16s%2Fg%2F12hmt6sh_?entry=ttu&g_ep=EgoyMDI2MDgwNS4xIKXMDSoASAFQAw%3D%3D","5",,"Rodrigo Icaza Cornejo Manzana 139","false","Excelente lugar y buena sazón exquisito 😋 Todo delicioso 🥇",,"Parrillada Restaurant El Dorado Sauces 3","4.4",,"https://www.google.com/maps/search/?api=1&query=Parrillada%20Restaurant%20El%20Dorado%20Sauces%203&query_place_id=ChIJn_5E3DxtLZARRbNyMxnxLew",
"Rodrigo Icaza Cornejo Manzana 139, 090504 Guayaquil, Ecuador","Restaurante","Restaurante","17018523657442603845","Guayaquil","EC","0x902d6d3cdc44fe9f:0xec2df1193372b345",,"https://lh3.googleusercontent.com/gps-cs-s/AHRPTWmvm90GLRySCo4gUqKI_yhh6hrRUm1p03H_4PyufCCfD8b6v6-CDw1zrqgo2---n6Hr_d_g6er4FZP8idRvw6-nSk2UbtHS-0wnv6imvoQgsKgiBNsVbXsxY7ZQC8l44ZhqvzqHvw=w408-h395-k-no","false","true","/g/12hmt6sh_","es-419","0","-2.1281964","-79.8868048",,"Los Sauces",,"false","ChIJn_5E3DxtLZARRbNyMxnxLew","090504","$5-10","Hace 2 años","2023-11-24T05:37:05.533Z",,,,,,,,,,,,,,,,,,,,,"4","4","4","ChZDSUhNMG9nS0VJQ0FnSUNsamEtY2JnEAE",,,,,,,,"Google",,,"21",,,"1606","2026-08-08T17:32:25.309Z","Direct Detail URL: https://www.google.com/maps/place/Parrillada+Restaurant+El+Dorado+Sauces+3/@-2.1265971,-79.8975452,12.68z/data=!4m10!1m2!2m1!1sEl+Dorado!3m6!1s0x902d6d3cdc44fe9f:0xec2df1193372b345!8m2!3d-2.1281964!4d-79.8868048!15sCglFbCBEb3JhZG9aCyIJZWwgZG9yYWRvkgEKcmVzdGF1cmFudOABAA!16s%2Fg%2F12hmt6sh_?entry=ttu&g_ep=EgoyMDI2MDgwNS4xIKXMDSoASAFQAw%3D%3D","4",,"Rodrigo Icaza Cornejo Manzana 139","false",,,"Parrillada Restaurant El Dorado Sauces 3","4.4",,"https://www.google.com/maps/search/?api=1&query=Parrillada%20Restaurant%20El%20Dorado%20Sauces%203&query_place_id=ChIJn_5E3DxtLZARRbNyMxnxLew",
"Rodrigo Icaza Cornejo Manzana 139, 090504 Guayaquil, Ecuador","Restaurante","Restaurante","17018523657442603845","Guayaquil","EC","0x902d6d3cdc44fe9f:0xec2df1193372b345",,"https://lh3.googleusercontent.com/gps-cs-s/AHRPTWmvm90GLRySCo4gUqKI_yhh6hrRUm1p03H_4PyufCCfD8b6v6-CDw1zrqgo2---n6Hr_d_g6er4FZP8idRvw6-nSk2UbtHS-0wnv6imvoQgsKgiBNsVbXsxY7ZQC8l44ZhqvzqHvw=w408-h395-k-no","false","true","/g/12hmt6sh_","es-419","0","-2.1281964","-79.8868048",,"Los Sauces","es","false","ChIJn_5E3DxtLZARRbNyMxnxLew","090504","$5-10","Hace 2 años","2023-11-19T19:55:01.293Z",,,,,,,,,,,,,"$5-10",,,,,,"Almuerzo","Comida para llevar","5","5","5","ChdDSUhNMG9nS0VJQ0FnSUNsZ2VDT21nRRAB",,,,,,,,"Google",,,"195",,,"1606","2026-08-08T17:32:25.309Z","Direct Detail URL: https://www.google.com/maps/place/Parrillada+Restaurant+El+Dorado+Sauces+3/@-2.1265971,-79.8975452,12.68z/data=!4m10!1m2!2m1!1sEl+Dorado!3m6!1s0x902d6d3cdc44fe9f:0xec2df1193372b345!8m2!3d-2.1281964!4d-79.8868048!15sCglFbCBEb3JhZG9aCyIJZWwgZG9yYWRvkgEKcmVzdGF1cmFudOABAA!16s%2Fg%2F12hmt6sh_?entry=ttu&g_ep=EgoyMDI2MDgwNS4xIKXMDSoASAFQAw%3D%3D","5",,"Rodrigo Icaza Cornejo Manzana 139","false","Muy buen sitio",,"Parrillada Restaurant El Dorado Sauces 3","4.4",,"https://www.google.com/maps/search/?api=1&query=Parrillada%20Restaurant%20El%20Dorado%20Sauces%203&query_place_id=ChIJn_5E3DxtLZARRbNyMxnxLew",
"Rodrigo Icaza Cornejo Manzana 139, 090504 Guayaquil, Ecuador","Restaurante","Restaurante","17018523657442603845","Guayaquil","EC","0x902d6d3cdc44fe9f:0xec2df1193372b345",,"https://lh3.googleusercontent.com/gps-cs-s/AHRPTWmvm90GLRySCo4gUqKI_yhh6hrRUm1p03H_4PyufCCfD8b6v6-CDw1zrqgo2---n6Hr_d_g6er4FZP8idRvw6-nSk2UbtHS-0wnv6imvoQgsKgiBNsVbXsxY7ZQC8l44ZhqvzqHvw=w408-h395-k-no","false","true","/g/12hmt6sh_","es-419","0","-2.1281964","-79.8868048",,"Los Sauces",,"false","ChIJn_5E3DxtLZARRbNyMxnxLew","090504","$5-10","Hace 2 años","2023-11-06T15:56:54.611Z",,,,,,,,,,,,,,,,,,,,,"4","5","4","ChdDSUhNMG9nS0VJQ0FnSURGeHZUN3BRRRAB",,,,,,,,"Google",,,"7",,,"1606","2026-08-08T17:32:25.309Z","Direct Detail URL: https://www.google.com/maps/place/Parrillada+Restaurant+El+Dorado+Sauces+3/@-2.1265971,-79.8975452,12.68z/data=!4m10!1m2!2m1!1sEl+Dorado!3m6!1s0x902d6d3cdc44fe9f:0xec2df1193372b345!8m2!3d-2.1281964!4d-79.8868048!15sCglFbCBEb3JhZG9aCyIJZWwgZG9yYWRvkgEKcmVzdGF1cmFudOABAA!16s%2Fg%2F12hmt6sh_?entry=ttu&g_ep=EgoyMDI2MDgwNS4xIKXMDSoASAFQAw%3D%3D","4",,"Rodrigo Icaza Cornejo Manzana 139","false",,,"Parrillada Restaurant El Dorado Sauces 3","4.4",,"https://www.google.com/maps/search/?api=1&query=Parrillada%20Restaurant%20El%20Dorado%20Sauces%203&query_place_id=ChIJn_5E3DxtLZARRbNyMxnxLew",
"Rodrigo Icaza Cornejo Manzana 139, 090504 Guayaquil, Ecuador","Restaurante","Restaurante","17018523657442603845","Guayaquil","EC","0x902d6d3cdc44fe9f:0xec2df1193372b345",,"https://lh3.googleusercontent.com/gps-cs-s/AHRPTWmvm90GLRySCo4gUqKI_yhh6hrRUm1p03H_4PyufCCfD8b6v6-CDw1zrqgo2---n6Hr_d_g6er4FZP8idRvw6-nSk2UbtHS-0wnv6imvoQgsKgiBNsVbXsxY7ZQC8l44ZhqvzqHvw=w408-h395-k-no","false","true","/g/12hmt6sh_","es-419","0","-2.1281964","-79.8868048",,"Los Sauces","es","false","ChIJn_5E3DxtLZARRbNyMxnxLew","090504","$5-10","Hace 2 años","2023-11-05T08:13:21.845Z",,,,,,,,,,,,,,,,,,,,,,,,"ChdDSUhNMG9nS0VJQ0FnSURGaXJtSTZBRRAB",,,,,,,,"Google",,,"41",,,"1606","2026-08-08T17:32:25.309Z","Direct Detail URL: https://www.google.com/maps/place/Parrillada+Restaurant+El+Dorado+Sauces+3/@-2.1265971,-79.8975452,12.68z/data=!4m10!1m2!2m1!1sEl+Dorado!3m6!1s0x902d6d3cdc44fe9f:0xec2df1193372b345!8m2!3d-2.1281964!4d-79.8868048!15sCglFbCBEb3JhZG9aCyIJZWwgZG9yYWRvkgEKcmVzdGF1cmFudOABAA!16s%2Fg%2F12hmt6sh_?entry=ttu&g_ep=EgoyMDI2MDgwNS4xIKXMDSoASAFQAw%3D%3D","5",,"Rodrigo Icaza Cornejo Manzana 139","false","Buena atención muy buena comida",,"Parrillada Restaurant El Dorado Sauces 3","4.4",,"https://www.google.com/maps/search/?api=1&query=Parrillada%20Restaurant%20El%20Dorado%20Sauces%203&query_place_id=ChIJn_5E3DxtLZARRbNyMxnxLew",
"Rodrigo Icaza Cornejo Manzana 139, 090504 Guayaquil, Ecuador","Restaurante","Restaurante","17018523657442603845","Guayaquil","EC","0x902d6d3cdc44fe9f:0xec2df1193372b345",,"https://lh3.googleusercontent.com/gps-cs-s/AHRPTWmvm90GLRySCo4gUqKI_yhh6hrRUm1p03H_4PyufCCfD8b6v6-CDw1zrqgo2---n6Hr_d_g6er4FZP8idRvw6-nSk2UbtHS-0wnv6imvoQgsKgiBNsVbXsxY7ZQC8l44ZhqvzqHvw=w408-h395-k-no","false","true","/g/12hmt6sh_","es-419","0","-2.1281964","-79.8868048",,"Los Sauces",,"false","ChIJn_5E3DxtLZARRbNyMxnxLew","090504","$5-10","Hace 2 años","2023-10-30T21:31:24.150Z",,,,,,,,,,,,,,,,,,,,,,,,"ChdDSUhNMG9nS0VJQ0FnSUNGamRPVXFBRRAB",,,,,,,,"Google",,,"6",,,"1606","2026-08-08T17:32:25.309Z","Direct Detail URL: https://www.google.com/maps/place/Parrillada+Restaurant+El+Dorado+Sauces+3/@-2.1265971,-79.8975452,12.68z/data=!4m10!1m2!2m1!1sEl+Dorado!3m6!1s0x902d6d3cdc44fe9f:0xec2df1193372b345!8m2!3d-2.1281964!4d-79.8868048!15sCglFbCBEb3JhZG9aCyIJZWwgZG9yYWRvkgEKcmVzdGF1cmFudOABAA!16s%2Fg%2F12hmt6sh_?entry=ttu&g_ep=EgoyMDI2MDgwNS4xIKXMDSoASAFQAw%3D%3D","5",,"Rodrigo Icaza Cornejo Manzana 139","false",,,"Parrillada Restaurant El Dorado Sauces 3","4.4",,"https://www.google.com/maps/search/?api=1&query=Parrillada%20Restaurant%20El%20Dorado%20Sauces%203&query_place_id=ChIJn_5E3DxtLZARRbNyMxnxLew",
"Rodrigo Icaza Cornejo Manzana 139, 090504 Guayaquil, Ecuador","Restaurante","Restaurante","17018523657442603845","Guayaquil","EC","0x902d6d3cdc44fe9f:0xec2df1193372b345",,"https://lh3.googleusercontent.com/gps-cs-s/AHRPTWmvm90GLRySCo4gUqKI_yhh6hrRUm1p03H_4PyufCCfD8b6v6-CDw1zrqgo2---n6Hr_d_g6er4FZP8idRvw6-nSk2UbtHS-0wnv6imvoQgsKgiBNsVbXsxY7ZQC8l44ZhqvzqHvw=w408-h395-k-no","false","true","/g/12hmt6sh_","es-419","1","-2.1281964","-79.8868048",,"Los Sauces","es","false","ChIJn_5E3DxtLZARRbNyMxnxLew","090504","$5-10","Hace 2 años","2023-10-14T14:01:00.223Z",,,,,,,,,,,,,"$10-15",,,,,,"Desayuno","Consumo en el lugar","4","4","4","ChdDSUhNMG9nS0VJQ0FnSUM1b2RlZTJ3RRAB",,,,,,,,"Google",,,"72",,,"1606","2026-08-08T17:32:25.309Z","Direct Detail URL: https://www.google.com/maps/place/Parrillada+Restaurant+El+Dorado+Sauces+3/@-2.1265971,-79.8975452,12.68z/data=!4m10!1m2!2m1!1sEl+Dorado!3m6!1s0x902d6d3cdc44fe9f:0xec2df1193372b345!8m2!3d-2.1281964!4d-79.8868048!15sCglFbCBEb3JhZG9aCyIJZWwgZG9yYWRvkgEKcmVzdGF1cmFudOABAA!16s%2Fg%2F12hmt6sh_?entry=ttu&g_ep=EgoyMDI2MDgwNS4xIKXMDSoASAFQAw%3D%3D","4",,"Rodrigo Icaza Cornejo Manzana 139","false","Buen servicio, calidad precio.
La atención esmerada.",,"Parrillada Restaurant El Dorado Sauces 3","4.4",,"https://www.google.com/maps/search/?api=1&query=Parrillada%20Restaurant%20El%20Dorado%20Sauces%203&query_place_id=ChIJn_5E3DxtLZARRbNyMxnxLew",
"Rodrigo Icaza Cornejo Manzana 139, 090504 Guayaquil, Ecuador","Restaurante","Restaurante","17018523657442603845","Guayaquil","EC","0x902d6d3cdc44fe9f:0xec2df1193372b345",,"https://lh3.googleusercontent.com/gps-cs-s/AHRPTWmvm90GLRySCo4gUqKI_yhh6hrRUm1p03H_4PyufCCfD8b6v6-CDw1zrqgo2---n6Hr_d_g6er4FZP8idRvw6-nSk2UbtHS-0wnv6imvoQgsKgiBNsVbXsxY7ZQC8l44ZhqvzqHvw=w408-h395-k-no","false","true","/g/12hmt6sh_","es-419","0","-2.1281964","-79.8868048",,"Los Sauces","es","false","ChIJn_5E3DxtLZARRbNyMxnxLew","090504","$5-10","Hace 2 años","2023-10-14T00:15:13.628Z",,,,,,,,,,,,,,,,,,,,,"4","4","4","ChZDSUhNMG9nS0VJQ0FnSUM1X3JxTUl3EAE",,,,,,,,"Google",,,"439",,,"1606","2026-08-08T17:32:25.309Z","Direct Detail URL: https://www.google.com/maps/place/Parrillada+Restaurant+El+Dorado+Sauces+3/@-2.1265971,-79.8975452,12.68z/data=!4m10!1m2!2m1!1sEl+Dorado!3m6!1s0x902d6d3cdc44fe9f:0xec2df1193372b345!8m2!3d-2.1281964!4d-79.8868048!15sCglFbCBEb3JhZG9aCyIJZWwgZG9yYWRvkgEKcmVzdGF1cmFudOABAA!16s%2Fg%2F12hmt6sh_?entry=ttu&g_ep=EgoyMDI2MDgwNS4xIKXMDSoASAFQAw%3D%3D","4",,"Rodrigo Icaza Cornejo Manzana 139","false","Buen sabor.",,"Parrillada Restaurant El Dorado Sauces 3","4.4",,"https://www.google.com/maps/search/?api=1&query=Parrillada%20Restaurant%20El%20Dorado%20Sauces%203&query_place_id=ChIJn_5E3DxtLZARRbNyMxnxLew",
"Rodrigo Icaza Cornejo Manzana 139, 090504 Guayaquil, Ecuador","Restaurante","Restaurante","17018523657442603845","Guayaquil","EC","0x902d6d3cdc44fe9f:0xec2df1193372b345",,"https://lh3.googleusercontent.com/gps-cs-s/AHRPTWmvm90GLRySCo4gUqKI_yhh6hrRUm1p03H_4PyufCCfD8b6v6-CDw1zrqgo2---n6Hr_d_g6er4FZP8idRvw6-nSk2UbtHS-0wnv6imvoQgsKgiBNsVbXsxY7ZQC8l44ZhqvzqHvw=w408-h395-k-no","false","true","/g/12hmt6sh_","es-419","0","-2.1281964","-79.8868048",,"Los Sauces",,"false","ChIJn_5E3DxtLZARRbNyMxnxLew","090504","$5-10","Hace 2 años","2023-10-02T13:14:13.734Z",,,,,,,,,,,,,,,,,,,,,,,,"ChdDSUhNMG9nS0VJQ0FnSURad2R2cHVRRRAB",,,,,,,,"Google",,,"23",,,"1606","2026-08-08T17:32:25.309Z","Direct Detail URL: https://www.google.com/maps/place/Parrillada+Restaurant+El+Dorado+Sauces+3/@-2.1265971,-79.8975452,12.68z/data=!4m10!1m2!2m1!1sEl+Dorado!3m6!1s0x902d6d3cdc44fe9f:0xec2df1193372b345!8m2!3d-2.1281964!4d-79.8868048!15sCglFbCBEb3JhZG9aCyIJZWwgZG9yYWRvkgEKcmVzdGF1cmFudOABAA!16s%2Fg%2F12hmt6sh_?entry=ttu&g_ep=EgoyMDI2MDgwNS4xIKXMDSoASAFQAw%3D%3D","4",,"Rodrigo Icaza Cornejo Manzana 139","false",,,"Parrillada Restaurant El Dorado Sauces 3","4.4",,"https://www.google.com/maps/search/?api=1&query=Parrillada%20Restaurant%20El%20Dorado%20Sauces%203&query_place_id=ChIJn_5E3DxtLZARRbNyMxnxLew",
"Rodrigo Icaza Cornejo Manzana 139, 090504 Guayaquil, Ecuador","Restaurante","Restaurante","17018523657442603845","Guayaquil","EC","0x902d6d3cdc44fe9f:0xec2df1193372b345",,"https://lh3.googleusercontent.com/gps-cs-s/AHRPTWmvm90GLRySCo4gUqKI_yhh6hrRUm1p03H_4PyufCCfD8b6v6-CDw1zrqgo2---n6Hr_d_g6er4FZP8idRvw6-nSk2UbtHS-0wnv6imvoQgsKgiBNsVbXsxY7ZQC8l44ZhqvzqHvw=w408-h395-k-no","false","true","/g/12hmt6sh_","es-419","0","-2.1281964","-79.8868048",,"Los Sauces",,"false","ChIJn_5E3DxtLZARRbNyMxnxLew","090504","$5-10","Hace 2 años","2023-09-30T07:42:23.873Z",,,,,,,,,,,,,,,,,,,,,,,,"ChZDSUhNMG9nS0VJQ0FnSURabG95NEJ3EAE",,,,,,,,"Google",,,"3",,,"1606","2026-08-08T17:32:25.309Z","Direct Detail URL: https://www.google.com/maps/place/Parrillada+Restaurant+El+Dorado+Sauces+3/@-2.1265971,-79.8975452,12.68z/data=!4m10!1m2!2m1!1sEl+Dorado!3m6!1s0x902d6d3cdc44fe9f:0xec2df1193372b345!8m2!3d-2.1281964!4d-79.8868048!15sCglFbCBEb3JhZG9aCyIJZWwgZG9yYWRvkgEKcmVzdGF1cmFudOABAA!16s%2Fg%2F12hmt6sh_?entry=ttu&g_ep=EgoyMDI2MDgwNS4xIKXMDSoASAFQAw%3D%3D","5",,"Rodrigo Icaza Cornejo Manzana 139","false",,,"Parrillada Restaurant El Dorado Sauces 3","4.4",,"https://www.google.com/maps/search/?api=1&query=Parrillada%20Restaurant%20El%20Dorado%20Sauces%203&query_place_id=ChIJn_5E3DxtLZARRbNyMxnxLew",
"Rodrigo Icaza Cornejo Manzana 139, 090504 Guayaquil, Ecuador","Restaurante","Restaurante","17018523657442603845","Guayaquil","EC","0x902d6d3cdc44fe9f:0xec2df1193372b345",,"https://lh3.googleusercontent.com/gps-cs-s/AHRPTWmvm90GLRySCo4gUqKI_yhh6hrRUm1p03H_4PyufCCfD8b6v6-CDw1zrqgo2---n6Hr_d_g6er4FZP8idRvw6-nSk2UbtHS-0wnv6imvoQgsKgiBNsVbXsxY7ZQC8l44ZhqvzqHvw=w408-h395-k-no","false","false","/g/12hmt6sh_","es-419","0","-2.1281964","-79.8868048",,"Los Sauces",,"false","ChIJn_5E3DxtLZARRbNyMxnxLew","090504","$5-10","Hace 2 años","2023-09-20T01:28:39.918Z",,,,,,,,,,,,,,,,,,,,,"4","4","4","ChdDSUhNMG9nS0VJQ0FnSUNabDdIZmtBRRAB",,,,,,,,"Google",,,"2",,,"1606","2026-08-08T17:32:25.309Z","Direct Detail URL: https://www.google.com/maps/place/Parrillada+Restaurant+El+Dorado+Sauces+3/@-2.1265971,-79.8975452,12.68z/data=!4m10!1m2!2m1!1sEl+Dorado!3m6!1s0x902d6d3cdc44fe9f:0xec2df1193372b345!8m2!3d-2.1281964!4d-79.8868048!15sCglFbCBEb3JhZG9aCyIJZWwgZG9yYWRvkgEKcmVzdGF1cmFudOABAA!16s%2Fg%2F12hmt6sh_?entry=ttu&g_ep=EgoyMDI2MDgwNS4xIKXMDSoASAFQAw%3D%3D","4",,"Rodrigo Icaza Cornejo Manzana 139","false",,,"Parrillada Restaurant El Dorado Sauces 3","4.4",,"https://www.google.com/maps/search/?api=1&query=Parrillada%20Restaurant%20El%20Dorado%20Sauces%203&query_place_id=ChIJn_5E3DxtLZARRbNyMxnxLew",
"Rodrigo Icaza Cornejo Manzana 139, 090504 Guayaquil, Ecuador","Restaurante","Restaurante","17018523657442603845","Guayaquil","EC","0x902d6d3cdc44fe9f:0xec2df1193372b345",,"https://lh3.googleusercontent.com/gps-cs-s/AHRPTWmvm90GLRySCo4gUqKI_yhh6hrRUm1p03H_4PyufCCfD8b6v6-CDw1zrqgo2---n6Hr_d_g6er4FZP8idRvw6-nSk2UbtHS-0wnv6imvoQgsKgiBNsVbXsxY7ZQC8l44ZhqvzqHvw=w408-h395-k-no","false","false","/g/12hmt6sh_","es-419","0","-2.1281964","-79.8868048",,"Los Sauces","es","false","ChIJn_5E3DxtLZARRbNyMxnxLew","090504","$5-10","Hace 2 años","2023-09-11T19:18:41.691Z",,,,,,,,,,,,,,,,,,,"Almuerzo","Consumo en el lugar","1","1","4","ChdDSUhNMG9nS0VJQ0FnSUNad2JDT25RRRAB",,,,,,,,"Google",,,"5",,,"1606","2026-08-08T17:32:25.309Z","Direct Detail URL: https://www.google.com/maps/place/Parrillada+Restaurant+El+Dorado+Sauces+3/@-2.1265971,-79.8975452,12.68z/data=!4m10!1m2!2m1!1sEl+Dorado!3m6!1s0x902d6d3cdc44fe9f:0xec2df1193372b345!8m2!3d-2.1281964!4d-79.8868048!15sCglFbCBEb3JhZG9aCyIJZWwgZG9yYWRvkgEKcmVzdGF1cmFudOABAA!16s%2Fg%2F12hmt6sh_?entry=ttu&g_ep=EgoyMDI2MDgwNS4xIKXMDSoASAFQAw%3D%3D","1",,"Rodrigo Icaza Cornejo Manzana 139","false","Mala experiencia  comida fría la tensión fue buena  el pollo estaba crudo y la carne estaba verde y olía mal.",,"Parrillada Restaurant El Dorado Sauces 3","4.4",,"https://www.google.com/maps/search/?api=1&query=Parrillada%20Restaurant%20El%20Dorado%20Sauces%203&query_place_id=ChIJn_5E3DxtLZARRbNyMxnxLew",
"Rodrigo Icaza Cornejo Manzana 139, 090504 Guayaquil, Ecuador","Restaurante","Restaurante","17018523657442603845","Guayaquil","EC","0x902d6d3cdc44fe9f:0xec2df1193372b345",,"https://lh3.googleusercontent.com/gps-cs-s/AHRPTWmvm90GLRySCo4gUqKI_yhh6hrRUm1p03H_4PyufCCfD8b6v6-CDw1zrqgo2---n6Hr_d_g6er4FZP8idRvw6-nSk2UbtHS-0wnv6imvoQgsKgiBNsVbXsxY7ZQC8l44ZhqvzqHvw=w408-h395-k-no","false","true","/g/12hmt6sh_","es-419","0","-2.1281964","-79.8868048",,"Los Sauces",,"false","ChIJn_5E3DxtLZARRbNyMxnxLew","090504","$5-10","Hace 2 años","2023-09-10T23:23:58.352Z",,,,,,,,,,,,,,,,,,,,,,,,"ChZDSUhNMG9nS0VJQ0FnSUNaN283dlNnEAE",,,,,,,,"Google",,,"22",,,"1606","2026-08-08T17:32:25.309Z","Direct Detail URL: https://www.google.com/maps/place/Parrillada+Restaurant+El+Dorado+Sauces+3/@-2.1265971,-79.8975452,12.68z/data=!4m10!1m2!2m1!1sEl+Dorado!3m6!1s0x902d6d3cdc44fe9f:0xec2df1193372b345!8m2!3d-2.1281964!4d-79.8868048!15sCglFbCBEb3JhZG9aCyIJZWwgZG9yYWRvkgEKcmVzdGF1cmFudOABAA!16s%2Fg%2F12hmt6sh_?entry=ttu&g_ep=EgoyMDI2MDgwNS4xIKXMDSoASAFQAw%3D%3D","4",,"Rodrigo Icaza Cornejo Manzana 139","false",,,"Parrillada Restaurant El Dorado Sauces 3","4.4",,"https://www.google.com/maps/search/?api=1&query=Parrillada%20Restaurant%20El%20Dorado%20Sauces%203&query_place_id=ChIJn_5E3DxtLZARRbNyMxnxLew",
"Rodrigo Icaza Cornejo Manzana 139, 090504 Guayaquil, Ecuador","Restaurante","Restaurante","17018523657442603845","Guayaquil","EC","0x902d6d3cdc44fe9f:0xec2df1193372b345",,"https://lh3.googleusercontent.com/gps-cs-s/AHRPTWmvm90GLRySCo4gUqKI_yhh6hrRUm1p03H_4PyufCCfD8b6v6-CDw1zrqgo2---n6Hr_d_g6er4FZP8idRvw6-nSk2UbtHS-0wnv6imvoQgsKgiBNsVbXsxY7ZQC8l44ZhqvzqHvw=w408-h395-k-no","false","true","/g/12hmt6sh_","es-419","1","-2.1281964","-79.8868048",,"Los Sauces","es","false","ChIJn_5E3DxtLZARRbNyMxnxLew","090504","$5-10","Hace 2 años","2023-09-05T07:06:52.051Z",,,,,,,,,,,,,,,,,,,,,"5","5","5","ChdDSUhNMG9nS0VJQ0FnSUNadE5TMjNRRRAB","https://lh3.googleusercontent.com/grass-cs/ACvplmNrfhU3Xc4bOeNbyolcxNG8JT4NisOr5B5BSyyyROUGx9c_dGKX4tEYa9UIsnL8obPwPjAlPy9JWeCdqyMwnMyrruG1A3IJ9bDO32BZxRYO7sWkC0GfjONos4lU4GFjnXUrnCqe=k-no","https://lh3.googleusercontent.com/grass-cs/ACvplmNNRNDD5h-tqWNszj3qjZFPFm_NJ07ZT90UL5M0rGrkPQfLDu1whsWRLn4sgQR235WrYEvXsAKyvDtW2ohOBe-8s4WTrlLdMUxfrbgk9QWQk6RhQhJjJoKeOjxKo2sqbPcS2qpc8A=k-no","https://lh3.googleusercontent.com/grass-cs/ACvplmP2DHb6HT-Mqe8oo9jHJX4NrDZIktPkYOebK73Sg8JEjLBExq-A1uF8eyW_L2Yrj_9BPCdGF98FRyC2wnmB4_WRT2jUh07jCqo8IkIHmjVgw-fRrZpupM9H3fyLuIZV3wrV2_-q=k-no","https://lh3.googleusercontent.com/grass-cs/ACvplmOs-P8CuXIDEKJTQ305neXNZgGH_bQqn4JwQauDtNGUP4mWN8ZpZL1zUVnAw-QrgpagPXxfo4U1N7AZa1AbwQhHSxjsql3dW92lAhJVBTekmgfxdghXvuhNeLNeiDPIS6q2VI-Zpw=k-no","https://lh3.googleusercontent.com/grass-cs/ACvplmPxMXnCGvuEgvncszo6M7VlceAVdZaV7pElZ4uGwkGaZAfyOwNzOgyPvqCbWL9mP6BxRsYrmhHwlDC47qOrGA1YtV7WB9Df9JQW2-0OcxsNIUlP3BLU3xybyqZzC9NbpiPOl7Sw=k-no","https://lh3.googleusercontent.com/grass-cs/ACvplmO5Ir4FgNCxNLWD2cqsILaFiBQpn558PCs8JL0WS3bhjuo_6hILIGE_hP4dddIwD9oth5w07QkDNY1b4UgM8N9KiYC53wdP3ssDAVwIArpc2bQu5GzFCmIO1Y-os0COxRb0QlI58w=k-no","https://lh3.googleusercontent.com/grass-cs/ACvplmOYKh5Ab_ZR0QTHsSuZRBKw0KRlHa1rPlwJghiFF071ButlRapgvw_cLG69b6ChsCG3MbmV7sn0k_u0LpQjkvgJxyIUsbYNa84D2TbTXJkoV4aWA64hAAA4l9muTaiQgSjIgGpw=k-no","Google",,,"65",,,"1606","2026-08-08T17:32:25.309Z","Direct Detail URL: https://www.google.com/maps/place/Parrillada+Restaurant+El+Dorado+Sauces+3/@-2.1265971,-79.8975452,12.68z/data=!4m10!1m2!2m1!1sEl+Dorado!3m6!1s0x902d6d3cdc44fe9f:0xec2df1193372b345!8m2!3d-2.1281964!4d-79.8868048!15sCglFbCBEb3JhZG9aCyIJZWwgZG9yYWRvkgEKcmVzdGF1cmFudOABAA!16s%2Fg%2F12hmt6sh_?entry=ttu&g_ep=EgoyMDI2MDgwNS4xIKXMDSoASAFQAw%3D%3D","5",,"Rodrigo Icaza Cornejo Manzana 139","false","Excelentes lugar para compartir en familia o con amigos.
Los batidos don muy ricos
Les recomendó la parrilla
Las hamburguesas 🍔  son deliciosas y viene todo en una presentación increíble.
Cada uno de los platos que he probado son muy ricos.
Si vas con tu pareja o amigos no dejes de tomar una buena copa de vino 🍷  son A++
El servicio envidiable son muy serviciales el lugar siempre está limpio y los baños igual.
Se los recomiendo 👌
Si van a visitar por esta reseña dejen su like 👇",,"Parrillada Restaurant El Dorado Sauces 3","4.4",,"https://www.google.com/maps/search/?api=1&query=Parrillada%20Restaurant%20El%20Dorado%20Sauces%203&query_place_id=ChIJn_5E3DxtLZARRbNyMxnxLew",
"Rodrigo Icaza Cornejo Manzana 139, 090504 Guayaquil, Ecuador","Restaurante","Restaurante","17018523657442603845","Guayaquil","EC","0x902d6d3cdc44fe9f:0xec2df1193372b345",,"https://lh3.googleusercontent.com/gps-cs-s/AHRPTWmvm90GLRySCo4gUqKI_yhh6hrRUm1p03H_4PyufCCfD8b6v6-CDw1zrqgo2---n6Hr_d_g6er4FZP8idRvw6-nSk2UbtHS-0wnv6imvoQgsKgiBNsVbXsxY7ZQC8l44ZhqvzqHvw=w408-h395-k-no","false","false","/g/12hmt6sh_","es-419","0","-2.1281964","-79.8868048",,"Los Sauces",,"false","ChIJn_5E3DxtLZARRbNyMxnxLew","090504","$5-10","Hace 2 años","2023-09-04T17:07:23.724Z",,,,,,,,,,,,,,,,,,,,,"5","5","5","ChdDSUhNMG9nS0VJQ0FnSUNaNUt6MHVRRRAB",,,,,,,,"Google",,,"1",,,"1606","2026-08-08T17:32:25.309Z","Direct Detail URL: https://www.google.com/maps/place/Parrillada+Restaurant+El+Dorado+Sauces+3/@-2.1265971,-79.8975452,12.68z/data=!4m10!1m2!2m1!1sEl+Dorado!3m6!1s0x902d6d3cdc44fe9f:0xec2df1193372b345!8m2!3d-2.1281964!4d-79.8868048!15sCglFbCBEb3JhZG9aCyIJZWwgZG9yYWRvkgEKcmVzdGF1cmFudOABAA!16s%2Fg%2F12hmt6sh_?entry=ttu&g_ep=EgoyMDI2MDgwNS4xIKXMDSoASAFQAw%3D%3D","5",,"Rodrigo Icaza Cornejo Manzana 139","false",,,"Parrillada Restaurant El Dorado Sauces 3","4.4",,"https://www.google.com/maps/search/?api=1&query=Parrillada%20Restaurant%20El%20Dorado%20Sauces%203&query_place_id=ChIJn_5E3DxtLZARRbNyMxnxLew",
"Rodrigo Icaza Cornejo Manzana 139, 090504 Guayaquil, Ecuador","Restaurante","Restaurante","17018523657442603845","Guayaquil","EC","0x902d6d3cdc44fe9f:0xec2df1193372b345",,"https://lh3.googleusercontent.com/gps-cs-s/AHRPTWmvm90GLRySCo4gUqKI_yhh6hrRUm1p03H_4PyufCCfD8b6v6-CDw1zrqgo2---n6Hr_d_g6er4FZP8idRvw6-nSk2UbtHS-0wnv6imvoQgsKgiBNsVbXsxY7ZQC8l44ZhqvzqHvw=w408-h395-k-no","false","false","/g/12hmt6sh_","es-419","0","-2.1281964","-79.8868048",,"Los Sauces",,"false","ChIJn_5E3DxtLZARRbNyMxnxLew","090504","$5-10","Hace 2 años","2023-08-31T20:15:48.275Z",,,,,,,,,,,,,,,,,,,,,"5","5","5","ChdDSUhNMG9nS0VJQ0FnSURwcjllSXhRRRAB",,,,,,,,"Google",,,"0",,,"1606","2026-08-08T17:32:25.309Z","Direct Detail URL: https://www.google.com/maps/place/Parrillada+Restaurant+El+Dorado+Sauces+3/@-2.1265971,-79.8975452,12.68z/data=!4m10!1m2!2m1!1sEl+Dorado!3m6!1s0x902d6d3cdc44fe9f:0xec2df1193372b345!8m2!3d-2.1281964!4d-79.8868048!15sCglFbCBEb3JhZG9aCyIJZWwgZG9yYWRvkgEKcmVzdGF1cmFudOABAA!16s%2Fg%2F12hmt6sh_?entry=ttu&g_ep=EgoyMDI2MDgwNS4xIKXMDSoASAFQAw%3D%3D","5",,"Rodrigo Icaza Cornejo Manzana 139","false",,,"Parrillada Restaurant El Dorado Sauces 3","4.4",,"https://www.google.com/maps/search/?api=1&query=Parrillada%20Restaurant%20El%20Dorado%20Sauces%203&query_place_id=ChIJn_5E3DxtLZARRbNyMxnxLew",
"Rodrigo Icaza Cornejo Manzana 139, 090504 Guayaquil, Ecuador","Restaurante","Restaurante","17018523657442603845","Guayaquil","EC","0x902d6d3cdc44fe9f:0xec2df1193372b345",,"https://lh3.googleusercontent.com/gps-cs-s/AHRPTWmvm90GLRySCo4gUqKI_yhh6hrRUm1p03H_4PyufCCfD8b6v6-CDw1zrqgo2---n6Hr_d_g6er4FZP8idRvw6-nSk2UbtHS-0wnv6imvoQgsKgiBNsVbXsxY7ZQC8l44ZhqvzqHvw=w408-h395-k-no","false","false","/g/12hmt6sh_","es-419","0","-2.1281964","-79.8868048",,"Los Sauces",,"false","ChIJn_5E3DxtLZARRbNyMxnxLew","090504","$5-10","Hace 2 años","2023-08-30T17:39:08.868Z",,,,,,,,,,,,,,,,,,,,,,,,"ChZDSUhNMG9nS0VJQ0FnSURwNTUyUEVBEAE",,,,,,,,"Google",,,"4",,,"1606","2026-08-08T17:32:25.309Z","Direct Detail URL: https://www.google.com/maps/place/Parrillada+Restaurant+El+Dorado+Sauces+3/@-2.1265971,-79.8975452,12.68z/data=!4m10!1m2!2m1!1sEl+Dorado!3m6!1s0x902d6d3cdc44fe9f:0xec2df1193372b345!8m2!3d-2.1281964!4d-79.8868048!15sCglFbCBEb3JhZG9aCyIJZWwgZG9yYWRvkgEKcmVzdGF1cmFudOABAA!16s%2Fg%2F12hmt6sh_?entry=ttu&g_ep=EgoyMDI2MDgwNS4xIKXMDSoASAFQAw%3D%3D","5",,"Rodrigo Icaza Cornejo Manzana 139","false",,,"Parrillada Restaurant El Dorado Sauces 3","4.4",,"https://www.google.com/maps/search/?api=1&query=Parrillada%20Restaurant%20El%20Dorado%20Sauces%203&query_place_id=ChIJn_5E3DxtLZARRbNyMxnxLew",
"Rodrigo Icaza Cornejo Manzana 139, 090504 Guayaquil, Ecuador","Restaurante","Restaurante","17018523657442603845","Guayaquil","EC","0x902d6d3cdc44fe9f:0xec2df1193372b345",,"https://lh3.googleusercontent.com/gps-cs-s/AHRPTWmvm90GLRySCo4gUqKI_yhh6hrRUm1p03H_4PyufCCfD8b6v6-CDw1zrqgo2---n6Hr_d_g6er4FZP8idRvw6-nSk2UbtHS-0wnv6imvoQgsKgiBNsVbXsxY7ZQC8l44ZhqvzqHvw=w408-h395-k-no","false","true","/g/12hmt6sh_","es-419","0","-2.1281964","-79.8868048",,"Los Sauces","es","false","ChIJn_5E3DxtLZARRbNyMxnxLew","090504","$5-10","Hace 2 años","2023-08-30T00:18:32.846Z",,,,,,,,,,,,,,,,,,,,,,"5","5","ChZDSUhNMG9nS0VJQ0FnSURwdTh1NlZnEAE",,,,,,,,"Google",,,"27",,,"1606","2026-08-08T17:32:25.309Z","Direct Detail URL: https://www.google.com/maps/place/Parrillada+Restaurant+El+Dorado+Sauces+3/@-2.1265971,-79.8975452,12.68z/data=!4m10!1m2!2m1!1sEl+Dorado!3m6!1s0x902d6d3cdc44fe9f:0xec2df1193372b345!8m2!3d-2.1281964!4d-79.8868048!15sCglFbCBEb3JhZG9aCyIJZWwgZG9yYWRvkgEKcmVzdGF1cmFudOABAA!16s%2Fg%2F12hmt6sh_?entry=ttu&g_ep=EgoyMDI2MDgwNS4xIKXMDSoASAFQAw%3D%3D","5",,"Rodrigo Icaza Cornejo Manzana 139","false","Es fácilmente encuentras todo",,"Parrillada Restaurant El Dorado Sauces 3","4.4",,"https://www.google.com/maps/search/?api=1&query=Parrillada%20Restaurant%20El%20Dorado%20Sauces%203&query_place_id=ChIJn_5E3DxtLZARRbNyMxnxLew",
"Rodrigo Icaza Cornejo Manzana 139, 090504 Guayaquil, Ecuador","Restaurante","Restaurante","17018523657442603845","Guayaquil","EC","0x902d6d3cdc44fe9f:0xec2df1193372b345",,"https://lh3.googleusercontent.com/gps-cs-s/AHRPTWmvm90GLRySCo4gUqKI_yhh6hrRUm1p03H_4PyufCCfD8b6v6-CDw1zrqgo2---n6Hr_d_g6er4FZP8idRvw6-nSk2UbtHS-0wnv6imvoQgsKgiBNsVbXsxY7ZQC8l44ZhqvzqHvw=w408-h395-k-no","false","true","/g/12hmt6sh_","es-419","0","-2.1281964","-79.8868048",,"Los Sauces",,"false","ChIJn_5E3DxtLZARRbNyMxnxLew","090504","$5-10","Hace 2 años","2023-08-27T22:29:20.489Z",,,,,,,,,,,,,,,,,,,,,,,,"ChdDSUhNMG9nS0VJQ0FnSURwZzllcmpBRRAB",,,,,,,,"Google",,,"24",,,"1606","2026-08-08T17:32:25.309Z","Direct Detail URL: https://www.google.com/maps/place/Parrillada+Restaurant+El+Dorado+Sauces+3/@-2.1265971,-79.8975452,12.68z/data=!4m10!1m2!2m1!1sEl+Dorado!3m6!1s0x902d6d3cdc44fe9f:0xec2df1193372b345!8m2!3d-2.1281964!4d-79.8868048!15sCglFbCBEb3JhZG9aCyIJZWwgZG9yYWRvkgEKcmVzdGF1cmFudOABAA!16s%2Fg%2F12hmt6sh_?entry=ttu&g_ep=EgoyMDI2MDgwNS4xIKXMDSoASAFQAw%3D%3D","5",,"Rodrigo Icaza Cornejo Manzana 139","false",,,"Parrillada Restaurant El Dorado Sauces 3","4.4",,"https://www.google.com/maps/search/?api=1&query=Parrillada%20Restaurant%20El%20Dorado%20Sauces%203&query_place_id=ChIJn_5E3DxtLZARRbNyMxnxLew",
"Rodrigo Icaza Cornejo Manzana 139, 090504 Guayaquil, Ecuador","Restaurante","Restaurante","17018523657442603845","Guayaquil","EC","0x902d6d3cdc44fe9f:0xec2df1193372b345",,"https://lh3.googleusercontent.com/gps-cs-s/AHRPTWmvm90GLRySCo4gUqKI_yhh6hrRUm1p03H_4PyufCCfD8b6v6-CDw1zrqgo2---n6Hr_d_g6er4FZP8idRvw6-nSk2UbtHS-0wnv6imvoQgsKgiBNsVbXsxY7ZQC8l44ZhqvzqHvw=w408-h395-k-no","false","false","/g/12hmt6sh_","es-419","0","-2.1281964","-79.8868048",,"Los Sauces",,"false","ChIJn_5E3DxtLZARRbNyMxnxLew","090504","$5-10","Hace 2 años","2023-08-19T22:12:14.701Z",,,,,,,,,,,,,,,,,,,,,,,,"ChdDSUhNMG9nS0VJQ0FnSURwcXM3c2dnRRAB",,,,,,,,"Google",,,"3",,,"1606","2026-08-08T17:32:25.309Z","Direct Detail URL: https://www.google.com/maps/place/Parrillada+Restaurant+El+Dorado+Sauces+3/@-2.1265971,-79.8975452,12.68z/data=!4m10!1m2!2m1!1sEl+Dorado!3m6!1s0x902d6d3cdc44fe9f:0xec2df1193372b345!8m2!3d-2.1281964!4d-79.8868048!15sCglFbCBEb3JhZG9aCyIJZWwgZG9yYWRvkgEKcmVzdGF1cmFudOABAA!16s%2Fg%2F12hmt6sh_?entry=ttu&g_ep=EgoyMDI2MDgwNS4xIKXMDSoASAFQAw%3D%3D","5",,"Rodrigo Icaza Cornejo Manzana 139","false",,,"Parrillada Restaurant El Dorado Sauces 3","4.4",,"https://www.google.com/maps/search/?api=1&query=Parrillada%20Restaurant%20El%20Dorado%20Sauces%203&query_place_id=ChIJn_5E3DxtLZARRbNyMxnxLew",
"Rodrigo Icaza Cornejo Manzana 139, 090504 Guayaquil, Ecuador","Restaurante","Restaurante","17018523657442603845","Guayaquil","EC","0x902d6d3cdc44fe9f:0xec2df1193372b345",,"https://lh3.googleusercontent.com/gps-cs-s/AHRPTWmvm90GLRySCo4gUqKI_yhh6hrRUm1p03H_4PyufCCfD8b6v6-CDw1zrqgo2---n6Hr_d_g6er4FZP8idRvw6-nSk2UbtHS-0wnv6imvoQgsKgiBNsVbXsxY7ZQC8l44ZhqvzqHvw=w408-h395-k-no","false","false","/g/12hmt6sh_","es-419","0","-2.1281964","-79.8868048",,"Los Sauces",,"false","ChIJn_5E3DxtLZARRbNyMxnxLew","090504","$5-10","Hace 2 años","2023-08-13T05:40:21.575Z",,,,,,,,,,,,,,,,,,,,,"4","5","4","ChZDSUhNMG9nS0VJQ0FnSUNwNzhXTU9REAE",,,,,,,,"Google",,,"0",,,"1606","2026-08-08T17:32:25.309Z","Direct Detail URL: https://www.google.com/maps/place/Parrillada+Restaurant+El+Dorado+Sauces+3/@-2.1265971,-79.8975452,12.68z/data=!4m10!1m2!2m1!1sEl+Dorado!3m6!1s0x902d6d3cdc44fe9f:0xec2df1193372b345!8m2!3d-2.1281964!4d-79.8868048!15sCglFbCBEb3JhZG9aCyIJZWwgZG9yYWRvkgEKcmVzdGF1cmFudOABAA!16s%2Fg%2F12hmt6sh_?entry=ttu&g_ep=EgoyMDI2MDgwNS4xIKXMDSoASAFQAw%3D%3D","5",,"Rodrigo Icaza Cornejo Manzana 139","false",,,"Parrillada Restaurant El Dorado Sauces 3","4.4",,"https://www.google.com/maps/search/?api=1&query=Parrillada%20Restaurant%20El%20Dorado%20Sauces%203&query_place_id=ChIJn_5E3DxtLZARRbNyMxnxLew",
"Rodrigo Icaza Cornejo Manzana 139, 090504 Guayaquil, Ecuador","Restaurante","Restaurante","17018523657442603845","Guayaquil","EC","0x902d6d3cdc44fe9f:0xec2df1193372b345",,"https://lh3.googleusercontent.com/gps-cs-s/AHRPTWmvm90GLRySCo4gUqKI_yhh6hrRUm1p03H_4PyufCCfD8b6v6-CDw1zrqgo2---n6Hr_d_g6er4FZP8idRvw6-nSk2UbtHS-0wnv6imvoQgsKgiBNsVbXsxY7ZQC8l44ZhqvzqHvw=w408-h395-k-no","false","true","/g/12hmt6sh_","es-419","0","-2.1281964","-79.8868048",,"Los Sauces","en","false","ChIJn_5E3DxtLZARRbNyMxnxLew","090504","$5-10","Editado Hace 2 años","2023-08-13T01:32:10.584Z",,,,,,,,,,,,,,,,,,,,"Consumo en el lugar","4","5","5","ChZDSUhNMG9nS0VJQ0FnSUNDOGNTamV3EAE","https://lh3.googleusercontent.com/grass-cs/ACvplmP_ut7n6VSVkwBqiZiZK5ulnO21E_3LJUKiOJXkoeypu_Ymmzs1WRrrkQnHJdLUVetaD0l4smzUayUhPHnY-3Z_HiVdCLO0m20nCL5BsWQUlLPgimKFdFwaGN-aeIVoe-IHGOaB=k-no","https://lh3.googleusercontent.com/grass-cs/ACvplmP78p5Pb5XCiS07y20GtR5CpOJnENhUzRPwx7PN1F1AUKzPx-cU9EXIuPlmg7yJfSJjq5kjTvKy_F9zKmyi5d70sI1lg09mJ27JtRWecV0Vni50QStbyrXVhTWsXPRXk1O3KjLYsg=k-no",,,,,,"Google",,,"223",,,"1606","2026-08-08T17:32:25.309Z","Direct Detail URL: https://www.google.com/maps/place/Parrillada+Restaurant+El+Dorado+Sauces+3/@-2.1265971,-79.8975452,12.68z/data=!4m10!1m2!2m1!1sEl+Dorado!3m6!1s0x902d6d3cdc44fe9f:0xec2df1193372b345!8m2!3d-2.1281964!4d-79.8868048!15sCglFbCBEb3JhZG9aCyIJZWwgZG9yYWRvkgEKcmVzdGF1cmFudOABAA!16s%2Fg%2F12hmt6sh_?entry=ttu&g_ep=EgoyMDI2MDgwNS4xIKXMDSoASAFQAw%3D%3D","4",,"Rodrigo Icaza Cornejo Manzana 139","false","Great food. The Corvina out of this world.. Great price","Comida excelente. La corvina, ¡de otro mundo! Precio estupendo.","Parrillada Restaurant El Dorado Sauces 3","4.4","es","https://www.google.com/maps/search/?api=1&query=Parrillada%20Restaurant%20El%20Dorado%20Sauces%203&query_place_id=ChIJn_5E3DxtLZARRbNyMxnxLew",
"Rodrigo Icaza Cornejo Manzana 139, 090504 Guayaquil, Ecuador","Restaurante","Restaurante","17018523657442603845","Guayaquil","EC","0x902d6d3cdc44fe9f:0xec2df1193372b345",,"https://lh3.googleusercontent.com/gps-cs-s/AHRPTWmvm90GLRySCo4gUqKI_yhh6hrRUm1p03H_4PyufCCfD8b6v6-CDw1zrqgo2---n6Hr_d_g6er4FZP8idRvw6-nSk2UbtHS-0wnv6imvoQgsKgiBNsVbXsxY7ZQC8l44ZhqvzqHvw=w408-h395-k-no","false","false","/g/12hmt6sh_","es-419","0","-2.1281964","-79.8868048",,"Los Sauces",,"false","ChIJn_5E3DxtLZARRbNyMxnxLew","090504","$5-10","Hace 2 años","2023-08-09T02:35:35.709Z",,,,,,,,,,,,,"$40-45",,,,,,"Almuerzo","Consumo en el lugar","4","4","4","ChdDSUhNMG9nS0VJQ0FnSUNwX1liSTZnRRAB",,,,,,,,"Google",,,"0",,,"1606","2026-08-08T17:32:25.309Z","Direct Detail URL: https://www.google.com/maps/place/Parrillada+Restaurant+El+Dorado+Sauces+3/@-2.1265971,-79.8975452,12.68z/data=!4m10!1m2!2m1!1sEl+Dorado!3m6!1s0x902d6d3cdc44fe9f:0xec2df1193372b345!8m2!3d-2.1281964!4d-79.8868048!15sCglFbCBEb3JhZG9aCyIJZWwgZG9yYWRvkgEKcmVzdGF1cmFudOABAA!16s%2Fg%2F12hmt6sh_?entry=ttu&g_ep=EgoyMDI2MDgwNS4xIKXMDSoASAFQAw%3D%3D","5",,"Rodrigo Icaza Cornejo Manzana 139","false",,,"Parrillada Restaurant El Dorado Sauces 3","4.4",,"https://www.google.com/maps/search/?api=1&query=Parrillada%20Restaurant%20El%20Dorado%20Sauces%203&query_place_id=ChIJn_5E3DxtLZARRbNyMxnxLew",
"Rodrigo Icaza Cornejo Manzana 139, 090504 Guayaquil, Ecuador","Restaurante","Restaurante","17018523657442603845","Guayaquil","EC","0x902d6d3cdc44fe9f:0xec2df1193372b345",,"https://lh3.googleusercontent.com/gps-cs-s/AHRPTWmvm90GLRySCo4gUqKI_yhh6hrRUm1p03H_4PyufCCfD8b6v6-CDw1zrqgo2---n6Hr_d_g6er4FZP8idRvw6-nSk2UbtHS-0wnv6imvoQgsKgiBNsVbXsxY7ZQC8l44ZhqvzqHvw=w408-h395-k-no","false","true","/g/12hmt6sh_","es-419","0","-2.1281964","-79.8868048",,"Los Sauces","es","false","ChIJn_5E3DxtLZARRbNyMxnxLew","090504","$5-10","Hace 2 años","2023-08-08T20:54:41.721Z",,,,,,,,,,,,,,,,,,,,,"3","3","5","ChZDSUhNMG9nS0VJQ0FnSUNwM2YySE9BEAE",,,,,,,,"Google",,,"76",,,"1606","2026-08-08T17:32:25.309Z","Direct Detail URL: https://www.google.com/maps/place/Parrillada+Restaurant+El+Dorado+Sauces+3/@-2.1265971,-79.8975452,12.68z/data=!4m10!1m2!2m1!1sEl+Dorado!3m6!1s0x902d6d3cdc44fe9f:0xec2df1193372b345!8m2!3d-2.1281964!4d-79.8868048!15sCglFbCBEb3JhZG9aCyIJZWwgZG9yYWRvkgEKcmVzdGF1cmFudOABAA!16s%2Fg%2F12hmt6sh_?entry=ttu&g_ep=EgoyMDI2MDgwNS4xIKXMDSoASAFQAw%3D%3D","4",,"Rodrigo Icaza Cornejo Manzana 139","false","Visité el lugar más allá q el sabor fue la nostalgia, nada en comparación con lo q algun día fue...",,"Parrillada Restaurant El Dorado Sauces 3","4.4",,"https://www.google.com/maps/search/?api=1&query=Parrillada%20Restaurant%20El%20Dorado%20Sauces%203&query_place_id=ChIJn_5E3DxtLZARRbNyMxnxLew",
"Rodrigo Icaza Cornejo Manzana 139, 090504 Guayaquil, Ecuador","Restaurante","Restaurante","17018523657442603845","Guayaquil","EC","0x902d6d3cdc44fe9f:0xec2df1193372b345",,"https://lh3.googleusercontent.com/gps-cs-s/AHRPTWmvm90GLRySCo4gUqKI_yhh6hrRUm1p03H_4PyufCCfD8b6v6-CDw1zrqgo2---n6Hr_d_g6er4FZP8idRvw6-nSk2UbtHS-0wnv6imvoQgsKgiBNsVbXsxY7ZQC8l44ZhqvzqHvw=w408-h395-k-no","false","false","/g/12hmt6sh_","es-419","0","-2.1281964","-79.8868048",,"Los Sauces","es","false","ChIJn_5E3DxtLZARRbNyMxnxLew","090504","$5-10","Hace 3 años","2023-08-08T14:21:08.948Z",,,,,,,,,,,,,,,,,,,,,"5","5","5","ChZDSUhNMG9nS0VJQ0FnSUNwN2FTSVBnEAE",,,,,,,,"Google",,,"10",,,"1606","2026-08-08T17:32:25.309Z","Direct Detail URL: https://www.google.com/maps/place/Parrillada+Restaurant+El+Dorado+Sauces+3/@-2.1265971,-79.8975452,12.68z/data=!4m10!1m2!2m1!1sEl+Dorado!3m6!1s0x902d6d3cdc44fe9f:0xec2df1193372b345!8m2!3d-2.1281964!4d-79.8868048!15sCglFbCBEb3JhZG9aCyIJZWwgZG9yYWRvkgEKcmVzdGF1cmFudOABAA!16s%2Fg%2F12hmt6sh_?entry=ttu&g_ep=EgoyMDI2MDgwNS4xIKXMDSoASAFQAw%3D%3D","5",,"Rodrigo Icaza Cornejo Manzana 139","false","Excelente",,"Parrillada Restaurant El Dorado Sauces 3","4.4",,"https://www.google.com/maps/search/?api=1&query=Parrillada%20Restaurant%20El%20Dorado%20Sauces%203&query_place_id=ChIJn_5E3DxtLZARRbNyMxnxLew",
"Rodrigo Icaza Cornejo Manzana 139, 090504 Guayaquil, Ecuador","Restaurante","Restaurante","17018523657442603845","Guayaquil","EC","0x902d6d3cdc44fe9f:0xec2df1193372b345",,"https://lh3.googleusercontent.com/gps-cs-s/AHRPTWmvm90GLRySCo4gUqKI_yhh6hrRUm1p03H_4PyufCCfD8b6v6-CDw1zrqgo2---n6Hr_d_g6er4FZP8idRvw6-nSk2UbtHS-0wnv6imvoQgsKgiBNsVbXsxY7ZQC8l44ZhqvzqHvw=w408-h395-k-no","false","true","/g/12hmt6sh_","es-419","0","-2.1281964","-79.8868048",,"Los Sauces",,"false","ChIJn_5E3DxtLZARRbNyMxnxLew","090504","$5-10","Hace 3 años","2023-08-07T22:48:16.634Z",,,,,,,,,,,,,"$5-10",,,,,,,,"5","5","5","ChZDSUhNMG9nS0VJQ0FnSUNwdFlQUWVnEAE",,,,,,,,"Google",,,"55",,,"1606","2026-08-08T17:32:25.309Z","Direct Detail URL: https://www.google.com/maps/place/Parrillada+Restaurant+El+Dorado+Sauces+3/@-2.1265971,-79.8975452,12.68z/data=!4m10!1m2!2m1!1sEl+Dorado!3m6!1s0x902d6d3cdc44fe9f:0xec2df1193372b345!8m2!3d-2.1281964!4d-79.8868048!15sCglFbCBEb3JhZG9aCyIJZWwgZG9yYWRvkgEKcmVzdGF1cmFudOABAA!16s%2Fg%2F12hmt6sh_?entry=ttu&g_ep=EgoyMDI2MDgwNS4xIKXMDSoASAFQAw%3D%3D","5",,"Rodrigo Icaza Cornejo Manzana 139","false",,,"Parrillada Restaurant El Dorado Sauces 3","4.4",,"https://www.google.com/maps/search/?api=1&query=Parrillada%20Restaurant%20El%20Dorado%20Sauces%203&query_place_id=ChIJn_5E3DxtLZARRbNyMxnxLew",
"Rodrigo Icaza Cornejo Manzana 139, 090504 Guayaquil, Ecuador","Restaurante","Restaurante","17018523657442603845","Guayaquil","EC","0x902d6d3cdc44fe9f:0xec2df1193372b345",,"https://lh3.googleusercontent.com/gps-cs-s/AHRPTWmvm90GLRySCo4gUqKI_yhh6hrRUm1p03H_4PyufCCfD8b6v6-CDw1zrqgo2---n6Hr_d_g6er4FZP8idRvw6-nSk2UbtHS-0wnv6imvoQgsKgiBNsVbXsxY7ZQC8l44ZhqvzqHvw=w408-h395-k-no","false","false","/g/12hmt6sh_","es-419","0","-2.1281964","-79.8868048",,"Los Sauces",,"false","ChIJn_5E3DxtLZARRbNyMxnxLew","090504","$5-10","Hace 3 años","2023-08-06T22:39:47.431Z",,,,,,,,,,,,,"$10-15",,,,,,,,"5","3","4","ChdDSUhNMG9nS0VJQ0FnSUNwLWJyajF3RRAB",,,,,,,,"Google",,,"6",,,"1606","2026-08-08T17:32:25.309Z","Direct Detail URL: https://www.google.com/maps/place/Parrillada+Restaurant+El+Dorado+Sauces+3/@-2.1265971,-79.8975452,12.68z/data=!4m10!1m2!2m1!1sEl+Dorado!3m6!1s0x902d6d3cdc44fe9f:0xec2df1193372b345!8m2!3d-2.1281964!4d-79.8868048!15sCglFbCBEb3JhZG9aCyIJZWwgZG9yYWRvkgEKcmVzdGF1cmFudOABAA!16s%2Fg%2F12hmt6sh_?entry=ttu&g_ep=EgoyMDI2MDgwNS4xIKXMDSoASAFQAw%3D%3D","4",,"Rodrigo Icaza Cornejo Manzana 139","false",,,"Parrillada Restaurant El Dorado Sauces 3","4.4",,"https://www.google.com/maps/search/?api=1&query=Parrillada%20Restaurant%20El%20Dorado%20Sauces%203&query_place_id=ChIJn_5E3DxtLZARRbNyMxnxLew",
"Rodrigo Icaza Cornejo Manzana 139, 090504 Guayaquil, Ecuador","Restaurante","Restaurante","17018523657442603845","Guayaquil","EC","0x902d6d3cdc44fe9f:0xec2df1193372b345",,"https://lh3.googleusercontent.com/gps-cs-s/AHRPTWmvm90GLRySCo4gUqKI_yhh6hrRUm1p03H_4PyufCCfD8b6v6-CDw1zrqgo2---n6Hr_d_g6er4FZP8idRvw6-nSk2UbtHS-0wnv6imvoQgsKgiBNsVbXsxY7ZQC8l44ZhqvzqHvw=w408-h395-k-no","false","true","/g/12hmt6sh_","es-419","0","-2.1281964","-79.8868048",,"Los Sauces","es","false","ChIJn_5E3DxtLZARRbNyMxnxLew","090504","$5-10","Hace 3 años","2023-08-06T20:03:52.522Z",,,,,,,,,,,,,"Más de $50",,,,,,"Almuerzo","Consumo en el lugar","5","5","5","ChdDSUhNMG9nS0VJQ0FnSUNwdVpXSHh3RRAB",,,,,,,,"Google",,,"34",,,"1606","2026-08-08T17:32:25.309Z","Direct Detail URL: https://www.google.com/maps/place/Parrillada+Restaurant+El+Dorado+Sauces+3/@-2.1265971,-79.8975452,12.68z/data=!4m10!1m2!2m1!1sEl+Dorado!3m6!1s0x902d6d3cdc44fe9f:0xec2df1193372b345!8m2!3d-2.1281964!4d-79.8868048!15sCglFbCBEb3JhZG9aCyIJZWwgZG9yYWRvkgEKcmVzdGF1cmFudOABAA!16s%2Fg%2F12hmt6sh_?entry=ttu&g_ep=EgoyMDI2MDgwNS4xIKXMDSoASAFQAw%3D%3D","5",,"Rodrigo Icaza Cornejo Manzana 139","false","Muy buena comida",,"Parrillada Restaurant El Dorado Sauces 3","4.4",,"https://www.google.com/maps/search/?api=1&query=Parrillada%20Restaurant%20El%20Dorado%20Sauces%203&query_place_id=ChIJn_5E3DxtLZARRbNyMxnxLew",
"Rodrigo Icaza Cornejo Manzana 139, 090504 Guayaquil, Ecuador","Restaurante","Restaurante","17018523657442603845","Guayaquil","EC","0x902d6d3cdc44fe9f:0xec2df1193372b345",,"https://lh3.googleusercontent.com/gps-cs-s/AHRPTWmvm90GLRySCo4gUqKI_yhh6hrRUm1p03H_4PyufCCfD8b6v6-CDw1zrqgo2---n6Hr_d_g6er4FZP8idRvw6-nSk2UbtHS-0wnv6imvoQgsKgiBNsVbXsxY7ZQC8l44ZhqvzqHvw=w408-h395-k-no","false","true","/g/12hmt6sh_","es-419","0","-2.1281964","-79.8868048",,"Los Sauces",,"false","ChIJn_5E3DxtLZARRbNyMxnxLew","090504","$5-10","Hace 3 años","2023-08-03T13:58:14.023Z",,,,,,,,,,,,,,,,,,,,,,,,"ChZDSUhNMG9nS0VJQ0FnSUNwOXBqeVhnEAE",,,,,,,,"Google",,,"19",,,"1606","2026-08-08T17:32:25.309Z","Direct Detail URL: https://www.google.com/maps/place/Parrillada+Restaurant+El+Dorado+Sauces+3/@-2.1265971,-79.8975452,12.68z/data=!4m10!1m2!2m1!1sEl+Dorado!3m6!1s0x902d6d3cdc44fe9f:0xec2df1193372b345!8m2!3d-2.1281964!4d-79.8868048!15sCglFbCBEb3JhZG9aCyIJZWwgZG9yYWRvkgEKcmVzdGF1cmFudOABAA!16s%2Fg%2F12hmt6sh_?entry=ttu&g_ep=EgoyMDI2MDgwNS4xIKXMDSoASAFQAw%3D%3D","4",,"Rodrigo Icaza Cornejo Manzana 139","false",,,"Parrillada Restaurant El Dorado Sauces 3","4.4",,"https://www.google.com/maps/search/?api=1&query=Parrillada%20Restaurant%20El%20Dorado%20Sauces%203&query_place_id=ChIJn_5E3DxtLZARRbNyMxnxLew",
"Rodrigo Icaza Cornejo Manzana 139, 090504 Guayaquil, Ecuador","Restaurante","Restaurante","17018523657442603845","Guayaquil","EC","0x902d6d3cdc44fe9f:0xec2df1193372b345",,"https://lh3.googleusercontent.com/gps-cs-s/AHRPTWmvm90GLRySCo4gUqKI_yhh6hrRUm1p03H_4PyufCCfD8b6v6-CDw1zrqgo2---n6Hr_d_g6er4FZP8idRvw6-nSk2UbtHS-0wnv6imvoQgsKgiBNsVbXsxY7ZQC8l44ZhqvzqHvw=w408-h395-k-no","false","true","/g/12hmt6sh_","es-419","0","-2.1281964","-79.8868048",,"Los Sauces",,"false","ChIJn_5E3DxtLZARRbNyMxnxLew","090504","$5-10","Hace 3 años","2023-08-02T13:41:56.375Z",,,,,,,,,,,,,,,,,,,,,"5","4","4","ChZDSUhNMG9nS0VJQ0FnSUNwaHZ5OVR3EAE",,,,,,,,"Google",,,"31",,,"1606","2026-08-08T17:32:25.309Z","Direct Detail URL: https://www.google.com/maps/place/Parrillada+Restaurant+El+Dorado+Sauces+3/@-2.1265971,-79.8975452,12.68z/data=!4m10!1m2!2m1!1sEl+Dorado!3m6!1s0x902d6d3cdc44fe9f:0xec2df1193372b345!8m2!3d-2.1281964!4d-79.8868048!15sCglFbCBEb3JhZG9aCyIJZWwgZG9yYWRvkgEKcmVzdGF1cmFudOABAA!16s%2Fg%2F12hmt6sh_?entry=ttu&g_ep=EgoyMDI2MDgwNS4xIKXMDSoASAFQAw%3D%3D","4",,"Rodrigo Icaza Cornejo Manzana 139","false",,,"Parrillada Restaurant El Dorado Sauces 3","4.4",,"https://www.google.com/maps/search/?api=1&query=Parrillada%20Restaurant%20El%20Dorado%20Sauces%203&query_place_id=ChIJn_5E3DxtLZARRbNyMxnxLew",
"Rodrigo Icaza Cornejo Manzana 139, 090504 Guayaquil, Ecuador","Restaurante","Restaurante","17018523657442603845","Guayaquil","EC","0x902d6d3cdc44fe9f:0xec2df1193372b345",,"https://lh3.googleusercontent.com/gps-cs-s/AHRPTWmvm90GLRySCo4gUqKI_yhh6hrRUm1p03H_4PyufCCfD8b6v6-CDw1zrqgo2---n6Hr_d_g6er4FZP8idRvw6-nSk2UbtHS-0wnv6imvoQgsKgiBNsVbXsxY7ZQC8l44ZhqvzqHvw=w408-h395-k-no","false","true","/g/12hmt6sh_","es-419","0","-2.1281964","-79.8868048",,"Los Sauces","es","false","ChIJn_5E3DxtLZARRbNyMxnxLew","090504","$5-10","Hace 3 años","2023-08-01T19:40:37.768Z",,,,,,,,,,,,,,,,,,,,,"5","5","5","ChZDSUhNMG9nS0VJQ0FnSUNwNnYyaWFBEAE",,,,,,,,"Google",,,"6",,,"1606","2026-08-08T17:32:25.309Z","Direct Detail URL: https://www.google.com/maps/place/Parrillada+Restaurant+El+Dorado+Sauces+3/@-2.1265971,-79.8975452,12.68z/data=!4m10!1m2!2m1!1sEl+Dorado!3m6!1s0x902d6d3cdc44fe9f:0xec2df1193372b345!8m2!3d-2.1281964!4d-79.8868048!15sCglFbCBEb3JhZG9aCyIJZWwgZG9yYWRvkgEKcmVzdGF1cmFudOABAA!16s%2Fg%2F12hmt6sh_?entry=ttu&g_ep=EgoyMDI2MDgwNS4xIKXMDSoASAFQAw%3D%3D","5",,"Rodrigo Icaza Cornejo Manzana 139","false","Excelente sitio!",,"Parrillada Restaurant El Dorado Sauces 3","4.4",,"https://www.google.com/maps/search/?api=1&query=Parrillada%20Restaurant%20El%20Dorado%20Sauces%203&query_place_id=ChIJn_5E3DxtLZARRbNyMxnxLew",
"Rodrigo Icaza Cornejo Manzana 139, 090504 Guayaquil, Ecuador","Restaurante","Restaurante","17018523657442603845","Guayaquil","EC","0x902d6d3cdc44fe9f:0xec2df1193372b345",,"https://lh3.googleusercontent.com/gps-cs-s/AHRPTWmvm90GLRySCo4gUqKI_yhh6hrRUm1p03H_4PyufCCfD8b6v6-CDw1zrqgo2---n6Hr_d_g6er4FZP8idRvw6-nSk2UbtHS-0wnv6imvoQgsKgiBNsVbXsxY7ZQC8l44ZhqvzqHvw=w408-h395-k-no","false","true","/g/12hmt6sh_","es-419","0","-2.1281964","-79.8868048",,"Los Sauces",,"false","ChIJn_5E3DxtLZARRbNyMxnxLew","090504","$5-10","Hace 3 años","2023-07-28T00:27:51.331Z",,,,,,,,,,,,,"$1-5",,,,,,"Almuerzo","Consumo en el lugar","5","5","5","ChdDSUhNMG9nS0VJQ0FnSUNwNk5QYXpnRRAB",,,,,,,,"Google",,,"33",,,"1606","2026-08-08T17:32:25.309Z","Direct Detail URL: https://www.google.com/maps/place/Parrillada+Restaurant+El+Dorado+Sauces+3/@-2.1265971,-79.8975452,12.68z/data=!4m10!1m2!2m1!1sEl+Dorado!3m6!1s0x902d6d3cdc44fe9f:0xec2df1193372b345!8m2!3d-2.1281964!4d-79.8868048!15sCglFbCBEb3JhZG9aCyIJZWwgZG9yYWRvkgEKcmVzdGF1cmFudOABAA!16s%2Fg%2F12hmt6sh_?entry=ttu&g_ep=EgoyMDI2MDgwNS4xIKXMDSoASAFQAw%3D%3D","5",,"Rodrigo Icaza Cornejo Manzana 139","false",,,"Parrillada Restaurant El Dorado Sauces 3","4.4",,"https://www.google.com/maps/search/?api=1&query=Parrillada%20Restaurant%20El%20Dorado%20Sauces%203&query_place_id=ChIJn_5E3DxtLZARRbNyMxnxLew",
"Rodrigo Icaza Cornejo Manzana 139, 090504 Guayaquil, Ecuador","Restaurante","Restaurante","17018523657442603845","Guayaquil","EC","0x902d6d3cdc44fe9f:0xec2df1193372b345",,"https://lh3.googleusercontent.com/gps-cs-s/AHRPTWmvm90GLRySCo4gUqKI_yhh6hrRUm1p03H_4PyufCCfD8b6v6-CDw1zrqgo2---n6Hr_d_g6er4FZP8idRvw6-nSk2UbtHS-0wnv6imvoQgsKgiBNsVbXsxY7ZQC8l44ZhqvzqHvw=w408-h395-k-no","false","true","/g/12hmt6sh_","es-419","0","-2.1281964","-79.8868048",,"Los Sauces","es","false","ChIJn_5E3DxtLZARRbNyMxnxLew","090504","$5-10","Hace 3 años","2023-07-20T11:42:28.487Z",,,,,,,,,,,,,,,,,,,,,"5","5","5","ChdDSUhNMG9nS0VJQ0FnSURKLWI3M2pBRRAB",,,,,,,,"Google",,,"56",,,"1606","2026-08-08T17:32:25.309Z","Direct Detail URL: https://www.google.com/maps/place/Parrillada+Restaurant+El+Dorado+Sauces+3/@-2.1265971,-79.8975452,12.68z/data=!4m10!1m2!2m1!1sEl+Dorado!3m6!1s0x902d6d3cdc44fe9f:0xec2df1193372b345!8m2!3d-2.1281964!4d-79.8868048!15sCglFbCBEb3JhZG9aCyIJZWwgZG9yYWRvkgEKcmVzdGF1cmFudOABAA!16s%2Fg%2F12hmt6sh_?entry=ttu&g_ep=EgoyMDI2MDgwNS4xIKXMDSoASAFQAw%3D%3D","5",,"Rodrigo Icaza Cornejo Manzana 139","false","Rica comida",,"Parrillada Restaurant El Dorado Sauces 3","4.4",,"https://www.google.com/maps/search/?api=1&query=Parrillada%20Restaurant%20El%20Dorado%20Sauces%203&query_place_id=ChIJn_5E3DxtLZARRbNyMxnxLew",
"Rodrigo Icaza Cornejo Manzana 139, 090504 Guayaquil, Ecuador","Restaurante","Restaurante","17018523657442603845","Guayaquil","EC","0x902d6d3cdc44fe9f:0xec2df1193372b345",,"https://lh3.googleusercontent.com/gps-cs-s/AHRPTWmvm90GLRySCo4gUqKI_yhh6hrRUm1p03H_4PyufCCfD8b6v6-CDw1zrqgo2---n6Hr_d_g6er4FZP8idRvw6-nSk2UbtHS-0wnv6imvoQgsKgiBNsVbXsxY7ZQC8l44ZhqvzqHvw=w408-h395-k-no","false","true","/g/12hmt6sh_","es-419","0","-2.1281964","-79.8868048",,"Los Sauces","es","false","ChIJn_5E3DxtLZARRbNyMxnxLew","090504","$5-10","Hace 3 años","2023-07-19T14:43:21.025Z",,,,,,"Hay suficiente espacio","Espacioso",,,"Estacionamiento gratuito","Churrasco","La torta de acelga","$10-15",,,,,,"Cena","Consumo en el lugar","5","5","5","ChdDSUhNMG9nS0VJQ0FnSURKeWFmYTFnRRAB",,,,,,,,"Google",,,"7",,,"1606","2026-08-08T17:32:25.309Z","Direct Detail URL: https://www.google.com/maps/place/Parrillada+Restaurant+El+Dorado+Sauces+3/@-2.1265971,-79.8975452,12.68z/data=!4m10!1m2!2m1!1sEl+Dorado!3m6!1s0x902d6d3cdc44fe9f:0xec2df1193372b345!8m2!3d-2.1281964!4d-79.8868048!15sCglFbCBEb3JhZG9aCyIJZWwgZG9yYWRvkgEKcmVzdGF1cmFudOABAA!16s%2Fg%2F12hmt6sh_?entry=ttu&g_ep=EgoyMDI2MDgwNS4xIKXMDSoASAFQAw%3D%3D","5",,"Rodrigo Icaza Cornejo Manzana 139","false","El dorado lo mejor",,"Parrillada Restaurant El Dorado Sauces 3","4.4",,"https://www.google.com/maps/search/?api=1&query=Parrillada%20Restaurant%20El%20Dorado%20Sauces%203&query_place_id=ChIJn_5E3DxtLZARRbNyMxnxLew",
"Rodrigo Icaza Cornejo Manzana 139, 090504 Guayaquil, Ecuador","Restaurante","Restaurante","17018523657442603845","Guayaquil","EC","0x902d6d3cdc44fe9f:0xec2df1193372b345",,"https://lh3.googleusercontent.com/gps-cs-s/AHRPTWmvm90GLRySCo4gUqKI_yhh6hrRUm1p03H_4PyufCCfD8b6v6-CDw1zrqgo2---n6Hr_d_g6er4FZP8idRvw6-nSk2UbtHS-0wnv6imvoQgsKgiBNsVbXsxY7ZQC8l44ZhqvzqHvw=w408-h395-k-no","false","true","/g/12hmt6sh_","es-419","0","-2.1281964","-79.8868048",,"Los Sauces",,"false","ChIJn_5E3DxtLZARRbNyMxnxLew","090504","$5-10","Hace 3 años","2023-07-18T16:13:21.534Z",,,,,,,,,,,,,,,,,,,,,"5","4","4","ChdDSUhNMG9nS0VJQ0FnSURKNGZtSWdnRRAB",,,,,,,,"Google",,,"7",,,"1606","2026-08-08T17:32:25.309Z","Direct Detail URL: https://www.google.com/maps/place/Parrillada+Restaurant+El+Dorado+Sauces+3/@-2.1265971,-79.8975452,12.68z/data=!4m10!1m2!2m1!1sEl+Dorado!3m6!1s0x902d6d3cdc44fe9f:0xec2df1193372b345!8m2!3d-2.1281964!4d-79.8868048!15sCglFbCBEb3JhZG9aCyIJZWwgZG9yYWRvkgEKcmVzdGF1cmFudOABAA!16s%2Fg%2F12hmt6sh_?entry=ttu&g_ep=EgoyMDI2MDgwNS4xIKXMDSoASAFQAw%3D%3D","4",,"Rodrigo Icaza Cornejo Manzana 139","false",,,"Parrillada Restaurant El Dorado Sauces 3","4.4",,"https://www.google.com/maps/search/?api=1&query=Parrillada%20Restaurant%20El%20Dorado%20Sauces%203&query_place_id=ChIJn_5E3DxtLZARRbNyMxnxLew",
"Rodrigo Icaza Cornejo Manzana 139, 090504 Guayaquil, Ecuador","Restaurante","Restaurante","17018523657442603845","Guayaquil","EC","0x902d6d3cdc44fe9f:0xec2df1193372b345",,"https://lh3.googleusercontent.com/gps-cs-s/AHRPTWmvm90GLRySCo4gUqKI_yhh6hrRUm1p03H_4PyufCCfD8b6v6-CDw1zrqgo2---n6Hr_d_g6er4FZP8idRvw6-nSk2UbtHS-0wnv6imvoQgsKgiBNsVbXsxY7ZQC8l44ZhqvzqHvw=w408-h395-k-no","false","true","/g/12hmt6sh_","es-419","0","-2.1281964","-79.8868048",,"Los Sauces","es","false","ChIJn_5E3DxtLZARRbNyMxnxLew","090504","$5-10","Editado Hace 3 años","2023-07-18T05:39:56.751Z",,,,,,,,,,,,,,,,,,,,,"5","5","5","ChdDSUhNMG9nS0VJQ0FnSURVNS1pRXFnRRAB",,,,,,,,"Google",,,"92",,,"1606","2026-08-08T17:32:25.309Z","Direct Detail URL: https://www.google.com/maps/place/Parrillada+Restaurant+El+Dorado+Sauces+3/@-2.1265971,-79.8975452,12.68z/data=!4m10!1m2!2m1!1sEl+Dorado!3m6!1s0x902d6d3cdc44fe9f:0xec2df1193372b345!8m2!3d-2.1281964!4d-79.8868048!15sCglFbCBEb3JhZG9aCyIJZWwgZG9yYWRvkgEKcmVzdGF1cmFudOABAA!16s%2Fg%2F12hmt6sh_?entry=ttu&g_ep=EgoyMDI2MDgwNS4xIKXMDSoASAFQAw%3D%3D","5",,"Rodrigo Icaza Cornejo Manzana 139","false","Muy buena la comida",,"Parrillada Restaurant El Dorado Sauces 3","4.4",,"https://www.google.com/maps/search/?api=1&query=Parrillada%20Restaurant%20El%20Dorado%20Sauces%203&query_place_id=ChIJn_5E3DxtLZARRbNyMxnxLew",
"Rodrigo Icaza Cornejo Manzana 139, 090504 Guayaquil, Ecuador","Restaurante","Restaurante","17018523657442603845","Guayaquil","EC","0x902d6d3cdc44fe9f:0xec2df1193372b345",,"https://lh3.googleusercontent.com/gps-cs-s/AHRPTWmvm90GLRySCo4gUqKI_yhh6hrRUm1p03H_4PyufCCfD8b6v6-CDw1zrqgo2---n6Hr_d_g6er4FZP8idRvw6-nSk2UbtHS-0wnv6imvoQgsKgiBNsVbXsxY7ZQC8l44ZhqvzqHvw=w408-h395-k-no","false","false","/g/12hmt6sh_","es-419","0","-2.1281964","-79.8868048",,"Los Sauces",,"false","ChIJn_5E3DxtLZARRbNyMxnxLew","090504","$5-10","Hace 3 años","2023-07-12T17:53:36.335Z",,,,,,,,,,,,,,,,,,,,,"4","5","3","ChZDSUhNMG9nS0VJQ0FnSURKbk5PNERREAE",,,,,,,,"Google",,,"1",,,"1606","2026-08-08T17:32:25.309Z","Direct Detail URL: https://www.google.com/maps/place/Parrillada+Restaurant+El+Dorado+Sauces+3/@-2.1265971,-79.8975452,12.68z/data=!4m10!1m2!2m1!1sEl+Dorado!3m6!1s0x902d6d3cdc44fe9f:0xec2df1193372b345!8m2!3d-2.1281964!4d-79.8868048!15sCglFbCBEb3JhZG9aCyIJZWwgZG9yYWRvkgEKcmVzdGF1cmFudOABAA!16s%2Fg%2F12hmt6sh_?entry=ttu&g_ep=EgoyMDI2MDgwNS4xIKXMDSoASAFQAw%3D%3D","5",,"Rodrigo Icaza Cornejo Manzana 139","false",,,"Parrillada Restaurant El Dorado Sauces 3","4.4",,"https://www.google.com/maps/search/?api=1&query=Parrillada%20Restaurant%20El%20Dorado%20Sauces%203&query_place_id=ChIJn_5E3DxtLZARRbNyMxnxLew",
"Rodrigo Icaza Cornejo Manzana 139, 090504 Guayaquil, Ecuador","Restaurante","Restaurante","17018523657442603845","Guayaquil","EC","0x902d6d3cdc44fe9f:0xec2df1193372b345",,"https://lh3.googleusercontent.com/gps-cs-s/AHRPTWmvm90GLRySCo4gUqKI_yhh6hrRUm1p03H_4PyufCCfD8b6v6-CDw1zrqgo2---n6Hr_d_g6er4FZP8idRvw6-nSk2UbtHS-0wnv6imvoQgsKgiBNsVbXsxY7ZQC8l44ZhqvzqHvw=w408-h395-k-no","false","true","/g/12hmt6sh_","es-419","0","-2.1281964","-79.8868048",,"Los Sauces",,"false","ChIJn_5E3DxtLZARRbNyMxnxLew","090504","$5-10","Hace 3 años","2023-07-12T17:44:50.995Z",,,,,,,,,,,,,,,,,,,,,,,,"ChdDSUhNMG9nS0VJQ0FnSURKblAzNC1RRRAB",,,,,,,,"Google",,,"5",,,"1606","2026-08-08T17:32:25.309Z","Direct Detail URL: https://www.google.com/maps/place/Parrillada+Restaurant+El+Dorado+Sauces+3/@-2.1265971,-79.8975452,12.68z/data=!4m10!1m2!2m1!1sEl+Dorado!3m6!1s0x902d6d3cdc44fe9f:0xec2df1193372b345!8m2!3d-2.1281964!4d-79.8868048!15sCglFbCBEb3JhZG9aCyIJZWwgZG9yYWRvkgEKcmVzdGF1cmFudOABAA!16s%2Fg%2F12hmt6sh_?entry=ttu&g_ep=EgoyMDI2MDgwNS4xIKXMDSoASAFQAw%3D%3D","5",,"Rodrigo Icaza Cornejo Manzana 139","false",,,"Parrillada Restaurant El Dorado Sauces 3","4.4",,"https://www.google.com/maps/search/?api=1&query=Parrillada%20Restaurant%20El%20Dorado%20Sauces%203&query_place_id=ChIJn_5E3DxtLZARRbNyMxnxLew",
"Rodrigo Icaza Cornejo Manzana 139, 090504 Guayaquil, Ecuador","Restaurante","Restaurante","17018523657442603845","Guayaquil","EC","0x902d6d3cdc44fe9f:0xec2df1193372b345",,"https://lh3.googleusercontent.com/gps-cs-s/AHRPTWmvm90GLRySCo4gUqKI_yhh6hrRUm1p03H_4PyufCCfD8b6v6-CDw1zrqgo2---n6Hr_d_g6er4FZP8idRvw6-nSk2UbtHS-0wnv6imvoQgsKgiBNsVbXsxY7ZQC8l44ZhqvzqHvw=w408-h395-k-no","false","true","/g/12hmt6sh_","es-419","0","-2.1281964","-79.8868048",,"Los Sauces","es","false","ChIJn_5E3DxtLZARRbNyMxnxLew","090504","$5-10","Hace 3 años","2023-07-11T00:47:54.692Z",,,,,,,,,,,"Churrasco, Copa de Helado",,"$1-5",,,,,,"Almuerzo",,"5","5","5","ChdDSUhNMG9nS0VJQ0FnSURKaEstbXdnRRAB",,,,,,,,"Google",,,"66",,,"1606","2026-08-08T17:32:25.309Z","Direct Detail URL: https://www.google.com/maps/place/Parrillada+Restaurant+El+Dorado+Sauces+3/@-2.1265971,-79.8975452,12.68z/data=!4m10!1m2!2m1!1sEl+Dorado!3m6!1s0x902d6d3cdc44fe9f:0xec2df1193372b345!8m2!3d-2.1281964!4d-79.8868048!15sCglFbCBEb3JhZG9aCyIJZWwgZG9yYWRvkgEKcmVzdGF1cmFudOABAA!16s%2Fg%2F12hmt6sh_?entry=ttu&g_ep=EgoyMDI2MDgwNS4xIKXMDSoASAFQAw%3D%3D","5",,"Rodrigo Icaza Cornejo Manzana 139","false","Hay mucha variedad de comida, me encanta",,"Parrillada Restaurant El Dorado Sauces 3","4.4",,"https://www.google.com/maps/search/?api=1&query=Parrillada%20Restaurant%20El%20Dorado%20Sauces%203&query_place_id=ChIJn_5E3DxtLZARRbNyMxnxLew",
"Rodrigo Icaza Cornejo Manzana 139, 090504 Guayaquil, Ecuador","Restaurante","Restaurante","17018523657442603845","Guayaquil","EC","0x902d6d3cdc44fe9f:0xec2df1193372b345",,"https://lh3.googleusercontent.com/gps-cs-s/AHRPTWmvm90GLRySCo4gUqKI_yhh6hrRUm1p03H_4PyufCCfD8b6v6-CDw1zrqgo2---n6Hr_d_g6er4FZP8idRvw6-nSk2UbtHS-0wnv6imvoQgsKgiBNsVbXsxY7ZQC8l44ZhqvzqHvw=w408-h395-k-no","false","false","/g/12hmt6sh_","es-419","0","-2.1281964","-79.8868048",,"Los Sauces",,"false","ChIJn_5E3DxtLZARRbNyMxnxLew","090504","$5-10","Hace 3 años","2023-07-07T12:00:14.154Z",,,,,,,,,,,,,,,,,,,,,"4","4","4","ChdDSUhNMG9nS0VJQ0FnSUNKejhTNTN3RRAB",,,,,,,,"Google",,,"2",,,"1606","2026-08-08T17:32:25.309Z","Direct Detail URL: https://www.google.com/maps/place/Parrillada+Restaurant+El+Dorado+Sauces+3/@-2.1265971,-79.8975452,12.68z/data=!4m10!1m2!2m1!1sEl+Dorado!3m6!1s0x902d6d3cdc44fe9f:0xec2df1193372b345!8m2!3d-2.1281964!4d-79.8868048!15sCglFbCBEb3JhZG9aCyIJZWwgZG9yYWRvkgEKcmVzdGF1cmFudOABAA!16s%2Fg%2F12hmt6sh_?entry=ttu&g_ep=EgoyMDI2MDgwNS4xIKXMDSoASAFQAw%3D%3D","5",,"Rodrigo Icaza Cornejo Manzana 139","false",,,"Parrillada Restaurant El Dorado Sauces 3","4.4",,"https://www.google.com/maps/search/?api=1&query=Parrillada%20Restaurant%20El%20Dorado%20Sauces%203&query_place_id=ChIJn_5E3DxtLZARRbNyMxnxLew",
"Rodrigo Icaza Cornejo Manzana 139, 090504 Guayaquil, Ecuador","Restaurante","Restaurante","17018523657442603845","Guayaquil","EC","0x902d6d3cdc44fe9f:0xec2df1193372b345",,"https://lh3.googleusercontent.com/gps-cs-s/AHRPTWmvm90GLRySCo4gUqKI_yhh6hrRUm1p03H_4PyufCCfD8b6v6-CDw1zrqgo2---n6Hr_d_g6er4FZP8idRvw6-nSk2UbtHS-0wnv6imvoQgsKgiBNsVbXsxY7ZQC8l44ZhqvzqHvw=w408-h395-k-no","false","true","/g/12hmt6sh_","es-419","0","-2.1281964","-79.8868048",,"Los Sauces",,"false","ChIJn_5E3DxtLZARRbNyMxnxLew","090504","$5-10","Hace 3 años","2023-07-05T16:47:42.326Z",,,,,,,,,,,,,,,,,,,,,"5","5","5","ChdDSUhNMG9nS0VJQ0FnSUNKMjRPZ253RRAB",,,,,,,,"Google",,,"3",,,"1606","2026-08-08T17:32:25.309Z","Direct Detail URL: https://www.google.com/maps/place/Parrillada+Restaurant+El+Dorado+Sauces+3/@-2.1265971,-79.8975452,12.68z/data=!4m10!1m2!2m1!1sEl+Dorado!3m6!1s0x902d6d3cdc44fe9f:0xec2df1193372b345!8m2!3d-2.1281964!4d-79.8868048!15sCglFbCBEb3JhZG9aCyIJZWwgZG9yYWRvkgEKcmVzdGF1cmFudOABAA!16s%2Fg%2F12hmt6sh_?entry=ttu&g_ep=EgoyMDI2MDgwNS4xIKXMDSoASAFQAw%3D%3D","5",,"Rodrigo Icaza Cornejo Manzana 139","false",,,"Parrillada Restaurant El Dorado Sauces 3","4.4",,"https://www.google.com/maps/search/?api=1&query=Parrillada%20Restaurant%20El%20Dorado%20Sauces%203&query_place_id=ChIJn_5E3DxtLZARRbNyMxnxLew",
"Rodrigo Icaza Cornejo Manzana 139, 090504 Guayaquil, Ecuador","Restaurante","Restaurante","17018523657442603845","Guayaquil","EC","0x902d6d3cdc44fe9f:0xec2df1193372b345",,"https://lh3.googleusercontent.com/gps-cs-s/AHRPTWmvm90GLRySCo4gUqKI_yhh6hrRUm1p03H_4PyufCCfD8b6v6-CDw1zrqgo2---n6Hr_d_g6er4FZP8idRvw6-nSk2UbtHS-0wnv6imvoQgsKgiBNsVbXsxY7ZQC8l44ZhqvzqHvw=w408-h395-k-no","false","true","/g/12hmt6sh_","es-419","0","-2.1281964","-79.8868048",,"Los Sauces",,"false","ChIJn_5E3DxtLZARRbNyMxnxLew","090504","$5-10","Hace 3 años","2023-06-30T23:05:52.464Z",,,,,,,,,,,,,,,,,,,,,"2","2","2","ChZDSUhNMG9nS0VJQ0FnSUNKLWNXUkpREAE",,,,,,,,"Google",,,"15",,,"1606","2026-08-08T17:32:25.309Z","Direct Detail URL: https://www.google.com/maps/place/Parrillada+Restaurant+El+Dorado+Sauces+3/@-2.1265971,-79.8975452,12.68z/data=!4m10!1m2!2m1!1sEl+Dorado!3m6!1s0x902d6d3cdc44fe9f:0xec2df1193372b345!8m2!3d-2.1281964!4d-79.8868048!15sCglFbCBEb3JhZG9aCyIJZWwgZG9yYWRvkgEKcmVzdGF1cmFudOABAA!16s%2Fg%2F12hmt6sh_?entry=ttu&g_ep=EgoyMDI2MDgwNS4xIKXMDSoASAFQAw%3D%3D","3",,"Rodrigo Icaza Cornejo Manzana 139","false",,,"Parrillada Restaurant El Dorado Sauces 3","4.4",,"https://www.google.com/maps/search/?api=1&query=Parrillada%20Restaurant%20El%20Dorado%20Sauces%203&query_place_id=ChIJn_5E3DxtLZARRbNyMxnxLew",
"Rodrigo Icaza Cornejo Manzana 139, 090504 Guayaquil, Ecuador","Restaurante","Restaurante","17018523657442603845","Guayaquil","EC","0x902d6d3cdc44fe9f:0xec2df1193372b345",,"https://lh3.googleusercontent.com/gps-cs-s/AHRPTWmvm90GLRySCo4gUqKI_yhh6hrRUm1p03H_4PyufCCfD8b6v6-CDw1zrqgo2---n6Hr_d_g6er4FZP8idRvw6-nSk2UbtHS-0wnv6imvoQgsKgiBNsVbXsxY7ZQC8l44ZhqvzqHvw=w408-h395-k-no","false","false","/g/12hmt6sh_","es-419","0","-2.1281964","-79.8868048",,"Los Sauces",,"false","ChIJn_5E3DxtLZARRbNyMxnxLew","090504","$5-10","Hace 3 años","2023-06-26T18:48:30.553Z",,,,,,,,,,,,,,,,,,,,,"5","5","5","ChZDSUhNMG9nS0VJQ0FnSUNKMW9XVWFnEAE",,,,,,,,"Google",,,"0",,,"1606","2026-08-08T17:32:25.309Z","Direct Detail URL: https://www.google.com/maps/place/Parrillada+Restaurant+El+Dorado+Sauces+3/@-2.1265971,-79.8975452,12.68z/data=!4m10!1m2!2m1!1sEl+Dorado!3m6!1s0x902d6d3cdc44fe9f:0xec2df1193372b345!8m2!3d-2.1281964!4d-79.8868048!15sCglFbCBEb3JhZG9aCyIJZWwgZG9yYWRvkgEKcmVzdGF1cmFudOABAA!16s%2Fg%2F12hmt6sh_?entry=ttu&g_ep=EgoyMDI2MDgwNS4xIKXMDSoASAFQAw%3D%3D","2",,"Rodrigo Icaza Cornejo Manzana 139","false",,,"Parrillada Restaurant El Dorado Sauces 3","4.4",,"https://www.google.com/maps/search/?api=1&query=Parrillada%20Restaurant%20El%20Dorado%20Sauces%203&query_place_id=ChIJn_5E3DxtLZARRbNyMxnxLew",
"Rodrigo Icaza Cornejo Manzana 139, 090504 Guayaquil, Ecuador","Restaurante","Restaurante","17018523657442603845","Guayaquil","EC","0x902d6d3cdc44fe9f:0xec2df1193372b345",,"https://lh3.googleusercontent.com/gps-cs-s/AHRPTWmvm90GLRySCo4gUqKI_yhh6hrRUm1p03H_4PyufCCfD8b6v6-CDw1zrqgo2---n6Hr_d_g6er4FZP8idRvw6-nSk2UbtHS-0wnv6imvoQgsKgiBNsVbXsxY7ZQC8l44ZhqvzqHvw=w408-h395-k-no","false","true","/g/12hmt6sh_","es-419","0","-2.1281964","-79.8868048",,"Los Sauces","es","false","ChIJn_5E3DxtLZARRbNyMxnxLew","090504","$5-10","Hace 3 años","2023-06-21T20:47:14.236Z",,,,,,,,,,,,,"$10-15",,,,,,"Almuerzo","Consumo en el lugar","3","4","2","ChdDSUhNMG9nS0VJQ0FnSUNKdE52VTdRRRAB",,,,,,,,"Google",,,"475",,,"1606","2026-08-08T17:32:25.309Z","Direct Detail URL: https://www.google.com/maps/place/Parrillada+Restaurant+El+Dorado+Sauces+3/@-2.1265971,-79.8975452,12.68z/data=!4m10!1m2!2m1!1sEl+Dorado!3m6!1s0x902d6d3cdc44fe9f:0xec2df1193372b345!8m2!3d-2.1281964!4d-79.8868048!15sCglFbCBEb3JhZG9aCyIJZWwgZG9yYWRvkgEKcmVzdGF1cmFudOABAA!16s%2Fg%2F12hmt6sh_?entry=ttu&g_ep=EgoyMDI2MDgwNS4xIKXMDSoASAFQAw%3D%3D","3",,"Rodrigo Icaza Cornejo Manzana 139","false","Regular,buena comida ,el sitio deja mucho que desear",,"Parrillada Restaurant El Dorado Sauces 3","4.4",,"https://www.google.com/maps/search/?api=1&query=Parrillada%20Restaurant%20El%20Dorado%20Sauces%203&query_place_id=ChIJn_5E3DxtLZARRbNyMxnxLew",
"Rodrigo Icaza Cornejo Manzana 139, 090504 Guayaquil, Ecuador","Restaurante","Restaurante","17018523657442603845","Guayaquil","EC","0x902d6d3cdc44fe9f:0xec2df1193372b345",,"https://lh3.googleusercontent.com/gps-cs-s/AHRPTWmvm90GLRySCo4gUqKI_yhh6hrRUm1p03H_4PyufCCfD8b6v6-CDw1zrqgo2---n6Hr_d_g6er4FZP8idRvw6-nSk2UbtHS-0wnv6imvoQgsKgiBNsVbXsxY7ZQC8l44ZhqvzqHvw=w408-h395-k-no","false","false","/g/12hmt6sh_","es-419","0","-2.1281964","-79.8868048",,"Los Sauces",,"false","ChIJn_5E3DxtLZARRbNyMxnxLew","090504","$5-10","Hace 3 años","2023-06-18T21:04:40.994Z",,,,,,,,,,,,,,,,,,,,,,,,"ChZDSUhNMG9nS0VJQ0FnSUNKNE5hdFpnEAE",,,,,,,,"Google",,,"1",,,"1606","2026-08-08T17:32:25.309Z","Direct Detail URL: https://www.google.com/maps/place/Parrillada+Restaurant+El+Dorado+Sauces+3/@-2.1265971,-79.8975452,12.68z/data=!4m10!1m2!2m1!1sEl+Dorado!3m6!1s0x902d6d3cdc44fe9f:0xec2df1193372b345!8m2!3d-2.1281964!4d-79.8868048!15sCglFbCBEb3JhZG9aCyIJZWwgZG9yYWRvkgEKcmVzdGF1cmFudOABAA!16s%2Fg%2F12hmt6sh_?entry=ttu&g_ep=EgoyMDI2MDgwNS4xIKXMDSoASAFQAw%3D%3D","5",,"Rodrigo Icaza Cornejo Manzana 139","false",,,"Parrillada Restaurant El Dorado Sauces 3","4.4",,"https://www.google.com/maps/search/?api=1&query=Parrillada%20Restaurant%20El%20Dorado%20Sauces%203&query_place_id=ChIJn_5E3DxtLZARRbNyMxnxLew",
"Rodrigo Icaza Cornejo Manzana 139, 090504 Guayaquil, Ecuador","Restaurante","Restaurante","17018523657442603845","Guayaquil","EC","0x902d6d3cdc44fe9f:0xec2df1193372b345",,"https://lh3.googleusercontent.com/gps-cs-s/AHRPTWmvm90GLRySCo4gUqKI_yhh6hrRUm1p03H_4PyufCCfD8b6v6-CDw1zrqgo2---n6Hr_d_g6er4FZP8idRvw6-nSk2UbtHS-0wnv6imvoQgsKgiBNsVbXsxY7ZQC8l44ZhqvzqHvw=w408-h395-k-no","false","true","/g/12hmt6sh_","es-419","0","-2.1281964","-79.8868048",,"Los Sauces","es","false","ChIJn_5E3DxtLZARRbNyMxnxLew","090504","$5-10","Hace 3 años","2023-06-16T12:15:58.152Z",,,,,,,,,,,,,,,,,,,,,"3","4","4","ChRDSUhNMG9nS0VJQ0FnSUR4NTQ1OBAB",,,,,,,,"Google",,,"47",,,"1606","2026-08-08T17:32:25.309Z","Direct Detail URL: https://www.google.com/maps/place/Parrillada+Restaurant+El+Dorado+Sauces+3/@-2.1265971,-79.8975452,12.68z/data=!4m10!1m2!2m1!1sEl+Dorado!3m6!1s0x902d6d3cdc44fe9f:0xec2df1193372b345!8m2!3d-2.1281964!4d-79.8868048!15sCglFbCBEb3JhZG9aCyIJZWwgZG9yYWRvkgEKcmVzdGF1cmFudOABAA!16s%2Fg%2F12hmt6sh_?entry=ttu&g_ep=EgoyMDI2MDgwNS4xIKXMDSoASAFQAw%3D%3D","3",,"Rodrigo Icaza Cornejo Manzana 139","false","Lugar no tiene mucha variedad",,"Parrillada Restaurant El Dorado Sauces 3","4.4",,"https://www.google.com/maps/search/?api=1&query=Parrillada%20Restaurant%20El%20Dorado%20Sauces%203&query_place_id=ChIJn_5E3DxtLZARRbNyMxnxLew",
"Rodrigo Icaza Cornejo Manzana 139, 090504 Guayaquil, Ecuador","Restaurante","Restaurante","17018523657442603845","Guayaquil","EC","0x902d6d3cdc44fe9f:0xec2df1193372b345",,"https://lh3.googleusercontent.com/gps-cs-s/AHRPTWmvm90GLRySCo4gUqKI_yhh6hrRUm1p03H_4PyufCCfD8b6v6-CDw1zrqgo2---n6Hr_d_g6er4FZP8idRvw6-nSk2UbtHS-0wnv6imvoQgsKgiBNsVbXsxY7ZQC8l44ZhqvzqHvw=w408-h395-k-no","false","true","/g/12hmt6sh_","es-419","0","-2.1281964","-79.8868048",,"Los Sauces",,"false","ChIJn_5E3DxtLZARRbNyMxnxLew","090504","$5-10","Hace 3 años","2023-06-14T20:07:02.300Z",,,,,,,,,,,,,,,,,,,,,"5","5","5","ChdDSUhNMG9nS0VJQ0FnSUR4aTRUdDJ3RRAB",,,,,,,,"Google",,,"12",,,"1606","2026-08-08T17:32:25.309Z","Direct Detail URL: https://www.google.com/maps/place/Parrillada+Restaurant+El+Dorado+Sauces+3/@-2.1265971,-79.8975452,12.68z/data=!4m10!1m2!2m1!1sEl+Dorado!3m6!1s0x902d6d3cdc44fe9f:0xec2df1193372b345!8m2!3d-2.1281964!4d-79.8868048!15sCglFbCBEb3JhZG9aCyIJZWwgZG9yYWRvkgEKcmVzdGF1cmFudOABAA!16s%2Fg%2F12hmt6sh_?entry=ttu&g_ep=EgoyMDI2MDgwNS4xIKXMDSoASAFQAw%3D%3D","5",,"Rodrigo Icaza Cornejo Manzana 139","false",,,"Parrillada Restaurant El Dorado Sauces 3","4.4",,"https://www.google.com/maps/search/?api=1&query=Parrillada%20Restaurant%20El%20Dorado%20Sauces%203&query_place_id=ChIJn_5E3DxtLZARRbNyMxnxLew",
"Rodrigo Icaza Cornejo Manzana 139, 090504 Guayaquil, Ecuador","Restaurante","Restaurante","17018523657442603845","Guayaquil","EC","0x902d6d3cdc44fe9f:0xec2df1193372b345",,"https://lh3.googleusercontent.com/gps-cs-s/AHRPTWmvm90GLRySCo4gUqKI_yhh6hrRUm1p03H_4PyufCCfD8b6v6-CDw1zrqgo2---n6Hr_d_g6er4FZP8idRvw6-nSk2UbtHS-0wnv6imvoQgsKgiBNsVbXsxY7ZQC8l44ZhqvzqHvw=w408-h395-k-no","false","true","/g/12hmt6sh_","es-419","0","-2.1281964","-79.8868048",,"Los Sauces","es","false","ChIJn_5E3DxtLZARRbNyMxnxLew","090504","$5-10","Hace 3 años","2023-06-12T20:27:29.137Z",,,,,,,,,,,,,,,,,,,,,"4","4","4","ChZDSUhNMG9nS0VJQ0FnSUR4dGZ6Q01BEAE",,,,,,,,"Google",,,"279",,,"1606","2026-08-08T17:32:25.309Z","Direct Detail URL: https://www.google.com/maps/place/Parrillada+Restaurant+El+Dorado+Sauces+3/@-2.1265971,-79.8975452,12.68z/data=!4m10!1m2!2m1!1sEl+Dorado!3m6!1s0x902d6d3cdc44fe9f:0xec2df1193372b345!8m2!3d-2.1281964!4d-79.8868048!15sCglFbCBEb3JhZG9aCyIJZWwgZG9yYWRvkgEKcmVzdGF1cmFudOABAA!16s%2Fg%2F12hmt6sh_?entry=ttu&g_ep=EgoyMDI2MDgwNS4xIKXMDSoASAFQAw%3D%3D","4",,"Rodrigo Icaza Cornejo Manzana 139","false","Nada del otro mundo",,"Parrillada Restaurant El Dorado Sauces 3","4.4",,"https://www.google.com/maps/search/?api=1&query=Parrillada%20Restaurant%20El%20Dorado%20Sauces%203&query_place_id=ChIJn_5E3DxtLZARRbNyMxnxLew",
"Rodrigo Icaza Cornejo Manzana 139, 090504 Guayaquil, Ecuador","Restaurante","Restaurante","17018523657442603845","Guayaquil","EC","0x902d6d3cdc44fe9f:0xec2df1193372b345",,"https://lh3.googleusercontent.com/gps-cs-s/AHRPTWmvm90GLRySCo4gUqKI_yhh6hrRUm1p03H_4PyufCCfD8b6v6-CDw1zrqgo2---n6Hr_d_g6er4FZP8idRvw6-nSk2UbtHS-0wnv6imvoQgsKgiBNsVbXsxY7ZQC8l44ZhqvzqHvw=w408-h395-k-no","false","true","/g/12hmt6sh_","es-419","0","-2.1281964","-79.8868048",,"Los Sauces",,"false","ChIJn_5E3DxtLZARRbNyMxnxLew","090504","$5-10","Hace 3 años","2023-06-09T01:57:51.518Z",,,,,,,,,,,,,,,,,,,,,,,,"ChZDSUhNMG9nS0VJQ0FnSUR4M3RfX0JBEAE",,,,,,,,"Google",,,"85",,,"1606","2026-08-08T17:32:25.309Z","Direct Detail URL: https://www.google.com/maps/place/Parrillada+Restaurant+El+Dorado+Sauces+3/@-2.1265971,-79.8975452,12.68z/data=!4m10!1m2!2m1!1sEl+Dorado!3m6!1s0x902d6d3cdc44fe9f:0xec2df1193372b345!8m2!3d-2.1281964!4d-79.8868048!15sCglFbCBEb3JhZG9aCyIJZWwgZG9yYWRvkgEKcmVzdGF1cmFudOABAA!16s%2Fg%2F12hmt6sh_?entry=ttu&g_ep=EgoyMDI2MDgwNS4xIKXMDSoASAFQAw%3D%3D","5",,"Rodrigo Icaza Cornejo Manzana 139","false",,,"Parrillada Restaurant El Dorado Sauces 3","4.4",,"https://www.google.com/maps/search/?api=1&query=Parrillada%20Restaurant%20El%20Dorado%20Sauces%203&query_place_id=ChIJn_5E3DxtLZARRbNyMxnxLew",
"Rodrigo Icaza Cornejo Manzana 139, 090504 Guayaquil, Ecuador","Restaurante","Restaurante","17018523657442603845","Guayaquil","EC","0x902d6d3cdc44fe9f:0xec2df1193372b345",,"https://lh3.googleusercontent.com/gps-cs-s/AHRPTWmvm90GLRySCo4gUqKI_yhh6hrRUm1p03H_4PyufCCfD8b6v6-CDw1zrqgo2---n6Hr_d_g6er4FZP8idRvw6-nSk2UbtHS-0wnv6imvoQgsKgiBNsVbXsxY7ZQC8l44ZhqvzqHvw=w408-h395-k-no","false","true","/g/12hmt6sh_","es-419","0","-2.1281964","-79.8868048",,"Los Sauces","es","false","ChIJn_5E3DxtLZARRbNyMxnxLew","090504","$5-10","Hace 3 años","2023-06-05T01:28:27.653Z",,,,,,,,,,,,,,,,,,,,,"5","5","5","ChZDSUhNMG9nS0VJQ0FnSUR4NHNPSlF3EAE",,,,,,,,"Google",,,"27",,,"1606","2026-08-08T17:32:25.309Z","Direct Detail URL: https://www.google.com/maps/place/Parrillada+Restaurant+El+Dorado+Sauces+3/@-2.1265971,-79.8975452,12.68z/data=!4m10!1m2!2m1!1sEl+Dorado!3m6!1s0x902d6d3cdc44fe9f:0xec2df1193372b345!8m2!3d-2.1281964!4d-79.8868048!15sCglFbCBEb3JhZG9aCyIJZWwgZG9yYWRvkgEKcmVzdGF1cmFudOABAA!16s%2Fg%2F12hmt6sh_?entry=ttu&g_ep=EgoyMDI2MDgwNS4xIKXMDSoASAFQAw%3D%3D","5",,"Rodrigo Icaza Cornejo Manzana 139","false","Sin comentarios",,"Parrillada Restaurant El Dorado Sauces 3","4.4",,"https://www.google.com/maps/search/?api=1&query=Parrillada%20Restaurant%20El%20Dorado%20Sauces%203&query_place_id=ChIJn_5E3DxtLZARRbNyMxnxLew",
"Rodrigo Icaza Cornejo Manzana 139, 090504 Guayaquil, Ecuador","Restaurante","Restaurante","17018523657442603845","Guayaquil","EC","0x902d6d3cdc44fe9f:0xec2df1193372b345",,"https://lh3.googleusercontent.com/gps-cs-s/AHRPTWmvm90GLRySCo4gUqKI_yhh6hrRUm1p03H_4PyufCCfD8b6v6-CDw1zrqgo2---n6Hr_d_g6er4FZP8idRvw6-nSk2UbtHS-0wnv6imvoQgsKgiBNsVbXsxY7ZQC8l44ZhqvzqHvw=w408-h395-k-no","false","true","/g/12hmt6sh_","es-419","0","-2.1281964","-79.8868048",,"Los Sauces","es","false","ChIJn_5E3DxtLZARRbNyMxnxLew","090504","$5-10","Hace 3 años","2023-05-26T04:04:32.618Z",,,,,,,,,,,,,,,,,,,,,,,,"ChZDSUhNMG9nS0VJQ0FnSUN4eTR5ZUZBEAE",,,,,,,,"Google",,,"42",,,"1606","2026-08-08T17:32:25.309Z","Direct Detail URL: https://www.google.com/maps/place/Parrillada+Restaurant+El+Dorado+Sauces+3/@-2.1265971,-79.8975452,12.68z/data=!4m10!1m2!2m1!1sEl+Dorado!3m6!1s0x902d6d3cdc44fe9f:0xec2df1193372b345!8m2!3d-2.1281964!4d-79.8868048!15sCglFbCBEb3JhZG9aCyIJZWwgZG9yYWRvkgEKcmVzdGF1cmFudOABAA!16s%2Fg%2F12hmt6sh_?entry=ttu&g_ep=EgoyMDI2MDgwNS4xIKXMDSoASAFQAw%3D%3D","3",,"Rodrigo Icaza Cornejo Manzana 139","false","Un poco demorado teniendo el.pollo en las.brasas debería ser más rápido pero el sabor delicioso",,"Parrillada Restaurant El Dorado Sauces 3","4.4",,"https://www.google.com/maps/search/?api=1&query=Parrillada%20Restaurant%20El%20Dorado%20Sauces%203&query_place_id=ChIJn_5E3DxtLZARRbNyMxnxLew",
"Rodrigo Icaza Cornejo Manzana 139, 090504 Guayaquil, Ecuador","Restaurante","Restaurante","17018523657442603845","Guayaquil","EC","0x902d6d3cdc44fe9f:0xec2df1193372b345",,"https://lh3.googleusercontent.com/gps-cs-s/AHRPTWmvm90GLRySCo4gUqKI_yhh6hrRUm1p03H_4PyufCCfD8b6v6-CDw1zrqgo2---n6Hr_d_g6er4FZP8idRvw6-nSk2UbtHS-0wnv6imvoQgsKgiBNsVbXsxY7ZQC8l44ZhqvzqHvw=w408-h395-k-no","false","false","/g/12hmt6sh_","es-419","0","-2.1281964","-79.8868048",,"Los Sauces",,"false","ChIJn_5E3DxtLZARRbNyMxnxLew","090504","$5-10","Hace 3 años","2023-05-23T01:50:51.158Z",,,,,,,,,,,,,,,,,,,,,"3","5","4","ChZDSUhNMG9nS0VJQ0FnSUN4OWZXMEx3EAE",,,,,,,,"Google",,,"1",,,"1606","2026-08-08T17:32:25.309Z","Direct Detail URL: https://www.google.com/maps/place/Parrillada+Restaurant+El+Dorado+Sauces+3/@-2.1265971,-79.8975452,12.68z/data=!4m10!1m2!2m1!1sEl+Dorado!3m6!1s0x902d6d3cdc44fe9f:0xec2df1193372b345!8m2!3d-2.1281964!4d-79.8868048!15sCglFbCBEb3JhZG9aCyIJZWwgZG9yYWRvkgEKcmVzdGF1cmFudOABAA!16s%2Fg%2F12hmt6sh_?entry=ttu&g_ep=EgoyMDI2MDgwNS4xIKXMDSoASAFQAw%3D%3D","4",,"Rodrigo Icaza Cornejo Manzana 139","false",,,"Parrillada Restaurant El Dorado Sauces 3","4.4",,"https://www.google.com/maps/search/?api=1&query=Parrillada%20Restaurant%20El%20Dorado%20Sauces%203&query_place_id=ChIJn_5E3DxtLZARRbNyMxnxLew",
"Rodrigo Icaza Cornejo Manzana 139, 090504 Guayaquil, Ecuador","Restaurante","Restaurante","17018523657442603845","Guayaquil","EC","0x902d6d3cdc44fe9f:0xec2df1193372b345",,"https://lh3.googleusercontent.com/gps-cs-s/AHRPTWmvm90GLRySCo4gUqKI_yhh6hrRUm1p03H_4PyufCCfD8b6v6-CDw1zrqgo2---n6Hr_d_g6er4FZP8idRvw6-nSk2UbtHS-0wnv6imvoQgsKgiBNsVbXsxY7ZQC8l44ZhqvzqHvw=w408-h395-k-no","false","true","/g/12hmt6sh_","es-419","0","-2.1281964","-79.8868048",,"Los Sauces","es","false","ChIJn_5E3DxtLZARRbNyMxnxLew","090504","$5-10","Hace 3 años","2023-05-22T16:44:35.107Z",,,,,,,,,,,,,,,,,,,,,"5","5","5","ChZDSUhNMG9nS0VJQ0FnSUN4MVk3X2JREAE",,,,,,,,"Google",,,"26",,,"1606","2026-08-08T17:32:25.309Z","Direct Detail URL: https://www.google.com/maps/place/Parrillada+Restaurant+El+Dorado+Sauces+3/@-2.1265971,-79.8975452,12.68z/data=!4m10!1m2!2m1!1sEl+Dorado!3m6!1s0x902d6d3cdc44fe9f:0xec2df1193372b345!8m2!3d-2.1281964!4d-79.8868048!15sCglFbCBEb3JhZG9aCyIJZWwgZG9yYWRvkgEKcmVzdGF1cmFudOABAA!16s%2Fg%2F12hmt6sh_?entry=ttu&g_ep=EgoyMDI2MDgwNS4xIKXMDSoASAFQAw%3D%3D","5",,"Rodrigo Icaza Cornejo Manzana 139","false","Excelente",,"Parrillada Restaurant El Dorado Sauces 3","4.4",,"https://www.google.com/maps/search/?api=1&query=Parrillada%20Restaurant%20El%20Dorado%20Sauces%203&query_place_id=ChIJn_5E3DxtLZARRbNyMxnxLew",
"Rodrigo Icaza Cornejo Manzana 139, 090504 Guayaquil, Ecuador","Restaurante","Restaurante","17018523657442603845","Guayaquil","EC","0x902d6d3cdc44fe9f:0xec2df1193372b345",,"https://lh3.googleusercontent.com/gps-cs-s/AHRPTWmvm90GLRySCo4gUqKI_yhh6hrRUm1p03H_4PyufCCfD8b6v6-CDw1zrqgo2---n6Hr_d_g6er4FZP8idRvw6-nSk2UbtHS-0wnv6imvoQgsKgiBNsVbXsxY7ZQC8l44ZhqvzqHvw=w408-h395-k-no","false","true","/g/12hmt6sh_","es-419","0","-2.1281964","-79.8868048",,"Los Sauces","es","false","ChIJn_5E3DxtLZARRbNyMxnxLew","090504","$5-10","Hace 3 años","2023-05-20T02:06:49.810Z",,,,,,,,,,,,,"$5-10",,,,,,"Almuerzo","Consumo en el lugar",,,,"ChdDSUhNMG9nS0VJQ0FnSUN4c2UzYzJBRRAB",,,,,,,,"Google",,,"170",,,"1606","2026-08-08T17:32:25.309Z","Direct Detail URL: https://www.google.com/maps/place/Parrillada+Restaurant+El+Dorado+Sauces+3/@-2.1265971,-79.8975452,12.68z/data=!4m10!1m2!2m1!1sEl+Dorado!3m6!1s0x902d6d3cdc44fe9f:0xec2df1193372b345!8m2!3d-2.1281964!4d-79.8868048!15sCglFbCBEb3JhZG9aCyIJZWwgZG9yYWRvkgEKcmVzdGF1cmFudOABAA!16s%2Fg%2F12hmt6sh_?entry=ttu&g_ep=EgoyMDI2MDgwNS4xIKXMDSoASAFQAw%3D%3D","5",,"Rodrigo Icaza Cornejo Manzana 139","false","Me gusta su menestra y la buena atención",,"Parrillada Restaurant El Dorado Sauces 3","4.4",,"https://www.google.com/maps/search/?api=1&query=Parrillada%20Restaurant%20El%20Dorado%20Sauces%203&query_place_id=ChIJn_5E3DxtLZARRbNyMxnxLew",
"Rodrigo Icaza Cornejo Manzana 139, 090504 Guayaquil, Ecuador","Restaurante","Restaurante","17018523657442603845","Guayaquil","EC","0x902d6d3cdc44fe9f:0xec2df1193372b345",,"https://lh3.googleusercontent.com/gps-cs-s/AHRPTWmvm90GLRySCo4gUqKI_yhh6hrRUm1p03H_4PyufCCfD8b6v6-CDw1zrqgo2---n6Hr_d_g6er4FZP8idRvw6-nSk2UbtHS-0wnv6imvoQgsKgiBNsVbXsxY7ZQC8l44ZhqvzqHvw=w408-h395-k-no","false","true","/g/12hmt6sh_","es-419","0","-2.1281964","-79.8868048",,"Los Sauces",,"false","ChIJn_5E3DxtLZARRbNyMxnxLew","090504","$5-10","Hace 3 años","2023-05-16T11:05:40.151Z",,,,,,,,,,,,,,,,,,,,,,,,"ChdDSUhNMG9nS0VJQ0FnSUN4eHJDUHRnRRAB",,,,,,,,"Google",,,"10",,,"1606","2026-08-08T17:32:25.309Z","Direct Detail URL: https://www.google.com/maps/place/Parrillada+Restaurant+El+Dorado+Sauces+3/@-2.1265971,-79.8975452,12.68z/data=!4m10!1m2!2m1!1sEl+Dorado!3m6!1s0x902d6d3cdc44fe9f:0xec2df1193372b345!8m2!3d-2.1281964!4d-79.8868048!15sCglFbCBEb3JhZG9aCyIJZWwgZG9yYWRvkgEKcmVzdGF1cmFudOABAA!16s%2Fg%2F12hmt6sh_?entry=ttu&g_ep=EgoyMDI2MDgwNS4xIKXMDSoASAFQAw%3D%3D","4",,"Rodrigo Icaza Cornejo Manzana 139","false",,,"Parrillada Restaurant El Dorado Sauces 3","4.4",,"https://www.google.com/maps/search/?api=1&query=Parrillada%20Restaurant%20El%20Dorado%20Sauces%203&query_place_id=ChIJn_5E3DxtLZARRbNyMxnxLew",
"Rodrigo Icaza Cornejo Manzana 139, 090504 Guayaquil, Ecuador","Restaurante","Restaurante","17018523657442603845","Guayaquil","EC","0x902d6d3cdc44fe9f:0xec2df1193372b345",,"https://lh3.googleusercontent.com/gps-cs-s/AHRPTWmvm90GLRySCo4gUqKI_yhh6hrRUm1p03H_4PyufCCfD8b6v6-CDw1zrqgo2---n6Hr_d_g6er4FZP8idRvw6-nSk2UbtHS-0wnv6imvoQgsKgiBNsVbXsxY7ZQC8l44ZhqvzqHvw=w408-h395-k-no","false","false","/g/12hmt6sh_","es-419","0","-2.1281964","-79.8868048",,"Los Sauces",,"false","ChIJn_5E3DxtLZARRbNyMxnxLew","090504","$5-10","Hace 3 años","2023-05-14T23:45:08.218Z",,,,,,,,,,,,,,,,,,,,,,,,"ChZDSUhNMG9nS0VJQ0FnSUN4aXBmUGZBEAE",,,,,,,,"Google",,,"1",,,"1606","2026-08-08T17:32:25.309Z","Direct Detail URL: https://www.google.com/maps/place/Parrillada+Restaurant+El+Dorado+Sauces+3/@-2.1265971,-79.8975452,12.68z/data=!4m10!1m2!2m1!1sEl+Dorado!3m6!1s0x902d6d3cdc44fe9f:0xec2df1193372b345!8m2!3d-2.1281964!4d-79.8868048!15sCglFbCBEb3JhZG9aCyIJZWwgZG9yYWRvkgEKcmVzdGF1cmFudOABAA!16s%2Fg%2F12hmt6sh_?entry=ttu&g_ep=EgoyMDI2MDgwNS4xIKXMDSoASAFQAw%3D%3D","4",,"Rodrigo Icaza Cornejo Manzana 139","false",,,"Parrillada Restaurant El Dorado Sauces 3","4.4",,"https://www.google.com/maps/search/?api=1&query=Parrillada%20Restaurant%20El%20Dorado%20Sauces%203&query_place_id=ChIJn_5E3DxtLZARRbNyMxnxLew",
"Rodrigo Icaza Cornejo Manzana 139, 090504 Guayaquil, Ecuador","Restaurante","Restaurante","17018523657442603845","Guayaquil","EC","0x902d6d3cdc44fe9f:0xec2df1193372b345",,"https://lh3.googleusercontent.com/gps-cs-s/AHRPTWmvm90GLRySCo4gUqKI_yhh6hrRUm1p03H_4PyufCCfD8b6v6-CDw1zrqgo2---n6Hr_d_g6er4FZP8idRvw6-nSk2UbtHS-0wnv6imvoQgsKgiBNsVbXsxY7ZQC8l44ZhqvzqHvw=w408-h395-k-no","false","false","/g/12hmt6sh_","es-419","0","-2.1281964","-79.8868048",,"Los Sauces","es","false","ChIJn_5E3DxtLZARRbNyMxnxLew","090504","$5-10","Hace 3 años","2023-05-14T20:10:41.459Z",,,,,,,,,,,,,,,,,,,,,,,,"ChdDSUhNMG9nS0VJQ0FnSUN4aXJLcDBRRRAB",,,,,,,,"Google",,,"6",,,"1606","2026-08-08T17:32:25.309Z","Direct Detail URL: https://www.google.com/maps/place/Parrillada+Restaurant+El+Dorado+Sauces+3/@-2.1265971,-79.8975452,12.68z/data=!4m10!1m2!2m1!1sEl+Dorado!3m6!1s0x902d6d3cdc44fe9f:0xec2df1193372b345!8m2!3d-2.1281964!4d-79.8868048!15sCglFbCBEb3JhZG9aCyIJZWwgZG9yYWRvkgEKcmVzdGF1cmFudOABAA!16s%2Fg%2F12hmt6sh_?entry=ttu&g_ep=EgoyMDI2MDgwNS4xIKXMDSoASAFQAw%3D%3D","1",,"Rodrigo Icaza Cornejo Manzana 139","false","Pésimo servicio ofrecen una mesa debajo de un aire acondicionado averiado y que goteaba, en otras palabras nos ofrecían un charco como mesa ,salí con todo el pantalón empapado, 2 no se puede rectificar el pedido solo había pasado medio minuto y el mesero ya nos dijo que no podíamos cambiar ni el sabor del jugo nos explicó que se pelearia con la cajera y que era imposible",,"Parrillada Restaurant El Dorado Sauces 3","4.4",,"https://www.google.com/maps/search/?api=1&query=Parrillada%20Restaurant%20El%20Dorado%20Sauces%203&query_place_id=ChIJn_5E3DxtLZARRbNyMxnxLew",
"Rodrigo Icaza Cornejo Manzana 139, 090504 Guayaquil, Ecuador","Restaurante","Restaurante","17018523657442603845","Guayaquil","EC","0x902d6d3cdc44fe9f:0xec2df1193372b345",,"https://lh3.googleusercontent.com/gps-cs-s/AHRPTWmvm90GLRySCo4gUqKI_yhh6hrRUm1p03H_4PyufCCfD8b6v6-CDw1zrqgo2---n6Hr_d_g6er4FZP8idRvw6-nSk2UbtHS-0wnv6imvoQgsKgiBNsVbXsxY7ZQC8l44ZhqvzqHvw=w408-h395-k-no","false","true","/g/12hmt6sh_","es-419","0","-2.1281964","-79.8868048",,"Los Sauces",,"false","ChIJn_5E3DxtLZARRbNyMxnxLew","090504","$5-10","Hace 3 años","2023-05-08T18:50:30.720Z",,,,,,,,,,,,,,,,,,,,,"2","3","2","ChZDSUhNMG9nS0VJQ0FnSUN4ME02V0NREAE",,,,,,,,"Google",,,"38",,,"1606","2026-08-08T17:32:25.309Z","Direct Detail URL: https://www.google.com/maps/place/Parrillada+Restaurant+El+Dorado+Sauces+3/@-2.1265971,-79.8975452,12.68z/data=!4m10!1m2!2m1!1sEl+Dorado!3m6!1s0x902d6d3cdc44fe9f:0xec2df1193372b345!8m2!3d-2.1281964!4d-79.8868048!15sCglFbCBEb3JhZG9aCyIJZWwgZG9yYWRvkgEKcmVzdGF1cmFudOABAA!16s%2Fg%2F12hmt6sh_?entry=ttu&g_ep=EgoyMDI2MDgwNS4xIKXMDSoASAFQAw%3D%3D","2",,"Rodrigo Icaza Cornejo Manzana 139","false",,,"Parrillada Restaurant El Dorado Sauces 3","4.4",,"https://www.google.com/maps/search/?api=1&query=Parrillada%20Restaurant%20El%20Dorado%20Sauces%203&query_place_id=ChIJn_5E3DxtLZARRbNyMxnxLew",
"Rodrigo Icaza Cornejo Manzana 139, 090504 Guayaquil, Ecuador","Restaurante","Restaurante","17018523657442603845","Guayaquil","EC","0x902d6d3cdc44fe9f:0xec2df1193372b345",,"https://lh3.googleusercontent.com/gps-cs-s/AHRPTWmvm90GLRySCo4gUqKI_yhh6hrRUm1p03H_4PyufCCfD8b6v6-CDw1zrqgo2---n6Hr_d_g6er4FZP8idRvw6-nSk2UbtHS-0wnv6imvoQgsKgiBNsVbXsxY7ZQC8l44ZhqvzqHvw=w408-h395-k-no","false","true","/g/12hmt6sh_","es-419","1","-2.1281964","-79.8868048",,"Los Sauces","es","false","ChIJn_5E3DxtLZARRbNyMxnxLew","090504","$5-10","Hace 3 años","2023-05-06T19:08:29.549Z",,,,,,,,,,,,,"$5-10",,,,,,"Cena","Consumo en el lugar","4","5","4","ChdDSUhNMG9nS0VJQ0FnSURScjZydW5RRRAB",,,,,,,,"Google",,,"180",,,"1606","2026-08-08T17:32:25.309Z","Direct Detail URL: https://www.google.com/maps/place/Parrillada+Restaurant+El+Dorado+Sauces+3/@-2.1265971,-79.8975452,12.68z/data=!4m10!1m2!2m1!1sEl+Dorado!3m6!1s0x902d6d3cdc44fe9f:0xec2df1193372b345!8m2!3d-2.1281964!4d-79.8868048!15sCglFbCBEb3JhZG9aCyIJZWwgZG9yYWRvkgEKcmVzdGF1cmFudOABAA!16s%2Fg%2F12hmt6sh_?entry=ttu&g_ep=EgoyMDI2MDgwNS4xIKXMDSoASAFQAw%3D%3D","4",,"Rodrigo Icaza Cornejo Manzana 139","false","Este lugar en sauces 3 lo conozco desde hace ya un par de décadas. La comida muy buena como siempre, la salsa la de siempre. El Ambiente mucho más acogedor, ha ido creciendo con el tiempo. Talvez lo único confuso es donde hacer el pedido, aquí hubo una demora pero nada del otro mundo. Los precios obviamente ya no son como antes están más elevados pero diría que es un precio dentro de un rango justo para lo que se come.",,"Parrillada Restaurant El Dorado Sauces 3","4.4",,"https://www.google.com/maps/search/?api=1&query=Parrillada%20Restaurant%20El%20Dorado%20Sauces%203&query_place_id=ChIJn_5E3DxtLZARRbNyMxnxLew",
"Rodrigo Icaza Cornejo Manzana 139, 090504 Guayaquil, Ecuador","Restaurante","Restaurante","17018523657442603845","Guayaquil","EC","0x902d6d3cdc44fe9f:0xec2df1193372b345",,"https://lh3.googleusercontent.com/gps-cs-s/AHRPTWmvm90GLRySCo4gUqKI_yhh6hrRUm1p03H_4PyufCCfD8b6v6-CDw1zrqgo2---n6Hr_d_g6er4FZP8idRvw6-nSk2UbtHS-0wnv6imvoQgsKgiBNsVbXsxY7ZQC8l44ZhqvzqHvw=w408-h395-k-no","false","true","/g/12hmt6sh_","es-419","0","-2.1281964","-79.8868048",,"Los Sauces",,"false","ChIJn_5E3DxtLZARRbNyMxnxLew","090504","$5-10","Hace 3 años","2023-05-06T18:11:51.401Z",,,,,,,,,,,,,,,,,,,,,"5","5","5","ChdDSUhNMG9nS0VJQ0FnSURScjVqZC1RRRAB",,,,,,,,"Google",,,"14",,,"1606","2026-08-08T17:32:25.309Z","Direct Detail URL: https://www.google.com/maps/place/Parrillada+Restaurant+El+Dorado+Sauces+3/@-2.1265971,-79.8975452,12.68z/data=!4m10!1m2!2m1!1sEl+Dorado!3m6!1s0x902d6d3cdc44fe9f:0xec2df1193372b345!8m2!3d-2.1281964!4d-79.8868048!15sCglFbCBEb3JhZG9aCyIJZWwgZG9yYWRvkgEKcmVzdGF1cmFudOABAA!16s%2Fg%2F12hmt6sh_?entry=ttu&g_ep=EgoyMDI2MDgwNS4xIKXMDSoASAFQAw%3D%3D","5",,"Rodrigo Icaza Cornejo Manzana 139","false",,,"Parrillada Restaurant El Dorado Sauces 3","4.4",,"https://www.google.com/maps/search/?api=1&query=Parrillada%20Restaurant%20El%20Dorado%20Sauces%203&query_place_id=ChIJn_5E3DxtLZARRbNyMxnxLew",
"Rodrigo Icaza Cornejo Manzana 139, 090504 Guayaquil, Ecuador","Restaurante","Restaurante","17018523657442603845","Guayaquil","EC","0x902d6d3cdc44fe9f:0xec2df1193372b345",,"https://lh3.googleusercontent.com/gps-cs-s/AHRPTWmvm90GLRySCo4gUqKI_yhh6hrRUm1p03H_4PyufCCfD8b6v6-CDw1zrqgo2---n6Hr_d_g6er4FZP8idRvw6-nSk2UbtHS-0wnv6imvoQgsKgiBNsVbXsxY7ZQC8l44ZhqvzqHvw=w408-h395-k-no","false","true","/g/12hmt6sh_","es-419","0","-2.1281964","-79.8868048",,"Los Sauces","es","false","ChIJn_5E3DxtLZARRbNyMxnxLew","090504","$5-10","Hace 3 años","2023-05-02T12:20:50.454Z",,,,,,"Es un poco difícil encontrar estacionamiento",,,,"Estacionamiento gratuito",,,"$10-15",,,,,,"Otro","Consumo en el lugar","4","5","5","ChdDSUhNMG9nS0VJQ0FnSURSdzZTOHZ3RRAB",,,,,,,,"Google",,,"38",,,"1606","2026-08-08T17:32:25.309Z","Direct Detail URL: https://www.google.com/maps/place/Parrillada+Restaurant+El+Dorado+Sauces+3/@-2.1265971,-79.8975452,12.68z/data=!4m10!1m2!2m1!1sEl+Dorado!3m6!1s0x902d6d3cdc44fe9f:0xec2df1193372b345!8m2!3d-2.1281964!4d-79.8868048!15sCglFbCBEb3JhZG9aCyIJZWwgZG9yYWRvkgEKcmVzdGF1cmFudOABAA!16s%2Fg%2F12hmt6sh_?entry=ttu&g_ep=EgoyMDI2MDgwNS4xIKXMDSoASAFQAw%3D%3D","5",,"Rodrigo Icaza Cornejo Manzana 139","false","Muy buena parrillada lo mejor . Recomendado",,"Parrillada Restaurant El Dorado Sauces 3","4.4",,"https://www.google.com/maps/search/?api=1&query=Parrillada%20Restaurant%20El%20Dorado%20Sauces%203&query_place_id=ChIJn_5E3DxtLZARRbNyMxnxLew",
"Rodrigo Icaza Cornejo Manzana 139, 090504 Guayaquil, Ecuador","Restaurante","Restaurante","17018523657442603845","Guayaquil","EC","0x902d6d3cdc44fe9f:0xec2df1193372b345",,"https://lh3.googleusercontent.com/gps-cs-s/AHRPTWmvm90GLRySCo4gUqKI_yhh6hrRUm1p03H_4PyufCCfD8b6v6-CDw1zrqgo2---n6Hr_d_g6er4FZP8idRvw6-nSk2UbtHS-0wnv6imvoQgsKgiBNsVbXsxY7ZQC8l44ZhqvzqHvw=w408-h395-k-no","false","true","/g/12hmt6sh_","es-419","0","-2.1281964","-79.8868048",,"Los Sauces","es","false","ChIJn_5E3DxtLZARRbNyMxnxLew","090504","$5-10","Hace 3 años","2023-04-29T13:48:58.133Z",,,,,,,,,,,,,"$10-15",,,,,,"Cena","Consumo en el lugar","5","5","5","ChdDSUhNMG9nS0VJQ0FnSURSaFp6NXlnRRAB",,,,,,,,"Google",,,"13",,,"1606","2026-08-08T17:32:25.309Z","Direct Detail URL: https://www.google.com/maps/place/Parrillada+Restaurant+El+Dorado+Sauces+3/@-2.1265971,-79.8975452,12.68z/data=!4m10!1m2!2m1!1sEl+Dorado!3m6!1s0x902d6d3cdc44fe9f:0xec2df1193372b345!8m2!3d-2.1281964!4d-79.8868048!15sCglFbCBEb3JhZG9aCyIJZWwgZG9yYWRvkgEKcmVzdGF1cmFudOABAA!16s%2Fg%2F12hmt6sh_?entry=ttu&g_ep=EgoyMDI2MDgwNS4xIKXMDSoASAFQAw%3D%3D","5",,"Rodrigo Icaza Cornejo Manzana 139","false","Atención muy buena y la comida deliciosa",,"Parrillada Restaurant El Dorado Sauces 3","4.4",,"https://www.google.com/maps/search/?api=1&query=Parrillada%20Restaurant%20El%20Dorado%20Sauces%203&query_place_id=ChIJn_5E3DxtLZARRbNyMxnxLew",
"Rodrigo Icaza Cornejo Manzana 139, 090504 Guayaquil, Ecuador","Restaurante","Restaurante","17018523657442603845","Guayaquil","EC","0x902d6d3cdc44fe9f:0xec2df1193372b345",,"https://lh3.googleusercontent.com/gps-cs-s/AHRPTWmvm90GLRySCo4gUqKI_yhh6hrRUm1p03H_4PyufCCfD8b6v6-CDw1zrqgo2---n6Hr_d_g6er4FZP8idRvw6-nSk2UbtHS-0wnv6imvoQgsKgiBNsVbXsxY7ZQC8l44ZhqvzqHvw=w408-h395-k-no","false","true","/g/12hmt6sh_","es-419","0","-2.1281964","-79.8868048",,"Los Sauces","es","false","ChIJn_5E3DxtLZARRbNyMxnxLew","090504","$5-10","Hace 3 años","2023-04-28T14:37:56.201Z",,,,,,,,,,,,,,,,,,,,,"5","5","5","ChZDSUhNMG9nS0VJQ0FnSURSNmVUTFp3EAE",,,,,,,,"Google",,,"21",,,"1606","2026-08-08T17:32:25.309Z","Direct Detail URL: https://www.google.com/maps/place/Parrillada+Restaurant+El+Dorado+Sauces+3/@-2.1265971,-79.8975452,12.68z/data=!4m10!1m2!2m1!1sEl+Dorado!3m6!1s0x902d6d3cdc44fe9f:0xec2df1193372b345!8m2!3d-2.1281964!4d-79.8868048!15sCglFbCBEb3JhZG9aCyIJZWwgZG9yYWRvkgEKcmVzdGF1cmFudOABAA!16s%2Fg%2F12hmt6sh_?entry=ttu&g_ep=EgoyMDI2MDgwNS4xIKXMDSoASAFQAw%3D%3D","5",,"Rodrigo Icaza Cornejo Manzana 139","false","Exelente",,"Parrillada Restaurant El Dorado Sauces 3","4.4",,"https://www.google.com/maps/search/?api=1&query=Parrillada%20Restaurant%20El%20Dorado%20Sauces%203&query_place_id=ChIJn_5E3DxtLZARRbNyMxnxLew",
"Rodrigo Icaza Cornejo Manzana 139, 090504 Guayaquil, Ecuador","Restaurante","Restaurante","17018523657442603845","Guayaquil","EC","0x902d6d3cdc44fe9f:0xec2df1193372b345",,"https://lh3.googleusercontent.com/gps-cs-s/AHRPTWmvm90GLRySCo4gUqKI_yhh6hrRUm1p03H_4PyufCCfD8b6v6-CDw1zrqgo2---n6Hr_d_g6er4FZP8idRvw6-nSk2UbtHS-0wnv6imvoQgsKgiBNsVbXsxY7ZQC8l44ZhqvzqHvw=w408-h395-k-no","false","true","/g/12hmt6sh_","es-419","0","-2.1281964","-79.8868048",,"Los Sauces",,"false","ChIJn_5E3DxtLZARRbNyMxnxLew","090504","$5-10","Hace 3 años","2023-04-27T12:13:35.039Z",,,,,,,,,,,,,,,,,,,,,,,,"ChZDSUhNMG9nS0VJQ0FnSURSMFppR2J3EAE",,,,,,,,"Google",,,"8",,,"1606","2026-08-08T17:32:25.309Z","Direct Detail URL: https://www.google.com/maps/place/Parrillada+Restaurant+El+Dorado+Sauces+3/@-2.1265971,-79.8975452,12.68z/data=!4m10!1m2!2m1!1sEl+Dorado!3m6!1s0x902d6d3cdc44fe9f:0xec2df1193372b345!8m2!3d-2.1281964!4d-79.8868048!15sCglFbCBEb3JhZG9aCyIJZWwgZG9yYWRvkgEKcmVzdGF1cmFudOABAA!16s%2Fg%2F12hmt6sh_?entry=ttu&g_ep=EgoyMDI2MDgwNS4xIKXMDSoASAFQAw%3D%3D","4",,"Rodrigo Icaza Cornejo Manzana 139","false",,,"Parrillada Restaurant El Dorado Sauces 3","4.4",,"https://www.google.com/maps/search/?api=1&query=Parrillada%20Restaurant%20El%20Dorado%20Sauces%203&query_place_id=ChIJn_5E3DxtLZARRbNyMxnxLew",
"Rodrigo Icaza Cornejo Manzana 139, 090504 Guayaquil, Ecuador","Restaurante","Restaurante","17018523657442603845","Guayaquil","EC","0x902d6d3cdc44fe9f:0xec2df1193372b345",,"https://lh3.googleusercontent.com/gps-cs-s/AHRPTWmvm90GLRySCo4gUqKI_yhh6hrRUm1p03H_4PyufCCfD8b6v6-CDw1zrqgo2---n6Hr_d_g6er4FZP8idRvw6-nSk2UbtHS-0wnv6imvoQgsKgiBNsVbXsxY7ZQC8l44ZhqvzqHvw=w408-h395-k-no","false","false","/g/12hmt6sh_","es-419","0","-2.1281964","-79.8868048",,"Los Sauces",,"false","ChIJn_5E3DxtLZARRbNyMxnxLew","090504","$5-10","Hace 3 años","2023-04-27T03:37:27.323Z",,,,,,,,,,,,,,,,,,,,,"5","5","5","ChZDSUhNMG9nS0VJQ0FnSURSNGJEZk53EAE",,,,,,,,"Google",,,"1",,,"1606","2026-08-08T17:32:25.309Z","Direct Detail URL: https://www.google.com/maps/place/Parrillada+Restaurant+El+Dorado+Sauces+3/@-2.1265971,-79.8975452,12.68z/data=!4m10!1m2!2m1!1sEl+Dorado!3m6!1s0x902d6d3cdc44fe9f:0xec2df1193372b345!8m2!3d-2.1281964!4d-79.8868048!15sCglFbCBEb3JhZG9aCyIJZWwgZG9yYWRvkgEKcmVzdGF1cmFudOABAA!16s%2Fg%2F12hmt6sh_?entry=ttu&g_ep=EgoyMDI2MDgwNS4xIKXMDSoASAFQAw%3D%3D","5",,"Rodrigo Icaza Cornejo Manzana 139","false",,,"Parrillada Restaurant El Dorado Sauces 3","4.4",,"https://www.google.com/maps/search/?api=1&query=Parrillada%20Restaurant%20El%20Dorado%20Sauces%203&query_place_id=ChIJn_5E3DxtLZARRbNyMxnxLew",
"Rodrigo Icaza Cornejo Manzana 139, 090504 Guayaquil, Ecuador","Restaurante","Restaurante","17018523657442603845","Guayaquil","EC","0x902d6d3cdc44fe9f:0xec2df1193372b345",,"https://lh3.googleusercontent.com/gps-cs-s/AHRPTWmvm90GLRySCo4gUqKI_yhh6hrRUm1p03H_4PyufCCfD8b6v6-CDw1zrqgo2---n6Hr_d_g6er4FZP8idRvw6-nSk2UbtHS-0wnv6imvoQgsKgiBNsVbXsxY7ZQC8l44ZhqvzqHvw=w408-h395-k-no","false","true","/g/12hmt6sh_","es-419","0","-2.1281964","-79.8868048",,"Los Sauces",,"false","ChIJn_5E3DxtLZARRbNyMxnxLew","090504","$5-10","Hace 3 años","2023-04-26T14:09:09.890Z",,,,,,,,,,,,,,,,,,,,,,,,"ChZDSUhNMG9nS0VJQ0FnSURSX3B2RUN3EAE",,,,,,,,"Google",,,"70",,,"1606","2026-08-08T17:32:25.309Z","Direct Detail URL: https://www.google.com/maps/place/Parrillada+Restaurant+El+Dorado+Sauces+3/@-2.1265971,-79.8975452,12.68z/data=!4m10!1m2!2m1!1sEl+Dorado!3m6!1s0x902d6d3cdc44fe9f:0xec2df1193372b345!8m2!3d-2.1281964!4d-79.8868048!15sCglFbCBEb3JhZG9aCyIJZWwgZG9yYWRvkgEKcmVzdGF1cmFudOABAA!16s%2Fg%2F12hmt6sh_?entry=ttu&g_ep=EgoyMDI2MDgwNS4xIKXMDSoASAFQAw%3D%3D","5",,"Rodrigo Icaza Cornejo Manzana 139","false",,,"Parrillada Restaurant El Dorado Sauces 3","4.4",,"https://www.google.com/maps/search/?api=1&query=Parrillada%20Restaurant%20El%20Dorado%20Sauces%203&query_place_id=ChIJn_5E3DxtLZARRbNyMxnxLew",
"Rodrigo Icaza Cornejo Manzana 139, 090504 Guayaquil, Ecuador","Restaurante","Restaurante","17018523657442603845","Guayaquil","EC","0x902d6d3cdc44fe9f:0xec2df1193372b345",,"https://lh3.googleusercontent.com/gps-cs-s/AHRPTWmvm90GLRySCo4gUqKI_yhh6hrRUm1p03H_4PyufCCfD8b6v6-CDw1zrqgo2---n6Hr_d_g6er4FZP8idRvw6-nSk2UbtHS-0wnv6imvoQgsKgiBNsVbXsxY7ZQC8l44ZhqvzqHvw=w408-h395-k-no","false","true","/g/12hmt6sh_","es-419","0","-2.1281964","-79.8868048",,"Los Sauces",,"false","ChIJn_5E3DxtLZARRbNyMxnxLew","090504","$5-10","Hace 3 años","2023-04-22T21:20:15.814Z",,,,,,,,,,,,,,,,,,,,,,,,"ChdDSUhNMG9nS0VJQ0FnSURSNnJxZzF3RRAB",,,,,,,,"Google",,,"31",,,"1606","2026-08-08T17:32:25.309Z","Direct Detail URL: https://www.google.com/maps/place/Parrillada+Restaurant+El+Dorado+Sauces+3/@-2.1265971,-79.8975452,12.68z/data=!4m10!1m2!2m1!1sEl+Dorado!3m6!1s0x902d6d3cdc44fe9f:0xec2df1193372b345!8m2!3d-2.1281964!4d-79.8868048!15sCglFbCBEb3JhZG9aCyIJZWwgZG9yYWRvkgEKcmVzdGF1cmFudOABAA!16s%2Fg%2F12hmt6sh_?entry=ttu&g_ep=EgoyMDI2MDgwNS4xIKXMDSoASAFQAw%3D%3D","5",,"Rodrigo Icaza Cornejo Manzana 139","false",,,"Parrillada Restaurant El Dorado Sauces 3","4.4",,"https://www.google.com/maps/search/?api=1&query=Parrillada%20Restaurant%20El%20Dorado%20Sauces%203&query_place_id=ChIJn_5E3DxtLZARRbNyMxnxLew",
"Rodrigo Icaza Cornejo Manzana 139, 090504 Guayaquil, Ecuador","Restaurante","Restaurante","17018523657442603845","Guayaquil","EC","0x902d6d3cdc44fe9f:0xec2df1193372b345",,"https://lh3.googleusercontent.com/gps-cs-s/AHRPTWmvm90GLRySCo4gUqKI_yhh6hrRUm1p03H_4PyufCCfD8b6v6-CDw1zrqgo2---n6Hr_d_g6er4FZP8idRvw6-nSk2UbtHS-0wnv6imvoQgsKgiBNsVbXsxY7ZQC8l44ZhqvzqHvw=w408-h395-k-no","false","true","/g/12hmt6sh_","es-419","0","-2.1281964","-79.8868048",,"Los Sauces","es","false","ChIJn_5E3DxtLZARRbNyMxnxLew","090504","$5-10","Hace 3 años","2023-04-17T04:56:09.631Z",,,,,,,,,,,,,,,,,,,"Almuerzo","Consumo en el lugar",,,,"ChZDSUhNMG9nS0VJQ0FnSURSbUlhY0tREAE",,,,,,,,"Google",,,"152",,,"1606","2026-08-08T17:32:25.309Z","Direct Detail URL: https://www.google.com/maps/place/Parrillada+Restaurant+El+Dorado+Sauces+3/@-2.1265971,-79.8975452,12.68z/data=!4m10!1m2!2m1!1sEl+Dorado!3m6!1s0x902d6d3cdc44fe9f:0xec2df1193372b345!8m2!3d-2.1281964!4d-79.8868048!15sCglFbCBEb3JhZG9aCyIJZWwgZG9yYWRvkgEKcmVzdGF1cmFudOABAA!16s%2Fg%2F12hmt6sh_?entry=ttu&g_ep=EgoyMDI2MDgwNS4xIKXMDSoASAFQAw%3D%3D","4",,"Rodrigo Icaza Cornejo Manzana 139","false","Si me gusto. Pedimos un pollo entero (viene cortado en presas)con sus acompañantes.....y arroz-moros adicional con papa frita adicional",,"Parrillada Restaurant El Dorado Sauces 3","4.4",,"https://www.google.com/maps/search/?api=1&query=Parrillada%20Restaurant%20El%20Dorado%20Sauces%203&query_place_id=ChIJn_5E3DxtLZARRbNyMxnxLew",
"Rodrigo Icaza Cornejo Manzana 139, 090504 Guayaquil, Ecuador","Restaurante","Restaurante","17018523657442603845","Guayaquil","EC","0x902d6d3cdc44fe9f:0xec2df1193372b345",,"https://lh3.googleusercontent.com/gps-cs-s/AHRPTWmvm90GLRySCo4gUqKI_yhh6hrRUm1p03H_4PyufCCfD8b6v6-CDw1zrqgo2---n6Hr_d_g6er4FZP8idRvw6-nSk2UbtHS-0wnv6imvoQgsKgiBNsVbXsxY7ZQC8l44ZhqvzqHvw=w408-h395-k-no","false","false","/g/12hmt6sh_","es-419","0","-2.1281964","-79.8868048",,"Los Sauces",,"false","ChIJn_5E3DxtLZARRbNyMxnxLew","090504","$5-10","Hace 3 años","2023-04-14T11:06:33.941Z",,,,,,,,,,,,,,,,,,,,,,,,"ChdDSUhNMG9nS0VJQ0FnSUNSMzhfc3dRRRAB",,,,,,,,"Google",,,"0",,,"1606","2026-08-08T17:32:25.309Z","Direct Detail URL: https://www.google.com/maps/place/Parrillada+Restaurant+El+Dorado+Sauces+3/@-2.1265971,-79.8975452,12.68z/data=!4m10!1m2!2m1!1sEl+Dorado!3m6!1s0x902d6d3cdc44fe9f:0xec2df1193372b345!8m2!3d-2.1281964!4d-79.8868048!15sCglFbCBEb3JhZG9aCyIJZWwgZG9yYWRvkgEKcmVzdGF1cmFudOABAA!16s%2Fg%2F12hmt6sh_?entry=ttu&g_ep=EgoyMDI2MDgwNS4xIKXMDSoASAFQAw%3D%3D","4",,"Rodrigo Icaza Cornejo Manzana 139","false",,,"Parrillada Restaurant El Dorado Sauces 3","4.4",,"https://www.google.com/maps/search/?api=1&query=Parrillada%20Restaurant%20El%20Dorado%20Sauces%203&query_place_id=ChIJn_5E3DxtLZARRbNyMxnxLew",
"Rodrigo Icaza Cornejo Manzana 139, 090504 Guayaquil, Ecuador","Restaurante","Restaurante","17018523657442603845","Guayaquil","EC","0x902d6d3cdc44fe9f:0xec2df1193372b345",,"https://lh3.googleusercontent.com/gps-cs-s/AHRPTWmvm90GLRySCo4gUqKI_yhh6hrRUm1p03H_4PyufCCfD8b6v6-CDw1zrqgo2---n6Hr_d_g6er4FZP8idRvw6-nSk2UbtHS-0wnv6imvoQgsKgiBNsVbXsxY7ZQC8l44ZhqvzqHvw=w408-h395-k-no","false","false","/g/12hmt6sh_","es-419","0","-2.1281964","-79.8868048",,"Los Sauces",,"false","ChIJn_5E3DxtLZARRbNyMxnxLew","090504","$5-10","Hace 3 años","2023-04-13T01:50:54.093Z",,,,,,,,,,,,,,,,,,,,,,,,"ChdDSUhNMG9nS0VJQ0FnSUNSdC11bjRBRRAB",,,,,,,,"Google",,,"0",,,"1606","2026-08-08T17:32:25.309Z","Direct Detail URL: https://www.google.com/maps/place/Parrillada+Restaurant+El+Dorado+Sauces+3/@-2.1265971,-79.8975452,12.68z/data=!4m10!1m2!2m1!1sEl+Dorado!3m6!1s0x902d6d3cdc44fe9f:0xec2df1193372b345!8m2!3d-2.1281964!4d-79.8868048!15sCglFbCBEb3JhZG9aCyIJZWwgZG9yYWRvkgEKcmVzdGF1cmFudOABAA!16s%2Fg%2F12hmt6sh_?entry=ttu&g_ep=EgoyMDI2MDgwNS4xIKXMDSoASAFQAw%3D%3D","5",,"Rodrigo Icaza Cornejo Manzana 139","false",,,"Parrillada Restaurant El Dorado Sauces 3","4.4",,"https://www.google.com/maps/search/?api=1&query=Parrillada%20Restaurant%20El%20Dorado%20Sauces%203&query_place_id=ChIJn_5E3DxtLZARRbNyMxnxLew",
"Rodrigo Icaza Cornejo Manzana 139, 090504 Guayaquil, Ecuador","Restaurante","Restaurante","17018523657442603845","Guayaquil","EC","0x902d6d3cdc44fe9f:0xec2df1193372b345",,"https://lh3.googleusercontent.com/gps-cs-s/AHRPTWmvm90GLRySCo4gUqKI_yhh6hrRUm1p03H_4PyufCCfD8b6v6-CDw1zrqgo2---n6Hr_d_g6er4FZP8idRvw6-nSk2UbtHS-0wnv6imvoQgsKgiBNsVbXsxY7ZQC8l44ZhqvzqHvw=w408-h395-k-no","false","true","/g/12hmt6sh_","es-419","0","-2.1281964","-79.8868048",,"Los Sauces","es","false","ChIJn_5E3DxtLZARRbNyMxnxLew","090504","$5-10","Editado Hace 3 años","2023-04-12T15:20:26.952Z",,,,,,,,,,,"Pollo Asado Con Ensalada Papas Fritas Y Arroz Con Choclo",,"$5-10",,,,,,"Cena","Consumo en el lugar","5","5","5","ChdDSUhNMG9nS0VJQ0FnSURnaDVxVWl3RRAB",,,,,,,,"Google",,,"63",,,"1606","2026-08-08T17:32:25.309Z","Direct Detail URL: https://www.google.com/maps/place/Parrillada+Restaurant+El+Dorado+Sauces+3/@-2.1265971,-79.8975452,12.68z/data=!4m10!1m2!2m1!1sEl+Dorado!3m6!1s0x902d6d3cdc44fe9f:0xec2df1193372b345!8m2!3d-2.1281964!4d-79.8868048!15sCglFbCBEb3JhZG9aCyIJZWwgZG9yYWRvkgEKcmVzdGF1cmFudOABAA!16s%2Fg%2F12hmt6sh_?entry=ttu&g_ep=EgoyMDI2MDgwNS4xIKXMDSoASAFQAw%3D%3D","5",,"Rodrigo Icaza Cornejo Manzana 139","false","Buen ambiente y muy buen sazon en la comida",,"Parrillada Restaurant El Dorado Sauces 3","4.4",,"https://www.google.com/maps/search/?api=1&query=Parrillada%20Restaurant%20El%20Dorado%20Sauces%203&query_place_id=ChIJn_5E3DxtLZARRbNyMxnxLew",
"Rodrigo Icaza Cornejo Manzana 139, 090504 Guayaquil, Ecuador","Restaurante","Restaurante","17018523657442603845","Guayaquil","EC","0x902d6d3cdc44fe9f:0xec2df1193372b345",,"https://lh3.googleusercontent.com/gps-cs-s/AHRPTWmvm90GLRySCo4gUqKI_yhh6hrRUm1p03H_4PyufCCfD8b6v6-CDw1zrqgo2---n6Hr_d_g6er4FZP8idRvw6-nSk2UbtHS-0wnv6imvoQgsKgiBNsVbXsxY7ZQC8l44ZhqvzqHvw=w408-h395-k-no","false","true","/g/12hmt6sh_","es-419","0","-2.1281964","-79.8868048",,"Los Sauces","es","false","ChIJn_5E3DxtLZARRbNyMxnxLew","090504","$5-10","Hace 3 años","2023-04-10T05:24:13.486Z",,,,,,,,,,,,,,,,,,,,,"5","5","5","ChdDSUhNMG9nS0VJQ0FnSUNSMDdXT3JRRRAB",,,,,,,,"Google",,,"8",,,"1606","2026-08-08T17:32:25.309Z","Direct Detail URL: https://www.google.com/maps/place/Parrillada+Restaurant+El+Dorado+Sauces+3/@-2.1265971,-79.8975452,12.68z/data=!4m10!1m2!2m1!1sEl+Dorado!3m6!1s0x902d6d3cdc44fe9f:0xec2df1193372b345!8m2!3d-2.1281964!4d-79.8868048!15sCglFbCBEb3JhZG9aCyIJZWwgZG9yYWRvkgEKcmVzdGF1cmFudOABAA!16s%2Fg%2F12hmt6sh_?entry=ttu&g_ep=EgoyMDI2MDgwNS4xIKXMDSoASAFQAw%3D%3D","5",,"Rodrigo Icaza Cornejo Manzana 139","false","Excelente para compartir",,"Parrillada Restaurant El Dorado Sauces 3","4.4",,"https://www.google.com/maps/search/?api=1&query=Parrillada%20Restaurant%20El%20Dorado%20Sauces%203&query_place_id=ChIJn_5E3DxtLZARRbNyMxnxLew",
"Rodrigo Icaza Cornejo Manzana 139, 090504 Guayaquil, Ecuador","Restaurante","Restaurante","17018523657442603845","Guayaquil","EC","0x902d6d3cdc44fe9f:0xec2df1193372b345",,"https://lh3.googleusercontent.com/gps-cs-s/AHRPTWmvm90GLRySCo4gUqKI_yhh6hrRUm1p03H_4PyufCCfD8b6v6-CDw1zrqgo2---n6Hr_d_g6er4FZP8idRvw6-nSk2UbtHS-0wnv6imvoQgsKgiBNsVbXsxY7ZQC8l44ZhqvzqHvw=w408-h395-k-no","false","false","/g/12hmt6sh_","es-419","0","-2.1281964","-79.8868048",,"Los Sauces",,"false","ChIJn_5E3DxtLZARRbNyMxnxLew","090504","$5-10","Hace 3 años","2023-04-08T03:56:42.322Z",,,,,,,,,,,,,,,,,,,,,,,,"ChdDSUhNMG9nS0VJQ0FnSUNScmE2OTFBRRAB",,,,,,,,"Google",,,"0",,,"1606","2026-08-08T17:32:25.309Z","Direct Detail URL: https://www.google.com/maps/place/Parrillada+Restaurant+El+Dorado+Sauces+3/@-2.1265971,-79.8975452,12.68z/data=!4m10!1m2!2m1!1sEl+Dorado!3m6!1s0x902d6d3cdc44fe9f:0xec2df1193372b345!8m2!3d-2.1281964!4d-79.8868048!15sCglFbCBEb3JhZG9aCyIJZWwgZG9yYWRvkgEKcmVzdGF1cmFudOABAA!16s%2Fg%2F12hmt6sh_?entry=ttu&g_ep=EgoyMDI2MDgwNS4xIKXMDSoASAFQAw%3D%3D","5",,"Rodrigo Icaza Cornejo Manzana 139","false",,,"Parrillada Restaurant El Dorado Sauces 3","4.4",,"https://www.google.com/maps/search/?api=1&query=Parrillada%20Restaurant%20El%20Dorado%20Sauces%203&query_place_id=ChIJn_5E3DxtLZARRbNyMxnxLew",
"Rodrigo Icaza Cornejo Manzana 139, 090504 Guayaquil, Ecuador","Restaurante","Restaurante","17018523657442603845","Guayaquil","EC","0x902d6d3cdc44fe9f:0xec2df1193372b345",,"https://lh3.googleusercontent.com/gps-cs-s/AHRPTWmvm90GLRySCo4gUqKI_yhh6hrRUm1p03H_4PyufCCfD8b6v6-CDw1zrqgo2---n6Hr_d_g6er4FZP8idRvw6-nSk2UbtHS-0wnv6imvoQgsKgiBNsVbXsxY7ZQC8l44ZhqvzqHvw=w408-h395-k-no","false","false","/g/12hmt6sh_","es-419","0","-2.1281964","-79.8868048",,"Los Sauces",,"false","ChIJn_5E3DxtLZARRbNyMxnxLew","090504","$5-10","Hace 3 años","2023-04-07T02:05:45.718Z",,,,,,,,,,,,,"$5-10",,,,,,"Almuerzo","Consumo en el lugar","4","5","4","ChdDSUhNMG9nS0VJQ0FnSUNSbGYydndRRRAB",,,,,,,,"Google",,,"4",,,"1606","2026-08-08T17:32:25.309Z","Direct Detail URL: https://www.google.com/maps/place/Parrillada+Restaurant+El+Dorado+Sauces+3/@-2.1265971,-79.8975452,12.68z/data=!4m10!1m2!2m1!1sEl+Dorado!3m6!1s0x902d6d3cdc44fe9f:0xec2df1193372b345!8m2!3d-2.1281964!4d-79.8868048!15sCglFbCBEb3JhZG9aCyIJZWwgZG9yYWRvkgEKcmVzdGF1cmFudOABAA!16s%2Fg%2F12hmt6sh_?entry=ttu&g_ep=EgoyMDI2MDgwNS4xIKXMDSoASAFQAw%3D%3D","5",,"Rodrigo Icaza Cornejo Manzana 139","false",,,"Parrillada Restaurant El Dorado Sauces 3","4.4",,"https://www.google.com/maps/search/?api=1&query=Parrillada%20Restaurant%20El%20Dorado%20Sauces%203&query_place_id=ChIJn_5E3DxtLZARRbNyMxnxLew",
"Rodrigo Icaza Cornejo Manzana 139, 090504 Guayaquil, Ecuador","Restaurante","Restaurante","17018523657442603845","Guayaquil","EC","0x902d6d3cdc44fe9f:0xec2df1193372b345",,"https://lh3.googleusercontent.com/gps-cs-s/AHRPTWmvm90GLRySCo4gUqKI_yhh6hrRUm1p03H_4PyufCCfD8b6v6-CDw1zrqgo2---n6Hr_d_g6er4FZP8idRvw6-nSk2UbtHS-0wnv6imvoQgsKgiBNsVbXsxY7ZQC8l44ZhqvzqHvw=w408-h395-k-no","false","true","/g/12hmt6sh_","es-419","0","-2.1281964","-79.8868048",,"Los Sauces","es","false","ChIJn_5E3DxtLZARRbNyMxnxLew","090504","$5-10","Hace 3 años","2023-04-04T19:50:03.706Z",,,,,,,,,,,,,,,,,,,,,"5","5","5","ChdDSUhNMG9nS0VJQ0FnSUNSaVltaWlBRRAB",,,,,,,,"Google",,,"63",,,"1606","2026-08-08T17:32:25.309Z","Direct Detail URL: https://www.google.com/maps/place/Parrillada+Restaurant+El+Dorado+Sauces+3/@-2.1265971,-79.8975452,12.68z/data=!4m10!1m2!2m1!1sEl+Dorado!3m6!1s0x902d6d3cdc44fe9f:0xec2df1193372b345!8m2!3d-2.1281964!4d-79.8868048!15sCglFbCBEb3JhZG9aCyIJZWwgZG9yYWRvkgEKcmVzdGF1cmFudOABAA!16s%2Fg%2F12hmt6sh_?entry=ttu&g_ep=EgoyMDI2MDgwNS4xIKXMDSoASAFQAw%3D%3D","5",,"Rodrigo Icaza Cornejo Manzana 139","false","Recomendado",,"Parrillada Restaurant El Dorado Sauces 3","4.4",,"https://www.google.com/maps/search/?api=1&query=Parrillada%20Restaurant%20El%20Dorado%20Sauces%203&query_place_id=ChIJn_5E3DxtLZARRbNyMxnxLew",
"Rodrigo Icaza Cornejo Manzana 139, 090504 Guayaquil, Ecuador","Restaurante","Restaurante","17018523657442603845","Guayaquil","EC","0x902d6d3cdc44fe9f:0xec2df1193372b345",,"https://lh3.googleusercontent.com/gps-cs-s/AHRPTWmvm90GLRySCo4gUqKI_yhh6hrRUm1p03H_4PyufCCfD8b6v6-CDw1zrqgo2---n6Hr_d_g6er4FZP8idRvw6-nSk2UbtHS-0wnv6imvoQgsKgiBNsVbXsxY7ZQC8l44ZhqvzqHvw=w408-h395-k-no","false","false","/g/12hmt6sh_","es-419","0","-2.1281964","-79.8868048",,"Los Sauces",,"false","ChIJn_5E3DxtLZARRbNyMxnxLew","090504","$5-10","Hace 3 años","2023-04-04T05:29:53.353Z",,,,,,,,,,,,,,,,,,,,,"4","3","5","ChdDSUhNMG9nS0VJQ0FnSUNSa2ZxLXRnRRAB",,,,,,,,"Google",,,"1",,,"1606","2026-08-08T17:32:25.309Z","Direct Detail URL: https://www.google.com/maps/place/Parrillada+Restaurant+El+Dorado+Sauces+3/@-2.1265971,-79.8975452,12.68z/data=!4m10!1m2!2m1!1sEl+Dorado!3m6!1s0x902d6d3cdc44fe9f:0xec2df1193372b345!8m2!3d-2.1281964!4d-79.8868048!15sCglFbCBEb3JhZG9aCyIJZWwgZG9yYWRvkgEKcmVzdGF1cmFudOABAA!16s%2Fg%2F12hmt6sh_?entry=ttu&g_ep=EgoyMDI2MDgwNS4xIKXMDSoASAFQAw%3D%3D","1",,"Rodrigo Icaza Cornejo Manzana 139","false",,,"Parrillada Restaurant El Dorado Sauces 3","4.4",,"https://www.google.com/maps/search/?api=1&query=Parrillada%20Restaurant%20El%20Dorado%20Sauces%203&query_place_id=ChIJn_5E3DxtLZARRbNyMxnxLew",
"Rodrigo Icaza Cornejo Manzana 139, 090504 Guayaquil, Ecuador","Restaurante","Restaurante","17018523657442603845","Guayaquil","EC","0x902d6d3cdc44fe9f:0xec2df1193372b345",,"https://lh3.googleusercontent.com/gps-cs-s/AHRPTWmvm90GLRySCo4gUqKI_yhh6hrRUm1p03H_4PyufCCfD8b6v6-CDw1zrqgo2---n6Hr_d_g6er4FZP8idRvw6-nSk2UbtHS-0wnv6imvoQgsKgiBNsVbXsxY7ZQC8l44ZhqvzqHvw=w408-h395-k-no","false","true","/g/12hmt6sh_","es-419","0","-2.1281964","-79.8868048",,"Los Sauces","es","false","ChIJn_5E3DxtLZARRbNyMxnxLew","090504","$5-10","Hace 3 años","2023-04-02T20:12:59.613Z",,,,,,,,,,,,,,,,,,,,,"4","5","4","ChZDSUhNMG9nS0VJQ0FnSUNSM3NhVURnEAE",,,,,,,,"Google",,,"49",,,"1606","2026-08-08T17:32:25.309Z","Direct Detail URL: https://www.google.com/maps/place/Parrillada+Restaurant+El+Dorado+Sauces+3/@-2.1265971,-79.8975452,12.68z/data=!4m10!1m2!2m1!1sEl+Dorado!3m6!1s0x902d6d3cdc44fe9f:0xec2df1193372b345!8m2!3d-2.1281964!4d-79.8868048!15sCglFbCBEb3JhZG9aCyIJZWwgZG9yYWRvkgEKcmVzdGF1cmFudOABAA!16s%2Fg%2F12hmt6sh_?entry=ttu&g_ep=EgoyMDI2MDgwNS4xIKXMDSoASAFQAw%3D%3D","5",,"Rodrigo Icaza Cornejo Manzana 139","false","Buen sason",,"Parrillada Restaurant El Dorado Sauces 3","4.4",,"https://www.google.com/maps/search/?api=1&query=Parrillada%20Restaurant%20El%20Dorado%20Sauces%203&query_place_id=ChIJn_5E3DxtLZARRbNyMxnxLew",
"Rodrigo Icaza Cornejo Manzana 139, 090504 Guayaquil, Ecuador","Restaurante","Restaurante","17018523657442603845","Guayaquil","EC","0x902d6d3cdc44fe9f:0xec2df1193372b345",,"https://lh3.googleusercontent.com/gps-cs-s/AHRPTWmvm90GLRySCo4gUqKI_yhh6hrRUm1p03H_4PyufCCfD8b6v6-CDw1zrqgo2---n6Hr_d_g6er4FZP8idRvw6-nSk2UbtHS-0wnv6imvoQgsKgiBNsVbXsxY7ZQC8l44ZhqvzqHvw=w408-h395-k-no","false","true","/g/12hmt6sh_","es-419","0","-2.1281964","-79.8868048",,"Los Sauces",,"false","ChIJn_5E3DxtLZARRbNyMxnxLew","090504","$5-10","Hace 3 años","2023-04-01T13:31:30.612Z",,,,,,,,,,,,,,,,,,,,,,,,"ChdDSUhNMG9nS0VJQ0FnSUNSdHA2RnR3RRAB",,,,,,,,"Google",,,"2",,,"1606","2026-08-08T17:32:25.309Z","Direct Detail URL: https://www.google.com/maps/place/Parrillada+Restaurant+El+Dorado+Sauces+3/@-2.1265971,-79.8975452,12.68z/data=!4m10!1m2!2m1!1sEl+Dorado!3m6!1s0x902d6d3cdc44fe9f:0xec2df1193372b345!8m2!3d-2.1281964!4d-79.8868048!15sCglFbCBEb3JhZG9aCyIJZWwgZG9yYWRvkgEKcmVzdGF1cmFudOABAA!16s%2Fg%2F12hmt6sh_?entry=ttu&g_ep=EgoyMDI2MDgwNS4xIKXMDSoASAFQAw%3D%3D","4",,"Rodrigo Icaza Cornejo Manzana 139","false",,,"Parrillada Restaurant El Dorado Sauces 3","4.4",,"https://www.google.com/maps/search/?api=1&query=Parrillada%20Restaurant%20El%20Dorado%20Sauces%203&query_place_id=ChIJn_5E3DxtLZARRbNyMxnxLew",
"Rodrigo Icaza Cornejo Manzana 139, 090504 Guayaquil, Ecuador","Restaurante","Restaurante","17018523657442603845","Guayaquil","EC","0x902d6d3cdc44fe9f:0xec2df1193372b345",,"https://lh3.googleusercontent.com/gps-cs-s/AHRPTWmvm90GLRySCo4gUqKI_yhh6hrRUm1p03H_4PyufCCfD8b6v6-CDw1zrqgo2---n6Hr_d_g6er4FZP8idRvw6-nSk2UbtHS-0wnv6imvoQgsKgiBNsVbXsxY7ZQC8l44ZhqvzqHvw=w408-h395-k-no","false","true","/g/12hmt6sh_","es-419","0","-2.1281964","-79.8868048",,"Los Sauces",,"false","ChIJn_5E3DxtLZARRbNyMxnxLew","090504","$5-10","Hace 3 años","2023-03-29T23:45:25.874Z",,,,,,,,,,,"Helado Con Brownies, Churrasco, Copa de Helado, Chicha Venezolana, Pollo Asado Con Ensalada Papas Fritas Y Arroz Con Choclo, Papi Pollo, Sudado de Corvina",,"$20-25",,,,,,"Almuerzo","Consumo en el lugar","5","5","5","ChdDSUhNMG9nS0VJQ0FnSUNSeXNuMl93RRAB",,,,,,,,"Google",,,"33",,,"1606","2026-08-08T17:32:25.309Z","Direct Detail URL: https://www.google.com/maps/place/Parrillada+Restaurant+El+Dorado+Sauces+3/@-2.1265971,-79.8975452,12.68z/data=!4m10!1m2!2m1!1sEl+Dorado!3m6!1s0x902d6d3cdc44fe9f:0xec2df1193372b345!8m2!3d-2.1281964!4d-79.8868048!15sCglFbCBEb3JhZG9aCyIJZWwgZG9yYWRvkgEKcmVzdGF1cmFudOABAA!16s%2Fg%2F12hmt6sh_?entry=ttu&g_ep=EgoyMDI2MDgwNS4xIKXMDSoASAFQAw%3D%3D","5",,"Rodrigo Icaza Cornejo Manzana 139","false",,,"Parrillada Restaurant El Dorado Sauces 3","4.4",,"https://www.google.com/maps/search/?api=1&query=Parrillada%20Restaurant%20El%20Dorado%20Sauces%203&query_place_id=ChIJn_5E3DxtLZARRbNyMxnxLew",
"Rodrigo Icaza Cornejo Manzana 139, 090504 Guayaquil, Ecuador","Restaurante","Restaurante","17018523657442603845","Guayaquil","EC","0x902d6d3cdc44fe9f:0xec2df1193372b345",,"https://lh3.googleusercontent.com/gps-cs-s/AHRPTWmvm90GLRySCo4gUqKI_yhh6hrRUm1p03H_4PyufCCfD8b6v6-CDw1zrqgo2---n6Hr_d_g6er4FZP8idRvw6-nSk2UbtHS-0wnv6imvoQgsKgiBNsVbXsxY7ZQC8l44ZhqvzqHvw=w408-h395-k-no","false","false","/g/12hmt6sh_","es-419","0","-2.1281964","-79.8868048",,"Los Sauces",,"false","ChIJn_5E3DxtLZARRbNyMxnxLew","090504","$5-10","Hace 3 años","2023-03-26T18:57:40.826Z",,,,,,,,,,,,,,,,,,,,,,,,"ChdDSUhNMG9nS0VJQ0FnSUNSak5HLS1RRRAB",,,,,,,,"Google",,,"0",,,"1606","2026-08-08T17:32:25.309Z","Direct Detail URL: https://www.google.com/maps/place/Parrillada+Restaurant+El+Dorado+Sauces+3/@-2.1265971,-79.8975452,12.68z/data=!4m10!1m2!2m1!1sEl+Dorado!3m6!1s0x902d6d3cdc44fe9f:0xec2df1193372b345!8m2!3d-2.1281964!4d-79.8868048!15sCglFbCBEb3JhZG9aCyIJZWwgZG9yYWRvkgEKcmVzdGF1cmFudOABAA!16s%2Fg%2F12hmt6sh_?entry=ttu&g_ep=EgoyMDI2MDgwNS4xIKXMDSoASAFQAw%3D%3D","5",,"Rodrigo Icaza Cornejo Manzana 139","false",,,"Parrillada Restaurant El Dorado Sauces 3","4.4",,"https://www.google.com/maps/search/?api=1&query=Parrillada%20Restaurant%20El%20Dorado%20Sauces%203&query_place_id=ChIJn_5E3DxtLZARRbNyMxnxLew",
"Rodrigo Icaza Cornejo Manzana 139, 090504 Guayaquil, Ecuador","Restaurante","Restaurante","17018523657442603845","Guayaquil","EC","0x902d6d3cdc44fe9f:0xec2df1193372b345",,"https://lh3.googleusercontent.com/gps-cs-s/AHRPTWmvm90GLRySCo4gUqKI_yhh6hrRUm1p03H_4PyufCCfD8b6v6-CDw1zrqgo2---n6Hr_d_g6er4FZP8idRvw6-nSk2UbtHS-0wnv6imvoQgsKgiBNsVbXsxY7ZQC8l44ZhqvzqHvw=w408-h395-k-no","false","true","/g/12hmt6sh_","es-419","0","-2.1281964","-79.8868048",,"Los Sauces","es","false","ChIJn_5E3DxtLZARRbNyMxnxLew","090504","$5-10","Hace 3 años","2023-03-26T16:11:43.572Z",,,,,,,,,,,,,"$15-20",,,,,,"Almuerzo","Consumo en el lugar",,,,"ChdDSUhNMG9nS0VJQ0FnSUNSOU0yWmpRRRAB","https://lh3.googleusercontent.com/grass-cs/ACvplmND3-h2vv49HdivTRsPJCGNXIkvS0kvzVFQxZsGYt8Fvy715U207-Hr9SC4yvEPMFdI6lXpsX-pWgz5T_NAPpbUdXUE5vrSzfsQ7a_PqaGMzYCXE7SvZ9GIRTubgOQ_DFHj8zY=k-no",,,,,,,"Google",,,"22",,,"1606","2026-08-08T17:32:25.309Z","Direct Detail URL: https://www.google.com/maps/place/Parrillada+Restaurant+El+Dorado+Sauces+3/@-2.1265971,-79.8975452,12.68z/data=!4m10!1m2!2m1!1sEl+Dorado!3m6!1s0x902d6d3cdc44fe9f:0xec2df1193372b345!8m2!3d-2.1281964!4d-79.8868048!15sCglFbCBEb3JhZG9aCyIJZWwgZG9yYWRvkgEKcmVzdGF1cmFudOABAA!16s%2Fg%2F12hmt6sh_?entry=ttu&g_ep=EgoyMDI2MDgwNS4xIKXMDSoASAFQAw%3D%3D","5",,"Rodrigo Icaza Cornejo Manzana 139","false","Buena comida , agradable lugar, excelente atención al cliente y un menú bien variado",,"Parrillada Restaurant El Dorado Sauces 3","4.4",,"https://www.google.com/maps/search/?api=1&query=Parrillada%20Restaurant%20El%20Dorado%20Sauces%203&query_place_id=ChIJn_5E3DxtLZARRbNyMxnxLew",
"Rodrigo Icaza Cornejo Manzana 139, 090504 Guayaquil, Ecuador","Restaurante","Restaurante","17018523657442603845","Guayaquil","EC","0x902d6d3cdc44fe9f:0xec2df1193372b345",,"https://lh3.googleusercontent.com/gps-cs-s/AHRPTWmvm90GLRySCo4gUqKI_yhh6hrRUm1p03H_4PyufCCfD8b6v6-CDw1zrqgo2---n6Hr_d_g6er4FZP8idRvw6-nSk2UbtHS-0wnv6imvoQgsKgiBNsVbXsxY7ZQC8l44ZhqvzqHvw=w408-h395-k-no","false","true","/g/12hmt6sh_","es-419","0","-2.1281964","-79.8868048",,"Los Sauces",,"false","ChIJn_5E3DxtLZARRbNyMxnxLew","090504","$5-10","Hace 3 años","2023-03-25T23:01:19.654Z",,,,,,,,,,,,,,,,,,,,,"5","5","5","ChZDSUhNMG9nS0VJQ0FnSUNSbEx6QWNBEAE",,,,,,,,"Google",,,"49",,,"1606","2026-08-08T17:32:25.309Z","Direct Detail URL: https://www.google.com/maps/place/Parrillada+Restaurant+El+Dorado+Sauces+3/@-2.1265971,-79.8975452,12.68z/data=!4m10!1m2!2m1!1sEl+Dorado!3m6!1s0x902d6d3cdc44fe9f:0xec2df1193372b345!8m2!3d-2.1281964!4d-79.8868048!15sCglFbCBEb3JhZG9aCyIJZWwgZG9yYWRvkgEKcmVzdGF1cmFudOABAA!16s%2Fg%2F12hmt6sh_?entry=ttu&g_ep=EgoyMDI2MDgwNS4xIKXMDSoASAFQAw%3D%3D","5",,"Rodrigo Icaza Cornejo Manzana 139","false",,,"Parrillada Restaurant El Dorado Sauces 3","4.4",,"https://www.google.com/maps/search/?api=1&query=Parrillada%20Restaurant%20El%20Dorado%20Sauces%203&query_place_id=ChIJn_5E3DxtLZARRbNyMxnxLew",
"Rodrigo Icaza Cornejo Manzana 139, 090504 Guayaquil, Ecuador","Restaurante","Restaurante","17018523657442603845","Guayaquil","EC","0x902d6d3cdc44fe9f:0xec2df1193372b345",,"https://lh3.googleusercontent.com/gps-cs-s/AHRPTWmvm90GLRySCo4gUqKI_yhh6hrRUm1p03H_4PyufCCfD8b6v6-CDw1zrqgo2---n6Hr_d_g6er4FZP8idRvw6-nSk2UbtHS-0wnv6imvoQgsKgiBNsVbXsxY7ZQC8l44ZhqvzqHvw=w408-h395-k-no","false","true","/g/12hmt6sh_","es-419","0","-2.1281964","-79.8868048",,"Los Sauces","es","false","ChIJn_5E3DxtLZARRbNyMxnxLew","090504","$5-10","Hace 3 años","2023-03-22T18:55:25.045Z",,,,,,,,,,,,,,,,,,,,,"4","5","5","ChZDSUhNMG9nS0VJQ0FnSUNSNEllb0lnEAE",,,,,,,,"Google",,,"775",,,"1606","2026-08-08T17:32:25.309Z","Direct Detail URL: https://www.google.com/maps/place/Parrillada+Restaurant+El+Dorado+Sauces+3/@-2.1265971,-79.8975452,12.68z/data=!4m10!1m2!2m1!1sEl+Dorado!3m6!1s0x902d6d3cdc44fe9f:0xec2df1193372b345!8m2!3d-2.1281964!4d-79.8868048!15sCglFbCBEb3JhZG9aCyIJZWwgZG9yYWRvkgEKcmVzdGF1cmFudOABAA!16s%2Fg%2F12hmt6sh_?entry=ttu&g_ep=EgoyMDI2MDgwNS4xIKXMDSoASAFQAw%3D%3D","5",,"Rodrigo Icaza Cornejo Manzana 139","false","Buen servicio y buena Sazón para disfrutar en familia",,"Parrillada Restaurant El Dorado Sauces 3","4.4",,"https://www.google.com/maps/search/?api=1&query=Parrillada%20Restaurant%20El%20Dorado%20Sauces%203&query_place_id=ChIJn_5E3DxtLZARRbNyMxnxLew",
"Rodrigo Icaza Cornejo Manzana 139, 090504 Guayaquil, Ecuador","Restaurante","Restaurante","17018523657442603845","Guayaquil","EC","0x902d6d3cdc44fe9f:0xec2df1193372b345",,"https://lh3.googleusercontent.com/gps-cs-s/AHRPTWmvm90GLRySCo4gUqKI_yhh6hrRUm1p03H_4PyufCCfD8b6v6-CDw1zrqgo2---n6Hr_d_g6er4FZP8idRvw6-nSk2UbtHS-0wnv6imvoQgsKgiBNsVbXsxY7ZQC8l44ZhqvzqHvw=w408-h395-k-no","false","true","/g/12hmt6sh_","es-419","0","-2.1281964","-79.8868048",,"Los Sauces","es","false","ChIJn_5E3DxtLZARRbNyMxnxLew","090504","$5-10","Editado Hace 3 años","2023-03-20T22:55:18.918Z",,,,,,,,,,,,,,,,,,,"Cena","Consumo en el lugar","4","4","4","ChZDSUhNMG9nS0VJQ0FnSURoNElLTmR3EAE",,,,,,,,"Google",,,"90",,,"1606","2026-08-08T17:32:25.309Z","Direct Detail URL: https://www.google.com/maps/place/Parrillada+Restaurant+El+Dorado+Sauces+3/@-2.1265971,-79.8975452,12.68z/data=!4m10!1m2!2m1!1sEl+Dorado!3m6!1s0x902d6d3cdc44fe9f:0xec2df1193372b345!8m2!3d-2.1281964!4d-79.8868048!15sCglFbCBEb3JhZG9aCyIJZWwgZG9yYWRvkgEKcmVzdGF1cmFudOABAA!16s%2Fg%2F12hmt6sh_?entry=ttu&g_ep=EgoyMDI2MDgwNS4xIKXMDSoASAFQAw%3D%3D","4",,"Rodrigo Icaza Cornejo Manzana 139","false","Fui a comer en familia los meseros están en el celular pendiente no a los clientes",,"Parrillada Restaurant El Dorado Sauces 3","4.4",,"https://www.google.com/maps/search/?api=1&query=Parrillada%20Restaurant%20El%20Dorado%20Sauces%203&query_place_id=ChIJn_5E3DxtLZARRbNyMxnxLew",
"Rodrigo Icaza Cornejo Manzana 139, 090504 Guayaquil, Ecuador","Restaurante","Restaurante","17018523657442603845","Guayaquil","EC","0x902d6d3cdc44fe9f:0xec2df1193372b345",,"https://lh3.googleusercontent.com/gps-cs-s/AHRPTWmvm90GLRySCo4gUqKI_yhh6hrRUm1p03H_4PyufCCfD8b6v6-CDw1zrqgo2---n6Hr_d_g6er4FZP8idRvw6-nSk2UbtHS-0wnv6imvoQgsKgiBNsVbXsxY7ZQC8l44ZhqvzqHvw=w408-h395-k-no","false","false","/g/12hmt6sh_","es-419","0","-2.1281964","-79.8868048",,"Los Sauces",,"false","ChIJn_5E3DxtLZARRbNyMxnxLew","090504","$5-10","Hace 3 años","2023-03-19T00:57:38.193Z",,,,,,,,,,,,,,,,,,,,,"4","5","5","ChdDSUhNMG9nS0VJQ0FnSURoLTc3RmhRRRAB",,,,,,,,"Google",,,"5",,,"1606","2026-08-08T17:32:25.309Z","Direct Detail URL: https://www.google.com/maps/place/Parrillada+Restaurant+El+Dorado+Sauces+3/@-2.1265971,-79.8975452,12.68z/data=!4m10!1m2!2m1!1sEl+Dorado!3m6!1s0x902d6d3cdc44fe9f:0xec2df1193372b345!8m2!3d-2.1281964!4d-79.8868048!15sCglFbCBEb3JhZG9aCyIJZWwgZG9yYWRvkgEKcmVzdGF1cmFudOABAA!16s%2Fg%2F12hmt6sh_?entry=ttu&g_ep=EgoyMDI2MDgwNS4xIKXMDSoASAFQAw%3D%3D","5",,"Rodrigo Icaza Cornejo Manzana 139","false",,,"Parrillada Restaurant El Dorado Sauces 3","4.4",,"https://www.google.com/maps/search/?api=1&query=Parrillada%20Restaurant%20El%20Dorado%20Sauces%203&query_place_id=ChIJn_5E3DxtLZARRbNyMxnxLew",
"Rodrigo Icaza Cornejo Manzana 139, 090504 Guayaquil, Ecuador","Restaurante","Restaurante","17018523657442603845","Guayaquil","EC","0x902d6d3cdc44fe9f:0xec2df1193372b345",,"https://lh3.googleusercontent.com/gps-cs-s/AHRPTWmvm90GLRySCo4gUqKI_yhh6hrRUm1p03H_4PyufCCfD8b6v6-CDw1zrqgo2---n6Hr_d_g6er4FZP8idRvw6-nSk2UbtHS-0wnv6imvoQgsKgiBNsVbXsxY7ZQC8l44ZhqvzqHvw=w408-h395-k-no","false","true","/g/12hmt6sh_","es-419","0","-2.1281964","-79.8868048",,"Los Sauces","es","false","ChIJn_5E3DxtLZARRbNyMxnxLew","090504","$5-10","Hace 3 años","2023-03-16T23:52:43.632Z",,,,,,,,,,,,,,,,,,,,,"4","4","4","ChZDSUhNMG9nS0VJQ0FnSURoazZXWklBEAE",,,,,,,,"Google",,,"282",,,"1606","2026-08-08T17:32:25.309Z","Direct Detail URL: https://www.google.com/maps/place/Parrillada+Restaurant+El+Dorado+Sauces+3/@-2.1265971,-79.8975452,12.68z/data=!4m10!1m2!2m1!1sEl+Dorado!3m6!1s0x902d6d3cdc44fe9f:0xec2df1193372b345!8m2!3d-2.1281964!4d-79.8868048!15sCglFbCBEb3JhZG9aCyIJZWwgZG9yYWRvkgEKcmVzdGF1cmFudOABAA!16s%2Fg%2F12hmt6sh_?entry=ttu&g_ep=EgoyMDI2MDgwNS4xIKXMDSoASAFQAw%3D%3D","4",,"Rodrigo Icaza Cornejo Manzana 139","false","Buen lugar",,"Parrillada Restaurant El Dorado Sauces 3","4.4",,"https://www.google.com/maps/search/?api=1&query=Parrillada%20Restaurant%20El%20Dorado%20Sauces%203&query_place_id=ChIJn_5E3DxtLZARRbNyMxnxLew",
"Rodrigo Icaza Cornejo Manzana 139, 090504 Guayaquil, Ecuador","Restaurante","Restaurante","17018523657442603845","Guayaquil","EC","0x902d6d3cdc44fe9f:0xec2df1193372b345",,"https://lh3.googleusercontent.com/gps-cs-s/AHRPTWmvm90GLRySCo4gUqKI_yhh6hrRUm1p03H_4PyufCCfD8b6v6-CDw1zrqgo2---n6Hr_d_g6er4FZP8idRvw6-nSk2UbtHS-0wnv6imvoQgsKgiBNsVbXsxY7ZQC8l44ZhqvzqHvw=w408-h395-k-no","false","true","/g/12hmt6sh_","es-419","0","-2.1281964","-79.8868048",,"Los Sauces","es","false","ChIJn_5E3DxtLZARRbNyMxnxLew","090504","$5-10","Hace 3 años","2023-03-14T17:57:36.057Z",,,,,,,,,,,,,,,,,,,,,"4","5","5","ChdDSUhNMG9nS0VJQ0FnSURoamRmVHRBRRAB",,,,,,,,"Google",,,"33",,,"1606","2026-08-08T17:32:25.309Z","Direct Detail URL: https://www.google.com/maps/place/Parrillada+Restaurant+El+Dorado+Sauces+3/@-2.1265971,-79.8975452,12.68z/data=!4m10!1m2!2m1!1sEl+Dorado!3m6!1s0x902d6d3cdc44fe9f:0xec2df1193372b345!8m2!3d-2.1281964!4d-79.8868048!15sCglFbCBEb3JhZG9aCyIJZWwgZG9yYWRvkgEKcmVzdGF1cmFudOABAA!16s%2Fg%2F12hmt6sh_?entry=ttu&g_ep=EgoyMDI2MDgwNS4xIKXMDSoASAFQAw%3D%3D","5",,"Rodrigo Icaza Cornejo Manzana 139","false","El lugar es muy bonito y acogedor",,"Parrillada Restaurant El Dorado Sauces 3","4.4",,"https://www.google.com/maps/search/?api=1&query=Parrillada%20Restaurant%20El%20Dorado%20Sauces%203&query_place_id=ChIJn_5E3DxtLZARRbNyMxnxLew",
"Rodrigo Icaza Cornejo Manzana 139, 090504 Guayaquil, Ecuador","Restaurante","Restaurante","17018523657442603845","Guayaquil","EC","0x902d6d3cdc44fe9f:0xec2df1193372b345",,"https://lh3.googleusercontent.com/gps-cs-s/AHRPTWmvm90GLRySCo4gUqKI_yhh6hrRUm1p03H_4PyufCCfD8b6v6-CDw1zrqgo2---n6Hr_d_g6er4FZP8idRvw6-nSk2UbtHS-0wnv6imvoQgsKgiBNsVbXsxY7ZQC8l44ZhqvzqHvw=w408-h395-k-no","false","true","/g/12hmt6sh_","es-419","0","-2.1281964","-79.8868048",,"Los Sauces",,"false","ChIJn_5E3DxtLZARRbNyMxnxLew","090504","$5-10","Hace 3 años","2023-03-12T19:29:24.111Z",,,,,,,,,,,,,,,,,,,,,,,,"ChdDSUhNMG9nS0VJQ0FnSURodWREUm5BRRAB",,,,,,,,"Google",,,"18",,,"1606","2026-08-08T17:32:25.309Z","Direct Detail URL: https://www.google.com/maps/place/Parrillada+Restaurant+El+Dorado+Sauces+3/@-2.1265971,-79.8975452,12.68z/data=!4m10!1m2!2m1!1sEl+Dorado!3m6!1s0x902d6d3cdc44fe9f:0xec2df1193372b345!8m2!3d-2.1281964!4d-79.8868048!15sCglFbCBEb3JhZG9aCyIJZWwgZG9yYWRvkgEKcmVzdGF1cmFudOABAA!16s%2Fg%2F12hmt6sh_?entry=ttu&g_ep=EgoyMDI2MDgwNS4xIKXMDSoASAFQAw%3D%3D","5",,"Rodrigo Icaza Cornejo Manzana 139","false",,,"Parrillada Restaurant El Dorado Sauces 3","4.4",,"https://www.google.com/maps/search/?api=1&query=Parrillada%20Restaurant%20El%20Dorado%20Sauces%203&query_place_id=ChIJn_5E3DxtLZARRbNyMxnxLew",
"Rodrigo Icaza Cornejo Manzana 139, 090504 Guayaquil, Ecuador","Restaurante","Restaurante","17018523657442603845","Guayaquil","EC","0x902d6d3cdc44fe9f:0xec2df1193372b345",,"https://lh3.googleusercontent.com/gps-cs-s/AHRPTWmvm90GLRySCo4gUqKI_yhh6hrRUm1p03H_4PyufCCfD8b6v6-CDw1zrqgo2---n6Hr_d_g6er4FZP8idRvw6-nSk2UbtHS-0wnv6imvoQgsKgiBNsVbXsxY7ZQC8l44ZhqvzqHvw=w408-h395-k-no","false","false","/g/12hmt6sh_","es-419","0","-2.1281964","-79.8868048",,"Los Sauces",,"false","ChIJn_5E3DxtLZARRbNyMxnxLew","090504","$5-10","Hace 3 años","2023-03-12T06:51:02.179Z",,,,,,,,,,,,,,,,,,,,,,,,"ChZDSUhNMG9nS0VJQ0FnSURocVlQdk1BEAE",,,,,,,,"Google",,,"0",,,"1606","2026-08-08T17:32:25.309Z","Direct Detail URL: https://www.google.com/maps/place/Parrillada+Restaurant+El+Dorado+Sauces+3/@-2.1265971,-79.8975452,12.68z/data=!4m10!1m2!2m1!1sEl+Dorado!3m6!1s0x902d6d3cdc44fe9f:0xec2df1193372b345!8m2!3d-2.1281964!4d-79.8868048!15sCglFbCBEb3JhZG9aCyIJZWwgZG9yYWRvkgEKcmVzdGF1cmFudOABAA!16s%2Fg%2F12hmt6sh_?entry=ttu&g_ep=EgoyMDI2MDgwNS4xIKXMDSoASAFQAw%3D%3D","4",,"Rodrigo Icaza Cornejo Manzana 139","false",,,"Parrillada Restaurant El Dorado Sauces 3","4.4",,"https://www.google.com/maps/search/?api=1&query=Parrillada%20Restaurant%20El%20Dorado%20Sauces%203&query_place_id=ChIJn_5E3DxtLZARRbNyMxnxLew",
"Rodrigo Icaza Cornejo Manzana 139, 090504 Guayaquil, Ecuador","Restaurante","Restaurante","17018523657442603845","Guayaquil","EC","0x902d6d3cdc44fe9f:0xec2df1193372b345",,"https://lh3.googleusercontent.com/gps-cs-s/AHRPTWmvm90GLRySCo4gUqKI_yhh6hrRUm1p03H_4PyufCCfD8b6v6-CDw1zrqgo2---n6Hr_d_g6er4FZP8idRvw6-nSk2UbtHS-0wnv6imvoQgsKgiBNsVbXsxY7ZQC8l44ZhqvzqHvw=w408-h395-k-no","false","false","/g/12hmt6sh_","es-419","0","-2.1281964","-79.8868048",,"Los Sauces",,"false","ChIJn_5E3DxtLZARRbNyMxnxLew","090504","$5-10","Hace 3 años","2023-03-12T03:13:12.011Z",,,,,,,,,,,,,,,,,,,,,,,,"ChZDSUhNMG9nS0VJQ0FnSURocVpESld3EAE",,,,,,,,"Google",,,"0",,,"1606","2026-08-08T17:32:25.309Z","Direct Detail URL: https://www.google.com/maps/place/Parrillada+Restaurant+El+Dorado+Sauces+3/@-2.1265971,-79.8975452,12.68z/data=!4m10!1m2!2m1!1sEl+Dorado!3m6!1s0x902d6d3cdc44fe9f:0xec2df1193372b345!8m2!3d-2.1281964!4d-79.8868048!15sCglFbCBEb3JhZG9aCyIJZWwgZG9yYWRvkgEKcmVzdGF1cmFudOABAA!16s%2Fg%2F12hmt6sh_?entry=ttu&g_ep=EgoyMDI2MDgwNS4xIKXMDSoASAFQAw%3D%3D","5",,"Rodrigo Icaza Cornejo Manzana 139","false",,,"Parrillada Restaurant El Dorado Sauces 3","4.4",,"https://www.google.com/maps/search/?api=1&query=Parrillada%20Restaurant%20El%20Dorado%20Sauces%203&query_place_id=ChIJn_5E3DxtLZARRbNyMxnxLew",
"Rodrigo Icaza Cornejo Manzana 139, 090504 Guayaquil, Ecuador","Restaurante","Restaurante","17018523657442603845","Guayaquil","EC","0x902d6d3cdc44fe9f:0xec2df1193372b345",,"https://lh3.googleusercontent.com/gps-cs-s/AHRPTWmvm90GLRySCo4gUqKI_yhh6hrRUm1p03H_4PyufCCfD8b6v6-CDw1zrqgo2---n6Hr_d_g6er4FZP8idRvw6-nSk2UbtHS-0wnv6imvoQgsKgiBNsVbXsxY7ZQC8l44ZhqvzqHvw=w408-h395-k-no","false","true","/g/12hmt6sh_","es-419","0","-2.1281964","-79.8868048",,"Los Sauces",,"false","ChIJn_5E3DxtLZARRbNyMxnxLew","090504","$5-10","Hace 3 años","2023-03-11T15:40:50.216Z",,,,,,,,,,,,,,,,,,,,,,,,"ChdDSUhNMG9nS0VJQ0FnSURoOFk2YmpBRRAB",,,,,,,,"Google",,,"7",,,"1606","2026-08-08T17:32:25.309Z","Direct Detail URL: https://www.google.com/maps/place/Parrillada+Restaurant+El+Dorado+Sauces+3/@-2.1265971,-79.8975452,12.68z/data=!4m10!1m2!2m1!1sEl+Dorado!3m6!1s0x902d6d3cdc44fe9f:0xec2df1193372b345!8m2!3d-2.1281964!4d-79.8868048!15sCglFbCBEb3JhZG9aCyIJZWwgZG9yYWRvkgEKcmVzdGF1cmFudOABAA!16s%2Fg%2F12hmt6sh_?entry=ttu&g_ep=EgoyMDI2MDgwNS4xIKXMDSoASAFQAw%3D%3D","5",,"Rodrigo Icaza Cornejo Manzana 139","false",,,"Parrillada Restaurant El Dorado Sauces 3","4.4",,"https://www.google.com/maps/search/?api=1&query=Parrillada%20Restaurant%20El%20Dorado%20Sauces%203&query_place_id=ChIJn_5E3DxtLZARRbNyMxnxLew",
"Rodrigo Icaza Cornejo Manzana 139, 090504 Guayaquil, Ecuador","Restaurante","Restaurante","17018523657442603845","Guayaquil","EC","0x902d6d3cdc44fe9f:0xec2df1193372b345",,"https://lh3.googleusercontent.com/gps-cs-s/AHRPTWmvm90GLRySCo4gUqKI_yhh6hrRUm1p03H_4PyufCCfD8b6v6-CDw1zrqgo2---n6Hr_d_g6er4FZP8idRvw6-nSk2UbtHS-0wnv6imvoQgsKgiBNsVbXsxY7ZQC8l44ZhqvzqHvw=w408-h395-k-no","false","true","/g/12hmt6sh_","es-419","1","-2.1281964","-79.8868048",,"Los Sauces","es","false","ChIJn_5E3DxtLZARRbNyMxnxLew","090504","$5-10","Hace 3 años","2023-03-09T04:08:48.471Z",,,,,,,,,,,,,,,,,,,"Almuerzo","Consumo en el lugar","5","5","5","ChZDSUhNMG9nS0VJQ0FnSURocm9LWmJBEAE","https://lh3.googleusercontent.com/grass-cs/ACvplmOYanJzVoQB3B4Juf6YGOZ9DZ-Gz4nA4XzSqeo391rUPvRaKaQ3O8N5zuYmnfj8WguwGciEWagYAm5Ize2sr9plHfieK00PtCXNL2YrMPKisI9VlZfQJmbbR-KCilDwNdHQND2-=k-no","https://lh3.googleusercontent.com/grass-cs/ACvplmPZuw1sCp5tkUfFxJRHh7txSdIhEO37IyySqZs81P6jqt2Y1Z5aI5_Dsu8nFImEcspNl19Yt2bnHBEwFk0YMXLlz4pElb8oy8qkK_lQrykltzooJOfg90tCPlqzVVV2ERgfQjgXIw=k-no",,,,,,"Google",,,"62",,,"1606","2026-08-08T17:32:25.309Z","Direct Detail URL: https://www.google.com/maps/place/Parrillada+Restaurant+El+Dorado+Sauces+3/@-2.1265971,-79.8975452,12.68z/data=!4m10!1m2!2m1!1sEl+Dorado!3m6!1s0x902d6d3cdc44fe9f:0xec2df1193372b345!8m2!3d-2.1281964!4d-79.8868048!15sCglFbCBEb3JhZG9aCyIJZWwgZG9yYWRvkgEKcmVzdGF1cmFudOABAA!16s%2Fg%2F12hmt6sh_?entry=ttu&g_ep=EgoyMDI2MDgwNS4xIKXMDSoASAFQAw%3D%3D","5",,"Rodrigo Icaza Cornejo Manzana 139","false","Excelente para ir en flia o amigos muy buena comida",,"Parrillada Restaurant El Dorado Sauces 3","4.4",,"https://www.google.com/maps/search/?api=1&query=Parrillada%20Restaurant%20El%20Dorado%20Sauces%203&query_place_id=ChIJn_5E3DxtLZARRbNyMxnxLew",
"Rodrigo Icaza Cornejo Manzana 139, 090504 Guayaquil, Ecuador","Restaurante","Restaurante","17018523657442603845","Guayaquil","EC","0x902d6d3cdc44fe9f:0xec2df1193372b345",,"https://lh3.googleusercontent.com/gps-cs-s/AHRPTWmvm90GLRySCo4gUqKI_yhh6hrRUm1p03H_4PyufCCfD8b6v6-CDw1zrqgo2---n6Hr_d_g6er4FZP8idRvw6-nSk2UbtHS-0wnv6imvoQgsKgiBNsVbXsxY7ZQC8l44ZhqvzqHvw=w408-h395-k-no","false","true","/g/12hmt6sh_","es-419","0","-2.1281964","-79.8868048",,"Los Sauces","es","false","ChIJn_5E3DxtLZARRbNyMxnxLew","090504","$5-10","Hace 3 años","2023-03-09T02:06:12.053Z",,,,,,,,,,,,,,,,,,,,,"5","5","5","ChZDSUhNMG9nS0VJQ0FnSURoenZlSlBnEAE",,,,,,,,"Google",,,"123",,,"1606","2026-08-08T17:32:25.309Z","Direct Detail URL: https://www.google.com/maps/place/Parrillada+Restaurant+El+Dorado+Sauces+3/@-2.1265971,-79.8975452,12.68z/data=!4m10!1m2!2m1!1sEl+Dorado!3m6!1s0x902d6d3cdc44fe9f:0xec2df1193372b345!8m2!3d-2.1281964!4d-79.8868048!15sCglFbCBEb3JhZG9aCyIJZWwgZG9yYWRvkgEKcmVzdGF1cmFudOABAA!16s%2Fg%2F12hmt6sh_?entry=ttu&g_ep=EgoyMDI2MDgwNS4xIKXMDSoASAFQAw%3D%3D","5",,"Rodrigo Icaza Cornejo Manzana 139","false","Todo bueno",,"Parrillada Restaurant El Dorado Sauces 3","4.4",,"https://www.google.com/maps/search/?api=1&query=Parrillada%20Restaurant%20El%20Dorado%20Sauces%203&query_place_id=ChIJn_5E3DxtLZARRbNyMxnxLew",
"Rodrigo Icaza Cornejo Manzana 139, 090504 Guayaquil, Ecuador","Restaurante","Restaurante","17018523657442603845","Guayaquil","EC","0x902d6d3cdc44fe9f:0xec2df1193372b345",,"https://lh3.googleusercontent.com/gps-cs-s/AHRPTWmvm90GLRySCo4gUqKI_yhh6hrRUm1p03H_4PyufCCfD8b6v6-CDw1zrqgo2---n6Hr_d_g6er4FZP8idRvw6-nSk2UbtHS-0wnv6imvoQgsKgiBNsVbXsxY7ZQC8l44ZhqvzqHvw=w408-h395-k-no","false","true","/g/12hmt6sh_","es-419","0","-2.1281964","-79.8868048",,"Los Sauces",,"false","ChIJn_5E3DxtLZARRbNyMxnxLew","090504","$5-10","Hace 3 años","2023-03-08T06:25:39.412Z",,,,,,,,,,,,,,,,,,,,,"4","4","4","ChdDSUhNMG9nS0VJQ0FnSURoMXFIZzJ3RRAB",,,,,,,,"Google",,,"65",,,"1606","2026-08-08T17:32:25.309Z","Direct Detail URL: https://www.google.com/maps/place/Parrillada+Restaurant+El+Dorado+Sauces+3/@-2.1265971,-79.8975452,12.68z/data=!4m10!1m2!2m1!1sEl+Dorado!3m6!1s0x902d6d3cdc44fe9f:0xec2df1193372b345!8m2!3d-2.1281964!4d-79.8868048!15sCglFbCBEb3JhZG9aCyIJZWwgZG9yYWRvkgEKcmVzdGF1cmFudOABAA!16s%2Fg%2F12hmt6sh_?entry=ttu&g_ep=EgoyMDI2MDgwNS4xIKXMDSoASAFQAw%3D%3D","4",,"Rodrigo Icaza Cornejo Manzana 139","false",,,"Parrillada Restaurant El Dorado Sauces 3","4.4",,"https://www.google.com/maps/search/?api=1&query=Parrillada%20Restaurant%20El%20Dorado%20Sauces%203&query_place_id=ChIJn_5E3DxtLZARRbNyMxnxLew",
"Rodrigo Icaza Cornejo Manzana 139, 090504 Guayaquil, Ecuador","Restaurante","Restaurante","17018523657442603845","Guayaquil","EC","0x902d6d3cdc44fe9f:0xec2df1193372b345",,"https://lh3.googleusercontent.com/gps-cs-s/AHRPTWmvm90GLRySCo4gUqKI_yhh6hrRUm1p03H_4PyufCCfD8b6v6-CDw1zrqgo2---n6Hr_d_g6er4FZP8idRvw6-nSk2UbtHS-0wnv6imvoQgsKgiBNsVbXsxY7ZQC8l44ZhqvzqHvw=w408-h395-k-no","false","true","/g/12hmt6sh_","es-419","0","-2.1281964","-79.8868048",,"Los Sauces","es","false","ChIJn_5E3DxtLZARRbNyMxnxLew","090504","$5-10","Hace 3 años","2023-03-04T18:08:51.036Z",,,,,,,,,,,,,,,,,,,,,"5","5","5","ChZDSUhNMG9nS0VJQ0FnSURod3NXTElnEAE",,,,,,,,"Google",,,"126",,,"1606","2026-08-08T17:32:25.309Z","Direct Detail URL: https://www.google.com/maps/place/Parrillada+Restaurant+El+Dorado+Sauces+3/@-2.1265971,-79.8975452,12.68z/data=!4m10!1m2!2m1!1sEl+Dorado!3m6!1s0x902d6d3cdc44fe9f:0xec2df1193372b345!8m2!3d-2.1281964!4d-79.8868048!15sCglFbCBEb3JhZG9aCyIJZWwgZG9yYWRvkgEKcmVzdGF1cmFudOABAA!16s%2Fg%2F12hmt6sh_?entry=ttu&g_ep=EgoyMDI2MDgwNS4xIKXMDSoASAFQAw%3D%3D","5",,"Rodrigo Icaza Cornejo Manzana 139","false","Exelente",,"Parrillada Restaurant El Dorado Sauces 3","4.4",,"https://www.google.com/maps/search/?api=1&query=Parrillada%20Restaurant%20El%20Dorado%20Sauces%203&query_place_id=ChIJn_5E3DxtLZARRbNyMxnxLew",
"Rodrigo Icaza Cornejo Manzana 139, 090504 Guayaquil, Ecuador","Restaurante","Restaurante","17018523657442603845","Guayaquil","EC","0x902d6d3cdc44fe9f:0xec2df1193372b345",,"https://lh3.googleusercontent.com/gps-cs-s/AHRPTWmvm90GLRySCo4gUqKI_yhh6hrRUm1p03H_4PyufCCfD8b6v6-CDw1zrqgo2---n6Hr_d_g6er4FZP8idRvw6-nSk2UbtHS-0wnv6imvoQgsKgiBNsVbXsxY7ZQC8l44ZhqvzqHvw=w408-h395-k-no","false","true","/g/12hmt6sh_","es-419","0","-2.1281964","-79.8868048",,"Los Sauces","es","false","ChIJn_5E3DxtLZARRbNyMxnxLew","090504","$5-10","Hace 3 años","2023-03-03T22:35:48.607Z",,,,,,,,,,,,,,,,,,,,,,,,"ChZDSUhNMG9nS0VJQ0FnSURoM083V1lBEAE",,,,,,,,"Google",,,"67",,,"1606","2026-08-08T17:32:25.309Z","Direct Detail URL: https://www.google.com/maps/place/Parrillada+Restaurant+El+Dorado+Sauces+3/@-2.1265971,-79.8975452,12.68z/data=!4m10!1m2!2m1!1sEl+Dorado!3m6!1s0x902d6d3cdc44fe9f:0xec2df1193372b345!8m2!3d-2.1281964!4d-79.8868048!15sCglFbCBEb3JhZG9aCyIJZWwgZG9yYWRvkgEKcmVzdGF1cmFudOABAA!16s%2Fg%2F12hmt6sh_?entry=ttu&g_ep=EgoyMDI2MDgwNS4xIKXMDSoASAFQAw%3D%3D","5",,"Rodrigo Icaza Cornejo Manzana 139","false","Buen lugar",,"Parrillada Restaurant El Dorado Sauces 3","4.4",,"https://www.google.com/maps/search/?api=1&query=Parrillada%20Restaurant%20El%20Dorado%20Sauces%203&query_place_id=ChIJn_5E3DxtLZARRbNyMxnxLew",
"Rodrigo Icaza Cornejo Manzana 139, 090504 Guayaquil, Ecuador","Restaurante","Restaurante","17018523657442603845","Guayaquil","EC","0x902d6d3cdc44fe9f:0xec2df1193372b345",,"https://lh3.googleusercontent.com/gps-cs-s/AHRPTWmvm90GLRySCo4gUqKI_yhh6hrRUm1p03H_4PyufCCfD8b6v6-CDw1zrqgo2---n6Hr_d_g6er4FZP8idRvw6-nSk2UbtHS-0wnv6imvoQgsKgiBNsVbXsxY7ZQC8l44ZhqvzqHvw=w408-h395-k-no","false","true","/g/12hmt6sh_","es-419","0","-2.1281964","-79.8868048",,"Los Sauces",,"false","ChIJn_5E3DxtLZARRbNyMxnxLew","090504","$5-10","Hace 3 años","2023-03-03T20:49:34.411Z",,,,,,,,,,,,,,,,,,,,,"3","3","2","ChdDSUhNMG9nS0VJQ0FnSURoM0ppWnRRRRAB",,,,,,,,"Google",,,"12",,,"1606","2026-08-08T17:32:25.309Z","Direct Detail URL: https://www.google.com/maps/place/Parrillada+Restaurant+El+Dorado+Sauces+3/@-2.1265971,-79.8975452,12.68z/data=!4m10!1m2!2m1!1sEl+Dorado!3m6!1s0x902d6d3cdc44fe9f:0xec2df1193372b345!8m2!3d-2.1281964!4d-79.8868048!15sCglFbCBEb3JhZG9aCyIJZWwgZG9yYWRvkgEKcmVzdGF1cmFudOABAA!16s%2Fg%2F12hmt6sh_?entry=ttu&g_ep=EgoyMDI2MDgwNS4xIKXMDSoASAFQAw%3D%3D","4",,"Rodrigo Icaza Cornejo Manzana 139","false",,,"Parrillada Restaurant El Dorado Sauces 3","4.4",,"https://www.google.com/maps/search/?api=1&query=Parrillada%20Restaurant%20El%20Dorado%20Sauces%203&query_place_id=ChIJn_5E3DxtLZARRbNyMxnxLew",
"Rodrigo Icaza Cornejo Manzana 139, 090504 Guayaquil, Ecuador","Restaurante","Restaurante","17018523657442603845","Guayaquil","EC","0x902d6d3cdc44fe9f:0xec2df1193372b345",,"https://lh3.googleusercontent.com/gps-cs-s/AHRPTWmvm90GLRySCo4gUqKI_yhh6hrRUm1p03H_4PyufCCfD8b6v6-CDw1zrqgo2---n6Hr_d_g6er4FZP8idRvw6-nSk2UbtHS-0wnv6imvoQgsKgiBNsVbXsxY7ZQC8l44ZhqvzqHvw=w408-h395-k-no","false","false","/g/12hmt6sh_","es-419","0","-2.1281964","-79.8868048",,"Los Sauces",,"false","ChIJn_5E3DxtLZARRbNyMxnxLew","090504","$5-10","Hace 3 años","2023-03-01T20:37:47.201Z",,,,,,,,,,,,,,,,,,,,,,,,"ChdDSUhNMG9nS0VJQ0FnSURocEtYUnlnRRAB",,,,,,,,"Google",,,"0",,,"1606","2026-08-08T17:32:25.309Z","Direct Detail URL: https://www.google.com/maps/place/Parrillada+Restaurant+El+Dorado+Sauces+3/@-2.1265971,-79.8975452,12.68z/data=!4m10!1m2!2m1!1sEl+Dorado!3m6!1s0x902d6d3cdc44fe9f:0xec2df1193372b345!8m2!3d-2.1281964!4d-79.8868048!15sCglFbCBEb3JhZG9aCyIJZWwgZG9yYWRvkgEKcmVzdGF1cmFudOABAA!16s%2Fg%2F12hmt6sh_?entry=ttu&g_ep=EgoyMDI2MDgwNS4xIKXMDSoASAFQAw%3D%3D","5",,"Rodrigo Icaza Cornejo Manzana 139","false",,,"Parrillada Restaurant El Dorado Sauces 3","4.4",,"https://www.google.com/maps/search/?api=1&query=Parrillada%20Restaurant%20El%20Dorado%20Sauces%203&query_place_id=ChIJn_5E3DxtLZARRbNyMxnxLew",
"Rodrigo Icaza Cornejo Manzana 139, 090504 Guayaquil, Ecuador","Restaurante","Restaurante","17018523657442603845","Guayaquil","EC","0x902d6d3cdc44fe9f:0xec2df1193372b345",,"https://lh3.googleusercontent.com/gps-cs-s/AHRPTWmvm90GLRySCo4gUqKI_yhh6hrRUm1p03H_4PyufCCfD8b6v6-CDw1zrqgo2---n6Hr_d_g6er4FZP8idRvw6-nSk2UbtHS-0wnv6imvoQgsKgiBNsVbXsxY7ZQC8l44ZhqvzqHvw=w408-h395-k-no","false","true","/g/12hmt6sh_","es-419","0","-2.1281964","-79.8868048",,"Los Sauces","es","false","ChIJn_5E3DxtLZARRbNyMxnxLew","090504","$5-10","Hace 3 años","2023-02-25T16:01:15.118Z",,,,,,,,,,,,,,,,,,,,,,,,"ChdDSUhNMG9nS0VJQ0FnSUNoNy1tTTh3RRAB",,,,,,,,"Google",,,"164",,,"1606","2026-08-08T17:32:25.309Z","Direct Detail URL: https://www.google.com/maps/place/Parrillada+Restaurant+El+Dorado+Sauces+3/@-2.1265971,-79.8975452,12.68z/data=!4m10!1m2!2m1!1sEl+Dorado!3m6!1s0x902d6d3cdc44fe9f:0xec2df1193372b345!8m2!3d-2.1281964!4d-79.8868048!15sCglFbCBEb3JhZG9aCyIJZWwgZG9yYWRvkgEKcmVzdGF1cmFudOABAA!16s%2Fg%2F12hmt6sh_?entry=ttu&g_ep=EgoyMDI2MDgwNS4xIKXMDSoASAFQAw%3D%3D","4",,"Rodrigo Icaza Cornejo Manzana 139","false","Buen sabor en pollos a la brasa, lugar tradicional no tiene parqueo privado",,"Parrillada Restaurant El Dorado Sauces 3","4.4",,"https://www.google.com/maps/search/?api=1&query=Parrillada%20Restaurant%20El%20Dorado%20Sauces%203&query_place_id=ChIJn_5E3DxtLZARRbNyMxnxLew",
"Rodrigo Icaza Cornejo Manzana 139, 090504 Guayaquil, Ecuador","Restaurante","Restaurante","17018523657442603845","Guayaquil","EC","0x902d6d3cdc44fe9f:0xec2df1193372b345",,"https://lh3.googleusercontent.com/gps-cs-s/AHRPTWmvm90GLRySCo4gUqKI_yhh6hrRUm1p03H_4PyufCCfD8b6v6-CDw1zrqgo2---n6Hr_d_g6er4FZP8idRvw6-nSk2UbtHS-0wnv6imvoQgsKgiBNsVbXsxY7ZQC8l44ZhqvzqHvw=w408-h395-k-no","false","true","/g/12hmt6sh_","es-419","0","-2.1281964","-79.8868048",,"Los Sauces","es","false","ChIJn_5E3DxtLZARRbNyMxnxLew","090504","$5-10","Hace 3 años","2023-02-23T00:10:44.961Z",,,,,,,,,,,,,,,,,,,"Otro","Comida para llevar","4","5","4","ChdDSUhNMG9nS0VJQ0FnSUNoMi1LbHNBRRAB",,,,,,,,"Google",,,"186",,,"1606","2026-08-08T17:32:25.309Z","Direct Detail URL: https://www.google.com/maps/place/Parrillada+Restaurant+El+Dorado+Sauces+3/@-2.1265971,-79.8975452,12.68z/data=!4m10!1m2!2m1!1sEl+Dorado!3m6!1s0x902d6d3cdc44fe9f:0xec2df1193372b345!8m2!3d-2.1281964!4d-79.8868048!15sCglFbCBEb3JhZG9aCyIJZWwgZG9yYWRvkgEKcmVzdGF1cmFudOABAA!16s%2Fg%2F12hmt6sh_?entry=ttu&g_ep=EgoyMDI2MDgwNS4xIKXMDSoASAFQAw%3D%3D","5",,"Rodrigo Icaza Cornejo Manzana 139","false","Muy rica la comida",,"Parrillada Restaurant El Dorado Sauces 3","4.4",,"https://www.google.com/maps/search/?api=1&query=Parrillada%20Restaurant%20El%20Dorado%20Sauces%203&query_place_id=ChIJn_5E3DxtLZARRbNyMxnxLew",
"Rodrigo Icaza Cornejo Manzana 139, 090504 Guayaquil, Ecuador","Restaurante","Restaurante","17018523657442603845","Guayaquil","EC","0x902d6d3cdc44fe9f:0xec2df1193372b345",,"https://lh3.googleusercontent.com/gps-cs-s/AHRPTWmvm90GLRySCo4gUqKI_yhh6hrRUm1p03H_4PyufCCfD8b6v6-CDw1zrqgo2---n6Hr_d_g6er4FZP8idRvw6-nSk2UbtHS-0wnv6imvoQgsKgiBNsVbXsxY7ZQC8l44ZhqvzqHvw=w408-h395-k-no","false","true","/g/12hmt6sh_","es-419","0","-2.1281964","-79.8868048",,"Los Sauces",,"false","ChIJn_5E3DxtLZARRbNyMxnxLew","090504","$5-10","Hace 3 años","2023-02-22T05:02:21.895Z",,,,,,,,,,,,,,,,,,,"Cena","Consumo en el lugar","4","3","3","ChdDSUhNMG9nS0VJQ0FnSUNoaTRmY21nRRAB",,,,,,,,"Google",,,"150",,,"1606","2026-08-08T17:32:25.309Z","Direct Detail URL: https://www.google.com/maps/place/Parrillada+Restaurant+El+Dorado+Sauces+3/@-2.1265971,-79.8975452,12.68z/data=!4m10!1m2!2m1!1sEl+Dorado!3m6!1s0x902d6d3cdc44fe9f:0xec2df1193372b345!8m2!3d-2.1281964!4d-79.8868048!15sCglFbCBEb3JhZG9aCyIJZWwgZG9yYWRvkgEKcmVzdGF1cmFudOABAA!16s%2Fg%2F12hmt6sh_?entry=ttu&g_ep=EgoyMDI2MDgwNS4xIKXMDSoASAFQAw%3D%3D","4",,"Rodrigo Icaza Cornejo Manzana 139","false",,,"Parrillada Restaurant El Dorado Sauces 3","4.4",,"https://www.google.com/maps/search/?api=1&query=Parrillada%20Restaurant%20El%20Dorado%20Sauces%203&query_place_id=ChIJn_5E3DxtLZARRbNyMxnxLew",
"Rodrigo Icaza Cornejo Manzana 139, 090504 Guayaquil, Ecuador","Restaurante","Restaurante","17018523657442603845","Guayaquil","EC","0x902d6d3cdc44fe9f:0xec2df1193372b345",,"https://lh3.googleusercontent.com/gps-cs-s/AHRPTWmvm90GLRySCo4gUqKI_yhh6hrRUm1p03H_4PyufCCfD8b6v6-CDw1zrqgo2---n6Hr_d_g6er4FZP8idRvw6-nSk2UbtHS-0wnv6imvoQgsKgiBNsVbXsxY7ZQC8l44ZhqvzqHvw=w408-h395-k-no","false","false","/g/12hmt6sh_","es-419","0","-2.1281964","-79.8868048",,"Los Sauces",,"false","ChIJn_5E3DxtLZARRbNyMxnxLew","090504","$5-10","Hace 3 años","2023-02-16T00:04:54.564Z",,,,,,,,,,,,,,,,,,,,,"2","3","3","ChZDSUhNMG9nS0VJQ0FnSUNoaWNyallBEAE",,,,,,,,"Google",,,"0",,,"1606","2026-08-08T17:32:25.309Z","Direct Detail URL: https://www.google.com/maps/place/Parrillada+Restaurant+El+Dorado+Sauces+3/@-2.1265971,-79.8975452,12.68z/data=!4m10!1m2!2m1!1sEl+Dorado!3m6!1s0x902d6d3cdc44fe9f:0xec2df1193372b345!8m2!3d-2.1281964!4d-79.8868048!15sCglFbCBEb3JhZG9aCyIJZWwgZG9yYWRvkgEKcmVzdGF1cmFudOABAA!16s%2Fg%2F12hmt6sh_?entry=ttu&g_ep=EgoyMDI2MDgwNS4xIKXMDSoASAFQAw%3D%3D","4",,"Rodrigo Icaza Cornejo Manzana 139","false",,,"Parrillada Restaurant El Dorado Sauces 3","4.4",,"https://www.google.com/maps/search/?api=1&query=Parrillada%20Restaurant%20El%20Dorado%20Sauces%203&query_place_id=ChIJn_5E3DxtLZARRbNyMxnxLew",
"Rodrigo Icaza Cornejo Manzana 139, 090504 Guayaquil, Ecuador","Restaurante","Restaurante","17018523657442603845","Guayaquil","EC","0x902d6d3cdc44fe9f:0xec2df1193372b345",,"https://lh3.googleusercontent.com/gps-cs-s/AHRPTWmvm90GLRySCo4gUqKI_yhh6hrRUm1p03H_4PyufCCfD8b6v6-CDw1zrqgo2---n6Hr_d_g6er4FZP8idRvw6-nSk2UbtHS-0wnv6imvoQgsKgiBNsVbXsxY7ZQC8l44ZhqvzqHvw=w408-h395-k-no","false","true","/g/12hmt6sh_","es-419","0","-2.1281964","-79.8868048",,"Los Sauces",,"false","ChIJn_5E3DxtLZARRbNyMxnxLew","090504","$5-10","Hace 3 años","2023-02-15T21:57:52.272Z",,,,,,,,,,,,,,,,,,,,,"5","5","5","ChdDSUhNMG9nS0VJQ0FnSUNoOGMtaTVnRRAB","https://lh3.googleusercontent.com/grass-cs/ACvplmMBxzZC7f1ReTUpnP2TakrDUGX93u2W3XYlanQh8GSrLdBAWln1jhXVyJEpULLGZ8ssC7RjSSGXTHzqrwDVy0HwOGdqZ6Pg4LzscNhP6BXX5nteLZ5YO0HU_7LliKuCl5lzfzjkLQ=k-no","https://lh3.googleusercontent.com/grass-cs/ACvplmNrsForUbFsA0MKmmRpCPDhCzGpA5APVR1EYJBW80rX4P2IS8eNRWRn617ZJN7KVcH6_faOTTKns0x-CaXDtHqeo_Ba4DWOaW1_lS-MRJpaqHTlBq_T1pOcz6w_kArW4TMM2t4=k-no",,,,,,"Google",,,"9",,,"1606","2026-08-08T17:32:25.309Z","Direct Detail URL: https://www.google.com/maps/place/Parrillada+Restaurant+El+Dorado+Sauces+3/@-2.1265971,-79.8975452,12.68z/data=!4m10!1m2!2m1!1sEl+Dorado!3m6!1s0x902d6d3cdc44fe9f:0xec2df1193372b345!8m2!3d-2.1281964!4d-79.8868048!15sCglFbCBEb3JhZG9aCyIJZWwgZG9yYWRvkgEKcmVzdGF1cmFudOABAA!16s%2Fg%2F12hmt6sh_?entry=ttu&g_ep=EgoyMDI2MDgwNS4xIKXMDSoASAFQAw%3D%3D","5",,"Rodrigo Icaza Cornejo Manzana 139","false",,,"Parrillada Restaurant El Dorado Sauces 3","4.4",,"https://www.google.com/maps/search/?api=1&query=Parrillada%20Restaurant%20El%20Dorado%20Sauces%203&query_place_id=ChIJn_5E3DxtLZARRbNyMxnxLew",
"Rodrigo Icaza Cornejo Manzana 139, 090504 Guayaquil, Ecuador","Restaurante","Restaurante","17018523657442603845","Guayaquil","EC","0x902d6d3cdc44fe9f:0xec2df1193372b345",,"https://lh3.googleusercontent.com/gps-cs-s/AHRPTWmvm90GLRySCo4gUqKI_yhh6hrRUm1p03H_4PyufCCfD8b6v6-CDw1zrqgo2---n6Hr_d_g6er4FZP8idRvw6-nSk2UbtHS-0wnv6imvoQgsKgiBNsVbXsxY7ZQC8l44ZhqvzqHvw=w408-h395-k-no","false","false","/g/12hmt6sh_","es-419","0","-2.1281964","-79.8868048",,"Los Sauces",,"false","ChIJn_5E3DxtLZARRbNyMxnxLew","090504","$5-10","Hace 3 años","2023-02-13T19:46:46.025Z",,,,,,,,,,,,,,,,,,,,,"5","5","5","ChZDSUhNMG9nS0VJQ0FnSUNobnF1Wld3EAE",,,,,,,,"Google",,,"1",,,"1606","2026-08-08T17:32:25.309Z","Direct Detail URL: https://www.google.com/maps/place/Parrillada+Restaurant+El+Dorado+Sauces+3/@-2.1265971,-79.8975452,12.68z/data=!4m10!1m2!2m1!1sEl+Dorado!3m6!1s0x902d6d3cdc44fe9f:0xec2df1193372b345!8m2!3d-2.1281964!4d-79.8868048!15sCglFbCBEb3JhZG9aCyIJZWwgZG9yYWRvkgEKcmVzdGF1cmFudOABAA!16s%2Fg%2F12hmt6sh_?entry=ttu&g_ep=EgoyMDI2MDgwNS4xIKXMDSoASAFQAw%3D%3D","5",,"Rodrigo Icaza Cornejo Manzana 139","false",,,"Parrillada Restaurant El Dorado Sauces 3","4.4",,"https://www.google.com/maps/search/?api=1&query=Parrillada%20Restaurant%20El%20Dorado%20Sauces%203&query_place_id=ChIJn_5E3DxtLZARRbNyMxnxLew",
