"address","categories/0","categoryName","cid","city","countryCode","fid","hotelStars","imageUrl","isAdvertisement","isLocalGuide","kgmid","language","likesCount","location/lat","location/lng","name","neighborhood","originalLanguage","permanentlyClosed","placeId","postalCode","price","publishAt","publishedAtDate","rating","responseFromOwnerDate","responseFromOwnerText","reviewContext/Accesibilidad en silla de ruedas","reviewContext/Adecuado para niños","reviewContext/Espacios para estacionar","reviewContext/Estacionamiento","reviewContext/Eventos especiales","reviewContext/Nivel de ruido","reviewContext/Ofertas especiales","reviewContext/Opciones de estacionamiento","reviewContext/Platos recomendados","reviewContext/Platos vegetarianos","reviewContext/Precio por persona","reviewContext/Reservas","reviewContext/Restricciones de dieta","reviewContext/Tamaño del grupo","reviewContext/Tiempo de espera","reviewContext/Tipo de asiento","reviewContext/Tipo de comida","reviewContext/Tipo de pedido","reviewDetailedRating/Ambiente","reviewDetailedRating/Comida","reviewDetailedRating/Servicio","reviewId","reviewImageUrls/0","reviewImageUrls/1","reviewImageUrls/2","reviewImageUrls/3","reviewImageUrls/4","reviewImageUrls/5","reviewImageUrls/6","reviewImageUrls/7","reviewOrigin","reviewUrl","reviewerId","reviewerNumberOfReviews","reviewerPhotoUrl","reviewerUrl","reviewsCount","scrapedAt","searchString","stars","state","street","temporarilyClosed","text","textTranslated","title","totalScore","translatedLanguage","url","visitedIn"
"Av. Francisco de Orellana, 090508 Guayaquil, Ecuador","Restaurante","Restaurante","5247594178483260041","Guayaquil","EC","0x902d6d4de8ed298d:0x48d3331a35e70a89",,"https://lh3.googleusercontent.com/gps-cs-s/AHRPTWlKtARv4uZa_c0E1ciQrsvkVWlAt0OWnqG49SXXKn1JlecdPQYXZPK_TxCCl87SigA3GX2PU04pnOiGW41Pbav9OeLEW4TIc3Cj6awxMxvlp60hmHuReYtoJRuWyBWhvz5q8lLz2Q=w408-h272-k-no","false","false","/g/11g73597ns","es-419","0","-2.142207","-79.9036767",,"Alborada Oeste","es","false","ChIJjSnt6E1tLZARiQrnNRoz00g",,"$10-25","Hace 22 horas","2026-08-07T18:29:31.980Z",,,,,,,,,,,,,,"$25-30",,,"Apto para grupos de todos los tamaños","Sin espera",,,,"3","3","2","Ci9DQUlRQUNvZENodHljRjlvT2tNd1FUaDZjbTlLTWw5cVozRkRSalJ6ZGxWaVlVRRAB","https://lh3.googleusercontent.com/grass-cs/ACvplmOka7LmcCkENpZ5_k65UwXLt4FFmAqjuVyNBoHg4ICG6eCHS2lQh2-BMxl_RAIYswZJVKtmb7s7Y18jZoOjX_ahxs-2foKDnP7G5x0J8pmgQPcMYJDLMVkmalS7RKerx-u8KSrinaSNzzA=k-no","https://lh3.googleusercontent.com/grass-cs/ACvplmPJKeedlc8k100iEpRQrXjYjNnqp4fjZIkIgWylISHUCFP10dm-kxSzhRQr0EYnnwQces8mgKFmY2OP6FNffS_joQgezPB_oDQkysZLjIEVa35dsM_30eOXoCs57B4EhUtm9o30sX0E5OEx=k-no",,,,,,,"Google",,,"0",,,"3594","2026-08-08T17:27:42.403Z","Direct Detail URL: https://www.google.com/maps/place/La+Casa+del+Tomahawk/@-2.1684545,-79.9245565,12z/data=!4m10!1m2!2m1!1sLa+Casa+del+TomaHawk!3m6!1s0x902d6d4de8ed298d:0x48d3331a35e70a89!8m2!3d-2.142207!4d-79.9036767!15sChRMYSBDYXNhIGRlbCBUb21hSGF3ayIDiAEBWhYiFGxhIGNhc2EgZGVsIHRvbWFoYXdrkgEKcmVzdGF1cmFudOABAA!16s%2Fg%2F11g73597ns?entry=ttu&g_ep=EgoyMDI2MDgwNS4xIKXMDSoASAFQAw%3D%3D","4",,"Av. Francisco de Orellana","false","Las alitas estaban secas",,"La Casa del Tomahawk","4.3",,"https://www.google.com/maps/search/?api=1&query=La%20Casa%20del%20Tomahawk&query_place_id=ChIJjSnt6E1tLZARiQrnNRoz00g",
"Av. Francisco de Orellana, 090508 Guayaquil, Ecuador","Restaurante","Restaurante","5247594178483260041","Guayaquil","EC","0x902d6d4de8ed298d:0x48d3331a35e70a89",,"https://lh3.googleusercontent.com/gps-cs-s/AHRPTWlKtARv4uZa_c0E1ciQrsvkVWlAt0OWnqG49SXXKn1JlecdPQYXZPK_TxCCl87SigA3GX2PU04pnOiGW41Pbav9OeLEW4TIc3Cj6awxMxvlp60hmHuReYtoJRuWyBWhvz5q8lLz2Q=w408-h272-k-no","false","false","/g/11g73597ns","es-419","0","-2.142207","-79.9036767",,"Alborada Oeste","es","false","ChIJjSnt6E1tLZARiQrnNRoz00g",,"$10-25","una semana atrás","2026-07-31T03:54:07.027Z",,,,,,,,,,,,,,,,,,,,,,"4","1","4","Ci9DQUlRQUNvZENodHljRjlvT25wSWNtMW1OR2xtYURaZlZTMTBWRXRFV1MxYU5sRRAB",,,,,,,,,"Google",,,"1",,,"3594","2026-08-08T17:27:42.403Z","Direct Detail URL: https://www.google.com/maps/place/La+Casa+del+Tomahawk/@-2.1684545,-79.9245565,12z/data=!4m10!1m2!2m1!1sLa+Casa+del+TomaHawk!3m6!1s0x902d6d4de8ed298d:0x48d3331a35e70a89!8m2!3d-2.142207!4d-79.9036767!15sChRMYSBDYXNhIGRlbCBUb21hSGF3ayIDiAEBWhYiFGxhIGNhc2EgZGVsIHRvbWFoYXdrkgEKcmVzdGF1cmFudOABAA!16s%2Fg%2F11g73597ns?entry=ttu&g_ep=EgoyMDI2MDgwNS4xIKXMDSoASAFQAw%3D%3D","2",,"Av. Francisco de Orellana","false","No hay nada que odie más que la comida fría. Me dieron unas papas frías, como si ya tuvieran mucho tiempo preparadas. Las alitas estaban igual; de todas, creo que solo 3 estaban recién preparadas. De las papas solo probé 5, no comí más, ya que estaban frías. No sé si fue el queso agrio o el pico de gallo demasiado ácido, o las alitas no eran frescas pero esta vez la comida me cayó mal, cosa que jamás me pasa. ""Algo hay que mejorar"". Lo único rescatable fue la atención de la chica. En cuanto a la comida, no me llevo una buena experiencia a la que ya he tenido hace mucho tiempo atrás.",,"La Casa del Tomahawk","4.3",,"https://www.google.com/maps/search/?api=1&query=La%20Casa%20del%20Tomahawk&query_place_id=ChIJjSnt6E1tLZARiQrnNRoz00g",
"Av. Francisco de Orellana, 090508 Guayaquil, Ecuador","Restaurante","Restaurante","5247594178483260041","Guayaquil","EC","0x902d6d4de8ed298d:0x48d3331a35e70a89",,"https://lh3.googleusercontent.com/gps-cs-s/AHRPTWlKtARv4uZa_c0E1ciQrsvkVWlAt0OWnqG49SXXKn1JlecdPQYXZPK_TxCCl87SigA3GX2PU04pnOiGW41Pbav9OeLEW4TIc3Cj6awxMxvlp60hmHuReYtoJRuWyBWhvz5q8lLz2Q=w408-h272-k-no","false","true","/g/11g73597ns","es-419","0","-2.142207","-79.9036767",,"Alborada Oeste",,"false","ChIJjSnt6E1tLZARiQrnNRoz00g",,"$10-25","una semana atrás","2026-07-31T03:41:50.857Z",,,,,,,,,,,,,,,,,,,,,,,,,"Ci9DQUlRQUNvZENodHljRjlvT2s0elUyVlFaSEI1Ym1ZNFRWUndkakEyYlRoNlNWRRAB",,,,,,,,,"Google",,,"217",,,"3594","2026-08-08T17:27:42.403Z","Direct Detail URL: https://www.google.com/maps/place/La+Casa+del+Tomahawk/@-2.1684545,-79.9245565,12z/data=!4m10!1m2!2m1!1sLa+Casa+del+TomaHawk!3m6!1s0x902d6d4de8ed298d:0x48d3331a35e70a89!8m2!3d-2.142207!4d-79.9036767!15sChRMYSBDYXNhIGRlbCBUb21hSGF3ayIDiAEBWhYiFGxhIGNhc2EgZGVsIHRvbWFoYXdrkgEKcmVzdGF1cmFudOABAA!16s%2Fg%2F11g73597ns?entry=ttu&g_ep=EgoyMDI2MDgwNS4xIKXMDSoASAFQAw%3D%3D","4",,"Av. Francisco de Orellana","false",,,"La Casa del Tomahawk","4.3",,"https://www.google.com/maps/search/?api=1&query=La%20Casa%20del%20Tomahawk&query_place_id=ChIJjSnt6E1tLZARiQrnNRoz00g",
"Av. Francisco de Orellana, 090508 Guayaquil, Ecuador","Restaurante","Restaurante","5247594178483260041","Guayaquil","EC","0x902d6d4de8ed298d:0x48d3331a35e70a89",,"https://lh3.googleusercontent.com/gps-cs-s/AHRPTWlKtARv4uZa_c0E1ciQrsvkVWlAt0OWnqG49SXXKn1JlecdPQYXZPK_TxCCl87SigA3GX2PU04pnOiGW41Pbav9OeLEW4TIc3Cj6awxMxvlp60hmHuReYtoJRuWyBWhvz5q8lLz2Q=w408-h272-k-no","false","false","/g/11g73597ns","es-419","0","-2.142207","-79.9036767",,"Alborada Oeste","es","false","ChIJjSnt6E1tLZARiQrnNRoz00g",,"$10-25","2 semanas atrás","2026-07-24T01:08:33.967Z",,,,,,,,,,,,,,,,,,,,,,,,,"Ci9DQUlRQUNvZENodHljRjlvT2xRMU1XTTJSVmRxY25kbk5tMWlSRXhHWDBaYWVGRRAB",,,,,,,,,"Google",,,"5",,,"3594","2026-08-08T17:27:42.403Z","Direct Detail URL: https://www.google.com/maps/place/La+Casa+del+Tomahawk/@-2.1684545,-79.9245565,12z/data=!4m10!1m2!2m1!1sLa+Casa+del+TomaHawk!3m6!1s0x902d6d4de8ed298d:0x48d3331a35e70a89!8m2!3d-2.142207!4d-79.9036767!15sChRMYSBDYXNhIGRlbCBUb21hSGF3ayIDiAEBWhYiFGxhIGNhc2EgZGVsIHRvbWFoYXdrkgEKcmVzdGF1cmFudOABAA!16s%2Fg%2F11g73597ns?entry=ttu&g_ep=EgoyMDI2MDgwNS4xIKXMDSoASAFQAw%3D%3D","1",,"Av. Francisco de Orellana","false","Pésima atención.",,"La Casa del Tomahawk","4.3",,"https://www.google.com/maps/search/?api=1&query=La%20Casa%20del%20Tomahawk&query_place_id=ChIJjSnt6E1tLZARiQrnNRoz00g",
"Av. Francisco de Orellana, 090508 Guayaquil, Ecuador","Restaurante","Restaurante","5247594178483260041","Guayaquil","EC","0x902d6d4de8ed298d:0x48d3331a35e70a89",,"https://lh3.googleusercontent.com/gps-cs-s/AHRPTWlKtARv4uZa_c0E1ciQrsvkVWlAt0OWnqG49SXXKn1JlecdPQYXZPK_TxCCl87SigA3GX2PU04pnOiGW41Pbav9OeLEW4TIc3Cj6awxMxvlp60hmHuReYtoJRuWyBWhvz5q8lLz2Q=w408-h272-k-no","false","true","/g/11g73597ns","es-419","0","-2.142207","-79.9036767",,"Alborada Oeste",,"false","ChIJjSnt6E1tLZARiQrnNRoz00g",,"$10-25","Hace un mes","2026-07-08T13:20:25.012Z",,,,,,,,,"Silencioso, agradable para conversar",,,,,"$5-10",,,"3 o 4 personas",,"Comedor cubierto",,,,,,"Ci9DQUlRQUNvZENodHljRjlvT2tOa1puUlpXR2gyTUhKak56ZGxRbGwyZFdKTFRFRRAB",,,,,,,,,"Google",,,"3",,,"3594","2026-08-08T17:27:42.403Z","Direct Detail URL: https://www.google.com/maps/place/La+Casa+del+Tomahawk/@-2.1684545,-79.9245565,12z/data=!4m10!1m2!2m1!1sLa+Casa+del+TomaHawk!3m6!1s0x902d6d4de8ed298d:0x48d3331a35e70a89!8m2!3d-2.142207!4d-79.9036767!15sChRMYSBDYXNhIGRlbCBUb21hSGF3ayIDiAEBWhYiFGxhIGNhc2EgZGVsIHRvbWFoYXdrkgEKcmVzdGF1cmFudOABAA!16s%2Fg%2F11g73597ns?entry=ttu&g_ep=EgoyMDI2MDgwNS4xIKXMDSoASAFQAw%3D%3D","5",,"Av. Francisco de Orellana","false",,,"La Casa del Tomahawk","4.3",,"https://www.google.com/maps/search/?api=1&query=La%20Casa%20del%20Tomahawk&query_place_id=ChIJjSnt6E1tLZARiQrnNRoz00g",
"Av. Francisco de Orellana, 090508 Guayaquil, Ecuador","Restaurante","Restaurante","5247594178483260041","Guayaquil","EC","0x902d6d4de8ed298d:0x48d3331a35e70a89",,"https://lh3.googleusercontent.com/gps-cs-s/AHRPTWlKtARv4uZa_c0E1ciQrsvkVWlAt0OWnqG49SXXKn1JlecdPQYXZPK_TxCCl87SigA3GX2PU04pnOiGW41Pbav9OeLEW4TIc3Cj6awxMxvlp60hmHuReYtoJRuWyBWhvz5q8lLz2Q=w408-h272-k-no","false","true","/g/11g73597ns","es-419","0","-2.142207","-79.9036767",,"Alborada Oeste",,"false","ChIJjSnt6E1tLZARiQrnNRoz00g",,"$10-25","Hace un mes","2026-07-06T02:50:42.541Z",,,,,,,,,,,,,,"$40-45",,,,,,,,,,,"Ci9DQUlRQUNvZENodHljRjlvT2pKblVXbGZUbWxQYWxoWFZrTklkV1ZXYjI1R2FIYxAB",,,,,,,,,"Google",,,"12",,,"3594","2026-08-08T17:27:42.403Z","Direct Detail URL: https://www.google.com/maps/place/La+Casa+del+Tomahawk/@-2.1684545,-79.9245565,12z/data=!4m10!1m2!2m1!1sLa+Casa+del+TomaHawk!3m6!1s0x902d6d4de8ed298d:0x48d3331a35e70a89!8m2!3d-2.142207!4d-79.9036767!15sChRMYSBDYXNhIGRlbCBUb21hSGF3ayIDiAEBWhYiFGxhIGNhc2EgZGVsIHRvbWFoYXdrkgEKcmVzdGF1cmFudOABAA!16s%2Fg%2F11g73597ns?entry=ttu&g_ep=EgoyMDI2MDgwNS4xIKXMDSoASAFQAw%3D%3D","5",,"Av. Francisco de Orellana","false",,,"La Casa del Tomahawk","4.3",,"https://www.google.com/maps/search/?api=1&query=La%20Casa%20del%20Tomahawk&query_place_id=ChIJjSnt6E1tLZARiQrnNRoz00g",
"Av. Francisco de Orellana, 090508 Guayaquil, Ecuador","Restaurante","Restaurante","5247594178483260041","Guayaquil","EC","0x902d6d4de8ed298d:0x48d3331a35e70a89",,"https://lh3.googleusercontent.com/gps-cs-s/AHRPTWlKtARv4uZa_c0E1ciQrsvkVWlAt0OWnqG49SXXKn1JlecdPQYXZPK_TxCCl87SigA3GX2PU04pnOiGW41Pbav9OeLEW4TIc3Cj6awxMxvlp60hmHuReYtoJRuWyBWhvz5q8lLz2Q=w408-h272-k-no","false","true","/g/11g73597ns","es-419","0","-2.142207","-79.9036767",,"Alborada Oeste","es","false","ChIJjSnt6E1tLZARiQrnNRoz00g",,"$10-25","Hace un mes","2026-07-05T04:36:14.121Z",,,,,,,,"Ningún evento especial",,,,,,"$5-10",,,"Entre 5 y 8 personas","Sin espera",,,,,,,"Ci9DQUlRQUNvZENodHljRjlvT25OU1JFdGpORlJCV0ZjeE1WTjNSVFJwVWxSZmFHYxAB",,,,,,,,,"Google",,,"24",,,"3594","2026-08-08T17:27:42.403Z","Direct Detail URL: https://www.google.com/maps/place/La+Casa+del+Tomahawk/@-2.1684545,-79.9245565,12z/data=!4m10!1m2!2m1!1sLa+Casa+del+TomaHawk!3m6!1s0x902d6d4de8ed298d:0x48d3331a35e70a89!8m2!3d-2.142207!4d-79.9036767!15sChRMYSBDYXNhIGRlbCBUb21hSGF3ayIDiAEBWhYiFGxhIGNhc2EgZGVsIHRvbWFoYXdrkgEKcmVzdGF1cmFudOABAA!16s%2Fg%2F11g73597ns?entry=ttu&g_ep=EgoyMDI2MDgwNS4xIKXMDSoASAFQAw%3D%3D","1",,"Av. Francisco de Orellana","false","Pésima atención se demoraron dar la carta, servir y en cobrar. A la encargada le importo tiempo de los comensales! En cuento la comida la hamburguesas muy buenas pero las alitas malas!!!!! Las papas frías y las salsas si estaban bien.",,"La Casa del Tomahawk","4.3",,"https://www.google.com/maps/search/?api=1&query=La%20Casa%20del%20Tomahawk&query_place_id=ChIJjSnt6E1tLZARiQrnNRoz00g",
"Av. Francisco de Orellana, 090508 Guayaquil, Ecuador","Restaurante","Restaurante","5247594178483260041","Guayaquil","EC","0x902d6d4de8ed298d:0x48d3331a35e70a89",,"https://lh3.googleusercontent.com/gps-cs-s/AHRPTWlKtARv4uZa_c0E1ciQrsvkVWlAt0OWnqG49SXXKn1JlecdPQYXZPK_TxCCl87SigA3GX2PU04pnOiGW41Pbav9OeLEW4TIc3Cj6awxMxvlp60hmHuReYtoJRuWyBWhvz5q8lLz2Q=w408-h272-k-no","false","false","/g/11g73597ns","es-419","0","-2.142207","-79.9036767",,"Alborada Oeste",,"false","ChIJjSnt6E1tLZARiQrnNRoz00g",,"$10-25","Hace un mes","2026-07-03T14:31:37.601Z",,,,,,,,"Ningún evento especial",,,,,,"$15-20",,,"No lo sé","De 10 a 30 min",,,,"2","1","2","Ci9DQUlRQUNvZENodHljRjlvT2pObk1tcDVWRVJFZEV0b04xVnJkVXRUYjJFM2JGRRAB",,,,,,,,,"Google",,,"1",,,"3594","2026-08-08T17:27:42.403Z","Direct Detail URL: https://www.google.com/maps/place/La+Casa+del+Tomahawk/@-2.1684545,-79.9245565,12z/data=!4m10!1m2!2m1!1sLa+Casa+del+TomaHawk!3m6!1s0x902d6d4de8ed298d:0x48d3331a35e70a89!8m2!3d-2.142207!4d-79.9036767!15sChRMYSBDYXNhIGRlbCBUb21hSGF3ayIDiAEBWhYiFGxhIGNhc2EgZGVsIHRvbWFoYXdrkgEKcmVzdGF1cmFudOABAA!16s%2Fg%2F11g73597ns?entry=ttu&g_ep=EgoyMDI2MDgwNS4xIKXMDSoASAFQAw%3D%3D","2",,"Av. Francisco de Orellana","false",,,"La Casa del Tomahawk","4.3",,"https://www.google.com/maps/search/?api=1&query=La%20Casa%20del%20Tomahawk&query_place_id=ChIJjSnt6E1tLZARiQrnNRoz00g",
"Av. Francisco de Orellana, 090508 Guayaquil, Ecuador","Restaurante","Restaurante","5247594178483260041","Guayaquil","EC","0x902d6d4de8ed298d:0x48d3331a35e70a89",,"https://lh3.googleusercontent.com/gps-cs-s/AHRPTWlKtARv4uZa_c0E1ciQrsvkVWlAt0OWnqG49SXXKn1JlecdPQYXZPK_TxCCl87SigA3GX2PU04pnOiGW41Pbav9OeLEW4TIc3Cj6awxMxvlp60hmHuReYtoJRuWyBWhvz5q8lLz2Q=w408-h272-k-no","false","false","/g/11g73597ns","es-419","0","-2.142207","-79.9036767",,"Alborada Oeste",,"false","ChIJjSnt6E1tLZARiQrnNRoz00g",,"$10-25","Hace un mes","2026-06-30T16:22:47.726Z",,,,,,,,,,,,,,"$10-15",,,"Entre 5 y 8 personas","De 10 a 30 min",,,,,,,"Ci9DQUlRQUNvZENodHljRjlvT25GR1VuRlRaRlJGVUU0M05VaE9USHBzWlhwTlNuYxAB",,,,,,,,,"Google",,,"5",,,"3594","2026-08-08T17:27:42.403Z","Direct Detail URL: https://www.google.com/maps/place/La+Casa+del+Tomahawk/@-2.1684545,-79.9245565,12z/data=!4m10!1m2!2m1!1sLa+Casa+del+TomaHawk!3m6!1s0x902d6d4de8ed298d:0x48d3331a35e70a89!8m2!3d-2.142207!4d-79.9036767!15sChRMYSBDYXNhIGRlbCBUb21hSGF3ayIDiAEBWhYiFGxhIGNhc2EgZGVsIHRvbWFoYXdrkgEKcmVzdGF1cmFudOABAA!16s%2Fg%2F11g73597ns?entry=ttu&g_ep=EgoyMDI2MDgwNS4xIKXMDSoASAFQAw%3D%3D","5",,"Av. Francisco de Orellana","false",,,"La Casa del Tomahawk","4.3",,"https://www.google.com/maps/search/?api=1&query=La%20Casa%20del%20Tomahawk&query_place_id=ChIJjSnt6E1tLZARiQrnNRoz00g",
"Av. Francisco de Orellana, 090508 Guayaquil, Ecuador","Restaurante","Restaurante","5247594178483260041","Guayaquil","EC","0x902d6d4de8ed298d:0x48d3331a35e70a89",,"https://lh3.googleusercontent.com/gps-cs-s/AHRPTWlKtARv4uZa_c0E1ciQrsvkVWlAt0OWnqG49SXXKn1JlecdPQYXZPK_TxCCl87SigA3GX2PU04pnOiGW41Pbav9OeLEW4TIc3Cj6awxMxvlp60hmHuReYtoJRuWyBWhvz5q8lLz2Q=w408-h272-k-no","false","true","/g/11g73597ns","es-419","0","-2.142207","-79.9036767",,"Alborada Oeste",,"false","ChIJjSnt6E1tLZARiQrnNRoz00g",,"$10-25","Hace un mes","2026-06-27T02:47:33.144Z",,,,,,,,,,,,,,"$15-20",,,,,,,,,,,"Ci9DQUlRQUNvZENodHljRjlvT2s1MGFubzFiVFpvWkhKeVVYTk5TVFU1Y3kxeVIxRRAB",,,,,,,,,"Google",,,"3",,,"3594","2026-08-08T17:27:42.403Z","Direct Detail URL: https://www.google.com/maps/place/La+Casa+del+Tomahawk/@-2.1684545,-79.9245565,12z/data=!4m10!1m2!2m1!1sLa+Casa+del+TomaHawk!3m6!1s0x902d6d4de8ed298d:0x48d3331a35e70a89!8m2!3d-2.142207!4d-79.9036767!15sChRMYSBDYXNhIGRlbCBUb21hSGF3ayIDiAEBWhYiFGxhIGNhc2EgZGVsIHRvbWFoYXdrkgEKcmVzdGF1cmFudOABAA!16s%2Fg%2F11g73597ns?entry=ttu&g_ep=EgoyMDI2MDgwNS4xIKXMDSoASAFQAw%3D%3D","5",,"Av. Francisco de Orellana","false",,,"La Casa del Tomahawk","4.3",,"https://www.google.com/maps/search/?api=1&query=La%20Casa%20del%20Tomahawk&query_place_id=ChIJjSnt6E1tLZARiQrnNRoz00g",
"Av. Francisco de Orellana, 090508 Guayaquil, Ecuador","Restaurante","Restaurante","5247594178483260041","Guayaquil","EC","0x902d6d4de8ed298d:0x48d3331a35e70a89",,"https://lh3.googleusercontent.com/gps-cs-s/AHRPTWlKtARv4uZa_c0E1ciQrsvkVWlAt0OWnqG49SXXKn1JlecdPQYXZPK_TxCCl87SigA3GX2PU04pnOiGW41Pbav9OeLEW4TIc3Cj6awxMxvlp60hmHuReYtoJRuWyBWhvz5q8lLz2Q=w408-h272-k-no","false","true","/g/11g73597ns","es-419","0","-2.142207","-79.9036767",,"Alborada Oeste",,"false","ChIJjSnt6E1tLZARiQrnNRoz00g",,"$10-25","Hace un mes","2026-06-15T03:11:44.444Z",,,,,,"Vas a tardar en estacionar",,"Otros",,,"Estacionamiento pagado en la calle",,,"$10-15",,,"Apto para grupos de todos los tamaños","Hasta 10 min",,,,,,,"Ci9DQUlRQUNvZENodHljRjlvT21adFQyVnhSRWhzVDNnM2JtOWphbWRRTkhsR1pXYxAB",,,,,,,,,"Google",,,"12",,,"3594","2026-08-08T17:27:42.403Z","Direct Detail URL: https://www.google.com/maps/place/La+Casa+del+Tomahawk/@-2.1684545,-79.9245565,12z/data=!4m10!1m2!2m1!1sLa+Casa+del+TomaHawk!3m6!1s0x902d6d4de8ed298d:0x48d3331a35e70a89!8m2!3d-2.142207!4d-79.9036767!15sChRMYSBDYXNhIGRlbCBUb21hSGF3ayIDiAEBWhYiFGxhIGNhc2EgZGVsIHRvbWFoYXdrkgEKcmVzdGF1cmFudOABAA!16s%2Fg%2F11g73597ns?entry=ttu&g_ep=EgoyMDI2MDgwNS4xIKXMDSoASAFQAw%3D%3D","4",,"Av. Francisco de Orellana","false",,,"La Casa del Tomahawk","4.3",,"https://www.google.com/maps/search/?api=1&query=La%20Casa%20del%20Tomahawk&query_place_id=ChIJjSnt6E1tLZARiQrnNRoz00g",
"Av. Francisco de Orellana, 090508 Guayaquil, Ecuador","Restaurante","Restaurante","5247594178483260041","Guayaquil","EC","0x902d6d4de8ed298d:0x48d3331a35e70a89",,"https://lh3.googleusercontent.com/gps-cs-s/AHRPTWlKtARv4uZa_c0E1ciQrsvkVWlAt0OWnqG49SXXKn1JlecdPQYXZPK_TxCCl87SigA3GX2PU04pnOiGW41Pbav9OeLEW4TIc3Cj6awxMxvlp60hmHuReYtoJRuWyBWhvz5q8lLz2Q=w408-h272-k-no","false","true","/g/11g73597ns","es-419","0","-2.142207","-79.9036767",,"Alborada Oeste",,"false","ChIJjSnt6E1tLZARiQrnNRoz00g",,"$10-25","Hace un mes","2026-06-14T00:16:38.720Z",,,,,,,,"Evento de temporada o de festividades",,,,,,"$5-10",,,"Apto para grupos de todos los tamaños","De 10 a 30 min",,,,,,,"Ci9DQUlRQUNvZENodHljRjlvT2w4NVRXZEtNWHBHU1dwdFJrNVVkR2N5V2toSmRWRRAB",,,,,,,,,"Google",,,"9",,,"3594","2026-08-08T17:27:42.403Z","Direct Detail URL: https://www.google.com/maps/place/La+Casa+del+Tomahawk/@-2.1684545,-79.9245565,12z/data=!4m10!1m2!2m1!1sLa+Casa+del+TomaHawk!3m6!1s0x902d6d4de8ed298d:0x48d3331a35e70a89!8m2!3d-2.142207!4d-79.9036767!15sChRMYSBDYXNhIGRlbCBUb21hSGF3ayIDiAEBWhYiFGxhIGNhc2EgZGVsIHRvbWFoYXdrkgEKcmVzdGF1cmFudOABAA!16s%2Fg%2F11g73597ns?entry=ttu&g_ep=EgoyMDI2MDgwNS4xIKXMDSoASAFQAw%3D%3D","4",,"Av. Francisco de Orellana","false",,,"La Casa del Tomahawk","4.3",,"https://www.google.com/maps/search/?api=1&query=La%20Casa%20del%20Tomahawk&query_place_id=ChIJjSnt6E1tLZARiQrnNRoz00g",
"Av. Francisco de Orellana, 090508 Guayaquil, Ecuador","Restaurante","Restaurante","5247594178483260041","Guayaquil","EC","0x902d6d4de8ed298d:0x48d3331a35e70a89",,"https://lh3.googleusercontent.com/gps-cs-s/AHRPTWlKtARv4uZa_c0E1ciQrsvkVWlAt0OWnqG49SXXKn1JlecdPQYXZPK_TxCCl87SigA3GX2PU04pnOiGW41Pbav9OeLEW4TIc3Cj6awxMxvlp60hmHuReYtoJRuWyBWhvz5q8lLz2Q=w408-h272-k-no","false","false","/g/11g73597ns","es-419","0","-2.142207","-79.9036767",,"Alborada Oeste",,"false","ChIJjSnt6E1tLZARiQrnNRoz00g",,"$10-25","Hace un mes","2026-06-14T00:04:30.896Z",,,,,,,,,,,,,,,,,,"Sin espera",,,,,,,"Ci9DQUlRQUNvZENodHljRjlvT21wVU1VcElPRjh4YlRaTU5sRnNSVWRGV1VWc1EyYxAB",,,,,,,,,"Google",,,"2",,,"3594","2026-08-08T17:27:42.403Z","Direct Detail URL: https://www.google.com/maps/place/La+Casa+del+Tomahawk/@-2.1684545,-79.9245565,12z/data=!4m10!1m2!2m1!1sLa+Casa+del+TomaHawk!3m6!1s0x902d6d4de8ed298d:0x48d3331a35e70a89!8m2!3d-2.142207!4d-79.9036767!15sChRMYSBDYXNhIGRlbCBUb21hSGF3ayIDiAEBWhYiFGxhIGNhc2EgZGVsIHRvbWFoYXdrkgEKcmVzdGF1cmFudOABAA!16s%2Fg%2F11g73597ns?entry=ttu&g_ep=EgoyMDI2MDgwNS4xIKXMDSoASAFQAw%3D%3D","5",,"Av. Francisco de Orellana","false",,,"La Casa del Tomahawk","4.3",,"https://www.google.com/maps/search/?api=1&query=La%20Casa%20del%20Tomahawk&query_place_id=ChIJjSnt6E1tLZARiQrnNRoz00g",
"Av. Francisco de Orellana, 090508 Guayaquil, Ecuador","Restaurante","Restaurante","5247594178483260041","Guayaquil","EC","0x902d6d4de8ed298d:0x48d3331a35e70a89",,"https://lh3.googleusercontent.com/gps-cs-s/AHRPTWlKtARv4uZa_c0E1ciQrsvkVWlAt0OWnqG49SXXKn1JlecdPQYXZPK_TxCCl87SigA3GX2PU04pnOiGW41Pbav9OeLEW4TIc3Cj6awxMxvlp60hmHuReYtoJRuWyBWhvz5q8lLz2Q=w408-h272-k-no","false","true","/g/11g73597ns","es-419","0","-2.142207","-79.9036767",,"Alborada Oeste","es","false","ChIJjSnt6E1tLZARiQrnNRoz00g",,"$10-25","Editado Hace un mes","2026-06-11T01:00:27.673Z",,,,,,"Es un poco difícil encontrar estacionamiento","Hay que darle 1 o 2 dólares a esos típicos cuida carros","Ningún evento especial",,,"Estacionamiento gratuito en la calle",,,"$5-10",,,"Entre 5 y 8 personas","De 10 a 30 min",,,,,,,"ChZDSUhNMG9nS0VJQ0FnTUR3OEptcVNREAE",,,,,,,,,"Google",,,"36",,,"3594","2026-08-08T17:27:42.403Z","Direct Detail URL: https://www.google.com/maps/place/La+Casa+del+Tomahawk/@-2.1684545,-79.9245565,12z/data=!4m10!1m2!2m1!1sLa+Casa+del+TomaHawk!3m6!1s0x902d6d4de8ed298d:0x48d3331a35e70a89!8m2!3d-2.142207!4d-79.9036767!15sChRMYSBDYXNhIGRlbCBUb21hSGF3ayIDiAEBWhYiFGxhIGNhc2EgZGVsIHRvbWFoYXdrkgEKcmVzdGF1cmFudOABAA!16s%2Fg%2F11g73597ns?entry=ttu&g_ep=EgoyMDI2MDgwNS4xIKXMDSoASAFQAw%3D%3D","5",,"Av. Francisco de Orellana","false",,,"La Casa del Tomahawk","4.3",,"https://www.google.com/maps/search/?api=1&query=La%20Casa%20del%20Tomahawk&query_place_id=ChIJjSnt6E1tLZARiQrnNRoz00g",
"Av. Francisco de Orellana, 090508 Guayaquil, Ecuador","Restaurante","Restaurante","5247594178483260041","Guayaquil","EC","0x902d6d4de8ed298d:0x48d3331a35e70a89",,"https://lh3.googleusercontent.com/gps-cs-s/AHRPTWlKtARv4uZa_c0E1ciQrsvkVWlAt0OWnqG49SXXKn1JlecdPQYXZPK_TxCCl87SigA3GX2PU04pnOiGW41Pbav9OeLEW4TIc3Cj6awxMxvlp60hmHuReYtoJRuWyBWhvz5q8lLz2Q=w408-h272-k-no","false","false","/g/11g73597ns","es-419","0","-2.142207","-79.9036767",,"Alborada Oeste","es","false","ChIJjSnt6E1tLZARiQrnNRoz00g",,"$10-25","Hace 2 meses","2026-06-05T03:01:43.722Z",,,,,,,,"Ningún evento especial",,,,,,"$10-15",,,"2 personas","De 30 a 60 min",,,,"4","1","1","Ci9DQUlRQUNvZENodHljRjlvT2pKRmNXTnFZM2hYT0ZkRlNHRmpObDh3UkU4M1ZuYxAB",,,,,,,,,"Google",,,"1",,,"3594","2026-08-08T17:27:42.403Z","Direct Detail URL: https://www.google.com/maps/place/La+Casa+del+Tomahawk/@-2.1684545,-79.9245565,12z/data=!4m10!1m2!2m1!1sLa+Casa+del+TomaHawk!3m6!1s0x902d6d4de8ed298d:0x48d3331a35e70a89!8m2!3d-2.142207!4d-79.9036767!15sChRMYSBDYXNhIGRlbCBUb21hSGF3ayIDiAEBWhYiFGxhIGNhc2EgZGVsIHRvbWFoYXdrkgEKcmVzdGF1cmFudOABAA!16s%2Fg%2F11g73597ns?entry=ttu&g_ep=EgoyMDI2MDgwNS4xIKXMDSoASAFQAw%3D%3D","2",,"Av. Francisco de Orellana","false","Pedi la promo de alitas para llevar, no lo recomiendo, especialmente las tipo boneless el pollo no se sentía fresco y tenía un sabor extraño, entre las salsas que se pidieron la garlic parmesan fue la única buena. Además se pidió las papas y el cheddar que vino sabía a salsa de comisariato y no a la típica salsa cheddar de los cines.",,"La Casa del Tomahawk","4.3",,"https://www.google.com/maps/search/?api=1&query=La%20Casa%20del%20Tomahawk&query_place_id=ChIJjSnt6E1tLZARiQrnNRoz00g",
"Av. Francisco de Orellana, 090508 Guayaquil, Ecuador","Restaurante","Restaurante","5247594178483260041","Guayaquil","EC","0x902d6d4de8ed298d:0x48d3331a35e70a89",,"https://lh3.googleusercontent.com/gps-cs-s/AHRPTWlKtARv4uZa_c0E1ciQrsvkVWlAt0OWnqG49SXXKn1JlecdPQYXZPK_TxCCl87SigA3GX2PU04pnOiGW41Pbav9OeLEW4TIc3Cj6awxMxvlp60hmHuReYtoJRuWyBWhvz5q8lLz2Q=w408-h272-k-no","false","false","/g/11g73597ns","es-419","0","-2.142207","-79.9036767",,"Alborada Oeste",,"false","ChIJjSnt6E1tLZARiQrnNRoz00g",,"$10-25","Hace 2 meses","2026-06-05T02:26:22.665Z",,,,,,,,,,,,,,,,,,,,,,"1","1","1","Ci9DQUlRQUNvZENodHljRjlvT25Ka1dWaFNSMmMyUjI1VmFsODFSV1owVUhOc1pGRRAB",,,,,,,,,"Google",,,"0",,,"3594","2026-08-08T17:27:42.403Z","Direct Detail URL: https://www.google.com/maps/place/La+Casa+del+Tomahawk/@-2.1684545,-79.9245565,12z/data=!4m10!1m2!2m1!1sLa+Casa+del+TomaHawk!3m6!1s0x902d6d4de8ed298d:0x48d3331a35e70a89!8m2!3d-2.142207!4d-79.9036767!15sChRMYSBDYXNhIGRlbCBUb21hSGF3ayIDiAEBWhYiFGxhIGNhc2EgZGVsIHRvbWFoYXdrkgEKcmVzdGF1cmFudOABAA!16s%2Fg%2F11g73597ns?entry=ttu&g_ep=EgoyMDI2MDgwNS4xIKXMDSoASAFQAw%3D%3D","1",,"Av. Francisco de Orellana","false",,,"La Casa del Tomahawk","4.3",,"https://www.google.com/maps/search/?api=1&query=La%20Casa%20del%20Tomahawk&query_place_id=ChIJjSnt6E1tLZARiQrnNRoz00g",
"Av. Francisco de Orellana, 090508 Guayaquil, Ecuador","Restaurante","Restaurante","5247594178483260041","Guayaquil","EC","0x902d6d4de8ed298d:0x48d3331a35e70a89",,"https://lh3.googleusercontent.com/gps-cs-s/AHRPTWlKtARv4uZa_c0E1ciQrsvkVWlAt0OWnqG49SXXKn1JlecdPQYXZPK_TxCCl87SigA3GX2PU04pnOiGW41Pbav9OeLEW4TIc3Cj6awxMxvlp60hmHuReYtoJRuWyBWhvz5q8lLz2Q=w408-h272-k-no","false","false","/g/11g73597ns","es-419","0","-2.142207","-79.9036767",,"Alborada Oeste","es","false","ChIJjSnt6E1tLZARiQrnNRoz00g",,"$10-25","Hace 2 meses","2026-06-05T01:09:08.760Z",,,,,,,,,,,,,,,,,,,,,,,,,"Ci9DQUlRQUNvZENodHljRjlvT2pnM1lYZFFjRGsyWlVNM1ZtRndZMGxXVDJGbWNIYxAB",,,,,,,,,"Google",,,"1",,,"3594","2026-08-08T17:27:42.403Z","Direct Detail URL: https://www.google.com/maps/place/La+Casa+del+Tomahawk/@-2.1684545,-79.9245565,12z/data=!4m10!1m2!2m1!1sLa+Casa+del+TomaHawk!3m6!1s0x902d6d4de8ed298d:0x48d3331a35e70a89!8m2!3d-2.142207!4d-79.9036767!15sChRMYSBDYXNhIGRlbCBUb21hSGF3ayIDiAEBWhYiFGxhIGNhc2EgZGVsIHRvbWFoYXdrkgEKcmVzdGF1cmFudOABAA!16s%2Fg%2F11g73597ns?entry=ttu&g_ep=EgoyMDI2MDgwNS4xIKXMDSoASAFQAw%3D%3D","1",,"Av. Francisco de Orellana","false","No responden mensajes",,"La Casa del Tomahawk","4.3",,"https://www.google.com/maps/search/?api=1&query=La%20Casa%20del%20Tomahawk&query_place_id=ChIJjSnt6E1tLZARiQrnNRoz00g",
"Av. Francisco de Orellana, 090508 Guayaquil, Ecuador","Restaurante","Restaurante","5247594178483260041","Guayaquil","EC","0x902d6d4de8ed298d:0x48d3331a35e70a89",,"https://lh3.googleusercontent.com/gps-cs-s/AHRPTWlKtARv4uZa_c0E1ciQrsvkVWlAt0OWnqG49SXXKn1JlecdPQYXZPK_TxCCl87SigA3GX2PU04pnOiGW41Pbav9OeLEW4TIc3Cj6awxMxvlp60hmHuReYtoJRuWyBWhvz5q8lLz2Q=w408-h272-k-no","false","true","/g/11g73597ns","es-419","0","-2.142207","-79.9036767",,"Alborada Oeste","es","false","ChIJjSnt6E1tLZARiQrnNRoz00g",,"$10-25","Hace 2 meses","2026-05-31T14:33:41.062Z",,,,,,,,,,,,,,"$10-15",,,,,,,,,,,"Ci9DQUlRQUNvZENodHljRjlvT21WNU1FaDBabWhHV201V1dVOUZUVzlmUmxkTGFFRRAB",,,,,,,,,"Google",,,"23",,,"3594","2026-08-08T17:27:42.403Z","Direct Detail URL: https://www.google.com/maps/place/La+Casa+del+Tomahawk/@-2.1684545,-79.9245565,12z/data=!4m10!1m2!2m1!1sLa+Casa+del+TomaHawk!3m6!1s0x902d6d4de8ed298d:0x48d3331a35e70a89!8m2!3d-2.142207!4d-79.9036767!15sChRMYSBDYXNhIGRlbCBUb21hSGF3ayIDiAEBWhYiFGxhIGNhc2EgZGVsIHRvbWFoYXdrkgEKcmVzdGF1cmFudOABAA!16s%2Fg%2F11g73597ns?entry=ttu&g_ep=EgoyMDI2MDgwNS4xIKXMDSoASAFQAw%3D%3D","2",,"Av. Francisco de Orellana","false","Fui antes de la inspección del Arcsa, la comida no fue buena, iré después nuevamente a ver si han mejorado.",,"La Casa del Tomahawk","4.3",,"https://www.google.com/maps/search/?api=1&query=La%20Casa%20del%20Tomahawk&query_place_id=ChIJjSnt6E1tLZARiQrnNRoz00g",
"Av. Francisco de Orellana, 090508 Guayaquil, Ecuador","Restaurante","Restaurante","5247594178483260041","Guayaquil","EC","0x902d6d4de8ed298d:0x48d3331a35e70a89",,"https://lh3.googleusercontent.com/gps-cs-s/AHRPTWlKtARv4uZa_c0E1ciQrsvkVWlAt0OWnqG49SXXKn1JlecdPQYXZPK_TxCCl87SigA3GX2PU04pnOiGW41Pbav9OeLEW4TIc3Cj6awxMxvlp60hmHuReYtoJRuWyBWhvz5q8lLz2Q=w408-h272-k-no","false","true","/g/11g73597ns","es-419","0","-2.142207","-79.9036767",,"Alborada Oeste","de","false","ChIJjSnt6E1tLZARiQrnNRoz00g",,"$10-25","Hace 2 meses","2026-05-31T00:28:45.977Z",,,,,,,,,,,,,,,,,,,,,,,,,"Ci9DQUlRQUNvZENodHljRjlvT2pSNlozYzFhMloxVEZSTmQyOXBWelZrU2xrMVEzYxAB",,,,,,,,,"Google",,,"18",,,"3594","2026-08-08T17:27:42.403Z","Direct Detail URL: https://www.google.com/maps/place/La+Casa+del+Tomahawk/@-2.1684545,-79.9245565,12z/data=!4m10!1m2!2m1!1sLa+Casa+del+TomaHawk!3m6!1s0x902d6d4de8ed298d:0x48d3331a35e70a89!8m2!3d-2.142207!4d-79.9036767!15sChRMYSBDYXNhIGRlbCBUb21hSGF3ayIDiAEBWhYiFGxhIGNhc2EgZGVsIHRvbWFoYXdrkgEKcmVzdGF1cmFudOABAA!16s%2Fg%2F11g73597ns?entry=ttu&g_ep=EgoyMDI2MDgwNS4xIKXMDSoASAFQAw%3D%3D","3",,"Av. Francisco de Orellana","false","Die Preise sind ziemlich hoch, besonders die Getränke.
Unser Fleisch war an einer Stelle nicht gar.
An unserem Tisch gab es keine Servierten.","Los precios son bastante altos, sobre todo las bebidas.

La carne estaba poco hecha en una parte.

No había servilletas en nuestra mesa.","La Casa del Tomahawk","4.3","es","https://www.google.com/maps/search/?api=1&query=La%20Casa%20del%20Tomahawk&query_place_id=ChIJjSnt6E1tLZARiQrnNRoz00g",
"Av. Francisco de Orellana, 090508 Guayaquil, Ecuador","Restaurante","Restaurante","5247594178483260041","Guayaquil","EC","0x902d6d4de8ed298d:0x48d3331a35e70a89",,"https://lh3.googleusercontent.com/gps-cs-s/AHRPTWlKtARv4uZa_c0E1ciQrsvkVWlAt0OWnqG49SXXKn1JlecdPQYXZPK_TxCCl87SigA3GX2PU04pnOiGW41Pbav9OeLEW4TIc3Cj6awxMxvlp60hmHuReYtoJRuWyBWhvz5q8lLz2Q=w408-h272-k-no","false","true","/g/11g73597ns","es-419","0","-2.142207","-79.9036767",,"Alborada Oeste",,"false","ChIJjSnt6E1tLZARiQrnNRoz00g",,"$10-25","Hace 2 meses","2026-05-28T02:20:32.641Z",,,,,,"Hay suficiente espacio",,"Ningún evento especial",,,"Estacionamiento gratuito en la calle",,,"$15-20",,,"Entre 5 y 8 personas","Sin espera",,,,"4","4","5","Ci9DQUlRQUNvZENodHljRjlvT21jME5GUjZVbWszVDFwQ09GSlFhVzVtT0ZoUlFrRRAB",,,,,,,,,"Google",,,"15",,,"3594","2026-08-08T17:27:42.403Z","Direct Detail URL: https://www.google.com/maps/place/La+Casa+del+Tomahawk/@-2.1684545,-79.9245565,12z/data=!4m10!1m2!2m1!1sLa+Casa+del+TomaHawk!3m6!1s0x902d6d4de8ed298d:0x48d3331a35e70a89!8m2!3d-2.142207!4d-79.9036767!15sChRMYSBDYXNhIGRlbCBUb21hSGF3ayIDiAEBWhYiFGxhIGNhc2EgZGVsIHRvbWFoYXdrkgEKcmVzdGF1cmFudOABAA!16s%2Fg%2F11g73597ns?entry=ttu&g_ep=EgoyMDI2MDgwNS4xIKXMDSoASAFQAw%3D%3D","4",,"Av. Francisco de Orellana","false",,,"La Casa del Tomahawk","4.3",,"https://www.google.com/maps/search/?api=1&query=La%20Casa%20del%20Tomahawk&query_place_id=ChIJjSnt6E1tLZARiQrnNRoz00g",
"Av. Francisco de Orellana, 090508 Guayaquil, Ecuador","Restaurante","Restaurante","5247594178483260041","Guayaquil","EC","0x902d6d4de8ed298d:0x48d3331a35e70a89",,"https://lh3.googleusercontent.com/gps-cs-s/AHRPTWlKtARv4uZa_c0E1ciQrsvkVWlAt0OWnqG49SXXKn1JlecdPQYXZPK_TxCCl87SigA3GX2PU04pnOiGW41Pbav9OeLEW4TIc3Cj6awxMxvlp60hmHuReYtoJRuWyBWhvz5q8lLz2Q=w408-h272-k-no","false","false","/g/11g73597ns","es-419","0","-2.142207","-79.9036767",,"Alborada Oeste","es","false","ChIJjSnt6E1tLZARiQrnNRoz00g",,"$10-25","Hace 2 meses","2026-05-27T20:19:20.594Z",,,,,,"Vas a tardar en estacionar",,"No lo sé",,,"Estacionamiento pagado en la calle",,,"$5-10",,,"3 o 4 personas, Entre 5 y 8 personas","De 10 a 30 min",,,,"4","4","2","Ci9DQUlRQUNvZENodHljRjlvT2tOd1RuWnBXazlOYnkxbU9GcFBUMDVxTUhaalpWRRAB",,,,,,,,,"Google",,,"4",,,"3594","2026-08-08T17:27:42.403Z","Direct Detail URL: https://www.google.com/maps/place/La+Casa+del+Tomahawk/@-2.1684545,-79.9245565,12z/data=!4m10!1m2!2m1!1sLa+Casa+del+TomaHawk!3m6!1s0x902d6d4de8ed298d:0x48d3331a35e70a89!8m2!3d-2.142207!4d-79.9036767!15sChRMYSBDYXNhIGRlbCBUb21hSGF3ayIDiAEBWhYiFGxhIGNhc2EgZGVsIHRvbWFoYXdrkgEKcmVzdGF1cmFudOABAA!16s%2Fg%2F11g73597ns?entry=ttu&g_ep=EgoyMDI2MDgwNS4xIKXMDSoASAFQAw%3D%3D","3",,"Av. Francisco de Orellana","false","Si pagan en efectivo más del valor el vuelto correspondiente ellos asumirán que es propina",,"La Casa del Tomahawk","4.3",,"https://www.google.com/maps/search/?api=1&query=La%20Casa%20del%20Tomahawk&query_place_id=ChIJjSnt6E1tLZARiQrnNRoz00g",
"Av. Francisco de Orellana, 090508 Guayaquil, Ecuador","Restaurante","Restaurante","5247594178483260041","Guayaquil","EC","0x902d6d4de8ed298d:0x48d3331a35e70a89",,"https://lh3.googleusercontent.com/gps-cs-s/AHRPTWlKtARv4uZa_c0E1ciQrsvkVWlAt0OWnqG49SXXKn1JlecdPQYXZPK_TxCCl87SigA3GX2PU04pnOiGW41Pbav9OeLEW4TIc3Cj6awxMxvlp60hmHuReYtoJRuWyBWhvz5q8lLz2Q=w408-h272-k-no","false","true","/g/11g73597ns","es-419","0","-2.142207","-79.9036767",,"Alborada Oeste",,"false","ChIJjSnt6E1tLZARiQrnNRoz00g",,"$10-25","Hace 2 meses","2026-05-27T01:36:14.750Z",,,,,,,,,,,,,,,,,,,,,,"3","3","3","Ci9DQUlRQUNvZENodHljRjlvT2xaalNWQklXR1JpYTNscVJXSTNjMWRNVldoV1kyYxAB",,,,,,,,,"Google",,,"11",,,"3594","2026-08-08T17:27:42.403Z","Direct Detail URL: https://www.google.com/maps/place/La+Casa+del+Tomahawk/@-2.1684545,-79.9245565,12z/data=!4m10!1m2!2m1!1sLa+Casa+del+TomaHawk!3m6!1s0x902d6d4de8ed298d:0x48d3331a35e70a89!8m2!3d-2.142207!4d-79.9036767!15sChRMYSBDYXNhIGRlbCBUb21hSGF3ayIDiAEBWhYiFGxhIGNhc2EgZGVsIHRvbWFoYXdrkgEKcmVzdGF1cmFudOABAA!16s%2Fg%2F11g73597ns?entry=ttu&g_ep=EgoyMDI2MDgwNS4xIKXMDSoASAFQAw%3D%3D","3",,"Av. Francisco de Orellana","false",,,"La Casa del Tomahawk","4.3",,"https://www.google.com/maps/search/?api=1&query=La%20Casa%20del%20Tomahawk&query_place_id=ChIJjSnt6E1tLZARiQrnNRoz00g",
"Av. Francisco de Orellana, 090508 Guayaquil, Ecuador","Restaurante","Restaurante","5247594178483260041","Guayaquil","EC","0x902d6d4de8ed298d:0x48d3331a35e70a89",,"https://lh3.googleusercontent.com/gps-cs-s/AHRPTWlKtARv4uZa_c0E1ciQrsvkVWlAt0OWnqG49SXXKn1JlecdPQYXZPK_TxCCl87SigA3GX2PU04pnOiGW41Pbav9OeLEW4TIc3Cj6awxMxvlp60hmHuReYtoJRuWyBWhvz5q8lLz2Q=w408-h272-k-no","false","false","/g/11g73597ns","es-419","0","-2.142207","-79.9036767",,"Alborada Oeste",,"false","ChIJjSnt6E1tLZARiQrnNRoz00g",,"$10-25","Hace 2 meses","2026-05-26T11:45:27.456Z",,,,,,,,,,,,,,,,,,"De 30 a 60 min",,,,"2","4","1","Ci9DQUlRQUNvZENodHljRjlvT25CeWVGcG5iM1Z3U0ZkbVlrbDNTbDl3WkVWWllYYxAB",,,,,,,,,"Google",,,"0",,,"3594","2026-08-08T17:27:42.403Z","Direct Detail URL: https://www.google.com/maps/place/La+Casa+del+Tomahawk/@-2.1684545,-79.9245565,12z/data=!4m10!1m2!2m1!1sLa+Casa+del+TomaHawk!3m6!1s0x902d6d4de8ed298d:0x48d3331a35e70a89!8m2!3d-2.142207!4d-79.9036767!15sChRMYSBDYXNhIGRlbCBUb21hSGF3ayIDiAEBWhYiFGxhIGNhc2EgZGVsIHRvbWFoYXdrkgEKcmVzdGF1cmFudOABAA!16s%2Fg%2F11g73597ns?entry=ttu&g_ep=EgoyMDI2MDgwNS4xIKXMDSoASAFQAw%3D%3D","4",,"Av. Francisco de Orellana","false",,,"La Casa del Tomahawk","4.3",,"https://www.google.com/maps/search/?api=1&query=La%20Casa%20del%20Tomahawk&query_place_id=ChIJjSnt6E1tLZARiQrnNRoz00g",
"Av. Francisco de Orellana, 090508 Guayaquil, Ecuador","Restaurante","Restaurante","5247594178483260041","Guayaquil","EC","0x902d6d4de8ed298d:0x48d3331a35e70a89",,"https://lh3.googleusercontent.com/gps-cs-s/AHRPTWlKtARv4uZa_c0E1ciQrsvkVWlAt0OWnqG49SXXKn1JlecdPQYXZPK_TxCCl87SigA3GX2PU04pnOiGW41Pbav9OeLEW4TIc3Cj6awxMxvlp60hmHuReYtoJRuWyBWhvz5q8lLz2Q=w408-h272-k-no","false","true","/g/11g73597ns","es-419","0","-2.142207","-79.9036767",,"Alborada Oeste","es","false","ChIJjSnt6E1tLZARiQrnNRoz00g",,"$10-25","Hace 2 meses","2026-05-25T16:08:25.668Z",,,,,,,,,,,,,,,,,,,,,,,,,"Ci9DQUlRQUNvZENodHljRjlvT2xKVkxWRjRTR2MzVUMwNU5EWnRVVGxCV21KeUxVRRAB",,,,,,,,,"Google",,,"28",,,"3594","2026-08-08T17:27:42.403Z","Direct Detail URL: https://www.google.com/maps/place/La+Casa+del+Tomahawk/@-2.1684545,-79.9245565,12z/data=!4m10!1m2!2m1!1sLa+Casa+del+TomaHawk!3m6!1s0x902d6d4de8ed298d:0x48d3331a35e70a89!8m2!3d-2.142207!4d-79.9036767!15sChRMYSBDYXNhIGRlbCBUb21hSGF3ayIDiAEBWhYiFGxhIGNhc2EgZGVsIHRvbWFoYXdrkgEKcmVzdGF1cmFudOABAA!16s%2Fg%2F11g73597ns?entry=ttu&g_ep=EgoyMDI2MDgwNS4xIKXMDSoASAFQAw%3D%3D","2",,"Av. Francisco de Orellana","false","La vez que los visité tuve una pésima experiencia. Pésimo es poco.",,"La Casa del Tomahawk","4.3",,"https://www.google.com/maps/search/?api=1&query=La%20Casa%20del%20Tomahawk&query_place_id=ChIJjSnt6E1tLZARiQrnNRoz00g",
"Av. Francisco de Orellana, 090508 Guayaquil, Ecuador","Restaurante","Restaurante","5247594178483260041","Guayaquil","EC","0x902d6d4de8ed298d:0x48d3331a35e70a89",,"https://lh3.googleusercontent.com/gps-cs-s/AHRPTWlKtARv4uZa_c0E1ciQrsvkVWlAt0OWnqG49SXXKn1JlecdPQYXZPK_TxCCl87SigA3GX2PU04pnOiGW41Pbav9OeLEW4TIc3Cj6awxMxvlp60hmHuReYtoJRuWyBWhvz5q8lLz2Q=w408-h272-k-no","false","true","/g/11g73597ns","es-419","0","-2.142207","-79.9036767",,"Alborada Oeste",,"false","ChIJjSnt6E1tLZARiQrnNRoz00g",,"$10-25","Hace 2 meses","2026-05-24T22:49:09.668Z",,,,,,,,,,,,,,,,,,,,,,"2","3","4","Ci9DQUlRQUNvZENodHljRjlvT2xSb2FEbExlVkZFYW1Gc1ZGcHFaVFZpY0VSWVYzYxAB",,,,,,,,,"Google",,,"22",,,"3594","2026-08-08T17:27:42.403Z","Direct Detail URL: https://www.google.com/maps/place/La+Casa+del+Tomahawk/@-2.1684545,-79.9245565,12z/data=!4m10!1m2!2m1!1sLa+Casa+del+TomaHawk!3m6!1s0x902d6d4de8ed298d:0x48d3331a35e70a89!8m2!3d-2.142207!4d-79.9036767!15sChRMYSBDYXNhIGRlbCBUb21hSGF3ayIDiAEBWhYiFGxhIGNhc2EgZGVsIHRvbWFoYXdrkgEKcmVzdGF1cmFudOABAA!16s%2Fg%2F11g73597ns?entry=ttu&g_ep=EgoyMDI2MDgwNS4xIKXMDSoASAFQAw%3D%3D","3",,"Av. Francisco de Orellana","false",,,"La Casa del Tomahawk","4.3",,"https://www.google.com/maps/search/?api=1&query=La%20Casa%20del%20Tomahawk&query_place_id=ChIJjSnt6E1tLZARiQrnNRoz00g",
"Av. Francisco de Orellana, 090508 Guayaquil, Ecuador","Restaurante","Restaurante","5247594178483260041","Guayaquil","EC","0x902d6d4de8ed298d:0x48d3331a35e70a89",,"https://lh3.googleusercontent.com/gps-cs-s/AHRPTWlKtARv4uZa_c0E1ciQrsvkVWlAt0OWnqG49SXXKn1JlecdPQYXZPK_TxCCl87SigA3GX2PU04pnOiGW41Pbav9OeLEW4TIc3Cj6awxMxvlp60hmHuReYtoJRuWyBWhvz5q8lLz2Q=w408-h272-k-no","false","true","/g/11g73597ns","es-419","0","-2.142207","-79.9036767",,"Alborada Oeste","es","false","ChIJjSnt6E1tLZARiQrnNRoz00g",,"$10-25","Hace 2 meses","2026-05-24T01:22:53.710Z",,,,,,,,,,,,,,"$10-15",,,,,,,,"5","5","5","Ci9DQUlRQUNvZENodHljRjlvT2xOUFF6VlhOMWxoTFZOamJDMXFiMlEwVEcxZlJYYxAB","https://lh3.googleusercontent.com/grass-cs/ACvplmOHUxfQDe29UFCLZUyMtVyy-xX17ppon-VK-0OQmf4KqVy5WiT4LXNoj9W3xl3TUHFGYFngml5g1IWcyBC5C0HEJpQ6qW6KAz0S6v1oBwrh2JyqKlrDIWUNziN_WKHVrCSQzGLsKieO-Nwt=k-no","https://lh3.googleusercontent.com/grass-cs/ACvplmNuxhwmXKq0wk72z3yojiDetWBBpEsU6jjEMAzX88mOQmytksSu4GqUVCZ0oRCnDl0MoXBlh4oYNc3A5DbFhrlAT9YesE38T-R4FN5y9aSrggS2Qa1BgEyRz0MkQPxPDZ4YzrR2r7JOzcfU=k-no",,,,,,,"Google",,,"30",,,"3594","2026-08-08T17:27:42.403Z","Direct Detail URL: https://www.google.com/maps/place/La+Casa+del+Tomahawk/@-2.1684545,-79.9245565,12z/data=!4m10!1m2!2m1!1sLa+Casa+del+TomaHawk!3m6!1s0x902d6d4de8ed298d:0x48d3331a35e70a89!8m2!3d-2.142207!4d-79.9036767!15sChRMYSBDYXNhIGRlbCBUb21hSGF3ayIDiAEBWhYiFGxhIGNhc2EgZGVsIHRvbWFoYXdrkgEKcmVzdGF1cmFudOABAA!16s%2Fg%2F11g73597ns?entry=ttu&g_ep=EgoyMDI2MDgwNS4xIKXMDSoASAFQAw%3D%3D","5",,"Av. Francisco de Orellana","false","Servicio excelente, pedí cerdo crocante y un ribeye de 300g termino 3/4, deliciosa comida y el moro bien rico, 100% recomendado.",,"La Casa del Tomahawk","4.3",,"https://www.google.com/maps/search/?api=1&query=La%20Casa%20del%20Tomahawk&query_place_id=ChIJjSnt6E1tLZARiQrnNRoz00g",
"Av. Francisco de Orellana, 090508 Guayaquil, Ecuador","Restaurante","Restaurante","5247594178483260041","Guayaquil","EC","0x902d6d4de8ed298d:0x48d3331a35e70a89",,"https://lh3.googleusercontent.com/gps-cs-s/AHRPTWlKtARv4uZa_c0E1ciQrsvkVWlAt0OWnqG49SXXKn1JlecdPQYXZPK_TxCCl87SigA3GX2PU04pnOiGW41Pbav9OeLEW4TIc3Cj6awxMxvlp60hmHuReYtoJRuWyBWhvz5q8lLz2Q=w408-h272-k-no","false","true","/g/11g73597ns","es-419","0","-2.142207","-79.9036767",,"Alborada Oeste","es","false","ChIJjSnt6E1tLZARiQrnNRoz00g",,"$10-25","Hace 2 meses","2026-05-23T20:17:10.842Z",,,,,,,,,,,,,,"$5-10",,,,,,,,"5","5","5","Ci9DQUlRQUNvZENodHljRjlvT25CT2VuUjNSR3hFUjBsRFpFbFlNbWhVWWpSRFYwRRAB",,,,,,,,,"Google",,,"19",,,"3594","2026-08-08T17:27:42.403Z","Direct Detail URL: https://www.google.com/maps/place/La+Casa+del+Tomahawk/@-2.1684545,-79.9245565,12z/data=!4m10!1m2!2m1!1sLa+Casa+del+TomaHawk!3m6!1s0x902d6d4de8ed298d:0x48d3331a35e70a89!8m2!3d-2.142207!4d-79.9036767!15sChRMYSBDYXNhIGRlbCBUb21hSGF3ayIDiAEBWhYiFGxhIGNhc2EgZGVsIHRvbWFoYXdrkgEKcmVzdGF1cmFudOABAA!16s%2Fg%2F11g73597ns?entry=ttu&g_ep=EgoyMDI2MDgwNS4xIKXMDSoASAFQAw%3D%3D","5",,"Av. Francisco de Orellana","false","Excelente comida y precios",,"La Casa del Tomahawk","4.3",,"https://www.google.com/maps/search/?api=1&query=La%20Casa%20del%20Tomahawk&query_place_id=ChIJjSnt6E1tLZARiQrnNRoz00g",
"Av. Francisco de Orellana, 090508 Guayaquil, Ecuador","Restaurante","Restaurante","5247594178483260041","Guayaquil","EC","0x902d6d4de8ed298d:0x48d3331a35e70a89",,"https://lh3.googleusercontent.com/gps-cs-s/AHRPTWlKtARv4uZa_c0E1ciQrsvkVWlAt0OWnqG49SXXKn1JlecdPQYXZPK_TxCCl87SigA3GX2PU04pnOiGW41Pbav9OeLEW4TIc3Cj6awxMxvlp60hmHuReYtoJRuWyBWhvz5q8lLz2Q=w408-h272-k-no","false","false","/g/11g73597ns","es-419","0","-2.142207","-79.9036767",,"Alborada Oeste","es","false","ChIJjSnt6E1tLZARiQrnNRoz00g",,"$10-25","Hace 2 meses","2026-05-21T15:45:13.278Z",,,,,,,,,,,,,,,,,,,,,,,"1",,"Ci9DQUlRQUNvZENodHljRjlvT2poeWVITk1UR2RDTTJKRkxYbFpaSFZ4VTBrd2EzYxAB",,,,,,,,,"Google",,,"1",,,"3594","2026-08-08T17:27:42.403Z","Direct Detail URL: https://www.google.com/maps/place/La+Casa+del+Tomahawk/@-2.1684545,-79.9245565,12z/data=!4m10!1m2!2m1!1sLa+Casa+del+TomaHawk!3m6!1s0x902d6d4de8ed298d:0x48d3331a35e70a89!8m2!3d-2.142207!4d-79.9036767!15sChRMYSBDYXNhIGRlbCBUb21hSGF3ayIDiAEBWhYiFGxhIGNhc2EgZGVsIHRvbWFoYXdrkgEKcmVzdGF1cmFudOABAA!16s%2Fg%2F11g73597ns?entry=ttu&g_ep=EgoyMDI2MDgwNS4xIKXMDSoASAFQAw%3D%3D","1",,"Av. Francisco de Orellana","false","Hola buenas tardes cómo mi experiencia propia la verdad esas alitas que pedimos juntos a unas compañeras vinieron con sabor como a marisco a pollo mal lavado
Nosotras nos dejamos llevar por tiktok porque se veía todo de la mejor manera pero nos llevamos una gran decepción cuando llegaron y dijimos que nunca más compraríamos",,"La Casa del Tomahawk","4.3",,"https://www.google.com/maps/search/?api=1&query=La%20Casa%20del%20Tomahawk&query_place_id=ChIJjSnt6E1tLZARiQrnNRoz00g",
"Av. Francisco de Orellana, 090508 Guayaquil, Ecuador","Restaurante","Restaurante","5247594178483260041","Guayaquil","EC","0x902d6d4de8ed298d:0x48d3331a35e70a89",,"https://lh3.googleusercontent.com/gps-cs-s/AHRPTWlKtARv4uZa_c0E1ciQrsvkVWlAt0OWnqG49SXXKn1JlecdPQYXZPK_TxCCl87SigA3GX2PU04pnOiGW41Pbav9OeLEW4TIc3Cj6awxMxvlp60hmHuReYtoJRuWyBWhvz5q8lLz2Q=w408-h272-k-no","false","false","/g/11g73597ns","es-419","0","-2.142207","-79.9036767",,"Alborada Oeste","es","false","ChIJjSnt6E1tLZARiQrnNRoz00g",,"$10-25","Hace 2 meses","2026-05-21T15:41:57.907Z",,,,,,,,,,,,,,,,,,,,,,,"1",,"Ci9DQUlRQUNvZENodHljRjlvT21wa0xWWnRTVnBMWkRkbVNHdGhXRkpIYmxSSlVHYxAB",,,,,,,,,"Google",,,"1",,,"3594","2026-08-08T17:27:42.403Z","Direct Detail URL: https://www.google.com/maps/place/La+Casa+del+Tomahawk/@-2.1684545,-79.9245565,12z/data=!4m10!1m2!2m1!1sLa+Casa+del+TomaHawk!3m6!1s0x902d6d4de8ed298d:0x48d3331a35e70a89!8m2!3d-2.142207!4d-79.9036767!15sChRMYSBDYXNhIGRlbCBUb21hSGF3ayIDiAEBWhYiFGxhIGNhc2EgZGVsIHRvbWFoYXdrkgEKcmVzdGF1cmFudOABAA!16s%2Fg%2F11g73597ns?entry=ttu&g_ep=EgoyMDI2MDgwNS4xIKXMDSoASAFQAw%3D%3D","1",,"Av. Francisco de Orellana","false","Bueno comencé pidiendo unas alitas, hice 2 pedidos, nada que veeeeer a la publicidad de tik tok e incluso aquí a algunas reseñas que hay, mejor dicho esas alitas malas y tras eso apestaban a marisco Dios miooooo me quería morir nadie se quiso comer esooo ni el perro mejor dicho, pense que la salsa ya venía agregada al pollo pero no, el pollo todo seco y poquita salsa y mala, lo siento pero deberían mejorar mucho, nosotros estábamos probando en otro lugar a ver si eran bueno pero nos equivocamos en cambiar del lugar habitual de donde pedimos, GUAPAS BURGUER EN LA ATARAZANA super ricooo.",,"La Casa del Tomahawk","4.3",,"https://www.google.com/maps/search/?api=1&query=La%20Casa%20del%20Tomahawk&query_place_id=ChIJjSnt6E1tLZARiQrnNRoz00g",
"Av. Francisco de Orellana, 090508 Guayaquil, Ecuador","Restaurante","Restaurante","5247594178483260041","Guayaquil","EC","0x902d6d4de8ed298d:0x48d3331a35e70a89",,"https://lh3.googleusercontent.com/gps-cs-s/AHRPTWlKtARv4uZa_c0E1ciQrsvkVWlAt0OWnqG49SXXKn1JlecdPQYXZPK_TxCCl87SigA3GX2PU04pnOiGW41Pbav9OeLEW4TIc3Cj6awxMxvlp60hmHuReYtoJRuWyBWhvz5q8lLz2Q=w408-h272-k-no","false","false","/g/11g73597ns","es-419","0","-2.142207","-79.9036767",,"Alborada Oeste",,"false","ChIJjSnt6E1tLZARiQrnNRoz00g",,"$10-25","Hace 2 meses","2026-05-13T23:13:55.695Z",,,,,,,,,,,,,,,,,,,,,,,,,"Ci9DQUlRQUNvZENodHljRjlvT25oNWFGWTFiVmxqUTFaSE5IQmtUWFZKYmkwMGVHYxAB",,,,,,,,,"Google",,,"2",,,"3594","2026-08-08T17:27:42.403Z","Direct Detail URL: https://www.google.com/maps/place/La+Casa+del+Tomahawk/@-2.1684545,-79.9245565,12z/data=!4m10!1m2!2m1!1sLa+Casa+del+TomaHawk!3m6!1s0x902d6d4de8ed298d:0x48d3331a35e70a89!8m2!3d-2.142207!4d-79.9036767!15sChRMYSBDYXNhIGRlbCBUb21hSGF3ayIDiAEBWhYiFGxhIGNhc2EgZGVsIHRvbWFoYXdrkgEKcmVzdGF1cmFudOABAA!16s%2Fg%2F11g73597ns?entry=ttu&g_ep=EgoyMDI2MDgwNS4xIKXMDSoASAFQAw%3D%3D","5",,"Av. Francisco de Orellana","false",,,"La Casa del Tomahawk","4.3",,"https://www.google.com/maps/search/?api=1&query=La%20Casa%20del%20Tomahawk&query_place_id=ChIJjSnt6E1tLZARiQrnNRoz00g",
"Av. Francisco de Orellana, 090508 Guayaquil, Ecuador","Restaurante","Restaurante","5247594178483260041","Guayaquil","EC","0x902d6d4de8ed298d:0x48d3331a35e70a89",,"https://lh3.googleusercontent.com/gps-cs-s/AHRPTWlKtARv4uZa_c0E1ciQrsvkVWlAt0OWnqG49SXXKn1JlecdPQYXZPK_TxCCl87SigA3GX2PU04pnOiGW41Pbav9OeLEW4TIc3Cj6awxMxvlp60hmHuReYtoJRuWyBWhvz5q8lLz2Q=w408-h272-k-no","false","true","/g/11g73597ns","es-419","0","-2.142207","-79.9036767",,"Alborada Oeste","es","false","ChIJjSnt6E1tLZARiQrnNRoz00g",,"$10-25","Hace 2 meses","2026-05-11T17:45:00.506Z",,,,,,,,,,,,,,"$15-20",,,"3 o 4 personas","Sin espera",,"Almuerzo",,"5","5","5","Ci9DQUlRQUNvZENodHljRjlvT2s5blMzSlRNSGhhWlhKbk0xbFRWMFZ6WlVrM2VFRRAB",,,,,,,,,"Google",,,"19",,,"3594","2026-08-08T17:27:42.403Z","Direct Detail URL: https://www.google.com/maps/place/La+Casa+del+Tomahawk/@-2.1684545,-79.9245565,12z/data=!4m10!1m2!2m1!1sLa+Casa+del+TomaHawk!3m6!1s0x902d6d4de8ed298d:0x48d3331a35e70a89!8m2!3d-2.142207!4d-79.9036767!15sChRMYSBDYXNhIGRlbCBUb21hSGF3ayIDiAEBWhYiFGxhIGNhc2EgZGVsIHRvbWFoYXdrkgEKcmVzdGF1cmFudOABAA!16s%2Fg%2F11g73597ns?entry=ttu&g_ep=EgoyMDI2MDgwNS4xIKXMDSoASAFQAw%3D%3D","5",,"Av. Francisco de Orellana","false","Comida deliciosa y un menú variado",,"La Casa del Tomahawk","4.3",,"https://www.google.com/maps/search/?api=1&query=La%20Casa%20del%20Tomahawk&query_place_id=ChIJjSnt6E1tLZARiQrnNRoz00g",
"Av. Francisco de Orellana, 090508 Guayaquil, Ecuador","Restaurante","Restaurante","5247594178483260041","Guayaquil","EC","0x902d6d4de8ed298d:0x48d3331a35e70a89",,"https://lh3.googleusercontent.com/gps-cs-s/AHRPTWlKtARv4uZa_c0E1ciQrsvkVWlAt0OWnqG49SXXKn1JlecdPQYXZPK_TxCCl87SigA3GX2PU04pnOiGW41Pbav9OeLEW4TIc3Cj6awxMxvlp60hmHuReYtoJRuWyBWhvz5q8lLz2Q=w408-h272-k-no","false","true","/g/11g73597ns","es-419","0","-2.142207","-79.9036767",,"Alborada Oeste",,"false","ChIJjSnt6E1tLZARiQrnNRoz00g",,"$10-25","Hace 2 meses","2026-05-10T04:06:15.702Z",,,,,,,,,,,,,,"$15-20",,,,"De 10 a 30 min",,,,,,,"Ci9DQUlRQUNvZENodHljRjlvT21kQ1IzWTNjazB5TVhnM1ExZHFjR3hLUkVKaFJYYxAB",,,,,,,,,"Google",,,"3",,,"3594","2026-08-08T17:27:42.403Z","Direct Detail URL: https://www.google.com/maps/place/La+Casa+del+Tomahawk/@-2.1684545,-79.9245565,12z/data=!4m10!1m2!2m1!1sLa+Casa+del+TomaHawk!3m6!1s0x902d6d4de8ed298d:0x48d3331a35e70a89!8m2!3d-2.142207!4d-79.9036767!15sChRMYSBDYXNhIGRlbCBUb21hSGF3ayIDiAEBWhYiFGxhIGNhc2EgZGVsIHRvbWFoYXdrkgEKcmVzdGF1cmFudOABAA!16s%2Fg%2F11g73597ns?entry=ttu&g_ep=EgoyMDI2MDgwNS4xIKXMDSoASAFQAw%3D%3D","5",,"Av. Francisco de Orellana","false",,,"La Casa del Tomahawk","4.3",,"https://www.google.com/maps/search/?api=1&query=La%20Casa%20del%20Tomahawk&query_place_id=ChIJjSnt6E1tLZARiQrnNRoz00g",
"Av. Francisco de Orellana, 090508 Guayaquil, Ecuador","Restaurante","Restaurante","5247594178483260041","Guayaquil","EC","0x902d6d4de8ed298d:0x48d3331a35e70a89",,"https://lh3.googleusercontent.com/gps-cs-s/AHRPTWlKtARv4uZa_c0E1ciQrsvkVWlAt0OWnqG49SXXKn1JlecdPQYXZPK_TxCCl87SigA3GX2PU04pnOiGW41Pbav9OeLEW4TIc3Cj6awxMxvlp60hmHuReYtoJRuWyBWhvz5q8lLz2Q=w408-h272-k-no","false","false","/g/11g73597ns","es-419","0","-2.142207","-79.9036767",,"Alborada Oeste","es","false","ChIJjSnt6E1tLZARiQrnNRoz00g",,"$10-25","Hace 2 meses","2026-05-08T21:28:47.587Z",,,,,,,,,,,,,,,,,,,,,,"5","5","5","Ci9DQUlRQUNvZENodHljRjlvT25kTGJ6ZGhaMW8wTFV3MGVEUm5iVlp0Umpka1YyYxAB",,,,,,,,,"Google",,,"7",,,"3594","2026-08-08T17:27:42.403Z","Direct Detail URL: https://www.google.com/maps/place/La+Casa+del+Tomahawk/@-2.1684545,-79.9245565,12z/data=!4m10!1m2!2m1!1sLa+Casa+del+TomaHawk!3m6!1s0x902d6d4de8ed298d:0x48d3331a35e70a89!8m2!3d-2.142207!4d-79.9036767!15sChRMYSBDYXNhIGRlbCBUb21hSGF3ayIDiAEBWhYiFGxhIGNhc2EgZGVsIHRvbWFoYXdrkgEKcmVzdGF1cmFudOABAA!16s%2Fg%2F11g73597ns?entry=ttu&g_ep=EgoyMDI2MDgwNS4xIKXMDSoASAFQAw%3D%3D","5",,"Av. Francisco de Orellana","false","Excelente",,"La Casa del Tomahawk","4.3",,"https://www.google.com/maps/search/?api=1&query=La%20Casa%20del%20Tomahawk&query_place_id=ChIJjSnt6E1tLZARiQrnNRoz00g",
"Av. Francisco de Orellana, 090508 Guayaquil, Ecuador","Restaurante","Restaurante","5247594178483260041","Guayaquil","EC","0x902d6d4de8ed298d:0x48d3331a35e70a89",,"https://lh3.googleusercontent.com/gps-cs-s/AHRPTWlKtARv4uZa_c0E1ciQrsvkVWlAt0OWnqG49SXXKn1JlecdPQYXZPK_TxCCl87SigA3GX2PU04pnOiGW41Pbav9OeLEW4TIc3Cj6awxMxvlp60hmHuReYtoJRuWyBWhvz5q8lLz2Q=w408-h272-k-no","false","false","/g/11g73597ns","es-419","0","-2.142207","-79.9036767",,"Alborada Oeste",,"false","ChIJjSnt6E1tLZARiQrnNRoz00g",,"$10-25","Hace 3 meses","2026-05-08T16:31:16.077Z",,,,,,,,,,,,,,,,,,,,,,"4","4","4","Ci9DQUlRQUNvZENodHljRjlvT2prNE5IUnpWM2hPVFdveFJscHNjUzAyTmpGalpHYxAB",,,,,,,,,"Google",,,"0",,,"3594","2026-08-08T17:27:42.403Z","Direct Detail URL: https://www.google.com/maps/place/La+Casa+del+Tomahawk/@-2.1684545,-79.9245565,12z/data=!4m10!1m2!2m1!1sLa+Casa+del+TomaHawk!3m6!1s0x902d6d4de8ed298d:0x48d3331a35e70a89!8m2!3d-2.142207!4d-79.9036767!15sChRMYSBDYXNhIGRlbCBUb21hSGF3ayIDiAEBWhYiFGxhIGNhc2EgZGVsIHRvbWFoYXdrkgEKcmVzdGF1cmFudOABAA!16s%2Fg%2F11g73597ns?entry=ttu&g_ep=EgoyMDI2MDgwNS4xIKXMDSoASAFQAw%3D%3D","4",,"Av. Francisco de Orellana","false",,,"La Casa del Tomahawk","4.3",,"https://www.google.com/maps/search/?api=1&query=La%20Casa%20del%20Tomahawk&query_place_id=ChIJjSnt6E1tLZARiQrnNRoz00g",
"Av. Francisco de Orellana, 090508 Guayaquil, Ecuador","Restaurante","Restaurante","5247594178483260041","Guayaquil","EC","0x902d6d4de8ed298d:0x48d3331a35e70a89",,"https://lh3.googleusercontent.com/gps-cs-s/AHRPTWlKtARv4uZa_c0E1ciQrsvkVWlAt0OWnqG49SXXKn1JlecdPQYXZPK_TxCCl87SigA3GX2PU04pnOiGW41Pbav9OeLEW4TIc3Cj6awxMxvlp60hmHuReYtoJRuWyBWhvz5q8lLz2Q=w408-h272-k-no","false","false","/g/11g73597ns","es-419","0","-2.142207","-79.9036767",,"Alborada Oeste",,"false","ChIJjSnt6E1tLZARiQrnNRoz00g",,"$10-25","Hace 3 meses","2026-05-06T14:16:12.109Z",,,,,,,,,,,,,,"$5-10",,,,,,,,,,,"Ci9DQUlRQUNvZENodHljRjlvT2pCblprOXFkbE5SWHpGMWFrSm1ibDlETjI4NVNXYxAB",,,,,,,,,"Google",,,"0",,,"3594","2026-08-08T17:27:42.403Z","Direct Detail URL: https://www.google.com/maps/place/La+Casa+del+Tomahawk/@-2.1684545,-79.9245565,12z/data=!4m10!1m2!2m1!1sLa+Casa+del+TomaHawk!3m6!1s0x902d6d4de8ed298d:0x48d3331a35e70a89!8m2!3d-2.142207!4d-79.9036767!15sChRMYSBDYXNhIGRlbCBUb21hSGF3ayIDiAEBWhYiFGxhIGNhc2EgZGVsIHRvbWFoYXdrkgEKcmVzdGF1cmFudOABAA!16s%2Fg%2F11g73597ns?entry=ttu&g_ep=EgoyMDI2MDgwNS4xIKXMDSoASAFQAw%3D%3D","4",,"Av. Francisco de Orellana","false",,,"La Casa del Tomahawk","4.3",,"https://www.google.com/maps/search/?api=1&query=La%20Casa%20del%20Tomahawk&query_place_id=ChIJjSnt6E1tLZARiQrnNRoz00g",
"Av. Francisco de Orellana, 090508 Guayaquil, Ecuador","Restaurante","Restaurante","5247594178483260041","Guayaquil","EC","0x902d6d4de8ed298d:0x48d3331a35e70a89",,"https://lh3.googleusercontent.com/gps-cs-s/AHRPTWlKtARv4uZa_c0E1ciQrsvkVWlAt0OWnqG49SXXKn1JlecdPQYXZPK_TxCCl87SigA3GX2PU04pnOiGW41Pbav9OeLEW4TIc3Cj6awxMxvlp60hmHuReYtoJRuWyBWhvz5q8lLz2Q=w408-h272-k-no","false","true","/g/11g73597ns","es-419","0","-2.142207","-79.9036767",,"Alborada Oeste",,"false","ChIJjSnt6E1tLZARiQrnNRoz00g",,"$10-25","Hace 3 meses","2026-05-05T05:01:58.949Z",,,,,,,,,,,,,,"$10-15","No lo sé",,,,,,,"3","5","3","Ci9DQUlRQUNvZENodHljRjlvT2pWR05HTm1SVjlLV1dWdVYyRXhSRlZJY1ROSk0zYxAB",,,,,,,,,"Google",,,"14",,,"3594","2026-08-08T17:27:42.403Z","Direct Detail URL: https://www.google.com/maps/place/La+Casa+del+Tomahawk/@-2.1684545,-79.9245565,12z/data=!4m10!1m2!2m1!1sLa+Casa+del+TomaHawk!3m6!1s0x902d6d4de8ed298d:0x48d3331a35e70a89!8m2!3d-2.142207!4d-79.9036767!15sChRMYSBDYXNhIGRlbCBUb21hSGF3ayIDiAEBWhYiFGxhIGNhc2EgZGVsIHRvbWFoYXdrkgEKcmVzdGF1cmFudOABAA!16s%2Fg%2F11g73597ns?entry=ttu&g_ep=EgoyMDI2MDgwNS4xIKXMDSoASAFQAw%3D%3D","4",,"Av. Francisco de Orellana","false",,,"La Casa del Tomahawk","4.3",,"https://www.google.com/maps/search/?api=1&query=La%20Casa%20del%20Tomahawk&query_place_id=ChIJjSnt6E1tLZARiQrnNRoz00g",
"Av. Francisco de Orellana, 090508 Guayaquil, Ecuador","Restaurante","Restaurante","5247594178483260041","Guayaquil","EC","0x902d6d4de8ed298d:0x48d3331a35e70a89",,"https://lh3.googleusercontent.com/gps-cs-s/AHRPTWlKtARv4uZa_c0E1ciQrsvkVWlAt0OWnqG49SXXKn1JlecdPQYXZPK_TxCCl87SigA3GX2PU04pnOiGW41Pbav9OeLEW4TIc3Cj6awxMxvlp60hmHuReYtoJRuWyBWhvz5q8lLz2Q=w408-h272-k-no","false","false","/g/11g73597ns","es-419","0","-2.142207","-79.9036767",,"Alborada Oeste","es","false","ChIJjSnt6E1tLZARiQrnNRoz00g",,"$10-25","Hace 3 meses","2026-05-05T01:31:07.586Z",,,,,,,,,,,,,,"Más de $50",,,,,,,,"4","4","4","Ci9DQUlRQUNvZENodHljRjlvT21kTllqbFRlWGN3V25sYVdXc3pSVFJzUVdGRldVRRAB",,,,,,,,,"Google",,,"4",,,"3594","2026-08-08T17:27:42.403Z","Direct Detail URL: https://www.google.com/maps/place/La+Casa+del+Tomahawk/@-2.1684545,-79.9245565,12z/data=!4m10!1m2!2m1!1sLa+Casa+del+TomaHawk!3m6!1s0x902d6d4de8ed298d:0x48d3331a35e70a89!8m2!3d-2.142207!4d-79.9036767!15sChRMYSBDYXNhIGRlbCBUb21hSGF3ayIDiAEBWhYiFGxhIGNhc2EgZGVsIHRvbWFoYXdrkgEKcmVzdGF1cmFudOABAA!16s%2Fg%2F11g73597ns?entry=ttu&g_ep=EgoyMDI2MDgwNS4xIKXMDSoASAFQAw%3D%3D","4",,"Av. Francisco de Orellana","false","Mejorar parqueos",,"La Casa del Tomahawk","4.3",,"https://www.google.com/maps/search/?api=1&query=La%20Casa%20del%20Tomahawk&query_place_id=ChIJjSnt6E1tLZARiQrnNRoz00g",
"Av. Francisco de Orellana, 090508 Guayaquil, Ecuador","Restaurante","Restaurante","5247594178483260041","Guayaquil","EC","0x902d6d4de8ed298d:0x48d3331a35e70a89",,"https://lh3.googleusercontent.com/gps-cs-s/AHRPTWlKtARv4uZa_c0E1ciQrsvkVWlAt0OWnqG49SXXKn1JlecdPQYXZPK_TxCCl87SigA3GX2PU04pnOiGW41Pbav9OeLEW4TIc3Cj6awxMxvlp60hmHuReYtoJRuWyBWhvz5q8lLz2Q=w408-h272-k-no","false","true","/g/11g73597ns","es-419","0","-2.142207","-79.9036767",,"Alborada Oeste","es","false","ChIJjSnt6E1tLZARiQrnNRoz00g",,"$10-25","Hace 3 meses","2026-05-04T03:30:11.074Z",,,,,,,,,,,,,,,,,,,,,,,,"1","Ci9DQUlRQUNvZENodHljRjlvT25oMWJUaHBYMFI1U1dVMFQzWklhbEJvVEVKTFUzYxAB",,,,,,,,,"Google",,,"18",,,"3594","2026-08-08T17:27:42.403Z","Direct Detail URL: https://www.google.com/maps/place/La+Casa+del+Tomahawk/@-2.1684545,-79.9245565,12z/data=!4m10!1m2!2m1!1sLa+Casa+del+TomaHawk!3m6!1s0x902d6d4de8ed298d:0x48d3331a35e70a89!8m2!3d-2.142207!4d-79.9036767!15sChRMYSBDYXNhIGRlbCBUb21hSGF3ayIDiAEBWhYiFGxhIGNhc2EgZGVsIHRvbWFoYXdrkgEKcmVzdGF1cmFudOABAA!16s%2Fg%2F11g73597ns?entry=ttu&g_ep=EgoyMDI2MDgwNS4xIKXMDSoASAFQAw%3D%3D","1",,"Av. Francisco de Orellana","false","Fuimos a comprar hoy domingo, no ponen aviso en sus redes sociales sobre la hora de cierre por toque de queda, llegamos y el guardia muy malcriado nos dice que está cerrado que si no sabemos leer le preguntamos por qué y solo nos dijo está cerrado, por favor capaciten a TODO SU PERSONAL sobre atención al cliente.",,"La Casa del Tomahawk","4.3",,"https://www.google.com/maps/search/?api=1&query=La%20Casa%20del%20Tomahawk&query_place_id=ChIJjSnt6E1tLZARiQrnNRoz00g",
"Av. Francisco de Orellana, 090508 Guayaquil, Ecuador","Restaurante","Restaurante","5247594178483260041","Guayaquil","EC","0x902d6d4de8ed298d:0x48d3331a35e70a89",,"https://lh3.googleusercontent.com/gps-cs-s/AHRPTWlKtARv4uZa_c0E1ciQrsvkVWlAt0OWnqG49SXXKn1JlecdPQYXZPK_TxCCl87SigA3GX2PU04pnOiGW41Pbav9OeLEW4TIc3Cj6awxMxvlp60hmHuReYtoJRuWyBWhvz5q8lLz2Q=w408-h272-k-no","false","false","/g/11g73597ns","es-419","0","-2.142207","-79.9036767",,"Alborada Oeste","es","false","ChIJjSnt6E1tLZARiQrnNRoz00g",,"$10-25","Hace 3 meses","2026-05-01T19:54:28.310Z",,,,,,,,"Ningún evento especial",,,,,,"$15-20",,,"3 o 4 personas","De 30 a 60 min",,,,"2","1","2","Ci9DQUlRQUNvZENodHljRjlvT2t3ellWVmxVVkJDTlcxZmJsQXpTM0JDWlZaUFRrRRAB",,,,,,,,,"Google",,,"1",,,"3594","2026-08-08T17:27:42.403Z","Direct Detail URL: https://www.google.com/maps/place/La+Casa+del+Tomahawk/@-2.1684545,-79.9245565,12z/data=!4m10!1m2!2m1!1sLa+Casa+del+TomaHawk!3m6!1s0x902d6d4de8ed298d:0x48d3331a35e70a89!8m2!3d-2.142207!4d-79.9036767!15sChRMYSBDYXNhIGRlbCBUb21hSGF3ayIDiAEBWhYiFGxhIGNhc2EgZGVsIHRvbWFoYXdrkgEKcmVzdGF1cmFudOABAA!16s%2Fg%2F11g73597ns?entry=ttu&g_ep=EgoyMDI2MDgwNS4xIKXMDSoASAFQAw%3D%3D","1",,"Av. Francisco de Orellana","false","horrible, sinceramente soy de comer alitas en un solo lugar pero decidí probar en este local por una promo, el chico atendió bien pero el pedido se demoró MEDIA HORA, ya hasta la presión se me bajó, cuando llega la comida no nos traen platos para poner los huesos, te ponen un tapete de papel, que, no soy un perro, luego el sabor, pq sabe a chancho si yo quiero comer pollo, para eso me voy a otro lugar y q me críen y me den de comer a la gallina, la sazón malísima, pq tenía ese color radiactivo, era la pólvora del Minecraft, no tenían ni salsa esas alitas, más salsa tiene una salchipapa.
Al momento de las bebidas rogamos dos veces por los vasos, DOS VECES, y eran solo dos vasos no diez vasos, para pagar otra vez un problema, le entrego a la caja el dinero y la factura y ESTABA LA PLUMA ALLÍ y la chica como despistada agarra las monedas de la factura y se le cae la pluma, luego vienen y dicen q uno SE ROBA LA PLUMA, q voy a hacer yo con una pluma, ponerme a jugar o que, tuve q decirle q la pluma se le cayó para q se dé cuenta.",,"La Casa del Tomahawk","4.3",,"https://www.google.com/maps/search/?api=1&query=La%20Casa%20del%20Tomahawk&query_place_id=ChIJjSnt6E1tLZARiQrnNRoz00g",
"Av. Francisco de Orellana, 090508 Guayaquil, Ecuador","Restaurante","Restaurante","5247594178483260041","Guayaquil","EC","0x902d6d4de8ed298d:0x48d3331a35e70a89",,"https://lh3.googleusercontent.com/gps-cs-s/AHRPTWlKtARv4uZa_c0E1ciQrsvkVWlAt0OWnqG49SXXKn1JlecdPQYXZPK_TxCCl87SigA3GX2PU04pnOiGW41Pbav9OeLEW4TIc3Cj6awxMxvlp60hmHuReYtoJRuWyBWhvz5q8lLz2Q=w408-h272-k-no","false","true","/g/11g73597ns","es-419","0","-2.142207","-79.9036767",,"Alborada Oeste","es","false","ChIJjSnt6E1tLZARiQrnNRoz00g",,"$10-25","Hace 3 meses","2026-04-18T15:06:42.166Z",,,,,,,,,,,,,,,,,,,,,,"5","5","5","Ci9DQUlRQUNvZENodHljRjlvT2xJM1RVa3ROR3QzYkdwRlEyeHhSVXBmWjNSUU5VRRAB","https://lh3.googleusercontent.com/grass-cs/ACvplmOmJG-RiPsexjWD_AQz9z8U4wByNSBXTlxsQRrkh1xC1pIiqaA-vGx1mqomyU_wuTAusH4x-ABOc-gbO1QG9jkMsMhkTwCVkAg5mYd6pC4n0HLMW1SCkftY2fAWxWhXVs7TFR8k2_hQCNQS=k-no",,,,,,,,"Google",,,"70",,,"3594","2026-08-08T17:27:42.403Z","Direct Detail URL: https://www.google.com/maps/place/La+Casa+del+Tomahawk/@-2.1684545,-79.9245565,12z/data=!4m10!1m2!2m1!1sLa+Casa+del+TomaHawk!3m6!1s0x902d6d4de8ed298d:0x48d3331a35e70a89!8m2!3d-2.142207!4d-79.9036767!15sChRMYSBDYXNhIGRlbCBUb21hSGF3ayIDiAEBWhYiFGxhIGNhc2EgZGVsIHRvbWFoYXdrkgEKcmVzdGF1cmFudOABAA!16s%2Fg%2F11g73597ns?entry=ttu&g_ep=EgoyMDI2MDgwNS4xIKXMDSoASAFQAw%3D%3D","4",,"Av. Francisco de Orellana","false","Se demoraron un poco pero muy buena la comida",,"La Casa del Tomahawk","4.3",,"https://www.google.com/maps/search/?api=1&query=La%20Casa%20del%20Tomahawk&query_place_id=ChIJjSnt6E1tLZARiQrnNRoz00g",
"Av. Francisco de Orellana, 090508 Guayaquil, Ecuador","Restaurante","Restaurante","5247594178483260041","Guayaquil","EC","0x902d6d4de8ed298d:0x48d3331a35e70a89",,"https://lh3.googleusercontent.com/gps-cs-s/AHRPTWlKtARv4uZa_c0E1ciQrsvkVWlAt0OWnqG49SXXKn1JlecdPQYXZPK_TxCCl87SigA3GX2PU04pnOiGW41Pbav9OeLEW4TIc3Cj6awxMxvlp60hmHuReYtoJRuWyBWhvz5q8lLz2Q=w408-h272-k-no","false","true","/g/11g73597ns","es-419","0","-2.142207","-79.9036767",,"Alborada Oeste","es","false","ChIJjSnt6E1tLZARiQrnNRoz00g",,"$10-25","Hace 3 meses","2026-04-12T18:43:49.732Z",,,,,,,,,,,,,,,,,,,,,,,,,"Ci9DQUlRQUNvZENodHljRjlvT2tkTGQyWjJXV05KT1ZsNFFVUlJXRUZXTkhORGNGRRAB",,,,,,,,,"Google",,,"65",,,"3594","2026-08-08T17:27:42.403Z","Direct Detail URL: https://www.google.com/maps/place/La+Casa+del+Tomahawk/@-2.1684545,-79.9245565,12z/data=!4m10!1m2!2m1!1sLa+Casa+del+TomaHawk!3m6!1s0x902d6d4de8ed298d:0x48d3331a35e70a89!8m2!3d-2.142207!4d-79.9036767!15sChRMYSBDYXNhIGRlbCBUb21hSGF3ayIDiAEBWhYiFGxhIGNhc2EgZGVsIHRvbWFoYXdrkgEKcmVzdGF1cmFudOABAA!16s%2Fg%2F11g73597ns?entry=ttu&g_ep=EgoyMDI2MDgwNS4xIKXMDSoASAFQAw%3D%3D","3",,"Av. Francisco de Orellana","false","Jueves 2x1 alitas. Lea falta sabor.",,"La Casa del Tomahawk","4.3",,"https://www.google.com/maps/search/?api=1&query=La%20Casa%20del%20Tomahawk&query_place_id=ChIJjSnt6E1tLZARiQrnNRoz00g",
"Av. Francisco de Orellana, 090508 Guayaquil, Ecuador","Restaurante","Restaurante","5247594178483260041","Guayaquil","EC","0x902d6d4de8ed298d:0x48d3331a35e70a89",,"https://lh3.googleusercontent.com/gps-cs-s/AHRPTWlKtARv4uZa_c0E1ciQrsvkVWlAt0OWnqG49SXXKn1JlecdPQYXZPK_TxCCl87SigA3GX2PU04pnOiGW41Pbav9OeLEW4TIc3Cj6awxMxvlp60hmHuReYtoJRuWyBWhvz5q8lLz2Q=w408-h272-k-no","false","true","/g/11g73597ns","es-419","0","-2.142207","-79.9036767",,"Alborada Oeste","es","false","ChIJjSnt6E1tLZARiQrnNRoz00g",,"$10-25","Editado Hace 3 meses","2026-04-10T00:22:14.559Z",,"2023-06-13T16:06:35.000Z","¡Tu reseña nos ha dejado asombrados! Nos encanta saber que pudimos brindarte una excelente experiencia en nuestro restaurante. ¡Gracias por compartir tu apoyo! Te esperamos para seguir creando momentos inolvidables juntos.",,"Si cuentan con sillas de niños","Hay suficiente espacio","Avenida Francisco de Orellana diagonal a la piscina Jorge Delgado","Otros",,,"Estacionamiento pagado, Estacionamiento gratuito en la calle",,,"$5-10",,,"Entre 5 y 8 personas","Hasta 10 min",,,,"5","5","4","ChdDSUhNMG9nS0VJQ0FnSUR4NXI2MHJ3RRAB",,,,,,,,,"Google",,,"24",,,"3594","2026-08-08T17:27:42.403Z","Direct Detail URL: https://www.google.com/maps/place/La+Casa+del+Tomahawk/@-2.1684545,-79.9245565,12z/data=!4m10!1m2!2m1!1sLa+Casa+del+TomaHawk!3m6!1s0x902d6d4de8ed298d:0x48d3331a35e70a89!8m2!3d-2.142207!4d-79.9036767!15sChRMYSBDYXNhIGRlbCBUb21hSGF3ayIDiAEBWhYiFGxhIGNhc2EgZGVsIHRvbWFoYXdrkgEKcmVzdGF1cmFudOABAA!16s%2Fg%2F11g73597ns?entry=ttu&g_ep=EgoyMDI2MDgwNS4xIKXMDSoASAFQAw%3D%3D","5",,"Av. Francisco de Orellana","false","Un buen lugar renovado un buen ambiente para celebrar en familia y amigos cumpleaños, reuniones y otros",,"La Casa del Tomahawk","4.3",,"https://www.google.com/maps/search/?api=1&query=La%20Casa%20del%20Tomahawk&query_place_id=ChIJjSnt6E1tLZARiQrnNRoz00g",
"Av. Francisco de Orellana, 090508 Guayaquil, Ecuador","Restaurante","Restaurante","5247594178483260041","Guayaquil","EC","0x902d6d4de8ed298d:0x48d3331a35e70a89",,"https://lh3.googleusercontent.com/gps-cs-s/AHRPTWlKtARv4uZa_c0E1ciQrsvkVWlAt0OWnqG49SXXKn1JlecdPQYXZPK_TxCCl87SigA3GX2PU04pnOiGW41Pbav9OeLEW4TIc3Cj6awxMxvlp60hmHuReYtoJRuWyBWhvz5q8lLz2Q=w408-h272-k-no","false","true","/g/11g73597ns","es-419","0","-2.142207","-79.9036767",,"Alborada Oeste",,"false","ChIJjSnt6E1tLZARiQrnNRoz00g",,"$10-25","Hace 3 meses","2026-04-09T21:34:22.079Z",,,,,,,,,,,,,,,,,,,,,,"5","5","5","Ci9DQUlRQUNvZENodHljRjlvT214RWVUWlhOVE15WkdkWE5URllaMm95ZW1kd01YYxAB",,,,,,,,,"Google",,,"72",,,"3594","2026-08-08T17:27:42.403Z","Direct Detail URL: https://www.google.com/maps/place/La+Casa+del+Tomahawk/@-2.1684545,-79.9245565,12z/data=!4m10!1m2!2m1!1sLa+Casa+del+TomaHawk!3m6!1s0x902d6d4de8ed298d:0x48d3331a35e70a89!8m2!3d-2.142207!4d-79.9036767!15sChRMYSBDYXNhIGRlbCBUb21hSGF3ayIDiAEBWhYiFGxhIGNhc2EgZGVsIHRvbWFoYXdrkgEKcmVzdGF1cmFudOABAA!16s%2Fg%2F11g73597ns?entry=ttu&g_ep=EgoyMDI2MDgwNS4xIKXMDSoASAFQAw%3D%3D","5",,"Av. Francisco de Orellana","false",,,"La Casa del Tomahawk","4.3",,"https://www.google.com/maps/search/?api=1&query=La%20Casa%20del%20Tomahawk&query_place_id=ChIJjSnt6E1tLZARiQrnNRoz00g",
"Av. Francisco de Orellana, 090508 Guayaquil, Ecuador","Restaurante","Restaurante","5247594178483260041","Guayaquil","EC","0x902d6d4de8ed298d:0x48d3331a35e70a89",,"https://lh3.googleusercontent.com/gps-cs-s/AHRPTWlKtARv4uZa_c0E1ciQrsvkVWlAt0OWnqG49SXXKn1JlecdPQYXZPK_TxCCl87SigA3GX2PU04pnOiGW41Pbav9OeLEW4TIc3Cj6awxMxvlp60hmHuReYtoJRuWyBWhvz5q8lLz2Q=w408-h272-k-no","false","false","/g/11g73597ns","es-419","0","-2.142207","-79.9036767",,"Alborada Oeste","es","false","ChIJjSnt6E1tLZARiQrnNRoz00g",,"$10-25","Hace 4 meses","2026-04-06T02:28:10.673Z",,,,,,,,"Otros",,,,,,,,,"2 personas","Sin espera",,,,"5","5","5","Ci9DQUlRQUNvZENodHljRjlvT2tWSVJqWlRlUzFCV1U5RVNtaFlNa3RrVWpjdFoyYxAB",,,,,,,,,"Google",,,"2",,,"3594","2026-08-08T17:27:42.403Z","Direct Detail URL: https://www.google.com/maps/place/La+Casa+del+Tomahawk/@-2.1684545,-79.9245565,12z/data=!4m10!1m2!2m1!1sLa+Casa+del+TomaHawk!3m6!1s0x902d6d4de8ed298d:0x48d3331a35e70a89!8m2!3d-2.142207!4d-79.9036767!15sChRMYSBDYXNhIGRlbCBUb21hSGF3ayIDiAEBWhYiFGxhIGNhc2EgZGVsIHRvbWFoYXdrkgEKcmVzdGF1cmFudOABAA!16s%2Fg%2F11g73597ns?entry=ttu&g_ep=EgoyMDI2MDgwNS4xIKXMDSoASAFQAw%3D%3D","5",,"Av. Francisco de Orellana","false","Muy buena la atención 💫
Excelente servicio.",,"La Casa del Tomahawk","4.3",,"https://www.google.com/maps/search/?api=1&query=La%20Casa%20del%20Tomahawk&query_place_id=ChIJjSnt6E1tLZARiQrnNRoz00g",
"Av. Francisco de Orellana, 090508 Guayaquil, Ecuador","Restaurante","Restaurante","5247594178483260041","Guayaquil","EC","0x902d6d4de8ed298d:0x48d3331a35e70a89",,"https://lh3.googleusercontent.com/gps-cs-s/AHRPTWlKtARv4uZa_c0E1ciQrsvkVWlAt0OWnqG49SXXKn1JlecdPQYXZPK_TxCCl87SigA3GX2PU04pnOiGW41Pbav9OeLEW4TIc3Cj6awxMxvlp60hmHuReYtoJRuWyBWhvz5q8lLz2Q=w408-h272-k-no","false","false","/g/11g73597ns","es-419","0","-2.142207","-79.9036767",,"Alborada Oeste","es","false","ChIJjSnt6E1tLZARiQrnNRoz00g",,"$10-25","Editado Hace 4 meses","2026-03-30T20:43:46.911Z",,"2026-04-06T20:20:28.000Z"," Lamentamos mucho su experiencia. Tomaremos su comentario muy en serio y nos aseguraremos de revisar nuestros procesos de acuerdo a lo expuesto. Agradecemos su tiempo para ayudarnos a ser mejores. Su satisfacción es importante para nosotros. nos gustaria contactarnos con usted escribanos  nuestro instagram @tomahawkecu
",,,,,,,,,,,,,,,"De 10 a 30 min",,,,"1","1","1","Ci9DQUlRQUNvZENodHljRjlvT21OVk5XOHRjV3B4ZFZvelRsaFlVak5aZHpSNlJtYxAB",,,,,,,,,"Google",,,"2",,,"3594","2026-08-08T17:27:42.403Z","Direct Detail URL: https://www.google.com/maps/place/La+Casa+del+Tomahawk/@-2.1684545,-79.9245565,12z/data=!4m10!1m2!2m1!1sLa+Casa+del+TomaHawk!3m6!1s0x902d6d4de8ed298d:0x48d3331a35e70a89!8m2!3d-2.142207!4d-79.9036767!15sChRMYSBDYXNhIGRlbCBUb21hSGF3ayIDiAEBWhYiFGxhIGNhc2EgZGVsIHRvbWFoYXdrkgEKcmVzdGF1cmFudOABAA!16s%2Fg%2F11g73597ns?entry=ttu&g_ep=EgoyMDI2MDgwNS4xIKXMDSoASAFQAw%3D%3D","1",,"Av. Francisco de Orellana","false","Esa comida estába muy mala gente, no soy de poner este tipo de comentarios pero 0 recomendado. Aparte la atención al cliente 0/10",,"La Casa del Tomahawk","4.3",,"https://www.google.com/maps/search/?api=1&query=La%20Casa%20del%20Tomahawk&query_place_id=ChIJjSnt6E1tLZARiQrnNRoz00g",
"Av. Francisco de Orellana, 090508 Guayaquil, Ecuador","Restaurante","Restaurante","5247594178483260041","Guayaquil","EC","0x902d6d4de8ed298d:0x48d3331a35e70a89",,"https://lh3.googleusercontent.com/gps-cs-s/AHRPTWlKtARv4uZa_c0E1ciQrsvkVWlAt0OWnqG49SXXKn1JlecdPQYXZPK_TxCCl87SigA3GX2PU04pnOiGW41Pbav9OeLEW4TIc3Cj6awxMxvlp60hmHuReYtoJRuWyBWhvz5q8lLz2Q=w408-h272-k-no","false","true","/g/11g73597ns","es-419","0","-2.142207","-79.9036767",,"Alborada Oeste",,"false","ChIJjSnt6E1tLZARiQrnNRoz00g",,"$10-25","Hace 4 meses","2026-03-30T13:37:29.089Z",,,,,,,,,,,,,,"$1-5",,,"Apto para grupos de todos los tamaños","Sin espera",,,,"5","4","5","Ci9DQUlRQUNvZENodHljRjlvT2sxNFJUVjJNek5TVkVJM1kwY3dXbFJHTW1OSFNHYxAB",,,,,,,,,"Google",,,"50",,,"3594","2026-08-08T17:27:42.403Z","Direct Detail URL: https://www.google.com/maps/place/La+Casa+del+Tomahawk/@-2.1684545,-79.9245565,12z/data=!4m10!1m2!2m1!1sLa+Casa+del+TomaHawk!3m6!1s0x902d6d4de8ed298d:0x48d3331a35e70a89!8m2!3d-2.142207!4d-79.9036767!15sChRMYSBDYXNhIGRlbCBUb21hSGF3ayIDiAEBWhYiFGxhIGNhc2EgZGVsIHRvbWFoYXdrkgEKcmVzdGF1cmFudOABAA!16s%2Fg%2F11g73597ns?entry=ttu&g_ep=EgoyMDI2MDgwNS4xIKXMDSoASAFQAw%3D%3D","4",,"Av. Francisco de Orellana","false",,,"La Casa del Tomahawk","4.3",,"https://www.google.com/maps/search/?api=1&query=La%20Casa%20del%20Tomahawk&query_place_id=ChIJjSnt6E1tLZARiQrnNRoz00g",
"Av. Francisco de Orellana, 090508 Guayaquil, Ecuador","Restaurante","Restaurante","5247594178483260041","Guayaquil","EC","0x902d6d4de8ed298d:0x48d3331a35e70a89",,"https://lh3.googleusercontent.com/gps-cs-s/AHRPTWlKtARv4uZa_c0E1ciQrsvkVWlAt0OWnqG49SXXKn1JlecdPQYXZPK_TxCCl87SigA3GX2PU04pnOiGW41Pbav9OeLEW4TIc3Cj6awxMxvlp60hmHuReYtoJRuWyBWhvz5q8lLz2Q=w408-h272-k-no","false","true","/g/11g73597ns","es-419","0","-2.142207","-79.9036767",,"Alborada Oeste",,"false","ChIJjSnt6E1tLZARiQrnNRoz00g",,"$10-25","Hace 4 meses","2026-03-28T03:04:19.312Z",,,,,,,,,,,,,,,,,,,,,,,,,"Ci9DQUlRQUNvZENodHljRjlvT25VdFpuWjVNemRsWTNObFJWSjRXbEZPTVhVNE5XYxAB",,,,,,,,,"Google",,,"94",,,"3594","2026-08-08T17:27:42.403Z","Direct Detail URL: https://www.google.com/maps/place/La+Casa+del+Tomahawk/@-2.1684545,-79.9245565,12z/data=!4m10!1m2!2m1!1sLa+Casa+del+TomaHawk!3m6!1s0x902d6d4de8ed298d:0x48d3331a35e70a89!8m2!3d-2.142207!4d-79.9036767!15sChRMYSBDYXNhIGRlbCBUb21hSGF3ayIDiAEBWhYiFGxhIGNhc2EgZGVsIHRvbWFoYXdrkgEKcmVzdGF1cmFudOABAA!16s%2Fg%2F11g73597ns?entry=ttu&g_ep=EgoyMDI2MDgwNS4xIKXMDSoASAFQAw%3D%3D","4",,"Av. Francisco de Orellana","false",,,"La Casa del Tomahawk","4.3",,"https://www.google.com/maps/search/?api=1&query=La%20Casa%20del%20Tomahawk&query_place_id=ChIJjSnt6E1tLZARiQrnNRoz00g",
"Av. Francisco de Orellana, 090508 Guayaquil, Ecuador","Restaurante","Restaurante","5247594178483260041","Guayaquil","EC","0x902d6d4de8ed298d:0x48d3331a35e70a89",,"https://lh3.googleusercontent.com/gps-cs-s/AHRPTWlKtARv4uZa_c0E1ciQrsvkVWlAt0OWnqG49SXXKn1JlecdPQYXZPK_TxCCl87SigA3GX2PU04pnOiGW41Pbav9OeLEW4TIc3Cj6awxMxvlp60hmHuReYtoJRuWyBWhvz5q8lLz2Q=w408-h272-k-no","false","false","/g/11g73597ns","es-419","0","-2.142207","-79.9036767",,"Alborada Oeste",,"false","ChIJjSnt6E1tLZARiQrnNRoz00g",,"$10-25","Hace 4 meses","2026-03-27T05:29:17.847Z",,,,,,,,,,,,,,"$10-15",,,,,,,,,,,"Ci9DQUlRQUNvZENodHljRjlvT2xaMU5FMTNhVlZCWmtWcFRVbDFlbUZaWW1WUlJWRRAB",,,,,,,,,"Google",,,"3",,,"3594","2026-08-08T17:27:42.403Z","Direct Detail URL: https://www.google.com/maps/place/La+Casa+del+Tomahawk/@-2.1684545,-79.9245565,12z/data=!4m10!1m2!2m1!1sLa+Casa+del+TomaHawk!3m6!1s0x902d6d4de8ed298d:0x48d3331a35e70a89!8m2!3d-2.142207!4d-79.9036767!15sChRMYSBDYXNhIGRlbCBUb21hSGF3ayIDiAEBWhYiFGxhIGNhc2EgZGVsIHRvbWFoYXdrkgEKcmVzdGF1cmFudOABAA!16s%2Fg%2F11g73597ns?entry=ttu&g_ep=EgoyMDI2MDgwNS4xIKXMDSoASAFQAw%3D%3D","5",,"Av. Francisco de Orellana","false",,,"La Casa del Tomahawk","4.3",,"https://www.google.com/maps/search/?api=1&query=La%20Casa%20del%20Tomahawk&query_place_id=ChIJjSnt6E1tLZARiQrnNRoz00g",
"Av. Francisco de Orellana, 090508 Guayaquil, Ecuador","Restaurante","Restaurante","5247594178483260041","Guayaquil","EC","0x902d6d4de8ed298d:0x48d3331a35e70a89",,"https://lh3.googleusercontent.com/gps-cs-s/AHRPTWlKtARv4uZa_c0E1ciQrsvkVWlAt0OWnqG49SXXKn1JlecdPQYXZPK_TxCCl87SigA3GX2PU04pnOiGW41Pbav9OeLEW4TIc3Cj6awxMxvlp60hmHuReYtoJRuWyBWhvz5q8lLz2Q=w408-h272-k-no","false","false","/g/11g73597ns","es-419","0","-2.142207","-79.9036767",,"Alborada Oeste","es","false","ChIJjSnt6E1tLZARiQrnNRoz00g",,"$10-25","Hace 4 meses","2026-03-26T04:02:31.778Z",,,,,,,,,,,,,,,,,,,,,,"1","1","1","Ci9DQUlRQUNvZENodHljRjlvT2w5RlowcERaMFpxWnkxV09FUjVkelpoT0V4blVIYxAB",,,,,,,,,"Google",,,"1",,,"3594","2026-08-08T17:27:42.403Z","Direct Detail URL: https://www.google.com/maps/place/La+Casa+del+Tomahawk/@-2.1684545,-79.9245565,12z/data=!4m10!1m2!2m1!1sLa+Casa+del+TomaHawk!3m6!1s0x902d6d4de8ed298d:0x48d3331a35e70a89!8m2!3d-2.142207!4d-79.9036767!15sChRMYSBDYXNhIGRlbCBUb21hSGF3ayIDiAEBWhYiFGxhIGNhc2EgZGVsIHRvbWFoYXdrkgEKcmVzdGF1cmFudOABAA!16s%2Fg%2F11g73597ns?entry=ttu&g_ep=EgoyMDI2MDgwNS4xIKXMDSoASAFQAw%3D%3D","1",,"Av. Francisco de Orellana","false","EL PEOR RESTAURANTE QUE HE VISITADO EN MI VIDA!! 😖",,"La Casa del Tomahawk","4.3",,"https://www.google.com/maps/search/?api=1&query=La%20Casa%20del%20Tomahawk&query_place_id=ChIJjSnt6E1tLZARiQrnNRoz00g",
"Av. Francisco de Orellana, 090508 Guayaquil, Ecuador","Restaurante","Restaurante","5247594178483260041","Guayaquil","EC","0x902d6d4de8ed298d:0x48d3331a35e70a89",,"https://lh3.googleusercontent.com/gps-cs-s/AHRPTWlKtARv4uZa_c0E1ciQrsvkVWlAt0OWnqG49SXXKn1JlecdPQYXZPK_TxCCl87SigA3GX2PU04pnOiGW41Pbav9OeLEW4TIc3Cj6awxMxvlp60hmHuReYtoJRuWyBWhvz5q8lLz2Q=w408-h272-k-no","false","false","/g/11g73597ns","es-419","0","-2.142207","-79.9036767",,"Alborada Oeste","es","false","ChIJjSnt6E1tLZARiQrnNRoz00g",,"$10-25","Hace 4 meses","2026-03-26T03:53:56.414Z",,"2026-04-06T20:45:45.000Z"," Lamentamos mucho su experiencia. Tomaremos su comentario muy en serio y nos aseguraremos de revisar nuestros procesos de acuerdo a lo expuesto. Agradecemos su tiempo para ayudarnos a ser mejores. Su satisfacción es importante para nosotros. nos gustaria contactarnos con usted escribanos nuestro instagram @tomahawkecu",,,,,,,,,,,,,,,,,,,"1","1","1","Ci9DQUlRQUNvZENodHljRjlvT25KcE5sTm5ZVVZKY3pKSlRESm5Nek5FVkhOU00wRRAB",,,,,,,,,"Google",,,"1",,,"3594","2026-08-08T17:27:42.403Z","Direct Detail URL: https://www.google.com/maps/place/La+Casa+del+Tomahawk/@-2.1684545,-79.9245565,12z/data=!4m10!1m2!2m1!1sLa+Casa+del+TomaHawk!3m6!1s0x902d6d4de8ed298d:0x48d3331a35e70a89!8m2!3d-2.142207!4d-79.9036767!15sChRMYSBDYXNhIGRlbCBUb21hSGF3ayIDiAEBWhYiFGxhIGNhc2EgZGVsIHRvbWFoYXdrkgEKcmVzdGF1cmFudOABAA!16s%2Fg%2F11g73597ns?entry=ttu&g_ep=EgoyMDI2MDgwNS4xIKXMDSoASAFQAw%3D%3D","1",,"Av. Francisco de Orellana","false","Lo único rescatable fue el corte del Tomahawk, ya es imposible que un corte así esté malo, respecto a todo lo demás, estuvo pésimo, desde el momento en el que uno entra en el que ni atentos estaban para dar mesa, hasta esperar más de una hora por la comida, y que tras eso FRÍA, PÉSIMO SERVICIO, aparte de que contiene publicidad engañosa!!!! No regresaría nunca.",,"La Casa del Tomahawk","4.3",,"https://www.google.com/maps/search/?api=1&query=La%20Casa%20del%20Tomahawk&query_place_id=ChIJjSnt6E1tLZARiQrnNRoz00g",
"Av. Francisco de Orellana, 090508 Guayaquil, Ecuador","Restaurante","Restaurante","5247594178483260041","Guayaquil","EC","0x902d6d4de8ed298d:0x48d3331a35e70a89",,"https://lh3.googleusercontent.com/gps-cs-s/AHRPTWlKtARv4uZa_c0E1ciQrsvkVWlAt0OWnqG49SXXKn1JlecdPQYXZPK_TxCCl87SigA3GX2PU04pnOiGW41Pbav9OeLEW4TIc3Cj6awxMxvlp60hmHuReYtoJRuWyBWhvz5q8lLz2Q=w408-h272-k-no","false","false","/g/11g73597ns","es-419","0","-2.142207","-79.9036767",,"Alborada Oeste","es","false","ChIJjSnt6E1tLZARiQrnNRoz00g",,"$10-25","Hace 4 meses","2026-03-26T03:36:20.955Z",,"2026-04-06T20:46:01.000Z","Lamentamos mucho su experiencia. Tomaremos su comentario muy en serio y nos aseguraremos de revisar nuestros procesos de acuerdo a lo expuesto. Agradecemos su tiempo para ayudarnos a ser mejores. Su satisfacción es importante para nosotros. nos gustaria contactarnos con usted escribanos nuestro instagram @tomahawkecu
",,,,,,,,,,,"$10-15",,,,,,,,"3","1","1","Ci9DQUlRQUNvZENodHljRjlvT205elYxRkNTamhtZFhGQlQzQjZkRVJzYjJwcldXYxAB","https://lh3.googleusercontent.com/grass-cs/ACvplmNRyYp39X4AflrOcBtPdZgZEoZycXGxb6arlsffCvzDpL8cUUe9IeOtOSPI_qTZcCyYIFmHGB0HvCZnG_vYzKNnRM2lx1TcB5qDG9S0uQeJB9fLCTrMIAqYAWpxT3SwPvyxxbaP2PNs4YyJ=k-no",,,,,,,,"Google",,,"6",,,"3594","2026-08-08T17:27:42.403Z","Direct Detail URL: https://www.google.com/maps/place/La+Casa+del+Tomahawk/@-2.1684545,-79.9245565,12z/data=!4m10!1m2!2m1!1sLa+Casa+del+TomaHawk!3m6!1s0x902d6d4de8ed298d:0x48d3331a35e70a89!8m2!3d-2.142207!4d-79.9036767!15sChRMYSBDYXNhIGRlbCBUb21hSGF3ayIDiAEBWhYiFGxhIGNhc2EgZGVsIHRvbWFoYXdrkgEKcmVzdGF1cmFudOABAA!16s%2Fg%2F11g73597ns?entry=ttu&g_ep=EgoyMDI2MDgwNS4xIKXMDSoASAFQAw%3D%3D","1",,"Av. Francisco de Orellana","false","Tranquilamente el peor restaurante al que he ido. Comida fría, demoraron más de 50 minutos en entregarnos la comida. La ensalada estaba cortada e incomible, el corte de carne muy bueno pero es lo único rescatable, pésimo el resto. Y eso que es el plato más costoso del menú (se supone que incluye tocino, pico de gallo y vino así como lo ven en la imagen) no lo recomiendo para nada.",,"La Casa del Tomahawk","4.3",,"https://www.google.com/maps/search/?api=1&query=La%20Casa%20del%20Tomahawk&query_place_id=ChIJjSnt6E1tLZARiQrnNRoz00g",
"Av. Francisco de Orellana, 090508 Guayaquil, Ecuador","Restaurante","Restaurante","5247594178483260041","Guayaquil","EC","0x902d6d4de8ed298d:0x48d3331a35e70a89",,"https://lh3.googleusercontent.com/gps-cs-s/AHRPTWlKtARv4uZa_c0E1ciQrsvkVWlAt0OWnqG49SXXKn1JlecdPQYXZPK_TxCCl87SigA3GX2PU04pnOiGW41Pbav9OeLEW4TIc3Cj6awxMxvlp60hmHuReYtoJRuWyBWhvz5q8lLz2Q=w408-h272-k-no","false","true","/g/11g73597ns","es-419","0","-2.142207","-79.9036767",,"Alborada Oeste","es","false","ChIJjSnt6E1tLZARiQrnNRoz00g",,"$10-25","Hace 4 meses","2026-03-26T01:57:28.746Z",,,,,,,,,,,,,,,,,,,,,,"4","5","4","Ci9DQUlRQUNvZENodHljRjlvT2toSE0wdGFZMmswT1d0SFIwNUROWEpCTlhaQmMzYxAB",,,,,,,,,"Google",,,"208",,,"3594","2026-08-08T17:27:42.403Z","Direct Detail URL: https://www.google.com/maps/place/La+Casa+del+Tomahawk/@-2.1684545,-79.9245565,12z/data=!4m10!1m2!2m1!1sLa+Casa+del+TomaHawk!3m6!1s0x902d6d4de8ed298d:0x48d3331a35e70a89!8m2!3d-2.142207!4d-79.9036767!15sChRMYSBDYXNhIGRlbCBUb21hSGF3ayIDiAEBWhYiFGxhIGNhc2EgZGVsIHRvbWFoYXdrkgEKcmVzdGF1cmFudOABAA!16s%2Fg%2F11g73597ns?entry=ttu&g_ep=EgoyMDI2MDgwNS4xIKXMDSoASAFQAw%3D%3D","5",,"Av. Francisco de Orellana","false","Bonito lugar con sabores increíble en sus platos especiales.. Lo recomiendo.",,"La Casa del Tomahawk","4.3",,"https://www.google.com/maps/search/?api=1&query=La%20Casa%20del%20Tomahawk&query_place_id=ChIJjSnt6E1tLZARiQrnNRoz00g",
"Av. Francisco de Orellana, 090508 Guayaquil, Ecuador","Restaurante","Restaurante","5247594178483260041","Guayaquil","EC","0x902d6d4de8ed298d:0x48d3331a35e70a89",,"https://lh3.googleusercontent.com/gps-cs-s/AHRPTWlKtARv4uZa_c0E1ciQrsvkVWlAt0OWnqG49SXXKn1JlecdPQYXZPK_TxCCl87SigA3GX2PU04pnOiGW41Pbav9OeLEW4TIc3Cj6awxMxvlp60hmHuReYtoJRuWyBWhvz5q8lLz2Q=w408-h272-k-no","false","true","/g/11g73597ns","es-419","0","-2.142207","-79.9036767",,"Alborada Oeste","es","false","ChIJjSnt6E1tLZARiQrnNRoz00g",,"$10-25","Hace 4 meses","2026-03-25T16:42:25.901Z",,,,,,,,,,,,,,,,,,,,,,"4","3","3","Ci9DQUlRQUNvZENodHljRjlvT2xScVVHRkhUalUxTTE5Sk1sbzRlSGxCWm5KU1dWRRAB",,,,,,,,,"Google",,,"15",,,"3594","2026-08-08T17:27:42.403Z","Direct Detail URL: https://www.google.com/maps/place/La+Casa+del+Tomahawk/@-2.1684545,-79.9245565,12z/data=!4m10!1m2!2m1!1sLa+Casa+del+TomaHawk!3m6!1s0x902d6d4de8ed298d:0x48d3331a35e70a89!8m2!3d-2.142207!4d-79.9036767!15sChRMYSBDYXNhIGRlbCBUb21hSGF3ayIDiAEBWhYiFGxhIGNhc2EgZGVsIHRvbWFoYXdrkgEKcmVzdGF1cmFudOABAA!16s%2Fg%2F11g73597ns?entry=ttu&g_ep=EgoyMDI2MDgwNS4xIKXMDSoASAFQAw%3D%3D","4",,"Av. Francisco de Orellana","false","El lugar muy bueno, la comida muy buena, precios algo altos. Como para una ocasión especial cuando tengas suficiente dinero porque no te saldrá nada barato.",,"La Casa del Tomahawk","4.3",,"https://www.google.com/maps/search/?api=1&query=La%20Casa%20del%20Tomahawk&query_place_id=ChIJjSnt6E1tLZARiQrnNRoz00g",
"Av. Francisco de Orellana, 090508 Guayaquil, Ecuador","Restaurante","Restaurante","5247594178483260041","Guayaquil","EC","0x902d6d4de8ed298d:0x48d3331a35e70a89",,"https://lh3.googleusercontent.com/gps-cs-s/AHRPTWlKtARv4uZa_c0E1ciQrsvkVWlAt0OWnqG49SXXKn1JlecdPQYXZPK_TxCCl87SigA3GX2PU04pnOiGW41Pbav9OeLEW4TIc3Cj6awxMxvlp60hmHuReYtoJRuWyBWhvz5q8lLz2Q=w408-h272-k-no","false","false","/g/11g73597ns","es-419","0","-2.142207","-79.9036767",,"Alborada Oeste","es","false","ChIJjSnt6E1tLZARiQrnNRoz00g",,"$10-25","Hace 4 meses","2026-03-23T00:34:13.845Z",,,,,,,,,,,,,,"$5-10",,,,,,,,"3","4","2","Ci9DQUlRQUNvZENodHljRjlvT2xodlNFOWtZV2RXVlcwMExXNVJla1ZyYmkxRlNWRRAB",,,,,,,,,"Google",,,"4",,,"3594","2026-08-08T17:27:42.403Z","Direct Detail URL: https://www.google.com/maps/place/La+Casa+del+Tomahawk/@-2.1684545,-79.9245565,12z/data=!4m10!1m2!2m1!1sLa+Casa+del+TomaHawk!3m6!1s0x902d6d4de8ed298d:0x48d3331a35e70a89!8m2!3d-2.142207!4d-79.9036767!15sChRMYSBDYXNhIGRlbCBUb21hSGF3ayIDiAEBWhYiFGxhIGNhc2EgZGVsIHRvbWFoYXdrkgEKcmVzdGF1cmFudOABAA!16s%2Fg%2F11g73597ns?entry=ttu&g_ep=EgoyMDI2MDgwNS4xIKXMDSoASAFQAw%3D%3D","3",,"Av. Francisco de Orellana","false","Muy mal servicio a la mesa. Falta de atención. Mucha de los meseros. Por favor capacitar el personal
De resto todo muy rico. Y el jugo de maracuyá. Super.",,"La Casa del Tomahawk","4.3",,"https://www.google.com/maps/search/?api=1&query=La%20Casa%20del%20Tomahawk&query_place_id=ChIJjSnt6E1tLZARiQrnNRoz00g",
"Av. Francisco de Orellana, 090508 Guayaquil, Ecuador","Restaurante","Restaurante","5247594178483260041","Guayaquil","EC","0x902d6d4de8ed298d:0x48d3331a35e70a89",,"https://lh3.googleusercontent.com/gps-cs-s/AHRPTWlKtARv4uZa_c0E1ciQrsvkVWlAt0OWnqG49SXXKn1JlecdPQYXZPK_TxCCl87SigA3GX2PU04pnOiGW41Pbav9OeLEW4TIc3Cj6awxMxvlp60hmHuReYtoJRuWyBWhvz5q8lLz2Q=w408-h272-k-no","false","false","/g/11g73597ns","es-419","0","-2.142207","-79.9036767",,"Alborada Oeste",,"false","ChIJjSnt6E1tLZARiQrnNRoz00g",,"$10-25","Hace 4 meses","2026-03-21T23:20:07.622Z",,,,,,,,,,,,,,,,,,,,,,"3","4","4","Ci9DQUlRQUNvZENodHljRjlvT210cWFYQjVSbGRYT0hOblJ6aEtaVEJ3UTFSc01uYxAB",,,,,,,,,"Google",,,"0",,,"3594","2026-08-08T17:27:42.403Z","Direct Detail URL: https://www.google.com/maps/place/La+Casa+del+Tomahawk/@-2.1684545,-79.9245565,12z/data=!4m10!1m2!2m1!1sLa+Casa+del+TomaHawk!3m6!1s0x902d6d4de8ed298d:0x48d3331a35e70a89!8m2!3d-2.142207!4d-79.9036767!15sChRMYSBDYXNhIGRlbCBUb21hSGF3ayIDiAEBWhYiFGxhIGNhc2EgZGVsIHRvbWFoYXdrkgEKcmVzdGF1cmFudOABAA!16s%2Fg%2F11g73597ns?entry=ttu&g_ep=EgoyMDI2MDgwNS4xIKXMDSoASAFQAw%3D%3D","5",,"Av. Francisco de Orellana","false",,,"La Casa del Tomahawk","4.3",,"https://www.google.com/maps/search/?api=1&query=La%20Casa%20del%20Tomahawk&query_place_id=ChIJjSnt6E1tLZARiQrnNRoz00g",
"Av. Francisco de Orellana, 090508 Guayaquil, Ecuador","Restaurante","Restaurante","5247594178483260041","Guayaquil","EC","0x902d6d4de8ed298d:0x48d3331a35e70a89",,"https://lh3.googleusercontent.com/gps-cs-s/AHRPTWlKtARv4uZa_c0E1ciQrsvkVWlAt0OWnqG49SXXKn1JlecdPQYXZPK_TxCCl87SigA3GX2PU04pnOiGW41Pbav9OeLEW4TIc3Cj6awxMxvlp60hmHuReYtoJRuWyBWhvz5q8lLz2Q=w408-h272-k-no","false","false","/g/11g73597ns","es-419","0","-2.142207","-79.9036767",,"Alborada Oeste","pt","false","ChIJjSnt6E1tLZARiQrnNRoz00g",,"$10-25","Hace 4 meses","2026-03-21T22:08:36.040Z",,,,,,,,,,,,,,,,,,,,,,"5","5","5","Ci9DQUlRQUNvZENodHljRjlvT2tWWlFsWkhTbTFNUVRaWU5tWnVSSFpTU2tWdVNYYxAB",,,,,,,,,"Google",,,"1",,,"3594","2026-08-08T17:27:42.403Z","Direct Detail URL: https://www.google.com/maps/place/La+Casa+del+Tomahawk/@-2.1684545,-79.9245565,12z/data=!4m10!1m2!2m1!1sLa+Casa+del+TomaHawk!3m6!1s0x902d6d4de8ed298d:0x48d3331a35e70a89!8m2!3d-2.142207!4d-79.9036767!15sChRMYSBDYXNhIGRlbCBUb21hSGF3ayIDiAEBWhYiFGxhIGNhc2EgZGVsIHRvbWFoYXdrkgEKcmVzdGF1cmFudOABAA!16s%2Fg%2F11g73597ns?entry=ttu&g_ep=EgoyMDI2MDgwNS4xIKXMDSoASAFQAw%3D%3D","5",,"Av. Francisco de Orellana","false","Excelente antecion","Excelente atención","La Casa del Tomahawk","4.3","es","https://www.google.com/maps/search/?api=1&query=La%20Casa%20del%20Tomahawk&query_place_id=ChIJjSnt6E1tLZARiQrnNRoz00g",
"Av. Francisco de Orellana, 090508 Guayaquil, Ecuador","Restaurante","Restaurante","5247594178483260041","Guayaquil","EC","0x902d6d4de8ed298d:0x48d3331a35e70a89",,"https://lh3.googleusercontent.com/gps-cs-s/AHRPTWlKtARv4uZa_c0E1ciQrsvkVWlAt0OWnqG49SXXKn1JlecdPQYXZPK_TxCCl87SigA3GX2PU04pnOiGW41Pbav9OeLEW4TIc3Cj6awxMxvlp60hmHuReYtoJRuWyBWhvz5q8lLz2Q=w408-h272-k-no","false","false","/g/11g73597ns","es-419","0","-2.142207","-79.9036767",,"Alborada Oeste","es","false","ChIJjSnt6E1tLZARiQrnNRoz00g",,"$10-25","Hace 4 meses","2026-03-21T22:05:03.492Z",,,,,,,,,,,,,,,,,,,,,,"5","5","5","Ci9DQUlRQUNvZENodHljRjlvT201WWRETjJlbEZ0WmtNMU1FeHJlREZTYlhGYUxXYxAB",,,,,,,,,"Google",,,"1",,,"3594","2026-08-08T17:27:42.403Z","Direct Detail URL: https://www.google.com/maps/place/La+Casa+del+Tomahawk/@-2.1684545,-79.9245565,12z/data=!4m10!1m2!2m1!1sLa+Casa+del+TomaHawk!3m6!1s0x902d6d4de8ed298d:0x48d3331a35e70a89!8m2!3d-2.142207!4d-79.9036767!15sChRMYSBDYXNhIGRlbCBUb21hSGF3ayIDiAEBWhYiFGxhIGNhc2EgZGVsIHRvbWFoYXdrkgEKcmVzdGF1cmFudOABAA!16s%2Fg%2F11g73597ns?entry=ttu&g_ep=EgoyMDI2MDgwNS4xIKXMDSoASAFQAw%3D%3D","5",,"Av. Francisco de Orellana","false","Muy buena experiencia",,"La Casa del Tomahawk","4.3",,"https://www.google.com/maps/search/?api=1&query=La%20Casa%20del%20Tomahawk&query_place_id=ChIJjSnt6E1tLZARiQrnNRoz00g",
"Av. Francisco de Orellana, 090508 Guayaquil, Ecuador","Restaurante","Restaurante","5247594178483260041","Guayaquil","EC","0x902d6d4de8ed298d:0x48d3331a35e70a89",,"https://lh3.googleusercontent.com/gps-cs-s/AHRPTWlKtARv4uZa_c0E1ciQrsvkVWlAt0OWnqG49SXXKn1JlecdPQYXZPK_TxCCl87SigA3GX2PU04pnOiGW41Pbav9OeLEW4TIc3Cj6awxMxvlp60hmHuReYtoJRuWyBWhvz5q8lLz2Q=w408-h272-k-no","false","false","/g/11g73597ns","es-419","0","-2.142207","-79.9036767",,"Alborada Oeste",,"false","ChIJjSnt6E1tLZARiQrnNRoz00g",,"$10-25","Hace 4 meses","2026-03-21T21:26:54.378Z",,,,,,,,,,,,,,,,,,,,,,"5","5","5","Ci9DQUlRQUNvZENodHljRjlvT25VdFZuWktOM0ZyWTBwU1N6RkNhemcwUjJSdGFIYxAB",,,,,,,,,"Google",,,"1",,,"3594","2026-08-08T17:27:42.403Z","Direct Detail URL: https://www.google.com/maps/place/La+Casa+del+Tomahawk/@-2.1684545,-79.9245565,12z/data=!4m10!1m2!2m1!1sLa+Casa+del+TomaHawk!3m6!1s0x902d6d4de8ed298d:0x48d3331a35e70a89!8m2!3d-2.142207!4d-79.9036767!15sChRMYSBDYXNhIGRlbCBUb21hSGF3ayIDiAEBWhYiFGxhIGNhc2EgZGVsIHRvbWFoYXdrkgEKcmVzdGF1cmFudOABAA!16s%2Fg%2F11g73597ns?entry=ttu&g_ep=EgoyMDI2MDgwNS4xIKXMDSoASAFQAw%3D%3D","5",,"Av. Francisco de Orellana","false",,,"La Casa del Tomahawk","4.3",,"https://www.google.com/maps/search/?api=1&query=La%20Casa%20del%20Tomahawk&query_place_id=ChIJjSnt6E1tLZARiQrnNRoz00g",
"Av. Francisco de Orellana, 090508 Guayaquil, Ecuador","Restaurante","Restaurante","5247594178483260041","Guayaquil","EC","0x902d6d4de8ed298d:0x48d3331a35e70a89",,"https://lh3.googleusercontent.com/gps-cs-s/AHRPTWlKtARv4uZa_c0E1ciQrsvkVWlAt0OWnqG49SXXKn1JlecdPQYXZPK_TxCCl87SigA3GX2PU04pnOiGW41Pbav9OeLEW4TIc3Cj6awxMxvlp60hmHuReYtoJRuWyBWhvz5q8lLz2Q=w408-h272-k-no","false","false","/g/11g73597ns","es-419","0","-2.142207","-79.9036767",,"Alborada Oeste","es","false","ChIJjSnt6E1tLZARiQrnNRoz00g",,"$10-25","Hace 4 meses","2026-03-21T20:55:15.710Z",,,,,,,,,,,,,,,,,,,,,,"5","5","5","Ci9DQUlRQUNvZENodHljRjlvT2pGVFMxSkphRFphU21GTGVIZGxUbnB1VUVkRlltYxAB",,,,,,,,,"Google",,,"2",,,"3594","2026-08-08T17:27:42.403Z","Direct Detail URL: https://www.google.com/maps/place/La+Casa+del+Tomahawk/@-2.1684545,-79.9245565,12z/data=!4m10!1m2!2m1!1sLa+Casa+del+TomaHawk!3m6!1s0x902d6d4de8ed298d:0x48d3331a35e70a89!8m2!3d-2.142207!4d-79.9036767!15sChRMYSBDYXNhIGRlbCBUb21hSGF3ayIDiAEBWhYiFGxhIGNhc2EgZGVsIHRvbWFoYXdrkgEKcmVzdGF1cmFudOABAA!16s%2Fg%2F11g73597ns?entry=ttu&g_ep=EgoyMDI2MDgwNS4xIKXMDSoASAFQAw%3D%3D","5",,"Av. Francisco de Orellana","false","La atención estuvo excelente y la comida riquisima.",,"La Casa del Tomahawk","4.3",,"https://www.google.com/maps/search/?api=1&query=La%20Casa%20del%20Tomahawk&query_place_id=ChIJjSnt6E1tLZARiQrnNRoz00g",
"Av. Francisco de Orellana, 090508 Guayaquil, Ecuador","Restaurante","Restaurante","5247594178483260041","Guayaquil","EC","0x902d6d4de8ed298d:0x48d3331a35e70a89",,"https://lh3.googleusercontent.com/gps-cs-s/AHRPTWlKtARv4uZa_c0E1ciQrsvkVWlAt0OWnqG49SXXKn1JlecdPQYXZPK_TxCCl87SigA3GX2PU04pnOiGW41Pbav9OeLEW4TIc3Cj6awxMxvlp60hmHuReYtoJRuWyBWhvz5q8lLz2Q=w408-h272-k-no","false","false","/g/11g73597ns","es-419","0","-2.142207","-79.9036767",,"Alborada Oeste","es","false","ChIJjSnt6E1tLZARiQrnNRoz00g",,"$10-25","Hace 4 meses","2026-03-21T20:33:43.973Z",,,,,,,,,,,,,,,,,,,,,,"5","5","5","Ci9DQUlRQUNvZENodHljRjlvT2s1bk4yeFNNMGxmVTAxQ1JuRmthbmQwYjBoc04yYxAB",,,,,,,,,"Google",,,"1",,,"3594","2026-08-08T17:27:42.403Z","Direct Detail URL: https://www.google.com/maps/place/La+Casa+del+Tomahawk/@-2.1684545,-79.9245565,12z/data=!4m10!1m2!2m1!1sLa+Casa+del+TomaHawk!3m6!1s0x902d6d4de8ed298d:0x48d3331a35e70a89!8m2!3d-2.142207!4d-79.9036767!15sChRMYSBDYXNhIGRlbCBUb21hSGF3ayIDiAEBWhYiFGxhIGNhc2EgZGVsIHRvbWFoYXdrkgEKcmVzdGF1cmFudOABAA!16s%2Fg%2F11g73597ns?entry=ttu&g_ep=EgoyMDI2MDgwNS4xIKXMDSoASAFQAw%3D%3D","5",,"Av. Francisco de Orellana","false","Espectacular 10/10, muy buena la comida y excelente servicio.",,"La Casa del Tomahawk","4.3",,"https://www.google.com/maps/search/?api=1&query=La%20Casa%20del%20Tomahawk&query_place_id=ChIJjSnt6E1tLZARiQrnNRoz00g",
"Av. Francisco de Orellana, 090508 Guayaquil, Ecuador","Restaurante","Restaurante","5247594178483260041","Guayaquil","EC","0x902d6d4de8ed298d:0x48d3331a35e70a89",,"https://lh3.googleusercontent.com/gps-cs-s/AHRPTWlKtARv4uZa_c0E1ciQrsvkVWlAt0OWnqG49SXXKn1JlecdPQYXZPK_TxCCl87SigA3GX2PU04pnOiGW41Pbav9OeLEW4TIc3Cj6awxMxvlp60hmHuReYtoJRuWyBWhvz5q8lLz2Q=w408-h272-k-no","false","false","/g/11g73597ns","es-419","0","-2.142207","-79.9036767",,"Alborada Oeste",,"false","ChIJjSnt6E1tLZARiQrnNRoz00g",,"$10-25","Hace 4 meses","2026-03-21T19:53:59.932Z",,,,,,,,,,,,,,,,,,,,,,"5","5","5","Ci9DQUlRQUNvZENodHljRjlvT2tadFRrdElkREZYYjFkV01HOXZVbEJVWTBobFRWRRAB",,,,,,,,,"Google",,,"0",,,"3594","2026-08-08T17:27:42.403Z","Direct Detail URL: https://www.google.com/maps/place/La+Casa+del+Tomahawk/@-2.1684545,-79.9245565,12z/data=!4m10!1m2!2m1!1sLa+Casa+del+TomaHawk!3m6!1s0x902d6d4de8ed298d:0x48d3331a35e70a89!8m2!3d-2.142207!4d-79.9036767!15sChRMYSBDYXNhIGRlbCBUb21hSGF3ayIDiAEBWhYiFGxhIGNhc2EgZGVsIHRvbWFoYXdrkgEKcmVzdGF1cmFudOABAA!16s%2Fg%2F11g73597ns?entry=ttu&g_ep=EgoyMDI2MDgwNS4xIKXMDSoASAFQAw%3D%3D","5",,"Av. Francisco de Orellana","false",,,"La Casa del Tomahawk","4.3",,"https://www.google.com/maps/search/?api=1&query=La%20Casa%20del%20Tomahawk&query_place_id=ChIJjSnt6E1tLZARiQrnNRoz00g",
"Av. Francisco de Orellana, 090508 Guayaquil, Ecuador","Restaurante","Restaurante","5247594178483260041","Guayaquil","EC","0x902d6d4de8ed298d:0x48d3331a35e70a89",,"https://lh3.googleusercontent.com/gps-cs-s/AHRPTWlKtARv4uZa_c0E1ciQrsvkVWlAt0OWnqG49SXXKn1JlecdPQYXZPK_TxCCl87SigA3GX2PU04pnOiGW41Pbav9OeLEW4TIc3Cj6awxMxvlp60hmHuReYtoJRuWyBWhvz5q8lLz2Q=w408-h272-k-no","false","false","/g/11g73597ns","es-419","0","-2.142207","-79.9036767",,"Alborada Oeste",,"false","ChIJjSnt6E1tLZARiQrnNRoz00g",,"$10-25","Hace 4 meses","2026-03-18T20:05:26.144Z",,,,,,,,,,,,,,"$15-20",,,,,,,,"4","4","4","Ci9DQUlRQUNvZENodHljRjlvT20xalR6VnpjMEpGUTJkalpXRkJWVkZZVUdOSlZYYxAB",,,,,,,,,"Google",,,"0",,,"3594","2026-08-08T17:27:42.403Z","Direct Detail URL: https://www.google.com/maps/place/La+Casa+del+Tomahawk/@-2.1684545,-79.9245565,12z/data=!4m10!1m2!2m1!1sLa+Casa+del+TomaHawk!3m6!1s0x902d6d4de8ed298d:0x48d3331a35e70a89!8m2!3d-2.142207!4d-79.9036767!15sChRMYSBDYXNhIGRlbCBUb21hSGF3ayIDiAEBWhYiFGxhIGNhc2EgZGVsIHRvbWFoYXdrkgEKcmVzdGF1cmFudOABAA!16s%2Fg%2F11g73597ns?entry=ttu&g_ep=EgoyMDI2MDgwNS4xIKXMDSoASAFQAw%3D%3D","4",,"Av. Francisco de Orellana","false",,,"La Casa del Tomahawk","4.3",,"https://www.google.com/maps/search/?api=1&query=La%20Casa%20del%20Tomahawk&query_place_id=ChIJjSnt6E1tLZARiQrnNRoz00g",
"Av. Francisco de Orellana, 090508 Guayaquil, Ecuador","Restaurante","Restaurante","5247594178483260041","Guayaquil","EC","0x902d6d4de8ed298d:0x48d3331a35e70a89",,"https://lh3.googleusercontent.com/gps-cs-s/AHRPTWlKtARv4uZa_c0E1ciQrsvkVWlAt0OWnqG49SXXKn1JlecdPQYXZPK_TxCCl87SigA3GX2PU04pnOiGW41Pbav9OeLEW4TIc3Cj6awxMxvlp60hmHuReYtoJRuWyBWhvz5q8lLz2Q=w408-h272-k-no","false","true","/g/11g73597ns","es-419","0","-2.142207","-79.9036767",,"Alborada Oeste",,"false","ChIJjSnt6E1tLZARiQrnNRoz00g",,"$10-25","Hace 4 meses","2026-03-16T19:07:56.179Z",,,,,,,,,,,,,,"$5-10",,,,,,,,"3","3","5","Ci9DQUlRQUNvZENodHljRjlvT2xOQ1ZHaDROVzl4T0hkWGFVNTVRa3BzTlU0MGVYYxAB",,,,,,,,,"Google",,,"14",,,"3594","2026-08-08T17:27:42.403Z","Direct Detail URL: https://www.google.com/maps/place/La+Casa+del+Tomahawk/@-2.1684545,-79.9245565,12z/data=!4m10!1m2!2m1!1sLa+Casa+del+TomaHawk!3m6!1s0x902d6d4de8ed298d:0x48d3331a35e70a89!8m2!3d-2.142207!4d-79.9036767!15sChRMYSBDYXNhIGRlbCBUb21hSGF3ayIDiAEBWhYiFGxhIGNhc2EgZGVsIHRvbWFoYXdrkgEKcmVzdGF1cmFudOABAA!16s%2Fg%2F11g73597ns?entry=ttu&g_ep=EgoyMDI2MDgwNS4xIKXMDSoASAFQAw%3D%3D","3",,"Av. Francisco de Orellana","false",,,"La Casa del Tomahawk","4.3",,"https://www.google.com/maps/search/?api=1&query=La%20Casa%20del%20Tomahawk&query_place_id=ChIJjSnt6E1tLZARiQrnNRoz00g",
"Av. Francisco de Orellana, 090508 Guayaquil, Ecuador","Restaurante","Restaurante","5247594178483260041","Guayaquil","EC","0x902d6d4de8ed298d:0x48d3331a35e70a89",,"https://lh3.googleusercontent.com/gps-cs-s/AHRPTWlKtARv4uZa_c0E1ciQrsvkVWlAt0OWnqG49SXXKn1JlecdPQYXZPK_TxCCl87SigA3GX2PU04pnOiGW41Pbav9OeLEW4TIc3Cj6awxMxvlp60hmHuReYtoJRuWyBWhvz5q8lLz2Q=w408-h272-k-no","false","true","/g/11g73597ns","es-419","0","-2.142207","-79.9036767",,"Alborada Oeste",,"false","ChIJjSnt6E1tLZARiQrnNRoz00g",,"$10-25","Hace 4 meses","2026-03-11T19:59:30.172Z",,,,,,,,"Otros",,,,,,"$15-20",,,,"Sin espera",,"Otro",,"5","5","5","Ci9DQUlRQUNvZENodHljRjlvT25Zd2QwbENjV1JqYVRGdlpVbzRYMkZFWWs5Q09IYxAB",,,,,,,,,"Google",,,"63",,,"3594","2026-08-08T17:27:42.403Z","Direct Detail URL: https://www.google.com/maps/place/La+Casa+del+Tomahawk/@-2.1684545,-79.9245565,12z/data=!4m10!1m2!2m1!1sLa+Casa+del+TomaHawk!3m6!1s0x902d6d4de8ed298d:0x48d3331a35e70a89!8m2!3d-2.142207!4d-79.9036767!15sChRMYSBDYXNhIGRlbCBUb21hSGF3ayIDiAEBWhYiFGxhIGNhc2EgZGVsIHRvbWFoYXdrkgEKcmVzdGF1cmFudOABAA!16s%2Fg%2F11g73597ns?entry=ttu&g_ep=EgoyMDI2MDgwNS4xIKXMDSoASAFQAw%3D%3D","5",,"Av. Francisco de Orellana","false",,,"La Casa del Tomahawk","4.3",,"https://www.google.com/maps/search/?api=1&query=La%20Casa%20del%20Tomahawk&query_place_id=ChIJjSnt6E1tLZARiQrnNRoz00g",
"Av. Francisco de Orellana, 090508 Guayaquil, Ecuador","Restaurante","Restaurante","5247594178483260041","Guayaquil","EC","0x902d6d4de8ed298d:0x48d3331a35e70a89",,"https://lh3.googleusercontent.com/gps-cs-s/AHRPTWlKtARv4uZa_c0E1ciQrsvkVWlAt0OWnqG49SXXKn1JlecdPQYXZPK_TxCCl87SigA3GX2PU04pnOiGW41Pbav9OeLEW4TIc3Cj6awxMxvlp60hmHuReYtoJRuWyBWhvz5q8lLz2Q=w408-h272-k-no","false","false","/g/11g73597ns","es-419","0","-2.142207","-79.9036767",,"Alborada Oeste","es","false","ChIJjSnt6E1tLZARiQrnNRoz00g",,"$10-25","Editado Hace 4 meses","2026-03-11T00:38:25.382Z",,"2025-08-24T02:24:31.000Z","Thank you for your 4-star rating! We appreciate your feedback and are glad to hear that you had a positive experience with us. If there's anything specific you'd like to share or any way we could improve, please let us know. We look forward to serving you again!",,,,,,,,,,,"$10-15",,,,,,,,,"4","2","Ci9DQUlRQUNvZENodHljRjlvT21KSE5qWTBhMDFmY1VoU2IyczBhR1pEYzFKRVRFRRAB",,,,,,,,,"Google",,,"3",,,"3594","2026-08-08T17:27:42.403Z","Direct Detail URL: https://www.google.com/maps/place/La+Casa+del+Tomahawk/@-2.1684545,-79.9245565,12z/data=!4m10!1m2!2m1!1sLa+Casa+del+TomaHawk!3m6!1s0x902d6d4de8ed298d:0x48d3331a35e70a89!8m2!3d-2.142207!4d-79.9036767!15sChRMYSBDYXNhIGRlbCBUb21hSGF3ayIDiAEBWhYiFGxhIGNhc2EgZGVsIHRvbWFoYXdrkgEKcmVzdGF1cmFudOABAA!16s%2Fg%2F11g73597ns?entry=ttu&g_ep=EgoyMDI2MDgwNS4xIKXMDSoASAFQAw%3D%3D","3",,"Av. Francisco de Orellana","false","La comida es muy rica, pero siempre demoran en atender y en llevarte tu comida, deberían mejorar en eso.",,"La Casa del Tomahawk","4.3",,"https://www.google.com/maps/search/?api=1&query=La%20Casa%20del%20Tomahawk&query_place_id=ChIJjSnt6E1tLZARiQrnNRoz00g",
"Av. Francisco de Orellana, 090508 Guayaquil, Ecuador","Restaurante","Restaurante","5247594178483260041","Guayaquil","EC","0x902d6d4de8ed298d:0x48d3331a35e70a89",,"https://lh3.googleusercontent.com/gps-cs-s/AHRPTWlKtARv4uZa_c0E1ciQrsvkVWlAt0OWnqG49SXXKn1JlecdPQYXZPK_TxCCl87SigA3GX2PU04pnOiGW41Pbav9OeLEW4TIc3Cj6awxMxvlp60hmHuReYtoJRuWyBWhvz5q8lLz2Q=w408-h272-k-no","false","true","/g/11g73597ns","es-419","0","-2.142207","-79.9036767",,"Alborada Oeste","es","false","ChIJjSnt6E1tLZARiQrnNRoz00g",,"$10-25","Hace 4 meses","2026-03-08T22:53:46.157Z",,,,,,,,,,,,,,"$5-10",,,,,,,,"2","2","2","Ci9DQUlRQUNvZENodHljRjlvT2tsRlZISkRkMnRHUmpsR1FsYzVVbWhmYldKek1tYxAB",,,,,,,,,"Google",,,"37",,,"3594","2026-08-08T17:27:42.403Z","Direct Detail URL: https://www.google.com/maps/place/La+Casa+del+Tomahawk/@-2.1684545,-79.9245565,12z/data=!4m10!1m2!2m1!1sLa+Casa+del+TomaHawk!3m6!1s0x902d6d4de8ed298d:0x48d3331a35e70a89!8m2!3d-2.142207!4d-79.9036767!15sChRMYSBDYXNhIGRlbCBUb21hSGF3ayIDiAEBWhYiFGxhIGNhc2EgZGVsIHRvbWFoYXdrkgEKcmVzdGF1cmFudOABAA!16s%2Fg%2F11g73597ns?entry=ttu&g_ep=EgoyMDI2MDgwNS4xIKXMDSoASAFQAw%3D%3D","2",,"Av. Francisco de Orellana","false","No pueden manejar adecuadamente grandes volúmenes de personas, el lugar estaba lleno de gente, los pedidos salieron tarde, las alas estaban resecas y sin casi nada de salsa, las papas rústicas aguadas y una limonada simple aguada y le faltaba dulce. Tal vez con menos gente podría ser que el sabor sea mejor",,"La Casa del Tomahawk","4.3",,"https://www.google.com/maps/search/?api=1&query=La%20Casa%20del%20Tomahawk&query_place_id=ChIJjSnt6E1tLZARiQrnNRoz00g",
"Av. Francisco de Orellana, 090508 Guayaquil, Ecuador","Restaurante","Restaurante","5247594178483260041","Guayaquil","EC","0x902d6d4de8ed298d:0x48d3331a35e70a89",,"https://lh3.googleusercontent.com/gps-cs-s/AHRPTWlKtARv4uZa_c0E1ciQrsvkVWlAt0OWnqG49SXXKn1JlecdPQYXZPK_TxCCl87SigA3GX2PU04pnOiGW41Pbav9OeLEW4TIc3Cj6awxMxvlp60hmHuReYtoJRuWyBWhvz5q8lLz2Q=w408-h272-k-no","false","true","/g/11g73597ns","es-419","0","-2.142207","-79.9036767",,"Alborada Oeste",,"false","ChIJjSnt6E1tLZARiQrnNRoz00g",,"$10-25","Hace 5 meses","2026-03-08T05:44:25.030Z",,,,,,,,,,,,,,,,,,,,,,,,,"Ci9DQUlRQUNvZENodHljRjlvT25waWFGcFlUbmhJVVV0RmJFWkVRVVIxWjAxdFFXYxAB",,,,,,,,,"Google",,,"27",,,"3594","2026-08-08T17:27:42.403Z","Direct Detail URL: https://www.google.com/maps/place/La+Casa+del+Tomahawk/@-2.1684545,-79.9245565,12z/data=!4m10!1m2!2m1!1sLa+Casa+del+TomaHawk!3m6!1s0x902d6d4de8ed298d:0x48d3331a35e70a89!8m2!3d-2.142207!4d-79.9036767!15sChRMYSBDYXNhIGRlbCBUb21hSGF3ayIDiAEBWhYiFGxhIGNhc2EgZGVsIHRvbWFoYXdrkgEKcmVzdGF1cmFudOABAA!16s%2Fg%2F11g73597ns?entry=ttu&g_ep=EgoyMDI2MDgwNS4xIKXMDSoASAFQAw%3D%3D","5",,"Av. Francisco de Orellana","false",,,"La Casa del Tomahawk","4.3",,"https://www.google.com/maps/search/?api=1&query=La%20Casa%20del%20Tomahawk&query_place_id=ChIJjSnt6E1tLZARiQrnNRoz00g",
"Av. Francisco de Orellana, 090508 Guayaquil, Ecuador","Restaurante","Restaurante","5247594178483260041","Guayaquil","EC","0x902d6d4de8ed298d:0x48d3331a35e70a89",,"https://lh3.googleusercontent.com/gps-cs-s/AHRPTWlKtARv4uZa_c0E1ciQrsvkVWlAt0OWnqG49SXXKn1JlecdPQYXZPK_TxCCl87SigA3GX2PU04pnOiGW41Pbav9OeLEW4TIc3Cj6awxMxvlp60hmHuReYtoJRuWyBWhvz5q8lLz2Q=w408-h272-k-no","false","false","/g/11g73597ns","es-419","0","-2.142207","-79.9036767",,"Alborada Oeste","es","false","ChIJjSnt6E1tLZARiQrnNRoz00g",,"$10-25","Hace 5 meses","2026-03-06T02:30:21.616Z",,,,,,,,,,,,,,,,,,,,,,"5","5","5","Ci9DQUlRQUNvZENodHljRjlvT2psTGNHbEJiRVJoUTNRMFMyeHhRM0prVjFjMlVWRRAB",,,,,,,,,"Google",,,"1",,,"3594","2026-08-08T17:27:42.403Z","Direct Detail URL: https://www.google.com/maps/place/La+Casa+del+Tomahawk/@-2.1684545,-79.9245565,12z/data=!4m10!1m2!2m1!1sLa+Casa+del+TomaHawk!3m6!1s0x902d6d4de8ed298d:0x48d3331a35e70a89!8m2!3d-2.142207!4d-79.9036767!15sChRMYSBDYXNhIGRlbCBUb21hSGF3ayIDiAEBWhYiFGxhIGNhc2EgZGVsIHRvbWFoYXdrkgEKcmVzdGF1cmFudOABAA!16s%2Fg%2F11g73597ns?entry=ttu&g_ep=EgoyMDI2MDgwNS4xIKXMDSoASAFQAw%3D%3D","5",,"Av. Francisco de Orellana","false","La comida super buena",,"La Casa del Tomahawk","4.3",,"https://www.google.com/maps/search/?api=1&query=La%20Casa%20del%20Tomahawk&query_place_id=ChIJjSnt6E1tLZARiQrnNRoz00g",
"Av. Francisco de Orellana, 090508 Guayaquil, Ecuador","Restaurante","Restaurante","5247594178483260041","Guayaquil","EC","0x902d6d4de8ed298d:0x48d3331a35e70a89",,"https://lh3.googleusercontent.com/gps-cs-s/AHRPTWlKtARv4uZa_c0E1ciQrsvkVWlAt0OWnqG49SXXKn1JlecdPQYXZPK_TxCCl87SigA3GX2PU04pnOiGW41Pbav9OeLEW4TIc3Cj6awxMxvlp60hmHuReYtoJRuWyBWhvz5q8lLz2Q=w408-h272-k-no","false","false","/g/11g73597ns","es-419","0","-2.142207","-79.9036767",,"Alborada Oeste","es","false","ChIJjSnt6E1tLZARiQrnNRoz00g",,"$10-25","Editado Hace 5 meses","2026-03-02T00:30:48.513Z",,"2024-11-12T20:19:45.000Z","❤",,,,,,,,,,,,,,,,,,,"5","5","5","ChdDSUhNMG9nS0VJQ0FnSUQzakwzNjJ3RRAB",,,,,,,,,"Google",,,"2",,,"3594","2026-08-08T17:27:42.403Z","Direct Detail URL: https://www.google.com/maps/place/La+Casa+del+Tomahawk/@-2.1684545,-79.9245565,12z/data=!4m10!1m2!2m1!1sLa+Casa+del+TomaHawk!3m6!1s0x902d6d4de8ed298d:0x48d3331a35e70a89!8m2!3d-2.142207!4d-79.9036767!15sChRMYSBDYXNhIGRlbCBUb21hSGF3ayIDiAEBWhYiFGxhIGNhc2EgZGVsIHRvbWFoYXdrkgEKcmVzdGF1cmFudOABAA!16s%2Fg%2F11g73597ns?entry=ttu&g_ep=EgoyMDI2MDgwNS4xIKXMDSoASAFQAw%3D%3D","5",,"Av. Francisco de Orellana","false","La comida es muy rica 🥳",,"La Casa del Tomahawk","4.3",,"https://www.google.com/maps/search/?api=1&query=La%20Casa%20del%20Tomahawk&query_place_id=ChIJjSnt6E1tLZARiQrnNRoz00g",
"Av. Francisco de Orellana, 090508 Guayaquil, Ecuador","Restaurante","Restaurante","5247594178483260041","Guayaquil","EC","0x902d6d4de8ed298d:0x48d3331a35e70a89",,"https://lh3.googleusercontent.com/gps-cs-s/AHRPTWlKtARv4uZa_c0E1ciQrsvkVWlAt0OWnqG49SXXKn1JlecdPQYXZPK_TxCCl87SigA3GX2PU04pnOiGW41Pbav9OeLEW4TIc3Cj6awxMxvlp60hmHuReYtoJRuWyBWhvz5q8lLz2Q=w408-h272-k-no","false","true","/g/11g73597ns","es-419","0","-2.142207","-79.9036767",,"Alborada Oeste",,"false","ChIJjSnt6E1tLZARiQrnNRoz00g",,"$10-25","Hace 5 meses","2026-03-01T23:22:55.720Z",,,,,,,,,,,,,,,,,,,,,,"5","5","5","Ci9DQUlRQUNvZENodHljRjlvT2kwNVltaENRbTVMYnpOTVdrMVdhbmRCZVdweVRGRRAB",,,,,,,,,"Google",,,"17",,,"3594","2026-08-08T17:27:42.403Z","Direct Detail URL: https://www.google.com/maps/place/La+Casa+del+Tomahawk/@-2.1684545,-79.9245565,12z/data=!4m10!1m2!2m1!1sLa+Casa+del+TomaHawk!3m6!1s0x902d6d4de8ed298d:0x48d3331a35e70a89!8m2!3d-2.142207!4d-79.9036767!15sChRMYSBDYXNhIGRlbCBUb21hSGF3ayIDiAEBWhYiFGxhIGNhc2EgZGVsIHRvbWFoYXdrkgEKcmVzdGF1cmFudOABAA!16s%2Fg%2F11g73597ns?entry=ttu&g_ep=EgoyMDI2MDgwNS4xIKXMDSoASAFQAw%3D%3D","5",,"Av. Francisco de Orellana","false",,,"La Casa del Tomahawk","4.3",,"https://www.google.com/maps/search/?api=1&query=La%20Casa%20del%20Tomahawk&query_place_id=ChIJjSnt6E1tLZARiQrnNRoz00g",
"Av. Francisco de Orellana, 090508 Guayaquil, Ecuador","Restaurante","Restaurante","5247594178483260041","Guayaquil","EC","0x902d6d4de8ed298d:0x48d3331a35e70a89",,"https://lh3.googleusercontent.com/gps-cs-s/AHRPTWlKtARv4uZa_c0E1ciQrsvkVWlAt0OWnqG49SXXKn1JlecdPQYXZPK_TxCCl87SigA3GX2PU04pnOiGW41Pbav9OeLEW4TIc3Cj6awxMxvlp60hmHuReYtoJRuWyBWhvz5q8lLz2Q=w408-h272-k-no","false","false","/g/11g73597ns","es-419","0","-2.142207","-79.9036767",,"Alborada Oeste","es","false","ChIJjSnt6E1tLZARiQrnNRoz00g",,"$10-25","Hace 5 meses","2026-03-01T23:10:25.225Z",,,,,,,,,,,,,,,,,,,,,,"5","5","5","Ci9DQUlRQUNvZENodHljRjlvT2toeFIwbFpRMVpOV0dWYWNqbE5ibTFPUm5NNFFuYxAB",,,,,,,,,"Google",,,"1",,,"3594","2026-08-08T17:27:42.403Z","Direct Detail URL: https://www.google.com/maps/place/La+Casa+del+Tomahawk/@-2.1684545,-79.9245565,12z/data=!4m10!1m2!2m1!1sLa+Casa+del+TomaHawk!3m6!1s0x902d6d4de8ed298d:0x48d3331a35e70a89!8m2!3d-2.142207!4d-79.9036767!15sChRMYSBDYXNhIGRlbCBUb21hSGF3ayIDiAEBWhYiFGxhIGNhc2EgZGVsIHRvbWFoYXdrkgEKcmVzdGF1cmFudOABAA!16s%2Fg%2F11g73597ns?entry=ttu&g_ep=EgoyMDI2MDgwNS4xIKXMDSoASAFQAw%3D%3D","5",,"Av. Francisco de Orellana","false","Muy buenas la alitas y la atención siempre volveré .",,"La Casa del Tomahawk","4.3",,"https://www.google.com/maps/search/?api=1&query=La%20Casa%20del%20Tomahawk&query_place_id=ChIJjSnt6E1tLZARiQrnNRoz00g",
"Av. Francisco de Orellana, 090508 Guayaquil, Ecuador","Restaurante","Restaurante","5247594178483260041","Guayaquil","EC","0x902d6d4de8ed298d:0x48d3331a35e70a89",,"https://lh3.googleusercontent.com/gps-cs-s/AHRPTWlKtARv4uZa_c0E1ciQrsvkVWlAt0OWnqG49SXXKn1JlecdPQYXZPK_TxCCl87SigA3GX2PU04pnOiGW41Pbav9OeLEW4TIc3Cj6awxMxvlp60hmHuReYtoJRuWyBWhvz5q8lLz2Q=w408-h272-k-no","false","false","/g/11g73597ns","es-419","0","-2.142207","-79.9036767",,"Alborada Oeste",,"false","ChIJjSnt6E1tLZARiQrnNRoz00g",,"$10-25","Hace 5 meses","2026-03-01T23:05:33.826Z",,,,,,,,,,,,,,,,,,,,,,"5","5","5","Ci9DQUlRQUNvZENodHljRjlvT2xoUmRURmpjbXRXZVRONE0xRk1VRkpFZW1OUlUxRRAB",,,,,,,,,"Google",,,"0",,,"3594","2026-08-08T17:27:42.403Z","Direct Detail URL: https://www.google.com/maps/place/La+Casa+del+Tomahawk/@-2.1684545,-79.9245565,12z/data=!4m10!1m2!2m1!1sLa+Casa+del+TomaHawk!3m6!1s0x902d6d4de8ed298d:0x48d3331a35e70a89!8m2!3d-2.142207!4d-79.9036767!15sChRMYSBDYXNhIGRlbCBUb21hSGF3ayIDiAEBWhYiFGxhIGNhc2EgZGVsIHRvbWFoYXdrkgEKcmVzdGF1cmFudOABAA!16s%2Fg%2F11g73597ns?entry=ttu&g_ep=EgoyMDI2MDgwNS4xIKXMDSoASAFQAw%3D%3D","5",,"Av. Francisco de Orellana","false",,,"La Casa del Tomahawk","4.3",,"https://www.google.com/maps/search/?api=1&query=La%20Casa%20del%20Tomahawk&query_place_id=ChIJjSnt6E1tLZARiQrnNRoz00g",
"Av. Francisco de Orellana, 090508 Guayaquil, Ecuador","Restaurante","Restaurante","5247594178483260041","Guayaquil","EC","0x902d6d4de8ed298d:0x48d3331a35e70a89",,"https://lh3.googleusercontent.com/gps-cs-s/AHRPTWlKtARv4uZa_c0E1ciQrsvkVWlAt0OWnqG49SXXKn1JlecdPQYXZPK_TxCCl87SigA3GX2PU04pnOiGW41Pbav9OeLEW4TIc3Cj6awxMxvlp60hmHuReYtoJRuWyBWhvz5q8lLz2Q=w408-h272-k-no","false","false","/g/11g73597ns","es-419","0","-2.142207","-79.9036767",,"Alborada Oeste","es","false","ChIJjSnt6E1tLZARiQrnNRoz00g",,"$10-25","Hace 5 meses","2026-03-01T23:02:48.137Z",,,,,,,,,,,,,,,,,,,,,,"5","5","5","Ci9DQUlRQUNvZENodHljRjlvT2pKbVVtVnNUMjFmWW1aYVQwMUdkMDVDVWxoMWQxRRAB",,,,,,,,,"Google",,,"1",,,"3594","2026-08-08T17:27:42.403Z","Direct Detail URL: https://www.google.com/maps/place/La+Casa+del+Tomahawk/@-2.1684545,-79.9245565,12z/data=!4m10!1m2!2m1!1sLa+Casa+del+TomaHawk!3m6!1s0x902d6d4de8ed298d:0x48d3331a35e70a89!8m2!3d-2.142207!4d-79.9036767!15sChRMYSBDYXNhIGRlbCBUb21hSGF3ayIDiAEBWhYiFGxhIGNhc2EgZGVsIHRvbWFoYXdrkgEKcmVzdGF1cmFudOABAA!16s%2Fg%2F11g73597ns?entry=ttu&g_ep=EgoyMDI2MDgwNS4xIKXMDSoASAFQAw%3D%3D","5",,"Av. Francisco de Orellana","false","Me gusta muy rica 100% Recomendado",,"La Casa del Tomahawk","4.3",,"https://www.google.com/maps/search/?api=1&query=La%20Casa%20del%20Tomahawk&query_place_id=ChIJjSnt6E1tLZARiQrnNRoz00g",
"Av. Francisco de Orellana, 090508 Guayaquil, Ecuador","Restaurante","Restaurante","5247594178483260041","Guayaquil","EC","0x902d6d4de8ed298d:0x48d3331a35e70a89",,"https://lh3.googleusercontent.com/gps-cs-s/AHRPTWlKtARv4uZa_c0E1ciQrsvkVWlAt0OWnqG49SXXKn1JlecdPQYXZPK_TxCCl87SigA3GX2PU04pnOiGW41Pbav9OeLEW4TIc3Cj6awxMxvlp60hmHuReYtoJRuWyBWhvz5q8lLz2Q=w408-h272-k-no","false","false","/g/11g73597ns","es-419","0","-2.142207","-79.9036767",,"Alborada Oeste","es","false","ChIJjSnt6E1tLZARiQrnNRoz00g",,"$10-25","Hace 5 meses","2026-03-01T22:59:46.184Z",,,,,,,,,,,,,,,,,,,,,,"5","5","5","Ci9DQUlRQUNvZENodHljRjlvT2xGWlJISmlPR293TmtOaGVrSmFVRkJWYTFCaVNFRRAB",,,,,,,,,"Google",,,"2",,,"3594","2026-08-08T17:27:42.403Z","Direct Detail URL: https://www.google.com/maps/place/La+Casa+del+Tomahawk/@-2.1684545,-79.9245565,12z/data=!4m10!1m2!2m1!1sLa+Casa+del+TomaHawk!3m6!1s0x902d6d4de8ed298d:0x48d3331a35e70a89!8m2!3d-2.142207!4d-79.9036767!15sChRMYSBDYXNhIGRlbCBUb21hSGF3ayIDiAEBWhYiFGxhIGNhc2EgZGVsIHRvbWFoYXdrkgEKcmVzdGF1cmFudOABAA!16s%2Fg%2F11g73597ns?entry=ttu&g_ep=EgoyMDI2MDgwNS4xIKXMDSoASAFQAw%3D%3D","5",,"Av. Francisco de Orellana","false","Hoy los viste con mi esposa y la verdad que me gustó mucho las alitas $9,99 se las recomiendo",,"La Casa del Tomahawk","4.3",,"https://www.google.com/maps/search/?api=1&query=La%20Casa%20del%20Tomahawk&query_place_id=ChIJjSnt6E1tLZARiQrnNRoz00g",
"Av. Francisco de Orellana, 090508 Guayaquil, Ecuador","Restaurante","Restaurante","5247594178483260041","Guayaquil","EC","0x902d6d4de8ed298d:0x48d3331a35e70a89",,"https://lh3.googleusercontent.com/gps-cs-s/AHRPTWlKtARv4uZa_c0E1ciQrsvkVWlAt0OWnqG49SXXKn1JlecdPQYXZPK_TxCCl87SigA3GX2PU04pnOiGW41Pbav9OeLEW4TIc3Cj6awxMxvlp60hmHuReYtoJRuWyBWhvz5q8lLz2Q=w408-h272-k-no","false","false","/g/11g73597ns","es-419","0","-2.142207","-79.9036767",,"Alborada Oeste","es","false","ChIJjSnt6E1tLZARiQrnNRoz00g",,"$10-25","Hace 5 meses","2026-03-01T22:40:33.525Z",,,,,,,,,,,,,,,,,"Más de 9 personas",,,,,"5","5","5","Ci9DQUlRQUNvZENodHljRjlvT2w5T2JHSmlhWGhRWTFBNFIwTktZVEpVU0dSQmVsRRAB",,,,,,,,,"Google",,,"1",,,"3594","2026-08-08T17:27:42.403Z","Direct Detail URL: https://www.google.com/maps/place/La+Casa+del+Tomahawk/@-2.1684545,-79.9245565,12z/data=!4m10!1m2!2m1!1sLa+Casa+del+TomaHawk!3m6!1s0x902d6d4de8ed298d:0x48d3331a35e70a89!8m2!3d-2.142207!4d-79.9036767!15sChRMYSBDYXNhIGRlbCBUb21hSGF3ayIDiAEBWhYiFGxhIGNhc2EgZGVsIHRvbWFoYXdrkgEKcmVzdGF1cmFudOABAA!16s%2Fg%2F11g73597ns?entry=ttu&g_ep=EgoyMDI2MDgwNS4xIKXMDSoASAFQAw%3D%3D","5",,"Av. Francisco de Orellana","false","Todo los días tienen promociones la verdad que siempre voy con mi familia y mi plato favorito es la milanesa 😋",,"La Casa del Tomahawk","4.3",,"https://www.google.com/maps/search/?api=1&query=La%20Casa%20del%20Tomahawk&query_place_id=ChIJjSnt6E1tLZARiQrnNRoz00g",
"Av. Francisco de Orellana, 090508 Guayaquil, Ecuador","Restaurante","Restaurante","5247594178483260041","Guayaquil","EC","0x902d6d4de8ed298d:0x48d3331a35e70a89",,"https://lh3.googleusercontent.com/gps-cs-s/AHRPTWlKtARv4uZa_c0E1ciQrsvkVWlAt0OWnqG49SXXKn1JlecdPQYXZPK_TxCCl87SigA3GX2PU04pnOiGW41Pbav9OeLEW4TIc3Cj6awxMxvlp60hmHuReYtoJRuWyBWhvz5q8lLz2Q=w408-h272-k-no","false","false","/g/11g73597ns","es-419","0","-2.142207","-79.9036767",,"Alborada Oeste","es","false","ChIJjSnt6E1tLZARiQrnNRoz00g",,"$10-25","Hace 5 meses","2026-03-01T22:38:06.787Z",,,,,,,,,,,,,,,,,,,,,,"5","5","5","Ci9DQUlRQUNvZENodHljRjlvT25seWJVcHRaVGQ2VUVSd1NHRk1iVzFYUkRCSWRrRRAB",,,,,,,,,"Google",,,"2",,,"3594","2026-08-08T17:27:42.403Z","Direct Detail URL: https://www.google.com/maps/place/La+Casa+del+Tomahawk/@-2.1684545,-79.9245565,12z/data=!4m10!1m2!2m1!1sLa+Casa+del+TomaHawk!3m6!1s0x902d6d4de8ed298d:0x48d3331a35e70a89!8m2!3d-2.142207!4d-79.9036767!15sChRMYSBDYXNhIGRlbCBUb21hSGF3ayIDiAEBWhYiFGxhIGNhc2EgZGVsIHRvbWFoYXdrkgEKcmVzdGF1cmFudOABAA!16s%2Fg%2F11g73597ns?entry=ttu&g_ep=EgoyMDI2MDgwNS4xIKXMDSoASAFQAw%3D%3D","5",,"Av. Francisco de Orellana","false","La comida es excelente amo su sabor 😍 y sus alitas por $9,99 + Iva",,"La Casa del Tomahawk","4.3",,"https://www.google.com/maps/search/?api=1&query=La%20Casa%20del%20Tomahawk&query_place_id=ChIJjSnt6E1tLZARiQrnNRoz00g",
"Av. Francisco de Orellana, 090508 Guayaquil, Ecuador","Restaurante","Restaurante","5247594178483260041","Guayaquil","EC","0x902d6d4de8ed298d:0x48d3331a35e70a89",,"https://lh3.googleusercontent.com/gps-cs-s/AHRPTWlKtARv4uZa_c0E1ciQrsvkVWlAt0OWnqG49SXXKn1JlecdPQYXZPK_TxCCl87SigA3GX2PU04pnOiGW41Pbav9OeLEW4TIc3Cj6awxMxvlp60hmHuReYtoJRuWyBWhvz5q8lLz2Q=w408-h272-k-no","false","false","/g/11g73597ns","es-419","0","-2.142207","-79.9036767",,"Alborada Oeste","es","false","ChIJjSnt6E1tLZARiQrnNRoz00g",,"$10-25","Hace 5 meses","2026-03-01T22:35:37.742Z",,,,,,,,,,,,,,,,,,,,,,"5","5","5","Ci9DQUlRQUNvZENodHljRjlvT25NNGRsQkhhbTh0YkZOaFlqa3RSWFoxWWw5ZkxXYxAB",,,,,,,,,"Google",,,"1",,,"3594","2026-08-08T17:27:42.403Z","Direct Detail URL: https://www.google.com/maps/place/La+Casa+del+Tomahawk/@-2.1684545,-79.9245565,12z/data=!4m10!1m2!2m1!1sLa+Casa+del+TomaHawk!3m6!1s0x902d6d4de8ed298d:0x48d3331a35e70a89!8m2!3d-2.142207!4d-79.9036767!15sChRMYSBDYXNhIGRlbCBUb21hSGF3ayIDiAEBWhYiFGxhIGNhc2EgZGVsIHRvbWFoYXdrkgEKcmVzdGF1cmFudOABAA!16s%2Fg%2F11g73597ns?entry=ttu&g_ep=EgoyMDI2MDgwNS4xIKXMDSoASAFQAw%3D%3D","5",,"Av. Francisco de Orellana","false","Me parece un lugar cómodo  para compratir con amigos o familiares súper buena la comida y la atención se lo recomiendo 😋",,"La Casa del Tomahawk","4.3",,"https://www.google.com/maps/search/?api=1&query=La%20Casa%20del%20Tomahawk&query_place_id=ChIJjSnt6E1tLZARiQrnNRoz00g",
"Av. Francisco de Orellana, 090508 Guayaquil, Ecuador","Restaurante","Restaurante","5247594178483260041","Guayaquil","EC","0x902d6d4de8ed298d:0x48d3331a35e70a89",,"https://lh3.googleusercontent.com/gps-cs-s/AHRPTWlKtARv4uZa_c0E1ciQrsvkVWlAt0OWnqG49SXXKn1JlecdPQYXZPK_TxCCl87SigA3GX2PU04pnOiGW41Pbav9OeLEW4TIc3Cj6awxMxvlp60hmHuReYtoJRuWyBWhvz5q8lLz2Q=w408-h272-k-no","false","false","/g/11g73597ns","es-419","0","-2.142207","-79.9036767",,"Alborada Oeste","es","false","ChIJjSnt6E1tLZARiQrnNRoz00g",,"$10-25","Hace 5 meses","2026-03-01T22:20:25.797Z",,,,,,,,,,,,,,,,,,,,,,"5","5","5","Ci9DQUlRQUNvZENodHljRjlvT2tWZlNXTnVSWHB0ZDJndFVtbHpUak16TVhZemRsRRAB",,,,,,,,,"Google",,,"1",,,"3594","2026-08-08T17:27:42.403Z","Direct Detail URL: https://www.google.com/maps/place/La+Casa+del+Tomahawk/@-2.1684545,-79.9245565,12z/data=!4m10!1m2!2m1!1sLa+Casa+del+TomaHawk!3m6!1s0x902d6d4de8ed298d:0x48d3331a35e70a89!8m2!3d-2.142207!4d-79.9036767!15sChRMYSBDYXNhIGRlbCBUb21hSGF3ayIDiAEBWhYiFGxhIGNhc2EgZGVsIHRvbWFoYXdrkgEKcmVzdGF1cmFudOABAA!16s%2Fg%2F11g73597ns?entry=ttu&g_ep=EgoyMDI2MDgwNS4xIKXMDSoASAFQAw%3D%3D","5",,"Av. Francisco de Orellana","false","Muy buena atención. Buena comida buen ambiente",,"La Casa del Tomahawk","4.3",,"https://www.google.com/maps/search/?api=1&query=La%20Casa%20del%20Tomahawk&query_place_id=ChIJjSnt6E1tLZARiQrnNRoz00g",
"Av. Francisco de Orellana, 090508 Guayaquil, Ecuador","Restaurante","Restaurante","5247594178483260041","Guayaquil","EC","0x902d6d4de8ed298d:0x48d3331a35e70a89",,"https://lh3.googleusercontent.com/gps-cs-s/AHRPTWlKtARv4uZa_c0E1ciQrsvkVWlAt0OWnqG49SXXKn1JlecdPQYXZPK_TxCCl87SigA3GX2PU04pnOiGW41Pbav9OeLEW4TIc3Cj6awxMxvlp60hmHuReYtoJRuWyBWhvz5q8lLz2Q=w408-h272-k-no","false","false","/g/11g73597ns","es-419","0","-2.142207","-79.9036767",,"Alborada Oeste",,"false","ChIJjSnt6E1tLZARiQrnNRoz00g",,"$10-25","Hace 5 meses","2026-03-01T22:20:10.517Z",,,,,,,,,,,,,,,,,,,,,,"5","5","5","Ci9DQUlRQUNvZENodHljRjlvT21nMlRHcGhkbVZ0UVU5eldVeHVjRVpxWkhsTlFYYxAB",,,,,,,,,"Google",,,"0",,,"3594","2026-08-08T17:27:42.403Z","Direct Detail URL: https://www.google.com/maps/place/La+Casa+del+Tomahawk/@-2.1684545,-79.9245565,12z/data=!4m10!1m2!2m1!1sLa+Casa+del+TomaHawk!3m6!1s0x902d6d4de8ed298d:0x48d3331a35e70a89!8m2!3d-2.142207!4d-79.9036767!15sChRMYSBDYXNhIGRlbCBUb21hSGF3ayIDiAEBWhYiFGxhIGNhc2EgZGVsIHRvbWFoYXdrkgEKcmVzdGF1cmFudOABAA!16s%2Fg%2F11g73597ns?entry=ttu&g_ep=EgoyMDI2MDgwNS4xIKXMDSoASAFQAw%3D%3D","5",,"Av. Francisco de Orellana","false",,,"La Casa del Tomahawk","4.3",,"https://www.google.com/maps/search/?api=1&query=La%20Casa%20del%20Tomahawk&query_place_id=ChIJjSnt6E1tLZARiQrnNRoz00g",
"Av. Francisco de Orellana, 090508 Guayaquil, Ecuador","Restaurante","Restaurante","5247594178483260041","Guayaquil","EC","0x902d6d4de8ed298d:0x48d3331a35e70a89",,"https://lh3.googleusercontent.com/gps-cs-s/AHRPTWlKtARv4uZa_c0E1ciQrsvkVWlAt0OWnqG49SXXKn1JlecdPQYXZPK_TxCCl87SigA3GX2PU04pnOiGW41Pbav9OeLEW4TIc3Cj6awxMxvlp60hmHuReYtoJRuWyBWhvz5q8lLz2Q=w408-h272-k-no","false","false","/g/11g73597ns","es-419","0","-2.142207","-79.9036767",,"Alborada Oeste","es","false","ChIJjSnt6E1tLZARiQrnNRoz00g",,"$10-25","Hace 5 meses","2026-03-01T22:12:05.858Z",,,,,,,,,,,,,,,,,,,,,,"5","5","5","Ci9DQUlRQUNvZENodHljRjlvT2twV1RHWnRRbXh0VFVKTmJHZDVTRUo0VTNCU1NsRRAB",,,,,,,,,"Google",,,"3",,,"3594","2026-08-08T17:27:42.403Z","Direct Detail URL: https://www.google.com/maps/place/La+Casa+del+Tomahawk/@-2.1684545,-79.9245565,12z/data=!4m10!1m2!2m1!1sLa+Casa+del+TomaHawk!3m6!1s0x902d6d4de8ed298d:0x48d3331a35e70a89!8m2!3d-2.142207!4d-79.9036767!15sChRMYSBDYXNhIGRlbCBUb21hSGF3ayIDiAEBWhYiFGxhIGNhc2EgZGVsIHRvbWFoYXdrkgEKcmVzdGF1cmFudOABAA!16s%2Fg%2F11g73597ns?entry=ttu&g_ep=EgoyMDI2MDgwNS4xIKXMDSoASAFQAw%3D%3D","5",,"Av. Francisco de Orellana","false","Muy buena sazon",,"La Casa del Tomahawk","4.3",,"https://www.google.com/maps/search/?api=1&query=La%20Casa%20del%20Tomahawk&query_place_id=ChIJjSnt6E1tLZARiQrnNRoz00g",
"Av. Francisco de Orellana, 090508 Guayaquil, Ecuador","Restaurante","Restaurante","5247594178483260041","Guayaquil","EC","0x902d6d4de8ed298d:0x48d3331a35e70a89",,"https://lh3.googleusercontent.com/gps-cs-s/AHRPTWlKtARv4uZa_c0E1ciQrsvkVWlAt0OWnqG49SXXKn1JlecdPQYXZPK_TxCCl87SigA3GX2PU04pnOiGW41Pbav9OeLEW4TIc3Cj6awxMxvlp60hmHuReYtoJRuWyBWhvz5q8lLz2Q=w408-h272-k-no","false","false","/g/11g73597ns","es-419","0","-2.142207","-79.9036767",,"Alborada Oeste","es","false","ChIJjSnt6E1tLZARiQrnNRoz00g",,"$10-25","Hace 5 meses","2026-03-01T21:49:28.903Z",,,,,,,,,,,,,,,,,,,,,,"5","5","5","Ci9DQUlRQUNvZENodHljRjlvT2xZd05XMXRhSHBaVjJZd1Ywd3dXbXhKVmtGMlpYYxAB",,,,,,,,,"Google",,,"1",,,"3594","2026-08-08T17:27:42.403Z","Direct Detail URL: https://www.google.com/maps/place/La+Casa+del+Tomahawk/@-2.1684545,-79.9245565,12z/data=!4m10!1m2!2m1!1sLa+Casa+del+TomaHawk!3m6!1s0x902d6d4de8ed298d:0x48d3331a35e70a89!8m2!3d-2.142207!4d-79.9036767!15sChRMYSBDYXNhIGRlbCBUb21hSGF3ayIDiAEBWhYiFGxhIGNhc2EgZGVsIHRvbWFoYXdrkgEKcmVzdGF1cmFudOABAA!16s%2Fg%2F11g73597ns?entry=ttu&g_ep=EgoyMDI2MDgwNS4xIKXMDSoASAFQAw%3D%3D","5",,"Av. Francisco de Orellana","false","La comida es excelente, mi lugar favorito",,"La Casa del Tomahawk","4.3",,"https://www.google.com/maps/search/?api=1&query=La%20Casa%20del%20Tomahawk&query_place_id=ChIJjSnt6E1tLZARiQrnNRoz00g",
"Av. Francisco de Orellana, 090508 Guayaquil, Ecuador","Restaurante","Restaurante","5247594178483260041","Guayaquil","EC","0x902d6d4de8ed298d:0x48d3331a35e70a89",,"https://lh3.googleusercontent.com/gps-cs-s/AHRPTWlKtARv4uZa_c0E1ciQrsvkVWlAt0OWnqG49SXXKn1JlecdPQYXZPK_TxCCl87SigA3GX2PU04pnOiGW41Pbav9OeLEW4TIc3Cj6awxMxvlp60hmHuReYtoJRuWyBWhvz5q8lLz2Q=w408-h272-k-no","false","false","/g/11g73597ns","es-419","0","-2.142207","-79.9036767",,"Alborada Oeste","es","false","ChIJjSnt6E1tLZARiQrnNRoz00g",,"$10-25","Hace 5 meses","2026-03-01T21:27:34.259Z",,,,,,,,,,,,,,,,,,,,,,,,,"Ci9DQUlRQUNvZENodHljRjlvT2xwMmNqZzBUMEY2VEVoQ00xbHpVMEZmUlZOR2MwRRAB",,,,,,,,,"Google",,,"1",,,"3594","2026-08-08T17:27:42.403Z","Direct Detail URL: https://www.google.com/maps/place/La+Casa+del+Tomahawk/@-2.1684545,-79.9245565,12z/data=!4m10!1m2!2m1!1sLa+Casa+del+TomaHawk!3m6!1s0x902d6d4de8ed298d:0x48d3331a35e70a89!8m2!3d-2.142207!4d-79.9036767!15sChRMYSBDYXNhIGRlbCBUb21hSGF3ayIDiAEBWhYiFGxhIGNhc2EgZGVsIHRvbWFoYXdrkgEKcmVzdGF1cmFudOABAA!16s%2Fg%2F11g73597ns?entry=ttu&g_ep=EgoyMDI2MDgwNS4xIKXMDSoASAFQAw%3D%3D","5",,"Av. Francisco de Orellana","false","Execelente lugar execelente comida",,"La Casa del Tomahawk","4.3",,"https://www.google.com/maps/search/?api=1&query=La%20Casa%20del%20Tomahawk&query_place_id=ChIJjSnt6E1tLZARiQrnNRoz00g",
"Av. Francisco de Orellana, 090508 Guayaquil, Ecuador","Restaurante","Restaurante","5247594178483260041","Guayaquil","EC","0x902d6d4de8ed298d:0x48d3331a35e70a89",,"https://lh3.googleusercontent.com/gps-cs-s/AHRPTWlKtARv4uZa_c0E1ciQrsvkVWlAt0OWnqG49SXXKn1JlecdPQYXZPK_TxCCl87SigA3GX2PU04pnOiGW41Pbav9OeLEW4TIc3Cj6awxMxvlp60hmHuReYtoJRuWyBWhvz5q8lLz2Q=w408-h272-k-no","false","false","/g/11g73597ns","es-419","0","-2.142207","-79.9036767",,"Alborada Oeste","es","false","ChIJjSnt6E1tLZARiQrnNRoz00g",,"$10-25","Hace 5 meses","2026-03-01T21:27:18.124Z",,,,,,,,,,,,,,,,,,,,,,"5","5","5","Ci9DQUlRQUNvZENodHljRjlvT21kSVRISldSSE5hUlVsVlgwaEhORFowYUd4VlNVRRAB",,,,,,,,,"Google",,,"1",,,"3594","2026-08-08T17:27:42.403Z","Direct Detail URL: https://www.google.com/maps/place/La+Casa+del+Tomahawk/@-2.1684545,-79.9245565,12z/data=!4m10!1m2!2m1!1sLa+Casa+del+TomaHawk!3m6!1s0x902d6d4de8ed298d:0x48d3331a35e70a89!8m2!3d-2.142207!4d-79.9036767!15sChRMYSBDYXNhIGRlbCBUb21hSGF3ayIDiAEBWhYiFGxhIGNhc2EgZGVsIHRvbWFoYXdrkgEKcmVzdGF1cmFudOABAA!16s%2Fg%2F11g73597ns?entry=ttu&g_ep=EgoyMDI2MDgwNS4xIKXMDSoASAFQAw%3D%3D","5",,"Av. Francisco de Orellana","false","Las alitas 100% recomendadas",,"La Casa del Tomahawk","4.3",,"https://www.google.com/maps/search/?api=1&query=La%20Casa%20del%20Tomahawk&query_place_id=ChIJjSnt6E1tLZARiQrnNRoz00g",
"Av. Francisco de Orellana, 090508 Guayaquil, Ecuador","Restaurante","Restaurante","5247594178483260041","Guayaquil","EC","0x902d6d4de8ed298d:0x48d3331a35e70a89",,"https://lh3.googleusercontent.com/gps-cs-s/AHRPTWlKtARv4uZa_c0E1ciQrsvkVWlAt0OWnqG49SXXKn1JlecdPQYXZPK_TxCCl87SigA3GX2PU04pnOiGW41Pbav9OeLEW4TIc3Cj6awxMxvlp60hmHuReYtoJRuWyBWhvz5q8lLz2Q=w408-h272-k-no","false","false","/g/11g73597ns","es-419","0","-2.142207","-79.9036767",,"Alborada Oeste",,"false","ChIJjSnt6E1tLZARiQrnNRoz00g",,"$10-25","Hace 5 meses","2026-03-01T21:17:40.742Z",,,,,,,,,,,,,,"$10-15",,,"Entre 5 y 8 personas","Sin espera",,,,"5","5","5","Ci9DQUlRQUNvZENodHljRjlvT25kWVFsSmxkbDgzWDBkeVdqQnljRUZ4VlVkSU1GRRAB",,,,,,,,,"Google",,,"1",,,"3594","2026-08-08T17:27:42.403Z","Direct Detail URL: https://www.google.com/maps/place/La+Casa+del+Tomahawk/@-2.1684545,-79.9245565,12z/data=!4m10!1m2!2m1!1sLa+Casa+del+TomaHawk!3m6!1s0x902d6d4de8ed298d:0x48d3331a35e70a89!8m2!3d-2.142207!4d-79.9036767!15sChRMYSBDYXNhIGRlbCBUb21hSGF3ayIDiAEBWhYiFGxhIGNhc2EgZGVsIHRvbWFoYXdrkgEKcmVzdGF1cmFudOABAA!16s%2Fg%2F11g73597ns?entry=ttu&g_ep=EgoyMDI2MDgwNS4xIKXMDSoASAFQAw%3D%3D","5",,"Av. Francisco de Orellana","false",,,"La Casa del Tomahawk","4.3",,"https://www.google.com/maps/search/?api=1&query=La%20Casa%20del%20Tomahawk&query_place_id=ChIJjSnt6E1tLZARiQrnNRoz00g",
"Av. Francisco de Orellana, 090508 Guayaquil, Ecuador","Restaurante","Restaurante","5247594178483260041","Guayaquil","EC","0x902d6d4de8ed298d:0x48d3331a35e70a89",,"https://lh3.googleusercontent.com/gps-cs-s/AHRPTWlKtARv4uZa_c0E1ciQrsvkVWlAt0OWnqG49SXXKn1JlecdPQYXZPK_TxCCl87SigA3GX2PU04pnOiGW41Pbav9OeLEW4TIc3Cj6awxMxvlp60hmHuReYtoJRuWyBWhvz5q8lLz2Q=w408-h272-k-no","false","false","/g/11g73597ns","es-419","0","-2.142207","-79.9036767",,"Alborada Oeste","es","false","ChIJjSnt6E1tLZARiQrnNRoz00g",,"$10-25","Hace 5 meses","2026-03-01T21:14:08.765Z",,,,,,,,,,,,,,"$20-25",,,,,,,,"5","5","5","Ci9DQUlRQUNvZENodHljRjlvT20xaU9FODNjQzA0YUhCQ2FsWkRMWGxzYUVKVFowRRAB",,,,,,,,,"Google",,,"1",,,"3594","2026-08-08T17:27:42.403Z","Direct Detail URL: https://www.google.com/maps/place/La+Casa+del+Tomahawk/@-2.1684545,-79.9245565,12z/data=!4m10!1m2!2m1!1sLa+Casa+del+TomaHawk!3m6!1s0x902d6d4de8ed298d:0x48d3331a35e70a89!8m2!3d-2.142207!4d-79.9036767!15sChRMYSBDYXNhIGRlbCBUb21hSGF3ayIDiAEBWhYiFGxhIGNhc2EgZGVsIHRvbWFoYXdrkgEKcmVzdGF1cmFudOABAA!16s%2Fg%2F11g73597ns?entry=ttu&g_ep=EgoyMDI2MDgwNS4xIKXMDSoASAFQAw%3D%3D","5",,"Av. Francisco de Orellana","false","Muy buenas las alitas",,"La Casa del Tomahawk","4.3",,"https://www.google.com/maps/search/?api=1&query=La%20Casa%20del%20Tomahawk&query_place_id=ChIJjSnt6E1tLZARiQrnNRoz00g",
"Av. Francisco de Orellana, 090508 Guayaquil, Ecuador","Restaurante","Restaurante","5247594178483260041","Guayaquil","EC","0x902d6d4de8ed298d:0x48d3331a35e70a89",,"https://lh3.googleusercontent.com/gps-cs-s/AHRPTWlKtARv4uZa_c0E1ciQrsvkVWlAt0OWnqG49SXXKn1JlecdPQYXZPK_TxCCl87SigA3GX2PU04pnOiGW41Pbav9OeLEW4TIc3Cj6awxMxvlp60hmHuReYtoJRuWyBWhvz5q8lLz2Q=w408-h272-k-no","false","false","/g/11g73597ns","es-419","0","-2.142207","-79.9036767",,"Alborada Oeste",,"false","ChIJjSnt6E1tLZARiQrnNRoz00g",,"$10-25","Hace 5 meses","2026-03-01T20:29:21.640Z",,,,,,,,,,,,,,,,,,,,,,"5","5","5","Ci9DQUlRQUNvZENodHljRjlvT21sSlFUSk1NMFpxVDBVeVpqUmljVjlyY3pKU1ZHYxAB",,,,,,,,,"Google",,,"0",,,"3594","2026-08-08T17:27:42.403Z","Direct Detail URL: https://www.google.com/maps/place/La+Casa+del+Tomahawk/@-2.1684545,-79.9245565,12z/data=!4m10!1m2!2m1!1sLa+Casa+del+TomaHawk!3m6!1s0x902d6d4de8ed298d:0x48d3331a35e70a89!8m2!3d-2.142207!4d-79.9036767!15sChRMYSBDYXNhIGRlbCBUb21hSGF3ayIDiAEBWhYiFGxhIGNhc2EgZGVsIHRvbWFoYXdrkgEKcmVzdGF1cmFudOABAA!16s%2Fg%2F11g73597ns?entry=ttu&g_ep=EgoyMDI2MDgwNS4xIKXMDSoASAFQAw%3D%3D","5",,"Av. Francisco de Orellana","false",,,"La Casa del Tomahawk","4.3",,"https://www.google.com/maps/search/?api=1&query=La%20Casa%20del%20Tomahawk&query_place_id=ChIJjSnt6E1tLZARiQrnNRoz00g",
"Av. Francisco de Orellana, 090508 Guayaquil, Ecuador","Restaurante","Restaurante","5247594178483260041","Guayaquil","EC","0x902d6d4de8ed298d:0x48d3331a35e70a89",,"https://lh3.googleusercontent.com/gps-cs-s/AHRPTWlKtARv4uZa_c0E1ciQrsvkVWlAt0OWnqG49SXXKn1JlecdPQYXZPK_TxCCl87SigA3GX2PU04pnOiGW41Pbav9OeLEW4TIc3Cj6awxMxvlp60hmHuReYtoJRuWyBWhvz5q8lLz2Q=w408-h272-k-no","false","false","/g/11g73597ns","es-419","0","-2.142207","-79.9036767",,"Alborada Oeste","es","false","ChIJjSnt6E1tLZARiQrnNRoz00g",,"$10-25","Hace 5 meses","2026-03-01T20:28:10.597Z",,,,,,,,,,,,,,,,,,,,,,"5","5","5","Ci9DQUlRQUNvZENodHljRjlvT2pKbmVsTndXVTl0TmtsRlNtTnRTbmhEU0MwNVpsRRAB",,,,,,,,,"Google",,,"1",,,"3594","2026-08-08T17:27:42.403Z","Direct Detail URL: https://www.google.com/maps/place/La+Casa+del+Tomahawk/@-2.1684545,-79.9245565,12z/data=!4m10!1m2!2m1!1sLa+Casa+del+TomaHawk!3m6!1s0x902d6d4de8ed298d:0x48d3331a35e70a89!8m2!3d-2.142207!4d-79.9036767!15sChRMYSBDYXNhIGRlbCBUb21hSGF3ayIDiAEBWhYiFGxhIGNhc2EgZGVsIHRvbWFoYXdrkgEKcmVzdGF1cmFudOABAA!16s%2Fg%2F11g73597ns?entry=ttu&g_ep=EgoyMDI2MDgwNS4xIKXMDSoASAFQAw%3D%3D","5",,"Av. Francisco de Orellana","false","Muy buena la sazón en todos los platos",,"La Casa del Tomahawk","4.3",,"https://www.google.com/maps/search/?api=1&query=La%20Casa%20del%20Tomahawk&query_place_id=ChIJjSnt6E1tLZARiQrnNRoz00g",
"Av. Francisco de Orellana, 090508 Guayaquil, Ecuador","Restaurante","Restaurante","5247594178483260041","Guayaquil","EC","0x902d6d4de8ed298d:0x48d3331a35e70a89",,"https://lh3.googleusercontent.com/gps-cs-s/AHRPTWlKtARv4uZa_c0E1ciQrsvkVWlAt0OWnqG49SXXKn1JlecdPQYXZPK_TxCCl87SigA3GX2PU04pnOiGW41Pbav9OeLEW4TIc3Cj6awxMxvlp60hmHuReYtoJRuWyBWhvz5q8lLz2Q=w408-h272-k-no","false","false","/g/11g73597ns","es-419","0","-2.142207","-79.9036767",,"Alborada Oeste",,"false","ChIJjSnt6E1tLZARiQrnNRoz00g",,"$10-25","Hace 5 meses","2026-03-01T20:14:45.695Z",,,,,,,,"Música en vivo, Otros",,,,,,"$15-20",,,"3 o 4 personas","Hasta 10 min",,,,"5","5","4","Ci9DQUlRQUNvZENodHljRjlvT2tsRmRHZEdSRmxvWDFsNWRUTmhlbXBYVlhWVGJXYxAB",,,,,,,,,"Google",,,"0",,,"3594","2026-08-08T17:27:42.403Z","Direct Detail URL: https://www.google.com/maps/place/La+Casa+del+Tomahawk/@-2.1684545,-79.9245565,12z/data=!4m10!1m2!2m1!1sLa+Casa+del+TomaHawk!3m6!1s0x902d6d4de8ed298d:0x48d3331a35e70a89!8m2!3d-2.142207!4d-79.9036767!15sChRMYSBDYXNhIGRlbCBUb21hSGF3ayIDiAEBWhYiFGxhIGNhc2EgZGVsIHRvbWFoYXdrkgEKcmVzdGF1cmFudOABAA!16s%2Fg%2F11g73597ns?entry=ttu&g_ep=EgoyMDI2MDgwNS4xIKXMDSoASAFQAw%3D%3D","5",,"Av. Francisco de Orellana","false",,,"La Casa del Tomahawk","4.3",,"https://www.google.com/maps/search/?api=1&query=La%20Casa%20del%20Tomahawk&query_place_id=ChIJjSnt6E1tLZARiQrnNRoz00g",
"Av. Francisco de Orellana, 090508 Guayaquil, Ecuador","Restaurante","Restaurante","5247594178483260041","Guayaquil","EC","0x902d6d4de8ed298d:0x48d3331a35e70a89",,"https://lh3.googleusercontent.com/gps-cs-s/AHRPTWlKtARv4uZa_c0E1ciQrsvkVWlAt0OWnqG49SXXKn1JlecdPQYXZPK_TxCCl87SigA3GX2PU04pnOiGW41Pbav9OeLEW4TIc3Cj6awxMxvlp60hmHuReYtoJRuWyBWhvz5q8lLz2Q=w408-h272-k-no","false","false","/g/11g73597ns","es-419","0","-2.142207","-79.9036767",,"Alborada Oeste","es","false","ChIJjSnt6E1tLZARiQrnNRoz00g",,"$10-25","Hace 5 meses","2026-03-01T20:10:26.040Z",,,,,,,,,,,,,,,,,,,,,,"5","5","5","Ci9DQUlRQUNvZENodHljRjlvT2pCVVkxTndTRlJtVVhseFNtcHNOMmxNYVhGeWRIYxAB",,,,,,,,,"Google",,,"1",,,"3594","2026-08-08T17:27:42.403Z","Direct Detail URL: https://www.google.com/maps/place/La+Casa+del+Tomahawk/@-2.1684545,-79.9245565,12z/data=!4m10!1m2!2m1!1sLa+Casa+del+TomaHawk!3m6!1s0x902d6d4de8ed298d:0x48d3331a35e70a89!8m2!3d-2.142207!4d-79.9036767!15sChRMYSBDYXNhIGRlbCBUb21hSGF3ayIDiAEBWhYiFGxhIGNhc2EgZGVsIHRvbWFoYXdrkgEKcmVzdGF1cmFudOABAA!16s%2Fg%2F11g73597ns?entry=ttu&g_ep=EgoyMDI2MDgwNS4xIKXMDSoASAFQAw%3D%3D","5",,"Av. Francisco de Orellana","false","Excelente",,"La Casa del Tomahawk","4.3",,"https://www.google.com/maps/search/?api=1&query=La%20Casa%20del%20Tomahawk&query_place_id=ChIJjSnt6E1tLZARiQrnNRoz00g",
"Av. Francisco de Orellana, 090508 Guayaquil, Ecuador","Restaurante","Restaurante","5247594178483260041","Guayaquil","EC","0x902d6d4de8ed298d:0x48d3331a35e70a89",,"https://lh3.googleusercontent.com/gps-cs-s/AHRPTWlKtARv4uZa_c0E1ciQrsvkVWlAt0OWnqG49SXXKn1JlecdPQYXZPK_TxCCl87SigA3GX2PU04pnOiGW41Pbav9OeLEW4TIc3Cj6awxMxvlp60hmHuReYtoJRuWyBWhvz5q8lLz2Q=w408-h272-k-no","false","false","/g/11g73597ns","es-419","0","-2.142207","-79.9036767",,"Alborada Oeste","es","false","ChIJjSnt6E1tLZARiQrnNRoz00g",,"$10-25","Hace 5 meses","2026-02-25T05:14:25.881Z",,"2026-02-25T21:36:47.000Z","Lamentamos mucho su experiencia. Tomaremos su comentario muy en serio y nos aseguraremos de revisar nuestros procesos de acuerdo a lo expuesto. Agradecemos su tiempo para ayudarnos a ser mejores. Su satisfacción es importante para nosotros.",,,,,"Ningún evento especial",,,,,,"$10-15",,,"3 o 4 personas, Apto para grupos de todos los tamaños","Hasta 10 min",,,,"3","1","4","Ci9DQUlRQUNvZENodHljRjlvT21GWVJVODJPWGwxWWs5NlFTMHRSV3Q1VjJ4VGEyYxAB",,,,,,,,,"Google",,,"6",,,"3594","2026-08-08T17:27:42.403Z","Direct Detail URL: https://www.google.com/maps/place/La+Casa+del+Tomahawk/@-2.1684545,-79.9245565,12z/data=!4m10!1m2!2m1!1sLa+Casa+del+TomaHawk!3m6!1s0x902d6d4de8ed298d:0x48d3331a35e70a89!8m2!3d-2.142207!4d-79.9036767!15sChRMYSBDYXNhIGRlbCBUb21hSGF3ayIDiAEBWhYiFGxhIGNhc2EgZGVsIHRvbWFoYXdrkgEKcmVzdGF1cmFudOABAA!16s%2Fg%2F11g73597ns?entry=ttu&g_ep=EgoyMDI2MDgwNS4xIKXMDSoASAFQAw%3D%3D","1",,"Av. Francisco de Orellana","false","Hace muchos años atras los visite y no me gustó la comida, pero les volví dar un voto de confianza por las publicidad de tiktok y me decepcione más que aquella vez,  24  de febrero 2026 fui por la promoción de alitas y también por la promoción de costillas 2x1.
El moro tenia un sabor raro q no era gustoso, la costilla cruda y 0 sabor estaba simple, los patacones era un asco parecían patacones calentados y empapados de aceite.
Las alitas fatal estaban secas sin sabor por dentro y las salsas q le colocan es muy poco q no de puede apreciar las salsas. Lo único bueno a tan poco era buenísimo fue las papas con pico de gallo, pedí 2 frozen de maracuya  era una ssbor artificial q no sabía a casi nada de maracuya..
Toda la publicidad que hacen es tiktok es muy falsas porque la comida es 2 de 10..
Jamás volveré a este lugar",,"La Casa del Tomahawk","4.3",,"https://www.google.com/maps/search/?api=1&query=La%20Casa%20del%20Tomahawk&query_place_id=ChIJjSnt6E1tLZARiQrnNRoz00g",
"Av. Francisco de Orellana, 090508 Guayaquil, Ecuador","Restaurante","Restaurante","5247594178483260041","Guayaquil","EC","0x902d6d4de8ed298d:0x48d3331a35e70a89",,"https://lh3.googleusercontent.com/gps-cs-s/AHRPTWlKtARv4uZa_c0E1ciQrsvkVWlAt0OWnqG49SXXKn1JlecdPQYXZPK_TxCCl87SigA3GX2PU04pnOiGW41Pbav9OeLEW4TIc3Cj6awxMxvlp60hmHuReYtoJRuWyBWhvz5q8lLz2Q=w408-h272-k-no","false","false","/g/11g73597ns","es-419","0","-2.142207","-79.9036767",,"Alborada Oeste","es","false","ChIJjSnt6E1tLZARiQrnNRoz00g",,"$10-25","Hace 5 meses","2026-02-23T04:55:42.184Z",,"2026-02-25T21:40:24.000Z","Lamentamos profundamente la experiencia que nos comenta y el tiempo de espera que tuvo que pasar junto a su familia. Entendemos lo importante que es recibir una atención ágil y oportuna, especialmente cuando nos visitan por una promoción.

Tomaremos muy en serio su comentario y revisaremos lo sucedido para mejorar nuestros tiempos de atención y servicio. Agradecemos que nos lo haya hecho saber, ya que esto nos permite corregir y brindar una mejor experiencia.

Su satisfacción es muy importante para nosotros.",,,,,"Ningún evento especial",,,,,,"$5-10",,,"3 o 4 personas","De 30 a 60 min",,,,"2","2","1","Ci9DQUlRQUNvZENodHljRjlvT2taTFgxUkJTa05DU2pSemNXMUpTbXhMYUZwRFUzYxAB",,,,,,,,,"Google",,,"1",,,"3594","2026-08-08T17:27:42.403Z","Direct Detail URL: https://www.google.com/maps/place/La+Casa+del+Tomahawk/@-2.1684545,-79.9245565,12z/data=!4m10!1m2!2m1!1sLa+Casa+del+TomaHawk!3m6!1s0x902d6d4de8ed298d:0x48d3331a35e70a89!8m2!3d-2.142207!4d-79.9036767!15sChRMYSBDYXNhIGRlbCBUb21hSGF3ayIDiAEBWhYiFGxhIGNhc2EgZGVsIHRvbWFoYXdrkgEKcmVzdGF1cmFudOABAA!16s%2Fg%2F11g73597ns?entry=ttu&g_ep=EgoyMDI2MDgwNS4xIKXMDSoASAFQAw%3D%3D","1",,"Av. Francisco de Orellana","false","Una pésima atención vine x una publicación con mi familia y fue sumamente decepcionante se le pudiera poner MENOS -5 a la atención y servicio fuera genial como 45 minutos esperando mi pedido tras q paso 28 minutos x reloj q me tomarán el pedido",,"La Casa del Tomahawk","4.3",,"https://www.google.com/maps/search/?api=1&query=La%20Casa%20del%20Tomahawk&query_place_id=ChIJjSnt6E1tLZARiQrnNRoz00g",
"Av. Francisco de Orellana, 090508 Guayaquil, Ecuador","Restaurante","Restaurante","5247594178483260041","Guayaquil","EC","0x902d6d4de8ed298d:0x48d3331a35e70a89",,"https://lh3.googleusercontent.com/gps-cs-s/AHRPTWlKtARv4uZa_c0E1ciQrsvkVWlAt0OWnqG49SXXKn1JlecdPQYXZPK_TxCCl87SigA3GX2PU04pnOiGW41Pbav9OeLEW4TIc3Cj6awxMxvlp60hmHuReYtoJRuWyBWhvz5q8lLz2Q=w408-h272-k-no","false","false","/g/11g73597ns","es-419","0","-2.142207","-79.9036767",,"Alborada Oeste","es","false","ChIJjSnt6E1tLZARiQrnNRoz00g",,"$10-25","Hace 5 meses","2026-02-15T03:10:04.273Z",,,,,,,,,"Ruido moderado",,,,,"$25-30","No lo sé",,,"De 10 a 30 min",,,,"5","5","5","Ci9DQUlRQUNvZENodHljRjlvT21wNWRqWjFNRTVKUTBwNFdHTnliV2xGY0RGVWQyYxAB",,,,,,,,,"Google",,,"1",,,"3594","2026-08-08T17:27:42.403Z","Direct Detail URL: https://www.google.com/maps/place/La+Casa+del+Tomahawk/@-2.1684545,-79.9245565,12z/data=!4m10!1m2!2m1!1sLa+Casa+del+TomaHawk!3m6!1s0x902d6d4de8ed298d:0x48d3331a35e70a89!8m2!3d-2.142207!4d-79.9036767!15sChRMYSBDYXNhIGRlbCBUb21hSGF3ayIDiAEBWhYiFGxhIGNhc2EgZGVsIHRvbWFoYXdrkgEKcmVzdGF1cmFudOABAA!16s%2Fg%2F11g73597ns?entry=ttu&g_ep=EgoyMDI2MDgwNS4xIKXMDSoASAFQAw%3D%3D","5",,"Av. Francisco de Orellana","false","Muy Buen",,"La Casa del Tomahawk","4.3",,"https://www.google.com/maps/search/?api=1&query=La%20Casa%20del%20Tomahawk&query_place_id=ChIJjSnt6E1tLZARiQrnNRoz00g",
"Av. Francisco de Orellana, 090508 Guayaquil, Ecuador","Restaurante","Restaurante","5247594178483260041","Guayaquil","EC","0x902d6d4de8ed298d:0x48d3331a35e70a89",,"https://lh3.googleusercontent.com/gps-cs-s/AHRPTWlKtARv4uZa_c0E1ciQrsvkVWlAt0OWnqG49SXXKn1JlecdPQYXZPK_TxCCl87SigA3GX2PU04pnOiGW41Pbav9OeLEW4TIc3Cj6awxMxvlp60hmHuReYtoJRuWyBWhvz5q8lLz2Q=w408-h272-k-no","false","true","/g/11g73597ns","es-419","0","-2.142207","-79.9036767",,"Alborada Oeste","es","false","ChIJjSnt6E1tLZARiQrnNRoz00g",,"$10-25","Hace 5 meses","2026-02-13T02:49:21.598Z",,,,,,,,,,,,,,,,,,,,,,"5","5","5","Ci9DQUlRQUNvZENodHljRjlvT2s5MlRqTjVkbkppTURCTGIxazRXRVpHT1hSNWRGRRAB",,,,,,,,,"Google",,,"122",,,"3594","2026-08-08T17:27:42.403Z","Direct Detail URL: https://www.google.com/maps/place/La+Casa+del+Tomahawk/@-2.1684545,-79.9245565,12z/data=!4m10!1m2!2m1!1sLa+Casa+del+TomaHawk!3m6!1s0x902d6d4de8ed298d:0x48d3331a35e70a89!8m2!3d-2.142207!4d-79.9036767!15sChRMYSBDYXNhIGRlbCBUb21hSGF3ayIDiAEBWhYiFGxhIGNhc2EgZGVsIHRvbWFoYXdrkgEKcmVzdGF1cmFudOABAA!16s%2Fg%2F11g73597ns?entry=ttu&g_ep=EgoyMDI2MDgwNS4xIKXMDSoASAFQAw%3D%3D","5",,"Av. Francisco de Orellana","false","Excelente",,"La Casa del Tomahawk","4.3",,"https://www.google.com/maps/search/?api=1&query=La%20Casa%20del%20Tomahawk&query_place_id=ChIJjSnt6E1tLZARiQrnNRoz00g",
"Av. Francisco de Orellana, 090508 Guayaquil, Ecuador","Restaurante","Restaurante","5247594178483260041","Guayaquil","EC","0x902d6d4de8ed298d:0x48d3331a35e70a89",,"https://lh3.googleusercontent.com/gps-cs-s/AHRPTWlKtARv4uZa_c0E1ciQrsvkVWlAt0OWnqG49SXXKn1JlecdPQYXZPK_TxCCl87SigA3GX2PU04pnOiGW41Pbav9OeLEW4TIc3Cj6awxMxvlp60hmHuReYtoJRuWyBWhvz5q8lLz2Q=w408-h272-k-no","false","true","/g/11g73597ns","es-419","0","-2.142207","-79.9036767",,"Alborada Oeste","es","false","ChIJjSnt6E1tLZARiQrnNRoz00g",,"$10-25","Hace 6 meses","2026-02-08T04:25:10.331Z",,,,,,,,,,,,,,,,,,,,,,,,,"Ci9DQUlRQUNvZENodHljRjlvT21Wdk1scFVNa1F3WW1aMVFqTnpTMWxSU1hSTVNHYxAB","https://lh3.googleusercontent.com/grass-cs/ACvplmPjvvlyh4ji5G7w1h_6ocQKebleDO_RNFfpKSwNnhBnNYro4SXYZNyi5xJ17jUOrSNU7jF0VgTWjaIGm0BzfYAKQlaEuPHIOl7HRLThZLoHoVlon-048uR-wxbAV85n7QWl22fFgT3jnCs=k-no",,,,,,,,"Google",,,"16",,,"3594","2026-08-08T17:27:42.403Z","Direct Detail URL: https://www.google.com/maps/place/La+Casa+del+Tomahawk/@-2.1684545,-79.9245565,12z/data=!4m10!1m2!2m1!1sLa+Casa+del+TomaHawk!3m6!1s0x902d6d4de8ed298d:0x48d3331a35e70a89!8m2!3d-2.142207!4d-79.9036767!15sChRMYSBDYXNhIGRlbCBUb21hSGF3ayIDiAEBWhYiFGxhIGNhc2EgZGVsIHRvbWFoYXdrkgEKcmVzdGF1cmFudOABAA!16s%2Fg%2F11g73597ns?entry=ttu&g_ep=EgoyMDI2MDgwNS4xIKXMDSoASAFQAw%3D%3D","5",,"Av. Francisco de Orellana","false","Excelente servicio y promociones",,"La Casa del Tomahawk","4.3",,"https://www.google.com/maps/search/?api=1&query=La%20Casa%20del%20Tomahawk&query_place_id=ChIJjSnt6E1tLZARiQrnNRoz00g",
"Av. Francisco de Orellana, 090508 Guayaquil, Ecuador","Restaurante","Restaurante","5247594178483260041","Guayaquil","EC","0x902d6d4de8ed298d:0x48d3331a35e70a89",,"https://lh3.googleusercontent.com/gps-cs-s/AHRPTWlKtARv4uZa_c0E1ciQrsvkVWlAt0OWnqG49SXXKn1JlecdPQYXZPK_TxCCl87SigA3GX2PU04pnOiGW41Pbav9OeLEW4TIc3Cj6awxMxvlp60hmHuReYtoJRuWyBWhvz5q8lLz2Q=w408-h272-k-no","false","false","/g/11g73597ns","es-419","0","-2.142207","-79.9036767",,"Alborada Oeste","es","false","ChIJjSnt6E1tLZARiQrnNRoz00g",,"$10-25","Editado Hace 6 meses","2026-02-07T04:54:19.121Z",,,,,,,,"Música en vivo, Noches temáticas, Evento de temporada o de festividades",,,,,,"$5-10",,,"Apto para grupos de todos los tamaños","De 10 a 30 min",,,,,,,"Ci9DQUlRQUNvZENodHljRjlvT25KRE0xbGxZbGN3ZG05Sk0xSkRZVEpPWmtsRFVHYxAB",,,,,,,,,"Google",,,"5",,,"3594","2026-08-08T17:27:42.403Z","Direct Detail URL: https://www.google.com/maps/place/La+Casa+del+Tomahawk/@-2.1684545,-79.9245565,12z/data=!4m10!1m2!2m1!1sLa+Casa+del+TomaHawk!3m6!1s0x902d6d4de8ed298d:0x48d3331a35e70a89!8m2!3d-2.142207!4d-79.9036767!15sChRMYSBDYXNhIGRlbCBUb21hSGF3ayIDiAEBWhYiFGxhIGNhc2EgZGVsIHRvbWFoYXdrkgEKcmVzdGF1cmFudOABAA!16s%2Fg%2F11g73597ns?entry=ttu&g_ep=EgoyMDI2MDgwNS4xIKXMDSoASAFQAw%3D%3D","4",,"Av. Francisco de Orellana","false","Muy bueno",,"La Casa del Tomahawk","4.3",,"https://www.google.com/maps/search/?api=1&query=La%20Casa%20del%20Tomahawk&query_place_id=ChIJjSnt6E1tLZARiQrnNRoz00g",
"Av. Francisco de Orellana, 090508 Guayaquil, Ecuador","Restaurante","Restaurante","5247594178483260041","Guayaquil","EC","0x902d6d4de8ed298d:0x48d3331a35e70a89",,"https://lh3.googleusercontent.com/gps-cs-s/AHRPTWlKtARv4uZa_c0E1ciQrsvkVWlAt0OWnqG49SXXKn1JlecdPQYXZPK_TxCCl87SigA3GX2PU04pnOiGW41Pbav9OeLEW4TIc3Cj6awxMxvlp60hmHuReYtoJRuWyBWhvz5q8lLz2Q=w408-h272-k-no","false","false","/g/11g73597ns","es-419","0","-2.142207","-79.9036767",,"Alborada Oeste","es","false","ChIJjSnt6E1tLZARiQrnNRoz00g",,"$10-25","Hace 6 meses","2026-01-23T14:18:39.523Z",,,,,,,,,,,,,,,,,,,,,,,"1","1","Ci9DQUlRQUNvZENodHljRjlvT2xCbGVUTnBUbVZ1TkRGUlN6QXpPRVIzWDA5bFkzYxAB",,,,,,,,,"Google",,,"1",,,"3594","2026-08-08T17:27:42.403Z","Direct Detail URL: https://www.google.com/maps/place/La+Casa+del+Tomahawk/@-2.1684545,-79.9245565,12z/data=!4m10!1m2!2m1!1sLa+Casa+del+TomaHawk!3m6!1s0x902d6d4de8ed298d:0x48d3331a35e70a89!8m2!3d-2.142207!4d-79.9036767!15sChRMYSBDYXNhIGRlbCBUb21hSGF3ayIDiAEBWhYiFGxhIGNhc2EgZGVsIHRvbWFoYXdrkgEKcmVzdGF1cmFudOABAA!16s%2Fg%2F11g73597ns?entry=ttu&g_ep=EgoyMDI2MDgwNS4xIKXMDSoASAFQAw%3D%3D","1",,"Av. Francisco de Orellana","false","Son demasiado lente te dice en 10 minuto te entregó la orden y te terminé entregando la orden despues de una hora,la verdad que pesimo servio,mut binito el lugar y todo pero el personal  nada que ver.",,"La Casa del Tomahawk","4.3",,"https://www.google.com/maps/search/?api=1&query=La%20Casa%20del%20Tomahawk&query_place_id=ChIJjSnt6E1tLZARiQrnNRoz00g",
"Av. Francisco de Orellana, 090508 Guayaquil, Ecuador","Restaurante","Restaurante","5247594178483260041","Guayaquil","EC","0x902d6d4de8ed298d:0x48d3331a35e70a89",,"https://lh3.googleusercontent.com/gps-cs-s/AHRPTWlKtARv4uZa_c0E1ciQrsvkVWlAt0OWnqG49SXXKn1JlecdPQYXZPK_TxCCl87SigA3GX2PU04pnOiGW41Pbav9OeLEW4TIc3Cj6awxMxvlp60hmHuReYtoJRuWyBWhvz5q8lLz2Q=w408-h272-k-no","false","true","/g/11g73597ns","es-419","0","-2.142207","-79.9036767",,"Alborada Oeste","es","false","ChIJjSnt6E1tLZARiQrnNRoz00g",,"$10-25","Hace 6 meses","2026-01-17T00:08:40.473Z",,,,,,,,,,,,,,,,,,,,,,"4","5","5","Ci9DQUlRQUNvZENodHljRjlvT21JeVJtbHFjR2hyUkhadVQwdERaRzlpYzI5TFRGRRAB","https://lh3.googleusercontent.com/grass-cs/ACvplmNFJ7ZEIeyd1Hubddr4RiH3U5NAM2uRfmsDh6MD0t7tCznfFdNg0JLMeRbGgUTwAZ9eRD6rLWWPhXH0F8Ri20H7r71oqhxXICyCAvvra2TSA0oOHOmeRIZDyGGK2rqedLCD_hQIJJLUOwaf=k-no",,,,,,,,"Google",,,"137",,,"3594","2026-08-08T17:27:42.403Z","Direct Detail URL: https://www.google.com/maps/place/La+Casa+del+Tomahawk/@-2.1684545,-79.9245565,12z/data=!4m10!1m2!2m1!1sLa+Casa+del+TomaHawk!3m6!1s0x902d6d4de8ed298d:0x48d3331a35e70a89!8m2!3d-2.142207!4d-79.9036767!15sChRMYSBDYXNhIGRlbCBUb21hSGF3ayIDiAEBWhYiFGxhIGNhc2EgZGVsIHRvbWFoYXdrkgEKcmVzdGF1cmFudOABAA!16s%2Fg%2F11g73597ns?entry=ttu&g_ep=EgoyMDI2MDgwNS4xIKXMDSoASAFQAw%3D%3D","4",,"Av. Francisco de Orellana","false","Excelente atención del joven edison. La picaña muy riquísima, pero por favor es la casa. Del Tomahawk 😔 pero encontré el tomahawk",,"La Casa del Tomahawk","4.3",,"https://www.google.com/maps/search/?api=1&query=La%20Casa%20del%20Tomahawk&query_place_id=ChIJjSnt6E1tLZARiQrnNRoz00g",
"Av. Francisco de Orellana, 090508 Guayaquil, Ecuador","Restaurante","Restaurante","5247594178483260041","Guayaquil","EC","0x902d6d4de8ed298d:0x48d3331a35e70a89",,"https://lh3.googleusercontent.com/gps-cs-s/AHRPTWlKtARv4uZa_c0E1ciQrsvkVWlAt0OWnqG49SXXKn1JlecdPQYXZPK_TxCCl87SigA3GX2PU04pnOiGW41Pbav9OeLEW4TIc3Cj6awxMxvlp60hmHuReYtoJRuWyBWhvz5q8lLz2Q=w408-h272-k-no","false","true","/g/11g73597ns","es-419","0","-2.142207","-79.9036767",,"Alborada Oeste","es","false","ChIJjSnt6E1tLZARiQrnNRoz00g",,"$10-25","Hace 6 meses","2026-01-16T04:33:43.391Z",,,,,,,,"Evento de temporada o de festividades",,,,,,"$5-10",,,"2 personas","Hasta 10 min",,,,"4","4","4","Ci9DQUlRQUNvZENodHljRjlvT2tSTmIzY3pXWEpFVDNKbloybE1ORXcyT1dOZlVIYxAB","https://lh3.googleusercontent.com/grass-cs/ACvplmMGbX5M6e2XEkSY8W1jbcLTA_0Zf10rFTgryhQY8qyf44tVwEMJcPtr7UQVaNYYVPvkh1KtMVtjAxcvo0YzyYv--hbxXwUaIbqPVBzMg_9FnG4vxY6VFrBKD-i1xYuZxyO7KQHv37yuvqQn=k-no","https://lh3.googleusercontent.com/grass-cs/ACvplmMxmMGWCa_HTpA1aIWH3MS7EPIe_JzIXAjS2jHEI7eroJf5jSAXOR3-UXz8AV5JJjk8gCzmQk-_ZpxoOCFuRbOaPT5XwEf-MlbdLwMI02ijFjjxury7_6roYbd3omtooWSXJk-e4CxXXE5l=k-no","https://lh3.googleusercontent.com/grass-cs/ACvplmOcXefMotjO4Pf8AT5vwKFXQFILAs_lxANA7Soys8eJjZJd8ijLOJ97fpYgT9JstQBaeU7hsL5LO0Zylad1dacc7pjCqu58tv3vRe_PGdui1YjtRq2Qw5AkRv7Hf52dRWd29emi5Q_Zd8M=k-no",,,,,,"Google",,,"34",,,"3594","2026-08-08T17:27:42.403Z","Direct Detail URL: https://www.google.com/maps/place/La+Casa+del+Tomahawk/@-2.1684545,-79.9245565,12z/data=!4m10!1m2!2m1!1sLa+Casa+del+TomaHawk!3m6!1s0x902d6d4de8ed298d:0x48d3331a35e70a89!8m2!3d-2.142207!4d-79.9036767!15sChRMYSBDYXNhIGRlbCBUb21hSGF3ayIDiAEBWhYiFGxhIGNhc2EgZGVsIHRvbWFoYXdrkgEKcmVzdGF1cmFudOABAA!16s%2Fg%2F11g73597ns?entry=ttu&g_ep=EgoyMDI2MDgwNS4xIKXMDSoASAFQAw%3D%3D","5",,"Av. Francisco de Orellana","false","Visité el restaurante y me pareció bueno tanto el servio como la comida, fui entre semana y no me tocó esperar mucho a diferencia de los fines de semana que hay mas movimiento, el trato por parte del personal fue amable, dentro del restaurante me parece agradable, lo veo ideal como para ir con amigos a ver partidos de fútbol por televisión",,"La Casa del Tomahawk","4.3",,"https://www.google.com/maps/search/?api=1&query=La%20Casa%20del%20Tomahawk&query_place_id=ChIJjSnt6E1tLZARiQrnNRoz00g",
"Av. Francisco de Orellana, 090508 Guayaquil, Ecuador","Restaurante","Restaurante","5247594178483260041","Guayaquil","EC","0x902d6d4de8ed298d:0x48d3331a35e70a89",,"https://lh3.googleusercontent.com/gps-cs-s/AHRPTWlKtARv4uZa_c0E1ciQrsvkVWlAt0OWnqG49SXXKn1JlecdPQYXZPK_TxCCl87SigA3GX2PU04pnOiGW41Pbav9OeLEW4TIc3Cj6awxMxvlp60hmHuReYtoJRuWyBWhvz5q8lLz2Q=w408-h272-k-no","false","true","/g/11g73597ns","es-419","0","-2.142207","-79.9036767",,"Alborada Oeste",,"false","ChIJjSnt6E1tLZARiQrnNRoz00g",,"$10-25","Hace 6 meses","2026-01-15T18:47:37.962Z",,,,,,,,,,,,,,,,,,,,,,"5","5","5","Ci9DQUlRQUNvZENodHljRjlvT2prd1VIQnNjSE5mVTFweWIyOVpkbEJyYlZWb2VIYxAB",,,,,,,,,"Google",,,"40",,,"3594","2026-08-08T17:27:42.403Z","Direct Detail URL: https://www.google.com/maps/place/La+Casa+del+Tomahawk/@-2.1684545,-79.9245565,12z/data=!4m10!1m2!2m1!1sLa+Casa+del+TomaHawk!3m6!1s0x902d6d4de8ed298d:0x48d3331a35e70a89!8m2!3d-2.142207!4d-79.9036767!15sChRMYSBDYXNhIGRlbCBUb21hSGF3ayIDiAEBWhYiFGxhIGNhc2EgZGVsIHRvbWFoYXdrkgEKcmVzdGF1cmFudOABAA!16s%2Fg%2F11g73597ns?entry=ttu&g_ep=EgoyMDI2MDgwNS4xIKXMDSoASAFQAw%3D%3D","5",,"Av. Francisco de Orellana","false",,,"La Casa del Tomahawk","4.3",,"https://www.google.com/maps/search/?api=1&query=La%20Casa%20del%20Tomahawk&query_place_id=ChIJjSnt6E1tLZARiQrnNRoz00g",
"Av. Francisco de Orellana, 090508 Guayaquil, Ecuador","Restaurante","Restaurante","5247594178483260041","Guayaquil","EC","0x902d6d4de8ed298d:0x48d3331a35e70a89",,"https://lh3.googleusercontent.com/gps-cs-s/AHRPTWlKtARv4uZa_c0E1ciQrsvkVWlAt0OWnqG49SXXKn1JlecdPQYXZPK_TxCCl87SigA3GX2PU04pnOiGW41Pbav9OeLEW4TIc3Cj6awxMxvlp60hmHuReYtoJRuWyBWhvz5q8lLz2Q=w408-h272-k-no","false","false","/g/11g73597ns","es-419","0","-2.142207","-79.9036767",,"Alborada Oeste",,"false","ChIJjSnt6E1tLZARiQrnNRoz00g",,"$10-25","Hace 7 meses","2026-01-08T02:19:53.777Z",,,,,,,,,,,,,,,,,,,,,,"5","5","5","Ci9DQUlRQUNvZENodHljRjlvT210QlRuaFFkR1JoT0RkT2JTMHRjVU52Y25kWVMwRRAB",,,,,,,,,"Google",,,"0",,,"3594","2026-08-08T17:27:42.403Z","Direct Detail URL: https://www.google.com/maps/place/La+Casa+del+Tomahawk/@-2.1684545,-79.9245565,12z/data=!4m10!1m2!2m1!1sLa+Casa+del+TomaHawk!3m6!1s0x902d6d4de8ed298d:0x48d3331a35e70a89!8m2!3d-2.142207!4d-79.9036767!15sChRMYSBDYXNhIGRlbCBUb21hSGF3ayIDiAEBWhYiFGxhIGNhc2EgZGVsIHRvbWFoYXdrkgEKcmVzdGF1cmFudOABAA!16s%2Fg%2F11g73597ns?entry=ttu&g_ep=EgoyMDI2MDgwNS4xIKXMDSoASAFQAw%3D%3D","5",,"Av. Francisco de Orellana","false",,,"La Casa del Tomahawk","4.3",,"https://www.google.com/maps/search/?api=1&query=La%20Casa%20del%20Tomahawk&query_place_id=ChIJjSnt6E1tLZARiQrnNRoz00g",
"Av. Francisco de Orellana, 090508 Guayaquil, Ecuador","Restaurante","Restaurante","5247594178483260041","Guayaquil","EC","0x902d6d4de8ed298d:0x48d3331a35e70a89",,"https://lh3.googleusercontent.com/gps-cs-s/AHRPTWlKtARv4uZa_c0E1ciQrsvkVWlAt0OWnqG49SXXKn1JlecdPQYXZPK_TxCCl87SigA3GX2PU04pnOiGW41Pbav9OeLEW4TIc3Cj6awxMxvlp60hmHuReYtoJRuWyBWhvz5q8lLz2Q=w408-h272-k-no","false","true","/g/11g73597ns","es-419","0","-2.142207","-79.9036767",,"Alborada Oeste","es","false","ChIJjSnt6E1tLZARiQrnNRoz00g",,"$10-25","Hace 7 meses","2026-01-05T01:48:55.289Z",,,,,,,,"Otros",,,,,,,,,"3 o 4 personas","De 10 a 30 min",,,,"5","5","4","Ci9DQUlRQUNvZENodHljRjlvT25OeVlWVTFRalV4ZW1oUlRGZDJWREkyZEZsa1dHYxAB",,,,,,,,,"Google",,,"3",,,"3594","2026-08-08T17:27:42.403Z","Direct Detail URL: https://www.google.com/maps/place/La+Casa+del+Tomahawk/@-2.1684545,-79.9245565,12z/data=!4m10!1m2!2m1!1sLa+Casa+del+TomaHawk!3m6!1s0x902d6d4de8ed298d:0x48d3331a35e70a89!8m2!3d-2.142207!4d-79.9036767!15sChRMYSBDYXNhIGRlbCBUb21hSGF3ayIDiAEBWhYiFGxhIGNhc2EgZGVsIHRvbWFoYXdrkgEKcmVzdGF1cmFudOABAA!16s%2Fg%2F11g73597ns?entry=ttu&g_ep=EgoyMDI2MDgwNS4xIKXMDSoASAFQAw%3D%3D","4",,"Av. Francisco de Orellana","false","Bonita experiencia Pero demoran en atender.",,"La Casa del Tomahawk","4.3",,"https://www.google.com/maps/search/?api=1&query=La%20Casa%20del%20Tomahawk&query_place_id=ChIJjSnt6E1tLZARiQrnNRoz00g",
"Av. Francisco de Orellana, 090508 Guayaquil, Ecuador","Restaurante","Restaurante","5247594178483260041","Guayaquil","EC","0x902d6d4de8ed298d:0x48d3331a35e70a89",,"https://lh3.googleusercontent.com/gps-cs-s/AHRPTWlKtARv4uZa_c0E1ciQrsvkVWlAt0OWnqG49SXXKn1JlecdPQYXZPK_TxCCl87SigA3GX2PU04pnOiGW41Pbav9OeLEW4TIc3Cj6awxMxvlp60hmHuReYtoJRuWyBWhvz5q8lLz2Q=w408-h272-k-no","false","true","/g/11g73597ns","es-419","0","-2.142207","-79.9036767",,"Alborada Oeste",,"false","ChIJjSnt6E1tLZARiQrnNRoz00g",,"$10-25","Hace 7 meses","2025-12-31T16:12:43.619Z",,,,,,,,,,,,,,"$20-25",,,,,,,,"5","5","5","Ci9DQUlRQUNvZENodHljRjlvT2xSVFRFSnVSR1psTm1zdFgzZFpOWEppVURSVE1GRRAB",,,,,,,,,"Google",,,"92",,,"3594","2026-08-08T17:27:42.403Z","Direct Detail URL: https://www.google.com/maps/place/La+Casa+del+Tomahawk/@-2.1684545,-79.9245565,12z/data=!4m10!1m2!2m1!1sLa+Casa+del+TomaHawk!3m6!1s0x902d6d4de8ed298d:0x48d3331a35e70a89!8m2!3d-2.142207!4d-79.9036767!15sChRMYSBDYXNhIGRlbCBUb21hSGF3ayIDiAEBWhYiFGxhIGNhc2EgZGVsIHRvbWFoYXdrkgEKcmVzdGF1cmFudOABAA!16s%2Fg%2F11g73597ns?entry=ttu&g_ep=EgoyMDI2MDgwNS4xIKXMDSoASAFQAw%3D%3D","5",,"Av. Francisco de Orellana","false",,,"La Casa del Tomahawk","4.3",,"https://www.google.com/maps/search/?api=1&query=La%20Casa%20del%20Tomahawk&query_place_id=ChIJjSnt6E1tLZARiQrnNRoz00g",
"Av. Francisco de Orellana, 090508 Guayaquil, Ecuador","Restaurante","Restaurante","5247594178483260041","Guayaquil","EC","0x902d6d4de8ed298d:0x48d3331a35e70a89",,"https://lh3.googleusercontent.com/gps-cs-s/AHRPTWlKtARv4uZa_c0E1ciQrsvkVWlAt0OWnqG49SXXKn1JlecdPQYXZPK_TxCCl87SigA3GX2PU04pnOiGW41Pbav9OeLEW4TIc3Cj6awxMxvlp60hmHuReYtoJRuWyBWhvz5q8lLz2Q=w408-h272-k-no","false","false","/g/11g73597ns","es-419","0","-2.142207","-79.9036767",,"Alborada Oeste",,"false","ChIJjSnt6E1tLZARiQrnNRoz00g",,"$10-25","Hace 7 meses","2025-12-29T02:39:43.815Z",,,,,,,,,,,,,,,,,,,,,,,,,"Ci9DQUlRQUNvZENodHljRjlvT2s4MVpUUnlUMW80Y1MxMGJ6QnRWMlZOVWpBeFpsRRAB",,,,,,,,,"Google",,,"4",,,"3594","2026-08-08T17:27:42.403Z","Direct Detail URL: https://www.google.com/maps/place/La+Casa+del+Tomahawk/@-2.1684545,-79.9245565,12z/data=!4m10!1m2!2m1!1sLa+Casa+del+TomaHawk!3m6!1s0x902d6d4de8ed298d:0x48d3331a35e70a89!8m2!3d-2.142207!4d-79.9036767!15sChRMYSBDYXNhIGRlbCBUb21hSGF3ayIDiAEBWhYiFGxhIGNhc2EgZGVsIHRvbWFoYXdrkgEKcmVzdGF1cmFudOABAA!16s%2Fg%2F11g73597ns?entry=ttu&g_ep=EgoyMDI2MDgwNS4xIKXMDSoASAFQAw%3D%3D","5",,"Av. Francisco de Orellana","false",,,"La Casa del Tomahawk","4.3",,"https://www.google.com/maps/search/?api=1&query=La%20Casa%20del%20Tomahawk&query_place_id=ChIJjSnt6E1tLZARiQrnNRoz00g",
"Av. Francisco de Orellana, 090508 Guayaquil, Ecuador","Restaurante","Restaurante","5247594178483260041","Guayaquil","EC","0x902d6d4de8ed298d:0x48d3331a35e70a89",,"https://lh3.googleusercontent.com/gps-cs-s/AHRPTWlKtARv4uZa_c0E1ciQrsvkVWlAt0OWnqG49SXXKn1JlecdPQYXZPK_TxCCl87SigA3GX2PU04pnOiGW41Pbav9OeLEW4TIc3Cj6awxMxvlp60hmHuReYtoJRuWyBWhvz5q8lLz2Q=w408-h272-k-no","false","false","/g/11g73597ns","es-419","0","-2.142207","-79.9036767",,"Alborada Oeste",,"false","ChIJjSnt6E1tLZARiQrnNRoz00g",,"$10-25","Hace 7 meses","2025-12-27T03:09:00.628Z",,,,,,,,,,,,,,"$15-20",,,,,,,,"5","5","5","Ci9DQUlRQUNvZENodHljRjlvT2pOT1JUaFdUSHByVWxOS1oyNVBRa0kzUVdsWWVVRRAB",,,,,,,,,"Google",,,"0",,,"3594","2026-08-08T17:27:42.403Z","Direct Detail URL: https://www.google.com/maps/place/La+Casa+del+Tomahawk/@-2.1684545,-79.9245565,12z/data=!4m10!1m2!2m1!1sLa+Casa+del+TomaHawk!3m6!1s0x902d6d4de8ed298d:0x48d3331a35e70a89!8m2!3d-2.142207!4d-79.9036767!15sChRMYSBDYXNhIGRlbCBUb21hSGF3ayIDiAEBWhYiFGxhIGNhc2EgZGVsIHRvbWFoYXdrkgEKcmVzdGF1cmFudOABAA!16s%2Fg%2F11g73597ns?entry=ttu&g_ep=EgoyMDI2MDgwNS4xIKXMDSoASAFQAw%3D%3D","5",,"Av. Francisco de Orellana","false",,,"La Casa del Tomahawk","4.3",,"https://www.google.com/maps/search/?api=1&query=La%20Casa%20del%20Tomahawk&query_place_id=ChIJjSnt6E1tLZARiQrnNRoz00g",
"Av. Francisco de Orellana, 090508 Guayaquil, Ecuador","Restaurante","Restaurante","5247594178483260041","Guayaquil","EC","0x902d6d4de8ed298d:0x48d3331a35e70a89",,"https://lh3.googleusercontent.com/gps-cs-s/AHRPTWlKtARv4uZa_c0E1ciQrsvkVWlAt0OWnqG49SXXKn1JlecdPQYXZPK_TxCCl87SigA3GX2PU04pnOiGW41Pbav9OeLEW4TIc3Cj6awxMxvlp60hmHuReYtoJRuWyBWhvz5q8lLz2Q=w408-h272-k-no","false","false","/g/11g73597ns","es-419","0","-2.142207","-79.9036767",,"Alborada Oeste",,"false","ChIJjSnt6E1tLZARiQrnNRoz00g",,"$10-25","Hace 7 meses","2025-12-21T04:33:06.188Z",,,,,,,,,,,,,,,,,,,,,,,,,"Ci9DQUlRQUNvZENodHljRjlvT2tvMFVuSnZTVGQyU1hOM2VFMU5NbXRLTjE4MGRsRRAB",,,,,,,,,"Google",,,"10",,,"3594","2026-08-08T17:27:42.403Z","Direct Detail URL: https://www.google.com/maps/place/La+Casa+del+Tomahawk/@-2.1684545,-79.9245565,12z/data=!4m10!1m2!2m1!1sLa+Casa+del+TomaHawk!3m6!1s0x902d6d4de8ed298d:0x48d3331a35e70a89!8m2!3d-2.142207!4d-79.9036767!15sChRMYSBDYXNhIGRlbCBUb21hSGF3ayIDiAEBWhYiFGxhIGNhc2EgZGVsIHRvbWFoYXdrkgEKcmVzdGF1cmFudOABAA!16s%2Fg%2F11g73597ns?entry=ttu&g_ep=EgoyMDI2MDgwNS4xIKXMDSoASAFQAw%3D%3D","4",,"Av. Francisco de Orellana","false",,,"La Casa del Tomahawk","4.3",,"https://www.google.com/maps/search/?api=1&query=La%20Casa%20del%20Tomahawk&query_place_id=ChIJjSnt6E1tLZARiQrnNRoz00g",
"Av. Francisco de Orellana, 090508 Guayaquil, Ecuador","Restaurante","Restaurante","5247594178483260041","Guayaquil","EC","0x902d6d4de8ed298d:0x48d3331a35e70a89",,"https://lh3.googleusercontent.com/gps-cs-s/AHRPTWlKtARv4uZa_c0E1ciQrsvkVWlAt0OWnqG49SXXKn1JlecdPQYXZPK_TxCCl87SigA3GX2PU04pnOiGW41Pbav9OeLEW4TIc3Cj6awxMxvlp60hmHuReYtoJRuWyBWhvz5q8lLz2Q=w408-h272-k-no","false","false","/g/11g73597ns","es-419","0","-2.142207","-79.9036767",,"Alborada Oeste","es","false","ChIJjSnt6E1tLZARiQrnNRoz00g",,"$10-25","Hace 7 meses","2025-12-14T19:31:41.332Z",,,,,,,,"Ningún evento especial",,,,,,"$30-35",,,"Apto para grupos de todos los tamaños","Sin espera",,,,"2","2","3","Ci9DQUlRQUNvZENodHljRjlvT2tveVZXcG1WRTF4V0UxMFVURTVWVEJxZG5KNk1HYxAB",,,,,,,,,"Google",,,"3",,,"3594","2026-08-08T17:27:42.403Z","Direct Detail URL: https://www.google.com/maps/place/La+Casa+del+Tomahawk/@-2.1684545,-79.9245565,12z/data=!4m10!1m2!2m1!1sLa+Casa+del+TomaHawk!3m6!1s0x902d6d4de8ed298d:0x48d3331a35e70a89!8m2!3d-2.142207!4d-79.9036767!15sChRMYSBDYXNhIGRlbCBUb21hSGF3ayIDiAEBWhYiFGxhIGNhc2EgZGVsIHRvbWFoYXdrkgEKcmVzdGF1cmFudOABAA!16s%2Fg%2F11g73597ns?entry=ttu&g_ep=EgoyMDI2MDgwNS4xIKXMDSoASAFQAw%3D%3D","2",,"Av. Francisco de Orellana","false","La verdad es que me hacía mucha ilusión comer el trozo del tomahawk, que es lo que le da nombre al lugar. Fue una gran decepción. Pedimos término medio y la carne llegó tibia, casi fría, con una cocción dispareja y su textura era dura. El acompañamiento (patacones, moro) se sentía recalentado. La impresión que da es que, aunque es su plato estrella, no le dan el cuidado y la importancia que merece.
Sobre la espera y la atención: es un lugar amplio que tiene espacio para mesas de más de 10 personas, con lo cual los meseros no se dan abasto. Como resultado, los tiempos de espera resultan corregiblemente prolongados.
¿Lo mejor de la visita? El cerdo que pedimos y los chorizos. ¡Insólito!
Si quieres comer el plato estrella homónimo del lugar, aquí no es.",,"La Casa del Tomahawk","4.3",,"https://www.google.com/maps/search/?api=1&query=La%20Casa%20del%20Tomahawk&query_place_id=ChIJjSnt6E1tLZARiQrnNRoz00g",
"Av. Francisco de Orellana, 090508 Guayaquil, Ecuador","Restaurante","Restaurante","5247594178483260041","Guayaquil","EC","0x902d6d4de8ed298d:0x48d3331a35e70a89",,"https://lh3.googleusercontent.com/gps-cs-s/AHRPTWlKtARv4uZa_c0E1ciQrsvkVWlAt0OWnqG49SXXKn1JlecdPQYXZPK_TxCCl87SigA3GX2PU04pnOiGW41Pbav9OeLEW4TIc3Cj6awxMxvlp60hmHuReYtoJRuWyBWhvz5q8lLz2Q=w408-h272-k-no","false","false","/g/11g73597ns","es-419","0","-2.142207","-79.9036767",,"Alborada Oeste",,"false","ChIJjSnt6E1tLZARiQrnNRoz00g",,"$10-25","Hace 8 meses","2025-12-08T02:25:36.821Z",,,,,,,,"Ningún evento especial",,,,,,"Más de $50",,,"No lo sé","Sin espera",,,,"3","2","3","Ci9DQUlRQUNvZENodHljRjlvT2tSRlFqSm1XalJ6YzFGS1JtNHRielpOVUZoS09FRRAB",,,,,,,,,"Google",,,"0",,,"3594","2026-08-08T17:27:42.403Z","Direct Detail URL: https://www.google.com/maps/place/La+Casa+del+Tomahawk/@-2.1684545,-79.9245565,12z/data=!4m10!1m2!2m1!1sLa+Casa+del+TomaHawk!3m6!1s0x902d6d4de8ed298d:0x48d3331a35e70a89!8m2!3d-2.142207!4d-79.9036767!15sChRMYSBDYXNhIGRlbCBUb21hSGF3ayIDiAEBWhYiFGxhIGNhc2EgZGVsIHRvbWFoYXdrkgEKcmVzdGF1cmFudOABAA!16s%2Fg%2F11g73597ns?entry=ttu&g_ep=EgoyMDI2MDgwNS4xIKXMDSoASAFQAw%3D%3D","1",,"Av. Francisco de Orellana","false",,,"La Casa del Tomahawk","4.3",,"https://www.google.com/maps/search/?api=1&query=La%20Casa%20del%20Tomahawk&query_place_id=ChIJjSnt6E1tLZARiQrnNRoz00g",
"Av. Francisco de Orellana, 090508 Guayaquil, Ecuador","Restaurante","Restaurante","5247594178483260041","Guayaquil","EC","0x902d6d4de8ed298d:0x48d3331a35e70a89",,"https://lh3.googleusercontent.com/gps-cs-s/AHRPTWlKtARv4uZa_c0E1ciQrsvkVWlAt0OWnqG49SXXKn1JlecdPQYXZPK_TxCCl87SigA3GX2PU04pnOiGW41Pbav9OeLEW4TIc3Cj6awxMxvlp60hmHuReYtoJRuWyBWhvz5q8lLz2Q=w408-h272-k-no","false","true","/g/11g73597ns","es-419","0","-2.142207","-79.9036767",,"Alborada Oeste",,"false","ChIJjSnt6E1tLZARiQrnNRoz00g",,"$10-25","Hace 8 meses","2025-12-05T18:23:56.291Z",,,,,,,,,,,,,,,,,,,,,,,"5",,"Ci9DQUlRQUNvZENodHljRjlvT2psSVZqbHFSRWxNTW1VNFNrRjJRMWhPY0RWbFozYxAB",,,,,,,,,"Google",,,"12",,,"3594","2026-08-08T17:27:42.403Z","Direct Detail URL: https://www.google.com/maps/place/La+Casa+del+Tomahawk/@-2.1684545,-79.9245565,12z/data=!4m10!1m2!2m1!1sLa+Casa+del+TomaHawk!3m6!1s0x902d6d4de8ed298d:0x48d3331a35e70a89!8m2!3d-2.142207!4d-79.9036767!15sChRMYSBDYXNhIGRlbCBUb21hSGF3ayIDiAEBWhYiFGxhIGNhc2EgZGVsIHRvbWFoYXdrkgEKcmVzdGF1cmFudOABAA!16s%2Fg%2F11g73597ns?entry=ttu&g_ep=EgoyMDI2MDgwNS4xIKXMDSoASAFQAw%3D%3D","5",,"Av. Francisco de Orellana","false",,,"La Casa del Tomahawk","4.3",,"https://www.google.com/maps/search/?api=1&query=La%20Casa%20del%20Tomahawk&query_place_id=ChIJjSnt6E1tLZARiQrnNRoz00g",
"Av. Francisco de Orellana, 090508 Guayaquil, Ecuador","Restaurante","Restaurante","5247594178483260041","Guayaquil","EC","0x902d6d4de8ed298d:0x48d3331a35e70a89",,"https://lh3.googleusercontent.com/gps-cs-s/AHRPTWlKtARv4uZa_c0E1ciQrsvkVWlAt0OWnqG49SXXKn1JlecdPQYXZPK_TxCCl87SigA3GX2PU04pnOiGW41Pbav9OeLEW4TIc3Cj6awxMxvlp60hmHuReYtoJRuWyBWhvz5q8lLz2Q=w408-h272-k-no","false","true","/g/11g73597ns","es-419","0","-2.142207","-79.9036767",,"Alborada Oeste","es","false","ChIJjSnt6E1tLZARiQrnNRoz00g",,"$10-25","Hace 8 meses","2025-11-29T05:52:37.223Z",,,,,,,,"Ningún evento especial",,,,,,"$25-30",,,"Apto para grupos de todos los tamaños","De 30 a 60 min",,,,"2","2","1","Ci9DQUlRQUNvZENodHljRjlvT25CdFdFOXhiRXQzYWt0MVRFcFBRVUk1WVdsUGNtYxAB","https://lh3.googleusercontent.com/grass-cs/ACvplmP75wkig61V7KFSeh4Vgld3DcgWoSbPTTTSpU-QoIfDPW5TArkD-qjxIZ1zCdoF-7qzDAOR_WBhjqBx0UZe8R0MLE-DNdHFjrwN9ATf7qLRHIcEnTYAnjfim_sNVdDMXRdPgVDAXrwFQL4W=k-no","https://lh3.googleusercontent.com/grass-cs/ACvplmN81ewXEcYwLAQ_WChb3s4azO2GUH6yy9-tDb_inOBT6ZpMbeaVOkH9QG3Si-r2GSgtp4WpAlkTPUpC8llqoFS9k4qWoyqJqcMD9gBm_kAf6qOQiv0DlDTDjUiU4W8hidh2U2wDGMG5O89h=k-no","https://lh3.googleusercontent.com/grass-cs/ACvplmN9vSrLAcOZ5y8OzHtpLKwSEi5zinixv8OULCsO7DTQ3zj1eGNz6FpKY8egER4dWr2IbiBz80rVBJjCZULv1B8gNNGCpZXAdMSvLNcb74w7u_PcxNf0UOkKH9aKLYVDN05UBhreaNAx96c=k-no",,,,,,"Google",,,"188",,,"3594","2026-08-08T17:27:42.403Z","Direct Detail URL: https://www.google.com/maps/place/La+Casa+del+Tomahawk/@-2.1684545,-79.9245565,12z/data=!4m10!1m2!2m1!1sLa+Casa+del+TomaHawk!3m6!1s0x902d6d4de8ed298d:0x48d3331a35e70a89!8m2!3d-2.142207!4d-79.9036767!15sChRMYSBDYXNhIGRlbCBUb21hSGF3ayIDiAEBWhYiFGxhIGNhc2EgZGVsIHRvbWFoYXdrkgEKcmVzdGF1cmFudOABAA!16s%2Fg%2F11g73597ns?entry=ttu&g_ep=EgoyMDI2MDgwNS4xIKXMDSoASAFQAw%3D%3D","3",,"Av. Francisco de Orellana","false","Expectativa vs realidad
Fui por una publicación de TikTok cual mas se deja llevar.
La atención, la comida había q pedir las cosas e insistir y la comida sabor raro y el despacho ni se diga pedimos una cosa osea salsas y llegaron otras 😐",,"La Casa del Tomahawk","4.3",,"https://www.google.com/maps/search/?api=1&query=La%20Casa%20del%20Tomahawk&query_place_id=ChIJjSnt6E1tLZARiQrnNRoz00g",
"Av. Francisco de Orellana, 090508 Guayaquil, Ecuador","Restaurante","Restaurante","5247594178483260041","Guayaquil","EC","0x902d6d4de8ed298d:0x48d3331a35e70a89",,"https://lh3.googleusercontent.com/gps-cs-s/AHRPTWlKtARv4uZa_c0E1ciQrsvkVWlAt0OWnqG49SXXKn1JlecdPQYXZPK_TxCCl87SigA3GX2PU04pnOiGW41Pbav9OeLEW4TIc3Cj6awxMxvlp60hmHuReYtoJRuWyBWhvz5q8lLz2Q=w408-h272-k-no","false","true","/g/11g73597ns","es-419","0","-2.142207","-79.9036767",,"Alborada Oeste","es","false","ChIJjSnt6E1tLZARiQrnNRoz00g",,"$10-25","Hace 8 meses","2025-11-27T18:26:02.573Z",,,,,,,,"Ningún evento especial",,,,,,"$30-35",,,"Apto para grupos de todos los tamaños","Hasta 10 min",,,,"4","5","5","Ci9DQUlRQUNvZENodHljRjlvT2xFNFMwNDJTbGN3TjFGR00yTm5XamhoYTJweFFXYxAB",,,,,,,,,"Google",,,"24",,,"3594","2026-08-08T17:27:42.403Z","Direct Detail URL: https://www.google.com/maps/place/La+Casa+del+Tomahawk/@-2.1684545,-79.9245565,12z/data=!4m10!1m2!2m1!1sLa+Casa+del+TomaHawk!3m6!1s0x902d6d4de8ed298d:0x48d3331a35e70a89!8m2!3d-2.142207!4d-79.9036767!15sChRMYSBDYXNhIGRlbCBUb21hSGF3ayIDiAEBWhYiFGxhIGNhc2EgZGVsIHRvbWFoYXdrkgEKcmVzdGF1cmFudOABAA!16s%2Fg%2F11g73597ns?entry=ttu&g_ep=EgoyMDI2MDgwNS4xIKXMDSoASAFQAw%3D%3D","4",,"Av. Francisco de Orellana","false","Buena sazón, personalmente pedí unas alitas para compartir y estaban muy sabrosas,el sabor equilibrado.",,"La Casa del Tomahawk","4.3",,"https://www.google.com/maps/search/?api=1&query=La%20Casa%20del%20Tomahawk&query_place_id=ChIJjSnt6E1tLZARiQrnNRoz00g",
"Av. Francisco de Orellana, 090508 Guayaquil, Ecuador","Restaurante","Restaurante","5247594178483260041","Guayaquil","EC","0x902d6d4de8ed298d:0x48d3331a35e70a89",,"https://lh3.googleusercontent.com/gps-cs-s/AHRPTWlKtARv4uZa_c0E1ciQrsvkVWlAt0OWnqG49SXXKn1JlecdPQYXZPK_TxCCl87SigA3GX2PU04pnOiGW41Pbav9OeLEW4TIc3Cj6awxMxvlp60hmHuReYtoJRuWyBWhvz5q8lLz2Q=w408-h272-k-no","false","true","/g/11g73597ns","es-419","0","-2.142207","-79.9036767",,"Alborada Oeste",,"false","ChIJjSnt6E1tLZARiQrnNRoz00g",,"$10-25","Hace 8 meses","2025-11-26T19:09:57.402Z",,,,,,,,"Música en vivo, Evento de temporada o de festividades",,,,,,"$15-20",,,"Más de 9 personas","Hasta 10 min",,,,"5","5","4","Ci9DQUlRQUNvZENodHljRjlvT201UVNYTlhOM3BKYUcxWFlYVlFOMkZDUWtkNlMwRRAB",,,,,,,,,"Google",,,"17",,,"3594","2026-08-08T17:27:42.403Z","Direct Detail URL: https://www.google.com/maps/place/La+Casa+del+Tomahawk/@-2.1684545,-79.9245565,12z/data=!4m10!1m2!2m1!1sLa+Casa+del+TomaHawk!3m6!1s0x902d6d4de8ed298d:0x48d3331a35e70a89!8m2!3d-2.142207!4d-79.9036767!15sChRMYSBDYXNhIGRlbCBUb21hSGF3ayIDiAEBWhYiFGxhIGNhc2EgZGVsIHRvbWFoYXdrkgEKcmVzdGF1cmFudOABAA!16s%2Fg%2F11g73597ns?entry=ttu&g_ep=EgoyMDI2MDgwNS4xIKXMDSoASAFQAw%3D%3D","4",,"Av. Francisco de Orellana","false",,,"La Casa del Tomahawk","4.3",,"https://www.google.com/maps/search/?api=1&query=La%20Casa%20del%20Tomahawk&query_place_id=ChIJjSnt6E1tLZARiQrnNRoz00g",
"Av. Francisco de Orellana, 090508 Guayaquil, Ecuador","Restaurante","Restaurante","5247594178483260041","Guayaquil","EC","0x902d6d4de8ed298d:0x48d3331a35e70a89",,"https://lh3.googleusercontent.com/gps-cs-s/AHRPTWlKtARv4uZa_c0E1ciQrsvkVWlAt0OWnqG49SXXKn1JlecdPQYXZPK_TxCCl87SigA3GX2PU04pnOiGW41Pbav9OeLEW4TIc3Cj6awxMxvlp60hmHuReYtoJRuWyBWhvz5q8lLz2Q=w408-h272-k-no","false","false","/g/11g73597ns","es-419","0","-2.142207","-79.9036767",,"Alborada Oeste",,"false","ChIJjSnt6E1tLZARiQrnNRoz00g",,"$10-25","Hace 8 meses","2025-11-24T16:14:00.188Z",,,,,,,,,,,,,,,,,,,,,,,,,"Ci9DQUlRQUNvZENodHljRjlvT25KUmRIUnBURnBoVkROdFEwZGZlV1ZLVVhwSU9WRRAB",,,,,,,,,"Google",,,"0",,,"3594","2026-08-08T17:27:42.403Z","Direct Detail URL: https://www.google.com/maps/place/La+Casa+del+Tomahawk/@-2.1684545,-79.9245565,12z/data=!4m10!1m2!2m1!1sLa+Casa+del+TomaHawk!3m6!1s0x902d6d4de8ed298d:0x48d3331a35e70a89!8m2!3d-2.142207!4d-79.9036767!15sChRMYSBDYXNhIGRlbCBUb21hSGF3ayIDiAEBWhYiFGxhIGNhc2EgZGVsIHRvbWFoYXdrkgEKcmVzdGF1cmFudOABAA!16s%2Fg%2F11g73597ns?entry=ttu&g_ep=EgoyMDI2MDgwNS4xIKXMDSoASAFQAw%3D%3D","5",,"Av. Francisco de Orellana","false",,,"La Casa del Tomahawk","4.3",,"https://www.google.com/maps/search/?api=1&query=La%20Casa%20del%20Tomahawk&query_place_id=ChIJjSnt6E1tLZARiQrnNRoz00g",
"Av. Francisco de Orellana, 090508 Guayaquil, Ecuador","Restaurante","Restaurante","5247594178483260041","Guayaquil","EC","0x902d6d4de8ed298d:0x48d3331a35e70a89",,"https://lh3.googleusercontent.com/gps-cs-s/AHRPTWlKtARv4uZa_c0E1ciQrsvkVWlAt0OWnqG49SXXKn1JlecdPQYXZPK_TxCCl87SigA3GX2PU04pnOiGW41Pbav9OeLEW4TIc3Cj6awxMxvlp60hmHuReYtoJRuWyBWhvz5q8lLz2Q=w408-h272-k-no","false","false","/g/11g73597ns","es-419","0","-2.142207","-79.9036767",,"Alborada Oeste","es","false","ChIJjSnt6E1tLZARiQrnNRoz00g",,"$10-25","Hace 8 meses","2025-11-22T03:21:19.872Z",,,,,,,,,,,,,,,,,,,,,,"1","1","1","Ci9DQUlRQUNvZENodHljRjlvT2xkamVEUlhOMkZLT1d4T1JDMVNPVGhxYWkxU05HYxAB",,,,,,,,,"Google",,,"2",,,"3594","2026-08-08T17:27:42.403Z","Direct Detail URL: https://www.google.com/maps/place/La+Casa+del+Tomahawk/@-2.1684545,-79.9245565,12z/data=!4m10!1m2!2m1!1sLa+Casa+del+TomaHawk!3m6!1s0x902d6d4de8ed298d:0x48d3331a35e70a89!8m2!3d-2.142207!4d-79.9036767!15sChRMYSBDYXNhIGRlbCBUb21hSGF3ayIDiAEBWhYiFGxhIGNhc2EgZGVsIHRvbWFoYXdrkgEKcmVzdGF1cmFudOABAA!16s%2Fg%2F11g73597ns?entry=ttu&g_ep=EgoyMDI2MDgwNS4xIKXMDSoASAFQAw%3D%3D","1",,"Av. Francisco de Orellana","false","No me gustó el servicio",,"La Casa del Tomahawk","4.3",,"https://www.google.com/maps/search/?api=1&query=La%20Casa%20del%20Tomahawk&query_place_id=ChIJjSnt6E1tLZARiQrnNRoz00g",
"Av. Francisco de Orellana, 090508 Guayaquil, Ecuador","Restaurante","Restaurante","5247594178483260041","Guayaquil","EC","0x902d6d4de8ed298d:0x48d3331a35e70a89",,"https://lh3.googleusercontent.com/gps-cs-s/AHRPTWlKtARv4uZa_c0E1ciQrsvkVWlAt0OWnqG49SXXKn1JlecdPQYXZPK_TxCCl87SigA3GX2PU04pnOiGW41Pbav9OeLEW4TIc3Cj6awxMxvlp60hmHuReYtoJRuWyBWhvz5q8lLz2Q=w408-h272-k-no","false","true","/g/11g73597ns","es-419","0","-2.142207","-79.9036767",,"Alborada Oeste","es","false","ChIJjSnt6E1tLZARiQrnNRoz00g",,"$10-25","Hace 8 meses","2025-11-20T14:58:42.907Z",,,,,"Música no familiar","Vas a tardar en estacionar",,"Música en vivo",,,"Estacionamiento gratuito en la calle",,,"$5-10",,,,"De 30 a 60 min",,,,"3","3","3","Ci9DQUlRQUNvZENodHljRjlvT2tFdFQyWk1kRUZCTUdkb2VHRlNWbEJwVld0S2NtYxAB",,,,,,,,,"Google",,,"32",,,"3594","2026-08-08T17:27:42.403Z","Direct Detail URL: https://www.google.com/maps/place/La+Casa+del+Tomahawk/@-2.1684545,-79.9245565,12z/data=!4m10!1m2!2m1!1sLa+Casa+del+TomaHawk!3m6!1s0x902d6d4de8ed298d:0x48d3331a35e70a89!8m2!3d-2.142207!4d-79.9036767!15sChRMYSBDYXNhIGRlbCBUb21hSGF3ayIDiAEBWhYiFGxhIGNhc2EgZGVsIHRvbWFoYXdrkgEKcmVzdGF1cmFudOABAA!16s%2Fg%2F11g73597ns?entry=ttu&g_ep=EgoyMDI2MDgwNS4xIKXMDSoASAFQAw%3D%3D","3",,"Av. Francisco de Orellana","false","Las promociones modifican condiciones de lo mismo en poco tiempo, salsas y cantidades los locales se ve lugubre poca iluminación y no invita a que sea familiar, problemas de parqueo",,"La Casa del Tomahawk","4.3",,"https://www.google.com/maps/search/?api=1&query=La%20Casa%20del%20Tomahawk&query_place_id=ChIJjSnt6E1tLZARiQrnNRoz00g",
"Av. Francisco de Orellana, 090508 Guayaquil, Ecuador","Restaurante","Restaurante","5247594178483260041","Guayaquil","EC","0x902d6d4de8ed298d:0x48d3331a35e70a89",,"https://lh3.googleusercontent.com/gps-cs-s/AHRPTWlKtARv4uZa_c0E1ciQrsvkVWlAt0OWnqG49SXXKn1JlecdPQYXZPK_TxCCl87SigA3GX2PU04pnOiGW41Pbav9OeLEW4TIc3Cj6awxMxvlp60hmHuReYtoJRuWyBWhvz5q8lLz2Q=w408-h272-k-no","false","false","/g/11g73597ns","es-419","0","-2.142207","-79.9036767",,"Alborada Oeste",,"false","ChIJjSnt6E1tLZARiQrnNRoz00g",,"$10-25","Hace 8 meses","2025-11-19T19:20:30.928Z",,,,,,,,"No lo sé",,,,,,"$5-10",,,"Entre 5 y 8 personas","De 10 a 30 min",,,,"5","3","2","Ci9DQUlRQUNvZENodHljRjlvT2xkclYxVmZaMU5TWlZkT1QyTnZTbUpWYUU1UU5sRRAB",,,,,,,,,"Google",,,"1",,,"3594","2026-08-08T17:27:42.403Z","Direct Detail URL: https://www.google.com/maps/place/La+Casa+del+Tomahawk/@-2.1684545,-79.9245565,12z/data=!4m10!1m2!2m1!1sLa+Casa+del+TomaHawk!3m6!1s0x902d6d4de8ed298d:0x48d3331a35e70a89!8m2!3d-2.142207!4d-79.9036767!15sChRMYSBDYXNhIGRlbCBUb21hSGF3ayIDiAEBWhYiFGxhIGNhc2EgZGVsIHRvbWFoYXdrkgEKcmVzdGF1cmFudOABAA!16s%2Fg%2F11g73597ns?entry=ttu&g_ep=EgoyMDI2MDgwNS4xIKXMDSoASAFQAw%3D%3D","4",,"Av. Francisco de Orellana","false",,,"La Casa del Tomahawk","4.3",,"https://www.google.com/maps/search/?api=1&query=La%20Casa%20del%20Tomahawk&query_place_id=ChIJjSnt6E1tLZARiQrnNRoz00g",
"Av. Francisco de Orellana, 090508 Guayaquil, Ecuador","Restaurante","Restaurante","5247594178483260041","Guayaquil","EC","0x902d6d4de8ed298d:0x48d3331a35e70a89",,"https://lh3.googleusercontent.com/gps-cs-s/AHRPTWlKtARv4uZa_c0E1ciQrsvkVWlAt0OWnqG49SXXKn1JlecdPQYXZPK_TxCCl87SigA3GX2PU04pnOiGW41Pbav9OeLEW4TIc3Cj6awxMxvlp60hmHuReYtoJRuWyBWhvz5q8lLz2Q=w408-h272-k-no","false","false","/g/11g73597ns","es-419","0","-2.142207","-79.9036767",,"Alborada Oeste","es","false","ChIJjSnt6E1tLZARiQrnNRoz00g",,"$10-25","Hace 8 meses","2025-11-19T04:47:30.101Z",,,,,,,,,,,,,,,,,,,,,,"3","4","2","Ci9DQUlRQUNvZENodHljRjlvT2tWR2NtZDZaREZ5TkZrMGRGRkdTRnBDU21kV1ZVRRAB",,,,,,,,,"Google",,,"2",,,"3594","2026-08-08T17:27:42.403Z","Direct Detail URL: https://www.google.com/maps/place/La+Casa+del+Tomahawk/@-2.1684545,-79.9245565,12z/data=!4m10!1m2!2m1!1sLa+Casa+del+TomaHawk!3m6!1s0x902d6d4de8ed298d:0x48d3331a35e70a89!8m2!3d-2.142207!4d-79.9036767!15sChRMYSBDYXNhIGRlbCBUb21hSGF3ayIDiAEBWhYiFGxhIGNhc2EgZGVsIHRvbWFoYXdrkgEKcmVzdGF1cmFudOABAA!16s%2Fg%2F11g73597ns?entry=ttu&g_ep=EgoyMDI2MDgwNS4xIKXMDSoASAFQAw%3D%3D","3",,"Av. Francisco de Orellana","false","Muy buena la comida pero la atención  no muy buena, hasta el guardia que cuida las afuera tiene mejor atención que los meseros.",,"La Casa del Tomahawk","4.3",,"https://www.google.com/maps/search/?api=1&query=La%20Casa%20del%20Tomahawk&query_place_id=ChIJjSnt6E1tLZARiQrnNRoz00g",
"Av. Francisco de Orellana, 090508 Guayaquil, Ecuador","Restaurante","Restaurante","5247594178483260041","Guayaquil","EC","0x902d6d4de8ed298d:0x48d3331a35e70a89",,"https://lh3.googleusercontent.com/gps-cs-s/AHRPTWlKtARv4uZa_c0E1ciQrsvkVWlAt0OWnqG49SXXKn1JlecdPQYXZPK_TxCCl87SigA3GX2PU04pnOiGW41Pbav9OeLEW4TIc3Cj6awxMxvlp60hmHuReYtoJRuWyBWhvz5q8lLz2Q=w408-h272-k-no","false","false","/g/11g73597ns","es-419","0","-2.142207","-79.9036767",,"Alborada Oeste",,"false","ChIJjSnt6E1tLZARiQrnNRoz00g",,"$10-25","Hace 8 meses","2025-11-16T17:24:52.191Z",,,,,,,,,,,,,,,,,,,,,,"5","5","4","Ci9DQUlRQUNvZENodHljRjlvT2tKM1RFdFRhMWxqYkhOWFFrNDBPREpvV2xsVlExRRAB",,,,,,,,,"Google",,,"11",,,"3594","2026-08-08T17:27:42.403Z","Direct Detail URL: https://www.google.com/maps/place/La+Casa+del+Tomahawk/@-2.1684545,-79.9245565,12z/data=!4m10!1m2!2m1!1sLa+Casa+del+TomaHawk!3m6!1s0x902d6d4de8ed298d:0x48d3331a35e70a89!8m2!3d-2.142207!4d-79.9036767!15sChRMYSBDYXNhIGRlbCBUb21hSGF3ayIDiAEBWhYiFGxhIGNhc2EgZGVsIHRvbWFoYXdrkgEKcmVzdGF1cmFudOABAA!16s%2Fg%2F11g73597ns?entry=ttu&g_ep=EgoyMDI2MDgwNS4xIKXMDSoASAFQAw%3D%3D","5",,"Av. Francisco de Orellana","false",,,"La Casa del Tomahawk","4.3",,"https://www.google.com/maps/search/?api=1&query=La%20Casa%20del%20Tomahawk&query_place_id=ChIJjSnt6E1tLZARiQrnNRoz00g",
"Av. Francisco de Orellana, 090508 Guayaquil, Ecuador","Restaurante","Restaurante","5247594178483260041","Guayaquil","EC","0x902d6d4de8ed298d:0x48d3331a35e70a89",,"https://lh3.googleusercontent.com/gps-cs-s/AHRPTWlKtARv4uZa_c0E1ciQrsvkVWlAt0OWnqG49SXXKn1JlecdPQYXZPK_TxCCl87SigA3GX2PU04pnOiGW41Pbav9OeLEW4TIc3Cj6awxMxvlp60hmHuReYtoJRuWyBWhvz5q8lLz2Q=w408-h272-k-no","false","false","/g/11g73597ns","es-419","0","-2.142207","-79.9036767",,"Alborada Oeste","es","false","ChIJjSnt6E1tLZARiQrnNRoz00g",,"$10-25","Hace 8 meses","2025-11-15T17:04:22.672Z",,,,,,,,,,,,,,,,,,,,,,,,,"Ci9DQUlRQUNvZENodHljRjlvT2xrdE5uZE9SVEJEZFhndE4xbDBTWGQwVDFReFNGRRAB",,,,,,,,,"Google",,,"3",,,"3594","2026-08-08T17:27:42.403Z","Direct Detail URL: https://www.google.com/maps/place/La+Casa+del+Tomahawk/@-2.1684545,-79.9245565,12z/data=!4m10!1m2!2m1!1sLa+Casa+del+TomaHawk!3m6!1s0x902d6d4de8ed298d:0x48d3331a35e70a89!8m2!3d-2.142207!4d-79.9036767!15sChRMYSBDYXNhIGRlbCBUb21hSGF3ayIDiAEBWhYiFGxhIGNhc2EgZGVsIHRvbWFoYXdrkgEKcmVzdGF1cmFudOABAA!16s%2Fg%2F11g73597ns?entry=ttu&g_ep=EgoyMDI2MDgwNS4xIKXMDSoASAFQAw%3D%3D","5",,"Av. Francisco de Orellana","false","Buena promoción de alitas",,"La Casa del Tomahawk","4.3",,"https://www.google.com/maps/search/?api=1&query=La%20Casa%20del%20Tomahawk&query_place_id=ChIJjSnt6E1tLZARiQrnNRoz00g",
"Av. Francisco de Orellana, 090508 Guayaquil, Ecuador","Restaurante","Restaurante","5247594178483260041","Guayaquil","EC","0x902d6d4de8ed298d:0x48d3331a35e70a89",,"https://lh3.googleusercontent.com/gps-cs-s/AHRPTWlKtARv4uZa_c0E1ciQrsvkVWlAt0OWnqG49SXXKn1JlecdPQYXZPK_TxCCl87SigA3GX2PU04pnOiGW41Pbav9OeLEW4TIc3Cj6awxMxvlp60hmHuReYtoJRuWyBWhvz5q8lLz2Q=w408-h272-k-no","false","true","/g/11g73597ns","es-419","0","-2.142207","-79.9036767",,"Alborada Oeste","es","false","ChIJjSnt6E1tLZARiQrnNRoz00g",,"$10-25","Hace 8 meses","2025-11-15T16:44:56.044Z",,,,,,,,"Ningún evento especial",,,,,,"$20-25",,,"Entre 5 y 8 personas","De 30 a 60 min",,,,"2","1","1","Ci9DQUlRQUNvZENodHljRjlvT25Oc1EyVnJla2hOYVRCWVNrbE1ZMU5YV1hrMFZsRRAB","https://lh3.googleusercontent.com/grass-cs/ACvplmMfzkZVvO8vhViij8opwszoVEqqI0p45J2lOUiEUIBeOhWFDTmX_pnnsclUfTv3SZpb-ifc_54_ZSv4v4cDfYeocAJozxLRGF5FCUXMIroDnCM60aS5XXb56BtXaUHMf02eRGHqH0wJjYM=k-no",,,,,,,,"Google",,,"19",,,"3594","2026-08-08T17:27:42.403Z","Direct Detail URL: https://www.google.com/maps/place/La+Casa+del+Tomahawk/@-2.1684545,-79.9245565,12z/data=!4m10!1m2!2m1!1sLa+Casa+del+TomaHawk!3m6!1s0x902d6d4de8ed298d:0x48d3331a35e70a89!8m2!3d-2.142207!4d-79.9036767!15sChRMYSBDYXNhIGRlbCBUb21hSGF3ayIDiAEBWhYiFGxhIGNhc2EgZGVsIHRvbWFoYXdrkgEKcmVzdGF1cmFudOABAA!16s%2Fg%2F11g73597ns?entry=ttu&g_ep=EgoyMDI2MDgwNS4xIKXMDSoASAFQAw%3D%3D","2",,"Av. Francisco de Orellana","false","No sé ni por dónde empezar. Esta fue la peor experiencia que he tenido en un restaurante en años. Fui con mi esposa y mi hijo (un bebé en brazos) a La Casa del Tomahawk por las famosas alitas de redes sociales. Qué gran error.

Primero, llegamos y nos cerraron la puerta en la cara. Con un bebé en brazos y en una ciudad como Guayaquil. Cero empatía, ni con el guardia ni con el local.

Segundo, la atención. Una vez adentro, nos sentimos invisibles. Estuvimos 25 MINUTOS sentados esperando que alguien nos atienda. Tuve que pararme a preguntar 4 VECES a meseros distintos. Parecía que no querían atender, que les daba pereza. En esos 25 minutos mi hijo tomó agua, se comió un snack, fue al baño y NADA que nos tomaban el pedido.

Tercero, la comida. Finalmente ordenamos la ""promo"" de alitas y tuvimos que esperar OTROS 25 MINUTOS. Lo peor es que veíamos cómo les llegaba la comida a mesas que habían llegado mucho después que nosotros. ¡Qué falta de respeto!

Cuarto, y lo más grave: LA COMIDA ESTABA CRUDA. Llegaron las 30 alitas. Dejamos de comer a la quinta. Mi esposa mordió una y sintió una textura horrible. La vimos y no lo podíamos creer: pollo crudo, baboso, aguado y hasta con sangre (adjunto la foto, ¡qué asco!).

En ese momento se nos fue el apetito. Obviamente nos quisimos ir de inmediato.

Y para rematar, OTRA VEZ A ESPERAR para que nos puedan cobrar. Increíble.

Mi experiencia con las alitas fue fatal. El local estaba lleno y veía que pedían otros platos, pero si la atención al cliente y la empatía no mejoran, dudo que vuelva a esta cadena de comidas a probar algún otro plato.",,"La Casa del Tomahawk","4.3",,"https://www.google.com/maps/search/?api=1&query=La%20Casa%20del%20Tomahawk&query_place_id=ChIJjSnt6E1tLZARiQrnNRoz00g",
"Av. Francisco de Orellana, 090508 Guayaquil, Ecuador","Restaurante","Restaurante","5247594178483260041","Guayaquil","EC","0x902d6d4de8ed298d:0x48d3331a35e70a89",,"https://lh3.googleusercontent.com/gps-cs-s/AHRPTWlKtARv4uZa_c0E1ciQrsvkVWlAt0OWnqG49SXXKn1JlecdPQYXZPK_TxCCl87SigA3GX2PU04pnOiGW41Pbav9OeLEW4TIc3Cj6awxMxvlp60hmHuReYtoJRuWyBWhvz5q8lLz2Q=w408-h272-k-no","false","false","/g/11g73597ns","es-419","0","-2.142207","-79.9036767",,"Alborada Oeste","es","false","ChIJjSnt6E1tLZARiQrnNRoz00g",,"$10-25","Hace 8 meses","2025-11-10T00:46:44.823Z",,,,,,,,,,,,,,,,,,,,,,"1","1","1","Ci9DQUlRQUNvZENodHljRjlvT2pScFNGSndaR3BvTVdKc2RXdHZZVU5oYTFWMlZYYxAB",,,,,,,,,"Google",,,"1",,,"3594","2026-08-08T17:27:42.403Z","Direct Detail URL: https://www.google.com/maps/place/La+Casa+del+Tomahawk/@-2.1684545,-79.9245565,12z/data=!4m10!1m2!2m1!1sLa+Casa+del+TomaHawk!3m6!1s0x902d6d4de8ed298d:0x48d3331a35e70a89!8m2!3d-2.142207!4d-79.9036767!15sChRMYSBDYXNhIGRlbCBUb21hSGF3ayIDiAEBWhYiFGxhIGNhc2EgZGVsIHRvbWFoYXdrkgEKcmVzdGF1cmFudOABAA!16s%2Fg%2F11g73597ns?entry=ttu&g_ep=EgoyMDI2MDgwNS4xIKXMDSoASAFQAw%3D%3D","1",,"Av. Francisco de Orellana","false","se demoran demasiado en atender, las alitas no son para nada agradables, pésimo todo",,"La Casa del Tomahawk","4.3",,"https://www.google.com/maps/search/?api=1&query=La%20Casa%20del%20Tomahawk&query_place_id=ChIJjSnt6E1tLZARiQrnNRoz00g",
"Av. Francisco de Orellana, 090508 Guayaquil, Ecuador","Restaurante","Restaurante","5247594178483260041","Guayaquil","EC","0x902d6d4de8ed298d:0x48d3331a35e70a89",,"https://lh3.googleusercontent.com/gps-cs-s/AHRPTWlKtARv4uZa_c0E1ciQrsvkVWlAt0OWnqG49SXXKn1JlecdPQYXZPK_TxCCl87SigA3GX2PU04pnOiGW41Pbav9OeLEW4TIc3Cj6awxMxvlp60hmHuReYtoJRuWyBWhvz5q8lLz2Q=w408-h272-k-no","false","true","/g/11g73597ns","es-419","0","-2.142207","-79.9036767",,"Alborada Oeste",,"false","ChIJjSnt6E1tLZARiQrnNRoz00g",,"$10-25","Hace 9 meses","2025-11-07T02:49:43.624Z",,,,,,,,"No lo sé",,,,,,"$5-10",,,"Apto para grupos de todos los tamaños","Sin espera",,,,"4","5","5","Ci9DQUlRQUNvZENodHljRjlvT2toRVVsVndVMjF0YjFKZk5HNURha2RLVEVWTlJFRRAB",,,,,,,,,"Google",,,"30",,,"3594","2026-08-08T17:27:42.403Z","Direct Detail URL: https://www.google.com/maps/place/La+Casa+del+Tomahawk/@-2.1684545,-79.9245565,12z/data=!4m10!1m2!2m1!1sLa+Casa+del+TomaHawk!3m6!1s0x902d6d4de8ed298d:0x48d3331a35e70a89!8m2!3d-2.142207!4d-79.9036767!15sChRMYSBDYXNhIGRlbCBUb21hSGF3ayIDiAEBWhYiFGxhIGNhc2EgZGVsIHRvbWFoYXdrkgEKcmVzdGF1cmFudOABAA!16s%2Fg%2F11g73597ns?entry=ttu&g_ep=EgoyMDI2MDgwNS4xIKXMDSoASAFQAw%3D%3D","5",,"Av. Francisco de Orellana","false",,,"La Casa del Tomahawk","4.3",,"https://www.google.com/maps/search/?api=1&query=La%20Casa%20del%20Tomahawk&query_place_id=ChIJjSnt6E1tLZARiQrnNRoz00g",
"Av. Francisco de Orellana, 090508 Guayaquil, Ecuador","Restaurante","Restaurante","5247594178483260041","Guayaquil","EC","0x902d6d4de8ed298d:0x48d3331a35e70a89",,"https://lh3.googleusercontent.com/gps-cs-s/AHRPTWlKtARv4uZa_c0E1ciQrsvkVWlAt0OWnqG49SXXKn1JlecdPQYXZPK_TxCCl87SigA3GX2PU04pnOiGW41Pbav9OeLEW4TIc3Cj6awxMxvlp60hmHuReYtoJRuWyBWhvz5q8lLz2Q=w408-h272-k-no","false","false","/g/11g73597ns","es-419","0","-2.142207","-79.9036767",,"Alborada Oeste","es","false","ChIJjSnt6E1tLZARiQrnNRoz00g",,"$10-25","Hace 9 meses","2025-11-04T19:57:02.168Z",,,,,,,,"Ningún evento especial",,,,,,"$10-15",,,"Entre 5 y 8 personas","De 30 a 60 min",,,,"4","5","2","Ci9DQUlRQUNvZENodHljRjlvT2pKeVp5MDRlRlp2YzBreGJWQTRkVXRaWDBWT01uYxAB",,,,,,,,,"Google",,,"2",,,"3594","2026-08-08T17:27:42.403Z","Direct Detail URL: https://www.google.com/maps/place/La+Casa+del+Tomahawk/@-2.1684545,-79.9245565,12z/data=!4m10!1m2!2m1!1sLa+Casa+del+TomaHawk!3m6!1s0x902d6d4de8ed298d:0x48d3331a35e70a89!8m2!3d-2.142207!4d-79.9036767!15sChRMYSBDYXNhIGRlbCBUb21hSGF3ayIDiAEBWhYiFGxhIGNhc2EgZGVsIHRvbWFoYXdrkgEKcmVzdGF1cmFudOABAA!16s%2Fg%2F11g73597ns?entry=ttu&g_ep=EgoyMDI2MDgwNS4xIKXMDSoASAFQAw%3D%3D","3",,"Av. Francisco de Orellana","false","La comida muy buena y con buenas promociones pero la atención al cliente da mucho que desear",,"La Casa del Tomahawk","4.3",,"https://www.google.com/maps/search/?api=1&query=La%20Casa%20del%20Tomahawk&query_place_id=ChIJjSnt6E1tLZARiQrnNRoz00g",
"Av. Francisco de Orellana, 090508 Guayaquil, Ecuador","Restaurante","Restaurante","5247594178483260041","Guayaquil","EC","0x902d6d4de8ed298d:0x48d3331a35e70a89",,"https://lh3.googleusercontent.com/gps-cs-s/AHRPTWlKtARv4uZa_c0E1ciQrsvkVWlAt0OWnqG49SXXKn1JlecdPQYXZPK_TxCCl87SigA3GX2PU04pnOiGW41Pbav9OeLEW4TIc3Cj6awxMxvlp60hmHuReYtoJRuWyBWhvz5q8lLz2Q=w408-h272-k-no","false","false","/g/11g73597ns","es-419","0","-2.142207","-79.9036767",,"Alborada Oeste","es","false","ChIJjSnt6E1tLZARiQrnNRoz00g",,"$10-25","Hace 9 meses","2025-11-04T01:20:00.814Z",,,,,,,,,,,,,,"$20-25",,,"3 o 4 personas","De 30 a 60 min",,,,"1","3","1","Ci9DQUlRQUNvZENodHljRjlvT2pWUmJsOUxNa05MUlRNMVIwWldSRmhUTlZKMlZYYxAB","https://lh3.googleusercontent.com/grass-cs/ACvplmOpbD7n3jHj2ccTpjPb9wcDfjqp4AnQUe5I9nf_8GXuAQ4_VkY_d4l28YcsJx2WCy3DV78TbUp-5TXn4jDvaQmWo1ZqSKxMJ9EqYJQ8vZP6RX2Jm5V1xnHPqcpBo4_fFrbfDnV9uTUM3VN-=k-no","https://lh3.googleusercontent.com/grass-cs/ACvplmNXya_OBGGJAunInoiU7ngEY6gMgem0P-GOmzJaLOp4gTSGi2VpitCmgY9kDxFdrNOlkWm1n_yFL6raMsCVNSPcPDHdJOSr5PxFea5_UAkZe_Xu9X_2TSd5c6GwLZtzRRg4EhKlBPGWZmpM=k-no",,,,,,,"Google",,,"1",,,"3594","2026-08-08T17:27:42.403Z","Direct Detail URL: https://www.google.com/maps/place/La+Casa+del+Tomahawk/@-2.1684545,-79.9245565,12z/data=!4m10!1m2!2m1!1sLa+Casa+del+TomaHawk!3m6!1s0x902d6d4de8ed298d:0x48d3331a35e70a89!8m2!3d-2.142207!4d-79.9036767!15sChRMYSBDYXNhIGRlbCBUb21hSGF3ayIDiAEBWhYiFGxhIGNhc2EgZGVsIHRvbWFoYXdrkgEKcmVzdGF1cmFudOABAA!16s%2Fg%2F11g73597ns?entry=ttu&g_ep=EgoyMDI2MDgwNS4xIKXMDSoASAFQAw%3D%3D","1",,"Av. Francisco de Orellana","false","Pésimo servicio de atención al cliente su mesera no apta para atender se puso a pelear, porque se le reclamo que no atendía y nos ignoro por más de media hora, tuvimos que pedirle a otro chico que nos atienda que según los meseros atienden algunas menas, la alitas tenían un olor como a mariscos nos trajeron primero las alitas y ya cuando terminamos los jugos que clase de sitio ofrece esta atención.",,"La Casa del Tomahawk","4.3",,"https://www.google.com/maps/search/?api=1&query=La%20Casa%20del%20Tomahawk&query_place_id=ChIJjSnt6E1tLZARiQrnNRoz00g",
"Av. Francisco de Orellana, 090508 Guayaquil, Ecuador","Restaurante","Restaurante","5247594178483260041","Guayaquil","EC","0x902d6d4de8ed298d:0x48d3331a35e70a89",,"https://lh3.googleusercontent.com/gps-cs-s/AHRPTWlKtARv4uZa_c0E1ciQrsvkVWlAt0OWnqG49SXXKn1JlecdPQYXZPK_TxCCl87SigA3GX2PU04pnOiGW41Pbav9OeLEW4TIc3Cj6awxMxvlp60hmHuReYtoJRuWyBWhvz5q8lLz2Q=w408-h272-k-no","false","true","/g/11g73597ns","es-419","1","-2.142207","-79.9036767",,"Alborada Oeste","es","false","ChIJjSnt6E1tLZARiQrnNRoz00g",,"$10-25","Editado Hace 9 meses","2025-11-04T00:49:45.697Z",,,,,,"Es un poco difícil encontrar estacionamiento",,,,,"Estacionamiento pagado en la calle","Parrillada Herrero",,"$20-25",,,,,,"Cena","Consumo en el lugar","1","1","1","ChdDSUhNMG9nS0VJQ0FnSUNUc3J5eXRRRRAB","https://lh3.googleusercontent.com/grass-cs/ACvplmOIck2Z3RwKp_G5VLYasyDibnRmoQzuem77-xugRQldWDwdtiev7GQqKChX4DbdpU91nxuW77oapRfQRyaEN3DYxMRNZdhSMwgf9dYH88t_rrnDy1-y6BsuAOYrdQT9Cocc_bwU=k-no","https://lh3.googleusercontent.com/grass-cs/ACvplmOT4TvUPD6LnwGOOEYeZSs3XFD3Npq4XZIGuLuvP0xTi8o7epQ78sJMogvp8RqZTJqq852xeqCAeFY5EAU5Gyc0flE8hn85hsJvFf8JIq9AJlJ6FrI2OWzvWr56EgbFxfHL2ukwMg=k-no","https://lh3.googleusercontent.com/grass-cs/ACvplmPOYHf9VPSVQJZeZSmWmW76netzTjRChG16AjGN3hsQNrzOFYBrCXLcCUOi1lgBaW726q3QSuIv_LTBV824qyNkVH21uhufmD2dzw1L8u2oS9h9c-audZV1S4quqBVoVjbi2Trb9zU7vvkv=k-no",,,,,,"Google",,,"13",,,"3594","2026-08-08T17:27:42.403Z","Direct Detail URL: https://www.google.com/maps/place/La+Casa+del+Tomahawk/@-2.1684545,-79.9245565,12z/data=!4m10!1m2!2m1!1sLa+Casa+del+TomaHawk!3m6!1s0x902d6d4de8ed298d:0x48d3331a35e70a89!8m2!3d-2.142207!4d-79.9036767!15sChRMYSBDYXNhIGRlbCBUb21hSGF3ayIDiAEBWhYiFGxhIGNhc2EgZGVsIHRvbWFoYXdrkgEKcmVzdGF1cmFudOABAA!16s%2Fg%2F11g73597ns?entry=ttu&g_ep=EgoyMDI2MDgwNS4xIKXMDSoASAFQAw%3D%3D","1",,"Av. Francisco de Orellana","false","Que uno tiene que pedir para que está señora no quiso atendernos paso por todas las mesas menos la nuestra, media una esperando se le llamo y más enajada",,"La Casa del Tomahawk","4.3",,"https://www.google.com/maps/search/?api=1&query=La%20Casa%20del%20Tomahawk&query_place_id=ChIJjSnt6E1tLZARiQrnNRoz00g",
"Av. Francisco de Orellana, 090508 Guayaquil, Ecuador","Restaurante","Restaurante","5247594178483260041","Guayaquil","EC","0x902d6d4de8ed298d:0x48d3331a35e70a89",,"https://lh3.googleusercontent.com/gps-cs-s/AHRPTWlKtARv4uZa_c0E1ciQrsvkVWlAt0OWnqG49SXXKn1JlecdPQYXZPK_TxCCl87SigA3GX2PU04pnOiGW41Pbav9OeLEW4TIc3Cj6awxMxvlp60hmHuReYtoJRuWyBWhvz5q8lLz2Q=w408-h272-k-no","false","true","/g/11g73597ns","es-419","0","-2.142207","-79.9036767",,"Alborada Oeste","es","false","ChIJjSnt6E1tLZARiQrnNRoz00g",,"$10-25","Hace 9 meses","2025-11-03T18:57:52.486Z",,,,,,,,,,,,,,,,,,"Más de 1 hora",,,,"2","1","1","Ci9DQUlRQUNvZENodHljRjlvT2xGNlJVRXpibEk1ZUVVeU9WQk5lWEo0TVhwT1FYYxAB",,,,,,,,,"Google",,,"12",,,"3594","2026-08-08T17:27:42.403Z","Direct Detail URL: https://www.google.com/maps/place/La+Casa+del+Tomahawk/@-2.1684545,-79.9245565,12z/data=!4m10!1m2!2m1!1sLa+Casa+del+TomaHawk!3m6!1s0x902d6d4de8ed298d:0x48d3331a35e70a89!8m2!3d-2.142207!4d-79.9036767!15sChRMYSBDYXNhIGRlbCBUb21hSGF3ayIDiAEBWhYiFGxhIGNhc2EgZGVsIHRvbWFoYXdrkgEKcmVzdGF1cmFudOABAA!16s%2Fg%2F11g73597ns?entry=ttu&g_ep=EgoyMDI2MDgwNS4xIKXMDSoASAFQAw%3D%3D","1",,"Av. Francisco de Orellana","false","Las alitas super grasosas y el servicio más de una hora esperando",,"La Casa del Tomahawk","4.3",,"https://www.google.com/maps/search/?api=1&query=La%20Casa%20del%20Tomahawk&query_place_id=ChIJjSnt6E1tLZARiQrnNRoz00g",
"Av. Francisco de Orellana, 090508 Guayaquil, Ecuador","Restaurante","Restaurante","5247594178483260041","Guayaquil","EC","0x902d6d4de8ed298d:0x48d3331a35e70a89",,"https://lh3.googleusercontent.com/gps-cs-s/AHRPTWlKtARv4uZa_c0E1ciQrsvkVWlAt0OWnqG49SXXKn1JlecdPQYXZPK_TxCCl87SigA3GX2PU04pnOiGW41Pbav9OeLEW4TIc3Cj6awxMxvlp60hmHuReYtoJRuWyBWhvz5q8lLz2Q=w408-h272-k-no","false","false","/g/11g73597ns","es-419","0","-2.142207","-79.9036767",,"Alborada Oeste",,"false","ChIJjSnt6E1tLZARiQrnNRoz00g",,"$10-25","Hace 9 meses","2025-11-02T20:47:59.816Z",,,,,,,,,,,,,,"$10-15",,,,,,,,"3","3","3","Ci9DQUlRQUNvZENodHljRjlvT21SS1duWkZaWFJHV0hCc05HOUlWa1pmWVdGVE1XYxAB",,,,,,,,,"Google",,,"2",,,"3594","2026-08-08T17:27:42.403Z","Direct Detail URL: https://www.google.com/maps/place/La+Casa+del+Tomahawk/@-2.1684545,-79.9245565,12z/data=!4m10!1m2!2m1!1sLa+Casa+del+TomaHawk!3m6!1s0x902d6d4de8ed298d:0x48d3331a35e70a89!8m2!3d-2.142207!4d-79.9036767!15sChRMYSBDYXNhIGRlbCBUb21hSGF3ayIDiAEBWhYiFGxhIGNhc2EgZGVsIHRvbWFoYXdrkgEKcmVzdGF1cmFudOABAA!16s%2Fg%2F11g73597ns?entry=ttu&g_ep=EgoyMDI2MDgwNS4xIKXMDSoASAFQAw%3D%3D","4",,"Av. Francisco de Orellana","false",,,"La Casa del Tomahawk","4.3",,"https://www.google.com/maps/search/?api=1&query=La%20Casa%20del%20Tomahawk&query_place_id=ChIJjSnt6E1tLZARiQrnNRoz00g",
"Av. Francisco de Orellana, 090508 Guayaquil, Ecuador","Restaurante","Restaurante","5247594178483260041","Guayaquil","EC","0x902d6d4de8ed298d:0x48d3331a35e70a89",,"https://lh3.googleusercontent.com/gps-cs-s/AHRPTWlKtARv4uZa_c0E1ciQrsvkVWlAt0OWnqG49SXXKn1JlecdPQYXZPK_TxCCl87SigA3GX2PU04pnOiGW41Pbav9OeLEW4TIc3Cj6awxMxvlp60hmHuReYtoJRuWyBWhvz5q8lLz2Q=w408-h272-k-no","false","true","/g/11g73597ns","es-419","0","-2.142207","-79.9036767",,"Alborada Oeste",,"false","ChIJjSnt6E1tLZARiQrnNRoz00g",,"$10-25","Hace 9 meses","2025-10-30T16:14:22.828Z",,,,,,,,,,,,,,,,,,,,,,,,,"Ci9DQUlRQUNvZENodHljRjlvT2xFd1RqbGFXbGg0ZWxKTGIxWTFZMGczYkhNMk0zYxAB",,,,,,,,,"Google",,,"23",,,"3594","2026-08-08T17:27:42.403Z","Direct Detail URL: https://www.google.com/maps/place/La+Casa+del+Tomahawk/@-2.1684545,-79.9245565,12z/data=!4m10!1m2!2m1!1sLa+Casa+del+TomaHawk!3m6!1s0x902d6d4de8ed298d:0x48d3331a35e70a89!8m2!3d-2.142207!4d-79.9036767!15sChRMYSBDYXNhIGRlbCBUb21hSGF3ayIDiAEBWhYiFGxhIGNhc2EgZGVsIHRvbWFoYXdrkgEKcmVzdGF1cmFudOABAA!16s%2Fg%2F11g73597ns?entry=ttu&g_ep=EgoyMDI2MDgwNS4xIKXMDSoASAFQAw%3D%3D","5",,"Av. Francisco de Orellana","false",,,"La Casa del Tomahawk","4.3",,"https://www.google.com/maps/search/?api=1&query=La%20Casa%20del%20Tomahawk&query_place_id=ChIJjSnt6E1tLZARiQrnNRoz00g",
"Av. Francisco de Orellana, 090508 Guayaquil, Ecuador","Restaurante","Restaurante","5247594178483260041","Guayaquil","EC","0x902d6d4de8ed298d:0x48d3331a35e70a89",,"https://lh3.googleusercontent.com/gps-cs-s/AHRPTWlKtARv4uZa_c0E1ciQrsvkVWlAt0OWnqG49SXXKn1JlecdPQYXZPK_TxCCl87SigA3GX2PU04pnOiGW41Pbav9OeLEW4TIc3Cj6awxMxvlp60hmHuReYtoJRuWyBWhvz5q8lLz2Q=w408-h272-k-no","false","false","/g/11g73597ns","es-419","0","-2.142207","-79.9036767",,"Alborada Oeste","es","false","ChIJjSnt6E1tLZARiQrnNRoz00g",,"$10-25","Editado Hace 9 meses","2025-10-24T04:41:02.941Z",,"2025-08-18T03:02:49.000Z","¡Gracias por tu excelente comentario! Nos alegra saber que disfrutaste de nuestra comida y que nuestro equipo te brindó una atención amable y eficiente. Apreciamos mucho tu apoyo y esperamos verte de nuevo pronto para que sigas disfrutando de nuestras promociones.",,,"Hay suficiente espacio","La atención es eficiente y amable","Evento de temporada o de festividades",,,"Estacionamiento gratuito",,,"$15-20",,,"3 o 4 personas, Entre 5 y 8 personas","Sin espera",,,,"5","5","5","Ci9DQUlRQUNvZENodHljRjlvT25kMlZubGFlamRrZGpOQ05HaGtOSGhHUlROamRXYxAB","https://lh3.googleusercontent.com/grass-cs/ACvplmOy6ZXpSRBcBHYBoGKYXXQgW5vzt6uYiNIlNUYuBzLGLwYmvDYAjtq0KmjroYQ0XM4HGN3v167pRIHq_dG8ikZiBR27_LMV7163yLruPNuNWzBWX4ao3xp5ors8DGfVEXthP2ajNhBQ4Ga7=k-no",,,,,,,,"Google",,,"1",,,"3594","2026-08-08T17:27:42.403Z","Direct Detail URL: https://www.google.com/maps/place/La+Casa+del+Tomahawk/@-2.1684545,-79.9245565,12z/data=!4m10!1m2!2m1!1sLa+Casa+del+TomaHawk!3m6!1s0x902d6d4de8ed298d:0x48d3331a35e70a89!8m2!3d-2.142207!4d-79.9036767!15sChRMYSBDYXNhIGRlbCBUb21hSGF3ayIDiAEBWhYiFGxhIGNhc2EgZGVsIHRvbWFoYXdrkgEKcmVzdGF1cmFudOABAA!16s%2Fg%2F11g73597ns?entry=ttu&g_ep=EgoyMDI2MDgwNS4xIKXMDSoASAFQAw%3D%3D","5",,"Av. Francisco de Orellana","false","La comida es muy rica y los empleados muy amables y eficientes, voy a comer seguido porque la atención recibida es muy buena y tiene buenas promociones",,"La Casa del Tomahawk","4.3",,"https://www.google.com/maps/search/?api=1&query=La%20Casa%20del%20Tomahawk&query_place_id=ChIJjSnt6E1tLZARiQrnNRoz00g",
"Av. Francisco de Orellana, 090508 Guayaquil, Ecuador","Restaurante","Restaurante","5247594178483260041","Guayaquil","EC","0x902d6d4de8ed298d:0x48d3331a35e70a89",,"https://lh3.googleusercontent.com/gps-cs-s/AHRPTWlKtARv4uZa_c0E1ciQrsvkVWlAt0OWnqG49SXXKn1JlecdPQYXZPK_TxCCl87SigA3GX2PU04pnOiGW41Pbav9OeLEW4TIc3Cj6awxMxvlp60hmHuReYtoJRuWyBWhvz5q8lLz2Q=w408-h272-k-no","false","false","/g/11g73597ns","es-419","0","-2.142207","-79.9036767",,"Alborada Oeste",,"false","ChIJjSnt6E1tLZARiQrnNRoz00g",,"$10-25","Hace 9 meses","2025-10-20T01:46:07.055Z",,,,,,,,,,,,,,,,,,,,,,"4","5","1","Ci9DQUlRQUNvZENodHljRjlvT25KQk9WQTFiakUwYzBGSVZsVjNOa2RtU0dkeVFXYxAB",,,,,,,,,"Google",,,"0",,,"3594","2026-08-08T17:27:42.403Z","Direct Detail URL: https://www.google.com/maps/place/La+Casa+del+Tomahawk/@-2.1684545,-79.9245565,12z/data=!4m10!1m2!2m1!1sLa+Casa+del+TomaHawk!3m6!1s0x902d6d4de8ed298d:0x48d3331a35e70a89!8m2!3d-2.142207!4d-79.9036767!15sChRMYSBDYXNhIGRlbCBUb21hSGF3ayIDiAEBWhYiFGxhIGNhc2EgZGVsIHRvbWFoYXdrkgEKcmVzdGF1cmFudOABAA!16s%2Fg%2F11g73597ns?entry=ttu&g_ep=EgoyMDI2MDgwNS4xIKXMDSoASAFQAw%3D%3D","1",,"Av. Francisco de Orellana","false",,,"La Casa del Tomahawk","4.3",,"https://www.google.com/maps/search/?api=1&query=La%20Casa%20del%20Tomahawk&query_place_id=ChIJjSnt6E1tLZARiQrnNRoz00g",
"Av. Francisco de Orellana, 090508 Guayaquil, Ecuador","Restaurante","Restaurante","5247594178483260041","Guayaquil","EC","0x902d6d4de8ed298d:0x48d3331a35e70a89",,"https://lh3.googleusercontent.com/gps-cs-s/AHRPTWlKtARv4uZa_c0E1ciQrsvkVWlAt0OWnqG49SXXKn1JlecdPQYXZPK_TxCCl87SigA3GX2PU04pnOiGW41Pbav9OeLEW4TIc3Cj6awxMxvlp60hmHuReYtoJRuWyBWhvz5q8lLz2Q=w408-h272-k-no","false","true","/g/11g73597ns","es-419","0","-2.142207","-79.9036767",,"Alborada Oeste",,"false","ChIJjSnt6E1tLZARiQrnNRoz00g",,"$10-25","Hace 9 meses","2025-10-19T11:41:39.072Z",,,,,,,,"No lo sé",,,,,,"$15-20",,,"Entre 5 y 8 personas","Hasta 10 min",,,,"4","5","5","Ci9DQUlRQUNvZENodHljRjlvT25RME5sWllZbXBKTFhjeFRsSlRXRmxzUjBFelJWRRAB",,,,,,,,,"Google",,,"3",,,"3594","2026-08-08T17:27:42.403Z","Direct Detail URL: https://www.google.com/maps/place/La+Casa+del+Tomahawk/@-2.1684545,-79.9245565,12z/data=!4m10!1m2!2m1!1sLa+Casa+del+TomaHawk!3m6!1s0x902d6d4de8ed298d:0x48d3331a35e70a89!8m2!3d-2.142207!4d-79.9036767!15sChRMYSBDYXNhIGRlbCBUb21hSGF3ayIDiAEBWhYiFGxhIGNhc2EgZGVsIHRvbWFoYXdrkgEKcmVzdGF1cmFudOABAA!16s%2Fg%2F11g73597ns?entry=ttu&g_ep=EgoyMDI2MDgwNS4xIKXMDSoASAFQAw%3D%3D","5",,"Av. Francisco de Orellana","false",,,"La Casa del Tomahawk","4.3",,"https://www.google.com/maps/search/?api=1&query=La%20Casa%20del%20Tomahawk&query_place_id=ChIJjSnt6E1tLZARiQrnNRoz00g",
"Av. Francisco de Orellana, 090508 Guayaquil, Ecuador","Restaurante","Restaurante","5247594178483260041","Guayaquil","EC","0x902d6d4de8ed298d:0x48d3331a35e70a89",,"https://lh3.googleusercontent.com/gps-cs-s/AHRPTWlKtARv4uZa_c0E1ciQrsvkVWlAt0OWnqG49SXXKn1JlecdPQYXZPK_TxCCl87SigA3GX2PU04pnOiGW41Pbav9OeLEW4TIc3Cj6awxMxvlp60hmHuReYtoJRuWyBWhvz5q8lLz2Q=w408-h272-k-no","false","false","/g/11g73597ns","es-419","0","-2.142207","-79.9036767",,"Alborada Oeste","es","false","ChIJjSnt6E1tLZARiQrnNRoz00g",,"$10-25","Hace 9 meses","2025-10-16T19:24:07.147Z",,"2025-10-16T21:24:36.000Z","¡Agradecemos mucho tu reseña y tus sugerencias! Trabajaremos en hacer nuestras papitas más crocantes para mejorar aún más tu experiencia. Esperamos verte pronto y que disfrutes de tus próximas visitas.",,,,,"Ningún evento especial",,,,,,"$5-10",,,"Apto para grupos de todos los tamaños","Sin espera",,,,"5","5","5","Ci9DQUlRQUNvZENodHljRjlvT2taU2FrTjJTMmxDY1dKUlpHVTRTMUpJUVhka1psRRAB",,,,,,,,,"Google",,,"2",,,"3594","2026-08-08T17:27:42.403Z","Direct Detail URL: https://www.google.com/maps/place/La+Casa+del+Tomahawk/@-2.1684545,-79.9245565,12z/data=!4m10!1m2!2m1!1sLa+Casa+del+TomaHawk!3m6!1s0x902d6d4de8ed298d:0x48d3331a35e70a89!8m2!3d-2.142207!4d-79.9036767!15sChRMYSBDYXNhIGRlbCBUb21hSGF3ayIDiAEBWhYiFGxhIGNhc2EgZGVsIHRvbWFoYXdrkgEKcmVzdGF1cmFudOABAA!16s%2Fg%2F11g73597ns?entry=ttu&g_ep=EgoyMDI2MDgwNS4xIKXMDSoASAFQAw%3D%3D","5",,"Av. Francisco de Orellana","false","Realicen papitas más crocantes",,"La Casa del Tomahawk","4.3",,"https://www.google.com/maps/search/?api=1&query=La%20Casa%20del%20Tomahawk&query_place_id=ChIJjSnt6E1tLZARiQrnNRoz00g",
"Av. Francisco de Orellana, 090508 Guayaquil, Ecuador","Restaurante","Restaurante","5247594178483260041","Guayaquil","EC","0x902d6d4de8ed298d:0x48d3331a35e70a89",,"https://lh3.googleusercontent.com/gps-cs-s/AHRPTWlKtARv4uZa_c0E1ciQrsvkVWlAt0OWnqG49SXXKn1JlecdPQYXZPK_TxCCl87SigA3GX2PU04pnOiGW41Pbav9OeLEW4TIc3Cj6awxMxvlp60hmHuReYtoJRuWyBWhvz5q8lLz2Q=w408-h272-k-no","false","false","/g/11g73597ns","es-419","0","-2.142207","-79.9036767",,"Alborada Oeste",,"false","ChIJjSnt6E1tLZARiQrnNRoz00g",,"$10-25","Hace 9 meses","2025-10-16T01:51:04.211Z",,"2025-10-16T03:51:44.000Z","Thank you for your outstanding rating, Bryan! We truly appreciate your support and are thrilled to hear you had a great experience with us. We look forward to serving you again soon!",,,,,"Evento de temporada o de festividades",,,,,,"$20-25",,,"Entre 5 y 8 personas","Sin espera",,,,"5","5","5","Ci9DQUlRQUNvZENodHljRjlvT25NelZXcFdlVmN6VVVScFpYVmthRGxJVFRCTldsRRAB","https://lh3.googleusercontent.com/grass-cs/ACvplmMoeMwwrYPkk4oa5u_4R64kac8y45jvheYrjfTUEqLlOB32E-VusCLRBqBRPXbRwo5LYeT-htNQLwQqw3hQ86hmgxFI4KugviZZOzO7mQcL6abH8-P0R8cl76Mma-lIth1-LCSZ7cn9ZoI=k-no",,,,,,,,"Google",,,"0",,,"3594","2026-08-08T17:27:42.403Z","Direct Detail URL: https://www.google.com/maps/place/La+Casa+del+Tomahawk/@-2.1684545,-79.9245565,12z/data=!4m10!1m2!2m1!1sLa+Casa+del+TomaHawk!3m6!1s0x902d6d4de8ed298d:0x48d3331a35e70a89!8m2!3d-2.142207!4d-79.9036767!15sChRMYSBDYXNhIGRlbCBUb21hSGF3ayIDiAEBWhYiFGxhIGNhc2EgZGVsIHRvbWFoYXdrkgEKcmVzdGF1cmFudOABAA!16s%2Fg%2F11g73597ns?entry=ttu&g_ep=EgoyMDI2MDgwNS4xIKXMDSoASAFQAw%3D%3D","5",,"Av. Francisco de Orellana","false",,,"La Casa del Tomahawk","4.3",,"https://www.google.com/maps/search/?api=1&query=La%20Casa%20del%20Tomahawk&query_place_id=ChIJjSnt6E1tLZARiQrnNRoz00g",
"Av. Francisco de Orellana, 090508 Guayaquil, Ecuador","Restaurante","Restaurante","5247594178483260041","Guayaquil","EC","0x902d6d4de8ed298d:0x48d3331a35e70a89",,"https://lh3.googleusercontent.com/gps-cs-s/AHRPTWlKtARv4uZa_c0E1ciQrsvkVWlAt0OWnqG49SXXKn1JlecdPQYXZPK_TxCCl87SigA3GX2PU04pnOiGW41Pbav9OeLEW4TIc3Cj6awxMxvlp60hmHuReYtoJRuWyBWhvz5q8lLz2Q=w408-h272-k-no","false","false","/g/11g73597ns","es-419","0","-2.142207","-79.9036767",,"Alborada Oeste",,"false","ChIJjSnt6E1tLZARiQrnNRoz00g",,"$10-25","Hace 9 meses","2025-10-15T02:31:10.174Z",,"2025-10-15T04:31:46.000Z","Thank you for your wonderful review, Angie! We're thrilled to hear that you had a great experience with us. Your support means a lot and motivates us to keep delivering excellent service. We look forward to serving you again soon!",,,,,,,,,,,"$5-10",,,"2 personas","Hasta 10 min",,,,"5","5","5","Ci9DQUlRQUNvZENodHljRjlvT2pOcU0zWk9ObXhYUnpFNVRGcG1NakZxVDJwNFkzYxAB",,,,,,,,,"Google",,,"0",,,"3594","2026-08-08T17:27:42.403Z","Direct Detail URL: https://www.google.com/maps/place/La+Casa+del+Tomahawk/@-2.1684545,-79.9245565,12z/data=!4m10!1m2!2m1!1sLa+Casa+del+TomaHawk!3m6!1s0x902d6d4de8ed298d:0x48d3331a35e70a89!8m2!3d-2.142207!4d-79.9036767!15sChRMYSBDYXNhIGRlbCBUb21hSGF3ayIDiAEBWhYiFGxhIGNhc2EgZGVsIHRvbWFoYXdrkgEKcmVzdGF1cmFudOABAA!16s%2Fg%2F11g73597ns?entry=ttu&g_ep=EgoyMDI2MDgwNS4xIKXMDSoASAFQAw%3D%3D","5",,"Av. Francisco de Orellana","false",,,"La Casa del Tomahawk","4.3",,"https://www.google.com/maps/search/?api=1&query=La%20Casa%20del%20Tomahawk&query_place_id=ChIJjSnt6E1tLZARiQrnNRoz00g",
"Av. Francisco de Orellana, 090508 Guayaquil, Ecuador","Restaurante","Restaurante","5247594178483260041","Guayaquil","EC","0x902d6d4de8ed298d:0x48d3331a35e70a89",,"https://lh3.googleusercontent.com/gps-cs-s/AHRPTWlKtARv4uZa_c0E1ciQrsvkVWlAt0OWnqG49SXXKn1JlecdPQYXZPK_TxCCl87SigA3GX2PU04pnOiGW41Pbav9OeLEW4TIc3Cj6awxMxvlp60hmHuReYtoJRuWyBWhvz5q8lLz2Q=w408-h272-k-no","false","true","/g/11g73597ns","es-419","0","-2.142207","-79.9036767",,"Alborada Oeste",,"false","ChIJjSnt6E1tLZARiQrnNRoz00g",,"$10-25","Hace 9 meses","2025-10-14T20:25:29.555Z",,"2025-10-14T22:26:25.000Z","¡Muchas gracias, Marco Antonio! Apreciamos sinceramente tu excelente calificación y tu apoyo. Nos alegra saber que tu experiencia fue positiva. Esperamos verte de nuevo pronto.",,,,,"No lo sé",,,,,,"$5-10",,,"Apto para grupos de todos los tamaños","Sin espera",,,,"5","5","5","Ci9DQUlRQUNvZENodHljRjlvT20weVp6ZG1WUzFyYlhkVmRXaHFXRkJXVWxBM2ExRRAB","https://lh3.googleusercontent.com/grass-cs/ACvplmNa_PYTpp5rfUWSf2w0LzHGVRndBdPpKX_KX0uLxpQnujqUzsHd4Mg-tAiHX06HcBz7xHTy8BftEC4bx7kN0d061OFaYsGArBGtx19aQa8z8YNJ4eApsF1kM7P7FhmLeO0yo4t2Dd5ewuXU=k-no","https://lh3.googleusercontent.com/grass-cs/ACvplmOjoVG6jLP2wa3dRbJUMaUG7Fmrww3KmqfNFBpU0bw-s6RMjNdsbTLqwZJI5zWZSUO7RHt0ecIEGrWoBmneDACyQtDBd_gDpRs8Cn1YbOBpRbJ6GnbIUxrgCTuNiqoOAZelz0qluv2DSOt3=k-no",,,,,,,"Google",,,"37",,,"3594","2026-08-08T17:27:42.403Z","Direct Detail URL: https://www.google.com/maps/place/La+Casa+del+Tomahawk/@-2.1684545,-79.9245565,12z/data=!4m10!1m2!2m1!1sLa+Casa+del+TomaHawk!3m6!1s0x902d6d4de8ed298d:0x48d3331a35e70a89!8m2!3d-2.142207!4d-79.9036767!15sChRMYSBDYXNhIGRlbCBUb21hSGF3ayIDiAEBWhYiFGxhIGNhc2EgZGVsIHRvbWFoYXdrkgEKcmVzdGF1cmFudOABAA!16s%2Fg%2F11g73597ns?entry=ttu&g_ep=EgoyMDI2MDgwNS4xIKXMDSoASAFQAw%3D%3D","5",,"Av. Francisco de Orellana","false",,,"La Casa del Tomahawk","4.3",,"https://www.google.com/maps/search/?api=1&query=La%20Casa%20del%20Tomahawk&query_place_id=ChIJjSnt6E1tLZARiQrnNRoz00g",
"Av. Francisco de Orellana, 090508 Guayaquil, Ecuador","Restaurante","Restaurante","5247594178483260041","Guayaquil","EC","0x902d6d4de8ed298d:0x48d3331a35e70a89",,"https://lh3.googleusercontent.com/gps-cs-s/AHRPTWlKtARv4uZa_c0E1ciQrsvkVWlAt0OWnqG49SXXKn1JlecdPQYXZPK_TxCCl87SigA3GX2PU04pnOiGW41Pbav9OeLEW4TIc3Cj6awxMxvlp60hmHuReYtoJRuWyBWhvz5q8lLz2Q=w408-h272-k-no","false","false","/g/11g73597ns","es-419","0","-2.142207","-79.9036767",,"Alborada Oeste","es","false","ChIJjSnt6E1tLZARiQrnNRoz00g",,"$10-25","Hace 9 meses","2025-10-14T01:58:01.246Z",,,,"Si","Si","Hay suficiente espacio","Bien","Ningún evento especial",,,"Estacionamiento pagado en la calle",,,"$10-15",,,"3 o 4 personas","De 10 a 30 min",,,,"5","5","5","Ci9DQUlRQUNvZENodHljRjlvT2pCbk16TTJNM2N0UVRKQldEQmhYMjkwV1VaeE5XYxAB",,,,,,,,,"Google",,,"4",,,"3594","2026-08-08T17:27:42.403Z","Direct Detail URL: https://www.google.com/maps/place/La+Casa+del+Tomahawk/@-2.1684545,-79.9245565,12z/data=!4m10!1m2!2m1!1sLa+Casa+del+TomaHawk!3m6!1s0x902d6d4de8ed298d:0x48d3331a35e70a89!8m2!3d-2.142207!4d-79.9036767!15sChRMYSBDYXNhIGRlbCBUb21hSGF3ayIDiAEBWhYiFGxhIGNhc2EgZGVsIHRvbWFoYXdrkgEKcmVzdGF1cmFudOABAA!16s%2Fg%2F11g73597ns?entry=ttu&g_ep=EgoyMDI2MDgwNS4xIKXMDSoASAFQAw%3D%3D","4",,"Av. Francisco de Orellana","false","Excelente",,"La Casa del Tomahawk","4.3",,"https://www.google.com/maps/search/?api=1&query=La%20Casa%20del%20Tomahawk&query_place_id=ChIJjSnt6E1tLZARiQrnNRoz00g",
"Av. Francisco de Orellana, 090508 Guayaquil, Ecuador","Restaurante","Restaurante","5247594178483260041","Guayaquil","EC","0x902d6d4de8ed298d:0x48d3331a35e70a89",,"https://lh3.googleusercontent.com/gps-cs-s/AHRPTWlKtARv4uZa_c0E1ciQrsvkVWlAt0OWnqG49SXXKn1JlecdPQYXZPK_TxCCl87SigA3GX2PU04pnOiGW41Pbav9OeLEW4TIc3Cj6awxMxvlp60hmHuReYtoJRuWyBWhvz5q8lLz2Q=w408-h272-k-no","false","false","/g/11g73597ns","es-419","0","-2.142207","-79.9036767",,"Alborada Oeste",,"false","ChIJjSnt6E1tLZARiQrnNRoz00g",,"$10-25","Hace 9 meses","2025-10-13T20:32:14.066Z",,"2025-10-13T22:32:59.000Z","Thank you for your positive review, Dan! We're thrilled to hear you had a great experience with us. Your support means a lot, and we look forward to serving you again soon!",,,,,"No lo sé",,,,,,"$45-50",,,"Entre 5 y 8 personas","Sin espera",,,,"5","5","5","Ci9DQUlRQUNvZENodHljRjlvT25SRFVISlhSMlpTTVVGbFRUVTBWMnQyV21RM1RWRRAB",,,,,,,,,"Google",,,"1",,,"3594","2026-08-08T17:27:42.403Z","Direct Detail URL: https://www.google.com/maps/place/La+Casa+del+Tomahawk/@-2.1684545,-79.9245565,12z/data=!4m10!1m2!2m1!1sLa+Casa+del+TomaHawk!3m6!1s0x902d6d4de8ed298d:0x48d3331a35e70a89!8m2!3d-2.142207!4d-79.9036767!15sChRMYSBDYXNhIGRlbCBUb21hSGF3ayIDiAEBWhYiFGxhIGNhc2EgZGVsIHRvbWFoYXdrkgEKcmVzdGF1cmFudOABAA!16s%2Fg%2F11g73597ns?entry=ttu&g_ep=EgoyMDI2MDgwNS4xIKXMDSoASAFQAw%3D%3D","5",,"Av. Francisco de Orellana","false",,,"La Casa del Tomahawk","4.3",,"https://www.google.com/maps/search/?api=1&query=La%20Casa%20del%20Tomahawk&query_place_id=ChIJjSnt6E1tLZARiQrnNRoz00g",
"Av. Francisco de Orellana, 090508 Guayaquil, Ecuador","Restaurante","Restaurante","5247594178483260041","Guayaquil","EC","0x902d6d4de8ed298d:0x48d3331a35e70a89",,"https://lh3.googleusercontent.com/gps-cs-s/AHRPTWlKtARv4uZa_c0E1ciQrsvkVWlAt0OWnqG49SXXKn1JlecdPQYXZPK_TxCCl87SigA3GX2PU04pnOiGW41Pbav9OeLEW4TIc3Cj6awxMxvlp60hmHuReYtoJRuWyBWhvz5q8lLz2Q=w408-h272-k-no","false","true","/g/11g73597ns","es-419","0","-2.142207","-79.9036767",,"Alborada Oeste",,"false","ChIJjSnt6E1tLZARiQrnNRoz00g",,"$10-25","Hace 9 meses","2025-10-13T14:26:36.019Z",,"2025-10-13T16:27:11.000Z","Thank you for your positive feedback! We're thrilled to hear you had a great experience with us. Your support means a lot, and we look forward to serving you again soon.",,,"Hay suficiente espacio",,"Ningún evento especial",,,,,,"$10-15",,,"Apto para grupos de todos los tamaños","Sin espera",,,,"4",,"5","Ci9DQUlRQUNvZENodHljRjlvT2xKRFpUaFdaelZSY0d0NVRuVXpjRmxaWVhWTlNIYxAB",,,,,,,,,"Google",,,"31",,,"3594","2026-08-08T17:27:42.403Z","Direct Detail URL: https://www.google.com/maps/place/La+Casa+del+Tomahawk/@-2.1684545,-79.9245565,12z/data=!4m10!1m2!2m1!1sLa+Casa+del+TomaHawk!3m6!1s0x902d6d4de8ed298d:0x48d3331a35e70a89!8m2!3d-2.142207!4d-79.9036767!15sChRMYSBDYXNhIGRlbCBUb21hSGF3ayIDiAEBWhYiFGxhIGNhc2EgZGVsIHRvbWFoYXdrkgEKcmVzdGF1cmFudOABAA!16s%2Fg%2F11g73597ns?entry=ttu&g_ep=EgoyMDI2MDgwNS4xIKXMDSoASAFQAw%3D%3D","5",,"Av. Francisco de Orellana","false",,,"La Casa del Tomahawk","4.3",,"https://www.google.com/maps/search/?api=1&query=La%20Casa%20del%20Tomahawk&query_place_id=ChIJjSnt6E1tLZARiQrnNRoz00g",
"Av. Francisco de Orellana, 090508 Guayaquil, Ecuador","Restaurante","Restaurante","5247594178483260041","Guayaquil","EC","0x902d6d4de8ed298d:0x48d3331a35e70a89",,"https://lh3.googleusercontent.com/gps-cs-s/AHRPTWlKtARv4uZa_c0E1ciQrsvkVWlAt0OWnqG49SXXKn1JlecdPQYXZPK_TxCCl87SigA3GX2PU04pnOiGW41Pbav9OeLEW4TIc3Cj6awxMxvlp60hmHuReYtoJRuWyBWhvz5q8lLz2Q=w408-h272-k-no","false","false","/g/11g73597ns","es-419","0","-2.142207","-79.9036767",,"Alborada Oeste","es","false","ChIJjSnt6E1tLZARiQrnNRoz00g",,"$10-25","Hace 9 meses","2025-10-13T02:44:38.194Z",,,,,,,,"Música en vivo",,,,,,"$15-20",,,"Entre 5 y 8 personas","Hasta 10 min",,,,"5","5","5","Ci9DQUlRQUNvZENodHljRjlvT2xwU1JUaGFaMU50WjJwRFQyUnBNSGQyZEVjM2RtYxAB",,,,,,,,,"Google",,,"5",,,"3594","2026-08-08T17:27:42.403Z","Direct Detail URL: https://www.google.com/maps/place/La+Casa+del+Tomahawk/@-2.1684545,-79.9245565,12z/data=!4m10!1m2!2m1!1sLa+Casa+del+TomaHawk!3m6!1s0x902d6d4de8ed298d:0x48d3331a35e70a89!8m2!3d-2.142207!4d-79.9036767!15sChRMYSBDYXNhIGRlbCBUb21hSGF3ayIDiAEBWhYiFGxhIGNhc2EgZGVsIHRvbWFoYXdrkgEKcmVzdGF1cmFudOABAA!16s%2Fg%2F11g73597ns?entry=ttu&g_ep=EgoyMDI2MDgwNS4xIKXMDSoASAFQAw%3D%3D","5",,"Av. Francisco de Orellana","false","Fueron muy amables a la hora de atender el tiempo de esperar adecuado",,"La Casa del Tomahawk","4.3",,"https://www.google.com/maps/search/?api=1&query=La%20Casa%20del%20Tomahawk&query_place_id=ChIJjSnt6E1tLZARiQrnNRoz00g",
"Av. Francisco de Orellana, 090508 Guayaquil, Ecuador","Restaurante","Restaurante","5247594178483260041","Guayaquil","EC","0x902d6d4de8ed298d:0x48d3331a35e70a89",,"https://lh3.googleusercontent.com/gps-cs-s/AHRPTWlKtARv4uZa_c0E1ciQrsvkVWlAt0OWnqG49SXXKn1JlecdPQYXZPK_TxCCl87SigA3GX2PU04pnOiGW41Pbav9OeLEW4TIc3Cj6awxMxvlp60hmHuReYtoJRuWyBWhvz5q8lLz2Q=w408-h272-k-no","false","false","/g/11g73597ns","es-419","0","-2.142207","-79.9036767",,"Alborada Oeste","es","false","ChIJjSnt6E1tLZARiQrnNRoz00g",,"$10-25","Hace 9 meses","2025-10-13T02:36:44.084Z",,,,,,,,"Evento de temporada o de festividades",,,,,,"$15-20",,,"Entre 5 y 8 personas, Apto para grupos de todos los tamaños","De 10 a 30 min",,,,"5","5","5","Ci9DQUlRQUNvZENodHljRjlvT2tJMVl6VXlSalExWkRoeVJqZHNjMk41V1RWSFoxRRAB","https://lh3.googleusercontent.com/grass-cs/ACvplmM6fP7qqqu7r2lONl_5YPGsQ078MsaaliVyDdVGROwFxfpKEha132-mr6t_y40OQyXMJ10mHglpYPAHCRokRQIz767xBWHZPMejJR7AuJopD4f1ElV3S-6qU9_Py1c0tqCgLAxq7hqg3Vg=k-no",,,,,,,,"Google",,,"2",,,"3594","2026-08-08T17:27:42.403Z","Direct Detail URL: https://www.google.com/maps/place/La+Casa+del+Tomahawk/@-2.1684545,-79.9245565,12z/data=!4m10!1m2!2m1!1sLa+Casa+del+TomaHawk!3m6!1s0x902d6d4de8ed298d:0x48d3331a35e70a89!8m2!3d-2.142207!4d-79.9036767!15sChRMYSBDYXNhIGRlbCBUb21hSGF3ayIDiAEBWhYiFGxhIGNhc2EgZGVsIHRvbWFoYXdrkgEKcmVzdGF1cmFudOABAA!16s%2Fg%2F11g73597ns?entry=ttu&g_ep=EgoyMDI2MDgwNS4xIKXMDSoASAFQAw%3D%3D","5",,"Av. Francisco de Orellana","false","Excelente servicio",,"La Casa del Tomahawk","4.3",,"https://www.google.com/maps/search/?api=1&query=La%20Casa%20del%20Tomahawk&query_place_id=ChIJjSnt6E1tLZARiQrnNRoz00g",
"Av. Francisco de Orellana, 090508 Guayaquil, Ecuador","Restaurante","Restaurante","5247594178483260041","Guayaquil","EC","0x902d6d4de8ed298d:0x48d3331a35e70a89",,"https://lh3.googleusercontent.com/gps-cs-s/AHRPTWlKtARv4uZa_c0E1ciQrsvkVWlAt0OWnqG49SXXKn1JlecdPQYXZPK_TxCCl87SigA3GX2PU04pnOiGW41Pbav9OeLEW4TIc3Cj6awxMxvlp60hmHuReYtoJRuWyBWhvz5q8lLz2Q=w408-h272-k-no","false","false","/g/11g73597ns","es-419","0","-2.142207","-79.9036767",,"Alborada Oeste","es","false","ChIJjSnt6E1tLZARiQrnNRoz00g",,"$10-25","Hace 9 meses","2025-10-13T02:25:41.000Z",,,,,,,,"Ningún evento especial",,,,,,"$5-10",,,"Entre 5 y 8 personas","De 10 a 30 min",,,,"5","5","5","Ci9DQUlRQUNvZENodHljRjlvT2xnM1YyTk1ZVVpOTlU5d2RsWk1XREZrYkZORVIzYxAB",,,,,,,,,"Google",,,"4",,,"3594","2026-08-08T17:27:42.403Z","Direct Detail URL: https://www.google.com/maps/place/La+Casa+del+Tomahawk/@-2.1684545,-79.9245565,12z/data=!4m10!1m2!2m1!1sLa+Casa+del+TomaHawk!3m6!1s0x902d6d4de8ed298d:0x48d3331a35e70a89!8m2!3d-2.142207!4d-79.9036767!15sChRMYSBDYXNhIGRlbCBUb21hSGF3ayIDiAEBWhYiFGxhIGNhc2EgZGVsIHRvbWFoYXdrkgEKcmVzdGF1cmFudOABAA!16s%2Fg%2F11g73597ns?entry=ttu&g_ep=EgoyMDI2MDgwNS4xIKXMDSoASAFQAw%3D%3D","5",,"Av. Francisco de Orellana","false","Excelente",,"La Casa del Tomahawk","4.3",,"https://www.google.com/maps/search/?api=1&query=La%20Casa%20del%20Tomahawk&query_place_id=ChIJjSnt6E1tLZARiQrnNRoz00g",
"Av. Francisco de Orellana, 090508 Guayaquil, Ecuador","Restaurante","Restaurante","5247594178483260041","Guayaquil","EC","0x902d6d4de8ed298d:0x48d3331a35e70a89",,"https://lh3.googleusercontent.com/gps-cs-s/AHRPTWlKtARv4uZa_c0E1ciQrsvkVWlAt0OWnqG49SXXKn1JlecdPQYXZPK_TxCCl87SigA3GX2PU04pnOiGW41Pbav9OeLEW4TIc3Cj6awxMxvlp60hmHuReYtoJRuWyBWhvz5q8lLz2Q=w408-h272-k-no","false","true","/g/11g73597ns","es-419","0","-2.142207","-79.9036767",,"Alborada Oeste",,"false","ChIJjSnt6E1tLZARiQrnNRoz00g",,"$10-25","Hace 9 meses","2025-10-13T02:01:39.906Z",,"2025-10-13T04:02:08.000Z","Thank you for your feedback, Johan! We're glad to hear you had a positive experience with us. If you have any specific suggestions for improvement, we would love to hear them. We hope to serve you again soon!",,,,,"No lo sé",,,,,,"$10-15",,,"3 o 4 personas","Hasta 10 min",,,,"5","5","5","Ci9DQUlRQUNvZENodHljRjlvT2tsWk5XbHJOVlpQYXpnelZtVmpNREIxZDI4d1VXYxAB",,,,,,,,,"Google",,,"37",,,"3594","2026-08-08T17:27:42.403Z","Direct Detail URL: https://www.google.com/maps/place/La+Casa+del+Tomahawk/@-2.1684545,-79.9245565,12z/data=!4m10!1m2!2m1!1sLa+Casa+del+TomaHawk!3m6!1s0x902d6d4de8ed298d:0x48d3331a35e70a89!8m2!3d-2.142207!4d-79.9036767!15sChRMYSBDYXNhIGRlbCBUb21hSGF3ayIDiAEBWhYiFGxhIGNhc2EgZGVsIHRvbWFoYXdrkgEKcmVzdGF1cmFudOABAA!16s%2Fg%2F11g73597ns?entry=ttu&g_ep=EgoyMDI2MDgwNS4xIKXMDSoASAFQAw%3D%3D","4",,"Av. Francisco de Orellana","false",,,"La Casa del Tomahawk","4.3",,"https://www.google.com/maps/search/?api=1&query=La%20Casa%20del%20Tomahawk&query_place_id=ChIJjSnt6E1tLZARiQrnNRoz00g",
"Av. Francisco de Orellana, 090508 Guayaquil, Ecuador","Restaurante","Restaurante","5247594178483260041","Guayaquil","EC","0x902d6d4de8ed298d:0x48d3331a35e70a89",,"https://lh3.googleusercontent.com/gps-cs-s/AHRPTWlKtARv4uZa_c0E1ciQrsvkVWlAt0OWnqG49SXXKn1JlecdPQYXZPK_TxCCl87SigA3GX2PU04pnOiGW41Pbav9OeLEW4TIc3Cj6awxMxvlp60hmHuReYtoJRuWyBWhvz5q8lLz2Q=w408-h272-k-no","false","false","/g/11g73597ns","es-419","0","-2.142207","-79.9036767",,"Alborada Oeste","es","false","ChIJjSnt6E1tLZARiQrnNRoz00g",,"$10-25","Hace 9 meses","2025-10-13T00:52:06.909Z",,,,"Buena comodidad  para los discapacitados","Platos s elegir y las alitas muy ricas","Hay suficiente espacio","No para mí todo está perfecto","Ningún evento especial",,,"Estacionamiento pagado en la calle",,"Muy saludables para aquellos que sufrimos de diabetes y colesterol","$30-35",,,"Apto para grupos de todos los tamaños","Hasta 10 min",,,,"5","5","5","Ci9DQUlRQUNvZENodHljRjlvT21KdVEwTm1kelpNYkVkWFJHTmFWR2N6VEVkSE1XYxAB","https://lh3.googleusercontent.com/grass-cs/ACvplmPx9BwaYTwVn5G5ZIfolLgFgNUvi3StSX2IL5QvtnQCOGfO_KwcM0swWETwj1fj7ZNQgHIe_QMLeF4_JlgoaMOsf--i40lZ22VqREFCKYYtpqJYeRtkh7JSaPaJ3Af_VsYaPrZc6c63vP4F=k-no","https://lh3.googleusercontent.com/grass-cs/ACvplmNn1hfT8q-dDQxguUJGJCdIFcH_0mgsc7v4EgfNCdln7rZXl68e6QoTPhnxOEL-2xuo8WSuoyN2nDd_elv6quVQ6H3xkseEhLehMxi3M-5wME1Sc9QWuvewZouh3e3ytMWFbViZRhgw-y4x=k-no","https://lh3.googleusercontent.com/grass-cs/ACvplmODuN0QPxwCIPEkbNOFXdJGWThJTuM-wQYi3S1G2eR6UAzInMAJDbLc2A2xbwPHDjgLN-nzKYI1XZKW5GqytLS74IZq_7JXNZEnMecBA_9v49ja80A6iijgYAae8Qf0NiqzW_5xVNlDQbY=k-no","https://lh3.googleusercontent.com/grass-cs/ACvplmNCI7j_L4HeFKelDML_FSgqn9NXds2KKUL3PF_oCcdRlCndXN1TAm4RTOsjlzz15wFSlIXnpgNS3FtuUMyBY0Z9UkR0aHqhN_sUnzuKUzj1gmBmGSSvh77beGEK5lTb8G1gRsE8a-5JDv1u=k-no","https://lh3.googleusercontent.com/grass-cs/ACvplmNTYBGORrISPpiGVtb4627qhV1poeP0jMI1hnLJcqyI76duOIZdRJW4u-bfI88-T0mZhd1jFpM_EUPgK5rHN4MVGEXPwmwAd0q8aReDEFUhpEin-7D7dmmDbw27_DD6jAuSVRL4YT4YIVkJ=k-no",,,,"Google",,,"2",,,"3594","2026-08-08T17:27:42.403Z","Direct Detail URL: https://www.google.com/maps/place/La+Casa+del+Tomahawk/@-2.1684545,-79.9245565,12z/data=!4m10!1m2!2m1!1sLa+Casa+del+TomaHawk!3m6!1s0x902d6d4de8ed298d:0x48d3331a35e70a89!8m2!3d-2.142207!4d-79.9036767!15sChRMYSBDYXNhIGRlbCBUb21hSGF3ayIDiAEBWhYiFGxhIGNhc2EgZGVsIHRvbWFoYXdrkgEKcmVzdGF1cmFudOABAA!16s%2Fg%2F11g73597ns?entry=ttu&g_ep=EgoyMDI2MDgwNS4xIKXMDSoASAFQAw%3D%3D","5",,"Av. Francisco de Orellana","false",,,"La Casa del Tomahawk","4.3",,"https://www.google.com/maps/search/?api=1&query=La%20Casa%20del%20Tomahawk&query_place_id=ChIJjSnt6E1tLZARiQrnNRoz00g",
"Av. Francisco de Orellana, 090508 Guayaquil, Ecuador","Restaurante","Restaurante","5247594178483260041","Guayaquil","EC","0x902d6d4de8ed298d:0x48d3331a35e70a89",,"https://lh3.googleusercontent.com/gps-cs-s/AHRPTWlKtARv4uZa_c0E1ciQrsvkVWlAt0OWnqG49SXXKn1JlecdPQYXZPK_TxCCl87SigA3GX2PU04pnOiGW41Pbav9OeLEW4TIc3Cj6awxMxvlp60hmHuReYtoJRuWyBWhvz5q8lLz2Q=w408-h272-k-no","false","false","/g/11g73597ns","es-419","0","-2.142207","-79.9036767",,"Alborada Oeste",,"false","ChIJjSnt6E1tLZARiQrnNRoz00g",,"$10-25","Hace 9 meses","2025-10-13T00:45:59.191Z",,,,,,,,"Música en vivo",,,,,,"$25-30",,,"Entre 5 y 8 personas","Hasta 10 min",,,,"5","5","5","Ci9DQUlRQUNvZENodHljRjlvT2kwelJHNDFXbVZMZWtkMFV6WjNSbVp5U1VkcU0xRRAB","https://lh3.googleusercontent.com/grass-cs/ACvplmPnbTRmk6-y4hSqnHAq2tvdt--EsJi6eeuWrP6luIRsMO_CieiWSPP4YyJ8Pm-H_YZn-IMd_xlsXljbO-ppPJYTxcVb2EvV_NjkfJ79TIyleoozThLIj82X0F6OJtNlny1tFZ1_VLkG6xGw=k-no","https://lh3.googleusercontent.com/grass-cs/ACvplmOQbybOQmMwFPFcTcsSnZlfjWsct-FatsV5C5BJUI2JYhIpcGUKjxRBJ1-nO57TO0fzzOg7uqw20cEhdrzSMniIOGt3rWq-KUMQWEVpusYKO_fk4MRinCcU4kXm3WGFLosqWgJjOgeU8UiA=k-no",,,,,,,"Google",,,"0",,,"3594","2026-08-08T17:27:42.403Z","Direct Detail URL: https://www.google.com/maps/place/La+Casa+del+Tomahawk/@-2.1684545,-79.9245565,12z/data=!4m10!1m2!2m1!1sLa+Casa+del+TomaHawk!3m6!1s0x902d6d4de8ed298d:0x48d3331a35e70a89!8m2!3d-2.142207!4d-79.9036767!15sChRMYSBDYXNhIGRlbCBUb21hSGF3ayIDiAEBWhYiFGxhIGNhc2EgZGVsIHRvbWFoYXdrkgEKcmVzdGF1cmFudOABAA!16s%2Fg%2F11g73597ns?entry=ttu&g_ep=EgoyMDI2MDgwNS4xIKXMDSoASAFQAw%3D%3D","5",,"Av. Francisco de Orellana","false",,,"La Casa del Tomahawk","4.3",,"https://www.google.com/maps/search/?api=1&query=La%20Casa%20del%20Tomahawk&query_place_id=ChIJjSnt6E1tLZARiQrnNRoz00g",
"Av. Francisco de Orellana, 090508 Guayaquil, Ecuador","Restaurante","Restaurante","5247594178483260041","Guayaquil","EC","0x902d6d4de8ed298d:0x48d3331a35e70a89",,"https://lh3.googleusercontent.com/gps-cs-s/AHRPTWlKtARv4uZa_c0E1ciQrsvkVWlAt0OWnqG49SXXKn1JlecdPQYXZPK_TxCCl87SigA3GX2PU04pnOiGW41Pbav9OeLEW4TIc3Cj6awxMxvlp60hmHuReYtoJRuWyBWhvz5q8lLz2Q=w408-h272-k-no","false","false","/g/11g73597ns","es-419","0","-2.142207","-79.9036767",,"Alborada Oeste","es","false","ChIJjSnt6E1tLZARiQrnNRoz00g",,"$10-25","Hace 9 meses","2025-10-13T00:43:19.678Z",,,,,,,,"Ningún evento especial",,,,,,"$20-25",,,"Apto para grupos de todos los tamaños","Sin espera",,,,"5","5","5","Ci9DQUlRQUNvZENodHljRjlvT2tkMVYyOXFORlozWlZwVVkxSXlVbVl4VDNNeVpIYxAB","https://lh3.googleusercontent.com/grass-cs/ACvplmPGckMcPO5xbEEsS-2-nh9IbqIiE-zdTqBULMalj4oFU606JyjzHBEEd5NIqxDRNSQQ14J5FaUTUj_AT8_8k1Q2zNGN06BY_CwpFuhE78omW9HAXnK7wMHBKfkj7mf53FkTnjfRj2dk2JA=k-no",,,,,,,,"Google",,,"1",,,"3594","2026-08-08T17:27:42.403Z","Direct Detail URL: https://www.google.com/maps/place/La+Casa+del+Tomahawk/@-2.1684545,-79.9245565,12z/data=!4m10!1m2!2m1!1sLa+Casa+del+TomaHawk!3m6!1s0x902d6d4de8ed298d:0x48d3331a35e70a89!8m2!3d-2.142207!4d-79.9036767!15sChRMYSBDYXNhIGRlbCBUb21hSGF3ayIDiAEBWhYiFGxhIGNhc2EgZGVsIHRvbWFoYXdrkgEKcmVzdGF1cmFudOABAA!16s%2Fg%2F11g73597ns?entry=ttu&g_ep=EgoyMDI2MDgwNS4xIKXMDSoASAFQAw%3D%3D","5",,"Av. Francisco de Orellana","false","Muy buena atención al cliente",,"La Casa del Tomahawk","4.3",,"https://www.google.com/maps/search/?api=1&query=La%20Casa%20del%20Tomahawk&query_place_id=ChIJjSnt6E1tLZARiQrnNRoz00g",
"Av. Francisco de Orellana, 090508 Guayaquil, Ecuador","Restaurante","Restaurante","5247594178483260041","Guayaquil","EC","0x902d6d4de8ed298d:0x48d3331a35e70a89",,"https://lh3.googleusercontent.com/gps-cs-s/AHRPTWlKtARv4uZa_c0E1ciQrsvkVWlAt0OWnqG49SXXKn1JlecdPQYXZPK_TxCCl87SigA3GX2PU04pnOiGW41Pbav9OeLEW4TIc3Cj6awxMxvlp60hmHuReYtoJRuWyBWhvz5q8lLz2Q=w408-h272-k-no","false","false","/g/11g73597ns","es-419","0","-2.142207","-79.9036767",,"Alborada Oeste","es","false","ChIJjSnt6E1tLZARiQrnNRoz00g",,"$10-25","Hace 9 meses","2025-10-13T00:42:19.027Z",,,,,,,,,,,,,,,,,,,,,,"5","5","5","Ci9DQUlRQUNvZENodHljRjlvT21SSE5GTkJOMDFNYkZkeFprdzJaazFZTmxSNFFrRRAB","https://lh3.googleusercontent.com/grass-cs/ACvplmNhjfVByEBFn5PaqrOyswRU2knYCwdwMWR2zim2-GY50qCaVYymg11GbGzyud0XGlsI3SVhyDzp6Ciapg0g_YNZ08jH4azUCkSeaUUohOaxNpDyaJcRZlRXSHRGWbQq7EZquYJXom1Yhsvb=k-no",,,,,,,,"Google",,,"2",,,"3594","2026-08-08T17:27:42.403Z","Direct Detail URL: https://www.google.com/maps/place/La+Casa+del+Tomahawk/@-2.1684545,-79.9245565,12z/data=!4m10!1m2!2m1!1sLa+Casa+del+TomaHawk!3m6!1s0x902d6d4de8ed298d:0x48d3331a35e70a89!8m2!3d-2.142207!4d-79.9036767!15sChRMYSBDYXNhIGRlbCBUb21hSGF3ayIDiAEBWhYiFGxhIGNhc2EgZGVsIHRvbWFoYXdrkgEKcmVzdGF1cmFudOABAA!16s%2Fg%2F11g73597ns?entry=ttu&g_ep=EgoyMDI2MDgwNS4xIKXMDSoASAFQAw%3D%3D","5",,"Av. Francisco de Orellana","false","Muy rico todo y la atención excelente",,"La Casa del Tomahawk","4.3",,"https://www.google.com/maps/search/?api=1&query=La%20Casa%20del%20Tomahawk&query_place_id=ChIJjSnt6E1tLZARiQrnNRoz00g",
"Av. Francisco de Orellana, 090508 Guayaquil, Ecuador","Restaurante","Restaurante","5247594178483260041","Guayaquil","EC","0x902d6d4de8ed298d:0x48d3331a35e70a89",,"https://lh3.googleusercontent.com/gps-cs-s/AHRPTWlKtARv4uZa_c0E1ciQrsvkVWlAt0OWnqG49SXXKn1JlecdPQYXZPK_TxCCl87SigA3GX2PU04pnOiGW41Pbav9OeLEW4TIc3Cj6awxMxvlp60hmHuReYtoJRuWyBWhvz5q8lLz2Q=w408-h272-k-no","false","true","/g/11g73597ns","es-419","0","-2.142207","-79.9036767",,"Alborada Oeste","es","false","ChIJjSnt6E1tLZARiQrnNRoz00g",,"$10-25","Hace 9 meses","2025-10-12T22:44:06.581Z",,,,,,,,"Ningún evento especial",,,,,,"$15-20",,,"3 o 4 personas","Hasta 10 min",,,,"5","5","1","Ci9DQUlRQUNvZENodHljRjlvT2xobWJ6WkVabVZOYzBadGEzQjRXVWxTY25Od00xRRAB","https://lh3.googleusercontent.com/grass-cs/ACvplmPN-BiEpxGrW_WS2yOuQxkr-pyCx7oneTBDlho7lq7nqEXntYLc_2LUimVucWlstPn7SGZwAKCIDEwuOkyBCC9dy0K9bqhm7c1Sa65M033CjLpd-kJUq5QxYAgN3ENHNLJFuy5IzhIU8jka=k-no","https://lh3.googleusercontent.com/grass-cs/ACvplmMYWOMvx99fay3I5INiovq1evd3iSZxM3c-CABf-tfduKwQfzS2EcUOQRAkY7K--fQYxRmiL-94UELEUBx0vVgVukiAfcN0BMcixNGVI7Nq9ha8fr7R_9hS8nT2Ix4mUShH2ehI85HgTInb=k-no","https://lh3.googleusercontent.com/grass-cs/ACvplmOcn1pPqdFavvt7jvtaV8XY3UCdWNpEuSKyvCWnxPVQYNnK3FdlNeidL0uO_8iZVpQ1h-FxF261skh5ukIotDWyMVZDtaDD1xZbw7fHbPCp4DPx_r-m7KNI6XwM0GClLfud25ZS8_QdIvK5=k-no",,,,,,"Google",,,"20",,,"3594","2026-08-08T17:27:42.403Z","Direct Detail URL: https://www.google.com/maps/place/La+Casa+del+Tomahawk/@-2.1684545,-79.9245565,12z/data=!4m10!1m2!2m1!1sLa+Casa+del+TomaHawk!3m6!1s0x902d6d4de8ed298d:0x48d3331a35e70a89!8m2!3d-2.142207!4d-79.9036767!15sChRMYSBDYXNhIGRlbCBUb21hSGF3ayIDiAEBWhYiFGxhIGNhc2EgZGVsIHRvbWFoYXdrkgEKcmVzdGF1cmFudOABAA!16s%2Fg%2F11g73597ns?entry=ttu&g_ep=EgoyMDI2MDgwNS4xIKXMDSoASAFQAw%3D%3D","3",,"Av. Francisco de Orellana","false","Las alitas súper ricas, grandes suaves y sabrosas no le doy 5 estrellas por la atención, no nos ofrecieron mayonesa cuando a otras mesas sí , luego pedimos dos frozen de un valor y nos trajeron dos mucho más grandes y que costaban más obviamente, pedimos la cartilla de bebidas nuevamente tampoco no las dieron, la comida excelente",,"La Casa del Tomahawk","4.3",,"https://www.google.com/maps/search/?api=1&query=La%20Casa%20del%20Tomahawk&query_place_id=ChIJjSnt6E1tLZARiQrnNRoz00g",
"Av. Francisco de Orellana, 090508 Guayaquil, Ecuador","Restaurante","Restaurante","5247594178483260041","Guayaquil","EC","0x902d6d4de8ed298d:0x48d3331a35e70a89",,"https://lh3.googleusercontent.com/gps-cs-s/AHRPTWlKtARv4uZa_c0E1ciQrsvkVWlAt0OWnqG49SXXKn1JlecdPQYXZPK_TxCCl87SigA3GX2PU04pnOiGW41Pbav9OeLEW4TIc3Cj6awxMxvlp60hmHuReYtoJRuWyBWhvz5q8lLz2Q=w408-h272-k-no","false","false","/g/11g73597ns","es-419","0","-2.142207","-79.9036767",,"Alborada Oeste","es","false","ChIJjSnt6E1tLZARiQrnNRoz00g",,"$10-25","Hace 9 meses","2025-10-12T20:47:31.277Z",,,,,"Si","Es un poco difícil encontrar estacionamiento",,"Música en vivo",,,"Estacionamiento pagado",,,"Más de $50",,,"3 o 4 personas","De 10 a 30 min",,,,"5","5","5","Ci9DQUlRQUNvZENodHljRjlvT2xRMFkyUTFTVFpZYkZSQ01reDJlREZhWVVsVk5tYxAB",,,,,,,,,"Google",,,"1",,,"3594","2026-08-08T17:27:42.403Z","Direct Detail URL: https://www.google.com/maps/place/La+Casa+del+Tomahawk/@-2.1684545,-79.9245565,12z/data=!4m10!1m2!2m1!1sLa+Casa+del+TomaHawk!3m6!1s0x902d6d4de8ed298d:0x48d3331a35e70a89!8m2!3d-2.142207!4d-79.9036767!15sChRMYSBDYXNhIGRlbCBUb21hSGF3ayIDiAEBWhYiFGxhIGNhc2EgZGVsIHRvbWFoYXdrkgEKcmVzdGF1cmFudOABAA!16s%2Fg%2F11g73597ns?entry=ttu&g_ep=EgoyMDI2MDgwNS4xIKXMDSoASAFQAw%3D%3D","5",,"Av. Francisco de Orellana","false",,,"La Casa del Tomahawk","4.3",,"https://www.google.com/maps/search/?api=1&query=La%20Casa%20del%20Tomahawk&query_place_id=ChIJjSnt6E1tLZARiQrnNRoz00g",
"Av. Francisco de Orellana, 090508 Guayaquil, Ecuador","Restaurante","Restaurante","5247594178483260041","Guayaquil","EC","0x902d6d4de8ed298d:0x48d3331a35e70a89",,"https://lh3.googleusercontent.com/gps-cs-s/AHRPTWlKtARv4uZa_c0E1ciQrsvkVWlAt0OWnqG49SXXKn1JlecdPQYXZPK_TxCCl87SigA3GX2PU04pnOiGW41Pbav9OeLEW4TIc3Cj6awxMxvlp60hmHuReYtoJRuWyBWhvz5q8lLz2Q=w408-h272-k-no","false","false","/g/11g73597ns","es-419","0","-2.142207","-79.9036767",,"Alborada Oeste","es","false","ChIJjSnt6E1tLZARiQrnNRoz00g",,"$10-25","Hace 9 meses","2025-10-12T19:32:56.564Z",,,,,,,,"Ningún evento especial",,,,,,"Más de $50",,,"Más de 9 personas","Más de 1 hora",,,,"5","5","5","Ci9DQUlRQUNvZENodHljRjlvT21vdE9HOWFTRTAzTm1aNWJtRTVSRGhPVG1aSWVXYxAB",,,,,,,,,"Google",,,"1",,,"3594","2026-08-08T17:27:42.403Z","Direct Detail URL: https://www.google.com/maps/place/La+Casa+del+Tomahawk/@-2.1684545,-79.9245565,12z/data=!4m10!1m2!2m1!1sLa+Casa+del+TomaHawk!3m6!1s0x902d6d4de8ed298d:0x48d3331a35e70a89!8m2!3d-2.142207!4d-79.9036767!15sChRMYSBDYXNhIGRlbCBUb21hSGF3ayIDiAEBWhYiFGxhIGNhc2EgZGVsIHRvbWFoYXdrkgEKcmVzdGF1cmFudOABAA!16s%2Fg%2F11g73597ns?entry=ttu&g_ep=EgoyMDI2MDgwNS4xIKXMDSoASAFQAw%3D%3D","5",,"Av. Francisco de Orellana","false","Todo muy bien",,"La Casa del Tomahawk","4.3",,"https://www.google.com/maps/search/?api=1&query=La%20Casa%20del%20Tomahawk&query_place_id=ChIJjSnt6E1tLZARiQrnNRoz00g",
"Av. Francisco de Orellana, 090508 Guayaquil, Ecuador","Restaurante","Restaurante","5247594178483260041","Guayaquil","EC","0x902d6d4de8ed298d:0x48d3331a35e70a89",,"https://lh3.googleusercontent.com/gps-cs-s/AHRPTWlKtARv4uZa_c0E1ciQrsvkVWlAt0OWnqG49SXXKn1JlecdPQYXZPK_TxCCl87SigA3GX2PU04pnOiGW41Pbav9OeLEW4TIc3Cj6awxMxvlp60hmHuReYtoJRuWyBWhvz5q8lLz2Q=w408-h272-k-no","false","false","/g/11g73597ns","es-419","0","-2.142207","-79.9036767",,"Alborada Oeste","es","false","ChIJjSnt6E1tLZARiQrnNRoz00g",,"$10-25","Hace 9 meses","2025-10-12T19:26:39.290Z",,"2025-10-12T21:27:13.000Z","Agradecemos mucho tu comentario y nos alegra saber que has tenido una buena experiencia con Jessenia. Siempre nos esforzamos por brindar el mejor servicio posible. Esperamos verte de nuevo pronto.",,,,,"Evento de temporada o de festividades",,,,,,"$20-25",,,"Más de 9 personas","Sin espera",,,,"5","5","5","Ci9DQUlRQUNvZENodHljRjlvT2xadlowbDNhMFJMTjBOb01qaE5OelpNV1hGeWJtYxAB",,,,,,,,,"Google",,,"2",,,"3594","2026-08-08T17:27:42.403Z","Direct Detail URL: https://www.google.com/maps/place/La+Casa+del+Tomahawk/@-2.1684545,-79.9245565,12z/data=!4m10!1m2!2m1!1sLa+Casa+del+TomaHawk!3m6!1s0x902d6d4de8ed298d:0x48d3331a35e70a89!8m2!3d-2.142207!4d-79.9036767!15sChRMYSBDYXNhIGRlbCBUb21hSGF3ayIDiAEBWhYiFGxhIGNhc2EgZGVsIHRvbWFoYXdrkgEKcmVzdGF1cmFudOABAA!16s%2Fg%2F11g73597ns?entry=ttu&g_ep=EgoyMDI2MDgwNS4xIKXMDSoASAFQAw%3D%3D","5",,"Av. Francisco de Orellana","false","Gracias a Jessenia por la atención",,"La Casa del Tomahawk","4.3",,"https://www.google.com/maps/search/?api=1&query=La%20Casa%20del%20Tomahawk&query_place_id=ChIJjSnt6E1tLZARiQrnNRoz00g",
"Av. Francisco de Orellana, 090508 Guayaquil, Ecuador","Restaurante","Restaurante","5247594178483260041","Guayaquil","EC","0x902d6d4de8ed298d:0x48d3331a35e70a89",,"https://lh3.googleusercontent.com/gps-cs-s/AHRPTWlKtARv4uZa_c0E1ciQrsvkVWlAt0OWnqG49SXXKn1JlecdPQYXZPK_TxCCl87SigA3GX2PU04pnOiGW41Pbav9OeLEW4TIc3Cj6awxMxvlp60hmHuReYtoJRuWyBWhvz5q8lLz2Q=w408-h272-k-no","false","false","/g/11g73597ns","es-419","0","-2.142207","-79.9036767",,"Alborada Oeste","es","false","ChIJjSnt6E1tLZARiQrnNRoz00g",,"$10-25","Hace 9 meses","2025-10-12T02:45:17.955Z",,,,,,"Es un poco difícil encontrar estacionamiento",,"Evento de temporada o de festividades",,,"Estacionamiento pagado en la calle",,,"$20-25",,,"Entre 5 y 8 personas","Hasta 10 min",,,,"5","5","5","Ci9DQUlRQUNvZENodHljRjlvT21WSWVWVjJRVmt5VDJ0T1lYSjJWMlJOYTJzeGNtYxAB",,,,,,,,,"Google",,,"1",,,"3594","2026-08-08T17:27:42.403Z","Direct Detail URL: https://www.google.com/maps/place/La+Casa+del+Tomahawk/@-2.1684545,-79.9245565,12z/data=!4m10!1m2!2m1!1sLa+Casa+del+TomaHawk!3m6!1s0x902d6d4de8ed298d:0x48d3331a35e70a89!8m2!3d-2.142207!4d-79.9036767!15sChRMYSBDYXNhIGRlbCBUb21hSGF3ayIDiAEBWhYiFGxhIGNhc2EgZGVsIHRvbWFoYXdrkgEKcmVzdGF1cmFudOABAA!16s%2Fg%2F11g73597ns?entry=ttu&g_ep=EgoyMDI2MDgwNS4xIKXMDSoASAFQAw%3D%3D","5",,"Av. Francisco de Orellana","false","Excelente  lugar recomendado",,"La Casa del Tomahawk","4.3",,"https://www.google.com/maps/search/?api=1&query=La%20Casa%20del%20Tomahawk&query_place_id=ChIJjSnt6E1tLZARiQrnNRoz00g",
"Av. Francisco de Orellana, 090508 Guayaquil, Ecuador","Restaurante","Restaurante","5247594178483260041","Guayaquil","EC","0x902d6d4de8ed298d:0x48d3331a35e70a89",,"https://lh3.googleusercontent.com/gps-cs-s/AHRPTWlKtARv4uZa_c0E1ciQrsvkVWlAt0OWnqG49SXXKn1JlecdPQYXZPK_TxCCl87SigA3GX2PU04pnOiGW41Pbav9OeLEW4TIc3Cj6awxMxvlp60hmHuReYtoJRuWyBWhvz5q8lLz2Q=w408-h272-k-no","false","false","/g/11g73597ns","es-419","0","-2.142207","-79.9036767",,"Alborada Oeste","es","false","ChIJjSnt6E1tLZARiQrnNRoz00g",,"$10-25","Hace 9 meses","2025-10-11T23:52:35.099Z",,,,"Si","Si","Es un poco difícil encontrar estacionamiento","No","Ningún evento especial",,,"El estacionamiento no está disponible",,,"Más de $50",,,"Apto para grupos de todos los tamaños","Sin espera",,,,"5","5","5","Ci9DQUlRQUNvZENodHljRjlvT21jek5GcGZTSEl4ZGpkQmREaHNkbVEzUTIxeVIxRRAB","https://lh3.googleusercontent.com/grass-cs/ACvplmMiLW4jzAdt5SgOywWXgZ7ernXkXVeiqX7pdjKl8OxupRt-2tgJXtGQ7cqKrTyuWrHSDy5w8t82IASAGGHaMUh2AxxFWISjCa5S7rlR74w52u3xITDrLZkOQTFyZi_gG2mPHEziDlsuLRc8=k-no",,,,,,,,"Google",,,"0",,,"3594","2026-08-08T17:27:42.403Z","Direct Detail URL: https://www.google.com/maps/place/La+Casa+del+Tomahawk/@-2.1684545,-79.9245565,12z/data=!4m10!1m2!2m1!1sLa+Casa+del+TomaHawk!3m6!1s0x902d6d4de8ed298d:0x48d3331a35e70a89!8m2!3d-2.142207!4d-79.9036767!15sChRMYSBDYXNhIGRlbCBUb21hSGF3ayIDiAEBWhYiFGxhIGNhc2EgZGVsIHRvbWFoYXdrkgEKcmVzdGF1cmFudOABAA!16s%2Fg%2F11g73597ns?entry=ttu&g_ep=EgoyMDI2MDgwNS4xIKXMDSoASAFQAw%3D%3D","5",,"Av. Francisco de Orellana","false",,,"La Casa del Tomahawk","4.3",,"https://www.google.com/maps/search/?api=1&query=La%20Casa%20del%20Tomahawk&query_place_id=ChIJjSnt6E1tLZARiQrnNRoz00g",
"Av. Francisco de Orellana, 090508 Guayaquil, Ecuador","Restaurante","Restaurante","5247594178483260041","Guayaquil","EC","0x902d6d4de8ed298d:0x48d3331a35e70a89",,"https://lh3.googleusercontent.com/gps-cs-s/AHRPTWlKtARv4uZa_c0E1ciQrsvkVWlAt0OWnqG49SXXKn1JlecdPQYXZPK_TxCCl87SigA3GX2PU04pnOiGW41Pbav9OeLEW4TIc3Cj6awxMxvlp60hmHuReYtoJRuWyBWhvz5q8lLz2Q=w408-h272-k-no","false","false","/g/11g73597ns","es-419","0","-2.142207","-79.9036767",,"Alborada Oeste","es","false","ChIJjSnt6E1tLZARiQrnNRoz00g",,"$10-25","Hace 9 meses","2025-10-11T23:06:30.000Z",,,,,,,,"Ningún evento especial",,,,,,"$15-20",,,"Apto para grupos de todos los tamaños","Sin espera",,,,"5","5","5","Ci9DQUlRQUNvZENodHljRjlvT2tseFdHVlFhMjVVYURsbFFrWjFkRFJqY1c5MGFrRRAB",,,,,,,,,"Google",,,"1",,,"3594","2026-08-08T17:27:42.403Z","Direct Detail URL: https://www.google.com/maps/place/La+Casa+del+Tomahawk/@-2.1684545,-79.9245565,12z/data=!4m10!1m2!2m1!1sLa+Casa+del+TomaHawk!3m6!1s0x902d6d4de8ed298d:0x48d3331a35e70a89!8m2!3d-2.142207!4d-79.9036767!15sChRMYSBDYXNhIGRlbCBUb21hSGF3ayIDiAEBWhYiFGxhIGNhc2EgZGVsIHRvbWFoYXdrkgEKcmVzdGF1cmFudOABAA!16s%2Fg%2F11g73597ns?entry=ttu&g_ep=EgoyMDI2MDgwNS4xIKXMDSoASAFQAw%3D%3D","5",,"Av. Francisco de Orellana","false","Excelente lugar",,"La Casa del Tomahawk","4.3",,"https://www.google.com/maps/search/?api=1&query=La%20Casa%20del%20Tomahawk&query_place_id=ChIJjSnt6E1tLZARiQrnNRoz00g",
"Av. Francisco de Orellana, 090508 Guayaquil, Ecuador","Restaurante","Restaurante","5247594178483260041","Guayaquil","EC","0x902d6d4de8ed298d:0x48d3331a35e70a89",,"https://lh3.googleusercontent.com/gps-cs-s/AHRPTWlKtARv4uZa_c0E1ciQrsvkVWlAt0OWnqG49SXXKn1JlecdPQYXZPK_TxCCl87SigA3GX2PU04pnOiGW41Pbav9OeLEW4TIc3Cj6awxMxvlp60hmHuReYtoJRuWyBWhvz5q8lLz2Q=w408-h272-k-no","false","false","/g/11g73597ns","es-419","0","-2.142207","-79.9036767",,"Alborada Oeste",,"false","ChIJjSnt6E1tLZARiQrnNRoz00g",,"$10-25","Hace 9 meses","2025-10-11T22:51:45.985Z",,"2025-10-12T00:52:29.000Z","Thank you for your fantastic review, Miguel! We're thrilled to hear you had such a positive experience with us. Your support means a lot to our team, and we look forward to serving you again soon!",,,,,"Ningún evento especial",,,,,,"$15-20",,,"Apto para grupos de todos los tamaños","De 10 a 30 min",,,,"5","5","5","Ci9DQUlRQUNvZENodHljRjlvT21aUFluRTRTRXh6YUhKR2FGVndaVEpSZEhKSmEzYxAB",,,,,,,,,"Google",,,"2",,,"3594","2026-08-08T17:27:42.403Z","Direct Detail URL: https://www.google.com/maps/place/La+Casa+del+Tomahawk/@-2.1684545,-79.9245565,12z/data=!4m10!1m2!2m1!1sLa+Casa+del+TomaHawk!3m6!1s0x902d6d4de8ed298d:0x48d3331a35e70a89!8m2!3d-2.142207!4d-79.9036767!15sChRMYSBDYXNhIGRlbCBUb21hSGF3ayIDiAEBWhYiFGxhIGNhc2EgZGVsIHRvbWFoYXdrkgEKcmVzdGF1cmFudOABAA!16s%2Fg%2F11g73597ns?entry=ttu&g_ep=EgoyMDI2MDgwNS4xIKXMDSoASAFQAw%3D%3D","5",,"Av. Francisco de Orellana","false",,,"La Casa del Tomahawk","4.3",,"https://www.google.com/maps/search/?api=1&query=La%20Casa%20del%20Tomahawk&query_place_id=ChIJjSnt6E1tLZARiQrnNRoz00g",
"Av. Francisco de Orellana, 090508 Guayaquil, Ecuador","Restaurante","Restaurante","5247594178483260041","Guayaquil","EC","0x902d6d4de8ed298d:0x48d3331a35e70a89",,"https://lh3.googleusercontent.com/gps-cs-s/AHRPTWlKtARv4uZa_c0E1ciQrsvkVWlAt0OWnqG49SXXKn1JlecdPQYXZPK_TxCCl87SigA3GX2PU04pnOiGW41Pbav9OeLEW4TIc3Cj6awxMxvlp60hmHuReYtoJRuWyBWhvz5q8lLz2Q=w408-h272-k-no","false","false","/g/11g73597ns","es-419","0","-2.142207","-79.9036767",,"Alborada Oeste","es","false","ChIJjSnt6E1tLZARiQrnNRoz00g",,"$10-25","Hace 9 meses","2025-10-10T23:23:27.141Z",,"2025-10-11T01:24:12.000Z","Thank you for your positive feedback! We're thrilled to hear that you had a great experience with us. Your support means a lot to our team, and we look forward to serving you again soon.","Claro","Genial",,,"Noches temáticas",,,,,,"$20-25",,,"2 personas",,,,,"5","5","5","Ci9DQUlRQUNvZENodHljRjlvT205TVNqZDROVzFyWWpoaE4zQm1SR2xsWmpWSWEzYxAB","https://lh3.googleusercontent.com/grass-cs/ACvplmM9vQSQ5ke99D_vMCimLqfgu55YWeA9rdWpO638dh0hjX-qp6Q84UZNdc0ppyh8ng4THb0xhzCtG6E97Hc6HsBDtOwheFiwOQhLZO__klUU8hCDId4LnkMkbDNQb7kz8BEqAWccjk0rbS6y=k-no",,,,,,,,"Google",,,"0",,,"3594","2026-08-08T17:27:42.403Z","Direct Detail URL: https://www.google.com/maps/place/La+Casa+del+Tomahawk/@-2.1684545,-79.9245565,12z/data=!4m10!1m2!2m1!1sLa+Casa+del+TomaHawk!3m6!1s0x902d6d4de8ed298d:0x48d3331a35e70a89!8m2!3d-2.142207!4d-79.9036767!15sChRMYSBDYXNhIGRlbCBUb21hSGF3ayIDiAEBWhYiFGxhIGNhc2EgZGVsIHRvbWFoYXdrkgEKcmVzdGF1cmFudOABAA!16s%2Fg%2F11g73597ns?entry=ttu&g_ep=EgoyMDI2MDgwNS4xIKXMDSoASAFQAw%3D%3D","5",,"Av. Francisco de Orellana","false",,,"La Casa del Tomahawk","4.3",,"https://www.google.com/maps/search/?api=1&query=La%20Casa%20del%20Tomahawk&query_place_id=ChIJjSnt6E1tLZARiQrnNRoz00g",
"Av. Francisco de Orellana, 090508 Guayaquil, Ecuador","Restaurante","Restaurante","5247594178483260041","Guayaquil","EC","0x902d6d4de8ed298d:0x48d3331a35e70a89",,"https://lh3.googleusercontent.com/gps-cs-s/AHRPTWlKtARv4uZa_c0E1ciQrsvkVWlAt0OWnqG49SXXKn1JlecdPQYXZPK_TxCCl87SigA3GX2PU04pnOiGW41Pbav9OeLEW4TIc3Cj6awxMxvlp60hmHuReYtoJRuWyBWhvz5q8lLz2Q=w408-h272-k-no","false","false","/g/11g73597ns","es-419","0","-2.142207","-79.9036767",,"Alborada Oeste",,"false","ChIJjSnt6E1tLZARiQrnNRoz00g",,"$10-25","Editado Hace 9 meses","2025-10-10T23:17:01.733Z",,,,,,,,,,,,,,,,,,,,,,,,,"ChZDSUhNMG9nS0VJQ0FnSURJcjd2M2V3EAE",,,,,,,,,"Google",,,"7",,,"3594","2026-08-08T17:27:42.403Z","Direct Detail URL: https://www.google.com/maps/place/La+Casa+del+Tomahawk/@-2.1684545,-79.9245565,12z/data=!4m10!1m2!2m1!1sLa+Casa+del+TomaHawk!3m6!1s0x902d6d4de8ed298d:0x48d3331a35e70a89!8m2!3d-2.142207!4d-79.9036767!15sChRMYSBDYXNhIGRlbCBUb21hSGF3ayIDiAEBWhYiFGxhIGNhc2EgZGVsIHRvbWFoYXdrkgEKcmVzdGF1cmFudOABAA!16s%2Fg%2F11g73597ns?entry=ttu&g_ep=EgoyMDI2MDgwNS4xIKXMDSoASAFQAw%3D%3D","5",,"Av. Francisco de Orellana","false",,,"La Casa del Tomahawk","4.3",,"https://www.google.com/maps/search/?api=1&query=La%20Casa%20del%20Tomahawk&query_place_id=ChIJjSnt6E1tLZARiQrnNRoz00g",
"Av. Francisco de Orellana, 090508 Guayaquil, Ecuador","Restaurante","Restaurante","5247594178483260041","Guayaquil","EC","0x902d6d4de8ed298d:0x48d3331a35e70a89",,"https://lh3.googleusercontent.com/gps-cs-s/AHRPTWlKtARv4uZa_c0E1ciQrsvkVWlAt0OWnqG49SXXKn1JlecdPQYXZPK_TxCCl87SigA3GX2PU04pnOiGW41Pbav9OeLEW4TIc3Cj6awxMxvlp60hmHuReYtoJRuWyBWhvz5q8lLz2Q=w408-h272-k-no","false","false","/g/11g73597ns","es-419","0","-2.142207","-79.9036767",,"Alborada Oeste","mt","false","ChIJjSnt6E1tLZARiQrnNRoz00g",,"$10-25","Hace 9 meses","2025-10-10T03:13:27.975Z",,,,"Jjjjkk","Jjjjk","Vas a tardar en estacionar","Jjjj","Evento de temporada o de festividades",,,"Estacionamiento pagado",,"Jjj","$15-20",,"Jjjjk","Entre 5 y 8 personas","Hasta 10 min",,,,"5","5","5","Ci9DQUlRQUNvZENodHljRjlvT25CUFRuZzBhbkZXU1ROc05rVlpkV2M0VFRSRk5rRRAB",,,,,,,,,"Google",,,"0",,,"3594","2026-08-08T17:27:42.403Z","Direct Detail URL: https://www.google.com/maps/place/La+Casa+del+Tomahawk/@-2.1684545,-79.9245565,12z/data=!4m10!1m2!2m1!1sLa+Casa+del+TomaHawk!3m6!1s0x902d6d4de8ed298d:0x48d3331a35e70a89!8m2!3d-2.142207!4d-79.9036767!15sChRMYSBDYXNhIGRlbCBUb21hSGF3ayIDiAEBWhYiFGxhIGNhc2EgZGVsIHRvbWFoYXdrkgEKcmVzdGF1cmFudOABAA!16s%2Fg%2F11g73597ns?entry=ttu&g_ep=EgoyMDI2MDgwNS4xIKXMDSoASAFQAw%3D%3D","5",,"Av. Francisco de Orellana","false",,,"La Casa del Tomahawk","4.3","es","https://www.google.com/maps/search/?api=1&query=La%20Casa%20del%20Tomahawk&query_place_id=ChIJjSnt6E1tLZARiQrnNRoz00g",
"Av. Francisco de Orellana, 090508 Guayaquil, Ecuador","Restaurante","Restaurante","5247594178483260041","Guayaquil","EC","0x902d6d4de8ed298d:0x48d3331a35e70a89",,"https://lh3.googleusercontent.com/gps-cs-s/AHRPTWlKtARv4uZa_c0E1ciQrsvkVWlAt0OWnqG49SXXKn1JlecdPQYXZPK_TxCCl87SigA3GX2PU04pnOiGW41Pbav9OeLEW4TIc3Cj6awxMxvlp60hmHuReYtoJRuWyBWhvz5q8lLz2Q=w408-h272-k-no","false","false","/g/11g73597ns","es-419","0","-2.142207","-79.9036767",,"Alborada Oeste",,"false","ChIJjSnt6E1tLZARiQrnNRoz00g",,"$10-25","Hace 9 meses","2025-10-10T03:12:49.961Z",,,,,,,,"Evento de temporada o de festividades",,,,,,"$10-15",,,"2 personas","De 10 a 30 min",,,,"5","5","5","Ci9DQUlRQUNvZENodHljRjlvT25SVmFURlNjVlptVWxwSGFUZzRlRVIzWkRKMk1rRRAB",,,,,,,,,"Google",,,"0",,,"3594","2026-08-08T17:27:42.403Z","Direct Detail URL: https://www.google.com/maps/place/La+Casa+del+Tomahawk/@-2.1684545,-79.9245565,12z/data=!4m10!1m2!2m1!1sLa+Casa+del+TomaHawk!3m6!1s0x902d6d4de8ed298d:0x48d3331a35e70a89!8m2!3d-2.142207!4d-79.9036767!15sChRMYSBDYXNhIGRlbCBUb21hSGF3ayIDiAEBWhYiFGxhIGNhc2EgZGVsIHRvbWFoYXdrkgEKcmVzdGF1cmFudOABAA!16s%2Fg%2F11g73597ns?entry=ttu&g_ep=EgoyMDI2MDgwNS4xIKXMDSoASAFQAw%3D%3D","5",,"Av. Francisco de Orellana","false",,,"La Casa del Tomahawk","4.3",,"https://www.google.com/maps/search/?api=1&query=La%20Casa%20del%20Tomahawk&query_place_id=ChIJjSnt6E1tLZARiQrnNRoz00g",
"Av. Francisco de Orellana, 090508 Guayaquil, Ecuador","Restaurante","Restaurante","5247594178483260041","Guayaquil","EC","0x902d6d4de8ed298d:0x48d3331a35e70a89",,"https://lh3.googleusercontent.com/gps-cs-s/AHRPTWlKtARv4uZa_c0E1ciQrsvkVWlAt0OWnqG49SXXKn1JlecdPQYXZPK_TxCCl87SigA3GX2PU04pnOiGW41Pbav9OeLEW4TIc3Cj6awxMxvlp60hmHuReYtoJRuWyBWhvz5q8lLz2Q=w408-h272-k-no","false","false","/g/11g73597ns","es-419","0","-2.142207","-79.9036767",,"Alborada Oeste","es","false","ChIJjSnt6E1tLZARiQrnNRoz00g",,"$10-25","Hace 9 meses","2025-10-10T03:01:14.346Z",,"2025-10-10T05:02:02.000Z","¡Gracias por tu excelente reseña, Carlos! Nos alegra mucho saber que tuvo una buena experiencia. Apreciamos tu recomendación y esperamos verte de nuevo pronto.",,"Si aceptan niños","Es un poco difícil encontrar estacionamiento","No","Evento de temporada o de festividades",,,"Estacionamiento gratuito en la calle",,"Si, muy buena","$35-40",,"Exelente","Entre 5 y 8 personas","Hasta 10 min",,,,"5","5","5","Ci9DQUlRQUNvZENodHljRjlvT21rNFV6SnhVRkJVYUZkV2JsaFVVR3RuVTFWaGFuYxAB","https://lh3.googleusercontent.com/grass-cs/ACvplmP70wh7uX5d06CJOHL27B1StAWcXWCXI1uU-vnbZXa79FIBQ0s5eMYRyGA_otTHU34empt6CAKPGKpXt2D-fpJ51l0TnOyCwJD3vxe4pK0cYrnH7jcchK0vw3rPhNFAts1y_6-1-HRdXvhx=k-no",,,,,,,,"Google",,,"5",,,"3594","2026-08-08T17:27:42.403Z","Direct Detail URL: https://www.google.com/maps/place/La+Casa+del+Tomahawk/@-2.1684545,-79.9245565,12z/data=!4m10!1m2!2m1!1sLa+Casa+del+TomaHawk!3m6!1s0x902d6d4de8ed298d:0x48d3331a35e70a89!8m2!3d-2.142207!4d-79.9036767!15sChRMYSBDYXNhIGRlbCBUb21hSGF3ayIDiAEBWhYiFGxhIGNhc2EgZGVsIHRvbWFoYXdrkgEKcmVzdGF1cmFudOABAA!16s%2Fg%2F11g73597ns?entry=ttu&g_ep=EgoyMDI2MDgwNS4xIKXMDSoASAFQAw%3D%3D","5",,"Av. Francisco de Orellana","false","Muy buena, recomendadisimo",,"La Casa del Tomahawk","4.3",,"https://www.google.com/maps/search/?api=1&query=La%20Casa%20del%20Tomahawk&query_place_id=ChIJjSnt6E1tLZARiQrnNRoz00g",
"Av. Francisco de Orellana, 090508 Guayaquil, Ecuador","Restaurante","Restaurante","5247594178483260041","Guayaquil","EC","0x902d6d4de8ed298d:0x48d3331a35e70a89",,"https://lh3.googleusercontent.com/gps-cs-s/AHRPTWlKtARv4uZa_c0E1ciQrsvkVWlAt0OWnqG49SXXKn1JlecdPQYXZPK_TxCCl87SigA3GX2PU04pnOiGW41Pbav9OeLEW4TIc3Cj6awxMxvlp60hmHuReYtoJRuWyBWhvz5q8lLz2Q=w408-h272-k-no","false","false","/g/11g73597ns","es-419","0","-2.142207","-79.9036767",,"Alborada Oeste","es","false","ChIJjSnt6E1tLZARiQrnNRoz00g",,"$10-25","Hace 9 meses","2025-10-10T02:00:47.633Z",,,,,,,,"Evento de temporada o de festividades",,,,,,"$1-5",,,"Entre 5 y 8 personas","De 10 a 30 min",,,,"5","5","5","Ci9DQUlRQUNvZENodHljRjlvT2tsMk5UWjJURmhtVlV3NFdDMTNWMHhUUmw5TmEzYxAB",,,,,,,,,"Google",,,"1",,,"3594","2026-08-08T17:27:42.403Z","Direct Detail URL: https://www.google.com/maps/place/La+Casa+del+Tomahawk/@-2.1684545,-79.9245565,12z/data=!4m10!1m2!2m1!1sLa+Casa+del+TomaHawk!3m6!1s0x902d6d4de8ed298d:0x48d3331a35e70a89!8m2!3d-2.142207!4d-79.9036767!15sChRMYSBDYXNhIGRlbCBUb21hSGF3ayIDiAEBWhYiFGxhIGNhc2EgZGVsIHRvbWFoYXdrkgEKcmVzdGF1cmFudOABAA!16s%2Fg%2F11g73597ns?entry=ttu&g_ep=EgoyMDI2MDgwNS4xIKXMDSoASAFQAw%3D%3D","5",,"Av. Francisco de Orellana","false","Muy buen lugar y buenas promos",,"La Casa del Tomahawk","4.3",,"https://www.google.com/maps/search/?api=1&query=La%20Casa%20del%20Tomahawk&query_place_id=ChIJjSnt6E1tLZARiQrnNRoz00g",
"Av. Francisco de Orellana, 090508 Guayaquil, Ecuador","Restaurante","Restaurante","5247594178483260041","Guayaquil","EC","0x902d6d4de8ed298d:0x48d3331a35e70a89",,"https://lh3.googleusercontent.com/gps-cs-s/AHRPTWlKtARv4uZa_c0E1ciQrsvkVWlAt0OWnqG49SXXKn1JlecdPQYXZPK_TxCCl87SigA3GX2PU04pnOiGW41Pbav9OeLEW4TIc3Cj6awxMxvlp60hmHuReYtoJRuWyBWhvz5q8lLz2Q=w408-h272-k-no","false","false","/g/11g73597ns","es-419","0","-2.142207","-79.9036767",,"Alborada Oeste",,"false","ChIJjSnt6E1tLZARiQrnNRoz00g",,"$10-25","Editado Hace 9 meses","2025-10-10T01:54:27.937Z",,"2025-09-25T00:11:23.000Z","Thank you for your wonderful review, Tahis! We’re thrilled to hear that you had a great experience with us. Your support means a lot, and we look forward to serving you again soon.",,,,,"Ningún evento especial",,,,,,"$15-20",,,"Más de 9 personas","Sin espera",,,,"5","5","5","Ci9DQUlRQUNvZENodHljRjlvT2xkTVdYcFFSREZyU3pCaU5HRlhPRGN0VXpWeFpVRRAB",,,,,,,,,"Google",,,"0",,,"3594","2026-08-08T17:27:42.403Z","Direct Detail URL: https://www.google.com/maps/place/La+Casa+del+Tomahawk/@-2.1684545,-79.9245565,12z/data=!4m10!1m2!2m1!1sLa+Casa+del+TomaHawk!3m6!1s0x902d6d4de8ed298d:0x48d3331a35e70a89!8m2!3d-2.142207!4d-79.9036767!15sChRMYSBDYXNhIGRlbCBUb21hSGF3ayIDiAEBWhYiFGxhIGNhc2EgZGVsIHRvbWFoYXdrkgEKcmVzdGF1cmFudOABAA!16s%2Fg%2F11g73597ns?entry=ttu&g_ep=EgoyMDI2MDgwNS4xIKXMDSoASAFQAw%3D%3D","5",,"Av. Francisco de Orellana","false",,,"La Casa del Tomahawk","4.3",,"https://www.google.com/maps/search/?api=1&query=La%20Casa%20del%20Tomahawk&query_place_id=ChIJjSnt6E1tLZARiQrnNRoz00g",
"Av. Francisco de Orellana, 090508 Guayaquil, Ecuador","Restaurante","Restaurante","5247594178483260041","Guayaquil","EC","0x902d6d4de8ed298d:0x48d3331a35e70a89",,"https://lh3.googleusercontent.com/gps-cs-s/AHRPTWlKtARv4uZa_c0E1ciQrsvkVWlAt0OWnqG49SXXKn1JlecdPQYXZPK_TxCCl87SigA3GX2PU04pnOiGW41Pbav9OeLEW4TIc3Cj6awxMxvlp60hmHuReYtoJRuWyBWhvz5q8lLz2Q=w408-h272-k-no","false","false","/g/11g73597ns","es-419","0","-2.142207","-79.9036767",,"Alborada Oeste",,"false","ChIJjSnt6E1tLZARiQrnNRoz00g",,"$10-25","Hace 9 meses","2025-10-10T00:45:50.615Z",,,,,,"Vas a tardar en estacionar",,"Ningún evento especial",,,"Estacionamiento gratuito en la calle",,,"$5-10",,,"Apto para grupos de todos los tamaños","Sin espera",,,,"4","5","5","Ci9DQUlRQUNvZENodHljRjlvT2pRNWJGSTNTRXB0TUZJd1drcHZVaTF1TWtGMFVXYxAB",,,,,,,,,"Google",,,"8",,,"3594","2026-08-08T17:27:42.403Z","Direct Detail URL: https://www.google.com/maps/place/La+Casa+del+Tomahawk/@-2.1684545,-79.9245565,12z/data=!4m10!1m2!2m1!1sLa+Casa+del+TomaHawk!3m6!1s0x902d6d4de8ed298d:0x48d3331a35e70a89!8m2!3d-2.142207!4d-79.9036767!15sChRMYSBDYXNhIGRlbCBUb21hSGF3ayIDiAEBWhYiFGxhIGNhc2EgZGVsIHRvbWFoYXdrkgEKcmVzdGF1cmFudOABAA!16s%2Fg%2F11g73597ns?entry=ttu&g_ep=EgoyMDI2MDgwNS4xIKXMDSoASAFQAw%3D%3D","5",,"Av. Francisco de Orellana","false",,,"La Casa del Tomahawk","4.3",,"https://www.google.com/maps/search/?api=1&query=La%20Casa%20del%20Tomahawk&query_place_id=ChIJjSnt6E1tLZARiQrnNRoz00g",
"Av. Francisco de Orellana, 090508 Guayaquil, Ecuador","Restaurante","Restaurante","5247594178483260041","Guayaquil","EC","0x902d6d4de8ed298d:0x48d3331a35e70a89",,"https://lh3.googleusercontent.com/gps-cs-s/AHRPTWlKtARv4uZa_c0E1ciQrsvkVWlAt0OWnqG49SXXKn1JlecdPQYXZPK_TxCCl87SigA3GX2PU04pnOiGW41Pbav9OeLEW4TIc3Cj6awxMxvlp60hmHuReYtoJRuWyBWhvz5q8lLz2Q=w408-h272-k-no","false","false","/g/11g73597ns","es-419","0","-2.142207","-79.9036767",,"Alborada Oeste",,"false","ChIJjSnt6E1tLZARiQrnNRoz00g",,"$10-25","Hace 9 meses","2025-10-10T00:08:12.193Z",,,,,,,,"Música en vivo",,,,,,"$10-15",,,"Entre 5 y 8 personas","Hasta 10 min",,,,"4","4","5","Ci9DQUlRQUNvZENodHljRjlvT21KYWJucFlTa2hSUVY4M09GTk1lVWt3YkV4dllVRRAB",,,,,,,,,"Google",,,"0",,,"3594","2026-08-08T17:27:42.403Z","Direct Detail URL: https://www.google.com/maps/place/La+Casa+del+Tomahawk/@-2.1684545,-79.9245565,12z/data=!4m10!1m2!2m1!1sLa+Casa+del+TomaHawk!3m6!1s0x902d6d4de8ed298d:0x48d3331a35e70a89!8m2!3d-2.142207!4d-79.9036767!15sChRMYSBDYXNhIGRlbCBUb21hSGF3ayIDiAEBWhYiFGxhIGNhc2EgZGVsIHRvbWFoYXdrkgEKcmVzdGF1cmFudOABAA!16s%2Fg%2F11g73597ns?entry=ttu&g_ep=EgoyMDI2MDgwNS4xIKXMDSoASAFQAw%3D%3D","4",,"Av. Francisco de Orellana","false",,,"La Casa del Tomahawk","4.3",,"https://www.google.com/maps/search/?api=1&query=La%20Casa%20del%20Tomahawk&query_place_id=ChIJjSnt6E1tLZARiQrnNRoz00g",
"Av. Francisco de Orellana, 090508 Guayaquil, Ecuador","Restaurante","Restaurante","5247594178483260041","Guayaquil","EC","0x902d6d4de8ed298d:0x48d3331a35e70a89",,"https://lh3.googleusercontent.com/gps-cs-s/AHRPTWlKtARv4uZa_c0E1ciQrsvkVWlAt0OWnqG49SXXKn1JlecdPQYXZPK_TxCCl87SigA3GX2PU04pnOiGW41Pbav9OeLEW4TIc3Cj6awxMxvlp60hmHuReYtoJRuWyBWhvz5q8lLz2Q=w408-h272-k-no","false","false","/g/11g73597ns","es-419","0","-2.142207","-79.9036767",,"Alborada Oeste","es","false","ChIJjSnt6E1tLZARiQrnNRoz00g",,"$10-25","Hace 9 meses","2025-10-09T23:48:50.107Z",,"2025-10-09T02:16:28.000Z","Agradecemos tu comentario y valoramos tu opinión sobre el sabor y el precio. Siempre estamos buscando maneras de mejorar y ofrecer el mejor valor posible a nuestros clientes. Esperamos tener la oportunidad de servirte nuevamente y ofrecerte una experiencia aún mejor.",,,,,"No lo sé",,,,,,"$10-15",,,"Entre 5 y 8 personas","Hasta 10 min",,,,"4","4","4","Ci9DQUlRQUNvZENodHljRjlvT2t4RVkxaGZjV1JZZVVOSmVrZEZOMGR6UVhCYVFuYxAB",,,,,,,,,"Google",,,"1",,,"3594","2026-08-08T17:27:42.403Z","Direct Detail URL: https://www.google.com/maps/place/La+Casa+del+Tomahawk/@-2.1684545,-79.9245565,12z/data=!4m10!1m2!2m1!1sLa+Casa+del+TomaHawk!3m6!1s0x902d6d4de8ed298d:0x48d3331a35e70a89!8m2!3d-2.142207!4d-79.9036767!15sChRMYSBDYXNhIGRlbCBUb21hSGF3ayIDiAEBWhYiFGxhIGNhc2EgZGVsIHRvbWFoYXdrkgEKcmVzdGF1cmFudOABAA!16s%2Fg%2F11g73597ns?entry=ttu&g_ep=EgoyMDI2MDgwNS4xIKXMDSoASAFQAw%3D%3D","4",,"Av. Francisco de Orellana","false","El sabor a variado no justifica el presio",,"La Casa del Tomahawk","4.3",,"https://www.google.com/maps/search/?api=1&query=La%20Casa%20del%20Tomahawk&query_place_id=ChIJjSnt6E1tLZARiQrnNRoz00g",
"Av. Francisco de Orellana, 090508 Guayaquil, Ecuador","Restaurante","Restaurante","5247594178483260041","Guayaquil","EC","0x902d6d4de8ed298d:0x48d3331a35e70a89",,"https://lh3.googleusercontent.com/gps-cs-s/AHRPTWlKtARv4uZa_c0E1ciQrsvkVWlAt0OWnqG49SXXKn1JlecdPQYXZPK_TxCCl87SigA3GX2PU04pnOiGW41Pbav9OeLEW4TIc3Cj6awxMxvlp60hmHuReYtoJRuWyBWhvz5q8lLz2Q=w408-h272-k-no","false","false","/g/11g73597ns","es-419","0","-2.142207","-79.9036767",,"Alborada Oeste",,"false","ChIJjSnt6E1tLZARiQrnNRoz00g",,"$10-25","Hace 9 meses","2025-10-09T21:50:45.043Z",,,,,,,,"Noches temáticas",,,,,,"$25-30",,,"3 o 4 personas","Hasta 10 min",,,,"5","5","5","Ci9DQUlRQUNvZENodHljRjlvT25sd2JtOURiblU1Y1RkQldUbENTekJGVFhoSlJXYxAB",,,,,,,,,"Google",,,"0",,,"3594","2026-08-08T17:27:42.403Z","Direct Detail URL: https://www.google.com/maps/place/La+Casa+del+Tomahawk/@-2.1684545,-79.9245565,12z/data=!4m10!1m2!2m1!1sLa+Casa+del+TomaHawk!3m6!1s0x902d6d4de8ed298d:0x48d3331a35e70a89!8m2!3d-2.142207!4d-79.9036767!15sChRMYSBDYXNhIGRlbCBUb21hSGF3ayIDiAEBWhYiFGxhIGNhc2EgZGVsIHRvbWFoYXdrkgEKcmVzdGF1cmFudOABAA!16s%2Fg%2F11g73597ns?entry=ttu&g_ep=EgoyMDI2MDgwNS4xIKXMDSoASAFQAw%3D%3D","5",,"Av. Francisco de Orellana","false",,,"La Casa del Tomahawk","4.3",,"https://www.google.com/maps/search/?api=1&query=La%20Casa%20del%20Tomahawk&query_place_id=ChIJjSnt6E1tLZARiQrnNRoz00g",
"Av. Francisco de Orellana, 090508 Guayaquil, Ecuador","Restaurante","Restaurante","5247594178483260041","Guayaquil","EC","0x902d6d4de8ed298d:0x48d3331a35e70a89",,"https://lh3.googleusercontent.com/gps-cs-s/AHRPTWlKtARv4uZa_c0E1ciQrsvkVWlAt0OWnqG49SXXKn1JlecdPQYXZPK_TxCCl87SigA3GX2PU04pnOiGW41Pbav9OeLEW4TIc3Cj6awxMxvlp60hmHuReYtoJRuWyBWhvz5q8lLz2Q=w408-h272-k-no","false","false","/g/11g73597ns","es-419","0","-2.142207","-79.9036767",,"Alborada Oeste","es","false","ChIJjSnt6E1tLZARiQrnNRoz00g",,"$10-25","Hace 9 meses","2025-10-09T20:17:12.863Z",,"2025-10-09T22:17:47.000Z","Gracias por tus amables palabras. Nos alegra saber que encontraste todo muy limpio. Trabajamos duro para mantener nuestros estándares de limpieza. ¡Esperamos verte de nuevo pronto!","Si, cuenta con espacio de silla de rueda","Variada","Es un poco difícil encontrar estacionamiento","Buena ubicación","Ningún evento especial",,,"Estacionamiento pagado en la calle",,,"$10-15",,,"Entre 5 y 8 personas","Hasta 10 min",,,,"5","5","5","Ci9DQUlRQUNvZENodHljRjlvT2tSRlZrNUZha3gxT1dsbVpHbFdaM1puZGpoek1IYxAB",,,,,,,,,"Google",,,"1",,,"3594","2026-08-08T17:27:42.403Z","Direct Detail URL: https://www.google.com/maps/place/La+Casa+del+Tomahawk/@-2.1684545,-79.9245565,12z/data=!4m10!1m2!2m1!1sLa+Casa+del+TomaHawk!3m6!1s0x902d6d4de8ed298d:0x48d3331a35e70a89!8m2!3d-2.142207!4d-79.9036767!15sChRMYSBDYXNhIGRlbCBUb21hSGF3ayIDiAEBWhYiFGxhIGNhc2EgZGVsIHRvbWFoYXdrkgEKcmVzdGF1cmFudOABAA!16s%2Fg%2F11g73597ns?entry=ttu&g_ep=EgoyMDI2MDgwNS4xIKXMDSoASAFQAw%3D%3D","5",,"Av. Francisco de Orellana","false","Todo muy limpio",,"La Casa del Tomahawk","4.3",,"https://www.google.com/maps/search/?api=1&query=La%20Casa%20del%20Tomahawk&query_place_id=ChIJjSnt6E1tLZARiQrnNRoz00g",
"Av. Francisco de Orellana, 090508 Guayaquil, Ecuador","Restaurante","Restaurante","5247594178483260041","Guayaquil","EC","0x902d6d4de8ed298d:0x48d3331a35e70a89",,"https://lh3.googleusercontent.com/gps-cs-s/AHRPTWlKtARv4uZa_c0E1ciQrsvkVWlAt0OWnqG49SXXKn1JlecdPQYXZPK_TxCCl87SigA3GX2PU04pnOiGW41Pbav9OeLEW4TIc3Cj6awxMxvlp60hmHuReYtoJRuWyBWhvz5q8lLz2Q=w408-h272-k-no","false","false","/g/11g73597ns","es-419","0","-2.142207","-79.9036767",,"Alborada Oeste","es","false","ChIJjSnt6E1tLZARiQrnNRoz00g",,"$10-25","Hace 9 meses","2025-10-09T02:44:46.211Z",,,,,,,,"Ningún evento especial",,,,,,"$10-15",,,"Entre 5 y 8 personas","Sin espera",,,,"5","5","5","Ci9DQUlRQUNvZENodHljRjlvT2pGUU5saDRMVEZSWldWNWFYQkZka0pTTFVWYVpYYxAB",,,,,,,,,"Google",,,"2",,,"3594","2026-08-08T17:27:42.403Z","Direct Detail URL: https://www.google.com/maps/place/La+Casa+del+Tomahawk/@-2.1684545,-79.9245565,12z/data=!4m10!1m2!2m1!1sLa+Casa+del+TomaHawk!3m6!1s0x902d6d4de8ed298d:0x48d3331a35e70a89!8m2!3d-2.142207!4d-79.9036767!15sChRMYSBDYXNhIGRlbCBUb21hSGF3ayIDiAEBWhYiFGxhIGNhc2EgZGVsIHRvbWFoYXdrkgEKcmVzdGF1cmFudOABAA!16s%2Fg%2F11g73597ns?entry=ttu&g_ep=EgoyMDI2MDgwNS4xIKXMDSoASAFQAw%3D%3D","5",,"Av. Francisco de Orellana","false","Muy buena experiencia",,"La Casa del Tomahawk","4.3",,"https://www.google.com/maps/search/?api=1&query=La%20Casa%20del%20Tomahawk&query_place_id=ChIJjSnt6E1tLZARiQrnNRoz00g",
"Av. Francisco de Orellana, 090508 Guayaquil, Ecuador","Restaurante","Restaurante","5247594178483260041","Guayaquil","EC","0x902d6d4de8ed298d:0x48d3331a35e70a89",,"https://lh3.googleusercontent.com/gps-cs-s/AHRPTWlKtARv4uZa_c0E1ciQrsvkVWlAt0OWnqG49SXXKn1JlecdPQYXZPK_TxCCl87SigA3GX2PU04pnOiGW41Pbav9OeLEW4TIc3Cj6awxMxvlp60hmHuReYtoJRuWyBWhvz5q8lLz2Q=w408-h272-k-no","false","true","/g/11g73597ns","es-419","0","-2.142207","-79.9036767",,"Alborada Oeste","es","false","ChIJjSnt6E1tLZARiQrnNRoz00g",,"$10-25","Hace 9 meses","2025-10-09T02:05:07.412Z",,,,"Si","Si",,,"Ningún evento especial",,,,,,"$45-50",,,"Entre 5 y 8 personas","Sin espera",,,,"5","5","5","Ci9DQUlRQUNvZENodHljRjlvT210SVExSmtPRmhSY0hCclEycDJTMmxJZVZkWU9IYxAB",,,,,,,,,"Google",,,"70",,,"3594","2026-08-08T17:27:42.403Z","Direct Detail URL: https://www.google.com/maps/place/La+Casa+del+Tomahawk/@-2.1684545,-79.9245565,12z/data=!4m10!1m2!2m1!1sLa+Casa+del+TomaHawk!3m6!1s0x902d6d4de8ed298d:0x48d3331a35e70a89!8m2!3d-2.142207!4d-79.9036767!15sChRMYSBDYXNhIGRlbCBUb21hSGF3ayIDiAEBWhYiFGxhIGNhc2EgZGVsIHRvbWFoYXdrkgEKcmVzdGF1cmFudOABAA!16s%2Fg%2F11g73597ns?entry=ttu&g_ep=EgoyMDI2MDgwNS4xIKXMDSoASAFQAw%3D%3D","5",,"Av. Francisco de Orellana","false","Excelente",,"La Casa del Tomahawk","4.3",,"https://www.google.com/maps/search/?api=1&query=La%20Casa%20del%20Tomahawk&query_place_id=ChIJjSnt6E1tLZARiQrnNRoz00g",
"Av. Francisco de Orellana, 090508 Guayaquil, Ecuador","Restaurante","Restaurante","5247594178483260041","Guayaquil","EC","0x902d6d4de8ed298d:0x48d3331a35e70a89",,"https://lh3.googleusercontent.com/gps-cs-s/AHRPTWlKtARv4uZa_c0E1ciQrsvkVWlAt0OWnqG49SXXKn1JlecdPQYXZPK_TxCCl87SigA3GX2PU04pnOiGW41Pbav9OeLEW4TIc3Cj6awxMxvlp60hmHuReYtoJRuWyBWhvz5q8lLz2Q=w408-h272-k-no","false","false","/g/11g73597ns","es-419","0","-2.142207","-79.9036767",,"Alborada Oeste",,"false","ChIJjSnt6E1tLZARiQrnNRoz00g",,"$10-25","Hace 9 meses","2025-10-09T02:03:48.089Z",,,,,,,,"Ningún evento especial",,,,,,"$15-20",,,"3 o 4 personas","Sin espera",,,,"4","5","4","Ci9DQUlRQUNvZENodHljRjlvT2pkQ1l6QTRUbVZDZFVjdE4yMVVOWGx4YkZGV2VsRRAB",,,,,,,,,"Google",,,"1",,,"3594","2026-08-08T17:27:42.403Z","Direct Detail URL: https://www.google.com/maps/place/La+Casa+del+Tomahawk/@-2.1684545,-79.9245565,12z/data=!4m10!1m2!2m1!1sLa+Casa+del+TomaHawk!3m6!1s0x902d6d4de8ed298d:0x48d3331a35e70a89!8m2!3d-2.142207!4d-79.9036767!15sChRMYSBDYXNhIGRlbCBUb21hSGF3ayIDiAEBWhYiFGxhIGNhc2EgZGVsIHRvbWFoYXdrkgEKcmVzdGF1cmFudOABAA!16s%2Fg%2F11g73597ns?entry=ttu&g_ep=EgoyMDI2MDgwNS4xIKXMDSoASAFQAw%3D%3D","4",,"Av. Francisco de Orellana","false",,,"La Casa del Tomahawk","4.3",,"https://www.google.com/maps/search/?api=1&query=La%20Casa%20del%20Tomahawk&query_place_id=ChIJjSnt6E1tLZARiQrnNRoz00g",
"Av. Francisco de Orellana, 090508 Guayaquil, Ecuador","Restaurante","Restaurante","5247594178483260041","Guayaquil","EC","0x902d6d4de8ed298d:0x48d3331a35e70a89",,"https://lh3.googleusercontent.com/gps-cs-s/AHRPTWlKtARv4uZa_c0E1ciQrsvkVWlAt0OWnqG49SXXKn1JlecdPQYXZPK_TxCCl87SigA3GX2PU04pnOiGW41Pbav9OeLEW4TIc3Cj6awxMxvlp60hmHuReYtoJRuWyBWhvz5q8lLz2Q=w408-h272-k-no","false","false","/g/11g73597ns","es-419","0","-2.142207","-79.9036767",,"Alborada Oeste","es","false","ChIJjSnt6E1tLZARiQrnNRoz00g",,"$10-25","Hace 10 meses","2025-10-08T01:36:14.602Z",,,,,,,,"Evento de temporada o de festividades",,,,,,"$35-40",,,"Más de 9 personas","De 10 a 30 min",,,,"5","5","5","Ci9DQUlRQUNvZENodHljRjlvT2tWMU0xcGtRa3QyYlc5VFJWTTVhbU0yUmpkSk1GRRAB",,,,,,,,,"Google",,,"1",,,"3594","2026-08-08T17:27:42.403Z","Direct Detail URL: https://www.google.com/maps/place/La+Casa+del+Tomahawk/@-2.1684545,-79.9245565,12z/data=!4m10!1m2!2m1!1sLa+Casa+del+TomaHawk!3m6!1s0x902d6d4de8ed298d:0x48d3331a35e70a89!8m2!3d-2.142207!4d-79.9036767!15sChRMYSBDYXNhIGRlbCBUb21hSGF3ayIDiAEBWhYiFGxhIGNhc2EgZGVsIHRvbWFoYXdrkgEKcmVzdGF1cmFudOABAA!16s%2Fg%2F11g73597ns?entry=ttu&g_ep=EgoyMDI2MDgwNS4xIKXMDSoASAFQAw%3D%3D","5",,"Av. Francisco de Orellana","false","Excelente",,"La Casa del Tomahawk","4.3",,"https://www.google.com/maps/search/?api=1&query=La%20Casa%20del%20Tomahawk&query_place_id=ChIJjSnt6E1tLZARiQrnNRoz00g",
"Av. Francisco de Orellana, 090508 Guayaquil, Ecuador","Restaurante","Restaurante","5247594178483260041","Guayaquil","EC","0x902d6d4de8ed298d:0x48d3331a35e70a89",,"https://lh3.googleusercontent.com/gps-cs-s/AHRPTWlKtARv4uZa_c0E1ciQrsvkVWlAt0OWnqG49SXXKn1JlecdPQYXZPK_TxCCl87SigA3GX2PU04pnOiGW41Pbav9OeLEW4TIc3Cj6awxMxvlp60hmHuReYtoJRuWyBWhvz5q8lLz2Q=w408-h272-k-no","false","false","/g/11g73597ns","es-419","0","-2.142207","-79.9036767",,"Alborada Oeste",,"false","ChIJjSnt6E1tLZARiQrnNRoz00g",,"$10-25","Hace 10 meses","2025-10-07T22:40:40.730Z",,,,,,,,"No lo sé",,,,,,,,,"Apto para grupos de todos los tamaños","Sin espera",,,,"4",,"4","Ci9DQUlRQUNvZENodHljRjlvT2pCb056TjFNMll5YldGcVJFZ3dNVWhwVG01R01tYxAB",,,,,,,,,"Google",,,"0",,,"3594","2026-08-08T17:27:42.403Z","Direct Detail URL: https://www.google.com/maps/place/La+Casa+del+Tomahawk/@-2.1684545,-79.9245565,12z/data=!4m10!1m2!2m1!1sLa+Casa+del+TomaHawk!3m6!1s0x902d6d4de8ed298d:0x48d3331a35e70a89!8m2!3d-2.142207!4d-79.9036767!15sChRMYSBDYXNhIGRlbCBUb21hSGF3ayIDiAEBWhYiFGxhIGNhc2EgZGVsIHRvbWFoYXdrkgEKcmVzdGF1cmFudOABAA!16s%2Fg%2F11g73597ns?entry=ttu&g_ep=EgoyMDI2MDgwNS4xIKXMDSoASAFQAw%3D%3D","5",,"Av. Francisco de Orellana","false",,,"La Casa del Tomahawk","4.3",,"https://www.google.com/maps/search/?api=1&query=La%20Casa%20del%20Tomahawk&query_place_id=ChIJjSnt6E1tLZARiQrnNRoz00g",
"Av. Francisco de Orellana, 090508 Guayaquil, Ecuador","Restaurante","Restaurante","5247594178483260041","Guayaquil","EC","0x902d6d4de8ed298d:0x48d3331a35e70a89",,"https://lh3.googleusercontent.com/gps-cs-s/AHRPTWlKtARv4uZa_c0E1ciQrsvkVWlAt0OWnqG49SXXKn1JlecdPQYXZPK_TxCCl87SigA3GX2PU04pnOiGW41Pbav9OeLEW4TIc3Cj6awxMxvlp60hmHuReYtoJRuWyBWhvz5q8lLz2Q=w408-h272-k-no","false","false","/g/11g73597ns","es-419","0","-2.142207","-79.9036767",,"Alborada Oeste",,"false","ChIJjSnt6E1tLZARiQrnNRoz00g",,"$10-25","Hace 10 meses","2025-10-07T20:09:11.017Z",,"2025-10-07T22:09:50.000Z","Thank you for your fantastic review! We're thrilled to hear you had such a positive experience with us. Your support means a lot to our team, and we look forward to welcoming you back soon.",,,,,,,,,,,"$45-50",,,,,,,,"5","5","5","Ci9DQUlRQUNvZENodHljRjlvT2xSNWNGcHBVbFF4ZUVKblVIUTFNWFYwVlhoR2IzYxAB",,,,,,,,,"Google",,,"1",,,"3594","2026-08-08T17:27:42.403Z","Direct Detail URL: https://www.google.com/maps/place/La+Casa+del+Tomahawk/@-2.1684545,-79.9245565,12z/data=!4m10!1m2!2m1!1sLa+Casa+del+TomaHawk!3m6!1s0x902d6d4de8ed298d:0x48d3331a35e70a89!8m2!3d-2.142207!4d-79.9036767!15sChRMYSBDYXNhIGRlbCBUb21hSGF3ayIDiAEBWhYiFGxhIGNhc2EgZGVsIHRvbWFoYXdrkgEKcmVzdGF1cmFudOABAA!16s%2Fg%2F11g73597ns?entry=ttu&g_ep=EgoyMDI2MDgwNS4xIKXMDSoASAFQAw%3D%3D","5",,"Av. Francisco de Orellana","false",,,"La Casa del Tomahawk","4.3",,"https://www.google.com/maps/search/?api=1&query=La%20Casa%20del%20Tomahawk&query_place_id=ChIJjSnt6E1tLZARiQrnNRoz00g",
"Av. Francisco de Orellana, 090508 Guayaquil, Ecuador","Restaurante","Restaurante","5247594178483260041","Guayaquil","EC","0x902d6d4de8ed298d:0x48d3331a35e70a89",,"https://lh3.googleusercontent.com/gps-cs-s/AHRPTWlKtARv4uZa_c0E1ciQrsvkVWlAt0OWnqG49SXXKn1JlecdPQYXZPK_TxCCl87SigA3GX2PU04pnOiGW41Pbav9OeLEW4TIc3Cj6awxMxvlp60hmHuReYtoJRuWyBWhvz5q8lLz2Q=w408-h272-k-no","false","true","/g/11g73597ns","es-419","1","-2.142207","-79.9036767",,"Alborada Oeste",,"false","ChIJjSnt6E1tLZARiQrnNRoz00g",,"$10-25","Editado Hace 10 meses","2025-10-06T22:29:03.519Z",,"2024-01-29T16:08:19.000Z","Muchas gracias  🥳❤",,,,,,,,,,,,,,,,,,,,,,"ChZDSUhNMG9nS0VJQ0FnSUROaTl5dU53EAE",,,,,,,,,"Google",,,"8",,,"3594","2026-08-08T17:27:42.403Z","Direct Detail URL: https://www.google.com/maps/place/La+Casa+del+Tomahawk/@-2.1684545,-79.9245565,12z/data=!4m10!1m2!2m1!1sLa+Casa+del+TomaHawk!3m6!1s0x902d6d4de8ed298d:0x48d3331a35e70a89!8m2!3d-2.142207!4d-79.9036767!15sChRMYSBDYXNhIGRlbCBUb21hSGF3ayIDiAEBWhYiFGxhIGNhc2EgZGVsIHRvbWFoYXdrkgEKcmVzdGF1cmFudOABAA!16s%2Fg%2F11g73597ns?entry=ttu&g_ep=EgoyMDI2MDgwNS4xIKXMDSoASAFQAw%3D%3D","5",,"Av. Francisco de Orellana","false",,,"La Casa del Tomahawk","4.3",,"https://www.google.com/maps/search/?api=1&query=La%20Casa%20del%20Tomahawk&query_place_id=ChIJjSnt6E1tLZARiQrnNRoz00g",
"Av. Francisco de Orellana, 090508 Guayaquil, Ecuador","Restaurante","Restaurante","5247594178483260041","Guayaquil","EC","0x902d6d4de8ed298d:0x48d3331a35e70a89",,"https://lh3.googleusercontent.com/gps-cs-s/AHRPTWlKtARv4uZa_c0E1ciQrsvkVWlAt0OWnqG49SXXKn1JlecdPQYXZPK_TxCCl87SigA3GX2PU04pnOiGW41Pbav9OeLEW4TIc3Cj6awxMxvlp60hmHuReYtoJRuWyBWhvz5q8lLz2Q=w408-h272-k-no","false","true","/g/11g73597ns","es-419","0","-2.142207","-79.9036767",,"Alborada Oeste","es","false","ChIJjSnt6E1tLZARiQrnNRoz00g",,"$10-25","Hace 10 meses","2025-10-06T15:55:55.296Z",,"2025-10-06T17:56:55.000Z","Agradecemos tus comentarios sobre tu experiencia en nuestro restaurante. Nos alegra saber que disfrutaste de la comida y la velocidad de nuestro servicio. Sin embargo, lamentamos que tu primer encuentro con el mesero no haya sido el ideal. Tomaremos en cuenta tus observaciones para mejorar la atención al cliente. Esperamos verte de nuevo pronto.","No dispone de acceso para silla de ruedas","Si es adecuado","Hay suficiente espacio",,"Ningún evento especial",,,"Estacionamiento pagado en la calle",,"No disponen de platos vegetarianos","$10-15",,"No es un lugar para personas que realizan dieta","3 o 4 personas","De 10 a 30 min",,,,,,,"Ci9DQUlRQUNvZENodHljRjlvT21ReGJEVnZjREJ6Wkd0ZlFUTTBVRXc1WW1SV2RsRRAB","https://lh3.googleusercontent.com/grass-cs/ACvplmPSQCEJEHQ14skizOcqbTjuyNgDJLTX0AZEfAMfpntnLN1K9_13OI4jZMJK5wDHj-v4w-Ff0y1tG5p8Ip89BLpZZSLu7hoYS8_xtQFZqyfrdMJj3d3P0rKxjJzd1JasizbhIbyPPUH9FR6D=k-no",,,,,,,,"Google",,,"177",,,"3594","2026-08-08T17:27:42.403Z","Direct Detail URL: https://www.google.com/maps/place/La+Casa+del+Tomahawk/@-2.1684545,-79.9245565,12z/data=!4m10!1m2!2m1!1sLa+Casa+del+TomaHawk!3m6!1s0x902d6d4de8ed298d:0x48d3331a35e70a89!8m2!3d-2.142207!4d-79.9036767!15sChRMYSBDYXNhIGRlbCBUb21hSGF3ayIDiAEBWhYiFGxhIGNhc2EgZGVsIHRvbWFoYXdrkgEKcmVzdGF1cmFudOABAA!16s%2Fg%2F11g73597ns?entry=ttu&g_ep=EgoyMDI2MDgwNS4xIKXMDSoASAFQAw%3D%3D","4",,"Av. Francisco de Orellana","false","Fue un lugar muy bullicioso pero la comida es buena , la atención rápida aunque al principio el mesero fue descortés, las porciones de comida estuvieron deacuerdo con el costo.",,"La Casa del Tomahawk","4.3",,"https://www.google.com/maps/search/?api=1&query=La%20Casa%20del%20Tomahawk&query_place_id=ChIJjSnt6E1tLZARiQrnNRoz00g",
"Av. Francisco de Orellana, 090508 Guayaquil, Ecuador","Restaurante","Restaurante","5247594178483260041","Guayaquil","EC","0x902d6d4de8ed298d:0x48d3331a35e70a89",,"https://lh3.googleusercontent.com/gps-cs-s/AHRPTWlKtARv4uZa_c0E1ciQrsvkVWlAt0OWnqG49SXXKn1JlecdPQYXZPK_TxCCl87SigA3GX2PU04pnOiGW41Pbav9OeLEW4TIc3Cj6awxMxvlp60hmHuReYtoJRuWyBWhvz5q8lLz2Q=w408-h272-k-no","false","false","/g/11g73597ns","es-419","0","-2.142207","-79.9036767",,"Alborada Oeste",,"false","ChIJjSnt6E1tLZARiQrnNRoz00g",,"$10-25","Editado Hace 10 meses","2025-10-06T01:51:19.955Z",,,,,,,,,,,,,,,,,,,,,,"5","5","5","Ci9DQUlRQUNvZENodHljRjlvT2todGRVaFZhMnR4Tkc5Q1pVTkdZVTlZWm5SUVFsRRAB",,,,,,,,,"Google",,,"0",,,"3594","2026-08-08T17:27:42.403Z","Direct Detail URL: https://www.google.com/maps/place/La+Casa+del+Tomahawk/@-2.1684545,-79.9245565,12z/data=!4m10!1m2!2m1!1sLa+Casa+del+TomaHawk!3m6!1s0x902d6d4de8ed298d:0x48d3331a35e70a89!8m2!3d-2.142207!4d-79.9036767!15sChRMYSBDYXNhIGRlbCBUb21hSGF3ayIDiAEBWhYiFGxhIGNhc2EgZGVsIHRvbWFoYXdrkgEKcmVzdGF1cmFudOABAA!16s%2Fg%2F11g73597ns?entry=ttu&g_ep=EgoyMDI2MDgwNS4xIKXMDSoASAFQAw%3D%3D","5",,"Av. Francisco de Orellana","false",,,"La Casa del Tomahawk","4.3",,"https://www.google.com/maps/search/?api=1&query=La%20Casa%20del%20Tomahawk&query_place_id=ChIJjSnt6E1tLZARiQrnNRoz00g",
"Av. Francisco de Orellana, 090508 Guayaquil, Ecuador","Restaurante","Restaurante","5247594178483260041","Guayaquil","EC","0x902d6d4de8ed298d:0x48d3331a35e70a89",,"https://lh3.googleusercontent.com/gps-cs-s/AHRPTWlKtARv4uZa_c0E1ciQrsvkVWlAt0OWnqG49SXXKn1JlecdPQYXZPK_TxCCl87SigA3GX2PU04pnOiGW41Pbav9OeLEW4TIc3Cj6awxMxvlp60hmHuReYtoJRuWyBWhvz5q8lLz2Q=w408-h272-k-no","false","false","/g/11g73597ns","es-419","0","-2.142207","-79.9036767",,"Alborada Oeste","es","false","ChIJjSnt6E1tLZARiQrnNRoz00g",,"$10-25","Hace 10 meses","2025-10-05T22:55:01.720Z",,"2025-10-06T00:55:32.000Z","Gracias por tu comentario, Diana. Nos alegra saber que encontraste nuestro espacio cálido y acogedor. Siempre nos esforzamos por ofrecer un ambiente agradable para nuestros clientes. Te esperamos de nuevo pronto.","Muy accesible para personas con capacidades especiales buen espacio entre mesas para su circulacion",,,,"Ningún evento especial",,,,,,"$15-20",,,"Apto para grupos de todos los tamaños","Sin espera",,,,"5","5","5","Ci9DQUlRQUNvZENodHljRjlvT2s5bGFFUk1TVFl4TWxWUVprcHViVXcxTmtFMmVHYxAB",,,,,,,,,"Google",,,"1",,,"3594","2026-08-08T17:27:42.403Z","Direct Detail URL: https://www.google.com/maps/place/La+Casa+del+Tomahawk/@-2.1684545,-79.9245565,12z/data=!4m10!1m2!2m1!1sLa+Casa+del+TomaHawk!3m6!1s0x902d6d4de8ed298d:0x48d3331a35e70a89!8m2!3d-2.142207!4d-79.9036767!15sChRMYSBDYXNhIGRlbCBUb21hSGF3ayIDiAEBWhYiFGxhIGNhc2EgZGVsIHRvbWFoYXdrkgEKcmVzdGF1cmFudOABAA!16s%2Fg%2F11g73597ns?entry=ttu&g_ep=EgoyMDI2MDgwNS4xIKXMDSoASAFQAw%3D%3D","5",,"Av. Francisco de Orellana","false","Muy cálido, acogedor y agradable",,"La Casa del Tomahawk","4.3",,"https://www.google.com/maps/search/?api=1&query=La%20Casa%20del%20Tomahawk&query_place_id=ChIJjSnt6E1tLZARiQrnNRoz00g",
"Av. Francisco de Orellana, 090508 Guayaquil, Ecuador","Restaurante","Restaurante","5247594178483260041","Guayaquil","EC","0x902d6d4de8ed298d:0x48d3331a35e70a89",,"https://lh3.googleusercontent.com/gps-cs-s/AHRPTWlKtARv4uZa_c0E1ciQrsvkVWlAt0OWnqG49SXXKn1JlecdPQYXZPK_TxCCl87SigA3GX2PU04pnOiGW41Pbav9OeLEW4TIc3Cj6awxMxvlp60hmHuReYtoJRuWyBWhvz5q8lLz2Q=w408-h272-k-no","false","false","/g/11g73597ns","es-419","0","-2.142207","-79.9036767",,"Alborada Oeste","es","false","ChIJjSnt6E1tLZARiQrnNRoz00g",,"$10-25","Hace 10 meses","2025-10-04T22:07:11.415Z",,"2025-10-05T00:07:36.000Z","Nos alegra saber que disfrutaste de nuestra atención y comida. Agradecemos mucho tu visita y tus amables comentarios. Esperamos verte de nuevo pronto.",,,,,"Música en vivo",,,,,,"$15-20",,,"Apto para grupos de todos los tamaños","Hasta 10 min",,,,"5","5","5","Ci9DQUlRQUNvZENodHljRjlvT25Sc0xXcERSa3BvU0RCNWQwOVZaVXh6YTA0eVpGRRAB",,,,,,,,,"Google",,,"1",,,"3594","2026-08-08T17:27:42.403Z","Direct Detail URL: https://www.google.com/maps/place/La+Casa+del+Tomahawk/@-2.1684545,-79.9245565,12z/data=!4m10!1m2!2m1!1sLa+Casa+del+TomaHawk!3m6!1s0x902d6d4de8ed298d:0x48d3331a35e70a89!8m2!3d-2.142207!4d-79.9036767!15sChRMYSBDYXNhIGRlbCBUb21hSGF3ayIDiAEBWhYiFGxhIGNhc2EgZGVsIHRvbWFoYXdrkgEKcmVzdGF1cmFudOABAA!16s%2Fg%2F11g73597ns?entry=ttu&g_ep=EgoyMDI2MDgwNS4xIKXMDSoASAFQAw%3D%3D","5",,"Av. Francisco de Orellana","false","Buena atención y buena comida excelente",,"La Casa del Tomahawk","4.3",,"https://www.google.com/maps/search/?api=1&query=La%20Casa%20del%20Tomahawk&query_place_id=ChIJjSnt6E1tLZARiQrnNRoz00g",
"Av. Francisco de Orellana, 090508 Guayaquil, Ecuador","Restaurante","Restaurante","5247594178483260041","Guayaquil","EC","0x902d6d4de8ed298d:0x48d3331a35e70a89",,"https://lh3.googleusercontent.com/gps-cs-s/AHRPTWlKtARv4uZa_c0E1ciQrsvkVWlAt0OWnqG49SXXKn1JlecdPQYXZPK_TxCCl87SigA3GX2PU04pnOiGW41Pbav9OeLEW4TIc3Cj6awxMxvlp60hmHuReYtoJRuWyBWhvz5q8lLz2Q=w408-h272-k-no","false","true","/g/11g73597ns","es-419","0","-2.142207","-79.9036767",,"Alborada Oeste","es","false","ChIJjSnt6E1tLZARiQrnNRoz00g",,"$10-25","Hace 10 meses","2025-10-03T22:01:47.986Z",,"2025-10-04T00:02:21.000Z","¡Gracias por tu comentario positivo, Roxana! Nos alegra saber que disfrutaste de nuestra comida y encontraste buenos precios. Tomaremos en cuenta tu observación sobre el volumen de la música para mejorar tu experiencia en el futuro. Esperamos verte de nuevo pronto.",,,"Es un poco difícil encontrar estacionamiento",,"Ningún evento especial",,,"Estacionamiento gratuito, Estacionamiento gratuito en la calle",,,"$5-10",,,"Entre 5 y 8 personas","Sin espera",,,,"2","5","5","Ci9DQUlRQUNvZENodHljRjlvT2kxVE9XTkNVVFZpUVVGUFRVSTViMngwV2xOeVpVRRAB",,,,,,,,,"Google",,,"143",,,"3594","2026-08-08T17:27:42.403Z","Direct Detail URL: https://www.google.com/maps/place/La+Casa+del+Tomahawk/@-2.1684545,-79.9245565,12z/data=!4m10!1m2!2m1!1sLa+Casa+del+TomaHawk!3m6!1s0x902d6d4de8ed298d:0x48d3331a35e70a89!8m2!3d-2.142207!4d-79.9036767!15sChRMYSBDYXNhIGRlbCBUb21hSGF3ayIDiAEBWhYiFGxhIGNhc2EgZGVsIHRvbWFoYXdrkgEKcmVzdGF1cmFudOABAA!16s%2Fg%2F11g73597ns?entry=ttu&g_ep=EgoyMDI2MDgwNS4xIKXMDSoASAFQAw%3D%3D","5",,"Av. Francisco de Orellana","false","Rica comida , precios buenos. Volumen muy alto de la música",,"La Casa del Tomahawk","4.3",,"https://www.google.com/maps/search/?api=1&query=La%20Casa%20del%20Tomahawk&query_place_id=ChIJjSnt6E1tLZARiQrnNRoz00g",
"Av. Francisco de Orellana, 090508 Guayaquil, Ecuador","Restaurante","Restaurante","5247594178483260041","Guayaquil","EC","0x902d6d4de8ed298d:0x48d3331a35e70a89",,"https://lh3.googleusercontent.com/gps-cs-s/AHRPTWlKtARv4uZa_c0E1ciQrsvkVWlAt0OWnqG49SXXKn1JlecdPQYXZPK_TxCCl87SigA3GX2PU04pnOiGW41Pbav9OeLEW4TIc3Cj6awxMxvlp60hmHuReYtoJRuWyBWhvz5q8lLz2Q=w408-h272-k-no","false","false","/g/11g73597ns","es-419","0","-2.142207","-79.9036767",,"Alborada Oeste",,"false","ChIJjSnt6E1tLZARiQrnNRoz00g",,"$10-25","Hace 10 meses","2025-10-03T02:17:16.896Z",,,,,,,,,,,,,,,,,,,,,,"5","3","3","Ci9DQUlRQUNvZENodHljRjlvT2paQ2MzQklUMHhOUkhnMGNHbFdjRVZNUTBaYVYxRRAB",,,,,,,,,"Google",,,"0",,,"3594","2026-08-08T17:27:42.403Z","Direct Detail URL: https://www.google.com/maps/place/La+Casa+del+Tomahawk/@-2.1684545,-79.9245565,12z/data=!4m10!1m2!2m1!1sLa+Casa+del+TomaHawk!3m6!1s0x902d6d4de8ed298d:0x48d3331a35e70a89!8m2!3d-2.142207!4d-79.9036767!15sChRMYSBDYXNhIGRlbCBUb21hSGF3ayIDiAEBWhYiFGxhIGNhc2EgZGVsIHRvbWFoYXdrkgEKcmVzdGF1cmFudOABAA!16s%2Fg%2F11g73597ns?entry=ttu&g_ep=EgoyMDI2MDgwNS4xIKXMDSoASAFQAw%3D%3D","4",,"Av. Francisco de Orellana","false",,,"La Casa del Tomahawk","4.3",,"https://www.google.com/maps/search/?api=1&query=La%20Casa%20del%20Tomahawk&query_place_id=ChIJjSnt6E1tLZARiQrnNRoz00g",
"Av. Francisco de Orellana, 090508 Guayaquil, Ecuador","Restaurante","Restaurante","5247594178483260041","Guayaquil","EC","0x902d6d4de8ed298d:0x48d3331a35e70a89",,"https://lh3.googleusercontent.com/gps-cs-s/AHRPTWlKtARv4uZa_c0E1ciQrsvkVWlAt0OWnqG49SXXKn1JlecdPQYXZPK_TxCCl87SigA3GX2PU04pnOiGW41Pbav9OeLEW4TIc3Cj6awxMxvlp60hmHuReYtoJRuWyBWhvz5q8lLz2Q=w408-h272-k-no","false","false","/g/11g73597ns","es-419","0","-2.142207","-79.9036767",,"Alborada Oeste",,"false","ChIJjSnt6E1tLZARiQrnNRoz00g",,"$10-25","Hace 10 meses","2025-10-03T02:08:54.497Z",,"2025-10-03T04:09:24.000Z","Thank you for your excellent review! We're thrilled to hear that you had a great experience with us. Your support means a lot, and we look forward to serving you again soon!",,,,,,,,,,,,,,,,,,,"5","4","5","Ci9DQUlRQUNvZENodHljRjlvT2tabVJVWjNSSEJ3ZFZnMlpqQm1kVzVLTUhKVVIwRRAB",,,,,,,,,"Google",,,"0",,,"3594","2026-08-08T17:27:42.403Z","Direct Detail URL: https://www.google.com/maps/place/La+Casa+del+Tomahawk/@-2.1684545,-79.9245565,12z/data=!4m10!1m2!2m1!1sLa+Casa+del+TomaHawk!3m6!1s0x902d6d4de8ed298d:0x48d3331a35e70a89!8m2!3d-2.142207!4d-79.9036767!15sChRMYSBDYXNhIGRlbCBUb21hSGF3ayIDiAEBWhYiFGxhIGNhc2EgZGVsIHRvbWFoYXdrkgEKcmVzdGF1cmFudOABAA!16s%2Fg%2F11g73597ns?entry=ttu&g_ep=EgoyMDI2MDgwNS4xIKXMDSoASAFQAw%3D%3D","5",,"Av. Francisco de Orellana","false",,,"La Casa del Tomahawk","4.3",,"https://www.google.com/maps/search/?api=1&query=La%20Casa%20del%20Tomahawk&query_place_id=ChIJjSnt6E1tLZARiQrnNRoz00g",
"Av. Francisco de Orellana, 090508 Guayaquil, Ecuador","Restaurante","Restaurante","5247594178483260041","Guayaquil","EC","0x902d6d4de8ed298d:0x48d3331a35e70a89",,"https://lh3.googleusercontent.com/gps-cs-s/AHRPTWlKtARv4uZa_c0E1ciQrsvkVWlAt0OWnqG49SXXKn1JlecdPQYXZPK_TxCCl87SigA3GX2PU04pnOiGW41Pbav9OeLEW4TIc3Cj6awxMxvlp60hmHuReYtoJRuWyBWhvz5q8lLz2Q=w408-h272-k-no","false","false","/g/11g73597ns","es-419","0","-2.142207","-79.9036767",,"Alborada Oeste","es","false","ChIJjSnt6E1tLZARiQrnNRoz00g",,"$10-25","Editado Hace 10 meses","2025-10-02T14:42:05.463Z",,"2025-09-26T06:05:18.000Z","¡Gracias por tu excelente reseña! Nos alegra saber que disfrutaste de tu experiencia y que es un lugar ideal para compartir en familia. Esperamos verte nuevamente y seguir creando más recuerdos juntos.",,,,,"Noches temáticas",,,,,,"$25-30",,,"Más de 9 personas, Apto para grupos de todos los tamaños","Hasta 10 min",,,,"5","5","5","Ci9DQUlRQUNvZENodHljRjlvT2xkcGFEaHRTamRSZWxWMGRqVnlkSGhCYTNacFkyYxAB",,,,,,,,,"Google",,,"1",,,"3594","2026-08-08T17:27:42.403Z","Direct Detail URL: https://www.google.com/maps/place/La+Casa+del+Tomahawk/@-2.1684545,-79.9245565,12z/data=!4m10!1m2!2m1!1sLa+Casa+del+TomaHawk!3m6!1s0x902d6d4de8ed298d:0x48d3331a35e70a89!8m2!3d-2.142207!4d-79.9036767!15sChRMYSBDYXNhIGRlbCBUb21hSGF3ayIDiAEBWhYiFGxhIGNhc2EgZGVsIHRvbWFoYXdrkgEKcmVzdGF1cmFudOABAA!16s%2Fg%2F11g73597ns?entry=ttu&g_ep=EgoyMDI2MDgwNS4xIKXMDSoASAFQAw%3D%3D","5",,"Av. Francisco de Orellana","false","Si para compartir en familia",,"La Casa del Tomahawk","4.3",,"https://www.google.com/maps/search/?api=1&query=La%20Casa%20del%20Tomahawk&query_place_id=ChIJjSnt6E1tLZARiQrnNRoz00g",
"Av. Francisco de Orellana, 090508 Guayaquil, Ecuador","Restaurante","Restaurante","5247594178483260041","Guayaquil","EC","0x902d6d4de8ed298d:0x48d3331a35e70a89",,"https://lh3.googleusercontent.com/gps-cs-s/AHRPTWlKtARv4uZa_c0E1ciQrsvkVWlAt0OWnqG49SXXKn1JlecdPQYXZPK_TxCCl87SigA3GX2PU04pnOiGW41Pbav9OeLEW4TIc3Cj6awxMxvlp60hmHuReYtoJRuWyBWhvz5q8lLz2Q=w408-h272-k-no","false","false","/g/11g73597ns","es-419","0","-2.142207","-79.9036767",,"Alborada Oeste",,"false","ChIJjSnt6E1tLZARiQrnNRoz00g",,"$10-25","Hace 10 meses","2025-10-02T01:38:05.495Z",,,,,,,,"Ningún evento especial",,,,,,"$25-30",,,"No lo sé","Sin espera",,,,"5","5","5","Ci9DQUlRQUNvZENodHljRjlvT25NMGVVb3pkMHhCTlZKWlFuWmllVGR5TUV0MVNHYxAB",,,,,,,,,"Google",,,"0",,,"3594","2026-08-08T17:27:42.403Z","Direct Detail URL: https://www.google.com/maps/place/La+Casa+del+Tomahawk/@-2.1684545,-79.9245565,12z/data=!4m10!1m2!2m1!1sLa+Casa+del+TomaHawk!3m6!1s0x902d6d4de8ed298d:0x48d3331a35e70a89!8m2!3d-2.142207!4d-79.9036767!15sChRMYSBDYXNhIGRlbCBUb21hSGF3ayIDiAEBWhYiFGxhIGNhc2EgZGVsIHRvbWFoYXdrkgEKcmVzdGF1cmFudOABAA!16s%2Fg%2F11g73597ns?entry=ttu&g_ep=EgoyMDI2MDgwNS4xIKXMDSoASAFQAw%3D%3D","5",,"Av. Francisco de Orellana","false",,,"La Casa del Tomahawk","4.3",,"https://www.google.com/maps/search/?api=1&query=La%20Casa%20del%20Tomahawk&query_place_id=ChIJjSnt6E1tLZARiQrnNRoz00g",
"Av. Francisco de Orellana, 090508 Guayaquil, Ecuador","Restaurante","Restaurante","5247594178483260041","Guayaquil","EC","0x902d6d4de8ed298d:0x48d3331a35e70a89",,"https://lh3.googleusercontent.com/gps-cs-s/AHRPTWlKtARv4uZa_c0E1ciQrsvkVWlAt0OWnqG49SXXKn1JlecdPQYXZPK_TxCCl87SigA3GX2PU04pnOiGW41Pbav9OeLEW4TIc3Cj6awxMxvlp60hmHuReYtoJRuWyBWhvz5q8lLz2Q=w408-h272-k-no","false","true","/g/11g73597ns","es-419","0","-2.142207","-79.9036767",,"Alborada Oeste","es","false","ChIJjSnt6E1tLZARiQrnNRoz00g",,"$10-25","Hace 10 meses","2025-10-02T00:34:25.248Z",,,,,,,,,,,,,,"$15-20",,,"Apto para grupos de todos los tamaños","Sin espera",,,,"5","4","4","Ci9DQUlRQUNvZENodHljRjlvT25jeFpXbHFNamxxYmpKbExXOTRaSGw2Y0RkRVJtYxAB",,,,,,,,,"Google",,,"15",,,"3594","2026-08-08T17:27:42.403Z","Direct Detail URL: https://www.google.com/maps/place/La+Casa+del+Tomahawk/@-2.1684545,-79.9245565,12z/data=!4m10!1m2!2m1!1sLa+Casa+del+TomaHawk!3m6!1s0x902d6d4de8ed298d:0x48d3331a35e70a89!8m2!3d-2.142207!4d-79.9036767!15sChRMYSBDYXNhIGRlbCBUb21hSGF3ayIDiAEBWhYiFGxhIGNhc2EgZGVsIHRvbWFoYXdrkgEKcmVzdGF1cmFudOABAA!16s%2Fg%2F11g73597ns?entry=ttu&g_ep=EgoyMDI2MDgwNS4xIKXMDSoASAFQAw%3D%3D","5",,"Av. Francisco de Orellana","false","Atención muy buena. Nos sirvieron super rápido la comida.
No me gustó que nos quisieran cobrar 50ctvs extra por un limón, pero fuera de eso estuvo bien",,"La Casa del Tomahawk","4.3",,"https://www.google.com/maps/search/?api=1&query=La%20Casa%20del%20Tomahawk&query_place_id=ChIJjSnt6E1tLZARiQrnNRoz00g",
"Av. Francisco de Orellana, 090508 Guayaquil, Ecuador","Restaurante","Restaurante","5247594178483260041","Guayaquil","EC","0x902d6d4de8ed298d:0x48d3331a35e70a89",,"https://lh3.googleusercontent.com/gps-cs-s/AHRPTWlKtARv4uZa_c0E1ciQrsvkVWlAt0OWnqG49SXXKn1JlecdPQYXZPK_TxCCl87SigA3GX2PU04pnOiGW41Pbav9OeLEW4TIc3Cj6awxMxvlp60hmHuReYtoJRuWyBWhvz5q8lLz2Q=w408-h272-k-no","false","false","/g/11g73597ns","es-419","0","-2.142207","-79.9036767",,"Alborada Oeste",,"false","ChIJjSnt6E1tLZARiQrnNRoz00g",,"$10-25","Hace 10 meses","2025-10-01T20:53:36.544Z",,"2025-10-01T22:54:15.000Z","Thank you for the fantastic rating! We're thrilled to hear you had such a positive experience with us. Your support means a lot and motivates our team to keep providing excellent service. We look forward to seeing you again soon!",,,,,,,,,,,,,,,,,,,"5","5","5","Ci9DQUlRQUNvZENodHljRjlvT25sVVFteDRielpwWVhjMWJXSnVZMkUwWnpCRFkyYxAB",,,,,,,,,"Google",,,"1",,,"3594","2026-08-08T17:27:42.403Z","Direct Detail URL: https://www.google.com/maps/place/La+Casa+del+Tomahawk/@-2.1684545,-79.9245565,12z/data=!4m10!1m2!2m1!1sLa+Casa+del+TomaHawk!3m6!1s0x902d6d4de8ed298d:0x48d3331a35e70a89!8m2!3d-2.142207!4d-79.9036767!15sChRMYSBDYXNhIGRlbCBUb21hSGF3ayIDiAEBWhYiFGxhIGNhc2EgZGVsIHRvbWFoYXdrkgEKcmVzdGF1cmFudOABAA!16s%2Fg%2F11g73597ns?entry=ttu&g_ep=EgoyMDI2MDgwNS4xIKXMDSoASAFQAw%3D%3D","5",,"Av. Francisco de Orellana","false",,,"La Casa del Tomahawk","4.3",,"https://www.google.com/maps/search/?api=1&query=La%20Casa%20del%20Tomahawk&query_place_id=ChIJjSnt6E1tLZARiQrnNRoz00g",
"Av. Francisco de Orellana, 090508 Guayaquil, Ecuador","Restaurante","Restaurante","5247594178483260041","Guayaquil","EC","0x902d6d4de8ed298d:0x48d3331a35e70a89",,"https://lh3.googleusercontent.com/gps-cs-s/AHRPTWlKtARv4uZa_c0E1ciQrsvkVWlAt0OWnqG49SXXKn1JlecdPQYXZPK_TxCCl87SigA3GX2PU04pnOiGW41Pbav9OeLEW4TIc3Cj6awxMxvlp60hmHuReYtoJRuWyBWhvz5q8lLz2Q=w408-h272-k-no","false","false","/g/11g73597ns","es-419","0","-2.142207","-79.9036767",,"Alborada Oeste",,"false","ChIJjSnt6E1tLZARiQrnNRoz00g",,"$10-25","Hace 10 meses","2025-10-01T12:43:56.646Z",,"2025-10-01T14:44:29.000Z","Thank you for the fantastic five-star review! We’re thrilled to hear that you had a great experience with us. Your support means a lot, and we look forward to serving you again soon.",,,"Hay suficiente espacio",,"Otros",,,"Estacionamiento gratuito",,,"$10-15",,,"2 personas","Sin espera",,,,"5","5","5","Ci9DQUlRQUNvZENodHljRjlvT2pONFNuZEJRekpyVHpoNk9UWmtUMVJGVkZwQ01YYxAB",,,,,,,,,"Google",,,"2",,,"3594","2026-08-08T17:27:42.403Z","Direct Detail URL: https://www.google.com/maps/place/La+Casa+del+Tomahawk/@-2.1684545,-79.9245565,12z/data=!4m10!1m2!2m1!1sLa+Casa+del+TomaHawk!3m6!1s0x902d6d4de8ed298d:0x48d3331a35e70a89!8m2!3d-2.142207!4d-79.9036767!15sChRMYSBDYXNhIGRlbCBUb21hSGF3ayIDiAEBWhYiFGxhIGNhc2EgZGVsIHRvbWFoYXdrkgEKcmVzdGF1cmFudOABAA!16s%2Fg%2F11g73597ns?entry=ttu&g_ep=EgoyMDI2MDgwNS4xIKXMDSoASAFQAw%3D%3D","5",,"Av. Francisco de Orellana","false",,,"La Casa del Tomahawk","4.3",,"https://www.google.com/maps/search/?api=1&query=La%20Casa%20del%20Tomahawk&query_place_id=ChIJjSnt6E1tLZARiQrnNRoz00g",
"Av. Francisco de Orellana, 090508 Guayaquil, Ecuador","Restaurante","Restaurante","5247594178483260041","Guayaquil","EC","0x902d6d4de8ed298d:0x48d3331a35e70a89",,"https://lh3.googleusercontent.com/gps-cs-s/AHRPTWlKtARv4uZa_c0E1ciQrsvkVWlAt0OWnqG49SXXKn1JlecdPQYXZPK_TxCCl87SigA3GX2PU04pnOiGW41Pbav9OeLEW4TIc3Cj6awxMxvlp60hmHuReYtoJRuWyBWhvz5q8lLz2Q=w408-h272-k-no","false","false","/g/11g73597ns","es-419","0","-2.142207","-79.9036767",,"Alborada Oeste",,"false","ChIJjSnt6E1tLZARiQrnNRoz00g",,"$10-25","Hace 10 meses","2025-09-30T23:22:28.965Z",,,,,,,,"Ningún evento especial",,,,,,"$15-20",,,"3 o 4 personas, Entre 5 y 8 personas, Apto para grupos de todos los tamaños","Hasta 10 min",,,,"5","5","5","Ci9DQUlRQUNvZENodHljRjlvT2kxQ1JqWTNka2x1ZEVNNUxVeDBSa2Q0V1hNMVJYYxAB",,,,,,,,,"Google",,,"0",,,"3594","2026-08-08T17:27:42.403Z","Direct Detail URL: https://www.google.com/maps/place/La+Casa+del+Tomahawk/@-2.1684545,-79.9245565,12z/data=!4m10!1m2!2m1!1sLa+Casa+del+TomaHawk!3m6!1s0x902d6d4de8ed298d:0x48d3331a35e70a89!8m2!3d-2.142207!4d-79.9036767!15sChRMYSBDYXNhIGRlbCBUb21hSGF3ayIDiAEBWhYiFGxhIGNhc2EgZGVsIHRvbWFoYXdrkgEKcmVzdGF1cmFudOABAA!16s%2Fg%2F11g73597ns?entry=ttu&g_ep=EgoyMDI2MDgwNS4xIKXMDSoASAFQAw%3D%3D","5",,"Av. Francisco de Orellana","false",,,"La Casa del Tomahawk","4.3",,"https://www.google.com/maps/search/?api=1&query=La%20Casa%20del%20Tomahawk&query_place_id=ChIJjSnt6E1tLZARiQrnNRoz00g",
"Av. Francisco de Orellana, 090508 Guayaquil, Ecuador","Restaurante","Restaurante","5247594178483260041","Guayaquil","EC","0x902d6d4de8ed298d:0x48d3331a35e70a89",,"https://lh3.googleusercontent.com/gps-cs-s/AHRPTWlKtARv4uZa_c0E1ciQrsvkVWlAt0OWnqG49SXXKn1JlecdPQYXZPK_TxCCl87SigA3GX2PU04pnOiGW41Pbav9OeLEW4TIc3Cj6awxMxvlp60hmHuReYtoJRuWyBWhvz5q8lLz2Q=w408-h272-k-no","false","true","/g/11g73597ns","es-419","0","-2.142207","-79.9036767",,"Alborada Oeste","es","false","ChIJjSnt6E1tLZARiQrnNRoz00g",,"$10-25","Hace 10 meses","2025-09-30T23:22:10.751Z",,"2025-10-01T01:22:43.000Z","Agradecemos mucho tus amables palabras y nos alegra saber que disfrutaste de la comida y la atención. Tu satisfacción es nuestra prioridad y esperamos verte de nuevo pronto.","Si hay",,,,"Otros",,,,,,"$5-10",,,"Apto para grupos de todos los tamaños","De 10 a 30 min",,,,"5","5","5","Ci9DQUlRQUNvZENodHljRjlvT2tkNWQyVlZVbVpNZFhGRk9FbDBWM0JIYmtKM1MwRRAB",,,,,,,,,"Google",,,"32",,,"3594","2026-08-08T17:27:42.403Z","Direct Detail URL: https://www.google.com/maps/place/La+Casa+del+Tomahawk/@-2.1684545,-79.9245565,12z/data=!4m10!1m2!2m1!1sLa+Casa+del+TomaHawk!3m6!1s0x902d6d4de8ed298d:0x48d3331a35e70a89!8m2!3d-2.142207!4d-79.9036767!15sChRMYSBDYXNhIGRlbCBUb21hSGF3ayIDiAEBWhYiFGxhIGNhc2EgZGVsIHRvbWFoYXdrkgEKcmVzdGF1cmFudOABAA!16s%2Fg%2F11g73597ns?entry=ttu&g_ep=EgoyMDI2MDgwNS4xIKXMDSoASAFQAw%3D%3D","5",,"Av. Francisco de Orellana","false","Delicioso todo y la atención excelente!",,"La Casa del Tomahawk","4.3",,"https://www.google.com/maps/search/?api=1&query=La%20Casa%20del%20Tomahawk&query_place_id=ChIJjSnt6E1tLZARiQrnNRoz00g",
"Av. Francisco de Orellana, 090508 Guayaquil, Ecuador","Restaurante","Restaurante","5247594178483260041","Guayaquil","EC","0x902d6d4de8ed298d:0x48d3331a35e70a89",,"https://lh3.googleusercontent.com/gps-cs-s/AHRPTWlKtARv4uZa_c0E1ciQrsvkVWlAt0OWnqG49SXXKn1JlecdPQYXZPK_TxCCl87SigA3GX2PU04pnOiGW41Pbav9OeLEW4TIc3Cj6awxMxvlp60hmHuReYtoJRuWyBWhvz5q8lLz2Q=w408-h272-k-no","false","false","/g/11g73597ns","es-419","0","-2.142207","-79.9036767",,"Alborada Oeste","pt","false","ChIJjSnt6E1tLZARiQrnNRoz00g",,"$10-25","Hace 10 meses","2025-09-29T00:45:37.553Z",,,,"Na","Na","Es un poco difícil encontrar estacionamiento","Na","Música en vivo",,,"Estacionamiento pagado",,"Na","$5-10",,"Na","Entre 5 y 8 personas","Hasta 10 min",,,,"5","5","5","Ci9DQUlRQUNvZENodHljRjlvT2s1aWFqQm9iSGxYT0dFM09XWTVNRFp4YUdSVk0yYxAB",,,,,,,,,"Google",,,"4",,,"3594","2026-08-08T17:27:42.403Z","Direct Detail URL: https://www.google.com/maps/place/La+Casa+del+Tomahawk/@-2.1684545,-79.9245565,12z/data=!4m10!1m2!2m1!1sLa+Casa+del+TomaHawk!3m6!1s0x902d6d4de8ed298d:0x48d3331a35e70a89!8m2!3d-2.142207!4d-79.9036767!15sChRMYSBDYXNhIGRlbCBUb21hSGF3ayIDiAEBWhYiFGxhIGNhc2EgZGVsIHRvbWFoYXdrkgEKcmVzdGF1cmFudOABAA!16s%2Fg%2F11g73597ns?entry=ttu&g_ep=EgoyMDI2MDgwNS4xIKXMDSoASAFQAw%3D%3D","5",,"Av. Francisco de Orellana","false","Buen estado",,"La Casa del Tomahawk","4.3","es","https://www.google.com/maps/search/?api=1&query=La%20Casa%20del%20Tomahawk&query_place_id=ChIJjSnt6E1tLZARiQrnNRoz00g",
"Av. Francisco de Orellana, 090508 Guayaquil, Ecuador","Restaurante","Restaurante","5247594178483260041","Guayaquil","EC","0x902d6d4de8ed298d:0x48d3331a35e70a89",,"https://lh3.googleusercontent.com/gps-cs-s/AHRPTWlKtARv4uZa_c0E1ciQrsvkVWlAt0OWnqG49SXXKn1JlecdPQYXZPK_TxCCl87SigA3GX2PU04pnOiGW41Pbav9OeLEW4TIc3Cj6awxMxvlp60hmHuReYtoJRuWyBWhvz5q8lLz2Q=w408-h272-k-no","false","false","/g/11g73597ns","es-419","0","-2.142207","-79.9036767",,"Alborada Oeste","es","false","ChIJjSnt6E1tLZARiQrnNRoz00g",,"$10-25","Hace 10 meses","2025-09-28T22:37:44.174Z",,,,,,,,"No lo sé",,,,,,"$15-20",,,"Apto para grupos de todos los tamaños","Hasta 10 min",,,,"5","5","5","Ci9DQUlRQUNvZENodHljRjlvT2xscGFFVnVRekJST1U1aVFpMHdiRk5ETldKaFkzYxAB","https://lh3.googleusercontent.com/grass-cs/ACvplmOuOaIjOUcxMuIEswhS86IYXtb7BWFyaSnNAs04mUg5nflKthWqt-nuhBNreJc8xsnWFilhQiaLu-5KIwQhYrOekQIxHy955vSVLIeJ-SbdxN39nqHQ-wLZijNXSsm9pHWRXI7Ran67xdlN=k-no",,,,,,,,"Google",,,"1",,,"3594","2026-08-08T17:27:42.403Z","Direct Detail URL: https://www.google.com/maps/place/La+Casa+del+Tomahawk/@-2.1684545,-79.9245565,12z/data=!4m10!1m2!2m1!1sLa+Casa+del+TomaHawk!3m6!1s0x902d6d4de8ed298d:0x48d3331a35e70a89!8m2!3d-2.142207!4d-79.9036767!15sChRMYSBDYXNhIGRlbCBUb21hSGF3ayIDiAEBWhYiFGxhIGNhc2EgZGVsIHRvbWFoYXdrkgEKcmVzdGF1cmFudOABAA!16s%2Fg%2F11g73597ns?entry=ttu&g_ep=EgoyMDI2MDgwNS4xIKXMDSoASAFQAw%3D%3D","5",,"Av. Francisco de Orellana","false","Muy buena atención y muy atentos .. gracias",,"La Casa del Tomahawk","4.3",,"https://www.google.com/maps/search/?api=1&query=La%20Casa%20del%20Tomahawk&query_place_id=ChIJjSnt6E1tLZARiQrnNRoz00g",
"Av. Francisco de Orellana, 090508 Guayaquil, Ecuador","Restaurante","Restaurante","5247594178483260041","Guayaquil","EC","0x902d6d4de8ed298d:0x48d3331a35e70a89",,"https://lh3.googleusercontent.com/gps-cs-s/AHRPTWlKtARv4uZa_c0E1ciQrsvkVWlAt0OWnqG49SXXKn1JlecdPQYXZPK_TxCCl87SigA3GX2PU04pnOiGW41Pbav9OeLEW4TIc3Cj6awxMxvlp60hmHuReYtoJRuWyBWhvz5q8lLz2Q=w408-h272-k-no","false","false","/g/11g73597ns","es-419","0","-2.142207","-79.9036767",,"Alborada Oeste",,"false","ChIJjSnt6E1tLZARiQrnNRoz00g",,"$10-25","Hace 10 meses","2025-09-28T20:40:06.449Z",,"2025-09-28T22:40:47.000Z","Thank you for your fantastic review, Alexander! We're thrilled to hear that you had a great experience with us. Your support means a lot to our team. We look forward to serving you again soon!",,,,,"Música en vivo",,,,,,"$5-10",,,"3 o 4 personas","Hasta 10 min",,,,"5","5","5","Ci9DQUlRQUNvZENodHljRjlvT25OclZGRmtZbkZuYlZKNU1uRmlTM2Q1VEdZMVYwRRAB",,,,,,,,,"Google",,,"2",,,"3594","2026-08-08T17:27:42.403Z","Direct Detail URL: https://www.google.com/maps/place/La+Casa+del+Tomahawk/@-2.1684545,-79.9245565,12z/data=!4m10!1m2!2m1!1sLa+Casa+del+TomaHawk!3m6!1s0x902d6d4de8ed298d:0x48d3331a35e70a89!8m2!3d-2.142207!4d-79.9036767!15sChRMYSBDYXNhIGRlbCBUb21hSGF3ayIDiAEBWhYiFGxhIGNhc2EgZGVsIHRvbWFoYXdrkgEKcmVzdGF1cmFudOABAA!16s%2Fg%2F11g73597ns?entry=ttu&g_ep=EgoyMDI2MDgwNS4xIKXMDSoASAFQAw%3D%3D","5",,"Av. Francisco de Orellana","false",,,"La Casa del Tomahawk","4.3",,"https://www.google.com/maps/search/?api=1&query=La%20Casa%20del%20Tomahawk&query_place_id=ChIJjSnt6E1tLZARiQrnNRoz00g",
"Av. Francisco de Orellana, 090508 Guayaquil, Ecuador","Restaurante","Restaurante","5247594178483260041","Guayaquil","EC","0x902d6d4de8ed298d:0x48d3331a35e70a89",,"https://lh3.googleusercontent.com/gps-cs-s/AHRPTWlKtARv4uZa_c0E1ciQrsvkVWlAt0OWnqG49SXXKn1JlecdPQYXZPK_TxCCl87SigA3GX2PU04pnOiGW41Pbav9OeLEW4TIc3Cj6awxMxvlp60hmHuReYtoJRuWyBWhvz5q8lLz2Q=w408-h272-k-no","false","false","/g/11g73597ns","es-419","0","-2.142207","-79.9036767",,"Alborada Oeste",,"false","ChIJjSnt6E1tLZARiQrnNRoz00g",,"$10-25","Hace 10 meses","2025-09-26T23:05:20.670Z",,,,,,,,"Ningún evento especial",,,,,,"$10-15",,,"3 o 4 personas","Sin espera",,,,"5","4","5","Ci9DQUlRQUNvZENodHljRjlvT25wTVduaHliM0pmWVVFNFlUbFNTMjB5YjE5NFNXYxAB",,,,,,,,,"Google",,,"0",,,"3594","2026-08-08T17:27:42.403Z","Direct Detail URL: https://www.google.com/maps/place/La+Casa+del+Tomahawk/@-2.1684545,-79.9245565,12z/data=!4m10!1m2!2m1!1sLa+Casa+del+TomaHawk!3m6!1s0x902d6d4de8ed298d:0x48d3331a35e70a89!8m2!3d-2.142207!4d-79.9036767!15sChRMYSBDYXNhIGRlbCBUb21hSGF3ayIDiAEBWhYiFGxhIGNhc2EgZGVsIHRvbWFoYXdrkgEKcmVzdGF1cmFudOABAA!16s%2Fg%2F11g73597ns?entry=ttu&g_ep=EgoyMDI2MDgwNS4xIKXMDSoASAFQAw%3D%3D","5",,"Av. Francisco de Orellana","false",,,"La Casa del Tomahawk","4.3",,"https://www.google.com/maps/search/?api=1&query=La%20Casa%20del%20Tomahawk&query_place_id=ChIJjSnt6E1tLZARiQrnNRoz00g",
"Av. Francisco de Orellana, 090508 Guayaquil, Ecuador","Restaurante","Restaurante","5247594178483260041","Guayaquil","EC","0x902d6d4de8ed298d:0x48d3331a35e70a89",,"https://lh3.googleusercontent.com/gps-cs-s/AHRPTWlKtARv4uZa_c0E1ciQrsvkVWlAt0OWnqG49SXXKn1JlecdPQYXZPK_TxCCl87SigA3GX2PU04pnOiGW41Pbav9OeLEW4TIc3Cj6awxMxvlp60hmHuReYtoJRuWyBWhvz5q8lLz2Q=w408-h272-k-no","false","false","/g/11g73597ns","es-419","0","-2.142207","-79.9036767",,"Alborada Oeste",,"false","ChIJjSnt6E1tLZARiQrnNRoz00g",,"$10-25","Hace 10 meses","2025-09-26T20:01:35.735Z",,,,,,,,"Ningún evento especial",,,,,,"$10-15",,,"Apto para grupos de todos los tamaños","De 10 a 30 min",,,,"5","5","5","Ci9DQUlRQUNvZENodHljRjlvT2tGeWQyOVVVVEZEYUhWWk1tdFVabk5qYlZnemIzYxAB",,,,,,,,,"Google",,,"1",,,"3594","2026-08-08T17:27:42.403Z","Direct Detail URL: https://www.google.com/maps/place/La+Casa+del+Tomahawk/@-2.1684545,-79.9245565,12z/data=!4m10!1m2!2m1!1sLa+Casa+del+TomaHawk!3m6!1s0x902d6d4de8ed298d:0x48d3331a35e70a89!8m2!3d-2.142207!4d-79.9036767!15sChRMYSBDYXNhIGRlbCBUb21hSGF3ayIDiAEBWhYiFGxhIGNhc2EgZGVsIHRvbWFoYXdrkgEKcmVzdGF1cmFudOABAA!16s%2Fg%2F11g73597ns?entry=ttu&g_ep=EgoyMDI2MDgwNS4xIKXMDSoASAFQAw%3D%3D","5",,"Av. Francisco de Orellana","false",,,"La Casa del Tomahawk","4.3",,"https://www.google.com/maps/search/?api=1&query=La%20Casa%20del%20Tomahawk&query_place_id=ChIJjSnt6E1tLZARiQrnNRoz00g",
"Av. Francisco de Orellana, 090508 Guayaquil, Ecuador","Restaurante","Restaurante","5247594178483260041","Guayaquil","EC","0x902d6d4de8ed298d:0x48d3331a35e70a89",,"https://lh3.googleusercontent.com/gps-cs-s/AHRPTWlKtARv4uZa_c0E1ciQrsvkVWlAt0OWnqG49SXXKn1JlecdPQYXZPK_TxCCl87SigA3GX2PU04pnOiGW41Pbav9OeLEW4TIc3Cj6awxMxvlp60hmHuReYtoJRuWyBWhvz5q8lLz2Q=w408-h272-k-no","false","false","/g/11g73597ns","es-419","0","-2.142207","-79.9036767",,"Alborada Oeste",,"false","ChIJjSnt6E1tLZARiQrnNRoz00g",,"$10-25","Hace 10 meses","2025-09-26T18:17:24.161Z",,"2025-09-26T20:17:56.000Z","Thank you for your wonderful review, Jessica! We’re thrilled to hear that you had such a positive experience. Your support means a lot to us, and we look forward to serving you again soon!",,,,,,,,,,,,,,,,,,,"5","5","5","Ci9DQUlRQUNvZENodHljRjlvT2xaU01uWjJabG8zUm1OcWR6SXdkVzUxVkRsVlpsRRAB",,,,,,,,,"Google",,,"0",,,"3594","2026-08-08T17:27:42.403Z","Direct Detail URL: https://www.google.com/maps/place/La+Casa+del+Tomahawk/@-2.1684545,-79.9245565,12z/data=!4m10!1m2!2m1!1sLa+Casa+del+TomaHawk!3m6!1s0x902d6d4de8ed298d:0x48d3331a35e70a89!8m2!3d-2.142207!4d-79.9036767!15sChRMYSBDYXNhIGRlbCBUb21hSGF3ayIDiAEBWhYiFGxhIGNhc2EgZGVsIHRvbWFoYXdrkgEKcmVzdGF1cmFudOABAA!16s%2Fg%2F11g73597ns?entry=ttu&g_ep=EgoyMDI2MDgwNS4xIKXMDSoASAFQAw%3D%3D","5",,"Av. Francisco de Orellana","false",,,"La Casa del Tomahawk","4.3",,"https://www.google.com/maps/search/?api=1&query=La%20Casa%20del%20Tomahawk&query_place_id=ChIJjSnt6E1tLZARiQrnNRoz00g",
"Av. Francisco de Orellana, 090508 Guayaquil, Ecuador","Restaurante","Restaurante","5247594178483260041","Guayaquil","EC","0x902d6d4de8ed298d:0x48d3331a35e70a89",,"https://lh3.googleusercontent.com/gps-cs-s/AHRPTWlKtARv4uZa_c0E1ciQrsvkVWlAt0OWnqG49SXXKn1JlecdPQYXZPK_TxCCl87SigA3GX2PU04pnOiGW41Pbav9OeLEW4TIc3Cj6awxMxvlp60hmHuReYtoJRuWyBWhvz5q8lLz2Q=w408-h272-k-no","false","true","/g/11g73597ns","es-419","0","-2.142207","-79.9036767",,"Alborada Oeste",,"false","ChIJjSnt6E1tLZARiQrnNRoz00g",,"$10-25","Hace 10 meses","2025-09-26T05:13:05.868Z",,,,,,,,"Ningún evento especial",,,,,,"$10-15",,,"Más de 9 personas","De 10 a 30 min",,,,"4","3","4","Ci9DQUlRQUNvZENodHljRjlvT2xJMExWbG9PSHBUTkcxbVZVMUhUa1YzUVd4dE5XYxAB",,,,,,,,,"Google",,,"28",,,"3594","2026-08-08T17:27:42.403Z","Direct Detail URL: https://www.google.com/maps/place/La+Casa+del+Tomahawk/@-2.1684545,-79.9245565,12z/data=!4m10!1m2!2m1!1sLa+Casa+del+TomaHawk!3m6!1s0x902d6d4de8ed298d:0x48d3331a35e70a89!8m2!3d-2.142207!4d-79.9036767!15sChRMYSBDYXNhIGRlbCBUb21hSGF3ayIDiAEBWhYiFGxhIGNhc2EgZGVsIHRvbWFoYXdrkgEKcmVzdGF1cmFudOABAA!16s%2Fg%2F11g73597ns?entry=ttu&g_ep=EgoyMDI2MDgwNS4xIKXMDSoASAFQAw%3D%3D","4",,"Av. Francisco de Orellana","false",,,"La Casa del Tomahawk","4.3",,"https://www.google.com/maps/search/?api=1&query=La%20Casa%20del%20Tomahawk&query_place_id=ChIJjSnt6E1tLZARiQrnNRoz00g",
"Av. Francisco de Orellana, 090508 Guayaquil, Ecuador","Restaurante","Restaurante","5247594178483260041","Guayaquil","EC","0x902d6d4de8ed298d:0x48d3331a35e70a89",,"https://lh3.googleusercontent.com/gps-cs-s/AHRPTWlKtARv4uZa_c0E1ciQrsvkVWlAt0OWnqG49SXXKn1JlecdPQYXZPK_TxCCl87SigA3GX2PU04pnOiGW41Pbav9OeLEW4TIc3Cj6awxMxvlp60hmHuReYtoJRuWyBWhvz5q8lLz2Q=w408-h272-k-no","false","false","/g/11g73597ns","es-419","0","-2.142207","-79.9036767",,"Alborada Oeste","es","false","ChIJjSnt6E1tLZARiQrnNRoz00g",,"$10-25","Hace 10 meses","2025-09-26T00:24:38.572Z",,,,"Si","Si","Hay suficiente espacio","No","Música en vivo",,,"Estacionamiento gratuito",,"No","$15-20",,"Ninguna","Apto para grupos de todos los tamaños","Sin espera",,,,"5","5","5","Ci9DQUlRQUNvZENodHljRjlvT2xNMVJVd3dUVE5zVFRSSWJWaHdZMWxhZHpBdFoxRRAB","https://lh3.googleusercontent.com/grass-cs/ACvplmMJe90xJhlc3GfL-HZtlwu3W-B3Qf7y8OdPpnUDtkv4PLMjnokB5Stik78U6a57fO7jnutI_W7BqMEbJz3Ocpmwpu0F5ol72ewQgCy-s4Ei97uPGaX-c8WMhxPc2V_JKPiEZFvji8emoWI=k-no",,,,,,,,"Google",,,"1",,,"3594","2026-08-08T17:27:42.403Z","Direct Detail URL: https://www.google.com/maps/place/La+Casa+del+Tomahawk/@-2.1684545,-79.9245565,12z/data=!4m10!1m2!2m1!1sLa+Casa+del+TomaHawk!3m6!1s0x902d6d4de8ed298d:0x48d3331a35e70a89!8m2!3d-2.142207!4d-79.9036767!15sChRMYSBDYXNhIGRlbCBUb21hSGF3ayIDiAEBWhYiFGxhIGNhc2EgZGVsIHRvbWFoYXdrkgEKcmVzdGF1cmFudOABAA!16s%2Fg%2F11g73597ns?entry=ttu&g_ep=EgoyMDI2MDgwNS4xIKXMDSoASAFQAw%3D%3D","5",,"Av. Francisco de Orellana","false","Todo muy lindo",,"La Casa del Tomahawk","4.3",,"https://www.google.com/maps/search/?api=1&query=La%20Casa%20del%20Tomahawk&query_place_id=ChIJjSnt6E1tLZARiQrnNRoz00g",
"Av. Francisco de Orellana, 090508 Guayaquil, Ecuador","Restaurante","Restaurante","5247594178483260041","Guayaquil","EC","0x902d6d4de8ed298d:0x48d3331a35e70a89",,"https://lh3.googleusercontent.com/gps-cs-s/AHRPTWlKtARv4uZa_c0E1ciQrsvkVWlAt0OWnqG49SXXKn1JlecdPQYXZPK_TxCCl87SigA3GX2PU04pnOiGW41Pbav9OeLEW4TIc3Cj6awxMxvlp60hmHuReYtoJRuWyBWhvz5q8lLz2Q=w408-h272-k-no","false","false","/g/11g73597ns","es-419","0","-2.142207","-79.9036767",,"Alborada Oeste","es","false","ChIJjSnt6E1tLZARiQrnNRoz00g",,"$10-25","Hace 10 meses","2025-09-25T21:55:42.303Z",,,,,,,,"Ningún evento especial",,,,,,"$15-20",,,"Entre 5 y 8 personas","Sin espera",,,,"4","5","4","Ci9DQUlRQUNvZENodHljRjlvT21sa1lteGxVaTFhY0doV09FeFdOMU42VW5aM2NVRRAB",,,,,,,,,"Google",,,"1",,,"3594","2026-08-08T17:27:42.403Z","Direct Detail URL: https://www.google.com/maps/place/La+Casa+del+Tomahawk/@-2.1684545,-79.9245565,12z/data=!4m10!1m2!2m1!1sLa+Casa+del+TomaHawk!3m6!1s0x902d6d4de8ed298d:0x48d3331a35e70a89!8m2!3d-2.142207!4d-79.9036767!15sChRMYSBDYXNhIGRlbCBUb21hSGF3ayIDiAEBWhYiFGxhIGNhc2EgZGVsIHRvbWFoYXdrkgEKcmVzdGF1cmFudOABAA!16s%2Fg%2F11g73597ns?entry=ttu&g_ep=EgoyMDI2MDgwNS4xIKXMDSoASAFQAw%3D%3D","5",,"Av. Francisco de Orellana","false","El lugar es súper Nice, me gustó venir a compartir aquí",,"La Casa del Tomahawk","4.3",,"https://www.google.com/maps/search/?api=1&query=La%20Casa%20del%20Tomahawk&query_place_id=ChIJjSnt6E1tLZARiQrnNRoz00g",
"Av. Francisco de Orellana, 090508 Guayaquil, Ecuador","Restaurante","Restaurante","5247594178483260041","Guayaquil","EC","0x902d6d4de8ed298d:0x48d3331a35e70a89",,"https://lh3.googleusercontent.com/gps-cs-s/AHRPTWlKtARv4uZa_c0E1ciQrsvkVWlAt0OWnqG49SXXKn1JlecdPQYXZPK_TxCCl87SigA3GX2PU04pnOiGW41Pbav9OeLEW4TIc3Cj6awxMxvlp60hmHuReYtoJRuWyBWhvz5q8lLz2Q=w408-h272-k-no","false","false","/g/11g73597ns","es-419","0","-2.142207","-79.9036767",,"Alborada Oeste",,"false","ChIJjSnt6E1tLZARiQrnNRoz00g",,"$10-25","Hace 10 meses","2025-09-25T20:34:30.991Z",,,,,,,,"Otros",,,,,,"$10-15",,,"3 o 4 personas","Sin espera",,,,"5","5","5","Ci9DQUlRQUNvZENodHljRjlvT2pWZmNUWjBNRE13TFhScFpGQnVkekl0TVVwU2FrRRAB",,,,,,,,,"Google",,,"0",,,"3594","2026-08-08T17:27:42.403Z","Direct Detail URL: https://www.google.com/maps/place/La+Casa+del+Tomahawk/@-2.1684545,-79.9245565,12z/data=!4m10!1m2!2m1!1sLa+Casa+del+TomaHawk!3m6!1s0x902d6d4de8ed298d:0x48d3331a35e70a89!8m2!3d-2.142207!4d-79.9036767!15sChRMYSBDYXNhIGRlbCBUb21hSGF3ayIDiAEBWhYiFGxhIGNhc2EgZGVsIHRvbWFoYXdrkgEKcmVzdGF1cmFudOABAA!16s%2Fg%2F11g73597ns?entry=ttu&g_ep=EgoyMDI2MDgwNS4xIKXMDSoASAFQAw%3D%3D","5",,"Av. Francisco de Orellana","false",,,"La Casa del Tomahawk","4.3",,"https://www.google.com/maps/search/?api=1&query=La%20Casa%20del%20Tomahawk&query_place_id=ChIJjSnt6E1tLZARiQrnNRoz00g",
"Av. Francisco de Orellana, 090508 Guayaquil, Ecuador","Restaurante","Restaurante","5247594178483260041","Guayaquil","EC","0x902d6d4de8ed298d:0x48d3331a35e70a89",,"https://lh3.googleusercontent.com/gps-cs-s/AHRPTWlKtARv4uZa_c0E1ciQrsvkVWlAt0OWnqG49SXXKn1JlecdPQYXZPK_TxCCl87SigA3GX2PU04pnOiGW41Pbav9OeLEW4TIc3Cj6awxMxvlp60hmHuReYtoJRuWyBWhvz5q8lLz2Q=w408-h272-k-no","false","false","/g/11g73597ns","es-419","0","-2.142207","-79.9036767",,"Alborada Oeste",,"false","ChIJjSnt6E1tLZARiQrnNRoz00g",,"$10-25","Hace 10 meses","2025-09-25T18:26:13.700Z",,"2025-09-25T20:26:38.000Z","Thank you for your fantastic review, Steven! We’re thrilled to hear that you had a great experience with us. Your feedback motivates our team to keep up the excellent work. We look forward to serving you again soon!",,,,,,,,,,,"$25-30",,,,,,,,"5","5","5","Ci9DQUlRQUNvZENodHljRjlvT2s5ME9FdHNTRGxDUTFKblYzaHNSazR4WmtKdVduYxAB",,,,,,,,,"Google",,,"0",,,"3594","2026-08-08T17:27:42.403Z","Direct Detail URL: https://www.google.com/maps/place/La+Casa+del+Tomahawk/@-2.1684545,-79.9245565,12z/data=!4m10!1m2!2m1!1sLa+Casa+del+TomaHawk!3m6!1s0x902d6d4de8ed298d:0x48d3331a35e70a89!8m2!3d-2.142207!4d-79.9036767!15sChRMYSBDYXNhIGRlbCBUb21hSGF3ayIDiAEBWhYiFGxhIGNhc2EgZGVsIHRvbWFoYXdrkgEKcmVzdGF1cmFudOABAA!16s%2Fg%2F11g73597ns?entry=ttu&g_ep=EgoyMDI2MDgwNS4xIKXMDSoASAFQAw%3D%3D","5",,"Av. Francisco de Orellana","false",,,"La Casa del Tomahawk","4.3",,"https://www.google.com/maps/search/?api=1&query=La%20Casa%20del%20Tomahawk&query_place_id=ChIJjSnt6E1tLZARiQrnNRoz00g",
"Av. Francisco de Orellana, 090508 Guayaquil, Ecuador","Restaurante","Restaurante","5247594178483260041","Guayaquil","EC","0x902d6d4de8ed298d:0x48d3331a35e70a89",,"https://lh3.googleusercontent.com/gps-cs-s/AHRPTWlKtARv4uZa_c0E1ciQrsvkVWlAt0OWnqG49SXXKn1JlecdPQYXZPK_TxCCl87SigA3GX2PU04pnOiGW41Pbav9OeLEW4TIc3Cj6awxMxvlp60hmHuReYtoJRuWyBWhvz5q8lLz2Q=w408-h272-k-no","false","true","/g/11g73597ns","es-419","0","-2.142207","-79.9036767",,"Alborada Oeste",,"false","ChIJjSnt6E1tLZARiQrnNRoz00g",,"$10-25","Hace 10 meses","2025-09-25T03:29:55.881Z",,,,,,,,,,,,,,"$15-20",,,,,,,,,,,"Ci9DQUlRQUNvZENodHljRjlvT2tOUFZXRTFWRXBDYlVabGVtOTNNVUZuVG1wVU1FRRAB",,,,,,,,,"Google",,,"39",,,"3594","2026-08-08T17:27:42.403Z","Direct Detail URL: https://www.google.com/maps/place/La+Casa+del+Tomahawk/@-2.1684545,-79.9245565,12z/data=!4m10!1m2!2m1!1sLa+Casa+del+TomaHawk!3m6!1s0x902d6d4de8ed298d:0x48d3331a35e70a89!8m2!3d-2.142207!4d-79.9036767!15sChRMYSBDYXNhIGRlbCBUb21hSGF3ayIDiAEBWhYiFGxhIGNhc2EgZGVsIHRvbWFoYXdrkgEKcmVzdGF1cmFudOABAA!16s%2Fg%2F11g73597ns?entry=ttu&g_ep=EgoyMDI2MDgwNS4xIKXMDSoASAFQAw%3D%3D","5",,"Av. Francisco de Orellana","false",,,"La Casa del Tomahawk","4.3",,"https://www.google.com/maps/search/?api=1&query=La%20Casa%20del%20Tomahawk&query_place_id=ChIJjSnt6E1tLZARiQrnNRoz00g",
"Av. Francisco de Orellana, 090508 Guayaquil, Ecuador","Restaurante","Restaurante","5247594178483260041","Guayaquil","EC","0x902d6d4de8ed298d:0x48d3331a35e70a89",,"https://lh3.googleusercontent.com/gps-cs-s/AHRPTWlKtARv4uZa_c0E1ciQrsvkVWlAt0OWnqG49SXXKn1JlecdPQYXZPK_TxCCl87SigA3GX2PU04pnOiGW41Pbav9OeLEW4TIc3Cj6awxMxvlp60hmHuReYtoJRuWyBWhvz5q8lLz2Q=w408-h272-k-no","false","false","/g/11g73597ns","es-419","0","-2.142207","-79.9036767",,"Alborada Oeste","es","false","ChIJjSnt6E1tLZARiQrnNRoz00g",,"$10-25","Hace 10 meses","2025-09-23T19:48:45.194Z",,"2025-09-23T21:49:29.000Z","Thank you for your wonderful review, Pedro! We are thrilled to hear that you had a great experience with us. Your positive feedback inspires our team to continue delivering excellent service. We look forward to welcoming you back soon!","No","Si","Hay suficiente espacio","No","Otros",,,"Estacionamiento gratuito",,"Alitas","$40-45",,,"Entre 5 y 8 personas","Sin espera",,,,"5","5","5","Ci9DQUlRQUNvZENodHljRjlvT21seGJUZFVYMWsxYW1Sb1ZtcENiVXQxYzBab1RVRRAB",,,,,,,,,"Google",,,"0",,,"3594","2026-08-08T17:27:42.403Z","Direct Detail URL: https://www.google.com/maps/place/La+Casa+del+Tomahawk/@-2.1684545,-79.9245565,12z/data=!4m10!1m2!2m1!1sLa+Casa+del+TomaHawk!3m6!1s0x902d6d4de8ed298d:0x48d3331a35e70a89!8m2!3d-2.142207!4d-79.9036767!15sChRMYSBDYXNhIGRlbCBUb21hSGF3ayIDiAEBWhYiFGxhIGNhc2EgZGVsIHRvbWFoYXdrkgEKcmVzdGF1cmFudOABAA!16s%2Fg%2F11g73597ns?entry=ttu&g_ep=EgoyMDI2MDgwNS4xIKXMDSoASAFQAw%3D%3D","5",,"Av. Francisco de Orellana","false",,,"La Casa del Tomahawk","4.3",,"https://www.google.com/maps/search/?api=1&query=La%20Casa%20del%20Tomahawk&query_place_id=ChIJjSnt6E1tLZARiQrnNRoz00g",
"Av. Francisco de Orellana, 090508 Guayaquil, Ecuador","Restaurante","Restaurante","5247594178483260041","Guayaquil","EC","0x902d6d4de8ed298d:0x48d3331a35e70a89",,"https://lh3.googleusercontent.com/gps-cs-s/AHRPTWlKtARv4uZa_c0E1ciQrsvkVWlAt0OWnqG49SXXKn1JlecdPQYXZPK_TxCCl87SigA3GX2PU04pnOiGW41Pbav9OeLEW4TIc3Cj6awxMxvlp60hmHuReYtoJRuWyBWhvz5q8lLz2Q=w408-h272-k-no","false","false","/g/11g73597ns","es-419","0","-2.142207","-79.9036767",,"Alborada Oeste",,"false","ChIJjSnt6E1tLZARiQrnNRoz00g",,"$10-25","Hace 10 meses","2025-09-23T02:13:07.642Z",,"2025-09-23T04:13:36.000Z","Thank you, Roberto Coronel, for your fantastic 5-star review! We appreciate your support and are thrilled to hear that you had a great experience with us. Your feedback motivates our team to continue providing excellent service. We look forward to serving you again soon!",,,,,"Ningún evento especial",,,,,,"$25-30",,,"Apto para grupos de todos los tamaños","Hasta 10 min",,,,"5","5","5","Ci9DQUlRQUNvZENodHljRjlvT2tWeWQzWjVNMUI1Ym1sS2Fra3dabUZQZWs1YWNXYxAB",,,,,,,,,"Google",,,"0",,,"3594","2026-08-08T17:27:42.403Z","Direct Detail URL: https://www.google.com/maps/place/La+Casa+del+Tomahawk/@-2.1684545,-79.9245565,12z/data=!4m10!1m2!2m1!1sLa+Casa+del+TomaHawk!3m6!1s0x902d6d4de8ed298d:0x48d3331a35e70a89!8m2!3d-2.142207!4d-79.9036767!15sChRMYSBDYXNhIGRlbCBUb21hSGF3ayIDiAEBWhYiFGxhIGNhc2EgZGVsIHRvbWFoYXdrkgEKcmVzdGF1cmFudOABAA!16s%2Fg%2F11g73597ns?entry=ttu&g_ep=EgoyMDI2MDgwNS4xIKXMDSoASAFQAw%3D%3D","5",,"Av. Francisco de Orellana","false",,,"La Casa del Tomahawk","4.3",,"https://www.google.com/maps/search/?api=1&query=La%20Casa%20del%20Tomahawk&query_place_id=ChIJjSnt6E1tLZARiQrnNRoz00g",
"Av. Francisco de Orellana, 090508 Guayaquil, Ecuador","Restaurante","Restaurante","5247594178483260041","Guayaquil","EC","0x902d6d4de8ed298d:0x48d3331a35e70a89",,"https://lh3.googleusercontent.com/gps-cs-s/AHRPTWlKtARv4uZa_c0E1ciQrsvkVWlAt0OWnqG49SXXKn1JlecdPQYXZPK_TxCCl87SigA3GX2PU04pnOiGW41Pbav9OeLEW4TIc3Cj6awxMxvlp60hmHuReYtoJRuWyBWhvz5q8lLz2Q=w408-h272-k-no","false","false","/g/11g73597ns","es-419","0","-2.142207","-79.9036767",,"Alborada Oeste","es","false","ChIJjSnt6E1tLZARiQrnNRoz00g",,"$10-25","Hace 10 meses","2025-09-22T19:00:29.786Z",,"2025-09-22T21:01:09.000Z","¡Muchas gracias por tu excelente reseña! Nos alegra saber que quedaste satisfecho. Esperamos verte de nuevo pronto.",,,"Hay suficiente espacio","Excelente","Otros",,,"Estacionamiento gratuito",,,"Más de $50",,,"3 o 4 personas","Hasta 10 min",,,,"5","5","5","Ci9DQUlRQUNvZENodHljRjlvT25kZlRIRXlUakF6VkZwS1ExSnRTMkpxTUZKTlkxRRAB",,,,,,,,,"Google",,,"3",,,"3594","2026-08-08T17:27:42.403Z","Direct Detail URL: https://www.google.com/maps/place/La+Casa+del+Tomahawk/@-2.1684545,-79.9245565,12z/data=!4m10!1m2!2m1!1sLa+Casa+del+TomaHawk!3m6!1s0x902d6d4de8ed298d:0x48d3331a35e70a89!8m2!3d-2.142207!4d-79.9036767!15sChRMYSBDYXNhIGRlbCBUb21hSGF3ayIDiAEBWhYiFGxhIGNhc2EgZGVsIHRvbWFoYXdrkgEKcmVzdGF1cmFudOABAA!16s%2Fg%2F11g73597ns?entry=ttu&g_ep=EgoyMDI2MDgwNS4xIKXMDSoASAFQAw%3D%3D","5",,"Av. Francisco de Orellana","false","Excelente",,"La Casa del Tomahawk","4.3",,"https://www.google.com/maps/search/?api=1&query=La%20Casa%20del%20Tomahawk&query_place_id=ChIJjSnt6E1tLZARiQrnNRoz00g",
"Av. Francisco de Orellana, 090508 Guayaquil, Ecuador","Restaurante","Restaurante","5247594178483260041","Guayaquil","EC","0x902d6d4de8ed298d:0x48d3331a35e70a89",,"https://lh3.googleusercontent.com/gps-cs-s/AHRPTWlKtARv4uZa_c0E1ciQrsvkVWlAt0OWnqG49SXXKn1JlecdPQYXZPK_TxCCl87SigA3GX2PU04pnOiGW41Pbav9OeLEW4TIc3Cj6awxMxvlp60hmHuReYtoJRuWyBWhvz5q8lLz2Q=w408-h272-k-no","false","false","/g/11g73597ns","es-419","0","-2.142207","-79.9036767",,"Alborada Oeste",,"false","ChIJjSnt6E1tLZARiQrnNRoz00g",,"$10-25","Hace 10 meses","2025-09-22T01:09:33.742Z",,,,,,,,,,,,,,,,,,,,,,"5","5","5","Ci9DQUlRQUNvZENodHljRjlvT2pGcFNrdEpOMnhRT0Vac2VIWXhUamx0UmpOamRHYxAB",,,,,,,,,"Google",,,"0",,,"3594","2026-08-08T17:27:42.403Z","Direct Detail URL: https://www.google.com/maps/place/La+Casa+del+Tomahawk/@-2.1684545,-79.9245565,12z/data=!4m10!1m2!2m1!1sLa+Casa+del+TomaHawk!3m6!1s0x902d6d4de8ed298d:0x48d3331a35e70a89!8m2!3d-2.142207!4d-79.9036767!15sChRMYSBDYXNhIGRlbCBUb21hSGF3ayIDiAEBWhYiFGxhIGNhc2EgZGVsIHRvbWFoYXdrkgEKcmVzdGF1cmFudOABAA!16s%2Fg%2F11g73597ns?entry=ttu&g_ep=EgoyMDI2MDgwNS4xIKXMDSoASAFQAw%3D%3D","5",,"Av. Francisco de Orellana","false",,,"La Casa del Tomahawk","4.3",,"https://www.google.com/maps/search/?api=1&query=La%20Casa%20del%20Tomahawk&query_place_id=ChIJjSnt6E1tLZARiQrnNRoz00g",
"Av. Francisco de Orellana, 090508 Guayaquil, Ecuador","Restaurante","Restaurante","5247594178483260041","Guayaquil","EC","0x902d6d4de8ed298d:0x48d3331a35e70a89",,"https://lh3.googleusercontent.com/gps-cs-s/AHRPTWlKtARv4uZa_c0E1ciQrsvkVWlAt0OWnqG49SXXKn1JlecdPQYXZPK_TxCCl87SigA3GX2PU04pnOiGW41Pbav9OeLEW4TIc3Cj6awxMxvlp60hmHuReYtoJRuWyBWhvz5q8lLz2Q=w408-h272-k-no","false","false","/g/11g73597ns","es-419","0","-2.142207","-79.9036767",,"Alborada Oeste",,"false","ChIJjSnt6E1tLZARiQrnNRoz00g",,"$10-25","Hace 10 meses","2025-09-22T01:06:49.786Z",,,,,,,,,,"No lo sé",,,,"$15-20",,,"Apto para grupos de todos los tamaños",,,,,"5","5","5","Ci9DQUlRQUNvZENodHljRjlvT20xVVlWVkthV3REY0haRWFqZG5Ra0pXVFRSTFdXYxAB",,,,,,,,,"Google",,,"2",,,"3594","2026-08-08T17:27:42.403Z","Direct Detail URL: https://www.google.com/maps/place/La+Casa+del+Tomahawk/@-2.1684545,-79.9245565,12z/data=!4m10!1m2!2m1!1sLa+Casa+del+TomaHawk!3m6!1s0x902d6d4de8ed298d:0x48d3331a35e70a89!8m2!3d-2.142207!4d-79.9036767!15sChRMYSBDYXNhIGRlbCBUb21hSGF3ayIDiAEBWhYiFGxhIGNhc2EgZGVsIHRvbWFoYXdrkgEKcmVzdGF1cmFudOABAA!16s%2Fg%2F11g73597ns?entry=ttu&g_ep=EgoyMDI2MDgwNS4xIKXMDSoASAFQAw%3D%3D","5",,"Av. Francisco de Orellana","false",,,"La Casa del Tomahawk","4.3",,"https://www.google.com/maps/search/?api=1&query=La%20Casa%20del%20Tomahawk&query_place_id=ChIJjSnt6E1tLZARiQrnNRoz00g",
"Av. Francisco de Orellana, 090508 Guayaquil, Ecuador","Restaurante","Restaurante","5247594178483260041","Guayaquil","EC","0x902d6d4de8ed298d:0x48d3331a35e70a89",,"https://lh3.googleusercontent.com/gps-cs-s/AHRPTWlKtARv4uZa_c0E1ciQrsvkVWlAt0OWnqG49SXXKn1JlecdPQYXZPK_TxCCl87SigA3GX2PU04pnOiGW41Pbav9OeLEW4TIc3Cj6awxMxvlp60hmHuReYtoJRuWyBWhvz5q8lLz2Q=w408-h272-k-no","false","true","/g/11g73597ns","es-419","0","-2.142207","-79.9036767",,"Alborada Oeste",,"false","ChIJjSnt6E1tLZARiQrnNRoz00g",,"$10-25","Hace 10 meses","2025-09-22T01:04:36.170Z",,,,,,,,,,,,,,"$15-20",,,,,,,,"5","5","5","Ci9DQUlRQUNvZENodHljRjlvT2xWMFptWmFWVGRWTFhBMU1tUnNZalJyZWtZNFMwRRAB",,,,,,,,,"Google",,,"2",,,"3594","2026-08-08T17:27:42.403Z","Direct Detail URL: https://www.google.com/maps/place/La+Casa+del+Tomahawk/@-2.1684545,-79.9245565,12z/data=!4m10!1m2!2m1!1sLa+Casa+del+TomaHawk!3m6!1s0x902d6d4de8ed298d:0x48d3331a35e70a89!8m2!3d-2.142207!4d-79.9036767!15sChRMYSBDYXNhIGRlbCBUb21hSGF3ayIDiAEBWhYiFGxhIGNhc2EgZGVsIHRvbWFoYXdrkgEKcmVzdGF1cmFudOABAA!16s%2Fg%2F11g73597ns?entry=ttu&g_ep=EgoyMDI2MDgwNS4xIKXMDSoASAFQAw%3D%3D","5",,"Av. Francisco de Orellana","false",,,"La Casa del Tomahawk","4.3",,"https://www.google.com/maps/search/?api=1&query=La%20Casa%20del%20Tomahawk&query_place_id=ChIJjSnt6E1tLZARiQrnNRoz00g",
"Av. Francisco de Orellana, 090508 Guayaquil, Ecuador","Restaurante","Restaurante","5247594178483260041","Guayaquil","EC","0x902d6d4de8ed298d:0x48d3331a35e70a89",,"https://lh3.googleusercontent.com/gps-cs-s/AHRPTWlKtARv4uZa_c0E1ciQrsvkVWlAt0OWnqG49SXXKn1JlecdPQYXZPK_TxCCl87SigA3GX2PU04pnOiGW41Pbav9OeLEW4TIc3Cj6awxMxvlp60hmHuReYtoJRuWyBWhvz5q8lLz2Q=w408-h272-k-no","false","false","/g/11g73597ns","es-419","0","-2.142207","-79.9036767",,"Alborada Oeste",,"false","ChIJjSnt6E1tLZARiQrnNRoz00g",,"$10-25","Hace 10 meses","2025-09-21T20:44:52.719Z",,"2025-09-21T22:45:25.000Z","Thank you, Brayan, for your wonderful review! We're thrilled to hear that you had a great experience with us. Your support means a lot, and we look forward to serving you again soon!",,,"Hay suficiente espacio",,,,"Ofertas de fin de semana","Estacionamiento gratuito en la calle",,,"$15-20",,,"Apto para grupos de todos los tamaños",,,,,"5","5","5","Ci9DQUlRQUNvZENodHljRjlvT2pKR2FsVlFkVVk1YWxBNExXbHhjMDAzTWxSdVNsRRAB",,,,,,,,,"Google",,,"0",,,"3594","2026-08-08T17:27:42.403Z","Direct Detail URL: https://www.google.com/maps/place/La+Casa+del+Tomahawk/@-2.1684545,-79.9245565,12z/data=!4m10!1m2!2m1!1sLa+Casa+del+TomaHawk!3m6!1s0x902d6d4de8ed298d:0x48d3331a35e70a89!8m2!3d-2.142207!4d-79.9036767!15sChRMYSBDYXNhIGRlbCBUb21hSGF3ayIDiAEBWhYiFGxhIGNhc2EgZGVsIHRvbWFoYXdrkgEKcmVzdGF1cmFudOABAA!16s%2Fg%2F11g73597ns?entry=ttu&g_ep=EgoyMDI2MDgwNS4xIKXMDSoASAFQAw%3D%3D","5",,"Av. Francisco de Orellana","false",,,"La Casa del Tomahawk","4.3",,"https://www.google.com/maps/search/?api=1&query=La%20Casa%20del%20Tomahawk&query_place_id=ChIJjSnt6E1tLZARiQrnNRoz00g",
"Av. Francisco de Orellana, 090508 Guayaquil, Ecuador","Restaurante","Restaurante","5247594178483260041","Guayaquil","EC","0x902d6d4de8ed298d:0x48d3331a35e70a89",,"https://lh3.googleusercontent.com/gps-cs-s/AHRPTWlKtARv4uZa_c0E1ciQrsvkVWlAt0OWnqG49SXXKn1JlecdPQYXZPK_TxCCl87SigA3GX2PU04pnOiGW41Pbav9OeLEW4TIc3Cj6awxMxvlp60hmHuReYtoJRuWyBWhvz5q8lLz2Q=w408-h272-k-no","false","true","/g/11g73597ns","es-419","0","-2.142207","-79.9036767",,"Alborada Oeste","es","false","ChIJjSnt6E1tLZARiQrnNRoz00g",,"$10-25","Hace 10 meses","2025-09-21T14:24:29.417Z",,"2025-09-21T16:24:59.000Z","Agradecemos mucho su comentario positivo. Nos alegra saber que disfrutó del servicio, la comida y el ambiente. Su satisfacción es nuestra prioridad y esperamos verlo nuevamente pronto.",,,,,,,"Ofertas de día de semana",,,,"$10-15",,,"Apto para grupos de todos los tamaños",,,,,"5","5","5","Ci9DQUlRQUNvZENodHljRjlvT2xaU2RFSkxkVEV3WVVkVFZWVkhjREZ4WjNSMVJXYxAB",,,,,,,,,"Google",,,"19",,,"3594","2026-08-08T17:27:42.403Z","Direct Detail URL: https://www.google.com/maps/place/La+Casa+del+Tomahawk/@-2.1684545,-79.9245565,12z/data=!4m10!1m2!2m1!1sLa+Casa+del+TomaHawk!3m6!1s0x902d6d4de8ed298d:0x48d3331a35e70a89!8m2!3d-2.142207!4d-79.9036767!15sChRMYSBDYXNhIGRlbCBUb21hSGF3ayIDiAEBWhYiFGxhIGNhc2EgZGVsIHRvbWFoYXdrkgEKcmVzdGF1cmFudOABAA!16s%2Fg%2F11g73597ns?entry=ttu&g_ep=EgoyMDI2MDgwNS4xIKXMDSoASAFQAw%3D%3D","5",,"Av. Francisco de Orellana","false","Muy buen servicio la comida buena y el ambiente",,"La Casa del Tomahawk","4.3",,"https://www.google.com/maps/search/?api=1&query=La%20Casa%20del%20Tomahawk&query_place_id=ChIJjSnt6E1tLZARiQrnNRoz00g",
"Av. Francisco de Orellana, 090508 Guayaquil, Ecuador","Restaurante","Restaurante","5247594178483260041","Guayaquil","EC","0x902d6d4de8ed298d:0x48d3331a35e70a89",,"https://lh3.googleusercontent.com/gps-cs-s/AHRPTWlKtARv4uZa_c0E1ciQrsvkVWlAt0OWnqG49SXXKn1JlecdPQYXZPK_TxCCl87SigA3GX2PU04pnOiGW41Pbav9OeLEW4TIc3Cj6awxMxvlp60hmHuReYtoJRuWyBWhvz5q8lLz2Q=w408-h272-k-no","false","false","/g/11g73597ns","es-419","0","-2.142207","-79.9036767",,"Alborada Oeste",,"false","ChIJjSnt6E1tLZARiQrnNRoz00g",,"$10-25","Hace 10 meses","2025-09-20T03:28:27.025Z",,"2025-09-20T05:28:52.000Z","Thank you for your fantastic review! We’re thrilled to hear that you had a great experience with us. Your support means a lot, and we look forward to serving you again soon.",,,"Es un poco difícil encontrar estacionamiento",,"Ningún evento especial",,,,,,"$25-30",,,"Apto para grupos de todos los tamaños","Hasta 10 min",,,,"4","5","5","Ci9DQUlRQUNvZENodHljRjlvT2xKRVQweDZWVFY2WHpGMFJuZEZNRU5YWVROd04wRRAB",,,,,,,,,"Google",,,"8",,,"3594","2026-08-08T17:27:42.403Z","Direct Detail URL: https://www.google.com/maps/place/La+Casa+del+Tomahawk/@-2.1684545,-79.9245565,12z/data=!4m10!1m2!2m1!1sLa+Casa+del+TomaHawk!3m6!1s0x902d6d4de8ed298d:0x48d3331a35e70a89!8m2!3d-2.142207!4d-79.9036767!15sChRMYSBDYXNhIGRlbCBUb21hSGF3ayIDiAEBWhYiFGxhIGNhc2EgZGVsIHRvbWFoYXdrkgEKcmVzdGF1cmFudOABAA!16s%2Fg%2F11g73597ns?entry=ttu&g_ep=EgoyMDI2MDgwNS4xIKXMDSoASAFQAw%3D%3D","5",,"Av. Francisco de Orellana","false",,,"La Casa del Tomahawk","4.3",,"https://www.google.com/maps/search/?api=1&query=La%20Casa%20del%20Tomahawk&query_place_id=ChIJjSnt6E1tLZARiQrnNRoz00g",
"Av. Francisco de Orellana, 090508 Guayaquil, Ecuador","Restaurante","Restaurante","5247594178483260041","Guayaquil","EC","0x902d6d4de8ed298d:0x48d3331a35e70a89",,"https://lh3.googleusercontent.com/gps-cs-s/AHRPTWlKtARv4uZa_c0E1ciQrsvkVWlAt0OWnqG49SXXKn1JlecdPQYXZPK_TxCCl87SigA3GX2PU04pnOiGW41Pbav9OeLEW4TIc3Cj6awxMxvlp60hmHuReYtoJRuWyBWhvz5q8lLz2Q=w408-h272-k-no","false","false","/g/11g73597ns","es-419","0","-2.142207","-79.9036767",,"Alborada Oeste","es","false","ChIJjSnt6E1tLZARiQrnNRoz00g",,"$10-25","Hace 10 meses","2025-09-19T18:21:23.977Z",,"2025-09-19T20:22:12.000Z","Agradecemos mucho tu comentario positivo. Nos alegra saber que disfrutaste de la proporción de nuestra comida. Trabajamos duro para ofrecer la mejor experiencia a nuestros clientes. ¡Esperamos verte de nuevo pronto!",,,,,,,,,,,,,,,,,,,"5","5","5","Ci9DQUlRQUNvZENodHljRjlvT2kxck1IQk5iRkZDTlVOaGVXYzJhMnhoUVhSbU5rRRAB","https://lh3.googleusercontent.com/grass-cs/ACvplmPO_bgTQJPnkOcUeGeMhuj2T5CtIH4hkKMK8lbjd0-n3fgrmh6Yi4r9gfIv2_CsB3eoITYDMioc8XmMIsMTw0rlAzkkxdU3rO8tozoRCmYSZO73aqBSAwSWUiGDRBeE-XDv_GgwlQePqeRK=k-no",,,,,,,,"Google",,,"2",,,"3594","2026-08-08T17:27:42.403Z","Direct Detail URL: https://www.google.com/maps/place/La+Casa+del+Tomahawk/@-2.1684545,-79.9245565,12z/data=!4m10!1m2!2m1!1sLa+Casa+del+TomaHawk!3m6!1s0x902d6d4de8ed298d:0x48d3331a35e70a89!8m2!3d-2.142207!4d-79.9036767!15sChRMYSBDYXNhIGRlbCBUb21hSGF3ayIDiAEBWhYiFGxhIGNhc2EgZGVsIHRvbWFoYXdrkgEKcmVzdGF1cmFudOABAA!16s%2Fg%2F11g73597ns?entry=ttu&g_ep=EgoyMDI2MDgwNS4xIKXMDSoASAFQAw%3D%3D","5",,"Av. Francisco de Orellana","false","Escelente proporción de comida",,"La Casa del Tomahawk","4.3",,"https://www.google.com/maps/search/?api=1&query=La%20Casa%20del%20Tomahawk&query_place_id=ChIJjSnt6E1tLZARiQrnNRoz00g",
"Av. Francisco de Orellana, 090508 Guayaquil, Ecuador","Restaurante","Restaurante","5247594178483260041","Guayaquil","EC","0x902d6d4de8ed298d:0x48d3331a35e70a89",,"https://lh3.googleusercontent.com/gps-cs-s/AHRPTWlKtARv4uZa_c0E1ciQrsvkVWlAt0OWnqG49SXXKn1JlecdPQYXZPK_TxCCl87SigA3GX2PU04pnOiGW41Pbav9OeLEW4TIc3Cj6awxMxvlp60hmHuReYtoJRuWyBWhvz5q8lLz2Q=w408-h272-k-no","false","false","/g/11g73597ns","es-419","0","-2.142207","-79.9036767",,"Alborada Oeste","es","false","ChIJjSnt6E1tLZARiQrnNRoz00g",,"$10-25","Hace 10 meses","2025-09-19T02:14:56.659Z",,,,,"Sillas de bebe",,,"Ningún evento especial",,,,,,"$10-15",,,"Apto para grupos de todos los tamaños","Hasta 10 min",,,,"5","5","5","Ci9DQUlRQUNvZENodHljRjlvT2pORVVUQmtVRFp1ZEdsUlZVTXpORWszY1VSSVNWRRAB",,,,,,,,,"Google",,,"0",,,"3594","2026-08-08T17:27:42.403Z","Direct Detail URL: https://www.google.com/maps/place/La+Casa+del+Tomahawk/@-2.1684545,-79.9245565,12z/data=!4m10!1m2!2m1!1sLa+Casa+del+TomaHawk!3m6!1s0x902d6d4de8ed298d:0x48d3331a35e70a89!8m2!3d-2.142207!4d-79.9036767!15sChRMYSBDYXNhIGRlbCBUb21hSGF3ayIDiAEBWhYiFGxhIGNhc2EgZGVsIHRvbWFoYXdrkgEKcmVzdGF1cmFudOABAA!16s%2Fg%2F11g73597ns?entry=ttu&g_ep=EgoyMDI2MDgwNS4xIKXMDSoASAFQAw%3D%3D","5",,"Av. Francisco de Orellana","false",,,"La Casa del Tomahawk","4.3",,"https://www.google.com/maps/search/?api=1&query=La%20Casa%20del%20Tomahawk&query_place_id=ChIJjSnt6E1tLZARiQrnNRoz00g",
"Av. Francisco de Orellana, 090508 Guayaquil, Ecuador","Restaurante","Restaurante","5247594178483260041","Guayaquil","EC","0x902d6d4de8ed298d:0x48d3331a35e70a89",,"https://lh3.googleusercontent.com/gps-cs-s/AHRPTWlKtARv4uZa_c0E1ciQrsvkVWlAt0OWnqG49SXXKn1JlecdPQYXZPK_TxCCl87SigA3GX2PU04pnOiGW41Pbav9OeLEW4TIc3Cj6awxMxvlp60hmHuReYtoJRuWyBWhvz5q8lLz2Q=w408-h272-k-no","false","false","/g/11g73597ns","es-419","0","-2.142207","-79.9036767",,"Alborada Oeste","es","false","ChIJjSnt6E1tLZARiQrnNRoz00g",,"$10-25","Hace 10 meses","2025-09-19T01:26:57.035Z",,,,,,,,"No lo sé",,,,,,"$10-15",,,"Entre 5 y 8 personas, Apto para grupos de todos los tamaños","Hasta 10 min",,,,"5","5","5","Ci9DQUlRQUNvZENodHljRjlvT20xWVNIWm5ORnBxVXpKRGRrOXNUMlJRUzNWVWVFRRAB",,,,,,,,,"Google",,,"2",,,"3594","2026-08-08T17:27:42.403Z","Direct Detail URL: https://www.google.com/maps/place/La+Casa+del+Tomahawk/@-2.1684545,-79.9245565,12z/data=!4m10!1m2!2m1!1sLa+Casa+del+TomaHawk!3m6!1s0x902d6d4de8ed298d:0x48d3331a35e70a89!8m2!3d-2.142207!4d-79.9036767!15sChRMYSBDYXNhIGRlbCBUb21hSGF3ayIDiAEBWhYiFGxhIGNhc2EgZGVsIHRvbWFoYXdrkgEKcmVzdGF1cmFudOABAA!16s%2Fg%2F11g73597ns?entry=ttu&g_ep=EgoyMDI2MDgwNS4xIKXMDSoASAFQAw%3D%3D","5",,"Av. Francisco de Orellana","false","Buen servicio, mucho respeto y audacia.",,"La Casa del Tomahawk","4.3",,"https://www.google.com/maps/search/?api=1&query=La%20Casa%20del%20Tomahawk&query_place_id=ChIJjSnt6E1tLZARiQrnNRoz00g",
"Av. Francisco de Orellana, 090508 Guayaquil, Ecuador","Restaurante","Restaurante","5247594178483260041","Guayaquil","EC","0x902d6d4de8ed298d:0x48d3331a35e70a89",,"https://lh3.googleusercontent.com/gps-cs-s/AHRPTWlKtARv4uZa_c0E1ciQrsvkVWlAt0OWnqG49SXXKn1JlecdPQYXZPK_TxCCl87SigA3GX2PU04pnOiGW41Pbav9OeLEW4TIc3Cj6awxMxvlp60hmHuReYtoJRuWyBWhvz5q8lLz2Q=w408-h272-k-no","false","true","/g/11g73597ns","es-419","0","-2.142207","-79.9036767",,"Alborada Oeste",,"false","ChIJjSnt6E1tLZARiQrnNRoz00g",,"$10-25","Hace 10 meses","2025-09-19T00:56:47.357Z",,,,,,,,,,,,,,,,,,,,,,,,,"Ci9DQUlRQUNvZENodHljRjlvT204NVptOWFkbnB0ZW1JMFdHOUxiVzAzZVhCelYzYxAB",,,,,,,,,"Google",,,"4",,,"3594","2026-08-08T17:27:42.403Z","Direct Detail URL: https://www.google.com/maps/place/La+Casa+del+Tomahawk/@-2.1684545,-79.9245565,12z/data=!4m10!1m2!2m1!1sLa+Casa+del+TomaHawk!3m6!1s0x902d6d4de8ed298d:0x48d3331a35e70a89!8m2!3d-2.142207!4d-79.9036767!15sChRMYSBDYXNhIGRlbCBUb21hSGF3ayIDiAEBWhYiFGxhIGNhc2EgZGVsIHRvbWFoYXdrkgEKcmVzdGF1cmFudOABAA!16s%2Fg%2F11g73597ns?entry=ttu&g_ep=EgoyMDI2MDgwNS4xIKXMDSoASAFQAw%3D%3D","5",,"Av. Francisco de Orellana","false",,,"La Casa del Tomahawk","4.3",,"https://www.google.com/maps/search/?api=1&query=La%20Casa%20del%20Tomahawk&query_place_id=ChIJjSnt6E1tLZARiQrnNRoz00g",
"Av. Francisco de Orellana, 090508 Guayaquil, Ecuador","Restaurante","Restaurante","5247594178483260041","Guayaquil","EC","0x902d6d4de8ed298d:0x48d3331a35e70a89",,"https://lh3.googleusercontent.com/gps-cs-s/AHRPTWlKtARv4uZa_c0E1ciQrsvkVWlAt0OWnqG49SXXKn1JlecdPQYXZPK_TxCCl87SigA3GX2PU04pnOiGW41Pbav9OeLEW4TIc3Cj6awxMxvlp60hmHuReYtoJRuWyBWhvz5q8lLz2Q=w408-h272-k-no","false","false","/g/11g73597ns","es-419","0","-2.142207","-79.9036767",,"Alborada Oeste",,"false","ChIJjSnt6E1tLZARiQrnNRoz00g",,"$10-25","Hace 10 meses","2025-09-18T23:01:32.472Z",,"2025-09-19T01:02:00.000Z","Thank you for your positive feedback! We appreciate your support and are glad to hear that you had a good experience with us. If there’s anything we can do to make your next visit even better, please let us know. Your satisfaction is important to us!",,,,,,,,,,,,,,,,,,,,,,"Ci9DQUlRQUNvZENodHljRjlvT201dGFqZDZXRk5IWWtKck1VOVFMVnAxTUU1clRsRRAB",,,,,,,,,"Google",,,"0",,,"3594","2026-08-08T17:27:42.403Z","Direct Detail URL: https://www.google.com/maps/place/La+Casa+del+Tomahawk/@-2.1684545,-79.9245565,12z/data=!4m10!1m2!2m1!1sLa+Casa+del+TomaHawk!3m6!1s0x902d6d4de8ed298d:0x48d3331a35e70a89!8m2!3d-2.142207!4d-79.9036767!15sChRMYSBDYXNhIGRlbCBUb21hSGF3ayIDiAEBWhYiFGxhIGNhc2EgZGVsIHRvbWFoYXdrkgEKcmVzdGF1cmFudOABAA!16s%2Fg%2F11g73597ns?entry=ttu&g_ep=EgoyMDI2MDgwNS4xIKXMDSoASAFQAw%3D%3D","4",,"Av. Francisco de Orellana","false",,,"La Casa del Tomahawk","4.3",,"https://www.google.com/maps/search/?api=1&query=La%20Casa%20del%20Tomahawk&query_place_id=ChIJjSnt6E1tLZARiQrnNRoz00g",
"Av. Francisco de Orellana, 090508 Guayaquil, Ecuador","Restaurante","Restaurante","5247594178483260041","Guayaquil","EC","0x902d6d4de8ed298d:0x48d3331a35e70a89",,"https://lh3.googleusercontent.com/gps-cs-s/AHRPTWlKtARv4uZa_c0E1ciQrsvkVWlAt0OWnqG49SXXKn1JlecdPQYXZPK_TxCCl87SigA3GX2PU04pnOiGW41Pbav9OeLEW4TIc3Cj6awxMxvlp60hmHuReYtoJRuWyBWhvz5q8lLz2Q=w408-h272-k-no","false","false","/g/11g73597ns","es-419","0","-2.142207","-79.9036767",,"Alborada Oeste","es","false","ChIJjSnt6E1tLZARiQrnNRoz00g",,"$10-25","Hace 10 meses","2025-09-18T01:05:50.906Z",,,,"Siempre hay","Si","Hay suficiente espacio","Buen servicio","Evento de temporada o de festividades",,,"Estacionamiento gratuito",,"Ninguna","$5-10",,"Ninguna","Más de 9 personas","Sin espera",,,,"5","5","5","Ci9DQUlRQUNvZENodHljRjlvT20wd1YwZE5PRGxSTW1Nd1FuaFdaQzEyZEcxVFNIYxAB",,,,,,,,,"Google",,,"0",,,"3594","2026-08-08T17:27:42.403Z","Direct Detail URL: https://www.google.com/maps/place/La+Casa+del+Tomahawk/@-2.1684545,-79.9245565,12z/data=!4m10!1m2!2m1!1sLa+Casa+del+TomaHawk!3m6!1s0x902d6d4de8ed298d:0x48d3331a35e70a89!8m2!3d-2.142207!4d-79.9036767!15sChRMYSBDYXNhIGRlbCBUb21hSGF3ayIDiAEBWhYiFGxhIGNhc2EgZGVsIHRvbWFoYXdrkgEKcmVzdGF1cmFudOABAA!16s%2Fg%2F11g73597ns?entry=ttu&g_ep=EgoyMDI2MDgwNS4xIKXMDSoASAFQAw%3D%3D","3",,"Av. Francisco de Orellana","false",,,"La Casa del Tomahawk","4.3",,"https://www.google.com/maps/search/?api=1&query=La%20Casa%20del%20Tomahawk&query_place_id=ChIJjSnt6E1tLZARiQrnNRoz00g",
"Av. Francisco de Orellana, 090508 Guayaquil, Ecuador","Restaurante","Restaurante","5247594178483260041","Guayaquil","EC","0x902d6d4de8ed298d:0x48d3331a35e70a89",,"https://lh3.googleusercontent.com/gps-cs-s/AHRPTWlKtARv4uZa_c0E1ciQrsvkVWlAt0OWnqG49SXXKn1JlecdPQYXZPK_TxCCl87SigA3GX2PU04pnOiGW41Pbav9OeLEW4TIc3Cj6awxMxvlp60hmHuReYtoJRuWyBWhvz5q8lLz2Q=w408-h272-k-no","false","false","/g/11g73597ns","es-419","0","-2.142207","-79.9036767",,"Alborada Oeste",,"false","ChIJjSnt6E1tLZARiQrnNRoz00g",,"$10-25","Hace 10 meses","2025-09-18T00:50:27.099Z",,"2025-09-18T02:50:51.000Z","Thank you, Daniel, for your fantastic review! We truly appreciate your support and are thrilled to hear you had a great experience with us. Your feedback motivates our team to continue delivering the best service possible. Looking forward to your next visit!",,,,,"Evento de temporada o de festividades",,,,,,"$5-10",,,"Más de 9 personas, Apto para grupos de todos los tamaños","Sin espera",,,,"5","5","5","Ci9DQUlRQUNvZENodHljRjlvT2xwamJVUnFlbVE0YTNwcmRsVXdUWE5rVVROVGFFRRAB",,,,,,,,,"Google",,,"0",,,"3594","2026-08-08T17:27:42.403Z","Direct Detail URL: https://www.google.com/maps/place/La+Casa+del+Tomahawk/@-2.1684545,-79.9245565,12z/data=!4m10!1m2!2m1!1sLa+Casa+del+TomaHawk!3m6!1s0x902d6d4de8ed298d:0x48d3331a35e70a89!8m2!3d-2.142207!4d-79.9036767!15sChRMYSBDYXNhIGRlbCBUb21hSGF3ayIDiAEBWhYiFGxhIGNhc2EgZGVsIHRvbWFoYXdrkgEKcmVzdGF1cmFudOABAA!16s%2Fg%2F11g73597ns?entry=ttu&g_ep=EgoyMDI2MDgwNS4xIKXMDSoASAFQAw%3D%3D","5",,"Av. Francisco de Orellana","false",,,"La Casa del Tomahawk","4.3",,"https://www.google.com/maps/search/?api=1&query=La%20Casa%20del%20Tomahawk&query_place_id=ChIJjSnt6E1tLZARiQrnNRoz00g",
"Av. Francisco de Orellana, 090508 Guayaquil, Ecuador","Restaurante","Restaurante","5247594178483260041","Guayaquil","EC","0x902d6d4de8ed298d:0x48d3331a35e70a89",,"https://lh3.googleusercontent.com/gps-cs-s/AHRPTWlKtARv4uZa_c0E1ciQrsvkVWlAt0OWnqG49SXXKn1JlecdPQYXZPK_TxCCl87SigA3GX2PU04pnOiGW41Pbav9OeLEW4TIc3Cj6awxMxvlp60hmHuReYtoJRuWyBWhvz5q8lLz2Q=w408-h272-k-no","false","false","/g/11g73597ns","es-419","0","-2.142207","-79.9036767",,"Alborada Oeste",,"false","ChIJjSnt6E1tLZARiQrnNRoz00g",,"$10-25","Hace 10 meses","2025-09-17T22:16:34.299Z",,,,,,,,,,,,,,,,,,,,,,"4","1","3","Ci9DQUlRQUNvZENodHljRjlvT2paNVVDMU9aREZOZHpCU1J6TkhWblZuU0Y4eFRXYxAB",,,,,,,,,"Google",,,"1",,,"3594","2026-08-08T17:27:42.403Z","Direct Detail URL: https://www.google.com/maps/place/La+Casa+del+Tomahawk/@-2.1684545,-79.9245565,12z/data=!4m10!1m2!2m1!1sLa+Casa+del+TomaHawk!3m6!1s0x902d6d4de8ed298d:0x48d3331a35e70a89!8m2!3d-2.142207!4d-79.9036767!15sChRMYSBDYXNhIGRlbCBUb21hSGF3ayIDiAEBWhYiFGxhIGNhc2EgZGVsIHRvbWFoYXdrkgEKcmVzdGF1cmFudOABAA!16s%2Fg%2F11g73597ns?entry=ttu&g_ep=EgoyMDI2MDgwNS4xIKXMDSoASAFQAw%3D%3D","1",,"Av. Francisco de Orellana","false",,,"La Casa del Tomahawk","4.3",,"https://www.google.com/maps/search/?api=1&query=La%20Casa%20del%20Tomahawk&query_place_id=ChIJjSnt6E1tLZARiQrnNRoz00g",
"Av. Francisco de Orellana, 090508 Guayaquil, Ecuador","Restaurante","Restaurante","5247594178483260041","Guayaquil","EC","0x902d6d4de8ed298d:0x48d3331a35e70a89",,"https://lh3.googleusercontent.com/gps-cs-s/AHRPTWlKtARv4uZa_c0E1ciQrsvkVWlAt0OWnqG49SXXKn1JlecdPQYXZPK_TxCCl87SigA3GX2PU04pnOiGW41Pbav9OeLEW4TIc3Cj6awxMxvlp60hmHuReYtoJRuWyBWhvz5q8lLz2Q=w408-h272-k-no","false","false","/g/11g73597ns","es-419","0","-2.142207","-79.9036767",,"Alborada Oeste",,"false","ChIJjSnt6E1tLZARiQrnNRoz00g",,"$10-25","Hace 10 meses","2025-09-17T17:58:19.253Z",,"2025-09-17T19:58:53.000Z","Thank you for your positive review, Jorge! We're thrilled to hear that you had a great experience. Your support means a lot to us. We look forward to serving you again soon!",,,,,"Ningún evento especial",,,,,,"$30-35",,,"3 o 4 personas","Hasta 10 min",,,,"5","5","5","Ci9DQUlRQUNvZENodHljRjlvT25OaFpqWlFSVzB0UlVKamJEYzNZVVF4UW1Zd2JGRRAB",,,,,,,,,"Google",,,"1",,,"3594","2026-08-08T17:27:42.403Z","Direct Detail URL: https://www.google.com/maps/place/La+Casa+del+Tomahawk/@-2.1684545,-79.9245565,12z/data=!4m10!1m2!2m1!1sLa+Casa+del+TomaHawk!3m6!1s0x902d6d4de8ed298d:0x48d3331a35e70a89!8m2!3d-2.142207!4d-79.9036767!15sChRMYSBDYXNhIGRlbCBUb21hSGF3ayIDiAEBWhYiFGxhIGNhc2EgZGVsIHRvbWFoYXdrkgEKcmVzdGF1cmFudOABAA!16s%2Fg%2F11g73597ns?entry=ttu&g_ep=EgoyMDI2MDgwNS4xIKXMDSoASAFQAw%3D%3D","5",,"Av. Francisco de Orellana","false",,,"La Casa del Tomahawk","4.3",,"https://www.google.com/maps/search/?api=1&query=La%20Casa%20del%20Tomahawk&query_place_id=ChIJjSnt6E1tLZARiQrnNRoz00g",
"Av. Francisco de Orellana, 090508 Guayaquil, Ecuador","Restaurante","Restaurante","5247594178483260041","Guayaquil","EC","0x902d6d4de8ed298d:0x48d3331a35e70a89",,"https://lh3.googleusercontent.com/gps-cs-s/AHRPTWlKtARv4uZa_c0E1ciQrsvkVWlAt0OWnqG49SXXKn1JlecdPQYXZPK_TxCCl87SigA3GX2PU04pnOiGW41Pbav9OeLEW4TIc3Cj6awxMxvlp60hmHuReYtoJRuWyBWhvz5q8lLz2Q=w408-h272-k-no","false","true","/g/11g73597ns","es-419","0","-2.142207","-79.9036767",,"Alborada Oeste",,"false","ChIJjSnt6E1tLZARiQrnNRoz00g",,"$10-25","Hace 10 meses","2025-09-16T22:23:58.168Z",,"2025-09-17T00:26:13.000Z","¡Muchas gracias por tu calificación de 5 estrellas! Nos alegra saber que tu experiencia fue tan positiva. Apreciamos tu apoyo y esperamos verte de nuevo pronto.",,,"Vas a tardar en estacionar",,"Ningún evento especial",,,"Estacionamiento gratuito en la calle",,,"$10-15",,,"Entre 5 y 8 personas","De 10 a 30 min",,,,"4","5","5","Ci9DQUlRQUNvZENodHljRjlvT2xCUE9ERjVZVWxEU1d0MVYyZGxNVEJLZDFoc05WRRAB",,,,,,,,,"Google",,,"15",,,"3594","2026-08-08T17:27:42.403Z","Direct Detail URL: https://www.google.com/maps/place/La+Casa+del+Tomahawk/@-2.1684545,-79.9245565,12z/data=!4m10!1m2!2m1!1sLa+Casa+del+TomaHawk!3m6!1s0x902d6d4de8ed298d:0x48d3331a35e70a89!8m2!3d-2.142207!4d-79.9036767!15sChRMYSBDYXNhIGRlbCBUb21hSGF3ayIDiAEBWhYiFGxhIGNhc2EgZGVsIHRvbWFoYXdrkgEKcmVzdGF1cmFudOABAA!16s%2Fg%2F11g73597ns?entry=ttu&g_ep=EgoyMDI2MDgwNS4xIKXMDSoASAFQAw%3D%3D","5",,"Av. Francisco de Orellana","false",,,"La Casa del Tomahawk","4.3",,"https://www.google.com/maps/search/?api=1&query=La%20Casa%20del%20Tomahawk&query_place_id=ChIJjSnt6E1tLZARiQrnNRoz00g",
"Av. Francisco de Orellana, 090508 Guayaquil, Ecuador","Restaurante","Restaurante","5247594178483260041","Guayaquil","EC","0x902d6d4de8ed298d:0x48d3331a35e70a89",,"https://lh3.googleusercontent.com/gps-cs-s/AHRPTWlKtARv4uZa_c0E1ciQrsvkVWlAt0OWnqG49SXXKn1JlecdPQYXZPK_TxCCl87SigA3GX2PU04pnOiGW41Pbav9OeLEW4TIc3Cj6awxMxvlp60hmHuReYtoJRuWyBWhvz5q8lLz2Q=w408-h272-k-no","false","false","/g/11g73597ns","es-419","0","-2.142207","-79.9036767",,"Alborada Oeste","es","false","ChIJjSnt6E1tLZARiQrnNRoz00g",,"$10-25","Hace 10 meses","2025-09-16T02:55:29.243Z",,,,,"Sillas para niños",,,"Ningún evento especial",,,,,,"$25-30",,,"Entre 5 y 8 personas","Sin espera",,,,"5","5","5","Ci9DQUlRQUNvZENodHljRjlvT25BelNsOVFNMlZJWkZRMFptVkRNMjVDZW5SRVoxRRAB",,,,,,,,,"Google",,,"0",,,"3594","2026-08-08T17:27:42.403Z","Direct Detail URL: https://www.google.com/maps/place/La+Casa+del+Tomahawk/@-2.1684545,-79.9245565,12z/data=!4m10!1m2!2m1!1sLa+Casa+del+TomaHawk!3m6!1s0x902d6d4de8ed298d:0x48d3331a35e70a89!8m2!3d-2.142207!4d-79.9036767!15sChRMYSBDYXNhIGRlbCBUb21hSGF3ayIDiAEBWhYiFGxhIGNhc2EgZGVsIHRvbWFoYXdrkgEKcmVzdGF1cmFudOABAA!16s%2Fg%2F11g73597ns?entry=ttu&g_ep=EgoyMDI2MDgwNS4xIKXMDSoASAFQAw%3D%3D","5",,"Av. Francisco de Orellana","false",,,"La Casa del Tomahawk","4.3",,"https://www.google.com/maps/search/?api=1&query=La%20Casa%20del%20Tomahawk&query_place_id=ChIJjSnt6E1tLZARiQrnNRoz00g",
"Av. Francisco de Orellana, 090508 Guayaquil, Ecuador","Restaurante","Restaurante","5247594178483260041","Guayaquil","EC","0x902d6d4de8ed298d:0x48d3331a35e70a89",,"https://lh3.googleusercontent.com/gps-cs-s/AHRPTWlKtARv4uZa_c0E1ciQrsvkVWlAt0OWnqG49SXXKn1JlecdPQYXZPK_TxCCl87SigA3GX2PU04pnOiGW41Pbav9OeLEW4TIc3Cj6awxMxvlp60hmHuReYtoJRuWyBWhvz5q8lLz2Q=w408-h272-k-no","false","false","/g/11g73597ns","es-419","0","-2.142207","-79.9036767",,"Alborada Oeste","es","false","ChIJjSnt6E1tLZARiQrnNRoz00g",,"$10-25","Hace 10 meses","2025-09-16T01:57:50.532Z",,"2025-09-16T03:59:29.000Z","¡Gracias, Kevin! Nos alegra saber que has tenido una experiencia excelente. Esperamos verte de nuevo pronto.","Si","Si","Es un poco difícil encontrar estacionamiento",,"Ningún evento especial",,,,,"Excelente","$10-15",,"Muy bueno","Apto para grupos de todos los tamaños","Sin espera",,,,"5","5","5","Ci9DQUlRQUNvZENodHljRjlvT214c1luWTRVRWR4YVUxME9XdHlWMVIzTUU1Q2JXYxAB",,,,,,,,,"Google",,,"1",,,"3594","2026-08-08T17:27:42.403Z","Direct Detail URL: https://www.google.com/maps/place/La+Casa+del+Tomahawk/@-2.1684545,-79.9245565,12z/data=!4m10!1m2!2m1!1sLa+Casa+del+TomaHawk!3m6!1s0x902d6d4de8ed298d:0x48d3331a35e70a89!8m2!3d-2.142207!4d-79.9036767!15sChRMYSBDYXNhIGRlbCBUb21hSGF3ayIDiAEBWhYiFGxhIGNhc2EgZGVsIHRvbWFoYXdrkgEKcmVzdGF1cmFudOABAA!16s%2Fg%2F11g73597ns?entry=ttu&g_ep=EgoyMDI2MDgwNS4xIKXMDSoASAFQAw%3D%3D","5",,"Av. Francisco de Orellana","false","Excelente lugar",,"La Casa del Tomahawk","4.3",,"https://www.google.com/maps/search/?api=1&query=La%20Casa%20del%20Tomahawk&query_place_id=ChIJjSnt6E1tLZARiQrnNRoz00g",
"Av. Francisco de Orellana, 090508 Guayaquil, Ecuador","Restaurante","Restaurante","5247594178483260041","Guayaquil","EC","0x902d6d4de8ed298d:0x48d3331a35e70a89",,"https://lh3.googleusercontent.com/gps-cs-s/AHRPTWlKtARv4uZa_c0E1ciQrsvkVWlAt0OWnqG49SXXKn1JlecdPQYXZPK_TxCCl87SigA3GX2PU04pnOiGW41Pbav9OeLEW4TIc3Cj6awxMxvlp60hmHuReYtoJRuWyBWhvz5q8lLz2Q=w408-h272-k-no","false","false","/g/11g73597ns","es-419","0","-2.142207","-79.9036767",,"Alborada Oeste",,"false","ChIJjSnt6E1tLZARiQrnNRoz00g",,"$10-25","Editado Hace 10 meses","2025-09-15T13:01:22.522Z",,,,,,,,"No lo sé",,,,,,"$20-25",,,"Entre 5 y 8 personas, Apto para grupos de todos los tamaños","Sin espera",,,,"5","5","5","Ci9DQUlRQUNvZENodHljRjlvT2tGcVpsTjNYelkwTTNwSGVFVlBOblZUTXpad1ZrRRAB",,,,,,,,,"Google",,,"0",,,"3594","2026-08-08T17:27:42.403Z","Direct Detail URL: https://www.google.com/maps/place/La+Casa+del+Tomahawk/@-2.1684545,-79.9245565,12z/data=!4m10!1m2!2m1!1sLa+Casa+del+TomaHawk!3m6!1s0x902d6d4de8ed298d:0x48d3331a35e70a89!8m2!3d-2.142207!4d-79.9036767!15sChRMYSBDYXNhIGRlbCBUb21hSGF3ayIDiAEBWhYiFGxhIGNhc2EgZGVsIHRvbWFoYXdrkgEKcmVzdGF1cmFudOABAA!16s%2Fg%2F11g73597ns?entry=ttu&g_ep=EgoyMDI2MDgwNS4xIKXMDSoASAFQAw%3D%3D","5",,"Av. Francisco de Orellana","false",,,"La Casa del Tomahawk","4.3",,"https://www.google.com/maps/search/?api=1&query=La%20Casa%20del%20Tomahawk&query_place_id=ChIJjSnt6E1tLZARiQrnNRoz00g",
"Av. Francisco de Orellana, 090508 Guayaquil, Ecuador","Restaurante","Restaurante","5247594178483260041","Guayaquil","EC","0x902d6d4de8ed298d:0x48d3331a35e70a89",,"https://lh3.googleusercontent.com/gps-cs-s/AHRPTWlKtARv4uZa_c0E1ciQrsvkVWlAt0OWnqG49SXXKn1JlecdPQYXZPK_TxCCl87SigA3GX2PU04pnOiGW41Pbav9OeLEW4TIc3Cj6awxMxvlp60hmHuReYtoJRuWyBWhvz5q8lLz2Q=w408-h272-k-no","false","false","/g/11g73597ns","es-419","0","-2.142207","-79.9036767",,"Alborada Oeste","es","false","ChIJjSnt6E1tLZARiQrnNRoz00g",,"$10-25","Hace 10 meses","2025-09-15T01:00:31.620Z",,,,,,,,"Evento de temporada o de festividades",,,,,,"$10-15",,,"2 personas","Sin espera",,,,"5","5","4","Ci9DQUlRQUNvZENodHljRjlvT25SVWVUTlRNMlpwZFMxQ09VVTJaMWh1TXkwd04zYxAB",,,,,,,,,"Google",,,"2",,,"3594","2026-08-08T17:27:42.403Z","Direct Detail URL: https://www.google.com/maps/place/La+Casa+del+Tomahawk/@-2.1684545,-79.9245565,12z/data=!4m10!1m2!2m1!1sLa+Casa+del+TomaHawk!3m6!1s0x902d6d4de8ed298d:0x48d3331a35e70a89!8m2!3d-2.142207!4d-79.9036767!15sChRMYSBDYXNhIGRlbCBUb21hSGF3ayIDiAEBWhYiFGxhIGNhc2EgZGVsIHRvbWFoYXdrkgEKcmVzdGF1cmFudOABAA!16s%2Fg%2F11g73597ns?entry=ttu&g_ep=EgoyMDI2MDgwNS4xIKXMDSoASAFQAw%3D%3D","4",,"Av. Francisco de Orellana","false","Excelente servicio",,"La Casa del Tomahawk","4.3",,"https://www.google.com/maps/search/?api=1&query=La%20Casa%20del%20Tomahawk&query_place_id=ChIJjSnt6E1tLZARiQrnNRoz00g",
"Av. Francisco de Orellana, 090508 Guayaquil, Ecuador","Restaurante","Restaurante","5247594178483260041","Guayaquil","EC","0x902d6d4de8ed298d:0x48d3331a35e70a89",,"https://lh3.googleusercontent.com/gps-cs-s/AHRPTWlKtARv4uZa_c0E1ciQrsvkVWlAt0OWnqG49SXXKn1JlecdPQYXZPK_TxCCl87SigA3GX2PU04pnOiGW41Pbav9OeLEW4TIc3Cj6awxMxvlp60hmHuReYtoJRuWyBWhvz5q8lLz2Q=w408-h272-k-no","false","false","/g/11g73597ns","es-419","0","-2.142207","-79.9036767",,"Alborada Oeste",,"false","ChIJjSnt6E1tLZARiQrnNRoz00g",,"$10-25","Hace 10 meses","2025-09-14T23:07:38.418Z",,"2025-09-15T01:57:51.000Z","Thank you for your wonderful review, Angie! We're thrilled to hear that you had a positive experience with us. Your support means a lot, and we look forward to serving you again soon.",,,,,"Otros",,,,,,"$20-25",,,"Apto para grupos de todos los tamaños","Sin espera",,,,"5","5","5","Ci9DQUlRQUNvZENodHljRjlvT25WRldWWlJRbFZNYnpadFFteHpia05IYTFWbVJXYxAB","https://lh3.googleusercontent.com/grass-cs/ACvplmNVuNge_YEhiY148_HenMtoKk6MCHIy4t9W4lAdC0IjDMtVADB-h-KG675Pvb6DI-N-pJUe3ZMYaPRNL5WyNsjQ-RY84UNjUk8E-fcFtV33x1ez9DwiKZvwIF24_FyXhgnrsfarzjXpMFU=k-no",,,,,,,,"Google",,,"0",,,"3594","2026-08-08T17:27:42.403Z","Direct Detail URL: https://www.google.com/maps/place/La+Casa+del+Tomahawk/@-2.1684545,-79.9245565,12z/data=!4m10!1m2!2m1!1sLa+Casa+del+TomaHawk!3m6!1s0x902d6d4de8ed298d:0x48d3331a35e70a89!8m2!3d-2.142207!4d-79.9036767!15sChRMYSBDYXNhIGRlbCBUb21hSGF3ayIDiAEBWhYiFGxhIGNhc2EgZGVsIHRvbWFoYXdrkgEKcmVzdGF1cmFudOABAA!16s%2Fg%2F11g73597ns?entry=ttu&g_ep=EgoyMDI2MDgwNS4xIKXMDSoASAFQAw%3D%3D","5",,"Av. Francisco de Orellana","false",,,"La Casa del Tomahawk","4.3",,"https://www.google.com/maps/search/?api=1&query=La%20Casa%20del%20Tomahawk&query_place_id=ChIJjSnt6E1tLZARiQrnNRoz00g",
"Av. Francisco de Orellana, 090508 Guayaquil, Ecuador","Restaurante","Restaurante","5247594178483260041","Guayaquil","EC","0x902d6d4de8ed298d:0x48d3331a35e70a89",,"https://lh3.googleusercontent.com/gps-cs-s/AHRPTWlKtARv4uZa_c0E1ciQrsvkVWlAt0OWnqG49SXXKn1JlecdPQYXZPK_TxCCl87SigA3GX2PU04pnOiGW41Pbav9OeLEW4TIc3Cj6awxMxvlp60hmHuReYtoJRuWyBWhvz5q8lLz2Q=w408-h272-k-no","false","false","/g/11g73597ns","es-419","0","-2.142207","-79.9036767",,"Alborada Oeste",,"false","ChIJjSnt6E1tLZARiQrnNRoz00g",,"$10-25","Hace 10 meses","2025-09-14T19:03:57.407Z",,,,,,,,,,,,,,"$15-20",,,,,,,,"5","5","5","Ci9DQUlRQUNvZENodHljRjlvT2s4eFJGSlBTM2RuWTFORlpEWjNURE4yZUc1c05WRRAB",,,,,,,,,"Google",,,"2",,,"3594","2026-08-08T17:27:42.403Z","Direct Detail URL: https://www.google.com/maps/place/La+Casa+del+Tomahawk/@-2.1684545,-79.9245565,12z/data=!4m10!1m2!2m1!1sLa+Casa+del+TomaHawk!3m6!1s0x902d6d4de8ed298d:0x48d3331a35e70a89!8m2!3d-2.142207!4d-79.9036767!15sChRMYSBDYXNhIGRlbCBUb21hSGF3ayIDiAEBWhYiFGxhIGNhc2EgZGVsIHRvbWFoYXdrkgEKcmVzdGF1cmFudOABAA!16s%2Fg%2F11g73597ns?entry=ttu&g_ep=EgoyMDI2MDgwNS4xIKXMDSoASAFQAw%3D%3D","5",,"Av. Francisco de Orellana","false",,,"La Casa del Tomahawk","4.3",,"https://www.google.com/maps/search/?api=1&query=La%20Casa%20del%20Tomahawk&query_place_id=ChIJjSnt6E1tLZARiQrnNRoz00g",
"Av. Francisco de Orellana, 090508 Guayaquil, Ecuador","Restaurante","Restaurante","5247594178483260041","Guayaquil","EC","0x902d6d4de8ed298d:0x48d3331a35e70a89",,"https://lh3.googleusercontent.com/gps-cs-s/AHRPTWlKtARv4uZa_c0E1ciQrsvkVWlAt0OWnqG49SXXKn1JlecdPQYXZPK_TxCCl87SigA3GX2PU04pnOiGW41Pbav9OeLEW4TIc3Cj6awxMxvlp60hmHuReYtoJRuWyBWhvz5q8lLz2Q=w408-h272-k-no","false","false","/g/11g73597ns","es-419","0","-2.142207","-79.9036767",,"Alborada Oeste","es","false","ChIJjSnt6E1tLZARiQrnNRoz00g",,"$10-25","Hace 10 meses","2025-09-14T02:37:09.552Z",,"2025-09-14T03:12:56.000Z","Thank you, Yulexy, for the fantastic review! We’re thrilled to hear that you had a great experience and appreciate your support. Your feedback motivates us to continue providing outstanding service. We look forward to seeing you again soon!","Si lo hay","Si lo es, ambiente bueno","Hay suficiente espacio","Ninguno","Evento de temporada o de festividades",,,"Estacionamiento gratuito",,"No lo sé","$20-25",,"Bien proporcionado","Apto para grupos de todos los tamaños","Hasta 10 min",,,,"5","5","5","Ci9DQUlRQUNvZENodHljRjlvT2xKMWJWWmZVVTV0U2xrM1RsSnFURzFSZHpocE0xRRAB",,,,,,,,,"Google",,,"0",,,"3594","2026-08-08T17:27:42.403Z","Direct Detail URL: https://www.google.com/maps/place/La+Casa+del+Tomahawk/@-2.1684545,-79.9245565,12z/data=!4m10!1m2!2m1!1sLa+Casa+del+TomaHawk!3m6!1s0x902d6d4de8ed298d:0x48d3331a35e70a89!8m2!3d-2.142207!4d-79.9036767!15sChRMYSBDYXNhIGRlbCBUb21hSGF3ayIDiAEBWhYiFGxhIGNhc2EgZGVsIHRvbWFoYXdrkgEKcmVzdGF1cmFudOABAA!16s%2Fg%2F11g73597ns?entry=ttu&g_ep=EgoyMDI2MDgwNS4xIKXMDSoASAFQAw%3D%3D","5",,"Av. Francisco de Orellana","false",,,"La Casa del Tomahawk","4.3",,"https://www.google.com/maps/search/?api=1&query=La%20Casa%20del%20Tomahawk&query_place_id=ChIJjSnt6E1tLZARiQrnNRoz00g",
"Av. Francisco de Orellana, 090508 Guayaquil, Ecuador","Restaurante","Restaurante","5247594178483260041","Guayaquil","EC","0x902d6d4de8ed298d:0x48d3331a35e70a89",,"https://lh3.googleusercontent.com/gps-cs-s/AHRPTWlKtARv4uZa_c0E1ciQrsvkVWlAt0OWnqG49SXXKn1JlecdPQYXZPK_TxCCl87SigA3GX2PU04pnOiGW41Pbav9OeLEW4TIc3Cj6awxMxvlp60hmHuReYtoJRuWyBWhvz5q8lLz2Q=w408-h272-k-no","false","false","/g/11g73597ns","es-419","0","-2.142207","-79.9036767",,"Alborada Oeste","es","false","ChIJjSnt6E1tLZARiQrnNRoz00g",,"$10-25","Hace 10 meses","2025-09-13T20:56:16.836Z",,,,,"Si se aceptan niños","Hay suficiente espacio",,"Otros",,,,,,,,,"Entre 5 y 8 personas","Hasta 10 min",,,,"5","5","5","Ci9DQUlRQUNvZENodHljRjlvT2toSFMyeDFabGxRZEZvMldGbEtSVkpNY0hVd2NGRRAB",,,,,,,,,"Google",,,"0",,,"3594","2026-08-08T17:27:42.403Z","Direct Detail URL: https://www.google.com/maps/place/La+Casa+del+Tomahawk/@-2.1684545,-79.9245565,12z/data=!4m10!1m2!2m1!1sLa+Casa+del+TomaHawk!3m6!1s0x902d6d4de8ed298d:0x48d3331a35e70a89!8m2!3d-2.142207!4d-79.9036767!15sChRMYSBDYXNhIGRlbCBUb21hSGF3ayIDiAEBWhYiFGxhIGNhc2EgZGVsIHRvbWFoYXdrkgEKcmVzdGF1cmFudOABAA!16s%2Fg%2F11g73597ns?entry=ttu&g_ep=EgoyMDI2MDgwNS4xIKXMDSoASAFQAw%3D%3D","5",,"Av. Francisco de Orellana","false",,,"La Casa del Tomahawk","4.3",,"https://www.google.com/maps/search/?api=1&query=La%20Casa%20del%20Tomahawk&query_place_id=ChIJjSnt6E1tLZARiQrnNRoz00g",
"Av. Francisco de Orellana, 090508 Guayaquil, Ecuador","Restaurante","Restaurante","5247594178483260041","Guayaquil","EC","0x902d6d4de8ed298d:0x48d3331a35e70a89",,"https://lh3.googleusercontent.com/gps-cs-s/AHRPTWlKtARv4uZa_c0E1ciQrsvkVWlAt0OWnqG49SXXKn1JlecdPQYXZPK_TxCCl87SigA3GX2PU04pnOiGW41Pbav9OeLEW4TIc3Cj6awxMxvlp60hmHuReYtoJRuWyBWhvz5q8lLz2Q=w408-h272-k-no","false","false","/g/11g73597ns","es-419","0","-2.142207","-79.9036767",,"Alborada Oeste","es","false","ChIJjSnt6E1tLZARiQrnNRoz00g",,"$10-25","Hace 10 meses","2025-09-13T19:54:49.971Z",,"2025-09-13T20:31:25.000Z","Thank you for your positive review, Dani! We're glad to hear you had a good experience. If there's anything specific that could have made it a five-star experience, we would love to hear your feedback. We appreciate your support and look forward to serving you again!",,"Si","Es un poco difícil encontrar estacionamiento","No","Ningún evento especial",,,"Estacionamiento pagado en la calle",,"No vi",,,"No","Apto para grupos de todos los tamaños","De 10 a 30 min",,,,"4","5","5","Ci9DQUlRQUNvZENodHljRjlvT2pnNVJGWjFSRWRpV0RsVlZXbHZUMkZvZGpoV2FsRRAB","https://lh3.googleusercontent.com/grass-cs/ACvplmNmwqUvkMzJ5afxsw2Lh9xnKvJq2y2RlsHfIVnhB4_GUqviT9WnmkG8D-bUX2HPPVr4rbmSAEJthBvYYKdLsnZ9bz2CGe8wZYWGKq07X8qdpWCjoqKH0eRcSAjQs-c6ueP3Q--_9l2viJHZ=k-no",,,,,,,,"Google",,,"1",,,"3594","2026-08-08T17:27:42.403Z","Direct Detail URL: https://www.google.com/maps/place/La+Casa+del+Tomahawk/@-2.1684545,-79.9245565,12z/data=!4m10!1m2!2m1!1sLa+Casa+del+TomaHawk!3m6!1s0x902d6d4de8ed298d:0x48d3331a35e70a89!8m2!3d-2.142207!4d-79.9036767!15sChRMYSBDYXNhIGRlbCBUb21hSGF3ayIDiAEBWhYiFGxhIGNhc2EgZGVsIHRvbWFoYXdrkgEKcmVzdGF1cmFudOABAA!16s%2Fg%2F11g73597ns?entry=ttu&g_ep=EgoyMDI2MDgwNS4xIKXMDSoASAFQAw%3D%3D","4",,"Av. Francisco de Orellana","false",,,"La Casa del Tomahawk","4.3",,"https://www.google.com/maps/search/?api=1&query=La%20Casa%20del%20Tomahawk&query_place_id=ChIJjSnt6E1tLZARiQrnNRoz00g",
"Av. Francisco de Orellana, 090508 Guayaquil, Ecuador","Restaurante","Restaurante","5247594178483260041","Guayaquil","EC","0x902d6d4de8ed298d:0x48d3331a35e70a89",,"https://lh3.googleusercontent.com/gps-cs-s/AHRPTWlKtARv4uZa_c0E1ciQrsvkVWlAt0OWnqG49SXXKn1JlecdPQYXZPK_TxCCl87SigA3GX2PU04pnOiGW41Pbav9OeLEW4TIc3Cj6awxMxvlp60hmHuReYtoJRuWyBWhvz5q8lLz2Q=w408-h272-k-no","false","false","/g/11g73597ns","es-419","0","-2.142207","-79.9036767",,"Alborada Oeste",,"false","ChIJjSnt6E1tLZARiQrnNRoz00g",,"$10-25","Hace 10 meses","2025-09-12T02:37:12.685Z",,,,,,,,,,,,,,,,,,,,,,"5","5","5","Ci9DQUlRQUNvZENodHljRjlvT25sRGJHNXdZblZyTTNnM2RtbEZOelIwYTFKc2JIYxAB",,,,,,,,,"Google",,,"0",,,"3594","2026-08-08T17:27:42.403Z","Direct Detail URL: https://www.google.com/maps/place/La+Casa+del+Tomahawk/@-2.1684545,-79.9245565,12z/data=!4m10!1m2!2m1!1sLa+Casa+del+TomaHawk!3m6!1s0x902d6d4de8ed298d:0x48d3331a35e70a89!8m2!3d-2.142207!4d-79.9036767!15sChRMYSBDYXNhIGRlbCBUb21hSGF3ayIDiAEBWhYiFGxhIGNhc2EgZGVsIHRvbWFoYXdrkgEKcmVzdGF1cmFudOABAA!16s%2Fg%2F11g73597ns?entry=ttu&g_ep=EgoyMDI2MDgwNS4xIKXMDSoASAFQAw%3D%3D","5",,"Av. Francisco de Orellana","false",,,"La Casa del Tomahawk","4.3",,"https://www.google.com/maps/search/?api=1&query=La%20Casa%20del%20Tomahawk&query_place_id=ChIJjSnt6E1tLZARiQrnNRoz00g",
"Av. Francisco de Orellana, 090508 Guayaquil, Ecuador","Restaurante","Restaurante","5247594178483260041","Guayaquil","EC","0x902d6d4de8ed298d:0x48d3331a35e70a89",,"https://lh3.googleusercontent.com/gps-cs-s/AHRPTWlKtARv4uZa_c0E1ciQrsvkVWlAt0OWnqG49SXXKn1JlecdPQYXZPK_TxCCl87SigA3GX2PU04pnOiGW41Pbav9OeLEW4TIc3Cj6awxMxvlp60hmHuReYtoJRuWyBWhvz5q8lLz2Q=w408-h272-k-no","false","false","/g/11g73597ns","es-419","0","-2.142207","-79.9036767",,"Alborada Oeste",,"false","ChIJjSnt6E1tLZARiQrnNRoz00g",,"$10-25","Hace 10 meses","2025-09-12T02:11:48.517Z",,,,,,,,,,,,,,,,,,,,,,"5","5","5","Ci9DQUlRQUNvZENodHljRjlvT21OQlUzVmljM1pHUTBOSGEyRTNhMkkyYm1SSGJrRRAB",,,,,,,,,"Google",,,"4",,,"3594","2026-08-08T17:27:42.403Z","Direct Detail URL: https://www.google.com/maps/place/La+Casa+del+Tomahawk/@-2.1684545,-79.9245565,12z/data=!4m10!1m2!2m1!1sLa+Casa+del+TomaHawk!3m6!1s0x902d6d4de8ed298d:0x48d3331a35e70a89!8m2!3d-2.142207!4d-79.9036767!15sChRMYSBDYXNhIGRlbCBUb21hSGF3ayIDiAEBWhYiFGxhIGNhc2EgZGVsIHRvbWFoYXdrkgEKcmVzdGF1cmFudOABAA!16s%2Fg%2F11g73597ns?entry=ttu&g_ep=EgoyMDI2MDgwNS4xIKXMDSoASAFQAw%3D%3D","5",,"Av. Francisco de Orellana","false",,,"La Casa del Tomahawk","4.3",,"https://www.google.com/maps/search/?api=1&query=La%20Casa%20del%20Tomahawk&query_place_id=ChIJjSnt6E1tLZARiQrnNRoz00g",
"Av. Francisco de Orellana, 090508 Guayaquil, Ecuador","Restaurante","Restaurante","5247594178483260041","Guayaquil","EC","0x902d6d4de8ed298d:0x48d3331a35e70a89",,"https://lh3.googleusercontent.com/gps-cs-s/AHRPTWlKtARv4uZa_c0E1ciQrsvkVWlAt0OWnqG49SXXKn1JlecdPQYXZPK_TxCCl87SigA3GX2PU04pnOiGW41Pbav9OeLEW4TIc3Cj6awxMxvlp60hmHuReYtoJRuWyBWhvz5q8lLz2Q=w408-h272-k-no","false","false","/g/11g73597ns","es-419","0","-2.142207","-79.9036767",,"Alborada Oeste",,"false","ChIJjSnt6E1tLZARiQrnNRoz00g",,"$10-25","Hace 10 meses","2025-09-12T00:50:39.189Z",,,,,,,,"Ningún evento especial",,,,,,"$5-10",,,"Entre 5 y 8 personas","Sin espera",,,,"3","4","5","Ci9DQUlRQUNvZENodHljRjlvT2tGS1VtZFdheTFyV0c5eFJqQmtkMlF4Y1RKdU5VRRAB",,,,,,,,,"Google",,,"1",,,"3594","2026-08-08T17:27:42.403Z","Direct Detail URL: https://www.google.com/maps/place/La+Casa+del+Tomahawk/@-2.1684545,-79.9245565,12z/data=!4m10!1m2!2m1!1sLa+Casa+del+TomaHawk!3m6!1s0x902d6d4de8ed298d:0x48d3331a35e70a89!8m2!3d-2.142207!4d-79.9036767!15sChRMYSBDYXNhIGRlbCBUb21hSGF3ayIDiAEBWhYiFGxhIGNhc2EgZGVsIHRvbWFoYXdrkgEKcmVzdGF1cmFudOABAA!16s%2Fg%2F11g73597ns?entry=ttu&g_ep=EgoyMDI2MDgwNS4xIKXMDSoASAFQAw%3D%3D","4",,"Av. Francisco de Orellana","false",,,"La Casa del Tomahawk","4.3",,"https://www.google.com/maps/search/?api=1&query=La%20Casa%20del%20Tomahawk&query_place_id=ChIJjSnt6E1tLZARiQrnNRoz00g",
"Av. Francisco de Orellana, 090508 Guayaquil, Ecuador","Restaurante","Restaurante","5247594178483260041","Guayaquil","EC","0x902d6d4de8ed298d:0x48d3331a35e70a89",,"https://lh3.googleusercontent.com/gps-cs-s/AHRPTWlKtARv4uZa_c0E1ciQrsvkVWlAt0OWnqG49SXXKn1JlecdPQYXZPK_TxCCl87SigA3GX2PU04pnOiGW41Pbav9OeLEW4TIc3Cj6awxMxvlp60hmHuReYtoJRuWyBWhvz5q8lLz2Q=w408-h272-k-no","false","false","/g/11g73597ns","es-419","0","-2.142207","-79.9036767",,"Alborada Oeste","es","false","ChIJjSnt6E1tLZARiQrnNRoz00g",,"$10-25","Hace 10 meses","2025-09-11T23:57:50.651Z",,,,"Sii","Nn","Es un poco difícil encontrar estacionamiento","Nn","Ningún evento especial",,,"Estacionamiento gratuito, Estacionamiento pagado, Estacionamiento gratuito en la calle",,"Nn","$20-25",,"Nn","3 o 4 personas","Sin espera",,,,"5","5","5","Ci9DQUlRQUNvZENodHljRjlvT2xWWWVHTmhSWGR1UVVVMGNHOUhkRGxpWDFoRVZIYxAB",,,,,,,,,"Google",,,"1",,,"3594","2026-08-08T17:27:42.403Z","Direct Detail URL: https://www.google.com/maps/place/La+Casa+del+Tomahawk/@-2.1684545,-79.9245565,12z/data=!4m10!1m2!2m1!1sLa+Casa+del+TomaHawk!3m6!1s0x902d6d4de8ed298d:0x48d3331a35e70a89!8m2!3d-2.142207!4d-79.9036767!15sChRMYSBDYXNhIGRlbCBUb21hSGF3ayIDiAEBWhYiFGxhIGNhc2EgZGVsIHRvbWFoYXdrkgEKcmVzdGF1cmFudOABAA!16s%2Fg%2F11g73597ns?entry=ttu&g_ep=EgoyMDI2MDgwNS4xIKXMDSoASAFQAw%3D%3D","5",,"Av. Francisco de Orellana","false","Excelente",,"La Casa del Tomahawk","4.3",,"https://www.google.com/maps/search/?api=1&query=La%20Casa%20del%20Tomahawk&query_place_id=ChIJjSnt6E1tLZARiQrnNRoz00g",
"Av. Francisco de Orellana, 090508 Guayaquil, Ecuador","Restaurante","Restaurante","5247594178483260041","Guayaquil","EC","0x902d6d4de8ed298d:0x48d3331a35e70a89",,"https://lh3.googleusercontent.com/gps-cs-s/AHRPTWlKtARv4uZa_c0E1ciQrsvkVWlAt0OWnqG49SXXKn1JlecdPQYXZPK_TxCCl87SigA3GX2PU04pnOiGW41Pbav9OeLEW4TIc3Cj6awxMxvlp60hmHuReYtoJRuWyBWhvz5q8lLz2Q=w408-h272-k-no","false","false","/g/11g73597ns","es-419","0","-2.142207","-79.9036767",,"Alborada Oeste",,"false","ChIJjSnt6E1tLZARiQrnNRoz00g",,"$10-25","Hace 10 meses","2025-09-11T21:46:12.663Z",,"2025-09-11T22:34:33.000Z","¡Muchas gracias, Cristina! Nos alegra saber que tu experiencia con nosotros fue tan positiva. Apreciamos tu apoyo y esperamos verte de nuevo pronto.",,,,,,,,,,,,,,,,,,,,"5","5","Ci9DQUlRQUNvZENodHljRjlvT2taVlRtUm5kWGhRWnpCdWVYaFVNbXQ2TVd4TVNVRRAB",,,,,,,,,"Google",,,"4",,,"3594","2026-08-08T17:27:42.403Z","Direct Detail URL: https://www.google.com/maps/place/La+Casa+del+Tomahawk/@-2.1684545,-79.9245565,12z/data=!4m10!1m2!2m1!1sLa+Casa+del+TomaHawk!3m6!1s0x902d6d4de8ed298d:0x48d3331a35e70a89!8m2!3d-2.142207!4d-79.9036767!15sChRMYSBDYXNhIGRlbCBUb21hSGF3ayIDiAEBWhYiFGxhIGNhc2EgZGVsIHRvbWFoYXdrkgEKcmVzdGF1cmFudOABAA!16s%2Fg%2F11g73597ns?entry=ttu&g_ep=EgoyMDI2MDgwNS4xIKXMDSoASAFQAw%3D%3D","5",,"Av. Francisco de Orellana","false",,,"La Casa del Tomahawk","4.3",,"https://www.google.com/maps/search/?api=1&query=La%20Casa%20del%20Tomahawk&query_place_id=ChIJjSnt6E1tLZARiQrnNRoz00g",
"Av. Francisco de Orellana, 090508 Guayaquil, Ecuador","Restaurante","Restaurante","5247594178483260041","Guayaquil","EC","0x902d6d4de8ed298d:0x48d3331a35e70a89",,"https://lh3.googleusercontent.com/gps-cs-s/AHRPTWlKtARv4uZa_c0E1ciQrsvkVWlAt0OWnqG49SXXKn1JlecdPQYXZPK_TxCCl87SigA3GX2PU04pnOiGW41Pbav9OeLEW4TIc3Cj6awxMxvlp60hmHuReYtoJRuWyBWhvz5q8lLz2Q=w408-h272-k-no","false","false","/g/11g73597ns","es-419","0","-2.142207","-79.9036767",,"Alborada Oeste","es","false","ChIJjSnt6E1tLZARiQrnNRoz00g",,"$10-25","Hace 10 meses","2025-09-11T13:42:44.469Z",,"2025-09-11T14:35:30.000Z","Lamentamos profundamente la experiencia que tuvo en nuestro establecimiento. Es inaceptable que su orden no se haya comunicado correctamente y que la calidad de la comida no haya cumplido con sus expectativas. Tomaremos su comentario muy en serio y nos aseguraremos de revisar nuestros procesos para evitar este tipo de inconvenientes en el futuro. Agradecemos su feedback y sentimos que no hayamos podido ofrecerle una experiencia positiva. Su satisfacción es importante para nosotros y esperamos mejorar.",,,,,"Ningún evento especial",,,,,,"$10-15",,,"Apto para grupos de todos los tamaños","Sin espera",,,,"2","3","1","Ci9DQUlRQUNvZENodHljRjlvT2pRM2FUaDZSWGRPY1ZaWE5YTTVkbk5LYldoSlowRRAB","https://lh3.googleusercontent.com/grass-cs/ACvplmOpbFTKGhP4_BwsZdSNl7QUpSAiRglKIMITDL8bR9cyaUknQaH5xrWhQhSMq39FuCbMlqL2TgI4h3sQ58LYBBfSIEFm3pSHeps22ZaQU1_f8gk9em-c3mDuwol31rOnafOYbOhgcNV6u-BW=k-no","https://lh3.googleusercontent.com/grass-cs/ACvplmOrG7t9ykpyv2Z7CnRynr6zZksoN9L45FVhZN8NA68xADlcxi3opsfGa0kpqZ3MsQZoiWMT3o7W3zsSo6FdgLsO8EN_WFRiR4OVfJ6vs_EwkZGNAa0luNr1mjuvuQHPiHkMgI7IxfpacAcT=k-no",,,,,,,"Google",,,"10",,,"3594","2026-08-08T17:27:42.403Z","Direct Detail URL: https://www.google.com/maps/place/La+Casa+del+Tomahawk/@-2.1684545,-79.9245565,12z/data=!4m10!1m2!2m1!1sLa+Casa+del+TomaHawk!3m6!1s0x902d6d4de8ed298d:0x48d3331a35e70a89!8m2!3d-2.142207!4d-79.9036767!15sChRMYSBDYXNhIGRlbCBUb21hSGF3ayIDiAEBWhYiFGxhIGNhc2EgZGVsIHRvbWFoYXdrkgEKcmVzdGF1cmFudOABAA!16s%2Fg%2F11g73597ns?entry=ttu&g_ep=EgoyMDI2MDgwNS4xIKXMDSoASAFQAw%3D%3D","2",,"Av. Francisco de Orellana","false","La entrada estuvo bien, unas canastas. Pedí una parrillada, 30 minutos después de pedir no llegaba y ya había notado que le estaban sirviendo a personas que llegaron después que nosotros pedimos. Cuando le reclamamos al mecero notamos que nunca había comunicado el pedido a la cocina y la comida llegó 30 minutos después. Las carnes estaban extremadamente simples. Si tienes Diners y quieres aprovechar el modo tasty mejor anda a otro lado. No recomiendo, no volveré.",,"La Casa del Tomahawk","4.3",,"https://www.google.com/maps/search/?api=1&query=La%20Casa%20del%20Tomahawk&query_place_id=ChIJjSnt6E1tLZARiQrnNRoz00g",
"Av. Francisco de Orellana, 090508 Guayaquil, Ecuador","Restaurante","Restaurante","5247594178483260041","Guayaquil","EC","0x902d6d4de8ed298d:0x48d3331a35e70a89",,"https://lh3.googleusercontent.com/gps-cs-s/AHRPTWlKtARv4uZa_c0E1ciQrsvkVWlAt0OWnqG49SXXKn1JlecdPQYXZPK_TxCCl87SigA3GX2PU04pnOiGW41Pbav9OeLEW4TIc3Cj6awxMxvlp60hmHuReYtoJRuWyBWhvz5q8lLz2Q=w408-h272-k-no","false","false","/g/11g73597ns","es-419","0","-2.142207","-79.9036767",,"Alborada Oeste",,"false","ChIJjSnt6E1tLZARiQrnNRoz00g",,"$10-25","Hace 10 meses","2025-09-11T02:01:02.283Z",,,,,,,,"Ningún evento especial",,,,,,"$15-20",,,"2 personas","De 30 a 60 min",,,,"5","5","5","Ci9DQUlRQUNvZENodHljRjlvT2poSVozRkVOSEZoWWkxclFuaGhTVkEwZGs1cVVrRRAB",,,,,,,,,"Google",,,"0",,,"3594","2026-08-08T17:27:42.403Z","Direct Detail URL: https://www.google.com/maps/place/La+Casa+del+Tomahawk/@-2.1684545,-79.9245565,12z/data=!4m10!1m2!2m1!1sLa+Casa+del+TomaHawk!3m6!1s0x902d6d4de8ed298d:0x48d3331a35e70a89!8m2!3d-2.142207!4d-79.9036767!15sChRMYSBDYXNhIGRlbCBUb21hSGF3ayIDiAEBWhYiFGxhIGNhc2EgZGVsIHRvbWFoYXdrkgEKcmVzdGF1cmFudOABAA!16s%2Fg%2F11g73597ns?entry=ttu&g_ep=EgoyMDI2MDgwNS4xIKXMDSoASAFQAw%3D%3D","5",,"Av. Francisco de Orellana","false",,,"La Casa del Tomahawk","4.3",,"https://www.google.com/maps/search/?api=1&query=La%20Casa%20del%20Tomahawk&query_place_id=ChIJjSnt6E1tLZARiQrnNRoz00g",
"Av. Francisco de Orellana, 090508 Guayaquil, Ecuador","Restaurante","Restaurante","5247594178483260041","Guayaquil","EC","0x902d6d4de8ed298d:0x48d3331a35e70a89",,"https://lh3.googleusercontent.com/gps-cs-s/AHRPTWlKtARv4uZa_c0E1ciQrsvkVWlAt0OWnqG49SXXKn1JlecdPQYXZPK_TxCCl87SigA3GX2PU04pnOiGW41Pbav9OeLEW4TIc3Cj6awxMxvlp60hmHuReYtoJRuWyBWhvz5q8lLz2Q=w408-h272-k-no","false","false","/g/11g73597ns","es-419","0","-2.142207","-79.9036767",,"Alborada Oeste",,"false","ChIJjSnt6E1tLZARiQrnNRoz00g",,"$10-25","Hace 10 meses","2025-09-10T23:45:40.470Z",,,,,,,,,,,,,,"$1-5",,,,,,,,"5","5","5","Ci9DQUlRQUNvZENodHljRjlvT2twa1FXNTRRWEpGZDB4TVZ5MVJhbE5wWjNWRFFYYxAB",,,,,,,,,"Google",,,"1",,,"3594","2026-08-08T17:27:42.403Z","Direct Detail URL: https://www.google.com/maps/place/La+Casa+del+Tomahawk/@-2.1684545,-79.9245565,12z/data=!4m10!1m2!2m1!1sLa+Casa+del+TomaHawk!3m6!1s0x902d6d4de8ed298d:0x48d3331a35e70a89!8m2!3d-2.142207!4d-79.9036767!15sChRMYSBDYXNhIGRlbCBUb21hSGF3ayIDiAEBWhYiFGxhIGNhc2EgZGVsIHRvbWFoYXdrkgEKcmVzdGF1cmFudOABAA!16s%2Fg%2F11g73597ns?entry=ttu&g_ep=EgoyMDI2MDgwNS4xIKXMDSoASAFQAw%3D%3D","5",,"Av. Francisco de Orellana","false",,,"La Casa del Tomahawk","4.3",,"https://www.google.com/maps/search/?api=1&query=La%20Casa%20del%20Tomahawk&query_place_id=ChIJjSnt6E1tLZARiQrnNRoz00g",
"Av. Francisco de Orellana, 090508 Guayaquil, Ecuador","Restaurante","Restaurante","5247594178483260041","Guayaquil","EC","0x902d6d4de8ed298d:0x48d3331a35e70a89",,"https://lh3.googleusercontent.com/gps-cs-s/AHRPTWlKtARv4uZa_c0E1ciQrsvkVWlAt0OWnqG49SXXKn1JlecdPQYXZPK_TxCCl87SigA3GX2PU04pnOiGW41Pbav9OeLEW4TIc3Cj6awxMxvlp60hmHuReYtoJRuWyBWhvz5q8lLz2Q=w408-h272-k-no","false","false","/g/11g73597ns","es-419","0","-2.142207","-79.9036767",,"Alborada Oeste",,"false","ChIJjSnt6E1tLZARiQrnNRoz00g",,"$10-25","Hace 10 meses","2025-09-09T20:32:50.618Z",,,,,,,,,,,,,,,,,,,,,,"5","5","5","Ci9DQUlRQUNvZENodHljRjlvT2s5RWNqSlZhMHBSVFZkQ1RFTmFUbEZ5YjJZek5uYxAB",,,,,,,,,"Google",,,"1",,,"3594","2026-08-08T17:27:42.403Z","Direct Detail URL: https://www.google.com/maps/place/La+Casa+del+Tomahawk/@-2.1684545,-79.9245565,12z/data=!4m10!1m2!2m1!1sLa+Casa+del+TomaHawk!3m6!1s0x902d6d4de8ed298d:0x48d3331a35e70a89!8m2!3d-2.142207!4d-79.9036767!15sChRMYSBDYXNhIGRlbCBUb21hSGF3ayIDiAEBWhYiFGxhIGNhc2EgZGVsIHRvbWFoYXdrkgEKcmVzdGF1cmFudOABAA!16s%2Fg%2F11g73597ns?entry=ttu&g_ep=EgoyMDI2MDgwNS4xIKXMDSoASAFQAw%3D%3D","5",,"Av. Francisco de Orellana","false",,,"La Casa del Tomahawk","4.3",,"https://www.google.com/maps/search/?api=1&query=La%20Casa%20del%20Tomahawk&query_place_id=ChIJjSnt6E1tLZARiQrnNRoz00g",
"Av. Francisco de Orellana, 090508 Guayaquil, Ecuador","Restaurante","Restaurante","5247594178483260041","Guayaquil","EC","0x902d6d4de8ed298d:0x48d3331a35e70a89",,"https://lh3.googleusercontent.com/gps-cs-s/AHRPTWlKtARv4uZa_c0E1ciQrsvkVWlAt0OWnqG49SXXKn1JlecdPQYXZPK_TxCCl87SigA3GX2PU04pnOiGW41Pbav9OeLEW4TIc3Cj6awxMxvlp60hmHuReYtoJRuWyBWhvz5q8lLz2Q=w408-h272-k-no","false","false","/g/11g73597ns","es-419","0","-2.142207","-79.9036767",,"Alborada Oeste",,"false","ChIJjSnt6E1tLZARiQrnNRoz00g",,"$10-25","Hace 10 meses","2025-09-09T02:32:42.921Z",,"2025-09-09T09:40:27.000Z","Thank you, Luis, for your fantastic review! We're thrilled to hear that you had a great experience with us. Your support means a lot, and we look forward to serving you again soon.",,,,,,,,,,,,,,,,,,,"5","5","5","Ci9DQUlRQUNvZENodHljRjlvT2xwZlNFbG9SRU5TY0ZselJXaERiSEJWTTJkek1VRRAB",,,,,,,,,"Google",,,"0",,,"3594","2026-08-08T17:27:42.403Z","Direct Detail URL: https://www.google.com/maps/place/La+Casa+del+Tomahawk/@-2.1684545,-79.9245565,12z/data=!4m10!1m2!2m1!1sLa+Casa+del+TomaHawk!3m6!1s0x902d6d4de8ed298d:0x48d3331a35e70a89!8m2!3d-2.142207!4d-79.9036767!15sChRMYSBDYXNhIGRlbCBUb21hSGF3ayIDiAEBWhYiFGxhIGNhc2EgZGVsIHRvbWFoYXdrkgEKcmVzdGF1cmFudOABAA!16s%2Fg%2F11g73597ns?entry=ttu&g_ep=EgoyMDI2MDgwNS4xIKXMDSoASAFQAw%3D%3D","5",,"Av. Francisco de Orellana","false",,,"La Casa del Tomahawk","4.3",,"https://www.google.com/maps/search/?api=1&query=La%20Casa%20del%20Tomahawk&query_place_id=ChIJjSnt6E1tLZARiQrnNRoz00g",
"Av. Francisco de Orellana, 090508 Guayaquil, Ecuador","Restaurante","Restaurante","5247594178483260041","Guayaquil","EC","0x902d6d4de8ed298d:0x48d3331a35e70a89",,"https://lh3.googleusercontent.com/gps-cs-s/AHRPTWlKtARv4uZa_c0E1ciQrsvkVWlAt0OWnqG49SXXKn1JlecdPQYXZPK_TxCCl87SigA3GX2PU04pnOiGW41Pbav9OeLEW4TIc3Cj6awxMxvlp60hmHuReYtoJRuWyBWhvz5q8lLz2Q=w408-h272-k-no","false","false","/g/11g73597ns","es-419","0","-2.142207","-79.9036767",,"Alborada Oeste",,"false","ChIJjSnt6E1tLZARiQrnNRoz00g",,"$10-25","Hace 10 meses","2025-09-09T01:23:30.555Z",,"2025-09-09T03:24:03.000Z","Thank you for your fantastic review, Leonardo! We're thrilled to hear that you had a great experience with us. Your support means a lot, and we look forward to serving you again soon.",,,"Es un poco difícil encontrar estacionamiento",,"Ningún evento especial",,,"Estacionamiento gratuito en la calle",,,"$10-15",,,"Apto para grupos de todos los tamaños","Sin espera",,,,"5","5","5","Ci9DQUlRQUNvZENodHljRjlvT2taR1NsOTNjSEpKVW0xVmJYSklTa3ByU1hoeVJtYxAB",,,,,,,,,"Google",,,"6",,,"3594","2026-08-08T17:27:42.403Z","Direct Detail URL: https://www.google.com/maps/place/La+Casa+del+Tomahawk/@-2.1684545,-79.9245565,12z/data=!4m10!1m2!2m1!1sLa+Casa+del+TomaHawk!3m6!1s0x902d6d4de8ed298d:0x48d3331a35e70a89!8m2!3d-2.142207!4d-79.9036767!15sChRMYSBDYXNhIGRlbCBUb21hSGF3ayIDiAEBWhYiFGxhIGNhc2EgZGVsIHRvbWFoYXdrkgEKcmVzdGF1cmFudOABAA!16s%2Fg%2F11g73597ns?entry=ttu&g_ep=EgoyMDI2MDgwNS4xIKXMDSoASAFQAw%3D%3D","5",,"Av. Francisco de Orellana","false",,,"La Casa del Tomahawk","4.3",,"https://www.google.com/maps/search/?api=1&query=La%20Casa%20del%20Tomahawk&query_place_id=ChIJjSnt6E1tLZARiQrnNRoz00g",
"Av. Francisco de Orellana, 090508 Guayaquil, Ecuador","Restaurante","Restaurante","5247594178483260041","Guayaquil","EC","0x902d6d4de8ed298d:0x48d3331a35e70a89",,"https://lh3.googleusercontent.com/gps-cs-s/AHRPTWlKtARv4uZa_c0E1ciQrsvkVWlAt0OWnqG49SXXKn1JlecdPQYXZPK_TxCCl87SigA3GX2PU04pnOiGW41Pbav9OeLEW4TIc3Cj6awxMxvlp60hmHuReYtoJRuWyBWhvz5q8lLz2Q=w408-h272-k-no","false","false","/g/11g73597ns","es-419","0","-2.142207","-79.9036767",,"Alborada Oeste","es","false","ChIJjSnt6E1tLZARiQrnNRoz00g",,"$10-25","Hace 11 meses","2025-09-08T01:55:27.583Z",,"2025-09-09T12:25:09.000Z","Lamentamos mucho la experiencia negativa que tuviste con el servicio. Agradecemos que hayas compartido tus comentarios, ya que nos ayudan a identificar áreas de mejora. Es inaceptable que hayas tenido que esperar tanto tiempo para recibir atención y ayuda con tu pedido. Nos alegra que disfrutaras de nuestras alitas, pero definitivamente tomaremos medidas para asegurar que este tipo de desorganización no vuelva a suceder. Tu opinión es valiosa para nosotros y trabajaremos para mejorar nuestro servicio.",,,,,,,,,,,,,,,,,,,"1","4","1","Ci9DQUlRQUNvZENodHljRjlvT2s4NFNXaHFUR1ZFVVRCdVRtSnFkRXhYTnpKbmVVRRAB",,,,,,,,,"Google",,,"3",,,"3594","2026-08-08T17:27:42.403Z","Direct Detail URL: https://www.google.com/maps/place/La+Casa+del+Tomahawk/@-2.1684545,-79.9245565,12z/data=!4m10!1m2!2m1!1sLa+Casa+del+TomaHawk!3m6!1s0x902d6d4de8ed298d:0x48d3331a35e70a89!8m2!3d-2.142207!4d-79.9036767!15sChRMYSBDYXNhIGRlbCBUb21hSGF3ayIDiAEBWhYiFGxhIGNhc2EgZGVsIHRvbWFoYXdrkgEKcmVzdGF1cmFudOABAA!16s%2Fg%2F11g73597ns?entry=ttu&g_ep=EgoyMDI2MDgwNS4xIKXMDSoASAFQAw%3D%3D","1",,"Av. Francisco de Orellana","false","PÉSIMA ATENCIÓN
primero un chico que amablemente debo decir, nada se nos acercó con el menú solamente para explicarnos que era un auxiliar, que no nos podía tomar el pedido como tal a pesar de que llevábamos aproximadamente media hora en espera, haciendo señas, llamando a los chicos que pasaban cerca de nuestra mesa. Nos dijo que enviaría alguien a tomarnos el pedido y nunca sucedió, por lo tanto tuve que acercarme yo misma al counter preguntando quién me podía ayudar. (Las alitas deliciosas, no me puedo quejar de la sazón del lugar y que en tan solo 10 minutos llegaron a la mesa.)
Falta de personal totalmente para un lugar con tanto aforo y con promociones justo en días asi me parece que si bien no es culpa de los empleados es una desorganización total; después, al pagar tuve que acercarme nuevamente por el vuelto de mi cuenta ya que pague en efectivo y pasaron 15 minutos donde no obtuve ayuda de nadie.",,"La Casa del Tomahawk","4.3",,"https://www.google.com/maps/search/?api=1&query=La%20Casa%20del%20Tomahawk&query_place_id=ChIJjSnt6E1tLZARiQrnNRoz00g",
"Av. Francisco de Orellana, 090508 Guayaquil, Ecuador","Restaurante","Restaurante","5247594178483260041","Guayaquil","EC","0x902d6d4de8ed298d:0x48d3331a35e70a89",,"https://lh3.googleusercontent.com/gps-cs-s/AHRPTWlKtARv4uZa_c0E1ciQrsvkVWlAt0OWnqG49SXXKn1JlecdPQYXZPK_TxCCl87SigA3GX2PU04pnOiGW41Pbav9OeLEW4TIc3Cj6awxMxvlp60hmHuReYtoJRuWyBWhvz5q8lLz2Q=w408-h272-k-no","false","true","/g/11g73597ns","es-419","0","-2.142207","-79.9036767",,"Alborada Oeste","es","false","ChIJjSnt6E1tLZARiQrnNRoz00g",,"$10-25","Hace 11 meses","2025-09-08T00:37:54.767Z",,"2025-09-08T08:07:34.000Z","¡Muchas gracias por tu reseña! Nos alegra saber que tu experiencia fue excelente. Tu apoyo significa mucho para nosotros. Esperamos verte de nuevo pronto.",,,,,,,,,,,"$5-10",,,,,,,,"5","5","5","Ci9DQUlRQUNvZENodHljRjlvT25FMVZVUnFSMUZUZEdSR1RWaFljbEJxVEZOcldIYxAB",,,,,,,,,"Google",,,"142",,,"3594","2026-08-08T17:27:42.403Z","Direct Detail URL: https://www.google.com/maps/place/La+Casa+del+Tomahawk/@-2.1684545,-79.9245565,12z/data=!4m10!1m2!2m1!1sLa+Casa+del+TomaHawk!3m6!1s0x902d6d4de8ed298d:0x48d3331a35e70a89!8m2!3d-2.142207!4d-79.9036767!15sChRMYSBDYXNhIGRlbCBUb21hSGF3ayIDiAEBWhYiFGxhIGNhc2EgZGVsIHRvbWFoYXdrkgEKcmVzdGF1cmFudOABAA!16s%2Fg%2F11g73597ns?entry=ttu&g_ep=EgoyMDI2MDgwNS4xIKXMDSoASAFQAw%3D%3D","5",,"Av. Francisco de Orellana","false","Excelente 🫰✨",,"La Casa del Tomahawk","4.3",,"https://www.google.com/maps/search/?api=1&query=La%20Casa%20del%20Tomahawk&query_place_id=ChIJjSnt6E1tLZARiQrnNRoz00g",
"Av. Francisco de Orellana, 090508 Guayaquil, Ecuador","Restaurante","Restaurante","5247594178483260041","Guayaquil","EC","0x902d6d4de8ed298d:0x48d3331a35e70a89",,"https://lh3.googleusercontent.com/gps-cs-s/AHRPTWlKtARv4uZa_c0E1ciQrsvkVWlAt0OWnqG49SXXKn1JlecdPQYXZPK_TxCCl87SigA3GX2PU04pnOiGW41Pbav9OeLEW4TIc3Cj6awxMxvlp60hmHuReYtoJRuWyBWhvz5q8lLz2Q=w408-h272-k-no","false","false","/g/11g73597ns","es-419","0","-2.142207","-79.9036767",,"Alborada Oeste",,"false","ChIJjSnt6E1tLZARiQrnNRoz00g",,"$10-25","Hace 11 meses","2025-09-08T00:19:52.151Z",,"2025-09-08T01:44:28.000Z","Thank you, Cindy, for your fantastic 5-star review! We’re thrilled to hear that you had such a positive experience with us. Your support means a lot to our team, and we look forward to serving you again soon.",,,,,,,,,,,,,,,,,,,"5","5","5","Ci9DQUlRQUNvZENodHljRjlvT25ORlZIcGtVRkl6Y2tneFJHUXllbWRWVFZOWldIYxAB",,,,,,,,,"Google",,,"0",,,"3594","2026-08-08T17:27:42.403Z","Direct Detail URL: https://www.google.com/maps/place/La+Casa+del+Tomahawk/@-2.1684545,-79.9245565,12z/data=!4m10!1m2!2m1!1sLa+Casa+del+TomaHawk!3m6!1s0x902d6d4de8ed298d:0x48d3331a35e70a89!8m2!3d-2.142207!4d-79.9036767!15sChRMYSBDYXNhIGRlbCBUb21hSGF3ayIDiAEBWhYiFGxhIGNhc2EgZGVsIHRvbWFoYXdrkgEKcmVzdGF1cmFudOABAA!16s%2Fg%2F11g73597ns?entry=ttu&g_ep=EgoyMDI2MDgwNS4xIKXMDSoASAFQAw%3D%3D","5",,"Av. Francisco de Orellana","false",,,"La Casa del Tomahawk","4.3",,"https://www.google.com/maps/search/?api=1&query=La%20Casa%20del%20Tomahawk&query_place_id=ChIJjSnt6E1tLZARiQrnNRoz00g",
"Av. Francisco de Orellana, 090508 Guayaquil, Ecuador","Restaurante","Restaurante","5247594178483260041","Guayaquil","EC","0x902d6d4de8ed298d:0x48d3331a35e70a89",,"https://lh3.googleusercontent.com/gps-cs-s/AHRPTWlKtARv4uZa_c0E1ciQrsvkVWlAt0OWnqG49SXXKn1JlecdPQYXZPK_TxCCl87SigA3GX2PU04pnOiGW41Pbav9OeLEW4TIc3Cj6awxMxvlp60hmHuReYtoJRuWyBWhvz5q8lLz2Q=w408-h272-k-no","false","false","/g/11g73597ns","es-419","0","-2.142207","-79.9036767",,"Alborada Oeste","es","false","ChIJjSnt6E1tLZARiQrnNRoz00g",,"$10-25","Hace 11 meses","2025-09-07T21:56:22.033Z",,"2025-09-08T01:44:31.000Z","Thank you for your fantastic review! We're thrilled to hear that you had such a positive experience with us. Your support means a lot, and we look forward to serving you again soon!","Si","Si","Hay suficiente espacio",,"Otros",,,"Estacionamiento gratuito",,"Buena","$30-35",,"Si","3 o 4 personas","De 10 a 30 min",,,,"5","5","5","Ci9DQUlRQUNvZENodHljRjlvT2xCM1ZIQmlZak56VFZOUGJrZG1lVE4yVG05blduYxAB","https://lh3.googleusercontent.com/grass-cs/ACvplmOEgQVfLsZNUos92UK-p_6GwEX0Jnv41wLxUnZT6_uGIYjuE_SBPWRJwmErjdcHQD1gmhwXHHKZuciv-DYTwzHD27azA_NhDmhnHuvkA640czhrOHIICmPN12OQPw1lEveV2BvQoWqj3Qry=k-no",,,,,,,,"Google",,,"0",,,"3594","2026-08-08T17:27:42.403Z","Direct Detail URL: https://www.google.com/maps/place/La+Casa+del+Tomahawk/@-2.1684545,-79.9245565,12z/data=!4m10!1m2!2m1!1sLa+Casa+del+TomaHawk!3m6!1s0x902d6d4de8ed298d:0x48d3331a35e70a89!8m2!3d-2.142207!4d-79.9036767!15sChRMYSBDYXNhIGRlbCBUb21hSGF3ayIDiAEBWhYiFGxhIGNhc2EgZGVsIHRvbWFoYXdrkgEKcmVzdGF1cmFudOABAA!16s%2Fg%2F11g73597ns?entry=ttu&g_ep=EgoyMDI2MDgwNS4xIKXMDSoASAFQAw%3D%3D","5",,"Av. Francisco de Orellana","false",,,"La Casa del Tomahawk","4.3",,"https://www.google.com/maps/search/?api=1&query=La%20Casa%20del%20Tomahawk&query_place_id=ChIJjSnt6E1tLZARiQrnNRoz00g",
"Av. Francisco de Orellana, 090508 Guayaquil, Ecuador","Restaurante","Restaurante","5247594178483260041","Guayaquil","EC","0x902d6d4de8ed298d:0x48d3331a35e70a89",,"https://lh3.googleusercontent.com/gps-cs-s/AHRPTWlKtARv4uZa_c0E1ciQrsvkVWlAt0OWnqG49SXXKn1JlecdPQYXZPK_TxCCl87SigA3GX2PU04pnOiGW41Pbav9OeLEW4TIc3Cj6awxMxvlp60hmHuReYtoJRuWyBWhvz5q8lLz2Q=w408-h272-k-no","false","false","/g/11g73597ns","es-419","0","-2.142207","-79.9036767",,"Alborada Oeste",,"false","ChIJjSnt6E1tLZARiQrnNRoz00g",,"$10-25","Hace 11 meses","2025-09-07T20:45:11.006Z",,"2025-09-08T01:44:29.000Z","Thank you for your fantastic review! We're thrilled to hear you enjoyed your experience at Hacienda Guayabo. Your support means a lot to us, and we look forward to welcoming you back soon!",,,,,"Ningún evento especial",,,,,,"$10-15",,,"Apto para grupos de todos los tamaños","Hasta 10 min",,,,"5","5","5","Ci9DQUlRQUNvZENodHljRjlvT2tvM1FtVk1ZMmxSTWpoMGJHcElYMGxyTlRjMWRrRRAB",,,,,,,,,"Google",,,"0",,,"3594","2026-08-08T17:27:42.403Z","Direct Detail URL: https://www.google.com/maps/place/La+Casa+del+Tomahawk/@-2.1684545,-79.9245565,12z/data=!4m10!1m2!2m1!1sLa+Casa+del+TomaHawk!3m6!1s0x902d6d4de8ed298d:0x48d3331a35e70a89!8m2!3d-2.142207!4d-79.9036767!15sChRMYSBDYXNhIGRlbCBUb21hSGF3ayIDiAEBWhYiFGxhIGNhc2EgZGVsIHRvbWFoYXdrkgEKcmVzdGF1cmFudOABAA!16s%2Fg%2F11g73597ns?entry=ttu&g_ep=EgoyMDI2MDgwNS4xIKXMDSoASAFQAw%3D%3D","5",,"Av. Francisco de Orellana","false",,,"La Casa del Tomahawk","4.3",,"https://www.google.com/maps/search/?api=1&query=La%20Casa%20del%20Tomahawk&query_place_id=ChIJjSnt6E1tLZARiQrnNRoz00g",
"Av. Francisco de Orellana, 090508 Guayaquil, Ecuador","Restaurante","Restaurante","5247594178483260041","Guayaquil","EC","0x902d6d4de8ed298d:0x48d3331a35e70a89",,"https://lh3.googleusercontent.com/gps-cs-s/AHRPTWlKtARv4uZa_c0E1ciQrsvkVWlAt0OWnqG49SXXKn1JlecdPQYXZPK_TxCCl87SigA3GX2PU04pnOiGW41Pbav9OeLEW4TIc3Cj6awxMxvlp60hmHuReYtoJRuWyBWhvz5q8lLz2Q=w408-h272-k-no","false","true","/g/11g73597ns","es-419","0","-2.142207","-79.9036767",,"Alborada Oeste","es","false","ChIJjSnt6E1tLZARiQrnNRoz00g",,"$10-25","Hace 11 meses","2025-09-07T20:12:15.533Z",,"2025-09-08T01:44:30.000Z","Agradecemos mucho tus comentarios, Carlos. Nos alegra saber que disfrutas de nuestras promociones y sabores. Tu satisfacción es nuestra prioridad y seguiremos trabajando para ofrecerte lo mejor. ¡Esperamos verte de nuevo pronto!",,,,,"Ningún evento especial",,,"Estacionamiento gratuito en la calle, Estacionamiento pagado en la calle",,,"$5-10",,,"Apto para grupos de todos los tamaños","De 10 a 30 min",,,,"5","5","4","Ci9DQUlRQUNvZENodHljRjlvT2xKc1lqRnZiR1phUjIxbmFuVkZiM1ZUY1VoaU5uYxAB",,,,,,,,,"Google",,,"39",,,"3594","2026-08-08T17:27:42.403Z","Direct Detail URL: https://www.google.com/maps/place/La+Casa+del+Tomahawk/@-2.1684545,-79.9245565,12z/data=!4m10!1m2!2m1!1sLa+Casa+del+TomaHawk!3m6!1s0x902d6d4de8ed298d:0x48d3331a35e70a89!8m2!3d-2.142207!4d-79.9036767!15sChRMYSBDYXNhIGRlbCBUb21hSGF3ayIDiAEBWhYiFGxhIGNhc2EgZGVsIHRvbWFoYXdrkgEKcmVzdGF1cmFudOABAA!16s%2Fg%2F11g73597ns?entry=ttu&g_ep=EgoyMDI2MDgwNS4xIKXMDSoASAFQAw%3D%3D","5",,"Av. Francisco de Orellana","false","Tiene muy buenas promociones con un buen precio y el sabores muy bueno",,"La Casa del Tomahawk","4.3",,"https://www.google.com/maps/search/?api=1&query=La%20Casa%20del%20Tomahawk&query_place_id=ChIJjSnt6E1tLZARiQrnNRoz00g",
"Av. Francisco de Orellana, 090508 Guayaquil, Ecuador","Restaurante","Restaurante","5247594178483260041","Guayaquil","EC","0x902d6d4de8ed298d:0x48d3331a35e70a89",,"https://lh3.googleusercontent.com/gps-cs-s/AHRPTWlKtARv4uZa_c0E1ciQrsvkVWlAt0OWnqG49SXXKn1JlecdPQYXZPK_TxCCl87SigA3GX2PU04pnOiGW41Pbav9OeLEW4TIc3Cj6awxMxvlp60hmHuReYtoJRuWyBWhvz5q8lLz2Q=w408-h272-k-no","false","false","/g/11g73597ns","es-419","0","-2.142207","-79.9036767",,"Alborada Oeste","es","false","ChIJjSnt6E1tLZARiQrnNRoz00g",,"$10-25","Hace 11 meses","2025-09-07T18:03:18.020Z",,"2025-09-08T00:08:22.000Z","¡Muchas gracias, Alexandra! Nos alegra saber que disfrutaste de nuestra comida y que nuestro servicio cumplió con tus expectativas. También nos complace que encontraste nuestro local acogedor. Esperamos verte de nuevo pronto para seguir brindándote una experiencia agradable.",,,,,"Música en vivo",,,,,,"$5-10",,,"Apto para grupos de todos los tamaños","Sin espera",,,,"5","5","5","Ci9DQUlRQUNvZENodHljRjlvT21aSU5VTkxTWGxpUkRONmFXMWlUM1YyUnpremJYYxAB",,,,,,,,,"Google",,,"2",,,"3594","2026-08-08T17:27:42.403Z","Direct Detail URL: https://www.google.com/maps/place/La+Casa+del+Tomahawk/@-2.1684545,-79.9245565,12z/data=!4m10!1m2!2m1!1sLa+Casa+del+TomaHawk!3m6!1s0x902d6d4de8ed298d:0x48d3331a35e70a89!8m2!3d-2.142207!4d-79.9036767!15sChRMYSBDYXNhIGRlbCBUb21hSGF3ayIDiAEBWhYiFGxhIGNhc2EgZGVsIHRvbWFoYXdrkgEKcmVzdGF1cmFudOABAA!16s%2Fg%2F11g73597ns?entry=ttu&g_ep=EgoyMDI2MDgwNS4xIKXMDSoASAFQAw%3D%3D","5",,"Av. Francisco de Orellana","false","La comida muy buena la atención fue excelente y el local muy acogedor",,"La Casa del Tomahawk","4.3",,"https://www.google.com/maps/search/?api=1&query=La%20Casa%20del%20Tomahawk&query_place_id=ChIJjSnt6E1tLZARiQrnNRoz00g",
"Av. Francisco de Orellana, 090508 Guayaquil, Ecuador","Restaurante","Restaurante","5247594178483260041","Guayaquil","EC","0x902d6d4de8ed298d:0x48d3331a35e70a89",,"https://lh3.googleusercontent.com/gps-cs-s/AHRPTWlKtARv4uZa_c0E1ciQrsvkVWlAt0OWnqG49SXXKn1JlecdPQYXZPK_TxCCl87SigA3GX2PU04pnOiGW41Pbav9OeLEW4TIc3Cj6awxMxvlp60hmHuReYtoJRuWyBWhvz5q8lLz2Q=w408-h272-k-no","false","false","/g/11g73597ns","es-419","0","-2.142207","-79.9036767",,"Alborada Oeste","es","false","ChIJjSnt6E1tLZARiQrnNRoz00g",,"$10-25","Hace 11 meses","2025-09-06T01:12:32.149Z",,,,"Yes","Si","Hay suficiente espacio",".","Música en vivo",,,"Estacionamiento pagado",,,"$10-15",,,"Apto para grupos de todos los tamaños","Sin espera",,,,"5","5","5","Ci9DQUlRQUNvZENodHljRjlvT2kwMmEwdHpRM3B4YUhjNE1IUmFiMW8yTFZoWVFuYxAB",,,,,,,,,"Google",,,"0",,,"3594","2026-08-08T17:27:42.403Z","Direct Detail URL: https://www.google.com/maps/place/La+Casa+del+Tomahawk/@-2.1684545,-79.9245565,12z/data=!4m10!1m2!2m1!1sLa+Casa+del+TomaHawk!3m6!1s0x902d6d4de8ed298d:0x48d3331a35e70a89!8m2!3d-2.142207!4d-79.9036767!15sChRMYSBDYXNhIGRlbCBUb21hSGF3ayIDiAEBWhYiFGxhIGNhc2EgZGVsIHRvbWFoYXdrkgEKcmVzdGF1cmFudOABAA!16s%2Fg%2F11g73597ns?entry=ttu&g_ep=EgoyMDI2MDgwNS4xIKXMDSoASAFQAw%3D%3D","5",,"Av. Francisco de Orellana","false",,,"La Casa del Tomahawk","4.3",,"https://www.google.com/maps/search/?api=1&query=La%20Casa%20del%20Tomahawk&query_place_id=ChIJjSnt6E1tLZARiQrnNRoz00g",
"Av. Francisco de Orellana, 090508 Guayaquil, Ecuador","Restaurante","Restaurante","5247594178483260041","Guayaquil","EC","0x902d6d4de8ed298d:0x48d3331a35e70a89",,"https://lh3.googleusercontent.com/gps-cs-s/AHRPTWlKtARv4uZa_c0E1ciQrsvkVWlAt0OWnqG49SXXKn1JlecdPQYXZPK_TxCCl87SigA3GX2PU04pnOiGW41Pbav9OeLEW4TIc3Cj6awxMxvlp60hmHuReYtoJRuWyBWhvz5q8lLz2Q=w408-h272-k-no","false","false","/g/11g73597ns","es-419","0","-2.142207","-79.9036767",,"Alborada Oeste","es","false","ChIJjSnt6E1tLZARiQrnNRoz00g",,"$10-25","Hace 11 meses","2025-09-05T18:22:35.641Z",,"2025-09-05T22:30:18.000Z","Agradecemos mucho tu comentario positivo. Nos alegra saber que disfrutaste de la atención y la comida. Esperamos verte pronto nuevamente para seguir ofreciéndote una excelente experiencia.",,,,,"Ningún evento especial",,,,,,"$20-25",,,"Más de 9 personas, Apto para grupos de todos los tamaños","Sin espera",,,,"5","5","5","Ci9DQUlRQUNvZENodHljRjlvT2pCM0xUTnRNa1YwTWpobFR6TnlWbmhhWDJGWVNXYxAB",,,,,,,,,"Google",,,"2",,,"3594","2026-08-08T17:27:42.403Z","Direct Detail URL: https://www.google.com/maps/place/La+Casa+del+Tomahawk/@-2.1684545,-79.9245565,12z/data=!4m10!1m2!2m1!1sLa+Casa+del+TomaHawk!3m6!1s0x902d6d4de8ed298d:0x48d3331a35e70a89!8m2!3d-2.142207!4d-79.9036767!15sChRMYSBDYXNhIGRlbCBUb21hSGF3ayIDiAEBWhYiFGxhIGNhc2EgZGVsIHRvbWFoYXdrkgEKcmVzdGF1cmFudOABAA!16s%2Fg%2F11g73597ns?entry=ttu&g_ep=EgoyMDI2MDgwNS4xIKXMDSoASAFQAw%3D%3D","5",,"Av. Francisco de Orellana","false","Muy buena la atención y la comida",,"La Casa del Tomahawk","4.3",,"https://www.google.com/maps/search/?api=1&query=La%20Casa%20del%20Tomahawk&query_place_id=ChIJjSnt6E1tLZARiQrnNRoz00g",
"Av. Francisco de Orellana, 090508 Guayaquil, Ecuador","Restaurante","Restaurante","5247594178483260041","Guayaquil","EC","0x902d6d4de8ed298d:0x48d3331a35e70a89",,"https://lh3.googleusercontent.com/gps-cs-s/AHRPTWlKtARv4uZa_c0E1ciQrsvkVWlAt0OWnqG49SXXKn1JlecdPQYXZPK_TxCCl87SigA3GX2PU04pnOiGW41Pbav9OeLEW4TIc3Cj6awxMxvlp60hmHuReYtoJRuWyBWhvz5q8lLz2Q=w408-h272-k-no","false","false","/g/11g73597ns","es-419","0","-2.142207","-79.9036767",,"Alborada Oeste",,"false","ChIJjSnt6E1tLZARiQrnNRoz00g",,"$10-25","Hace 11 meses","2025-09-05T02:38:24.996Z",,"2025-09-05T03:18:07.000Z","Thank you for your fantastic review! We're thrilled to hear that you had a great experience with us. Your support means a lot, and we look forward to serving you again in the future.",,,,,"Música en vivo",,,,,,"$5-10",,,"Apto para grupos de todos los tamaños","Hasta 10 min",,,,"5","5","5","Ci9DQUlRQUNvZENodHljRjlvT2pWNFVHWTFNWFJ1Vmt3emFYRm5kMUpSYURGS2IwRRAB",,,,,,,,,"Google",,,"0",,,"3594","2026-08-08T17:27:42.403Z","Direct Detail URL: https://www.google.com/maps/place/La+Casa+del+Tomahawk/@-2.1684545,-79.9245565,12z/data=!4m10!1m2!2m1!1sLa+Casa+del+TomaHawk!3m6!1s0x902d6d4de8ed298d:0x48d3331a35e70a89!8m2!3d-2.142207!4d-79.9036767!15sChRMYSBDYXNhIGRlbCBUb21hSGF3ayIDiAEBWhYiFGxhIGNhc2EgZGVsIHRvbWFoYXdrkgEKcmVzdGF1cmFudOABAA!16s%2Fg%2F11g73597ns?entry=ttu&g_ep=EgoyMDI2MDgwNS4xIKXMDSoASAFQAw%3D%3D","5",,"Av. Francisco de Orellana","false",,,"La Casa del Tomahawk","4.3",,"https://www.google.com/maps/search/?api=1&query=La%20Casa%20del%20Tomahawk&query_place_id=ChIJjSnt6E1tLZARiQrnNRoz00g",
"Av. Francisco de Orellana, 090508 Guayaquil, Ecuador","Restaurante","Restaurante","5247594178483260041","Guayaquil","EC","0x902d6d4de8ed298d:0x48d3331a35e70a89",,"https://lh3.googleusercontent.com/gps-cs-s/AHRPTWlKtARv4uZa_c0E1ciQrsvkVWlAt0OWnqG49SXXKn1JlecdPQYXZPK_TxCCl87SigA3GX2PU04pnOiGW41Pbav9OeLEW4TIc3Cj6awxMxvlp60hmHuReYtoJRuWyBWhvz5q8lLz2Q=w408-h272-k-no","false","false","/g/11g73597ns","es-419","0","-2.142207","-79.9036767",,"Alborada Oeste","es","false","ChIJjSnt6E1tLZARiQrnNRoz00g",,"$10-25","Hace 11 meses","2025-09-05T01:05:31.730Z",,"2025-09-05T03:18:06.000Z","Thank you for your feedback, Belen. We’re glad to hear you had a positive experience and appreciate your support. If you have any suggestions for how we could make your next visit a 5-star experience, please let us know. We look forward to serving you again soon!","Si","Si aceptan","No lo sé",,"Otros",,,"Estacionamiento pagado",,"Si","$20-25",,"Si","2 personas","De 10 a 30 min",,,,"4","5","4","Ci9DQUlRQUNvZENodHljRjlvT21KelJuSkxTMWxoWDJaemFtWm9PRVUzTTNGWGFrRRAB","https://lh3.googleusercontent.com/grass-cs/ACvplmPHXK5Nd8BhIKCNUS3UO5rM1v_s8DXseZ8gSjzVUvL--gaFKgAhasokFvilUvUoQJngEIs7rQDYyZaEo24lPAVucNkqqqwbq_W3XImOEesMcDXpOhIGmwiWaoSQ3N_00gx7J7w7h8_5qX4=k-no",,,,,,,,"Google",,,"1",,,"3594","2026-08-08T17:27:42.403Z","Direct Detail URL: https://www.google.com/maps/place/La+Casa+del+Tomahawk/@-2.1684545,-79.9245565,12z/data=!4m10!1m2!2m1!1sLa+Casa+del+TomaHawk!3m6!1s0x902d6d4de8ed298d:0x48d3331a35e70a89!8m2!3d-2.142207!4d-79.9036767!15sChRMYSBDYXNhIGRlbCBUb21hSGF3ayIDiAEBWhYiFGxhIGNhc2EgZGVsIHRvbWFoYXdrkgEKcmVzdGF1cmFudOABAA!16s%2Fg%2F11g73597ns?entry=ttu&g_ep=EgoyMDI2MDgwNS4xIKXMDSoASAFQAw%3D%3D","4",,"Av. Francisco de Orellana","false",,,"La Casa del Tomahawk","4.3",,"https://www.google.com/maps/search/?api=1&query=La%20Casa%20del%20Tomahawk&query_place_id=ChIJjSnt6E1tLZARiQrnNRoz00g",
"Av. Francisco de Orellana, 090508 Guayaquil, Ecuador","Restaurante","Restaurante","5247594178483260041","Guayaquil","EC","0x902d6d4de8ed298d:0x48d3331a35e70a89",,"https://lh3.googleusercontent.com/gps-cs-s/AHRPTWlKtARv4uZa_c0E1ciQrsvkVWlAt0OWnqG49SXXKn1JlecdPQYXZPK_TxCCl87SigA3GX2PU04pnOiGW41Pbav9OeLEW4TIc3Cj6awxMxvlp60hmHuReYtoJRuWyBWhvz5q8lLz2Q=w408-h272-k-no","false","false","/g/11g73597ns","es-419","0","-2.142207","-79.9036767",,"Alborada Oeste","es","false","ChIJjSnt6E1tLZARiQrnNRoz00g",,"$10-25","Hace 11 meses","2025-09-04T22:32:33.560Z",,"2025-09-05T03:18:04.000Z","Thank you for your excellent review! We're thrilled to hear that you had a great experience with us. Your support means a lot, and we look forward to serving you again soon.",,,,"No","Música en vivo",,,,,,"$10-15",,,"2 personas, Entre 5 y 8 personas, Apto para grupos de todos los tamaños","De 10 a 30 min",,,,"5","5","5","Ci9DQUlRQUNvZENodHljRjlvT2xGS1EwVXRSakpuUW1oWFFWVnhZWGcyYnpOWVZuYxAB",,,,,,,,,"Google",,,"0",,,"3594","2026-08-08T17:27:42.403Z","Direct Detail URL: https://www.google.com/maps/place/La+Casa+del+Tomahawk/@-2.1684545,-79.9245565,12z/data=!4m10!1m2!2m1!1sLa+Casa+del+TomaHawk!3m6!1s0x902d6d4de8ed298d:0x48d3331a35e70a89!8m2!3d-2.142207!4d-79.9036767!15sChRMYSBDYXNhIGRlbCBUb21hSGF3ayIDiAEBWhYiFGxhIGNhc2EgZGVsIHRvbWFoYXdrkgEKcmVzdGF1cmFudOABAA!16s%2Fg%2F11g73597ns?entry=ttu&g_ep=EgoyMDI2MDgwNS4xIKXMDSoASAFQAw%3D%3D","5",,"Av. Francisco de Orellana","false",,,"La Casa del Tomahawk","4.3",,"https://www.google.com/maps/search/?api=1&query=La%20Casa%20del%20Tomahawk&query_place_id=ChIJjSnt6E1tLZARiQrnNRoz00g",
"Av. Francisco de Orellana, 090508 Guayaquil, Ecuador","Restaurante","Restaurante","5247594178483260041","Guayaquil","EC","0x902d6d4de8ed298d:0x48d3331a35e70a89",,"https://lh3.googleusercontent.com/gps-cs-s/AHRPTWlKtARv4uZa_c0E1ciQrsvkVWlAt0OWnqG49SXXKn1JlecdPQYXZPK_TxCCl87SigA3GX2PU04pnOiGW41Pbav9OeLEW4TIc3Cj6awxMxvlp60hmHuReYtoJRuWyBWhvz5q8lLz2Q=w408-h272-k-no","false","false","/g/11g73597ns","es-419","0","-2.142207","-79.9036767",,"Alborada Oeste",,"false","ChIJjSnt6E1tLZARiQrnNRoz00g",,"$10-25","Hace 11 meses","2025-09-04T22:27:24.415Z",,"2025-09-04T22:37:53.000Z","Thank you for your positive feedback, Marcelo! We're thrilled to hear that you had a great experience with us. Your support motivates our team to continue delivering the best service possible. We look forward to welcoming you back soon!",,,,,"Ningún evento especial",,,,,,"$15-20",,,"Entre 5 y 8 personas","Sin espera",,,,"5","5","5","Ci9DQUlRQUNvZENodHljRjlvT21oT1IxOHdZMmhRY0VjeFNtZDFjbkZrYldob1QwRRAB",,,,,,,,,"Google",,,"0",,,"3594","2026-08-08T17:27:42.403Z","Direct Detail URL: https://www.google.com/maps/place/La+Casa+del+Tomahawk/@-2.1684545,-79.9245565,12z/data=!4m10!1m2!2m1!1sLa+Casa+del+TomaHawk!3m6!1s0x902d6d4de8ed298d:0x48d3331a35e70a89!8m2!3d-2.142207!4d-79.9036767!15sChRMYSBDYXNhIGRlbCBUb21hSGF3ayIDiAEBWhYiFGxhIGNhc2EgZGVsIHRvbWFoYXdrkgEKcmVzdGF1cmFudOABAA!16s%2Fg%2F11g73597ns?entry=ttu&g_ep=EgoyMDI2MDgwNS4xIKXMDSoASAFQAw%3D%3D","5",,"Av. Francisco de Orellana","false",,,"La Casa del Tomahawk","4.3",,"https://www.google.com/maps/search/?api=1&query=La%20Casa%20del%20Tomahawk&query_place_id=ChIJjSnt6E1tLZARiQrnNRoz00g",
"Av. Francisco de Orellana, 090508 Guayaquil, Ecuador","Restaurante","Restaurante","5247594178483260041","Guayaquil","EC","0x902d6d4de8ed298d:0x48d3331a35e70a89",,"https://lh3.googleusercontent.com/gps-cs-s/AHRPTWlKtARv4uZa_c0E1ciQrsvkVWlAt0OWnqG49SXXKn1JlecdPQYXZPK_TxCCl87SigA3GX2PU04pnOiGW41Pbav9OeLEW4TIc3Cj6awxMxvlp60hmHuReYtoJRuWyBWhvz5q8lLz2Q=w408-h272-k-no","false","true","/g/11g73597ns","es-419","0","-2.142207","-79.9036767",,"Alborada Oeste","es","false","ChIJjSnt6E1tLZARiQrnNRoz00g",,"$10-25","Hace 11 meses","2025-09-04T20:51:48.742Z",,"2025-09-05T03:18:05.000Z","Agradecemos mucho tu apoyo y lealtad, Reinaldo. Nos alegra saber que disfrutas de nuestro sitio y que nos visitas con frecuencia. Tomaremos en cuenta tu sugerencia sobre Spotify Premium, ya que siempre buscamos mejorar la experiencia de nuestros clientes. ¡Te esperamos pronto!",,,,,"Ningún evento especial",,,,,,"$5-10",,,"Apto para grupos de todos los tamaños","Sin espera",,,,"3","5","5","Ci9DQUlRQUNvZENodHljRjlvT2pKMFkzTXdOM1UyWkVWblVVWkhlamxXZEdOMVkzYxAB","https://lh3.googleusercontent.com/grass-cs/ACvplmNeSoTrx3bdqkOCGn-WwaIrgdCrUB7MTyS_Hf6LUQlwr5KXL2plSpxwcN189g4iHx1CgvJQjE7X1ALHDTsKEjdyzpiaiPxmwg49RDfKrW_8ld1K427qkGY0qm2WSJsWJrNZ9HSLx3OixfFS=k-no","https://lh3.googleusercontent.com/grass-cs/ACvplmNpwePFSBNZvFaHV9xF_ZGO8SthXwHJI2NSx_xWZIw8TsW0yQv7OluQTDq01aevo425OewStE4h5cVZsAkyPUx2EChJ_heWyQgFb2XmVcbOKzNbn8CnJWovz33N7GCVsqQiaqHG5Bb3x2W1=k-no","https://lh3.googleusercontent.com/grass-cs/ACvplmPAFfByxGXecTCr0SAJtRVx7lBt-BmkqxQlWTDnrFUuQBvAlZrC5z_9AGgh1pps5Aw1F9jjb2nz3QWeeuiX4479F198in6x_ZYgLWQlG6H2n7NUCocjCNtEkGweVd-YXMx2CeEbXTRkyaM=k-no","https://lh3.googleusercontent.com/grass-cs/ACvplmMfvZSUjOiLb_k5wrRTpc4OpqTdMYuszYjBNZ-ND53pMQiNHsyp9FJh6cnbHyTb3viVvindhudAaSY6o0dysvWZOjyRTEWRyqAlDRfAAcW3xDLIKJT5ERFYsEgIknS7Gocfs0jSn5Q376I=k-no","https://lh3.googleusercontent.com/grass-cs/ACvplmOue4kepI8Opou5KQF9x5-SUlbtk-IN_8iDWvfaIcI_k8pqoqOHi9tZL9Z1S0UMltjeUL2GN7YwkPm8F9zBJcfqUZgcDb8fnx5ML_TESf1Vzfqvdd2c5QTYQAHyltYa1Y4QAgU4A8Z0HU-p=k-no","https://lh3.googleusercontent.com/grass-cs/ACvplmMmz65_NUzxVX7SG0iJ3MV5dCS-eA_Ie6KAzwMsSHDnEIMWKrDiPfOwMIpo0tDnGL4dJHkJzIGfSVkyU7Tbl65Pqd4GMyJ1NVN2S1iNbwdd10Gxt3yyBduISQmNPTEnewDkwms41RWevvg=k-no","https://lh3.googleusercontent.com/grass-cs/ACvplmN0ylU_r6e4bxmjuAJCaJRcGzqDQbx0f1OEFU-digInwVIemEGC54ocp-UNzVkAX67MyjNcTIy_TIuViDeWyyNWYRmqYl7_tSEeeuT-pNMTVQKkIN2zuiFEGhB_ONukEiaATaOQpsXVSkwI=k-no","https://lh3.googleusercontent.com/grass-cs/ACvplmMpjOu_JRiXoaplDIekxY2fx6B2aYgl_Iyfy1eQni7tJxNmssC-1rLePRL69NR-z40hd966TJWQ3XFi311M8mIYc1KqmVCFneYAZwhgNR1q1UIhBAdMKF86d6pvmzZ3kQnLorI8c8dugCdy=k-no","Google",,,"76",,,"3594","2026-08-08T17:27:42.403Z","Direct Detail URL: https://www.google.com/maps/place/La+Casa+del+Tomahawk/@-2.1684545,-79.9245565,12z/data=!4m10!1m2!2m1!1sLa+Casa+del+TomaHawk!3m6!1s0x902d6d4de8ed298d:0x48d3331a35e70a89!8m2!3d-2.142207!4d-79.9036767!15sChRMYSBDYXNhIGRlbCBUb21hSGF3ayIDiAEBWhYiFGxhIGNhc2EgZGVsIHRvbWFoYXdrkgEKcmVzdGF1cmFudOABAA!16s%2Fg%2F11g73597ns?entry=ttu&g_ep=EgoyMDI2MDgwNS4xIKXMDSoASAFQAw%3D%3D","5",,"Av. Francisco de Orellana","false","Me encanta este sitio y voy mínimo una vez por semana, pero  no mamen paguen el Spotify premium, este local genera miles de dólares gasten 10 en la suscripción.",,"La Casa del Tomahawk","4.3",,"https://www.google.com/maps/search/?api=1&query=La%20Casa%20del%20Tomahawk&query_place_id=ChIJjSnt6E1tLZARiQrnNRoz00g",
"Av. Francisco de Orellana, 090508 Guayaquil, Ecuador","Restaurante","Restaurante","5247594178483260041","Guayaquil","EC","0x902d6d4de8ed298d:0x48d3331a35e70a89",,"https://lh3.googleusercontent.com/gps-cs-s/AHRPTWlKtARv4uZa_c0E1ciQrsvkVWlAt0OWnqG49SXXKn1JlecdPQYXZPK_TxCCl87SigA3GX2PU04pnOiGW41Pbav9OeLEW4TIc3Cj6awxMxvlp60hmHuReYtoJRuWyBWhvz5q8lLz2Q=w408-h272-k-no","false","true","/g/11g73597ns","es-419","0","-2.142207","-79.9036767",,"Alborada Oeste","es","false","ChIJjSnt6E1tLZARiQrnNRoz00g",,"$10-25","Hace 11 meses","2025-09-04T01:15:42.719Z",,"2025-09-04T02:17:54.000Z","Agradecemos mucho tu comentario, Martha. Nos alegra saber que la atención de Yessenia y de nuestro equipo ha sido de tu agrado, así como la calidad de nuestra comida. Tu satisfacción es nuestra prioridad, y esperamos verte de nuevo pronto. ¡Gracias por tu apoyo!","Excelente","Comida adecuada","Hay suficiente espacio",,"Otros",,,"Estacionamiento gratuito en la calle",,".","$10-15",,".","Apto para grupos de todos los tamaños","De 10 a 30 min",,,,"5","5","5","Ci9DQUlRQUNvZENodHljRjlvT25wb1ExcGtNVkJ5UVZkRWRHdHdUR3gwZGxRMFRXYxAB",,,,,,,,,"Google",,,"14",,,"3594","2026-08-08T17:27:42.403Z","Direct Detail URL: https://www.google.com/maps/place/La+Casa+del+Tomahawk/@-2.1684545,-79.9245565,12z/data=!4m10!1m2!2m1!1sLa+Casa+del+TomaHawk!3m6!1s0x902d6d4de8ed298d:0x48d3331a35e70a89!8m2!3d-2.142207!4d-79.9036767!15sChRMYSBDYXNhIGRlbCBUb21hSGF3ayIDiAEBWhYiFGxhIGNhc2EgZGVsIHRvbWFoYXdrkgEKcmVzdGF1cmFudOABAA!16s%2Fg%2F11g73597ns?entry=ttu&g_ep=EgoyMDI2MDgwNS4xIKXMDSoASAFQAw%3D%3D","5",,"Av. Francisco de Orellana","false","La srta Yessenia nos atendió muy bien, así mismo las veces anteriores q hemos visitado el local los otros colaboradores nos han atendido muy bien, comida deliciosa como siempre. Al momento la atención muy buena",,"La Casa del Tomahawk","4.3",,"https://www.google.com/maps/search/?api=1&query=La%20Casa%20del%20Tomahawk&query_place_id=ChIJjSnt6E1tLZARiQrnNRoz00g",
"Av. Francisco de Orellana, 090508 Guayaquil, Ecuador","Restaurante","Restaurante","5247594178483260041","Guayaquil","EC","0x902d6d4de8ed298d:0x48d3331a35e70a89",,"https://lh3.googleusercontent.com/gps-cs-s/AHRPTWlKtARv4uZa_c0E1ciQrsvkVWlAt0OWnqG49SXXKn1JlecdPQYXZPK_TxCCl87SigA3GX2PU04pnOiGW41Pbav9OeLEW4TIc3Cj6awxMxvlp60hmHuReYtoJRuWyBWhvz5q8lLz2Q=w408-h272-k-no","false","false","/g/11g73597ns","es-419","0","-2.142207","-79.9036767",,"Alborada Oeste",,"false","ChIJjSnt6E1tLZARiQrnNRoz00g",,"$10-25","Hace 11 meses","2025-09-02T14:17:14.943Z",,"2025-09-02T18:20:45.000Z","We’re sorry to hear about your experience. Your feedback is important to us, and we would like to understand what went wrong. Please reach out to us directly so we can address your concerns and work towards a resolution. Thank you for bringing this to our attention.",,,,,,,,,,,,,,,,,,,"1","1","1","Ci9DQUlRQUNvZENodHljRjlvT2xkUFh6VmFRbEJXU3pKMldEVmlRblZJVDFoVE5FRRAB",,,,,,,,,"Google",,,"1",,,"3594","2026-08-08T17:27:42.403Z","Direct Detail URL: https://www.google.com/maps/place/La+Casa+del+Tomahawk/@-2.1684545,-79.9245565,12z/data=!4m10!1m2!2m1!1sLa+Casa+del+TomaHawk!3m6!1s0x902d6d4de8ed298d:0x48d3331a35e70a89!8m2!3d-2.142207!4d-79.9036767!15sChRMYSBDYXNhIGRlbCBUb21hSGF3ayIDiAEBWhYiFGxhIGNhc2EgZGVsIHRvbWFoYXdrkgEKcmVzdGF1cmFudOABAA!16s%2Fg%2F11g73597ns?entry=ttu&g_ep=EgoyMDI2MDgwNS4xIKXMDSoASAFQAw%3D%3D","1",,"Av. Francisco de Orellana","false",,,"La Casa del Tomahawk","4.3",,"https://www.google.com/maps/search/?api=1&query=La%20Casa%20del%20Tomahawk&query_place_id=ChIJjSnt6E1tLZARiQrnNRoz00g",
"Av. Francisco de Orellana, 090508 Guayaquil, Ecuador","Restaurante","Restaurante","5247594178483260041","Guayaquil","EC","0x902d6d4de8ed298d:0x48d3331a35e70a89",,"https://lh3.googleusercontent.com/gps-cs-s/AHRPTWlKtARv4uZa_c0E1ciQrsvkVWlAt0OWnqG49SXXKn1JlecdPQYXZPK_TxCCl87SigA3GX2PU04pnOiGW41Pbav9OeLEW4TIc3Cj6awxMxvlp60hmHuReYtoJRuWyBWhvz5q8lLz2Q=w408-h272-k-no","false","false","/g/11g73597ns","es-419","0","-2.142207","-79.9036767",,"Alborada Oeste",,"false","ChIJjSnt6E1tLZARiQrnNRoz00g",,"$10-25","Hace 11 meses","2025-09-01T23:30:10.936Z",,"2025-09-02T06:09:42.000Z","Thank you for the excellent rating, Roberto! We're thrilled to know you had a positive experience. Your support means a lot to us, and we look forward to serving you again soon.",,,,,"Ningún evento especial",,,,,,"$5-10",,,"3 o 4 personas","Hasta 10 min",,,,"5","5","5","Ci9DQUlRQUNvZENodHljRjlvT25sS1dFVmxWbmRXZFZaclVYUk5OM1I1ZUZGeFdYYxAB","https://lh3.googleusercontent.com/grass-cs/ACvplmND5wrgz-lKV8Kl-t3iYkMIkrmRR0J-J7D6kfLormCeB6bGN0dSDE0VkrmdV8ufx-Xm7hFjItR2yqVAvZzbOx4HTiX_eun1znH84rX471V7gKNEVDINjSMF3SoTjLp9fMJ2wdfn0d6m-Lsg=k-no","https://lh3.googleusercontent.com/grass-cs/ACvplmMu2HJxSUdrETqisI2lj5LsdP7AO-c045Tb7C23KUY1YayCjg9XStGIh51ZRa8J-NnS7XgonJ4vXWyhhjQUTUB_-fgClKjDB5NI1JjBPfY6Zc-Gr0zspw04VLNYF_qRwFzpvuZTNjjKIJU0=k-no",,,,,,,"Google",,,"0",,,"3594","2026-08-08T17:27:42.403Z","Direct Detail URL: https://www.google.com/maps/place/La+Casa+del+Tomahawk/@-2.1684545,-79.9245565,12z/data=!4m10!1m2!2m1!1sLa+Casa+del+TomaHawk!3m6!1s0x902d6d4de8ed298d:0x48d3331a35e70a89!8m2!3d-2.142207!4d-79.9036767!15sChRMYSBDYXNhIGRlbCBUb21hSGF3ayIDiAEBWhYiFGxhIGNhc2EgZGVsIHRvbWFoYXdrkgEKcmVzdGF1cmFudOABAA!16s%2Fg%2F11g73597ns?entry=ttu&g_ep=EgoyMDI2MDgwNS4xIKXMDSoASAFQAw%3D%3D","5",,"Av. Francisco de Orellana","false",,,"La Casa del Tomahawk","4.3",,"https://www.google.com/maps/search/?api=1&query=La%20Casa%20del%20Tomahawk&query_place_id=ChIJjSnt6E1tLZARiQrnNRoz00g",
"Av. Francisco de Orellana, 090508 Guayaquil, Ecuador","Restaurante","Restaurante","5247594178483260041","Guayaquil","EC","0x902d6d4de8ed298d:0x48d3331a35e70a89",,"https://lh3.googleusercontent.com/gps-cs-s/AHRPTWlKtARv4uZa_c0E1ciQrsvkVWlAt0OWnqG49SXXKn1JlecdPQYXZPK_TxCCl87SigA3GX2PU04pnOiGW41Pbav9OeLEW4TIc3Cj6awxMxvlp60hmHuReYtoJRuWyBWhvz5q8lLz2Q=w408-h272-k-no","false","false","/g/11g73597ns","es-419","0","-2.142207","-79.9036767",,"Alborada Oeste",,"false","ChIJjSnt6E1tLZARiQrnNRoz00g",,"$10-25","Hace 11 meses","2025-09-01T22:10:11.754Z",,"2025-09-02T00:03:48.000Z","Thank you for your fantastic review, Andres! We’re thrilled to hear that you had such a positive experience with us. Your support means a lot, and we look forward to serving you again soon!",,,,,"Ningún evento especial",,,,,,"$20-25",,,"2 personas","Sin espera",,,,"5","5","5","Ci9DQUlRQUNvZENodHljRjlvT2tsRE5YaG1SRUpSYzIxVE5qUnpOMWhZZFUxQ2FVRRAB",,,,,,,,,"Google",,,"3",,,"3594","2026-08-08T17:27:42.403Z","Direct Detail URL: https://www.google.com/maps/place/La+Casa+del+Tomahawk/@-2.1684545,-79.9245565,12z/data=!4m10!1m2!2m1!1sLa+Casa+del+TomaHawk!3m6!1s0x902d6d4de8ed298d:0x48d3331a35e70a89!8m2!3d-2.142207!4d-79.9036767!15sChRMYSBDYXNhIGRlbCBUb21hSGF3ayIDiAEBWhYiFGxhIGNhc2EgZGVsIHRvbWFoYXdrkgEKcmVzdGF1cmFudOABAA!16s%2Fg%2F11g73597ns?entry=ttu&g_ep=EgoyMDI2MDgwNS4xIKXMDSoASAFQAw%3D%3D","5",,"Av. Francisco de Orellana","false",,,"La Casa del Tomahawk","4.3",,"https://www.google.com/maps/search/?api=1&query=La%20Casa%20del%20Tomahawk&query_place_id=ChIJjSnt6E1tLZARiQrnNRoz00g",
"Av. Francisco de Orellana, 090508 Guayaquil, Ecuador","Restaurante","Restaurante","5247594178483260041","Guayaquil","EC","0x902d6d4de8ed298d:0x48d3331a35e70a89",,"https://lh3.googleusercontent.com/gps-cs-s/AHRPTWlKtARv4uZa_c0E1ciQrsvkVWlAt0OWnqG49SXXKn1JlecdPQYXZPK_TxCCl87SigA3GX2PU04pnOiGW41Pbav9OeLEW4TIc3Cj6awxMxvlp60hmHuReYtoJRuWyBWhvz5q8lLz2Q=w408-h272-k-no","false","false","/g/11g73597ns","es-419","0","-2.142207","-79.9036767",,"Alborada Oeste","es","false","ChIJjSnt6E1tLZARiQrnNRoz00g",,"$10-25","Hace 11 meses","2025-09-01T01:15:11.441Z",,"2025-09-01T05:22:31.000Z","¡Gracias por tu excelente calificación! Nos alegra saber que estás satisfecho con nuestro servicio. Tu apoyo es muy importante para nosotros. Esperamos verte de nuevo pronto.","Si","Si","Es un poco difícil encontrar estacionamiento","Fco. Orellana","Música en vivo",,,,,"No","$25-30",,,"Apto para grupos de todos los tamaños","De 10 a 30 min",,,,,"5",,"Ci9DQUlRQUNvZENodHljRjlvT2xORE9ITmtjR1pQYW1zMmRqZFVObm80YzFvMWFrRRAB","https://lh3.googleusercontent.com/grass-cs/ACvplmMu0E6NNExd0yx4SnTQQifUwDnJipXee0_6dyBtxQlwhzXtpEBUS0B_ypsxQUXeSj4krhkIfQKKmAHOPKR_4TBCC3gPzG7HdWb6VI-1KqAmTEudXg8fsdEYMxwbkb7hsSggqZssEL8NTR_D=k-no",,,,,,,,"Google",,,"1",,,"3594","2026-08-08T17:27:42.403Z","Direct Detail URL: https://www.google.com/maps/place/La+Casa+del+Tomahawk/@-2.1684545,-79.9245565,12z/data=!4m10!1m2!2m1!1sLa+Casa+del+TomaHawk!3m6!1s0x902d6d4de8ed298d:0x48d3331a35e70a89!8m2!3d-2.142207!4d-79.9036767!15sChRMYSBDYXNhIGRlbCBUb21hSGF3ayIDiAEBWhYiFGxhIGNhc2EgZGVsIHRvbWFoYXdrkgEKcmVzdGF1cmFudOABAA!16s%2Fg%2F11g73597ns?entry=ttu&g_ep=EgoyMDI2MDgwNS4xIKXMDSoASAFQAw%3D%3D","5",,"Av. Francisco de Orellana","false","Excelente",,"La Casa del Tomahawk","4.3",,"https://www.google.com/maps/search/?api=1&query=La%20Casa%20del%20Tomahawk&query_place_id=ChIJjSnt6E1tLZARiQrnNRoz00g",
"Av. Francisco de Orellana, 090508 Guayaquil, Ecuador","Restaurante","Restaurante","5247594178483260041","Guayaquil","EC","0x902d6d4de8ed298d:0x48d3331a35e70a89",,"https://lh3.googleusercontent.com/gps-cs-s/AHRPTWlKtARv4uZa_c0E1ciQrsvkVWlAt0OWnqG49SXXKn1JlecdPQYXZPK_TxCCl87SigA3GX2PU04pnOiGW41Pbav9OeLEW4TIc3Cj6awxMxvlp60hmHuReYtoJRuWyBWhvz5q8lLz2Q=w408-h272-k-no","false","false","/g/11g73597ns","es-419","0","-2.142207","-79.9036767",,"Alborada Oeste",,"false","ChIJjSnt6E1tLZARiQrnNRoz00g",,"$10-25","Hace 11 meses","2025-08-31T22:46:44.666Z",,"2025-08-31T23:07:29.000Z","Thank you for your fantastic review! We're thrilled to hear that you had a great experience with us. Your support means a lot and motivates our team to keep delivering excellent service. We look forward to serving you again soon!",,,,,"Evento de temporada o de festividades, Otros",,,,,,"$20-25",,,"Apto para grupos de todos los tamaños","Hasta 10 min",,,,"5","5","5","Ci9DQUlRQUNvZENodHljRjlvT2xCdGVqWkRXalpsUVV0VlFsWm1aWGhpUkZOUFVVRRAB",,,,,,,,,"Google",,,"0",,,"3594","2026-08-08T17:27:42.403Z","Direct Detail URL: https://www.google.com/maps/place/La+Casa+del+Tomahawk/@-2.1684545,-79.9245565,12z/data=!4m10!1m2!2m1!1sLa+Casa+del+TomaHawk!3m6!1s0x902d6d4de8ed298d:0x48d3331a35e70a89!8m2!3d-2.142207!4d-79.9036767!15sChRMYSBDYXNhIGRlbCBUb21hSGF3ayIDiAEBWhYiFGxhIGNhc2EgZGVsIHRvbWFoYXdrkgEKcmVzdGF1cmFudOABAA!16s%2Fg%2F11g73597ns?entry=ttu&g_ep=EgoyMDI2MDgwNS4xIKXMDSoASAFQAw%3D%3D","5",,"Av. Francisco de Orellana","false",,,"La Casa del Tomahawk","4.3",,"https://www.google.com/maps/search/?api=1&query=La%20Casa%20del%20Tomahawk&query_place_id=ChIJjSnt6E1tLZARiQrnNRoz00g",
"Av. Francisco de Orellana, 090508 Guayaquil, Ecuador","Restaurante","Restaurante","5247594178483260041","Guayaquil","EC","0x902d6d4de8ed298d:0x48d3331a35e70a89",,"https://lh3.googleusercontent.com/gps-cs-s/AHRPTWlKtARv4uZa_c0E1ciQrsvkVWlAt0OWnqG49SXXKn1JlecdPQYXZPK_TxCCl87SigA3GX2PU04pnOiGW41Pbav9OeLEW4TIc3Cj6awxMxvlp60hmHuReYtoJRuWyBWhvz5q8lLz2Q=w408-h272-k-no","false","false","/g/11g73597ns","es-419","0","-2.142207","-79.9036767",,"Alborada Oeste",,"false","ChIJjSnt6E1tLZARiQrnNRoz00g",,"$10-25","Hace 11 meses","2025-08-31T19:37:01.010Z",,"2025-08-31T23:07:31.000Z","Thank you for the fantastic rating! We're thrilled to hear that you had a great experience with us. Your support means a lot, and we look forward to serving you again soon.",,,,,,,,,,,"$5-10",,,,,,,,"5",,,"Ci9DQUlRQUNvZENodHljRjlvT25wdVJXUTJSR0ZIYVhZeE0zSjZhMXB4VFhsbFpFRRAB",,,,,,,,,"Google",,,"0",,,"3594","2026-08-08T17:27:42.403Z","Direct Detail URL: https://www.google.com/maps/place/La+Casa+del+Tomahawk/@-2.1684545,-79.9245565,12z/data=!4m10!1m2!2m1!1sLa+Casa+del+TomaHawk!3m6!1s0x902d6d4de8ed298d:0x48d3331a35e70a89!8m2!3d-2.142207!4d-79.9036767!15sChRMYSBDYXNhIGRlbCBUb21hSGF3ayIDiAEBWhYiFGxhIGNhc2EgZGVsIHRvbWFoYXdrkgEKcmVzdGF1cmFudOABAA!16s%2Fg%2F11g73597ns?entry=ttu&g_ep=EgoyMDI2MDgwNS4xIKXMDSoASAFQAw%3D%3D","5",,"Av. Francisco de Orellana","false",,,"La Casa del Tomahawk","4.3",,"https://www.google.com/maps/search/?api=1&query=La%20Casa%20del%20Tomahawk&query_place_id=ChIJjSnt6E1tLZARiQrnNRoz00g",
"Av. Francisco de Orellana, 090508 Guayaquil, Ecuador","Restaurante","Restaurante","5247594178483260041","Guayaquil","EC","0x902d6d4de8ed298d:0x48d3331a35e70a89",,"https://lh3.googleusercontent.com/gps-cs-s/AHRPTWlKtARv4uZa_c0E1ciQrsvkVWlAt0OWnqG49SXXKn1JlecdPQYXZPK_TxCCl87SigA3GX2PU04pnOiGW41Pbav9OeLEW4TIc3Cj6awxMxvlp60hmHuReYtoJRuWyBWhvz5q8lLz2Q=w408-h272-k-no","false","false","/g/11g73597ns","es-419","0","-2.142207","-79.9036767",,"Alborada Oeste",,"false","ChIJjSnt6E1tLZARiQrnNRoz00g",,"$10-25","Hace 11 meses","2025-08-31T18:29:14.634Z",,"2025-08-31T23:07:30.000Z","Thank you for your outstanding review, Sasha! We're thrilled to hear that you had a great experience with us. Your support means a lot to our team. We look forward to serving you again soon!",,,,,,,,,,,"$15-20",,,,,,,,"5","5","5","Ci9DQUlRQUNvZENodHljRjlvT21WSFMzUk5lbVY1ZEVSMlJXTlFVbXA2YWtjemMwRRAB",,,,,,,,,"Google",,,"0",,,"3594","2026-08-08T17:27:42.403Z","Direct Detail URL: https://www.google.com/maps/place/La+Casa+del+Tomahawk/@-2.1684545,-79.9245565,12z/data=!4m10!1m2!2m1!1sLa+Casa+del+TomaHawk!3m6!1s0x902d6d4de8ed298d:0x48d3331a35e70a89!8m2!3d-2.142207!4d-79.9036767!15sChRMYSBDYXNhIGRlbCBUb21hSGF3ayIDiAEBWhYiFGxhIGNhc2EgZGVsIHRvbWFoYXdrkgEKcmVzdGF1cmFudOABAA!16s%2Fg%2F11g73597ns?entry=ttu&g_ep=EgoyMDI2MDgwNS4xIKXMDSoASAFQAw%3D%3D","5",,"Av. Francisco de Orellana","false",,,"La Casa del Tomahawk","4.3",,"https://www.google.com/maps/search/?api=1&query=La%20Casa%20del%20Tomahawk&query_place_id=ChIJjSnt6E1tLZARiQrnNRoz00g",
"Av. Francisco de Orellana, 090508 Guayaquil, Ecuador","Restaurante","Restaurante","5247594178483260041","Guayaquil","EC","0x902d6d4de8ed298d:0x48d3331a35e70a89",,"https://lh3.googleusercontent.com/gps-cs-s/AHRPTWlKtARv4uZa_c0E1ciQrsvkVWlAt0OWnqG49SXXKn1JlecdPQYXZPK_TxCCl87SigA3GX2PU04pnOiGW41Pbav9OeLEW4TIc3Cj6awxMxvlp60hmHuReYtoJRuWyBWhvz5q8lLz2Q=w408-h272-k-no","false","false","/g/11g73597ns","es-419","0","-2.142207","-79.9036767",,"Alborada Oeste",,"false","ChIJjSnt6E1tLZARiQrnNRoz00g",,"$10-25","Hace 11 meses","2025-08-30T20:35:52.454Z",,"2025-08-30T22:47:51.000Z","Thank you for your positive feedback, Roxana! We're thrilled to hear that you had a great experience with us. Your support means a lot, and we look forward to serving you again soon.",,,,,"Ningún evento especial",,,,,,"$25-30",,,"Entre 5 y 8 personas","Sin espera",,,,"5","5","5","Ci9DQUlRQUNvZENodHljRjlvT2sxcVkyNUVSVVZ5Vm10Tk5FUmlPVU10VFVORlpXYxAB",,,,,,,,,"Google",,,"1",,,"3594","2026-08-08T17:27:42.403Z","Direct Detail URL: https://www.google.com/maps/place/La+Casa+del+Tomahawk/@-2.1684545,-79.9245565,12z/data=!4m10!1m2!2m1!1sLa+Casa+del+TomaHawk!3m6!1s0x902d6d4de8ed298d:0x48d3331a35e70a89!8m2!3d-2.142207!4d-79.9036767!15sChRMYSBDYXNhIGRlbCBUb21hSGF3ayIDiAEBWhYiFGxhIGNhc2EgZGVsIHRvbWFoYXdrkgEKcmVzdGF1cmFudOABAA!16s%2Fg%2F11g73597ns?entry=ttu&g_ep=EgoyMDI2MDgwNS4xIKXMDSoASAFQAw%3D%3D","5",,"Av. Francisco de Orellana","false",,,"La Casa del Tomahawk","4.3",,"https://www.google.com/maps/search/?api=1&query=La%20Casa%20del%20Tomahawk&query_place_id=ChIJjSnt6E1tLZARiQrnNRoz00g",
"Av. Francisco de Orellana, 090508 Guayaquil, Ecuador","Restaurante","Restaurante","5247594178483260041","Guayaquil","EC","0x902d6d4de8ed298d:0x48d3331a35e70a89",,"https://lh3.googleusercontent.com/gps-cs-s/AHRPTWlKtARv4uZa_c0E1ciQrsvkVWlAt0OWnqG49SXXKn1JlecdPQYXZPK_TxCCl87SigA3GX2PU04pnOiGW41Pbav9OeLEW4TIc3Cj6awxMxvlp60hmHuReYtoJRuWyBWhvz5q8lLz2Q=w408-h272-k-no","false","false","/g/11g73597ns","es-419","0","-2.142207","-79.9036767",,"Alborada Oeste","es","false","ChIJjSnt6E1tLZARiQrnNRoz00g",,"$10-25","Hace 11 meses","2025-08-30T02:36:43.232Z",,"2025-08-30T03:52:49.000Z","Thank you for your positive review, Jaime! We’re thrilled to hear that you had a great experience. Your satisfaction is our top priority, and we look forward to serving you again soon!",,,"Es un poco difícil encontrar estacionamiento","No","Ningún evento especial",,,"Estacionamiento gratuito en la calle",,,"$10-15",,,"Apto para grupos de todos los tamaños","De 10 a 30 min",,,,"4","5","4","Ci9DQUlRQUNvZENodHljRjlvT21SNlVVcGlkR294ZDJGeFdHWk1lVTgwYURreWVIYxAB",,,,,,,,,"Google",,,"0",,,"3594","2026-08-08T17:27:42.403Z","Direct Detail URL: https://www.google.com/maps/place/La+Casa+del+Tomahawk/@-2.1684545,-79.9245565,12z/data=!4m10!1m2!2m1!1sLa+Casa+del+TomaHawk!3m6!1s0x902d6d4de8ed298d:0x48d3331a35e70a89!8m2!3d-2.142207!4d-79.9036767!15sChRMYSBDYXNhIGRlbCBUb21hSGF3ayIDiAEBWhYiFGxhIGNhc2EgZGVsIHRvbWFoYXdrkgEKcmVzdGF1cmFudOABAA!16s%2Fg%2F11g73597ns?entry=ttu&g_ep=EgoyMDI2MDgwNS4xIKXMDSoASAFQAw%3D%3D","5",,"Av. Francisco de Orellana","false",,,"La Casa del Tomahawk","4.3",,"https://www.google.com/maps/search/?api=1&query=La%20Casa%20del%20Tomahawk&query_place_id=ChIJjSnt6E1tLZARiQrnNRoz00g",
"Av. Francisco de Orellana, 090508 Guayaquil, Ecuador","Restaurante","Restaurante","5247594178483260041","Guayaquil","EC","0x902d6d4de8ed298d:0x48d3331a35e70a89",,"https://lh3.googleusercontent.com/gps-cs-s/AHRPTWlKtARv4uZa_c0E1ciQrsvkVWlAt0OWnqG49SXXKn1JlecdPQYXZPK_TxCCl87SigA3GX2PU04pnOiGW41Pbav9OeLEW4TIc3Cj6awxMxvlp60hmHuReYtoJRuWyBWhvz5q8lLz2Q=w408-h272-k-no","false","false","/g/11g73597ns","es-419","0","-2.142207","-79.9036767",,"Alborada Oeste",,"false","ChIJjSnt6E1tLZARiQrnNRoz00g",,"$10-25","Hace 11 meses","2025-08-30T01:10:00.405Z",,"2025-08-30T03:52:53.000Z","Thank you, Rene, for your fantastic review! We're thrilled to hear you had a great experience with us. Your support means a lot, and we look forward to serving you again soon!",,,,,,,,,,,,,,,,,,,"5","5","5","Ci9DQUlRQUNvZENodHljRjlvT2sxeFNUazRhbTQzWHprME9VcFhXWFF6U2psUVFXYxAB",,,,,,,,,"Google",,,"0",,,"3594","2026-08-08T17:27:42.403Z","Direct Detail URL: https://www.google.com/maps/place/La+Casa+del+Tomahawk/@-2.1684545,-79.9245565,12z/data=!4m10!1m2!2m1!1sLa+Casa+del+TomaHawk!3m6!1s0x902d6d4de8ed298d:0x48d3331a35e70a89!8m2!3d-2.142207!4d-79.9036767!15sChRMYSBDYXNhIGRlbCBUb21hSGF3ayIDiAEBWhYiFGxhIGNhc2EgZGVsIHRvbWFoYXdrkgEKcmVzdGF1cmFudOABAA!16s%2Fg%2F11g73597ns?entry=ttu&g_ep=EgoyMDI2MDgwNS4xIKXMDSoASAFQAw%3D%3D","5",,"Av. Francisco de Orellana","false",,,"La Casa del Tomahawk","4.3",,"https://www.google.com/maps/search/?api=1&query=La%20Casa%20del%20Tomahawk&query_place_id=ChIJjSnt6E1tLZARiQrnNRoz00g",
"Av. Francisco de Orellana, 090508 Guayaquil, Ecuador","Restaurante","Restaurante","5247594178483260041","Guayaquil","EC","0x902d6d4de8ed298d:0x48d3331a35e70a89",,"https://lh3.googleusercontent.com/gps-cs-s/AHRPTWlKtARv4uZa_c0E1ciQrsvkVWlAt0OWnqG49SXXKn1JlecdPQYXZPK_TxCCl87SigA3GX2PU04pnOiGW41Pbav9OeLEW4TIc3Cj6awxMxvlp60hmHuReYtoJRuWyBWhvz5q8lLz2Q=w408-h272-k-no","false","false","/g/11g73597ns","es-419","0","-2.142207","-79.9036767",,"Alborada Oeste","es","false","ChIJjSnt6E1tLZARiQrnNRoz00g",,"$10-25","Hace 11 meses","2025-08-30T00:14:11.698Z",,"2025-08-30T03:52:51.000Z","¡Gracias por tu comentario positivo! Nos alegra saber que disfrutaste tanto de la comida como de la atención. Esperamos verte nuevamente pronto para seguir ofreciéndote una gran experiencia.",,,"Hay suficiente espacio",,"Ningún evento especial",,,,,,"$15-20",,,"Apto para grupos de todos los tamaños","De 10 a 30 min",,,,"5","5","5","Ci9DQUlRQUNvZENodHljRjlvT2kxMmFUSkhjR05LYVhwT1NXcGxhSEYyUTNaNlEzYxAB",,,,,,,,,"Google",,,"2",,,"3594","2026-08-08T17:27:42.403Z","Direct Detail URL: https://www.google.com/maps/place/La+Casa+del+Tomahawk/@-2.1684545,-79.9245565,12z/data=!4m10!1m2!2m1!1sLa+Casa+del+TomaHawk!3m6!1s0x902d6d4de8ed298d:0x48d3331a35e70a89!8m2!3d-2.142207!4d-79.9036767!15sChRMYSBDYXNhIGRlbCBUb21hSGF3ayIDiAEBWhYiFGxhIGNhc2EgZGVsIHRvbWFoYXdrkgEKcmVzdGF1cmFudOABAA!16s%2Fg%2F11g73597ns?entry=ttu&g_ep=EgoyMDI2MDgwNS4xIKXMDSoASAFQAw%3D%3D","5",,"Av. Francisco de Orellana","false","Muy buena la comida y la atención",,"La Casa del Tomahawk","4.3",,"https://www.google.com/maps/search/?api=1&query=La%20Casa%20del%20Tomahawk&query_place_id=ChIJjSnt6E1tLZARiQrnNRoz00g",
"Av. Francisco de Orellana, 090508 Guayaquil, Ecuador","Restaurante","Restaurante","5247594178483260041","Guayaquil","EC","0x902d6d4de8ed298d:0x48d3331a35e70a89",,"https://lh3.googleusercontent.com/gps-cs-s/AHRPTWlKtARv4uZa_c0E1ciQrsvkVWlAt0OWnqG49SXXKn1JlecdPQYXZPK_TxCCl87SigA3GX2PU04pnOiGW41Pbav9OeLEW4TIc3Cj6awxMxvlp60hmHuReYtoJRuWyBWhvz5q8lLz2Q=w408-h272-k-no","false","false","/g/11g73597ns","es-419","0","-2.142207","-79.9036767",,"Alborada Oeste","es","false","ChIJjSnt6E1tLZARiQrnNRoz00g",,"$10-25","Hace 11 meses","2025-08-29T23:48:51.333Z",,"2025-08-30T03:52:51.000Z","Agradecemos mucho tu comentario. Nos alegra saber que disfrutaste de tu experiencia con nosotros. Esperamos verte de nuevo pronto.",,,,,"No lo sé",,,,,,"$10-15",,,"Apto para grupos de todos los tamaños","Sin espera",,,,"5","5","5","Ci9DQUlRQUNvZENodHljRjlvT201S2RtbDVOVE5LT0dZMVpGaGpVMnBLU2s5NE5YYxAB",,,,,,,,,"Google",,,"1",,,"3594","2026-08-08T17:27:42.403Z","Direct Detail URL: https://www.google.com/maps/place/La+Casa+del+Tomahawk/@-2.1684545,-79.9245565,12z/data=!4m10!1m2!2m1!1sLa+Casa+del+TomaHawk!3m6!1s0x902d6d4de8ed298d:0x48d3331a35e70a89!8m2!3d-2.142207!4d-79.9036767!15sChRMYSBDYXNhIGRlbCBUb21hSGF3ayIDiAEBWhYiFGxhIGNhc2EgZGVsIHRvbWFoYXdrkgEKcmVzdGF1cmFudOABAA!16s%2Fg%2F11g73597ns?entry=ttu&g_ep=EgoyMDI2MDgwNS4xIKXMDSoASAFQAw%3D%3D","5",,"Av. Francisco de Orellana","false","Buen Lugar",,"La Casa del Tomahawk","4.3",,"https://www.google.com/maps/search/?api=1&query=La%20Casa%20del%20Tomahawk&query_place_id=ChIJjSnt6E1tLZARiQrnNRoz00g",
"Av. Francisco de Orellana, 090508 Guayaquil, Ecuador","Restaurante","Restaurante","5247594178483260041","Guayaquil","EC","0x902d6d4de8ed298d:0x48d3331a35e70a89",,"https://lh3.googleusercontent.com/gps-cs-s/AHRPTWlKtARv4uZa_c0E1ciQrsvkVWlAt0OWnqG49SXXKn1JlecdPQYXZPK_TxCCl87SigA3GX2PU04pnOiGW41Pbav9OeLEW4TIc3Cj6awxMxvlp60hmHuReYtoJRuWyBWhvz5q8lLz2Q=w408-h272-k-no","false","false","/g/11g73597ns","es-419","0","-2.142207","-79.9036767",,"Alborada Oeste",,"false","ChIJjSnt6E1tLZARiQrnNRoz00g",,"$10-25","Hace 11 meses","2025-08-29T22:16:27.135Z",,"2025-08-30T03:52:53.000Z","Thank you for your fantastic review! We’re thrilled to hear you had such a positive experience. Your support means a lot to us, and we look forward to serving you again soon!",,,,,,,,,,,,,,,,,,,"5","5","5","Ci9DQUlRQUNvZENodHljRjlvT2tOcE0wcGZSRXRFU1hGT1FtSnpkV0Y0Y0ZVelJVRRAB",,,,,,,,,"Google",,,"0",,,"3594","2026-08-08T17:27:42.403Z","Direct Detail URL: https://www.google.com/maps/place/La+Casa+del+Tomahawk/@-2.1684545,-79.9245565,12z/data=!4m10!1m2!2m1!1sLa+Casa+del+TomaHawk!3m6!1s0x902d6d4de8ed298d:0x48d3331a35e70a89!8m2!3d-2.142207!4d-79.9036767!15sChRMYSBDYXNhIGRlbCBUb21hSGF3ayIDiAEBWhYiFGxhIGNhc2EgZGVsIHRvbWFoYXdrkgEKcmVzdGF1cmFudOABAA!16s%2Fg%2F11g73597ns?entry=ttu&g_ep=EgoyMDI2MDgwNS4xIKXMDSoASAFQAw%3D%3D","5",,"Av. Francisco de Orellana","false",,,"La Casa del Tomahawk","4.3",,"https://www.google.com/maps/search/?api=1&query=La%20Casa%20del%20Tomahawk&query_place_id=ChIJjSnt6E1tLZARiQrnNRoz00g",
"Av. Francisco de Orellana, 090508 Guayaquil, Ecuador","Restaurante","Restaurante","5247594178483260041","Guayaquil","EC","0x902d6d4de8ed298d:0x48d3331a35e70a89",,"https://lh3.googleusercontent.com/gps-cs-s/AHRPTWlKtARv4uZa_c0E1ciQrsvkVWlAt0OWnqG49SXXKn1JlecdPQYXZPK_TxCCl87SigA3GX2PU04pnOiGW41Pbav9OeLEW4TIc3Cj6awxMxvlp60hmHuReYtoJRuWyBWhvz5q8lLz2Q=w408-h272-k-no","false","false","/g/11g73597ns","es-419","0","-2.142207","-79.9036767",,"Alborada Oeste",,"false","ChIJjSnt6E1tLZARiQrnNRoz00g",,"$10-25","Hace 11 meses","2025-08-29T03:37:16.461Z",,"2025-08-29T08:23:42.000Z","Thank you for your fantastic review! We're thrilled to hear that you had a great experience with us. Your support means a lot to our team, and we look forward to welcoming you back soon.",,,"Es un poco difícil encontrar estacionamiento",,"Otros",,,"Estacionamiento pagado en la calle",,,"$40-45",,,,"Sin espera",,,,"5","5","4","Ci9DQUlRQUNvZENodHljRjlvT21oS1gxOU9UM0ZuWDBSb1VIVm9VbUZXV0Mxck1rRRAB",,,,,,,,,"Google",,,"0",,,"3594","2026-08-08T17:27:42.403Z","Direct Detail URL: https://www.google.com/maps/place/La+Casa+del+Tomahawk/@-2.1684545,-79.9245565,12z/data=!4m10!1m2!2m1!1sLa+Casa+del+TomaHawk!3m6!1s0x902d6d4de8ed298d:0x48d3331a35e70a89!8m2!3d-2.142207!4d-79.9036767!15sChRMYSBDYXNhIGRlbCBUb21hSGF3ayIDiAEBWhYiFGxhIGNhc2EgZGVsIHRvbWFoYXdrkgEKcmVzdGF1cmFudOABAA!16s%2Fg%2F11g73597ns?entry=ttu&g_ep=EgoyMDI2MDgwNS4xIKXMDSoASAFQAw%3D%3D","5",,"Av. Francisco de Orellana","false",,,"La Casa del Tomahawk","4.3",,"https://www.google.com/maps/search/?api=1&query=La%20Casa%20del%20Tomahawk&query_place_id=ChIJjSnt6E1tLZARiQrnNRoz00g",
"Av. Francisco de Orellana, 090508 Guayaquil, Ecuador","Restaurante","Restaurante","5247594178483260041","Guayaquil","EC","0x902d6d4de8ed298d:0x48d3331a35e70a89",,"https://lh3.googleusercontent.com/gps-cs-s/AHRPTWlKtARv4uZa_c0E1ciQrsvkVWlAt0OWnqG49SXXKn1JlecdPQYXZPK_TxCCl87SigA3GX2PU04pnOiGW41Pbav9OeLEW4TIc3Cj6awxMxvlp60hmHuReYtoJRuWyBWhvz5q8lLz2Q=w408-h272-k-no","false","false","/g/11g73597ns","es-419","0","-2.142207","-79.9036767",,"Alborada Oeste",,"false","ChIJjSnt6E1tLZARiQrnNRoz00g",,"$10-25","Hace 11 meses","2025-08-29T02:53:33.201Z",,"2025-08-29T08:23:47.000Z","Thank you for your fantastic review, Misael! We're thrilled to hear you had such a positive experience with us. Your support and feedback mean a lot to our team, and we look forward to serving you again soon!",,,,,,,,,,,"$20-25",,,,,,,,"5","5","5","Ci9DQUlRQUNvZENodHljRjlvT2xVMFZXUnNXazlxVEVGSmJuVTNjVkJDTm5KS01sRRAB",,,,,,,,,"Google",,,"0",,,"3594","2026-08-08T17:27:42.403Z","Direct Detail URL: https://www.google.com/maps/place/La+Casa+del+Tomahawk/@-2.1684545,-79.9245565,12z/data=!4m10!1m2!2m1!1sLa+Casa+del+TomaHawk!3m6!1s0x902d6d4de8ed298d:0x48d3331a35e70a89!8m2!3d-2.142207!4d-79.9036767!15sChRMYSBDYXNhIGRlbCBUb21hSGF3ayIDiAEBWhYiFGxhIGNhc2EgZGVsIHRvbWFoYXdrkgEKcmVzdGF1cmFudOABAA!16s%2Fg%2F11g73597ns?entry=ttu&g_ep=EgoyMDI2MDgwNS4xIKXMDSoASAFQAw%3D%3D","5",,"Av. Francisco de Orellana","false",,,"La Casa del Tomahawk","4.3",,"https://www.google.com/maps/search/?api=1&query=La%20Casa%20del%20Tomahawk&query_place_id=ChIJjSnt6E1tLZARiQrnNRoz00g",
"Av. Francisco de Orellana, 090508 Guayaquil, Ecuador","Restaurante","Restaurante","5247594178483260041","Guayaquil","EC","0x902d6d4de8ed298d:0x48d3331a35e70a89",,"https://lh3.googleusercontent.com/gps-cs-s/AHRPTWlKtARv4uZa_c0E1ciQrsvkVWlAt0OWnqG49SXXKn1JlecdPQYXZPK_TxCCl87SigA3GX2PU04pnOiGW41Pbav9OeLEW4TIc3Cj6awxMxvlp60hmHuReYtoJRuWyBWhvz5q8lLz2Q=w408-h272-k-no","false","true","/g/11g73597ns","es-419","0","-2.142207","-79.9036767",,"Alborada Oeste",,"false","ChIJjSnt6E1tLZARiQrnNRoz00g",,"$10-25","Hace 11 meses","2025-08-29T02:40:11.344Z",,"2025-08-29T08:23:40.000Z","Thank you for your fantastic review, Gonzalo! We are thrilled to hear that you had a great experience with us. Your support and feedback mean a lot to our team. We look forward to welcoming you back soon!",,,,,,,,,,,,,,,,,,,"5","5","5","Ci9DQUlRQUNvZENodHljRjlvT2s5bldtZFliRzF1V1VkRmVFdDFWWEJ5U0VSNlMwRRAB",,,,,,,,,"Google",,,"5",,,"3594","2026-08-08T17:27:42.403Z","Direct Detail URL: https://www.google.com/maps/place/La+Casa+del+Tomahawk/@-2.1684545,-79.9245565,12z/data=!4m10!1m2!2m1!1sLa+Casa+del+TomaHawk!3m6!1s0x902d6d4de8ed298d:0x48d3331a35e70a89!8m2!3d-2.142207!4d-79.9036767!15sChRMYSBDYXNhIGRlbCBUb21hSGF3ayIDiAEBWhYiFGxhIGNhc2EgZGVsIHRvbWFoYXdrkgEKcmVzdGF1cmFudOABAA!16s%2Fg%2F11g73597ns?entry=ttu&g_ep=EgoyMDI2MDgwNS4xIKXMDSoASAFQAw%3D%3D","5",,"Av. Francisco de Orellana","false",,,"La Casa del Tomahawk","4.3",,"https://www.google.com/maps/search/?api=1&query=La%20Casa%20del%20Tomahawk&query_place_id=ChIJjSnt6E1tLZARiQrnNRoz00g",
"Av. Francisco de Orellana, 090508 Guayaquil, Ecuador","Restaurante","Restaurante","5247594178483260041","Guayaquil","EC","0x902d6d4de8ed298d:0x48d3331a35e70a89",,"https://lh3.googleusercontent.com/gps-cs-s/AHRPTWlKtARv4uZa_c0E1ciQrsvkVWlAt0OWnqG49SXXKn1JlecdPQYXZPK_TxCCl87SigA3GX2PU04pnOiGW41Pbav9OeLEW4TIc3Cj6awxMxvlp60hmHuReYtoJRuWyBWhvz5q8lLz2Q=w408-h272-k-no","false","false","/g/11g73597ns","es-419","0","-2.142207","-79.9036767",,"Alborada Oeste",,"false","ChIJjSnt6E1tLZARiQrnNRoz00g",,"$10-25","Hace 11 meses","2025-08-28T23:56:44.440Z",,"2025-08-29T02:09:42.000Z","Thank you for your fantastic review, Pedro! We are thrilled to hear that you had such a positive experience with us. Your support means a lot, and we look forward to serving you again soon.",,,,,"Ningún evento especial",,,,,,"$5-10",,,"Entre 5 y 8 personas","Sin espera",,,,"5","5","5","Ci9DQUlRQUNvZENodHljRjlvT21zMlp6Uk1ZMmRuY2twVGIxVjBXa1EyVmkxbE5FRRAB",,,,,,,,,"Google",,,"0",,,"3594","2026-08-08T17:27:42.403Z","Direct Detail URL: https://www.google.com/maps/place/La+Casa+del+Tomahawk/@-2.1684545,-79.9245565,12z/data=!4m10!1m2!2m1!1sLa+Casa+del+TomaHawk!3m6!1s0x902d6d4de8ed298d:0x48d3331a35e70a89!8m2!3d-2.142207!4d-79.9036767!15sChRMYSBDYXNhIGRlbCBUb21hSGF3ayIDiAEBWhYiFGxhIGNhc2EgZGVsIHRvbWFoYXdrkgEKcmVzdGF1cmFudOABAA!16s%2Fg%2F11g73597ns?entry=ttu&g_ep=EgoyMDI2MDgwNS4xIKXMDSoASAFQAw%3D%3D","5",,"Av. Francisco de Orellana","false",,,"La Casa del Tomahawk","4.3",,"https://www.google.com/maps/search/?api=1&query=La%20Casa%20del%20Tomahawk&query_place_id=ChIJjSnt6E1tLZARiQrnNRoz00g",
"Av. Francisco de Orellana, 090508 Guayaquil, Ecuador","Restaurante","Restaurante","5247594178483260041","Guayaquil","EC","0x902d6d4de8ed298d:0x48d3331a35e70a89",,"https://lh3.googleusercontent.com/gps-cs-s/AHRPTWlKtARv4uZa_c0E1ciQrsvkVWlAt0OWnqG49SXXKn1JlecdPQYXZPK_TxCCl87SigA3GX2PU04pnOiGW41Pbav9OeLEW4TIc3Cj6awxMxvlp60hmHuReYtoJRuWyBWhvz5q8lLz2Q=w408-h272-k-no","false","false","/g/11g73597ns","es-419","0","-2.142207","-79.9036767",,"Alborada Oeste",,"false","ChIJjSnt6E1tLZARiQrnNRoz00g",,"$10-25","Hace 11 meses","2025-08-28T19:17:06.924Z",,"2025-08-29T02:09:32.000Z","Thank you for your fantastic review, Cristhofer! We’re thrilled to hear that you had a great experience with us. Your support means a lot, and we look forward to serving you again soon!",,,,,"Ningún evento especial",,,,,,"$5-10",,,"3 o 4 personas","De 10 a 30 min",,,,"5","5","5","Ci9DQUlRQUNvZENodHljRjlvT2tGVVpUVlVSbkZHU25FelZtdFVabHBIYmt0VGJVRRAB",,,,,,,,,"Google",,,"0",,,"3594","2026-08-08T17:27:42.403Z","Direct Detail URL: https://www.google.com/maps/place/La+Casa+del+Tomahawk/@-2.1684545,-79.9245565,12z/data=!4m10!1m2!2m1!1sLa+Casa+del+TomaHawk!3m6!1s0x902d6d4de8ed298d:0x48d3331a35e70a89!8m2!3d-2.142207!4d-79.9036767!15sChRMYSBDYXNhIGRlbCBUb21hSGF3ayIDiAEBWhYiFGxhIGNhc2EgZGVsIHRvbWFoYXdrkgEKcmVzdGF1cmFudOABAA!16s%2Fg%2F11g73597ns?entry=ttu&g_ep=EgoyMDI2MDgwNS4xIKXMDSoASAFQAw%3D%3D","5",,"Av. Francisco de Orellana","false",,,"La Casa del Tomahawk","4.3",,"https://www.google.com/maps/search/?api=1&query=La%20Casa%20del%20Tomahawk&query_place_id=ChIJjSnt6E1tLZARiQrnNRoz00g",
"Av. Francisco de Orellana, 090508 Guayaquil, Ecuador","Restaurante","Restaurante","5247594178483260041","Guayaquil","EC","0x902d6d4de8ed298d:0x48d3331a35e70a89",,"https://lh3.googleusercontent.com/gps-cs-s/AHRPTWlKtARv4uZa_c0E1ciQrsvkVWlAt0OWnqG49SXXKn1JlecdPQYXZPK_TxCCl87SigA3GX2PU04pnOiGW41Pbav9OeLEW4TIc3Cj6awxMxvlp60hmHuReYtoJRuWyBWhvz5q8lLz2Q=w408-h272-k-no","false","false","/g/11g73597ns","es-419","0","-2.142207","-79.9036767",,"Alborada Oeste",,"false","ChIJjSnt6E1tLZARiQrnNRoz00g",,"$10-25","Hace 11 meses","2025-08-27T21:40:14.885Z",,"2025-08-28T00:28:21.000Z","Thank you for your five-star rating! We appreciate your support and look forward to serving you again.",,,,,"Ningún evento especial",,,,,,"$10-15",,,"Apto para grupos de todos los tamaños","Hasta 10 min",,,,"5","5","5","Ci9DQUlRQUNvZENodHljRjlvT25ZMlFuSnplbGx6Um1aamJGQlpOblJwWm1wWmNGRRAB",,,,,,,,,"Google",,,"2",,,"3594","2026-08-08T17:27:42.403Z","Direct Detail URL: https://www.google.com/maps/place/La+Casa+del+Tomahawk/@-2.1684545,-79.9245565,12z/data=!4m10!1m2!2m1!1sLa+Casa+del+TomaHawk!3m6!1s0x902d6d4de8ed298d:0x48d3331a35e70a89!8m2!3d-2.142207!4d-79.9036767!15sChRMYSBDYXNhIGRlbCBUb21hSGF3ayIDiAEBWhYiFGxhIGNhc2EgZGVsIHRvbWFoYXdrkgEKcmVzdGF1cmFudOABAA!16s%2Fg%2F11g73597ns?entry=ttu&g_ep=EgoyMDI2MDgwNS4xIKXMDSoASAFQAw%3D%3D","5",,"Av. Francisco de Orellana","false",,,"La Casa del Tomahawk","4.3",,"https://www.google.com/maps/search/?api=1&query=La%20Casa%20del%20Tomahawk&query_place_id=ChIJjSnt6E1tLZARiQrnNRoz00g",
"Av. Francisco de Orellana, 090508 Guayaquil, Ecuador","Restaurante","Restaurante","5247594178483260041","Guayaquil","EC","0x902d6d4de8ed298d:0x48d3331a35e70a89",,"https://lh3.googleusercontent.com/gps-cs-s/AHRPTWlKtARv4uZa_c0E1ciQrsvkVWlAt0OWnqG49SXXKn1JlecdPQYXZPK_TxCCl87SigA3GX2PU04pnOiGW41Pbav9OeLEW4TIc3Cj6awxMxvlp60hmHuReYtoJRuWyBWhvz5q8lLz2Q=w408-h272-k-no","false","false","/g/11g73597ns","es-419","0","-2.142207","-79.9036767",,"Alborada Oeste",,"false","ChIJjSnt6E1tLZARiQrnNRoz00g",,"$10-25","Hace 11 meses","2025-08-27T19:57:32.664Z",,"2025-08-28T00:28:20.000Z","Thank you for your feedback. We appreciate you taking the time to rate us. If you have any specific comments or suggestions to improve our services, please feel free to share. We strive to enhance our customer experience and your input would be very valuable.",,,,,,,,,,,"$5-10",,,"3 o 4 personas","Hasta 10 min",,,,"5","3","4","Ci9DQUlRQUNvZENodHljRjlvT25oUVV6aFhSMFZJZFVOeGJuWlBiSEp5TWs0MFIyYxAB",,,,,,,,,"Google",,,"0",,,"3594","2026-08-08T17:27:42.403Z","Direct Detail URL: https://www.google.com/maps/place/La+Casa+del+Tomahawk/@-2.1684545,-79.9245565,12z/data=!4m10!1m2!2m1!1sLa+Casa+del+TomaHawk!3m6!1s0x902d6d4de8ed298d:0x48d3331a35e70a89!8m2!3d-2.142207!4d-79.9036767!15sChRMYSBDYXNhIGRlbCBUb21hSGF3ayIDiAEBWhYiFGxhIGNhc2EgZGVsIHRvbWFoYXdrkgEKcmVzdGF1cmFudOABAA!16s%2Fg%2F11g73597ns?entry=ttu&g_ep=EgoyMDI2MDgwNS4xIKXMDSoASAFQAw%3D%3D","3",,"Av. Francisco de Orellana","false",,,"La Casa del Tomahawk","4.3",,"https://www.google.com/maps/search/?api=1&query=La%20Casa%20del%20Tomahawk&query_place_id=ChIJjSnt6E1tLZARiQrnNRoz00g",
"Av. Francisco de Orellana, 090508 Guayaquil, Ecuador","Restaurante","Restaurante","5247594178483260041","Guayaquil","EC","0x902d6d4de8ed298d:0x48d3331a35e70a89",,"https://lh3.googleusercontent.com/gps-cs-s/AHRPTWlKtARv4uZa_c0E1ciQrsvkVWlAt0OWnqG49SXXKn1JlecdPQYXZPK_TxCCl87SigA3GX2PU04pnOiGW41Pbav9OeLEW4TIc3Cj6awxMxvlp60hmHuReYtoJRuWyBWhvz5q8lLz2Q=w408-h272-k-no","false","false","/g/11g73597ns","es-419","0","-2.142207","-79.9036767",,"Alborada Oeste",,"false","ChIJjSnt6E1tLZARiQrnNRoz00g",,"$10-25","Hace 11 meses","2025-08-27T17:44:11.641Z",,"2025-08-28T00:28:21.000Z","Thank you for your 5-star review! We're thrilled to hear that you had a great experience with us. Your support means a lot, and we look forward to serving you again soon.",,,"No lo sé",,"Ningún evento especial",,,"Estacionamiento gratuito en la calle",,,"$15-20",,,"Más de 9 personas, Apto para grupos de todos los tamaños","Hasta 10 min",,,,"5","5","5","Ci9DQUlRQUNvZENodHljRjlvT21sWmFsWTNZbnBIZVRSc1JuWm9kWFF0YWtzeWJWRRAB",,,,,,,,,"Google",,,"0",,,"3594","2026-08-08T17:27:42.403Z","Direct Detail URL: https://www.google.com/maps/place/La+Casa+del+Tomahawk/@-2.1684545,-79.9245565,12z/data=!4m10!1m2!2m1!1sLa+Casa+del+TomaHawk!3m6!1s0x902d6d4de8ed298d:0x48d3331a35e70a89!8m2!3d-2.142207!4d-79.9036767!15sChRMYSBDYXNhIGRlbCBUb21hSGF3ayIDiAEBWhYiFGxhIGNhc2EgZGVsIHRvbWFoYXdrkgEKcmVzdGF1cmFudOABAA!16s%2Fg%2F11g73597ns?entry=ttu&g_ep=EgoyMDI2MDgwNS4xIKXMDSoASAFQAw%3D%3D","5",,"Av. Francisco de Orellana","false",,,"La Casa del Tomahawk","4.3",,"https://www.google.com/maps/search/?api=1&query=La%20Casa%20del%20Tomahawk&query_place_id=ChIJjSnt6E1tLZARiQrnNRoz00g",
"Av. Francisco de Orellana, 090508 Guayaquil, Ecuador","Restaurante","Restaurante","5247594178483260041","Guayaquil","EC","0x902d6d4de8ed298d:0x48d3331a35e70a89",,"https://lh3.googleusercontent.com/gps-cs-s/AHRPTWlKtARv4uZa_c0E1ciQrsvkVWlAt0OWnqG49SXXKn1JlecdPQYXZPK_TxCCl87SigA3GX2PU04pnOiGW41Pbav9OeLEW4TIc3Cj6awxMxvlp60hmHuReYtoJRuWyBWhvz5q8lLz2Q=w408-h272-k-no","false","false","/g/11g73597ns","es-419","0","-2.142207","-79.9036767",,"Alborada Oeste","es","false","ChIJjSnt6E1tLZARiQrnNRoz00g",,"$10-25","Hace 11 meses","2025-08-27T01:21:44.865Z",,"2025-08-27T05:02:48.000Z","Agradecemos mucho tu comentario, Daniel. Nos alegra saber que disfrutaste de tu experiencia y que nuestro ambiente y comida cumplieron con tus expectativas. Esperamos verte pronto para celebrar más ocasiones especiales. Tu satisfacción es muy importante para nosotros.",,,,,,,,,,,,,,,,,,,"5","5","5","Ci9DQUlRQUNvZENodHljRjlvT2twcVVXNTFMWHBXTldWa2JtYzFiV3hCYjBaNE9YYxAB","https://lh3.googleusercontent.com/grass-cs/ACvplmOmFFp-EUewwUjxqhuKddQb8tU19bf53LtEc9D2OlgUuoYVilziNCeyBihBcg24g1Jwlmvk1SkB2XnJqJxW7uxU_iENjO3PGsxquL5CDCXUtrJPRx7UWIZfCSj4s9MOMN6KvGywrofFRz62=k-no",,,,,,,,"Google",,,"4",,,"3594","2026-08-08T17:27:42.403Z","Direct Detail URL: https://www.google.com/maps/place/La+Casa+del+Tomahawk/@-2.1684545,-79.9245565,12z/data=!4m10!1m2!2m1!1sLa+Casa+del+TomaHawk!3m6!1s0x902d6d4de8ed298d:0x48d3331a35e70a89!8m2!3d-2.142207!4d-79.9036767!15sChRMYSBDYXNhIGRlbCBUb21hSGF3ayIDiAEBWhYiFGxhIGNhc2EgZGVsIHRvbWFoYXdrkgEKcmVzdGF1cmFudOABAA!16s%2Fg%2F11g73597ns?entry=ttu&g_ep=EgoyMDI2MDgwNS4xIKXMDSoASAFQAw%3D%3D","5",,"Av. Francisco de Orellana","false","Excelente lugar para disfrutar de una ocasión especial.
Te ofrece un ambiente relajado con buena comida",,"La Casa del Tomahawk","4.3",,"https://www.google.com/maps/search/?api=1&query=La%20Casa%20del%20Tomahawk&query_place_id=ChIJjSnt6E1tLZARiQrnNRoz00g",
"Av. Francisco de Orellana, 090508 Guayaquil, Ecuador","Restaurante","Restaurante","5247594178483260041","Guayaquil","EC","0x902d6d4de8ed298d:0x48d3331a35e70a89",,"https://lh3.googleusercontent.com/gps-cs-s/AHRPTWlKtARv4uZa_c0E1ciQrsvkVWlAt0OWnqG49SXXKn1JlecdPQYXZPK_TxCCl87SigA3GX2PU04pnOiGW41Pbav9OeLEW4TIc3Cj6awxMxvlp60hmHuReYtoJRuWyBWhvz5q8lLz2Q=w408-h272-k-no","false","true","/g/11g73597ns","es-419","0","-2.142207","-79.9036767",,"Alborada Oeste","es","false","ChIJjSnt6E1tLZARiQrnNRoz00g",,"$10-25","Hace 11 meses","2025-08-27T00:33:40.165Z",,"2025-08-27T05:02:50.000Z","Agradecemos mucho tu comentario y tu calificación de 5 estrellas. Nos alegra saber que has disfrutado de un ambiente acogedor y de la atención de nuestro personal. Tu satisfacción es nuestra prioridad y esperamos poder recibirte nuevamente pronto.",,,"No lo sé",,"Música en vivo, Evento de temporada o de festividades",,,"Estacionamiento gratuito en la calle",,,"$20-25",,,"No lo sé","Hasta 10 min",,,,"5","5","5","Ci9DQUlRQUNvZENodHljRjlvT25sTlJteHNOR2xZWVdWNmNtZ3hjRzB5WTFoM2NXYxAB",,,,,,,,,"Google",,,"1",,,"3594","2026-08-08T17:27:42.403Z","Direct Detail URL: https://www.google.com/maps/place/La+Casa+del+Tomahawk/@-2.1684545,-79.9245565,12z/data=!4m10!1m2!2m1!1sLa+Casa+del+TomaHawk!3m6!1s0x902d6d4de8ed298d:0x48d3331a35e70a89!8m2!3d-2.142207!4d-79.9036767!15sChRMYSBDYXNhIGRlbCBUb21hSGF3ayIDiAEBWhYiFGxhIGNhc2EgZGVsIHRvbWFoYXdrkgEKcmVzdGF1cmFudOABAA!16s%2Fg%2F11g73597ns?entry=ttu&g_ep=EgoyMDI2MDgwNS4xIKXMDSoASAFQAw%3D%3D","5",,"Av. Francisco de Orellana","false","Un lugar acogedor, excelente atención, un excelente trato de parte del personal,",,"La Casa del Tomahawk","4.3",,"https://www.google.com/maps/search/?api=1&query=La%20Casa%20del%20Tomahawk&query_place_id=ChIJjSnt6E1tLZARiQrnNRoz00g",
"Av. Francisco de Orellana, 090508 Guayaquil, Ecuador","Restaurante","Restaurante","5247594178483260041","Guayaquil","EC","0x902d6d4de8ed298d:0x48d3331a35e70a89",,"https://lh3.googleusercontent.com/gps-cs-s/AHRPTWlKtARv4uZa_c0E1ciQrsvkVWlAt0OWnqG49SXXKn1JlecdPQYXZPK_TxCCl87SigA3GX2PU04pnOiGW41Pbav9OeLEW4TIc3Cj6awxMxvlp60hmHuReYtoJRuWyBWhvz5q8lLz2Q=w408-h272-k-no","false","false","/g/11g73597ns","es-419","0","-2.142207","-79.9036767",,"Alborada Oeste","es","false","ChIJjSnt6E1tLZARiQrnNRoz00g",,"$10-25","Hace 11 meses","2025-08-26T20:29:27.669Z",,"2025-08-26T22:58:41.000Z","Agradecemos mucho tu comentario, Andres. Nos alegra saber que recibiste una atención oportuna y disfrutaste de la comida. Tu satisfacción es nuestra prioridad, y esperamos verte de nuevo pronto.","Si","Si","Hay suficiente espacio","Recomiendo el local","Música en vivo, Ningún evento especial",,,"Estacionamiento gratuito",,"Ensaladas","$15-20",,"No","2 personas, Apto para grupos de todos los tamaños","Hasta 10 min",,,,"5","5","5","Ci9DQUlRQUNvZENodHljRjlvT25aNGNGQkJUMlZEWW10bGFHVTJhM0p1UTFRMU1VRRAB",,,,,,,,,"Google",,,"1",,,"3594","2026-08-08T17:27:42.403Z","Direct Detail URL: https://www.google.com/maps/place/La+Casa+del+Tomahawk/@-2.1684545,-79.9245565,12z/data=!4m10!1m2!2m1!1sLa+Casa+del+TomaHawk!3m6!1s0x902d6d4de8ed298d:0x48d3331a35e70a89!8m2!3d-2.142207!4d-79.9036767!15sChRMYSBDYXNhIGRlbCBUb21hSGF3ayIDiAEBWhYiFGxhIGNhc2EgZGVsIHRvbWFoYXdrkgEKcmVzdGF1cmFudOABAA!16s%2Fg%2F11g73597ns?entry=ttu&g_ep=EgoyMDI2MDgwNS4xIKXMDSoASAFQAw%3D%3D","5",,"Av. Francisco de Orellana","false","Atención oportuno,comida muy buena",,"La Casa del Tomahawk","4.3",,"https://www.google.com/maps/search/?api=1&query=La%20Casa%20del%20Tomahawk&query_place_id=ChIJjSnt6E1tLZARiQrnNRoz00g",
"Av. Francisco de Orellana, 090508 Guayaquil, Ecuador","Restaurante","Restaurante","5247594178483260041","Guayaquil","EC","0x902d6d4de8ed298d:0x48d3331a35e70a89",,"https://lh3.googleusercontent.com/gps-cs-s/AHRPTWlKtARv4uZa_c0E1ciQrsvkVWlAt0OWnqG49SXXKn1JlecdPQYXZPK_TxCCl87SigA3GX2PU04pnOiGW41Pbav9OeLEW4TIc3Cj6awxMxvlp60hmHuReYtoJRuWyBWhvz5q8lLz2Q=w408-h272-k-no","false","false","/g/11g73597ns","es-419","0","-2.142207","-79.9036767",,"Alborada Oeste","es","false","ChIJjSnt6E1tLZARiQrnNRoz00g",,"$10-25","Hace 11 meses","2025-08-25T23:08:00.635Z",,"2025-08-25T23:18:52.000Z","¡Muchas gracias por tus amables palabras! Nos alegra saber que tuviste una excelente experiencia con nosotros. Siempre estamos aquí para brindarte el mejor servicio. Esperamos verte de nuevo pronto.",,,"No lo sé",,"Música en vivo",,,,,,"$20-25",,,"3 o 4 personas","Sin espera",,,,,,,"Ci9DQUlRQUNvZENodHljRjlvT20xalNETndSWEpWUWkxTlpsaFpUVTVIU25SaWNrRRAB","https://lh3.googleusercontent.com/grass-cs/ACvplmORnLbXH6j22ohK42qWiSbviLIar7jMwGFw3U6-Q57iVFx3giUIfMysgapjTLvKq27UpuH3OG7JdhaD4SXO7JJRjJW2MMWfwQKVC_nN8I_JMG2xglOEP1u2KyqDv12a9Hsqi47uE3jPT6Gz=k-no",,,,,,,,"Google",,,"2",,,"3594","2026-08-08T17:27:42.403Z","Direct Detail URL: https://www.google.com/maps/place/La+Casa+del+Tomahawk/@-2.1684545,-79.9245565,12z/data=!4m10!1m2!2m1!1sLa+Casa+del+TomaHawk!3m6!1s0x902d6d4de8ed298d:0x48d3331a35e70a89!8m2!3d-2.142207!4d-79.9036767!15sChRMYSBDYXNhIGRlbCBUb21hSGF3ayIDiAEBWhYiFGxhIGNhc2EgZGVsIHRvbWFoYXdrkgEKcmVzdGF1cmFudOABAA!16s%2Fg%2F11g73597ns?entry=ttu&g_ep=EgoyMDI2MDgwNS4xIKXMDSoASAFQAw%3D%3D","5",,"Av. Francisco de Orellana","false","Exelente atención regresaría muchas veces",,"La Casa del Tomahawk","4.3",,"https://www.google.com/maps/search/?api=1&query=La%20Casa%20del%20Tomahawk&query_place_id=ChIJjSnt6E1tLZARiQrnNRoz00g",
"Av. Francisco de Orellana, 090508 Guayaquil, Ecuador","Restaurante","Restaurante","5247594178483260041","Guayaquil","EC","0x902d6d4de8ed298d:0x48d3331a35e70a89",,"https://lh3.googleusercontent.com/gps-cs-s/AHRPTWlKtARv4uZa_c0E1ciQrsvkVWlAt0OWnqG49SXXKn1JlecdPQYXZPK_TxCCl87SigA3GX2PU04pnOiGW41Pbav9OeLEW4TIc3Cj6awxMxvlp60hmHuReYtoJRuWyBWhvz5q8lLz2Q=w408-h272-k-no","false","false","/g/11g73597ns","es-419","0","-2.142207","-79.9036767",,"Alborada Oeste",,"false","ChIJjSnt6E1tLZARiQrnNRoz00g",,"$10-25","Editado Hace 11 meses","2025-08-25T00:55:57.189Z",,"2025-08-16T04:04:06.000Z","Thank you for your five-star review! We appreciate your support and look forward to serving you again.",,,,,"Ningún evento especial",,,,,,"$10-15",,,"Apto para grupos de todos los tamaños","Hasta 10 min",,,,"5","5","5","Ci9DQUlRQUNvZENodHljRjlvT2poMGNuaE9aSGxUV0ZkcVZrNDVMVEpNZG04elNsRRAB",,,,,,,,,"Google",,,"0",,,"3594","2026-08-08T17:27:42.403Z","Direct Detail URL: https://www.google.com/maps/place/La+Casa+del+Tomahawk/@-2.1684545,-79.9245565,12z/data=!4m10!1m2!2m1!1sLa+Casa+del+TomaHawk!3m6!1s0x902d6d4de8ed298d:0x48d3331a35e70a89!8m2!3d-2.142207!4d-79.9036767!15sChRMYSBDYXNhIGRlbCBUb21hSGF3ayIDiAEBWhYiFGxhIGNhc2EgZGVsIHRvbWFoYXdrkgEKcmVzdGF1cmFudOABAA!16s%2Fg%2F11g73597ns?entry=ttu&g_ep=EgoyMDI2MDgwNS4xIKXMDSoASAFQAw%3D%3D","5",,"Av. Francisco de Orellana","false",,,"La Casa del Tomahawk","4.3",,"https://www.google.com/maps/search/?api=1&query=La%20Casa%20del%20Tomahawk&query_place_id=ChIJjSnt6E1tLZARiQrnNRoz00g",
"Av. Francisco de Orellana, 090508 Guayaquil, Ecuador","Restaurante","Restaurante","5247594178483260041","Guayaquil","EC","0x902d6d4de8ed298d:0x48d3331a35e70a89",,"https://lh3.googleusercontent.com/gps-cs-s/AHRPTWlKtARv4uZa_c0E1ciQrsvkVWlAt0OWnqG49SXXKn1JlecdPQYXZPK_TxCCl87SigA3GX2PU04pnOiGW41Pbav9OeLEW4TIc3Cj6awxMxvlp60hmHuReYtoJRuWyBWhvz5q8lLz2Q=w408-h272-k-no","false","false","/g/11g73597ns","es-419","0","-2.142207","-79.9036767",,"Alborada Oeste",,"false","ChIJjSnt6E1tLZARiQrnNRoz00g",,"$10-25","Hace 11 meses","2025-08-25T00:07:17.317Z",,"2025-08-25T03:01:03.000Z","Thank you for your five-star rating! We're thrilled to know you had a great experience. Your support means a lot to us, and we look forward to serving you again soon.",,,,,"No lo sé",,,,,,"$15-20",,,"No lo sé","Sin espera",,,,"5","5","5","Ci9DQUlRQUNvZENodHljRjlvT2xOMGJqZG9RVXN4VFRCSFdtcG5NRmt5VTIxWU4yYxAB",,,,,,,,,"Google",,,"0",,,"3594","2026-08-08T17:27:42.403Z","Direct Detail URL: https://www.google.com/maps/place/La+Casa+del+Tomahawk/@-2.1684545,-79.9245565,12z/data=!4m10!1m2!2m1!1sLa+Casa+del+TomaHawk!3m6!1s0x902d6d4de8ed298d:0x48d3331a35e70a89!8m2!3d-2.142207!4d-79.9036767!15sChRMYSBDYXNhIGRlbCBUb21hSGF3ayIDiAEBWhYiFGxhIGNhc2EgZGVsIHRvbWFoYXdrkgEKcmVzdGF1cmFudOABAA!16s%2Fg%2F11g73597ns?entry=ttu&g_ep=EgoyMDI2MDgwNS4xIKXMDSoASAFQAw%3D%3D","5",,"Av. Francisco de Orellana","false",,,"La Casa del Tomahawk","4.3",,"https://www.google.com/maps/search/?api=1&query=La%20Casa%20del%20Tomahawk&query_place_id=ChIJjSnt6E1tLZARiQrnNRoz00g",
"Av. Francisco de Orellana, 090508 Guayaquil, Ecuador","Restaurante","Restaurante","5247594178483260041","Guayaquil","EC","0x902d6d4de8ed298d:0x48d3331a35e70a89",,"https://lh3.googleusercontent.com/gps-cs-s/AHRPTWlKtARv4uZa_c0E1ciQrsvkVWlAt0OWnqG49SXXKn1JlecdPQYXZPK_TxCCl87SigA3GX2PU04pnOiGW41Pbav9OeLEW4TIc3Cj6awxMxvlp60hmHuReYtoJRuWyBWhvz5q8lLz2Q=w408-h272-k-no","false","false","/g/11g73597ns","es-419","0","-2.142207","-79.9036767",,"Alborada Oeste","es","false","ChIJjSnt6E1tLZARiQrnNRoz00g",,"$10-25","Hace 11 meses","2025-08-24T23:25:19.781Z",,"2025-08-25T03:01:04.000Z","Gracias por tus comentarios y por tu calificación de 5 estrellas. Lamentamos que el moro choclo no haya tenido suficiente sal; trabajaremos para asegurarnos de que cada platillo esté perfectamente sazonado en el futuro. Nos encantaría que regreses para que puedas disfrutar de una experiencia aún mejor la próxima vez. Tu opinión es muy importante para nosotros. ¡Esperamos verte pronto!","Si hay espacio","Si","Hay suficiente espacio","Todo bien","Ningún evento especial",,,"Estacionamiento gratuito, Estacionamiento pagado en la calle",,"Quizás que haya más tipo de ensaladas, así como lo hay con los moros","$5-10",,"Gluten, lácteos","3 o 4 personas, Entre 5 y 8 personas","Sin espera",,,,"5","5","5","Ci9DQUlRQUNvZENodHljRjlvT25selUzaFNaalpxUVZCc1RraGlUV2N3ZUZOalYxRRAB","https://lh3.googleusercontent.com/grass-cs/ACvplmOS3Pj9cbYZz5O4wPf7ns7f0MdN_IhTeEiCrPe5qHvAu2IhF8D_WOFjgo6jq8Xb_GXBJNzw027lnaAj8GFmYFjcMRYhfFqPN9oAlZlalQJ57ZQ3ASfOQIdeTIrdMoI2iPACxpfpMuMSmIp1=k-no",,,,,,,,"Google",,,"2",,,"3594","2026-08-08T17:27:42.403Z","Direct Detail URL: https://www.google.com/maps/place/La+Casa+del+Tomahawk/@-2.1684545,-79.9245565,12z/data=!4m10!1m2!2m1!1sLa+Casa+del+TomaHawk!3m6!1s0x902d6d4de8ed298d:0x48d3331a35e70a89!8m2!3d-2.142207!4d-79.9036767!15sChRMYSBDYXNhIGRlbCBUb21hSGF3ayIDiAEBWhYiFGxhIGNhc2EgZGVsIHRvbWFoYXdrkgEKcmVzdGF1cmFudOABAA!16s%2Fg%2F11g73597ns?entry=ttu&g_ep=EgoyMDI2MDgwNS4xIKXMDSoASAFQAw%3D%3D","5",,"Av. Francisco de Orellana","false","Solo un detalle, pedí el moro choclo y está sin sal",,"La Casa del Tomahawk","4.3",,"https://www.google.com/maps/search/?api=1&query=La%20Casa%20del%20Tomahawk&query_place_id=ChIJjSnt6E1tLZARiQrnNRoz00g",
"Av. Francisco de Orellana, 090508 Guayaquil, Ecuador","Restaurante","Restaurante","5247594178483260041","Guayaquil","EC","0x902d6d4de8ed298d:0x48d3331a35e70a89",,"https://lh3.googleusercontent.com/gps-cs-s/AHRPTWlKtARv4uZa_c0E1ciQrsvkVWlAt0OWnqG49SXXKn1JlecdPQYXZPK_TxCCl87SigA3GX2PU04pnOiGW41Pbav9OeLEW4TIc3Cj6awxMxvlp60hmHuReYtoJRuWyBWhvz5q8lLz2Q=w408-h272-k-no","false","false","/g/11g73597ns","es-419","0","-2.142207","-79.9036767",,"Alborada Oeste","es","false","ChIJjSnt6E1tLZARiQrnNRoz00g",,"$10-25","Hace 11 meses","2025-08-24T22:30:02.500Z",,"2025-08-25T03:01:05.000Z","¡Gracias por tu comentario! Nos alegra saber que disfrutaste de nuestra comida. Esperamos verte de nuevo pronto.","Si","Si","Hay suficiente espacio","Todo bonito","Otros",,,"Estacionamiento gratuito",,"Chevere","$15-20",,"Puede ser","Apto para grupos de todos los tamaños","Sin espera",,,,"5","5","5","Ci9DQUlRQUNvZENodHljRjlvT21wcU5GcDFOVlJHVkRSNlQyaEZSMDUwWlZWMFVIYxAB",,,,,,,,,"Google",,,"2",,,"3594","2026-08-08T17:27:42.403Z","Direct Detail URL: https://www.google.com/maps/place/La+Casa+del+Tomahawk/@-2.1684545,-79.9245565,12z/data=!4m10!1m2!2m1!1sLa+Casa+del+TomaHawk!3m6!1s0x902d6d4de8ed298d:0x48d3331a35e70a89!8m2!3d-2.142207!4d-79.9036767!15sChRMYSBDYXNhIGRlbCBUb21hSGF3ayIDiAEBWhYiFGxhIGNhc2EgZGVsIHRvbWFoYXdrkgEKcmVzdGF1cmFudOABAA!16s%2Fg%2F11g73597ns?entry=ttu&g_ep=EgoyMDI2MDgwNS4xIKXMDSoASAFQAw%3D%3D","5",,"Av. Francisco de Orellana","false","Muy rico",,"La Casa del Tomahawk","4.3",,"https://www.google.com/maps/search/?api=1&query=La%20Casa%20del%20Tomahawk&query_place_id=ChIJjSnt6E1tLZARiQrnNRoz00g",
"Av. Francisco de Orellana, 090508 Guayaquil, Ecuador","Restaurante","Restaurante","5247594178483260041","Guayaquil","EC","0x902d6d4de8ed298d:0x48d3331a35e70a89",,"https://lh3.googleusercontent.com/gps-cs-s/AHRPTWlKtARv4uZa_c0E1ciQrsvkVWlAt0OWnqG49SXXKn1JlecdPQYXZPK_TxCCl87SigA3GX2PU04pnOiGW41Pbav9OeLEW4TIc3Cj6awxMxvlp60hmHuReYtoJRuWyBWhvz5q8lLz2Q=w408-h272-k-no","false","false","/g/11g73597ns","es-419","0","-2.142207","-79.9036767",,"Alborada Oeste","es","false","ChIJjSnt6E1tLZARiQrnNRoz00g",,"$10-25","Hace 11 meses","2025-08-24T21:49:08.872Z",,"2025-08-25T03:01:06.000Z","Agradecemos mucho tu comentario y tu calificación de 5 estrellas. Nos alegra saber que recibiste un buen servicio. Tu apoyo nos motiva a seguir brindando lo mejor. ¡Esperamos verte de nuevo pronto!",,,,,,,,,,,"$10-15",,,,,,,,"5","5","5","Ci9DQUlRQUNvZENodHljRjlvT2kxV01WcE9hVE0zUVRCZlFWQXRhV2x1UlV0UFRsRRAB","https://lh3.googleusercontent.com/grass-cs/ACvplmONtIVTx6CUpWPaA1ZGFf3yh7w8Yr55lKsBvP88zf7SdIPX8mb0QqZ_GOqmgcNR3fzj0t_iLcw8uxUIGV8f1Py_eqy6BP9L8qGkFAmH2xLmzgwpGTgUhYEySMCY66q7bplXKiJE6oD7vExt=k-no",,,,,,,,"Google",,,"2",,,"3594","2026-08-08T17:27:42.403Z","Direct Detail URL: https://www.google.com/maps/place/La+Casa+del+Tomahawk/@-2.1684545,-79.9245565,12z/data=!4m10!1m2!2m1!1sLa+Casa+del+TomaHawk!3m6!1s0x902d6d4de8ed298d:0x48d3331a35e70a89!8m2!3d-2.142207!4d-79.9036767!15sChRMYSBDYXNhIGRlbCBUb21hSGF3ayIDiAEBWhYiFGxhIGNhc2EgZGVsIHRvbWFoYXdrkgEKcmVzdGF1cmFudOABAA!16s%2Fg%2F11g73597ns?entry=ttu&g_ep=EgoyMDI2MDgwNS4xIKXMDSoASAFQAw%3D%3D","5",,"Av. Francisco de Orellana","false","Buen servicio ✨👍🏻",,"La Casa del Tomahawk","4.3",,"https://www.google.com/maps/search/?api=1&query=La%20Casa%20del%20Tomahawk&query_place_id=ChIJjSnt6E1tLZARiQrnNRoz00g",
"Av. Francisco de Orellana, 090508 Guayaquil, Ecuador","Restaurante","Restaurante","5247594178483260041","Guayaquil","EC","0x902d6d4de8ed298d:0x48d3331a35e70a89",,"https://lh3.googleusercontent.com/gps-cs-s/AHRPTWlKtARv4uZa_c0E1ciQrsvkVWlAt0OWnqG49SXXKn1JlecdPQYXZPK_TxCCl87SigA3GX2PU04pnOiGW41Pbav9OeLEW4TIc3Cj6awxMxvlp60hmHuReYtoJRuWyBWhvz5q8lLz2Q=w408-h272-k-no","false","false","/g/11g73597ns","es-419","0","-2.142207","-79.9036767",,"Alborada Oeste","es","false","ChIJjSnt6E1tLZARiQrnNRoz00g",,"$10-25","Hace 11 meses","2025-08-24T20:09:42.684Z",,"2025-08-24T20:20:36.000Z","Agradecemos mucho su comentario positivo. Nos alegra que haya disfrutado de su visita y de nuestras instalaciones. Esperamos verle de nuevo pronto para seguir ofreciéndole una experiencia inolvidable. Su satisfacción es nuestra prioridad.",,"Entramos todos muy bien",,,"Ningún evento especial",,,,,,"$5-10",,,"3 o 4 personas","Hasta 10 min",,,,"5","5","4","Ci9DQUlRQUNvZENodHljRjlvT2xCeGJVcHdWWFZqV2xSVFkxOUJXRVZZTmxoeVdrRRAB","https://lh3.googleusercontent.com/grass-cs/ACvplmODTqN1gIwLNshiotl0EGeKh4Uz4HyO1KFYqK3-siThidJSQqdt-OBgeMXiDsf5f2Ui_FiBhxgmb1EhL_dlgRzyI3i7Jne7xTE_o_IzszvKPG1JjeMqPa_S1S_CL2s3zMrw3d62o-uvdb0C=k-no","https://lh3.googleusercontent.com/grass-cs/ACvplmP2fqg2MVXQ4NxyoNLJ0Nt_tOWFEK7ufqt6767NkMtJzZh6_C_j6Ny22gHJSuj1emkwbXwQmxL07R7CYjiEyciKOqjV8HT7cymA46Ae9vFgJh9dqZf6XZKra9sW4xrsjJl1Ima8rnXIlG0=k-no",,,,,,,"Google",,,"1",,,"3594","2026-08-08T17:27:42.403Z","Direct Detail URL: https://www.google.com/maps/place/La+Casa+del+Tomahawk/@-2.1684545,-79.9245565,12z/data=!4m10!1m2!2m1!1sLa+Casa+del+TomaHawk!3m6!1s0x902d6d4de8ed298d:0x48d3331a35e70a89!8m2!3d-2.142207!4d-79.9036767!15sChRMYSBDYXNhIGRlbCBUb21hSGF3ayIDiAEBWhYiFGxhIGNhc2EgZGVsIHRvbWFoYXdrkgEKcmVzdGF1cmFudOABAA!16s%2Fg%2F11g73597ns?entry=ttu&g_ep=EgoyMDI2MDgwNS4xIKXMDSoASAFQAw%3D%3D","5",,"Av. Francisco de Orellana","false","Muy bonito lugar ,seguro , muy confortable y delicioso comida",,"La Casa del Tomahawk","4.3",,"https://www.google.com/maps/search/?api=1&query=La%20Casa%20del%20Tomahawk&query_place_id=ChIJjSnt6E1tLZARiQrnNRoz00g",
"Av. Francisco de Orellana, 090508 Guayaquil, Ecuador","Restaurante","Restaurante","5247594178483260041","Guayaquil","EC","0x902d6d4de8ed298d:0x48d3331a35e70a89",,"https://lh3.googleusercontent.com/gps-cs-s/AHRPTWlKtARv4uZa_c0E1ciQrsvkVWlAt0OWnqG49SXXKn1JlecdPQYXZPK_TxCCl87SigA3GX2PU04pnOiGW41Pbav9OeLEW4TIc3Cj6awxMxvlp60hmHuReYtoJRuWyBWhvz5q8lLz2Q=w408-h272-k-no","false","false","/g/11g73597ns","es-419","0","-2.142207","-79.9036767",,"Alborada Oeste",,"false","ChIJjSnt6E1tLZARiQrnNRoz00g",,"$10-25","Hace 11 meses","2025-08-24T01:03:18.057Z",,"2025-08-24T02:24:30.000Z","Thank you for your five-star rating! We appreciate your support and look forward to serving you again.",,,,,,,,,,,,,,,,,,,"5","5","5","Ci9DQUlRQUNvZENodHljRjlvT21KVGEwMXFiSFZYV1hKUk1tbEtjVUU0UVVWdlUxRRAB",,,,,,,,,"Google",,,"1",,,"3594","2026-08-08T17:27:42.403Z","Direct Detail URL: https://www.google.com/maps/place/La+Casa+del+Tomahawk/@-2.1684545,-79.9245565,12z/data=!4m10!1m2!2m1!1sLa+Casa+del+TomaHawk!3m6!1s0x902d6d4de8ed298d:0x48d3331a35e70a89!8m2!3d-2.142207!4d-79.9036767!15sChRMYSBDYXNhIGRlbCBUb21hSGF3ayIDiAEBWhYiFGxhIGNhc2EgZGVsIHRvbWFoYXdrkgEKcmVzdGF1cmFudOABAA!16s%2Fg%2F11g73597ns?entry=ttu&g_ep=EgoyMDI2MDgwNS4xIKXMDSoASAFQAw%3D%3D","5",,"Av. Francisco de Orellana","false",,,"La Casa del Tomahawk","4.3",,"https://www.google.com/maps/search/?api=1&query=La%20Casa%20del%20Tomahawk&query_place_id=ChIJjSnt6E1tLZARiQrnNRoz00g",
"Av. Francisco de Orellana, 090508 Guayaquil, Ecuador","Restaurante","Restaurante","5247594178483260041","Guayaquil","EC","0x902d6d4de8ed298d:0x48d3331a35e70a89",,"https://lh3.googleusercontent.com/gps-cs-s/AHRPTWlKtARv4uZa_c0E1ciQrsvkVWlAt0OWnqG49SXXKn1JlecdPQYXZPK_TxCCl87SigA3GX2PU04pnOiGW41Pbav9OeLEW4TIc3Cj6awxMxvlp60hmHuReYtoJRuWyBWhvz5q8lLz2Q=w408-h272-k-no","false","false","/g/11g73597ns","es-419","0","-2.142207","-79.9036767",,"Alborada Oeste",,"false","ChIJjSnt6E1tLZARiQrnNRoz00g",,"$10-25","Hace 11 meses","2025-08-23T20:53:41.434Z",,"2025-08-23T21:04:14.000Z","Thank you for your perfect rating! We're thrilled to hear you had a great experience with us. Your support means a lot to our team. We look forward to serving you again soon!",,,,,,,,,,,,,,,,,,,"5","5","5","Ci9DQUlRQUNvZENodHljRjlvT21WaExXMWxObDh5WTI1TmRqa3laVVU0TlZFM2NuYxAB",,,,,,,,,"Google",,,"0",,,"3594","2026-08-08T17:27:42.403Z","Direct Detail URL: https://www.google.com/maps/place/La+Casa+del+Tomahawk/@-2.1684545,-79.9245565,12z/data=!4m10!1m2!2m1!1sLa+Casa+del+TomaHawk!3m6!1s0x902d6d4de8ed298d:0x48d3331a35e70a89!8m2!3d-2.142207!4d-79.9036767!15sChRMYSBDYXNhIGRlbCBUb21hSGF3ayIDiAEBWhYiFGxhIGNhc2EgZGVsIHRvbWFoYXdrkgEKcmVzdGF1cmFudOABAA!16s%2Fg%2F11g73597ns?entry=ttu&g_ep=EgoyMDI2MDgwNS4xIKXMDSoASAFQAw%3D%3D","5",,"Av. Francisco de Orellana","false",,,"La Casa del Tomahawk","4.3",,"https://www.google.com/maps/search/?api=1&query=La%20Casa%20del%20Tomahawk&query_place_id=ChIJjSnt6E1tLZARiQrnNRoz00g",
"Av. Francisco de Orellana, 090508 Guayaquil, Ecuador","Restaurante","Restaurante","5247594178483260041","Guayaquil","EC","0x902d6d4de8ed298d:0x48d3331a35e70a89",,"https://lh3.googleusercontent.com/gps-cs-s/AHRPTWlKtARv4uZa_c0E1ciQrsvkVWlAt0OWnqG49SXXKn1JlecdPQYXZPK_TxCCl87SigA3GX2PU04pnOiGW41Pbav9OeLEW4TIc3Cj6awxMxvlp60hmHuReYtoJRuWyBWhvz5q8lLz2Q=w408-h272-k-no","false","false","/g/11g73597ns","es-419","0","-2.142207","-79.9036767",,"Alborada Oeste",,"false","ChIJjSnt6E1tLZARiQrnNRoz00g",,"$10-25","Hace 11 meses","2025-08-23T02:06:59.711Z",,"2025-08-23T02:17:28.000Z","Thank you for your fantastic 5-star rating! We appreciate your support and look forward to serving you again. If you have any feedback or suggestions, feel free to share.",,,,,"Evento de temporada o de festividades",,,,,,"$5-10",,,"3 o 4 personas","Hasta 10 min",,,,"5","5","5","Ci9DQUlRQUNvZENodHljRjlvT21aak1VRmZPRFIwVVdsemVUWllkVUptT0RKRFlrRRAB",,,,,,,,,"Google",,,"0",,,"3594","2026-08-08T17:27:42.403Z","Direct Detail URL: https://www.google.com/maps/place/La+Casa+del+Tomahawk/@-2.1684545,-79.9245565,12z/data=!4m10!1m2!2m1!1sLa+Casa+del+TomaHawk!3m6!1s0x902d6d4de8ed298d:0x48d3331a35e70a89!8m2!3d-2.142207!4d-79.9036767!15sChRMYSBDYXNhIGRlbCBUb21hSGF3ayIDiAEBWhYiFGxhIGNhc2EgZGVsIHRvbWFoYXdrkgEKcmVzdGF1cmFudOABAA!16s%2Fg%2F11g73597ns?entry=ttu&g_ep=EgoyMDI2MDgwNS4xIKXMDSoASAFQAw%3D%3D","5",,"Av. Francisco de Orellana","false",,,"La Casa del Tomahawk","4.3",,"https://www.google.com/maps/search/?api=1&query=La%20Casa%20del%20Tomahawk&query_place_id=ChIJjSnt6E1tLZARiQrnNRoz00g",
"Av. Francisco de Orellana, 090508 Guayaquil, Ecuador","Restaurante","Restaurante","5247594178483260041","Guayaquil","EC","0x902d6d4de8ed298d:0x48d3331a35e70a89",,"https://lh3.googleusercontent.com/gps-cs-s/AHRPTWlKtARv4uZa_c0E1ciQrsvkVWlAt0OWnqG49SXXKn1JlecdPQYXZPK_TxCCl87SigA3GX2PU04pnOiGW41Pbav9OeLEW4TIc3Cj6awxMxvlp60hmHuReYtoJRuWyBWhvz5q8lLz2Q=w408-h272-k-no","false","false","/g/11g73597ns","es-419","0","-2.142207","-79.9036767",,"Alborada Oeste","es","false","ChIJjSnt6E1tLZARiQrnNRoz00g",,"$10-25","Hace 11 meses","2025-08-22T23:50:53.097Z",,"2025-08-23T02:06:47.000Z","Thank you for your 5-star rating! We're thrilled to hear that you had a great experience with us. We appreciate your support and look forward to serving you again soon.",,"Si",,,"Ningún evento especial",,,,,,"$10-15",,,"Apto para grupos de todos los tamaños","Sin espera",,,,"5","5","5","Ci9DQUlRQUNvZENodHljRjlvT2xaak9FNWxPR2hYYmtoV2FHWnBSV1k1TWpGUExVRRAB",,,,,,,,,"Google",,,"0",,,"3594","2026-08-08T17:27:42.403Z","Direct Detail URL: https://www.google.com/maps/place/La+Casa+del+Tomahawk/@-2.1684545,-79.9245565,12z/data=!4m10!1m2!2m1!1sLa+Casa+del+TomaHawk!3m6!1s0x902d6d4de8ed298d:0x48d3331a35e70a89!8m2!3d-2.142207!4d-79.9036767!15sChRMYSBDYXNhIGRlbCBUb21hSGF3ayIDiAEBWhYiFGxhIGNhc2EgZGVsIHRvbWFoYXdrkgEKcmVzdGF1cmFudOABAA!16s%2Fg%2F11g73597ns?entry=ttu&g_ep=EgoyMDI2MDgwNS4xIKXMDSoASAFQAw%3D%3D","5",,"Av. Francisco de Orellana","false",,,"La Casa del Tomahawk","4.3",,"https://www.google.com/maps/search/?api=1&query=La%20Casa%20del%20Tomahawk&query_place_id=ChIJjSnt6E1tLZARiQrnNRoz00g",
"Av. Francisco de Orellana, 090508 Guayaquil, Ecuador","Restaurante","Restaurante","5247594178483260041","Guayaquil","EC","0x902d6d4de8ed298d:0x48d3331a35e70a89",,"https://lh3.googleusercontent.com/gps-cs-s/AHRPTWlKtARv4uZa_c0E1ciQrsvkVWlAt0OWnqG49SXXKn1JlecdPQYXZPK_TxCCl87SigA3GX2PU04pnOiGW41Pbav9OeLEW4TIc3Cj6awxMxvlp60hmHuReYtoJRuWyBWhvz5q8lLz2Q=w408-h272-k-no","false","false","/g/11g73597ns","es-419","0","-2.142207","-79.9036767",,"Alborada Oeste","es","false","ChIJjSnt6E1tLZARiQrnNRoz00g",,"$10-25","Hace 11 meses","2025-08-22T02:28:25.466Z",,"2025-08-22T07:29:36.000Z","Agradecemos mucho tu comentario positivo. Nos alegra saber que te gustó la atención y el sabor de nuestra comida. Esperamos verte de nuevo pronto para seguir ofreciéndote una experiencia placentera.",,,,,"Evento de temporada o de festividades",,,,,,"Más de $50",,,"Apto para grupos de todos los tamaños","Sin espera",,,,"5","5","5","Ci9DQUlRQUNvZENodHljRjlvT2tGaGExUmhUMVpqUWtaVFEzSnNkVEZIZWpkU1JtYxAB",,,,,,,,,"Google",,,"1",,,"3594","2026-08-08T17:27:42.403Z","Direct Detail URL: https://www.google.com/maps/place/La+Casa+del+Tomahawk/@-2.1684545,-79.9245565,12z/data=!4m10!1m2!2m1!1sLa+Casa+del+TomaHawk!3m6!1s0x902d6d4de8ed298d:0x48d3331a35e70a89!8m2!3d-2.142207!4d-79.9036767!15sChRMYSBDYXNhIGRlbCBUb21hSGF3ayIDiAEBWhYiFGxhIGNhc2EgZGVsIHRvbWFoYXdrkgEKcmVzdGF1cmFudOABAA!16s%2Fg%2F11g73597ns?entry=ttu&g_ep=EgoyMDI2MDgwNS4xIKXMDSoASAFQAw%3D%3D","5",,"Av. Francisco de Orellana","false","Muy buena atención y buen sabor la comida",,"La Casa del Tomahawk","4.3",,"https://www.google.com/maps/search/?api=1&query=La%20Casa%20del%20Tomahawk&query_place_id=ChIJjSnt6E1tLZARiQrnNRoz00g",
"Av. Francisco de Orellana, 090508 Guayaquil, Ecuador","Restaurante","Restaurante","5247594178483260041","Guayaquil","EC","0x902d6d4de8ed298d:0x48d3331a35e70a89",,"https://lh3.googleusercontent.com/gps-cs-s/AHRPTWlKtARv4uZa_c0E1ciQrsvkVWlAt0OWnqG49SXXKn1JlecdPQYXZPK_TxCCl87SigA3GX2PU04pnOiGW41Pbav9OeLEW4TIc3Cj6awxMxvlp60hmHuReYtoJRuWyBWhvz5q8lLz2Q=w408-h272-k-no","false","false","/g/11g73597ns","es-419","0","-2.142207","-79.9036767",,"Alborada Oeste","es","false","ChIJjSnt6E1tLZARiQrnNRoz00g",,"$10-25","Hace 11 meses","2025-08-21T22:46:35.220Z",,"2025-08-22T01:06:38.000Z","Gracias por tu comentario positivo. Nos alegra saber que disfrutaste de tu experiencia. Esperamos verte de nuevo pronto.",,,,,"Evento de temporada o de festividades",,,,,,"$10-15",,,"3 o 4 personas, Entre 5 y 8 personas","Sin espera",,,,"5","5","5","Ci9DQUlRQUNvZENodHljRjlvT2tSR09VUnNXRTgxU0RaZlYzSmpNVkpPVEhRMFNYYxAB",,,,,,,,,"Google",,,"1",,,"3594","2026-08-08T17:27:42.403Z","Direct Detail URL: https://www.google.com/maps/place/La+Casa+del+Tomahawk/@-2.1684545,-79.9245565,12z/data=!4m10!1m2!2m1!1sLa+Casa+del+TomaHawk!3m6!1s0x902d6d4de8ed298d:0x48d3331a35e70a89!8m2!3d-2.142207!4d-79.9036767!15sChRMYSBDYXNhIGRlbCBUb21hSGF3ayIDiAEBWhYiFGxhIGNhc2EgZGVsIHRvbWFoYXdrkgEKcmVzdGF1cmFudOABAA!16s%2Fg%2F11g73597ns?entry=ttu&g_ep=EgoyMDI2MDgwNS4xIKXMDSoASAFQAw%3D%3D","5",,"Av. Francisco de Orellana","false","Bello bello",,"La Casa del Tomahawk","4.3",,"https://www.google.com/maps/search/?api=1&query=La%20Casa%20del%20Tomahawk&query_place_id=ChIJjSnt6E1tLZARiQrnNRoz00g",
"Av. Francisco de Orellana, 090508 Guayaquil, Ecuador","Restaurante","Restaurante","5247594178483260041","Guayaquil","EC","0x902d6d4de8ed298d:0x48d3331a35e70a89",,"https://lh3.googleusercontent.com/gps-cs-s/AHRPTWlKtARv4uZa_c0E1ciQrsvkVWlAt0OWnqG49SXXKn1JlecdPQYXZPK_TxCCl87SigA3GX2PU04pnOiGW41Pbav9OeLEW4TIc3Cj6awxMxvlp60hmHuReYtoJRuWyBWhvz5q8lLz2Q=w408-h272-k-no","false","false","/g/11g73597ns","es-419","0","-2.142207","-79.9036767",,"Alborada Oeste","es","false","ChIJjSnt6E1tLZARiQrnNRoz00g",,"$10-25","Hace 11 meses","2025-08-21T22:03:43.846Z",,"2025-08-21T22:14:32.000Z","Thank you for your excellent rating! We're thrilled to hear you had a great experience. Your support means a lot to us, and we look forward to serving you again soon!","No","No","Hay suficiente espacio","No no","Música en vivo",,,"Estacionamiento gratuito",,"No","$5-10",,"No","3 o 4 personas","De 30 a 60 min",,,,"5",,,"Ci9DQUlRQUNvZENodHljRjlvT25VMmJXeHBhV3B6ZUdJM2RsQjBhVFJRVGxsb2VIYxAB","https://lh3.googleusercontent.com/grass-cs/ACvplmOR0RANxv2ulUQaGEDVoNTOJ_xaCPsmXe7faBKX973hS28ZnVYMSd5LIG3Pmcltmk2Ei4TbDqjPR3F0a5W7QZYDZz8pb07o6cwj7S58qgnPdIu7vRmgu8Is0eFcoMaUzGvq6tgRZ2dZfiaJ=k-no",,,,,,,,"Google",,,"0",,,"3594","2026-08-08T17:27:42.403Z","Direct Detail URL: https://www.google.com/maps/place/La+Casa+del+Tomahawk/@-2.1684545,-79.9245565,12z/data=!4m10!1m2!2m1!1sLa+Casa+del+TomaHawk!3m6!1s0x902d6d4de8ed298d:0x48d3331a35e70a89!8m2!3d-2.142207!4d-79.9036767!15sChRMYSBDYXNhIGRlbCBUb21hSGF3ayIDiAEBWhYiFGxhIGNhc2EgZGVsIHRvbWFoYXdrkgEKcmVzdGF1cmFudOABAA!16s%2Fg%2F11g73597ns?entry=ttu&g_ep=EgoyMDI2MDgwNS4xIKXMDSoASAFQAw%3D%3D","5",,"Av. Francisco de Orellana","false",,,"La Casa del Tomahawk","4.3",,"https://www.google.com/maps/search/?api=1&query=La%20Casa%20del%20Tomahawk&query_place_id=ChIJjSnt6E1tLZARiQrnNRoz00g",
"Av. Francisco de Orellana, 090508 Guayaquil, Ecuador","Restaurante","Restaurante","5247594178483260041","Guayaquil","EC","0x902d6d4de8ed298d:0x48d3331a35e70a89",,"https://lh3.googleusercontent.com/gps-cs-s/AHRPTWlKtARv4uZa_c0E1ciQrsvkVWlAt0OWnqG49SXXKn1JlecdPQYXZPK_TxCCl87SigA3GX2PU04pnOiGW41Pbav9OeLEW4TIc3Cj6awxMxvlp60hmHuReYtoJRuWyBWhvz5q8lLz2Q=w408-h272-k-no","false","false","/g/11g73597ns","es-419","0","-2.142207","-79.9036767",,"Alborada Oeste","es","false","ChIJjSnt6E1tLZARiQrnNRoz00g",,"$10-25","Hace 11 meses","2025-08-21T03:56:15.215Z",,"2025-08-21T04:08:59.000Z","Agradecemos mucho tu comentario y nos alegra saber que disfrutaste de nuestro lugar. Siempre nos esforzamos por ofrecer un excelente servicio y un ambiente agradable. Esperamos verte de nuevo pronto para seguir brindándote una experiencia memorable.",,,,,,,,,,,,,,,,,,,"4","5",,"Ci9DQUlRQUNvZENodHljRjlvT21KSVYxSkNVa3MzVERGQmQwWmZhVFJ5ZDJZNU1VRRAB",,,,,,,,,"Google",,,"9",,,"3594","2026-08-08T17:27:42.403Z","Direct Detail URL: https://www.google.com/maps/place/La+Casa+del+Tomahawk/@-2.1684545,-79.9245565,12z/data=!4m10!1m2!2m1!1sLa+Casa+del+TomaHawk!3m6!1s0x902d6d4de8ed298d:0x48d3331a35e70a89!8m2!3d-2.142207!4d-79.9036767!15sChRMYSBDYXNhIGRlbCBUb21hSGF3ayIDiAEBWhYiFGxhIGNhc2EgZGVsIHRvbWFoYXdrkgEKcmVzdGF1cmFudOABAA!16s%2Fg%2F11g73597ns?entry=ttu&g_ep=EgoyMDI2MDgwNS4xIKXMDSoASAFQAw%3D%3D","5",,"Av. Francisco de Orellana","false","Excelente lugar para disfrutar d alimentación y buen ambiente",,"La Casa del Tomahawk","4.3",,"https://www.google.com/maps/search/?api=1&query=La%20Casa%20del%20Tomahawk&query_place_id=ChIJjSnt6E1tLZARiQrnNRoz00g",
"Av. Francisco de Orellana, 090508 Guayaquil, Ecuador","Restaurante","Restaurante","5247594178483260041","Guayaquil","EC","0x902d6d4de8ed298d:0x48d3331a35e70a89",,"https://lh3.googleusercontent.com/gps-cs-s/AHRPTWlKtARv4uZa_c0E1ciQrsvkVWlAt0OWnqG49SXXKn1JlecdPQYXZPK_TxCCl87SigA3GX2PU04pnOiGW41Pbav9OeLEW4TIc3Cj6awxMxvlp60hmHuReYtoJRuWyBWhvz5q8lLz2Q=w408-h272-k-no","false","false","/g/11g73597ns","es-419","0","-2.142207","-79.9036767",,"Alborada Oeste","es","false","ChIJjSnt6E1tLZARiQrnNRoz00g",,"$10-25","Hace 11 meses","2025-08-20T19:32:14.496Z",,"2025-08-20T19:42:58.000Z","¡Gracias por tu calificación! Nos alegra saber que tu experiencia fue excelente. Esperamos verte de nuevo pronto.","Excelente lugar","Si se aceptan","Hay suficiente espacio",,"Ningún evento especial",,,"Estacionamiento gratuito",,"Buenas opciones existen","$15-20",,"Son increíbles","Entre 5 y 8 personas","Sin espera",,,,"5","5","5","Ci9DQUlRQUNvZENodHljRjlvT2kxRmQxQmxjMWhUVWtNMVdtOXlPR1JGVEZRd2VWRRAB","https://lh3.googleusercontent.com/grass-cs/ACvplmMp5MM7XnIxfy6bxZyj3PXwZUJ34N3X741lLBJv9eKMU53fudAbC5TzjtfkGLGCnkeZCeRB8_4Evyb-5cpMsAv6Gwa3o4NCvk6AXvibY-OQTkwsj4hf1OPE3FGjM8Sspou1jqIHDsRk4AVt=k-no",,,,,,,,"Google",,,"1",,,"3594","2026-08-08T17:27:42.403Z","Direct Detail URL: https://www.google.com/maps/place/La+Casa+del+Tomahawk/@-2.1684545,-79.9245565,12z/data=!4m10!1m2!2m1!1sLa+Casa+del+TomaHawk!3m6!1s0x902d6d4de8ed298d:0x48d3331a35e70a89!8m2!3d-2.142207!4d-79.9036767!15sChRMYSBDYXNhIGRlbCBUb21hSGF3ayIDiAEBWhYiFGxhIGNhc2EgZGVsIHRvbWFoYXdrkgEKcmVzdGF1cmFudOABAA!16s%2Fg%2F11g73597ns?entry=ttu&g_ep=EgoyMDI2MDgwNS4xIKXMDSoASAFQAw%3D%3D","5",,"Av. Francisco de Orellana","false","Excelente 👌",,"La Casa del Tomahawk","4.3",,"https://www.google.com/maps/search/?api=1&query=La%20Casa%20del%20Tomahawk&query_place_id=ChIJjSnt6E1tLZARiQrnNRoz00g",
"Av. Francisco de Orellana, 090508 Guayaquil, Ecuador","Restaurante","Restaurante","5247594178483260041","Guayaquil","EC","0x902d6d4de8ed298d:0x48d3331a35e70a89",,"https://lh3.googleusercontent.com/gps-cs-s/AHRPTWlKtARv4uZa_c0E1ciQrsvkVWlAt0OWnqG49SXXKn1JlecdPQYXZPK_TxCCl87SigA3GX2PU04pnOiGW41Pbav9OeLEW4TIc3Cj6awxMxvlp60hmHuReYtoJRuWyBWhvz5q8lLz2Q=w408-h272-k-no","false","false","/g/11g73597ns","es-419","0","-2.142207","-79.9036767",,"Alborada Oeste",,"false","ChIJjSnt6E1tLZARiQrnNRoz00g",,"$10-25","Hace 11 meses","2025-08-19T20:09:30.308Z",,"2025-08-19T20:19:59.000Z","Thank you for the 5-star rating! We appreciate your support and are glad to know you had a positive experience with us. We look forward to serving you again soon!",,,,,,,,,,,,,,,,,,,"4","4","4","Ci9DQUlRQUNvZENodHljRjlvT214WlNEUkdURVZpTkhoM1V5MXZkblZUU0dNd2FFRRAB",,,,,,,,,"Google",,,"0",,,"3594","2026-08-08T17:27:42.403Z","Direct Detail URL: https://www.google.com/maps/place/La+Casa+del+Tomahawk/@-2.1684545,-79.9245565,12z/data=!4m10!1m2!2m1!1sLa+Casa+del+TomaHawk!3m6!1s0x902d6d4de8ed298d:0x48d3331a35e70a89!8m2!3d-2.142207!4d-79.9036767!15sChRMYSBDYXNhIGRlbCBUb21hSGF3ayIDiAEBWhYiFGxhIGNhc2EgZGVsIHRvbWFoYXdrkgEKcmVzdGF1cmFudOABAA!16s%2Fg%2F11g73597ns?entry=ttu&g_ep=EgoyMDI2MDgwNS4xIKXMDSoASAFQAw%3D%3D","5",,"Av. Francisco de Orellana","false",,,"La Casa del Tomahawk","4.3",,"https://www.google.com/maps/search/?api=1&query=La%20Casa%20del%20Tomahawk&query_place_id=ChIJjSnt6E1tLZARiQrnNRoz00g",
"Av. Francisco de Orellana, 090508 Guayaquil, Ecuador","Restaurante","Restaurante","5247594178483260041","Guayaquil","EC","0x902d6d4de8ed298d:0x48d3331a35e70a89",,"https://lh3.googleusercontent.com/gps-cs-s/AHRPTWlKtARv4uZa_c0E1ciQrsvkVWlAt0OWnqG49SXXKn1JlecdPQYXZPK_TxCCl87SigA3GX2PU04pnOiGW41Pbav9OeLEW4TIc3Cj6awxMxvlp60hmHuReYtoJRuWyBWhvz5q8lLz2Q=w408-h272-k-no","false","false","/g/11g73597ns","es-419","0","-2.142207","-79.9036767",,"Alborada Oeste","es","false","ChIJjSnt6E1tLZARiQrnNRoz00g",,"$10-25","Hace 11 meses","2025-08-19T03:07:30.163Z",,,,"Si","Si","Es un poco difícil encontrar estacionamiento","No había donde parquear","Ningún evento especial",,,"Estacionamiento gratuito en la calle, El estacionamiento no está disponible",,"No hay","$15-20",,"Todo tiene grasa menos la ensalada","Apto para grupos de todos los tamaños","De 10 a 30 min",,,,"3","4","2","Ci9DQUlRQUNvZENodHljRjlvT2xFM2NITjRWamRrZG5VNVREUkVOMnczWTA1VFFWRRAB",,,,,,,,,"Google",,,"1",,,"3594","2026-08-08T17:27:42.403Z","Direct Detail URL: https://www.google.com/maps/place/La+Casa+del+Tomahawk/@-2.1684545,-79.9245565,12z/data=!4m10!1m2!2m1!1sLa+Casa+del+TomaHawk!3m6!1s0x902d6d4de8ed298d:0x48d3331a35e70a89!8m2!3d-2.142207!4d-79.9036767!15sChRMYSBDYXNhIGRlbCBUb21hSGF3ayIDiAEBWhYiFGxhIGNhc2EgZGVsIHRvbWFoYXdrkgEKcmVzdGF1cmFudOABAA!16s%2Fg%2F11g73597ns?entry=ttu&g_ep=EgoyMDI2MDgwNS4xIKXMDSoASAFQAw%3D%3D","2",,"Av. Francisco de Orellana","false","Mucha bulla, no me gustó la ensalada y el servicio si fue bueno pero pudiera ser mejor, además la atención iba bien pero después que cantaron el cumpleaños, no dejaron ni soplar la vela y además nos la quitaron, la misma vela la reutilizan para todos",,"La Casa del Tomahawk","4.3",,"https://www.google.com/maps/search/?api=1&query=La%20Casa%20del%20Tomahawk&query_place_id=ChIJjSnt6E1tLZARiQrnNRoz00g",
"Av. Francisco de Orellana, 090508 Guayaquil, Ecuador","Restaurante","Restaurante","5247594178483260041","Guayaquil","EC","0x902d6d4de8ed298d:0x48d3331a35e70a89",,"https://lh3.googleusercontent.com/gps-cs-s/AHRPTWlKtARv4uZa_c0E1ciQrsvkVWlAt0OWnqG49SXXKn1JlecdPQYXZPK_TxCCl87SigA3GX2PU04pnOiGW41Pbav9OeLEW4TIc3Cj6awxMxvlp60hmHuReYtoJRuWyBWhvz5q8lLz2Q=w408-h272-k-no","false","false","/g/11g73597ns","es-419","0","-2.142207","-79.9036767",,"Alborada Oeste","es","false","ChIJjSnt6E1tLZARiQrnNRoz00g",,"$10-25","Hace 11 meses","2025-08-19T02:58:52.682Z",,,,,,,,,,,,,"Más ensaladas","$20-25",,,"Más de 9 personas, Apto para grupos de todos los tamaños","Hasta 10 min",,,,"4","4","5","Ci9DQUlRQUNvZENodHljRjlvT2pOT2RsWlFTVTl0Tkc1TmQzVnBNMEZ4ZFUxVVdsRRAB",,,,,,,,,"Google",,,"12",,,"3594","2026-08-08T17:27:42.403Z","Direct Detail URL: https://www.google.com/maps/place/La+Casa+del+Tomahawk/@-2.1684545,-79.9245565,12z/data=!4m10!1m2!2m1!1sLa+Casa+del+TomaHawk!3m6!1s0x902d6d4de8ed298d:0x48d3331a35e70a89!8m2!3d-2.142207!4d-79.9036767!15sChRMYSBDYXNhIGRlbCBUb21hSGF3ayIDiAEBWhYiFGxhIGNhc2EgZGVsIHRvbWFoYXdrkgEKcmVzdGF1cmFudOABAA!16s%2Fg%2F11g73597ns?entry=ttu&g_ep=EgoyMDI2MDgwNS4xIKXMDSoASAFQAw%3D%3D","4",,"Av. Francisco de Orellana","false","Chévere el ambiente",,"La Casa del Tomahawk","4.3",,"https://www.google.com/maps/search/?api=1&query=La%20Casa%20del%20Tomahawk&query_place_id=ChIJjSnt6E1tLZARiQrnNRoz00g",
"Av. Francisco de Orellana, 090508 Guayaquil, Ecuador","Restaurante","Restaurante","5247594178483260041","Guayaquil","EC","0x902d6d4de8ed298d:0x48d3331a35e70a89",,"https://lh3.googleusercontent.com/gps-cs-s/AHRPTWlKtARv4uZa_c0E1ciQrsvkVWlAt0OWnqG49SXXKn1JlecdPQYXZPK_TxCCl87SigA3GX2PU04pnOiGW41Pbav9OeLEW4TIc3Cj6awxMxvlp60hmHuReYtoJRuWyBWhvz5q8lLz2Q=w408-h272-k-no","false","false","/g/11g73597ns","es-419","0","-2.142207","-79.9036767",,"Alborada Oeste",,"false","ChIJjSnt6E1tLZARiQrnNRoz00g",,"$10-25","Hace 11 meses","2025-08-19T02:58:18.542Z",,"2025-08-19T04:55:14.000Z","Thank you for your five-star rating! We appreciate your support and look forward to serving you again soon.",,,,,"No lo sé",,,,,,"$15-20",,,"Más de 9 personas","De 10 a 30 min",,,,"5","5","5","Ci9DQUlRQUNvZENodHljRjlvT2xSSVIzRlVkR0pZVURneGMxUlpOa2hzWlRWVVZuYxAB",,,,,,,,,"Google",,,"1",,,"3594","2026-08-08T17:27:42.403Z","Direct Detail URL: https://www.google.com/maps/place/La+Casa+del+Tomahawk/@-2.1684545,-79.9245565,12z/data=!4m10!1m2!2m1!1sLa+Casa+del+TomaHawk!3m6!1s0x902d6d4de8ed298d:0x48d3331a35e70a89!8m2!3d-2.142207!4d-79.9036767!15sChRMYSBDYXNhIGRlbCBUb21hSGF3ayIDiAEBWhYiFGxhIGNhc2EgZGVsIHRvbWFoYXdrkgEKcmVzdGF1cmFudOABAA!16s%2Fg%2F11g73597ns?entry=ttu&g_ep=EgoyMDI2MDgwNS4xIKXMDSoASAFQAw%3D%3D","5",,"Av. Francisco de Orellana","false",,,"La Casa del Tomahawk","4.3",,"https://www.google.com/maps/search/?api=1&query=La%20Casa%20del%20Tomahawk&query_place_id=ChIJjSnt6E1tLZARiQrnNRoz00g",
"Av. Francisco de Orellana, 090508 Guayaquil, Ecuador","Restaurante","Restaurante","5247594178483260041","Guayaquil","EC","0x902d6d4de8ed298d:0x48d3331a35e70a89",,"https://lh3.googleusercontent.com/gps-cs-s/AHRPTWlKtARv4uZa_c0E1ciQrsvkVWlAt0OWnqG49SXXKn1JlecdPQYXZPK_TxCCl87SigA3GX2PU04pnOiGW41Pbav9OeLEW4TIc3Cj6awxMxvlp60hmHuReYtoJRuWyBWhvz5q8lLz2Q=w408-h272-k-no","false","false","/g/11g73597ns","es-419","0","-2.142207","-79.9036767",,"Alborada Oeste",,"false","ChIJjSnt6E1tLZARiQrnNRoz00g",,"$10-25","Hace 11 meses","2025-08-19T02:40:47.057Z",,"2025-08-19T04:55:13.000Z","Thank you for the five-star rating! We're thrilled to hear that you had a great experience. Your support means a lot to us, and we look forward to seeing you again soon.",,,,,,,,,,,"$45-50",,,,,,,,"5","5","5","Ci9DQUlRQUNvZENodHljRjlvT2tORllqRnpWRzltY0VkU1EwZ3RURk4wV1hONmJXYxAB",,,,,,,,,"Google",,,"0",,,"3594","2026-08-08T17:27:42.403Z","Direct Detail URL: https://www.google.com/maps/place/La+Casa+del+Tomahawk/@-2.1684545,-79.9245565,12z/data=!4m10!1m2!2m1!1sLa+Casa+del+TomaHawk!3m6!1s0x902d6d4de8ed298d:0x48d3331a35e70a89!8m2!3d-2.142207!4d-79.9036767!15sChRMYSBDYXNhIGRlbCBUb21hSGF3ayIDiAEBWhYiFGxhIGNhc2EgZGVsIHRvbWFoYXdrkgEKcmVzdGF1cmFudOABAA!16s%2Fg%2F11g73597ns?entry=ttu&g_ep=EgoyMDI2MDgwNS4xIKXMDSoASAFQAw%3D%3D","5",,"Av. Francisco de Orellana","false",,,"La Casa del Tomahawk","4.3",,"https://www.google.com/maps/search/?api=1&query=La%20Casa%20del%20Tomahawk&query_place_id=ChIJjSnt6E1tLZARiQrnNRoz00g",
"Av. Francisco de Orellana, 090508 Guayaquil, Ecuador","Restaurante","Restaurante","5247594178483260041","Guayaquil","EC","0x902d6d4de8ed298d:0x48d3331a35e70a89",,"https://lh3.googleusercontent.com/gps-cs-s/AHRPTWlKtARv4uZa_c0E1ciQrsvkVWlAt0OWnqG49SXXKn1JlecdPQYXZPK_TxCCl87SigA3GX2PU04pnOiGW41Pbav9OeLEW4TIc3Cj6awxMxvlp60hmHuReYtoJRuWyBWhvz5q8lLz2Q=w408-h272-k-no","false","false","/g/11g73597ns","es-419","0","-2.142207","-79.9036767",,"Alborada Oeste",,"false","ChIJjSnt6E1tLZARiQrnNRoz00g",,"$10-25","Hace 11 meses","2025-08-19T01:24:34.726Z",,,,,,"Hay suficiente espacio",,"Ningún evento especial",,,,,,"$10-15",,,"Apto para grupos de todos los tamaños","Hasta 10 min",,,,"4","5","3","Ci9DQUlRQUNvZENodHljRjlvT2paV1JEQm1kMVJqYTNBNWMySlJXblYzTm5SSU5XYxAB",,,,,,,,,"Google",,,"0",,,"3594","2026-08-08T17:27:42.403Z","Direct Detail URL: https://www.google.com/maps/place/La+Casa+del+Tomahawk/@-2.1684545,-79.9245565,12z/data=!4m10!1m2!2m1!1sLa+Casa+del+TomaHawk!3m6!1s0x902d6d4de8ed298d:0x48d3331a35e70a89!8m2!3d-2.142207!4d-79.9036767!15sChRMYSBDYXNhIGRlbCBUb21hSGF3ayIDiAEBWhYiFGxhIGNhc2EgZGVsIHRvbWFoYXdrkgEKcmVzdGF1cmFudOABAA!16s%2Fg%2F11g73597ns?entry=ttu&g_ep=EgoyMDI2MDgwNS4xIKXMDSoASAFQAw%3D%3D","4",,"Av. Francisco de Orellana","false",,,"La Casa del Tomahawk","4.3",,"https://www.google.com/maps/search/?api=1&query=La%20Casa%20del%20Tomahawk&query_place_id=ChIJjSnt6E1tLZARiQrnNRoz00g",
"Av. Francisco de Orellana, 090508 Guayaquil, Ecuador","Restaurante","Restaurante","5247594178483260041","Guayaquil","EC","0x902d6d4de8ed298d:0x48d3331a35e70a89",,"https://lh3.googleusercontent.com/gps-cs-s/AHRPTWlKtARv4uZa_c0E1ciQrsvkVWlAt0OWnqG49SXXKn1JlecdPQYXZPK_TxCCl87SigA3GX2PU04pnOiGW41Pbav9OeLEW4TIc3Cj6awxMxvlp60hmHuReYtoJRuWyBWhvz5q8lLz2Q=w408-h272-k-no","false","false","/g/11g73597ns","es-419","0","-2.142207","-79.9036767",,"Alborada Oeste",,"false","ChIJjSnt6E1tLZARiQrnNRoz00g",,"$10-25","Hace 11 meses","2025-08-18T23:27:49.865Z",,"2025-08-19T04:55:16.000Z","Thank you for your fantastic rating! We appreciate your support and look forward to serving you again soon.",,,,,"Ningún evento especial",,,,,,"$25-30",,,"Apto para grupos de todos los tamaños","Sin espera",,,,"5","5","5","Ci9DQUlRQUNvZENodHljRjlvT2pOTVNXOHpRV3RxUmpKb1NHeENkR1prTFhWS2NVRRAB",,,,,,,,,"Google",,,"0",,,"3594","2026-08-08T17:27:42.403Z","Direct Detail URL: https://www.google.com/maps/place/La+Casa+del+Tomahawk/@-2.1684545,-79.9245565,12z/data=!4m10!1m2!2m1!1sLa+Casa+del+TomaHawk!3m6!1s0x902d6d4de8ed298d:0x48d3331a35e70a89!8m2!3d-2.142207!4d-79.9036767!15sChRMYSBDYXNhIGRlbCBUb21hSGF3ayIDiAEBWhYiFGxhIGNhc2EgZGVsIHRvbWFoYXdrkgEKcmVzdGF1cmFudOABAA!16s%2Fg%2F11g73597ns?entry=ttu&g_ep=EgoyMDI2MDgwNS4xIKXMDSoASAFQAw%3D%3D","5",,"Av. Francisco de Orellana","false",,,"La Casa del Tomahawk","4.3",,"https://www.google.com/maps/search/?api=1&query=La%20Casa%20del%20Tomahawk&query_place_id=ChIJjSnt6E1tLZARiQrnNRoz00g",
"Av. Francisco de Orellana, 090508 Guayaquil, Ecuador","Restaurante","Restaurante","5247594178483260041","Guayaquil","EC","0x902d6d4de8ed298d:0x48d3331a35e70a89",,"https://lh3.googleusercontent.com/gps-cs-s/AHRPTWlKtARv4uZa_c0E1ciQrsvkVWlAt0OWnqG49SXXKn1JlecdPQYXZPK_TxCCl87SigA3GX2PU04pnOiGW41Pbav9OeLEW4TIc3Cj6awxMxvlp60hmHuReYtoJRuWyBWhvz5q8lLz2Q=w408-h272-k-no","false","false","/g/11g73597ns","es-419","0","-2.142207","-79.9036767",,"Alborada Oeste","es","false","ChIJjSnt6E1tLZARiQrnNRoz00g",,"$10-25","Hace 11 meses","2025-08-18T21:33:16.769Z",,"2025-08-18T21:45:26.000Z","Agradecemos mucho tu comentario, Karen. Nos alegra saber que disfrutaste de nuestras alitas y que la atención fue de tu agrado. Esperamos verte de nuevo pronto para otra excelente experiencia. ¡Gracias por elegirnos!",,,,,"Ningún evento especial",,,,,,,,,"Apto para grupos de todos los tamaños","Sin espera",,,,"5","5","5","Ci9DQUlRQUNvZENodHljRjlvT21sMFkyZFlRMko2Ym14eVMwcHlPRWR4ZFdJemVrRRAB",,,,,,,,,"Google",,,"1",,,"3594","2026-08-08T17:27:42.403Z","Direct Detail URL: https://www.google.com/maps/place/La+Casa+del+Tomahawk/@-2.1684545,-79.9245565,12z/data=!4m10!1m2!2m1!1sLa+Casa+del+TomaHawk!3m6!1s0x902d6d4de8ed298d:0x48d3331a35e70a89!8m2!3d-2.142207!4d-79.9036767!15sChRMYSBDYXNhIGRlbCBUb21hSGF3ayIDiAEBWhYiFGxhIGNhc2EgZGVsIHRvbWFoYXdrkgEKcmVzdGF1cmFudOABAA!16s%2Fg%2F11g73597ns?entry=ttu&g_ep=EgoyMDI2MDgwNS4xIKXMDSoASAFQAw%3D%3D","5",,"Av. Francisco de Orellana","false","Muy buena la experiencia, las alitas muy buenas y sobre todo la atención 👌 muy buena, sin duda volveré",,"La Casa del Tomahawk","4.3",,"https://www.google.com/maps/search/?api=1&query=La%20Casa%20del%20Tomahawk&query_place_id=ChIJjSnt6E1tLZARiQrnNRoz00g",
