"address","categories/0","categoryName","cid","city","countryCode","fid","hotelStars","imageUrl","isAdvertisement","isLocalGuide","kgmid","language","likesCount","location/lat","location/lng","name","neighborhood","originalLanguage","permanentlyClosed","placeId","postalCode","price","publishAt","publishedAtDate","rating","responseFromOwnerDate","responseFromOwnerText","reviewContext/Accesibilidad en silla de ruedas","reviewContext/Adecuado para niños","reviewContext/Espacios para estacionar","reviewContext/Estacionamiento","reviewContext/Eventos especiales","reviewContext/Nivel de ruido","reviewContext/Opciones de estacionamiento","reviewContext/Platos recomendados","reviewContext/Platos vegetarianos","reviewContext/Precio por persona","reviewContext/Reservas","reviewContext/Tamaño del grupo","reviewContext/Tiempo de espera","reviewContext/Tipo de asiento","reviewContext/Tipo de comida","reviewContext/Tipo de pedido","reviewDetailedRating/Ambiente","reviewDetailedRating/Comida","reviewDetailedRating/Servicio","reviewId","reviewImageUrls/0","reviewImageUrls/1","reviewImageUrls/2","reviewImageUrls/3","reviewImageUrls/4","reviewImageUrls/5","reviewImageUrls/6","reviewImageUrls/7","reviewImageUrls/8","reviewImageUrls/9","reviewImageUrls/10","reviewImageUrls/11","reviewImageUrls/12","reviewImageUrls/13","reviewImageUrls/14","reviewImageUrls/15","reviewImageUrls/16","reviewImageUrls/17","reviewImageUrls/18","reviewImageUrls/19","reviewImageUrls/20","reviewImageUrls/21","reviewImageUrls/22","reviewOrigin","reviewUrl","reviewerId","reviewerNumberOfReviews","reviewerPhotoUrl","reviewerUrl","reviewsCount","scrapedAt","searchString","stars","state","street","temporarilyClosed","text","textTranslated","title","totalScore","translatedLanguage","url","visitedIn"
"Guayacanes 310 entre la 3ra y la cuarta, 090507 Guayaquil, Ecuador","Restaurante","Restaurante","7516737537427361837","Guayaquil","EC","0x902d6d7f6e0fdf2f:0x6850d0f70433d02d",,"https://lh3.googleusercontent.com/gps-cs-s/AHRPTWmMp-Z0_3QQ_yB8KLvsC7YNBSBPmiMENigeIP1pKNoaU4PYGt-5zyRaGCh-CsO44Y3kcpIxqHcBqttYJWLA5KCtyE5NJnR8gw8Bqvt4CrdbhiyyIURUrsmZ7pVmXDmIjx49cILr0Q=w408-h408-k-no","false","false","/g/11s195xvnt","es-419","0","-2.1656068","-79.9093192",,"Urdesa",,"false","ChIJL98Pbn9tLZARLdAzBPfQUGg","090507","$10-15","Hace 4 días","2026-08-04T00:52:37.934Z",,,,,,,,,,,,,,,,,,,,"4","5","5","Ci9DQUlRQUNvZENodHljRjlvT201VlNXZExiRkJMUkUxTE9ERnpUWFpoYWtWemNIYxAB",,,,,,,,,,,,,,,,,,,,,,,,"Google",,,"6",,,"432","2026-08-08T17:19:42.857Z","Direct Detail URL: https://www.google.com/maps/place/MoroGrill+-+Urdesa/@-2.1348707,-79.8980443,13.81z/data=!4m10!1m2!2m1!1smorogrill!3m6!1s0x902d6d7f6e0fdf2f:0x6850d0f70433d02d!8m2!3d-2.1656068!4d-79.9093192!15sCgltb3JvZ3JpbGxaCyIJbW9yb2dyaWxskgEKcmVzdGF1cmFudOABAA!16s%2Fg%2F11s195xvnt?entry=ttu&g_ep=EgoyMDI2MDgwNS4xIKXMDSoASAFQAw%3D%3D","5",,"Guayacanes 310 entre la 3ra y la cuarta","false",,,"MoroGrill - Urdesa","4.3",,"https://www.google.com/maps/search/?api=1&query=MoroGrill%20-%20Urdesa&query_place_id=ChIJL98Pbn9tLZARLdAzBPfQUGg",
"Guayacanes 310 entre la 3ra y la cuarta, 090507 Guayaquil, Ecuador","Restaurante","Restaurante","7516737537427361837","Guayaquil","EC","0x902d6d7f6e0fdf2f:0x6850d0f70433d02d",,"https://lh3.googleusercontent.com/gps-cs-s/AHRPTWmMp-Z0_3QQ_yB8KLvsC7YNBSBPmiMENigeIP1pKNoaU4PYGt-5zyRaGCh-CsO44Y3kcpIxqHcBqttYJWLA5KCtyE5NJnR8gw8Bqvt4CrdbhiyyIURUrsmZ7pVmXDmIjx49cILr0Q=w408-h408-k-no","false","true","/g/11s195xvnt","es-419","0","-2.1656068","-79.9093192",,"Urdesa","es","false","ChIJL98Pbn9tLZARLdAzBPfQUGg","090507","$10-15","una semana atrás","2026-08-01T02:35:49.516Z",,,,,,,,,,,,,,,,,,"Cena",,,"1",,"Ci9DQUlRQUNvZENodHljRjlvT21SZlFteEJValZTWVdGc04zWktORFJCZWt0eGJsRRAB",,,,,,,,,,,,,,,,,,,,,,,,"Google",,,"18",,,"432","2026-08-08T17:19:42.857Z","Direct Detail URL: https://www.google.com/maps/place/MoroGrill+-+Urdesa/@-2.1348707,-79.8980443,13.81z/data=!4m10!1m2!2m1!1smorogrill!3m6!1s0x902d6d7f6e0fdf2f:0x6850d0f70433d02d!8m2!3d-2.1656068!4d-79.9093192!15sCgltb3JvZ3JpbGxaCyIJbW9yb2dyaWxskgEKcmVzdGF1cmFudOABAA!16s%2Fg%2F11s195xvnt?entry=ttu&g_ep=EgoyMDI2MDgwNS4xIKXMDSoASAFQAw%3D%3D","1",,"Guayacanes 310 entre la 3ra y la cuarta","false","Super malo, la menestra mala, el moro igual, pedí un sartenazo y los chorizos poco cocidos",,"MoroGrill - Urdesa","4.3",,"https://www.google.com/maps/search/?api=1&query=MoroGrill%20-%20Urdesa&query_place_id=ChIJL98Pbn9tLZARLdAzBPfQUGg",
"Guayacanes 310 entre la 3ra y la cuarta, 090507 Guayaquil, Ecuador","Restaurante","Restaurante","7516737537427361837","Guayaquil","EC","0x902d6d7f6e0fdf2f:0x6850d0f70433d02d",,"https://lh3.googleusercontent.com/gps-cs-s/AHRPTWmMp-Z0_3QQ_yB8KLvsC7YNBSBPmiMENigeIP1pKNoaU4PYGt-5zyRaGCh-CsO44Y3kcpIxqHcBqttYJWLA5KCtyE5NJnR8gw8Bqvt4CrdbhiyyIURUrsmZ7pVmXDmIjx49cILr0Q=w408-h408-k-no","false","false","/g/11s195xvnt","es-419","0","-2.1656068","-79.9093192",,"Urdesa","es","false","ChIJL98Pbn9tLZARLdAzBPfQUGg","090507","$10-15","una semana atrás","2026-07-29T03:06:54.232Z",,,,,,,,,,,,,"$10-15",,,,,,,,,,"Ci9DQUlRQUNvZENodHljRjlvT210a2NHSlNabmwwWms5TE5UWjVaVWhVWm01dExYYxAB",,,,,,,,,,,,,,,,,,,,,,,,"Google",,,"2",,,"432","2026-08-08T17:19:42.857Z","Direct Detail URL: https://www.google.com/maps/place/MoroGrill+-+Urdesa/@-2.1348707,-79.8980443,13.81z/data=!4m10!1m2!2m1!1smorogrill!3m6!1s0x902d6d7f6e0fdf2f:0x6850d0f70433d02d!8m2!3d-2.1656068!4d-79.9093192!15sCgltb3JvZ3JpbGxaCyIJbW9yb2dyaWxskgEKcmVzdGF1cmFudOABAA!16s%2Fg%2F11s195xvnt?entry=ttu&g_ep=EgoyMDI2MDgwNS4xIKXMDSoASAFQAw%3D%3D","3",,"Guayacanes 310 entre la 3ra y la cuarta","false","Muy buena la comida pero es algo en lo normal",,"MoroGrill - Urdesa","4.3",,"https://www.google.com/maps/search/?api=1&query=MoroGrill%20-%20Urdesa&query_place_id=ChIJL98Pbn9tLZARLdAzBPfQUGg",
"Guayacanes 310 entre la 3ra y la cuarta, 090507 Guayaquil, Ecuador","Restaurante","Restaurante","7516737537427361837","Guayaquil","EC","0x902d6d7f6e0fdf2f:0x6850d0f70433d02d",,"https://lh3.googleusercontent.com/gps-cs-s/AHRPTWmMp-Z0_3QQ_yB8KLvsC7YNBSBPmiMENigeIP1pKNoaU4PYGt-5zyRaGCh-CsO44Y3kcpIxqHcBqttYJWLA5KCtyE5NJnR8gw8Bqvt4CrdbhiyyIURUrsmZ7pVmXDmIjx49cILr0Q=w408-h408-k-no","false","false","/g/11s195xvnt","es-419","0","-2.1656068","-79.9093192",,"Urdesa",,"false","ChIJL98Pbn9tLZARLdAzBPfQUGg","090507","$10-15","una semana atrás","2026-07-28T18:57:37.842Z",,,,,,,,,"Ruido moderado",,,,"$15-20",,"Apto para grupos de todos los tamaños","Hasta 10 min",,,,"5","3","5","Ci9DQUlRQUNvZENodHljRjlvT25OTVIzY3piazgyTmt4RGFtTXRlVkZRTkhsQ1VsRRAB",,,,,,,,,,,,,,,,,,,,,,,,"Google",,,"1",,,"432","2026-08-08T17:19:42.857Z","Direct Detail URL: https://www.google.com/maps/place/MoroGrill+-+Urdesa/@-2.1348707,-79.8980443,13.81z/data=!4m10!1m2!2m1!1smorogrill!3m6!1s0x902d6d7f6e0fdf2f:0x6850d0f70433d02d!8m2!3d-2.1656068!4d-79.9093192!15sCgltb3JvZ3JpbGxaCyIJbW9yb2dyaWxskgEKcmVzdGF1cmFudOABAA!16s%2Fg%2F11s195xvnt?entry=ttu&g_ep=EgoyMDI2MDgwNS4xIKXMDSoASAFQAw%3D%3D","4",,"Guayacanes 310 entre la 3ra y la cuarta","false",,,"MoroGrill - Urdesa","4.3",,"https://www.google.com/maps/search/?api=1&query=MoroGrill%20-%20Urdesa&query_place_id=ChIJL98Pbn9tLZARLdAzBPfQUGg",
"Guayacanes 310 entre la 3ra y la cuarta, 090507 Guayaquil, Ecuador","Restaurante","Restaurante","7516737537427361837","Guayaquil","EC","0x902d6d7f6e0fdf2f:0x6850d0f70433d02d",,"https://lh3.googleusercontent.com/gps-cs-s/AHRPTWmMp-Z0_3QQ_yB8KLvsC7YNBSBPmiMENigeIP1pKNoaU4PYGt-5zyRaGCh-CsO44Y3kcpIxqHcBqttYJWLA5KCtyE5NJnR8gw8Bqvt4CrdbhiyyIURUrsmZ7pVmXDmIjx49cILr0Q=w408-h408-k-no","false","true","/g/11s195xvnt","es-419","0","-2.1656068","-79.9093192",,"Urdesa","es","false","ChIJL98Pbn9tLZARLdAzBPfQUGg","090507","$10-15","2 semanas atrás","2026-07-21T12:41:49.786Z",,,,,,,,,,,,,,,,,,,,,,,"Ci9DQUlRQUNvZENodHljRjlvT2pkMmFHSlZhR1Z5V0hRMk9IWldlVVJYVmpkRFFrRRAB",,,,,,,,,,,,,,,,,,,,,,,,"Google",,,"2",,,"432","2026-08-08T17:19:42.857Z","Direct Detail URL: https://www.google.com/maps/place/MoroGrill+-+Urdesa/@-2.1348707,-79.8980443,13.81z/data=!4m10!1m2!2m1!1smorogrill!3m6!1s0x902d6d7f6e0fdf2f:0x6850d0f70433d02d!8m2!3d-2.1656068!4d-79.9093192!15sCgltb3JvZ3JpbGxaCyIJbW9yb2dyaWxskgEKcmVzdGF1cmFudOABAA!16s%2Fg%2F11s195xvnt?entry=ttu&g_ep=EgoyMDI2MDgwNS4xIKXMDSoASAFQAw%3D%3D","2",,"Guayacanes 310 entre la 3ra y la cuarta","false","Te ofrecen una papa al horno, con queso derretido. Pero lo que te dan es una papa hervida, la que tardaron 25 minutos en servir, presentan el plato en papel aluminio sino te das cuenta te puedes ir comiendo un pedazo de aluminio. Pedí otros platos y el moro ni que decir, no era lo que esperaba Mala presentación, pésimo servicio.",,"MoroGrill - Urdesa","4.3",,"https://www.google.com/maps/search/?api=1&query=MoroGrill%20-%20Urdesa&query_place_id=ChIJL98Pbn9tLZARLdAzBPfQUGg",
"Guayacanes 310 entre la 3ra y la cuarta, 090507 Guayaquil, Ecuador","Restaurante","Restaurante","7516737537427361837","Guayaquil","EC","0x902d6d7f6e0fdf2f:0x6850d0f70433d02d",,"https://lh3.googleusercontent.com/gps-cs-s/AHRPTWmMp-Z0_3QQ_yB8KLvsC7YNBSBPmiMENigeIP1pKNoaU4PYGt-5zyRaGCh-CsO44Y3kcpIxqHcBqttYJWLA5KCtyE5NJnR8gw8Bqvt4CrdbhiyyIURUrsmZ7pVmXDmIjx49cILr0Q=w408-h408-k-no","false","false","/g/11s195xvnt","es-419","0","-2.1656068","-79.9093192",,"Urdesa","es","false","ChIJL98Pbn9tLZARLdAzBPfQUGg","090507","$10-15","3 semanas atrás","2026-07-13T01:15:49.874Z",,,,,,,,,,,,,"$10-15",,,,,,,"3","1","4","Ci9DQUlRQUNvZENodHljRjlvT20xUmRWcFljVmxCYmt4T1gwTXRZVE0wVVcwNFVHYxAB",,,,,,,,,,,,,,,,,,,,,,,,"Google",,,"4",,,"432","2026-08-08T17:19:42.857Z","Direct Detail URL: https://www.google.com/maps/place/MoroGrill+-+Urdesa/@-2.1348707,-79.8980443,13.81z/data=!4m10!1m2!2m1!1smorogrill!3m6!1s0x902d6d7f6e0fdf2f:0x6850d0f70433d02d!8m2!3d-2.1656068!4d-79.9093192!15sCgltb3JvZ3JpbGxaCyIJbW9yb2dyaWxskgEKcmVzdGF1cmFudOABAA!16s%2Fg%2F11s195xvnt?entry=ttu&g_ep=EgoyMDI2MDgwNS4xIKXMDSoASAFQAw%3D%3D","1",,"Guayacanes 310 entre la 3ra y la cuarta","false","La comida fría muy fría la menestra creo yo que era guardada la carne no era carne de buena calidad y está muy fría y una parte cruda para estar en Guayaquil deberían de hacer la comida como en los barrios bueno como dice mi hija debut y despedía no voy más.",,"MoroGrill - Urdesa","4.3",,"https://www.google.com/maps/search/?api=1&query=MoroGrill%20-%20Urdesa&query_place_id=ChIJL98Pbn9tLZARLdAzBPfQUGg",
"Guayacanes 310 entre la 3ra y la cuarta, 090507 Guayaquil, Ecuador","Restaurante","Restaurante","7516737537427361837","Guayaquil","EC","0x902d6d7f6e0fdf2f:0x6850d0f70433d02d",,"https://lh3.googleusercontent.com/gps-cs-s/AHRPTWmMp-Z0_3QQ_yB8KLvsC7YNBSBPmiMENigeIP1pKNoaU4PYGt-5zyRaGCh-CsO44Y3kcpIxqHcBqttYJWLA5KCtyE5NJnR8gw8Bqvt4CrdbhiyyIURUrsmZ7pVmXDmIjx49cILr0Q=w408-h408-k-no","false","true","/g/11s195xvnt","es-419","0","-2.1656068","-79.9093192",,"Urdesa",,"false","ChIJL98Pbn9tLZARLdAzBPfQUGg","090507","$10-15","3 semanas atrás","2026-07-12T23:54:22.306Z",,,,,,,,,"Silencioso, agradable para conversar",,,,"$10-15",,"Entre 5 y 8 personas","Sin espera",,,,,,,"Ci9DQUlRQUNvZENodHljRjlvT2xvNFZsSkVaMGxVYUdoeWFsbDFkRUZKVTJzNFNHYxAB",,,,,,,,,,,,,,,,,,,,,,,,"Google",,,"20",,,"432","2026-08-08T17:19:42.857Z","Direct Detail URL: https://www.google.com/maps/place/MoroGrill+-+Urdesa/@-2.1348707,-79.8980443,13.81z/data=!4m10!1m2!2m1!1smorogrill!3m6!1s0x902d6d7f6e0fdf2f:0x6850d0f70433d02d!8m2!3d-2.1656068!4d-79.9093192!15sCgltb3JvZ3JpbGxaCyIJbW9yb2dyaWxskgEKcmVzdGF1cmFudOABAA!16s%2Fg%2F11s195xvnt?entry=ttu&g_ep=EgoyMDI2MDgwNS4xIKXMDSoASAFQAw%3D%3D","5",,"Guayacanes 310 entre la 3ra y la cuarta","false",,,"MoroGrill - Urdesa","4.3",,"https://www.google.com/maps/search/?api=1&query=MoroGrill%20-%20Urdesa&query_place_id=ChIJL98Pbn9tLZARLdAzBPfQUGg",
"Guayacanes 310 entre la 3ra y la cuarta, 090507 Guayaquil, Ecuador","Restaurante","Restaurante","7516737537427361837","Guayaquil","EC","0x902d6d7f6e0fdf2f:0x6850d0f70433d02d",,"https://lh3.googleusercontent.com/gps-cs-s/AHRPTWmMp-Z0_3QQ_yB8KLvsC7YNBSBPmiMENigeIP1pKNoaU4PYGt-5zyRaGCh-CsO44Y3kcpIxqHcBqttYJWLA5KCtyE5NJnR8gw8Bqvt4CrdbhiyyIURUrsmZ7pVmXDmIjx49cILr0Q=w408-h408-k-no","false","false","/g/11s195xvnt","es-419","0","-2.1656068","-79.9093192",,"Urdesa",,"false","ChIJL98Pbn9tLZARLdAzBPfQUGg","090507","$10-15","3 semanas atrás","2026-07-12T16:58:57.152Z",,,,,,,,,,,,,,,,,,,,,,,"Ci9DQUlRQUNvZENodHljRjlvT2xReFVXNHpaM0Z4WVdSVU1UWmljSFZWUTNkVlVXYxAB",,,,,,,,,,,,,,,,,,,,,,,,"Google",,,"4",,,"432","2026-08-08T17:19:42.857Z","Direct Detail URL: https://www.google.com/maps/place/MoroGrill+-+Urdesa/@-2.1348707,-79.8980443,13.81z/data=!4m10!1m2!2m1!1smorogrill!3m6!1s0x902d6d7f6e0fdf2f:0x6850d0f70433d02d!8m2!3d-2.1656068!4d-79.9093192!15sCgltb3JvZ3JpbGxaCyIJbW9yb2dyaWxskgEKcmVzdGF1cmFudOABAA!16s%2Fg%2F11s195xvnt?entry=ttu&g_ep=EgoyMDI2MDgwNS4xIKXMDSoASAFQAw%3D%3D","4",,"Guayacanes 310 entre la 3ra y la cuarta","false",,,"MoroGrill - Urdesa","4.3",,"https://www.google.com/maps/search/?api=1&query=MoroGrill%20-%20Urdesa&query_place_id=ChIJL98Pbn9tLZARLdAzBPfQUGg",
"Guayacanes 310 entre la 3ra y la cuarta, 090507 Guayaquil, Ecuador","Restaurante","Restaurante","7516737537427361837","Guayaquil","EC","0x902d6d7f6e0fdf2f:0x6850d0f70433d02d",,"https://lh3.googleusercontent.com/gps-cs-s/AHRPTWmMp-Z0_3QQ_yB8KLvsC7YNBSBPmiMENigeIP1pKNoaU4PYGt-5zyRaGCh-CsO44Y3kcpIxqHcBqttYJWLA5KCtyE5NJnR8gw8Bqvt4CrdbhiyyIURUrsmZ7pVmXDmIjx49cILr0Q=w408-h408-k-no","false","true","/g/11s195xvnt","es-419","0","-2.1656068","-79.9093192",,"Urdesa","es","false","ChIJL98Pbn9tLZARLdAzBPfQUGg","090507","$10-15","3 semanas atrás","2026-07-12T02:04:41.467Z",,,,,,,,,,,,,,,,,,,,,,,"Ci9DQUlRQUNvZENodHljRjlvT25aU1JXcFRiM1Z1VkhCRVJXOVRSMGRXY0d0bVkyYxAB",,,,,,,,,,,,,,,,,,,,,,,,"Google",,,"1",,,"432","2026-08-08T17:19:42.857Z","Direct Detail URL: https://www.google.com/maps/place/MoroGrill+-+Urdesa/@-2.1348707,-79.8980443,13.81z/data=!4m10!1m2!2m1!1smorogrill!3m6!1s0x902d6d7f6e0fdf2f:0x6850d0f70433d02d!8m2!3d-2.1656068!4d-79.9093192!15sCgltb3JvZ3JpbGxaCyIJbW9yb2dyaWxskgEKcmVzdGF1cmFudOABAA!16s%2Fg%2F11s195xvnt?entry=ttu&g_ep=EgoyMDI2MDgwNS4xIKXMDSoASAFQAw%3D%3D","5",,"Guayacanes 310 entre la 3ra y la cuarta","false","Comida deliciosa 🤤 y la atención 10/10 👌🏻",,"MoroGrill - Urdesa","4.3",,"https://www.google.com/maps/search/?api=1&query=MoroGrill%20-%20Urdesa&query_place_id=ChIJL98Pbn9tLZARLdAzBPfQUGg",
"Guayacanes 310 entre la 3ra y la cuarta, 090507 Guayaquil, Ecuador","Restaurante","Restaurante","7516737537427361837","Guayaquil","EC","0x902d6d7f6e0fdf2f:0x6850d0f70433d02d",,"https://lh3.googleusercontent.com/gps-cs-s/AHRPTWmMp-Z0_3QQ_yB8KLvsC7YNBSBPmiMENigeIP1pKNoaU4PYGt-5zyRaGCh-CsO44Y3kcpIxqHcBqttYJWLA5KCtyE5NJnR8gw8Bqvt4CrdbhiyyIURUrsmZ7pVmXDmIjx49cILr0Q=w408-h408-k-no","false","true","/g/11s195xvnt","es-419","0","-2.1656068","-79.9093192",,"Urdesa",,"false","ChIJL98Pbn9tLZARLdAzBPfQUGg","090507","$10-15","Hace un mes","2026-06-24T18:58:31.366Z",,"2026-06-25T01:57:55.000Z","gracias x visitarnos :) te esperamos pronto
",,,,,,,,,,,,,,,,,,,,"Ci9DQUlRQUNvZENodHljRjlvT2t0UlQybEVSVkp3YzJ4cWJVbHBiamRzUW14cVFVRRAB",,,,,,,,,,,,,,,,,,,,,,,,"Google",,,"14",,,"432","2026-08-08T17:19:42.857Z","Direct Detail URL: https://www.google.com/maps/place/MoroGrill+-+Urdesa/@-2.1348707,-79.8980443,13.81z/data=!4m10!1m2!2m1!1smorogrill!3m6!1s0x902d6d7f6e0fdf2f:0x6850d0f70433d02d!8m2!3d-2.1656068!4d-79.9093192!15sCgltb3JvZ3JpbGxaCyIJbW9yb2dyaWxskgEKcmVzdGF1cmFudOABAA!16s%2Fg%2F11s195xvnt?entry=ttu&g_ep=EgoyMDI2MDgwNS4xIKXMDSoASAFQAw%3D%3D","5",,"Guayacanes 310 entre la 3ra y la cuarta","false",,,"MoroGrill - Urdesa","4.3",,"https://www.google.com/maps/search/?api=1&query=MoroGrill%20-%20Urdesa&query_place_id=ChIJL98Pbn9tLZARLdAzBPfQUGg",
"Guayacanes 310 entre la 3ra y la cuarta, 090507 Guayaquil, Ecuador","Restaurante","Restaurante","7516737537427361837","Guayaquil","EC","0x902d6d7f6e0fdf2f:0x6850d0f70433d02d",,"https://lh3.googleusercontent.com/gps-cs-s/AHRPTWmMp-Z0_3QQ_yB8KLvsC7YNBSBPmiMENigeIP1pKNoaU4PYGt-5zyRaGCh-CsO44Y3kcpIxqHcBqttYJWLA5KCtyE5NJnR8gw8Bqvt4CrdbhiyyIURUrsmZ7pVmXDmIjx49cILr0Q=w408-h408-k-no","false","true","/g/11s195xvnt","es-419","0","-2.1656068","-79.9093192",,"Urdesa","es-419","false","ChIJL98Pbn9tLZARLdAzBPfQUGg","090507","$10-15","Hace un mes","2026-06-15T07:54:10.466Z",,"2026-06-25T01:58:10.000Z","que bonita foto! abrazote
",,,,,,,,,,,,,,,,,,,,"Ci9DQUlRQUNvZENodHljRjlvT2pObmNXcHpZWEZpTFZsWkxXUnJiM1o1VnprNVVVRRAB","https://lh3.googleusercontent.com/grass-cs/ACvplmNtCTgwdkIMLLag-7-wyQZz4YDCGNZB2DpM7NVA1nv91gGQM4nJIPMv7pgn_xplJtS66ZqEqxUjl3gW2ISeMfjWiiykMnD01tjUde589lYfY4swR0ighdmav5Db0KmcQVeow7I7mh82ZO2j=k-no",,,,,,,,,,,,,,,,,,,,,,,"Google",,,"18",,,"432","2026-08-08T17:19:42.857Z","Direct Detail URL: https://www.google.com/maps/place/MoroGrill+-+Urdesa/@-2.1348707,-79.8980443,13.81z/data=!4m10!1m2!2m1!1smorogrill!3m6!1s0x902d6d7f6e0fdf2f:0x6850d0f70433d02d!8m2!3d-2.1656068!4d-79.9093192!15sCgltb3JvZ3JpbGxaCyIJbW9yb2dyaWxskgEKcmVzdGF1cmFudOABAA!16s%2Fg%2F11s195xvnt?entry=ttu&g_ep=EgoyMDI2MDgwNS4xIKXMDSoASAFQAw%3D%3D","5",,"Guayacanes 310 entre la 3ra y la cuarta","false","😋😋😋🤤🤤",,"MoroGrill - Urdesa","4.3",,"https://www.google.com/maps/search/?api=1&query=MoroGrill%20-%20Urdesa&query_place_id=ChIJL98Pbn9tLZARLdAzBPfQUGg",
"Guayacanes 310 entre la 3ra y la cuarta, 090507 Guayaquil, Ecuador","Restaurante","Restaurante","7516737537427361837","Guayaquil","EC","0x902d6d7f6e0fdf2f:0x6850d0f70433d02d",,"https://lh3.googleusercontent.com/gps-cs-s/AHRPTWmMp-Z0_3QQ_yB8KLvsC7YNBSBPmiMENigeIP1pKNoaU4PYGt-5zyRaGCh-CsO44Y3kcpIxqHcBqttYJWLA5KCtyE5NJnR8gw8Bqvt4CrdbhiyyIURUrsmZ7pVmXDmIjx49cILr0Q=w408-h408-k-no","false","true","/g/11s195xvnt","es-419","0","-2.1656068","-79.9093192",,"Urdesa","es","false","ChIJL98Pbn9tLZARLdAzBPfQUGg","090507","$10-15","Hace 2 meses","2026-06-02T20:02:26.721Z",,"2026-06-03T14:56:11.000Z","❤️‍🔥🇪🇨🍳 que bonito review te esperamos pronto",,,,,"Música en vivo",,,,,"$10-15",,"Entre 5 y 8 personas","Hasta 10 min",,,,"5","5","5","Ci9DQUlRQUNvZENodHljRjlvT2xaV1ZVTnljMlExYVdKc1ZtaFRXVzQzTmsxNGRrRRAB","https://lh3.googleusercontent.com/grass-cs/ACvplmOx4TviooJIhoqKgZmRSVWZnYLYPoKCrqjWNCM_h2Rlyh8NpNOc6mfH8iqW9ZCutzRsZojSsorD9k5yjxhn06zQfYyVko1COFRBEzsOpztM_0aWm0qwU6m_OhYgR04JzriDbT_eyOYgr9iE=k-no","https://lh3.googleusercontent.com/grass-cs/ACvplmOC33OU5XzWvRTJe2Sjc_GDXRIpiwrsmyaSPG5PXqVdmU8NTTQlGNDMsVeP0MF1HSi9mydSW61l5KkVsVagiwPZxe3w5IsUTN2RcUXUsOH_lWBPzDxkZbeV3G2t4_S62Wa9VZ31l03FK5Q=k-no",,,,,,,,,,,,,,,,,,,,,,"Google",,,"408",,,"432","2026-08-08T17:19:42.857Z","Direct Detail URL: https://www.google.com/maps/place/MoroGrill+-+Urdesa/@-2.1348707,-79.8980443,13.81z/data=!4m10!1m2!2m1!1smorogrill!3m6!1s0x902d6d7f6e0fdf2f:0x6850d0f70433d02d!8m2!3d-2.1656068!4d-79.9093192!15sCgltb3JvZ3JpbGxaCyIJbW9yb2dyaWxskgEKcmVzdGF1cmFudOABAA!16s%2Fg%2F11s195xvnt?entry=ttu&g_ep=EgoyMDI2MDgwNS4xIKXMDSoASAFQAw%3D%3D","5",,"Guayacanes 310 entre la 3ra y la cuarta","false","Visitamos MoroGrill Urdesa junto a mi equipo de trabajo y disfrutamos de una experiencia gastronómica muy agradable. Compartimos un ambiente ideal para conversar, fortalecer el compañerismo y disfrutar de excelentes sabores. El “Sartenazo” fue una gran elección, destacando por su excelente combinación de ingredientes y equilibrio de sabores. Sin duda, un lugar recomendado para compartir buenos momentos y vivir una deliciosa experiencia.",,"MoroGrill - Urdesa","4.3",,"https://www.google.com/maps/search/?api=1&query=MoroGrill%20-%20Urdesa&query_place_id=ChIJL98Pbn9tLZARLdAzBPfQUGg",
"Guayacanes 310 entre la 3ra y la cuarta, 090507 Guayaquil, Ecuador","Restaurante","Restaurante","7516737537427361837","Guayaquil","EC","0x902d6d7f6e0fdf2f:0x6850d0f70433d02d",,"https://lh3.googleusercontent.com/gps-cs-s/AHRPTWmMp-Z0_3QQ_yB8KLvsC7YNBSBPmiMENigeIP1pKNoaU4PYGt-5zyRaGCh-CsO44Y3kcpIxqHcBqttYJWLA5KCtyE5NJnR8gw8Bqvt4CrdbhiyyIURUrsmZ7pVmXDmIjx49cILr0Q=w408-h408-k-no","false","false","/g/11s195xvnt","es-419","0","-2.1656068","-79.9093192",,"Urdesa","es","false","ChIJL98Pbn9tLZARLdAzBPfQUGg","090507","$10-15","Hace 2 meses","2026-06-02T03:01:41.311Z",,"2026-06-02T03:18:50.000Z","Hola Roxana todas nuestras porciones son gramadas y de 200 gramos por sartenazo solo de proteína, cada sartenazo lleva 1.5kg de comida lo cual es mucho más de las porciones del mercado, nuestros precios incluyen iva y nuestro staff siempre están prestos a asistirte. Tuviste algún problema de servicio o de calidad que no pudimos asistir. Nos apena tu experiencia",,,,,"Ningún evento especial",,,,,"$10-15",,"2 personas","De 10 a 30 min",,,,,,,"Ci9DQUlRQUNvZENodHljRjlvT2pKZk5VaGpUazFHT0VSRWNuZ3pjbXgwVTJoTGFYYxAB",,,,,,,,,,,,,,,,,,,,,,,,"Google",,,"3",,,"432","2026-08-08T17:19:42.857Z","Direct Detail URL: https://www.google.com/maps/place/MoroGrill+-+Urdesa/@-2.1348707,-79.8980443,13.81z/data=!4m10!1m2!2m1!1smorogrill!3m6!1s0x902d6d7f6e0fdf2f:0x6850d0f70433d02d!8m2!3d-2.1656068!4d-79.9093192!15sCgltb3JvZ3JpbGxaCyIJbW9yb2dyaWxskgEKcmVzdGF1cmFudOABAA!16s%2Fg%2F11s195xvnt?entry=ttu&g_ep=EgoyMDI2MDgwNS4xIKXMDSoASAFQAw%3D%3D","2",,"Guayacanes 310 entre la 3ra y la cuarta","false","Muy poca comida la del sartenazo. Por el precio que cuesta",,"MoroGrill - Urdesa","4.3",,"https://www.google.com/maps/search/?api=1&query=MoroGrill%20-%20Urdesa&query_place_id=ChIJL98Pbn9tLZARLdAzBPfQUGg",
"Guayacanes 310 entre la 3ra y la cuarta, 090507 Guayaquil, Ecuador","Restaurante","Restaurante","7516737537427361837","Guayaquil","EC","0x902d6d7f6e0fdf2f:0x6850d0f70433d02d",,"https://lh3.googleusercontent.com/gps-cs-s/AHRPTWmMp-Z0_3QQ_yB8KLvsC7YNBSBPmiMENigeIP1pKNoaU4PYGt-5zyRaGCh-CsO44Y3kcpIxqHcBqttYJWLA5KCtyE5NJnR8gw8Bqvt4CrdbhiyyIURUrsmZ7pVmXDmIjx49cILr0Q=w408-h408-k-no","false","true","/g/11s195xvnt","es-419","0","-2.1656068","-79.9093192",,"Urdesa","es","false","ChIJL98Pbn9tLZARLdAzBPfQUGg","090507","$10-15","Hace 2 meses","2026-05-29T02:44:05.333Z",,"2026-06-02T03:21:45.000Z","😍❤️‍🔥🇪🇨🍳 gracias por visitarnos te esperamos pronto ",,,,,,"Silencioso, agradable para conversar",,,,"$15-20",,,"De 10 a 30 min","Comedor cubierto",,,"4","5","5","Ci9DQUlRQUNvZENodHljRjlvT2tKM1FXUkNZMnBpTlRGd2NXZG5SRk5DUm5STGIwRRAB",,,,,,,,,,,,,,,,,,,,,,,,"Google",,,"209",,,"432","2026-08-08T17:19:42.857Z","Direct Detail URL: https://www.google.com/maps/place/MoroGrill+-+Urdesa/@-2.1348707,-79.8980443,13.81z/data=!4m10!1m2!2m1!1smorogrill!3m6!1s0x902d6d7f6e0fdf2f:0x6850d0f70433d02d!8m2!3d-2.1656068!4d-79.9093192!15sCgltb3JvZ3JpbGxaCyIJbW9yb2dyaWxskgEKcmVzdGF1cmFudOABAA!16s%2Fg%2F11s195xvnt?entry=ttu&g_ep=EgoyMDI2MDgwNS4xIKXMDSoASAFQAw%3D%3D","5",,"Guayacanes 310 entre la 3ra y la cuarta","false","Ellos inventaron el sartenazo que muchos copian pero nadie lo iguala.",,"MoroGrill - Urdesa","4.3",,"https://www.google.com/maps/search/?api=1&query=MoroGrill%20-%20Urdesa&query_place_id=ChIJL98Pbn9tLZARLdAzBPfQUGg",
"Guayacanes 310 entre la 3ra y la cuarta, 090507 Guayaquil, Ecuador","Restaurante","Restaurante","7516737537427361837","Guayaquil","EC","0x902d6d7f6e0fdf2f:0x6850d0f70433d02d",,"https://lh3.googleusercontent.com/gps-cs-s/AHRPTWmMp-Z0_3QQ_yB8KLvsC7YNBSBPmiMENigeIP1pKNoaU4PYGt-5zyRaGCh-CsO44Y3kcpIxqHcBqttYJWLA5KCtyE5NJnR8gw8Bqvt4CrdbhiyyIURUrsmZ7pVmXDmIjx49cILr0Q=w408-h408-k-no","false","false","/g/11s195xvnt","es-419","0","-2.1656068","-79.9093192",,"Urdesa","es","false","ChIJL98Pbn9tLZARLdAzBPfQUGg","090507","$10-15","Hace 2 meses","2026-05-27T11:05:10.852Z",,"2026-06-02T03:22:22.000Z","Nos alegramos mucho de saber q nuestro staff te atendió con cariño como en casa. 🥹🥰 te esperamos pronto ",,,,,,,,,,,,,,,,,,,,"Ci9DQUlRQUNvZENodHljRjlvT2pCUVpXNUxVbTluWnpkQlRtMXBkRGxXYTNST1ZsRRAB",,,,,,,,,,,,,,,,,,,,,,,,"Google",,,"2",,,"432","2026-08-08T17:19:42.857Z","Direct Detail URL: https://www.google.com/maps/place/MoroGrill+-+Urdesa/@-2.1348707,-79.8980443,13.81z/data=!4m10!1m2!2m1!1smorogrill!3m6!1s0x902d6d7f6e0fdf2f:0x6850d0f70433d02d!8m2!3d-2.1656068!4d-79.9093192!15sCgltb3JvZ3JpbGxaCyIJbW9yb2dyaWxskgEKcmVzdGF1cmFudOABAA!16s%2Fg%2F11s195xvnt?entry=ttu&g_ep=EgoyMDI2MDgwNS4xIKXMDSoASAFQAw%3D%3D","5",,"Guayacanes 310 entre la 3ra y la cuarta","false","Muy rico , la atención 10/10 las chicas muy amables y serviciales",,"MoroGrill - Urdesa","4.3",,"https://www.google.com/maps/search/?api=1&query=MoroGrill%20-%20Urdesa&query_place_id=ChIJL98Pbn9tLZARLdAzBPfQUGg",
"Guayacanes 310 entre la 3ra y la cuarta, 090507 Guayaquil, Ecuador","Restaurante","Restaurante","7516737537427361837","Guayaquil","EC","0x902d6d7f6e0fdf2f:0x6850d0f70433d02d",,"https://lh3.googleusercontent.com/gps-cs-s/AHRPTWmMp-Z0_3QQ_yB8KLvsC7YNBSBPmiMENigeIP1pKNoaU4PYGt-5zyRaGCh-CsO44Y3kcpIxqHcBqttYJWLA5KCtyE5NJnR8gw8Bqvt4CrdbhiyyIURUrsmZ7pVmXDmIjx49cILr0Q=w408-h408-k-no","false","true","/g/11s195xvnt","es-419","0","-2.1656068","-79.9093192",,"Urdesa","es","false","ChIJL98Pbn9tLZARLdAzBPfQUGg","090507","$10-15","Hace 2 meses","2026-05-18T15:51:05.144Z",,"2026-06-02T03:23:00.000Z","Esperamos tenerte pronto con nosotros 🍳🇪🇨",,,,,,,,,,"$30-35","No lo sé",,"Hasta 10 min",,"Cena",,"5","4","5","Ci9DQUlRQUNvZENodHljRjlvT2tOTE5uTmhTVFZMTlRaZlVWQkJXR05hVnpkRU1XYxAB",,,,,,,,,,,,,,,,,,,,,,,,"Google",,,"12",,,"432","2026-08-08T17:19:42.857Z","Direct Detail URL: https://www.google.com/maps/place/MoroGrill+-+Urdesa/@-2.1348707,-79.8980443,13.81z/data=!4m10!1m2!2m1!1smorogrill!3m6!1s0x902d6d7f6e0fdf2f:0x6850d0f70433d02d!8m2!3d-2.1656068!4d-79.9093192!15sCgltb3JvZ3JpbGxaCyIJbW9yb2dyaWxskgEKcmVzdGF1cmFudOABAA!16s%2Fg%2F11s195xvnt?entry=ttu&g_ep=EgoyMDI2MDgwNS4xIKXMDSoASAFQAw%3D%3D","4",,"Guayacanes 310 entre la 3ra y la cuarta","false","Buena comida, excelente lugar",,"MoroGrill - Urdesa","4.3",,"https://www.google.com/maps/search/?api=1&query=MoroGrill%20-%20Urdesa&query_place_id=ChIJL98Pbn9tLZARLdAzBPfQUGg",
"Guayacanes 310 entre la 3ra y la cuarta, 090507 Guayaquil, Ecuador","Restaurante","Restaurante","7516737537427361837","Guayaquil","EC","0x902d6d7f6e0fdf2f:0x6850d0f70433d02d",,"https://lh3.googleusercontent.com/gps-cs-s/AHRPTWmMp-Z0_3QQ_yB8KLvsC7YNBSBPmiMENigeIP1pKNoaU4PYGt-5zyRaGCh-CsO44Y3kcpIxqHcBqttYJWLA5KCtyE5NJnR8gw8Bqvt4CrdbhiyyIURUrsmZ7pVmXDmIjx49cILr0Q=w408-h408-k-no","false","false","/g/11s195xvnt","es-419","0","-2.1656068","-79.9093192",,"Urdesa",,"false","ChIJL98Pbn9tLZARLdAzBPfQUGg","090507","$10-15","Hace 2 meses","2026-05-10T17:23:14.857Z",,,,,,,,,,,,,,,,,,,,"5","5","5","Ci9DQUlRQUNvZENodHljRjlvT21OdVRWTXdiblpXTUVGTlZYTnJTSGxYUTIxWlZsRRAB",,,,,,,,,,,,,,,,,,,,,,,,"Google",,,"0",,,"432","2026-08-08T17:19:42.857Z","Direct Detail URL: https://www.google.com/maps/place/MoroGrill+-+Urdesa/@-2.1348707,-79.8980443,13.81z/data=!4m10!1m2!2m1!1smorogrill!3m6!1s0x902d6d7f6e0fdf2f:0x6850d0f70433d02d!8m2!3d-2.1656068!4d-79.9093192!15sCgltb3JvZ3JpbGxaCyIJbW9yb2dyaWxskgEKcmVzdGF1cmFudOABAA!16s%2Fg%2F11s195xvnt?entry=ttu&g_ep=EgoyMDI2MDgwNS4xIKXMDSoASAFQAw%3D%3D","5",,"Guayacanes 310 entre la 3ra y la cuarta","false",,,"MoroGrill - Urdesa","4.3",,"https://www.google.com/maps/search/?api=1&query=MoroGrill%20-%20Urdesa&query_place_id=ChIJL98Pbn9tLZARLdAzBPfQUGg",
"Guayacanes 310 entre la 3ra y la cuarta, 090507 Guayaquil, Ecuador","Restaurante","Restaurante","7516737537427361837","Guayaquil","EC","0x902d6d7f6e0fdf2f:0x6850d0f70433d02d",,"https://lh3.googleusercontent.com/gps-cs-s/AHRPTWmMp-Z0_3QQ_yB8KLvsC7YNBSBPmiMENigeIP1pKNoaU4PYGt-5zyRaGCh-CsO44Y3kcpIxqHcBqttYJWLA5KCtyE5NJnR8gw8Bqvt4CrdbhiyyIURUrsmZ7pVmXDmIjx49cILr0Q=w408-h408-k-no","false","false","/g/11s195xvnt","es-419","0","-2.1656068","-79.9093192",,"Urdesa",,"false","ChIJL98Pbn9tLZARLdAzBPfQUGg","090507","$10-15","Hace 2 meses","2026-05-10T09:04:18.493Z",,,,,,,,,,,,,"$10-15",,,,,,,"5","5","5","Ci9DQUlRQUNvZENodHljRjlvT2psalEwNUpURlJ0VlVjeVNFdDVUak5RUmt4bE5sRRAB",,,,,,,,,,,,,,,,,,,,,,,,"Google",,,"4",,,"432","2026-08-08T17:19:42.857Z","Direct Detail URL: https://www.google.com/maps/place/MoroGrill+-+Urdesa/@-2.1348707,-79.8980443,13.81z/data=!4m10!1m2!2m1!1smorogrill!3m6!1s0x902d6d7f6e0fdf2f:0x6850d0f70433d02d!8m2!3d-2.1656068!4d-79.9093192!15sCgltb3JvZ3JpbGxaCyIJbW9yb2dyaWxskgEKcmVzdGF1cmFudOABAA!16s%2Fg%2F11s195xvnt?entry=ttu&g_ep=EgoyMDI2MDgwNS4xIKXMDSoASAFQAw%3D%3D","5",,"Guayacanes 310 entre la 3ra y la cuarta","false",,,"MoroGrill - Urdesa","4.3",,"https://www.google.com/maps/search/?api=1&query=MoroGrill%20-%20Urdesa&query_place_id=ChIJL98Pbn9tLZARLdAzBPfQUGg",
"Guayacanes 310 entre la 3ra y la cuarta, 090507 Guayaquil, Ecuador","Restaurante","Restaurante","7516737537427361837","Guayaquil","EC","0x902d6d7f6e0fdf2f:0x6850d0f70433d02d",,"https://lh3.googleusercontent.com/gps-cs-s/AHRPTWmMp-Z0_3QQ_yB8KLvsC7YNBSBPmiMENigeIP1pKNoaU4PYGt-5zyRaGCh-CsO44Y3kcpIxqHcBqttYJWLA5KCtyE5NJnR8gw8Bqvt4CrdbhiyyIURUrsmZ7pVmXDmIjx49cILr0Q=w408-h408-k-no","false","true","/g/11s195xvnt","es-419","0","-2.1656068","-79.9093192",,"Urdesa","es","false","ChIJL98Pbn9tLZARLdAzBPfQUGg","090507","$10-15","Hace 3 meses","2026-04-21T11:43:29.061Z",,"2026-06-25T01:58:46.000Z","Gracias Fer, esperamos verte pronto, este 2026 vamos a poner muy guapa la sucursal de urdesa :) un abrazo",,,,,,"Muy silencioso",,,,"$30-35",,"Apto para grupos de todos los tamaños","De 10 a 30 min",,,,"5","5","5","Ci9DQUlRQUNvZENodHljRjlvT2kweFdYbGpTRTV2YldOd01tMXJUM1Y2VkdadWEwRRAB","https://lh3.googleusercontent.com/grass-cs/ACvplmOd1Ubh1EQCWc4ChNCgDZ0pxb-PUYWSKSrkT49G3nNpWLq8XS_sS4Gq3wfcBAlyp2THOIblcuWKe2HrcayrCcZ_kI5hH0jSJfl6JGmsV2h_zmvr8ZtTwy-JWoQQ1gRHH_N1X8k5u44Oy5vH=k-no",,,,,,,,,,,,,,,,,,,,,,,"Google",,,"126",,,"432","2026-08-08T17:19:42.857Z","Direct Detail URL: https://www.google.com/maps/place/MoroGrill+-+Urdesa/@-2.1348707,-79.8980443,13.81z/data=!4m10!1m2!2m1!1smorogrill!3m6!1s0x902d6d7f6e0fdf2f:0x6850d0f70433d02d!8m2!3d-2.1656068!4d-79.9093192!15sCgltb3JvZ3JpbGxaCyIJbW9yb2dyaWxskgEKcmVzdGF1cmFudOABAA!16s%2Fg%2F11s195xvnt?entry=ttu&g_ep=EgoyMDI2MDgwNS4xIKXMDSoASAFQAw%3D%3D","5",,"Guayacanes 310 entre la 3ra y la cuarta","false","De los mejores sitios de comida típica",,"MoroGrill - Urdesa","4.3",,"https://www.google.com/maps/search/?api=1&query=MoroGrill%20-%20Urdesa&query_place_id=ChIJL98Pbn9tLZARLdAzBPfQUGg",
"Guayacanes 310 entre la 3ra y la cuarta, 090507 Guayaquil, Ecuador","Restaurante","Restaurante","7516737537427361837","Guayaquil","EC","0x902d6d7f6e0fdf2f:0x6850d0f70433d02d",,"https://lh3.googleusercontent.com/gps-cs-s/AHRPTWmMp-Z0_3QQ_yB8KLvsC7YNBSBPmiMENigeIP1pKNoaU4PYGt-5zyRaGCh-CsO44Y3kcpIxqHcBqttYJWLA5KCtyE5NJnR8gw8Bqvt4CrdbhiyyIURUrsmZ7pVmXDmIjx49cILr0Q=w408-h408-k-no","false","true","/g/11s195xvnt","es-419","0","-2.1656068","-79.9093192",,"Urdesa",,"false","ChIJL98Pbn9tLZARLdAzBPfQUGg","090507","$10-15","Hace 4 meses","2026-04-07T22:22:51.135Z",,,,,,,,,,,,,"$10-15","No se requiere hacer una reserva",,"Hasta 10 min",,"Cena",,"5","5","5","Ci9DQUlRQUNvZENodHljRjlvT2t0U2FsSnhjbGxCUmpjelpWSkVOMlJHTmxoNGJHYxAB",,,,,,,,,,,,,,,,,,,,,,,,"Google",,,"7",,,"432","2026-08-08T17:19:42.857Z","Direct Detail URL: https://www.google.com/maps/place/MoroGrill+-+Urdesa/@-2.1348707,-79.8980443,13.81z/data=!4m10!1m2!2m1!1smorogrill!3m6!1s0x902d6d7f6e0fdf2f:0x6850d0f70433d02d!8m2!3d-2.1656068!4d-79.9093192!15sCgltb3JvZ3JpbGxaCyIJbW9yb2dyaWxskgEKcmVzdGF1cmFudOABAA!16s%2Fg%2F11s195xvnt?entry=ttu&g_ep=EgoyMDI2MDgwNS4xIKXMDSoASAFQAw%3D%3D","5",,"Guayacanes 310 entre la 3ra y la cuarta","false",,,"MoroGrill - Urdesa","4.3",,"https://www.google.com/maps/search/?api=1&query=MoroGrill%20-%20Urdesa&query_place_id=ChIJL98Pbn9tLZARLdAzBPfQUGg",
"Guayacanes 310 entre la 3ra y la cuarta, 090507 Guayaquil, Ecuador","Restaurante","Restaurante","7516737537427361837","Guayaquil","EC","0x902d6d7f6e0fdf2f:0x6850d0f70433d02d",,"https://lh3.googleusercontent.com/gps-cs-s/AHRPTWmMp-Z0_3QQ_yB8KLvsC7YNBSBPmiMENigeIP1pKNoaU4PYGt-5zyRaGCh-CsO44Y3kcpIxqHcBqttYJWLA5KCtyE5NJnR8gw8Bqvt4CrdbhiyyIURUrsmZ7pVmXDmIjx49cILr0Q=w408-h408-k-no","false","false","/g/11s195xvnt","es-419","0","-2.1656068","-79.9093192",,"Urdesa",,"false","ChIJL98Pbn9tLZARLdAzBPfQUGg","090507","$10-15","Hace 4 meses","2026-04-04T05:12:43.109Z",,,,,,,,,,,,,"$10-15",,,,,,,"5","5","5","Ci9DQUlRQUNvZENodHljRjlvT2xGQk1WSnZZekExVlVWck9HMUlObTlFTUZkZlNuYxAB",,,,,,,,,,,,,,,,,,,,,,,,"Google",,,"1",,,"432","2026-08-08T17:19:42.857Z","Direct Detail URL: https://www.google.com/maps/place/MoroGrill+-+Urdesa/@-2.1348707,-79.8980443,13.81z/data=!4m10!1m2!2m1!1smorogrill!3m6!1s0x902d6d7f6e0fdf2f:0x6850d0f70433d02d!8m2!3d-2.1656068!4d-79.9093192!15sCgltb3JvZ3JpbGxaCyIJbW9yb2dyaWxskgEKcmVzdGF1cmFudOABAA!16s%2Fg%2F11s195xvnt?entry=ttu&g_ep=EgoyMDI2MDgwNS4xIKXMDSoASAFQAw%3D%3D","5",,"Guayacanes 310 entre la 3ra y la cuarta","false",,,"MoroGrill - Urdesa","4.3",,"https://www.google.com/maps/search/?api=1&query=MoroGrill%20-%20Urdesa&query_place_id=ChIJL98Pbn9tLZARLdAzBPfQUGg",
"Guayacanes 310 entre la 3ra y la cuarta, 090507 Guayaquil, Ecuador","Restaurante","Restaurante","7516737537427361837","Guayaquil","EC","0x902d6d7f6e0fdf2f:0x6850d0f70433d02d",,"https://lh3.googleusercontent.com/gps-cs-s/AHRPTWmMp-Z0_3QQ_yB8KLvsC7YNBSBPmiMENigeIP1pKNoaU4PYGt-5zyRaGCh-CsO44Y3kcpIxqHcBqttYJWLA5KCtyE5NJnR8gw8Bqvt4CrdbhiyyIURUrsmZ7pVmXDmIjx49cILr0Q=w408-h408-k-no","false","true","/g/11s195xvnt","es-419","0","-2.1656068","-79.9093192",,"Urdesa","es","false","ChIJL98Pbn9tLZARLdAzBPfQUGg","090507","$10-15","Hace 4 meses","2026-04-03T00:42:43.955Z",,"2026-06-25T01:59:34.000Z","Hola Mario, lamentamos no te haya gustado nuestra propuesta, le comentaste al staff y pudimos en el local asistirte?",,,,,,,,,,,,,,,,,,,,"Ci9DQUlRQUNvZENodHljRjlvT2kwdFZFaHliMWRVZG1GZk9XcDZNM0ZITlVoWVFtYxAB",,,,,,,,,,,,,,,,,,,,,,,,"Google",,,"243",,,"432","2026-08-08T17:19:42.857Z","Direct Detail URL: https://www.google.com/maps/place/MoroGrill+-+Urdesa/@-2.1348707,-79.8980443,13.81z/data=!4m10!1m2!2m1!1smorogrill!3m6!1s0x902d6d7f6e0fdf2f:0x6850d0f70433d02d!8m2!3d-2.1656068!4d-79.9093192!15sCgltb3JvZ3JpbGxaCyIJbW9yb2dyaWxskgEKcmVzdGF1cmFudOABAA!16s%2Fg%2F11s195xvnt?entry=ttu&g_ep=EgoyMDI2MDgwNS4xIKXMDSoASAFQAw%3D%3D","3",,"Guayacanes 310 entre la 3ra y la cuarta","false","Nada espectacular, los hay mejores",,"MoroGrill - Urdesa","4.3",,"https://www.google.com/maps/search/?api=1&query=MoroGrill%20-%20Urdesa&query_place_id=ChIJL98Pbn9tLZARLdAzBPfQUGg",
"Guayacanes 310 entre la 3ra y la cuarta, 090507 Guayaquil, Ecuador","Restaurante","Restaurante","7516737537427361837","Guayaquil","EC","0x902d6d7f6e0fdf2f:0x6850d0f70433d02d",,"https://lh3.googleusercontent.com/gps-cs-s/AHRPTWmMp-Z0_3QQ_yB8KLvsC7YNBSBPmiMENigeIP1pKNoaU4PYGt-5zyRaGCh-CsO44Y3kcpIxqHcBqttYJWLA5KCtyE5NJnR8gw8Bqvt4CrdbhiyyIURUrsmZ7pVmXDmIjx49cILr0Q=w408-h408-k-no","false","false","/g/11s195xvnt","es-419","0","-2.1656068","-79.9093192",,"Urdesa",,"false","ChIJL98Pbn9tLZARLdAzBPfQUGg","090507","$10-15","Hace 4 meses","2026-03-26T18:09:09.244Z",,,,,,,,,,,,,"$10-15",,,,,,,"5","4","4","Ci9DQUlRQUNvZENodHljRjlvT2t0RFRXTlVVa0kxVms0M00wSjBSMHN3Y0ZKSVkzYxAB",,,,,,,,,,,,,,,,,,,,,,,,"Google",,,"0",,,"432","2026-08-08T17:19:42.857Z","Direct Detail URL: https://www.google.com/maps/place/MoroGrill+-+Urdesa/@-2.1348707,-79.8980443,13.81z/data=!4m10!1m2!2m1!1smorogrill!3m6!1s0x902d6d7f6e0fdf2f:0x6850d0f70433d02d!8m2!3d-2.1656068!4d-79.9093192!15sCgltb3JvZ3JpbGxaCyIJbW9yb2dyaWxskgEKcmVzdGF1cmFudOABAA!16s%2Fg%2F11s195xvnt?entry=ttu&g_ep=EgoyMDI2MDgwNS4xIKXMDSoASAFQAw%3D%3D","5",,"Guayacanes 310 entre la 3ra y la cuarta","false",,,"MoroGrill - Urdesa","4.3",,"https://www.google.com/maps/search/?api=1&query=MoroGrill%20-%20Urdesa&query_place_id=ChIJL98Pbn9tLZARLdAzBPfQUGg",
"Guayacanes 310 entre la 3ra y la cuarta, 090507 Guayaquil, Ecuador","Restaurante","Restaurante","7516737537427361837","Guayaquil","EC","0x902d6d7f6e0fdf2f:0x6850d0f70433d02d",,"https://lh3.googleusercontent.com/gps-cs-s/AHRPTWmMp-Z0_3QQ_yB8KLvsC7YNBSBPmiMENigeIP1pKNoaU4PYGt-5zyRaGCh-CsO44Y3kcpIxqHcBqttYJWLA5KCtyE5NJnR8gw8Bqvt4CrdbhiyyIURUrsmZ7pVmXDmIjx49cILr0Q=w408-h408-k-no","false","true","/g/11s195xvnt","es-419","0","-2.1656068","-79.9093192",,"Urdesa","es","false","ChIJL98Pbn9tLZARLdAzBPfQUGg","090507","$10-15","Editado Hace 4 meses","2026-03-22T01:37:53.237Z",,,,,,,,,,,,,"$10-15",,,,,,,"4","5","5","Ci9DQUlRQUNvZENodHljRjlvT2paNU1TMUJNVWc1VldFNWVqSkRUV2xzYTFsT1dFRRAB",,,,,,,,,,,,,,,,,,,,,,,,"Google",,,"156",,,"432","2026-08-08T17:19:42.857Z","Direct Detail URL: https://www.google.com/maps/place/MoroGrill+-+Urdesa/@-2.1348707,-79.8980443,13.81z/data=!4m10!1m2!2m1!1smorogrill!3m6!1s0x902d6d7f6e0fdf2f:0x6850d0f70433d02d!8m2!3d-2.1656068!4d-79.9093192!15sCgltb3JvZ3JpbGxaCyIJbW9yb2dyaWxskgEKcmVzdGF1cmFudOABAA!16s%2Fg%2F11s195xvnt?entry=ttu&g_ep=EgoyMDI2MDgwNS4xIKXMDSoASAFQAw%3D%3D","5",,"Guayacanes 310 entre la 3ra y la cuarta","false","Rica comida y excelente servicio muy buenas promos todos los días para variar entre bebidas y platos",,"MoroGrill - Urdesa","4.3",,"https://www.google.com/maps/search/?api=1&query=MoroGrill%20-%20Urdesa&query_place_id=ChIJL98Pbn9tLZARLdAzBPfQUGg",
"Guayacanes 310 entre la 3ra y la cuarta, 090507 Guayaquil, Ecuador","Restaurante","Restaurante","7516737537427361837","Guayaquil","EC","0x902d6d7f6e0fdf2f:0x6850d0f70433d02d",,"https://lh3.googleusercontent.com/gps-cs-s/AHRPTWmMp-Z0_3QQ_yB8KLvsC7YNBSBPmiMENigeIP1pKNoaU4PYGt-5zyRaGCh-CsO44Y3kcpIxqHcBqttYJWLA5KCtyE5NJnR8gw8Bqvt4CrdbhiyyIURUrsmZ7pVmXDmIjx49cILr0Q=w408-h408-k-no","false","true","/g/11s195xvnt","es-419","0","-2.1656068","-79.9093192",,"Urdesa","es","false","ChIJL98Pbn9tLZARLdAzBPfQUGg","090507","$10-15","Hace 4 meses","2026-03-21T02:55:03.576Z",,,,,,,,,"Ruido moderado",,,,"$25-30",,"2 personas",,"Comedor cubierto",,,"3","2","3","Ci9DQUlRQUNvZENodHljRjlvT2xGQlpubDZRM2hOWmxOWVZWbFlhbWR4VTFJeVUyYxAB","https://lh3.googleusercontent.com/grass-cs/ACvplmOkVQh5pgr8K_bkhHEVhtqk55CgspJ186V3y__20-X3NFgbJFoVvywJSSgVEOlIHVkZE1QrEOvVGrbFpwxpOmURz0R8P6nUhthYe8TWWgHvPgZ4-v47QtmU86F6n-NgXpP8H3wy17ZGsjVS=k-no",,,,,,,,,,,,,,,,,,,,,,,"Google",,,"32",,,"432","2026-08-08T17:19:42.857Z","Direct Detail URL: https://www.google.com/maps/place/MoroGrill+-+Urdesa/@-2.1348707,-79.8980443,13.81z/data=!4m10!1m2!2m1!1smorogrill!3m6!1s0x902d6d7f6e0fdf2f:0x6850d0f70433d02d!8m2!3d-2.1656068!4d-79.9093192!15sCgltb3JvZ3JpbGxaCyIJbW9yb2dyaWxskgEKcmVzdGF1cmFudOABAA!16s%2Fg%2F11s195xvnt?entry=ttu&g_ep=EgoyMDI2MDgwNS4xIKXMDSoASAFQAw%3D%3D","2",,"Guayacanes 310 entre la 3ra y la cuarta","false","Pedi menestra cn moro y pollo: el pollo sin sabor, la menestra salada y el moro insipido, no volveria a ir y por 27 dolares por 2 platos no vale la pena",,"MoroGrill - Urdesa","4.3",,"https://www.google.com/maps/search/?api=1&query=MoroGrill%20-%20Urdesa&query_place_id=ChIJL98Pbn9tLZARLdAzBPfQUGg",
"Guayacanes 310 entre la 3ra y la cuarta, 090507 Guayaquil, Ecuador","Restaurante","Restaurante","7516737537427361837","Guayaquil","EC","0x902d6d7f6e0fdf2f:0x6850d0f70433d02d",,"https://lh3.googleusercontent.com/gps-cs-s/AHRPTWmMp-Z0_3QQ_yB8KLvsC7YNBSBPmiMENigeIP1pKNoaU4PYGt-5zyRaGCh-CsO44Y3kcpIxqHcBqttYJWLA5KCtyE5NJnR8gw8Bqvt4CrdbhiyyIURUrsmZ7pVmXDmIjx49cILr0Q=w408-h408-k-no","false","false","/g/11s195xvnt","es-419","0","-2.1656068","-79.9093192",,"Urdesa",,"false","ChIJL98Pbn9tLZARLdAzBPfQUGg","090507","$10-15","Hace 4 meses","2026-03-18T23:14:47.569Z",,,,,,,,,,,,,,,,,,,,"4","4","4","Ci9DQUlRQUNvZENodHljRjlvT2tkWFNXMXRUbk5wWlUxUGIxSlZibnBGZDNaT2FIYxAB",,,,,,,,,,,,,,,,,,,,,,,,"Google",,,"0",,,"432","2026-08-08T17:19:42.857Z","Direct Detail URL: https://www.google.com/maps/place/MoroGrill+-+Urdesa/@-2.1348707,-79.8980443,13.81z/data=!4m10!1m2!2m1!1smorogrill!3m6!1s0x902d6d7f6e0fdf2f:0x6850d0f70433d02d!8m2!3d-2.1656068!4d-79.9093192!15sCgltb3JvZ3JpbGxaCyIJbW9yb2dyaWxskgEKcmVzdGF1cmFudOABAA!16s%2Fg%2F11s195xvnt?entry=ttu&g_ep=EgoyMDI2MDgwNS4xIKXMDSoASAFQAw%3D%3D","4",,"Guayacanes 310 entre la 3ra y la cuarta","false",,,"MoroGrill - Urdesa","4.3",,"https://www.google.com/maps/search/?api=1&query=MoroGrill%20-%20Urdesa&query_place_id=ChIJL98Pbn9tLZARLdAzBPfQUGg",
"Guayacanes 310 entre la 3ra y la cuarta, 090507 Guayaquil, Ecuador","Restaurante","Restaurante","7516737537427361837","Guayaquil","EC","0x902d6d7f6e0fdf2f:0x6850d0f70433d02d",,"https://lh3.googleusercontent.com/gps-cs-s/AHRPTWmMp-Z0_3QQ_yB8KLvsC7YNBSBPmiMENigeIP1pKNoaU4PYGt-5zyRaGCh-CsO44Y3kcpIxqHcBqttYJWLA5KCtyE5NJnR8gw8Bqvt4CrdbhiyyIURUrsmZ7pVmXDmIjx49cILr0Q=w408-h408-k-no","false","true","/g/11s195xvnt","es-419","0","-2.1656068","-79.9093192",,"Urdesa","es","false","ChIJL98Pbn9tLZARLdAzBPfQUGg","090507","$10-15","Hace 4 meses","2026-03-12T01:54:34.774Z",,"2026-06-02T03:24:38.000Z","Que guapo ese sartenazo ❤️‍🔥😍 amamos cuenca esperamos algún día poder estar en su hermosa ciudad❤️‍🔥",,,,,,"Silencioso, agradable para conversar",,,,"$10-15",,"3 o 4 personas","Sin espera",,,,"5","5","5","Ci9DQUlRQUNvZENodHljRjlvT2xoelFrTlplbXg2UkZKWlRGOUtkVVo1YkVSa2NHYxAB","https://lh3.googleusercontent.com/grass-cs/ACvplmPvI-opdw7qBjfYhrkEx7AOA1yQDF2cG0X1ZN2wv7xVU4uHlQJ8XjIENpuOkONvNgaDHo5CW6xfk3lqCIEl63bvmNGjxSHf3CCGxpaiHgWzFGvw4ZyAl4VysoBp1zGJM3pTE5GL7aEp2cqO=k-no",,,,,,,,,,,,,,,,,,,,,,,"Google",,,"70",,,"432","2026-08-08T17:19:42.857Z","Direct Detail URL: https://www.google.com/maps/place/MoroGrill+-+Urdesa/@-2.1348707,-79.8980443,13.81z/data=!4m10!1m2!2m1!1smorogrill!3m6!1s0x902d6d7f6e0fdf2f:0x6850d0f70433d02d!8m2!3d-2.1656068!4d-79.9093192!15sCgltb3JvZ3JpbGxaCyIJbW9yb2dyaWxskgEKcmVzdGF1cmFudOABAA!16s%2Fg%2F11s195xvnt?entry=ttu&g_ep=EgoyMDI2MDgwNS4xIKXMDSoASAFQAw%3D%3D","5",,"Guayacanes 310 entre la 3ra y la cuarta","false","Vine desde Cuenca y definitivamente valió la pena parar en Moro Grill de Urdesa. Pedí el sartenazo de pollo y estaba simplemente espectacular: lleno de sabor, bien servido, perfectamente preparado con ingredientes primera calidad.
El ambiente es muy agradable y la atención fue excelente, de esas experiencias que te dejan con ganas de volver.
Si estás en Guayaquil, o incluso si vienes de otra ciudad como yo, es un lugar totalmente recomendado.",,"MoroGrill - Urdesa","4.3",,"https://www.google.com/maps/search/?api=1&query=MoroGrill%20-%20Urdesa&query_place_id=ChIJL98Pbn9tLZARLdAzBPfQUGg",
"Guayacanes 310 entre la 3ra y la cuarta, 090507 Guayaquil, Ecuador","Restaurante","Restaurante","7516737537427361837","Guayaquil","EC","0x902d6d7f6e0fdf2f:0x6850d0f70433d02d",,"https://lh3.googleusercontent.com/gps-cs-s/AHRPTWmMp-Z0_3QQ_yB8KLvsC7YNBSBPmiMENigeIP1pKNoaU4PYGt-5zyRaGCh-CsO44Y3kcpIxqHcBqttYJWLA5KCtyE5NJnR8gw8Bqvt4CrdbhiyyIURUrsmZ7pVmXDmIjx49cILr0Q=w408-h408-k-no","false","true","/g/11s195xvnt","es-419","0","-2.1656068","-79.9093192",,"Urdesa",,"false","ChIJL98Pbn9tLZARLdAzBPfQUGg","090507","$10-15","Hace 5 meses","2026-02-16T04:01:43.124Z",,,,,,,,,,,,,,,,,,,,,,,"Ci9DQUlRQUNvZENodHljRjlvT2tKdk1tdFFUVmRwU3pJME5XaENNV0pCT0hWT2RIYxAB",,,,,,,,,,,,,,,,,,,,,,,,"Google",,,"17",,,"432","2026-08-08T17:19:42.857Z","Direct Detail URL: https://www.google.com/maps/place/MoroGrill+-+Urdesa/@-2.1348707,-79.8980443,13.81z/data=!4m10!1m2!2m1!1smorogrill!3m6!1s0x902d6d7f6e0fdf2f:0x6850d0f70433d02d!8m2!3d-2.1656068!4d-79.9093192!15sCgltb3JvZ3JpbGxaCyIJbW9yb2dyaWxskgEKcmVzdGF1cmFudOABAA!16s%2Fg%2F11s195xvnt?entry=ttu&g_ep=EgoyMDI2MDgwNS4xIKXMDSoASAFQAw%3D%3D","5",,"Guayacanes 310 entre la 3ra y la cuarta","false",,,"MoroGrill - Urdesa","4.3",,"https://www.google.com/maps/search/?api=1&query=MoroGrill%20-%20Urdesa&query_place_id=ChIJL98Pbn9tLZARLdAzBPfQUGg",
"Guayacanes 310 entre la 3ra y la cuarta, 090507 Guayaquil, Ecuador","Restaurante","Restaurante","7516737537427361837","Guayaquil","EC","0x902d6d7f6e0fdf2f:0x6850d0f70433d02d",,"https://lh3.googleusercontent.com/gps-cs-s/AHRPTWmMp-Z0_3QQ_yB8KLvsC7YNBSBPmiMENigeIP1pKNoaU4PYGt-5zyRaGCh-CsO44Y3kcpIxqHcBqttYJWLA5KCtyE5NJnR8gw8Bqvt4CrdbhiyyIURUrsmZ7pVmXDmIjx49cILr0Q=w408-h408-k-no","false","false","/g/11s195xvnt","es-419","0","-2.1656068","-79.9093192",,"Urdesa","es","false","ChIJL98Pbn9tLZARLdAzBPfQUGg","090507","$10-15","Hace 5 meses","2026-02-14T23:26:54.811Z",,"2026-02-15T02:14:47.000Z","Hola sergio en tu factura puedes ver el descuento del iva es automatico en nuestro sistema contable, no hemos tenido quejas ni de calidad ni sabor, tampoco demoras en la sucursal de samborondon, yo personalmente estoy aqui como propietaria, lamento te haya ocurrido",,,,,,,,,,,,,,,,,"3","1","2","Ci9DQUlRQUNvZENodHljRjlvT2twcFNTMVFjMnMyTm5STE5IUnJOWGRaVFRkSlVGRRAB",,,,,,,,,,,,,,,,,,,,,,,,"Google",,,"3",,,"432","2026-08-08T17:19:42.857Z","Direct Detail URL: https://www.google.com/maps/place/MoroGrill+-+Urdesa/@-2.1348707,-79.8980443,13.81z/data=!4m10!1m2!2m1!1smorogrill!3m6!1s0x902d6d7f6e0fdf2f:0x6850d0f70433d02d!8m2!3d-2.1656068!4d-79.9093192!15sCgltb3JvZ3JpbGxaCyIJbW9yb2dyaWxskgEKcmVzdGF1cmFudOABAA!16s%2Fg%2F11s195xvnt?entry=ttu&g_ep=EgoyMDI2MDgwNS4xIKXMDSoASAFQAw%3D%3D","1",,"Guayacanes 310 entre la 3ra y la cuarta","false","La comida no tenia sabor, hacen uso de publicidad engañosa pésimo atencion demoraba demasiado y no aplicaban los porcentajes de impuestos que estipulaban en ese dia.",,"MoroGrill - Urdesa","4.3",,"https://www.google.com/maps/search/?api=1&query=MoroGrill%20-%20Urdesa&query_place_id=ChIJL98Pbn9tLZARLdAzBPfQUGg",
"Guayacanes 310 entre la 3ra y la cuarta, 090507 Guayaquil, Ecuador","Restaurante","Restaurante","7516737537427361837","Guayaquil","EC","0x902d6d7f6e0fdf2f:0x6850d0f70433d02d",,"https://lh3.googleusercontent.com/gps-cs-s/AHRPTWmMp-Z0_3QQ_yB8KLvsC7YNBSBPmiMENigeIP1pKNoaU4PYGt-5zyRaGCh-CsO44Y3kcpIxqHcBqttYJWLA5KCtyE5NJnR8gw8Bqvt4CrdbhiyyIURUrsmZ7pVmXDmIjx49cILr0Q=w408-h408-k-no","false","false","/g/11s195xvnt","es-419","0","-2.1656068","-79.9093192",,"Urdesa",,"false","ChIJL98Pbn9tLZARLdAzBPfQUGg","090507","$10-15","Hace 6 meses","2026-02-05T05:03:41.277Z",,,,,,,,,,,,,,,,,,,,,,,"Ci9DQUlRQUNvZENodHljRjlvT2pkdlJsOXlaa2xZUTIwMVFtOTJaMHRGVEdkdk4zYxAB",,,,,,,,,,,,,,,,,,,,,,,,"Google",,,"20",,,"432","2026-08-08T17:19:42.857Z","Direct Detail URL: https://www.google.com/maps/place/MoroGrill+-+Urdesa/@-2.1348707,-79.8980443,13.81z/data=!4m10!1m2!2m1!1smorogrill!3m6!1s0x902d6d7f6e0fdf2f:0x6850d0f70433d02d!8m2!3d-2.1656068!4d-79.9093192!15sCgltb3JvZ3JpbGxaCyIJbW9yb2dyaWxskgEKcmVzdGF1cmFudOABAA!16s%2Fg%2F11s195xvnt?entry=ttu&g_ep=EgoyMDI2MDgwNS4xIKXMDSoASAFQAw%3D%3D","5",,"Guayacanes 310 entre la 3ra y la cuarta","false",,,"MoroGrill - Urdesa","4.3",,"https://www.google.com/maps/search/?api=1&query=MoroGrill%20-%20Urdesa&query_place_id=ChIJL98Pbn9tLZARLdAzBPfQUGg",
"Guayacanes 310 entre la 3ra y la cuarta, 090507 Guayaquil, Ecuador","Restaurante","Restaurante","7516737537427361837","Guayaquil","EC","0x902d6d7f6e0fdf2f:0x6850d0f70433d02d",,"https://lh3.googleusercontent.com/gps-cs-s/AHRPTWmMp-Z0_3QQ_yB8KLvsC7YNBSBPmiMENigeIP1pKNoaU4PYGt-5zyRaGCh-CsO44Y3kcpIxqHcBqttYJWLA5KCtyE5NJnR8gw8Bqvt4CrdbhiyyIURUrsmZ7pVmXDmIjx49cILr0Q=w408-h408-k-no","false","true","/g/11s195xvnt","es-419","0","-2.1656068","-79.9093192",,"Urdesa",,"false","ChIJL98Pbn9tLZARLdAzBPfQUGg","090507","$10-15","Hace 6 meses","2026-02-05T04:35:45.739Z",,,,,,,,,,,,,,,,,,,,,,,"Ci9DQUlRQUNvZENodHljRjlvT21zME1ESmpibmN5ZDJObmFHdHVlVlZ1YmxwYVVtYxAB","https://lh3.googleusercontent.com/grass-cs/ACvplmNcj8NZwKhLaf9EdpGg5DP1ib9xsHGAVlxB_Xs0RPxGoQwKdPxvtwEy3kwTJLtmLERr_gthCYqyUUIB1-GcN8qv_hbaIt5MO1wa8KV9svXH5MDO1dI9e7rwXjpdxIou2CGPNEZC13YcpriH=k-no","https://lh3.googleusercontent.com/grass-cs/ACvplmMvIpgbXqnH3ZDmLm0pwR4kONEc2MgjjB5mHX9UlXUD_Oh6fyiX1-78sXSSrk1slhWeUKrQ5WwkzV5iJjHrr-yf8GzdLJSPex3bNChnNhmZtFuLYLXvmvIbzzIRlQdQXm6_8JDzq6r_DfG3=k-no","https://lh3.googleusercontent.com/grass-cs/ACvplmOLXPaLYNOpGL9NT3hlv89ubp8EudzpCJ5KNgt7RPzAAoJ4wGTgfq11SzF4H_hpgDzk34CmU9c286I8eCYVSPphUoSqZdeWe7J5fI7j3ylxQwCvly4BNDVxfwL1r2numK9Q1sM3atvo1xZN=k-no","https://lh3.googleusercontent.com/grass-cs/ACvplmOqGoPzqgJJVY9tHiuE9YfMVwz5ldXfH4QVf6JvE05rLw9ZpmymA3deAU7W_ZNR5Hrfs72oVkFLcOD4BB7v4DFAvaPBPej2KoNHK4XgEUzF-17u2VMhhGuldfLnPegngvrWJkW4VD-OP6h2=k-no","https://lh3.googleusercontent.com/grass-cs/ACvplmNGFhGkvRpkJtLzCssBjimuKjZLvIP4E9EkbuZvzwj_L4ZbWqlU6PIm_MFCimAUSkBh4Hy_Ih5A6UgwoMBEcwxw6UxYksV7zzmoGM5Sbue61xDkoX5Kc7EBjShSsEWfcGSv7e3ocNlnDD-X=k-no","https://lh3.googleusercontent.com/grass-cs/ACvplmPh_WFMHmAAbq5q3oCmrL2U22QICuhNRtt2oo-WtqmphcPqlcwUhORrPdIkJpb5jJYdtu4OncrrifnV-n0IDBbO7JCYaRcSCnWDMGRPZFcVUqzFys2trRivR9vesOQDGYYtB2RCqYnt8o-t=k-no","https://lh3.googleusercontent.com/grass-cs/ACvplmMl8uhX7GaT-jO7Ry2c8IMQnyUE-hb5zBa_xTxg76NUxiRSBnOZdoa1DJSL7lBEFNIAHKv1t1wcC4uYr7W1c4WxLRshZCAeCo37YFIAdeSTQexZ8yq11S5PEJHqLSvbGRdKaOLznPM7BUJY=k-no","https://lh3.googleusercontent.com/grass-cs/ACvplmNWDbqljf8PacwZnPECp_SGgGC_NowFi5HGbQmTgSKUMYQJfKXJRwQl_H9fyT5WbE4IPj3E41-Ru1Dv8Q53pAT3E-bUOaJvk4e0oE8MAC03Fxr1QAfxOr84ubA5len9AnpsC9fKFBeuoVIn=k-no","https://lh3.googleusercontent.com/grass-cs/ACvplmNYk07YstgaQQjJpLuVchDv1FvrdgLeecL0-JLReM6saSttT7tvXXfKjcczGAGF8_7Eq33vdmalgwuMaLsr72gkx2-bM3n4JnsysOOYdPgBVWQjc13Ibe-_kmJ7zA7w7gxTNJYbFR30bJk=k-no","https://lh3.googleusercontent.com/grass-cs/ACvplmM_C41RrZRoyQP6WsB5DsUo_-qbdVyyvqrtcYrg_t028KLxOsc5lUzVIFmYvT-Jm8BrPXCt_r5d24mMkiseF-zVfNVwkSynEs3UucZ8dWTWO140c-ww8f1hgDTaHjiM_vWFZKHC-5CMFRg=k-no","https://lh3.googleusercontent.com/grass-cs/ACvplmOTqFAWiGfmyKIHqPy55_INn7McJn6059JDG8ZDEBilQ-ooyXxN-GZiohyYphu5xXrcv6TVB56lgCo59Pex1s7KRYY-fzvTYlSHraYDM0pjRAJHHK8-XhIvT616EGY0Zv0xvnv2goMNQEPU=k-no","https://lh3.googleusercontent.com/grass-cs/ACvplmMOPA4O7rDlhi7AKCossz3hzlEAp3CY8-XunPF-kfjj9Tmi6HZpPWsfrL-5EddfzGnUcdISoKPhsyngxgpr414wVIqlKhY0LQKlo-ChbF80QLYXX3bOu3TpwZfMnmIVxAw-SNtRvnqhWkh1=k-no","https://lh3.googleusercontent.com/grass-cs/ACvplmMss1EUp2jzn20TKyurgMbXilCsMZA7xuvmi6Xvg-NVmhj87cGUcZeFXDfJQ1Nt4UdnebQGWopfbh3hd6AVBVnhD4zGRGG80Fsm5qHvoGjvb3Tp6m9Tb0zzOVLhu5QqVeHa1l3NcJGzL2gm=k-no","https://lh3.googleusercontent.com/grass-cs/ACvplmOWoPKx7HR9ycy2Yri3eeajsKT5O_xbvu5kbXTVrO4o1NH0h6qW1BYwr23XgBNmyskG4KuredbKt7GCCWt-2KDYaewvrKho81ITDAV_H8RtC3dRGEgdKe0G-mTbFVBvcY_VJSBG3Kl435K-=k-no","https://lh3.googleusercontent.com/grass-cs/ACvplmO3h3jM_SrYURngCB18YBt8Rt1FOs0qtP7MaN0k--70p1Rsy0y-37bmOf5NI2GeHjLU_FE05UBU_hwyJrCSgOZrDCjm_srWFpYuMhPmC3OtxaNtNbPEgoq-aNWRq6oV4xcvotMUR3N9CMk=k-no","https://lh3.googleusercontent.com/grass-cs/ACvplmOIQrRlXYYtekfoRNxiPAe5fIxE-t9hyN97BHc-NpwQGFdQVbjAF-2QvYa4I9isWIDhVkwGuPdPfbPVVLEzZzLURntDKBTNrUiVZlDV7MzEMb-G8CjLXFOxaV4cNqHOrf9Sqf9XAEoUsRM=k-no","https://lh3.googleusercontent.com/grass-cs/ACvplmPbQOaOX7y1JqPMGOHDyp5sF-jdiRdc4a8x_KKSxi5wVXOgSKbvlCohKeKnGMVrAiZ83R3j2u6iMRMvdCPIUg-PYQCTOcWPsnDPKIWYkWmAEZOK5m3kQufx_Qs2MbRHDRFgl9B2CtjTYaT0=k-no","https://lh3.googleusercontent.com/grass-cs/ACvplmPM-kzAwk_hDGC-J_3JJOCvVAxiriMW1aatHc-B4Yug25Q_-gdo0g9kFNj-iN3s3NyL-wW0JHXNwVOwBVsViD8x1tGPkq3POYKuUMVBjYKYwMfOEQdNhL4lMQSfvsP0d308Ap4nlDvKM6c=k-no","https://lh3.googleusercontent.com/grass-cs/ACvplmNVfo-YyyfTzL5XxdnRGerHdGe4WH1ObsOS3wJAw9g8AQUfcNXEaD4h74upakTrUeljZcNFrixql-jWhm1fuzde9kRDMV2V3UoRIAvHgpNZyHP1HbOrvJ5mxcdCP90NiqoDkg5nYIDOcDtw=k-no","https://lh3.googleusercontent.com/grass-cs/ACvplmM7DRZcymbLqrJtsO_28S9vjnDn4Nol6vnqwrd6HM9Szx8wR4DkLJ8iYN7uDy6L7USEjYlP4ttAU0EUxyEGlgC2y1-_pvlWaEKFwQLP0AsNO7376imq3p5qNQhNELHqcWSbLUu0P0hL6Kay=k-no","https://lh3.googleusercontent.com/grass-cs/ACvplmPdBR8HHYC2mpPxBXurrtaApaLbpn-h9lo1FNfRTt-SS4dO6O6kOBh4KcXK6bcIt6BNCR34lu8AJ_d_i1H-oQ2R3WEupASoPQUQ_ATp_CC_MuMKg1p00PnvHHliGwwJq8hojYFL6RO6hGt1=k-no","https://lh3.googleusercontent.com/grass-cs/ACvplmOJYfEMHVekv0OQTcR4pwmKXaz-5sVWM-Ji1K5zNXDf2kbZFS96WUyKB3FDVGsn8NYSA4MXxtj_asZoVrgRvCCmF5kHK7Rb9PSf1_6FbOb12KEt4ju7HgtAvghSHLyPxGvZvj10vjcdlWsT=k-no","https://lh3.googleusercontent.com/grass-cs/ACvplmOcr0OuKAer4jKRKWrddioZtknTzcZ5GckOkGBtW6bZAKO4iF1ttGPvUBVimtBsFB7qM5p6FV4T9BwT-ZLTI119q0TrOnwCvJDC6H74lMuruSD4NTxsib1M0uBDAk5aKwbQlhIH9zeMz2xI=k-no","Google",,,"5",,,"432","2026-08-08T17:19:42.857Z","Direct Detail URL: https://www.google.com/maps/place/MoroGrill+-+Urdesa/@-2.1348707,-79.8980443,13.81z/data=!4m10!1m2!2m1!1smorogrill!3m6!1s0x902d6d7f6e0fdf2f:0x6850d0f70433d02d!8m2!3d-2.1656068!4d-79.9093192!15sCgltb3JvZ3JpbGxaCyIJbW9yb2dyaWxskgEKcmVzdGF1cmFudOABAA!16s%2Fg%2F11s195xvnt?entry=ttu&g_ep=EgoyMDI2MDgwNS4xIKXMDSoASAFQAw%3D%3D","4",,"Guayacanes 310 entre la 3ra y la cuarta","false",,,"MoroGrill - Urdesa","4.3",,"https://www.google.com/maps/search/?api=1&query=MoroGrill%20-%20Urdesa&query_place_id=ChIJL98Pbn9tLZARLdAzBPfQUGg",
"Guayacanes 310 entre la 3ra y la cuarta, 090507 Guayaquil, Ecuador","Restaurante","Restaurante","7516737537427361837","Guayaquil","EC","0x902d6d7f6e0fdf2f:0x6850d0f70433d02d",,"https://lh3.googleusercontent.com/gps-cs-s/AHRPTWmMp-Z0_3QQ_yB8KLvsC7YNBSBPmiMENigeIP1pKNoaU4PYGt-5zyRaGCh-CsO44Y3kcpIxqHcBqttYJWLA5KCtyE5NJnR8gw8Bqvt4CrdbhiyyIURUrsmZ7pVmXDmIjx49cILr0Q=w408-h408-k-no","false","false","/g/11s195xvnt","es-419","0","-2.1656068","-79.9093192",,"Urdesa",,"false","ChIJL98Pbn9tLZARLdAzBPfQUGg","090507","$10-15","Hace 6 meses","2026-02-05T01:28:39.949Z",,,,,,,,,"Silencioso, agradable para conversar",,,,"$10-15","No se requiere hacer una reserva",,"Sin espera",,,,"4","2","4","Ci9DQUlRQUNvZENodHljRjlvT21jMmJYVlVlbWxOTFV4aVgyaFlSVXBPTkZkVVVtYxAB",,,,,,,,,,,,,,,,,,,,,,,,"Google",,,"1",,,"432","2026-08-08T17:19:42.857Z","Direct Detail URL: https://www.google.com/maps/place/MoroGrill+-+Urdesa/@-2.1348707,-79.8980443,13.81z/data=!4m10!1m2!2m1!1smorogrill!3m6!1s0x902d6d7f6e0fdf2f:0x6850d0f70433d02d!8m2!3d-2.1656068!4d-79.9093192!15sCgltb3JvZ3JpbGxaCyIJbW9yb2dyaWxskgEKcmVzdGF1cmFudOABAA!16s%2Fg%2F11s195xvnt?entry=ttu&g_ep=EgoyMDI2MDgwNS4xIKXMDSoASAFQAw%3D%3D","1",,"Guayacanes 310 entre la 3ra y la cuarta","false",,,"MoroGrill - Urdesa","4.3",,"https://www.google.com/maps/search/?api=1&query=MoroGrill%20-%20Urdesa&query_place_id=ChIJL98Pbn9tLZARLdAzBPfQUGg",
"Guayacanes 310 entre la 3ra y la cuarta, 090507 Guayaquil, Ecuador","Restaurante","Restaurante","7516737537427361837","Guayaquil","EC","0x902d6d7f6e0fdf2f:0x6850d0f70433d02d",,"https://lh3.googleusercontent.com/gps-cs-s/AHRPTWmMp-Z0_3QQ_yB8KLvsC7YNBSBPmiMENigeIP1pKNoaU4PYGt-5zyRaGCh-CsO44Y3kcpIxqHcBqttYJWLA5KCtyE5NJnR8gw8Bqvt4CrdbhiyyIURUrsmZ7pVmXDmIjx49cILr0Q=w408-h408-k-no","false","false","/g/11s195xvnt","es-419","0","-2.1656068","-79.9093192",,"Urdesa","es","false","ChIJL98Pbn9tLZARLdAzBPfQUGg","090507","$10-15","Hace 6 meses","2026-02-04T02:10:39.566Z",,"2026-06-25T02:00:09.000Z",":) un abrazo, gracias por visitarnos",,,,,,,,,,,,,,,,,,,,"Ci9DQUlRQUNvZENodHljRjlvT25nMU1sZElhakZvU1MxTWJqaHNPRzFsUXpWSVRVRRAB",,,,,,,,,,,,,,,,,,,,,,,,"Google",,,"3",,,"432","2026-08-08T17:19:42.857Z","Direct Detail URL: https://www.google.com/maps/place/MoroGrill+-+Urdesa/@-2.1348707,-79.8980443,13.81z/data=!4m10!1m2!2m1!1smorogrill!3m6!1s0x902d6d7f6e0fdf2f:0x6850d0f70433d02d!8m2!3d-2.1656068!4d-79.9093192!15sCgltb3JvZ3JpbGxaCyIJbW9yb2dyaWxskgEKcmVzdGF1cmFudOABAA!16s%2Fg%2F11s195xvnt?entry=ttu&g_ep=EgoyMDI2MDgwNS4xIKXMDSoASAFQAw%3D%3D","5",,"Guayacanes 310 entre la 3ra y la cuarta","false","Es rica la comida y buen ambiente",,"MoroGrill - Urdesa","4.3",,"https://www.google.com/maps/search/?api=1&query=MoroGrill%20-%20Urdesa&query_place_id=ChIJL98Pbn9tLZARLdAzBPfQUGg",
"Guayacanes 310 entre la 3ra y la cuarta, 090507 Guayaquil, Ecuador","Restaurante","Restaurante","7516737537427361837","Guayaquil","EC","0x902d6d7f6e0fdf2f:0x6850d0f70433d02d",,"https://lh3.googleusercontent.com/gps-cs-s/AHRPTWmMp-Z0_3QQ_yB8KLvsC7YNBSBPmiMENigeIP1pKNoaU4PYGt-5zyRaGCh-CsO44Y3kcpIxqHcBqttYJWLA5KCtyE5NJnR8gw8Bqvt4CrdbhiyyIURUrsmZ7pVmXDmIjx49cILr0Q=w408-h408-k-no","false","false","/g/11s195xvnt","es-419","0","-2.1656068","-79.9093192",,"Urdesa",,"false","ChIJL98Pbn9tLZARLdAzBPfQUGg","090507","$10-15","Hace 6 meses","2026-02-02T02:32:08.770Z",,,,,,,,,,,,,,,,,,,,,,,"Ci9DQUlRQUNvZENodHljRjlvT2xCdlVEaEpURTVIYVVoTFpWSllaRlIzYkZwclZVRRAB",,,,,,,,,,,,,,,,,,,,,,,,"Google",,,"6",,,"432","2026-08-08T17:19:42.857Z","Direct Detail URL: https://www.google.com/maps/place/MoroGrill+-+Urdesa/@-2.1348707,-79.8980443,13.81z/data=!4m10!1m2!2m1!1smorogrill!3m6!1s0x902d6d7f6e0fdf2f:0x6850d0f70433d02d!8m2!3d-2.1656068!4d-79.9093192!15sCgltb3JvZ3JpbGxaCyIJbW9yb2dyaWxskgEKcmVzdGF1cmFudOABAA!16s%2Fg%2F11s195xvnt?entry=ttu&g_ep=EgoyMDI2MDgwNS4xIKXMDSoASAFQAw%3D%3D","5",,"Guayacanes 310 entre la 3ra y la cuarta","false",,,"MoroGrill - Urdesa","4.3",,"https://www.google.com/maps/search/?api=1&query=MoroGrill%20-%20Urdesa&query_place_id=ChIJL98Pbn9tLZARLdAzBPfQUGg",
"Guayacanes 310 entre la 3ra y la cuarta, 090507 Guayaquil, Ecuador","Restaurante","Restaurante","7516737537427361837","Guayaquil","EC","0x902d6d7f6e0fdf2f:0x6850d0f70433d02d",,"https://lh3.googleusercontent.com/gps-cs-s/AHRPTWmMp-Z0_3QQ_yB8KLvsC7YNBSBPmiMENigeIP1pKNoaU4PYGt-5zyRaGCh-CsO44Y3kcpIxqHcBqttYJWLA5KCtyE5NJnR8gw8Bqvt4CrdbhiyyIURUrsmZ7pVmXDmIjx49cILr0Q=w408-h408-k-no","false","false","/g/11s195xvnt","es-419","0","-2.1656068","-79.9093192",,"Urdesa","es","false","ChIJL98Pbn9tLZARLdAzBPfQUGg","090507","$10-15","Hace 6 meses","2026-01-28T00:29:07.714Z",,,,,,"Es un poco difícil encontrar estacionamiento",,"No lo sé","Ruido moderado","Estacionamiento gratuito en la calle",,,"$25-30",,,"De 10 a 30 min",,,,"1","3","3","Ci9DQUlRQUNvZENodHljRjlvT21SamQxVnFXbWRGV1VndFZGVnZlWFUxUlhkb2RYYxAB",,,,,,,,,,,,,,,,,,,,,,,,"Google",,,"2",,,"432","2026-08-08T17:19:42.857Z","Direct Detail URL: https://www.google.com/maps/place/MoroGrill+-+Urdesa/@-2.1348707,-79.8980443,13.81z/data=!4m10!1m2!2m1!1smorogrill!3m6!1s0x902d6d7f6e0fdf2f:0x6850d0f70433d02d!8m2!3d-2.1656068!4d-79.9093192!15sCgltb3JvZ3JpbGxaCyIJbW9yb2dyaWxskgEKcmVzdGF1cmFudOABAA!16s%2Fg%2F11s195xvnt?entry=ttu&g_ep=EgoyMDI2MDgwNS4xIKXMDSoASAFQAw%3D%3D","3",,"Guayacanes 310 entre la 3ra y la cuarta","false","La comida muy cara y la comida no estuvo gran cosa",,"MoroGrill - Urdesa","4.3",,"https://www.google.com/maps/search/?api=1&query=MoroGrill%20-%20Urdesa&query_place_id=ChIJL98Pbn9tLZARLdAzBPfQUGg",
"Guayacanes 310 entre la 3ra y la cuarta, 090507 Guayaquil, Ecuador","Restaurante","Restaurante","7516737537427361837","Guayaquil","EC","0x902d6d7f6e0fdf2f:0x6850d0f70433d02d",,"https://lh3.googleusercontent.com/gps-cs-s/AHRPTWmMp-Z0_3QQ_yB8KLvsC7YNBSBPmiMENigeIP1pKNoaU4PYGt-5zyRaGCh-CsO44Y3kcpIxqHcBqttYJWLA5KCtyE5NJnR8gw8Bqvt4CrdbhiyyIURUrsmZ7pVmXDmIjx49cILr0Q=w408-h408-k-no","false","true","/g/11s195xvnt","es-419","0","-2.1656068","-79.9093192",,"Urdesa",,"false","ChIJL98Pbn9tLZARLdAzBPfQUGg","090507","$10-15","Hace 6 meses","2026-01-25T22:36:20.190Z",,,,,,,,,,,,,"$10-15",,"3 o 4 personas","Sin espera","Comedor cubierto",,,"4","4","4","Ci9DQUlRQUNvZENodHljRjlvT2xwU1RYbEZSMDV1Y2tsMWJXMDFZV3R1ZDJjMkxVRRAB",,,,,,,,,,,,,,,,,,,,,,,,"Google",,,"2",,,"432","2026-08-08T17:19:42.857Z","Direct Detail URL: https://www.google.com/maps/place/MoroGrill+-+Urdesa/@-2.1348707,-79.8980443,13.81z/data=!4m10!1m2!2m1!1smorogrill!3m6!1s0x902d6d7f6e0fdf2f:0x6850d0f70433d02d!8m2!3d-2.1656068!4d-79.9093192!15sCgltb3JvZ3JpbGxaCyIJbW9yb2dyaWxskgEKcmVzdGF1cmFudOABAA!16s%2Fg%2F11s195xvnt?entry=ttu&g_ep=EgoyMDI2MDgwNS4xIKXMDSoASAFQAw%3D%3D","4",,"Guayacanes 310 entre la 3ra y la cuarta","false",,,"MoroGrill - Urdesa","4.3",,"https://www.google.com/maps/search/?api=1&query=MoroGrill%20-%20Urdesa&query_place_id=ChIJL98Pbn9tLZARLdAzBPfQUGg",
"Guayacanes 310 entre la 3ra y la cuarta, 090507 Guayaquil, Ecuador","Restaurante","Restaurante","7516737537427361837","Guayaquil","EC","0x902d6d7f6e0fdf2f:0x6850d0f70433d02d",,"https://lh3.googleusercontent.com/gps-cs-s/AHRPTWmMp-Z0_3QQ_yB8KLvsC7YNBSBPmiMENigeIP1pKNoaU4PYGt-5zyRaGCh-CsO44Y3kcpIxqHcBqttYJWLA5KCtyE5NJnR8gw8Bqvt4CrdbhiyyIURUrsmZ7pVmXDmIjx49cILr0Q=w408-h408-k-no","false","true","/g/11s195xvnt","es-419","0","-2.1656068","-79.9093192",,"Urdesa","es","false","ChIJL98Pbn9tLZARLdAzBPfQUGg","090507","$10-15","Hace 6 meses","2026-01-15T00:29:49.307Z",,,,,,"Hay suficiente espacio",,,"Silencioso, agradable para conversar",,,,"$10-15","No se requiere hacer una reserva",,"Sin espera",,,,"5","5","5","Ci9DQUlRQUNvZENodHljRjlvT2tRM1prWnhNM2RqZVhsd01GSldjMGRGVTNaek5VRRAB",,,,,,,,,,,,,,,,,,,,,,,,"Google",,,"123",,,"432","2026-08-08T17:19:42.857Z","Direct Detail URL: https://www.google.com/maps/place/MoroGrill+-+Urdesa/@-2.1348707,-79.8980443,13.81z/data=!4m10!1m2!2m1!1smorogrill!3m6!1s0x902d6d7f6e0fdf2f:0x6850d0f70433d02d!8m2!3d-2.1656068!4d-79.9093192!15sCgltb3JvZ3JpbGxaCyIJbW9yb2dyaWxskgEKcmVzdGF1cmFudOABAA!16s%2Fg%2F11s195xvnt?entry=ttu&g_ep=EgoyMDI2MDgwNS4xIKXMDSoASAFQAw%3D%3D","5",,"Guayacanes 310 entre la 3ra y la cuarta","false","Excelentes productos con un toque de casa tremendo !!!! Realmente una buena experiencia con calidad de productos y de servicio",,"MoroGrill - Urdesa","4.3",,"https://www.google.com/maps/search/?api=1&query=MoroGrill%20-%20Urdesa&query_place_id=ChIJL98Pbn9tLZARLdAzBPfQUGg",
"Guayacanes 310 entre la 3ra y la cuarta, 090507 Guayaquil, Ecuador","Restaurante","Restaurante","7516737537427361837","Guayaquil","EC","0x902d6d7f6e0fdf2f:0x6850d0f70433d02d",,"https://lh3.googleusercontent.com/gps-cs-s/AHRPTWmMp-Z0_3QQ_yB8KLvsC7YNBSBPmiMENigeIP1pKNoaU4PYGt-5zyRaGCh-CsO44Y3kcpIxqHcBqttYJWLA5KCtyE5NJnR8gw8Bqvt4CrdbhiyyIURUrsmZ7pVmXDmIjx49cILr0Q=w408-h408-k-no","false","false","/g/11s195xvnt","es-419","0","-2.1656068","-79.9093192",,"Urdesa",,"false","ChIJL98Pbn9tLZARLdAzBPfQUGg","090507","$10-15","Hace 6 meses","2026-01-13T00:30:57.844Z",,,,,,,,,,,,,,,,,,,,,,,"Ci9DQUlRQUNvZENodHljRjlvT210V2VsaFFUekpLT1hCd1RYVkxla0ZYTmtOdE1YYxAB",,,,,,,,,,,,,,,,,,,,,,,,"Google",,,"0",,,"432","2026-08-08T17:19:42.857Z","Direct Detail URL: https://www.google.com/maps/place/MoroGrill+-+Urdesa/@-2.1348707,-79.8980443,13.81z/data=!4m10!1m2!2m1!1smorogrill!3m6!1s0x902d6d7f6e0fdf2f:0x6850d0f70433d02d!8m2!3d-2.1656068!4d-79.9093192!15sCgltb3JvZ3JpbGxaCyIJbW9yb2dyaWxskgEKcmVzdGF1cmFudOABAA!16s%2Fg%2F11s195xvnt?entry=ttu&g_ep=EgoyMDI2MDgwNS4xIKXMDSoASAFQAw%3D%3D","2",,"Guayacanes 310 entre la 3ra y la cuarta","false",,,"MoroGrill - Urdesa","4.3",,"https://www.google.com/maps/search/?api=1&query=MoroGrill%20-%20Urdesa&query_place_id=ChIJL98Pbn9tLZARLdAzBPfQUGg",
"Guayacanes 310 entre la 3ra y la cuarta, 090507 Guayaquil, Ecuador","Restaurante","Restaurante","7516737537427361837","Guayaquil","EC","0x902d6d7f6e0fdf2f:0x6850d0f70433d02d",,"https://lh3.googleusercontent.com/gps-cs-s/AHRPTWmMp-Z0_3QQ_yB8KLvsC7YNBSBPmiMENigeIP1pKNoaU4PYGt-5zyRaGCh-CsO44Y3kcpIxqHcBqttYJWLA5KCtyE5NJnR8gw8Bqvt4CrdbhiyyIURUrsmZ7pVmXDmIjx49cILr0Q=w408-h408-k-no","false","true","/g/11s195xvnt","es-419","0","-2.1656068","-79.9093192",,"Urdesa","es","false","ChIJL98Pbn9tLZARLdAzBPfQUGg","090507","$10-15","Hace 7 meses","2026-01-07T15:36:53.423Z",,,,,,,,,,,,,"$10-15",,"2 personas","Hasta 10 min",,"Almuerzo",,"5","5","5","Ci9DQUlRQUNvZENodHljRjlvT2s5TlRsZHZaMHhNWjJoS1dIQmhRa2hPTW1nMmRVRRAB",,,,,,,,,,,,,,,,,,,,,,,,"Google",,,"66",,,"432","2026-08-08T17:19:42.857Z","Direct Detail URL: https://www.google.com/maps/place/MoroGrill+-+Urdesa/@-2.1348707,-79.8980443,13.81z/data=!4m10!1m2!2m1!1smorogrill!3m6!1s0x902d6d7f6e0fdf2f:0x6850d0f70433d02d!8m2!3d-2.1656068!4d-79.9093192!15sCgltb3JvZ3JpbGxaCyIJbW9yb2dyaWxskgEKcmVzdGF1cmFudOABAA!16s%2Fg%2F11s195xvnt?entry=ttu&g_ep=EgoyMDI2MDgwNS4xIKXMDSoASAFQAw%3D%3D","5",,"Guayacanes 310 entre la 3ra y la cuarta","false","Son los mejores recomiendo la comida y el servicio",,"MoroGrill - Urdesa","4.3",,"https://www.google.com/maps/search/?api=1&query=MoroGrill%20-%20Urdesa&query_place_id=ChIJL98Pbn9tLZARLdAzBPfQUGg",
"Guayacanes 310 entre la 3ra y la cuarta, 090507 Guayaquil, Ecuador","Restaurante","Restaurante","7516737537427361837","Guayaquil","EC","0x902d6d7f6e0fdf2f:0x6850d0f70433d02d",,"https://lh3.googleusercontent.com/gps-cs-s/AHRPTWmMp-Z0_3QQ_yB8KLvsC7YNBSBPmiMENigeIP1pKNoaU4PYGt-5zyRaGCh-CsO44Y3kcpIxqHcBqttYJWLA5KCtyE5NJnR8gw8Bqvt4CrdbhiyyIURUrsmZ7pVmXDmIjx49cILr0Q=w408-h408-k-no","false","true","/g/11s195xvnt","es-419","0","-2.1656068","-79.9093192",,"Urdesa",,"false","ChIJL98Pbn9tLZARLdAzBPfQUGg","090507","$10-15","Hace 7 meses","2025-12-30T03:38:15.916Z",,"2025-12-30T05:38:53.000Z","❤️‍🔥❤️‍🔥❤️‍🔥 gracias por visitarnos",,,,,,"Ruido moderado",,,,"$5-10",,"Apto para grupos de todos los tamaños","Sin espera",,,,"4","4","4","Ci9DQUlRQUNvZENodHljRjlvT21WalNIRXhTV2RxY0U1UFdqRldOVUpmUkVWb05FRRAB",,,,,,,,,,,,,,,,,,,,,,,,"Google",,,"3",,,"432","2026-08-08T17:19:42.857Z","Direct Detail URL: https://www.google.com/maps/place/MoroGrill+-+Urdesa/@-2.1348707,-79.8980443,13.81z/data=!4m10!1m2!2m1!1smorogrill!3m6!1s0x902d6d7f6e0fdf2f:0x6850d0f70433d02d!8m2!3d-2.1656068!4d-79.9093192!15sCgltb3JvZ3JpbGxaCyIJbW9yb2dyaWxskgEKcmVzdGF1cmFudOABAA!16s%2Fg%2F11s195xvnt?entry=ttu&g_ep=EgoyMDI2MDgwNS4xIKXMDSoASAFQAw%3D%3D","5",,"Guayacanes 310 entre la 3ra y la cuarta","false",,,"MoroGrill - Urdesa","4.3",,"https://www.google.com/maps/search/?api=1&query=MoroGrill%20-%20Urdesa&query_place_id=ChIJL98Pbn9tLZARLdAzBPfQUGg",
"Guayacanes 310 entre la 3ra y la cuarta, 090507 Guayaquil, Ecuador","Restaurante","Restaurante","7516737537427361837","Guayaquil","EC","0x902d6d7f6e0fdf2f:0x6850d0f70433d02d",,"https://lh3.googleusercontent.com/gps-cs-s/AHRPTWmMp-Z0_3QQ_yB8KLvsC7YNBSBPmiMENigeIP1pKNoaU4PYGt-5zyRaGCh-CsO44Y3kcpIxqHcBqttYJWLA5KCtyE5NJnR8gw8Bqvt4CrdbhiyyIURUrsmZ7pVmXDmIjx49cILr0Q=w408-h408-k-no","false","true","/g/11s195xvnt","es-419","0","-2.1656068","-79.9093192",,"Urdesa","es","false","ChIJL98Pbn9tLZARLdAzBPfQUGg","090507","$10-15","Hace 7 meses","2025-12-29T02:39:28.053Z",,"2026-06-02T03:25:33.000Z","Que linda foto 🎉🎉🎉",,,"Es un poco difícil encontrar estacionamiento",,,"Silencioso, agradable para conversar","Estacionamiento pagado en la calle",,,"$15-20",,"Apto para grupos de todos los tamaños","Sin espera",,,,"5","5","5","Ci9DQUlRQUNvZENodHljRjlvT21WUmRuTmhPVkphUzNoZmJubDZkbTFVYmxGaGQzYxAB","https://lh3.googleusercontent.com/grass-cs/ACvplmPV9cTQVBSdZqOvYeWvfAFJMc-3-eS5RUZlsL_oIX8uXHKylfCvBJOO_F5VJiqXUevOOkGfMcxE5Q1y-SJuy0jxrCBSViaz20v2iIRZA882oN0XET_Oj-V8tQeBjYsOv52fklLETcQjoa48=k-no",,,,,,,,,,,,,,,,,,,,,,,"Google",,,"89",,,"432","2026-08-08T17:19:42.857Z","Direct Detail URL: https://www.google.com/maps/place/MoroGrill+-+Urdesa/@-2.1348707,-79.8980443,13.81z/data=!4m10!1m2!2m1!1smorogrill!3m6!1s0x902d6d7f6e0fdf2f:0x6850d0f70433d02d!8m2!3d-2.1656068!4d-79.9093192!15sCgltb3JvZ3JpbGxaCyIJbW9yb2dyaWxskgEKcmVzdGF1cmFudOABAA!16s%2Fg%2F11s195xvnt?entry=ttu&g_ep=EgoyMDI2MDgwNS4xIKXMDSoASAFQAw%3D%3D","5",,"Guayacanes 310 entre la 3ra y la cuarta","false","Despidiendo el Año 2025 😆",,"MoroGrill - Urdesa","4.3",,"https://www.google.com/maps/search/?api=1&query=MoroGrill%20-%20Urdesa&query_place_id=ChIJL98Pbn9tLZARLdAzBPfQUGg",
"Guayacanes 310 entre la 3ra y la cuarta, 090507 Guayaquil, Ecuador","Restaurante","Restaurante","7516737537427361837","Guayaquil","EC","0x902d6d7f6e0fdf2f:0x6850d0f70433d02d",,"https://lh3.googleusercontent.com/gps-cs-s/AHRPTWmMp-Z0_3QQ_yB8KLvsC7YNBSBPmiMENigeIP1pKNoaU4PYGt-5zyRaGCh-CsO44Y3kcpIxqHcBqttYJWLA5KCtyE5NJnR8gw8Bqvt4CrdbhiyyIURUrsmZ7pVmXDmIjx49cILr0Q=w408-h408-k-no","false","true","/g/11s195xvnt","es-419","0","-2.1656068","-79.9093192",,"Urdesa",,"false","ChIJL98Pbn9tLZARLdAzBPfQUGg","090507","$10-15","Hace 7 meses","2025-12-26T21:06:36.663Z",,,,,,,,,,,,,"$10-15",,,"Hasta 10 min",,,,"5","5","5","Ci9DQUlRQUNvZENodHljRjlvT2tKQk1VUk9jVVZCVWw5RVIxRnVMV0phYldkVVVuYxAB",,,,,,,,,,,,,,,,,,,,,,,,"Google",,,"66",,,"432","2026-08-08T17:19:42.857Z","Direct Detail URL: https://www.google.com/maps/place/MoroGrill+-+Urdesa/@-2.1348707,-79.8980443,13.81z/data=!4m10!1m2!2m1!1smorogrill!3m6!1s0x902d6d7f6e0fdf2f:0x6850d0f70433d02d!8m2!3d-2.1656068!4d-79.9093192!15sCgltb3JvZ3JpbGxaCyIJbW9yb2dyaWxskgEKcmVzdGF1cmFudOABAA!16s%2Fg%2F11s195xvnt?entry=ttu&g_ep=EgoyMDI2MDgwNS4xIKXMDSoASAFQAw%3D%3D","5",,"Guayacanes 310 entre la 3ra y la cuarta","false",,,"MoroGrill - Urdesa","4.3",,"https://www.google.com/maps/search/?api=1&query=MoroGrill%20-%20Urdesa&query_place_id=ChIJL98Pbn9tLZARLdAzBPfQUGg",
"Guayacanes 310 entre la 3ra y la cuarta, 090507 Guayaquil, Ecuador","Restaurante","Restaurante","7516737537427361837","Guayaquil","EC","0x902d6d7f6e0fdf2f:0x6850d0f70433d02d",,"https://lh3.googleusercontent.com/gps-cs-s/AHRPTWmMp-Z0_3QQ_yB8KLvsC7YNBSBPmiMENigeIP1pKNoaU4PYGt-5zyRaGCh-CsO44Y3kcpIxqHcBqttYJWLA5KCtyE5NJnR8gw8Bqvt4CrdbhiyyIURUrsmZ7pVmXDmIjx49cILr0Q=w408-h408-k-no","false","true","/g/11s195xvnt","es-419","0","-2.1656068","-79.9093192",,"Urdesa","es","false","ChIJL98Pbn9tLZARLdAzBPfQUGg","090507","$10-15","Hace 7 meses","2025-12-24T01:38:22.122Z",,"2026-06-02T03:25:52.000Z","🥹🎉🍳",,,,,,,,,,"$10-15",,,"De 10 a 30 min",,,,"5","5","5","Ci9DQUlRQUNvZENodHljRjlvT2pCTE1XYzNZVGwxTVhWS2VXUnRSVjlOTTJGMWJVRRAB","https://lh3.googleusercontent.com/grass-cs/ACvplmOj-fLe6DMzbaXzjnLdR9akEA6jk3o8HX9wqAcxR-0xh0zsBCapAJoAQmAMBK3zu-F5YsnceuqbHqPL-HdWn_B1tHxWqdzOcyrFhb6oG-5HbRL1XIfzmyEP5ETpjfeV0vMogQgBtMT0Mazr=k-no",,,,,,,,,,,,,,,,,,,,,,,"Google",,,"232",,,"432","2026-08-08T17:19:42.857Z","Direct Detail URL: https://www.google.com/maps/place/MoroGrill+-+Urdesa/@-2.1348707,-79.8980443,13.81z/data=!4m10!1m2!2m1!1smorogrill!3m6!1s0x902d6d7f6e0fdf2f:0x6850d0f70433d02d!8m2!3d-2.1656068!4d-79.9093192!15sCgltb3JvZ3JpbGxaCyIJbW9yb2dyaWxskgEKcmVzdGF1cmFudOABAA!16s%2Fg%2F11s195xvnt?entry=ttu&g_ep=EgoyMDI2MDgwNS4xIKXMDSoASAFQAw%3D%3D","5",,"Guayacanes 310 entre la 3ra y la cuarta","false","ideal para ir en grupo de amigos o familia, precios accesibles",,"MoroGrill - Urdesa","4.3",,"https://www.google.com/maps/search/?api=1&query=MoroGrill%20-%20Urdesa&query_place_id=ChIJL98Pbn9tLZARLdAzBPfQUGg",
"Guayacanes 310 entre la 3ra y la cuarta, 090507 Guayaquil, Ecuador","Restaurante","Restaurante","7516737537427361837","Guayaquil","EC","0x902d6d7f6e0fdf2f:0x6850d0f70433d02d",,"https://lh3.googleusercontent.com/gps-cs-s/AHRPTWmMp-Z0_3QQ_yB8KLvsC7YNBSBPmiMENigeIP1pKNoaU4PYGt-5zyRaGCh-CsO44Y3kcpIxqHcBqttYJWLA5KCtyE5NJnR8gw8Bqvt4CrdbhiyyIURUrsmZ7pVmXDmIjx49cILr0Q=w408-h408-k-no","false","false","/g/11s195xvnt","es-419","0","-2.1656068","-79.9093192",,"Urdesa",,"false","ChIJL98Pbn9tLZARLdAzBPfQUGg","090507","$10-15","Hace 7 meses","2025-12-16T19:53:09.387Z",,,,,,,,,,,,,,,,,,,,"5","5","5","Ci9DQUlRQUNvZENodHljRjlvT2tGNmJGSXdRMmQ1VDA1SWVsQXlNbVJITlRsVFRtYxAB",,,,,,,,,,,,,,,,,,,,,,,,"Google",,,"0",,,"432","2026-08-08T17:19:42.857Z","Direct Detail URL: https://www.google.com/maps/place/MoroGrill+-+Urdesa/@-2.1348707,-79.8980443,13.81z/data=!4m10!1m2!2m1!1smorogrill!3m6!1s0x902d6d7f6e0fdf2f:0x6850d0f70433d02d!8m2!3d-2.1656068!4d-79.9093192!15sCgltb3JvZ3JpbGxaCyIJbW9yb2dyaWxskgEKcmVzdGF1cmFudOABAA!16s%2Fg%2F11s195xvnt?entry=ttu&g_ep=EgoyMDI2MDgwNS4xIKXMDSoASAFQAw%3D%3D","5",,"Guayacanes 310 entre la 3ra y la cuarta","false",,,"MoroGrill - Urdesa","4.3",,"https://www.google.com/maps/search/?api=1&query=MoroGrill%20-%20Urdesa&query_place_id=ChIJL98Pbn9tLZARLdAzBPfQUGg",
"Guayacanes 310 entre la 3ra y la cuarta, 090507 Guayaquil, Ecuador","Restaurante","Restaurante","7516737537427361837","Guayaquil","EC","0x902d6d7f6e0fdf2f:0x6850d0f70433d02d",,"https://lh3.googleusercontent.com/gps-cs-s/AHRPTWmMp-Z0_3QQ_yB8KLvsC7YNBSBPmiMENigeIP1pKNoaU4PYGt-5zyRaGCh-CsO44Y3kcpIxqHcBqttYJWLA5KCtyE5NJnR8gw8Bqvt4CrdbhiyyIURUrsmZ7pVmXDmIjx49cILr0Q=w408-h408-k-no","false","true","/g/11s195xvnt","es-419","0","-2.1656068","-79.9093192",,"Urdesa",,"false","ChIJL98Pbn9tLZARLdAzBPfQUGg","090507","$10-15","Hace 7 meses","2025-12-13T12:00:56.411Z",,,,,,,,,"Ruido moderado",,,,"$10-15",,"2 personas, 3 o 4 personas, Entre 5 y 8 personas","Hasta 10 min",,,,"5","5","5","Ci9DQUlRQUNvZENodHljRjlvT2t0RWMybGtVak5wZUVkWU9VZGtSekpqTkdoRWJtYxAB",,,,,,,,,,,,,,,,,,,,,,,,"Google",,,"58",,,"432","2026-08-08T17:19:42.857Z","Direct Detail URL: https://www.google.com/maps/place/MoroGrill+-+Urdesa/@-2.1348707,-79.8980443,13.81z/data=!4m10!1m2!2m1!1smorogrill!3m6!1s0x902d6d7f6e0fdf2f:0x6850d0f70433d02d!8m2!3d-2.1656068!4d-79.9093192!15sCgltb3JvZ3JpbGxaCyIJbW9yb2dyaWxskgEKcmVzdGF1cmFudOABAA!16s%2Fg%2F11s195xvnt?entry=ttu&g_ep=EgoyMDI2MDgwNS4xIKXMDSoASAFQAw%3D%3D","5",,"Guayacanes 310 entre la 3ra y la cuarta","false",,,"MoroGrill - Urdesa","4.3",,"https://www.google.com/maps/search/?api=1&query=MoroGrill%20-%20Urdesa&query_place_id=ChIJL98Pbn9tLZARLdAzBPfQUGg",
"Guayacanes 310 entre la 3ra y la cuarta, 090507 Guayaquil, Ecuador","Restaurante","Restaurante","7516737537427361837","Guayaquil","EC","0x902d6d7f6e0fdf2f:0x6850d0f70433d02d",,"https://lh3.googleusercontent.com/gps-cs-s/AHRPTWmMp-Z0_3QQ_yB8KLvsC7YNBSBPmiMENigeIP1pKNoaU4PYGt-5zyRaGCh-CsO44Y3kcpIxqHcBqttYJWLA5KCtyE5NJnR8gw8Bqvt4CrdbhiyyIURUrsmZ7pVmXDmIjx49cILr0Q=w408-h408-k-no","false","true","/g/11s195xvnt","es-419","0","-2.1656068","-79.9093192",,"Urdesa",,"false","ChIJL98Pbn9tLZARLdAzBPfQUGg","090507","$10-15","Hace 7 meses","2025-12-13T01:24:11.394Z",,,,,,,,,"Ruido moderado",,,,"$10-15",,"3 o 4 personas, Entre 5 y 8 personas","Sin espera",,,,"5","5","5","Ci9DQUlRQUNvZENodHljRjlvT2toclJsYzBjMFZ0VVV0bFRIVmFUMk5tYWxoWlpYYxAB",,,,,,,,,,,,,,,,,,,,,,,,"Google",,,"7",,,"432","2026-08-08T17:19:42.857Z","Direct Detail URL: https://www.google.com/maps/place/MoroGrill+-+Urdesa/@-2.1348707,-79.8980443,13.81z/data=!4m10!1m2!2m1!1smorogrill!3m6!1s0x902d6d7f6e0fdf2f:0x6850d0f70433d02d!8m2!3d-2.1656068!4d-79.9093192!15sCgltb3JvZ3JpbGxaCyIJbW9yb2dyaWxskgEKcmVzdGF1cmFudOABAA!16s%2Fg%2F11s195xvnt?entry=ttu&g_ep=EgoyMDI2MDgwNS4xIKXMDSoASAFQAw%3D%3D","5",,"Guayacanes 310 entre la 3ra y la cuarta","false",,,"MoroGrill - Urdesa","4.3",,"https://www.google.com/maps/search/?api=1&query=MoroGrill%20-%20Urdesa&query_place_id=ChIJL98Pbn9tLZARLdAzBPfQUGg",
"Guayacanes 310 entre la 3ra y la cuarta, 090507 Guayaquil, Ecuador","Restaurante","Restaurante","7516737537427361837","Guayaquil","EC","0x902d6d7f6e0fdf2f:0x6850d0f70433d02d",,"https://lh3.googleusercontent.com/gps-cs-s/AHRPTWmMp-Z0_3QQ_yB8KLvsC7YNBSBPmiMENigeIP1pKNoaU4PYGt-5zyRaGCh-CsO44Y3kcpIxqHcBqttYJWLA5KCtyE5NJnR8gw8Bqvt4CrdbhiyyIURUrsmZ7pVmXDmIjx49cILr0Q=w408-h408-k-no","false","true","/g/11s195xvnt","es-419","0","-2.1656068","-79.9093192",,"Urdesa",,"false","ChIJL98Pbn9tLZARLdAzBPfQUGg","090507","$10-15","Editado Hace 7 meses","2025-12-09T16:52:25.681Z",,,,,,,,,,,,,,,,,,,,"3","4","4","Ci9DQUlRQUNvZENodHljRjlvT2twcVNDMTViRmhtUzBaamVrTlZNMFJGVVd3M1ZrRRAB",,,,,,,,,,,,,,,,,,,,,,,,"Google",,,"41",,,"432","2026-08-08T17:19:42.857Z","Direct Detail URL: https://www.google.com/maps/place/MoroGrill+-+Urdesa/@-2.1348707,-79.8980443,13.81z/data=!4m10!1m2!2m1!1smorogrill!3m6!1s0x902d6d7f6e0fdf2f:0x6850d0f70433d02d!8m2!3d-2.1656068!4d-79.9093192!15sCgltb3JvZ3JpbGxaCyIJbW9yb2dyaWxskgEKcmVzdGF1cmFudOABAA!16s%2Fg%2F11s195xvnt?entry=ttu&g_ep=EgoyMDI2MDgwNS4xIKXMDSoASAFQAw%3D%3D","4",,"Guayacanes 310 entre la 3ra y la cuarta","false",,,"MoroGrill - Urdesa","4.3",,"https://www.google.com/maps/search/?api=1&query=MoroGrill%20-%20Urdesa&query_place_id=ChIJL98Pbn9tLZARLdAzBPfQUGg",
"Guayacanes 310 entre la 3ra y la cuarta, 090507 Guayaquil, Ecuador","Restaurante","Restaurante","7516737537427361837","Guayaquil","EC","0x902d6d7f6e0fdf2f:0x6850d0f70433d02d",,"https://lh3.googleusercontent.com/gps-cs-s/AHRPTWmMp-Z0_3QQ_yB8KLvsC7YNBSBPmiMENigeIP1pKNoaU4PYGt-5zyRaGCh-CsO44Y3kcpIxqHcBqttYJWLA5KCtyE5NJnR8gw8Bqvt4CrdbhiyyIURUrsmZ7pVmXDmIjx49cILr0Q=w408-h408-k-no","false","true","/g/11s195xvnt","es-419","0","-2.1656068","-79.9093192",,"Urdesa",,"false","ChIJL98Pbn9tLZARLdAzBPfQUGg","090507","$10-15","Hace 8 meses","2025-12-07T22:48:50.521Z",,,,,,,,,,,,,"$10-15",,,"Hasta 10 min",,,,"5","3","5","Ci9DQUlRQUNvZENodHljRjlvT25CVVZ6Rk1ObU5xTTNkNU4xaFROMEprY1daNlJHYxAB",,,,,,,,,,,,,,,,,,,,,,,,"Google",,,"21",,,"432","2026-08-08T17:19:42.857Z","Direct Detail URL: https://www.google.com/maps/place/MoroGrill+-+Urdesa/@-2.1348707,-79.8980443,13.81z/data=!4m10!1m2!2m1!1smorogrill!3m6!1s0x902d6d7f6e0fdf2f:0x6850d0f70433d02d!8m2!3d-2.1656068!4d-79.9093192!15sCgltb3JvZ3JpbGxaCyIJbW9yb2dyaWxskgEKcmVzdGF1cmFudOABAA!16s%2Fg%2F11s195xvnt?entry=ttu&g_ep=EgoyMDI2MDgwNS4xIKXMDSoASAFQAw%3D%3D","4",,"Guayacanes 310 entre la 3ra y la cuarta","false",,,"MoroGrill - Urdesa","4.3",,"https://www.google.com/maps/search/?api=1&query=MoroGrill%20-%20Urdesa&query_place_id=ChIJL98Pbn9tLZARLdAzBPfQUGg",
"Guayacanes 310 entre la 3ra y la cuarta, 090507 Guayaquil, Ecuador","Restaurante","Restaurante","7516737537427361837","Guayaquil","EC","0x902d6d7f6e0fdf2f:0x6850d0f70433d02d",,"https://lh3.googleusercontent.com/gps-cs-s/AHRPTWmMp-Z0_3QQ_yB8KLvsC7YNBSBPmiMENigeIP1pKNoaU4PYGt-5zyRaGCh-CsO44Y3kcpIxqHcBqttYJWLA5KCtyE5NJnR8gw8Bqvt4CrdbhiyyIURUrsmZ7pVmXDmIjx49cILr0Q=w408-h408-k-no","false","false","/g/11s195xvnt","es-419","1","-2.1656068","-79.9093192",,"Urdesa","es","false","ChIJL98Pbn9tLZARLdAzBPfQUGg","090507","$10-15","Hace 8 meses","2025-12-07T22:01:39.111Z",,,,,,,,,,,,,,,,,,,,"3","1","5","Ci9DQUlRQUNvZENodHljRjlvT21KVlVraDZWbHBFY2xFd1ltMXhVVWxLTm0xVWRGRRAB","https://lh3.googleusercontent.com/grass-cs/ACvplmPxCa7RYUZNZDhH5k2senjYAt2gk4NECPGfQNHMq_dFmdsvfd7obqz1tXrzyVjvsmAMo1V8h0c9cvq_5ZeSLo5ij5dGwpywvADZg_WC6ldzUxaJkamF_QXGzdJgrFKMA0y-v2_DZ_tiH_8=k-no",,,,,,,,,,,,,,,,,,,,,,,"Google",,,"1",,,"432","2026-08-08T17:19:42.857Z","Direct Detail URL: https://www.google.com/maps/place/MoroGrill+-+Urdesa/@-2.1348707,-79.8980443,13.81z/data=!4m10!1m2!2m1!1smorogrill!3m6!1s0x902d6d7f6e0fdf2f:0x6850d0f70433d02d!8m2!3d-2.1656068!4d-79.9093192!15sCgltb3JvZ3JpbGxaCyIJbW9yb2dyaWxskgEKcmVzdGF1cmFudOABAA!16s%2Fg%2F11s195xvnt?entry=ttu&g_ep=EgoyMDI2MDgwNS4xIKXMDSoASAFQAw%3D%3D","1",,"Guayacanes 310 entre la 3ra y la cuarta","false","La comida malísima, no les recomiendo venir estaba muy salado y los chorizos todos negros tostados y los sartenazos esa carnes y la menestra es sabe muy económica, mejor vayan a un kfc, cabe recalcar que la atención si está muy bien",,"MoroGrill - Urdesa","4.3",,"https://www.google.com/maps/search/?api=1&query=MoroGrill%20-%20Urdesa&query_place_id=ChIJL98Pbn9tLZARLdAzBPfQUGg",
"Guayacanes 310 entre la 3ra y la cuarta, 090507 Guayaquil, Ecuador","Restaurante","Restaurante","7516737537427361837","Guayaquil","EC","0x902d6d7f6e0fdf2f:0x6850d0f70433d02d",,"https://lh3.googleusercontent.com/gps-cs-s/AHRPTWmMp-Z0_3QQ_yB8KLvsC7YNBSBPmiMENigeIP1pKNoaU4PYGt-5zyRaGCh-CsO44Y3kcpIxqHcBqttYJWLA5KCtyE5NJnR8gw8Bqvt4CrdbhiyyIURUrsmZ7pVmXDmIjx49cILr0Q=w408-h408-k-no","false","true","/g/11s195xvnt","es-419","1","-2.1656068","-79.9093192",,"Urdesa","es","false","ChIJL98Pbn9tLZARLdAzBPfQUGg","090507","$10-15","Hace 8 meses","2025-12-05T01:46:06.598Z",,,,,,,,,,,,,"$10-15",,,,,,,"4","3","4","Ci9DQUlRQUNvZENodHljRjlvT2xkSmREZFZNM1IyVUdoRGF6TnVUR1p6WTFRelYwRRAB","https://lh3.googleusercontent.com/grass-cs/ACvplmNHOSLb65_54hxuY63WYri5n_hWOVJCjSd76JqmaEYAhFYBZX4VuaZd4Xc6KztVJguJHKKcwuCWAP7M9Lq2JhpLaLljeleGlop0kaXiy0WFJc2pPDvUYWKlD3sMek9nUq4sl4gVhYVN8CHG=k-no",,,,,,,,,,,,,,,,,,,,,,,"Google",,,"150",,,"432","2026-08-08T17:19:42.857Z","Direct Detail URL: https://www.google.com/maps/place/MoroGrill+-+Urdesa/@-2.1348707,-79.8980443,13.81z/data=!4m10!1m2!2m1!1smorogrill!3m6!1s0x902d6d7f6e0fdf2f:0x6850d0f70433d02d!8m2!3d-2.1656068!4d-79.9093192!15sCgltb3JvZ3JpbGxaCyIJbW9yb2dyaWxskgEKcmVzdGF1cmFudOABAA!16s%2Fg%2F11s195xvnt?entry=ttu&g_ep=EgoyMDI2MDgwNS4xIKXMDSoASAFQAw%3D%3D","4",,"Guayacanes 310 entre la 3ra y la cuarta","false","Los platos son ricos, pero las papas rellenas necesitan mejorar. El lugar es muy bonito, pero el precio del menú es un poco alto en mi opinión",,"MoroGrill - Urdesa","4.3",,"https://www.google.com/maps/search/?api=1&query=MoroGrill%20-%20Urdesa&query_place_id=ChIJL98Pbn9tLZARLdAzBPfQUGg",
"Guayacanes 310 entre la 3ra y la cuarta, 090507 Guayaquil, Ecuador","Restaurante","Restaurante","7516737537427361837","Guayaquil","EC","0x902d6d7f6e0fdf2f:0x6850d0f70433d02d",,"https://lh3.googleusercontent.com/gps-cs-s/AHRPTWmMp-Z0_3QQ_yB8KLvsC7YNBSBPmiMENigeIP1pKNoaU4PYGt-5zyRaGCh-CsO44Y3kcpIxqHcBqttYJWLA5KCtyE5NJnR8gw8Bqvt4CrdbhiyyIURUrsmZ7pVmXDmIjx49cILr0Q=w408-h408-k-no","false","true","/g/11s195xvnt","es-419","0","-2.1656068","-79.9093192",,"Urdesa","es","false","ChIJL98Pbn9tLZARLdAzBPfQUGg","090507","$10-15","Hace 8 meses","2025-12-03T12:04:25.184Z",,,,,,,,"Ningún evento especial",,,,,"$10-15",,"3 o 4 personas","Sin espera",,,,"5","5","5","Ci9DQUlRQUNvZENodHljRjlvT21WVGQyaGZaMFY0VVc5ZlJsSm9WVlZGZW0weWJHYxAB",,,,,,,,,,,,,,,,,,,,,,,,"Google",,,"27",,,"432","2026-08-08T17:19:42.857Z","Direct Detail URL: https://www.google.com/maps/place/MoroGrill+-+Urdesa/@-2.1348707,-79.8980443,13.81z/data=!4m10!1m2!2m1!1smorogrill!3m6!1s0x902d6d7f6e0fdf2f:0x6850d0f70433d02d!8m2!3d-2.1656068!4d-79.9093192!15sCgltb3JvZ3JpbGxaCyIJbW9yb2dyaWxskgEKcmVzdGF1cmFudOABAA!16s%2Fg%2F11s195xvnt?entry=ttu&g_ep=EgoyMDI2MDgwNS4xIKXMDSoASAFQAw%3D%3D","5",,"Guayacanes 310 entre la 3ra y la cuarta","false","Muy bien ambiente, meseros atentos y tiempo de servicio de las comidas también fue rápido. Pedimos un sartenazo y una churrasco,  un buenos platos espectacular y buena porción. Quedo gratamente sorprendido. Volveré muy pronto.",,"MoroGrill - Urdesa","4.3",,"https://www.google.com/maps/search/?api=1&query=MoroGrill%20-%20Urdesa&query_place_id=ChIJL98Pbn9tLZARLdAzBPfQUGg",
"Guayacanes 310 entre la 3ra y la cuarta, 090507 Guayaquil, Ecuador","Restaurante","Restaurante","7516737537427361837","Guayaquil","EC","0x902d6d7f6e0fdf2f:0x6850d0f70433d02d",,"https://lh3.googleusercontent.com/gps-cs-s/AHRPTWmMp-Z0_3QQ_yB8KLvsC7YNBSBPmiMENigeIP1pKNoaU4PYGt-5zyRaGCh-CsO44Y3kcpIxqHcBqttYJWLA5KCtyE5NJnR8gw8Bqvt4CrdbhiyyIURUrsmZ7pVmXDmIjx49cILr0Q=w408-h408-k-no","false","true","/g/11s195xvnt","es-419","0","-2.1656068","-79.9093192",,"Urdesa","es","false","ChIJL98Pbn9tLZARLdAzBPfQUGg","090507","$10-15","Hace 8 meses","2025-12-03T05:06:21.747Z",,,,,,,,,,,,,"$10-15",,"Apto para grupos de todos los tamaños","Hasta 10 min",,,,"4","2","5","Ci9DQUlRQUNvZENodHljRjlvT2xCck55MUNhRTVCTnpCSllucEJSSFUxU0VaWmFYYxAB",,,,,,,,,,,,,,,,,,,,,,,,"Google",,,"17",,,"432","2026-08-08T17:19:42.857Z","Direct Detail URL: https://www.google.com/maps/place/MoroGrill+-+Urdesa/@-2.1348707,-79.8980443,13.81z/data=!4m10!1m2!2m1!1smorogrill!3m6!1s0x902d6d7f6e0fdf2f:0x6850d0f70433d02d!8m2!3d-2.1656068!4d-79.9093192!15sCgltb3JvZ3JpbGxaCyIJbW9yb2dyaWxskgEKcmVzdGF1cmFudOABAA!16s%2Fg%2F11s195xvnt?entry=ttu&g_ep=EgoyMDI2MDgwNS4xIKXMDSoASAFQAw%3D%3D","3",,"Guayacanes 310 entre la 3ra y la cuarta","false","Atención buena pero la comida no tanto",,"MoroGrill - Urdesa","4.3",,"https://www.google.com/maps/search/?api=1&query=MoroGrill%20-%20Urdesa&query_place_id=ChIJL98Pbn9tLZARLdAzBPfQUGg",
"Guayacanes 310 entre la 3ra y la cuarta, 090507 Guayaquil, Ecuador","Restaurante","Restaurante","7516737537427361837","Guayaquil","EC","0x902d6d7f6e0fdf2f:0x6850d0f70433d02d",,"https://lh3.googleusercontent.com/gps-cs-s/AHRPTWmMp-Z0_3QQ_yB8KLvsC7YNBSBPmiMENigeIP1pKNoaU4PYGt-5zyRaGCh-CsO44Y3kcpIxqHcBqttYJWLA5KCtyE5NJnR8gw8Bqvt4CrdbhiyyIURUrsmZ7pVmXDmIjx49cILr0Q=w408-h408-k-no","false","false","/g/11s195xvnt","es-419","0","-2.1656068","-79.9093192",,"Urdesa",,"false","ChIJL98Pbn9tLZARLdAzBPfQUGg","090507","$10-15","Hace 8 meses","2025-11-30T19:39:55.955Z",,"2025-12-01T01:08:40.000Z","GRACIAS POE VISITARNOS :) Nos alegra saber que pasaste genial y logramos atenderte de la mejor manera, te esperamos pronto",,,,,,,,,,,,,,,,,"5","5","5","Ci9DQUlRQUNvZENodHljRjlvT25Sb1ZGQTNhMkpVWmkxemRrczJWM1J5YUdOcVIyYxAB",,,,,,,,,,,,,,,,,,,,,,,,"Google",,,"1",,,"432","2026-08-08T17:19:42.857Z","Direct Detail URL: https://www.google.com/maps/place/MoroGrill+-+Urdesa/@-2.1348707,-79.8980443,13.81z/data=!4m10!1m2!2m1!1smorogrill!3m6!1s0x902d6d7f6e0fdf2f:0x6850d0f70433d02d!8m2!3d-2.1656068!4d-79.9093192!15sCgltb3JvZ3JpbGxaCyIJbW9yb2dyaWxskgEKcmVzdGF1cmFudOABAA!16s%2Fg%2F11s195xvnt?entry=ttu&g_ep=EgoyMDI2MDgwNS4xIKXMDSoASAFQAw%3D%3D","5",,"Guayacanes 310 entre la 3ra y la cuarta","false",,,"MoroGrill - Urdesa","4.3",,"https://www.google.com/maps/search/?api=1&query=MoroGrill%20-%20Urdesa&query_place_id=ChIJL98Pbn9tLZARLdAzBPfQUGg",
"Guayacanes 310 entre la 3ra y la cuarta, 090507 Guayaquil, Ecuador","Restaurante","Restaurante","7516737537427361837","Guayaquil","EC","0x902d6d7f6e0fdf2f:0x6850d0f70433d02d",,"https://lh3.googleusercontent.com/gps-cs-s/AHRPTWmMp-Z0_3QQ_yB8KLvsC7YNBSBPmiMENigeIP1pKNoaU4PYGt-5zyRaGCh-CsO44Y3kcpIxqHcBqttYJWLA5KCtyE5NJnR8gw8Bqvt4CrdbhiyyIURUrsmZ7pVmXDmIjx49cILr0Q=w408-h408-k-no","false","false","/g/11s195xvnt","es-419","0","-2.1656068","-79.9093192",,"Urdesa","es","false","ChIJL98Pbn9tLZARLdAzBPfQUGg","090507","$10-15","Hace 8 meses","2025-11-26T03:37:54.988Z",,"2025-11-26T13:04:34.000Z","Hola todos nuestros cortes son gramados, cada sarten incluye 200 gramos de proteína, cada video es de una composición distinta x q el ckiente lo arma a su gusto, por el tipo de corte visualmente no va a verse lo mismo con costilla que con pollo al ser distinto animal 🥲 en nuestros locales nuestros saloneros siempre están para asistirle y para mejorar su ia , lamentamos no haya podido cumplir sus expectaivas",,,,,,,,,,,,,,,,,,,,"Ci9DQUlRQUNvZENodHljRjlvT25rNWMwNDJOakYxZEhkNVQyOHpkV0V3V0ZscExVRRAB",,,,,,,,,,,,,,,,,,,,,,,,"Google",,,"2",,,"432","2026-08-08T17:19:42.857Z","Direct Detail URL: https://www.google.com/maps/place/MoroGrill+-+Urdesa/@-2.1348707,-79.8980443,13.81z/data=!4m10!1m2!2m1!1smorogrill!3m6!1s0x902d6d7f6e0fdf2f:0x6850d0f70433d02d!8m2!3d-2.1656068!4d-79.9093192!15sCgltb3JvZ3JpbGxaCyIJbW9yb2dyaWxskgEKcmVzdGF1cmFudOABAA!16s%2Fg%2F11s195xvnt?entry=ttu&g_ep=EgoyMDI2MDgwNS4xIKXMDSoASAFQAw%3D%3D","1",,"Guayacanes 310 entre la 3ra y la cuarta","false","Los sartenazos. Nada que ver con los videos. Poquita proteína. Sobra espacio en el sarten",,"MoroGrill - Urdesa","4.3",,"https://www.google.com/maps/search/?api=1&query=MoroGrill%20-%20Urdesa&query_place_id=ChIJL98Pbn9tLZARLdAzBPfQUGg",
"Guayacanes 310 entre la 3ra y la cuarta, 090507 Guayaquil, Ecuador","Restaurante","Restaurante","7516737537427361837","Guayaquil","EC","0x902d6d7f6e0fdf2f:0x6850d0f70433d02d",,"https://lh3.googleusercontent.com/gps-cs-s/AHRPTWmMp-Z0_3QQ_yB8KLvsC7YNBSBPmiMENigeIP1pKNoaU4PYGt-5zyRaGCh-CsO44Y3kcpIxqHcBqttYJWLA5KCtyE5NJnR8gw8Bqvt4CrdbhiyyIURUrsmZ7pVmXDmIjx49cILr0Q=w408-h408-k-no","false","true","/g/11s195xvnt","es-419","0","-2.1656068","-79.9093192",,"Urdesa",,"false","ChIJL98Pbn9tLZARLdAzBPfQUGg","090507","$10-15","Hace 8 meses","2025-11-21T00:04:00.410Z",,,,,,,,,,,,,,,,,,,,"5","5","5","Ci9DQUlRQUNvZENodHljRjlvT2tKamNqUmpXbEY1Y3pKSFFqQlFhMGR3ZEVaSFYxRRAB",,,,,,,,,,,,,,,,,,,,,,,,"Google",,,"8",,,"432","2026-08-08T17:19:42.857Z","Direct Detail URL: https://www.google.com/maps/place/MoroGrill+-+Urdesa/@-2.1348707,-79.8980443,13.81z/data=!4m10!1m2!2m1!1smorogrill!3m6!1s0x902d6d7f6e0fdf2f:0x6850d0f70433d02d!8m2!3d-2.1656068!4d-79.9093192!15sCgltb3JvZ3JpbGxaCyIJbW9yb2dyaWxskgEKcmVzdGF1cmFudOABAA!16s%2Fg%2F11s195xvnt?entry=ttu&g_ep=EgoyMDI2MDgwNS4xIKXMDSoASAFQAw%3D%3D","5",,"Guayacanes 310 entre la 3ra y la cuarta","false",,,"MoroGrill - Urdesa","4.3",,"https://www.google.com/maps/search/?api=1&query=MoroGrill%20-%20Urdesa&query_place_id=ChIJL98Pbn9tLZARLdAzBPfQUGg",
"Guayacanes 310 entre la 3ra y la cuarta, 090507 Guayaquil, Ecuador","Restaurante","Restaurante","7516737537427361837","Guayaquil","EC","0x902d6d7f6e0fdf2f:0x6850d0f70433d02d",,"https://lh3.googleusercontent.com/gps-cs-s/AHRPTWmMp-Z0_3QQ_yB8KLvsC7YNBSBPmiMENigeIP1pKNoaU4PYGt-5zyRaGCh-CsO44Y3kcpIxqHcBqttYJWLA5KCtyE5NJnR8gw8Bqvt4CrdbhiyyIURUrsmZ7pVmXDmIjx49cILr0Q=w408-h408-k-no","false","true","/g/11s195xvnt","es-419","0","-2.1656068","-79.9093192",,"Urdesa",,"false","ChIJL98Pbn9tLZARLdAzBPfQUGg","090507","$10-15","Hace 8 meses","2025-11-18T06:48:08.612Z",,,,,,"Es un poco difícil encontrar estacionamiento",,,,,,,"$10-15","Lugares sin reserva previa",,"Sin espera",,"Cena",,"5","5","5","Ci9DQUlRQUNvZENodHljRjlvT2tOVlZESmFhelZoU3pOdFl6RklhM2hrYVVsdlJFRRAB",,,,,,,,,,,,,,,,,,,,,,,,"Google",,,"55",,,"432","2026-08-08T17:19:42.857Z","Direct Detail URL: https://www.google.com/maps/place/MoroGrill+-+Urdesa/@-2.1348707,-79.8980443,13.81z/data=!4m10!1m2!2m1!1smorogrill!3m6!1s0x902d6d7f6e0fdf2f:0x6850d0f70433d02d!8m2!3d-2.1656068!4d-79.9093192!15sCgltb3JvZ3JpbGxaCyIJbW9yb2dyaWxskgEKcmVzdGF1cmFudOABAA!16s%2Fg%2F11s195xvnt?entry=ttu&g_ep=EgoyMDI2MDgwNS4xIKXMDSoASAFQAw%3D%3D","5",,"Guayacanes 310 entre la 3ra y la cuarta","false",,,"MoroGrill - Urdesa","4.3",,"https://www.google.com/maps/search/?api=1&query=MoroGrill%20-%20Urdesa&query_place_id=ChIJL98Pbn9tLZARLdAzBPfQUGg",
"Guayacanes 310 entre la 3ra y la cuarta, 090507 Guayaquil, Ecuador","Restaurante","Restaurante","7516737537427361837","Guayaquil","EC","0x902d6d7f6e0fdf2f:0x6850d0f70433d02d",,"https://lh3.googleusercontent.com/gps-cs-s/AHRPTWmMp-Z0_3QQ_yB8KLvsC7YNBSBPmiMENigeIP1pKNoaU4PYGt-5zyRaGCh-CsO44Y3kcpIxqHcBqttYJWLA5KCtyE5NJnR8gw8Bqvt4CrdbhiyyIURUrsmZ7pVmXDmIjx49cILr0Q=w408-h408-k-no","false","true","/g/11s195xvnt","es-419","0","-2.1656068","-79.9093192",,"Urdesa","es","false","ChIJL98Pbn9tLZARLdAzBPfQUGg","090507","$10-15","Hace 8 meses","2025-11-14T16:32:06.659Z",,"2025-11-14T18:13:37.000Z","Gracias por tu visita Ale y lindo review, siempre tratamos de ofrecer lo mejor para nuestros clientes. te esperamos pronto",,,,,,"Silencioso, agradable para conversar",,,,"$10-15",,"Más de 9 personas","Hasta 10 min",,,,"5","5","5","Ci9DQUlRQUNvZENodHljRjlvT2xrdGJVeEVkakl3VEhoeVdVdEpSSEIxTXpjek5GRRAB","https://lh3.googleusercontent.com/grass-cs/ACvplmPofAMzIg1JxIz9YwY4dkO3R2mXwM5DRDpkkxj8EylrVP3Dum9vH4AgO7ranOAYe0MPg1_0o1m2DO90fEypSEzfaKuVf8d0WhWW7W5bjpXeTiqW6_OfSIkF3AZUNLmtKm2mo0fmiau64op7=k-no",,,,,,,,,,,,,,,,,,,,,,,"Google",,,"8",,,"432","2026-08-08T17:19:42.857Z","Direct Detail URL: https://www.google.com/maps/place/MoroGrill+-+Urdesa/@-2.1348707,-79.8980443,13.81z/data=!4m10!1m2!2m1!1smorogrill!3m6!1s0x902d6d7f6e0fdf2f:0x6850d0f70433d02d!8m2!3d-2.1656068!4d-79.9093192!15sCgltb3JvZ3JpbGxaCyIJbW9yb2dyaWxskgEKcmVzdGF1cmFudOABAA!16s%2Fg%2F11s195xvnt?entry=ttu&g_ep=EgoyMDI2MDgwNS4xIKXMDSoASAFQAw%3D%3D","5",,"Guayacanes 310 entre la 3ra y la cuarta","false","Excelente servicio y muy buen sabor...",,"MoroGrill - Urdesa","4.3",,"https://www.google.com/maps/search/?api=1&query=MoroGrill%20-%20Urdesa&query_place_id=ChIJL98Pbn9tLZARLdAzBPfQUGg",
"Guayacanes 310 entre la 3ra y la cuarta, 090507 Guayaquil, Ecuador","Restaurante","Restaurante","7516737537427361837","Guayaquil","EC","0x902d6d7f6e0fdf2f:0x6850d0f70433d02d",,"https://lh3.googleusercontent.com/gps-cs-s/AHRPTWmMp-Z0_3QQ_yB8KLvsC7YNBSBPmiMENigeIP1pKNoaU4PYGt-5zyRaGCh-CsO44Y3kcpIxqHcBqttYJWLA5KCtyE5NJnR8gw8Bqvt4CrdbhiyyIURUrsmZ7pVmXDmIjx49cILr0Q=w408-h408-k-no","false","true","/g/11s195xvnt","es-419","0","-2.1656068","-79.9093192",,"Urdesa",,"false","ChIJL98Pbn9tLZARLdAzBPfQUGg","090507","$10-15","Hace 9 meses","2025-10-23T19:09:58.329Z",,,,,,"Es un poco difícil encontrar estacionamiento",,,"Silencioso, agradable para conversar","Estacionamiento pagado en la calle",,,"$10-15",,"Apto para grupos de todos los tamaños","Hasta 10 min",,,,"4","5","5","Ci9DQUlRQUNvZENodHljRjlvT204NVptWnpTVXRyVUdFeExURlZWVVkzYUU1ek9VRRAB",,,,,,,,,,,,,,,,,,,,,,,,"Google",,,"25",,,"432","2026-08-08T17:19:42.857Z","Direct Detail URL: https://www.google.com/maps/place/MoroGrill+-+Urdesa/@-2.1348707,-79.8980443,13.81z/data=!4m10!1m2!2m1!1smorogrill!3m6!1s0x902d6d7f6e0fdf2f:0x6850d0f70433d02d!8m2!3d-2.1656068!4d-79.9093192!15sCgltb3JvZ3JpbGxaCyIJbW9yb2dyaWxskgEKcmVzdGF1cmFudOABAA!16s%2Fg%2F11s195xvnt?entry=ttu&g_ep=EgoyMDI2MDgwNS4xIKXMDSoASAFQAw%3D%3D","5",,"Guayacanes 310 entre la 3ra y la cuarta","false",,,"MoroGrill - Urdesa","4.3",,"https://www.google.com/maps/search/?api=1&query=MoroGrill%20-%20Urdesa&query_place_id=ChIJL98Pbn9tLZARLdAzBPfQUGg",
"Guayacanes 310 entre la 3ra y la cuarta, 090507 Guayaquil, Ecuador","Restaurante","Restaurante","7516737537427361837","Guayaquil","EC","0x902d6d7f6e0fdf2f:0x6850d0f70433d02d",,"https://lh3.googleusercontent.com/gps-cs-s/AHRPTWmMp-Z0_3QQ_yB8KLvsC7YNBSBPmiMENigeIP1pKNoaU4PYGt-5zyRaGCh-CsO44Y3kcpIxqHcBqttYJWLA5KCtyE5NJnR8gw8Bqvt4CrdbhiyyIURUrsmZ7pVmXDmIjx49cILr0Q=w408-h408-k-no","false","true","/g/11s195xvnt","es-419","0","-2.1656068","-79.9093192",,"Urdesa","en","false","ChIJL98Pbn9tLZARLdAzBPfQUGg","090507","$10-15","Hace 9 meses","2025-10-18T21:12:34.560Z",,"2025-10-20T00:14:09.000Z",":) gracias por preferirnos, todo con mucho cariño para ustedes.",,,"Es un poco difícil encontrar estacionamiento",,"Ningún evento especial","Ruido moderado",,,,"$5-10",,,"Sin espera",,,,"5","5","5","Ci9DQUlRQUNvZENodHljRjlvT2tjMlUydGtTR3MyZDBkcWIxVXhiSHBzY21GSmFrRRAB","https://lh3.googleusercontent.com/grass-cs/ACvplmNollBJ8nNLrsM1fRjDnH-JtIa_XDeFcn7Jj5P7AuTD6hKRhe2NNDw0qtBMa-iKrsg1kd7A1lRSAcUigjJJXOsgQs-y76dXqoxWQK0ydRo263Sa7ZrxI5m6EhWWC--OtayYbUcJfPrk7Is4=k-no","https://lh3.googleusercontent.com/grass-cs/ACvplmNvqs6XcOvEjahdzqPsggrZe44a2DRy8Tt0ixPvRfOEqJP8kfp8rVPPoyCe1JzHYfNJzr56XSTQ2DAeSwnAwhrD6xRzpMv_X7JQqVrOQWW8-dkYsg3L-XJon9DCGN3pUWaXKQ3l5Nyi9KA=k-no","https://lh3.googleusercontent.com/grass-cs/ACvplmO--E-7H8ZFy5GET5s0SRx4YJnMBK9DD6tCx60tYl4aISmqW5o0JPVhgBneH1-Wi2QiAcZ8IzQ3zW95XDT-rAJsOnqaw5Be167b1OWWr6XPDScF1BvPehXmm72qoZ8gTVPw_Pndq5Bxop1H=k-no","https://lh3.googleusercontent.com/grass-cs/ACvplmOk0qgGJARVoDteutlHfI0ry4waV1GYQk-C-bubCQR7dbsTNAVx5GQJniik-r1k1lklXk8y11nTHB4oX1_VM4NXAn59DUkomgkwd4SSrg7SjvRVqkDzUXb6jowwSm6Pe9ww-329se2LLYna=k-no","https://lh3.googleusercontent.com/grass-cs/ACvplmMpEZR_eK5cqvw24kL2bokrcjGAPJwpXHz-AmpESNEDXD8Ea536O5IH6IdmUufd4_TfbxK92L1lQVigtC-caO2EaAwM1P52RUCpkT-2j4uDgNkfL2aIqbir12aRFHv35y1EmT-mnkfZc6Q=k-no","https://lh3.googleusercontent.com/grass-cs/ACvplmMqoqZNJl8QsCc8XLAiJBRjcO9pvivSHis82FY1Wc6X2ZxgPUSJlD4tB4ZfyvscSLQf8EjkINjiBqkrp708uBvrEYx_qXod2dHK9diUBMuPTAtDSd_jYiFfhA6W3kjf0Z0qdectdJpPLMyr=k-no",,,,,,,,,,,,,,,,,,"Google",,,"701",,,"432","2026-08-08T17:19:42.857Z","Direct Detail URL: https://www.google.com/maps/place/MoroGrill+-+Urdesa/@-2.1348707,-79.8980443,13.81z/data=!4m10!1m2!2m1!1smorogrill!3m6!1s0x902d6d7f6e0fdf2f:0x6850d0f70433d02d!8m2!3d-2.1656068!4d-79.9093192!15sCgltb3JvZ3JpbGxaCyIJbW9yb2dyaWxskgEKcmVzdGF1cmFudOABAA!16s%2Fg%2F11s195xvnt?entry=ttu&g_ep=EgoyMDI2MDgwNS4xIKXMDSoASAFQAw%3D%3D","5",,"Guayacanes 310 entre la 3ra y la cuarta","false","Spectacular..no really Spectacular","Espectacular... no, realmente espectacular.","MoroGrill - Urdesa","4.3","es","https://www.google.com/maps/search/?api=1&query=MoroGrill%20-%20Urdesa&query_place_id=ChIJL98Pbn9tLZARLdAzBPfQUGg",
"Guayacanes 310 entre la 3ra y la cuarta, 090507 Guayaquil, Ecuador","Restaurante","Restaurante","7516737537427361837","Guayaquil","EC","0x902d6d7f6e0fdf2f:0x6850d0f70433d02d",,"https://lh3.googleusercontent.com/gps-cs-s/AHRPTWmMp-Z0_3QQ_yB8KLvsC7YNBSBPmiMENigeIP1pKNoaU4PYGt-5zyRaGCh-CsO44Y3kcpIxqHcBqttYJWLA5KCtyE5NJnR8gw8Bqvt4CrdbhiyyIURUrsmZ7pVmXDmIjx49cILr0Q=w408-h408-k-no","false","false","/g/11s195xvnt","es-419","0","-2.1656068","-79.9093192",,"Urdesa",,"false","ChIJL98Pbn9tLZARLdAzBPfQUGg","090507","$10-15","Hace 9 meses","2025-10-17T12:38:53.421Z",,,,,,,,,,,,,,,,,,,,,,,"Ci9DQUlRQUNvZENodHljRjlvT25ScmVqazNXRXBSUVUwMlNIWk1PRU5sWWtkV1ZYYxAB",,,,,,,,,,,,,,,,,,,,,,,,"Google",,,"0",,,"432","2026-08-08T17:19:42.857Z","Direct Detail URL: https://www.google.com/maps/place/MoroGrill+-+Urdesa/@-2.1348707,-79.8980443,13.81z/data=!4m10!1m2!2m1!1smorogrill!3m6!1s0x902d6d7f6e0fdf2f:0x6850d0f70433d02d!8m2!3d-2.1656068!4d-79.9093192!15sCgltb3JvZ3JpbGxaCyIJbW9yb2dyaWxskgEKcmVzdGF1cmFudOABAA!16s%2Fg%2F11s195xvnt?entry=ttu&g_ep=EgoyMDI2MDgwNS4xIKXMDSoASAFQAw%3D%3D","5",,"Guayacanes 310 entre la 3ra y la cuarta","false",,,"MoroGrill - Urdesa","4.3",,"https://www.google.com/maps/search/?api=1&query=MoroGrill%20-%20Urdesa&query_place_id=ChIJL98Pbn9tLZARLdAzBPfQUGg",
"Guayacanes 310 entre la 3ra y la cuarta, 090507 Guayaquil, Ecuador","Restaurante","Restaurante","7516737537427361837","Guayaquil","EC","0x902d6d7f6e0fdf2f:0x6850d0f70433d02d",,"https://lh3.googleusercontent.com/gps-cs-s/AHRPTWmMp-Z0_3QQ_yB8KLvsC7YNBSBPmiMENigeIP1pKNoaU4PYGt-5zyRaGCh-CsO44Y3kcpIxqHcBqttYJWLA5KCtyE5NJnR8gw8Bqvt4CrdbhiyyIURUrsmZ7pVmXDmIjx49cILr0Q=w408-h408-k-no","false","true","/g/11s195xvnt","es-419","0","-2.1656068","-79.9093192",,"Urdesa","es","false","ChIJL98Pbn9tLZARLdAzBPfQUGg","090507","$10-15","Hace 9 meses","2025-10-14T19:29:06.472Z",,,,,,,,,,,,,"$10-15",,,,,,,"4","4","4","Ci9DQUlRQUNvZENodHljRjlvT2toMVUwaHhSbXN3ZW5aWVRVbFRUMkY0ZFhrMGNrRRAB",,,,,,,,,,,,,,,,,,,,,,,,"Google",,,"46",,,"432","2026-08-08T17:19:42.857Z","Direct Detail URL: https://www.google.com/maps/place/MoroGrill+-+Urdesa/@-2.1348707,-79.8980443,13.81z/data=!4m10!1m2!2m1!1smorogrill!3m6!1s0x902d6d7f6e0fdf2f:0x6850d0f70433d02d!8m2!3d-2.1656068!4d-79.9093192!15sCgltb3JvZ3JpbGxaCyIJbW9yb2dyaWxskgEKcmVzdGF1cmFudOABAA!16s%2Fg%2F11s195xvnt?entry=ttu&g_ep=EgoyMDI2MDgwNS4xIKXMDSoASAFQAw%3D%3D","4",,"Guayacanes 310 entre la 3ra y la cuarta","false","Todo normal, buena comida, buenas bebidas, precios a corde al sector, nada extraordinario.",,"MoroGrill - Urdesa","4.3",,"https://www.google.com/maps/search/?api=1&query=MoroGrill%20-%20Urdesa&query_place_id=ChIJL98Pbn9tLZARLdAzBPfQUGg",
"Guayacanes 310 entre la 3ra y la cuarta, 090507 Guayaquil, Ecuador","Restaurante","Restaurante","7516737537427361837","Guayaquil","EC","0x902d6d7f6e0fdf2f:0x6850d0f70433d02d",,"https://lh3.googleusercontent.com/gps-cs-s/AHRPTWmMp-Z0_3QQ_yB8KLvsC7YNBSBPmiMENigeIP1pKNoaU4PYGt-5zyRaGCh-CsO44Y3kcpIxqHcBqttYJWLA5KCtyE5NJnR8gw8Bqvt4CrdbhiyyIURUrsmZ7pVmXDmIjx49cILr0Q=w408-h408-k-no","false","true","/g/11s195xvnt","es-419","0","-2.1656068","-79.9093192",,"Urdesa",,"false","ChIJL98Pbn9tLZARLdAzBPfQUGg","090507","$10-15","Hace 10 meses","2025-10-07T23:34:54.006Z",,,,,,,,,"Ruidoso, pero se puede hablar",,,,,"No se requiere hacer una reserva",,"Sin espera",,,,"5","5","5","Ci9DQUlRQUNvZENodHljRjlvT21ONlZVWjZVMUk0TUdVMlZGZHpUbGxDUTFkWlMyYxAB",,,,,,,,,,,,,,,,,,,,,,,,"Google",,,"5",,,"432","2026-08-08T17:19:42.857Z","Direct Detail URL: https://www.google.com/maps/place/MoroGrill+-+Urdesa/@-2.1348707,-79.8980443,13.81z/data=!4m10!1m2!2m1!1smorogrill!3m6!1s0x902d6d7f6e0fdf2f:0x6850d0f70433d02d!8m2!3d-2.1656068!4d-79.9093192!15sCgltb3JvZ3JpbGxaCyIJbW9yb2dyaWxskgEKcmVzdGF1cmFudOABAA!16s%2Fg%2F11s195xvnt?entry=ttu&g_ep=EgoyMDI2MDgwNS4xIKXMDSoASAFQAw%3D%3D","5",,"Guayacanes 310 entre la 3ra y la cuarta","false",,,"MoroGrill - Urdesa","4.3",,"https://www.google.com/maps/search/?api=1&query=MoroGrill%20-%20Urdesa&query_place_id=ChIJL98Pbn9tLZARLdAzBPfQUGg",
"Guayacanes 310 entre la 3ra y la cuarta, 090507 Guayaquil, Ecuador","Restaurante","Restaurante","7516737537427361837","Guayaquil","EC","0x902d6d7f6e0fdf2f:0x6850d0f70433d02d",,"https://lh3.googleusercontent.com/gps-cs-s/AHRPTWmMp-Z0_3QQ_yB8KLvsC7YNBSBPmiMENigeIP1pKNoaU4PYGt-5zyRaGCh-CsO44Y3kcpIxqHcBqttYJWLA5KCtyE5NJnR8gw8Bqvt4CrdbhiyyIURUrsmZ7pVmXDmIjx49cILr0Q=w408-h408-k-no","false","false","/g/11s195xvnt","es-419","0","-2.1656068","-79.9093192",,"Urdesa",,"false","ChIJL98Pbn9tLZARLdAzBPfQUGg","090507","$10-15","Hace 10 meses","2025-10-05T19:08:20.738Z",,,,,,,,,,,,,"$5-10",,"Apto para grupos de todos los tamaños","Sin espera",,"Cena",,"5","5","5","Ci9DQUlRQUNvZENodHljRjlvT2psWFNEUmhOR3d0UTB0aE1rcExjMjFqWlc1cWNXYxAB",,,,,,,,,,,,,,,,,,,,,,,,"Google",,,"3",,,"432","2026-08-08T17:19:42.857Z","Direct Detail URL: https://www.google.com/maps/place/MoroGrill+-+Urdesa/@-2.1348707,-79.8980443,13.81z/data=!4m10!1m2!2m1!1smorogrill!3m6!1s0x902d6d7f6e0fdf2f:0x6850d0f70433d02d!8m2!3d-2.1656068!4d-79.9093192!15sCgltb3JvZ3JpbGxaCyIJbW9yb2dyaWxskgEKcmVzdGF1cmFudOABAA!16s%2Fg%2F11s195xvnt?entry=ttu&g_ep=EgoyMDI2MDgwNS4xIKXMDSoASAFQAw%3D%3D","5",,"Guayacanes 310 entre la 3ra y la cuarta","false",,,"MoroGrill - Urdesa","4.3",,"https://www.google.com/maps/search/?api=1&query=MoroGrill%20-%20Urdesa&query_place_id=ChIJL98Pbn9tLZARLdAzBPfQUGg",
"Guayacanes 310 entre la 3ra y la cuarta, 090507 Guayaquil, Ecuador","Restaurante","Restaurante","7516737537427361837","Guayaquil","EC","0x902d6d7f6e0fdf2f:0x6850d0f70433d02d",,"https://lh3.googleusercontent.com/gps-cs-s/AHRPTWmMp-Z0_3QQ_yB8KLvsC7YNBSBPmiMENigeIP1pKNoaU4PYGt-5zyRaGCh-CsO44Y3kcpIxqHcBqttYJWLA5KCtyE5NJnR8gw8Bqvt4CrdbhiyyIURUrsmZ7pVmXDmIjx49cILr0Q=w408-h408-k-no","false","true","/g/11s195xvnt","es-419","0","-2.1656068","-79.9093192",,"Urdesa",,"false","ChIJL98Pbn9tLZARLdAzBPfQUGg","090507","$10-15","Hace 10 meses","2025-10-02T00:39:45.039Z",,,,,,,,,,,,,,,,,,,,"5","5","5","Ci9DQUlRQUNvZENodHljRjlvT2pWc1JqUldPVGxFV1c4MlUya3RjM2REVUcxZmNHYxAB",,,,,,,,,,,,,,,,,,,,,,,,"Google",,,"29",,,"432","2026-08-08T17:19:42.857Z","Direct Detail URL: https://www.google.com/maps/place/MoroGrill+-+Urdesa/@-2.1348707,-79.8980443,13.81z/data=!4m10!1m2!2m1!1smorogrill!3m6!1s0x902d6d7f6e0fdf2f:0x6850d0f70433d02d!8m2!3d-2.1656068!4d-79.9093192!15sCgltb3JvZ3JpbGxaCyIJbW9yb2dyaWxskgEKcmVzdGF1cmFudOABAA!16s%2Fg%2F11s195xvnt?entry=ttu&g_ep=EgoyMDI2MDgwNS4xIKXMDSoASAFQAw%3D%3D","5",,"Guayacanes 310 entre la 3ra y la cuarta","false",,,"MoroGrill - Urdesa","4.3",,"https://www.google.com/maps/search/?api=1&query=MoroGrill%20-%20Urdesa&query_place_id=ChIJL98Pbn9tLZARLdAzBPfQUGg",
"Guayacanes 310 entre la 3ra y la cuarta, 090507 Guayaquil, Ecuador","Restaurante","Restaurante","7516737537427361837","Guayaquil","EC","0x902d6d7f6e0fdf2f:0x6850d0f70433d02d",,"https://lh3.googleusercontent.com/gps-cs-s/AHRPTWmMp-Z0_3QQ_yB8KLvsC7YNBSBPmiMENigeIP1pKNoaU4PYGt-5zyRaGCh-CsO44Y3kcpIxqHcBqttYJWLA5KCtyE5NJnR8gw8Bqvt4CrdbhiyyIURUrsmZ7pVmXDmIjx49cILr0Q=w408-h408-k-no","false","true","/g/11s195xvnt","es-419","0","-2.1656068","-79.9093192",,"Urdesa","es","false","ChIJL98Pbn9tLZARLdAzBPfQUGg","090507","$10-15","Hace 10 meses","2025-09-29T13:22:43.418Z",,"2025-10-20T00:14:59.000Z","lindas fotos!! gracias por visitarnos :)",,,,,,"Ruidoso, pero se puede hablar",,,,"$10-15",,"Entre 5 y 8 personas, Apto para grupos de todos los tamaños","Sin espera",,,,"5","4","5","Ci9DQUlRQUNvZENodHljRjlvT2pGQlJUVktaVFZqTkhkSk1rbGxTVlpxYTBsTGVHYxAB","https://lh3.googleusercontent.com/grass-cs/ACvplmM-GQA2p2jXOxvTIYevGHgo83rLE7G117NC7UjZWZnfnwoY6t31aF5FcY66X-0VNRNzCWxCTD8ktk0ywooy4N_IVIvXEaaEm9zzlHUh0tkPz8G9WDlUSCUhxu_BfgRoldxJTCMfmK_gp6Wd=k-no","https://lh3.googleusercontent.com/grass-cs/ACvplmOBDVX2DX7XmONDZa_X8GNJn5QZRsdlXk8IcgpNSfl3cynD0QgnRF_wWfSHh0y_gEKBS1H6LxV7fYq5MMG82beoV8FJxwi2tyhsG3uwvSkJqia7F7sVISpah1z6KDT-10ldzFnvhkkbBWuE=k-no",,,,,,,,,,,,,,,,,,,,,,"Google",,,"9",,,"432","2026-08-08T17:19:42.857Z","Direct Detail URL: https://www.google.com/maps/place/MoroGrill+-+Urdesa/@-2.1348707,-79.8980443,13.81z/data=!4m10!1m2!2m1!1smorogrill!3m6!1s0x902d6d7f6e0fdf2f:0x6850d0f70433d02d!8m2!3d-2.1656068!4d-79.9093192!15sCgltb3JvZ3JpbGxaCyIJbW9yb2dyaWxskgEKcmVzdGF1cmFudOABAA!16s%2Fg%2F11s195xvnt?entry=ttu&g_ep=EgoyMDI2MDgwNS4xIKXMDSoASAFQAw%3D%3D","4",,"Guayacanes 310 entre la 3ra y la cuarta","false","En nuestro paso por Guayaquil probamos sus deliciosos platos, quedamos encantados de sus combinaciones 🤤 el moro manaba una delicia 😋 lo único a transformar es el lomo estuvo durito del resto excelente gracias por abrir espacios ideales para deleitar el paladar",,"MoroGrill - Urdesa","4.3",,"https://www.google.com/maps/search/?api=1&query=MoroGrill%20-%20Urdesa&query_place_id=ChIJL98Pbn9tLZARLdAzBPfQUGg",
"Guayacanes 310 entre la 3ra y la cuarta, 090507 Guayaquil, Ecuador","Restaurante","Restaurante","7516737537427361837","Guayaquil","EC","0x902d6d7f6e0fdf2f:0x6850d0f70433d02d",,"https://lh3.googleusercontent.com/gps-cs-s/AHRPTWmMp-Z0_3QQ_yB8KLvsC7YNBSBPmiMENigeIP1pKNoaU4PYGt-5zyRaGCh-CsO44Y3kcpIxqHcBqttYJWLA5KCtyE5NJnR8gw8Bqvt4CrdbhiyyIURUrsmZ7pVmXDmIjx49cILr0Q=w408-h408-k-no","false","true","/g/11s195xvnt","es-419","0","-2.1656068","-79.9093192",,"Urdesa","es","false","ChIJL98Pbn9tLZARLdAzBPfQUGg","090507","$10-15","Hace 10 meses","2025-09-29T01:46:31.859Z",,"2025-10-20T00:15:18.000Z","gracias!! los esperamos pronto :)",,,,,,,,,,,,,,,,,"5","5","5","Ci9DQUlRQUNvZENodHljRjlvT2psbmJ6Vk9NSHBzWkVKMFRVNHdOM280WVhSWFowRRAB","https://lh3.googleusercontent.com/grass-cs/ACvplmNCiC2JMZS9xYU10PWtRko52g9PCYkJ2RFhQlixisaIbE0VkejPyL2Ac10MlZ2wqHVetC5AdFNUCQF8hITkblTrBR6YodtoENb-OOC8sorRLumqGEEDwtMeo5wgg39XrXwlwtPT-ddPC44B=k-no","https://lh3.googleusercontent.com/grass-cs/ACvplmM_EekwZXj5TLDASrg4J9z8rZ794PYBLnuSQ4TrA3Ossok8hLchn2xq27XAjNA4_Oo6OhPCXkz5AjFdbQ9xu0yv4saMXr4VwbcOuBmoQmKjqY6f4qj-6CAu3IMtHOjwBXAlC55Xlngc3cKW=k-no",,,,,,,,,,,,,,,,,,,,,,"Google",,,"106",,,"432","2026-08-08T17:19:42.857Z","Direct Detail URL: https://www.google.com/maps/place/MoroGrill+-+Urdesa/@-2.1348707,-79.8980443,13.81z/data=!4m10!1m2!2m1!1smorogrill!3m6!1s0x902d6d7f6e0fdf2f:0x6850d0f70433d02d!8m2!3d-2.1656068!4d-79.9093192!15sCgltb3JvZ3JpbGxaCyIJbW9yb2dyaWxskgEKcmVzdGF1cmFudOABAA!16s%2Fg%2F11s195xvnt?entry=ttu&g_ep=EgoyMDI2MDgwNS4xIKXMDSoASAFQAw%3D%3D","5",,"Guayacanes 310 entre la 3ra y la cuarta","false","Muy ricos!! Y precios cómodos, buen ambiente, recomendado!!!",,"MoroGrill - Urdesa","4.3",,"https://www.google.com/maps/search/?api=1&query=MoroGrill%20-%20Urdesa&query_place_id=ChIJL98Pbn9tLZARLdAzBPfQUGg",
"Guayacanes 310 entre la 3ra y la cuarta, 090507 Guayaquil, Ecuador","Restaurante","Restaurante","7516737537427361837","Guayaquil","EC","0x902d6d7f6e0fdf2f:0x6850d0f70433d02d",,"https://lh3.googleusercontent.com/gps-cs-s/AHRPTWmMp-Z0_3QQ_yB8KLvsC7YNBSBPmiMENigeIP1pKNoaU4PYGt-5zyRaGCh-CsO44Y3kcpIxqHcBqttYJWLA5KCtyE5NJnR8gw8Bqvt4CrdbhiyyIURUrsmZ7pVmXDmIjx49cILr0Q=w408-h408-k-no","false","true","/g/11s195xvnt","es-419","0","-2.1656068","-79.9093192",,"Urdesa","es","false","ChIJL98Pbn9tLZARLdAzBPfQUGg","090507","$10-15","Hace 11 meses","2025-09-08T04:27:28.802Z",,,,,,,,,,,,,"$15-20",,,"De 10 a 30 min",,"Cena",,"5","5","5","Ci9DQUlRQUNvZENodHljRjlvT25aMU0yUlBRbFpEUzNSbE5uWkhUbWxRYlhaTVJuYxAB",,,,,,,,,,,,,,,,,,,,,,,,"Google",,,"12",,,"432","2026-08-08T17:19:42.857Z","Direct Detail URL: https://www.google.com/maps/place/MoroGrill+-+Urdesa/@-2.1348707,-79.8980443,13.81z/data=!4m10!1m2!2m1!1smorogrill!3m6!1s0x902d6d7f6e0fdf2f:0x6850d0f70433d02d!8m2!3d-2.1656068!4d-79.9093192!15sCgltb3JvZ3JpbGxaCyIJbW9yb2dyaWxskgEKcmVzdGF1cmFudOABAA!16s%2Fg%2F11s195xvnt?entry=ttu&g_ep=EgoyMDI2MDgwNS4xIKXMDSoASAFQAw%3D%3D","5",,"Guayacanes 310 entre la 3ra y la cuarta","false","Deliciosa la comida, lo malo es el tiempo de espera.",,"MoroGrill - Urdesa","4.3",,"https://www.google.com/maps/search/?api=1&query=MoroGrill%20-%20Urdesa&query_place_id=ChIJL98Pbn9tLZARLdAzBPfQUGg",
"Guayacanes 310 entre la 3ra y la cuarta, 090507 Guayaquil, Ecuador","Restaurante","Restaurante","7516737537427361837","Guayaquil","EC","0x902d6d7f6e0fdf2f:0x6850d0f70433d02d",,"https://lh3.googleusercontent.com/gps-cs-s/AHRPTWmMp-Z0_3QQ_yB8KLvsC7YNBSBPmiMENigeIP1pKNoaU4PYGt-5zyRaGCh-CsO44Y3kcpIxqHcBqttYJWLA5KCtyE5NJnR8gw8Bqvt4CrdbhiyyIURUrsmZ7pVmXDmIjx49cILr0Q=w408-h408-k-no","false","true","/g/11s195xvnt","es-419","0","-2.1656068","-79.9093192",,"Urdesa",,"false","ChIJL98Pbn9tLZARLdAzBPfQUGg","090507","$10-15","Hace 11 meses","2025-09-07T22:26:17.197Z",,,,,,,,,,,,,"$15-20",,,"Hasta 10 min",,,,"5","5","5","Ci9DQUlRQUNvZENodHljRjlvT20wMVlVTTBWVEZuUTBSeVpuUktlbWh6Wm1rM1lVRRAB",,,,,,,,,,,,,,,,,,,,,,,,"Google",,,"239",,,"432","2026-08-08T17:19:42.857Z","Direct Detail URL: https://www.google.com/maps/place/MoroGrill+-+Urdesa/@-2.1348707,-79.8980443,13.81z/data=!4m10!1m2!2m1!1smorogrill!3m6!1s0x902d6d7f6e0fdf2f:0x6850d0f70433d02d!8m2!3d-2.1656068!4d-79.9093192!15sCgltb3JvZ3JpbGxaCyIJbW9yb2dyaWxskgEKcmVzdGF1cmFudOABAA!16s%2Fg%2F11s195xvnt?entry=ttu&g_ep=EgoyMDI2MDgwNS4xIKXMDSoASAFQAw%3D%3D","5",,"Guayacanes 310 entre la 3ra y la cuarta","false",,,"MoroGrill - Urdesa","4.3",,"https://www.google.com/maps/search/?api=1&query=MoroGrill%20-%20Urdesa&query_place_id=ChIJL98Pbn9tLZARLdAzBPfQUGg",
"Guayacanes 310 entre la 3ra y la cuarta, 090507 Guayaquil, Ecuador","Restaurante","Restaurante","7516737537427361837","Guayaquil","EC","0x902d6d7f6e0fdf2f:0x6850d0f70433d02d",,"https://lh3.googleusercontent.com/gps-cs-s/AHRPTWmMp-Z0_3QQ_yB8KLvsC7YNBSBPmiMENigeIP1pKNoaU4PYGt-5zyRaGCh-CsO44Y3kcpIxqHcBqttYJWLA5KCtyE5NJnR8gw8Bqvt4CrdbhiyyIURUrsmZ7pVmXDmIjx49cILr0Q=w408-h408-k-no","false","true","/g/11s195xvnt","es-419","0","-2.1656068","-79.9093192",,"Urdesa","es","false","ChIJL98Pbn9tLZARLdAzBPfQUGg","090507","$10-15","Hace 11 meses","2025-09-07T03:07:04.498Z",,,,,,,,,,,,,,,,,,,,"5","5","5","Ci9DQUlRQUNvZENodHljRjlvT21oTlVVcFVYMU5qWkhwaVJsaHZjMUZFVlVVdGNHYxAB","https://lh3.googleusercontent.com/grass-cs/ACvplmOeKqer1bdECfoiHvuCiSZBX5JQsSThT6s500U4E1mLSvPHeUo4KFq266vcxKqXIw7LgR7CMnPGY7q7K9AYdSiqsGyGt6InmM7A6nB9ie33xBWz9EMWpBRtLPXokAHPBoebCvUItEarANNE=k-no","https://lh3.googleusercontent.com/grass-cs/ACvplmOef-cuG6hYNVfBlxNG6uTAWBhg1lkCoawLS62DkzKT4rbu61LH83t8kWpT0VHzEk3Kkj5qNkhY7XD8DYZXqxcbdZSGq_CeBcOiey5hDpuEuEoTH-b3qCNR9n5YWTxxUGC0u2xGNhOr1fE=k-no","https://lh3.googleusercontent.com/grass-cs/ACvplmMnjdxUXNeQ1YzxCq5-kWIMiUW_xobNj4ac5JtgDrT0WhXynE8uWlTX0XC5FG20AL0blOclIe_CROlh_abEM0ZtVHVBTohTWD46WaDFvMd-dIVq3r6uX8cAQZXDgJQpGWpVmsvRkFaGji8=k-no","https://lh3.googleusercontent.com/grass-cs/ACvplmO-5Wyyq9accB9trm-BsgxKKAwSfCJRdHrnnO2yMtQ3CWY4WLxyLMV4fOep5PkeLAkbStrwz4iffWNumrJedid-6bWUm211PUNWqkS9K0IKBKtpOn3nUW0aj_1_OL1938xBMivawUeitFmw=k-no",,,,,,,,,,,,,,,,,,,,"Google",,,"52",,,"432","2026-08-08T17:19:42.857Z","Direct Detail URL: https://www.google.com/maps/place/MoroGrill+-+Urdesa/@-2.1348707,-79.8980443,13.81z/data=!4m10!1m2!2m1!1smorogrill!3m6!1s0x902d6d7f6e0fdf2f:0x6850d0f70433d02d!8m2!3d-2.1656068!4d-79.9093192!15sCgltb3JvZ3JpbGxaCyIJbW9yb2dyaWxskgEKcmVzdGF1cmFudOABAA!16s%2Fg%2F11s195xvnt?entry=ttu&g_ep=EgoyMDI2MDgwNS4xIKXMDSoASAFQAw%3D%3D","5",,"Guayacanes 310 entre la 3ra y la cuarta","false","Regreso!!",,"MoroGrill - Urdesa","4.3",,"https://www.google.com/maps/search/?api=1&query=MoroGrill%20-%20Urdesa&query_place_id=ChIJL98Pbn9tLZARLdAzBPfQUGg",
"Guayacanes 310 entre la 3ra y la cuarta, 090507 Guayaquil, Ecuador","Restaurante","Restaurante","7516737537427361837","Guayaquil","EC","0x902d6d7f6e0fdf2f:0x6850d0f70433d02d",,"https://lh3.googleusercontent.com/gps-cs-s/AHRPTWmMp-Z0_3QQ_yB8KLvsC7YNBSBPmiMENigeIP1pKNoaU4PYGt-5zyRaGCh-CsO44Y3kcpIxqHcBqttYJWLA5KCtyE5NJnR8gw8Bqvt4CrdbhiyyIURUrsmZ7pVmXDmIjx49cILr0Q=w408-h408-k-no","false","false","/g/11s195xvnt","es-419","0","-2.1656068","-79.9093192",,"Urdesa","es","false","ChIJL98Pbn9tLZARLdAzBPfQUGg","090507","$10-15","Hace 11 meses","2025-09-03T02:32:13.466Z",,,,,,,,,,,,,,,,,,,,,,,"Ci9DQUlRQUNvZENodHljRjlvT2xNMFJGOHRaVGh3Ylc5V1FtUm1kMVF5UkVSYWFVRRAB",,,,,,,,,,,,,,,,,,,,,,,,"Google",,,"2",,,"432","2026-08-08T17:19:42.857Z","Direct Detail URL: https://www.google.com/maps/place/MoroGrill+-+Urdesa/@-2.1348707,-79.8980443,13.81z/data=!4m10!1m2!2m1!1smorogrill!3m6!1s0x902d6d7f6e0fdf2f:0x6850d0f70433d02d!8m2!3d-2.1656068!4d-79.9093192!15sCgltb3JvZ3JpbGxaCyIJbW9yb2dyaWxskgEKcmVzdGF1cmFudOABAA!16s%2Fg%2F11s195xvnt?entry=ttu&g_ep=EgoyMDI2MDgwNS4xIKXMDSoASAFQAw%3D%3D","1",,"Guayacanes 310 entre la 3ra y la cuarta","false","Pésima atención fuimos con nuestras amistades y nuestros hijos y nos tuvieron esperando más de 2 horas y si no se acerca uno a decirles si nos podrían decir si, si nos iban atender dijeron que no, de paso ni siquiera se toma las molestias de ser honestos y no hacernos perder el tiempo y más aún cuando íbamos en familia me llevé una muy mala impresión y eso que era mi primera vez en ir",,"MoroGrill - Urdesa","4.3",,"https://www.google.com/maps/search/?api=1&query=MoroGrill%20-%20Urdesa&query_place_id=ChIJL98Pbn9tLZARLdAzBPfQUGg",
"Guayacanes 310 entre la 3ra y la cuarta, 090507 Guayaquil, Ecuador","Restaurante","Restaurante","7516737537427361837","Guayaquil","EC","0x902d6d7f6e0fdf2f:0x6850d0f70433d02d",,"https://lh3.googleusercontent.com/gps-cs-s/AHRPTWmMp-Z0_3QQ_yB8KLvsC7YNBSBPmiMENigeIP1pKNoaU4PYGt-5zyRaGCh-CsO44Y3kcpIxqHcBqttYJWLA5KCtyE5NJnR8gw8Bqvt4CrdbhiyyIURUrsmZ7pVmXDmIjx49cILr0Q=w408-h408-k-no","false","false","/g/11s195xvnt","es-419","0","-2.1656068","-79.9093192",,"Urdesa",,"false","ChIJL98Pbn9tLZARLdAzBPfQUGg","090507","$10-15","Hace 11 meses","2025-09-02T22:24:00.222Z",,,,,,,,,,,,,,,,,,,,,,,"Ci9DQUlRQUNvZENodHljRjlvT21SclgyMTJTRVF6YTFGYU1YbFhRVkphVjFoTWFrRRAB",,,,,,,,,,,,,,,,,,,,,,,,"Google",,,"1",,,"432","2026-08-08T17:19:42.857Z","Direct Detail URL: https://www.google.com/maps/place/MoroGrill+-+Urdesa/@-2.1348707,-79.8980443,13.81z/data=!4m10!1m2!2m1!1smorogrill!3m6!1s0x902d6d7f6e0fdf2f:0x6850d0f70433d02d!8m2!3d-2.1656068!4d-79.9093192!15sCgltb3JvZ3JpbGxaCyIJbW9yb2dyaWxskgEKcmVzdGF1cmFudOABAA!16s%2Fg%2F11s195xvnt?entry=ttu&g_ep=EgoyMDI2MDgwNS4xIKXMDSoASAFQAw%3D%3D","5",,"Guayacanes 310 entre la 3ra y la cuarta","false",,,"MoroGrill - Urdesa","4.3",,"https://www.google.com/maps/search/?api=1&query=MoroGrill%20-%20Urdesa&query_place_id=ChIJL98Pbn9tLZARLdAzBPfQUGg",
"Guayacanes 310 entre la 3ra y la cuarta, 090507 Guayaquil, Ecuador","Restaurante","Restaurante","7516737537427361837","Guayaquil","EC","0x902d6d7f6e0fdf2f:0x6850d0f70433d02d",,"https://lh3.googleusercontent.com/gps-cs-s/AHRPTWmMp-Z0_3QQ_yB8KLvsC7YNBSBPmiMENigeIP1pKNoaU4PYGt-5zyRaGCh-CsO44Y3kcpIxqHcBqttYJWLA5KCtyE5NJnR8gw8Bqvt4CrdbhiyyIURUrsmZ7pVmXDmIjx49cILr0Q=w408-h408-k-no","false","true","/g/11s195xvnt","es-419","0","-2.1656068","-79.9093192",,"Urdesa",,"false","ChIJL98Pbn9tLZARLdAzBPfQUGg","090507","$10-15","Hace 11 meses","2025-09-02T14:10:17.502Z",,,,,,,,,"Ruidoso, pero se puede hablar",,,,"$10-15",,"Apto para grupos de todos los tamaños","De 10 a 30 min",,,,"5","5","5","Ci9DQUlRQUNvZENodHljRjlvT2pOTExXc3hiMjlwVVZwVUxVTXdWa2xLVDJGemFsRRAB",,,,,,,,,,,,,,,,,,,,,,,,"Google",,,"5",,,"432","2026-08-08T17:19:42.857Z","Direct Detail URL: https://www.google.com/maps/place/MoroGrill+-+Urdesa/@-2.1348707,-79.8980443,13.81z/data=!4m10!1m2!2m1!1smorogrill!3m6!1s0x902d6d7f6e0fdf2f:0x6850d0f70433d02d!8m2!3d-2.1656068!4d-79.9093192!15sCgltb3JvZ3JpbGxaCyIJbW9yb2dyaWxskgEKcmVzdGF1cmFudOABAA!16s%2Fg%2F11s195xvnt?entry=ttu&g_ep=EgoyMDI2MDgwNS4xIKXMDSoASAFQAw%3D%3D","5",,"Guayacanes 310 entre la 3ra y la cuarta","false",,,"MoroGrill - Urdesa","4.3",,"https://www.google.com/maps/search/?api=1&query=MoroGrill%20-%20Urdesa&query_place_id=ChIJL98Pbn9tLZARLdAzBPfQUGg",
"Guayacanes 310 entre la 3ra y la cuarta, 090507 Guayaquil, Ecuador","Restaurante","Restaurante","7516737537427361837","Guayaquil","EC","0x902d6d7f6e0fdf2f:0x6850d0f70433d02d",,"https://lh3.googleusercontent.com/gps-cs-s/AHRPTWmMp-Z0_3QQ_yB8KLvsC7YNBSBPmiMENigeIP1pKNoaU4PYGt-5zyRaGCh-CsO44Y3kcpIxqHcBqttYJWLA5KCtyE5NJnR8gw8Bqvt4CrdbhiyyIURUrsmZ7pVmXDmIjx49cILr0Q=w408-h408-k-no","false","true","/g/11s195xvnt","es-419","0","-2.1656068","-79.9093192",,"Urdesa","es","false","ChIJL98Pbn9tLZARLdAzBPfQUGg","090507","$10-15","Hace 11 meses","2025-08-24T23:31:34.252Z",,,,,,,,,"Ruido moderado","Estacionamiento gratuito en la calle, Estacionamiento pagado en la calle",,,"$20-25",,"Entre 5 y 8 personas","Sin espera",,,,"5","5","5","Ci9DQUlRQUNvZENodHljRjlvT21GeWRXSlhSR1JHTFZkRGJWUkljMWQwWVRWWk5XYxAB",,,,,,,,,,,,,,,,,,,,,,,,"Google",,,"50",,,"432","2026-08-08T17:19:42.857Z","Direct Detail URL: https://www.google.com/maps/place/MoroGrill+-+Urdesa/@-2.1348707,-79.8980443,13.81z/data=!4m10!1m2!2m1!1smorogrill!3m6!1s0x902d6d7f6e0fdf2f:0x6850d0f70433d02d!8m2!3d-2.1656068!4d-79.9093192!15sCgltb3JvZ3JpbGxaCyIJbW9yb2dyaWxskgEKcmVzdGF1cmFudOABAA!16s%2Fg%2F11s195xvnt?entry=ttu&g_ep=EgoyMDI2MDgwNS4xIKXMDSoASAFQAw%3D%3D","5",,"Guayacanes 310 entre la 3ra y la cuarta","false","Bastante afluencia en horario de almuerzo los fines de semana. Se encuetra disponibilidad inmediata posterior de las 3 de la tarde.",,"MoroGrill - Urdesa","4.3",,"https://www.google.com/maps/search/?api=1&query=MoroGrill%20-%20Urdesa&query_place_id=ChIJL98Pbn9tLZARLdAzBPfQUGg",
"Guayacanes 310 entre la 3ra y la cuarta, 090507 Guayaquil, Ecuador","Restaurante","Restaurante","7516737537427361837","Guayaquil","EC","0x902d6d7f6e0fdf2f:0x6850d0f70433d02d",,"https://lh3.googleusercontent.com/gps-cs-s/AHRPTWmMp-Z0_3QQ_yB8KLvsC7YNBSBPmiMENigeIP1pKNoaU4PYGt-5zyRaGCh-CsO44Y3kcpIxqHcBqttYJWLA5KCtyE5NJnR8gw8Bqvt4CrdbhiyyIURUrsmZ7pVmXDmIjx49cILr0Q=w408-h408-k-no","false","false","/g/11s195xvnt","es-419","0","-2.1656068","-79.9093192",,"Urdesa",,"false","ChIJL98Pbn9tLZARLdAzBPfQUGg","090507","$10-15","Hace 11 meses","2025-08-24T20:02:03.969Z",,,,,,,,,,,,,"$15-20",,,,,,,"5","5","4","Ci9DQUlRQUNvZENodHljRjlvT25WTU5ubE5ZbXhOY2pOVk5rcEpXVmxGVVZoQ2FHYxAB",,,,,,,,,,,,,,,,,,,,,,,,"Google",,,"0",,,"432","2026-08-08T17:19:42.857Z","Direct Detail URL: https://www.google.com/maps/place/MoroGrill+-+Urdesa/@-2.1348707,-79.8980443,13.81z/data=!4m10!1m2!2m1!1smorogrill!3m6!1s0x902d6d7f6e0fdf2f:0x6850d0f70433d02d!8m2!3d-2.1656068!4d-79.9093192!15sCgltb3JvZ3JpbGxaCyIJbW9yb2dyaWxskgEKcmVzdGF1cmFudOABAA!16s%2Fg%2F11s195xvnt?entry=ttu&g_ep=EgoyMDI2MDgwNS4xIKXMDSoASAFQAw%3D%3D","4",,"Guayacanes 310 entre la 3ra y la cuarta","false",,,"MoroGrill - Urdesa","4.3",,"https://www.google.com/maps/search/?api=1&query=MoroGrill%20-%20Urdesa&query_place_id=ChIJL98Pbn9tLZARLdAzBPfQUGg",
"Guayacanes 310 entre la 3ra y la cuarta, 090507 Guayaquil, Ecuador","Restaurante","Restaurante","7516737537427361837","Guayaquil","EC","0x902d6d7f6e0fdf2f:0x6850d0f70433d02d",,"https://lh3.googleusercontent.com/gps-cs-s/AHRPTWmMp-Z0_3QQ_yB8KLvsC7YNBSBPmiMENigeIP1pKNoaU4PYGt-5zyRaGCh-CsO44Y3kcpIxqHcBqttYJWLA5KCtyE5NJnR8gw8Bqvt4CrdbhiyyIURUrsmZ7pVmXDmIjx49cILr0Q=w408-h408-k-no","false","false","/g/11s195xvnt","es-419","0","-2.1656068","-79.9093192",,"Urdesa",,"false","ChIJL98Pbn9tLZARLdAzBPfQUGg","090507","$10-15","Hace 11 meses","2025-08-23T17:37:39.745Z",,,,,,,,,,,,,,,,,,,,"1","1","1","Ci9DQUlRQUNvZENodHljRjlvT25rMU4xSkRabTQzZDBwRFdqQnlkR2R6WlhZNWNYYxAB",,,,,,,,,,,,,,,,,,,,,,,,"Google",,,"6",,,"432","2026-08-08T17:19:42.857Z","Direct Detail URL: https://www.google.com/maps/place/MoroGrill+-+Urdesa/@-2.1348707,-79.8980443,13.81z/data=!4m10!1m2!2m1!1smorogrill!3m6!1s0x902d6d7f6e0fdf2f:0x6850d0f70433d02d!8m2!3d-2.1656068!4d-79.9093192!15sCgltb3JvZ3JpbGxaCyIJbW9yb2dyaWxskgEKcmVzdGF1cmFudOABAA!16s%2Fg%2F11s195xvnt?entry=ttu&g_ep=EgoyMDI2MDgwNS4xIKXMDSoASAFQAw%3D%3D","1",,"Guayacanes 310 entre la 3ra y la cuarta","false",,,"MoroGrill - Urdesa","4.3",,"https://www.google.com/maps/search/?api=1&query=MoroGrill%20-%20Urdesa&query_place_id=ChIJL98Pbn9tLZARLdAzBPfQUGg",
"Guayacanes 310 entre la 3ra y la cuarta, 090507 Guayaquil, Ecuador","Restaurante","Restaurante","7516737537427361837","Guayaquil","EC","0x902d6d7f6e0fdf2f:0x6850d0f70433d02d",,"https://lh3.googleusercontent.com/gps-cs-s/AHRPTWmMp-Z0_3QQ_yB8KLvsC7YNBSBPmiMENigeIP1pKNoaU4PYGt-5zyRaGCh-CsO44Y3kcpIxqHcBqttYJWLA5KCtyE5NJnR8gw8Bqvt4CrdbhiyyIURUrsmZ7pVmXDmIjx49cILr0Q=w408-h408-k-no","false","false","/g/11s195xvnt","es-419","0","-2.1656068","-79.9093192",,"Urdesa",,"false","ChIJL98Pbn9tLZARLdAzBPfQUGg","090507","$10-15","Hace 11 meses","2025-08-10T23:02:24.523Z",,,,,,,,,,,,,"$5-10",,,,,,,"5","5","5","Ci9DQUlRQUNvZENodHljRjlvT2toamNEQkNObWR3UVZCUlQwZGlXVFpIUVdWbVVrRRAB",,,,,,,,,,,,,,,,,,,,,,,,"Google",,,"0",,,"432","2026-08-08T17:19:42.857Z","Direct Detail URL: https://www.google.com/maps/place/MoroGrill+-+Urdesa/@-2.1348707,-79.8980443,13.81z/data=!4m10!1m2!2m1!1smorogrill!3m6!1s0x902d6d7f6e0fdf2f:0x6850d0f70433d02d!8m2!3d-2.1656068!4d-79.9093192!15sCgltb3JvZ3JpbGxaCyIJbW9yb2dyaWxskgEKcmVzdGF1cmFudOABAA!16s%2Fg%2F11s195xvnt?entry=ttu&g_ep=EgoyMDI2MDgwNS4xIKXMDSoASAFQAw%3D%3D","5",,"Guayacanes 310 entre la 3ra y la cuarta","false",,,"MoroGrill - Urdesa","4.3",,"https://www.google.com/maps/search/?api=1&query=MoroGrill%20-%20Urdesa&query_place_id=ChIJL98Pbn9tLZARLdAzBPfQUGg",
"Guayacanes 310 entre la 3ra y la cuarta, 090507 Guayaquil, Ecuador","Restaurante","Restaurante","7516737537427361837","Guayaquil","EC","0x902d6d7f6e0fdf2f:0x6850d0f70433d02d",,"https://lh3.googleusercontent.com/gps-cs-s/AHRPTWmMp-Z0_3QQ_yB8KLvsC7YNBSBPmiMENigeIP1pKNoaU4PYGt-5zyRaGCh-CsO44Y3kcpIxqHcBqttYJWLA5KCtyE5NJnR8gw8Bqvt4CrdbhiyyIURUrsmZ7pVmXDmIjx49cILr0Q=w408-h408-k-no","false","false","/g/11s195xvnt","es-419","0","-2.1656068","-79.9093192",,"Urdesa",,"false","ChIJL98Pbn9tLZARLdAzBPfQUGg","090507","$10-15","Hace un año","2025-08-07T01:31:02.320Z",,,,,,"Hay suficiente espacio",,,,,,,"$15-20",,"3 o 4 personas","De 30 a 60 min",,"Cena",,"5","5","5","Ci9DQUlRQUNvZENodHljRjlvT2psNVRrZzRla2R3VEVaUlMxRkZWSFZUY1Vkek4wRRAB",,,,,,,,,,,,,,,,,,,,,,,,"Google",,,"2",,,"432","2026-08-08T17:19:42.857Z","Direct Detail URL: https://www.google.com/maps/place/MoroGrill+-+Urdesa/@-2.1348707,-79.8980443,13.81z/data=!4m10!1m2!2m1!1smorogrill!3m6!1s0x902d6d7f6e0fdf2f:0x6850d0f70433d02d!8m2!3d-2.1656068!4d-79.9093192!15sCgltb3JvZ3JpbGxaCyIJbW9yb2dyaWxskgEKcmVzdGF1cmFudOABAA!16s%2Fg%2F11s195xvnt?entry=ttu&g_ep=EgoyMDI2MDgwNS4xIKXMDSoASAFQAw%3D%3D","5",,"Guayacanes 310 entre la 3ra y la cuarta","false",,,"MoroGrill - Urdesa","4.3",,"https://www.google.com/maps/search/?api=1&query=MoroGrill%20-%20Urdesa&query_place_id=ChIJL98Pbn9tLZARLdAzBPfQUGg",
"Guayacanes 310 entre la 3ra y la cuarta, 090507 Guayaquil, Ecuador","Restaurante","Restaurante","7516737537427361837","Guayaquil","EC","0x902d6d7f6e0fdf2f:0x6850d0f70433d02d",,"https://lh3.googleusercontent.com/gps-cs-s/AHRPTWmMp-Z0_3QQ_yB8KLvsC7YNBSBPmiMENigeIP1pKNoaU4PYGt-5zyRaGCh-CsO44Y3kcpIxqHcBqttYJWLA5KCtyE5NJnR8gw8Bqvt4CrdbhiyyIURUrsmZ7pVmXDmIjx49cILr0Q=w408-h408-k-no","false","true","/g/11s195xvnt","es-419","0","-2.1656068","-79.9093192",,"Urdesa","es","false","ChIJL98Pbn9tLZARLdAzBPfQUGg","090507","$10-15","Editado Hace un año","2025-08-05T21:37:23.430Z",,"2025-08-04T19:04:58.000Z","Hola que día y hora le ocurrió? Desde que le tomaron la orden esperó 1 hora? Que extraño no tenemos reporte de caída de servicio. Si hemos tenido alta demanda el fin de semana pero todas las mesas han sido atendidas sin novedad. No hemos tenido mesas que se hayan levantado y se hayan ido sin atención ",,,,,,"No lo sé",,,,"$20-25",,"No lo sé","Más de 1 hora",,,,"1","1","1","Ci9DQUlRQUNvZENodHljRjlvT21VeFRqVkRlRVpYTVdkMFExaExOVGN4ZG5kdE1FRRAB",,,,,,,,,,,,,,,,,,,,,,,,"Google",,,"14",,,"432","2026-08-08T17:19:42.857Z","Direct Detail URL: https://www.google.com/maps/place/MoroGrill+-+Urdesa/@-2.1348707,-79.8980443,13.81z/data=!4m10!1m2!2m1!1smorogrill!3m6!1s0x902d6d7f6e0fdf2f:0x6850d0f70433d02d!8m2!3d-2.1656068!4d-79.9093192!15sCgltb3JvZ3JpbGxaCyIJbW9yb2dyaWxskgEKcmVzdGF1cmFudOABAA!16s%2Fg%2F11s195xvnt?entry=ttu&g_ep=EgoyMDI2MDgwNS4xIKXMDSoASAFQAw%3D%3D","1",,"Guayacanes 310 entre la 3ra y la cuarta","false","Más de una hora esperando, tuve que salir de ahí e ir a comer a otra parte.
ACTUALIZACIÓN: soy Uber y no comí ahí, en cambio estuve esperando el pedido de un cliente que canceló el pedido por demorar demasiado exactamente una hora y fué una pésima experiencia para el cliente y yo perdí mi tiempo.",,"MoroGrill - Urdesa","4.3",,"https://www.google.com/maps/search/?api=1&query=MoroGrill%20-%20Urdesa&query_place_id=ChIJL98Pbn9tLZARLdAzBPfQUGg",
"Guayacanes 310 entre la 3ra y la cuarta, 090507 Guayaquil, Ecuador","Restaurante","Restaurante","7516737537427361837","Guayaquil","EC","0x902d6d7f6e0fdf2f:0x6850d0f70433d02d",,"https://lh3.googleusercontent.com/gps-cs-s/AHRPTWmMp-Z0_3QQ_yB8KLvsC7YNBSBPmiMENigeIP1pKNoaU4PYGt-5zyRaGCh-CsO44Y3kcpIxqHcBqttYJWLA5KCtyE5NJnR8gw8Bqvt4CrdbhiyyIURUrsmZ7pVmXDmIjx49cILr0Q=w408-h408-k-no","false","true","/g/11s195xvnt","es-419","0","-2.1656068","-79.9093192",,"Urdesa","es","false","ChIJL98Pbn9tLZARLdAzBPfQUGg","090507","$10-15","Hace un año","2025-08-05T11:09:42.445Z",,,,,,"Es un poco difícil encontrar estacionamiento",,,,"Estacionamiento pagado en la calle",,,"$10-15",,"Entre 5 y 8 personas","Sin espera",,"Almuerzo",,"4","5","5","Ci9DQUlRQUNvZENodHljRjlvT2tWWE5GZ3dRMjh6TkhWZlRuWkZObkV5WVRSQ2QwRRAB",,,,,,,,,,,,,,,,,,,,,,,,"Google",,,"23",,,"432","2026-08-08T17:19:42.857Z","Direct Detail URL: https://www.google.com/maps/place/MoroGrill+-+Urdesa/@-2.1348707,-79.8980443,13.81z/data=!4m10!1m2!2m1!1smorogrill!3m6!1s0x902d6d7f6e0fdf2f:0x6850d0f70433d02d!8m2!3d-2.1656068!4d-79.9093192!15sCgltb3JvZ3JpbGxaCyIJbW9yb2dyaWxskgEKcmVzdGF1cmFudOABAA!16s%2Fg%2F11s195xvnt?entry=ttu&g_ep=EgoyMDI2MDgwNS4xIKXMDSoASAFQAw%3D%3D","5",,"Guayacanes 310 entre la 3ra y la cuarta","false","El sartenazo…. Una mezcla de sabores clásicos menestra, moro, carne, chorizo, maduros, queso rallado encima.  Muy bueno",,"MoroGrill - Urdesa","4.3",,"https://www.google.com/maps/search/?api=1&query=MoroGrill%20-%20Urdesa&query_place_id=ChIJL98Pbn9tLZARLdAzBPfQUGg",
"Guayacanes 310 entre la 3ra y la cuarta, 090507 Guayaquil, Ecuador","Restaurante","Restaurante","7516737537427361837","Guayaquil","EC","0x902d6d7f6e0fdf2f:0x6850d0f70433d02d",,"https://lh3.googleusercontent.com/gps-cs-s/AHRPTWmMp-Z0_3QQ_yB8KLvsC7YNBSBPmiMENigeIP1pKNoaU4PYGt-5zyRaGCh-CsO44Y3kcpIxqHcBqttYJWLA5KCtyE5NJnR8gw8Bqvt4CrdbhiyyIURUrsmZ7pVmXDmIjx49cILr0Q=w408-h408-k-no","false","true","/g/11s195xvnt","es-419","0","-2.1656068","-79.9093192",,"Urdesa","es","false","ChIJL98Pbn9tLZARLdAzBPfQUGg","090507","$10-15","Hace un año","2025-08-05T01:40:38.429Z",,,,,,,,,,,,,"$10-15",,"Apto para grupos de todos los tamaños","Sin espera",,"Almuerzo",,"5","5","5","Ci9DQUlRQUNvZENodHljRjlvT201M1pHSjNjVlJ4YjNGVVNrMUZTamREYTBWbFgzYxAB",,,,,,,,,,,,,,,,,,,,,,,,"Google",,,"62",,,"432","2026-08-08T17:19:42.857Z","Direct Detail URL: https://www.google.com/maps/place/MoroGrill+-+Urdesa/@-2.1348707,-79.8980443,13.81z/data=!4m10!1m2!2m1!1smorogrill!3m6!1s0x902d6d7f6e0fdf2f:0x6850d0f70433d02d!8m2!3d-2.1656068!4d-79.9093192!15sCgltb3JvZ3JpbGxaCyIJbW9yb2dyaWxskgEKcmVzdGF1cmFudOABAA!16s%2Fg%2F11s195xvnt?entry=ttu&g_ep=EgoyMDI2MDgwNS4xIKXMDSoASAFQAw%3D%3D","5",,"Guayacanes 310 entre la 3ra y la cuarta","false","Muy buena la atención y excelente la comida",,"MoroGrill - Urdesa","4.3",,"https://www.google.com/maps/search/?api=1&query=MoroGrill%20-%20Urdesa&query_place_id=ChIJL98Pbn9tLZARLdAzBPfQUGg",
"Guayacanes 310 entre la 3ra y la cuarta, 090507 Guayaquil, Ecuador","Restaurante","Restaurante","7516737537427361837","Guayaquil","EC","0x902d6d7f6e0fdf2f:0x6850d0f70433d02d",,"https://lh3.googleusercontent.com/gps-cs-s/AHRPTWmMp-Z0_3QQ_yB8KLvsC7YNBSBPmiMENigeIP1pKNoaU4PYGt-5zyRaGCh-CsO44Y3kcpIxqHcBqttYJWLA5KCtyE5NJnR8gw8Bqvt4CrdbhiyyIURUrsmZ7pVmXDmIjx49cILr0Q=w408-h408-k-no","false","false","/g/11s195xvnt","es-419","0","-2.1656068","-79.9093192",,"Urdesa","es","false","ChIJL98Pbn9tLZARLdAzBPfQUGg","090507","$10-15","Hace un año","2025-08-03T06:36:19.632Z",,"2025-08-04T19:02:59.000Z","Hola lamentamos que no hayamos podido ayudarte en nuestro local, todos nuestros platos se describen en la carta, los moros de morogrill son así lo decimos y explicamos en nuestros videos, odiamos lo seco, amamos que los platos tengan humedad y bastante salsa. el moro choclo es de choclo no de maiz dulce, tampoco hacemos moros chiclosos, los moros llevan 60 gramos mozarella pero no hacemos arroz con chicle, nuestra salsa de queso es de queso chonero es decir queso salado, por garantizamos el servicio y durante tu visita los saloneros siempre consultan si todo está a tu gusto para poderte atender. El sartenazo cuesta $10.68 no $15. Nos hubiese gustado des todo este ferdback en el local para tratar de complacerte y asistirte ya que es la única manera de poderte ayidar.",,,,,,,,,,"$10-15",,,,,,,"4","1","3","Ci9DQUlRQUNvZENodHljRjlvT205eWJrZE1UMmcyYkhBMk5YcE9UVWxFYUVsUWMyYxAB","https://lh3.googleusercontent.com/grass-cs/ACvplmNZiSrx3ywGgjzh14kkDVUexk2bdTeblz5yRZ9MAxjgYcYlF66Ec_xPV_ZM4ckC1xzIGwjre1kUuFw9CVrHKlrlCY7RM3978VZI9apvm8FkewCdJo7EUzYohyjIsmkJnXq-MCk5sOyKtOCu=k-no",,,,,,,,,,,,,,,,,,,,,,,"Google",,,"1",,,"432","2026-08-08T17:19:42.857Z","Direct Detail URL: https://www.google.com/maps/place/MoroGrill+-+Urdesa/@-2.1348707,-79.8980443,13.81z/data=!4m10!1m2!2m1!1smorogrill!3m6!1s0x902d6d7f6e0fdf2f:0x6850d0f70433d02d!8m2!3d-2.1656068!4d-79.9093192!15sCgltb3JvZ3JpbGxaCyIJbW9yb2dyaWxskgEKcmVzdGF1cmFudOABAA!16s%2Fg%2F11s195xvnt?entry=ttu&g_ep=EgoyMDI2MDgwNS4xIKXMDSoASAFQAw%3D%3D","2",,"Guayacanes 310 entre la 3ra y la cuarta","false","La verdad la atención estuvo bien, ambiente bien, pero el moro estaba aguado, el moro choclo era con choclo serrano, nunca especificaron que era eso y se supone que era con queso chicloso, no tenía nada de queso chicloso, el moro mojadito, literal era una bola sopuda, la carne sabía barata, y la salsa de queso sabía rancia...$15 dólares perdidos",,"MoroGrill - Urdesa","4.3",,"https://www.google.com/maps/search/?api=1&query=MoroGrill%20-%20Urdesa&query_place_id=ChIJL98Pbn9tLZARLdAzBPfQUGg",
"Guayacanes 310 entre la 3ra y la cuarta, 090507 Guayaquil, Ecuador","Restaurante","Restaurante","7516737537427361837","Guayaquil","EC","0x902d6d7f6e0fdf2f:0x6850d0f70433d02d",,"https://lh3.googleusercontent.com/gps-cs-s/AHRPTWmMp-Z0_3QQ_yB8KLvsC7YNBSBPmiMENigeIP1pKNoaU4PYGt-5zyRaGCh-CsO44Y3kcpIxqHcBqttYJWLA5KCtyE5NJnR8gw8Bqvt4CrdbhiyyIURUrsmZ7pVmXDmIjx49cILr0Q=w408-h408-k-no","false","true","/g/11s195xvnt","es-419","0","-2.1656068","-79.9093192",,"Urdesa","es","false","ChIJL98Pbn9tLZARLdAzBPfQUGg","090507","$10-15","Hace un año","2025-08-03T00:16:29.902Z",,,,,,,,,"Ruido moderado",,,,,,,"Hasta 10 min",,,,,,,"Ci9DQUlRQUNvZENodHljRjlvT2xWVFluTlVSMXBsYUVaMlFrTllZMXBYUm5KbE9FRRAB",,,,,,,,,,,,,,,,,,,,,,,,"Google",,,"9",,,"432","2026-08-08T17:19:42.857Z","Direct Detail URL: https://www.google.com/maps/place/MoroGrill+-+Urdesa/@-2.1348707,-79.8980443,13.81z/data=!4m10!1m2!2m1!1smorogrill!3m6!1s0x902d6d7f6e0fdf2f:0x6850d0f70433d02d!8m2!3d-2.1656068!4d-79.9093192!15sCgltb3JvZ3JpbGxaCyIJbW9yb2dyaWxskgEKcmVzdGF1cmFudOABAA!16s%2Fg%2F11s195xvnt?entry=ttu&g_ep=EgoyMDI2MDgwNS4xIKXMDSoASAFQAw%3D%3D","5",,"Guayacanes 310 entre la 3ra y la cuarta","false","El sartenazo lo máximo 🙌🏻👌🏻",,"MoroGrill - Urdesa","4.3",,"https://www.google.com/maps/search/?api=1&query=MoroGrill%20-%20Urdesa&query_place_id=ChIJL98Pbn9tLZARLdAzBPfQUGg",
"Guayacanes 310 entre la 3ra y la cuarta, 090507 Guayaquil, Ecuador","Restaurante","Restaurante","7516737537427361837","Guayaquil","EC","0x902d6d7f6e0fdf2f:0x6850d0f70433d02d",,"https://lh3.googleusercontent.com/gps-cs-s/AHRPTWmMp-Z0_3QQ_yB8KLvsC7YNBSBPmiMENigeIP1pKNoaU4PYGt-5zyRaGCh-CsO44Y3kcpIxqHcBqttYJWLA5KCtyE5NJnR8gw8Bqvt4CrdbhiyyIURUrsmZ7pVmXDmIjx49cILr0Q=w408-h408-k-no","false","false","/g/11s195xvnt","es-419","0","-2.1656068","-79.9093192",,"Urdesa",,"false","ChIJL98Pbn9tLZARLdAzBPfQUGg","090507","$10-15","Hace un año","2025-07-31T03:55:43.312Z",,,,,,,,,,,,,,,,,,,,"5","5","5","Ci9DQUlRQUNvZENodHljRjlvT214SmFUSkRjbVJWZVhSalVIQXdlVjloWlMwMWVVRRAB",,,,,,,,,,,,,,,,,,,,,,,,"Google",,,"0",,,"432","2026-08-08T17:19:42.857Z","Direct Detail URL: https://www.google.com/maps/place/MoroGrill+-+Urdesa/@-2.1348707,-79.8980443,13.81z/data=!4m10!1m2!2m1!1smorogrill!3m6!1s0x902d6d7f6e0fdf2f:0x6850d0f70433d02d!8m2!3d-2.1656068!4d-79.9093192!15sCgltb3JvZ3JpbGxaCyIJbW9yb2dyaWxskgEKcmVzdGF1cmFudOABAA!16s%2Fg%2F11s195xvnt?entry=ttu&g_ep=EgoyMDI2MDgwNS4xIKXMDSoASAFQAw%3D%3D","5",,"Guayacanes 310 entre la 3ra y la cuarta","false",,,"MoroGrill - Urdesa","4.3",,"https://www.google.com/maps/search/?api=1&query=MoroGrill%20-%20Urdesa&query_place_id=ChIJL98Pbn9tLZARLdAzBPfQUGg",
"Guayacanes 310 entre la 3ra y la cuarta, 090507 Guayaquil, Ecuador","Restaurante","Restaurante","7516737537427361837","Guayaquil","EC","0x902d6d7f6e0fdf2f:0x6850d0f70433d02d",,"https://lh3.googleusercontent.com/gps-cs-s/AHRPTWmMp-Z0_3QQ_yB8KLvsC7YNBSBPmiMENigeIP1pKNoaU4PYGt-5zyRaGCh-CsO44Y3kcpIxqHcBqttYJWLA5KCtyE5NJnR8gw8Bqvt4CrdbhiyyIURUrsmZ7pVmXDmIjx49cILr0Q=w408-h408-k-no","false","true","/g/11s195xvnt","es-419","0","-2.1656068","-79.9093192",,"Urdesa","es","false","ChIJL98Pbn9tLZARLdAzBPfQUGg","090507","$10-15","Hace un año","2025-07-31T00:22:13.766Z",,,,,,,,,,,,,,,,,,,,"5","5","5","Ci9DQUlRQUNvZENodHljRjlvT21OYVJHRXRaekYxU1RSV1QzSkVWa05YZUdOSlNGRRAB","https://lh3.googleusercontent.com/grass-cs/ACvplmMuwZIPqJe64yOohjMyIlfPkv3qL2ytU_Ir83JXo_pdg8mbEnUmJkS8bWU7O4Qu_84k0_cmqVFEY_RQvmw7Ma_4ahNNFbghncIgQeg-Z_Grfmcioe5ppO6n-iEzyRPAUXY73CrYu5ArU74K=k-no",,,,,,,,,,,,,,,,,,,,,,,"Google",,,"27",,,"432","2026-08-08T17:19:42.857Z","Direct Detail URL: https://www.google.com/maps/place/MoroGrill+-+Urdesa/@-2.1348707,-79.8980443,13.81z/data=!4m10!1m2!2m1!1smorogrill!3m6!1s0x902d6d7f6e0fdf2f:0x6850d0f70433d02d!8m2!3d-2.1656068!4d-79.9093192!15sCgltb3JvZ3JpbGxaCyIJbW9yb2dyaWxskgEKcmVzdGF1cmFudOABAA!16s%2Fg%2F11s195xvnt?entry=ttu&g_ep=EgoyMDI2MDgwNS4xIKXMDSoASAFQAw%3D%3D","5",,"Guayacanes 310 entre la 3ra y la cuarta","false","Muy bueno recomendado",,"MoroGrill - Urdesa","4.3",,"https://www.google.com/maps/search/?api=1&query=MoroGrill%20-%20Urdesa&query_place_id=ChIJL98Pbn9tLZARLdAzBPfQUGg",
"Guayacanes 310 entre la 3ra y la cuarta, 090507 Guayaquil, Ecuador","Restaurante","Restaurante","7516737537427361837","Guayaquil","EC","0x902d6d7f6e0fdf2f:0x6850d0f70433d02d",,"https://lh3.googleusercontent.com/gps-cs-s/AHRPTWmMp-Z0_3QQ_yB8KLvsC7YNBSBPmiMENigeIP1pKNoaU4PYGt-5zyRaGCh-CsO44Y3kcpIxqHcBqttYJWLA5KCtyE5NJnR8gw8Bqvt4CrdbhiyyIURUrsmZ7pVmXDmIjx49cILr0Q=w408-h408-k-no","false","false","/g/11s195xvnt","es-419","0","-2.1656068","-79.9093192",,"Urdesa",,"false","ChIJL98Pbn9tLZARLdAzBPfQUGg","090507","$10-15","Hace un año","2025-07-30T03:23:20.249Z",,,,,,,,,,,,,,,,,,,,,,,"Ci9DQUlRQUNvZENodHljRjlvT2tsb2JVeFVXRTF0TTJSME1HSjFPVnBLTUhkYVNsRRAB",,,,,,,,,,,,,,,,,,,,,,,,"Google",,,"3",,,"432","2026-08-08T17:19:42.857Z","Direct Detail URL: https://www.google.com/maps/place/MoroGrill+-+Urdesa/@-2.1348707,-79.8980443,13.81z/data=!4m10!1m2!2m1!1smorogrill!3m6!1s0x902d6d7f6e0fdf2f:0x6850d0f70433d02d!8m2!3d-2.1656068!4d-79.9093192!15sCgltb3JvZ3JpbGxaCyIJbW9yb2dyaWxskgEKcmVzdGF1cmFudOABAA!16s%2Fg%2F11s195xvnt?entry=ttu&g_ep=EgoyMDI2MDgwNS4xIKXMDSoASAFQAw%3D%3D","5",,"Guayacanes 310 entre la 3ra y la cuarta","false",,,"MoroGrill - Urdesa","4.3",,"https://www.google.com/maps/search/?api=1&query=MoroGrill%20-%20Urdesa&query_place_id=ChIJL98Pbn9tLZARLdAzBPfQUGg",
"Guayacanes 310 entre la 3ra y la cuarta, 090507 Guayaquil, Ecuador","Restaurante","Restaurante","7516737537427361837","Guayaquil","EC","0x902d6d7f6e0fdf2f:0x6850d0f70433d02d",,"https://lh3.googleusercontent.com/gps-cs-s/AHRPTWmMp-Z0_3QQ_yB8KLvsC7YNBSBPmiMENigeIP1pKNoaU4PYGt-5zyRaGCh-CsO44Y3kcpIxqHcBqttYJWLA5KCtyE5NJnR8gw8Bqvt4CrdbhiyyIURUrsmZ7pVmXDmIjx49cILr0Q=w408-h408-k-no","false","true","/g/11s195xvnt","es-419","0","-2.1656068","-79.9093192",,"Urdesa",,"false","ChIJL98Pbn9tLZARLdAzBPfQUGg","090507","$10-15","Hace un año","2025-07-26T05:22:10.039Z",,,,,,,,,,,,,,,,,,,,"4","5","4","Ci9DQUlRQUNvZENodHljRjlvT2tOdlQzUkNUMmxVUm5STlMwOUlXbFJFWHpkUWFrRRAB",,,,,,,,,,,,,,,,,,,,,,,,"Google",,,"439",,,"432","2026-08-08T17:19:42.857Z","Direct Detail URL: https://www.google.com/maps/place/MoroGrill+-+Urdesa/@-2.1348707,-79.8980443,13.81z/data=!4m10!1m2!2m1!1smorogrill!3m6!1s0x902d6d7f6e0fdf2f:0x6850d0f70433d02d!8m2!3d-2.1656068!4d-79.9093192!15sCgltb3JvZ3JpbGxaCyIJbW9yb2dyaWxskgEKcmVzdGF1cmFudOABAA!16s%2Fg%2F11s195xvnt?entry=ttu&g_ep=EgoyMDI2MDgwNS4xIKXMDSoASAFQAw%3D%3D","4",,"Guayacanes 310 entre la 3ra y la cuarta","false",,,"MoroGrill - Urdesa","4.3",,"https://www.google.com/maps/search/?api=1&query=MoroGrill%20-%20Urdesa&query_place_id=ChIJL98Pbn9tLZARLdAzBPfQUGg",
"Guayacanes 310 entre la 3ra y la cuarta, 090507 Guayaquil, Ecuador","Restaurante","Restaurante","7516737537427361837","Guayaquil","EC","0x902d6d7f6e0fdf2f:0x6850d0f70433d02d",,"https://lh3.googleusercontent.com/gps-cs-s/AHRPTWmMp-Z0_3QQ_yB8KLvsC7YNBSBPmiMENigeIP1pKNoaU4PYGt-5zyRaGCh-CsO44Y3kcpIxqHcBqttYJWLA5KCtyE5NJnR8gw8Bqvt4CrdbhiyyIURUrsmZ7pVmXDmIjx49cILr0Q=w408-h408-k-no","false","true","/g/11s195xvnt","es-419","0","-2.1656068","-79.9093192",,"Urdesa",,"false","ChIJL98Pbn9tLZARLdAzBPfQUGg","090507","$10-15","Hace un año","2025-07-15T14:31:51.057Z",,,,,,,,,"Ruido moderado",,,,"$10-15",,"Entre 5 y 8 personas","Sin espera",,,,"5","5","5","Ci9DQUlRQUNvZENodHljRjlvT2tKR1QwbzRNRmN0UVc5Qk9GcGlaV2M1ZUVSSVJtYxAB",,,,,,,,,,,,,,,,,,,,,,,,"Google",,,"2",,,"432","2026-08-08T17:19:42.857Z","Direct Detail URL: https://www.google.com/maps/place/MoroGrill+-+Urdesa/@-2.1348707,-79.8980443,13.81z/data=!4m10!1m2!2m1!1smorogrill!3m6!1s0x902d6d7f6e0fdf2f:0x6850d0f70433d02d!8m2!3d-2.1656068!4d-79.9093192!15sCgltb3JvZ3JpbGxaCyIJbW9yb2dyaWxskgEKcmVzdGF1cmFudOABAA!16s%2Fg%2F11s195xvnt?entry=ttu&g_ep=EgoyMDI2MDgwNS4xIKXMDSoASAFQAw%3D%3D","5",,"Guayacanes 310 entre la 3ra y la cuarta","false",,,"MoroGrill - Urdesa","4.3",,"https://www.google.com/maps/search/?api=1&query=MoroGrill%20-%20Urdesa&query_place_id=ChIJL98Pbn9tLZARLdAzBPfQUGg",
"Guayacanes 310 entre la 3ra y la cuarta, 090507 Guayaquil, Ecuador","Restaurante","Restaurante","7516737537427361837","Guayaquil","EC","0x902d6d7f6e0fdf2f:0x6850d0f70433d02d",,"https://lh3.googleusercontent.com/gps-cs-s/AHRPTWmMp-Z0_3QQ_yB8KLvsC7YNBSBPmiMENigeIP1pKNoaU4PYGt-5zyRaGCh-CsO44Y3kcpIxqHcBqttYJWLA5KCtyE5NJnR8gw8Bqvt4CrdbhiyyIURUrsmZ7pVmXDmIjx49cILr0Q=w408-h408-k-no","false","true","/g/11s195xvnt","es-419","0","-2.1656068","-79.9093192",,"Urdesa","es","false","ChIJL98Pbn9tLZARLdAzBPfQUGg","090507","$10-15","Hace un año","2025-07-05T18:05:46.710Z",,,,,,,,,,,,,,,,,,,,,,,"Ci9DQUlRQUNvZENodHljRjlvT2tOc2QyWnpRM2hUWDFWRmJ6ZFVRWFF5TnpkaVFrRRAB",,,,,,,,,,,,,,,,,,,,,,,,"Google",,,"19",,,"432","2026-08-08T17:19:42.857Z","Direct Detail URL: https://www.google.com/maps/place/MoroGrill+-+Urdesa/@-2.1348707,-79.8980443,13.81z/data=!4m10!1m2!2m1!1smorogrill!3m6!1s0x902d6d7f6e0fdf2f:0x6850d0f70433d02d!8m2!3d-2.1656068!4d-79.9093192!15sCgltb3JvZ3JpbGxaCyIJbW9yb2dyaWxskgEKcmVzdGF1cmFudOABAA!16s%2Fg%2F11s195xvnt?entry=ttu&g_ep=EgoyMDI2MDgwNS4xIKXMDSoASAFQAw%3D%3D","5",,"Guayacanes 310 entre la 3ra y la cuarta","false","Muy ricos los sartenazos 😋",,"MoroGrill - Urdesa","4.3",,"https://www.google.com/maps/search/?api=1&query=MoroGrill%20-%20Urdesa&query_place_id=ChIJL98Pbn9tLZARLdAzBPfQUGg",
"Guayacanes 310 entre la 3ra y la cuarta, 090507 Guayaquil, Ecuador","Restaurante","Restaurante","7516737537427361837","Guayaquil","EC","0x902d6d7f6e0fdf2f:0x6850d0f70433d02d",,"https://lh3.googleusercontent.com/gps-cs-s/AHRPTWmMp-Z0_3QQ_yB8KLvsC7YNBSBPmiMENigeIP1pKNoaU4PYGt-5zyRaGCh-CsO44Y3kcpIxqHcBqttYJWLA5KCtyE5NJnR8gw8Bqvt4CrdbhiyyIURUrsmZ7pVmXDmIjx49cILr0Q=w408-h408-k-no","false","true","/g/11s195xvnt","es-419","0","-2.1656068","-79.9093192",,"Urdesa","es","false","ChIJL98Pbn9tLZARLdAzBPfQUGg","090507","$10-15","Hace un año","2025-06-29T03:20:04.444Z",,,,,"Atienden muy bien a los niños!","Es un poco difícil encontrar estacionamiento",,,"Ruido moderado",,,,"$10-15",,,"Hasta 10 min",,,,"4","4","5","Ci9DQUlRQUNvZENodHljRjlvT21kblVXTXdYMGw2WVdKQlQxUnNiekZOWkdoVFNIYxAB",,,,,,,,,,,,,,,,,,,,,,,,"Google",,,"18",,,"432","2026-08-08T17:19:42.857Z","Direct Detail URL: https://www.google.com/maps/place/MoroGrill+-+Urdesa/@-2.1348707,-79.8980443,13.81z/data=!4m10!1m2!2m1!1smorogrill!3m6!1s0x902d6d7f6e0fdf2f:0x6850d0f70433d02d!8m2!3d-2.1656068!4d-79.9093192!15sCgltb3JvZ3JpbGxaCyIJbW9yb2dyaWxskgEKcmVzdGF1cmFudOABAA!16s%2Fg%2F11s195xvnt?entry=ttu&g_ep=EgoyMDI2MDgwNS4xIKXMDSoASAFQAw%3D%3D","4",,"Guayacanes 310 entre la 3ra y la cuarta","false","La atención muy buena!
El local estaba bonito, pero si le falta un poco a la comida, no es mala pero pusiera ser mejor. Precio bastante buenos.
Deberían prestar mas atención a la limpieza del baño.",,"MoroGrill - Urdesa","4.3",,"https://www.google.com/maps/search/?api=1&query=MoroGrill%20-%20Urdesa&query_place_id=ChIJL98Pbn9tLZARLdAzBPfQUGg",
"Guayacanes 310 entre la 3ra y la cuarta, 090507 Guayaquil, Ecuador","Restaurante","Restaurante","7516737537427361837","Guayaquil","EC","0x902d6d7f6e0fdf2f:0x6850d0f70433d02d",,"https://lh3.googleusercontent.com/gps-cs-s/AHRPTWmMp-Z0_3QQ_yB8KLvsC7YNBSBPmiMENigeIP1pKNoaU4PYGt-5zyRaGCh-CsO44Y3kcpIxqHcBqttYJWLA5KCtyE5NJnR8gw8Bqvt4CrdbhiyyIURUrsmZ7pVmXDmIjx49cILr0Q=w408-h408-k-no","false","true","/g/11s195xvnt","es-419","0","-2.1656068","-79.9093192",,"Urdesa",,"false","ChIJL98Pbn9tLZARLdAzBPfQUGg","090507","$10-15","Hace un año","2025-06-29T02:01:15.567Z",,,,,,,,,"Silencioso, agradable para conversar",,,,"$5-10",,"3 o 4 personas","Hasta 10 min",,,,"4","3","4","Ci9DQUlRQUNvZENodHljRjlvT2w5SmRITjRaRzFOUlUxc01HVnBNR0V6ZHpSbVdIYxAB",,,,,,,,,,,,,,,,,,,,,,,,"Google",,,"4",,,"432","2026-08-08T17:19:42.857Z","Direct Detail URL: https://www.google.com/maps/place/MoroGrill+-+Urdesa/@-2.1348707,-79.8980443,13.81z/data=!4m10!1m2!2m1!1smorogrill!3m6!1s0x902d6d7f6e0fdf2f:0x6850d0f70433d02d!8m2!3d-2.1656068!4d-79.9093192!15sCgltb3JvZ3JpbGxaCyIJbW9yb2dyaWxskgEKcmVzdGF1cmFudOABAA!16s%2Fg%2F11s195xvnt?entry=ttu&g_ep=EgoyMDI2MDgwNS4xIKXMDSoASAFQAw%3D%3D","4",,"Guayacanes 310 entre la 3ra y la cuarta","false",,,"MoroGrill - Urdesa","4.3",,"https://www.google.com/maps/search/?api=1&query=MoroGrill%20-%20Urdesa&query_place_id=ChIJL98Pbn9tLZARLdAzBPfQUGg",
"Guayacanes 310 entre la 3ra y la cuarta, 090507 Guayaquil, Ecuador","Restaurante","Restaurante","7516737537427361837","Guayaquil","EC","0x902d6d7f6e0fdf2f:0x6850d0f70433d02d",,"https://lh3.googleusercontent.com/gps-cs-s/AHRPTWmMp-Z0_3QQ_yB8KLvsC7YNBSBPmiMENigeIP1pKNoaU4PYGt-5zyRaGCh-CsO44Y3kcpIxqHcBqttYJWLA5KCtyE5NJnR8gw8Bqvt4CrdbhiyyIURUrsmZ7pVmXDmIjx49cILr0Q=w408-h408-k-no","false","true","/g/11s195xvnt","es-419","0","-2.1656068","-79.9093192",,"Urdesa","es","false","ChIJL98Pbn9tLZARLdAzBPfQUGg","090507","$10-15","Hace un año","2025-06-21T13:05:36.356Z",,"2025-06-22T05:17:25.000Z","❤️‍🔥❤️‍🔥❤️‍🔥 gracias por visitarnos y tan cool review😎 te esperamos pronto",,,,,,,,,,,,,,,,,"5","5","5","Ci9DQUlRQUNvZENodHljRjlvT25nNFMwOW9iRkJtY1VsQ05IZG9hbVZwVVd0eWJXYxAB","https://lh3.googleusercontent.com/grass-cs/ACvplmOfeYFrgeXJRvBnCKiidxC_Sx5yFIHUL-k5s6gDkwNRWTcjCDjIwC7MGtE7OKNAXutEhbiY2n2hYXdZ1rK4Po9tV5_4SQpUzpUSbcBEMWOK4xMUGFMwDoAN-BGa2T5BeZVmIHgFyY3xoVI=k-no","https://lh3.googleusercontent.com/grass-cs/ACvplmMogHR1byo-FxOHc819YJMIPrB234EsYeWEz-mICO1XJMVv50peQhho-QGh8V0cCxSDoHuhfAnJpyoU1BaoJ97QDXqPITHkyjBdfg2laMVQ-7XaLFWtwW7zLmUDQD-KRvIvxxAxv4ACiq2D=k-no","https://lh3.googleusercontent.com/grass-cs/ACvplmP7KlarH99-Bha6uLQY-mkxpnmJpQAelyNn8rmzWNiVufhbyCyb9D_g474psmizFXGhgT1oEcJF9CXK-a4Fh_Au3gpUw_twu1aynkBRybK77deYgn9rNnBK5vA2c5g07qQ0_Eg9Q0GZKZsh=k-no","https://lh3.googleusercontent.com/grass-cs/ACvplmNlVD85XBSqO-LjT7rrFGRf7OeSi-oYKBLQZVV1NGIV_KWoYICmh9VeaPJ0Y_VMJmf6e9tb-GazfztUvrHcGmJcZO9aQEf3xNBHoNZXXmzd1AA5DYd6pYPUeSbnmMabWUWDM2GVSKFSUj9W=k-no",,,,,,,,,,,,,,,,,,,,"Google",,,"87",,,"432","2026-08-08T17:19:42.857Z","Direct Detail URL: https://www.google.com/maps/place/MoroGrill+-+Urdesa/@-2.1348707,-79.8980443,13.81z/data=!4m10!1m2!2m1!1smorogrill!3m6!1s0x902d6d7f6e0fdf2f:0x6850d0f70433d02d!8m2!3d-2.1656068!4d-79.9093192!15sCgltb3JvZ3JpbGxaCyIJbW9yb2dyaWxskgEKcmVzdGF1cmFudOABAA!16s%2Fg%2F11s195xvnt?entry=ttu&g_ep=EgoyMDI2MDgwNS4xIKXMDSoASAFQAw%3D%3D","5",,"Guayacanes 310 entre la 3ra y la cuarta","false","Comida economía para mi punto de vista, buen ambiente, súper amable los meseros. Recomendado 10/10",,"MoroGrill - Urdesa","4.3",,"https://www.google.com/maps/search/?api=1&query=MoroGrill%20-%20Urdesa&query_place_id=ChIJL98Pbn9tLZARLdAzBPfQUGg",
"Guayacanes 310 entre la 3ra y la cuarta, 090507 Guayaquil, Ecuador","Restaurante","Restaurante","7516737537427361837","Guayaquil","EC","0x902d6d7f6e0fdf2f:0x6850d0f70433d02d",,"https://lh3.googleusercontent.com/gps-cs-s/AHRPTWmMp-Z0_3QQ_yB8KLvsC7YNBSBPmiMENigeIP1pKNoaU4PYGt-5zyRaGCh-CsO44Y3kcpIxqHcBqttYJWLA5KCtyE5NJnR8gw8Bqvt4CrdbhiyyIURUrsmZ7pVmXDmIjx49cILr0Q=w408-h408-k-no","false","true","/g/11s195xvnt","es-419","0","-2.1656068","-79.9093192",,"Urdesa",,"false","ChIJL98Pbn9tLZARLdAzBPfQUGg","090507","$10-15","Hace un año","2025-06-19T11:44:40.759Z",,,,,,,,,,,,,"$15-20","No se requiere hacer una reserva",,,"Comedor cubierto","Almuerzo",,,,,"Ci9DQUlRQUNvZENodHljRjlvT2sxUlpuY3dTbVV3TjFsTGQwRlBUV3hSWTNOeFQwRRAB",,,,,,,,,,,,,,,,,,,,,,,,"Google",,,"92",,,"432","2026-08-08T17:19:42.857Z","Direct Detail URL: https://www.google.com/maps/place/MoroGrill+-+Urdesa/@-2.1348707,-79.8980443,13.81z/data=!4m10!1m2!2m1!1smorogrill!3m6!1s0x902d6d7f6e0fdf2f:0x6850d0f70433d02d!8m2!3d-2.1656068!4d-79.9093192!15sCgltb3JvZ3JpbGxaCyIJbW9yb2dyaWxskgEKcmVzdGF1cmFudOABAA!16s%2Fg%2F11s195xvnt?entry=ttu&g_ep=EgoyMDI2MDgwNS4xIKXMDSoASAFQAw%3D%3D","4",,"Guayacanes 310 entre la 3ra y la cuarta","false",,,"MoroGrill - Urdesa","4.3",,"https://www.google.com/maps/search/?api=1&query=MoroGrill%20-%20Urdesa&query_place_id=ChIJL98Pbn9tLZARLdAzBPfQUGg",
"Guayacanes 310 entre la 3ra y la cuarta, 090507 Guayaquil, Ecuador","Restaurante","Restaurante","7516737537427361837","Guayaquil","EC","0x902d6d7f6e0fdf2f:0x6850d0f70433d02d",,"https://lh3.googleusercontent.com/gps-cs-s/AHRPTWmMp-Z0_3QQ_yB8KLvsC7YNBSBPmiMENigeIP1pKNoaU4PYGt-5zyRaGCh-CsO44Y3kcpIxqHcBqttYJWLA5KCtyE5NJnR8gw8Bqvt4CrdbhiyyIURUrsmZ7pVmXDmIjx49cILr0Q=w408-h408-k-no","false","true","/g/11s195xvnt","es-419","0","-2.1656068","-79.9093192",,"Urdesa",,"false","ChIJL98Pbn9tLZARLdAzBPfQUGg","090507","$10-15","Hace un año","2025-06-18T11:13:05.664Z",,,,,,,,,,,,,"$25-30",,,,,,,"4","4","4","Ci9DQUlRQUNvZENodHljRjlvT201RVJuTXljbTlJTUVodldVRjVPRGRRUVVWcFEwRRAB",,,,,,,,,,,,,,,,,,,,,,,,"Google",,,"115",,,"432","2026-08-08T17:19:42.857Z","Direct Detail URL: https://www.google.com/maps/place/MoroGrill+-+Urdesa/@-2.1348707,-79.8980443,13.81z/data=!4m10!1m2!2m1!1smorogrill!3m6!1s0x902d6d7f6e0fdf2f:0x6850d0f70433d02d!8m2!3d-2.1656068!4d-79.9093192!15sCgltb3JvZ3JpbGxaCyIJbW9yb2dyaWxskgEKcmVzdGF1cmFudOABAA!16s%2Fg%2F11s195xvnt?entry=ttu&g_ep=EgoyMDI2MDgwNS4xIKXMDSoASAFQAw%3D%3D","4",,"Guayacanes 310 entre la 3ra y la cuarta","false",,,"MoroGrill - Urdesa","4.3",,"https://www.google.com/maps/search/?api=1&query=MoroGrill%20-%20Urdesa&query_place_id=ChIJL98Pbn9tLZARLdAzBPfQUGg",
"Guayacanes 310 entre la 3ra y la cuarta, 090507 Guayaquil, Ecuador","Restaurante","Restaurante","7516737537427361837","Guayaquil","EC","0x902d6d7f6e0fdf2f:0x6850d0f70433d02d",,"https://lh3.googleusercontent.com/gps-cs-s/AHRPTWmMp-Z0_3QQ_yB8KLvsC7YNBSBPmiMENigeIP1pKNoaU4PYGt-5zyRaGCh-CsO44Y3kcpIxqHcBqttYJWLA5KCtyE5NJnR8gw8Bqvt4CrdbhiyyIURUrsmZ7pVmXDmIjx49cILr0Q=w408-h408-k-no","false","false","/g/11s195xvnt","es-419","0","-2.1656068","-79.9093192",,"Urdesa",,"false","ChIJL98Pbn9tLZARLdAzBPfQUGg","090507","$10-15","Hace un año","2025-06-13T23:52:06.190Z",,,,,,"Hay suficiente espacio",,,"Ruido moderado",,,,"$10-15",,"Apto para grupos de todos los tamaños","Hasta 10 min",,,,"5","5","5","ChdDSUhNMG9nS0VQYmc3NnJfMHRPbHNRRRAB",,,,,,,,,,,,,,,,,,,,,,,,"Google",,,"1",,,"432","2026-08-08T17:19:42.857Z","Direct Detail URL: https://www.google.com/maps/place/MoroGrill+-+Urdesa/@-2.1348707,-79.8980443,13.81z/data=!4m10!1m2!2m1!1smorogrill!3m6!1s0x902d6d7f6e0fdf2f:0x6850d0f70433d02d!8m2!3d-2.1656068!4d-79.9093192!15sCgltb3JvZ3JpbGxaCyIJbW9yb2dyaWxskgEKcmVzdGF1cmFudOABAA!16s%2Fg%2F11s195xvnt?entry=ttu&g_ep=EgoyMDI2MDgwNS4xIKXMDSoASAFQAw%3D%3D","5",,"Guayacanes 310 entre la 3ra y la cuarta","false",,,"MoroGrill - Urdesa","4.3",,"https://www.google.com/maps/search/?api=1&query=MoroGrill%20-%20Urdesa&query_place_id=ChIJL98Pbn9tLZARLdAzBPfQUGg",
"Guayacanes 310 entre la 3ra y la cuarta, 090507 Guayaquil, Ecuador","Restaurante","Restaurante","7516737537427361837","Guayaquil","EC","0x902d6d7f6e0fdf2f:0x6850d0f70433d02d",,"https://lh3.googleusercontent.com/gps-cs-s/AHRPTWmMp-Z0_3QQ_yB8KLvsC7YNBSBPmiMENigeIP1pKNoaU4PYGt-5zyRaGCh-CsO44Y3kcpIxqHcBqttYJWLA5KCtyE5NJnR8gw8Bqvt4CrdbhiyyIURUrsmZ7pVmXDmIjx49cILr0Q=w408-h408-k-no","false","false","/g/11s195xvnt","es-419","0","-2.1656068","-79.9093192",,"Urdesa",,"false","ChIJL98Pbn9tLZARLdAzBPfQUGg","090507","$10-15","Hace un año","2025-06-03T11:57:47.698Z",,,,,,,,,,,,,,,,,,,,"2","3","3","ChZDSUhNMG9nS0VJakF6UGJ5d2RDeE53EAE",,,,,,,,,,,,,,,,,,,,,,,,"Google",,,"4",,,"432","2026-08-08T17:19:42.857Z","Direct Detail URL: https://www.google.com/maps/place/MoroGrill+-+Urdesa/@-2.1348707,-79.8980443,13.81z/data=!4m10!1m2!2m1!1smorogrill!3m6!1s0x902d6d7f6e0fdf2f:0x6850d0f70433d02d!8m2!3d-2.1656068!4d-79.9093192!15sCgltb3JvZ3JpbGxaCyIJbW9yb2dyaWxskgEKcmVzdGF1cmFudOABAA!16s%2Fg%2F11s195xvnt?entry=ttu&g_ep=EgoyMDI2MDgwNS4xIKXMDSoASAFQAw%3D%3D","3",,"Guayacanes 310 entre la 3ra y la cuarta","false",,,"MoroGrill - Urdesa","4.3",,"https://www.google.com/maps/search/?api=1&query=MoroGrill%20-%20Urdesa&query_place_id=ChIJL98Pbn9tLZARLdAzBPfQUGg",
"Guayacanes 310 entre la 3ra y la cuarta, 090507 Guayaquil, Ecuador","Restaurante","Restaurante","7516737537427361837","Guayaquil","EC","0x902d6d7f6e0fdf2f:0x6850d0f70433d02d",,"https://lh3.googleusercontent.com/gps-cs-s/AHRPTWmMp-Z0_3QQ_yB8KLvsC7YNBSBPmiMENigeIP1pKNoaU4PYGt-5zyRaGCh-CsO44Y3kcpIxqHcBqttYJWLA5KCtyE5NJnR8gw8Bqvt4CrdbhiyyIURUrsmZ7pVmXDmIjx49cILr0Q=w408-h408-k-no","false","false","/g/11s195xvnt","es-419","0","-2.1656068","-79.9093192",,"Urdesa","es","false","ChIJL98Pbn9tLZARLdAzBPfQUGg","090507","$10-15","Hace un año","2025-06-03T01:43:25.910Z",,,,,,,,,,,,,"$30-35","Varía según la hora o el día",,"Sin espera",,"Cena",,"5","5","5","ChdDSUhNMG9nS0VMQzNuNU9nMDZ6OGlBRRAB",,,,,,,,,,,,,,,,,,,,,,,,"Google",,,"1",,,"432","2026-08-08T17:19:42.857Z","Direct Detail URL: https://www.google.com/maps/place/MoroGrill+-+Urdesa/@-2.1348707,-79.8980443,13.81z/data=!4m10!1m2!2m1!1smorogrill!3m6!1s0x902d6d7f6e0fdf2f:0x6850d0f70433d02d!8m2!3d-2.1656068!4d-79.9093192!15sCgltb3JvZ3JpbGxaCyIJbW9yb2dyaWxskgEKcmVzdGF1cmFudOABAA!16s%2Fg%2F11s195xvnt?entry=ttu&g_ep=EgoyMDI2MDgwNS4xIKXMDSoASAFQAw%3D%3D","5",,"Guayacanes 310 entre la 3ra y la cuarta","false","Excelente servicio",,"MoroGrill - Urdesa","4.3",,"https://www.google.com/maps/search/?api=1&query=MoroGrill%20-%20Urdesa&query_place_id=ChIJL98Pbn9tLZARLdAzBPfQUGg",
"Guayacanes 310 entre la 3ra y la cuarta, 090507 Guayaquil, Ecuador","Restaurante","Restaurante","7516737537427361837","Guayaquil","EC","0x902d6d7f6e0fdf2f:0x6850d0f70433d02d",,"https://lh3.googleusercontent.com/gps-cs-s/AHRPTWmMp-Z0_3QQ_yB8KLvsC7YNBSBPmiMENigeIP1pKNoaU4PYGt-5zyRaGCh-CsO44Y3kcpIxqHcBqttYJWLA5KCtyE5NJnR8gw8Bqvt4CrdbhiyyIURUrsmZ7pVmXDmIjx49cILr0Q=w408-h408-k-no","false","true","/g/11s195xvnt","es-419","0","-2.1656068","-79.9093192",,"Urdesa",,"false","ChIJL98Pbn9tLZARLdAzBPfQUGg","090507","$10-15","Hace un año","2025-05-28T20:56:40.740Z",,,,,,,,,"Silencioso, agradable para conversar",,,,"$10-15",,"Apto para grupos de todos los tamaños","Hasta 10 min",,,,"5","5","5","ChZDSUhNMG9nS0VKUEMwZTY4MnI3MEJnEAE",,,,,,,,,,,,,,,,,,,,,,,,"Google",,,"22",,,"432","2026-08-08T17:19:42.857Z","Direct Detail URL: https://www.google.com/maps/place/MoroGrill+-+Urdesa/@-2.1348707,-79.8980443,13.81z/data=!4m10!1m2!2m1!1smorogrill!3m6!1s0x902d6d7f6e0fdf2f:0x6850d0f70433d02d!8m2!3d-2.1656068!4d-79.9093192!15sCgltb3JvZ3JpbGxaCyIJbW9yb2dyaWxskgEKcmVzdGF1cmFudOABAA!16s%2Fg%2F11s195xvnt?entry=ttu&g_ep=EgoyMDI2MDgwNS4xIKXMDSoASAFQAw%3D%3D","5",,"Guayacanes 310 entre la 3ra y la cuarta","false",,,"MoroGrill - Urdesa","4.3",,"https://www.google.com/maps/search/?api=1&query=MoroGrill%20-%20Urdesa&query_place_id=ChIJL98Pbn9tLZARLdAzBPfQUGg",
"Guayacanes 310 entre la 3ra y la cuarta, 090507 Guayaquil, Ecuador","Restaurante","Restaurante","7516737537427361837","Guayaquil","EC","0x902d6d7f6e0fdf2f:0x6850d0f70433d02d",,"https://lh3.googleusercontent.com/gps-cs-s/AHRPTWmMp-Z0_3QQ_yB8KLvsC7YNBSBPmiMENigeIP1pKNoaU4PYGt-5zyRaGCh-CsO44Y3kcpIxqHcBqttYJWLA5KCtyE5NJnR8gw8Bqvt4CrdbhiyyIURUrsmZ7pVmXDmIjx49cILr0Q=w408-h408-k-no","false","false","/g/11s195xvnt","es-419","0","-2.1656068","-79.9093192",,"Urdesa",,"false","ChIJL98Pbn9tLZARLdAzBPfQUGg","090507","$10-15","Hace un año","2025-05-24T04:11:08.870Z",,,,,,,,,"Ruido moderado",,,,"$5-10","No se requiere hacer una reserva",,"Sin espera",,,,"5","5","5","ChdDSUhNMG9nS0VMM3Mtb0NzcEx1OThBRRAB",,,,,,,,,,,,,,,,,,,,,,,,"Google",,,"2",,,"432","2026-08-08T17:19:42.857Z","Direct Detail URL: https://www.google.com/maps/place/MoroGrill+-+Urdesa/@-2.1348707,-79.8980443,13.81z/data=!4m10!1m2!2m1!1smorogrill!3m6!1s0x902d6d7f6e0fdf2f:0x6850d0f70433d02d!8m2!3d-2.1656068!4d-79.9093192!15sCgltb3JvZ3JpbGxaCyIJbW9yb2dyaWxskgEKcmVzdGF1cmFudOABAA!16s%2Fg%2F11s195xvnt?entry=ttu&g_ep=EgoyMDI2MDgwNS4xIKXMDSoASAFQAw%3D%3D","5",,"Guayacanes 310 entre la 3ra y la cuarta","false",,,"MoroGrill - Urdesa","4.3",,"https://www.google.com/maps/search/?api=1&query=MoroGrill%20-%20Urdesa&query_place_id=ChIJL98Pbn9tLZARLdAzBPfQUGg",
"Guayacanes 310 entre la 3ra y la cuarta, 090507 Guayaquil, Ecuador","Restaurante","Restaurante","7516737537427361837","Guayaquil","EC","0x902d6d7f6e0fdf2f:0x6850d0f70433d02d",,"https://lh3.googleusercontent.com/gps-cs-s/AHRPTWmMp-Z0_3QQ_yB8KLvsC7YNBSBPmiMENigeIP1pKNoaU4PYGt-5zyRaGCh-CsO44Y3kcpIxqHcBqttYJWLA5KCtyE5NJnR8gw8Bqvt4CrdbhiyyIURUrsmZ7pVmXDmIjx49cILr0Q=w408-h408-k-no","false","false","/g/11s195xvnt","es-419","0","-2.1656068","-79.9093192",,"Urdesa",,"false","ChIJL98Pbn9tLZARLdAzBPfQUGg","090507","$10-15","Hace un año","2025-05-20T21:54:11.712Z",,,,,,,,,,,,,"$10-15",,,,,,,"5","5","5","ChZDSUhNMG9nS0VNdlg0THUwMmRYZ2JnEAE",,,,,,,,,,,,,,,,,,,,,,,,"Google",,,"1",,,"432","2026-08-08T17:19:42.857Z","Direct Detail URL: https://www.google.com/maps/place/MoroGrill+-+Urdesa/@-2.1348707,-79.8980443,13.81z/data=!4m10!1m2!2m1!1smorogrill!3m6!1s0x902d6d7f6e0fdf2f:0x6850d0f70433d02d!8m2!3d-2.1656068!4d-79.9093192!15sCgltb3JvZ3JpbGxaCyIJbW9yb2dyaWxskgEKcmVzdGF1cmFudOABAA!16s%2Fg%2F11s195xvnt?entry=ttu&g_ep=EgoyMDI2MDgwNS4xIKXMDSoASAFQAw%3D%3D","5",,"Guayacanes 310 entre la 3ra y la cuarta","false",,,"MoroGrill - Urdesa","4.3",,"https://www.google.com/maps/search/?api=1&query=MoroGrill%20-%20Urdesa&query_place_id=ChIJL98Pbn9tLZARLdAzBPfQUGg",
"Guayacanes 310 entre la 3ra y la cuarta, 090507 Guayaquil, Ecuador","Restaurante","Restaurante","7516737537427361837","Guayaquil","EC","0x902d6d7f6e0fdf2f:0x6850d0f70433d02d",,"https://lh3.googleusercontent.com/gps-cs-s/AHRPTWmMp-Z0_3QQ_yB8KLvsC7YNBSBPmiMENigeIP1pKNoaU4PYGt-5zyRaGCh-CsO44Y3kcpIxqHcBqttYJWLA5KCtyE5NJnR8gw8Bqvt4CrdbhiyyIURUrsmZ7pVmXDmIjx49cILr0Q=w408-h408-k-no","false","true","/g/11s195xvnt","es-419","0","-2.1656068","-79.9093192",,"Urdesa",,"false","ChIJL98Pbn9tLZARLdAzBPfQUGg","090507","$10-15","Hace un año","2025-05-19T23:00:48.047Z",,,,,,,,,,,,,,,,,,,,,,,"ChdDSUhNMG9nS0VNZXBscFRFbDVQS3ZRRRAB",,,,,,,,,,,,,,,,,,,,,,,,"Google",,,"147",,,"432","2026-08-08T17:19:42.857Z","Direct Detail URL: https://www.google.com/maps/place/MoroGrill+-+Urdesa/@-2.1348707,-79.8980443,13.81z/data=!4m10!1m2!2m1!1smorogrill!3m6!1s0x902d6d7f6e0fdf2f:0x6850d0f70433d02d!8m2!3d-2.1656068!4d-79.9093192!15sCgltb3JvZ3JpbGxaCyIJbW9yb2dyaWxskgEKcmVzdGF1cmFudOABAA!16s%2Fg%2F11s195xvnt?entry=ttu&g_ep=EgoyMDI2MDgwNS4xIKXMDSoASAFQAw%3D%3D","5",,"Guayacanes 310 entre la 3ra y la cuarta","false",,,"MoroGrill - Urdesa","4.3",,"https://www.google.com/maps/search/?api=1&query=MoroGrill%20-%20Urdesa&query_place_id=ChIJL98Pbn9tLZARLdAzBPfQUGg",
"Guayacanes 310 entre la 3ra y la cuarta, 090507 Guayaquil, Ecuador","Restaurante","Restaurante","7516737537427361837","Guayaquil","EC","0x902d6d7f6e0fdf2f:0x6850d0f70433d02d",,"https://lh3.googleusercontent.com/gps-cs-s/AHRPTWmMp-Z0_3QQ_yB8KLvsC7YNBSBPmiMENigeIP1pKNoaU4PYGt-5zyRaGCh-CsO44Y3kcpIxqHcBqttYJWLA5KCtyE5NJnR8gw8Bqvt4CrdbhiyyIURUrsmZ7pVmXDmIjx49cILr0Q=w408-h408-k-no","false","false","/g/11s195xvnt","es-419","0","-2.1656068","-79.9093192",,"Urdesa",,"false","ChIJL98Pbn9tLZARLdAzBPfQUGg","090507","$10-15","Hace un año","2025-05-16T02:52:02.226Z",,,,,,"Es un poco difícil encontrar estacionamiento",,,"Silencioso, agradable para conversar","Estacionamiento gratuito en la calle",,,"$20-25","No lo sé",,"De 30 a 60 min",,,,,,,"ChdDSUhNMG9nS0VJV2dsWURKb05PUmlBRRAB",,,,,,,,,,,,,,,,,,,,,,,,"Google",,,"3",,,"432","2026-08-08T17:19:42.857Z","Direct Detail URL: https://www.google.com/maps/place/MoroGrill+-+Urdesa/@-2.1348707,-79.8980443,13.81z/data=!4m10!1m2!2m1!1smorogrill!3m6!1s0x902d6d7f6e0fdf2f:0x6850d0f70433d02d!8m2!3d-2.1656068!4d-79.9093192!15sCgltb3JvZ3JpbGxaCyIJbW9yb2dyaWxskgEKcmVzdGF1cmFudOABAA!16s%2Fg%2F11s195xvnt?entry=ttu&g_ep=EgoyMDI2MDgwNS4xIKXMDSoASAFQAw%3D%3D","4",,"Guayacanes 310 entre la 3ra y la cuarta","false",,,"MoroGrill - Urdesa","4.3",,"https://www.google.com/maps/search/?api=1&query=MoroGrill%20-%20Urdesa&query_place_id=ChIJL98Pbn9tLZARLdAzBPfQUGg",
"Guayacanes 310 entre la 3ra y la cuarta, 090507 Guayaquil, Ecuador","Restaurante","Restaurante","7516737537427361837","Guayaquil","EC","0x902d6d7f6e0fdf2f:0x6850d0f70433d02d",,"https://lh3.googleusercontent.com/gps-cs-s/AHRPTWmMp-Z0_3QQ_yB8KLvsC7YNBSBPmiMENigeIP1pKNoaU4PYGt-5zyRaGCh-CsO44Y3kcpIxqHcBqttYJWLA5KCtyE5NJnR8gw8Bqvt4CrdbhiyyIURUrsmZ7pVmXDmIjx49cILr0Q=w408-h408-k-no","false","true","/g/11s195xvnt","es-419","0","-2.1656068","-79.9093192",,"Urdesa",,"false","ChIJL98Pbn9tLZARLdAzBPfQUGg","090507","$10-15","Hace un año","2025-05-15T05:11:23.190Z",,,,,,,,,"Silencioso, agradable para conversar",,,,"$10-15","No se requiere hacer una reserva",,"Sin espera",,,,"5","5","5","ChdDSUhNMG9nS0VLT2kzc0daN1p6cG5RRRAB",,,,,,,,,,,,,,,,,,,,,,,,"Google",,,"247",,,"432","2026-08-08T17:19:42.857Z","Direct Detail URL: https://www.google.com/maps/place/MoroGrill+-+Urdesa/@-2.1348707,-79.8980443,13.81z/data=!4m10!1m2!2m1!1smorogrill!3m6!1s0x902d6d7f6e0fdf2f:0x6850d0f70433d02d!8m2!3d-2.1656068!4d-79.9093192!15sCgltb3JvZ3JpbGxaCyIJbW9yb2dyaWxskgEKcmVzdGF1cmFudOABAA!16s%2Fg%2F11s195xvnt?entry=ttu&g_ep=EgoyMDI2MDgwNS4xIKXMDSoASAFQAw%3D%3D","5",,"Guayacanes 310 entre la 3ra y la cuarta","false",,,"MoroGrill - Urdesa","4.3",,"https://www.google.com/maps/search/?api=1&query=MoroGrill%20-%20Urdesa&query_place_id=ChIJL98Pbn9tLZARLdAzBPfQUGg",
"Guayacanes 310 entre la 3ra y la cuarta, 090507 Guayaquil, Ecuador","Restaurante","Restaurante","7516737537427361837","Guayaquil","EC","0x902d6d7f6e0fdf2f:0x6850d0f70433d02d",,"https://lh3.googleusercontent.com/gps-cs-s/AHRPTWmMp-Z0_3QQ_yB8KLvsC7YNBSBPmiMENigeIP1pKNoaU4PYGt-5zyRaGCh-CsO44Y3kcpIxqHcBqttYJWLA5KCtyE5NJnR8gw8Bqvt4CrdbhiyyIURUrsmZ7pVmXDmIjx49cILr0Q=w408-h408-k-no","false","true","/g/11s195xvnt","es-419","0","-2.1656068","-79.9093192",,"Urdesa",,"false","ChIJL98Pbn9tLZARLdAzBPfQUGg","090507","$10-15","Hace un año","2025-05-13T04:22:39.723Z",,,,,,,,,,,,,,,,,,,,,,,"ChdDSUhNMG9nS0VNbjQ5LWZ4cExuUGpnRRAB",,,,,,,,,,,,,,,,,,,,,,,,"Google",,,"52",,,"432","2026-08-08T17:19:42.857Z","Direct Detail URL: https://www.google.com/maps/place/MoroGrill+-+Urdesa/@-2.1348707,-79.8980443,13.81z/data=!4m10!1m2!2m1!1smorogrill!3m6!1s0x902d6d7f6e0fdf2f:0x6850d0f70433d02d!8m2!3d-2.1656068!4d-79.9093192!15sCgltb3JvZ3JpbGxaCyIJbW9yb2dyaWxskgEKcmVzdGF1cmFudOABAA!16s%2Fg%2F11s195xvnt?entry=ttu&g_ep=EgoyMDI2MDgwNS4xIKXMDSoASAFQAw%3D%3D","5",,"Guayacanes 310 entre la 3ra y la cuarta","false",,,"MoroGrill - Urdesa","4.3",,"https://www.google.com/maps/search/?api=1&query=MoroGrill%20-%20Urdesa&query_place_id=ChIJL98Pbn9tLZARLdAzBPfQUGg",
"Guayacanes 310 entre la 3ra y la cuarta, 090507 Guayaquil, Ecuador","Restaurante","Restaurante","7516737537427361837","Guayaquil","EC","0x902d6d7f6e0fdf2f:0x6850d0f70433d02d",,"https://lh3.googleusercontent.com/gps-cs-s/AHRPTWmMp-Z0_3QQ_yB8KLvsC7YNBSBPmiMENigeIP1pKNoaU4PYGt-5zyRaGCh-CsO44Y3kcpIxqHcBqttYJWLA5KCtyE5NJnR8gw8Bqvt4CrdbhiyyIURUrsmZ7pVmXDmIjx49cILr0Q=w408-h408-k-no","false","false","/g/11s195xvnt","es-419","0","-2.1656068","-79.9093192",,"Urdesa",,"false","ChIJL98Pbn9tLZARLdAzBPfQUGg","090507","$10-15","Hace un año","2025-05-11T20:27:49.200Z",,"2025-05-13T02:18:00.000Z","❤️‍🔥❤️‍🔥",,,,,,,,,,,,,,,,,,,,"ChdDSUhNMG9nS0VLck45Sy10LWNLSndnRRAB",,,,,,,,,,,,,,,,,,,,,,,,"Google",,,"6",,,"432","2026-08-08T17:19:42.857Z","Direct Detail URL: https://www.google.com/maps/place/MoroGrill+-+Urdesa/@-2.1348707,-79.8980443,13.81z/data=!4m10!1m2!2m1!1smorogrill!3m6!1s0x902d6d7f6e0fdf2f:0x6850d0f70433d02d!8m2!3d-2.1656068!4d-79.9093192!15sCgltb3JvZ3JpbGxaCyIJbW9yb2dyaWxskgEKcmVzdGF1cmFudOABAA!16s%2Fg%2F11s195xvnt?entry=ttu&g_ep=EgoyMDI2MDgwNS4xIKXMDSoASAFQAw%3D%3D","5",,"Guayacanes 310 entre la 3ra y la cuarta","false",,,"MoroGrill - Urdesa","4.3",,"https://www.google.com/maps/search/?api=1&query=MoroGrill%20-%20Urdesa&query_place_id=ChIJL98Pbn9tLZARLdAzBPfQUGg",
"Guayacanes 310 entre la 3ra y la cuarta, 090507 Guayaquil, Ecuador","Restaurante","Restaurante","7516737537427361837","Guayaquil","EC","0x902d6d7f6e0fdf2f:0x6850d0f70433d02d",,"https://lh3.googleusercontent.com/gps-cs-s/AHRPTWmMp-Z0_3QQ_yB8KLvsC7YNBSBPmiMENigeIP1pKNoaU4PYGt-5zyRaGCh-CsO44Y3kcpIxqHcBqttYJWLA5KCtyE5NJnR8gw8Bqvt4CrdbhiyyIURUrsmZ7pVmXDmIjx49cILr0Q=w408-h408-k-no","false","true","/g/11s195xvnt","es-419","0","-2.1656068","-79.9093192",,"Urdesa",,"false","ChIJL98Pbn9tLZARLdAzBPfQUGg","090507","$10-15","Hace un año","2025-05-09T17:07:58.985Z",,,,,,,,,,,,,,,,,,,,,,,"ChdDSUhNMG9nS0VLZXptZWVEMWVXTXdRRRAB",,,,,,,,,,,,,,,,,,,,,,,,"Google",,,"8",,,"432","2026-08-08T17:19:42.857Z","Direct Detail URL: https://www.google.com/maps/place/MoroGrill+-+Urdesa/@-2.1348707,-79.8980443,13.81z/data=!4m10!1m2!2m1!1smorogrill!3m6!1s0x902d6d7f6e0fdf2f:0x6850d0f70433d02d!8m2!3d-2.1656068!4d-79.9093192!15sCgltb3JvZ3JpbGxaCyIJbW9yb2dyaWxskgEKcmVzdGF1cmFudOABAA!16s%2Fg%2F11s195xvnt?entry=ttu&g_ep=EgoyMDI2MDgwNS4xIKXMDSoASAFQAw%3D%3D","5",,"Guayacanes 310 entre la 3ra y la cuarta","false",,,"MoroGrill - Urdesa","4.3",,"https://www.google.com/maps/search/?api=1&query=MoroGrill%20-%20Urdesa&query_place_id=ChIJL98Pbn9tLZARLdAzBPfQUGg",
"Guayacanes 310 entre la 3ra y la cuarta, 090507 Guayaquil, Ecuador","Restaurante","Restaurante","7516737537427361837","Guayaquil","EC","0x902d6d7f6e0fdf2f:0x6850d0f70433d02d",,"https://lh3.googleusercontent.com/gps-cs-s/AHRPTWmMp-Z0_3QQ_yB8KLvsC7YNBSBPmiMENigeIP1pKNoaU4PYGt-5zyRaGCh-CsO44Y3kcpIxqHcBqttYJWLA5KCtyE5NJnR8gw8Bqvt4CrdbhiyyIURUrsmZ7pVmXDmIjx49cILr0Q=w408-h408-k-no","false","true","/g/11s195xvnt","es-419","0","-2.1656068","-79.9093192",,"Urdesa",,"false","ChIJL98Pbn9tLZARLdAzBPfQUGg","090507","$10-15","Hace un año","2025-05-03T19:41:03.396Z",,"2025-05-13T02:19:10.000Z","Gracias por visitarnos te esperamos pronto ❤️‍🔥",,,,,,"Silencioso, agradable para conversar",,,,"$10-15",,"Más de 9 personas","Sin espera",,,,,,,"ChZDSUhNMG9nS0VJQ0FnTUNZLXJPS0dBEAE",,,,,,,,,,,,,,,,,,,,,,,,"Google",,,"50",,,"432","2026-08-08T17:19:42.857Z","Direct Detail URL: https://www.google.com/maps/place/MoroGrill+-+Urdesa/@-2.1348707,-79.8980443,13.81z/data=!4m10!1m2!2m1!1smorogrill!3m6!1s0x902d6d7f6e0fdf2f:0x6850d0f70433d02d!8m2!3d-2.1656068!4d-79.9093192!15sCgltb3JvZ3JpbGxaCyIJbW9yb2dyaWxskgEKcmVzdGF1cmFudOABAA!16s%2Fg%2F11s195xvnt?entry=ttu&g_ep=EgoyMDI2MDgwNS4xIKXMDSoASAFQAw%3D%3D","5",,"Guayacanes 310 entre la 3ra y la cuarta","false",,,"MoroGrill - Urdesa","4.3",,"https://www.google.com/maps/search/?api=1&query=MoroGrill%20-%20Urdesa&query_place_id=ChIJL98Pbn9tLZARLdAzBPfQUGg",
"Guayacanes 310 entre la 3ra y la cuarta, 090507 Guayaquil, Ecuador","Restaurante","Restaurante","7516737537427361837","Guayaquil","EC","0x902d6d7f6e0fdf2f:0x6850d0f70433d02d",,"https://lh3.googleusercontent.com/gps-cs-s/AHRPTWmMp-Z0_3QQ_yB8KLvsC7YNBSBPmiMENigeIP1pKNoaU4PYGt-5zyRaGCh-CsO44Y3kcpIxqHcBqttYJWLA5KCtyE5NJnR8gw8Bqvt4CrdbhiyyIURUrsmZ7pVmXDmIjx49cILr0Q=w408-h408-k-no","false","true","/g/11s195xvnt","es-419","0","-2.1656068","-79.9093192",,"Urdesa",,"false","ChIJL98Pbn9tLZARLdAzBPfQUGg","090507","$10-15","Hace un año","2025-04-25T03:36:11.927Z",,,,,,,,,,,,,,,,,,,,,,,"ChZDSUhNMG9nS0VJQ0FnTURvN3FqQU93EAE",,,,,,,,,,,,,,,,,,,,,,,,"Google",,,"58",,,"432","2026-08-08T17:19:42.857Z","Direct Detail URL: https://www.google.com/maps/place/MoroGrill+-+Urdesa/@-2.1348707,-79.8980443,13.81z/data=!4m10!1m2!2m1!1smorogrill!3m6!1s0x902d6d7f6e0fdf2f:0x6850d0f70433d02d!8m2!3d-2.1656068!4d-79.9093192!15sCgltb3JvZ3JpbGxaCyIJbW9yb2dyaWxskgEKcmVzdGF1cmFudOABAA!16s%2Fg%2F11s195xvnt?entry=ttu&g_ep=EgoyMDI2MDgwNS4xIKXMDSoASAFQAw%3D%3D","4",,"Guayacanes 310 entre la 3ra y la cuarta","false",,,"MoroGrill - Urdesa","4.3",,"https://www.google.com/maps/search/?api=1&query=MoroGrill%20-%20Urdesa&query_place_id=ChIJL98Pbn9tLZARLdAzBPfQUGg",
"Guayacanes 310 entre la 3ra y la cuarta, 090507 Guayaquil, Ecuador","Restaurante","Restaurante","7516737537427361837","Guayaquil","EC","0x902d6d7f6e0fdf2f:0x6850d0f70433d02d",,"https://lh3.googleusercontent.com/gps-cs-s/AHRPTWmMp-Z0_3QQ_yB8KLvsC7YNBSBPmiMENigeIP1pKNoaU4PYGt-5zyRaGCh-CsO44Y3kcpIxqHcBqttYJWLA5KCtyE5NJnR8gw8Bqvt4CrdbhiyyIURUrsmZ7pVmXDmIjx49cILr0Q=w408-h408-k-no","false","true","/g/11s195xvnt","es-419","0","-2.1656068","-79.9093192",,"Urdesa","es","false","ChIJL98Pbn9tLZARLdAzBPfQUGg","090507","$10-15","Hace un año","2025-04-24T00:37:31.909Z",,,,,,,,,,,,,,,,,,,,"4","3","3","ChdDSUhNMG9nS0VJQ0FnTURvMm95cWpBRRAB",,,,,,,,,,,,,,,,,,,,,,,,"Google",,,"72",,,"432","2026-08-08T17:19:42.857Z","Direct Detail URL: https://www.google.com/maps/place/MoroGrill+-+Urdesa/@-2.1348707,-79.8980443,13.81z/data=!4m10!1m2!2m1!1smorogrill!3m6!1s0x902d6d7f6e0fdf2f:0x6850d0f70433d02d!8m2!3d-2.1656068!4d-79.9093192!15sCgltb3JvZ3JpbGxaCyIJbW9yb2dyaWxskgEKcmVzdGF1cmFudOABAA!16s%2Fg%2F11s195xvnt?entry=ttu&g_ep=EgoyMDI2MDgwNS4xIKXMDSoASAFQAw%3D%3D","4",,"Guayacanes 310 entre la 3ra y la cuarta","false","La primera vez comí en samborondon estuvo espectacular. Esta vez me quedaron debiendo en urdesa.",,"MoroGrill - Urdesa","4.3",,"https://www.google.com/maps/search/?api=1&query=MoroGrill%20-%20Urdesa&query_place_id=ChIJL98Pbn9tLZARLdAzBPfQUGg",
"Guayacanes 310 entre la 3ra y la cuarta, 090507 Guayaquil, Ecuador","Restaurante","Restaurante","7516737537427361837","Guayaquil","EC","0x902d6d7f6e0fdf2f:0x6850d0f70433d02d",,"https://lh3.googleusercontent.com/gps-cs-s/AHRPTWmMp-Z0_3QQ_yB8KLvsC7YNBSBPmiMENigeIP1pKNoaU4PYGt-5zyRaGCh-CsO44Y3kcpIxqHcBqttYJWLA5KCtyE5NJnR8gw8Bqvt4CrdbhiyyIURUrsmZ7pVmXDmIjx49cILr0Q=w408-h408-k-no","false","true","/g/11s195xvnt","es-419","0","-2.1656068","-79.9093192",,"Urdesa",,"false","ChIJL98Pbn9tLZARLdAzBPfQUGg","090507","$10-15","Hace un año","2025-04-23T14:46:19.652Z",,,,,,,,,,,,,,,,,,,,"4","4","5","ChdDSUhNMG9nS0VJQ0FnTURvOHNuZjh3RRAB",,,,,,,,,,,,,,,,,,,,,,,,"Google",,,"9",,,"432","2026-08-08T17:19:42.857Z","Direct Detail URL: https://www.google.com/maps/place/MoroGrill+-+Urdesa/@-2.1348707,-79.8980443,13.81z/data=!4m10!1m2!2m1!1smorogrill!3m6!1s0x902d6d7f6e0fdf2f:0x6850d0f70433d02d!8m2!3d-2.1656068!4d-79.9093192!15sCgltb3JvZ3JpbGxaCyIJbW9yb2dyaWxskgEKcmVzdGF1cmFudOABAA!16s%2Fg%2F11s195xvnt?entry=ttu&g_ep=EgoyMDI2MDgwNS4xIKXMDSoASAFQAw%3D%3D","5",,"Guayacanes 310 entre la 3ra y la cuarta","false",,,"MoroGrill - Urdesa","4.3",,"https://www.google.com/maps/search/?api=1&query=MoroGrill%20-%20Urdesa&query_place_id=ChIJL98Pbn9tLZARLdAzBPfQUGg",
"Guayacanes 310 entre la 3ra y la cuarta, 090507 Guayaquil, Ecuador","Restaurante","Restaurante","7516737537427361837","Guayaquil","EC","0x902d6d7f6e0fdf2f:0x6850d0f70433d02d",,"https://lh3.googleusercontent.com/gps-cs-s/AHRPTWmMp-Z0_3QQ_yB8KLvsC7YNBSBPmiMENigeIP1pKNoaU4PYGt-5zyRaGCh-CsO44Y3kcpIxqHcBqttYJWLA5KCtyE5NJnR8gw8Bqvt4CrdbhiyyIURUrsmZ7pVmXDmIjx49cILr0Q=w408-h408-k-no","false","true","/g/11s195xvnt","es-419","0","-2.1656068","-79.9093192",,"Urdesa","es","false","ChIJL98Pbn9tLZARLdAzBPfQUGg","090507","$10-15","Hace un año","2025-04-05T12:30:54.879Z",,,,,,,,,,,,,"$10-15",,,,,"Cena","Consumo en el lugar","5","3","5","ChdDSUhNMG9nS0VJQ0FnTUNJOS1lMm13RRAB",,,,,,,,,,,,,,,,,,,,,,,,"Google",,,"16",,,"432","2026-08-08T17:19:42.857Z","Direct Detail URL: https://www.google.com/maps/place/MoroGrill+-+Urdesa/@-2.1348707,-79.8980443,13.81z/data=!4m10!1m2!2m1!1smorogrill!3m6!1s0x902d6d7f6e0fdf2f:0x6850d0f70433d02d!8m2!3d-2.1656068!4d-79.9093192!15sCgltb3JvZ3JpbGxaCyIJbW9yb2dyaWxskgEKcmVzdGF1cmFudOABAA!16s%2Fg%2F11s195xvnt?entry=ttu&g_ep=EgoyMDI2MDgwNS4xIKXMDSoASAFQAw%3D%3D","4",,"Guayacanes 310 entre la 3ra y la cuarta","false","La comida, a mí parecer, es aceptable, el precio es de 9 a 12 por persona, si incluyes bebida. La atención es buena, pero no están muy atentos a tu pedido si son 2 personas. El ambiente lo considero bueno, pero puede ser mejor. Consideraría colocarle menos sal a la menestra.",,"MoroGrill - Urdesa","4.3",,"https://www.google.com/maps/search/?api=1&query=MoroGrill%20-%20Urdesa&query_place_id=ChIJL98Pbn9tLZARLdAzBPfQUGg",
"Guayacanes 310 entre la 3ra y la cuarta, 090507 Guayaquil, Ecuador","Restaurante","Restaurante","7516737537427361837","Guayaquil","EC","0x902d6d7f6e0fdf2f:0x6850d0f70433d02d",,"https://lh3.googleusercontent.com/gps-cs-s/AHRPTWmMp-Z0_3QQ_yB8KLvsC7YNBSBPmiMENigeIP1pKNoaU4PYGt-5zyRaGCh-CsO44Y3kcpIxqHcBqttYJWLA5KCtyE5NJnR8gw8Bqvt4CrdbhiyyIURUrsmZ7pVmXDmIjx49cILr0Q=w408-h408-k-no","false","true","/g/11s195xvnt","es-419","0","-2.1656068","-79.9093192",,"Urdesa",,"false","ChIJL98Pbn9tLZARLdAzBPfQUGg","090507","$10-15","Hace un año","2025-03-29T22:39:33.279Z",,"2025-03-29T22:45:08.000Z","Gracias por visitarnos Karla ❤️‍🔥",,,,,,,,,,,,,,,,,"4","4","4","ChZDSUhNMG9nS0VJQ0FnTUNJNktySkpnEAE",,,,,,,,,,,,,,,,,,,,,,,,"Google",,,"32",,,"432","2026-08-08T17:19:42.857Z","Direct Detail URL: https://www.google.com/maps/place/MoroGrill+-+Urdesa/@-2.1348707,-79.8980443,13.81z/data=!4m10!1m2!2m1!1smorogrill!3m6!1s0x902d6d7f6e0fdf2f:0x6850d0f70433d02d!8m2!3d-2.1656068!4d-79.9093192!15sCgltb3JvZ3JpbGxaCyIJbW9yb2dyaWxskgEKcmVzdGF1cmFudOABAA!16s%2Fg%2F11s195xvnt?entry=ttu&g_ep=EgoyMDI2MDgwNS4xIKXMDSoASAFQAw%3D%3D","4",,"Guayacanes 310 entre la 3ra y la cuarta","false",,,"MoroGrill - Urdesa","4.3",,"https://www.google.com/maps/search/?api=1&query=MoroGrill%20-%20Urdesa&query_place_id=ChIJL98Pbn9tLZARLdAzBPfQUGg",
"Guayacanes 310 entre la 3ra y la cuarta, 090507 Guayaquil, Ecuador","Restaurante","Restaurante","7516737537427361837","Guayaquil","EC","0x902d6d7f6e0fdf2f:0x6850d0f70433d02d",,"https://lh3.googleusercontent.com/gps-cs-s/AHRPTWmMp-Z0_3QQ_yB8KLvsC7YNBSBPmiMENigeIP1pKNoaU4PYGt-5zyRaGCh-CsO44Y3kcpIxqHcBqttYJWLA5KCtyE5NJnR8gw8Bqvt4CrdbhiyyIURUrsmZ7pVmXDmIjx49cILr0Q=w408-h408-k-no","false","false","/g/11s195xvnt","es-419","0","-2.1656068","-79.9093192",,"Urdesa",,"false","ChIJL98Pbn9tLZARLdAzBPfQUGg","090507","$10-15","Hace un año","2025-03-29T22:32:13.290Z",,"2025-03-29T22:42:33.000Z","❤️‍🔥❤️‍🔥❤️‍🔥",,,,,,,,,,,,,,,,,"5","5","5","ChZDSUhNMG9nS0VJQ0FnTUNJNk1LamF3EAE",,,,,,,,,,,,,,,,,,,,,,,,"Google",,,"3",,,"432","2026-08-08T17:19:42.857Z","Direct Detail URL: https://www.google.com/maps/place/MoroGrill+-+Urdesa/@-2.1348707,-79.8980443,13.81z/data=!4m10!1m2!2m1!1smorogrill!3m6!1s0x902d6d7f6e0fdf2f:0x6850d0f70433d02d!8m2!3d-2.1656068!4d-79.9093192!15sCgltb3JvZ3JpbGxaCyIJbW9yb2dyaWxskgEKcmVzdGF1cmFudOABAA!16s%2Fg%2F11s195xvnt?entry=ttu&g_ep=EgoyMDI2MDgwNS4xIKXMDSoASAFQAw%3D%3D","5",,"Guayacanes 310 entre la 3ra y la cuarta","false",,,"MoroGrill - Urdesa","4.3",,"https://www.google.com/maps/search/?api=1&query=MoroGrill%20-%20Urdesa&query_place_id=ChIJL98Pbn9tLZARLdAzBPfQUGg",
"Guayacanes 310 entre la 3ra y la cuarta, 090507 Guayaquil, Ecuador","Restaurante","Restaurante","7516737537427361837","Guayaquil","EC","0x902d6d7f6e0fdf2f:0x6850d0f70433d02d",,"https://lh3.googleusercontent.com/gps-cs-s/AHRPTWmMp-Z0_3QQ_yB8KLvsC7YNBSBPmiMENigeIP1pKNoaU4PYGt-5zyRaGCh-CsO44Y3kcpIxqHcBqttYJWLA5KCtyE5NJnR8gw8Bqvt4CrdbhiyyIURUrsmZ7pVmXDmIjx49cILr0Q=w408-h408-k-no","false","true","/g/11s195xvnt","es-419","0","-2.1656068","-79.9093192",,"Urdesa",,"false","ChIJL98Pbn9tLZARLdAzBPfQUGg","090507","$10-15","Hace un año","2025-03-29T13:36:33.893Z",,,,,,,,,,,"Sartenazo - Moro Manaba Co Menestra de frejol0",,"$15-20",,,,,"Cena","Consumo en el lugar","5","5","5","ChZDSUhNMG9nS0VJQ0FnTUNJb01mck9nEAE",,,,,,,,,,,,,,,,,,,,,,,,"Google",,,"30",,,"432","2026-08-08T17:19:42.857Z","Direct Detail URL: https://www.google.com/maps/place/MoroGrill+-+Urdesa/@-2.1348707,-79.8980443,13.81z/data=!4m10!1m2!2m1!1smorogrill!3m6!1s0x902d6d7f6e0fdf2f:0x6850d0f70433d02d!8m2!3d-2.1656068!4d-79.9093192!15sCgltb3JvZ3JpbGxaCyIJbW9yb2dyaWxskgEKcmVzdGF1cmFudOABAA!16s%2Fg%2F11s195xvnt?entry=ttu&g_ep=EgoyMDI2MDgwNS4xIKXMDSoASAFQAw%3D%3D","5",,"Guayacanes 310 entre la 3ra y la cuarta","false",,,"MoroGrill - Urdesa","4.3",,"https://www.google.com/maps/search/?api=1&query=MoroGrill%20-%20Urdesa&query_place_id=ChIJL98Pbn9tLZARLdAzBPfQUGg",
"Guayacanes 310 entre la 3ra y la cuarta, 090507 Guayaquil, Ecuador","Restaurante","Restaurante","7516737537427361837","Guayaquil","EC","0x902d6d7f6e0fdf2f:0x6850d0f70433d02d",,"https://lh3.googleusercontent.com/gps-cs-s/AHRPTWmMp-Z0_3QQ_yB8KLvsC7YNBSBPmiMENigeIP1pKNoaU4PYGt-5zyRaGCh-CsO44Y3kcpIxqHcBqttYJWLA5KCtyE5NJnR8gw8Bqvt4CrdbhiyyIURUrsmZ7pVmXDmIjx49cILr0Q=w408-h408-k-no","false","true","/g/11s195xvnt","es-419","0","-2.1656068","-79.9093192",,"Urdesa",,"false","ChIJL98Pbn9tLZARLdAzBPfQUGg","090507","$10-15","Hace un año","2025-03-28T15:58:59.951Z",,,,,,,,,,,,,"$10-15",,,,,"Cena","Consumo en el lugar","5","5","5","ChdDSUhNMG9nS0VJQ0FnTUR3aDRueXFRRRAB",,,,,,,,,,,,,,,,,,,,,,,,"Google",,,"19",,,"432","2026-08-08T17:19:42.857Z","Direct Detail URL: https://www.google.com/maps/place/MoroGrill+-+Urdesa/@-2.1348707,-79.8980443,13.81z/data=!4m10!1m2!2m1!1smorogrill!3m6!1s0x902d6d7f6e0fdf2f:0x6850d0f70433d02d!8m2!3d-2.1656068!4d-79.9093192!15sCgltb3JvZ3JpbGxaCyIJbW9yb2dyaWxskgEKcmVzdGF1cmFudOABAA!16s%2Fg%2F11s195xvnt?entry=ttu&g_ep=EgoyMDI2MDgwNS4xIKXMDSoASAFQAw%3D%3D","5",,"Guayacanes 310 entre la 3ra y la cuarta","false",,,"MoroGrill - Urdesa","4.3",,"https://www.google.com/maps/search/?api=1&query=MoroGrill%20-%20Urdesa&query_place_id=ChIJL98Pbn9tLZARLdAzBPfQUGg",
"Guayacanes 310 entre la 3ra y la cuarta, 090507 Guayaquil, Ecuador","Restaurante","Restaurante","7516737537427361837","Guayaquil","EC","0x902d6d7f6e0fdf2f:0x6850d0f70433d02d",,"https://lh3.googleusercontent.com/gps-cs-s/AHRPTWmMp-Z0_3QQ_yB8KLvsC7YNBSBPmiMENigeIP1pKNoaU4PYGt-5zyRaGCh-CsO44Y3kcpIxqHcBqttYJWLA5KCtyE5NJnR8gw8Bqvt4CrdbhiyyIURUrsmZ7pVmXDmIjx49cILr0Q=w408-h408-k-no","false","true","/g/11s195xvnt","es-419","0","-2.1656068","-79.9093192",,"Urdesa",,"false","ChIJL98Pbn9tLZARLdAzBPfQUGg","090507","$10-15","Hace un año","2025-03-28T10:10:06.151Z",,,,,,,,,,,,,,,,,,,,"5","5","5","ChdDSUhNMG9nS0VJQ0FnTUR3cTRldjVBRRAB",,,,,,,,,,,,,,,,,,,,,,,,"Google",,,"10",,,"432","2026-08-08T17:19:42.857Z","Direct Detail URL: https://www.google.com/maps/place/MoroGrill+-+Urdesa/@-2.1348707,-79.8980443,13.81z/data=!4m10!1m2!2m1!1smorogrill!3m6!1s0x902d6d7f6e0fdf2f:0x6850d0f70433d02d!8m2!3d-2.1656068!4d-79.9093192!15sCgltb3JvZ3JpbGxaCyIJbW9yb2dyaWxskgEKcmVzdGF1cmFudOABAA!16s%2Fg%2F11s195xvnt?entry=ttu&g_ep=EgoyMDI2MDgwNS4xIKXMDSoASAFQAw%3D%3D","5",,"Guayacanes 310 entre la 3ra y la cuarta","false",,,"MoroGrill - Urdesa","4.3",,"https://www.google.com/maps/search/?api=1&query=MoroGrill%20-%20Urdesa&query_place_id=ChIJL98Pbn9tLZARLdAzBPfQUGg",
"Guayacanes 310 entre la 3ra y la cuarta, 090507 Guayaquil, Ecuador","Restaurante","Restaurante","7516737537427361837","Guayaquil","EC","0x902d6d7f6e0fdf2f:0x6850d0f70433d02d",,"https://lh3.googleusercontent.com/gps-cs-s/AHRPTWmMp-Z0_3QQ_yB8KLvsC7YNBSBPmiMENigeIP1pKNoaU4PYGt-5zyRaGCh-CsO44Y3kcpIxqHcBqttYJWLA5KCtyE5NJnR8gw8Bqvt4CrdbhiyyIURUrsmZ7pVmXDmIjx49cILr0Q=w408-h408-k-no","false","true","/g/11s195xvnt","es-419","0","-2.1656068","-79.9093192",,"Urdesa","es","false","ChIJL98Pbn9tLZARLdAzBPfQUGg","090507","$10-15","Hace un año","2025-03-27T01:25:20.981Z",,,,,,,,,,,,,"$5-10",,,,,,,"4","5","3","ChdDSUhNMG9nS0VJQ0FnTUR3LWJINXN3RRAB",,,,,,,,,,,,,,,,,,,,,,,,"Google",,,"13",,,"432","2026-08-08T17:19:42.857Z","Direct Detail URL: https://www.google.com/maps/place/MoroGrill+-+Urdesa/@-2.1348707,-79.8980443,13.81z/data=!4m10!1m2!2m1!1smorogrill!3m6!1s0x902d6d7f6e0fdf2f:0x6850d0f70433d02d!8m2!3d-2.1656068!4d-79.9093192!15sCgltb3JvZ3JpbGxaCyIJbW9yb2dyaWxskgEKcmVzdGF1cmFudOABAA!16s%2Fg%2F11s195xvnt?entry=ttu&g_ep=EgoyMDI2MDgwNS4xIKXMDSoASAFQAw%3D%3D","5",,"Guayacanes 310 entre la 3ra y la cuarta","false","Demora en la preparación pero la comida super rica. Si regreso.",,"MoroGrill - Urdesa","4.3",,"https://www.google.com/maps/search/?api=1&query=MoroGrill%20-%20Urdesa&query_place_id=ChIJL98Pbn9tLZARLdAzBPfQUGg",
"Guayacanes 310 entre la 3ra y la cuarta, 090507 Guayaquil, Ecuador","Restaurante","Restaurante","7516737537427361837","Guayaquil","EC","0x902d6d7f6e0fdf2f:0x6850d0f70433d02d",,"https://lh3.googleusercontent.com/gps-cs-s/AHRPTWmMp-Z0_3QQ_yB8KLvsC7YNBSBPmiMENigeIP1pKNoaU4PYGt-5zyRaGCh-CsO44Y3kcpIxqHcBqttYJWLA5KCtyE5NJnR8gw8Bqvt4CrdbhiyyIURUrsmZ7pVmXDmIjx49cILr0Q=w408-h408-k-no","false","true","/g/11s195xvnt","es-419","0","-2.1656068","-79.9093192",,"Urdesa","es","false","ChIJL98Pbn9tLZARLdAzBPfQUGg","090507","$10-15","Hace un año","2025-03-14T18:34:33.549Z",,,,,,,,,,,"Sartenazo - Moro Manaba Co Menestra de frejol0",,"$10-15",,,,,"Cena","Consumo en el lugar","3","5","5","ChdDSUhNMG9nS0VJQ0FnTURRLTgzQnRnRRAB",,,,,,,,,,,,,,,,,,,,,,,,"Google",,,"59",,,"432","2026-08-08T17:19:42.857Z","Direct Detail URL: https://www.google.com/maps/place/MoroGrill+-+Urdesa/@-2.1348707,-79.8980443,13.81z/data=!4m10!1m2!2m1!1smorogrill!3m6!1s0x902d6d7f6e0fdf2f:0x6850d0f70433d02d!8m2!3d-2.1656068!4d-79.9093192!15sCgltb3JvZ3JpbGxaCyIJbW9yb2dyaWxskgEKcmVzdGF1cmFudOABAA!16s%2Fg%2F11s195xvnt?entry=ttu&g_ep=EgoyMDI2MDgwNS4xIKXMDSoASAFQAw%3D%3D","5",,"Guayacanes 310 entre la 3ra y la cuarta","false","Realmente una excelente atención, y los platos deliciosos, el sartenazo vale la pena, mejoraría un poco la ambientación, pero en general la comida y la atención 20 de 10",,"MoroGrill - Urdesa","4.3",,"https://www.google.com/maps/search/?api=1&query=MoroGrill%20-%20Urdesa&query_place_id=ChIJL98Pbn9tLZARLdAzBPfQUGg",
"Guayacanes 310 entre la 3ra y la cuarta, 090507 Guayaquil, Ecuador","Restaurante","Restaurante","7516737537427361837","Guayaquil","EC","0x902d6d7f6e0fdf2f:0x6850d0f70433d02d",,"https://lh3.googleusercontent.com/gps-cs-s/AHRPTWmMp-Z0_3QQ_yB8KLvsC7YNBSBPmiMENigeIP1pKNoaU4PYGt-5zyRaGCh-CsO44Y3kcpIxqHcBqttYJWLA5KCtyE5NJnR8gw8Bqvt4CrdbhiyyIURUrsmZ7pVmXDmIjx49cILr0Q=w408-h408-k-no","false","true","/g/11s195xvnt","es-419","0","-2.1656068","-79.9093192",,"Urdesa","es","false","ChIJL98Pbn9tLZARLdAzBPfQUGg","090507","$10-15","Hace un año","2025-03-10T17:25:20.596Z",,,,,,,,,,,,,"$10-15",,,,,"Cena","Consumo en el lugar","4","3","3","ChdDSUhNMG9nS0VJQ0FnTURRLXRHNnRBRRAB","https://lh3.googleusercontent.com/grass-cs/ACvplmMetZkZDp6mlw5PCDS6QMnJAU7GRQgXZhbRpIE3YnmttxHGGjzueLShBnYRBtJaI_KZUQ532cjnvdU_T-masKM6eGEv43AfX6IM4l-i_6hnmjjhxkfh48SLqnOvak2ndBPTLqI=k-no","https://lh3.googleusercontent.com/grass-cs/ACvplmMop7rrTRC8DAXnvy80yXW_cge8_49nhCIwpWfpXKgHj57Rwy_kPM7RqfX-LdZS33OQHZo-SfxVX_DeuphW09EWUv7wHdpwYU3QWomskmtzwpgKP0_V_9F-WxRjZWrw6pluuClA9g=k-no","https://lh3.googleusercontent.com/grass-cs/ACvplmOcs2AOCasuWg50LspS3_jcjCFcP6IqUeIVdh1Vm_JBSFaJNfKQWJnIyFeU__gKen9BkXc1XpCu0AZXk0W7A4RthO8d_SBSM5d8t2K7mgndjtfvlvmuu7eNUGvZm5rqX32z633E=k-no","https://lh3.googleusercontent.com/grass-cs/ACvplmNz1Ez_xVUFv9esA7Z46_hPVcu4HOTASqxGpDk-zUH_MvlkBLSyvH8mgU2DlJMFg52SBgyhBDQY2xKppB_ZORIE_zcjHSC5Ed-h6fV1f7t8jvqBimIQHx5v_wksPhwQuT1mX1vx2A=k-no",,,,,,,,,,,,,,,,,,,,"Google",,,"19",,,"432","2026-08-08T17:19:42.857Z","Direct Detail URL: https://www.google.com/maps/place/MoroGrill+-+Urdesa/@-2.1348707,-79.8980443,13.81z/data=!4m10!1m2!2m1!1smorogrill!3m6!1s0x902d6d7f6e0fdf2f:0x6850d0f70433d02d!8m2!3d-2.1656068!4d-79.9093192!15sCgltb3JvZ3JpbGxaCyIJbW9yb2dyaWxskgEKcmVzdGF1cmFudOABAA!16s%2Fg%2F11s195xvnt?entry=ttu&g_ep=EgoyMDI2MDgwNS4xIKXMDSoASAFQAw%3D%3D","3",,"Guayacanes 310 entre la 3ra y la cuarta","false","Fuimos temprano tipo 7pm un domingo , y nos dijeron que no tenían hielo para frozen , y pedimos un jugo y era más agua y hielo que jugo .

La comida como sabor no estaba mal , Pero esperaba mejor sabor adicional sentimos que le faltaba un poco de sal a las cosas .

El tuko de papa , la papa está un poco dura",,"MoroGrill - Urdesa","4.3",,"https://www.google.com/maps/search/?api=1&query=MoroGrill%20-%20Urdesa&query_place_id=ChIJL98Pbn9tLZARLdAzBPfQUGg",
"Guayacanes 310 entre la 3ra y la cuarta, 090507 Guayaquil, Ecuador","Restaurante","Restaurante","7516737537427361837","Guayaquil","EC","0x902d6d7f6e0fdf2f:0x6850d0f70433d02d",,"https://lh3.googleusercontent.com/gps-cs-s/AHRPTWmMp-Z0_3QQ_yB8KLvsC7YNBSBPmiMENigeIP1pKNoaU4PYGt-5zyRaGCh-CsO44Y3kcpIxqHcBqttYJWLA5KCtyE5NJnR8gw8Bqvt4CrdbhiyyIURUrsmZ7pVmXDmIjx49cILr0Q=w408-h408-k-no","false","false","/g/11s195xvnt","es-419","0","-2.1656068","-79.9093192",,"Urdesa",,"false","ChIJL98Pbn9tLZARLdAzBPfQUGg","090507","$10-15","Hace un año","2025-03-06T11:36:30.264Z",,,,,,,,,,,,,,,,,,,,"4","4","4","ChZDSUhNMG9nS0VJQ0FnTUNRdGNtRFB3EAE",,,,,,,,,,,,,,,,,,,,,,,,"Google",,,"5",,,"432","2026-08-08T17:19:42.857Z","Direct Detail URL: https://www.google.com/maps/place/MoroGrill+-+Urdesa/@-2.1348707,-79.8980443,13.81z/data=!4m10!1m2!2m1!1smorogrill!3m6!1s0x902d6d7f6e0fdf2f:0x6850d0f70433d02d!8m2!3d-2.1656068!4d-79.9093192!15sCgltb3JvZ3JpbGxaCyIJbW9yb2dyaWxskgEKcmVzdGF1cmFudOABAA!16s%2Fg%2F11s195xvnt?entry=ttu&g_ep=EgoyMDI2MDgwNS4xIKXMDSoASAFQAw%3D%3D","5",,"Guayacanes 310 entre la 3ra y la cuarta","false",,,"MoroGrill - Urdesa","4.3",,"https://www.google.com/maps/search/?api=1&query=MoroGrill%20-%20Urdesa&query_place_id=ChIJL98Pbn9tLZARLdAzBPfQUGg",
"Guayacanes 310 entre la 3ra y la cuarta, 090507 Guayaquil, Ecuador","Restaurante","Restaurante","7516737537427361837","Guayaquil","EC","0x902d6d7f6e0fdf2f:0x6850d0f70433d02d",,"https://lh3.googleusercontent.com/gps-cs-s/AHRPTWmMp-Z0_3QQ_yB8KLvsC7YNBSBPmiMENigeIP1pKNoaU4PYGt-5zyRaGCh-CsO44Y3kcpIxqHcBqttYJWLA5KCtyE5NJnR8gw8Bqvt4CrdbhiyyIURUrsmZ7pVmXDmIjx49cILr0Q=w408-h408-k-no","false","true","/g/11s195xvnt","es-419","0","-2.1656068","-79.9093192",,"Urdesa","es","false","ChIJL98Pbn9tLZARLdAzBPfQUGg","090507","$10-15","Hace un año","2025-03-04T16:59:09.809Z",,,,,,,,,,,,,"$30-35",,,,,"Cena","Consumo en el lugar","5","5","5","ChdDSUhNMG9nS0VJQ0FnTUNRM3BmVjhBRRAB",,,,,,,,,,,,,,,,,,,,,,,,"Google",,,"16",,,"432","2026-08-08T17:19:42.857Z","Direct Detail URL: https://www.google.com/maps/place/MoroGrill+-+Urdesa/@-2.1348707,-79.8980443,13.81z/data=!4m10!1m2!2m1!1smorogrill!3m6!1s0x902d6d7f6e0fdf2f:0x6850d0f70433d02d!8m2!3d-2.1656068!4d-79.9093192!15sCgltb3JvZ3JpbGxaCyIJbW9yb2dyaWxskgEKcmVzdGF1cmFudOABAA!16s%2Fg%2F11s195xvnt?entry=ttu&g_ep=EgoyMDI2MDgwNS4xIKXMDSoASAFQAw%3D%3D","5",,"Guayacanes 310 entre la 3ra y la cuarta","false","Excelente experiencia, buen trato, buena atención y buena comida",,"MoroGrill - Urdesa","4.3",,"https://www.google.com/maps/search/?api=1&query=MoroGrill%20-%20Urdesa&query_place_id=ChIJL98Pbn9tLZARLdAzBPfQUGg",
"Guayacanes 310 entre la 3ra y la cuarta, 090507 Guayaquil, Ecuador","Restaurante","Restaurante","7516737537427361837","Guayaquil","EC","0x902d6d7f6e0fdf2f:0x6850d0f70433d02d",,"https://lh3.googleusercontent.com/gps-cs-s/AHRPTWmMp-Z0_3QQ_yB8KLvsC7YNBSBPmiMENigeIP1pKNoaU4PYGt-5zyRaGCh-CsO44Y3kcpIxqHcBqttYJWLA5KCtyE5NJnR8gw8Bqvt4CrdbhiyyIURUrsmZ7pVmXDmIjx49cILr0Q=w408-h408-k-no","false","false","/g/11s195xvnt","es-419","0","-2.1656068","-79.9093192",,"Urdesa","es","false","ChIJL98Pbn9tLZARLdAzBPfQUGg","090507","$10-15","Hace un año","2025-03-01T05:03:59.181Z",,,,,,,,,,,"Sartenazo - Moro Manaba Co Menestra de frejol0",,"Más de $50",,,,,"Cena","Consumo en el lugar","5","5","5","ChdDSUhNMG9nS0VJQ0FnTUNRNExIcHhnRRAB",,,,,,,,,,,,,,,,,,,,,,,,"Google",,,"1",,,"432","2026-08-08T17:19:42.857Z","Direct Detail URL: https://www.google.com/maps/place/MoroGrill+-+Urdesa/@-2.1348707,-79.8980443,13.81z/data=!4m10!1m2!2m1!1smorogrill!3m6!1s0x902d6d7f6e0fdf2f:0x6850d0f70433d02d!8m2!3d-2.1656068!4d-79.9093192!15sCgltb3JvZ3JpbGxaCyIJbW9yb2dyaWxskgEKcmVzdGF1cmFudOABAA!16s%2Fg%2F11s195xvnt?entry=ttu&g_ep=EgoyMDI2MDgwNS4xIKXMDSoASAFQAw%3D%3D","5",,"Guayacanes 310 entre la 3ra y la cuarta","false","Excelente servicio",,"MoroGrill - Urdesa","4.3",,"https://www.google.com/maps/search/?api=1&query=MoroGrill%20-%20Urdesa&query_place_id=ChIJL98Pbn9tLZARLdAzBPfQUGg",
"Guayacanes 310 entre la 3ra y la cuarta, 090507 Guayaquil, Ecuador","Restaurante","Restaurante","7516737537427361837","Guayaquil","EC","0x902d6d7f6e0fdf2f:0x6850d0f70433d02d",,"https://lh3.googleusercontent.com/gps-cs-s/AHRPTWmMp-Z0_3QQ_yB8KLvsC7YNBSBPmiMENigeIP1pKNoaU4PYGt-5zyRaGCh-CsO44Y3kcpIxqHcBqttYJWLA5KCtyE5NJnR8gw8Bqvt4CrdbhiyyIURUrsmZ7pVmXDmIjx49cILr0Q=w408-h408-k-no","false","false","/g/11s195xvnt","es-419","0","-2.1656068","-79.9093192",,"Urdesa",,"false","ChIJL98Pbn9tLZARLdAzBPfQUGg","090507","$10-15","Hace un año","2025-02-19T23:09:50.418Z",,,,,,,,,,,,,,,,,,,,"5","5","5","ChZDSUhNMG9nS0VJQ0FnTUNncloyaEtREAE",,,,,,,,,,,,,,,,,,,,,,,,"Google",,,"1",,,"432","2026-08-08T17:19:42.857Z","Direct Detail URL: https://www.google.com/maps/place/MoroGrill+-+Urdesa/@-2.1348707,-79.8980443,13.81z/data=!4m10!1m2!2m1!1smorogrill!3m6!1s0x902d6d7f6e0fdf2f:0x6850d0f70433d02d!8m2!3d-2.1656068!4d-79.9093192!15sCgltb3JvZ3JpbGxaCyIJbW9yb2dyaWxskgEKcmVzdGF1cmFudOABAA!16s%2Fg%2F11s195xvnt?entry=ttu&g_ep=EgoyMDI2MDgwNS4xIKXMDSoASAFQAw%3D%3D","5",,"Guayacanes 310 entre la 3ra y la cuarta","false",,,"MoroGrill - Urdesa","4.3",,"https://www.google.com/maps/search/?api=1&query=MoroGrill%20-%20Urdesa&query_place_id=ChIJL98Pbn9tLZARLdAzBPfQUGg",
"Guayacanes 310 entre la 3ra y la cuarta, 090507 Guayaquil, Ecuador","Restaurante","Restaurante","7516737537427361837","Guayaquil","EC","0x902d6d7f6e0fdf2f:0x6850d0f70433d02d",,"https://lh3.googleusercontent.com/gps-cs-s/AHRPTWmMp-Z0_3QQ_yB8KLvsC7YNBSBPmiMENigeIP1pKNoaU4PYGt-5zyRaGCh-CsO44Y3kcpIxqHcBqttYJWLA5KCtyE5NJnR8gw8Bqvt4CrdbhiyyIURUrsmZ7pVmXDmIjx49cILr0Q=w408-h408-k-no","false","false","/g/11s195xvnt","es-419","0","-2.1656068","-79.9093192",,"Urdesa","es","false","ChIJL98Pbn9tLZARLdAzBPfQUGg","090507","$10-15","Editado Hace un año","2025-02-19T21:01:08.676Z",,,,,,,,,,,"Sartenazo - Moro Manaba Co Menestra de frejol0",,,,,,,,,"5","5","5","ChZDSUhNMG9nS0VJQ0FnSURfNTU2ZEZREAE",,,,,,,,,,,,,,,,,,,,,,,,"Google",,,"6",,,"432","2026-08-08T17:19:42.857Z","Direct Detail URL: https://www.google.com/maps/place/MoroGrill+-+Urdesa/@-2.1348707,-79.8980443,13.81z/data=!4m10!1m2!2m1!1smorogrill!3m6!1s0x902d6d7f6e0fdf2f:0x6850d0f70433d02d!8m2!3d-2.1656068!4d-79.9093192!15sCgltb3JvZ3JpbGxaCyIJbW9yb2dyaWxskgEKcmVzdGF1cmFudOABAA!16s%2Fg%2F11s195xvnt?entry=ttu&g_ep=EgoyMDI2MDgwNS4xIKXMDSoASAFQAw%3D%3D","5",,"Guayacanes 310 entre la 3ra y la cuarta","false","Excelente",,"MoroGrill - Urdesa","4.3",,"https://www.google.com/maps/search/?api=1&query=MoroGrill%20-%20Urdesa&query_place_id=ChIJL98Pbn9tLZARLdAzBPfQUGg",
"Guayacanes 310 entre la 3ra y la cuarta, 090507 Guayaquil, Ecuador","Restaurante","Restaurante","7516737537427361837","Guayaquil","EC","0x902d6d7f6e0fdf2f:0x6850d0f70433d02d",,"https://lh3.googleusercontent.com/gps-cs-s/AHRPTWmMp-Z0_3QQ_yB8KLvsC7YNBSBPmiMENigeIP1pKNoaU4PYGt-5zyRaGCh-CsO44Y3kcpIxqHcBqttYJWLA5KCtyE5NJnR8gw8Bqvt4CrdbhiyyIURUrsmZ7pVmXDmIjx49cILr0Q=w408-h408-k-no","false","true","/g/11s195xvnt","es-419","0","-2.1656068","-79.9093192",,"Urdesa",,"false","ChIJL98Pbn9tLZARLdAzBPfQUGg","090507","$10-15","Hace un año","2025-02-19T13:35:43.708Z",,,,,,,,,"Silencioso, agradable para conversar",,,,,,"Apto para grupos de todos los tamaños","Hasta 10 min",,,,"4","3","5","ChZDSUhNMG9nS0VJQ0FnTUNnMWVpUUl3EAE",,,,,,,,,,,,,,,,,,,,,,,,"Google",,,"5",,,"432","2026-08-08T17:19:42.857Z","Direct Detail URL: https://www.google.com/maps/place/MoroGrill+-+Urdesa/@-2.1348707,-79.8980443,13.81z/data=!4m10!1m2!2m1!1smorogrill!3m6!1s0x902d6d7f6e0fdf2f:0x6850d0f70433d02d!8m2!3d-2.1656068!4d-79.9093192!15sCgltb3JvZ3JpbGxaCyIJbW9yb2dyaWxskgEKcmVzdGF1cmFudOABAA!16s%2Fg%2F11s195xvnt?entry=ttu&g_ep=EgoyMDI2MDgwNS4xIKXMDSoASAFQAw%3D%3D","3",,"Guayacanes 310 entre la 3ra y la cuarta","false",,,"MoroGrill - Urdesa","4.3",,"https://www.google.com/maps/search/?api=1&query=MoroGrill%20-%20Urdesa&query_place_id=ChIJL98Pbn9tLZARLdAzBPfQUGg",
"Guayacanes 310 entre la 3ra y la cuarta, 090507 Guayaquil, Ecuador","Restaurante","Restaurante","7516737537427361837","Guayaquil","EC","0x902d6d7f6e0fdf2f:0x6850d0f70433d02d",,"https://lh3.googleusercontent.com/gps-cs-s/AHRPTWmMp-Z0_3QQ_yB8KLvsC7YNBSBPmiMENigeIP1pKNoaU4PYGt-5zyRaGCh-CsO44Y3kcpIxqHcBqttYJWLA5KCtyE5NJnR8gw8Bqvt4CrdbhiyyIURUrsmZ7pVmXDmIjx49cILr0Q=w408-h408-k-no","false","true","/g/11s195xvnt","es-419","0","-2.1656068","-79.9093192",,"Urdesa","es","false","ChIJL98Pbn9tLZARLdAzBPfQUGg","090507","$10-15","Hace un año","2025-02-15T18:35:46.080Z",,"2025-02-15T18:46:22.000Z","😍😍😍",,,,,,,,"Sartenazo - Moro Manaba Co Menestra de frejol0",,"Más de $50",,,,,"Cena","Consumo en el lugar",,,,"ChdDSUhNMG9nS0VJQ0FnTUNnc3AtLXNBRRAB",,,,,,,,,,,,,,,,,,,,,,,,"Google",,,"110",,,"432","2026-08-08T17:19:42.857Z","Direct Detail URL: https://www.google.com/maps/place/MoroGrill+-+Urdesa/@-2.1348707,-79.8980443,13.81z/data=!4m10!1m2!2m1!1smorogrill!3m6!1s0x902d6d7f6e0fdf2f:0x6850d0f70433d02d!8m2!3d-2.1656068!4d-79.9093192!15sCgltb3JvZ3JpbGxaCyIJbW9yb2dyaWxskgEKcmVzdGF1cmFudOABAA!16s%2Fg%2F11s195xvnt?entry=ttu&g_ep=EgoyMDI2MDgwNS4xIKXMDSoASAFQAw%3D%3D","4",,"Guayacanes 310 entre la 3ra y la cuarta","false","Buenazo",,"MoroGrill - Urdesa","4.3",,"https://www.google.com/maps/search/?api=1&query=MoroGrill%20-%20Urdesa&query_place_id=ChIJL98Pbn9tLZARLdAzBPfQUGg",
"Guayacanes 310 entre la 3ra y la cuarta, 090507 Guayaquil, Ecuador","Restaurante","Restaurante","7516737537427361837","Guayaquil","EC","0x902d6d7f6e0fdf2f:0x6850d0f70433d02d",,"https://lh3.googleusercontent.com/gps-cs-s/AHRPTWmMp-Z0_3QQ_yB8KLvsC7YNBSBPmiMENigeIP1pKNoaU4PYGt-5zyRaGCh-CsO44Y3kcpIxqHcBqttYJWLA5KCtyE5NJnR8gw8Bqvt4CrdbhiyyIURUrsmZ7pVmXDmIjx49cILr0Q=w408-h408-k-no","false","true","/g/11s195xvnt","es-419","0","-2.1656068","-79.9093192",,"Urdesa",,"false","ChIJL98Pbn9tLZARLdAzBPfQUGg","090507","$10-15","Hace un año","2025-02-09T12:17:06.283Z",,,,,,,,,,,"Sartenazo - Moro Manaba Co Menestra de frejol0",,"$5-10",,,,,"Almuerzo","Consumo en el lugar","4","4","5","ChZDSUhNMG9nS0VJQ0FnTURBZ2NUV0ZBEAE",,,,,,,,,,,,,,,,,,,,,,,,"Google",,,"8",,,"432","2026-08-08T17:19:42.857Z","Direct Detail URL: https://www.google.com/maps/place/MoroGrill+-+Urdesa/@-2.1348707,-79.8980443,13.81z/data=!4m10!1m2!2m1!1smorogrill!3m6!1s0x902d6d7f6e0fdf2f:0x6850d0f70433d02d!8m2!3d-2.1656068!4d-79.9093192!15sCgltb3JvZ3JpbGxaCyIJbW9yb2dyaWxskgEKcmVzdGF1cmFudOABAA!16s%2Fg%2F11s195xvnt?entry=ttu&g_ep=EgoyMDI2MDgwNS4xIKXMDSoASAFQAw%3D%3D","4",,"Guayacanes 310 entre la 3ra y la cuarta","false",,,"MoroGrill - Urdesa","4.3",,"https://www.google.com/maps/search/?api=1&query=MoroGrill%20-%20Urdesa&query_place_id=ChIJL98Pbn9tLZARLdAzBPfQUGg",
"Guayacanes 310 entre la 3ra y la cuarta, 090507 Guayaquil, Ecuador","Restaurante","Restaurante","7516737537427361837","Guayaquil","EC","0x902d6d7f6e0fdf2f:0x6850d0f70433d02d",,"https://lh3.googleusercontent.com/gps-cs-s/AHRPTWmMp-Z0_3QQ_yB8KLvsC7YNBSBPmiMENigeIP1pKNoaU4PYGt-5zyRaGCh-CsO44Y3kcpIxqHcBqttYJWLA5KCtyE5NJnR8gw8Bqvt4CrdbhiyyIURUrsmZ7pVmXDmIjx49cILr0Q=w408-h408-k-no","false","true","/g/11s195xvnt","es-419","0","-2.1656068","-79.9093192",,"Urdesa","es","false","ChIJL98Pbn9tLZARLdAzBPfQUGg","090507","$10-15","Hace un año","2025-02-07T06:22:08.427Z",,"2025-03-29T22:43:08.000Z","❤️‍🔥❤️‍🔥❤️‍🔥 gracias por visitarnos ",,,,,,,,,,"$10-15",,,,,"Almuerzo","Consumo en el lugar","5","5","5","ChZDSUhNMG9nS0VJQ0FnTURBbFAtYVVBEAE","https://lh3.googleusercontent.com/grass-cs/ACvplmO9bItYbiW3ipL4m4wmwE0A-N0GTXx_JkuEEr6RUoCDue0n9yGtAs4Z77ptXyAohdhc_aQVV1ApeIgLA2JGxSl3fHg5Frw8Baw-JIp2i3C6WfFtFfOmTw7kUsH5GgCRkQC-DCQavA=k-no","https://lh3.googleusercontent.com/grass-cs/ACvplmPFfztG9tq0UvMHbGxaS361hYl4I1cZHPAGopIpflgsRNrJTNhPXQtYTAxC7JURmS-iTVbwOnWBElmuhVcWS-qCzEeWdMNnXEVt1dIPPmxD4F6axrr51r7OqfV6APuA8fh1jaej=k-no",,,,,,,,,,,,,,,,,,,,,,"Google",,,"13",,,"432","2026-08-08T17:19:42.857Z","Direct Detail URL: https://www.google.com/maps/place/MoroGrill+-+Urdesa/@-2.1348707,-79.8980443,13.81z/data=!4m10!1m2!2m1!1smorogrill!3m6!1s0x902d6d7f6e0fdf2f:0x6850d0f70433d02d!8m2!3d-2.1656068!4d-79.9093192!15sCgltb3JvZ3JpbGxaCyIJbW9yb2dyaWxskgEKcmVzdGF1cmFudOABAA!16s%2Fg%2F11s195xvnt?entry=ttu&g_ep=EgoyMDI2MDgwNS4xIKXMDSoASAFQAw%3D%3D","5",,"Guayacanes 310 entre la 3ra y la cuarta","false","Uufff... El Lugar 10/10.
Lindo como para ir a comer mientras trabajas, disfrutar en familia y amigos.
Muy amable la chica que nos atendió.
La comida ni se diga...no le tenía mucha fe a un plato llamado ""sartenazo"", pero para queee....estaba muy rico.
Lo recomiendo!! C:",,"MoroGrill - Urdesa","4.3",,"https://www.google.com/maps/search/?api=1&query=MoroGrill%20-%20Urdesa&query_place_id=ChIJL98Pbn9tLZARLdAzBPfQUGg",
"Guayacanes 310 entre la 3ra y la cuarta, 090507 Guayaquil, Ecuador","Restaurante","Restaurante","7516737537427361837","Guayaquil","EC","0x902d6d7f6e0fdf2f:0x6850d0f70433d02d",,"https://lh3.googleusercontent.com/gps-cs-s/AHRPTWmMp-Z0_3QQ_yB8KLvsC7YNBSBPmiMENigeIP1pKNoaU4PYGt-5zyRaGCh-CsO44Y3kcpIxqHcBqttYJWLA5KCtyE5NJnR8gw8Bqvt4CrdbhiyyIURUrsmZ7pVmXDmIjx49cILr0Q=w408-h408-k-no","false","true","/g/11s195xvnt","es-419","0","-2.1656068","-79.9093192",,"Urdesa",,"false","ChIJL98Pbn9tLZARLdAzBPfQUGg","090507","$10-15","Hace un año","2025-01-26T03:29:16.128Z",,,,,,,,,,,,,,,,,,,,"5","5","5","ChZDSUhNMG9nS0VJQ0FnSURfallHS2VBEAE",,,,,,,,,,,,,,,,,,,,,,,,"Google",,,"31",,,"432","2026-08-08T17:19:42.857Z","Direct Detail URL: https://www.google.com/maps/place/MoroGrill+-+Urdesa/@-2.1348707,-79.8980443,13.81z/data=!4m10!1m2!2m1!1smorogrill!3m6!1s0x902d6d7f6e0fdf2f:0x6850d0f70433d02d!8m2!3d-2.1656068!4d-79.9093192!15sCgltb3JvZ3JpbGxaCyIJbW9yb2dyaWxskgEKcmVzdGF1cmFudOABAA!16s%2Fg%2F11s195xvnt?entry=ttu&g_ep=EgoyMDI2MDgwNS4xIKXMDSoASAFQAw%3D%3D","5",,"Guayacanes 310 entre la 3ra y la cuarta","false",,,"MoroGrill - Urdesa","4.3",,"https://www.google.com/maps/search/?api=1&query=MoroGrill%20-%20Urdesa&query_place_id=ChIJL98Pbn9tLZARLdAzBPfQUGg",
"Guayacanes 310 entre la 3ra y la cuarta, 090507 Guayaquil, Ecuador","Restaurante","Restaurante","7516737537427361837","Guayaquil","EC","0x902d6d7f6e0fdf2f:0x6850d0f70433d02d",,"https://lh3.googleusercontent.com/gps-cs-s/AHRPTWmMp-Z0_3QQ_yB8KLvsC7YNBSBPmiMENigeIP1pKNoaU4PYGt-5zyRaGCh-CsO44Y3kcpIxqHcBqttYJWLA5KCtyE5NJnR8gw8Bqvt4CrdbhiyyIURUrsmZ7pVmXDmIjx49cILr0Q=w408-h408-k-no","false","true","/g/11s195xvnt","es-419","0","-2.1656068","-79.9093192",,"Urdesa",,"false","ChIJL98Pbn9tLZARLdAzBPfQUGg","090507","$10-15","Hace un año","2025-01-20T23:16:52.387Z",,,,,,,,,,,,,,,,,,,,"5","5","5","ChZDSUhNMG9nS0VJQ0FnSURfc0o3NE1REAE",,,,,,,,,,,,,,,,,,,,,,,,"Google",,,"32",,,"432","2026-08-08T17:19:42.857Z","Direct Detail URL: https://www.google.com/maps/place/MoroGrill+-+Urdesa/@-2.1348707,-79.8980443,13.81z/data=!4m10!1m2!2m1!1smorogrill!3m6!1s0x902d6d7f6e0fdf2f:0x6850d0f70433d02d!8m2!3d-2.1656068!4d-79.9093192!15sCgltb3JvZ3JpbGxaCyIJbW9yb2dyaWxskgEKcmVzdGF1cmFudOABAA!16s%2Fg%2F11s195xvnt?entry=ttu&g_ep=EgoyMDI2MDgwNS4xIKXMDSoASAFQAw%3D%3D","5",,"Guayacanes 310 entre la 3ra y la cuarta","false",,,"MoroGrill - Urdesa","4.3",,"https://www.google.com/maps/search/?api=1&query=MoroGrill%20-%20Urdesa&query_place_id=ChIJL98Pbn9tLZARLdAzBPfQUGg",
"Guayacanes 310 entre la 3ra y la cuarta, 090507 Guayaquil, Ecuador","Restaurante","Restaurante","7516737537427361837","Guayaquil","EC","0x902d6d7f6e0fdf2f:0x6850d0f70433d02d",,"https://lh3.googleusercontent.com/gps-cs-s/AHRPTWmMp-Z0_3QQ_yB8KLvsC7YNBSBPmiMENigeIP1pKNoaU4PYGt-5zyRaGCh-CsO44Y3kcpIxqHcBqttYJWLA5KCtyE5NJnR8gw8Bqvt4CrdbhiyyIURUrsmZ7pVmXDmIjx49cILr0Q=w408-h408-k-no","false","false","/g/11s195xvnt","es-419","0","-2.1656068","-79.9093192",,"Urdesa",,"false","ChIJL98Pbn9tLZARLdAzBPfQUGg","090507","$10-15","Hace un año","2025-01-17T00:58:57.525Z",,,,,,,,,,,,,"$10-15",,,,,"Cena","Consumo en el lugar","5","5","5","ChZDSUhNMG9nS0VJQ0FnSUNfMGFPQU1REAE",,,,,,,,,,,,,,,,,,,,,,,,"Google",,,"1",,,"432","2026-08-08T17:19:42.857Z","Direct Detail URL: https://www.google.com/maps/place/MoroGrill+-+Urdesa/@-2.1348707,-79.8980443,13.81z/data=!4m10!1m2!2m1!1smorogrill!3m6!1s0x902d6d7f6e0fdf2f:0x6850d0f70433d02d!8m2!3d-2.1656068!4d-79.9093192!15sCgltb3JvZ3JpbGxaCyIJbW9yb2dyaWxskgEKcmVzdGF1cmFudOABAA!16s%2Fg%2F11s195xvnt?entry=ttu&g_ep=EgoyMDI2MDgwNS4xIKXMDSoASAFQAw%3D%3D","5",,"Guayacanes 310 entre la 3ra y la cuarta","false",,,"MoroGrill - Urdesa","4.3",,"https://www.google.com/maps/search/?api=1&query=MoroGrill%20-%20Urdesa&query_place_id=ChIJL98Pbn9tLZARLdAzBPfQUGg",
"Guayacanes 310 entre la 3ra y la cuarta, 090507 Guayaquil, Ecuador","Restaurante","Restaurante","7516737537427361837","Guayaquil","EC","0x902d6d7f6e0fdf2f:0x6850d0f70433d02d",,"https://lh3.googleusercontent.com/gps-cs-s/AHRPTWmMp-Z0_3QQ_yB8KLvsC7YNBSBPmiMENigeIP1pKNoaU4PYGt-5zyRaGCh-CsO44Y3kcpIxqHcBqttYJWLA5KCtyE5NJnR8gw8Bqvt4CrdbhiyyIURUrsmZ7pVmXDmIjx49cILr0Q=w408-h408-k-no","false","true","/g/11s195xvnt","es-419","0","-2.1656068","-79.9093192",,"Urdesa",,"false","ChIJL98Pbn9tLZARLdAzBPfQUGg","090507","$10-15","Hace un año","2024-12-27T20:24:59.450Z",,,,,,,,,,,,,,,,,,,,"5","4","4","ChdDSUhNMG9nS0VJQ0FnSUNmaXJDUnd3RRAB",,,,,,,,,,,,,,,,,,,,,,,,"Google",,,"1",,,"432","2026-08-08T17:19:42.857Z","Direct Detail URL: https://www.google.com/maps/place/MoroGrill+-+Urdesa/@-2.1348707,-79.8980443,13.81z/data=!4m10!1m2!2m1!1smorogrill!3m6!1s0x902d6d7f6e0fdf2f:0x6850d0f70433d02d!8m2!3d-2.1656068!4d-79.9093192!15sCgltb3JvZ3JpbGxaCyIJbW9yb2dyaWxskgEKcmVzdGF1cmFudOABAA!16s%2Fg%2F11s195xvnt?entry=ttu&g_ep=EgoyMDI2MDgwNS4xIKXMDSoASAFQAw%3D%3D","4",,"Guayacanes 310 entre la 3ra y la cuarta","false",,,"MoroGrill - Urdesa","4.3",,"https://www.google.com/maps/search/?api=1&query=MoroGrill%20-%20Urdesa&query_place_id=ChIJL98Pbn9tLZARLdAzBPfQUGg",
"Guayacanes 310 entre la 3ra y la cuarta, 090507 Guayaquil, Ecuador","Restaurante","Restaurante","7516737537427361837","Guayaquil","EC","0x902d6d7f6e0fdf2f:0x6850d0f70433d02d",,"https://lh3.googleusercontent.com/gps-cs-s/AHRPTWmMp-Z0_3QQ_yB8KLvsC7YNBSBPmiMENigeIP1pKNoaU4PYGt-5zyRaGCh-CsO44Y3kcpIxqHcBqttYJWLA5KCtyE5NJnR8gw8Bqvt4CrdbhiyyIURUrsmZ7pVmXDmIjx49cILr0Q=w408-h408-k-no","false","true","/g/11s195xvnt","es-419","0","-2.1656068","-79.9093192",,"Urdesa",,"false","ChIJL98Pbn9tLZARLdAzBPfQUGg","090507","$10-15","Hace un año","2024-12-26T20:50:54.732Z",,,,,,,,,,,,,,,,,,,,,,,"ChdDSUhNMG9nS0VJQ0FnSUNmck0zMzN3RRAB",,,,,,,,,,,,,,,,,,,,,,,,"Google",,,"16",,,"432","2026-08-08T17:19:42.857Z","Direct Detail URL: https://www.google.com/maps/place/MoroGrill+-+Urdesa/@-2.1348707,-79.8980443,13.81z/data=!4m10!1m2!2m1!1smorogrill!3m6!1s0x902d6d7f6e0fdf2f:0x6850d0f70433d02d!8m2!3d-2.1656068!4d-79.9093192!15sCgltb3JvZ3JpbGxaCyIJbW9yb2dyaWxskgEKcmVzdGF1cmFudOABAA!16s%2Fg%2F11s195xvnt?entry=ttu&g_ep=EgoyMDI2MDgwNS4xIKXMDSoASAFQAw%3D%3D","4",,"Guayacanes 310 entre la 3ra y la cuarta","false",,,"MoroGrill - Urdesa","4.3",,"https://www.google.com/maps/search/?api=1&query=MoroGrill%20-%20Urdesa&query_place_id=ChIJL98Pbn9tLZARLdAzBPfQUGg",
"Guayacanes 310 entre la 3ra y la cuarta, 090507 Guayaquil, Ecuador","Restaurante","Restaurante","7516737537427361837","Guayaquil","EC","0x902d6d7f6e0fdf2f:0x6850d0f70433d02d",,"https://lh3.googleusercontent.com/gps-cs-s/AHRPTWmMp-Z0_3QQ_yB8KLvsC7YNBSBPmiMENigeIP1pKNoaU4PYGt-5zyRaGCh-CsO44Y3kcpIxqHcBqttYJWLA5KCtyE5NJnR8gw8Bqvt4CrdbhiyyIURUrsmZ7pVmXDmIjx49cILr0Q=w408-h408-k-no","false","false","/g/11s195xvnt","es-419","0","-2.1656068","-79.9093192",,"Urdesa",,"false","ChIJL98Pbn9tLZARLdAzBPfQUGg","090507","$10-15","Hace un año","2024-12-20T20:51:00.789Z",,,,,,,,,,,,,,,,,,,,,"5",,"ChdDSUhNMG9nS0VJQ0FnSUR2M3ZiLWlRRRAB",,,,,,,,,,,,,,,,,,,,,,,,"Google",,,"3",,,"432","2026-08-08T17:19:42.857Z","Direct Detail URL: https://www.google.com/maps/place/MoroGrill+-+Urdesa/@-2.1348707,-79.8980443,13.81z/data=!4m10!1m2!2m1!1smorogrill!3m6!1s0x902d6d7f6e0fdf2f:0x6850d0f70433d02d!8m2!3d-2.1656068!4d-79.9093192!15sCgltb3JvZ3JpbGxaCyIJbW9yb2dyaWxskgEKcmVzdGF1cmFudOABAA!16s%2Fg%2F11s195xvnt?entry=ttu&g_ep=EgoyMDI2MDgwNS4xIKXMDSoASAFQAw%3D%3D","5",,"Guayacanes 310 entre la 3ra y la cuarta","false",,,"MoroGrill - Urdesa","4.3",,"https://www.google.com/maps/search/?api=1&query=MoroGrill%20-%20Urdesa&query_place_id=ChIJL98Pbn9tLZARLdAzBPfQUGg",
"Guayacanes 310 entre la 3ra y la cuarta, 090507 Guayaquil, Ecuador","Restaurante","Restaurante","7516737537427361837","Guayaquil","EC","0x902d6d7f6e0fdf2f:0x6850d0f70433d02d",,"https://lh3.googleusercontent.com/gps-cs-s/AHRPTWmMp-Z0_3QQ_yB8KLvsC7YNBSBPmiMENigeIP1pKNoaU4PYGt-5zyRaGCh-CsO44Y3kcpIxqHcBqttYJWLA5KCtyE5NJnR8gw8Bqvt4CrdbhiyyIURUrsmZ7pVmXDmIjx49cILr0Q=w408-h408-k-no","false","false","/g/11s195xvnt","es-419","0","-2.1656068","-79.9093192",,"Urdesa",,"false","ChIJL98Pbn9tLZARLdAzBPfQUGg","090507","$10-15","Hace un año","2024-12-14T15:07:44.697Z",,,,,,,,,,,,,,,,,,,,,,,"ChZDSUhNMG9nS0VJQ0FnSUN2OF8tbWN3EAE",,,,,,,,,,,,,,,,,,,,,,,,"Google",,,"4",,,"432","2026-08-08T17:19:42.857Z","Direct Detail URL: https://www.google.com/maps/place/MoroGrill+-+Urdesa/@-2.1348707,-79.8980443,13.81z/data=!4m10!1m2!2m1!1smorogrill!3m6!1s0x902d6d7f6e0fdf2f:0x6850d0f70433d02d!8m2!3d-2.1656068!4d-79.9093192!15sCgltb3JvZ3JpbGxaCyIJbW9yb2dyaWxskgEKcmVzdGF1cmFudOABAA!16s%2Fg%2F11s195xvnt?entry=ttu&g_ep=EgoyMDI2MDgwNS4xIKXMDSoASAFQAw%3D%3D","5",,"Guayacanes 310 entre la 3ra y la cuarta","false",,,"MoroGrill - Urdesa","4.3",,"https://www.google.com/maps/search/?api=1&query=MoroGrill%20-%20Urdesa&query_place_id=ChIJL98Pbn9tLZARLdAzBPfQUGg",
"Guayacanes 310 entre la 3ra y la cuarta, 090507 Guayaquil, Ecuador","Restaurante","Restaurante","7516737537427361837","Guayaquil","EC","0x902d6d7f6e0fdf2f:0x6850d0f70433d02d",,"https://lh3.googleusercontent.com/gps-cs-s/AHRPTWmMp-Z0_3QQ_yB8KLvsC7YNBSBPmiMENigeIP1pKNoaU4PYGt-5zyRaGCh-CsO44Y3kcpIxqHcBqttYJWLA5KCtyE5NJnR8gw8Bqvt4CrdbhiyyIURUrsmZ7pVmXDmIjx49cILr0Q=w408-h408-k-no","false","true","/g/11s195xvnt","es-419","0","-2.1656068","-79.9093192",,"Urdesa","yo","false","ChIJL98Pbn9tLZARLdAzBPfQUGg","090507","$10-15","Hace un año","2024-12-12T20:28:08.056Z",,"2025-03-29T22:46:07.000Z","❤️‍🔥❤️‍🔥❤️‍🔥",,,,,,,,,,,,,,,,,"5","5","5","ChdDSUhNMG9nS0VJQ0FnSUN2LWFiYm5BRRAB",,,,,,,,,,,,,,,,,,,,,,,,"Google",,,"227",,,"432","2026-08-08T17:19:42.857Z","Direct Detail URL: https://www.google.com/maps/place/MoroGrill+-+Urdesa/@-2.1348707,-79.8980443,13.81z/data=!4m10!1m2!2m1!1smorogrill!3m6!1s0x902d6d7f6e0fdf2f:0x6850d0f70433d02d!8m2!3d-2.1656068!4d-79.9093192!15sCgltb3JvZ3JpbGxaCyIJbW9yb2dyaWxskgEKcmVzdGF1cmFudOABAA!16s%2Fg%2F11s195xvnt?entry=ttu&g_ep=EgoyMDI2MDgwNS4xIKXMDSoASAFQAw%3D%3D","5",,"Guayacanes 310 entre la 3ra y la cuarta","false","Rikisimoooo","Rikkisimooooo","MoroGrill - Urdesa","4.3","es","https://www.google.com/maps/search/?api=1&query=MoroGrill%20-%20Urdesa&query_place_id=ChIJL98Pbn9tLZARLdAzBPfQUGg",
"Guayacanes 310 entre la 3ra y la cuarta, 090507 Guayaquil, Ecuador","Restaurante","Restaurante","7516737537427361837","Guayaquil","EC","0x902d6d7f6e0fdf2f:0x6850d0f70433d02d",,"https://lh3.googleusercontent.com/gps-cs-s/AHRPTWmMp-Z0_3QQ_yB8KLvsC7YNBSBPmiMENigeIP1pKNoaU4PYGt-5zyRaGCh-CsO44Y3kcpIxqHcBqttYJWLA5KCtyE5NJnR8gw8Bqvt4CrdbhiyyIURUrsmZ7pVmXDmIjx49cILr0Q=w408-h408-k-no","false","true","/g/11s195xvnt","es-419","0","-2.1656068","-79.9093192",,"Urdesa","es","false","ChIJL98Pbn9tLZARLdAzBPfQUGg","090507","$10-15","Hace un año","2024-12-09T17:20:45.293Z",,,,,,"Hay suficiente espacio",,,,"Estacionamiento gratuito, Estacionamiento pagado","Sartenazo - Moro Manaba Co Menestra de frejol0, Chifles de Cortesía",,"$10-15",,,,,"Otro","Consumo en el lugar","5","5","5","ChdDSUhNMG9nS0VJQ0FnSUN2c3RPUndBRRAB",,,,,,,,,,,,,,,,,,,,,,,,"Google",,,"52",,,"432","2026-08-08T17:19:42.857Z","Direct Detail URL: https://www.google.com/maps/place/MoroGrill+-+Urdesa/@-2.1348707,-79.8980443,13.81z/data=!4m10!1m2!2m1!1smorogrill!3m6!1s0x902d6d7f6e0fdf2f:0x6850d0f70433d02d!8m2!3d-2.1656068!4d-79.9093192!15sCgltb3JvZ3JpbGxaCyIJbW9yb2dyaWxskgEKcmVzdGF1cmFudOABAA!16s%2Fg%2F11s195xvnt?entry=ttu&g_ep=EgoyMDI2MDgwNS4xIKXMDSoASAFQAw%3D%3D","5",,"Guayacanes 310 entre la 3ra y la cuarta","false","Excelente atención la comida en su punto 👌",,"MoroGrill - Urdesa","4.3",,"https://www.google.com/maps/search/?api=1&query=MoroGrill%20-%20Urdesa&query_place_id=ChIJL98Pbn9tLZARLdAzBPfQUGg",
"Guayacanes 310 entre la 3ra y la cuarta, 090507 Guayaquil, Ecuador","Restaurante","Restaurante","7516737537427361837","Guayaquil","EC","0x902d6d7f6e0fdf2f:0x6850d0f70433d02d",,"https://lh3.googleusercontent.com/gps-cs-s/AHRPTWmMp-Z0_3QQ_yB8KLvsC7YNBSBPmiMENigeIP1pKNoaU4PYGt-5zyRaGCh-CsO44Y3kcpIxqHcBqttYJWLA5KCtyE5NJnR8gw8Bqvt4CrdbhiyyIURUrsmZ7pVmXDmIjx49cILr0Q=w408-h408-k-no","false","true","/g/11s195xvnt","es-419","0","-2.1656068","-79.9093192",,"Urdesa",,"false","ChIJL98Pbn9tLZARLdAzBPfQUGg","090507","$10-15","Hace un año","2024-11-23T02:47:13.272Z",,,,,,,,,,,,,,,,,,,,"3","3","3","ChdDSUhNMG9nS0VJQ0FnSUNQOHJ1TXNRRRAB",,,,,,,,,,,,,,,,,,,,,,,,"Google",,,"7",,,"432","2026-08-08T17:19:42.857Z","Direct Detail URL: https://www.google.com/maps/place/MoroGrill+-+Urdesa/@-2.1348707,-79.8980443,13.81z/data=!4m10!1m2!2m1!1smorogrill!3m6!1s0x902d6d7f6e0fdf2f:0x6850d0f70433d02d!8m2!3d-2.1656068!4d-79.9093192!15sCgltb3JvZ3JpbGxaCyIJbW9yb2dyaWxskgEKcmVzdGF1cmFudOABAA!16s%2Fg%2F11s195xvnt?entry=ttu&g_ep=EgoyMDI2MDgwNS4xIKXMDSoASAFQAw%3D%3D","3",,"Guayacanes 310 entre la 3ra y la cuarta","false",,,"MoroGrill - Urdesa","4.3",,"https://www.google.com/maps/search/?api=1&query=MoroGrill%20-%20Urdesa&query_place_id=ChIJL98Pbn9tLZARLdAzBPfQUGg",
"Guayacanes 310 entre la 3ra y la cuarta, 090507 Guayaquil, Ecuador","Restaurante","Restaurante","7516737537427361837","Guayaquil","EC","0x902d6d7f6e0fdf2f:0x6850d0f70433d02d",,"https://lh3.googleusercontent.com/gps-cs-s/AHRPTWmMp-Z0_3QQ_yB8KLvsC7YNBSBPmiMENigeIP1pKNoaU4PYGt-5zyRaGCh-CsO44Y3kcpIxqHcBqttYJWLA5KCtyE5NJnR8gw8Bqvt4CrdbhiyyIURUrsmZ7pVmXDmIjx49cILr0Q=w408-h408-k-no","false","true","/g/11s195xvnt","es-419","0","-2.1656068","-79.9093192",,"Urdesa","es","false","ChIJL98Pbn9tLZARLdAzBPfQUGg","090507","$10-15","Hace un año","2024-11-20T22:54:27.234Z",,"2025-03-29T22:46:33.000Z","❤️‍🔥❤️‍🔥❤️‍🔥 gracias Miguel te esperamos pronto",,,,,,,,"Sartenazo - Moro Manaba Co Menestra de frejol0",,"$10-15",,,,,"Cena","Consumo en el lugar","5","5","5","ChZDSUhNMG9nS0VJQ0FnSUNQc01XZEdBEAE",,,,,,,,,,,,,,,,,,,,,,,,"Google",,,"389",,,"432","2026-08-08T17:19:42.857Z","Direct Detail URL: https://www.google.com/maps/place/MoroGrill+-+Urdesa/@-2.1348707,-79.8980443,13.81z/data=!4m10!1m2!2m1!1smorogrill!3m6!1s0x902d6d7f6e0fdf2f:0x6850d0f70433d02d!8m2!3d-2.1656068!4d-79.9093192!15sCgltb3JvZ3JpbGxaCyIJbW9yb2dyaWxskgEKcmVzdGF1cmFudOABAA!16s%2Fg%2F11s195xvnt?entry=ttu&g_ep=EgoyMDI2MDgwNS4xIKXMDSoASAFQAw%3D%3D","5",,"Guayacanes 310 entre la 3ra y la cuarta","false","Pasan los años y la sazón sigue igual. Felicitaciones a ese sartenazo 🤝",,"MoroGrill - Urdesa","4.3",,"https://www.google.com/maps/search/?api=1&query=MoroGrill%20-%20Urdesa&query_place_id=ChIJL98Pbn9tLZARLdAzBPfQUGg",
"Guayacanes 310 entre la 3ra y la cuarta, 090507 Guayaquil, Ecuador","Restaurante","Restaurante","7516737537427361837","Guayaquil","EC","0x902d6d7f6e0fdf2f:0x6850d0f70433d02d",,"https://lh3.googleusercontent.com/gps-cs-s/AHRPTWmMp-Z0_3QQ_yB8KLvsC7YNBSBPmiMENigeIP1pKNoaU4PYGt-5zyRaGCh-CsO44Y3kcpIxqHcBqttYJWLA5KCtyE5NJnR8gw8Bqvt4CrdbhiyyIURUrsmZ7pVmXDmIjx49cILr0Q=w408-h408-k-no","false","true","/g/11s195xvnt","es-419","0","-2.1656068","-79.9093192",,"Urdesa",,"false","ChIJL98Pbn9tLZARLdAzBPfQUGg","090507","$10-15","Hace un año","2024-10-21T10:57:49.424Z",,,,,,,,,,,,,,,,,,,,"5","5","5","ChdDSUhNMG9nS0VJQ0FnSUNYcDh1SmlnRRAB",,,,,,,,,,,,,,,,,,,,,,,,"Google",,,"18",,,"432","2026-08-08T17:19:42.857Z","Direct Detail URL: https://www.google.com/maps/place/MoroGrill+-+Urdesa/@-2.1348707,-79.8980443,13.81z/data=!4m10!1m2!2m1!1smorogrill!3m6!1s0x902d6d7f6e0fdf2f:0x6850d0f70433d02d!8m2!3d-2.1656068!4d-79.9093192!15sCgltb3JvZ3JpbGxaCyIJbW9yb2dyaWxskgEKcmVzdGF1cmFudOABAA!16s%2Fg%2F11s195xvnt?entry=ttu&g_ep=EgoyMDI2MDgwNS4xIKXMDSoASAFQAw%3D%3D","5",,"Guayacanes 310 entre la 3ra y la cuarta","false",,,"MoroGrill - Urdesa","4.3",,"https://www.google.com/maps/search/?api=1&query=MoroGrill%20-%20Urdesa&query_place_id=ChIJL98Pbn9tLZARLdAzBPfQUGg",
"Guayacanes 310 entre la 3ra y la cuarta, 090507 Guayaquil, Ecuador","Restaurante","Restaurante","7516737537427361837","Guayaquil","EC","0x902d6d7f6e0fdf2f:0x6850d0f70433d02d",,"https://lh3.googleusercontent.com/gps-cs-s/AHRPTWmMp-Z0_3QQ_yB8KLvsC7YNBSBPmiMENigeIP1pKNoaU4PYGt-5zyRaGCh-CsO44Y3kcpIxqHcBqttYJWLA5KCtyE5NJnR8gw8Bqvt4CrdbhiyyIURUrsmZ7pVmXDmIjx49cILr0Q=w408-h408-k-no","false","true","/g/11s195xvnt","es-419","0","-2.1656068","-79.9093192",,"Urdesa",,"false","ChIJL98Pbn9tLZARLdAzBPfQUGg","090507","$10-15","Hace un año","2024-10-13T21:01:33.411Z",,,,,,,,,,,,,,,,,,,,"4","4","4","ChZDSUhNMG9nS0VJQ0FnSUNYalAzMVZ3EAE",,,,,,,,,,,,,,,,,,,,,,,,"Google",,,"6",,,"432","2026-08-08T17:19:42.857Z","Direct Detail URL: https://www.google.com/maps/place/MoroGrill+-+Urdesa/@-2.1348707,-79.8980443,13.81z/data=!4m10!1m2!2m1!1smorogrill!3m6!1s0x902d6d7f6e0fdf2f:0x6850d0f70433d02d!8m2!3d-2.1656068!4d-79.9093192!15sCgltb3JvZ3JpbGxaCyIJbW9yb2dyaWxskgEKcmVzdGF1cmFudOABAA!16s%2Fg%2F11s195xvnt?entry=ttu&g_ep=EgoyMDI2MDgwNS4xIKXMDSoASAFQAw%3D%3D","4",,"Guayacanes 310 entre la 3ra y la cuarta","false",,,"MoroGrill - Urdesa","4.3",,"https://www.google.com/maps/search/?api=1&query=MoroGrill%20-%20Urdesa&query_place_id=ChIJL98Pbn9tLZARLdAzBPfQUGg",
"Guayacanes 310 entre la 3ra y la cuarta, 090507 Guayaquil, Ecuador","Restaurante","Restaurante","7516737537427361837","Guayaquil","EC","0x902d6d7f6e0fdf2f:0x6850d0f70433d02d",,"https://lh3.googleusercontent.com/gps-cs-s/AHRPTWmMp-Z0_3QQ_yB8KLvsC7YNBSBPmiMENigeIP1pKNoaU4PYGt-5zyRaGCh-CsO44Y3kcpIxqHcBqttYJWLA5KCtyE5NJnR8gw8Bqvt4CrdbhiyyIURUrsmZ7pVmXDmIjx49cILr0Q=w408-h408-k-no","false","false","/g/11s195xvnt","es-419","0","-2.1656068","-79.9093192",,"Urdesa",,"false","ChIJL98Pbn9tLZARLdAzBPfQUGg","090507","$10-15","Hace un año","2024-10-09T00:00:00.106Z",,,,,,,,,,,,,,,,,,,,"5","5","5","ChRDSUhNMG9nS0VJQ0FnSURuM2NKZhAB",,,,,,,,,,,,,,,,,,,,,,,,"Google",,,"81",,,"432","2026-08-08T17:19:42.857Z","Direct Detail URL: https://www.google.com/maps/place/MoroGrill+-+Urdesa/@-2.1348707,-79.8980443,13.81z/data=!4m10!1m2!2m1!1smorogrill!3m6!1s0x902d6d7f6e0fdf2f:0x6850d0f70433d02d!8m2!3d-2.1656068!4d-79.9093192!15sCgltb3JvZ3JpbGxaCyIJbW9yb2dyaWxskgEKcmVzdGF1cmFudOABAA!16s%2Fg%2F11s195xvnt?entry=ttu&g_ep=EgoyMDI2MDgwNS4xIKXMDSoASAFQAw%3D%3D","4",,"Guayacanes 310 entre la 3ra y la cuarta","false",,,"MoroGrill - Urdesa","4.3",,"https://www.google.com/maps/search/?api=1&query=MoroGrill%20-%20Urdesa&query_place_id=ChIJL98Pbn9tLZARLdAzBPfQUGg",
"Guayacanes 310 entre la 3ra y la cuarta, 090507 Guayaquil, Ecuador","Restaurante","Restaurante","7516737537427361837","Guayaquil","EC","0x902d6d7f6e0fdf2f:0x6850d0f70433d02d",,"https://lh3.googleusercontent.com/gps-cs-s/AHRPTWmMp-Z0_3QQ_yB8KLvsC7YNBSBPmiMENigeIP1pKNoaU4PYGt-5zyRaGCh-CsO44Y3kcpIxqHcBqttYJWLA5KCtyE5NJnR8gw8Bqvt4CrdbhiyyIURUrsmZ7pVmXDmIjx49cILr0Q=w408-h408-k-no","false","true","/g/11s195xvnt","es-419","0","-2.1656068","-79.9093192",,"Urdesa","es","false","ChIJL98Pbn9tLZARLdAzBPfQUGg","090507","$10-15","Editado Hace un año","2024-09-29T02:00:58.905Z",,,,,,,,,,,,,,,,,,,,"5","5","5","ChdDSUhNMG9nS0VJQ0FnSURleFpMOTV3RRAB",,,,,,,,,,,,,,,,,,,,,,,,"Google",,,"417",,,"432","2026-08-08T17:19:42.857Z","Direct Detail URL: https://www.google.com/maps/place/MoroGrill+-+Urdesa/@-2.1348707,-79.8980443,13.81z/data=!4m10!1m2!2m1!1smorogrill!3m6!1s0x902d6d7f6e0fdf2f:0x6850d0f70433d02d!8m2!3d-2.1656068!4d-79.9093192!15sCgltb3JvZ3JpbGxaCyIJbW9yb2dyaWxskgEKcmVzdGF1cmFudOABAA!16s%2Fg%2F11s195xvnt?entry=ttu&g_ep=EgoyMDI2MDgwNS4xIKXMDSoASAFQAw%3D%3D","5",,"Guayacanes 310 entre la 3ra y la cuarta","false","Muy bueno",,"MoroGrill - Urdesa","4.3",,"https://www.google.com/maps/search/?api=1&query=MoroGrill%20-%20Urdesa&query_place_id=ChIJL98Pbn9tLZARLdAzBPfQUGg",
"Guayacanes 310 entre la 3ra y la cuarta, 090507 Guayaquil, Ecuador","Restaurante","Restaurante","7516737537427361837","Guayaquil","EC","0x902d6d7f6e0fdf2f:0x6850d0f70433d02d",,"https://lh3.googleusercontent.com/gps-cs-s/AHRPTWmMp-Z0_3QQ_yB8KLvsC7YNBSBPmiMENigeIP1pKNoaU4PYGt-5zyRaGCh-CsO44Y3kcpIxqHcBqttYJWLA5KCtyE5NJnR8gw8Bqvt4CrdbhiyyIURUrsmZ7pVmXDmIjx49cILr0Q=w408-h408-k-no","false","true","/g/11s195xvnt","es-419","0","-2.1656068","-79.9093192",,"Urdesa","es","false","ChIJL98Pbn9tLZARLdAzBPfQUGg","090507","$10-15","Hace un año","2024-09-24T20:15:15.796Z",,"2025-03-29T22:46:53.000Z","❤️‍🔥❤️‍🔥",,,,,,,,,,"$10-15",,,,,"Almuerzo","Consumo en el lugar","5","5","5","ChdDSUhNMG9nS0VJQ0FnSUNueXBUSTVnRRAB","https://lh3.googleusercontent.com/grass-cs/ACvplmNcedUtEuKohR6rjM1-AKztosHCZD2yN-af8i7i9MyUhNZy04yA3dR5VetV5o2JjTBAfoTPTMoWCFIXuLXYvjurzubHFZQ2LHLRzk_N7Oa6PTIPDPzu-54pxbbBTfTW8u8-B3s=k-no","https://lh3.googleusercontent.com/grass-cs/ACvplmPQcqpKUN28QaLvUgcEo0e_uxedgCF1U4796_GqlYW5FH_VXRq8r0JmTtSclk7Skk_0lwJPj6dHdwnyZCZLo3X5GtHtjwHwGxkZ2ITtlTg-MT2dE4M48YF7ICAcokKVtAX0RbRSSQ=k-no",,,,,,,,,,,,,,,,,,,,,,"Google",,,"25",,,"432","2026-08-08T17:19:42.857Z","Direct Detail URL: https://www.google.com/maps/place/MoroGrill+-+Urdesa/@-2.1348707,-79.8980443,13.81z/data=!4m10!1m2!2m1!1smorogrill!3m6!1s0x902d6d7f6e0fdf2f:0x6850d0f70433d02d!8m2!3d-2.1656068!4d-79.9093192!15sCgltb3JvZ3JpbGxaCyIJbW9yb2dyaWxskgEKcmVzdGF1cmFudOABAA!16s%2Fg%2F11s195xvnt?entry=ttu&g_ep=EgoyMDI2MDgwNS4xIKXMDSoASAFQAw%3D%3D","5",,"Guayacanes 310 entre la 3ra y la cuarta","false","Lugar muy bonito para compartir con amigos y familia la comida excelente",,"MoroGrill - Urdesa","4.3",,"https://www.google.com/maps/search/?api=1&query=MoroGrill%20-%20Urdesa&query_place_id=ChIJL98Pbn9tLZARLdAzBPfQUGg",
"Guayacanes 310 entre la 3ra y la cuarta, 090507 Guayaquil, Ecuador","Restaurante","Restaurante","7516737537427361837","Guayaquil","EC","0x902d6d7f6e0fdf2f:0x6850d0f70433d02d",,"https://lh3.googleusercontent.com/gps-cs-s/AHRPTWmMp-Z0_3QQ_yB8KLvsC7YNBSBPmiMENigeIP1pKNoaU4PYGt-5zyRaGCh-CsO44Y3kcpIxqHcBqttYJWLA5KCtyE5NJnR8gw8Bqvt4CrdbhiyyIURUrsmZ7pVmXDmIjx49cILr0Q=w408-h408-k-no","false","true","/g/11s195xvnt","es-419","0","-2.1656068","-79.9093192",,"Urdesa",,"false","ChIJL98Pbn9tLZARLdAzBPfQUGg","090507","$10-15","Editado Hace un año","2024-09-19T20:54:55.255Z",,,,,,,,,,,,,,,,,,,,"4","4","4","ChZDSUhNMG9nS0VJQ0FnSUQ1Z3R2T1hBEAE",,,,,,,,,,,,,,,,,,,,,,,,"Google",,,"201",,,"432","2026-08-08T17:19:42.857Z","Direct Detail URL: https://www.google.com/maps/place/MoroGrill+-+Urdesa/@-2.1348707,-79.8980443,13.81z/data=!4m10!1m2!2m1!1smorogrill!3m6!1s0x902d6d7f6e0fdf2f:0x6850d0f70433d02d!8m2!3d-2.1656068!4d-79.9093192!15sCgltb3JvZ3JpbGxaCyIJbW9yb2dyaWxskgEKcmVzdGF1cmFudOABAA!16s%2Fg%2F11s195xvnt?entry=ttu&g_ep=EgoyMDI2MDgwNS4xIKXMDSoASAFQAw%3D%3D","4",,"Guayacanes 310 entre la 3ra y la cuarta","false",,,"MoroGrill - Urdesa","4.3",,"https://www.google.com/maps/search/?api=1&query=MoroGrill%20-%20Urdesa&query_place_id=ChIJL98Pbn9tLZARLdAzBPfQUGg",
"Guayacanes 310 entre la 3ra y la cuarta, 090507 Guayaquil, Ecuador","Restaurante","Restaurante","7516737537427361837","Guayaquil","EC","0x902d6d7f6e0fdf2f:0x6850d0f70433d02d",,"https://lh3.googleusercontent.com/gps-cs-s/AHRPTWmMp-Z0_3QQ_yB8KLvsC7YNBSBPmiMENigeIP1pKNoaU4PYGt-5zyRaGCh-CsO44Y3kcpIxqHcBqttYJWLA5KCtyE5NJnR8gw8Bqvt4CrdbhiyyIURUrsmZ7pVmXDmIjx49cILr0Q=w408-h408-k-no","false","true","/g/11s195xvnt","es-419","0","-2.1656068","-79.9093192",,"Urdesa",,"false","ChIJL98Pbn9tLZARLdAzBPfQUGg","090507","$10-15","Hace un año","2024-09-18T18:07:45.684Z",,,,,,,,,,,,,,,,,,,,"5","5","5","ChZDSUhNMG9nS0VJQ0FnSURIOWYyVEFREAE",,,,,,,,,,,,,,,,,,,,,,,,"Google",,,"54",,,"432","2026-08-08T17:19:42.857Z","Direct Detail URL: https://www.google.com/maps/place/MoroGrill+-+Urdesa/@-2.1348707,-79.8980443,13.81z/data=!4m10!1m2!2m1!1smorogrill!3m6!1s0x902d6d7f6e0fdf2f:0x6850d0f70433d02d!8m2!3d-2.1656068!4d-79.9093192!15sCgltb3JvZ3JpbGxaCyIJbW9yb2dyaWxskgEKcmVzdGF1cmFudOABAA!16s%2Fg%2F11s195xvnt?entry=ttu&g_ep=EgoyMDI2MDgwNS4xIKXMDSoASAFQAw%3D%3D","5",,"Guayacanes 310 entre la 3ra y la cuarta","false",,,"MoroGrill - Urdesa","4.3",,"https://www.google.com/maps/search/?api=1&query=MoroGrill%20-%20Urdesa&query_place_id=ChIJL98Pbn9tLZARLdAzBPfQUGg",
"Guayacanes 310 entre la 3ra y la cuarta, 090507 Guayaquil, Ecuador","Restaurante","Restaurante","7516737537427361837","Guayaquil","EC","0x902d6d7f6e0fdf2f:0x6850d0f70433d02d",,"https://lh3.googleusercontent.com/gps-cs-s/AHRPTWmMp-Z0_3QQ_yB8KLvsC7YNBSBPmiMENigeIP1pKNoaU4PYGt-5zyRaGCh-CsO44Y3kcpIxqHcBqttYJWLA5KCtyE5NJnR8gw8Bqvt4CrdbhiyyIURUrsmZ7pVmXDmIjx49cILr0Q=w408-h408-k-no","false","true","/g/11s195xvnt","es-419","0","-2.1656068","-79.9093192",,"Urdesa","es","false","ChIJL98Pbn9tLZARLdAzBPfQUGg","090507","$10-15","Hace un año","2024-09-17T14:59:30.832Z",,,,,,,,,,,,,,,,,,,,"5","5","5","ChdDSUhNMG9nS0VJQ0FnSURIcWRtN2t3RRAB",,,,,,,,,,,,,,,,,,,,,,,,"Google",,,"475",,,"432","2026-08-08T17:19:42.857Z","Direct Detail URL: https://www.google.com/maps/place/MoroGrill+-+Urdesa/@-2.1348707,-79.8980443,13.81z/data=!4m10!1m2!2m1!1smorogrill!3m6!1s0x902d6d7f6e0fdf2f:0x6850d0f70433d02d!8m2!3d-2.1656068!4d-79.9093192!15sCgltb3JvZ3JpbGxaCyIJbW9yb2dyaWxskgEKcmVzdGF1cmFudOABAA!16s%2Fg%2F11s195xvnt?entry=ttu&g_ep=EgoyMDI2MDgwNS4xIKXMDSoASAFQAw%3D%3D","5",,"Guayacanes 310 entre la 3ra y la cuarta","false","Todo perfecto",,"MoroGrill - Urdesa","4.3",,"https://www.google.com/maps/search/?api=1&query=MoroGrill%20-%20Urdesa&query_place_id=ChIJL98Pbn9tLZARLdAzBPfQUGg",
"Guayacanes 310 entre la 3ra y la cuarta, 090507 Guayaquil, Ecuador","Restaurante","Restaurante","7516737537427361837","Guayaquil","EC","0x902d6d7f6e0fdf2f:0x6850d0f70433d02d",,"https://lh3.googleusercontent.com/gps-cs-s/AHRPTWmMp-Z0_3QQ_yB8KLvsC7YNBSBPmiMENigeIP1pKNoaU4PYGt-5zyRaGCh-CsO44Y3kcpIxqHcBqttYJWLA5KCtyE5NJnR8gw8Bqvt4CrdbhiyyIURUrsmZ7pVmXDmIjx49cILr0Q=w408-h408-k-no","false","false","/g/11s195xvnt","es-419","0","-2.1656068","-79.9093192",,"Urdesa","es","false","ChIJL98Pbn9tLZARLdAzBPfQUGg","090507","$10-15","Hace un año","2024-09-13T19:02:07.114Z",,"2025-03-29T22:43:35.000Z","Un abrazote gracias por preferirnos para tu celebración ❤️‍🔥",,,,,,,,,,,,,,,,,,,"5","ChZDSUhNMG9nS0VJQ0FnSURIX1BiQmFBEAE","https://lh3.googleusercontent.com/grass-cs/ACvplmOazpJk3lEncWcs7gJUSB3KJxdHe6ko7Br3hUCn3zB-_N72HSJhDDrrZtiuO9ExTSlCSl7pClEQECz8WsbuVlIjTncXK6AT3n_pAkdZf8W3HUehfq6dsJ47B3nCZd1lnDUZE_wT=k-no","https://lh3.googleusercontent.com/grass-cs/ACvplmNz-cPLaOK-8IdTgZTgD_tFDZ7NQ-xw1rKQ0aHgjHJf6OsEBY9cR9QoqLrmilDUzoNEt8u0B7ibuDumow5p9ghwC1fTt-RVyF6dTpWxTZ46Fq064k6s2sFiBbIerPDzSu3bwQMG=k-no","https://lh3.googleusercontent.com/grass-cs/ACvplmNZDksigqp2ZiJhpgNG9-h95YNhQiPpP5AD_BimqUFX8e-GRCr-bYlScwFsqBCyTsA4b5jdbfMe5Gpw-BPMz3b-MQS6Bknnb1RaJMfGD8RfSuQrbdMdHTAaXxQI4zHIXSEZ2Rn-BA=k-no","https://lh3.googleusercontent.com/grass-cs/ACvplmNBDfPSIsqM7Pheig6GBbQ1THlT3eQgFCQfffWL4Z5vZljqUjj3zEsi4beCyG66oJ7dZGE78FxDS-fspKGNOCaMb8QB1M-HX4wNsZJR5i8MEJs8VjTTPcF2MQr_p_dKO7grrUln=k-no",,,,,,,,,,,,,,,,,,,,"Google",,,"3",,,"432","2026-08-08T17:19:42.857Z","Direct Detail URL: https://www.google.com/maps/place/MoroGrill+-+Urdesa/@-2.1348707,-79.8980443,13.81z/data=!4m10!1m2!2m1!1smorogrill!3m6!1s0x902d6d7f6e0fdf2f:0x6850d0f70433d02d!8m2!3d-2.1656068!4d-79.9093192!15sCgltb3JvZ3JpbGxaCyIJbW9yb2dyaWxskgEKcmVzdGF1cmFudOABAA!16s%2Fg%2F11s195xvnt?entry=ttu&g_ep=EgoyMDI2MDgwNS4xIKXMDSoASAFQAw%3D%3D","5",,"Guayacanes 310 entre la 3ra y la cuarta","false","Excelente atención por parte del Mesero que nos atendió.
Fuimos con nuestro abuelo en silla de ruedas y él nos prestó el baño del personal ya que arriba no podía subir las escaleras. Muy amable a la hora de detallarnos el menú y darnos opciones, pocos son así por eso destaco su excelente Servicio 😊
Con respecto a la comida, pedimos de todo.
Bife de chorizo 💯 recomendado ,delicioso con un chimichurri la carne tenía saborcito, muy rico…
Moro de champiñones 🍄 también muy delicioso .
La picada también recomendado lomo, pollo y chorizo 💯
Como recomendación pedimos sartenazo , y la carne no era lomo, estaba difícil de comer. Por lo demás, volvería por sus cortes de carne , y excelente para compartir en familia…me encantó 💯💕",,"MoroGrill - Urdesa","4.3",,"https://www.google.com/maps/search/?api=1&query=MoroGrill%20-%20Urdesa&query_place_id=ChIJL98Pbn9tLZARLdAzBPfQUGg",
"Guayacanes 310 entre la 3ra y la cuarta, 090507 Guayaquil, Ecuador","Restaurante","Restaurante","7516737537427361837","Guayaquil","EC","0x902d6d7f6e0fdf2f:0x6850d0f70433d02d",,"https://lh3.googleusercontent.com/gps-cs-s/AHRPTWmMp-Z0_3QQ_yB8KLvsC7YNBSBPmiMENigeIP1pKNoaU4PYGt-5zyRaGCh-CsO44Y3kcpIxqHcBqttYJWLA5KCtyE5NJnR8gw8Bqvt4CrdbhiyyIURUrsmZ7pVmXDmIjx49cILr0Q=w408-h408-k-no","false","false","/g/11s195xvnt","es-419","0","-2.1656068","-79.9093192",,"Urdesa","es","false","ChIJL98Pbn9tLZARLdAzBPfQUGg","090507","$10-15","Hace un año","2024-09-13T03:08:08.342Z",,"2024-09-13T03:19:30.000Z","Hola Emanuel creo que te has equivocado de perfil y ",,,,,,,,,,,,,,,,,,,,"ChdDSUhNMG9nS0VJQ0FnSURIMU1ISzZBRRAB",,,,,,,,,,,,,,,,,,,,,,,,"Google",,,"1",,,"432","2026-08-08T17:19:42.857Z","Direct Detail URL: https://www.google.com/maps/place/MoroGrill+-+Urdesa/@-2.1348707,-79.8980443,13.81z/data=!4m10!1m2!2m1!1smorogrill!3m6!1s0x902d6d7f6e0fdf2f:0x6850d0f70433d02d!8m2!3d-2.1656068!4d-79.9093192!15sCgltb3JvZ3JpbGxaCyIJbW9yb2dyaWxskgEKcmVzdGF1cmFudOABAA!16s%2Fg%2F11s195xvnt?entry=ttu&g_ep=EgoyMDI2MDgwNS4xIKXMDSoASAFQAw%3D%3D","3",,"Guayacanes 310 entre la 3ra y la cuarta","false","Hola buenas noches estoy pidiendo cita para puntaje de discapacidad ya tengo la firma de psicología pero solo necesito el puntaje.",,"MoroGrill - Urdesa","4.3",,"https://www.google.com/maps/search/?api=1&query=MoroGrill%20-%20Urdesa&query_place_id=ChIJL98Pbn9tLZARLdAzBPfQUGg",
"Guayacanes 310 entre la 3ra y la cuarta, 090507 Guayaquil, Ecuador","Restaurante","Restaurante","7516737537427361837","Guayaquil","EC","0x902d6d7f6e0fdf2f:0x6850d0f70433d02d",,"https://lh3.googleusercontent.com/gps-cs-s/AHRPTWmMp-Z0_3QQ_yB8KLvsC7YNBSBPmiMENigeIP1pKNoaU4PYGt-5zyRaGCh-CsO44Y3kcpIxqHcBqttYJWLA5KCtyE5NJnR8gw8Bqvt4CrdbhiyyIURUrsmZ7pVmXDmIjx49cILr0Q=w408-h408-k-no","false","true","/g/11s195xvnt","es-419","0","-2.1656068","-79.9093192",,"Urdesa",,"false","ChIJL98Pbn9tLZARLdAzBPfQUGg","090507","$10-15","Hace un año","2024-09-09T06:40:17.899Z",,,,,,,,,,,,,,,,,,,,,,,"ChZDSUhNMG9nS0VJQ0FnSUNIbTRQa0NnEAE",,,,,,,,,,,,,,,,,,,,,,,,"Google",,,"89",,,"432","2026-08-08T17:19:42.857Z","Direct Detail URL: https://www.google.com/maps/place/MoroGrill+-+Urdesa/@-2.1348707,-79.8980443,13.81z/data=!4m10!1m2!2m1!1smorogrill!3m6!1s0x902d6d7f6e0fdf2f:0x6850d0f70433d02d!8m2!3d-2.1656068!4d-79.9093192!15sCgltb3JvZ3JpbGxaCyIJbW9yb2dyaWxskgEKcmVzdGF1cmFudOABAA!16s%2Fg%2F11s195xvnt?entry=ttu&g_ep=EgoyMDI2MDgwNS4xIKXMDSoASAFQAw%3D%3D","5",,"Guayacanes 310 entre la 3ra y la cuarta","false",,,"MoroGrill - Urdesa","4.3",,"https://www.google.com/maps/search/?api=1&query=MoroGrill%20-%20Urdesa&query_place_id=ChIJL98Pbn9tLZARLdAzBPfQUGg",
"Guayacanes 310 entre la 3ra y la cuarta, 090507 Guayaquil, Ecuador","Restaurante","Restaurante","7516737537427361837","Guayaquil","EC","0x902d6d7f6e0fdf2f:0x6850d0f70433d02d",,"https://lh3.googleusercontent.com/gps-cs-s/AHRPTWmMp-Z0_3QQ_yB8KLvsC7YNBSBPmiMENigeIP1pKNoaU4PYGt-5zyRaGCh-CsO44Y3kcpIxqHcBqttYJWLA5KCtyE5NJnR8gw8Bqvt4CrdbhiyyIURUrsmZ7pVmXDmIjx49cILr0Q=w408-h408-k-no","false","true","/g/11s195xvnt","es-419","0","-2.1656068","-79.9093192",,"Urdesa",,"false","ChIJL98Pbn9tLZARLdAzBPfQUGg","090507","$10-15","Hace un año","2024-09-03T11:16:55.826Z",,,,,,,,,,,,,,,,,,,,"5","5","5","ChdDSUhNMG9nS0VJQ0FnSUNIOHRqNHl3RRAB",,,,,,,,,,,,,,,,,,,,,,,,"Google",,,"31",,,"432","2026-08-08T17:19:42.857Z","Direct Detail URL: https://www.google.com/maps/place/MoroGrill+-+Urdesa/@-2.1348707,-79.8980443,13.81z/data=!4m10!1m2!2m1!1smorogrill!3m6!1s0x902d6d7f6e0fdf2f:0x6850d0f70433d02d!8m2!3d-2.1656068!4d-79.9093192!15sCgltb3JvZ3JpbGxaCyIJbW9yb2dyaWxskgEKcmVzdGF1cmFudOABAA!16s%2Fg%2F11s195xvnt?entry=ttu&g_ep=EgoyMDI2MDgwNS4xIKXMDSoASAFQAw%3D%3D","5",,"Guayacanes 310 entre la 3ra y la cuarta","false",,,"MoroGrill - Urdesa","4.3",,"https://www.google.com/maps/search/?api=1&query=MoroGrill%20-%20Urdesa&query_place_id=ChIJL98Pbn9tLZARLdAzBPfQUGg",
"Guayacanes 310 entre la 3ra y la cuarta, 090507 Guayaquil, Ecuador","Restaurante","Restaurante","7516737537427361837","Guayaquil","EC","0x902d6d7f6e0fdf2f:0x6850d0f70433d02d",,"https://lh3.googleusercontent.com/gps-cs-s/AHRPTWmMp-Z0_3QQ_yB8KLvsC7YNBSBPmiMENigeIP1pKNoaU4PYGt-5zyRaGCh-CsO44Y3kcpIxqHcBqttYJWLA5KCtyE5NJnR8gw8Bqvt4CrdbhiyyIURUrsmZ7pVmXDmIjx49cILr0Q=w408-h408-k-no","false","false","/g/11s195xvnt","es-419","0","-2.1656068","-79.9093192",,"Urdesa",,"false","ChIJL98Pbn9tLZARLdAzBPfQUGg","090507","$10-15","Hace un año","2024-09-03T00:40:12.452Z",,,,,,,,,,,,,,,,,,,,,,,"ChdDSUhNMG9nS0VJQ0FnSUNIb3FfSmxBRRAB",,,,,,,,,,,,,,,,,,,,,,,,"Google",,,"2",,,"432","2026-08-08T17:19:42.857Z","Direct Detail URL: https://www.google.com/maps/place/MoroGrill+-+Urdesa/@-2.1348707,-79.8980443,13.81z/data=!4m10!1m2!2m1!1smorogrill!3m6!1s0x902d6d7f6e0fdf2f:0x6850d0f70433d02d!8m2!3d-2.1656068!4d-79.9093192!15sCgltb3JvZ3JpbGxaCyIJbW9yb2dyaWxskgEKcmVzdGF1cmFudOABAA!16s%2Fg%2F11s195xvnt?entry=ttu&g_ep=EgoyMDI2MDgwNS4xIKXMDSoASAFQAw%3D%3D","5",,"Guayacanes 310 entre la 3ra y la cuarta","false",,,"MoroGrill - Urdesa","4.3",,"https://www.google.com/maps/search/?api=1&query=MoroGrill%20-%20Urdesa&query_place_id=ChIJL98Pbn9tLZARLdAzBPfQUGg",
"Guayacanes 310 entre la 3ra y la cuarta, 090507 Guayaquil, Ecuador","Restaurante","Restaurante","7516737537427361837","Guayaquil","EC","0x902d6d7f6e0fdf2f:0x6850d0f70433d02d",,"https://lh3.googleusercontent.com/gps-cs-s/AHRPTWmMp-Z0_3QQ_yB8KLvsC7YNBSBPmiMENigeIP1pKNoaU4PYGt-5zyRaGCh-CsO44Y3kcpIxqHcBqttYJWLA5KCtyE5NJnR8gw8Bqvt4CrdbhiyyIURUrsmZ7pVmXDmIjx49cILr0Q=w408-h408-k-no","false","true","/g/11s195xvnt","es-419","0","-2.1656068","-79.9093192",,"Urdesa","es","false","ChIJL98Pbn9tLZARLdAzBPfQUGg","090507","$10-15","Hace 2 años","2024-08-06T03:52:57.418Z",,,,"Si",,"Hay suficiente espacio","Bueno era lunes, si habia estacionamiento",,,"Estacionamiento gratuito, Estacionamiento pagado","Chuleta Al Grill, Media Libra de Chuleta Con Patacones",,"Más de $50",,,,,"Cena","Consumo en el lugar","5","5","5","ChZDSUhNMG9nS0VJQ0FnSURiZ2NLOEdnEAE",,,,,,,,,,,,,,,,,,,,,,,,"Google",,,"147",,,"432","2026-08-08T17:19:42.857Z","Direct Detail URL: https://www.google.com/maps/place/MoroGrill+-+Urdesa/@-2.1348707,-79.8980443,13.81z/data=!4m10!1m2!2m1!1smorogrill!3m6!1s0x902d6d7f6e0fdf2f:0x6850d0f70433d02d!8m2!3d-2.1656068!4d-79.9093192!15sCgltb3JvZ3JpbGxaCyIJbW9yb2dyaWxskgEKcmVzdGF1cmFudOABAA!16s%2Fg%2F11s195xvnt?entry=ttu&g_ep=EgoyMDI2MDgwNS4xIKXMDSoASAFQAw%3D%3D","5",,"Guayacanes 310 entre la 3ra y la cuarta","false","Muy buen ambiente, excelente servicio, la comida buenisima",,"MoroGrill - Urdesa","4.3",,"https://www.google.com/maps/search/?api=1&query=MoroGrill%20-%20Urdesa&query_place_id=ChIJL98Pbn9tLZARLdAzBPfQUGg",
"Guayacanes 310 entre la 3ra y la cuarta, 090507 Guayaquil, Ecuador","Restaurante","Restaurante","7516737537427361837","Guayaquil","EC","0x902d6d7f6e0fdf2f:0x6850d0f70433d02d",,"https://lh3.googleusercontent.com/gps-cs-s/AHRPTWmMp-Z0_3QQ_yB8KLvsC7YNBSBPmiMENigeIP1pKNoaU4PYGt-5zyRaGCh-CsO44Y3kcpIxqHcBqttYJWLA5KCtyE5NJnR8gw8Bqvt4CrdbhiyyIURUrsmZ7pVmXDmIjx49cILr0Q=w408-h408-k-no","false","true","/g/11s195xvnt","es-419","1","-2.1656068","-79.9093192",,"Urdesa","es","false","ChIJL98Pbn9tLZARLdAzBPfQUGg","090507","$10-15","Hace 2 años","2024-07-27T13:32:30.093Z",,,,,,,,,,,,,,,,,,,,"4","4","4","ChRDSUhNMG9nS0VJQ0FnSUNiM29KUBAB",,,,,,,,,,,,,,,,,,,,,,,,"Google",,,"39",,,"432","2026-08-08T17:19:42.857Z","Direct Detail URL: https://www.google.com/maps/place/MoroGrill+-+Urdesa/@-2.1348707,-79.8980443,13.81z/data=!4m10!1m2!2m1!1smorogrill!3m6!1s0x902d6d7f6e0fdf2f:0x6850d0f70433d02d!8m2!3d-2.1656068!4d-79.9093192!15sCgltb3JvZ3JpbGxaCyIJbW9yb2dyaWxskgEKcmVzdGF1cmFudOABAA!16s%2Fg%2F11s195xvnt?entry=ttu&g_ep=EgoyMDI2MDgwNS4xIKXMDSoASAFQAw%3D%3D","4",,"Guayacanes 310 entre la 3ra y la cuarta","false","Muy buena atención y buenos precios, pero no me gustó mucho su ""plato insignia"" el sartenazo!",,"MoroGrill - Urdesa","4.3",,"https://www.google.com/maps/search/?api=1&query=MoroGrill%20-%20Urdesa&query_place_id=ChIJL98Pbn9tLZARLdAzBPfQUGg",
"Guayacanes 310 entre la 3ra y la cuarta, 090507 Guayaquil, Ecuador","Restaurante","Restaurante","7516737537427361837","Guayaquil","EC","0x902d6d7f6e0fdf2f:0x6850d0f70433d02d",,"https://lh3.googleusercontent.com/gps-cs-s/AHRPTWmMp-Z0_3QQ_yB8KLvsC7YNBSBPmiMENigeIP1pKNoaU4PYGt-5zyRaGCh-CsO44Y3kcpIxqHcBqttYJWLA5KCtyE5NJnR8gw8Bqvt4CrdbhiyyIURUrsmZ7pVmXDmIjx49cILr0Q=w408-h408-k-no","false","true","/g/11s195xvnt","es-419","0","-2.1656068","-79.9093192",,"Urdesa","es","false","ChIJL98Pbn9tLZARLdAzBPfQUGg","090507","$10-15","Hace 2 años","2024-07-07T09:06:08.662Z",,"2025-03-29T22:47:21.000Z","❤️‍🔥❤️‍🔥❤️‍🔥",,,,,,,,,,,,,,,,,"4","5","5","ChdDSUhNMG9nS0VJQ0FnSUNycnZHUzRnRRAB","https://lh3.googleusercontent.com/grass-cs/ACvplmObCEv47JK1AlypjqULG_hyV_Lfr2dQc0hRHg0KgSV39g4ELS-DGsnzj6AZAeDnscuPDOEsRHFafv6dQPmTUbHpKVl-NKicW8Upa6zbTHaSZAfVeNy7Z7R34DeA_HxTyT0ikCOD=k-no",,,,,,,,,,,,,,,,,,,,,,,"Google",,,"23",,,"432","2026-08-08T17:19:42.857Z","Direct Detail URL: https://www.google.com/maps/place/MoroGrill+-+Urdesa/@-2.1348707,-79.8980443,13.81z/data=!4m10!1m2!2m1!1smorogrill!3m6!1s0x902d6d7f6e0fdf2f:0x6850d0f70433d02d!8m2!3d-2.1656068!4d-79.9093192!15sCgltb3JvZ3JpbGxaCyIJbW9yb2dyaWxskgEKcmVzdGF1cmFudOABAA!16s%2Fg%2F11s195xvnt?entry=ttu&g_ep=EgoyMDI2MDgwNS4xIKXMDSoASAFQAw%3D%3D","5",,"Guayacanes 310 entre la 3ra y la cuarta","false","De lujo agradecido",,"MoroGrill - Urdesa","4.3",,"https://www.google.com/maps/search/?api=1&query=MoroGrill%20-%20Urdesa&query_place_id=ChIJL98Pbn9tLZARLdAzBPfQUGg",
"Guayacanes 310 entre la 3ra y la cuarta, 090507 Guayaquil, Ecuador","Restaurante","Restaurante","7516737537427361837","Guayaquil","EC","0x902d6d7f6e0fdf2f:0x6850d0f70433d02d",,"https://lh3.googleusercontent.com/gps-cs-s/AHRPTWmMp-Z0_3QQ_yB8KLvsC7YNBSBPmiMENigeIP1pKNoaU4PYGt-5zyRaGCh-CsO44Y3kcpIxqHcBqttYJWLA5KCtyE5NJnR8gw8Bqvt4CrdbhiyyIURUrsmZ7pVmXDmIjx49cILr0Q=w408-h408-k-no","false","false","/g/11s195xvnt","es-419","0","-2.1656068","-79.9093192",,"Urdesa","es","false","ChIJL98Pbn9tLZARLdAzBPfQUGg","090507","$10-15","Hace 2 años","2024-07-07T06:47:04.236Z",,,,,,,,,,,,,,,,,,,"Consumo en el lugar","5","5","5","ChdDSUhNMG9nS0VJQ0FnSUNyenRiQnVBRRAB","https://lh3.googleusercontent.com/grass-cs/ACvplmOHACJFTQ0E7qmwmrZ7LqqWB-hbnWIbibNvaSJNdOzOG-UYprjjGa-UqrLmGqq--De0-yrvjeSXKqL0M30sySH5iX3uXRC1CT7pUMF_u4aS41S2hd70y9xu-XPxCk4u8JmYIIbE=k-no",,,,,,,,,,,,,,,,,,,,,,,"Google",,,"7",,,"432","2026-08-08T17:19:42.857Z","Direct Detail URL: https://www.google.com/maps/place/MoroGrill+-+Urdesa/@-2.1348707,-79.8980443,13.81z/data=!4m10!1m2!2m1!1smorogrill!3m6!1s0x902d6d7f6e0fdf2f:0x6850d0f70433d02d!8m2!3d-2.1656068!4d-79.9093192!15sCgltb3JvZ3JpbGxaCyIJbW9yb2dyaWxskgEKcmVzdGF1cmFudOABAA!16s%2Fg%2F11s195xvnt?entry=ttu&g_ep=EgoyMDI2MDgwNS4xIKXMDSoASAFQAw%3D%3D","5",,"Guayacanes 310 entre la 3ra y la cuarta","false","Un sabor excelente",,"MoroGrill - Urdesa","4.3",,"https://www.google.com/maps/search/?api=1&query=MoroGrill%20-%20Urdesa&query_place_id=ChIJL98Pbn9tLZARLdAzBPfQUGg",
"Guayacanes 310 entre la 3ra y la cuarta, 090507 Guayaquil, Ecuador","Restaurante","Restaurante","7516737537427361837","Guayaquil","EC","0x902d6d7f6e0fdf2f:0x6850d0f70433d02d",,"https://lh3.googleusercontent.com/gps-cs-s/AHRPTWmMp-Z0_3QQ_yB8KLvsC7YNBSBPmiMENigeIP1pKNoaU4PYGt-5zyRaGCh-CsO44Y3kcpIxqHcBqttYJWLA5KCtyE5NJnR8gw8Bqvt4CrdbhiyyIURUrsmZ7pVmXDmIjx49cILr0Q=w408-h408-k-no","false","true","/g/11s195xvnt","es-419","0","-2.1656068","-79.9093192",,"Urdesa","es","false","ChIJL98Pbn9tLZARLdAzBPfQUGg","090507","$10-15","Hace 2 años","2024-07-02T04:11:51.495Z",,,,,,,,,,,,,"$20-25",,,,,"Cena","Consumo en el lugar","4","1","4","ChdDSUhNMG9nS0VJQ0FnSURMdDZqaTJRRRAB",,,,,,,,,,,,,,,,,,,,,,,,"Google",,,"90",,,"432","2026-08-08T17:19:42.857Z","Direct Detail URL: https://www.google.com/maps/place/MoroGrill+-+Urdesa/@-2.1348707,-79.8980443,13.81z/data=!4m10!1m2!2m1!1smorogrill!3m6!1s0x902d6d7f6e0fdf2f:0x6850d0f70433d02d!8m2!3d-2.1656068!4d-79.9093192!15sCgltb3JvZ3JpbGxaCyIJbW9yb2dyaWxskgEKcmVzdGF1cmFudOABAA!16s%2Fg%2F11s195xvnt?entry=ttu&g_ep=EgoyMDI2MDgwNS4xIKXMDSoASAFQAw%3D%3D","5",,"Guayacanes 310 entre la 3ra y la cuarta","false","Fui por primera ves y lamentablemente no fue grato, pedí un sartenazo con costilla, pensé que al ser un sartén la comida llegaría caliente y estaba fría, las costilla un fraude, la menestra de frijol sin sabor, para colmo pedí una limonada con hierbabuena para llevar y me la sirvieron en botella y caliente, el costo alto $$$$ de los platos, no volveré, fue una mala experiencia.",,"MoroGrill - Urdesa","4.3",,"https://www.google.com/maps/search/?api=1&query=MoroGrill%20-%20Urdesa&query_place_id=ChIJL98Pbn9tLZARLdAzBPfQUGg",
"Guayacanes 310 entre la 3ra y la cuarta, 090507 Guayaquil, Ecuador","Restaurante","Restaurante","7516737537427361837","Guayaquil","EC","0x902d6d7f6e0fdf2f:0x6850d0f70433d02d",,"https://lh3.googleusercontent.com/gps-cs-s/AHRPTWmMp-Z0_3QQ_yB8KLvsC7YNBSBPmiMENigeIP1pKNoaU4PYGt-5zyRaGCh-CsO44Y3kcpIxqHcBqttYJWLA5KCtyE5NJnR8gw8Bqvt4CrdbhiyyIURUrsmZ7pVmXDmIjx49cILr0Q=w408-h408-k-no","false","true","/g/11s195xvnt","es-419","0","-2.1656068","-79.9093192",,"Urdesa","es","false","ChIJL98Pbn9tLZARLdAzBPfQUGg","090507","$10-15","Hace 2 años","2024-06-25T22:40:02.861Z",,,,,,,,,,,,,,,,,,,,"5","5","5","ChZDSUhNMG9nS0VJQ0FnSURMaktMLWRBEAE",,,,,,,,,,,,,,,,,,,,,,,,"Google",,,"30",,,"432","2026-08-08T17:19:42.857Z","Direct Detail URL: https://www.google.com/maps/place/MoroGrill+-+Urdesa/@-2.1348707,-79.8980443,13.81z/data=!4m10!1m2!2m1!1smorogrill!3m6!1s0x902d6d7f6e0fdf2f:0x6850d0f70433d02d!8m2!3d-2.1656068!4d-79.9093192!15sCgltb3JvZ3JpbGxaCyIJbW9yb2dyaWxskgEKcmVzdGF1cmFudOABAA!16s%2Fg%2F11s195xvnt?entry=ttu&g_ep=EgoyMDI2MDgwNS4xIKXMDSoASAFQAw%3D%3D","5",,"Guayacanes 310 entre la 3ra y la cuarta","false","Buenísimo el moro",,"MoroGrill - Urdesa","4.3",,"https://www.google.com/maps/search/?api=1&query=MoroGrill%20-%20Urdesa&query_place_id=ChIJL98Pbn9tLZARLdAzBPfQUGg",
"Guayacanes 310 entre la 3ra y la cuarta, 090507 Guayaquil, Ecuador","Restaurante","Restaurante","7516737537427361837","Guayaquil","EC","0x902d6d7f6e0fdf2f:0x6850d0f70433d02d",,"https://lh3.googleusercontent.com/gps-cs-s/AHRPTWmMp-Z0_3QQ_yB8KLvsC7YNBSBPmiMENigeIP1pKNoaU4PYGt-5zyRaGCh-CsO44Y3kcpIxqHcBqttYJWLA5KCtyE5NJnR8gw8Bqvt4CrdbhiyyIURUrsmZ7pVmXDmIjx49cILr0Q=w408-h408-k-no","false","true","/g/11s195xvnt","es-419","0","-2.1656068","-79.9093192",,"Urdesa",,"false","ChIJL98Pbn9tLZARLdAzBPfQUGg","090507","$10-15","Hace 2 años","2024-05-31T02:51:27.632Z",,,,,,,,,,,,,,,,,,,,,,,"ChZDSUhNMG9nS0VJQ0FnSUN6NUlYRmJBEAE",,,,,,,,,,,,,,,,,,,,,,,,"Google",,,"12",,,"432","2026-08-08T17:19:42.857Z","Direct Detail URL: https://www.google.com/maps/place/MoroGrill+-+Urdesa/@-2.1348707,-79.8980443,13.81z/data=!4m10!1m2!2m1!1smorogrill!3m6!1s0x902d6d7f6e0fdf2f:0x6850d0f70433d02d!8m2!3d-2.1656068!4d-79.9093192!15sCgltb3JvZ3JpbGxaCyIJbW9yb2dyaWxskgEKcmVzdGF1cmFudOABAA!16s%2Fg%2F11s195xvnt?entry=ttu&g_ep=EgoyMDI2MDgwNS4xIKXMDSoASAFQAw%3D%3D","4",,"Guayacanes 310 entre la 3ra y la cuarta","false",,,"MoroGrill - Urdesa","4.3",,"https://www.google.com/maps/search/?api=1&query=MoroGrill%20-%20Urdesa&query_place_id=ChIJL98Pbn9tLZARLdAzBPfQUGg",
"Guayacanes 310 entre la 3ra y la cuarta, 090507 Guayaquil, Ecuador","Restaurante","Restaurante","7516737537427361837","Guayaquil","EC","0x902d6d7f6e0fdf2f:0x6850d0f70433d02d",,"https://lh3.googleusercontent.com/gps-cs-s/AHRPTWmMp-Z0_3QQ_yB8KLvsC7YNBSBPmiMENigeIP1pKNoaU4PYGt-5zyRaGCh-CsO44Y3kcpIxqHcBqttYJWLA5KCtyE5NJnR8gw8Bqvt4CrdbhiyyIURUrsmZ7pVmXDmIjx49cILr0Q=w408-h408-k-no","false","true","/g/11s195xvnt","es-419","0","-2.1656068","-79.9093192",,"Urdesa",,"false","ChIJL98Pbn9tLZARLdAzBPfQUGg","090507","$10-15","Hace 2 años","2024-05-21T12:24:23.330Z",,,,,,,,,,,,,,,,,,,"Comida para llevar",,,,"ChZDSUhNMG9nS0VJQ0FnSURUa01MckRBEAE",,,,,,,,,,,,,,,,,,,,,,,,"Google",,,"16",,,"432","2026-08-08T17:19:42.857Z","Direct Detail URL: https://www.google.com/maps/place/MoroGrill+-+Urdesa/@-2.1348707,-79.8980443,13.81z/data=!4m10!1m2!2m1!1smorogrill!3m6!1s0x902d6d7f6e0fdf2f:0x6850d0f70433d02d!8m2!3d-2.1656068!4d-79.9093192!15sCgltb3JvZ3JpbGxaCyIJbW9yb2dyaWxskgEKcmVzdGF1cmFudOABAA!16s%2Fg%2F11s195xvnt?entry=ttu&g_ep=EgoyMDI2MDgwNS4xIKXMDSoASAFQAw%3D%3D","3",,"Guayacanes 310 entre la 3ra y la cuarta","false",,,"MoroGrill - Urdesa","4.3",,"https://www.google.com/maps/search/?api=1&query=MoroGrill%20-%20Urdesa&query_place_id=ChIJL98Pbn9tLZARLdAzBPfQUGg",
"Guayacanes 310 entre la 3ra y la cuarta, 090507 Guayaquil, Ecuador","Restaurante","Restaurante","7516737537427361837","Guayaquil","EC","0x902d6d7f6e0fdf2f:0x6850d0f70433d02d",,"https://lh3.googleusercontent.com/gps-cs-s/AHRPTWmMp-Z0_3QQ_yB8KLvsC7YNBSBPmiMENigeIP1pKNoaU4PYGt-5zyRaGCh-CsO44Y3kcpIxqHcBqttYJWLA5KCtyE5NJnR8gw8Bqvt4CrdbhiyyIURUrsmZ7pVmXDmIjx49cILr0Q=w408-h408-k-no","false","true","/g/11s195xvnt","es-419","0","-2.1656068","-79.9093192",,"Urdesa","es","false","ChIJL98Pbn9tLZARLdAzBPfQUGg","090507","$10-15","Hace 2 años","2024-05-21T00:00:42.442Z",,,,,,,,,,,,,,,,,,,,"5","5","1","ChZDSUhNMG9nS0VJQ0FnSUNUdi1HM2F3EAE",,,,,,,,,,,,,,,,,,,,,,,,"Google",,,"26",,,"432","2026-08-08T17:19:42.857Z","Direct Detail URL: https://www.google.com/maps/place/MoroGrill+-+Urdesa/@-2.1348707,-79.8980443,13.81z/data=!4m10!1m2!2m1!1smorogrill!3m6!1s0x902d6d7f6e0fdf2f:0x6850d0f70433d02d!8m2!3d-2.1656068!4d-79.9093192!15sCgltb3JvZ3JpbGxaCyIJbW9yb2dyaWxskgEKcmVzdGF1cmFudOABAA!16s%2Fg%2F11s195xvnt?entry=ttu&g_ep=EgoyMDI2MDgwNS4xIKXMDSoASAFQAw%3D%3D","1",,"Guayacanes 310 entre la 3ra y la cuarta","false","La verdad la primera vez que vine muy bien y muy bueno, escogí este lugar porque había opciones vegetarianas... Sinceramente yo soy creada a la antigua y me parece muy feo que pongan los menú con código QR, fuí con una persona mayor que no tenía celular  y no podía ver el menú.. pero bueh. Esperemos que vuelva en su menú la hamburguesa vegetariana.. hasta mientras 1⭐",,"MoroGrill - Urdesa","4.3",,"https://www.google.com/maps/search/?api=1&query=MoroGrill%20-%20Urdesa&query_place_id=ChIJL98Pbn9tLZARLdAzBPfQUGg",
"Guayacanes 310 entre la 3ra y la cuarta, 090507 Guayaquil, Ecuador","Restaurante","Restaurante","7516737537427361837","Guayaquil","EC","0x902d6d7f6e0fdf2f:0x6850d0f70433d02d",,"https://lh3.googleusercontent.com/gps-cs-s/AHRPTWmMp-Z0_3QQ_yB8KLvsC7YNBSBPmiMENigeIP1pKNoaU4PYGt-5zyRaGCh-CsO44Y3kcpIxqHcBqttYJWLA5KCtyE5NJnR8gw8Bqvt4CrdbhiyyIURUrsmZ7pVmXDmIjx49cILr0Q=w408-h408-k-no","false","false","/g/11s195xvnt","es-419","1","-2.1656068","-79.9093192",,"Urdesa",,"false","ChIJL98Pbn9tLZARLdAzBPfQUGg","090507","$10-15","Hace 2 años","2024-05-12T21:04:39.501Z",,,,,,,,,,,,,,,,,,,,"4","3","2","ChdDSUhNMG9nS0VJQ0FnSUNUa3V2dnBBRRAB",,,,,,,,,,,,,,,,,,,,,,,,"Google",,,"0",,,"432","2026-08-08T17:19:42.857Z","Direct Detail URL: https://www.google.com/maps/place/MoroGrill+-+Urdesa/@-2.1348707,-79.8980443,13.81z/data=!4m10!1m2!2m1!1smorogrill!3m6!1s0x902d6d7f6e0fdf2f:0x6850d0f70433d02d!8m2!3d-2.1656068!4d-79.9093192!15sCgltb3JvZ3JpbGxaCyIJbW9yb2dyaWxskgEKcmVzdGF1cmFudOABAA!16s%2Fg%2F11s195xvnt?entry=ttu&g_ep=EgoyMDI2MDgwNS4xIKXMDSoASAFQAw%3D%3D","2",,"Guayacanes 310 entre la 3ra y la cuarta","false",,,"MoroGrill - Urdesa","4.3",,"https://www.google.com/maps/search/?api=1&query=MoroGrill%20-%20Urdesa&query_place_id=ChIJL98Pbn9tLZARLdAzBPfQUGg",
"Guayacanes 310 entre la 3ra y la cuarta, 090507 Guayaquil, Ecuador","Restaurante","Restaurante","7516737537427361837","Guayaquil","EC","0x902d6d7f6e0fdf2f:0x6850d0f70433d02d",,"https://lh3.googleusercontent.com/gps-cs-s/AHRPTWmMp-Z0_3QQ_yB8KLvsC7YNBSBPmiMENigeIP1pKNoaU4PYGt-5zyRaGCh-CsO44Y3kcpIxqHcBqttYJWLA5KCtyE5NJnR8gw8Bqvt4CrdbhiyyIURUrsmZ7pVmXDmIjx49cILr0Q=w408-h408-k-no","false","false","/g/11s195xvnt","es-419","0","-2.1656068","-79.9093192",,"Urdesa",,"false","ChIJL98Pbn9tLZARLdAzBPfQUGg","090507","$10-15","Hace 2 años","2024-05-07T20:07:15.946Z",,,,,,,,,,,,,,,,,,,,"5","5","5","ChdDSUhNMG9nS0VJQ0FnSURqbS1YTDFnRRAB",,,,,,,,,,,,,,,,,,,,,,,,"Google",,,"0",,,"432","2026-08-08T17:19:42.857Z","Direct Detail URL: https://www.google.com/maps/place/MoroGrill+-+Urdesa/@-2.1348707,-79.8980443,13.81z/data=!4m10!1m2!2m1!1smorogrill!3m6!1s0x902d6d7f6e0fdf2f:0x6850d0f70433d02d!8m2!3d-2.1656068!4d-79.9093192!15sCgltb3JvZ3JpbGxaCyIJbW9yb2dyaWxskgEKcmVzdGF1cmFudOABAA!16s%2Fg%2F11s195xvnt?entry=ttu&g_ep=EgoyMDI2MDgwNS4xIKXMDSoASAFQAw%3D%3D","5",,"Guayacanes 310 entre la 3ra y la cuarta","false",,,"MoroGrill - Urdesa","4.3",,"https://www.google.com/maps/search/?api=1&query=MoroGrill%20-%20Urdesa&query_place_id=ChIJL98Pbn9tLZARLdAzBPfQUGg",
"Guayacanes 310 entre la 3ra y la cuarta, 090507 Guayaquil, Ecuador","Restaurante","Restaurante","7516737537427361837","Guayaquil","EC","0x902d6d7f6e0fdf2f:0x6850d0f70433d02d",,"https://lh3.googleusercontent.com/gps-cs-s/AHRPTWmMp-Z0_3QQ_yB8KLvsC7YNBSBPmiMENigeIP1pKNoaU4PYGt-5zyRaGCh-CsO44Y3kcpIxqHcBqttYJWLA5KCtyE5NJnR8gw8Bqvt4CrdbhiyyIURUrsmZ7pVmXDmIjx49cILr0Q=w408-h408-k-no","false","false","/g/11s195xvnt","es-419","0","-2.1656068","-79.9093192",,"Urdesa",,"false","ChIJL98Pbn9tLZARLdAzBPfQUGg","090507","$10-15","Hace 2 años","2024-05-07T20:06:30.330Z",,,,,,,,,,,,,,,,,,,,"5","5","5","ChdDSUhNMG9nS0VJQ0FnSURqbS1Xc2dnRRAB",,,,,,,,,,,,,,,,,,,,,,,,"Google",,,"1",,,"432","2026-08-08T17:19:42.857Z","Direct Detail URL: https://www.google.com/maps/place/MoroGrill+-+Urdesa/@-2.1348707,-79.8980443,13.81z/data=!4m10!1m2!2m1!1smorogrill!3m6!1s0x902d6d7f6e0fdf2f:0x6850d0f70433d02d!8m2!3d-2.1656068!4d-79.9093192!15sCgltb3JvZ3JpbGxaCyIJbW9yb2dyaWxskgEKcmVzdGF1cmFudOABAA!16s%2Fg%2F11s195xvnt?entry=ttu&g_ep=EgoyMDI2MDgwNS4xIKXMDSoASAFQAw%3D%3D","5",,"Guayacanes 310 entre la 3ra y la cuarta","false",,,"MoroGrill - Urdesa","4.3",,"https://www.google.com/maps/search/?api=1&query=MoroGrill%20-%20Urdesa&query_place_id=ChIJL98Pbn9tLZARLdAzBPfQUGg",
"Guayacanes 310 entre la 3ra y la cuarta, 090507 Guayaquil, Ecuador","Restaurante","Restaurante","7516737537427361837","Guayaquil","EC","0x902d6d7f6e0fdf2f:0x6850d0f70433d02d",,"https://lh3.googleusercontent.com/gps-cs-s/AHRPTWmMp-Z0_3QQ_yB8KLvsC7YNBSBPmiMENigeIP1pKNoaU4PYGt-5zyRaGCh-CsO44Y3kcpIxqHcBqttYJWLA5KCtyE5NJnR8gw8Bqvt4CrdbhiyyIURUrsmZ7pVmXDmIjx49cILr0Q=w408-h408-k-no","false","false","/g/11s195xvnt","es-419","0","-2.1656068","-79.9093192",,"Urdesa",,"false","ChIJL98Pbn9tLZARLdAzBPfQUGg","090507","$10-15","Hace 2 años","2024-05-07T20:05:48.722Z",,,,,,,,,,,,,,,,,,,,"5","5","5","ChZDSUhNMG9nS0VJQ0FnSURqbTZYSkZBEAE",,,,,,,,,,,,,,,,,,,,,,,,"Google",,,"0",,,"432","2026-08-08T17:19:42.857Z","Direct Detail URL: https://www.google.com/maps/place/MoroGrill+-+Urdesa/@-2.1348707,-79.8980443,13.81z/data=!4m10!1m2!2m1!1smorogrill!3m6!1s0x902d6d7f6e0fdf2f:0x6850d0f70433d02d!8m2!3d-2.1656068!4d-79.9093192!15sCgltb3JvZ3JpbGxaCyIJbW9yb2dyaWxskgEKcmVzdGF1cmFudOABAA!16s%2Fg%2F11s195xvnt?entry=ttu&g_ep=EgoyMDI2MDgwNS4xIKXMDSoASAFQAw%3D%3D","5",,"Guayacanes 310 entre la 3ra y la cuarta","false",,,"MoroGrill - Urdesa","4.3",,"https://www.google.com/maps/search/?api=1&query=MoroGrill%20-%20Urdesa&query_place_id=ChIJL98Pbn9tLZARLdAzBPfQUGg",
"Guayacanes 310 entre la 3ra y la cuarta, 090507 Guayaquil, Ecuador","Restaurante","Restaurante","7516737537427361837","Guayaquil","EC","0x902d6d7f6e0fdf2f:0x6850d0f70433d02d",,"https://lh3.googleusercontent.com/gps-cs-s/AHRPTWmMp-Z0_3QQ_yB8KLvsC7YNBSBPmiMENigeIP1pKNoaU4PYGt-5zyRaGCh-CsO44Y3kcpIxqHcBqttYJWLA5KCtyE5NJnR8gw8Bqvt4CrdbhiyyIURUrsmZ7pVmXDmIjx49cILr0Q=w408-h408-k-no","false","false","/g/11s195xvnt","es-419","0","-2.1656068","-79.9093192",,"Urdesa",,"false","ChIJL98Pbn9tLZARLdAzBPfQUGg","090507","$10-15","Hace 2 años","2024-05-07T19:38:13.205Z",,,,,,,,,,,,,,,,,,,,"2","1","3","ChdDSUhNMG9nS0VJQ0FnSURqbTg2ay1BRRAB",,,,,,,,,,,,,,,,,,,,,,,,"Google",,,"1",,,"432","2026-08-08T17:19:42.857Z","Direct Detail URL: https://www.google.com/maps/place/MoroGrill+-+Urdesa/@-2.1348707,-79.8980443,13.81z/data=!4m10!1m2!2m1!1smorogrill!3m6!1s0x902d6d7f6e0fdf2f:0x6850d0f70433d02d!8m2!3d-2.1656068!4d-79.9093192!15sCgltb3JvZ3JpbGxaCyIJbW9yb2dyaWxskgEKcmVzdGF1cmFudOABAA!16s%2Fg%2F11s195xvnt?entry=ttu&g_ep=EgoyMDI2MDgwNS4xIKXMDSoASAFQAw%3D%3D","1",,"Guayacanes 310 entre la 3ra y la cuarta","false",,,"MoroGrill - Urdesa","4.3",,"https://www.google.com/maps/search/?api=1&query=MoroGrill%20-%20Urdesa&query_place_id=ChIJL98Pbn9tLZARLdAzBPfQUGg",
"Guayacanes 310 entre la 3ra y la cuarta, 090507 Guayaquil, Ecuador","Restaurante","Restaurante","7516737537427361837","Guayaquil","EC","0x902d6d7f6e0fdf2f:0x6850d0f70433d02d",,"https://lh3.googleusercontent.com/gps-cs-s/AHRPTWmMp-Z0_3QQ_yB8KLvsC7YNBSBPmiMENigeIP1pKNoaU4PYGt-5zyRaGCh-CsO44Y3kcpIxqHcBqttYJWLA5KCtyE5NJnR8gw8Bqvt4CrdbhiyyIURUrsmZ7pVmXDmIjx49cILr0Q=w408-h408-k-no","false","false","/g/11s195xvnt","es-419","0","-2.1656068","-79.9093192",,"Urdesa",,"false","ChIJL98Pbn9tLZARLdAzBPfQUGg","090507","$10-15","Hace 2 años","2024-05-06T03:52:47.388Z",,,,,,,,,,,"Chifles de Cortesía",,"Más de $50",,,,,"Cena","Consumo en el lugar","5","5","5","ChZDSUhNMG9nS0VJQ0FnSURqamNtMWNBEAE",,,,,,,,,,,,,,,,,,,,,,,,"Google",,,"2",,,"432","2026-08-08T17:19:42.857Z","Direct Detail URL: https://www.google.com/maps/place/MoroGrill+-+Urdesa/@-2.1348707,-79.8980443,13.81z/data=!4m10!1m2!2m1!1smorogrill!3m6!1s0x902d6d7f6e0fdf2f:0x6850d0f70433d02d!8m2!3d-2.1656068!4d-79.9093192!15sCgltb3JvZ3JpbGxaCyIJbW9yb2dyaWxskgEKcmVzdGF1cmFudOABAA!16s%2Fg%2F11s195xvnt?entry=ttu&g_ep=EgoyMDI2MDgwNS4xIKXMDSoASAFQAw%3D%3D","5",,"Guayacanes 310 entre la 3ra y la cuarta","false",,,"MoroGrill - Urdesa","4.3",,"https://www.google.com/maps/search/?api=1&query=MoroGrill%20-%20Urdesa&query_place_id=ChIJL98Pbn9tLZARLdAzBPfQUGg",
"Guayacanes 310 entre la 3ra y la cuarta, 090507 Guayaquil, Ecuador","Restaurante","Restaurante","7516737537427361837","Guayaquil","EC","0x902d6d7f6e0fdf2f:0x6850d0f70433d02d",,"https://lh3.googleusercontent.com/gps-cs-s/AHRPTWmMp-Z0_3QQ_yB8KLvsC7YNBSBPmiMENigeIP1pKNoaU4PYGt-5zyRaGCh-CsO44Y3kcpIxqHcBqttYJWLA5KCtyE5NJnR8gw8Bqvt4CrdbhiyyIURUrsmZ7pVmXDmIjx49cILr0Q=w408-h408-k-no","false","false","/g/11s195xvnt","es-419","0","-2.1656068","-79.9093192",,"Urdesa",,"false","ChIJL98Pbn9tLZARLdAzBPfQUGg","090507","$10-15","Hace 2 años","2024-05-04T05:43:43.146Z",,,,,,,,,,,,,"$10-15",,,,,"Cena","Consumo en el lugar","2","1","1","ChdDSUhNMG9nS0VJQ0FnSURqNGV6UnVBRRAB",,,,,,,,,,,,,,,,,,,,,,,,"Google",,,"7",,,"432","2026-08-08T17:19:42.857Z","Direct Detail URL: https://www.google.com/maps/place/MoroGrill+-+Urdesa/@-2.1348707,-79.8980443,13.81z/data=!4m10!1m2!2m1!1smorogrill!3m6!1s0x902d6d7f6e0fdf2f:0x6850d0f70433d02d!8m2!3d-2.1656068!4d-79.9093192!15sCgltb3JvZ3JpbGxaCyIJbW9yb2dyaWxskgEKcmVzdGF1cmFudOABAA!16s%2Fg%2F11s195xvnt?entry=ttu&g_ep=EgoyMDI2MDgwNS4xIKXMDSoASAFQAw%3D%3D","1",,"Guayacanes 310 entre la 3ra y la cuarta","false",,,"MoroGrill - Urdesa","4.3",,"https://www.google.com/maps/search/?api=1&query=MoroGrill%20-%20Urdesa&query_place_id=ChIJL98Pbn9tLZARLdAzBPfQUGg",
"Guayacanes 310 entre la 3ra y la cuarta, 090507 Guayaquil, Ecuador","Restaurante","Restaurante","7516737537427361837","Guayaquil","EC","0x902d6d7f6e0fdf2f:0x6850d0f70433d02d",,"https://lh3.googleusercontent.com/gps-cs-s/AHRPTWmMp-Z0_3QQ_yB8KLvsC7YNBSBPmiMENigeIP1pKNoaU4PYGt-5zyRaGCh-CsO44Y3kcpIxqHcBqttYJWLA5KCtyE5NJnR8gw8Bqvt4CrdbhiyyIURUrsmZ7pVmXDmIjx49cILr0Q=w408-h408-k-no","false","true","/g/11s195xvnt","es-419","0","-2.1656068","-79.9093192",,"Urdesa","es","false","ChIJL98Pbn9tLZARLdAzBPfQUGg","090507","$10-15","Hace 2 años","2024-04-29T04:32:51.160Z",,,,,,,,,,,,,"$10-15",,,,,"Otro","Consumo en el lugar","4","2","3","ChZDSUhNMG9nS0VJQ0FnSURqMkp2b0R3EAE",,,,,,,,,,,,,,,,,,,,,,,,"Google",,,"95",,,"432","2026-08-08T17:19:42.857Z","Direct Detail URL: https://www.google.com/maps/place/MoroGrill+-+Urdesa/@-2.1348707,-79.8980443,13.81z/data=!4m10!1m2!2m1!1smorogrill!3m6!1s0x902d6d7f6e0fdf2f:0x6850d0f70433d02d!8m2!3d-2.1656068!4d-79.9093192!15sCgltb3JvZ3JpbGxaCyIJbW9yb2dyaWxskgEKcmVzdGF1cmFudOABAA!16s%2Fg%2F11s195xvnt?entry=ttu&g_ep=EgoyMDI2MDgwNS4xIKXMDSoASAFQAw%3D%3D","2",,"Guayacanes 310 entre la 3ra y la cuarta","false","Las chuletas estaban agrias , poca proteína para un precio alto, no lo recomiendo",,"MoroGrill - Urdesa","4.3",,"https://www.google.com/maps/search/?api=1&query=MoroGrill%20-%20Urdesa&query_place_id=ChIJL98Pbn9tLZARLdAzBPfQUGg",
"Guayacanes 310 entre la 3ra y la cuarta, 090507 Guayaquil, Ecuador","Restaurante","Restaurante","7516737537427361837","Guayaquil","EC","0x902d6d7f6e0fdf2f:0x6850d0f70433d02d",,"https://lh3.googleusercontent.com/gps-cs-s/AHRPTWmMp-Z0_3QQ_yB8KLvsC7YNBSBPmiMENigeIP1pKNoaU4PYGt-5zyRaGCh-CsO44Y3kcpIxqHcBqttYJWLA5KCtyE5NJnR8gw8Bqvt4CrdbhiyyIURUrsmZ7pVmXDmIjx49cILr0Q=w408-h408-k-no","false","false","/g/11s195xvnt","es-419","0","-2.1656068","-79.9093192",,"Urdesa",,"false","ChIJL98Pbn9tLZARLdAzBPfQUGg","090507","$10-15","Hace 2 años","2024-04-29T01:25:19.331Z",,,,,,,,,,,,,,,,,,,,,,,"ChZDSUhNMG9nS0VJQ0FnSURqbU4ydVpREAE",,,,,,,,,,,,,,,,,,,,,,,,"Google",,,"0",,,"432","2026-08-08T17:19:42.857Z","Direct Detail URL: https://www.google.com/maps/place/MoroGrill+-+Urdesa/@-2.1348707,-79.8980443,13.81z/data=!4m10!1m2!2m1!1smorogrill!3m6!1s0x902d6d7f6e0fdf2f:0x6850d0f70433d02d!8m2!3d-2.1656068!4d-79.9093192!15sCgltb3JvZ3JpbGxaCyIJbW9yb2dyaWxskgEKcmVzdGF1cmFudOABAA!16s%2Fg%2F11s195xvnt?entry=ttu&g_ep=EgoyMDI2MDgwNS4xIKXMDSoASAFQAw%3D%3D","5",,"Guayacanes 310 entre la 3ra y la cuarta","false",,,"MoroGrill - Urdesa","4.3",,"https://www.google.com/maps/search/?api=1&query=MoroGrill%20-%20Urdesa&query_place_id=ChIJL98Pbn9tLZARLdAzBPfQUGg",
"Guayacanes 310 entre la 3ra y la cuarta, 090507 Guayaquil, Ecuador","Restaurante","Restaurante","7516737537427361837","Guayaquil","EC","0x902d6d7f6e0fdf2f:0x6850d0f70433d02d",,"https://lh3.googleusercontent.com/gps-cs-s/AHRPTWmMp-Z0_3QQ_yB8KLvsC7YNBSBPmiMENigeIP1pKNoaU4PYGt-5zyRaGCh-CsO44Y3kcpIxqHcBqttYJWLA5KCtyE5NJnR8gw8Bqvt4CrdbhiyyIURUrsmZ7pVmXDmIjx49cILr0Q=w408-h408-k-no","false","true","/g/11s195xvnt","es-419","0","-2.1656068","-79.9093192",,"Urdesa",,"false","ChIJL98Pbn9tLZARLdAzBPfQUGg","090507","$10-15","Hace 2 años","2024-04-22T02:55:25.332Z",,,,,,,,,,,,,,,,,,,,,,,"ChZDSUhNMG9nS0VJQ0FnSUNqM3B6R09BEAE",,,,,,,,,,,,,,,,,,,,,,,,"Google",,,"15",,,"432","2026-08-08T17:19:42.857Z","Direct Detail URL: https://www.google.com/maps/place/MoroGrill+-+Urdesa/@-2.1348707,-79.8980443,13.81z/data=!4m10!1m2!2m1!1smorogrill!3m6!1s0x902d6d7f6e0fdf2f:0x6850d0f70433d02d!8m2!3d-2.1656068!4d-79.9093192!15sCgltb3JvZ3JpbGxaCyIJbW9yb2dyaWxskgEKcmVzdGF1cmFudOABAA!16s%2Fg%2F11s195xvnt?entry=ttu&g_ep=EgoyMDI2MDgwNS4xIKXMDSoASAFQAw%3D%3D","4",,"Guayacanes 310 entre la 3ra y la cuarta","false",,,"MoroGrill - Urdesa","4.3",,"https://www.google.com/maps/search/?api=1&query=MoroGrill%20-%20Urdesa&query_place_id=ChIJL98Pbn9tLZARLdAzBPfQUGg",
"Guayacanes 310 entre la 3ra y la cuarta, 090507 Guayaquil, Ecuador","Restaurante","Restaurante","7516737537427361837","Guayaquil","EC","0x902d6d7f6e0fdf2f:0x6850d0f70433d02d",,"https://lh3.googleusercontent.com/gps-cs-s/AHRPTWmMp-Z0_3QQ_yB8KLvsC7YNBSBPmiMENigeIP1pKNoaU4PYGt-5zyRaGCh-CsO44Y3kcpIxqHcBqttYJWLA5KCtyE5NJnR8gw8Bqvt4CrdbhiyyIURUrsmZ7pVmXDmIjx49cILr0Q=w408-h408-k-no","false","true","/g/11s195xvnt","es-419","0","-2.1656068","-79.9093192",,"Urdesa","es","false","ChIJL98Pbn9tLZARLdAzBPfQUGg","090507","$10-15","Hace 2 años","2024-04-21T21:49:30.354Z",,,,,,,,,,,"Sartenazo - Moro Manaba Co Menestra de frejol0",,"$15-20",,,,,"Cena","Consumo en el lugar","5","4","4","ChZDSUhNMG9nS0VJQ0FnSUNqN3ZybEZBEAE","https://lh3.googleusercontent.com/grass-cs/ACvplmNGXPSPLiBx_1AynfPBlHNWurfksP6qb1BMqon-7rphWWhNH_37xmXx_Wi_8NveKwPqMkduhiHX0F2btkt6bIwpwQnPP2z3HY1C39145HUt-oQLdIlzi5IbLkzNg4NyQIIuB35fgw=k-no",,,,,,,,,,,,,,,,,,,,,,,"Google",,,"41",,,"432","2026-08-08T17:19:42.857Z","Direct Detail URL: https://www.google.com/maps/place/MoroGrill+-+Urdesa/@-2.1348707,-79.8980443,13.81z/data=!4m10!1m2!2m1!1smorogrill!3m6!1s0x902d6d7f6e0fdf2f:0x6850d0f70433d02d!8m2!3d-2.1656068!4d-79.9093192!15sCgltb3JvZ3JpbGxaCyIJbW9yb2dyaWxskgEKcmVzdGF1cmFudOABAA!16s%2Fg%2F11s195xvnt?entry=ttu&g_ep=EgoyMDI2MDgwNS4xIKXMDSoASAFQAw%3D%3D","5",,"Guayacanes 310 entre la 3ra y la cuarta","false","Buen ambiente, nada mal la comida, buena cantidad sirven. Único detalle, los moros deberían tener un poco más de gusto, algunos un poco insípidos",,"MoroGrill - Urdesa","4.3",,"https://www.google.com/maps/search/?api=1&query=MoroGrill%20-%20Urdesa&query_place_id=ChIJL98Pbn9tLZARLdAzBPfQUGg",
"Guayacanes 310 entre la 3ra y la cuarta, 090507 Guayaquil, Ecuador","Restaurante","Restaurante","7516737537427361837","Guayaquil","EC","0x902d6d7f6e0fdf2f:0x6850d0f70433d02d",,"https://lh3.googleusercontent.com/gps-cs-s/AHRPTWmMp-Z0_3QQ_yB8KLvsC7YNBSBPmiMENigeIP1pKNoaU4PYGt-5zyRaGCh-CsO44Y3kcpIxqHcBqttYJWLA5KCtyE5NJnR8gw8Bqvt4CrdbhiyyIURUrsmZ7pVmXDmIjx49cILr0Q=w408-h408-k-no","false","false","/g/11s195xvnt","es-419","0","-2.1656068","-79.9093192",,"Urdesa",,"false","ChIJL98Pbn9tLZARLdAzBPfQUGg","090507","$10-15","Hace 2 años","2024-04-17T11:16:25.240Z",,,,,,,,,,,,,,,,,,,,,,,"ChdDSUhNMG9nS0VJQ0FnSUNqcU0yZXVBRRAB",,,,,,,,,,,,,,,,,,,,,,,,"Google",,,"7",,,"432","2026-08-08T17:19:42.857Z","Direct Detail URL: https://www.google.com/maps/place/MoroGrill+-+Urdesa/@-2.1348707,-79.8980443,13.81z/data=!4m10!1m2!2m1!1smorogrill!3m6!1s0x902d6d7f6e0fdf2f:0x6850d0f70433d02d!8m2!3d-2.1656068!4d-79.9093192!15sCgltb3JvZ3JpbGxaCyIJbW9yb2dyaWxskgEKcmVzdGF1cmFudOABAA!16s%2Fg%2F11s195xvnt?entry=ttu&g_ep=EgoyMDI2MDgwNS4xIKXMDSoASAFQAw%3D%3D","5",,"Guayacanes 310 entre la 3ra y la cuarta","false",,,"MoroGrill - Urdesa","4.3",,"https://www.google.com/maps/search/?api=1&query=MoroGrill%20-%20Urdesa&query_place_id=ChIJL98Pbn9tLZARLdAzBPfQUGg",
"Guayacanes 310 entre la 3ra y la cuarta, 090507 Guayaquil, Ecuador","Restaurante","Restaurante","7516737537427361837","Guayaquil","EC","0x902d6d7f6e0fdf2f:0x6850d0f70433d02d",,"https://lh3.googleusercontent.com/gps-cs-s/AHRPTWmMp-Z0_3QQ_yB8KLvsC7YNBSBPmiMENigeIP1pKNoaU4PYGt-5zyRaGCh-CsO44Y3kcpIxqHcBqttYJWLA5KCtyE5NJnR8gw8Bqvt4CrdbhiyyIURUrsmZ7pVmXDmIjx49cILr0Q=w408-h408-k-no","false","false","/g/11s195xvnt","es-419","0","-2.1656068","-79.9093192",,"Urdesa",,"false","ChIJL98Pbn9tLZARLdAzBPfQUGg","090507","$10-15","Hace 2 años","2024-04-14T21:15:59.762Z",,,,,,,,,,,,,,,,,,"Almuerzo","Consumo en el lugar","5","5","5","ChZDSUhNMG9nS0VJQ0FnSURELTQzRUtBEAE",,,,,,,,,,,,,,,,,,,,,,,,"Google",,,"0",,,"432","2026-08-08T17:19:42.857Z","Direct Detail URL: https://www.google.com/maps/place/MoroGrill+-+Urdesa/@-2.1348707,-79.8980443,13.81z/data=!4m10!1m2!2m1!1smorogrill!3m6!1s0x902d6d7f6e0fdf2f:0x6850d0f70433d02d!8m2!3d-2.1656068!4d-79.9093192!15sCgltb3JvZ3JpbGxaCyIJbW9yb2dyaWxskgEKcmVzdGF1cmFudOABAA!16s%2Fg%2F11s195xvnt?entry=ttu&g_ep=EgoyMDI2MDgwNS4xIKXMDSoASAFQAw%3D%3D","5",,"Guayacanes 310 entre la 3ra y la cuarta","false",,,"MoroGrill - Urdesa","4.3",,"https://www.google.com/maps/search/?api=1&query=MoroGrill%20-%20Urdesa&query_place_id=ChIJL98Pbn9tLZARLdAzBPfQUGg",
"Guayacanes 310 entre la 3ra y la cuarta, 090507 Guayaquil, Ecuador","Restaurante","Restaurante","7516737537427361837","Guayaquil","EC","0x902d6d7f6e0fdf2f:0x6850d0f70433d02d",,"https://lh3.googleusercontent.com/gps-cs-s/AHRPTWmMp-Z0_3QQ_yB8KLvsC7YNBSBPmiMENigeIP1pKNoaU4PYGt-5zyRaGCh-CsO44Y3kcpIxqHcBqttYJWLA5KCtyE5NJnR8gw8Bqvt4CrdbhiyyIURUrsmZ7pVmXDmIjx49cILr0Q=w408-h408-k-no","false","true","/g/11s195xvnt","es-419","0","-2.1656068","-79.9093192",,"Urdesa",,"false","ChIJL98Pbn9tLZARLdAzBPfQUGg","090507","$10-15","Hace 2 años","2024-04-08T14:42:51.677Z",,,,,,,,,,,,,,,,,,,,,,,"ChdDSUhNMG9nS0VJQ0FnSUREaHV5YjVRRRAB",,,,,,,,,,,,,,,,,,,,,,,,"Google",,,"2",,,"432","2026-08-08T17:19:42.857Z","Direct Detail URL: https://www.google.com/maps/place/MoroGrill+-+Urdesa/@-2.1348707,-79.8980443,13.81z/data=!4m10!1m2!2m1!1smorogrill!3m6!1s0x902d6d7f6e0fdf2f:0x6850d0f70433d02d!8m2!3d-2.1656068!4d-79.9093192!15sCgltb3JvZ3JpbGxaCyIJbW9yb2dyaWxskgEKcmVzdGF1cmFudOABAA!16s%2Fg%2F11s195xvnt?entry=ttu&g_ep=EgoyMDI2MDgwNS4xIKXMDSoASAFQAw%3D%3D","5",,"Guayacanes 310 entre la 3ra y la cuarta","false",,,"MoroGrill - Urdesa","4.3",,"https://www.google.com/maps/search/?api=1&query=MoroGrill%20-%20Urdesa&query_place_id=ChIJL98Pbn9tLZARLdAzBPfQUGg",
"Guayacanes 310 entre la 3ra y la cuarta, 090507 Guayaquil, Ecuador","Restaurante","Restaurante","7516737537427361837","Guayaquil","EC","0x902d6d7f6e0fdf2f:0x6850d0f70433d02d",,"https://lh3.googleusercontent.com/gps-cs-s/AHRPTWmMp-Z0_3QQ_yB8KLvsC7YNBSBPmiMENigeIP1pKNoaU4PYGt-5zyRaGCh-CsO44Y3kcpIxqHcBqttYJWLA5KCtyE5NJnR8gw8Bqvt4CrdbhiyyIURUrsmZ7pVmXDmIjx49cILr0Q=w408-h408-k-no","false","true","/g/11s195xvnt","es-419","1","-2.1656068","-79.9093192",,"Urdesa","es","false","ChIJL98Pbn9tLZARLdAzBPfQUGg","090507","$10-15","Hace 2 años","2024-04-06T13:18:12.074Z",,,,,"Sillas de bebe.. lugar familiar..","Es un poco difícil encontrar estacionamiento",,,,"Estacionamiento pagado en la calle","Sartenazo - Moro Manaba Co Menestra de frejol0, Moro Francés Y Carne En Palito, Frozen Maracuyá, Camarones A la Diabla","En el menú hay varias opciones para vegetarianos.. muy rico..","$10-15",,,,,"Cena","Consumo en el lugar","4","5","4","ChZDSUhNMG9nS0VJQ0FnSUREekt1OE9REAE","https://lh3.googleusercontent.com/grass-cs/ACvplmMvcmTJfno-sSo3teSV6u-4nFQ_z6gyUy4nR5WM_dKvNU8pDOVSkp4iJOnM1XlcfwhqSMjfcZeOCU351-7F2ds7nZPCIahBh3WJSkJl58iRCcPGO1x3IJukkSkIbr3zUDUF5-gq9w=k-no","https://lh3.googleusercontent.com/grass-cs/ACvplmNBNplzZz-vTirzupoCQ7aV8npCEmq8gqKrvhPVgsCuQSibu3fnWTB0bxeQEyweUX2MThT0koMmsmahRbBxIurJZbip7ExT8qs02eH6LJvo7l9w6S5vm5nnWoDBxZ7sATh83NY=k-no","https://lh3.googleusercontent.com/grass-cs/ACvplmNFSwlaEps389LTCKhF79rZxn7UxBRA6rfRrRG4z2l-nTu00rWQk17e9hObjaovhgWP9FNyKe1kuONbMDwj0CdcqlLLgv3UqN_ZLoiuIijWAA81q9I3Jy07oLMZy55bR7l_Xpwt=k-no","https://lh3.googleusercontent.com/grass-cs/ACvplmPQa5PatjdWLxgbXh3JbY8ophM8XMZSig3Z-tOM95sHeUS2BH-BvvzUlDq5jF7xlFXaDREInSJEuwnBjUOudgpBsxsKwjQAIJMohDuzR5kPdP6-t6Kh6eqUXCjG08MOyTb9xBE2=k-no",,,,,,,,,,,,,,,,,,,,"Google",,,"105",,,"432","2026-08-08T17:19:42.857Z","Direct Detail URL: https://www.google.com/maps/place/MoroGrill+-+Urdesa/@-2.1348707,-79.8980443,13.81z/data=!4m10!1m2!2m1!1smorogrill!3m6!1s0x902d6d7f6e0fdf2f:0x6850d0f70433d02d!8m2!3d-2.1656068!4d-79.9093192!15sCgltb3JvZ3JpbGxaCyIJbW9yb2dyaWxskgEKcmVzdGF1cmFudOABAA!16s%2Fg%2F11s195xvnt?entry=ttu&g_ep=EgoyMDI2MDgwNS4xIKXMDSoASAFQAw%3D%3D","4",,"Guayacanes 310 entre la 3ra y la cuarta","false","Muy buen menú 👌🏽👌🏽.... Platos deliciosos, buen ambiente, lugar limpio acogedor, buena decoración, buen servicio... Precios normales del sector...",,"MoroGrill - Urdesa","4.3",,"https://www.google.com/maps/search/?api=1&query=MoroGrill%20-%20Urdesa&query_place_id=ChIJL98Pbn9tLZARLdAzBPfQUGg",
"Guayacanes 310 entre la 3ra y la cuarta, 090507 Guayaquil, Ecuador","Restaurante","Restaurante","7516737537427361837","Guayaquil","EC","0x902d6d7f6e0fdf2f:0x6850d0f70433d02d",,"https://lh3.googleusercontent.com/gps-cs-s/AHRPTWmMp-Z0_3QQ_yB8KLvsC7YNBSBPmiMENigeIP1pKNoaU4PYGt-5zyRaGCh-CsO44Y3kcpIxqHcBqttYJWLA5KCtyE5NJnR8gw8Bqvt4CrdbhiyyIURUrsmZ7pVmXDmIjx49cILr0Q=w408-h408-k-no","false","true","/g/11s195xvnt","es-419","0","-2.1656068","-79.9093192",,"Urdesa",,"false","ChIJL98Pbn9tLZARLdAzBPfQUGg","090507","$10-15","Hace 2 años","2024-04-01T19:01:01.337Z",,,,,,,,,,,"Sartenazo Moro Y Chuleta",,"$10-15",,,,,"Almuerzo","Consumo en el lugar","4","4","5","ChZDSUhNMG9nS0VJQ0FnSUNEcTh1MlRBEAE",,,,,,,,,,,,,,,,,,,,,,,,"Google",,,"3",,,"432","2026-08-08T17:19:42.857Z","Direct Detail URL: https://www.google.com/maps/place/MoroGrill+-+Urdesa/@-2.1348707,-79.8980443,13.81z/data=!4m10!1m2!2m1!1smorogrill!3m6!1s0x902d6d7f6e0fdf2f:0x6850d0f70433d02d!8m2!3d-2.1656068!4d-79.9093192!15sCgltb3JvZ3JpbGxaCyIJbW9yb2dyaWxskgEKcmVzdGF1cmFudOABAA!16s%2Fg%2F11s195xvnt?entry=ttu&g_ep=EgoyMDI2MDgwNS4xIKXMDSoASAFQAw%3D%3D","4",,"Guayacanes 310 entre la 3ra y la cuarta","false",,,"MoroGrill - Urdesa","4.3",,"https://www.google.com/maps/search/?api=1&query=MoroGrill%20-%20Urdesa&query_place_id=ChIJL98Pbn9tLZARLdAzBPfQUGg",
"Guayacanes 310 entre la 3ra y la cuarta, 090507 Guayaquil, Ecuador","Restaurante","Restaurante","7516737537427361837","Guayaquil","EC","0x902d6d7f6e0fdf2f:0x6850d0f70433d02d",,"https://lh3.googleusercontent.com/gps-cs-s/AHRPTWmMp-Z0_3QQ_yB8KLvsC7YNBSBPmiMENigeIP1pKNoaU4PYGt-5zyRaGCh-CsO44Y3kcpIxqHcBqttYJWLA5KCtyE5NJnR8gw8Bqvt4CrdbhiyyIURUrsmZ7pVmXDmIjx49cILr0Q=w408-h408-k-no","false","true","/g/11s195xvnt","es-419","1","-2.1656068","-79.9093192",,"Urdesa","es","false","ChIJL98Pbn9tLZARLdAzBPfQUGg","090507","$10-15","Editado Hace 2 años","2024-03-31T00:03:58.682Z",,"2024-03-30T22:58:00.000Z","Que bonito leer tu review, nos alegra saber que logramos regalarles una linda experiencia, nuestro staff siempre pensando en nuestros clientes, por ustedes es todo el esfuerzo y cariño que le ponemos día a día. Los esperamos pronto y que viva la santa❤️🤩",,,,,,,,,,,,,,,,,"5","5","5","ChZDSUhNMG9nS0VJQ0FnSUNEaXRUNU9BEAE","https://lh3.googleusercontent.com/grass-cs/ACvplmPcF9UrsGuDuBAZ99ZjAeGl-RqHIcIhId2qUyrEreYHn-psALvmZ0DEM8GrS_XvUPgQgibv1ZcxcatWARPqcF2mBJpP3VUE5wCI57yb22oKBjPD5bAFOMNF5mwRq2u9PqjvWVcegQ=k-no","https://lh3.googleusercontent.com/grass-cs/ACvplmMFNTtCS6boyIdEdJG0FVsnRlu_EQk8--mOiRM5LtfqZGCkAHQHxPh_9kpFZYcbdY9pwRMcY3f89THQMJUv7leQKS1z6R4KEH0K8CzIS_egbX_IZTC0fjtWa0F8GH6zNTdtbo0N=k-no","https://lh3.googleusercontent.com/grass-cs/ACvplmOOjpXHezPu74I5QituJN-maikijBHB1Il_c19Uy-Dy8B3zw2JldFQc-4QikVsX5t7H5HU0eck7MftGhyDiY-LhgWPOWX90PU6b7uenzFLaU1UK4mH3RmtoYPSDFpkri3xDtNZe5g=k-no",,,,,,,,,,,,,,,,,,,,,"Google",,,"116",,,"432","2026-08-08T17:19:42.857Z","Direct Detail URL: https://www.google.com/maps/place/MoroGrill+-+Urdesa/@-2.1348707,-79.8980443,13.81z/data=!4m10!1m2!2m1!1smorogrill!3m6!1s0x902d6d7f6e0fdf2f:0x6850d0f70433d02d!8m2!3d-2.1656068!4d-79.9093192!15sCgltb3JvZ3JpbGxaCyIJbW9yb2dyaWxskgEKcmVzdGF1cmFudOABAA!16s%2Fg%2F11s195xvnt?entry=ttu&g_ep=EgoyMDI2MDgwNS4xIKXMDSoASAFQAw%3D%3D","5",,"Guayacanes 310 entre la 3ra y la cuarta","false","Para serles sincero, he visto este local varias veces y nunca me había dado la oportunidad para visitarlo. Este fin de semana fui con mi novia y nos encantó, la comida es muy buena, el servicio es rápido, y además, los meseros son muy atentos, amables y cordiales.
Además, mi novia aprovechó a preguntarles si había algún tipo de cortesía por cumpleaños, ya que cumplía años en 2 días. La mesera que nos atendió nos había comunicado que puede ser hasta 7 días después del cumpleaños, pero se tomó la gentileza de preguntar a la administradora si podrían hacer una excepción.
Me llevé una grata sorpresa que al final, me dieron el postre y cantaron la canción de cumpleaños. Muy amable gesto. ☺️

Les recomiendo que pidan el Sartenazo, puedes elegir el moro, la proteína, salsas y topping a un precio muy accesible. No se arrepentirán 👌🏻.",,"MoroGrill - Urdesa","4.3",,"https://www.google.com/maps/search/?api=1&query=MoroGrill%20-%20Urdesa&query_place_id=ChIJL98Pbn9tLZARLdAzBPfQUGg",
"Guayacanes 310 entre la 3ra y la cuarta, 090507 Guayaquil, Ecuador","Restaurante","Restaurante","7516737537427361837","Guayaquil","EC","0x902d6d7f6e0fdf2f:0x6850d0f70433d02d",,"https://lh3.googleusercontent.com/gps-cs-s/AHRPTWmMp-Z0_3QQ_yB8KLvsC7YNBSBPmiMENigeIP1pKNoaU4PYGt-5zyRaGCh-CsO44Y3kcpIxqHcBqttYJWLA5KCtyE5NJnR8gw8Bqvt4CrdbhiyyIURUrsmZ7pVmXDmIjx49cILr0Q=w408-h408-k-no","false","true","/g/11s195xvnt","es-419","0","-2.1656068","-79.9093192",,"Urdesa","es","false","ChIJL98Pbn9tLZARLdAzBPfQUGg","090507","$10-15","Hace 2 años","2024-03-30T00:08:10.970Z",,"2024-03-30T22:55:03.000Z","❤️🥹 gracias por probar nuestro nuevo cóctel de autor. Te esperamos pronto",,,,,,,,,,,,,,,"Almuerzo","Consumo en el lugar","4","4","4","ChZDSUhNMG9nS0VJQ0FnSUNEcWRXYURBEAE",,,,,,,,,,,,,,,,,,,,,,,,"Google",,,"89",,,"432","2026-08-08T17:19:42.857Z","Direct Detail URL: https://www.google.com/maps/place/MoroGrill+-+Urdesa/@-2.1348707,-79.8980443,13.81z/data=!4m10!1m2!2m1!1smorogrill!3m6!1s0x902d6d7f6e0fdf2f:0x6850d0f70433d02d!8m2!3d-2.1656068!4d-79.9093192!15sCgltb3JvZ3JpbGxaCyIJbW9yb2dyaWxskgEKcmVzdGF1cmFudOABAA!16s%2Fg%2F11s195xvnt?entry=ttu&g_ep=EgoyMDI2MDgwNS4xIKXMDSoASAFQAw%3D%3D","4",,"Guayacanes 310 entre la 3ra y la cuarta","false","Excelente presentación del sartenazo 3 exquisito sabor delicioso y como entrada bandejita de 2 proteínas y limonada de 🍓 y para finalizar amorfino cóctel 🍹 😋👍",,"MoroGrill - Urdesa","4.3",,"https://www.google.com/maps/search/?api=1&query=MoroGrill%20-%20Urdesa&query_place_id=ChIJL98Pbn9tLZARLdAzBPfQUGg",
"Guayacanes 310 entre la 3ra y la cuarta, 090507 Guayaquil, Ecuador","Restaurante","Restaurante","7516737537427361837","Guayaquil","EC","0x902d6d7f6e0fdf2f:0x6850d0f70433d02d",,"https://lh3.googleusercontent.com/gps-cs-s/AHRPTWmMp-Z0_3QQ_yB8KLvsC7YNBSBPmiMENigeIP1pKNoaU4PYGt-5zyRaGCh-CsO44Y3kcpIxqHcBqttYJWLA5KCtyE5NJnR8gw8Bqvt4CrdbhiyyIURUrsmZ7pVmXDmIjx49cILr0Q=w408-h408-k-no","false","true","/g/11s195xvnt","es-419","0","-2.1656068","-79.9093192",,"Urdesa","es","false","ChIJL98Pbn9tLZARLdAzBPfQUGg","090507","$10-15","Hace 2 años","2024-03-20T20:14:29.399Z",,,,,,,,,,,,,"$25-30",,,,,"Almuerzo","Consumo en el lugar","5","5","5","ChdDSUhNMG9nS0VJQ0FnSUQ5czZtLWh3RRAB",,,,,,,,,,,,,,,,,,,,,,,,"Google",,,"36",,,"432","2026-08-08T17:19:42.857Z","Direct Detail URL: https://www.google.com/maps/place/MoroGrill+-+Urdesa/@-2.1348707,-79.8980443,13.81z/data=!4m10!1m2!2m1!1smorogrill!3m6!1s0x902d6d7f6e0fdf2f:0x6850d0f70433d02d!8m2!3d-2.1656068!4d-79.9093192!15sCgltb3JvZ3JpbGxaCyIJbW9yb2dyaWxskgEKcmVzdGF1cmFudOABAA!16s%2Fg%2F11s195xvnt?entry=ttu&g_ep=EgoyMDI2MDgwNS4xIKXMDSoASAFQAw%3D%3D","5",,"Guayacanes 310 entre la 3ra y la cuarta","false","Muy recomendado, el plato sartenazo lo mejor del menú.",,"MoroGrill - Urdesa","4.3",,"https://www.google.com/maps/search/?api=1&query=MoroGrill%20-%20Urdesa&query_place_id=ChIJL98Pbn9tLZARLdAzBPfQUGg",
"Guayacanes 310 entre la 3ra y la cuarta, 090507 Guayaquil, Ecuador","Restaurante","Restaurante","7516737537427361837","Guayaquil","EC","0x902d6d7f6e0fdf2f:0x6850d0f70433d02d",,"https://lh3.googleusercontent.com/gps-cs-s/AHRPTWmMp-Z0_3QQ_yB8KLvsC7YNBSBPmiMENigeIP1pKNoaU4PYGt-5zyRaGCh-CsO44Y3kcpIxqHcBqttYJWLA5KCtyE5NJnR8gw8Bqvt4CrdbhiyyIURUrsmZ7pVmXDmIjx49cILr0Q=w408-h408-k-no","false","true","/g/11s195xvnt","es-419","0","-2.1656068","-79.9093192",,"Urdesa","es","false","ChIJL98Pbn9tLZARLdAzBPfQUGg","090507","$10-15","Hace 2 años","2024-03-19T22:27:30.253Z",,,,,,,,,,,,,,,,,,,,"3","1","4","ChZDSUhNMG9nS0VJQ0FnSUQ5clpyVEN3EAE",,,,,,,,,,,,,,,,,,,,,,,,"Google",,,"70",,,"432","2026-08-08T17:19:42.857Z","Direct Detail URL: https://www.google.com/maps/place/MoroGrill+-+Urdesa/@-2.1348707,-79.8980443,13.81z/data=!4m10!1m2!2m1!1smorogrill!3m6!1s0x902d6d7f6e0fdf2f:0x6850d0f70433d02d!8m2!3d-2.1656068!4d-79.9093192!15sCgltb3JvZ3JpbGxaCyIJbW9yb2dyaWxskgEKcmVzdGF1cmFudOABAA!16s%2Fg%2F11s195xvnt?entry=ttu&g_ep=EgoyMDI2MDgwNS4xIKXMDSoASAFQAw%3D%3D","1",,"Guayacanes 310 entre la 3ra y la cuarta","false","Comida cara y mala , la verdad quise disfrutar de algo rico pero me llevé tremenda decepción  , la atención de la joven es buena pero el producto no .",,"MoroGrill - Urdesa","4.3",,"https://www.google.com/maps/search/?api=1&query=MoroGrill%20-%20Urdesa&query_place_id=ChIJL98Pbn9tLZARLdAzBPfQUGg",
"Guayacanes 310 entre la 3ra y la cuarta, 090507 Guayaquil, Ecuador","Restaurante","Restaurante","7516737537427361837","Guayaquil","EC","0x902d6d7f6e0fdf2f:0x6850d0f70433d02d",,"https://lh3.googleusercontent.com/gps-cs-s/AHRPTWmMp-Z0_3QQ_yB8KLvsC7YNBSBPmiMENigeIP1pKNoaU4PYGt-5zyRaGCh-CsO44Y3kcpIxqHcBqttYJWLA5KCtyE5NJnR8gw8Bqvt4CrdbhiyyIURUrsmZ7pVmXDmIjx49cILr0Q=w408-h408-k-no","false","true","/g/11s195xvnt","es-419","0","-2.1656068","-79.9093192",,"Urdesa","es","false","ChIJL98Pbn9tLZARLdAzBPfQUGg","090507","$10-15","Hace 2 años","2024-03-17T13:20:53.361Z",,,,,,,,,,,"Sartenazo - Moro Manaba Co Menestra de frejol0",,"$15-20",,,,,,,"5","5","5","ChZDSUhNMG9nS0VJQ0FnSUQ5d2VYeVJ3EAE",,,,,,,,,,,,,,,,,,,,,,,,"Google",,,"59",,,"432","2026-08-08T17:19:42.857Z","Direct Detail URL: https://www.google.com/maps/place/MoroGrill+-+Urdesa/@-2.1348707,-79.8980443,13.81z/data=!4m10!1m2!2m1!1smorogrill!3m6!1s0x902d6d7f6e0fdf2f:0x6850d0f70433d02d!8m2!3d-2.1656068!4d-79.9093192!15sCgltb3JvZ3JpbGxaCyIJbW9yb2dyaWxskgEKcmVzdGF1cmFudOABAA!16s%2Fg%2F11s195xvnt?entry=ttu&g_ep=EgoyMDI2MDgwNS4xIKXMDSoASAFQAw%3D%3D","5",,"Guayacanes 310 entre la 3ra y la cuarta","false","Todo es delicioso....y la atención un 10 👌🏼 recomendado y yo VOLVERÉ 🙋🏼",,"MoroGrill - Urdesa","4.3",,"https://www.google.com/maps/search/?api=1&query=MoroGrill%20-%20Urdesa&query_place_id=ChIJL98Pbn9tLZARLdAzBPfQUGg",
"Guayacanes 310 entre la 3ra y la cuarta, 090507 Guayaquil, Ecuador","Restaurante","Restaurante","7516737537427361837","Guayaquil","EC","0x902d6d7f6e0fdf2f:0x6850d0f70433d02d",,"https://lh3.googleusercontent.com/gps-cs-s/AHRPTWmMp-Z0_3QQ_yB8KLvsC7YNBSBPmiMENigeIP1pKNoaU4PYGt-5zyRaGCh-CsO44Y3kcpIxqHcBqttYJWLA5KCtyE5NJnR8gw8Bqvt4CrdbhiyyIURUrsmZ7pVmXDmIjx49cILr0Q=w408-h408-k-no","false","false","/g/11s195xvnt","es-419","0","-2.1656068","-79.9093192",,"Urdesa","es","false","ChIJL98Pbn9tLZARLdAzBPfQUGg","090507","$10-15","Hace 2 años","2024-03-08T01:01:34.291Z",,,,,,,,,,,,,,,,,,,,,,,"ChZDSUhNMG9nS0VJQ0FnSUM5dGNLa0NBEAE",,,,,,,,,,,,,,,,,,,,,,,,"Google",,,"3",,,"432","2026-08-08T17:19:42.857Z","Direct Detail URL: https://www.google.com/maps/place/MoroGrill+-+Urdesa/@-2.1348707,-79.8980443,13.81z/data=!4m10!1m2!2m1!1smorogrill!3m6!1s0x902d6d7f6e0fdf2f:0x6850d0f70433d02d!8m2!3d-2.1656068!4d-79.9093192!15sCgltb3JvZ3JpbGxaCyIJbW9yb2dyaWxskgEKcmVzdGF1cmFudOABAA!16s%2Fg%2F11s195xvnt?entry=ttu&g_ep=EgoyMDI2MDgwNS4xIKXMDSoASAFQAw%3D%3D","1",,"Guayacanes 310 entre la 3ra y la cuarta","false","Comida recalentada
Pésima atención
Precios caros
Hay mejores lugares",,"MoroGrill - Urdesa","4.3",,"https://www.google.com/maps/search/?api=1&query=MoroGrill%20-%20Urdesa&query_place_id=ChIJL98Pbn9tLZARLdAzBPfQUGg",
"Guayacanes 310 entre la 3ra y la cuarta, 090507 Guayaquil, Ecuador","Restaurante","Restaurante","7516737537427361837","Guayaquil","EC","0x902d6d7f6e0fdf2f:0x6850d0f70433d02d",,"https://lh3.googleusercontent.com/gps-cs-s/AHRPTWmMp-Z0_3QQ_yB8KLvsC7YNBSBPmiMENigeIP1pKNoaU4PYGt-5zyRaGCh-CsO44Y3kcpIxqHcBqttYJWLA5KCtyE5NJnR8gw8Bqvt4CrdbhiyyIURUrsmZ7pVmXDmIjx49cILr0Q=w408-h408-k-no","false","false","/g/11s195xvnt","es-419","0","-2.1656068","-79.9093192",,"Urdesa",,"false","ChIJL98Pbn9tLZARLdAzBPfQUGg","090507","$10-15","Hace 2 años","2024-03-03T00:47:00.807Z",,,,,,,,,,,,,,,,,,,,,,,"ChdDSUhNMG9nS0VJQ0FnSUM5dEppSWxBRRAB",,,,,,,,,,,,,,,,,,,,,,,,"Google",,,"9",,,"432","2026-08-08T17:19:42.857Z","Direct Detail URL: https://www.google.com/maps/place/MoroGrill+-+Urdesa/@-2.1348707,-79.8980443,13.81z/data=!4m10!1m2!2m1!1smorogrill!3m6!1s0x902d6d7f6e0fdf2f:0x6850d0f70433d02d!8m2!3d-2.1656068!4d-79.9093192!15sCgltb3JvZ3JpbGxaCyIJbW9yb2dyaWxskgEKcmVzdGF1cmFudOABAA!16s%2Fg%2F11s195xvnt?entry=ttu&g_ep=EgoyMDI2MDgwNS4xIKXMDSoASAFQAw%3D%3D","4",,"Guayacanes 310 entre la 3ra y la cuarta","false",,,"MoroGrill - Urdesa","4.3",,"https://www.google.com/maps/search/?api=1&query=MoroGrill%20-%20Urdesa&query_place_id=ChIJL98Pbn9tLZARLdAzBPfQUGg",
"Guayacanes 310 entre la 3ra y la cuarta, 090507 Guayaquil, Ecuador","Restaurante","Restaurante","7516737537427361837","Guayaquil","EC","0x902d6d7f6e0fdf2f:0x6850d0f70433d02d",,"https://lh3.googleusercontent.com/gps-cs-s/AHRPTWmMp-Z0_3QQ_yB8KLvsC7YNBSBPmiMENigeIP1pKNoaU4PYGt-5zyRaGCh-CsO44Y3kcpIxqHcBqttYJWLA5KCtyE5NJnR8gw8Bqvt4CrdbhiyyIURUrsmZ7pVmXDmIjx49cILr0Q=w408-h408-k-no","false","true","/g/11s195xvnt","es-419","0","-2.1656068","-79.9093192",,"Urdesa","es","false","ChIJL98Pbn9tLZARLdAzBPfQUGg","090507","$10-15","Hace 2 años","2024-03-02T22:40:23.122Z",,,,,,,,,,,,,,,,,,,"Consumo en el lugar","5","5","5","ChdDSUhNMG9nS0VJQ0FnSUM5MU8zZV93RRAB",,,,,,,,,,,,,,,,,,,,,,,,"Google",,,"90",,,"432","2026-08-08T17:19:42.857Z","Direct Detail URL: https://www.google.com/maps/place/MoroGrill+-+Urdesa/@-2.1348707,-79.8980443,13.81z/data=!4m10!1m2!2m1!1smorogrill!3m6!1s0x902d6d7f6e0fdf2f:0x6850d0f70433d02d!8m2!3d-2.1656068!4d-79.9093192!15sCgltb3JvZ3JpbGxaCyIJbW9yb2dyaWxskgEKcmVzdGF1cmFudOABAA!16s%2Fg%2F11s195xvnt?entry=ttu&g_ep=EgoyMDI2MDgwNS4xIKXMDSoASAFQAw%3D%3D","4",,"Guayacanes 310 entre la 3ra y la cuarta","false","Muy poca proteína por el precio.",,"MoroGrill - Urdesa","4.3",,"https://www.google.com/maps/search/?api=1&query=MoroGrill%20-%20Urdesa&query_place_id=ChIJL98Pbn9tLZARLdAzBPfQUGg",
"Guayacanes 310 entre la 3ra y la cuarta, 090507 Guayaquil, Ecuador","Restaurante","Restaurante","7516737537427361837","Guayaquil","EC","0x902d6d7f6e0fdf2f:0x6850d0f70433d02d",,"https://lh3.googleusercontent.com/gps-cs-s/AHRPTWmMp-Z0_3QQ_yB8KLvsC7YNBSBPmiMENigeIP1pKNoaU4PYGt-5zyRaGCh-CsO44Y3kcpIxqHcBqttYJWLA5KCtyE5NJnR8gw8Bqvt4CrdbhiyyIURUrsmZ7pVmXDmIjx49cILr0Q=w408-h408-k-no","false","true","/g/11s195xvnt","es-419","0","-2.1656068","-79.9093192",,"Urdesa","es","false","ChIJL98Pbn9tLZARLdAzBPfQUGg","090507","$10-15","Hace 2 años","2024-02-10T02:13:26.969Z",,,,,,,,,,,,,"$15-20",,,,,"Cena","Consumo en el lugar",,,,"ChZDSUhNMG9nS0VJQ0FnSUNkME1tLUV3EAE","https://lh3.googleusercontent.com/grass-cs/ACvplmPZPs7OogIHInSFFl80aW8qxQzFuIqM60-sq6nYoU37RXycmfUCivtQIvEZXoCnlmIAwTMxAHmy8lSRr-Jp_lUlJrTWBXuCq3S-Pssy2REA70bT2scPrfeIWDOAZUoZGhcDAIhG=k-no",,,,,,,,,,,,,,,,,,,,,,,"Google",,,"16",,,"432","2026-08-08T17:19:42.857Z","Direct Detail URL: https://www.google.com/maps/place/MoroGrill+-+Urdesa/@-2.1348707,-79.8980443,13.81z/data=!4m10!1m2!2m1!1smorogrill!3m6!1s0x902d6d7f6e0fdf2f:0x6850d0f70433d02d!8m2!3d-2.1656068!4d-79.9093192!15sCgltb3JvZ3JpbGxaCyIJbW9yb2dyaWxskgEKcmVzdGF1cmFudOABAA!16s%2Fg%2F11s195xvnt?entry=ttu&g_ep=EgoyMDI2MDgwNS4xIKXMDSoASAFQAw%3D%3D","3",,"Guayacanes 310 entre la 3ra y la cuarta","false","La atención fue buena ,la comida puede mejorar en especial los moros",,"MoroGrill - Urdesa","4.3",,"https://www.google.com/maps/search/?api=1&query=MoroGrill%20-%20Urdesa&query_place_id=ChIJL98Pbn9tLZARLdAzBPfQUGg",
"Guayacanes 310 entre la 3ra y la cuarta, 090507 Guayaquil, Ecuador","Restaurante","Restaurante","7516737537427361837","Guayaquil","EC","0x902d6d7f6e0fdf2f:0x6850d0f70433d02d",,"https://lh3.googleusercontent.com/gps-cs-s/AHRPTWmMp-Z0_3QQ_yB8KLvsC7YNBSBPmiMENigeIP1pKNoaU4PYGt-5zyRaGCh-CsO44Y3kcpIxqHcBqttYJWLA5KCtyE5NJnR8gw8Bqvt4CrdbhiyyIURUrsmZ7pVmXDmIjx49cILr0Q=w408-h408-k-no","false","true","/g/11s195xvnt","es-419","0","-2.1656068","-79.9093192",,"Urdesa","es","false","ChIJL98Pbn9tLZARLdAzBPfQUGg","090507","$10-15","Hace 2 años","2024-01-30T04:04:38.409Z",,,,,,,,,,,"Sartenazo - Moro Manaba Co Menestra de frejol0",,"$5-10",,,,,"Cena","Consumo en el lugar","5","5","5","ChZDSUhNMG9nS0VJQ0FnSUN0dXYtRURnEAE","https://lh3.googleusercontent.com/grass-cs/ACvplmNZvkJL4Z---dpuSDAPysy1Kanm3vtvVcXQaduv0UT4dTHnSyB0QYVBsp5KrzNDYJtif5ObBCoEjQbYcIm3OA8bPJU0oSk0WgnlmEEWBRBOiK8tNk3V3tGXeRa7WhzptR3REqc=k-no",,,,,,,,,,,,,,,,,,,,,,,"Google",,,"393",,,"432","2026-08-08T17:19:42.857Z","Direct Detail URL: https://www.google.com/maps/place/MoroGrill+-+Urdesa/@-2.1348707,-79.8980443,13.81z/data=!4m10!1m2!2m1!1smorogrill!3m6!1s0x902d6d7f6e0fdf2f:0x6850d0f70433d02d!8m2!3d-2.1656068!4d-79.9093192!15sCgltb3JvZ3JpbGxaCyIJbW9yb2dyaWxskgEKcmVzdGF1cmFudOABAA!16s%2Fg%2F11s195xvnt?entry=ttu&g_ep=EgoyMDI2MDgwNS4xIKXMDSoASAFQAw%3D%3D","5",,"Guayacanes 310 entre la 3ra y la cuarta","false","Delicioso.... Agradable ambiente... Excelente ubicación.... Cuentan con seguridad física...",,"MoroGrill - Urdesa","4.3",,"https://www.google.com/maps/search/?api=1&query=MoroGrill%20-%20Urdesa&query_place_id=ChIJL98Pbn9tLZARLdAzBPfQUGg",
"Guayacanes 310 entre la 3ra y la cuarta, 090507 Guayaquil, Ecuador","Restaurante","Restaurante","7516737537427361837","Guayaquil","EC","0x902d6d7f6e0fdf2f:0x6850d0f70433d02d",,"https://lh3.googleusercontent.com/gps-cs-s/AHRPTWmMp-Z0_3QQ_yB8KLvsC7YNBSBPmiMENigeIP1pKNoaU4PYGt-5zyRaGCh-CsO44Y3kcpIxqHcBqttYJWLA5KCtyE5NJnR8gw8Bqvt4CrdbhiyyIURUrsmZ7pVmXDmIjx49cILr0Q=w408-h408-k-no","false","true","/g/11s195xvnt","es-419","0","-2.1656068","-79.9093192",,"Urdesa",,"false","ChIJL98Pbn9tLZARLdAzBPfQUGg","090507","$10-15","Hace 2 años","2024-01-22T11:26:06.532Z",,,,,,,,,,,,,,,,,,,,"5","5","5","ChZDSUhNMG9nS0VJQ0FnSUROOW9fVWZBEAE",,,,,,,,,,,,,,,,,,,,,,,,"Google",,,"11",,,"432","2026-08-08T17:19:42.857Z","Direct Detail URL: https://www.google.com/maps/place/MoroGrill+-+Urdesa/@-2.1348707,-79.8980443,13.81z/data=!4m10!1m2!2m1!1smorogrill!3m6!1s0x902d6d7f6e0fdf2f:0x6850d0f70433d02d!8m2!3d-2.1656068!4d-79.9093192!15sCgltb3JvZ3JpbGxaCyIJbW9yb2dyaWxskgEKcmVzdGF1cmFudOABAA!16s%2Fg%2F11s195xvnt?entry=ttu&g_ep=EgoyMDI2MDgwNS4xIKXMDSoASAFQAw%3D%3D","5",,"Guayacanes 310 entre la 3ra y la cuarta","false",,,"MoroGrill - Urdesa","4.3",,"https://www.google.com/maps/search/?api=1&query=MoroGrill%20-%20Urdesa&query_place_id=ChIJL98Pbn9tLZARLdAzBPfQUGg",
"Guayacanes 310 entre la 3ra y la cuarta, 090507 Guayaquil, Ecuador","Restaurante","Restaurante","7516737537427361837","Guayaquil","EC","0x902d6d7f6e0fdf2f:0x6850d0f70433d02d",,"https://lh3.googleusercontent.com/gps-cs-s/AHRPTWmMp-Z0_3QQ_yB8KLvsC7YNBSBPmiMENigeIP1pKNoaU4PYGt-5zyRaGCh-CsO44Y3kcpIxqHcBqttYJWLA5KCtyE5NJnR8gw8Bqvt4CrdbhiyyIURUrsmZ7pVmXDmIjx49cILr0Q=w408-h408-k-no","false","true","/g/11s195xvnt","es-419","0","-2.1656068","-79.9093192",,"Urdesa",,"false","ChIJL98Pbn9tLZARLdAzBPfQUGg","090507","$10-15","Hace 2 años","2024-01-04T12:09:50.053Z",,,,,,,,,,,,,,,,,,,,"5","5","5","ChZDSUhNMG9nS0VJQ0FnSUMxcl92S013EAE",,,,,,,,,,,,,,,,,,,,,,,,"Google",,,"2",,,"432","2026-08-08T17:19:42.857Z","Direct Detail URL: https://www.google.com/maps/place/MoroGrill+-+Urdesa/@-2.1348707,-79.8980443,13.81z/data=!4m10!1m2!2m1!1smorogrill!3m6!1s0x902d6d7f6e0fdf2f:0x6850d0f70433d02d!8m2!3d-2.1656068!4d-79.9093192!15sCgltb3JvZ3JpbGxaCyIJbW9yb2dyaWxskgEKcmVzdGF1cmFudOABAA!16s%2Fg%2F11s195xvnt?entry=ttu&g_ep=EgoyMDI2MDgwNS4xIKXMDSoASAFQAw%3D%3D","5",,"Guayacanes 310 entre la 3ra y la cuarta","false",,,"MoroGrill - Urdesa","4.3",,"https://www.google.com/maps/search/?api=1&query=MoroGrill%20-%20Urdesa&query_place_id=ChIJL98Pbn9tLZARLdAzBPfQUGg",
"Guayacanes 310 entre la 3ra y la cuarta, 090507 Guayaquil, Ecuador","Restaurante","Restaurante","7516737537427361837","Guayaquil","EC","0x902d6d7f6e0fdf2f:0x6850d0f70433d02d",,"https://lh3.googleusercontent.com/gps-cs-s/AHRPTWmMp-Z0_3QQ_yB8KLvsC7YNBSBPmiMENigeIP1pKNoaU4PYGt-5zyRaGCh-CsO44Y3kcpIxqHcBqttYJWLA5KCtyE5NJnR8gw8Bqvt4CrdbhiyyIURUrsmZ7pVmXDmIjx49cILr0Q=w408-h408-k-no","false","true","/g/11s195xvnt","es-419","0","-2.1656068","-79.9093192",,"Urdesa",,"false","ChIJL98Pbn9tLZARLdAzBPfQUGg","090507","$10-15","Hace 2 años","2024-01-03T02:50:38.684Z",,,,,,,,,,,"Cacerola Con Tocineta, Papa Con Salsa de Queso",,"$20-25",,,,,"Otro","Consumo en el lugar","5","4","5","ChdDSUhNMG9nS0VJQ0FnSUMxay1haXdBRRAB","https://lh3.googleusercontent.com/grass-cs/ACvplmP6S4RO0ctAHelBXSEFKc8tZ6pQ8gPq9KbDimaJigTY7uRMJJaWRgnr3WqaPpATBQHb9qGUXdxyRk5HpiluDZ2OfgKD1O9fsKDU8PP3zh__wPJlgNh2rOTeBk30LUC6K5XDfbkDVA=k-no","https://lh3.googleusercontent.com/grass-cs/ACvplmPKY03EkhvmjZW9BtON0gEU_jo9WPIP9Fl7rdO1cPnCd2yUlrssbFNClg_KKCtBsYplUHpf0e6SmghJ5VRM3w3iEjISYEBy7Ha-b0XWUvzJU2CetHNWw_LpUS3bc_XAoIH4zXyG=k-no","https://lh3.googleusercontent.com/grass-cs/ACvplmM3SrAl0mumtqkEAVrXkCam7_Fh2XmlqehdIGPuyGyaxVNqV28bGj_q2qrn_ltfinNU1-0pRWhLPjZbeGQ_57iJkSttsVIh8by6oRDD2LNe8W_q26k1J_h7Y5bTNPt-eTc7DH2ULQ=k-no",,,,,,,,,,,,,,,,,,,,,"Google",,,"8",,,"432","2026-08-08T17:19:42.857Z","Direct Detail URL: https://www.google.com/maps/place/MoroGrill+-+Urdesa/@-2.1348707,-79.8980443,13.81z/data=!4m10!1m2!2m1!1smorogrill!3m6!1s0x902d6d7f6e0fdf2f:0x6850d0f70433d02d!8m2!3d-2.1656068!4d-79.9093192!15sCgltb3JvZ3JpbGxaCyIJbW9yb2dyaWxskgEKcmVzdGF1cmFudOABAA!16s%2Fg%2F11s195xvnt?entry=ttu&g_ep=EgoyMDI2MDgwNS4xIKXMDSoASAFQAw%3D%3D","4",,"Guayacanes 310 entre la 3ra y la cuarta","false",,,"MoroGrill - Urdesa","4.3",,"https://www.google.com/maps/search/?api=1&query=MoroGrill%20-%20Urdesa&query_place_id=ChIJL98Pbn9tLZARLdAzBPfQUGg",
"Guayacanes 310 entre la 3ra y la cuarta, 090507 Guayaquil, Ecuador","Restaurante","Restaurante","7516737537427361837","Guayaquil","EC","0x902d6d7f6e0fdf2f:0x6850d0f70433d02d",,"https://lh3.googleusercontent.com/gps-cs-s/AHRPTWmMp-Z0_3QQ_yB8KLvsC7YNBSBPmiMENigeIP1pKNoaU4PYGt-5zyRaGCh-CsO44Y3kcpIxqHcBqttYJWLA5KCtyE5NJnR8gw8Bqvt4CrdbhiyyIURUrsmZ7pVmXDmIjx49cILr0Q=w408-h408-k-no","false","false","/g/11s195xvnt","es-419","1","-2.1656068","-79.9093192",,"Urdesa","es","false","ChIJL98Pbn9tLZARLdAzBPfQUGg","090507","$10-15","Hace 2 años","2023-12-31T02:23:18.075Z",,"2023-12-31T02:42:57.000Z","Gracias por tu feedback tan chevere. ❤️ los esperamos pronto
",,,,,,,,"Chifles de Cortesía",,"$15-20",,,,,"Cena","Consumo en el lugar","5","5","5","ChZDSUhNMG9nS0VJQ0FnSUMxb2Z2NENREAE","https://lh3.googleusercontent.com/grass-cs/ACvplmO0ObthjgU5uhbBj03cMK7UK2EoIRzxFk7O4aSEpdavJ5uhGA7X8k-ke4YfAvGH7V6EJlpVNF7SZdgS2OkYUtfLSjNpmn7BC6WXBFucm0eYkefyYBvmTY_NJ6oYz5SGITNNURer=k-no","https://lh3.googleusercontent.com/grass-cs/ACvplmP62ap0VkqhxYlbH3X0FCnNKoDdwaayzk2hQENWl5BhoaH6E9FRO5AuIW2U6xsSQ7WqYdsDGON8jC20g_7W3Zdo0suB3BA8OSC-sQ3-eB-NXGfFlWQ6cq5P4uFB4AD1w24xYso=k-no","https://lh3.googleusercontent.com/grass-cs/ACvplmPtrTf8WAAp1kSemIMdTDQVFGA3ZbppgCYNXT4v-XdRr5eJ1-DneN-B0k4cwo6QXyyQpykTVHPZKT16HTGXs1Rssu759uZtunHyob28kAD3ZPHHXbht3Qk2UcbtsJn58CcqdQcwhQ=k-no",,,,,,,,,,,,,,,,,,,,,"Google",,,"6",,,"432","2026-08-08T17:19:42.857Z","Direct Detail URL: https://www.google.com/maps/place/MoroGrill+-+Urdesa/@-2.1348707,-79.8980443,13.81z/data=!4m10!1m2!2m1!1smorogrill!3m6!1s0x902d6d7f6e0fdf2f:0x6850d0f70433d02d!8m2!3d-2.1656068!4d-79.9093192!15sCgltb3JvZ3JpbGxaCyIJbW9yb2dyaWxskgEKcmVzdGF1cmFudOABAA!16s%2Fg%2F11s195xvnt?entry=ttu&g_ep=EgoyMDI2MDgwNS4xIKXMDSoASAFQAw%3D%3D","5",,"Guayacanes 310 entre la 3ra y la cuarta","false","Estuvo lindo, siempre estuvieron dispuestos a atendernos en todo momento preguntando si estábamos cool! Le cedimos los asientos a una familia! La comida rica.
Pedimos bife de chorizo y matambre 300 gramos, sugerimos que si van en pareja pidan un bife que está bueno para dos personas, al final nos llenamos y pedimos para llevar.",,"MoroGrill - Urdesa","4.3",,"https://www.google.com/maps/search/?api=1&query=MoroGrill%20-%20Urdesa&query_place_id=ChIJL98Pbn9tLZARLdAzBPfQUGg",
"Guayacanes 310 entre la 3ra y la cuarta, 090507 Guayaquil, Ecuador","Restaurante","Restaurante","7516737537427361837","Guayaquil","EC","0x902d6d7f6e0fdf2f:0x6850d0f70433d02d",,"https://lh3.googleusercontent.com/gps-cs-s/AHRPTWmMp-Z0_3QQ_yB8KLvsC7YNBSBPmiMENigeIP1pKNoaU4PYGt-5zyRaGCh-CsO44Y3kcpIxqHcBqttYJWLA5KCtyE5NJnR8gw8Bqvt4CrdbhiyyIURUrsmZ7pVmXDmIjx49cILr0Q=w408-h408-k-no","false","false","/g/11s195xvnt","es-419","0","-2.1656068","-79.9093192",,"Urdesa","es","false","ChIJL98Pbn9tLZARLdAzBPfQUGg","090507","$10-15","Hace 2 años","2023-12-28T03:02:07.857Z",,,,,,,,,,,,,,,,,,,,"5","5","5","ChZDSUhNMG9nS0VJQ0FnSUMxMnF6Z0xnEAE",,,,,,,,,,,,,,,,,,,,,,,,"Google",,,"8",,,"432","2026-08-08T17:19:42.857Z","Direct Detail URL: https://www.google.com/maps/place/MoroGrill+-+Urdesa/@-2.1348707,-79.8980443,13.81z/data=!4m10!1m2!2m1!1smorogrill!3m6!1s0x902d6d7f6e0fdf2f:0x6850d0f70433d02d!8m2!3d-2.1656068!4d-79.9093192!15sCgltb3JvZ3JpbGxaCyIJbW9yb2dyaWxskgEKcmVzdGF1cmFudOABAA!16s%2Fg%2F11s195xvnt?entry=ttu&g_ep=EgoyMDI2MDgwNS4xIKXMDSoASAFQAw%3D%3D","5",,"Guayacanes 310 entre la 3ra y la cuarta","false","Excelente es un lugar acogedor y su comida deli deli",,"MoroGrill - Urdesa","4.3",,"https://www.google.com/maps/search/?api=1&query=MoroGrill%20-%20Urdesa&query_place_id=ChIJL98Pbn9tLZARLdAzBPfQUGg",
"Guayacanes 310 entre la 3ra y la cuarta, 090507 Guayaquil, Ecuador","Restaurante","Restaurante","7516737537427361837","Guayaquil","EC","0x902d6d7f6e0fdf2f:0x6850d0f70433d02d",,"https://lh3.googleusercontent.com/gps-cs-s/AHRPTWmMp-Z0_3QQ_yB8KLvsC7YNBSBPmiMENigeIP1pKNoaU4PYGt-5zyRaGCh-CsO44Y3kcpIxqHcBqttYJWLA5KCtyE5NJnR8gw8Bqvt4CrdbhiyyIURUrsmZ7pVmXDmIjx49cILr0Q=w408-h408-k-no","false","true","/g/11s195xvnt","es-419","0","-2.1656068","-79.9093192",,"Urdesa","es","false","ChIJL98Pbn9tLZARLdAzBPfQUGg","090507","$10-15","Hace 2 años","2023-12-26T03:57:59.929Z",,,,,,,,,,,,,"$10-15",,,,,,,"2","2","2","ChdDSUhNMG9nS0VJQ0FnSUMxd3ZMeDdBRRAB",,,,,,,,,,,,,,,,,,,,,,,,"Google",,,"13",,,"432","2026-08-08T17:19:42.857Z","Direct Detail URL: https://www.google.com/maps/place/MoroGrill+-+Urdesa/@-2.1348707,-79.8980443,13.81z/data=!4m10!1m2!2m1!1smorogrill!3m6!1s0x902d6d7f6e0fdf2f:0x6850d0f70433d02d!8m2!3d-2.1656068!4d-79.9093192!15sCgltb3JvZ3JpbGxaCyIJbW9yb2dyaWxskgEKcmVzdGF1cmFudOABAA!16s%2Fg%2F11s195xvnt?entry=ttu&g_ep=EgoyMDI2MDgwNS4xIKXMDSoASAFQAw%3D%3D","1",,"Guayacanes 310 entre la 3ra y la cuarta","false","No vale lo que cuentas. Sale mejor comer un agachadito.  Esperaba mejor sabor",,"MoroGrill - Urdesa","4.3",,"https://www.google.com/maps/search/?api=1&query=MoroGrill%20-%20Urdesa&query_place_id=ChIJL98Pbn9tLZARLdAzBPfQUGg",
"Guayacanes 310 entre la 3ra y la cuarta, 090507 Guayaquil, Ecuador","Restaurante","Restaurante","7516737537427361837","Guayaquil","EC","0x902d6d7f6e0fdf2f:0x6850d0f70433d02d",,"https://lh3.googleusercontent.com/gps-cs-s/AHRPTWmMp-Z0_3QQ_yB8KLvsC7YNBSBPmiMENigeIP1pKNoaU4PYGt-5zyRaGCh-CsO44Y3kcpIxqHcBqttYJWLA5KCtyE5NJnR8gw8Bqvt4CrdbhiyyIURUrsmZ7pVmXDmIjx49cILr0Q=w408-h408-k-no","false","false","/g/11s195xvnt","es-419","0","-2.1656068","-79.9093192",,"Urdesa","es","false","ChIJL98Pbn9tLZARLdAzBPfQUGg","090507","$10-15","Hace 2 años","2023-12-19T12:14:13.010Z",,,,,,,,,,,,,"$40-45",,,,,"Almuerzo","Consumo en el lugar","2","2","2","ChZDSUhNMG9nS0VJQ0FnSURWMzV6RGZREAE",,,,,,,,,,,,,,,,,,,,,,,,"Google",,,"2",,,"432","2026-08-08T17:19:42.857Z","Direct Detail URL: https://www.google.com/maps/place/MoroGrill+-+Urdesa/@-2.1348707,-79.8980443,13.81z/data=!4m10!1m2!2m1!1smorogrill!3m6!1s0x902d6d7f6e0fdf2f:0x6850d0f70433d02d!8m2!3d-2.1656068!4d-79.9093192!15sCgltb3JvZ3JpbGxaCyIJbW9yb2dyaWxskgEKcmVzdGF1cmFudOABAA!16s%2Fg%2F11s195xvnt?entry=ttu&g_ep=EgoyMDI2MDgwNS4xIKXMDSoASAFQAw%3D%3D","2",,"Guayacanes 310 entre la 3ra y la cuarta","false","La verdad muy demorado más de 30 minutos para una orden estando casi vacío el sitio, y la comida la verdad no nos gusto para nada esa sarten exageración de menestra casi nada de moro y tiras de pollo y más de 10 dólares no justifica, disculpen pero es la verdad",,"MoroGrill - Urdesa","4.3",,"https://www.google.com/maps/search/?api=1&query=MoroGrill%20-%20Urdesa&query_place_id=ChIJL98Pbn9tLZARLdAzBPfQUGg",
"Guayacanes 310 entre la 3ra y la cuarta, 090507 Guayaquil, Ecuador","Restaurante","Restaurante","7516737537427361837","Guayaquil","EC","0x902d6d7f6e0fdf2f:0x6850d0f70433d02d",,"https://lh3.googleusercontent.com/gps-cs-s/AHRPTWmMp-Z0_3QQ_yB8KLvsC7YNBSBPmiMENigeIP1pKNoaU4PYGt-5zyRaGCh-CsO44Y3kcpIxqHcBqttYJWLA5KCtyE5NJnR8gw8Bqvt4CrdbhiyyIURUrsmZ7pVmXDmIjx49cILr0Q=w408-h408-k-no","false","true","/g/11s195xvnt","es-419","1","-2.1656068","-79.9093192",,"Urdesa","es","false","ChIJL98Pbn9tLZARLdAzBPfQUGg","090507","$10-15","Hace 2 años","2023-12-18T01:52:40.849Z",,,,,,,,,,,"Chifles de Cortesía, Sartenazo Moro Y Chuleta",,"$10-15",,,,,"Almuerzo","Consumo en el lugar","3","3","3","ChdDSUhNMG9nS0VJQ0FnSURWbDltZXJnRRAB","https://lh3.googleusercontent.com/grass-cs/ACvplmM-c-E7jwsYVPNI1nHMYgSIySs8Rp2VkWWs4WdhWcKd9E_3Hq9MMm-pwU_Le_g4zt81epcBN70VGnazPKm0cOGF8mDyP4ThZ8FpANlhF3dw5E5KSIzUJIaZgY9qPsh5oU6LOTDE=k-no","https://lh3.googleusercontent.com/grass-cs/ACvplmMoh-P9JpI65nSbrKpkFQtK1qPGhkNoQpW0IJs3dWAyD6iMsztzBjkYqOQECvRRD8mploZ_VOyiWfskSD39dtbiwMCdPEGamT0RVdKJiRrq4GTr5bx3mLSk6AOQGy55eIXE2QnX9g=k-no",,,,,,,,,,,,,,,,,,,,,,"Google",,,"107",,,"432","2026-08-08T17:19:42.857Z","Direct Detail URL: https://www.google.com/maps/place/MoroGrill+-+Urdesa/@-2.1348707,-79.8980443,13.81z/data=!4m10!1m2!2m1!1smorogrill!3m6!1s0x902d6d7f6e0fdf2f:0x6850d0f70433d02d!8m2!3d-2.1656068!4d-79.9093192!15sCgltb3JvZ3JpbGxaCyIJbW9yb2dyaWxskgEKcmVzdGF1cmFudOABAA!16s%2Fg%2F11s195xvnt?entry=ttu&g_ep=EgoyMDI2MDgwNS4xIKXMDSoASAFQAw%3D%3D","3",,"Guayacanes 310 entre la 3ra y la cuarta","false","Lindo ambiente, climatizado, acogedor y con un buen menú de platos con diferentes proteínas y a buen precio. Satisfecho.",,"MoroGrill - Urdesa","4.3",,"https://www.google.com/maps/search/?api=1&query=MoroGrill%20-%20Urdesa&query_place_id=ChIJL98Pbn9tLZARLdAzBPfQUGg",
"Guayacanes 310 entre la 3ra y la cuarta, 090507 Guayaquil, Ecuador","Restaurante","Restaurante","7516737537427361837","Guayaquil","EC","0x902d6d7f6e0fdf2f:0x6850d0f70433d02d",,"https://lh3.googleusercontent.com/gps-cs-s/AHRPTWmMp-Z0_3QQ_yB8KLvsC7YNBSBPmiMENigeIP1pKNoaU4PYGt-5zyRaGCh-CsO44Y3kcpIxqHcBqttYJWLA5KCtyE5NJnR8gw8Bqvt4CrdbhiyyIURUrsmZ7pVmXDmIjx49cILr0Q=w408-h408-k-no","false","true","/g/11s195xvnt","es-419","0","-2.1656068","-79.9093192",,"Urdesa","es","false","ChIJL98Pbn9tLZARLdAzBPfQUGg","090507","$10-15","Hace 2 años","2023-12-16T21:23:16.234Z",,,,,,,,,,,,,,,,,,,,"5","5","4","ChZDSUhNMG9nS0VJQ0FnSURWdTdUT1pREAE","https://lh3.googleusercontent.com/grass-cs/ACvplmN4MVpbW2w2Etndu4uuLyPiS3bHNXcTU4HyH_ZmGf2cr0aiyb2k5rJurj3KAllJeCBV2YEXtpYUXmt6z_CZ-5kJflVJwtNu-7AqniCfdsVg34irW0WAvztSQq6CPH41FEbI-t7J=k-no",,,,,,,,,,,,,,,,,,,,,,,"Google",,,"84",,,"432","2026-08-08T17:19:42.857Z","Direct Detail URL: https://www.google.com/maps/place/MoroGrill+-+Urdesa/@-2.1348707,-79.8980443,13.81z/data=!4m10!1m2!2m1!1smorogrill!3m6!1s0x902d6d7f6e0fdf2f:0x6850d0f70433d02d!8m2!3d-2.1656068!4d-79.9093192!15sCgltb3JvZ3JpbGxaCyIJbW9yb2dyaWxskgEKcmVzdGF1cmFudOABAA!16s%2Fg%2F11s195xvnt?entry=ttu&g_ep=EgoyMDI2MDgwNS4xIKXMDSoASAFQAw%3D%3D","5",,"Guayacanes 310 entre la 3ra y la cuarta","false","Excelente lugar de gastronomía ecuatoriana,
Un exquisito plato de moro mojadito, con proteínas a escoger, salsas de todos gustos acompañado de un buen jugo natural 🤤🤤🤤",,"MoroGrill - Urdesa","4.3",,"https://www.google.com/maps/search/?api=1&query=MoroGrill%20-%20Urdesa&query_place_id=ChIJL98Pbn9tLZARLdAzBPfQUGg",
"Guayacanes 310 entre la 3ra y la cuarta, 090507 Guayaquil, Ecuador","Restaurante","Restaurante","7516737537427361837","Guayaquil","EC","0x902d6d7f6e0fdf2f:0x6850d0f70433d02d",,"https://lh3.googleusercontent.com/gps-cs-s/AHRPTWmMp-Z0_3QQ_yB8KLvsC7YNBSBPmiMENigeIP1pKNoaU4PYGt-5zyRaGCh-CsO44Y3kcpIxqHcBqttYJWLA5KCtyE5NJnR8gw8Bqvt4CrdbhiyyIURUrsmZ7pVmXDmIjx49cILr0Q=w408-h408-k-no","false","false","/g/11s195xvnt","es-419","0","-2.1656068","-79.9093192",,"Urdesa",,"false","ChIJL98Pbn9tLZARLdAzBPfQUGg","090507","$10-15","Hace 2 años","2023-12-15T02:21:15.154Z",,,,,,,,,,,,,,,,,,,,,,,"ChdDSUhNMG9nS0VJQ0FnSURWN2ZQdml3RRAB",,,,,,,,,,,,,,,,,,,,,,,,"Google",,,"0",,,"432","2026-08-08T17:19:42.857Z","Direct Detail URL: https://www.google.com/maps/place/MoroGrill+-+Urdesa/@-2.1348707,-79.8980443,13.81z/data=!4m10!1m2!2m1!1smorogrill!3m6!1s0x902d6d7f6e0fdf2f:0x6850d0f70433d02d!8m2!3d-2.1656068!4d-79.9093192!15sCgltb3JvZ3JpbGxaCyIJbW9yb2dyaWxskgEKcmVzdGF1cmFudOABAA!16s%2Fg%2F11s195xvnt?entry=ttu&g_ep=EgoyMDI2MDgwNS4xIKXMDSoASAFQAw%3D%3D","4",,"Guayacanes 310 entre la 3ra y la cuarta","false",,,"MoroGrill - Urdesa","4.3",,"https://www.google.com/maps/search/?api=1&query=MoroGrill%20-%20Urdesa&query_place_id=ChIJL98Pbn9tLZARLdAzBPfQUGg",
"Guayacanes 310 entre la 3ra y la cuarta, 090507 Guayaquil, Ecuador","Restaurante","Restaurante","7516737537427361837","Guayaquil","EC","0x902d6d7f6e0fdf2f:0x6850d0f70433d02d",,"https://lh3.googleusercontent.com/gps-cs-s/AHRPTWmMp-Z0_3QQ_yB8KLvsC7YNBSBPmiMENigeIP1pKNoaU4PYGt-5zyRaGCh-CsO44Y3kcpIxqHcBqttYJWLA5KCtyE5NJnR8gw8Bqvt4CrdbhiyyIURUrsmZ7pVmXDmIjx49cILr0Q=w408-h408-k-no","false","true","/g/11s195xvnt","es-419","0","-2.1656068","-79.9093192",,"Urdesa","es","false","ChIJL98Pbn9tLZARLdAzBPfQUGg","090507","$10-15","Hace 2 años","2023-12-13T18:33:36.833Z",,,,,,"Hay suficiente espacio",,,,"Estacionamiento gratuito, Estacionamiento gratuito en la calle","Chifles de Cortesía, Sartenazo - Moro Manaba Co Menestra de frejol0",,"$15-20",,,,,"Almuerzo","Consumo en el lugar","5","5","5","ChdDSUhNMG9nS0VJQ0FnSURWdG9Xdm5RRRAB","https://lh3.googleusercontent.com/grass-cs/ACvplmMyJwd00uCeZev-Z9aAjZ99B9o_4uGcSZVGIl-SX95Ien66X1u1i8OHOClUEzZ9ny2rSZQuQTxfUZTmrvNZADpJd7y8IFSViHk1neW8FIvyONi9lhN6nLoVgQaf6N1sa8EbFBo=k-no","https://lh3.googleusercontent.com/grass-cs/ACvplmOiYf4CXTgC7-X6uj80z3eWXvcoVOGcCK_Jd1-ia746tXe6mXsY1Kw_IeIsn8iFcv7x-v23ns4abSlEbncdU6cotxzG_joeX3OQmXRogH87JmNvhEede9Q-ie7-zNzG58k9kplqcQ=k-no","https://lh3.googleusercontent.com/grass-cs/ACvplmMYXKG2qS4uJuK974y-dUS89i9CmN1LG_mwm7m4P9-NXsnJPgeCzLap3l0REhueDtpRgG4a51Rk-Gsyd6bRSCMnnHSv17xfqQp0gLKrUBOqf5gbyagv_DpL_SJbbwLjSwvTOUiJ=k-no","https://lh3.googleusercontent.com/grass-cs/ACvplmP_P3IdhavkeXuq5uP2MCYEgGDIStidpEGxW5KmL1s3I2Z00xlFFFoC4Tg3hQsKGExXp8I-vCP26sMTpGeiLe7ciqMRkOqlu6t-aqc9TI4-bVKP9yA31UqNCpMZf65FOTuiaUnagA=k-no","https://lh3.googleusercontent.com/grass-cs/ACvplmPWYRWCcDdJnbnPPygJUyJGMGWr3GTmm_A8uCZucwep0mqUu05FhTSS9I_n8E3wlUCu5hCMgYKBEp1G-Uyb6fWPZH5sH8TpqGKSIvhjKWiCD3wDySxhFM42KaloEhmLb7any42g=k-no",,,,,,,,,,,,,,,,,,,"Google",,,"39",,,"432","2026-08-08T17:19:42.857Z","Direct Detail URL: https://www.google.com/maps/place/MoroGrill+-+Urdesa/@-2.1348707,-79.8980443,13.81z/data=!4m10!1m2!2m1!1smorogrill!3m6!1s0x902d6d7f6e0fdf2f:0x6850d0f70433d02d!8m2!3d-2.1656068!4d-79.9093192!15sCgltb3JvZ3JpbGxaCyIJbW9yb2dyaWxskgEKcmVzdGF1cmFudOABAA!16s%2Fg%2F11s195xvnt?entry=ttu&g_ep=EgoyMDI2MDgwNS4xIKXMDSoASAFQAw%3D%3D","5",,"Guayacanes 310 entre la 3ra y la cuarta","false","Lugar bonito y limpio.

El personal siempre dispuesto a la atención. Y su comida espectacular 👌",,"MoroGrill - Urdesa","4.3",,"https://www.google.com/maps/search/?api=1&query=MoroGrill%20-%20Urdesa&query_place_id=ChIJL98Pbn9tLZARLdAzBPfQUGg",
"Guayacanes 310 entre la 3ra y la cuarta, 090507 Guayaquil, Ecuador","Restaurante","Restaurante","7516737537427361837","Guayaquil","EC","0x902d6d7f6e0fdf2f:0x6850d0f70433d02d",,"https://lh3.googleusercontent.com/gps-cs-s/AHRPTWmMp-Z0_3QQ_yB8KLvsC7YNBSBPmiMENigeIP1pKNoaU4PYGt-5zyRaGCh-CsO44Y3kcpIxqHcBqttYJWLA5KCtyE5NJnR8gw8Bqvt4CrdbhiyyIURUrsmZ7pVmXDmIjx49cILr0Q=w408-h408-k-no","false","true","/g/11s195xvnt","es-419","0","-2.1656068","-79.9093192",,"Urdesa",,"false","ChIJL98Pbn9tLZARLdAzBPfQUGg","090507","$10-15","Hace 2 años","2023-12-12T11:27:24.400Z",,,,,,,,,,,,,,,,,,,,"4","4","5","ChdDSUhNMG9nS0VJQ0FnSURWMnA2NDZRRRAB",,,,,,,,,,,,,,,,,,,,,,,,"Google",,,"8",,,"432","2026-08-08T17:19:42.857Z","Direct Detail URL: https://www.google.com/maps/place/MoroGrill+-+Urdesa/@-2.1348707,-79.8980443,13.81z/data=!4m10!1m2!2m1!1smorogrill!3m6!1s0x902d6d7f6e0fdf2f:0x6850d0f70433d02d!8m2!3d-2.1656068!4d-79.9093192!15sCgltb3JvZ3JpbGxaCyIJbW9yb2dyaWxskgEKcmVzdGF1cmFudOABAA!16s%2Fg%2F11s195xvnt?entry=ttu&g_ep=EgoyMDI2MDgwNS4xIKXMDSoASAFQAw%3D%3D","4",,"Guayacanes 310 entre la 3ra y la cuarta","false",,,"MoroGrill - Urdesa","4.3",,"https://www.google.com/maps/search/?api=1&query=MoroGrill%20-%20Urdesa&query_place_id=ChIJL98Pbn9tLZARLdAzBPfQUGg",
"Guayacanes 310 entre la 3ra y la cuarta, 090507 Guayaquil, Ecuador","Restaurante","Restaurante","7516737537427361837","Guayaquil","EC","0x902d6d7f6e0fdf2f:0x6850d0f70433d02d",,"https://lh3.googleusercontent.com/gps-cs-s/AHRPTWmMp-Z0_3QQ_yB8KLvsC7YNBSBPmiMENigeIP1pKNoaU4PYGt-5zyRaGCh-CsO44Y3kcpIxqHcBqttYJWLA5KCtyE5NJnR8gw8Bqvt4CrdbhiyyIURUrsmZ7pVmXDmIjx49cILr0Q=w408-h408-k-no","false","true","/g/11s195xvnt","es-419","0","-2.1656068","-79.9093192",,"Urdesa",,"false","ChIJL98Pbn9tLZARLdAzBPfQUGg","090507","$10-15","Hace 2 años","2023-12-12T00:42:55.321Z",,,,,,"Es un poco difícil encontrar estacionamiento",,,,"Estacionamiento gratuito en la calle","Sartenazo - Moro Manaba Co Menestra de frejol0",,"$15-20",,,,,"Almuerzo","Consumo en el lugar","5","4","5","ChZDSUhNMG9nS0VJQ0FnSURWMHZqWkV3EAE",,,,,,,,,,,,,,,,,,,,,,,,"Google",,,"9",,,"432","2026-08-08T17:19:42.857Z","Direct Detail URL: https://www.google.com/maps/place/MoroGrill+-+Urdesa/@-2.1348707,-79.8980443,13.81z/data=!4m10!1m2!2m1!1smorogrill!3m6!1s0x902d6d7f6e0fdf2f:0x6850d0f70433d02d!8m2!3d-2.1656068!4d-79.9093192!15sCgltb3JvZ3JpbGxaCyIJbW9yb2dyaWxskgEKcmVzdGF1cmFudOABAA!16s%2Fg%2F11s195xvnt?entry=ttu&g_ep=EgoyMDI2MDgwNS4xIKXMDSoASAFQAw%3D%3D","4",,"Guayacanes 310 entre la 3ra y la cuarta","false",,,"MoroGrill - Urdesa","4.3",,"https://www.google.com/maps/search/?api=1&query=MoroGrill%20-%20Urdesa&query_place_id=ChIJL98Pbn9tLZARLdAzBPfQUGg",
"Guayacanes 310 entre la 3ra y la cuarta, 090507 Guayaquil, Ecuador","Restaurante","Restaurante","7516737537427361837","Guayaquil","EC","0x902d6d7f6e0fdf2f:0x6850d0f70433d02d",,"https://lh3.googleusercontent.com/gps-cs-s/AHRPTWmMp-Z0_3QQ_yB8KLvsC7YNBSBPmiMENigeIP1pKNoaU4PYGt-5zyRaGCh-CsO44Y3kcpIxqHcBqttYJWLA5KCtyE5NJnR8gw8Bqvt4CrdbhiyyIURUrsmZ7pVmXDmIjx49cILr0Q=w408-h408-k-no","false","true","/g/11s195xvnt","es-419","0","-2.1656068","-79.9093192",,"Urdesa","es","false","ChIJL98Pbn9tLZARLdAzBPfQUGg","090507","$10-15","Hace 2 años","2023-12-04T04:21:35.075Z",,,,,,"Es un poco difícil encontrar estacionamiento",,,,"Estacionamiento pagado","El Favorito Sartenazo",,"$10-15",,,,,"Cena","Consumo en el lugar","5","4","4","ChZDSUhNMG9nS0VJQ0FnSURsLTdiWUtBEAE","https://lh3.googleusercontent.com/grass-cs/ACvplmOgYGs-WIojfNwFNvVvWXVs8BnMubCS_8LXHtCJMz0N1TKyq1IgbL7EKEWU7gKVJ9M6cnBCdkFTtXFT0ufkcCEpMhGMQKu3Te_9ysU95IVrLuXxtJJfs7l0Ki0WSnIHCM9HW2yvUw=k-no","https://lh3.googleusercontent.com/grass-cs/ACvplmPXk-IVts5k9yQSKBhJB3vsx4hqU8E2Kp_S3mOtsEpQa_hNJPTg_8g91WQnVwlmo6E6fMdsFWTg1vjjiREuXNXD5l5TgvjllshRvkj7XMFyEXmKcZCEJxL3asAnTpisPwLfsjd7=k-no",,,,,,,,,,,,,,,,,,,,,,"Google",,,"82",,,"432","2026-08-08T17:19:42.857Z","Direct Detail URL: https://www.google.com/maps/place/MoroGrill+-+Urdesa/@-2.1348707,-79.8980443,13.81z/data=!4m10!1m2!2m1!1smorogrill!3m6!1s0x902d6d7f6e0fdf2f:0x6850d0f70433d02d!8m2!3d-2.1656068!4d-79.9093192!15sCgltb3JvZ3JpbGxaCyIJbW9yb2dyaWxskgEKcmVzdGF1cmFudOABAA!16s%2Fg%2F11s195xvnt?entry=ttu&g_ep=EgoyMDI2MDgwNS4xIKXMDSoASAFQAw%3D%3D","4",,"Guayacanes 310 entre la 3ra y la cuarta","false","Buen ambiente",,"MoroGrill - Urdesa","4.3",,"https://www.google.com/maps/search/?api=1&query=MoroGrill%20-%20Urdesa&query_place_id=ChIJL98Pbn9tLZARLdAzBPfQUGg",
"Guayacanes 310 entre la 3ra y la cuarta, 090507 Guayaquil, Ecuador","Restaurante","Restaurante","7516737537427361837","Guayaquil","EC","0x902d6d7f6e0fdf2f:0x6850d0f70433d02d",,"https://lh3.googleusercontent.com/gps-cs-s/AHRPTWmMp-Z0_3QQ_yB8KLvsC7YNBSBPmiMENigeIP1pKNoaU4PYGt-5zyRaGCh-CsO44Y3kcpIxqHcBqttYJWLA5KCtyE5NJnR8gw8Bqvt4CrdbhiyyIURUrsmZ7pVmXDmIjx49cILr0Q=w408-h408-k-no","false","false","/g/11s195xvnt","es-419","0","-2.1656068","-79.9093192",,"Urdesa","es-419","false","ChIJL98Pbn9tLZARLdAzBPfQUGg","090507","$10-15","Hace 2 años","2023-11-30T18:51:19.877Z",,,,,,,,,,,,,,,,,,,,"5","5","5","ChZDSUhNMG9nS0VJQ0FnSURsbk55U0pREAE",,,,,,,,,,,,,,,,,,,,,,,,"Google",,,"4",,,"432","2026-08-08T17:19:42.857Z","Direct Detail URL: https://www.google.com/maps/place/MoroGrill+-+Urdesa/@-2.1348707,-79.8980443,13.81z/data=!4m10!1m2!2m1!1smorogrill!3m6!1s0x902d6d7f6e0fdf2f:0x6850d0f70433d02d!8m2!3d-2.1656068!4d-79.9093192!15sCgltb3JvZ3JpbGxaCyIJbW9yb2dyaWxskgEKcmVzdGF1cmFudOABAA!16s%2Fg%2F11s195xvnt?entry=ttu&g_ep=EgoyMDI2MDgwNS4xIKXMDSoASAFQAw%3D%3D","5",,"Guayacanes 310 entre la 3ra y la cuarta","false","❤️",,"MoroGrill - Urdesa","4.3",,"https://www.google.com/maps/search/?api=1&query=MoroGrill%20-%20Urdesa&query_place_id=ChIJL98Pbn9tLZARLdAzBPfQUGg",
"Guayacanes 310 entre la 3ra y la cuarta, 090507 Guayaquil, Ecuador","Restaurante","Restaurante","7516737537427361837","Guayaquil","EC","0x902d6d7f6e0fdf2f:0x6850d0f70433d02d",,"https://lh3.googleusercontent.com/gps-cs-s/AHRPTWmMp-Z0_3QQ_yB8KLvsC7YNBSBPmiMENigeIP1pKNoaU4PYGt-5zyRaGCh-CsO44Y3kcpIxqHcBqttYJWLA5KCtyE5NJnR8gw8Bqvt4CrdbhiyyIURUrsmZ7pVmXDmIjx49cILr0Q=w408-h408-k-no","false","true","/g/11s195xvnt","es-419","0","-2.1656068","-79.9093192",,"Urdesa","es","false","ChIJL98Pbn9tLZARLdAzBPfQUGg","090507","$10-15","Hace 2 años","2023-11-26T19:50:45.542Z",,,,,,,,,,,"Sartenazo - Moro Manaba Co Menestra de frejol0",,"$10-15",,,,,"Cena","Consumo en el lugar","5","5","5","ChZDSUhNMG9nS0VJQ0FnSUNsODluUU53EAE","https://lh3.googleusercontent.com/grass-cs/ACvplmNlOBf9_qkjfMeTiIDkpkwtG77zrzEHCfR925KzNYICAQhjPuBMiBvxW2SsR6NHTDBqyk36nsvAJV2CKiQpOHDnr6NMXywwJ89RXQPnqiY3HHnfP2ZtJpRC4Se5GM9X31AimuIGlA=k-no",,,,,,,,,,,,,,,,,,,,,,,"Google",,,"40",,,"432","2026-08-08T17:19:42.857Z","Direct Detail URL: https://www.google.com/maps/place/MoroGrill+-+Urdesa/@-2.1348707,-79.8980443,13.81z/data=!4m10!1m2!2m1!1smorogrill!3m6!1s0x902d6d7f6e0fdf2f:0x6850d0f70433d02d!8m2!3d-2.1656068!4d-79.9093192!15sCgltb3JvZ3JpbGxaCyIJbW9yb2dyaWxskgEKcmVzdGF1cmFudOABAA!16s%2Fg%2F11s195xvnt?entry=ttu&g_ep=EgoyMDI2MDgwNS4xIKXMDSoASAFQAw%3D%3D","5",,"Guayacanes 310 entre la 3ra y la cuarta","false","El sartenazo es un plato muy bueno te quedas full, en total por persona un plato con bebida gastaría en promedio $15 dólares, pero lo valen",,"MoroGrill - Urdesa","4.3",,"https://www.google.com/maps/search/?api=1&query=MoroGrill%20-%20Urdesa&query_place_id=ChIJL98Pbn9tLZARLdAzBPfQUGg",
"Guayacanes 310 entre la 3ra y la cuarta, 090507 Guayaquil, Ecuador","Restaurante","Restaurante","7516737537427361837","Guayaquil","EC","0x902d6d7f6e0fdf2f:0x6850d0f70433d02d",,"https://lh3.googleusercontent.com/gps-cs-s/AHRPTWmMp-Z0_3QQ_yB8KLvsC7YNBSBPmiMENigeIP1pKNoaU4PYGt-5zyRaGCh-CsO44Y3kcpIxqHcBqttYJWLA5KCtyE5NJnR8gw8Bqvt4CrdbhiyyIURUrsmZ7pVmXDmIjx49cILr0Q=w408-h408-k-no","false","false","/g/11s195xvnt","es-419","0","-2.1656068","-79.9093192",,"Urdesa",,"false","ChIJL98Pbn9tLZARLdAzBPfQUGg","090507","$10-15","Hace 2 años","2023-11-26T14:51:15.195Z",,,,,,,,,,,,,,,,,,,,"5","5","5","ChZDSUhNMG9nS0VJQ0FnSUNscy1yUWJBEAE",,,,,,,,,,,,,,,,,,,,,,,,"Google",,,"0",,,"432","2026-08-08T17:19:42.857Z","Direct Detail URL: https://www.google.com/maps/place/MoroGrill+-+Urdesa/@-2.1348707,-79.8980443,13.81z/data=!4m10!1m2!2m1!1smorogrill!3m6!1s0x902d6d7f6e0fdf2f:0x6850d0f70433d02d!8m2!3d-2.1656068!4d-79.9093192!15sCgltb3JvZ3JpbGxaCyIJbW9yb2dyaWxskgEKcmVzdGF1cmFudOABAA!16s%2Fg%2F11s195xvnt?entry=ttu&g_ep=EgoyMDI2MDgwNS4xIKXMDSoASAFQAw%3D%3D","5",,"Guayacanes 310 entre la 3ra y la cuarta","false",,,"MoroGrill - Urdesa","4.3",,"https://www.google.com/maps/search/?api=1&query=MoroGrill%20-%20Urdesa&query_place_id=ChIJL98Pbn9tLZARLdAzBPfQUGg",
"Guayacanes 310 entre la 3ra y la cuarta, 090507 Guayaquil, Ecuador","Restaurante","Restaurante","7516737537427361837","Guayaquil","EC","0x902d6d7f6e0fdf2f:0x6850d0f70433d02d",,"https://lh3.googleusercontent.com/gps-cs-s/AHRPTWmMp-Z0_3QQ_yB8KLvsC7YNBSBPmiMENigeIP1pKNoaU4PYGt-5zyRaGCh-CsO44Y3kcpIxqHcBqttYJWLA5KCtyE5NJnR8gw8Bqvt4CrdbhiyyIURUrsmZ7pVmXDmIjx49cILr0Q=w408-h408-k-no","false","true","/g/11s195xvnt","es-419","0","-2.1656068","-79.9093192",,"Urdesa","es","false","ChIJL98Pbn9tLZARLdAzBPfQUGg","090507","$10-15","Hace 2 años","2023-11-26T03:54:12.957Z",,,,,,,,,,,"Chifles de Cortesía, Sartenazo - Moro Manaba Co Menestra de frejol0",,"$10-15",,,,,"Cena","Consumo en el lugar","5","5","5","ChdDSUhNMG9nS0VJQ0FnSUNsNDRXNmt3RRAB",,,,,,,,,,,,,,,,,,,,,,,,"Google",,,"111",,,"432","2026-08-08T17:19:42.857Z","Direct Detail URL: https://www.google.com/maps/place/MoroGrill+-+Urdesa/@-2.1348707,-79.8980443,13.81z/data=!4m10!1m2!2m1!1smorogrill!3m6!1s0x902d6d7f6e0fdf2f:0x6850d0f70433d02d!8m2!3d-2.1656068!4d-79.9093192!15sCgltb3JvZ3JpbGxaCyIJbW9yb2dyaWxskgEKcmVzdGF1cmFudOABAA!16s%2Fg%2F11s195xvnt?entry=ttu&g_ep=EgoyMDI2MDgwNS4xIKXMDSoASAFQAw%3D%3D","5",,"Guayacanes 310 entre la 3ra y la cuarta","false","Muy buen lugar, comida deliciosa. Recomendado",,"MoroGrill - Urdesa","4.3",,"https://www.google.com/maps/search/?api=1&query=MoroGrill%20-%20Urdesa&query_place_id=ChIJL98Pbn9tLZARLdAzBPfQUGg",
"Guayacanes 310 entre la 3ra y la cuarta, 090507 Guayaquil, Ecuador","Restaurante","Restaurante","7516737537427361837","Guayaquil","EC","0x902d6d7f6e0fdf2f:0x6850d0f70433d02d",,"https://lh3.googleusercontent.com/gps-cs-s/AHRPTWmMp-Z0_3QQ_yB8KLvsC7YNBSBPmiMENigeIP1pKNoaU4PYGt-5zyRaGCh-CsO44Y3kcpIxqHcBqttYJWLA5KCtyE5NJnR8gw8Bqvt4CrdbhiyyIURUrsmZ7pVmXDmIjx49cILr0Q=w408-h408-k-no","false","true","/g/11s195xvnt","es-419","0","-2.1656068","-79.9093192",,"Urdesa","es","false","ChIJL98Pbn9tLZARLdAzBPfQUGg","090507","$10-15","Hace 2 años","2023-11-24T15:18:41.694Z",,,,,,,,,,,,,,,,,,,,"4","4","5","ChdDSUhNMG9nS0VJQ0FnSUNsN2I3eXFnRRAB",,,,,,,,,,,,,,,,,,,,,,,,"Google",,,"60",,,"432","2026-08-08T17:19:42.857Z","Direct Detail URL: https://www.google.com/maps/place/MoroGrill+-+Urdesa/@-2.1348707,-79.8980443,13.81z/data=!4m10!1m2!2m1!1smorogrill!3m6!1s0x902d6d7f6e0fdf2f:0x6850d0f70433d02d!8m2!3d-2.1656068!4d-79.9093192!15sCgltb3JvZ3JpbGxaCyIJbW9yb2dyaWxskgEKcmVzdGF1cmFudOABAA!16s%2Fg%2F11s195xvnt?entry=ttu&g_ep=EgoyMDI2MDgwNS4xIKXMDSoASAFQAw%3D%3D","4",,"Guayacanes 310 entre la 3ra y la cuarta","false","Buen sabor y la atención q nos dieron los meseros.. Fue excelente. Felicitaciones",,"MoroGrill - Urdesa","4.3",,"https://www.google.com/maps/search/?api=1&query=MoroGrill%20-%20Urdesa&query_place_id=ChIJL98Pbn9tLZARLdAzBPfQUGg",
"Guayacanes 310 entre la 3ra y la cuarta, 090507 Guayaquil, Ecuador","Restaurante","Restaurante","7516737537427361837","Guayaquil","EC","0x902d6d7f6e0fdf2f:0x6850d0f70433d02d",,"https://lh3.googleusercontent.com/gps-cs-s/AHRPTWmMp-Z0_3QQ_yB8KLvsC7YNBSBPmiMENigeIP1pKNoaU4PYGt-5zyRaGCh-CsO44Y3kcpIxqHcBqttYJWLA5KCtyE5NJnR8gw8Bqvt4CrdbhiyyIURUrsmZ7pVmXDmIjx49cILr0Q=w408-h408-k-no","false","false","/g/11s195xvnt","es-419","0","-2.1656068","-79.9093192",,"Urdesa",,"false","ChIJL98Pbn9tLZARLdAzBPfQUGg","090507","$10-15","Hace 2 años","2023-11-18T22:40:01.812Z",,,,,,,,,,,,,,,,,,,,"1","1","1","ChdDSUhNMG9nS0VJQ0FnSUNscnItdGxnRRAB",,,,,,,,,,,,,,,,,,,,,,,,"Google",,,"0",,,"432","2026-08-08T17:19:42.857Z","Direct Detail URL: https://www.google.com/maps/place/MoroGrill+-+Urdesa/@-2.1348707,-79.8980443,13.81z/data=!4m10!1m2!2m1!1smorogrill!3m6!1s0x902d6d7f6e0fdf2f:0x6850d0f70433d02d!8m2!3d-2.1656068!4d-79.9093192!15sCgltb3JvZ3JpbGxaCyIJbW9yb2dyaWxskgEKcmVzdGF1cmFudOABAA!16s%2Fg%2F11s195xvnt?entry=ttu&g_ep=EgoyMDI2MDgwNS4xIKXMDSoASAFQAw%3D%3D","1",,"Guayacanes 310 entre la 3ra y la cuarta","false",,,"MoroGrill - Urdesa","4.3",,"https://www.google.com/maps/search/?api=1&query=MoroGrill%20-%20Urdesa&query_place_id=ChIJL98Pbn9tLZARLdAzBPfQUGg",
"Guayacanes 310 entre la 3ra y la cuarta, 090507 Guayaquil, Ecuador","Restaurante","Restaurante","7516737537427361837","Guayaquil","EC","0x902d6d7f6e0fdf2f:0x6850d0f70433d02d",,"https://lh3.googleusercontent.com/gps-cs-s/AHRPTWmMp-Z0_3QQ_yB8KLvsC7YNBSBPmiMENigeIP1pKNoaU4PYGt-5zyRaGCh-CsO44Y3kcpIxqHcBqttYJWLA5KCtyE5NJnR8gw8Bqvt4CrdbhiyyIURUrsmZ7pVmXDmIjx49cILr0Q=w408-h408-k-no","false","true","/g/11s195xvnt","es-419","0","-2.1656068","-79.9093192",,"Urdesa","es","false","ChIJL98Pbn9tLZARLdAzBPfQUGg","090507","$10-15","Hace 2 años","2023-11-15T13:20:39.306Z",,"2023-11-15T13:35:48.000Z","❤️❤️🍳🇪🇨 gracias x visitarnos",,,,,,,,,,,,,,,,,"5","5","5","ChZDSUhNMG9nS0VJQ0FnSUNsOHFLY2VREAE",,,,,,,,,,,,,,,,,,,,,,,,"Google",,,"113",,,"432","2026-08-08T17:19:42.857Z","Direct Detail URL: https://www.google.com/maps/place/MoroGrill+-+Urdesa/@-2.1348707,-79.8980443,13.81z/data=!4m10!1m2!2m1!1smorogrill!3m6!1s0x902d6d7f6e0fdf2f:0x6850d0f70433d02d!8m2!3d-2.1656068!4d-79.9093192!15sCgltb3JvZ3JpbGxaCyIJbW9yb2dyaWxskgEKcmVzdGF1cmFudOABAA!16s%2Fg%2F11s195xvnt?entry=ttu&g_ep=EgoyMDI2MDgwNS4xIKXMDSoASAFQAw%3D%3D","5",,"Guayacanes 310 entre la 3ra y la cuarta","false","Me agrado el ambiente, la comida y el servicio, buenos precios para disfrutar en familia.",,"MoroGrill - Urdesa","4.3",,"https://www.google.com/maps/search/?api=1&query=MoroGrill%20-%20Urdesa&query_place_id=ChIJL98Pbn9tLZARLdAzBPfQUGg",
"Guayacanes 310 entre la 3ra y la cuarta, 090507 Guayaquil, Ecuador","Restaurante","Restaurante","7516737537427361837","Guayaquil","EC","0x902d6d7f6e0fdf2f:0x6850d0f70433d02d",,"https://lh3.googleusercontent.com/gps-cs-s/AHRPTWmMp-Z0_3QQ_yB8KLvsC7YNBSBPmiMENigeIP1pKNoaU4PYGt-5zyRaGCh-CsO44Y3kcpIxqHcBqttYJWLA5KCtyE5NJnR8gw8Bqvt4CrdbhiyyIURUrsmZ7pVmXDmIjx49cILr0Q=w408-h408-k-no","false","true","/g/11s195xvnt","es-419","0","-2.1656068","-79.9093192",,"Urdesa","es","false","ChIJL98Pbn9tLZARLdAzBPfQUGg","090507","$10-15","Hace 2 años","2023-11-14T12:49:34.006Z",,"2023-11-15T13:34:57.000Z","Hola Mario, morogrill no ofrece servicio de almuerzo o combos ejecutivos, quizás comió en otro restaurante. Esperamos tenerlo pronto en nuestros locales",,,,,,,,"Chifles de Cortesía",,"$1-5",,,,,"Almuerzo","Consumo en el lugar",,,,"ChdDSUhNMG9nS0VJQ0FnSUNsaklpWHN3RRAB",,,,,,,,,,,,,,,,,,,,,,,,"Google",,,"66",,,"432","2026-08-08T17:19:42.857Z","Direct Detail URL: https://www.google.com/maps/place/MoroGrill+-+Urdesa/@-2.1348707,-79.8980443,13.81z/data=!4m10!1m2!2m1!1smorogrill!3m6!1s0x902d6d7f6e0fdf2f:0x6850d0f70433d02d!8m2!3d-2.1656068!4d-79.9093192!15sCgltb3JvZ3JpbGxaCyIJbW9yb2dyaWxskgEKcmVzdGF1cmFudOABAA!16s%2Fg%2F11s195xvnt?entry=ttu&g_ep=EgoyMDI2MDgwNS4xIKXMDSoASAFQAw%3D%3D","4",,"Guayacanes 310 entre la 3ra y la cuarta","false","El almuerzo que ofrecen no tiene buen sabor... no podría  opinar de los platos a la carta pero un local de comida su carta de presentación debe ser el servicio que ofrecen y si te vas a poner a servir almuerzos debe ser igual o mejor sabor que tus platos a la carta. Mi opinión",,"MoroGrill - Urdesa","4.3",,"https://www.google.com/maps/search/?api=1&query=MoroGrill%20-%20Urdesa&query_place_id=ChIJL98Pbn9tLZARLdAzBPfQUGg",
"Guayacanes 310 entre la 3ra y la cuarta, 090507 Guayaquil, Ecuador","Restaurante","Restaurante","7516737537427361837","Guayaquil","EC","0x902d6d7f6e0fdf2f:0x6850d0f70433d02d",,"https://lh3.googleusercontent.com/gps-cs-s/AHRPTWmMp-Z0_3QQ_yB8KLvsC7YNBSBPmiMENigeIP1pKNoaU4PYGt-5zyRaGCh-CsO44Y3kcpIxqHcBqttYJWLA5KCtyE5NJnR8gw8Bqvt4CrdbhiyyIURUrsmZ7pVmXDmIjx49cILr0Q=w408-h408-k-no","false","true","/g/11s195xvnt","es-419","0","-2.1656068","-79.9093192",,"Urdesa","es","false","ChIJL98Pbn9tLZARLdAzBPfQUGg","090507","$10-15","Hace 2 años","2023-11-12T12:08:14.868Z",,,,,,,,,,,,,"$10-15",,,,,"Almuerzo","Consumo en el lugar","4","4","3","ChZDSUhNMG9nS0VJQ0FnSUNsZ01MZmVBEAE","https://lh3.googleusercontent.com/grass-cs/ACvplmOX4dh7VIGQ6moYevc9zOvX5h9Du8rb6QldDvomOmAjUaTuxVBKcvdu7N0WBh3vpHUl1atYv7giiE7qKeDAC_m8-OhzTrma32FYiYeFIs3NC1UVAdDXqX4KQoIULmAydEj8zNXfvw=k-no","https://lh3.googleusercontent.com/grass-cs/ACvplmOOmII0b6oHGYHFtmNZftZXKZt7EqmXsw9j262gkx8QlWId-6zPZ_IK1ITuF9rtZQAAe4pPItBUvM68YzJtSxXZPqGHWdByuCC7JR15jXd8RLSE1w89FFBrhbr1DN6H_fsoWmin=k-no","https://lh3.googleusercontent.com/grass-cs/ACvplmMfR0i3Z1be_d2R60JmMgpcGQFYtt6smBnkQWax8uiCX1XZqcb2Xrf_42I93f4A06wDvA2USG-XPvwANDxWU7Za_H8s6-YJ9YNGXa7sWxaIp-bP-cBWA2CEG_JHNTMpZDUu1CvOtg=k-no","https://lh3.googleusercontent.com/grass-cs/ACvplmOElvOLZczh3EBxohjUe_OdctsJVmysF4-pkyGjCu-XvIrEPTl3ZVNto-_9o77BdYqGanrWYxG_jqY-ZGZ-7xQimlSZJAlcWlsID_ZpcRgDAxpP0eP4blRFAlHexO0lCN9KFwY=k-no","https://lh3.googleusercontent.com/grass-cs/ACvplmNYtIzIg53D5IDTtpGJSQfD-H9b-LGiJkAGSfa3QgPB-1FLoiYbaQR9zkmO6cbAQc0ytA8leERKjj8dBlPCiMi1-LESzmrogqtYV8gfozFiMuURajIcLci4ctoaar-tz3Di5RfK=k-no","https://lh3.googleusercontent.com/grass-cs/ACvplmMjVmB-8vRqTFuwzjkhJ_sAvSXZbRUm-J3oHBNDZjWU_FR6Xdif-AbsKBRVTUkpY86Bcw07xawZ3pmq1BBfWswi8L7CZACZmHn5E47VA-RgLYKaUaS9VDsrcvF52vJ5kbMTNBI=k-no","https://lh3.googleusercontent.com/grass-cs/ACvplmP_rPA3j0fRXTfjCCmWKLMJtj7qtkxwM7DiMd50qQnt4PQOhNjkhAHSo2U2nMoYZcFJyQhDsV7oDvsRq_wcabD7mY1T1DMdpomDPwEYi7GHE5Fg7iaClN1B4akMElJXrPy2w2Rg7A=k-no","https://lh3.googleusercontent.com/grass-cs/ACvplmOnfFsuqfJ3xR94VlRrl4xw5xLaQ1su0969fA5XMWt5rfF-MCAPbxGTx_hHG88xDQdvKLilznISbxo04AeGfr2IYmeNeuVXUjsaevS8PeySP2mc0WJupJTi7t-O9qcsyuVORWAP=k-no","https://lh3.googleusercontent.com/grass-cs/ACvplmODA2zDvtYa5IoB2oelLI7Hq8jSkCkcXrTvLKMESv7Nowxr30tIpA3oEHbVKlF_2VcIm2ViN_xkmj3MqdJvhe7Nsu1DD4uwaIRPcgZJkXPnduWPIkHvXPfEFyqkMwDqD-_xmOViOA=k-no","https://lh3.googleusercontent.com/grass-cs/ACvplmMjXdHlYuIwMqGeLCyYeRBeGyXFSPKZq-gw5r6BCMH3D90GNzQUMaRER2urPlJ9tM4gNdhhyh9zkguxA8hwlI1tWvkR1hihS2R6YXLt297NsGsJXt7JF5kClAX_UP31d3IGd-s4=k-no",,,,,,,,,,,,,,"Google",,,"203",,,"432","2026-08-08T17:19:42.857Z","Direct Detail URL: https://www.google.com/maps/place/MoroGrill+-+Urdesa/@-2.1348707,-79.8980443,13.81z/data=!4m10!1m2!2m1!1smorogrill!3m6!1s0x902d6d7f6e0fdf2f:0x6850d0f70433d02d!8m2!3d-2.1656068!4d-79.9093192!15sCgltb3JvZ3JpbGxaCyIJbW9yb2dyaWxskgEKcmVzdGF1cmFudOABAA!16s%2Fg%2F11s195xvnt?entry=ttu&g_ep=EgoyMDI2MDgwNS4xIKXMDSoASAFQAw%3D%3D","3",,"Guayacanes 310 entre la 3ra y la cuarta","false","Fui dos veces en mi estadía en Guayaquil, la primera me atendieron súper bien y tuvieron la paciencia de explicarme cada cosa que preguntaba, la segunda vez la camarera apenas tuvo paciencia y parecía que solo quería que ordenáramos rápido, Un lugar que vale la pena visitar!! Si vas por primera vez claramente, sin embargo el sabor de la comida es muy bueno, de los platos que pude disfrutar estuvieron excelentes, ahora el lado negativo la segunda vez que fui pedí un postre “un brownie” nunca llego estuvimos esperando mas de 20 minutos para que nos pasen el postre y no llego. Y así fue en toda la atención del personal la segunda vez que fui súper descuidados.",,"MoroGrill - Urdesa","4.3",,"https://www.google.com/maps/search/?api=1&query=MoroGrill%20-%20Urdesa&query_place_id=ChIJL98Pbn9tLZARLdAzBPfQUGg",
"Guayacanes 310 entre la 3ra y la cuarta, 090507 Guayaquil, Ecuador","Restaurante","Restaurante","7516737537427361837","Guayaquil","EC","0x902d6d7f6e0fdf2f:0x6850d0f70433d02d",,"https://lh3.googleusercontent.com/gps-cs-s/AHRPTWmMp-Z0_3QQ_yB8KLvsC7YNBSBPmiMENigeIP1pKNoaU4PYGt-5zyRaGCh-CsO44Y3kcpIxqHcBqttYJWLA5KCtyE5NJnR8gw8Bqvt4CrdbhiyyIURUrsmZ7pVmXDmIjx49cILr0Q=w408-h408-k-no","false","true","/g/11s195xvnt","es-419","0","-2.1656068","-79.9093192",,"Urdesa",,"false","ChIJL98Pbn9tLZARLdAzBPfQUGg","090507","$10-15","Hace 2 años","2023-11-05T01:23:33.120Z",,,,,,,,,,,,,,,,,,,,"5","5","5","ChZDSUhNMG9nS0VJQ0FnSURGc3JQaFR3EAE",,,,,,,,,,,,,,,,,,,,,,,,"Google",,,"16",,,"432","2026-08-08T17:19:42.857Z","Direct Detail URL: https://www.google.com/maps/place/MoroGrill+-+Urdesa/@-2.1348707,-79.8980443,13.81z/data=!4m10!1m2!2m1!1smorogrill!3m6!1s0x902d6d7f6e0fdf2f:0x6850d0f70433d02d!8m2!3d-2.1656068!4d-79.9093192!15sCgltb3JvZ3JpbGxaCyIJbW9yb2dyaWxskgEKcmVzdGF1cmFudOABAA!16s%2Fg%2F11s195xvnt?entry=ttu&g_ep=EgoyMDI2MDgwNS4xIKXMDSoASAFQAw%3D%3D","5",,"Guayacanes 310 entre la 3ra y la cuarta","false",,,"MoroGrill - Urdesa","4.3",,"https://www.google.com/maps/search/?api=1&query=MoroGrill%20-%20Urdesa&query_place_id=ChIJL98Pbn9tLZARLdAzBPfQUGg",
"Guayacanes 310 entre la 3ra y la cuarta, 090507 Guayaquil, Ecuador","Restaurante","Restaurante","7516737537427361837","Guayaquil","EC","0x902d6d7f6e0fdf2f:0x6850d0f70433d02d",,"https://lh3.googleusercontent.com/gps-cs-s/AHRPTWmMp-Z0_3QQ_yB8KLvsC7YNBSBPmiMENigeIP1pKNoaU4PYGt-5zyRaGCh-CsO44Y3kcpIxqHcBqttYJWLA5KCtyE5NJnR8gw8Bqvt4CrdbhiyyIURUrsmZ7pVmXDmIjx49cILr0Q=w408-h408-k-no","false","true","/g/11s195xvnt","es-419","0","-2.1656068","-79.9093192",,"Urdesa","es","false","ChIJL98Pbn9tLZARLdAzBPfQUGg","090507","$10-15","Hace 2 años","2023-11-03T03:46:23.119Z",,,,,,,,,,,"Sartenazo - Moro Manaba Co Menestra de frejol0, Brochetas Mixtas Con Ensalada",,"$10-15",,,,,"Cena","Consumo en el lugar","5","5","5","ChdDSUhNMG9nS0VJQ0FnSUNGdThiSjBBRRAB",,,,,,,,,,,,,,,,,,,,,,,,"Google",,,"107",,,"432","2026-08-08T17:19:42.857Z","Direct Detail URL: https://www.google.com/maps/place/MoroGrill+-+Urdesa/@-2.1348707,-79.8980443,13.81z/data=!4m10!1m2!2m1!1smorogrill!3m6!1s0x902d6d7f6e0fdf2f:0x6850d0f70433d02d!8m2!3d-2.1656068!4d-79.9093192!15sCgltb3JvZ3JpbGxaCyIJbW9yb2dyaWxskgEKcmVzdGF1cmFudOABAA!16s%2Fg%2F11s195xvnt?entry=ttu&g_ep=EgoyMDI2MDgwNS4xIKXMDSoASAFQAw%3D%3D","5",,"Guayacanes 310 entre la 3ra y la cuarta","false","Muy buena comida y el servicio de primera.",,"MoroGrill - Urdesa","4.3",,"https://www.google.com/maps/search/?api=1&query=MoroGrill%20-%20Urdesa&query_place_id=ChIJL98Pbn9tLZARLdAzBPfQUGg",
"Guayacanes 310 entre la 3ra y la cuarta, 090507 Guayaquil, Ecuador","Restaurante","Restaurante","7516737537427361837","Guayaquil","EC","0x902d6d7f6e0fdf2f:0x6850d0f70433d02d",,"https://lh3.googleusercontent.com/gps-cs-s/AHRPTWmMp-Z0_3QQ_yB8KLvsC7YNBSBPmiMENigeIP1pKNoaU4PYGt-5zyRaGCh-CsO44Y3kcpIxqHcBqttYJWLA5KCtyE5NJnR8gw8Bqvt4CrdbhiyyIURUrsmZ7pVmXDmIjx49cILr0Q=w408-h408-k-no","false","true","/g/11s195xvnt","es-419","0","-2.1656068","-79.9093192",,"Urdesa",,"false","ChIJL98Pbn9tLZARLdAzBPfQUGg","090507","$10-15","Hace 2 años","2023-10-31T17:14:33.995Z",,,,,,,,,,,,,"$10-15",,,,,"Cena","Consumo en el lugar","4","5","3","ChZDSUhNMG9nS0VJQ0FnSUNGdmZET1ZREAE",,,,,,,,,,,,,,,,,,,,,,,,"Google",,,"108",,,"432","2026-08-08T17:19:42.857Z","Direct Detail URL: https://www.google.com/maps/place/MoroGrill+-+Urdesa/@-2.1348707,-79.8980443,13.81z/data=!4m10!1m2!2m1!1smorogrill!3m6!1s0x902d6d7f6e0fdf2f:0x6850d0f70433d02d!8m2!3d-2.1656068!4d-79.9093192!15sCgltb3JvZ3JpbGxaCyIJbW9yb2dyaWxskgEKcmVzdGF1cmFudOABAA!16s%2Fg%2F11s195xvnt?entry=ttu&g_ep=EgoyMDI2MDgwNS4xIKXMDSoASAFQAw%3D%3D","5",,"Guayacanes 310 entre la 3ra y la cuarta","false",,,"MoroGrill - Urdesa","4.3",,"https://www.google.com/maps/search/?api=1&query=MoroGrill%20-%20Urdesa&query_place_id=ChIJL98Pbn9tLZARLdAzBPfQUGg",
"Guayacanes 310 entre la 3ra y la cuarta, 090507 Guayaquil, Ecuador","Restaurante","Restaurante","7516737537427361837","Guayaquil","EC","0x902d6d7f6e0fdf2f:0x6850d0f70433d02d",,"https://lh3.googleusercontent.com/gps-cs-s/AHRPTWmMp-Z0_3QQ_yB8KLvsC7YNBSBPmiMENigeIP1pKNoaU4PYGt-5zyRaGCh-CsO44Y3kcpIxqHcBqttYJWLA5KCtyE5NJnR8gw8Bqvt4CrdbhiyyIURUrsmZ7pVmXDmIjx49cILr0Q=w408-h408-k-no","false","true","/g/11s195xvnt","es-419","0","-2.1656068","-79.9093192",,"Urdesa","es","false","ChIJL98Pbn9tLZARLdAzBPfQUGg","090507","$10-15","Hace 2 años","2023-10-29T22:43:00.252Z",,,,,,,,,,,,,"$10-15",,,,,"Almuerzo","Consumo en el lugar","5","5","5","ChZDSUhNMG9nS0VJQ0FnSUNGeGIzaFV3EAE","https://lh3.googleusercontent.com/grass-cs/ACvplmMSGawhel3sLq-HYER-m5AXmzErjxOJhY2nKUgjiGWG6mgGd6mRBcFgqG9Azn8E3390Rr15HaMra_CuvOUgAVZCBfwZ0iZ0ZB5j1dXCDCfEtllEk7o4ZPID7o3o298SrzAznGNA=k-no","https://lh3.googleusercontent.com/grass-cs/ACvplmO0fogZ6ttmUcyFDEDmKSEsI2oIp44r4bzYy9k5VXSmz1GHPE-6wr_3ElR6Savu9dAalhaLjSK_dQk1XlZ8Yu04uQ7BgZ67xk5y591kc8QzvDS-cbT7-BndA_O9XuHJ3BWlB8sO=k-no",,,,,,,,,,,,,,,,,,,,,,"Google",,,"272",,,"432","2026-08-08T17:19:42.857Z","Direct Detail URL: https://www.google.com/maps/place/MoroGrill+-+Urdesa/@-2.1348707,-79.8980443,13.81z/data=!4m10!1m2!2m1!1smorogrill!3m6!1s0x902d6d7f6e0fdf2f:0x6850d0f70433d02d!8m2!3d-2.1656068!4d-79.9093192!15sCgltb3JvZ3JpbGxaCyIJbW9yb2dyaWxskgEKcmVzdGF1cmFudOABAA!16s%2Fg%2F11s195xvnt?entry=ttu&g_ep=EgoyMDI2MDgwNS4xIKXMDSoASAFQAw%3D%3D","5",,"Guayacanes 310 entre la 3ra y la cuarta","false","CHEVERE MISMO SABOR DE SAMBORONDÓN. A LA SEGURA... PET FRIENDLY CON REGALOS DE GALLETA PARA MI GOLDEN.   UN MUY BUEN SERVICIO AL CLIENTE DESDE EL AGUA PARA MI MASCOTA. MUY BUEN AMBIENTE. LA ATENCIÓN EXCELENTE.",,"MoroGrill - Urdesa","4.3",,"https://www.google.com/maps/search/?api=1&query=MoroGrill%20-%20Urdesa&query_place_id=ChIJL98Pbn9tLZARLdAzBPfQUGg",
"Guayacanes 310 entre la 3ra y la cuarta, 090507 Guayaquil, Ecuador","Restaurante","Restaurante","7516737537427361837","Guayaquil","EC","0x902d6d7f6e0fdf2f:0x6850d0f70433d02d",,"https://lh3.googleusercontent.com/gps-cs-s/AHRPTWmMp-Z0_3QQ_yB8KLvsC7YNBSBPmiMENigeIP1pKNoaU4PYGt-5zyRaGCh-CsO44Y3kcpIxqHcBqttYJWLA5KCtyE5NJnR8gw8Bqvt4CrdbhiyyIURUrsmZ7pVmXDmIjx49cILr0Q=w408-h408-k-no","false","true","/g/11s195xvnt","es-419","0","-2.1656068","-79.9093192",,"Urdesa","es","false","ChIJL98Pbn9tLZARLdAzBPfQUGg","090507","$10-15","Hace 2 años","2023-10-24T22:56:08.923Z",,,,,,,,,,,,,,,,,,,,"5","3","5","ChdDSUhNMG9nS0VJQ0FnSUQ1dnRDaTdRRRAB",,,,,,,,,,,,,,,,,,,,,,,,"Google",,,"15",,,"432","2026-08-08T17:19:42.857Z","Direct Detail URL: https://www.google.com/maps/place/MoroGrill+-+Urdesa/@-2.1348707,-79.8980443,13.81z/data=!4m10!1m2!2m1!1smorogrill!3m6!1s0x902d6d7f6e0fdf2f:0x6850d0f70433d02d!8m2!3d-2.1656068!4d-79.9093192!15sCgltb3JvZ3JpbGxaCyIJbW9yb2dyaWxskgEKcmVzdGF1cmFudOABAA!16s%2Fg%2F11s195xvnt?entry=ttu&g_ep=EgoyMDI2MDgwNS4xIKXMDSoASAFQAw%3D%3D","3",,"Guayacanes 310 entre la 3ra y la cuarta","false","el servicio es excelente son muy amables, pero la sazon de la comida no es espectacular, no es nada fuera de lo comun",,"MoroGrill - Urdesa","4.3",,"https://www.google.com/maps/search/?api=1&query=MoroGrill%20-%20Urdesa&query_place_id=ChIJL98Pbn9tLZARLdAzBPfQUGg",
"Guayacanes 310 entre la 3ra y la cuarta, 090507 Guayaquil, Ecuador","Restaurante","Restaurante","7516737537427361837","Guayaquil","EC","0x902d6d7f6e0fdf2f:0x6850d0f70433d02d",,"https://lh3.googleusercontent.com/gps-cs-s/AHRPTWmMp-Z0_3QQ_yB8KLvsC7YNBSBPmiMENigeIP1pKNoaU4PYGt-5zyRaGCh-CsO44Y3kcpIxqHcBqttYJWLA5KCtyE5NJnR8gw8Bqvt4CrdbhiyyIURUrsmZ7pVmXDmIjx49cILr0Q=w408-h408-k-no","false","true","/g/11s195xvnt","es-419","0","-2.1656068","-79.9093192",,"Urdesa","es","false","ChIJL98Pbn9tLZARLdAzBPfQUGg","090507","$10-15","Hace 2 años","2023-10-24T01:19:24.325Z",,,,,,,,,,,,,"$45-50",,,,,,,"5","5","5","ChdDSUhNMG9nS0VJQ0FnSUQ1cHZpaHpnRRAB",,,,,,,,,,,,,,,,,,,,,,,,"Google",,,"13",,,"432","2026-08-08T17:19:42.857Z","Direct Detail URL: https://www.google.com/maps/place/MoroGrill+-+Urdesa/@-2.1348707,-79.8980443,13.81z/data=!4m10!1m2!2m1!1smorogrill!3m6!1s0x902d6d7f6e0fdf2f:0x6850d0f70433d02d!8m2!3d-2.1656068!4d-79.9093192!15sCgltb3JvZ3JpbGxaCyIJbW9yb2dyaWxskgEKcmVzdGF1cmFudOABAA!16s%2Fg%2F11s195xvnt?entry=ttu&g_ep=EgoyMDI2MDgwNS4xIKXMDSoASAFQAw%3D%3D","5",,"Guayacanes 310 entre la 3ra y la cuarta","false","Excelente atención.",,"MoroGrill - Urdesa","4.3",,"https://www.google.com/maps/search/?api=1&query=MoroGrill%20-%20Urdesa&query_place_id=ChIJL98Pbn9tLZARLdAzBPfQUGg",
"Guayacanes 310 entre la 3ra y la cuarta, 090507 Guayaquil, Ecuador","Restaurante","Restaurante","7516737537427361837","Guayaquil","EC","0x902d6d7f6e0fdf2f:0x6850d0f70433d02d",,"https://lh3.googleusercontent.com/gps-cs-s/AHRPTWmMp-Z0_3QQ_yB8KLvsC7YNBSBPmiMENigeIP1pKNoaU4PYGt-5zyRaGCh-CsO44Y3kcpIxqHcBqttYJWLA5KCtyE5NJnR8gw8Bqvt4CrdbhiyyIURUrsmZ7pVmXDmIjx49cILr0Q=w408-h408-k-no","false","false","/g/11s195xvnt","es-419","0","-2.1656068","-79.9093192",,"Urdesa",,"false","ChIJL98Pbn9tLZARLdAzBPfQUGg","090507","$10-15","Hace 2 años","2023-10-22T14:17:41.034Z",,,,,,,,,,,,,,,,,,,,,,,"ChdDSUhNMG9nS0VJQ0FnSUQ1eXNhcGx3RRAB",,,,,,,,,,,,,,,,,,,,,,,,"Google",,,"13",,,"432","2026-08-08T17:19:42.857Z","Direct Detail URL: https://www.google.com/maps/place/MoroGrill+-+Urdesa/@-2.1348707,-79.8980443,13.81z/data=!4m10!1m2!2m1!1smorogrill!3m6!1s0x902d6d7f6e0fdf2f:0x6850d0f70433d02d!8m2!3d-2.1656068!4d-79.9093192!15sCgltb3JvZ3JpbGxaCyIJbW9yb2dyaWxskgEKcmVzdGF1cmFudOABAA!16s%2Fg%2F11s195xvnt?entry=ttu&g_ep=EgoyMDI2MDgwNS4xIKXMDSoASAFQAw%3D%3D","3",,"Guayacanes 310 entre la 3ra y la cuarta","false",,,"MoroGrill - Urdesa","4.3",,"https://www.google.com/maps/search/?api=1&query=MoroGrill%20-%20Urdesa&query_place_id=ChIJL98Pbn9tLZARLdAzBPfQUGg",
"Guayacanes 310 entre la 3ra y la cuarta, 090507 Guayaquil, Ecuador","Restaurante","Restaurante","7516737537427361837","Guayaquil","EC","0x902d6d7f6e0fdf2f:0x6850d0f70433d02d",,"https://lh3.googleusercontent.com/gps-cs-s/AHRPTWmMp-Z0_3QQ_yB8KLvsC7YNBSBPmiMENigeIP1pKNoaU4PYGt-5zyRaGCh-CsO44Y3kcpIxqHcBqttYJWLA5KCtyE5NJnR8gw8Bqvt4CrdbhiyyIURUrsmZ7pVmXDmIjx49cILr0Q=w408-h408-k-no","false","false","/g/11s195xvnt","es-419","0","-2.1656068","-79.9093192",,"Urdesa","es","false","ChIJL98Pbn9tLZARLdAzBPfQUGg","090507","$10-15","Hace 2 años","2023-10-22T01:45:36.093Z",,,,,,,,,,,,,,,,,,,"Consumo en el lugar","5","5","5","ChZDSUhNMG9nS0VJQ0FnSUQ1c3RUd0N3EAE","https://lh3.googleusercontent.com/grass-cs/ACvplmOb7PKha2H02X-99MQP-hLjOWB9y7MNn4vyjdzIFrWEYPFDseOG0jewBN6MVhAiv8HdjBmvUmnNrblpTYkc0kqDzWU0ue5oYxsbKEj-VUE2xUhaN7sDdUfDsfB-8o7F9u43UdqDjg=k-no",,,,,,,,,,,,,,,,,,,,,,,"Google",,,"6",,,"432","2026-08-08T17:19:42.857Z","Direct Detail URL: https://www.google.com/maps/place/MoroGrill+-+Urdesa/@-2.1348707,-79.8980443,13.81z/data=!4m10!1m2!2m1!1smorogrill!3m6!1s0x902d6d7f6e0fdf2f:0x6850d0f70433d02d!8m2!3d-2.1656068!4d-79.9093192!15sCgltb3JvZ3JpbGxaCyIJbW9yb2dyaWxskgEKcmVzdGF1cmFudOABAA!16s%2Fg%2F11s195xvnt?entry=ttu&g_ep=EgoyMDI2MDgwNS4xIKXMDSoASAFQAw%3D%3D","5",,"Guayacanes 310 entre la 3ra y la cuarta","false","Excelente lugar para comer, buena atención al cliente el ambiente tenía música en tendencia, opte por una hamburguesa veggie y me encanta la verdad que los garbanzos parecía carne Real,",,"MoroGrill - Urdesa","4.3",,"https://www.google.com/maps/search/?api=1&query=MoroGrill%20-%20Urdesa&query_place_id=ChIJL98Pbn9tLZARLdAzBPfQUGg",
"Guayacanes 310 entre la 3ra y la cuarta, 090507 Guayaquil, Ecuador","Restaurante","Restaurante","7516737537427361837","Guayaquil","EC","0x902d6d7f6e0fdf2f:0x6850d0f70433d02d",,"https://lh3.googleusercontent.com/gps-cs-s/AHRPTWmMp-Z0_3QQ_yB8KLvsC7YNBSBPmiMENigeIP1pKNoaU4PYGt-5zyRaGCh-CsO44Y3kcpIxqHcBqttYJWLA5KCtyE5NJnR8gw8Bqvt4CrdbhiyyIURUrsmZ7pVmXDmIjx49cILr0Q=w408-h408-k-no","false","true","/g/11s195xvnt","es-419","0","-2.1656068","-79.9093192",,"Urdesa",,"false","ChIJL98Pbn9tLZARLdAzBPfQUGg","090507","$10-15","Hace 2 años","2023-10-21T14:53:46.197Z",,,,,,,,,,,,,,,,,,"Cena","Consumo en el lugar","5","5","5","ChdDSUhNMG9nS0VJQ0FnSUQ1NHBiYW53RRAB","https://lh3.googleusercontent.com/grass-cs/ACvplmM1QVjF4nEm0e2jFTxaktm-Yz5t8IE8TFJwykXV4YVjSTbCeeUIlHQx_t4-9N4b7QF5tIo0QIR5PfWZ3WbLc_b1sbKYWvKZLbqGsko-vIpbOetWNK_vK476RMjXoL92V0FdNfjbEw=k-no",,,,,,,,,,,,,,,,,,,,,,,"Google",,,"5",,,"432","2026-08-08T17:19:42.857Z","Direct Detail URL: https://www.google.com/maps/place/MoroGrill+-+Urdesa/@-2.1348707,-79.8980443,13.81z/data=!4m10!1m2!2m1!1smorogrill!3m6!1s0x902d6d7f6e0fdf2f:0x6850d0f70433d02d!8m2!3d-2.1656068!4d-79.9093192!15sCgltb3JvZ3JpbGxaCyIJbW9yb2dyaWxskgEKcmVzdGF1cmFudOABAA!16s%2Fg%2F11s195xvnt?entry=ttu&g_ep=EgoyMDI2MDgwNS4xIKXMDSoASAFQAw%3D%3D","5",,"Guayacanes 310 entre la 3ra y la cuarta","false",,,"MoroGrill - Urdesa","4.3",,"https://www.google.com/maps/search/?api=1&query=MoroGrill%20-%20Urdesa&query_place_id=ChIJL98Pbn9tLZARLdAzBPfQUGg",
"Guayacanes 310 entre la 3ra y la cuarta, 090507 Guayaquil, Ecuador","Restaurante","Restaurante","7516737537427361837","Guayaquil","EC","0x902d6d7f6e0fdf2f:0x6850d0f70433d02d",,"https://lh3.googleusercontent.com/gps-cs-s/AHRPTWmMp-Z0_3QQ_yB8KLvsC7YNBSBPmiMENigeIP1pKNoaU4PYGt-5zyRaGCh-CsO44Y3kcpIxqHcBqttYJWLA5KCtyE5NJnR8gw8Bqvt4CrdbhiyyIURUrsmZ7pVmXDmIjx49cILr0Q=w408-h408-k-no","false","true","/g/11s195xvnt","es-419","0","-2.1656068","-79.9093192",,"Urdesa","es","false","ChIJL98Pbn9tLZARLdAzBPfQUGg","090507","$10-15","Hace 2 años","2023-10-13T21:20:20.688Z",,,,,,"Vas a tardar en estacionar","Hay que tener mucha suerte para el parqueo.",,,"Estacionamiento pagado en la calle","Sartenazo - Moro Manaba Co Menestra de frejol0",,"$10-15",,,,,"Almuerzo","Consumo en el lugar","5","5","4","ChdDSUhNMG9nS0VJQ0FnSUM1dnBpN3JBRRAB",,,,,,,,,,,,,,,,,,,,,,,,"Google",,,"339",,,"432","2026-08-08T17:19:42.857Z","Direct Detail URL: https://www.google.com/maps/place/MoroGrill+-+Urdesa/@-2.1348707,-79.8980443,13.81z/data=!4m10!1m2!2m1!1smorogrill!3m6!1s0x902d6d7f6e0fdf2f:0x6850d0f70433d02d!8m2!3d-2.1656068!4d-79.9093192!15sCgltb3JvZ3JpbGxaCyIJbW9yb2dyaWxskgEKcmVzdGF1cmFudOABAA!16s%2Fg%2F11s195xvnt?entry=ttu&g_ep=EgoyMDI2MDgwNS4xIKXMDSoASAFQAw%3D%3D","5",,"Guayacanes 310 entre la 3ra y la cuarta","false","Excelente sabor y porción, una carta muy variada y la atención es buena,",,"MoroGrill - Urdesa","4.3",,"https://www.google.com/maps/search/?api=1&query=MoroGrill%20-%20Urdesa&query_place_id=ChIJL98Pbn9tLZARLdAzBPfQUGg",
"Guayacanes 310 entre la 3ra y la cuarta, 090507 Guayaquil, Ecuador","Restaurante","Restaurante","7516737537427361837","Guayaquil","EC","0x902d6d7f6e0fdf2f:0x6850d0f70433d02d",,"https://lh3.googleusercontent.com/gps-cs-s/AHRPTWmMp-Z0_3QQ_yB8KLvsC7YNBSBPmiMENigeIP1pKNoaU4PYGt-5zyRaGCh-CsO44Y3kcpIxqHcBqttYJWLA5KCtyE5NJnR8gw8Bqvt4CrdbhiyyIURUrsmZ7pVmXDmIjx49cILr0Q=w408-h408-k-no","false","true","/g/11s195xvnt","es-419","0","-2.1656068","-79.9093192",,"Urdesa","es","false","ChIJL98Pbn9tLZARLdAzBPfQUGg","090507","$10-15","Hace 2 años","2023-10-13T00:01:46.287Z",,,,,,,,,,,,,"$25-30",,,,,"Cena","Consumo en el lugar","5","5","5","ChZDSUhNMG9nS0VJQ0FnSUM1dXJQQWF3EAE",,,,,,,,,,,,,,,,,,,,,,,,"Google",,,"67",,,"432","2026-08-08T17:19:42.857Z","Direct Detail URL: https://www.google.com/maps/place/MoroGrill+-+Urdesa/@-2.1348707,-79.8980443,13.81z/data=!4m10!1m2!2m1!1smorogrill!3m6!1s0x902d6d7f6e0fdf2f:0x6850d0f70433d02d!8m2!3d-2.1656068!4d-79.9093192!15sCgltb3JvZ3JpbGxaCyIJbW9yb2dyaWxskgEKcmVzdGF1cmFudOABAA!16s%2Fg%2F11s195xvnt?entry=ttu&g_ep=EgoyMDI2MDgwNS4xIKXMDSoASAFQAw%3D%3D","5",,"Guayacanes 310 entre la 3ra y la cuarta","false","Lo mejor en Urdesa, muy recomendable... Definitivamente, ¡5 estrellas!",,"MoroGrill - Urdesa","4.3",,"https://www.google.com/maps/search/?api=1&query=MoroGrill%20-%20Urdesa&query_place_id=ChIJL98Pbn9tLZARLdAzBPfQUGg",
"Guayacanes 310 entre la 3ra y la cuarta, 090507 Guayaquil, Ecuador","Restaurante","Restaurante","7516737537427361837","Guayaquil","EC","0x902d6d7f6e0fdf2f:0x6850d0f70433d02d",,"https://lh3.googleusercontent.com/gps-cs-s/AHRPTWmMp-Z0_3QQ_yB8KLvsC7YNBSBPmiMENigeIP1pKNoaU4PYGt-5zyRaGCh-CsO44Y3kcpIxqHcBqttYJWLA5KCtyE5NJnR8gw8Bqvt4CrdbhiyyIURUrsmZ7pVmXDmIjx49cILr0Q=w408-h408-k-no","false","true","/g/11s195xvnt","es-419","0","-2.1656068","-79.9093192",,"Urdesa",,"false","ChIJL98Pbn9tLZARLdAzBPfQUGg","090507","$10-15","Hace 2 años","2023-10-09T20:09:35.733Z",,,,,,,,,,,,,,,,,,,,"5","4","5","ChZDSUhNMG9nS0VJQ0FnSUM1eUpiOFdREAE",,,,,,,,,,,,,,,,,,,,,,,,"Google",,,"33",,,"432","2026-08-08T17:19:42.857Z","Direct Detail URL: https://www.google.com/maps/place/MoroGrill+-+Urdesa/@-2.1348707,-79.8980443,13.81z/data=!4m10!1m2!2m1!1smorogrill!3m6!1s0x902d6d7f6e0fdf2f:0x6850d0f70433d02d!8m2!3d-2.1656068!4d-79.9093192!15sCgltb3JvZ3JpbGxaCyIJbW9yb2dyaWxskgEKcmVzdGF1cmFudOABAA!16s%2Fg%2F11s195xvnt?entry=ttu&g_ep=EgoyMDI2MDgwNS4xIKXMDSoASAFQAw%3D%3D","4",,"Guayacanes 310 entre la 3ra y la cuarta","false",,,"MoroGrill - Urdesa","4.3",,"https://www.google.com/maps/search/?api=1&query=MoroGrill%20-%20Urdesa&query_place_id=ChIJL98Pbn9tLZARLdAzBPfQUGg",
"Guayacanes 310 entre la 3ra y la cuarta, 090507 Guayaquil, Ecuador","Restaurante","Restaurante","7516737537427361837","Guayaquil","EC","0x902d6d7f6e0fdf2f:0x6850d0f70433d02d",,"https://lh3.googleusercontent.com/gps-cs-s/AHRPTWmMp-Z0_3QQ_yB8KLvsC7YNBSBPmiMENigeIP1pKNoaU4PYGt-5zyRaGCh-CsO44Y3kcpIxqHcBqttYJWLA5KCtyE5NJnR8gw8Bqvt4CrdbhiyyIURUrsmZ7pVmXDmIjx49cILr0Q=w408-h408-k-no","false","true","/g/11s195xvnt","es-419","0","-2.1656068","-79.9093192",,"Urdesa","es","false","ChIJL98Pbn9tLZARLdAzBPfQUGg","090507","$10-15","Hace 2 años","2023-10-09T15:34:40.901Z",,,,,,,,,,,,,"$10-15",,,,,"Cena","Consumo en el lugar","5","5","5","ChZDSUhNMG9nS0VJQ0FnSUM1c0pxQUFnEAE","https://lh3.googleusercontent.com/grass-cs/ACvplmMYJtGcuCFoUkNQE8NOjiaavjFZdGXuSLT6TKT7_S6Pg47vWa3qR8CUSX2o2xdMlq7tQjQiOOEVx9mixAG_vGYjtmse-dfqUKyFaXjgSjl2mnbXU56p_Fyybm3AVVSNL7_a_aW3jw=k-no","https://lh3.googleusercontent.com/grass-cs/ACvplmMFZ8xPXwSwVNwm5mqKLRu63oZCM6bFlz0gwJs7YUbVLfr0wqNy7gS08tNei6RNsfKzpJOUmhKFsgvihT_EhSQ9f1qcUPH8Ay4b9KT1LR7e-j_qymuZuRHhBj8GIEVqCHH8cqki=k-no",,,,,,,,,,,,,,,,,,,,,,"Google",,,"79",,,"432","2026-08-08T17:19:42.857Z","Direct Detail URL: https://www.google.com/maps/place/MoroGrill+-+Urdesa/@-2.1348707,-79.8980443,13.81z/data=!4m10!1m2!2m1!1smorogrill!3m6!1s0x902d6d7f6e0fdf2f:0x6850d0f70433d02d!8m2!3d-2.1656068!4d-79.9093192!15sCgltb3JvZ3JpbGxaCyIJbW9yb2dyaWxskgEKcmVzdGF1cmFudOABAA!16s%2Fg%2F11s195xvnt?entry=ttu&g_ep=EgoyMDI2MDgwNS4xIKXMDSoASAFQAw%3D%3D","5",,"Guayacanes 310 entre la 3ra y la cuarta","false","La mejor comida que puede haber en Urdesa definitivamente.💚",,"MoroGrill - Urdesa","4.3",,"https://www.google.com/maps/search/?api=1&query=MoroGrill%20-%20Urdesa&query_place_id=ChIJL98Pbn9tLZARLdAzBPfQUGg",
"Guayacanes 310 entre la 3ra y la cuarta, 090507 Guayaquil, Ecuador","Restaurante","Restaurante","7516737537427361837","Guayaquil","EC","0x902d6d7f6e0fdf2f:0x6850d0f70433d02d",,"https://lh3.googleusercontent.com/gps-cs-s/AHRPTWmMp-Z0_3QQ_yB8KLvsC7YNBSBPmiMENigeIP1pKNoaU4PYGt-5zyRaGCh-CsO44Y3kcpIxqHcBqttYJWLA5KCtyE5NJnR8gw8Bqvt4CrdbhiyyIURUrsmZ7pVmXDmIjx49cILr0Q=w408-h408-k-no","false","true","/g/11s195xvnt","es-419","0","-2.1656068","-79.9093192",,"Urdesa","es","false","ChIJL98Pbn9tLZARLdAzBPfQUGg","090507","$10-15","Hace 2 años","2023-10-07T13:28:27.504Z",,,,,,,,,,,"Sartenazo - Moro Manaba Co Menestra de frejol0",,"Más de $50",,,,,"Cena","Consumo en el lugar","5","5","5","ChZDSUhNMG9nS0VJQ0FnSURaby1PaERnEAE",,,,,,,,,,,,,,,,,,,,,,,,"Google",,,"13",,,"432","2026-08-08T17:19:42.857Z","Direct Detail URL: https://www.google.com/maps/place/MoroGrill+-+Urdesa/@-2.1348707,-79.8980443,13.81z/data=!4m10!1m2!2m1!1smorogrill!3m6!1s0x902d6d7f6e0fdf2f:0x6850d0f70433d02d!8m2!3d-2.1656068!4d-79.9093192!15sCgltb3JvZ3JpbGxaCyIJbW9yb2dyaWxskgEKcmVzdGF1cmFudOABAA!16s%2Fg%2F11s195xvnt?entry=ttu&g_ep=EgoyMDI2MDgwNS4xIKXMDSoASAFQAw%3D%3D","5",,"Guayacanes 310 entre la 3ra y la cuarta","false","Lugar para comer en familia, at3ncion excelente y lo mejor que a tu mascota lo tratando como uno mas de la familia",,"MoroGrill - Urdesa","4.3",,"https://www.google.com/maps/search/?api=1&query=MoroGrill%20-%20Urdesa&query_place_id=ChIJL98Pbn9tLZARLdAzBPfQUGg",
"Guayacanes 310 entre la 3ra y la cuarta, 090507 Guayaquil, Ecuador","Restaurante","Restaurante","7516737537427361837","Guayaquil","EC","0x902d6d7f6e0fdf2f:0x6850d0f70433d02d",,"https://lh3.googleusercontent.com/gps-cs-s/AHRPTWmMp-Z0_3QQ_yB8KLvsC7YNBSBPmiMENigeIP1pKNoaU4PYGt-5zyRaGCh-CsO44Y3kcpIxqHcBqttYJWLA5KCtyE5NJnR8gw8Bqvt4CrdbhiyyIURUrsmZ7pVmXDmIjx49cILr0Q=w408-h408-k-no","false","true","/g/11s195xvnt","es-419","0","-2.1656068","-79.9093192",,"Urdesa","es","false","ChIJL98Pbn9tLZARLdAzBPfQUGg","090507","$10-15","Hace 2 años","2023-10-05T17:06:33.951Z",,,,,,,,,,,"Chifles de Cortesía, Sartenazo - Moro Manaba Co Menestra de frejol0",,"$10-15",,,,,"Cena","Consumo en el lugar","5","5","5","ChZDSUhNMG9nS0VJQ0FnSURabGFUUWR3EAE",,,,,,,,,,,,,,,,,,,,,,,,"Google",,,"57",,,"432","2026-08-08T17:19:42.857Z","Direct Detail URL: https://www.google.com/maps/place/MoroGrill+-+Urdesa/@-2.1348707,-79.8980443,13.81z/data=!4m10!1m2!2m1!1smorogrill!3m6!1s0x902d6d7f6e0fdf2f:0x6850d0f70433d02d!8m2!3d-2.1656068!4d-79.9093192!15sCgltb3JvZ3JpbGxaCyIJbW9yb2dyaWxskgEKcmVzdGF1cmFudOABAA!16s%2Fg%2F11s195xvnt?entry=ttu&g_ep=EgoyMDI2MDgwNS4xIKXMDSoASAFQAw%3D%3D","5",,"Guayacanes 310 entre la 3ra y la cuarta","false","Todo excelente",,"MoroGrill - Urdesa","4.3",,"https://www.google.com/maps/search/?api=1&query=MoroGrill%20-%20Urdesa&query_place_id=ChIJL98Pbn9tLZARLdAzBPfQUGg",
"Guayacanes 310 entre la 3ra y la cuarta, 090507 Guayaquil, Ecuador","Restaurante","Restaurante","7516737537427361837","Guayaquil","EC","0x902d6d7f6e0fdf2f:0x6850d0f70433d02d",,"https://lh3.googleusercontent.com/gps-cs-s/AHRPTWmMp-Z0_3QQ_yB8KLvsC7YNBSBPmiMENigeIP1pKNoaU4PYGt-5zyRaGCh-CsO44Y3kcpIxqHcBqttYJWLA5KCtyE5NJnR8gw8Bqvt4CrdbhiyyIURUrsmZ7pVmXDmIjx49cILr0Q=w408-h408-k-no","false","true","/g/11s195xvnt","es-419","0","-2.1656068","-79.9093192",,"Urdesa","es","false","ChIJL98Pbn9tLZARLdAzBPfQUGg","090507","$10-15","Hace 2 años","2023-09-27T11:52:42.790Z",,,,,,,,,,,"Chifles de Cortesía",,"$5-10",,,,,"Cena","Consumo en el lugar","5","5","5","ChZDSUhNMG9nS0VJQ0FnSURab3B2Z0R3EAE",,,,,,,,,,,,,,,,,,,,,,,,"Google",,,"65",,,"432","2026-08-08T17:19:42.857Z","Direct Detail URL: https://www.google.com/maps/place/MoroGrill+-+Urdesa/@-2.1348707,-79.8980443,13.81z/data=!4m10!1m2!2m1!1smorogrill!3m6!1s0x902d6d7f6e0fdf2f:0x6850d0f70433d02d!8m2!3d-2.1656068!4d-79.9093192!15sCgltb3JvZ3JpbGxaCyIJbW9yb2dyaWxskgEKcmVzdGF1cmFudOABAA!16s%2Fg%2F11s195xvnt?entry=ttu&g_ep=EgoyMDI2MDgwNS4xIKXMDSoASAFQAw%3D%3D","5",,"Guayacanes 310 entre la 3ra y la cuarta","false","Muy buena comida, la presentación y calidad excelentes.",,"MoroGrill - Urdesa","4.3",,"https://www.google.com/maps/search/?api=1&query=MoroGrill%20-%20Urdesa&query_place_id=ChIJL98Pbn9tLZARLdAzBPfQUGg",
"Guayacanes 310 entre la 3ra y la cuarta, 090507 Guayaquil, Ecuador","Restaurante","Restaurante","7516737537427361837","Guayaquil","EC","0x902d6d7f6e0fdf2f:0x6850d0f70433d02d",,"https://lh3.googleusercontent.com/gps-cs-s/AHRPTWmMp-Z0_3QQ_yB8KLvsC7YNBSBPmiMENigeIP1pKNoaU4PYGt-5zyRaGCh-CsO44Y3kcpIxqHcBqttYJWLA5KCtyE5NJnR8gw8Bqvt4CrdbhiyyIURUrsmZ7pVmXDmIjx49cILr0Q=w408-h408-k-no","false","true","/g/11s195xvnt","es-419","0","-2.1656068","-79.9093192",,"Urdesa","es","false","ChIJL98Pbn9tLZARLdAzBPfQUGg","090507","$10-15","Hace 2 años","2023-09-25T02:40:10.850Z",,,,,,,,,,,,,"$5-10",,,,,"Cena","Consumo en el lugar","5","5","5","ChZDSUhNMG9nS0VJQ0FnSURabE9paFJ3EAE","https://lh3.googleusercontent.com/grass-cs/ACvplmNw2Ptegi6gst4Vkqw70Yb03IDJJTeJZpUY320o7f-LxvOxwjhgrEg17ylsekiitpoVBJnx8rwMy6JKZNOhQ-IA9cj-qdEhqty5z1pcQbTnNOBHhIpTwnmgZ5TeNfI5zVBKqtTNIQ=k-no","https://lh3.googleusercontent.com/grass-cs/ACvplmPbX1vtM0QaZ5f872sCXvnkwlcEqe5gdpfvKk70C23ehUVb9GLO6-K3SzMKoNr2FLwSJPdNOnOpfc9b7RSByVLbYmI3gkuACr08yy933gKMpfEQk4tPWtY_Rhh6mFMyvzQLHPkF=k-no",,,,,,,,,,,,,,,,,,,,,,"Google",,,"5",,,"432","2026-08-08T17:19:42.857Z","Direct Detail URL: https://www.google.com/maps/place/MoroGrill+-+Urdesa/@-2.1348707,-79.8980443,13.81z/data=!4m10!1m2!2m1!1smorogrill!3m6!1s0x902d6d7f6e0fdf2f:0x6850d0f70433d02d!8m2!3d-2.1656068!4d-79.9093192!15sCgltb3JvZ3JpbGxaCyIJbW9yb2dyaWxskgEKcmVzdGF1cmFudOABAA!16s%2Fg%2F11s195xvnt?entry=ttu&g_ep=EgoyMDI2MDgwNS4xIKXMDSoASAFQAw%3D%3D","5",,"Guayacanes 310 entre la 3ra y la cuarta","false","Excelente lugar para comer con amigos",,"MoroGrill - Urdesa","4.3",,"https://www.google.com/maps/search/?api=1&query=MoroGrill%20-%20Urdesa&query_place_id=ChIJL98Pbn9tLZARLdAzBPfQUGg",
"Guayacanes 310 entre la 3ra y la cuarta, 090507 Guayaquil, Ecuador","Restaurante","Restaurante","7516737537427361837","Guayaquil","EC","0x902d6d7f6e0fdf2f:0x6850d0f70433d02d",,"https://lh3.googleusercontent.com/gps-cs-s/AHRPTWmMp-Z0_3QQ_yB8KLvsC7YNBSBPmiMENigeIP1pKNoaU4PYGt-5zyRaGCh-CsO44Y3kcpIxqHcBqttYJWLA5KCtyE5NJnR8gw8Bqvt4CrdbhiyyIURUrsmZ7pVmXDmIjx49cILr0Q=w408-h408-k-no","false","true","/g/11s195xvnt","es-419","0","-2.1656068","-79.9093192",,"Urdesa",,"false","ChIJL98Pbn9tLZARLdAzBPfQUGg","090507","$10-15","Hace 2 años","2023-09-25T02:32:34.014Z",,,,,,,,,,,,,"$30-35",,,,,,,"4","4","4","ChZDSUhNMG9nS0VJQ0FnSURabElqTFF3EAE",,,,,,,,,,,,,,,,,,,,,,,,"Google",,,"120",,,"432","2026-08-08T17:19:42.857Z","Direct Detail URL: https://www.google.com/maps/place/MoroGrill+-+Urdesa/@-2.1348707,-79.8980443,13.81z/data=!4m10!1m2!2m1!1smorogrill!3m6!1s0x902d6d7f6e0fdf2f:0x6850d0f70433d02d!8m2!3d-2.1656068!4d-79.9093192!15sCgltb3JvZ3JpbGxaCyIJbW9yb2dyaWxskgEKcmVzdGF1cmFudOABAA!16s%2Fg%2F11s195xvnt?entry=ttu&g_ep=EgoyMDI2MDgwNS4xIKXMDSoASAFQAw%3D%3D","4",,"Guayacanes 310 entre la 3ra y la cuarta","false",,,"MoroGrill - Urdesa","4.3",,"https://www.google.com/maps/search/?api=1&query=MoroGrill%20-%20Urdesa&query_place_id=ChIJL98Pbn9tLZARLdAzBPfQUGg",
"Guayacanes 310 entre la 3ra y la cuarta, 090507 Guayaquil, Ecuador","Restaurante","Restaurante","7516737537427361837","Guayaquil","EC","0x902d6d7f6e0fdf2f:0x6850d0f70433d02d",,"https://lh3.googleusercontent.com/gps-cs-s/AHRPTWmMp-Z0_3QQ_yB8KLvsC7YNBSBPmiMENigeIP1pKNoaU4PYGt-5zyRaGCh-CsO44Y3kcpIxqHcBqttYJWLA5KCtyE5NJnR8gw8Bqvt4CrdbhiyyIURUrsmZ7pVmXDmIjx49cILr0Q=w408-h408-k-no","false","false","/g/11s195xvnt","es-419","0","-2.1656068","-79.9093192",,"Urdesa",,"false","ChIJL98Pbn9tLZARLdAzBPfQUGg","090507","$10-15","Hace 2 años","2023-09-21T02:25:32.026Z",,,,,,,,,,,,,,,,,,,,"5","4","5","ChdDSUhNMG9nS0VJQ0FnSUNaNzgzXy1BRRAB",,,,,,,,,,,,,,,,,,,,,,,,"Google",,,"4",,,"432","2026-08-08T17:19:42.857Z","Direct Detail URL: https://www.google.com/maps/place/MoroGrill+-+Urdesa/@-2.1348707,-79.8980443,13.81z/data=!4m10!1m2!2m1!1smorogrill!3m6!1s0x902d6d7f6e0fdf2f:0x6850d0f70433d02d!8m2!3d-2.1656068!4d-79.9093192!15sCgltb3JvZ3JpbGxaCyIJbW9yb2dyaWxskgEKcmVzdGF1cmFudOABAA!16s%2Fg%2F11s195xvnt?entry=ttu&g_ep=EgoyMDI2MDgwNS4xIKXMDSoASAFQAw%3D%3D","5",,"Guayacanes 310 entre la 3ra y la cuarta","false",,,"MoroGrill - Urdesa","4.3",,"https://www.google.com/maps/search/?api=1&query=MoroGrill%20-%20Urdesa&query_place_id=ChIJL98Pbn9tLZARLdAzBPfQUGg",
"Guayacanes 310 entre la 3ra y la cuarta, 090507 Guayaquil, Ecuador","Restaurante","Restaurante","7516737537427361837","Guayaquil","EC","0x902d6d7f6e0fdf2f:0x6850d0f70433d02d",,"https://lh3.googleusercontent.com/gps-cs-s/AHRPTWmMp-Z0_3QQ_yB8KLvsC7YNBSBPmiMENigeIP1pKNoaU4PYGt-5zyRaGCh-CsO44Y3kcpIxqHcBqttYJWLA5KCtyE5NJnR8gw8Bqvt4CrdbhiyyIURUrsmZ7pVmXDmIjx49cILr0Q=w408-h408-k-no","false","true","/g/11s195xvnt","es-419","0","-2.1656068","-79.9093192",,"Urdesa","es","false","ChIJL98Pbn9tLZARLdAzBPfQUGg","090507","$10-15","Hace 2 años","2023-09-21T02:15:38.855Z",,,,,,,,,,,,,,,,,,,,"5","5","5","ChdDSUhNMG9nS0VJQ0FnSUNaNzdYMjlRRRAB",,,,,,,,,,,,,,,,,,,,,,,,"Google",,,"222",,,"432","2026-08-08T17:19:42.857Z","Direct Detail URL: https://www.google.com/maps/place/MoroGrill+-+Urdesa/@-2.1348707,-79.8980443,13.81z/data=!4m10!1m2!2m1!1smorogrill!3m6!1s0x902d6d7f6e0fdf2f:0x6850d0f70433d02d!8m2!3d-2.1656068!4d-79.9093192!15sCgltb3JvZ3JpbGxaCyIJbW9yb2dyaWxskgEKcmVzdGF1cmFudOABAA!16s%2Fg%2F11s195xvnt?entry=ttu&g_ep=EgoyMDI2MDgwNS4xIKXMDSoASAFQAw%3D%3D","5",,"Guayacanes 310 entre la 3ra y la cuarta","false","Muy sabroso todo y estupendos precios",,"MoroGrill - Urdesa","4.3",,"https://www.google.com/maps/search/?api=1&query=MoroGrill%20-%20Urdesa&query_place_id=ChIJL98Pbn9tLZARLdAzBPfQUGg",
"Guayacanes 310 entre la 3ra y la cuarta, 090507 Guayaquil, Ecuador","Restaurante","Restaurante","7516737537427361837","Guayaquil","EC","0x902d6d7f6e0fdf2f:0x6850d0f70433d02d",,"https://lh3.googleusercontent.com/gps-cs-s/AHRPTWmMp-Z0_3QQ_yB8KLvsC7YNBSBPmiMENigeIP1pKNoaU4PYGt-5zyRaGCh-CsO44Y3kcpIxqHcBqttYJWLA5KCtyE5NJnR8gw8Bqvt4CrdbhiyyIURUrsmZ7pVmXDmIjx49cILr0Q=w408-h408-k-no","false","true","/g/11s195xvnt","es-419","0","-2.1656068","-79.9093192",,"Urdesa",,"false","ChIJL98Pbn9tLZARLdAzBPfQUGg","090507","$10-15","Hace 2 años","2023-09-18T06:16:44.729Z",,,,,,,,,,,,,,,,,,,,"5","5","4","ChdDSUhNMG9nS0VJQ0FnSUNaeTlTc3RRRRAB",,,,,,,,,,,,,,,,,,,,,,,,"Google",,,"6",,,"432","2026-08-08T17:19:42.857Z","Direct Detail URL: https://www.google.com/maps/place/MoroGrill+-+Urdesa/@-2.1348707,-79.8980443,13.81z/data=!4m10!1m2!2m1!1smorogrill!3m6!1s0x902d6d7f6e0fdf2f:0x6850d0f70433d02d!8m2!3d-2.1656068!4d-79.9093192!15sCgltb3JvZ3JpbGxaCyIJbW9yb2dyaWxskgEKcmVzdGF1cmFudOABAA!16s%2Fg%2F11s195xvnt?entry=ttu&g_ep=EgoyMDI2MDgwNS4xIKXMDSoASAFQAw%3D%3D","4",,"Guayacanes 310 entre la 3ra y la cuarta","false",,,"MoroGrill - Urdesa","4.3",,"https://www.google.com/maps/search/?api=1&query=MoroGrill%20-%20Urdesa&query_place_id=ChIJL98Pbn9tLZARLdAzBPfQUGg",
"Guayacanes 310 entre la 3ra y la cuarta, 090507 Guayaquil, Ecuador","Restaurante","Restaurante","7516737537427361837","Guayaquil","EC","0x902d6d7f6e0fdf2f:0x6850d0f70433d02d",,"https://lh3.googleusercontent.com/gps-cs-s/AHRPTWmMp-Z0_3QQ_yB8KLvsC7YNBSBPmiMENigeIP1pKNoaU4PYGt-5zyRaGCh-CsO44Y3kcpIxqHcBqttYJWLA5KCtyE5NJnR8gw8Bqvt4CrdbhiyyIURUrsmZ7pVmXDmIjx49cILr0Q=w408-h408-k-no","false","false","/g/11s195xvnt","es-419","0","-2.1656068","-79.9093192",,"Urdesa","es","false","ChIJL98Pbn9tLZARLdAzBPfQUGg","090507","$10-15","Hace 2 años","2023-09-17T09:06:17.282Z",,,,,,,,,,,,,"$5-10",,,,,"Cena","Consumo en el lugar","5","5","5","ChZDSUhNMG9nS0VJQ0FnSUNaNDZlWUtnEAE",,,,,,,,,,,,,,,,,,,,,,,,"Google",,,"9",,,"432","2026-08-08T17:19:42.857Z","Direct Detail URL: https://www.google.com/maps/place/MoroGrill+-+Urdesa/@-2.1348707,-79.8980443,13.81z/data=!4m10!1m2!2m1!1smorogrill!3m6!1s0x902d6d7f6e0fdf2f:0x6850d0f70433d02d!8m2!3d-2.1656068!4d-79.9093192!15sCgltb3JvZ3JpbGxaCyIJbW9yb2dyaWxskgEKcmVzdGF1cmFudOABAA!16s%2Fg%2F11s195xvnt?entry=ttu&g_ep=EgoyMDI2MDgwNS4xIKXMDSoASAFQAw%3D%3D","5",,"Guayacanes 310 entre la 3ra y la cuarta","false","Excelente, en todo .",,"MoroGrill - Urdesa","4.3",,"https://www.google.com/maps/search/?api=1&query=MoroGrill%20-%20Urdesa&query_place_id=ChIJL98Pbn9tLZARLdAzBPfQUGg",
"Guayacanes 310 entre la 3ra y la cuarta, 090507 Guayaquil, Ecuador","Restaurante","Restaurante","7516737537427361837","Guayaquil","EC","0x902d6d7f6e0fdf2f:0x6850d0f70433d02d",,"https://lh3.googleusercontent.com/gps-cs-s/AHRPTWmMp-Z0_3QQ_yB8KLvsC7YNBSBPmiMENigeIP1pKNoaU4PYGt-5zyRaGCh-CsO44Y3kcpIxqHcBqttYJWLA5KCtyE5NJnR8gw8Bqvt4CrdbhiyyIURUrsmZ7pVmXDmIjx49cILr0Q=w408-h408-k-no","false","true","/g/11s195xvnt","es-419","0","-2.1656068","-79.9093192",,"Urdesa",,"false","ChIJL98Pbn9tLZARLdAzBPfQUGg","090507","$10-15","Hace 2 años","2023-09-14T03:11:51.573Z",,,,,,,,,,,,,,,,,,,,,,,"ChdDSUhNMG9nS0VJQ0FnSUNaLWR2ZW53RRAB",,,,,,,,,,,,,,,,,,,,,,,,"Google",,,"10",,,"432","2026-08-08T17:19:42.857Z","Direct Detail URL: https://www.google.com/maps/place/MoroGrill+-+Urdesa/@-2.1348707,-79.8980443,13.81z/data=!4m10!1m2!2m1!1smorogrill!3m6!1s0x902d6d7f6e0fdf2f:0x6850d0f70433d02d!8m2!3d-2.1656068!4d-79.9093192!15sCgltb3JvZ3JpbGxaCyIJbW9yb2dyaWxskgEKcmVzdGF1cmFudOABAA!16s%2Fg%2F11s195xvnt?entry=ttu&g_ep=EgoyMDI2MDgwNS4xIKXMDSoASAFQAw%3D%3D","5",,"Guayacanes 310 entre la 3ra y la cuarta","false",,,"MoroGrill - Urdesa","4.3",,"https://www.google.com/maps/search/?api=1&query=MoroGrill%20-%20Urdesa&query_place_id=ChIJL98Pbn9tLZARLdAzBPfQUGg",
"Guayacanes 310 entre la 3ra y la cuarta, 090507 Guayaquil, Ecuador","Restaurante","Restaurante","7516737537427361837","Guayaquil","EC","0x902d6d7f6e0fdf2f:0x6850d0f70433d02d",,"https://lh3.googleusercontent.com/gps-cs-s/AHRPTWmMp-Z0_3QQ_yB8KLvsC7YNBSBPmiMENigeIP1pKNoaU4PYGt-5zyRaGCh-CsO44Y3kcpIxqHcBqttYJWLA5KCtyE5NJnR8gw8Bqvt4CrdbhiyyIURUrsmZ7pVmXDmIjx49cILr0Q=w408-h408-k-no","false","true","/g/11s195xvnt","es-419","0","-2.1656068","-79.9093192",,"Urdesa","es","false","ChIJL98Pbn9tLZARLdAzBPfQUGg","090507","$10-15","Hace 2 años","2023-09-08T10:15:55.594Z",,,,,,,,,,,,,"$15-20",,,,,"Cena","Consumo en el lugar","2","1","5","ChdDSUhNMG9nS0VJQ0FnSUNacXFMMG53RRAB",,,,,,,,,,,,,,,,,,,,,,,,"Google",,,"29",,,"432","2026-08-08T17:19:42.857Z","Direct Detail URL: https://www.google.com/maps/place/MoroGrill+-+Urdesa/@-2.1348707,-79.8980443,13.81z/data=!4m10!1m2!2m1!1smorogrill!3m6!1s0x902d6d7f6e0fdf2f:0x6850d0f70433d02d!8m2!3d-2.1656068!4d-79.9093192!15sCgltb3JvZ3JpbGxaCyIJbW9yb2dyaWxskgEKcmVzdGF1cmFudOABAA!16s%2Fg%2F11s195xvnt?entry=ttu&g_ep=EgoyMDI2MDgwNS4xIKXMDSoASAFQAw%3D%3D","2",,"Guayacanes 310 entre la 3ra y la cuarta","false","La atención excelente! Demora un poco en servirte pero, te dan un piqueo de bienvenida.
El moro no me gustó y ordene unas costillas las cuáles el 85% eran grasa y el 15% carne, lo rico de todo era el buen queso manaba, fin. Yo no lo recomiendo!",,"MoroGrill - Urdesa","4.3",,"https://www.google.com/maps/search/?api=1&query=MoroGrill%20-%20Urdesa&query_place_id=ChIJL98Pbn9tLZARLdAzBPfQUGg",
"Guayacanes 310 entre la 3ra y la cuarta, 090507 Guayaquil, Ecuador","Restaurante","Restaurante","7516737537427361837","Guayaquil","EC","0x902d6d7f6e0fdf2f:0x6850d0f70433d02d",,"https://lh3.googleusercontent.com/gps-cs-s/AHRPTWmMp-Z0_3QQ_yB8KLvsC7YNBSBPmiMENigeIP1pKNoaU4PYGt-5zyRaGCh-CsO44Y3kcpIxqHcBqttYJWLA5KCtyE5NJnR8gw8Bqvt4CrdbhiyyIURUrsmZ7pVmXDmIjx49cILr0Q=w408-h408-k-no","false","true","/g/11s195xvnt","es-419","0","-2.1656068","-79.9093192",,"Urdesa",,"false","ChIJL98Pbn9tLZARLdAzBPfQUGg","090507","$10-15","Hace 2 años","2023-09-02T03:13:00.203Z",,,,,,,,,,,,,,,,,,,,,,,"ChdDSUhNMG9nS0VJQ0FnSUNab0lQSXFRRRAB",,,,,,,,,,,,,,,,,,,,,,,,"Google",,,"3",,,"432","2026-08-08T17:19:42.857Z","Direct Detail URL: https://www.google.com/maps/place/MoroGrill+-+Urdesa/@-2.1348707,-79.8980443,13.81z/data=!4m10!1m2!2m1!1smorogrill!3m6!1s0x902d6d7f6e0fdf2f:0x6850d0f70433d02d!8m2!3d-2.1656068!4d-79.9093192!15sCgltb3JvZ3JpbGxaCyIJbW9yb2dyaWxskgEKcmVzdGF1cmFudOABAA!16s%2Fg%2F11s195xvnt?entry=ttu&g_ep=EgoyMDI2MDgwNS4xIKXMDSoASAFQAw%3D%3D","5",,"Guayacanes 310 entre la 3ra y la cuarta","false",,,"MoroGrill - Urdesa","4.3",,"https://www.google.com/maps/search/?api=1&query=MoroGrill%20-%20Urdesa&query_place_id=ChIJL98Pbn9tLZARLdAzBPfQUGg",
"Guayacanes 310 entre la 3ra y la cuarta, 090507 Guayaquil, Ecuador","Restaurante","Restaurante","7516737537427361837","Guayaquil","EC","0x902d6d7f6e0fdf2f:0x6850d0f70433d02d",,"https://lh3.googleusercontent.com/gps-cs-s/AHRPTWmMp-Z0_3QQ_yB8KLvsC7YNBSBPmiMENigeIP1pKNoaU4PYGt-5zyRaGCh-CsO44Y3kcpIxqHcBqttYJWLA5KCtyE5NJnR8gw8Bqvt4CrdbhiyyIURUrsmZ7pVmXDmIjx49cILr0Q=w408-h408-k-no","false","true","/g/11s195xvnt","es-419","0","-2.1656068","-79.9093192",,"Urdesa","es","false","ChIJL98Pbn9tLZARLdAzBPfQUGg","090507","$10-15","Hace 2 años","2023-08-29T23:35:10.592Z",,,,,,,,,,,,,"$5-10",,,,,"Cena",,"5","5","5","ChdDSUhNMG9nS0VJQ0FnSURwdTlYRzdnRRAB",,,,,,,,,,,,,,,,,,,,,,,,"Google",,,"71",,,"432","2026-08-08T17:19:42.857Z","Direct Detail URL: https://www.google.com/maps/place/MoroGrill+-+Urdesa/@-2.1348707,-79.8980443,13.81z/data=!4m10!1m2!2m1!1smorogrill!3m6!1s0x902d6d7f6e0fdf2f:0x6850d0f70433d02d!8m2!3d-2.1656068!4d-79.9093192!15sCgltb3JvZ3JpbGxaCyIJbW9yb2dyaWxskgEKcmVzdGF1cmFudOABAA!16s%2Fg%2F11s195xvnt?entry=ttu&g_ep=EgoyMDI2MDgwNS4xIKXMDSoASAFQAw%3D%3D","5",,"Guayacanes 310 entre la 3ra y la cuarta","false","Los moritos deliciosos, los cócteles en su punto y el ambiente relajado. El ""sartenazo"" es de otro mundo recomendadisimo.",,"MoroGrill - Urdesa","4.3",,"https://www.google.com/maps/search/?api=1&query=MoroGrill%20-%20Urdesa&query_place_id=ChIJL98Pbn9tLZARLdAzBPfQUGg",
"Guayacanes 310 entre la 3ra y la cuarta, 090507 Guayaquil, Ecuador","Restaurante","Restaurante","7516737537427361837","Guayaquil","EC","0x902d6d7f6e0fdf2f:0x6850d0f70433d02d",,"https://lh3.googleusercontent.com/gps-cs-s/AHRPTWmMp-Z0_3QQ_yB8KLvsC7YNBSBPmiMENigeIP1pKNoaU4PYGt-5zyRaGCh-CsO44Y3kcpIxqHcBqttYJWLA5KCtyE5NJnR8gw8Bqvt4CrdbhiyyIURUrsmZ7pVmXDmIjx49cILr0Q=w408-h408-k-no","false","true","/g/11s195xvnt","es-419","0","-2.1656068","-79.9093192",,"Urdesa",,"false","ChIJL98Pbn9tLZARLdAzBPfQUGg","090507","$10-15","Hace 2 años","2023-08-26T12:14:39.337Z",,,,,,,,,,,,,,,,,,,,,,,"ChdDSUhNMG9nS0VJQ0FnSURwdGYtcDRRRRAB",,,,,,,,,,,,,,,,,,,,,,,,"Google",,,"13",,,"432","2026-08-08T17:19:42.857Z","Direct Detail URL: https://www.google.com/maps/place/MoroGrill+-+Urdesa/@-2.1348707,-79.8980443,13.81z/data=!4m10!1m2!2m1!1smorogrill!3m6!1s0x902d6d7f6e0fdf2f:0x6850d0f70433d02d!8m2!3d-2.1656068!4d-79.9093192!15sCgltb3JvZ3JpbGxaCyIJbW9yb2dyaWxskgEKcmVzdGF1cmFudOABAA!16s%2Fg%2F11s195xvnt?entry=ttu&g_ep=EgoyMDI2MDgwNS4xIKXMDSoASAFQAw%3D%3D","3",,"Guayacanes 310 entre la 3ra y la cuarta","false",,,"MoroGrill - Urdesa","4.3",,"https://www.google.com/maps/search/?api=1&query=MoroGrill%20-%20Urdesa&query_place_id=ChIJL98Pbn9tLZARLdAzBPfQUGg",
"Guayacanes 310 entre la 3ra y la cuarta, 090507 Guayaquil, Ecuador","Restaurante","Restaurante","7516737537427361837","Guayaquil","EC","0x902d6d7f6e0fdf2f:0x6850d0f70433d02d",,"https://lh3.googleusercontent.com/gps-cs-s/AHRPTWmMp-Z0_3QQ_yB8KLvsC7YNBSBPmiMENigeIP1pKNoaU4PYGt-5zyRaGCh-CsO44Y3kcpIxqHcBqttYJWLA5KCtyE5NJnR8gw8Bqvt4CrdbhiyyIURUrsmZ7pVmXDmIjx49cILr0Q=w408-h408-k-no","false","false","/g/11s195xvnt","es-419","0","-2.1656068","-79.9093192",,"Urdesa",,"false","ChIJL98Pbn9tLZARLdAzBPfQUGg","090507","$10-15","Hace 2 años","2023-08-26T04:45:41.887Z",,,,,,,,,,,,,,,,,,,,,,,"ChZDSUhNMG9nS0VJQ0FnSURwbGJmYUxBEAE",,,,,,,,,,,,,,,,,,,,,,,,"Google",,,"0",,,"432","2026-08-08T17:19:42.857Z","Direct Detail URL: https://www.google.com/maps/place/MoroGrill+-+Urdesa/@-2.1348707,-79.8980443,13.81z/data=!4m10!1m2!2m1!1smorogrill!3m6!1s0x902d6d7f6e0fdf2f:0x6850d0f70433d02d!8m2!3d-2.1656068!4d-79.9093192!15sCgltb3JvZ3JpbGxaCyIJbW9yb2dyaWxskgEKcmVzdGF1cmFudOABAA!16s%2Fg%2F11s195xvnt?entry=ttu&g_ep=EgoyMDI2MDgwNS4xIKXMDSoASAFQAw%3D%3D","3",,"Guayacanes 310 entre la 3ra y la cuarta","false",,,"MoroGrill - Urdesa","4.3",,"https://www.google.com/maps/search/?api=1&query=MoroGrill%20-%20Urdesa&query_place_id=ChIJL98Pbn9tLZARLdAzBPfQUGg",
"Guayacanes 310 entre la 3ra y la cuarta, 090507 Guayaquil, Ecuador","Restaurante","Restaurante","7516737537427361837","Guayaquil","EC","0x902d6d7f6e0fdf2f:0x6850d0f70433d02d",,"https://lh3.googleusercontent.com/gps-cs-s/AHRPTWmMp-Z0_3QQ_yB8KLvsC7YNBSBPmiMENigeIP1pKNoaU4PYGt-5zyRaGCh-CsO44Y3kcpIxqHcBqttYJWLA5KCtyE5NJnR8gw8Bqvt4CrdbhiyyIURUrsmZ7pVmXDmIjx49cILr0Q=w408-h408-k-no","false","true","/g/11s195xvnt","es-419","0","-2.1656068","-79.9093192",,"Urdesa","es","false","ChIJL98Pbn9tLZARLdAzBPfQUGg","090507","$10-15","Hace 2 años","2023-08-26T02:48:17.748Z",,,,,,,,,,,,,,,,,,,"Consumo en el lugar","5","5","5","ChdDSUhNMG9nS0VJQ0FnSURwbGJHX2hnRRAB",,,,,,,,,,,,,,,,,,,,,,,,"Google",,,"64",,,"432","2026-08-08T17:19:42.857Z","Direct Detail URL: https://www.google.com/maps/place/MoroGrill+-+Urdesa/@-2.1348707,-79.8980443,13.81z/data=!4m10!1m2!2m1!1smorogrill!3m6!1s0x902d6d7f6e0fdf2f:0x6850d0f70433d02d!8m2!3d-2.1656068!4d-79.9093192!15sCgltb3JvZ3JpbGxaCyIJbW9yb2dyaWxskgEKcmVzdGF1cmFudOABAA!16s%2Fg%2F11s195xvnt?entry=ttu&g_ep=EgoyMDI2MDgwNS4xIKXMDSoASAFQAw%3D%3D","5",,"Guayacanes 310 entre la 3ra y la cuarta","false","Excelente lugar para pasar bello con la familia!
Felicitaciones!!",,"MoroGrill - Urdesa","4.3",,"https://www.google.com/maps/search/?api=1&query=MoroGrill%20-%20Urdesa&query_place_id=ChIJL98Pbn9tLZARLdAzBPfQUGg",
"Guayacanes 310 entre la 3ra y la cuarta, 090507 Guayaquil, Ecuador","Restaurante","Restaurante","7516737537427361837","Guayaquil","EC","0x902d6d7f6e0fdf2f:0x6850d0f70433d02d",,"https://lh3.googleusercontent.com/gps-cs-s/AHRPTWmMp-Z0_3QQ_yB8KLvsC7YNBSBPmiMENigeIP1pKNoaU4PYGt-5zyRaGCh-CsO44Y3kcpIxqHcBqttYJWLA5KCtyE5NJnR8gw8Bqvt4CrdbhiyyIURUrsmZ7pVmXDmIjx49cILr0Q=w408-h408-k-no","false","true","/g/11s195xvnt","es-419","0","-2.1656068","-79.9093192",,"Urdesa",,"false","ChIJL98Pbn9tLZARLdAzBPfQUGg","090507","$10-15","Hace 2 años","2023-08-25T04:21:34.642Z",,,,,,,,,,,,,,,,,,,,,,,"ChdDSUhNMG9nS0VJQ0FnSURwMmJ2cDJ3RRAB",,,,,,,,,,,,,,,,,,,,,,,,"Google",,,"7",,,"432","2026-08-08T17:19:42.857Z","Direct Detail URL: https://www.google.com/maps/place/MoroGrill+-+Urdesa/@-2.1348707,-79.8980443,13.81z/data=!4m10!1m2!2m1!1smorogrill!3m6!1s0x902d6d7f6e0fdf2f:0x6850d0f70433d02d!8m2!3d-2.1656068!4d-79.9093192!15sCgltb3JvZ3JpbGxaCyIJbW9yb2dyaWxskgEKcmVzdGF1cmFudOABAA!16s%2Fg%2F11s195xvnt?entry=ttu&g_ep=EgoyMDI2MDgwNS4xIKXMDSoASAFQAw%3D%3D","4",,"Guayacanes 310 entre la 3ra y la cuarta","false",,,"MoroGrill - Urdesa","4.3",,"https://www.google.com/maps/search/?api=1&query=MoroGrill%20-%20Urdesa&query_place_id=ChIJL98Pbn9tLZARLdAzBPfQUGg",
"Guayacanes 310 entre la 3ra y la cuarta, 090507 Guayaquil, Ecuador","Restaurante","Restaurante","7516737537427361837","Guayaquil","EC","0x902d6d7f6e0fdf2f:0x6850d0f70433d02d",,"https://lh3.googleusercontent.com/gps-cs-s/AHRPTWmMp-Z0_3QQ_yB8KLvsC7YNBSBPmiMENigeIP1pKNoaU4PYGt-5zyRaGCh-CsO44Y3kcpIxqHcBqttYJWLA5KCtyE5NJnR8gw8Bqvt4CrdbhiyyIURUrsmZ7pVmXDmIjx49cILr0Q=w408-h408-k-no","false","true","/g/11s195xvnt","es-419","0","-2.1656068","-79.9093192",,"Urdesa","es","false","ChIJL98Pbn9tLZARLdAzBPfQUGg","090507","$10-15","Hace 2 años","2023-08-18T00:27:52.788Z",,,,,,,,,,,,,"$15-20",,,,,"Cena","Consumo en el lugar","5","5","5","ChZDSUhNMG9nS0VJQ0FnSURwM09MRVdREAE",,,,,,,,,,,,,,,,,,,,,,,,"Google",,,"229",,,"432","2026-08-08T17:19:42.857Z","Direct Detail URL: https://www.google.com/maps/place/MoroGrill+-+Urdesa/@-2.1348707,-79.8980443,13.81z/data=!4m10!1m2!2m1!1smorogrill!3m6!1s0x902d6d7f6e0fdf2f:0x6850d0f70433d02d!8m2!3d-2.1656068!4d-79.9093192!15sCgltb3JvZ3JpbGxaCyIJbW9yb2dyaWxskgEKcmVzdGF1cmFudOABAA!16s%2Fg%2F11s195xvnt?entry=ttu&g_ep=EgoyMDI2MDgwNS4xIKXMDSoASAFQAw%3D%3D","5",,"Guayacanes 310 entre la 3ra y la cuarta","false","Delicioso",,"MoroGrill - Urdesa","4.3",,"https://www.google.com/maps/search/?api=1&query=MoroGrill%20-%20Urdesa&query_place_id=ChIJL98Pbn9tLZARLdAzBPfQUGg",
"Guayacanes 310 entre la 3ra y la cuarta, 090507 Guayaquil, Ecuador","Restaurante","Restaurante","7516737537427361837","Guayaquil","EC","0x902d6d7f6e0fdf2f:0x6850d0f70433d02d",,"https://lh3.googleusercontent.com/gps-cs-s/AHRPTWmMp-Z0_3QQ_yB8KLvsC7YNBSBPmiMENigeIP1pKNoaU4PYGt-5zyRaGCh-CsO44Y3kcpIxqHcBqttYJWLA5KCtyE5NJnR8gw8Bqvt4CrdbhiyyIURUrsmZ7pVmXDmIjx49cILr0Q=w408-h408-k-no","false","true","/g/11s195xvnt","es-419","0","-2.1656068","-79.9093192",,"Urdesa","es","false","ChIJL98Pbn9tLZARLdAzBPfQUGg","090507","$10-15","Hace 2 años","2023-08-16T19:44:54.611Z",,,,,,,,,,,,,"$10-15",,,,,"Almuerzo","Consumo en el lugar","4","4","5","ChZDSUhNMG9nS0VJQ0FnSURwMU56RGRBEAE",,,,,,,,,,,,,,,,,,,,,,,,"Google",,,"423",,,"432","2026-08-08T17:19:42.857Z","Direct Detail URL: https://www.google.com/maps/place/MoroGrill+-+Urdesa/@-2.1348707,-79.8980443,13.81z/data=!4m10!1m2!2m1!1smorogrill!3m6!1s0x902d6d7f6e0fdf2f:0x6850d0f70433d02d!8m2!3d-2.1656068!4d-79.9093192!15sCgltb3JvZ3JpbGxaCyIJbW9yb2dyaWxskgEKcmVzdGF1cmFudOABAA!16s%2Fg%2F11s195xvnt?entry=ttu&g_ep=EgoyMDI2MDgwNS4xIKXMDSoASAFQAw%3D%3D","4",,"Guayacanes 310 entre la 3ra y la cuarta","false","Muy buena la comida con precios cómodos",,"MoroGrill - Urdesa","4.3",,"https://www.google.com/maps/search/?api=1&query=MoroGrill%20-%20Urdesa&query_place_id=ChIJL98Pbn9tLZARLdAzBPfQUGg",
"Guayacanes 310 entre la 3ra y la cuarta, 090507 Guayaquil, Ecuador","Restaurante","Restaurante","7516737537427361837","Guayaquil","EC","0x902d6d7f6e0fdf2f:0x6850d0f70433d02d",,"https://lh3.googleusercontent.com/gps-cs-s/AHRPTWmMp-Z0_3QQ_yB8KLvsC7YNBSBPmiMENigeIP1pKNoaU4PYGt-5zyRaGCh-CsO44Y3kcpIxqHcBqttYJWLA5KCtyE5NJnR8gw8Bqvt4CrdbhiyyIURUrsmZ7pVmXDmIjx49cILr0Q=w408-h408-k-no","false","true","/g/11s195xvnt","es-419","0","-2.1656068","-79.9093192",,"Urdesa","es","false","ChIJL98Pbn9tLZARLdAzBPfQUGg","090507","$10-15","Hace 2 años","2023-08-14T05:07:37.365Z",,,,,,,,,,,"El Favorito Sartenazo",,"$15-20",,,,,"Almuerzo","Consumo en el lugar","5","5","5","ChZDSUhNMG9nS0VJQ0FnSURwb0tDOWFREAE",,,,,,,,,,,,,,,,,,,,,,,,"Google",,,"166",,,"432","2026-08-08T17:19:42.857Z","Direct Detail URL: https://www.google.com/maps/place/MoroGrill+-+Urdesa/@-2.1348707,-79.8980443,13.81z/data=!4m10!1m2!2m1!1smorogrill!3m6!1s0x902d6d7f6e0fdf2f:0x6850d0f70433d02d!8m2!3d-2.1656068!4d-79.9093192!15sCgltb3JvZ3JpbGxaCyIJbW9yb2dyaWxskgEKcmVzdGF1cmFudOABAA!16s%2Fg%2F11s195xvnt?entry=ttu&g_ep=EgoyMDI2MDgwNS4xIKXMDSoASAFQAw%3D%3D","5",,"Guayacanes 310 entre la 3ra y la cuarta","false","Muy buena comida, servicio rápido y el personal muy amable, hay que volver por más!!!!",,"MoroGrill - Urdesa","4.3",,"https://www.google.com/maps/search/?api=1&query=MoroGrill%20-%20Urdesa&query_place_id=ChIJL98Pbn9tLZARLdAzBPfQUGg",
"Guayacanes 310 entre la 3ra y la cuarta, 090507 Guayaquil, Ecuador","Restaurante","Restaurante","7516737537427361837","Guayaquil","EC","0x902d6d7f6e0fdf2f:0x6850d0f70433d02d",,"https://lh3.googleusercontent.com/gps-cs-s/AHRPTWmMp-Z0_3QQ_yB8KLvsC7YNBSBPmiMENigeIP1pKNoaU4PYGt-5zyRaGCh-CsO44Y3kcpIxqHcBqttYJWLA5KCtyE5NJnR8gw8Bqvt4CrdbhiyyIURUrsmZ7pVmXDmIjx49cILr0Q=w408-h408-k-no","false","false","/g/11s195xvnt","es-419","0","-2.1656068","-79.9093192",,"Urdesa",,"false","ChIJL98Pbn9tLZARLdAzBPfQUGg","090507","$10-15","Hace 2 años","2023-08-12T13:31:18.499Z",,,,,,,,,,,,,,,,,,,,,,,"ChZDSUhNMG9nS0VJQ0FnSUNwOThiRmJnEAE",,,,,,,,,,,,,,,,,,,,,,,,"Google",,,"0",,,"432","2026-08-08T17:19:42.857Z","Direct Detail URL: https://www.google.com/maps/place/MoroGrill+-+Urdesa/@-2.1348707,-79.8980443,13.81z/data=!4m10!1m2!2m1!1smorogrill!3m6!1s0x902d6d7f6e0fdf2f:0x6850d0f70433d02d!8m2!3d-2.1656068!4d-79.9093192!15sCgltb3JvZ3JpbGxaCyIJbW9yb2dyaWxskgEKcmVzdGF1cmFudOABAA!16s%2Fg%2F11s195xvnt?entry=ttu&g_ep=EgoyMDI2MDgwNS4xIKXMDSoASAFQAw%3D%3D","3",,"Guayacanes 310 entre la 3ra y la cuarta","false",,,"MoroGrill - Urdesa","4.3",,"https://www.google.com/maps/search/?api=1&query=MoroGrill%20-%20Urdesa&query_place_id=ChIJL98Pbn9tLZARLdAzBPfQUGg",
"Guayacanes 310 entre la 3ra y la cuarta, 090507 Guayaquil, Ecuador","Restaurante","Restaurante","7516737537427361837","Guayaquil","EC","0x902d6d7f6e0fdf2f:0x6850d0f70433d02d",,"https://lh3.googleusercontent.com/gps-cs-s/AHRPTWmMp-Z0_3QQ_yB8KLvsC7YNBSBPmiMENigeIP1pKNoaU4PYGt-5zyRaGCh-CsO44Y3kcpIxqHcBqttYJWLA5KCtyE5NJnR8gw8Bqvt4CrdbhiyyIURUrsmZ7pVmXDmIjx49cILr0Q=w408-h408-k-no","false","true","/g/11s195xvnt","es-419","2","-2.1656068","-79.9093192",,"Urdesa","es","false","ChIJL98Pbn9tLZARLdAzBPfQUGg","090507","$10-15","Hace 2 años","2023-08-11T02:44:59.500Z",,,,,,,,,,,,,,,,,,,,"5","5","5","ChdDSUhNMG9nS0VJQ0FnSUNwMi1hV21nRRAB","https://lh3.googleusercontent.com/grass-cs/ACvplmN9XzbyLxUWkHzX7gSC3uop73PcjZAaauOQuFxLsR_zwsxbMStRtmeh0lMj-4QQ5NUk-tTkxNLHYDTQan0eI7LzSKEk0U8K3zO4tCQd-IA_uCTEZ35WZN6Fq4GDpCI057x-nw6q=k-no","https://lh3.googleusercontent.com/grass-cs/ACvplmNnj5L5DxxYhZxkWI16RwLJDgKIaYmd2bklgyk5CNZ2a3_I3qc_mZpGNHh7wfLXNJG1lGJK9KDSwHmpXr1aZOkDwN-7s1C-OArCeGnLSbJ-wC16KhiEoxgpafAx8bV5f1-Q0TA9mg=k-no",,,,,,,,,,,,,,,,,,,,,,"Google",,,"26",,,"432","2026-08-08T17:19:42.857Z","Direct Detail URL: https://www.google.com/maps/place/MoroGrill+-+Urdesa/@-2.1348707,-79.8980443,13.81z/data=!4m10!1m2!2m1!1smorogrill!3m6!1s0x902d6d7f6e0fdf2f:0x6850d0f70433d02d!8m2!3d-2.1656068!4d-79.9093192!15sCgltb3JvZ3JpbGxaCyIJbW9yb2dyaWxskgEKcmVzdGF1cmFudOABAA!16s%2Fg%2F11s195xvnt?entry=ttu&g_ep=EgoyMDI2MDgwNS4xIKXMDSoASAFQAw%3D%3D","5",,"Guayacanes 310 entre la 3ra y la cuarta","false","Excelente comida lugar excelente y perfecta atención",,"MoroGrill - Urdesa","4.3",,"https://www.google.com/maps/search/?api=1&query=MoroGrill%20-%20Urdesa&query_place_id=ChIJL98Pbn9tLZARLdAzBPfQUGg",
"Guayacanes 310 entre la 3ra y la cuarta, 090507 Guayaquil, Ecuador","Restaurante","Restaurante","7516737537427361837","Guayaquil","EC","0x902d6d7f6e0fdf2f:0x6850d0f70433d02d",,"https://lh3.googleusercontent.com/gps-cs-s/AHRPTWmMp-Z0_3QQ_yB8KLvsC7YNBSBPmiMENigeIP1pKNoaU4PYGt-5zyRaGCh-CsO44Y3kcpIxqHcBqttYJWLA5KCtyE5NJnR8gw8Bqvt4CrdbhiyyIURUrsmZ7pVmXDmIjx49cILr0Q=w408-h408-k-no","false","true","/g/11s195xvnt","es-419","0","-2.1656068","-79.9093192",,"Urdesa",,"false","ChIJL98Pbn9tLZARLdAzBPfQUGg","090507","$10-15","Hace 2 años","2023-08-09T02:50:18.004Z",,,,,,,,,,,,,,,,,,,,"3","3","3","ChZDSUhNMG9nS0VJQ0FnSUNwX2RicmZ3EAE",,,,,,,,,,,,,,,,,,,,,,,,"Google",,,"27",,,"432","2026-08-08T17:19:42.857Z","Direct Detail URL: https://www.google.com/maps/place/MoroGrill+-+Urdesa/@-2.1348707,-79.8980443,13.81z/data=!4m10!1m2!2m1!1smorogrill!3m6!1s0x902d6d7f6e0fdf2f:0x6850d0f70433d02d!8m2!3d-2.1656068!4d-79.9093192!15sCgltb3JvZ3JpbGxaCyIJbW9yb2dyaWxskgEKcmVzdGF1cmFudOABAA!16s%2Fg%2F11s195xvnt?entry=ttu&g_ep=EgoyMDI2MDgwNS4xIKXMDSoASAFQAw%3D%3D","2",,"Guayacanes 310 entre la 3ra y la cuarta","false",,,"MoroGrill - Urdesa","4.3",,"https://www.google.com/maps/search/?api=1&query=MoroGrill%20-%20Urdesa&query_place_id=ChIJL98Pbn9tLZARLdAzBPfQUGg",
"Guayacanes 310 entre la 3ra y la cuarta, 090507 Guayaquil, Ecuador","Restaurante","Restaurante","7516737537427361837","Guayaquil","EC","0x902d6d7f6e0fdf2f:0x6850d0f70433d02d",,"https://lh3.googleusercontent.com/gps-cs-s/AHRPTWmMp-Z0_3QQ_yB8KLvsC7YNBSBPmiMENigeIP1pKNoaU4PYGt-5zyRaGCh-CsO44Y3kcpIxqHcBqttYJWLA5KCtyE5NJnR8gw8Bqvt4CrdbhiyyIURUrsmZ7pVmXDmIjx49cILr0Q=w408-h408-k-no","false","true","/g/11s195xvnt","es-419","0","-2.1656068","-79.9093192",,"Urdesa","es","false","ChIJL98Pbn9tLZARLdAzBPfQUGg","090507","$10-15","Hace 3 años","2023-08-07T04:32:07.723Z",,,,,,,,,,,,,,,,,,,,"4","5","4","ChdDSUhNMG9nS0VJQ0FnSUNwaGZHQXZRRRAB",,,,,,,,,,,,,,,,,,,,,,,,"Google",,,"74",,,"432","2026-08-08T17:19:42.857Z","Direct Detail URL: https://www.google.com/maps/place/MoroGrill+-+Urdesa/@-2.1348707,-79.8980443,13.81z/data=!4m10!1m2!2m1!1smorogrill!3m6!1s0x902d6d7f6e0fdf2f:0x6850d0f70433d02d!8m2!3d-2.1656068!4d-79.9093192!15sCgltb3JvZ3JpbGxaCyIJbW9yb2dyaWxskgEKcmVzdGF1cmFudOABAA!16s%2Fg%2F11s195xvnt?entry=ttu&g_ep=EgoyMDI2MDgwNS4xIKXMDSoASAFQAw%3D%3D","4",,"Guayacanes 310 entre la 3ra y la cuarta","false","Bonito lugar, espacio adecuado, se puede asistir con niños. Tiene area exterior y planta alta.",,"MoroGrill - Urdesa","4.3",,"https://www.google.com/maps/search/?api=1&query=MoroGrill%20-%20Urdesa&query_place_id=ChIJL98Pbn9tLZARLdAzBPfQUGg",
"Guayacanes 310 entre la 3ra y la cuarta, 090507 Guayaquil, Ecuador","Restaurante","Restaurante","7516737537427361837","Guayaquil","EC","0x902d6d7f6e0fdf2f:0x6850d0f70433d02d",,"https://lh3.googleusercontent.com/gps-cs-s/AHRPTWmMp-Z0_3QQ_yB8KLvsC7YNBSBPmiMENigeIP1pKNoaU4PYGt-5zyRaGCh-CsO44Y3kcpIxqHcBqttYJWLA5KCtyE5NJnR8gw8Bqvt4CrdbhiyyIURUrsmZ7pVmXDmIjx49cILr0Q=w408-h408-k-no","false","false","/g/11s195xvnt","es-419","0","-2.1656068","-79.9093192",,"Urdesa",,"false","ChIJL98Pbn9tLZARLdAzBPfQUGg","090507","$10-15","Hace 3 años","2023-08-05T23:59:57.609Z",,,,,,,,,,,,,,,,,,,,,,,"ChdDSUhNMG9nS0VJQ0FnSUNwaWFHZGh3RRAB",,,,,,,,,,,,,,,,,,,,,,,,"Google",,,"2",,,"432","2026-08-08T17:19:42.857Z","Direct Detail URL: https://www.google.com/maps/place/MoroGrill+-+Urdesa/@-2.1348707,-79.8980443,13.81z/data=!4m10!1m2!2m1!1smorogrill!3m6!1s0x902d6d7f6e0fdf2f:0x6850d0f70433d02d!8m2!3d-2.1656068!4d-79.9093192!15sCgltb3JvZ3JpbGxaCyIJbW9yb2dyaWxskgEKcmVzdGF1cmFudOABAA!16s%2Fg%2F11s195xvnt?entry=ttu&g_ep=EgoyMDI2MDgwNS4xIKXMDSoASAFQAw%3D%3D","5",,"Guayacanes 310 entre la 3ra y la cuarta","false",,,"MoroGrill - Urdesa","4.3",,"https://www.google.com/maps/search/?api=1&query=MoroGrill%20-%20Urdesa&query_place_id=ChIJL98Pbn9tLZARLdAzBPfQUGg",
"Guayacanes 310 entre la 3ra y la cuarta, 090507 Guayaquil, Ecuador","Restaurante","Restaurante","7516737537427361837","Guayaquil","EC","0x902d6d7f6e0fdf2f:0x6850d0f70433d02d",,"https://lh3.googleusercontent.com/gps-cs-s/AHRPTWmMp-Z0_3QQ_yB8KLvsC7YNBSBPmiMENigeIP1pKNoaU4PYGt-5zyRaGCh-CsO44Y3kcpIxqHcBqttYJWLA5KCtyE5NJnR8gw8Bqvt4CrdbhiyyIURUrsmZ7pVmXDmIjx49cILr0Q=w408-h408-k-no","false","false","/g/11s195xvnt","es-419","0","-2.1656068","-79.9093192",,"Urdesa",,"false","ChIJL98Pbn9tLZARLdAzBPfQUGg","090507","$10-15","Hace 3 años","2023-08-04T19:44:20.643Z",,,,,,,,,,,,,,,,,,,,,,,"ChdDSUhNMG9nS0VJQ0FnSUNwX3QtOW9RRRAB",,,,,,,,,,,,,,,,,,,,,,,,"Google",,,"2",,,"432","2026-08-08T17:19:42.857Z","Direct Detail URL: https://www.google.com/maps/place/MoroGrill+-+Urdesa/@-2.1348707,-79.8980443,13.81z/data=!4m10!1m2!2m1!1smorogrill!3m6!1s0x902d6d7f6e0fdf2f:0x6850d0f70433d02d!8m2!3d-2.1656068!4d-79.9093192!15sCgltb3JvZ3JpbGxaCyIJbW9yb2dyaWxskgEKcmVzdGF1cmFudOABAA!16s%2Fg%2F11s195xvnt?entry=ttu&g_ep=EgoyMDI2MDgwNS4xIKXMDSoASAFQAw%3D%3D","4",,"Guayacanes 310 entre la 3ra y la cuarta","false",,,"MoroGrill - Urdesa","4.3",,"https://www.google.com/maps/search/?api=1&query=MoroGrill%20-%20Urdesa&query_place_id=ChIJL98Pbn9tLZARLdAzBPfQUGg",
"Guayacanes 310 entre la 3ra y la cuarta, 090507 Guayaquil, Ecuador","Restaurante","Restaurante","7516737537427361837","Guayaquil","EC","0x902d6d7f6e0fdf2f:0x6850d0f70433d02d",,"https://lh3.googleusercontent.com/gps-cs-s/AHRPTWmMp-Z0_3QQ_yB8KLvsC7YNBSBPmiMENigeIP1pKNoaU4PYGt-5zyRaGCh-CsO44Y3kcpIxqHcBqttYJWLA5KCtyE5NJnR8gw8Bqvt4CrdbhiyyIURUrsmZ7pVmXDmIjx49cILr0Q=w408-h408-k-no","false","false","/g/11s195xvnt","es-419","0","-2.1656068","-79.9093192",,"Urdesa","en","false","ChIJL98Pbn9tLZARLdAzBPfQUGg","090507","$10-15","Hace 3 años","2023-08-01T18:00:05.220Z",,,,,,,,,,,,,,,,,,,,"4","5","4","ChdDSUhNMG9nS0VJQ0FnSUNwNnN6cmdnRRAB",,,,,,,,,,,,,,,,,,,,,,,,"Google",,,"11",,,"432","2026-08-08T17:19:42.857Z","Direct Detail URL: https://www.google.com/maps/place/MoroGrill+-+Urdesa/@-2.1348707,-79.8980443,13.81z/data=!4m10!1m2!2m1!1smorogrill!3m6!1s0x902d6d7f6e0fdf2f:0x6850d0f70433d02d!8m2!3d-2.1656068!4d-79.9093192!15sCgltb3JvZ3JpbGxaCyIJbW9yb2dyaWxskgEKcmVzdGF1cmFudOABAA!16s%2Fg%2F11s195xvnt?entry=ttu&g_ep=EgoyMDI2MDgwNS4xIKXMDSoASAFQAw%3D%3D","4",,"Guayacanes 310 entre la 3ra y la cuarta","false","Customer service ok, but it took forever to 4’me to get my dish.","El servicio al cliente estuvo bien, pero tardaron muchísimo en entregarme mi plato.","MoroGrill - Urdesa","4.3","es","https://www.google.com/maps/search/?api=1&query=MoroGrill%20-%20Urdesa&query_place_id=ChIJL98Pbn9tLZARLdAzBPfQUGg",
"Guayacanes 310 entre la 3ra y la cuarta, 090507 Guayaquil, Ecuador","Restaurante","Restaurante","7516737537427361837","Guayaquil","EC","0x902d6d7f6e0fdf2f:0x6850d0f70433d02d",,"https://lh3.googleusercontent.com/gps-cs-s/AHRPTWmMp-Z0_3QQ_yB8KLvsC7YNBSBPmiMENigeIP1pKNoaU4PYGt-5zyRaGCh-CsO44Y3kcpIxqHcBqttYJWLA5KCtyE5NJnR8gw8Bqvt4CrdbhiyyIURUrsmZ7pVmXDmIjx49cILr0Q=w408-h408-k-no","false","true","/g/11s195xvnt","es-419","1","-2.1656068","-79.9093192",,"Urdesa","es","false","ChIJL98Pbn9tLZARLdAzBPfQUGg","090507","$10-15","Hace 3 años","2023-07-25T02:32:10.253Z",,,,,,,,,,,"Sartenazo - Moro Manaba Co Menestra de frejol0",,"$10-15",,,,,"Cena","Consumo en el lugar","5","5","5","ChZDSUhNMG9nS0VJQ0FnSURKOTRPeVlREAE",,,,,,,,,,,,,,,,,,,,,,,,"Google",,,"57",,,"432","2026-08-08T17:19:42.857Z","Direct Detail URL: https://www.google.com/maps/place/MoroGrill+-+Urdesa/@-2.1348707,-79.8980443,13.81z/data=!4m10!1m2!2m1!1smorogrill!3m6!1s0x902d6d7f6e0fdf2f:0x6850d0f70433d02d!8m2!3d-2.1656068!4d-79.9093192!15sCgltb3JvZ3JpbGxaCyIJbW9yb2dyaWxskgEKcmVzdGF1cmFudOABAA!16s%2Fg%2F11s195xvnt?entry=ttu&g_ep=EgoyMDI2MDgwNS4xIKXMDSoASAFQAw%3D%3D","5",,"Guayacanes 310 entre la 3ra y la cuarta","false","Excepcional  superó la expectativa en totalidad, excelente servicio, ambiente, y por supuesto la comida lo mejor de lo mejor.
Muy serviciales recalcó su atención al cliente es óptima.",,"MoroGrill - Urdesa","4.3",,"https://www.google.com/maps/search/?api=1&query=MoroGrill%20-%20Urdesa&query_place_id=ChIJL98Pbn9tLZARLdAzBPfQUGg",
"Guayacanes 310 entre la 3ra y la cuarta, 090507 Guayaquil, Ecuador","Restaurante","Restaurante","7516737537427361837","Guayaquil","EC","0x902d6d7f6e0fdf2f:0x6850d0f70433d02d",,"https://lh3.googleusercontent.com/gps-cs-s/AHRPTWmMp-Z0_3QQ_yB8KLvsC7YNBSBPmiMENigeIP1pKNoaU4PYGt-5zyRaGCh-CsO44Y3kcpIxqHcBqttYJWLA5KCtyE5NJnR8gw8Bqvt4CrdbhiyyIURUrsmZ7pVmXDmIjx49cILr0Q=w408-h408-k-no","false","true","/g/11s195xvnt","es-419","0","-2.1656068","-79.9093192",,"Urdesa","es","false","ChIJL98Pbn9tLZARLdAzBPfQUGg","090507","$10-15","Hace 3 años","2023-07-25T01:23:51.204Z",,,,,,,,,,,,,,,,,,,,"3","3","4","ChdDSUhNMG9nS0VJQ0FnSURKOV9HMjBRRRAB",,,,,,,,,,,,,,,,,,,,,,,,"Google",,,"149",,,"432","2026-08-08T17:19:42.857Z","Direct Detail URL: https://www.google.com/maps/place/MoroGrill+-+Urdesa/@-2.1348707,-79.8980443,13.81z/data=!4m10!1m2!2m1!1smorogrill!3m6!1s0x902d6d7f6e0fdf2f:0x6850d0f70433d02d!8m2!3d-2.1656068!4d-79.9093192!15sCgltb3JvZ3JpbGxaCyIJbW9yb2dyaWxskgEKcmVzdGF1cmFudOABAA!16s%2Fg%2F11s195xvnt?entry=ttu&g_ep=EgoyMDI2MDgwNS4xIKXMDSoASAFQAw%3D%3D","5",,"Guayacanes 310 entre la 3ra y la cuarta","false","Estubo buena solo que la comida estuvo fría  a mi no me gustó pero a mi hijo si",,"MoroGrill - Urdesa","4.3",,"https://www.google.com/maps/search/?api=1&query=MoroGrill%20-%20Urdesa&query_place_id=ChIJL98Pbn9tLZARLdAzBPfQUGg",
"Guayacanes 310 entre la 3ra y la cuarta, 090507 Guayaquil, Ecuador","Restaurante","Restaurante","7516737537427361837","Guayaquil","EC","0x902d6d7f6e0fdf2f:0x6850d0f70433d02d",,"https://lh3.googleusercontent.com/gps-cs-s/AHRPTWmMp-Z0_3QQ_yB8KLvsC7YNBSBPmiMENigeIP1pKNoaU4PYGt-5zyRaGCh-CsO44Y3kcpIxqHcBqttYJWLA5KCtyE5NJnR8gw8Bqvt4CrdbhiyyIURUrsmZ7pVmXDmIjx49cILr0Q=w408-h408-k-no","false","true","/g/11s195xvnt","es-419","0","-2.1656068","-79.9093192",,"Urdesa","es","false","ChIJL98Pbn9tLZARLdAzBPfQUGg","090507","$10-15","Hace 3 años","2023-07-24T22:49:18.601Z",,,,,,,,,,,,,,,,,,,,"5","5","4","ChdDSUhNMG9nS0VJQ0FnSURKOS1pay1nRRAB","https://lh3.googleusercontent.com/grass-cs/ACvplmPFb4hpGgEWCr0yUjQw2wo-vXiTLfDcT7SRd1tisGjBqx7OmNPVRw0UZvbbTukRa5QEACLVm2rw0NP6tcVpNi9F7TYI6TmlP6lPmWEsUjyzU3S1wolLzYVRLzcax2iPUB1oOM8=k-no","https://lh3.googleusercontent.com/grass-cs/ACvplmMGmo_ugnxRsK_YomKIcZRv0t27yGo11VprdizcIwLQKlFqcHp3h2Y_qFQ_LIoq3zx_8mN91qBkNJlI2kypTTFpyKJf50_AudeFXbX3HEzznkK_ZaccPd_cGCAt-qI9C5NO8k9iFQ=k-no",,,,,,,,,,,,,,,,,,,,,,"Google",,,"249",,,"432","2026-08-08T17:19:42.857Z","Direct Detail URL: https://www.google.com/maps/place/MoroGrill+-+Urdesa/@-2.1348707,-79.8980443,13.81z/data=!4m10!1m2!2m1!1smorogrill!3m6!1s0x902d6d7f6e0fdf2f:0x6850d0f70433d02d!8m2!3d-2.1656068!4d-79.9093192!15sCgltb3JvZ3JpbGxaCyIJbW9yb2dyaWxskgEKcmVzdGF1cmFudOABAA!16s%2Fg%2F11s195xvnt?entry=ttu&g_ep=EgoyMDI2MDgwNS4xIKXMDSoASAFQAw%3D%3D","5",,"Guayacanes 310 entre la 3ra y la cuarta","false","Un lugar muy especial para disfrutar del verdadero arroz moro.👍",,"MoroGrill - Urdesa","4.3",,"https://www.google.com/maps/search/?api=1&query=MoroGrill%20-%20Urdesa&query_place_id=ChIJL98Pbn9tLZARLdAzBPfQUGg",
"Guayacanes 310 entre la 3ra y la cuarta, 090507 Guayaquil, Ecuador","Restaurante","Restaurante","7516737537427361837","Guayaquil","EC","0x902d6d7f6e0fdf2f:0x6850d0f70433d02d",,"https://lh3.googleusercontent.com/gps-cs-s/AHRPTWmMp-Z0_3QQ_yB8KLvsC7YNBSBPmiMENigeIP1pKNoaU4PYGt-5zyRaGCh-CsO44Y3kcpIxqHcBqttYJWLA5KCtyE5NJnR8gw8Bqvt4CrdbhiyyIURUrsmZ7pVmXDmIjx49cILr0Q=w408-h408-k-no","false","true","/g/11s195xvnt","es-419","0","-2.1656068","-79.9093192",,"Urdesa","es","false","ChIJL98Pbn9tLZARLdAzBPfQUGg","090507","$10-15","Hace 3 años","2023-07-24T14:52:44.458Z",,,,,,,,,,,,,,,,,,,,"5","5","5","ChZDSUhNMG9nS0VJQ0FnSURKbDk2Y1R3EAE","https://lh3.googleusercontent.com/grass-cs/ACvplmPNBCcYQrw6PWWftd0auLEwRzVvuC-YkAD4I6DXrFQmD1eYoJqV3x_DaS1dVXwLfsW5m8s8RxA8X9BX5Qh1q3Lm0zrMXsMxJtPQrUQoB7yVrBZz3W2lFEwNneKTHV6EVN8jHyZ78A=k-no",,,,,,,,,,,,,,,,,,,,,,,"Google",,,"73",,,"432","2026-08-08T17:19:42.857Z","Direct Detail URL: https://www.google.com/maps/place/MoroGrill+-+Urdesa/@-2.1348707,-79.8980443,13.81z/data=!4m10!1m2!2m1!1smorogrill!3m6!1s0x902d6d7f6e0fdf2f:0x6850d0f70433d02d!8m2!3d-2.1656068!4d-79.9093192!15sCgltb3JvZ3JpbGxaCyIJbW9yb2dyaWxskgEKcmVzdGF1cmFudOABAA!16s%2Fg%2F11s195xvnt?entry=ttu&g_ep=EgoyMDI2MDgwNS4xIKXMDSoASAFQAw%3D%3D","5",,"Guayacanes 310 entre la 3ra y la cuarta","false","Espectacular muy bien lugar recomendadisimo",,"MoroGrill - Urdesa","4.3",,"https://www.google.com/maps/search/?api=1&query=MoroGrill%20-%20Urdesa&query_place_id=ChIJL98Pbn9tLZARLdAzBPfQUGg",
"Guayacanes 310 entre la 3ra y la cuarta, 090507 Guayaquil, Ecuador","Restaurante","Restaurante","7516737537427361837","Guayaquil","EC","0x902d6d7f6e0fdf2f:0x6850d0f70433d02d",,"https://lh3.googleusercontent.com/gps-cs-s/AHRPTWmMp-Z0_3QQ_yB8KLvsC7YNBSBPmiMENigeIP1pKNoaU4PYGt-5zyRaGCh-CsO44Y3kcpIxqHcBqttYJWLA5KCtyE5NJnR8gw8Bqvt4CrdbhiyyIURUrsmZ7pVmXDmIjx49cILr0Q=w408-h408-k-no","false","true","/g/11s195xvnt","es-419","0","-2.1656068","-79.9093192",,"Urdesa",,"false","ChIJL98Pbn9tLZARLdAzBPfQUGg","090507","$10-15","Hace 3 años","2023-07-23T13:43:40.550Z",,,,,,,,,,,,,,,,,,,,"4","3","5","ChZDSUhNMG9nS0VJQ0FnSURKMjdYdGVREAE",,,,,,,,,,,,,,,,,,,,,,,,"Google",,,"23",,,"432","2026-08-08T17:19:42.857Z","Direct Detail URL: https://www.google.com/maps/place/MoroGrill+-+Urdesa/@-2.1348707,-79.8980443,13.81z/data=!4m10!1m2!2m1!1smorogrill!3m6!1s0x902d6d7f6e0fdf2f:0x6850d0f70433d02d!8m2!3d-2.1656068!4d-79.9093192!15sCgltb3JvZ3JpbGxaCyIJbW9yb2dyaWxskgEKcmVzdGF1cmFudOABAA!16s%2Fg%2F11s195xvnt?entry=ttu&g_ep=EgoyMDI2MDgwNS4xIKXMDSoASAFQAw%3D%3D","3",,"Guayacanes 310 entre la 3ra y la cuarta","false",,,"MoroGrill - Urdesa","4.3",,"https://www.google.com/maps/search/?api=1&query=MoroGrill%20-%20Urdesa&query_place_id=ChIJL98Pbn9tLZARLdAzBPfQUGg",
"Guayacanes 310 entre la 3ra y la cuarta, 090507 Guayaquil, Ecuador","Restaurante","Restaurante","7516737537427361837","Guayaquil","EC","0x902d6d7f6e0fdf2f:0x6850d0f70433d02d",,"https://lh3.googleusercontent.com/gps-cs-s/AHRPTWmMp-Z0_3QQ_yB8KLvsC7YNBSBPmiMENigeIP1pKNoaU4PYGt-5zyRaGCh-CsO44Y3kcpIxqHcBqttYJWLA5KCtyE5NJnR8gw8Bqvt4CrdbhiyyIURUrsmZ7pVmXDmIjx49cILr0Q=w408-h408-k-no","false","true","/g/11s195xvnt","es-419","0","-2.1656068","-79.9093192",,"Urdesa",,"false","ChIJL98Pbn9tLZARLdAzBPfQUGg","090507","$10-15","Hace 3 años","2023-07-22T13:04:31.134Z",,,,,,,,,,,,,,,,,,,,"4","4","4","ChZDSUhNMG9nS0VJQ0FnSURKNF9QZUxBEAE",,,,,,,,,,,,,,,,,,,,,,,,"Google",,,"1",,,"432","2026-08-08T17:19:42.857Z","Direct Detail URL: https://www.google.com/maps/place/MoroGrill+-+Urdesa/@-2.1348707,-79.8980443,13.81z/data=!4m10!1m2!2m1!1smorogrill!3m6!1s0x902d6d7f6e0fdf2f:0x6850d0f70433d02d!8m2!3d-2.1656068!4d-79.9093192!15sCgltb3JvZ3JpbGxaCyIJbW9yb2dyaWxskgEKcmVzdGF1cmFudOABAA!16s%2Fg%2F11s195xvnt?entry=ttu&g_ep=EgoyMDI2MDgwNS4xIKXMDSoASAFQAw%3D%3D","4",,"Guayacanes 310 entre la 3ra y la cuarta","false",,,"MoroGrill - Urdesa","4.3",,"https://www.google.com/maps/search/?api=1&query=MoroGrill%20-%20Urdesa&query_place_id=ChIJL98Pbn9tLZARLdAzBPfQUGg",
"Guayacanes 310 entre la 3ra y la cuarta, 090507 Guayaquil, Ecuador","Restaurante","Restaurante","7516737537427361837","Guayaquil","EC","0x902d6d7f6e0fdf2f:0x6850d0f70433d02d",,"https://lh3.googleusercontent.com/gps-cs-s/AHRPTWmMp-Z0_3QQ_yB8KLvsC7YNBSBPmiMENigeIP1pKNoaU4PYGt-5zyRaGCh-CsO44Y3kcpIxqHcBqttYJWLA5KCtyE5NJnR8gw8Bqvt4CrdbhiyyIURUrsmZ7pVmXDmIjx49cILr0Q=w408-h408-k-no","false","true","/g/11s195xvnt","es-419","1","-2.1656068","-79.9093192",,"Urdesa","es","false","ChIJL98Pbn9tLZARLdAzBPfQUGg","090507","$10-15","Hace 3 años","2023-07-16T23:56:43.235Z",,,,,,,,,,,,,"$10-15",,,,,"Almuerzo","Consumo en el lugar","5","4","5","ChZDSUhNMG9nS0VJQ0FnSURKanFqbEhREAE","https://lh3.googleusercontent.com/grass-cs/ACvplmPsew8F-iwTKRGfeN4VdbthlzG58zR7j5S79bpHXtoWBwXgVGPsWGkj0KsnSdFG0q94M9fFB9Ov9RBj7S4Nsieh3tN3KfrR-ZyEG1-d7NPE6Hthfp1fNaUP7w-qLWfTCU9ckEPH5w=k-no",,,,,,,,,,,,,,,,,,,,,,,"Google",,,"12",,,"432","2026-08-08T17:19:42.857Z","Direct Detail URL: https://www.google.com/maps/place/MoroGrill+-+Urdesa/@-2.1348707,-79.8980443,13.81z/data=!4m10!1m2!2m1!1smorogrill!3m6!1s0x902d6d7f6e0fdf2f:0x6850d0f70433d02d!8m2!3d-2.1656068!4d-79.9093192!15sCgltb3JvZ3JpbGxaCyIJbW9yb2dyaWxskgEKcmVzdGF1cmFudOABAA!16s%2Fg%2F11s195xvnt?entry=ttu&g_ep=EgoyMDI2MDgwNS4xIKXMDSoASAFQAw%3D%3D","4",,"Guayacanes 310 entre la 3ra y la cuarta","false","Buen ambiente para disfrutar un agradable momento, y delicioso los chifles de cortesía, 3B.",,"MoroGrill - Urdesa","4.3",,"https://www.google.com/maps/search/?api=1&query=MoroGrill%20-%20Urdesa&query_place_id=ChIJL98Pbn9tLZARLdAzBPfQUGg",
"Guayacanes 310 entre la 3ra y la cuarta, 090507 Guayaquil, Ecuador","Restaurante","Restaurante","7516737537427361837","Guayaquil","EC","0x902d6d7f6e0fdf2f:0x6850d0f70433d02d",,"https://lh3.googleusercontent.com/gps-cs-s/AHRPTWmMp-Z0_3QQ_yB8KLvsC7YNBSBPmiMENigeIP1pKNoaU4PYGt-5zyRaGCh-CsO44Y3kcpIxqHcBqttYJWLA5KCtyE5NJnR8gw8Bqvt4CrdbhiyyIURUrsmZ7pVmXDmIjx49cILr0Q=w408-h408-k-no","false","true","/g/11s195xvnt","es-419","0","-2.1656068","-79.9093192",,"Urdesa",,"false","ChIJL98Pbn9tLZARLdAzBPfQUGg","090507","$10-15","Hace 3 años","2023-07-16T04:59:37.592Z",,,,,,,,,,,,,,,,,,,,,,,"ChZDSUhNMG9nS0VJQ0FnSURKcHFlb1NREAE",,,,,,,,,,,,,,,,,,,,,,,,"Google",,,"25",,,"432","2026-08-08T17:19:42.857Z","Direct Detail URL: https://www.google.com/maps/place/MoroGrill+-+Urdesa/@-2.1348707,-79.8980443,13.81z/data=!4m10!1m2!2m1!1smorogrill!3m6!1s0x902d6d7f6e0fdf2f:0x6850d0f70433d02d!8m2!3d-2.1656068!4d-79.9093192!15sCgltb3JvZ3JpbGxaCyIJbW9yb2dyaWxskgEKcmVzdGF1cmFudOABAA!16s%2Fg%2F11s195xvnt?entry=ttu&g_ep=EgoyMDI2MDgwNS4xIKXMDSoASAFQAw%3D%3D","5",,"Guayacanes 310 entre la 3ra y la cuarta","false",,,"MoroGrill - Urdesa","4.3",,"https://www.google.com/maps/search/?api=1&query=MoroGrill%20-%20Urdesa&query_place_id=ChIJL98Pbn9tLZARLdAzBPfQUGg",
"Guayacanes 310 entre la 3ra y la cuarta, 090507 Guayaquil, Ecuador","Restaurante","Restaurante","7516737537427361837","Guayaquil","EC","0x902d6d7f6e0fdf2f:0x6850d0f70433d02d",,"https://lh3.googleusercontent.com/gps-cs-s/AHRPTWmMp-Z0_3QQ_yB8KLvsC7YNBSBPmiMENigeIP1pKNoaU4PYGt-5zyRaGCh-CsO44Y3kcpIxqHcBqttYJWLA5KCtyE5NJnR8gw8Bqvt4CrdbhiyyIURUrsmZ7pVmXDmIjx49cILr0Q=w408-h408-k-no","false","true","/g/11s195xvnt","es-419","3","-2.1656068","-79.9093192",,"Urdesa","es","false","ChIJL98Pbn9tLZARLdAzBPfQUGg","090507","$10-15","Hace 3 años","2023-07-11T16:48:04.186Z",,,,,,,,,,,,,,,,,,,,"5","5","5","ChdDSUhNMG9nS0VJQ0FnSURKMU91aGxBRRAB",,,,,,,,,,,,,,,,,,,,,,,,"Google",,,"146",,,"432","2026-08-08T17:19:42.857Z","Direct Detail URL: https://www.google.com/maps/place/MoroGrill+-+Urdesa/@-2.1348707,-79.8980443,13.81z/data=!4m10!1m2!2m1!1smorogrill!3m6!1s0x902d6d7f6e0fdf2f:0x6850d0f70433d02d!8m2!3d-2.1656068!4d-79.9093192!15sCgltb3JvZ3JpbGxaCyIJbW9yb2dyaWxskgEKcmVzdGF1cmFudOABAA!16s%2Fg%2F11s195xvnt?entry=ttu&g_ep=EgoyMDI2MDgwNS4xIKXMDSoASAFQAw%3D%3D","5",,"Guayacanes 310 entre la 3ra y la cuarta","false","El sartenazo es lo mejor del mundo! 🤤",,"MoroGrill - Urdesa","4.3",,"https://www.google.com/maps/search/?api=1&query=MoroGrill%20-%20Urdesa&query_place_id=ChIJL98Pbn9tLZARLdAzBPfQUGg",
"Guayacanes 310 entre la 3ra y la cuarta, 090507 Guayaquil, Ecuador","Restaurante","Restaurante","7516737537427361837","Guayaquil","EC","0x902d6d7f6e0fdf2f:0x6850d0f70433d02d",,"https://lh3.googleusercontent.com/gps-cs-s/AHRPTWmMp-Z0_3QQ_yB8KLvsC7YNBSBPmiMENigeIP1pKNoaU4PYGt-5zyRaGCh-CsO44Y3kcpIxqHcBqttYJWLA5KCtyE5NJnR8gw8Bqvt4CrdbhiyyIURUrsmZ7pVmXDmIjx49cILr0Q=w408-h408-k-no","false","true","/g/11s195xvnt","es-419","0","-2.1656068","-79.9093192",,"Urdesa",,"false","ChIJL98Pbn9tLZARLdAzBPfQUGg","090507","$10-15","Hace 3 años","2023-07-11T06:57:35.293Z",,,,,,,,,,,,,"$10-15",,,,,"Almuerzo","Consumo en el lugar","4","5","5","ChZDSUhNMG9nS0VJQ0FnSURKcE9xTGFBEAE",,,,,,,,,,,,,,,,,,,,,,,,"Google",,,"93",,,"432","2026-08-08T17:19:42.857Z","Direct Detail URL: https://www.google.com/maps/place/MoroGrill+-+Urdesa/@-2.1348707,-79.8980443,13.81z/data=!4m10!1m2!2m1!1smorogrill!3m6!1s0x902d6d7f6e0fdf2f:0x6850d0f70433d02d!8m2!3d-2.1656068!4d-79.9093192!15sCgltb3JvZ3JpbGxaCyIJbW9yb2dyaWxskgEKcmVzdGF1cmFudOABAA!16s%2Fg%2F11s195xvnt?entry=ttu&g_ep=EgoyMDI2MDgwNS4xIKXMDSoASAFQAw%3D%3D","4",,"Guayacanes 310 entre la 3ra y la cuarta","false",,,"MoroGrill - Urdesa","4.3",,"https://www.google.com/maps/search/?api=1&query=MoroGrill%20-%20Urdesa&query_place_id=ChIJL98Pbn9tLZARLdAzBPfQUGg",
"Guayacanes 310 entre la 3ra y la cuarta, 090507 Guayaquil, Ecuador","Restaurante","Restaurante","7516737537427361837","Guayaquil","EC","0x902d6d7f6e0fdf2f:0x6850d0f70433d02d",,"https://lh3.googleusercontent.com/gps-cs-s/AHRPTWmMp-Z0_3QQ_yB8KLvsC7YNBSBPmiMENigeIP1pKNoaU4PYGt-5zyRaGCh-CsO44Y3kcpIxqHcBqttYJWLA5KCtyE5NJnR8gw8Bqvt4CrdbhiyyIURUrsmZ7pVmXDmIjx49cILr0Q=w408-h408-k-no","false","false","/g/11s195xvnt","es-419","0","-2.1656068","-79.9093192",,"Urdesa",,"false","ChIJL98Pbn9tLZARLdAzBPfQUGg","090507","$10-15","Hace 3 años","2023-07-09T20:29:43.283Z",,,,,,,,,,,,,,,,,,,,,,,"ChZDSUhNMG9nS0VJQ0FnSURKeU9xQVl3EAE",,,,,,,,,,,,,,,,,,,,,,,,"Google",,,"6",,,"432","2026-08-08T17:19:42.857Z","Direct Detail URL: https://www.google.com/maps/place/MoroGrill+-+Urdesa/@-2.1348707,-79.8980443,13.81z/data=!4m10!1m2!2m1!1smorogrill!3m6!1s0x902d6d7f6e0fdf2f:0x6850d0f70433d02d!8m2!3d-2.1656068!4d-79.9093192!15sCgltb3JvZ3JpbGxaCyIJbW9yb2dyaWxskgEKcmVzdGF1cmFudOABAA!16s%2Fg%2F11s195xvnt?entry=ttu&g_ep=EgoyMDI2MDgwNS4xIKXMDSoASAFQAw%3D%3D","5",,"Guayacanes 310 entre la 3ra y la cuarta","false",,,"MoroGrill - Urdesa","4.3",,"https://www.google.com/maps/search/?api=1&query=MoroGrill%20-%20Urdesa&query_place_id=ChIJL98Pbn9tLZARLdAzBPfQUGg",
"Guayacanes 310 entre la 3ra y la cuarta, 090507 Guayaquil, Ecuador","Restaurante","Restaurante","7516737537427361837","Guayaquil","EC","0x902d6d7f6e0fdf2f:0x6850d0f70433d02d",,"https://lh3.googleusercontent.com/gps-cs-s/AHRPTWmMp-Z0_3QQ_yB8KLvsC7YNBSBPmiMENigeIP1pKNoaU4PYGt-5zyRaGCh-CsO44Y3kcpIxqHcBqttYJWLA5KCtyE5NJnR8gw8Bqvt4CrdbhiyyIURUrsmZ7pVmXDmIjx49cILr0Q=w408-h408-k-no","false","true","/g/11s195xvnt","es-419","1","-2.1656068","-79.9093192",,"Urdesa","es","false","ChIJL98Pbn9tLZARLdAzBPfQUGg","090507","$10-15","Hace 3 años","2023-07-08T03:46:33.006Z",,,,,,,,,,,,,"$10-15",,,,,"Cena","Consumo en el lugar","3","4","5","ChdDSUhNMG9nS0VJQ0FnSUNKMy1IaXlRRRAB","https://lh3.googleusercontent.com/grass-cs/ACvplmOvgg176HvZz8nOw49DMmHcqcgWwxr9ya7jGML11I7cNKZXLq6Ke6QAr7sCsuSR9XXnKnYX0a5afTHpdqJ2RuvGI3kKx3XbzX5wvkDCQAGMayeDfnZonvTaa0ZyRPX3A1ox34KX=k-no","https://lh3.googleusercontent.com/grass-cs/ACvplmMfJHZI9s7Ebo7dozDm0ngrNtv-O5AKFTmCl5P9xjXQrZottWjEBWvGwX3L70hMCJI0rTBwvn-Lkq6UJyepkq70jqwR1TkREhUaYi-O_ivfwaAE35YG4xkB-B6On91j7qxmqUuj=k-no","https://lh3.googleusercontent.com/grass-cs/ACvplmPbybGTjJ9Cxhkpi-CDL8Mzkp5H67ebo9_rhkbkquTRJ8Dg8c628WRp06TZTLsmRQMfrVh0VolAXYRFIEV08Vb08sCgJ-fEZ5mUXVi0ze3Mj1orj5RLpIWtv9hMB_ihxX28lMAw=k-no","https://lh3.googleusercontent.com/grass-cs/ACvplmOLDSuC6oo8rIaRtXxj8juCUV4RW7dKlhdbCF3M2w3fNsywZF_dGj3nrelJniUsu6GGEzWr5IBCksd0OXwuHSA7McxUcxABI5uTdNew-Gz0COOlvU3qtACtZwSNoCkdEHLeC2sZyg=k-no",,,,,,,,,,,,,,,,,,,,"Google",,,"62",,,"432","2026-08-08T17:19:42.857Z","Direct Detail URL: https://www.google.com/maps/place/MoroGrill+-+Urdesa/@-2.1348707,-79.8980443,13.81z/data=!4m10!1m2!2m1!1smorogrill!3m6!1s0x902d6d7f6e0fdf2f:0x6850d0f70433d02d!8m2!3d-2.1656068!4d-79.9093192!15sCgltb3JvZ3JpbGxaCyIJbW9yb2dyaWxskgEKcmVzdGF1cmFudOABAA!16s%2Fg%2F11s195xvnt?entry=ttu&g_ep=EgoyMDI2MDgwNS4xIKXMDSoASAFQAw%3D%3D","4",,"Guayacanes 310 entre la 3ra y la cuarta","false","Un lugar pequeño en el que se encierra casi todo el sonido y conversaciones, por ese lado no me encanto, ahora la comida es acorde al precio la ración servida me parece bien, no es exquisito pero si estaba rico, su plato estrella es el sartenazo que consiste en un sartén servido con arroz y menestra además las proteínas que escojas acompañado con varias salsas que le dan el toque, la hamburguesa estaba rica y la atención de s muy buena los meseros son muy atentos",,"MoroGrill - Urdesa","4.3",,"https://www.google.com/maps/search/?api=1&query=MoroGrill%20-%20Urdesa&query_place_id=ChIJL98Pbn9tLZARLdAzBPfQUGg",
"Guayacanes 310 entre la 3ra y la cuarta, 090507 Guayaquil, Ecuador","Restaurante","Restaurante","7516737537427361837","Guayaquil","EC","0x902d6d7f6e0fdf2f:0x6850d0f70433d02d",,"https://lh3.googleusercontent.com/gps-cs-s/AHRPTWmMp-Z0_3QQ_yB8KLvsC7YNBSBPmiMENigeIP1pKNoaU4PYGt-5zyRaGCh-CsO44Y3kcpIxqHcBqttYJWLA5KCtyE5NJnR8gw8Bqvt4CrdbhiyyIURUrsmZ7pVmXDmIjx49cILr0Q=w408-h408-k-no","false","true","/g/11s195xvnt","es-419","1","-2.1656068","-79.9093192",,"Urdesa","es","false","ChIJL98Pbn9tLZARLdAzBPfQUGg","090507","$10-15","Hace 3 años","2023-07-06T07:59:26.393Z",,,,,,,,,,,,,"$15-20",,,,,"Almuerzo","Consumo en el lugar","5","3","4","ChdDSUhNMG9nS0VJQ0FnSUNKeDdiRGxnRRAB","https://lh3.googleusercontent.com/grass-cs/ACvplmPpZIKFD97HLBqzzsa-rIWZ4MLTsjuo4Vx4GsYzKJ0ZQ1Aguil3omip5i_fEUSCpLstShldcO2tm3NzxYO9c0WcUTniAL7RxIdoZvHusgAQRbZoLAOEhdxU5Dsagz9zSkMsUCc=k-no","https://lh3.googleusercontent.com/grass-cs/ACvplmOVmHIqHLqHBjCPlytKKeCpNNcc5-kqKjKmof8_QXyTeS6oSyNUKsH1V3HwfFFXfoyLJCii40ydi5AeEl8x1Pom30OK5-LUE0z0mk7ErRw09JSvYOZAZbT1TIYBcjPRofvwc_kDyA=k-no","https://lh3.googleusercontent.com/grass-cs/ACvplmMbH4w_1YifdfmwZGEt0b5XGo6L-oIej2q700lGBCKOP9teDnziN1_16D6qYYAguHzW2x7_zPcbEM7nqMjiDpSgzWnviA7EDhdGNogumbfqyYkyQaDabURy8Yl5Jopooti0ioQ_=k-no","https://lh3.googleusercontent.com/grass-cs/ACvplmOq3ve44WzPa_LVNOFOPrpYiUldXUgT2l_EVBjVgvCg9686FSVA_0enr33fl7x8OOjwaSRbfxTOQJFeRolt4Rho2CIok3trqs-U3Z_raAlR92FJfIC-TolrHN7R38OjeMf5HZvTgQ=k-no",,,,,,,,,,,,,,,,,,,,"Google",,,"10",,,"432","2026-08-08T17:19:42.857Z","Direct Detail URL: https://www.google.com/maps/place/MoroGrill+-+Urdesa/@-2.1348707,-79.8980443,13.81z/data=!4m10!1m2!2m1!1smorogrill!3m6!1s0x902d6d7f6e0fdf2f:0x6850d0f70433d02d!8m2!3d-2.1656068!4d-79.9093192!15sCgltb3JvZ3JpbGxaCyIJbW9yb2dyaWxskgEKcmVzdGF1cmFudOABAA!16s%2Fg%2F11s195xvnt?entry=ttu&g_ep=EgoyMDI2MDgwNS4xIKXMDSoASAFQAw%3D%3D","3",,"Guayacanes 310 entre la 3ra y la cuarta","false","El lugar es bastante bonito sin embargo tenía expectativas demasiado altas para la comida, pedimos sartenazos de costillas y la verdad el sabor no le hace justicia al precio.
-Pedimos moro manaba y el queso del moto se sentía amargo lo que hizo que no se pudiera disfrutar bien toda la comida
- Hubo una confusión en las salsas de nuestro pedido
- La porción del sartenazo si podría ser para dos personas o para una de buen comer",,"MoroGrill - Urdesa","4.3",,"https://www.google.com/maps/search/?api=1&query=MoroGrill%20-%20Urdesa&query_place_id=ChIJL98Pbn9tLZARLdAzBPfQUGg",
"Guayacanes 310 entre la 3ra y la cuarta, 090507 Guayaquil, Ecuador","Restaurante","Restaurante","7516737537427361837","Guayaquil","EC","0x902d6d7f6e0fdf2f:0x6850d0f70433d02d",,"https://lh3.googleusercontent.com/gps-cs-s/AHRPTWmMp-Z0_3QQ_yB8KLvsC7YNBSBPmiMENigeIP1pKNoaU4PYGt-5zyRaGCh-CsO44Y3kcpIxqHcBqttYJWLA5KCtyE5NJnR8gw8Bqvt4CrdbhiyyIURUrsmZ7pVmXDmIjx49cILr0Q=w408-h408-k-no","false","true","/g/11s195xvnt","es-419","0","-2.1656068","-79.9093192",,"Urdesa",,"false","ChIJL98Pbn9tLZARLdAzBPfQUGg","090507","$10-15","Hace 3 años","2023-07-01T01:35:39.416Z",,,,,,,,,,,,,,,,,,,,"5","5","5","ChZDSUhNMG9nS0VJQ0FnSUNKaFppQUd3EAE",,,,,,,,,,,,,,,,,,,,,,,,"Google",,,"6",,,"432","2026-08-08T17:19:42.857Z","Direct Detail URL: https://www.google.com/maps/place/MoroGrill+-+Urdesa/@-2.1348707,-79.8980443,13.81z/data=!4m10!1m2!2m1!1smorogrill!3m6!1s0x902d6d7f6e0fdf2f:0x6850d0f70433d02d!8m2!3d-2.1656068!4d-79.9093192!15sCgltb3JvZ3JpbGxaCyIJbW9yb2dyaWxskgEKcmVzdGF1cmFudOABAA!16s%2Fg%2F11s195xvnt?entry=ttu&g_ep=EgoyMDI2MDgwNS4xIKXMDSoASAFQAw%3D%3D","4",,"Guayacanes 310 entre la 3ra y la cuarta","false",,,"MoroGrill - Urdesa","4.3",,"https://www.google.com/maps/search/?api=1&query=MoroGrill%20-%20Urdesa&query_place_id=ChIJL98Pbn9tLZARLdAzBPfQUGg",
"Guayacanes 310 entre la 3ra y la cuarta, 090507 Guayaquil, Ecuador","Restaurante","Restaurante","7516737537427361837","Guayaquil","EC","0x902d6d7f6e0fdf2f:0x6850d0f70433d02d",,"https://lh3.googleusercontent.com/gps-cs-s/AHRPTWmMp-Z0_3QQ_yB8KLvsC7YNBSBPmiMENigeIP1pKNoaU4PYGt-5zyRaGCh-CsO44Y3kcpIxqHcBqttYJWLA5KCtyE5NJnR8gw8Bqvt4CrdbhiyyIURUrsmZ7pVmXDmIjx49cILr0Q=w408-h408-k-no","false","false","/g/11s195xvnt","es-419","0","-2.1656068","-79.9093192",,"Urdesa",,"false","ChIJL98Pbn9tLZARLdAzBPfQUGg","090507","$10-15","Hace 3 años","2023-06-24T14:45:41.915Z",,,,,,,,,,,,,,,,,,,,"3","4","4","ChZDSUhNMG9nS0VJQ0FnSUNKOHRYb1ZREAE",,,,,,,,,,,,,,,,,,,,,,,,"Google",,,"0",,,"432","2026-08-08T17:19:42.857Z","Direct Detail URL: https://www.google.com/maps/place/MoroGrill+-+Urdesa/@-2.1348707,-79.8980443,13.81z/data=!4m10!1m2!2m1!1smorogrill!3m6!1s0x902d6d7f6e0fdf2f:0x6850d0f70433d02d!8m2!3d-2.1656068!4d-79.9093192!15sCgltb3JvZ3JpbGxaCyIJbW9yb2dyaWxskgEKcmVzdGF1cmFudOABAA!16s%2Fg%2F11s195xvnt?entry=ttu&g_ep=EgoyMDI2MDgwNS4xIKXMDSoASAFQAw%3D%3D","3",,"Guayacanes 310 entre la 3ra y la cuarta","false",,,"MoroGrill - Urdesa","4.3",,"https://www.google.com/maps/search/?api=1&query=MoroGrill%20-%20Urdesa&query_place_id=ChIJL98Pbn9tLZARLdAzBPfQUGg",
"Guayacanes 310 entre la 3ra y la cuarta, 090507 Guayaquil, Ecuador","Restaurante","Restaurante","7516737537427361837","Guayaquil","EC","0x902d6d7f6e0fdf2f:0x6850d0f70433d02d",,"https://lh3.googleusercontent.com/gps-cs-s/AHRPTWmMp-Z0_3QQ_yB8KLvsC7YNBSBPmiMENigeIP1pKNoaU4PYGt-5zyRaGCh-CsO44Y3kcpIxqHcBqttYJWLA5KCtyE5NJnR8gw8Bqvt4CrdbhiyyIURUrsmZ7pVmXDmIjx49cILr0Q=w408-h408-k-no","false","false","/g/11s195xvnt","es-419","0","-2.1656068","-79.9093192",,"Urdesa",,"false","ChIJL98Pbn9tLZARLdAzBPfQUGg","090507","$10-15","Hace 3 años","2023-06-24T05:42:32.262Z",,,,,,,,,,,,,,,,,,,,"5","5","5","ChZDSUhNMG9nS0VJQ0FnSUNKMHRTYkR3EAE",,,,,,,,,,,,,,,,,,,,,,,,"Google",,,"1",,,"432","2026-08-08T17:19:42.857Z","Direct Detail URL: https://www.google.com/maps/place/MoroGrill+-+Urdesa/@-2.1348707,-79.8980443,13.81z/data=!4m10!1m2!2m1!1smorogrill!3m6!1s0x902d6d7f6e0fdf2f:0x6850d0f70433d02d!8m2!3d-2.1656068!4d-79.9093192!15sCgltb3JvZ3JpbGxaCyIJbW9yb2dyaWxskgEKcmVzdGF1cmFudOABAA!16s%2Fg%2F11s195xvnt?entry=ttu&g_ep=EgoyMDI2MDgwNS4xIKXMDSoASAFQAw%3D%3D","5",,"Guayacanes 310 entre la 3ra y la cuarta","false",,,"MoroGrill - Urdesa","4.3",,"https://www.google.com/maps/search/?api=1&query=MoroGrill%20-%20Urdesa&query_place_id=ChIJL98Pbn9tLZARLdAzBPfQUGg",
"Guayacanes 310 entre la 3ra y la cuarta, 090507 Guayaquil, Ecuador","Restaurante","Restaurante","7516737537427361837","Guayaquil","EC","0x902d6d7f6e0fdf2f:0x6850d0f70433d02d",,"https://lh3.googleusercontent.com/gps-cs-s/AHRPTWmMp-Z0_3QQ_yB8KLvsC7YNBSBPmiMENigeIP1pKNoaU4PYGt-5zyRaGCh-CsO44Y3kcpIxqHcBqttYJWLA5KCtyE5NJnR8gw8Bqvt4CrdbhiyyIURUrsmZ7pVmXDmIjx49cILr0Q=w408-h408-k-no","false","true","/g/11s195xvnt","es-419","0","-2.1656068","-79.9093192",,"Urdesa",,"false","ChIJL98Pbn9tLZARLdAzBPfQUGg","090507","$10-15","Hace 3 años","2023-06-15T21:14:07.570Z",,,,,,,,,,,,,,,,,,,,"5","3","4","ChdDSUhNMG9nS0VJQ0FnSUR4LTlIVnR3RRAB",,,,,,,,,,,,,,,,,,,,,,,,"Google",,,"15",,,"432","2026-08-08T17:19:42.857Z","Direct Detail URL: https://www.google.com/maps/place/MoroGrill+-+Urdesa/@-2.1348707,-79.8980443,13.81z/data=!4m10!1m2!2m1!1smorogrill!3m6!1s0x902d6d7f6e0fdf2f:0x6850d0f70433d02d!8m2!3d-2.1656068!4d-79.9093192!15sCgltb3JvZ3JpbGxaCyIJbW9yb2dyaWxskgEKcmVzdGF1cmFudOABAA!16s%2Fg%2F11s195xvnt?entry=ttu&g_ep=EgoyMDI2MDgwNS4xIKXMDSoASAFQAw%3D%3D","3",,"Guayacanes 310 entre la 3ra y la cuarta","false",,,"MoroGrill - Urdesa","4.3",,"https://www.google.com/maps/search/?api=1&query=MoroGrill%20-%20Urdesa&query_place_id=ChIJL98Pbn9tLZARLdAzBPfQUGg",
"Guayacanes 310 entre la 3ra y la cuarta, 090507 Guayaquil, Ecuador","Restaurante","Restaurante","7516737537427361837","Guayaquil","EC","0x902d6d7f6e0fdf2f:0x6850d0f70433d02d",,"https://lh3.googleusercontent.com/gps-cs-s/AHRPTWmMp-Z0_3QQ_yB8KLvsC7YNBSBPmiMENigeIP1pKNoaU4PYGt-5zyRaGCh-CsO44Y3kcpIxqHcBqttYJWLA5KCtyE5NJnR8gw8Bqvt4CrdbhiyyIURUrsmZ7pVmXDmIjx49cILr0Q=w408-h408-k-no","false","false","/g/11s195xvnt","es-419","0","-2.1656068","-79.9093192",,"Urdesa",,"false","ChIJL98Pbn9tLZARLdAzBPfQUGg","090507","$10-15","Hace 3 años","2023-06-11T01:13:05.924Z",,,,,,,,,,,,,,,,,,,,"5","5","5","ChdDSUhNMG9nS0VJQ0FnSUR4cVpUOXB3RRAB",,,,,,,,,,,,,,,,,,,,,,,,"Google",,,"0",,,"432","2026-08-08T17:19:42.857Z","Direct Detail URL: https://www.google.com/maps/place/MoroGrill+-+Urdesa/@-2.1348707,-79.8980443,13.81z/data=!4m10!1m2!2m1!1smorogrill!3m6!1s0x902d6d7f6e0fdf2f:0x6850d0f70433d02d!8m2!3d-2.1656068!4d-79.9093192!15sCgltb3JvZ3JpbGxaCyIJbW9yb2dyaWxskgEKcmVzdGF1cmFudOABAA!16s%2Fg%2F11s195xvnt?entry=ttu&g_ep=EgoyMDI2MDgwNS4xIKXMDSoASAFQAw%3D%3D","5",,"Guayacanes 310 entre la 3ra y la cuarta","false",,,"MoroGrill - Urdesa","4.3",,"https://www.google.com/maps/search/?api=1&query=MoroGrill%20-%20Urdesa&query_place_id=ChIJL98Pbn9tLZARLdAzBPfQUGg",
"Guayacanes 310 entre la 3ra y la cuarta, 090507 Guayaquil, Ecuador","Restaurante","Restaurante","7516737537427361837","Guayaquil","EC","0x902d6d7f6e0fdf2f:0x6850d0f70433d02d",,"https://lh3.googleusercontent.com/gps-cs-s/AHRPTWmMp-Z0_3QQ_yB8KLvsC7YNBSBPmiMENigeIP1pKNoaU4PYGt-5zyRaGCh-CsO44Y3kcpIxqHcBqttYJWLA5KCtyE5NJnR8gw8Bqvt4CrdbhiyyIURUrsmZ7pVmXDmIjx49cILr0Q=w408-h408-k-no","false","false","/g/11s195xvnt","es-419","0","-2.1656068","-79.9093192",,"Urdesa",,"false","ChIJL98Pbn9tLZARLdAzBPfQUGg","090507","$10-15","Hace 3 años","2023-06-10T23:35:47.365Z",,,,,,,,,,,,,,,,,,,"Consumo en el lugar","5","5","5","ChZDSUhNMG9nS0VJQ0FnSUR4eWJ2V2VnEAE",,,,,,,,,,,,,,,,,,,,,,,,"Google",,,"0",,,"432","2026-08-08T17:19:42.857Z","Direct Detail URL: https://www.google.com/maps/place/MoroGrill+-+Urdesa/@-2.1348707,-79.8980443,13.81z/data=!4m10!1m2!2m1!1smorogrill!3m6!1s0x902d6d7f6e0fdf2f:0x6850d0f70433d02d!8m2!3d-2.1656068!4d-79.9093192!15sCgltb3JvZ3JpbGxaCyIJbW9yb2dyaWxskgEKcmVzdGF1cmFudOABAA!16s%2Fg%2F11s195xvnt?entry=ttu&g_ep=EgoyMDI2MDgwNS4xIKXMDSoASAFQAw%3D%3D","5",,"Guayacanes 310 entre la 3ra y la cuarta","false",,,"MoroGrill - Urdesa","4.3",,"https://www.google.com/maps/search/?api=1&query=MoroGrill%20-%20Urdesa&query_place_id=ChIJL98Pbn9tLZARLdAzBPfQUGg",
"Guayacanes 310 entre la 3ra y la cuarta, 090507 Guayaquil, Ecuador","Restaurante","Restaurante","7516737537427361837","Guayaquil","EC","0x902d6d7f6e0fdf2f:0x6850d0f70433d02d",,"https://lh3.googleusercontent.com/gps-cs-s/AHRPTWmMp-Z0_3QQ_yB8KLvsC7YNBSBPmiMENigeIP1pKNoaU4PYGt-5zyRaGCh-CsO44Y3kcpIxqHcBqttYJWLA5KCtyE5NJnR8gw8Bqvt4CrdbhiyyIURUrsmZ7pVmXDmIjx49cILr0Q=w408-h408-k-no","false","true","/g/11s195xvnt","es-419","0","-2.1656068","-79.9093192",,"Urdesa",,"false","ChIJL98Pbn9tLZARLdAzBPfQUGg","090507","$10-15","Hace 3 años","2023-06-08T02:28:58.025Z",,,,,,,,,,,,,,,,,,,,"5","5","5","ChZDSUhNMG9nS0VJQ0FnSUR4OXFldU5REAE","https://lh3.googleusercontent.com/grass-cs/ACvplmMk8vWcFLFjsTYUPe5X0EEKAyrzeYEcPhWWEv6Zu_ENJQTUpoWkRtAPXR-6E7vsH0tFw2ZrQOs4LotCP44K0oOFLJlzKoE3gwHJmg3tjauyqj8WUdiMCPlKbRCB1g0wVq0Ch7ad=k-no","https://lh3.googleusercontent.com/grass-cs/ACvplmMd_1Ebmlq7r0pg-R2auCtKywOI2ygLU-d6KG9J1EsVyOjIeveCHTldEHEjE7FVN1TFD4SpdifjAEPwpHKRogg6pm-H-wCtHOJ_u2pGHOG5IOGSGN2HbLOShEIdd6aXdbesKLx69A=k-no","https://lh3.googleusercontent.com/grass-cs/ACvplmMHXqeRHvHbBBOyy27OtNWMbS8eVTpRrJHdXGAO0UuX-Pb8e0MIfLsml3B3YBGzfrG-vD_WYLoCMB6g3plclsawlzw4DVpsQFgsgi28D5Bc_SJq75XmO3PXOc4Ec739RA-pjRjM=k-no","https://lh3.googleusercontent.com/grass-cs/ACvplmNKP9350mBhfVS_29Xsj5xzxH1ifdQPkyJL329Y2sYyEPgc3bzVTJlPyD4Q_jqwYXJJUlavizubWD3G9ADdRJGy3hG9Jg1JqwvePotvg72kkA94NfRD5OXLuCf57Kr-f8ZVm3oh=k-no",,,,,,,,,,,,,,,,,,,,"Google",,,"5",,,"432","2026-08-08T17:19:42.857Z","Direct Detail URL: https://www.google.com/maps/place/MoroGrill+-+Urdesa/@-2.1348707,-79.8980443,13.81z/data=!4m10!1m2!2m1!1smorogrill!3m6!1s0x902d6d7f6e0fdf2f:0x6850d0f70433d02d!8m2!3d-2.1656068!4d-79.9093192!15sCgltb3JvZ3JpbGxaCyIJbW9yb2dyaWxskgEKcmVzdGF1cmFudOABAA!16s%2Fg%2F11s195xvnt?entry=ttu&g_ep=EgoyMDI2MDgwNS4xIKXMDSoASAFQAw%3D%3D","5",,"Guayacanes 310 entre la 3ra y la cuarta","false",,,"MoroGrill - Urdesa","4.3",,"https://www.google.com/maps/search/?api=1&query=MoroGrill%20-%20Urdesa&query_place_id=ChIJL98Pbn9tLZARLdAzBPfQUGg",
"Guayacanes 310 entre la 3ra y la cuarta, 090507 Guayaquil, Ecuador","Restaurante","Restaurante","7516737537427361837","Guayaquil","EC","0x902d6d7f6e0fdf2f:0x6850d0f70433d02d",,"https://lh3.googleusercontent.com/gps-cs-s/AHRPTWmMp-Z0_3QQ_yB8KLvsC7YNBSBPmiMENigeIP1pKNoaU4PYGt-5zyRaGCh-CsO44Y3kcpIxqHcBqttYJWLA5KCtyE5NJnR8gw8Bqvt4CrdbhiyyIURUrsmZ7pVmXDmIjx49cILr0Q=w408-h408-k-no","false","true","/g/11s195xvnt","es-419","0","-2.1656068","-79.9093192",,"Urdesa",,"false","ChIJL98Pbn9tLZARLdAzBPfQUGg","090507","$10-15","Hace 3 años","2023-06-02T14:30:01.063Z",,,,,,,,,,,,,,,,,,,,"5","5","4","ChZDSUhNMG9nS0VJQ0FnSUR4MUx5UWJBEAE",,,,,,,,,,,,,,,,,,,,,,,,"Google",,,"21",,,"432","2026-08-08T17:19:42.857Z","Direct Detail URL: https://www.google.com/maps/place/MoroGrill+-+Urdesa/@-2.1348707,-79.8980443,13.81z/data=!4m10!1m2!2m1!1smorogrill!3m6!1s0x902d6d7f6e0fdf2f:0x6850d0f70433d02d!8m2!3d-2.1656068!4d-79.9093192!15sCgltb3JvZ3JpbGxaCyIJbW9yb2dyaWxskgEKcmVzdGF1cmFudOABAA!16s%2Fg%2F11s195xvnt?entry=ttu&g_ep=EgoyMDI2MDgwNS4xIKXMDSoASAFQAw%3D%3D","5",,"Guayacanes 310 entre la 3ra y la cuarta","false",,,"MoroGrill - Urdesa","4.3",,"https://www.google.com/maps/search/?api=1&query=MoroGrill%20-%20Urdesa&query_place_id=ChIJL98Pbn9tLZARLdAzBPfQUGg",
"Guayacanes 310 entre la 3ra y la cuarta, 090507 Guayaquil, Ecuador","Restaurante","Restaurante","7516737537427361837","Guayaquil","EC","0x902d6d7f6e0fdf2f:0x6850d0f70433d02d",,"https://lh3.googleusercontent.com/gps-cs-s/AHRPTWmMp-Z0_3QQ_yB8KLvsC7YNBSBPmiMENigeIP1pKNoaU4PYGt-5zyRaGCh-CsO44Y3kcpIxqHcBqttYJWLA5KCtyE5NJnR8gw8Bqvt4CrdbhiyyIURUrsmZ7pVmXDmIjx49cILr0Q=w408-h408-k-no","false","true","/g/11s195xvnt","es-419","0","-2.1656068","-79.9093192",,"Urdesa",,"false","ChIJL98Pbn9tLZARLdAzBPfQUGg","090507","$10-15","Hace 3 años","2023-05-31T16:54:36.475Z",,,,,,,,,,,"Moro Francés Y Carne En Palito",,,,,,,"Cena","Consumo en el lugar","2","2","3","ChZDSUhNMG9nS0VJQ0FnSUR4eUwtYlV3EAE",,,,,,,,,,,,,,,,,,,,,,,,"Google",,,"44",,,"432","2026-08-08T17:19:42.857Z","Direct Detail URL: https://www.google.com/maps/place/MoroGrill+-+Urdesa/@-2.1348707,-79.8980443,13.81z/data=!4m10!1m2!2m1!1smorogrill!3m6!1s0x902d6d7f6e0fdf2f:0x6850d0f70433d02d!8m2!3d-2.1656068!4d-79.9093192!15sCgltb3JvZ3JpbGxaCyIJbW9yb2dyaWxskgEKcmVzdGF1cmFudOABAA!16s%2Fg%2F11s195xvnt?entry=ttu&g_ep=EgoyMDI2MDgwNS4xIKXMDSoASAFQAw%3D%3D","3",,"Guayacanes 310 entre la 3ra y la cuarta","false",,,"MoroGrill - Urdesa","4.3",,"https://www.google.com/maps/search/?api=1&query=MoroGrill%20-%20Urdesa&query_place_id=ChIJL98Pbn9tLZARLdAzBPfQUGg",
"Guayacanes 310 entre la 3ra y la cuarta, 090507 Guayaquil, Ecuador","Restaurante","Restaurante","7516737537427361837","Guayaquil","EC","0x902d6d7f6e0fdf2f:0x6850d0f70433d02d",,"https://lh3.googleusercontent.com/gps-cs-s/AHRPTWmMp-Z0_3QQ_yB8KLvsC7YNBSBPmiMENigeIP1pKNoaU4PYGt-5zyRaGCh-CsO44Y3kcpIxqHcBqttYJWLA5KCtyE5NJnR8gw8Bqvt4CrdbhiyyIURUrsmZ7pVmXDmIjx49cILr0Q=w408-h408-k-no","false","false","/g/11s195xvnt","es-419","0","-2.1656068","-79.9093192",,"Urdesa","es","false","ChIJL98Pbn9tLZARLdAzBPfQUGg","090507","$10-15","Hace 3 años","2023-05-28T21:40:43.359Z",,,,,,,,,,,,,"$10-15",,,,,"Almuerzo","Consumo en el lugar","5","5","5","ChdDSUhNMG9nS0VJQ0FnSUN4al9XeHp3RRAB",,,,,,,,,,,,,,,,,,,,,,,,"Google",,,"2",,,"432","2026-08-08T17:19:42.857Z","Direct Detail URL: https://www.google.com/maps/place/MoroGrill+-+Urdesa/@-2.1348707,-79.8980443,13.81z/data=!4m10!1m2!2m1!1smorogrill!3m6!1s0x902d6d7f6e0fdf2f:0x6850d0f70433d02d!8m2!3d-2.1656068!4d-79.9093192!15sCgltb3JvZ3JpbGxaCyIJbW9yb2dyaWxskgEKcmVzdGF1cmFudOABAA!16s%2Fg%2F11s195xvnt?entry=ttu&g_ep=EgoyMDI2MDgwNS4xIKXMDSoASAFQAw%3D%3D","5",,"Guayacanes 310 entre la 3ra y la cuarta","false","Espectacular te dan porciones de chifles de cortesía, pedimos entrada de chorizo estuvo bien, el arroz con menestra estaba rico, el chorizo cervecero fue mi favorito, las carnes con las salsas queda bien, los sartenazos estaban ricos y todos los platos que pedimos llenan.",,"MoroGrill - Urdesa","4.3",,"https://www.google.com/maps/search/?api=1&query=MoroGrill%20-%20Urdesa&query_place_id=ChIJL98Pbn9tLZARLdAzBPfQUGg",
"Guayacanes 310 entre la 3ra y la cuarta, 090507 Guayaquil, Ecuador","Restaurante","Restaurante","7516737537427361837","Guayaquil","EC","0x902d6d7f6e0fdf2f:0x6850d0f70433d02d",,"https://lh3.googleusercontent.com/gps-cs-s/AHRPTWmMp-Z0_3QQ_yB8KLvsC7YNBSBPmiMENigeIP1pKNoaU4PYGt-5zyRaGCh-CsO44Y3kcpIxqHcBqttYJWLA5KCtyE5NJnR8gw8Bqvt4CrdbhiyyIURUrsmZ7pVmXDmIjx49cILr0Q=w408-h408-k-no","false","false","/g/11s195xvnt","es-419","0","-2.1656068","-79.9093192",,"Urdesa",,"false","ChIJL98Pbn9tLZARLdAzBPfQUGg","090507","$10-15","Hace 3 años","2023-05-23T19:29:31.624Z",,,,,,,,,,,,,,,,,,,,,,,"ChdDSUhNMG9nS0VJQ0FnSUN4bmZLMGlRRRAB",,,,,,,,,,,,,,,,,,,,,,,,"Google",,,"0",,,"432","2026-08-08T17:19:42.857Z","Direct Detail URL: https://www.google.com/maps/place/MoroGrill+-+Urdesa/@-2.1348707,-79.8980443,13.81z/data=!4m10!1m2!2m1!1smorogrill!3m6!1s0x902d6d7f6e0fdf2f:0x6850d0f70433d02d!8m2!3d-2.1656068!4d-79.9093192!15sCgltb3JvZ3JpbGxaCyIJbW9yb2dyaWxskgEKcmVzdGF1cmFudOABAA!16s%2Fg%2F11s195xvnt?entry=ttu&g_ep=EgoyMDI2MDgwNS4xIKXMDSoASAFQAw%3D%3D","5",,"Guayacanes 310 entre la 3ra y la cuarta","false",,,"MoroGrill - Urdesa","4.3",,"https://www.google.com/maps/search/?api=1&query=MoroGrill%20-%20Urdesa&query_place_id=ChIJL98Pbn9tLZARLdAzBPfQUGg",
"Guayacanes 310 entre la 3ra y la cuarta, 090507 Guayaquil, Ecuador","Restaurante","Restaurante","7516737537427361837","Guayaquil","EC","0x902d6d7f6e0fdf2f:0x6850d0f70433d02d",,"https://lh3.googleusercontent.com/gps-cs-s/AHRPTWmMp-Z0_3QQ_yB8KLvsC7YNBSBPmiMENigeIP1pKNoaU4PYGt-5zyRaGCh-CsO44Y3kcpIxqHcBqttYJWLA5KCtyE5NJnR8gw8Bqvt4CrdbhiyyIURUrsmZ7pVmXDmIjx49cILr0Q=w408-h408-k-no","false","true","/g/11s195xvnt","es-419","0","-2.1656068","-79.9093192",,"Urdesa",,"false","ChIJL98Pbn9tLZARLdAzBPfQUGg","090507","$10-15","Hace 3 años","2023-05-22T03:46:54.948Z",,,,,,,,,,,,,,,,,,,,,,,"ChZDSUhNMG9nS0VJQ0FnSUN4cFlDd0l3EAE",,,,,,,,,,,,,,,,,,,,,,,,"Google",,,"3",,,"432","2026-08-08T17:19:42.857Z","Direct Detail URL: https://www.google.com/maps/place/MoroGrill+-+Urdesa/@-2.1348707,-79.8980443,13.81z/data=!4m10!1m2!2m1!1smorogrill!3m6!1s0x902d6d7f6e0fdf2f:0x6850d0f70433d02d!8m2!3d-2.1656068!4d-79.9093192!15sCgltb3JvZ3JpbGxaCyIJbW9yb2dyaWxskgEKcmVzdGF1cmFudOABAA!16s%2Fg%2F11s195xvnt?entry=ttu&g_ep=EgoyMDI2MDgwNS4xIKXMDSoASAFQAw%3D%3D","5",,"Guayacanes 310 entre la 3ra y la cuarta","false",,,"MoroGrill - Urdesa","4.3",,"https://www.google.com/maps/search/?api=1&query=MoroGrill%20-%20Urdesa&query_place_id=ChIJL98Pbn9tLZARLdAzBPfQUGg",
"Guayacanes 310 entre la 3ra y la cuarta, 090507 Guayaquil, Ecuador","Restaurante","Restaurante","7516737537427361837","Guayaquil","EC","0x902d6d7f6e0fdf2f:0x6850d0f70433d02d",,"https://lh3.googleusercontent.com/gps-cs-s/AHRPTWmMp-Z0_3QQ_yB8KLvsC7YNBSBPmiMENigeIP1pKNoaU4PYGt-5zyRaGCh-CsO44Y3kcpIxqHcBqttYJWLA5KCtyE5NJnR8gw8Bqvt4CrdbhiyyIURUrsmZ7pVmXDmIjx49cILr0Q=w408-h408-k-no","false","true","/g/11s195xvnt","es-419","0","-2.1656068","-79.9093192",,"Urdesa","es","false","ChIJL98Pbn9tLZARLdAzBPfQUGg","090507","$10-15","Hace 3 años","2023-05-21T23:44:19.586Z",,,,,,,,,,,,,,,,,,,,"3",,"4","ChZDSUhNMG9nS0VJQ0FnSUN4eGFyemFnEAE",,,,,,,,,,,,,,,,,,,,,,,,"Google",,,"79",,,"432","2026-08-08T17:19:42.857Z","Direct Detail URL: https://www.google.com/maps/place/MoroGrill+-+Urdesa/@-2.1348707,-79.8980443,13.81z/data=!4m10!1m2!2m1!1smorogrill!3m6!1s0x902d6d7f6e0fdf2f:0x6850d0f70433d02d!8m2!3d-2.1656068!4d-79.9093192!15sCgltb3JvZ3JpbGxaCyIJbW9yb2dyaWxskgEKcmVzdGF1cmFudOABAA!16s%2Fg%2F11s195xvnt?entry=ttu&g_ep=EgoyMDI2MDgwNS4xIKXMDSoASAFQAw%3D%3D","4",,"Guayacanes 310 entre la 3ra y la cuarta","false","El ambiente estaba muy caluroso, nos tocaron una pared con planchas de zinc,  donde el calor casi nos hace desmayar. El filete de costilla no tenia nada de filete, era puro hueso. Baño hay en la parte de arriba, abajo no hay baño. Deberían preocuparse un poco más, de ahí el servicio  de los señores meseros es bueno.",,"MoroGrill - Urdesa","4.3",,"https://www.google.com/maps/search/?api=1&query=MoroGrill%20-%20Urdesa&query_place_id=ChIJL98Pbn9tLZARLdAzBPfQUGg",
"Guayacanes 310 entre la 3ra y la cuarta, 090507 Guayaquil, Ecuador","Restaurante","Restaurante","7516737537427361837","Guayaquil","EC","0x902d6d7f6e0fdf2f:0x6850d0f70433d02d",,"https://lh3.googleusercontent.com/gps-cs-s/AHRPTWmMp-Z0_3QQ_yB8KLvsC7YNBSBPmiMENigeIP1pKNoaU4PYGt-5zyRaGCh-CsO44Y3kcpIxqHcBqttYJWLA5KCtyE5NJnR8gw8Bqvt4CrdbhiyyIURUrsmZ7pVmXDmIjx49cILr0Q=w408-h408-k-no","false","true","/g/11s195xvnt","es-419","0","-2.1656068","-79.9093192",,"Urdesa",,"false","ChIJL98Pbn9tLZARLdAzBPfQUGg","090507","$10-15","Hace 3 años","2023-05-20T11:32:46.687Z",,,,,,,,,,,,,,,,,,,,,,,"ChZDSUhNMG9nS0VJQ0FnSUN4aWRXamVnEAE",,,,,,,,,,,,,,,,,,,,,,,,"Google",,,"6",,,"432","2026-08-08T17:19:42.857Z","Direct Detail URL: https://www.google.com/maps/place/MoroGrill+-+Urdesa/@-2.1348707,-79.8980443,13.81z/data=!4m10!1m2!2m1!1smorogrill!3m6!1s0x902d6d7f6e0fdf2f:0x6850d0f70433d02d!8m2!3d-2.1656068!4d-79.9093192!15sCgltb3JvZ3JpbGxaCyIJbW9yb2dyaWxskgEKcmVzdGF1cmFudOABAA!16s%2Fg%2F11s195xvnt?entry=ttu&g_ep=EgoyMDI2MDgwNS4xIKXMDSoASAFQAw%3D%3D","4",,"Guayacanes 310 entre la 3ra y la cuarta","false",,,"MoroGrill - Urdesa","4.3",,"https://www.google.com/maps/search/?api=1&query=MoroGrill%20-%20Urdesa&query_place_id=ChIJL98Pbn9tLZARLdAzBPfQUGg",
"Guayacanes 310 entre la 3ra y la cuarta, 090507 Guayaquil, Ecuador","Restaurante","Restaurante","7516737537427361837","Guayaquil","EC","0x902d6d7f6e0fdf2f:0x6850d0f70433d02d",,"https://lh3.googleusercontent.com/gps-cs-s/AHRPTWmMp-Z0_3QQ_yB8KLvsC7YNBSBPmiMENigeIP1pKNoaU4PYGt-5zyRaGCh-CsO44Y3kcpIxqHcBqttYJWLA5KCtyE5NJnR8gw8Bqvt4CrdbhiyyIURUrsmZ7pVmXDmIjx49cILr0Q=w408-h408-k-no","false","true","/g/11s195xvnt","es-419","0","-2.1656068","-79.9093192",,"Urdesa",,"false","ChIJL98Pbn9tLZARLdAzBPfQUGg","090507","$10-15","Hace 3 años","2023-05-20T00:53:32.322Z",,,,,,,,,,,,,,,,,,,,"5","5","5","ChZDSUhNMG9nS0VJQ0FnSUN4c2FIMVZ3EAE",,,,,,,,,,,,,,,,,,,,,,,,"Google",,,"93",,,"432","2026-08-08T17:19:42.857Z","Direct Detail URL: https://www.google.com/maps/place/MoroGrill+-+Urdesa/@-2.1348707,-79.8980443,13.81z/data=!4m10!1m2!2m1!1smorogrill!3m6!1s0x902d6d7f6e0fdf2f:0x6850d0f70433d02d!8m2!3d-2.1656068!4d-79.9093192!15sCgltb3JvZ3JpbGxaCyIJbW9yb2dyaWxskgEKcmVzdGF1cmFudOABAA!16s%2Fg%2F11s195xvnt?entry=ttu&g_ep=EgoyMDI2MDgwNS4xIKXMDSoASAFQAw%3D%3D","5",,"Guayacanes 310 entre la 3ra y la cuarta","false",,,"MoroGrill - Urdesa","4.3",,"https://www.google.com/maps/search/?api=1&query=MoroGrill%20-%20Urdesa&query_place_id=ChIJL98Pbn9tLZARLdAzBPfQUGg",
"Guayacanes 310 entre la 3ra y la cuarta, 090507 Guayaquil, Ecuador","Restaurante","Restaurante","7516737537427361837","Guayaquil","EC","0x902d6d7f6e0fdf2f:0x6850d0f70433d02d",,"https://lh3.googleusercontent.com/gps-cs-s/AHRPTWmMp-Z0_3QQ_yB8KLvsC7YNBSBPmiMENigeIP1pKNoaU4PYGt-5zyRaGCh-CsO44Y3kcpIxqHcBqttYJWLA5KCtyE5NJnR8gw8Bqvt4CrdbhiyyIURUrsmZ7pVmXDmIjx49cILr0Q=w408-h408-k-no","false","false","/g/11s195xvnt","es-419","0","-2.1656068","-79.9093192",,"Urdesa",,"false","ChIJL98Pbn9tLZARLdAzBPfQUGg","090507","$10-15","Hace 3 años","2023-05-19T11:29:34.648Z",,,,,,,,,,,,,,,,,,,,,,,"ChdDSUhNMG9nS0VJQ0FnSUN4NFppand3RRAB",,,,,,,,,,,,,,,,,,,,,,,,"Google",,,"6",,,"432","2026-08-08T17:19:42.857Z","Direct Detail URL: https://www.google.com/maps/place/MoroGrill+-+Urdesa/@-2.1348707,-79.8980443,13.81z/data=!4m10!1m2!2m1!1smorogrill!3m6!1s0x902d6d7f6e0fdf2f:0x6850d0f70433d02d!8m2!3d-2.1656068!4d-79.9093192!15sCgltb3JvZ3JpbGxaCyIJbW9yb2dyaWxskgEKcmVzdGF1cmFudOABAA!16s%2Fg%2F11s195xvnt?entry=ttu&g_ep=EgoyMDI2MDgwNS4xIKXMDSoASAFQAw%3D%3D","5",,"Guayacanes 310 entre la 3ra y la cuarta","false",,,"MoroGrill - Urdesa","4.3",,"https://www.google.com/maps/search/?api=1&query=MoroGrill%20-%20Urdesa&query_place_id=ChIJL98Pbn9tLZARLdAzBPfQUGg",
"Guayacanes 310 entre la 3ra y la cuarta, 090507 Guayaquil, Ecuador","Restaurante","Restaurante","7516737537427361837","Guayaquil","EC","0x902d6d7f6e0fdf2f:0x6850d0f70433d02d",,"https://lh3.googleusercontent.com/gps-cs-s/AHRPTWmMp-Z0_3QQ_yB8KLvsC7YNBSBPmiMENigeIP1pKNoaU4PYGt-5zyRaGCh-CsO44Y3kcpIxqHcBqttYJWLA5KCtyE5NJnR8gw8Bqvt4CrdbhiyyIURUrsmZ7pVmXDmIjx49cILr0Q=w408-h408-k-no","false","true","/g/11s195xvnt","es-419","0","-2.1656068","-79.9093192",,"Urdesa","es","false","ChIJL98Pbn9tLZARLdAzBPfQUGg","090507","$10-15","Hace 3 años","2023-05-18T12:12:48.487Z",,,,,,,,,,,,,"$5-10",,,,,"Almuerzo","Consumo en el lugar","5","5","5","ChdDSUhNMG9nS0VJQ0FnSUN4M3ViUjVBRRAB",,,,,,,,,,,,,,,,,,,,,,,,"Google",,,"28",,,"432","2026-08-08T17:19:42.857Z","Direct Detail URL: https://www.google.com/maps/place/MoroGrill+-+Urdesa/@-2.1348707,-79.8980443,13.81z/data=!4m10!1m2!2m1!1smorogrill!3m6!1s0x902d6d7f6e0fdf2f:0x6850d0f70433d02d!8m2!3d-2.1656068!4d-79.9093192!15sCgltb3JvZ3JpbGxaCyIJbW9yb2dyaWxskgEKcmVzdGF1cmFudOABAA!16s%2Fg%2F11s195xvnt?entry=ttu&g_ep=EgoyMDI2MDgwNS4xIKXMDSoASAFQAw%3D%3D","5",,"Guayacanes 310 entre la 3ra y la cuarta","false","Muy buen anbiente , servicio y comida",,"MoroGrill - Urdesa","4.3",,"https://www.google.com/maps/search/?api=1&query=MoroGrill%20-%20Urdesa&query_place_id=ChIJL98Pbn9tLZARLdAzBPfQUGg",
"Guayacanes 310 entre la 3ra y la cuarta, 090507 Guayaquil, Ecuador","Restaurante","Restaurante","7516737537427361837","Guayaquil","EC","0x902d6d7f6e0fdf2f:0x6850d0f70433d02d",,"https://lh3.googleusercontent.com/gps-cs-s/AHRPTWmMp-Z0_3QQ_yB8KLvsC7YNBSBPmiMENigeIP1pKNoaU4PYGt-5zyRaGCh-CsO44Y3kcpIxqHcBqttYJWLA5KCtyE5NJnR8gw8Bqvt4CrdbhiyyIURUrsmZ7pVmXDmIjx49cILr0Q=w408-h408-k-no","false","false","/g/11s195xvnt","es-419","0","-2.1656068","-79.9093192",,"Urdesa",,"false","ChIJL98Pbn9tLZARLdAzBPfQUGg","090507","$10-15","Hace 3 años","2023-05-18T02:18:09.972Z",,,,,,,,,,,,,,,,,,,,"5","5","5","ChZDSUhNMG9nS0VJQ0FnSUN4N3NLekhBEAE",,,,,,,,,,,,,,,,,,,,,,,,"Google",,,"1",,,"432","2026-08-08T17:19:42.857Z","Direct Detail URL: https://www.google.com/maps/place/MoroGrill+-+Urdesa/@-2.1348707,-79.8980443,13.81z/data=!4m10!1m2!2m1!1smorogrill!3m6!1s0x902d6d7f6e0fdf2f:0x6850d0f70433d02d!8m2!3d-2.1656068!4d-79.9093192!15sCgltb3JvZ3JpbGxaCyIJbW9yb2dyaWxskgEKcmVzdGF1cmFudOABAA!16s%2Fg%2F11s195xvnt?entry=ttu&g_ep=EgoyMDI2MDgwNS4xIKXMDSoASAFQAw%3D%3D","5",,"Guayacanes 310 entre la 3ra y la cuarta","false",,,"MoroGrill - Urdesa","4.3",,"https://www.google.com/maps/search/?api=1&query=MoroGrill%20-%20Urdesa&query_place_id=ChIJL98Pbn9tLZARLdAzBPfQUGg",
"Guayacanes 310 entre la 3ra y la cuarta, 090507 Guayaquil, Ecuador","Restaurante","Restaurante","7516737537427361837","Guayaquil","EC","0x902d6d7f6e0fdf2f:0x6850d0f70433d02d",,"https://lh3.googleusercontent.com/gps-cs-s/AHRPTWmMp-Z0_3QQ_yB8KLvsC7YNBSBPmiMENigeIP1pKNoaU4PYGt-5zyRaGCh-CsO44Y3kcpIxqHcBqttYJWLA5KCtyE5NJnR8gw8Bqvt4CrdbhiyyIURUrsmZ7pVmXDmIjx49cILr0Q=w408-h408-k-no","false","true","/g/11s195xvnt","es-419","0","-2.1656068","-79.9093192",,"Urdesa",,"false","ChIJL98Pbn9tLZARLdAzBPfQUGg","090507","$10-15","Hace 3 años","2023-05-14T19:31:14.548Z",,,,,,,,,,,,,,,,,,,,"5","5","5","ChZDSUhNMG9nS0VJQ0FnSUN4aXBTek93EAE",,,,,,,,,,,,,,,,,,,,,,,,"Google",,,"3",,,"432","2026-08-08T17:19:42.857Z","Direct Detail URL: https://www.google.com/maps/place/MoroGrill+-+Urdesa/@-2.1348707,-79.8980443,13.81z/data=!4m10!1m2!2m1!1smorogrill!3m6!1s0x902d6d7f6e0fdf2f:0x6850d0f70433d02d!8m2!3d-2.1656068!4d-79.9093192!15sCgltb3JvZ3JpbGxaCyIJbW9yb2dyaWxskgEKcmVzdGF1cmFudOABAA!16s%2Fg%2F11s195xvnt?entry=ttu&g_ep=EgoyMDI2MDgwNS4xIKXMDSoASAFQAw%3D%3D","5",,"Guayacanes 310 entre la 3ra y la cuarta","false",,,"MoroGrill - Urdesa","4.3",,"https://www.google.com/maps/search/?api=1&query=MoroGrill%20-%20Urdesa&query_place_id=ChIJL98Pbn9tLZARLdAzBPfQUGg",
"Guayacanes 310 entre la 3ra y la cuarta, 090507 Guayaquil, Ecuador","Restaurante","Restaurante","7516737537427361837","Guayaquil","EC","0x902d6d7f6e0fdf2f:0x6850d0f70433d02d",,"https://lh3.googleusercontent.com/gps-cs-s/AHRPTWmMp-Z0_3QQ_yB8KLvsC7YNBSBPmiMENigeIP1pKNoaU4PYGt-5zyRaGCh-CsO44Y3kcpIxqHcBqttYJWLA5KCtyE5NJnR8gw8Bqvt4CrdbhiyyIURUrsmZ7pVmXDmIjx49cILr0Q=w408-h408-k-no","false","true","/g/11s195xvnt","es-419","0","-2.1656068","-79.9093192",,"Urdesa","es","false","ChIJL98Pbn9tLZARLdAzBPfQUGg","090507","$10-15","Hace 3 años","2023-05-14T18:24:00.118Z",,,,,,,,,,,,,"$10-15",,,,,"Brunch",,"4","4","4","ChdDSUhNMG9nS0VJQ0FnSUN4OHFldDdBRRAB",,,,,,,,,,,,,,,,,,,,,,,,"Google",,,"301",,,"432","2026-08-08T17:19:42.857Z","Direct Detail URL: https://www.google.com/maps/place/MoroGrill+-+Urdesa/@-2.1348707,-79.8980443,13.81z/data=!4m10!1m2!2m1!1smorogrill!3m6!1s0x902d6d7f6e0fdf2f:0x6850d0f70433d02d!8m2!3d-2.1656068!4d-79.9093192!15sCgltb3JvZ3JpbGxaCyIJbW9yb2dyaWxskgEKcmVzdGF1cmFudOABAA!16s%2Fg%2F11s195xvnt?entry=ttu&g_ep=EgoyMDI2MDgwNS4xIKXMDSoASAFQAw%3D%3D","4",,"Guayacanes 310 entre la 3ra y la cuarta","false","Compré para llevar, pero no era lo que quería pedí costilla me han dado chuleta, no esta malo pero me quede con ganas  y estaba fría la comida..",,"MoroGrill - Urdesa","4.3",,"https://www.google.com/maps/search/?api=1&query=MoroGrill%20-%20Urdesa&query_place_id=ChIJL98Pbn9tLZARLdAzBPfQUGg",
"Guayacanes 310 entre la 3ra y la cuarta, 090507 Guayaquil, Ecuador","Restaurante","Restaurante","7516737537427361837","Guayaquil","EC","0x902d6d7f6e0fdf2f:0x6850d0f70433d02d",,"https://lh3.googleusercontent.com/gps-cs-s/AHRPTWmMp-Z0_3QQ_yB8KLvsC7YNBSBPmiMENigeIP1pKNoaU4PYGt-5zyRaGCh-CsO44Y3kcpIxqHcBqttYJWLA5KCtyE5NJnR8gw8Bqvt4CrdbhiyyIURUrsmZ7pVmXDmIjx49cILr0Q=w408-h408-k-no","false","true","/g/11s195xvnt","es-419","0","-2.1656068","-79.9093192",,"Urdesa","es","false","ChIJL98Pbn9tLZARLdAzBPfQUGg","090507","$10-15","Hace 3 años","2023-05-11T22:34:09.040Z",,,,,,,,,,,,,,,,,,,"Comida para llevar","1","1","1","ChZDSUhNMG9nS0VJQ0FnSUN4akl6V2JREAE",,,,,,,,,,,,,,,,,,,,,,,,"Google",,,"62",,,"432","2026-08-08T17:19:42.857Z","Direct Detail URL: https://www.google.com/maps/place/MoroGrill+-+Urdesa/@-2.1348707,-79.8980443,13.81z/data=!4m10!1m2!2m1!1smorogrill!3m6!1s0x902d6d7f6e0fdf2f:0x6850d0f70433d02d!8m2!3d-2.1656068!4d-79.9093192!15sCgltb3JvZ3JpbGxaCyIJbW9yb2dyaWxskgEKcmVzdGF1cmFudOABAA!16s%2Fg%2F11s195xvnt?entry=ttu&g_ep=EgoyMDI2MDgwNS4xIKXMDSoASAFQAw%3D%3D","1",,"Guayacanes 310 entre la 3ra y la cuarta","false","Super lento y no tienen nada de amabilidad",,"MoroGrill - Urdesa","4.3",,"https://www.google.com/maps/search/?api=1&query=MoroGrill%20-%20Urdesa&query_place_id=ChIJL98Pbn9tLZARLdAzBPfQUGg",
"Guayacanes 310 entre la 3ra y la cuarta, 090507 Guayaquil, Ecuador","Restaurante","Restaurante","7516737537427361837","Guayaquil","EC","0x902d6d7f6e0fdf2f:0x6850d0f70433d02d",,"https://lh3.googleusercontent.com/gps-cs-s/AHRPTWmMp-Z0_3QQ_yB8KLvsC7YNBSBPmiMENigeIP1pKNoaU4PYGt-5zyRaGCh-CsO44Y3kcpIxqHcBqttYJWLA5KCtyE5NJnR8gw8Bqvt4CrdbhiyyIURUrsmZ7pVmXDmIjx49cILr0Q=w408-h408-k-no","false","false","/g/11s195xvnt","es-419","0","-2.1656068","-79.9093192",,"Urdesa",,"false","ChIJL98Pbn9tLZARLdAzBPfQUGg","090507","$10-15","Hace 3 años","2023-05-10T00:23:58.109Z",,,,,,,,,,,"Sartenazo - Moro Manaba Co Menestra de frejol0, Moro Francés Y Carne En Palito",,"$5-10",,,,,"Cena",,"5","5","5","ChdDSUhNMG9nS0VJQ0FnSUN4bU0tajdRRRAB",,,,,,,,,,,,,,,,,,,,,,,,"Google",,,"1",,,"432","2026-08-08T17:19:42.857Z","Direct Detail URL: https://www.google.com/maps/place/MoroGrill+-+Urdesa/@-2.1348707,-79.8980443,13.81z/data=!4m10!1m2!2m1!1smorogrill!3m6!1s0x902d6d7f6e0fdf2f:0x6850d0f70433d02d!8m2!3d-2.1656068!4d-79.9093192!15sCgltb3JvZ3JpbGxaCyIJbW9yb2dyaWxskgEKcmVzdGF1cmFudOABAA!16s%2Fg%2F11s195xvnt?entry=ttu&g_ep=EgoyMDI2MDgwNS4xIKXMDSoASAFQAw%3D%3D","5",,"Guayacanes 310 entre la 3ra y la cuarta","false",,,"MoroGrill - Urdesa","4.3",,"https://www.google.com/maps/search/?api=1&query=MoroGrill%20-%20Urdesa&query_place_id=ChIJL98Pbn9tLZARLdAzBPfQUGg",
"Guayacanes 310 entre la 3ra y la cuarta, 090507 Guayaquil, Ecuador","Restaurante","Restaurante","7516737537427361837","Guayaquil","EC","0x902d6d7f6e0fdf2f:0x6850d0f70433d02d",,"https://lh3.googleusercontent.com/gps-cs-s/AHRPTWmMp-Z0_3QQ_yB8KLvsC7YNBSBPmiMENigeIP1pKNoaU4PYGt-5zyRaGCh-CsO44Y3kcpIxqHcBqttYJWLA5KCtyE5NJnR8gw8Bqvt4CrdbhiyyIURUrsmZ7pVmXDmIjx49cILr0Q=w408-h408-k-no","false","true","/g/11s195xvnt","es-419","1","-2.1656068","-79.9093192",,"Urdesa","es","false","ChIJL98Pbn9tLZARLdAzBPfQUGg","090507","$10-15","Hace 3 años","2023-05-04T03:36:45.700Z",,,,,,,,,,,,,"$10-15",,,,,"Cena","Consumo en el lugar",,,,"ChZDSUhNMG9nS0VJQ0FnSURScS12RVR3EAE",,,,,,,,,,,,,,,,,,,,,,,,"Google",,,"12",,,"432","2026-08-08T17:19:42.857Z","Direct Detail URL: https://www.google.com/maps/place/MoroGrill+-+Urdesa/@-2.1348707,-79.8980443,13.81z/data=!4m10!1m2!2m1!1smorogrill!3m6!1s0x902d6d7f6e0fdf2f:0x6850d0f70433d02d!8m2!3d-2.1656068!4d-79.9093192!15sCgltb3JvZ3JpbGxaCyIJbW9yb2dyaWxskgEKcmVzdGF1cmFudOABAA!16s%2Fg%2F11s195xvnt?entry=ttu&g_ep=EgoyMDI2MDgwNS4xIKXMDSoASAFQAw%3D%3D","5",,"Guayacanes 310 entre la 3ra y la cuarta","false","El lugar es muy bonito, perfecto para ir en familia y tomarse fotos. La comida espectacular, súper buen ambiente y la atención al cliente muy buena. Me encantó el sartenazo. Recomendado",,"MoroGrill - Urdesa","4.3",,"https://www.google.com/maps/search/?api=1&query=MoroGrill%20-%20Urdesa&query_place_id=ChIJL98Pbn9tLZARLdAzBPfQUGg",
"Guayacanes 310 entre la 3ra y la cuarta, 090507 Guayaquil, Ecuador","Restaurante","Restaurante","7516737537427361837","Guayaquil","EC","0x902d6d7f6e0fdf2f:0x6850d0f70433d02d",,"https://lh3.googleusercontent.com/gps-cs-s/AHRPTWmMp-Z0_3QQ_yB8KLvsC7YNBSBPmiMENigeIP1pKNoaU4PYGt-5zyRaGCh-CsO44Y3kcpIxqHcBqttYJWLA5KCtyE5NJnR8gw8Bqvt4CrdbhiyyIURUrsmZ7pVmXDmIjx49cILr0Q=w408-h408-k-no","false","true","/g/11s195xvnt","es-419","0","-2.1656068","-79.9093192",,"Urdesa","es","false","ChIJL98Pbn9tLZARLdAzBPfQUGg","090507","$10-15","Hace 3 años","2023-05-01T09:24:39.957Z",,,,,,,,,,,,,"Más de $50",,,,,"Cena","Consumo en el lugar","5","5","5","ChdDSUhNMG9nS0VJQ0FnSURScmJTWmpBRRAB",,,,,,,,,,,,,,,,,,,,,,,,"Google",,,"89",,,"432","2026-08-08T17:19:42.857Z","Direct Detail URL: https://www.google.com/maps/place/MoroGrill+-+Urdesa/@-2.1348707,-79.8980443,13.81z/data=!4m10!1m2!2m1!1smorogrill!3m6!1s0x902d6d7f6e0fdf2f:0x6850d0f70433d02d!8m2!3d-2.1656068!4d-79.9093192!15sCgltb3JvZ3JpbGxaCyIJbW9yb2dyaWxskgEKcmVzdGF1cmFudOABAA!16s%2Fg%2F11s195xvnt?entry=ttu&g_ep=EgoyMDI2MDgwNS4xIKXMDSoASAFQAw%3D%3D","5",,"Guayacanes 310 entre la 3ra y la cuarta","false","Muy buena comida, buen ambiente.....",,"MoroGrill - Urdesa","4.3",,"https://www.google.com/maps/search/?api=1&query=MoroGrill%20-%20Urdesa&query_place_id=ChIJL98Pbn9tLZARLdAzBPfQUGg",
"Guayacanes 310 entre la 3ra y la cuarta, 090507 Guayaquil, Ecuador","Restaurante","Restaurante","7516737537427361837","Guayaquil","EC","0x902d6d7f6e0fdf2f:0x6850d0f70433d02d",,"https://lh3.googleusercontent.com/gps-cs-s/AHRPTWmMp-Z0_3QQ_yB8KLvsC7YNBSBPmiMENigeIP1pKNoaU4PYGt-5zyRaGCh-CsO44Y3kcpIxqHcBqttYJWLA5KCtyE5NJnR8gw8Bqvt4CrdbhiyyIURUrsmZ7pVmXDmIjx49cILr0Q=w408-h408-k-no","false","true","/g/11s195xvnt","es-419","0","-2.1656068","-79.9093192",,"Urdesa","es","false","ChIJL98Pbn9tLZARLdAzBPfQUGg","090507","$10-15","Hace 3 años","2023-05-01T04:23:00.536Z",,,,,,,,,,,,,,,,,,,,"5","5","5","ChdDSUhNMG9nS0VJQ0FnSURSemVpQXpRRRAB",,,,,,,,,,,,,,,,,,,,,,,,"Google",,,"58",,,"432","2026-08-08T17:19:42.857Z","Direct Detail URL: https://www.google.com/maps/place/MoroGrill+-+Urdesa/@-2.1348707,-79.8980443,13.81z/data=!4m10!1m2!2m1!1smorogrill!3m6!1s0x902d6d7f6e0fdf2f:0x6850d0f70433d02d!8m2!3d-2.1656068!4d-79.9093192!15sCgltb3JvZ3JpbGxaCyIJbW9yb2dyaWxskgEKcmVzdGF1cmFudOABAA!16s%2Fg%2F11s195xvnt?entry=ttu&g_ep=EgoyMDI2MDgwNS4xIKXMDSoASAFQAw%3D%3D","5",,"Guayacanes 310 entre la 3ra y la cuarta","false","Me. Encantó el lugar. La comida excelente y un buen servicio. Definitivamente regresaré.",,"MoroGrill - Urdesa","4.3",,"https://www.google.com/maps/search/?api=1&query=MoroGrill%20-%20Urdesa&query_place_id=ChIJL98Pbn9tLZARLdAzBPfQUGg",
"Guayacanes 310 entre la 3ra y la cuarta, 090507 Guayaquil, Ecuador","Restaurante","Restaurante","7516737537427361837","Guayaquil","EC","0x902d6d7f6e0fdf2f:0x6850d0f70433d02d",,"https://lh3.googleusercontent.com/gps-cs-s/AHRPTWmMp-Z0_3QQ_yB8KLvsC7YNBSBPmiMENigeIP1pKNoaU4PYGt-5zyRaGCh-CsO44Y3kcpIxqHcBqttYJWLA5KCtyE5NJnR8gw8Bqvt4CrdbhiyyIURUrsmZ7pVmXDmIjx49cILr0Q=w408-h408-k-no","false","true","/g/11s195xvnt","es-419","0","-2.1656068","-79.9093192",,"Urdesa","es","false","ChIJL98Pbn9tLZARLdAzBPfQUGg","090507","$10-15","Hace 3 años","2023-04-30T22:02:56.044Z",,,,,,,,,,,"Sartenazo - Moro Manaba Co Menestra de frejol0",,"$5-10",,,,,"Almuerzo","Consumo en el lugar","5","5","5","ChZDSUhNMG9nS0VJQ0FnSURSamVESVRnEAE",,,,,,,,,,,,,,,,,,,,,,,,"Google",,,"24",,,"432","2026-08-08T17:19:42.857Z","Direct Detail URL: https://www.google.com/maps/place/MoroGrill+-+Urdesa/@-2.1348707,-79.8980443,13.81z/data=!4m10!1m2!2m1!1smorogrill!3m6!1s0x902d6d7f6e0fdf2f:0x6850d0f70433d02d!8m2!3d-2.1656068!4d-79.9093192!15sCgltb3JvZ3JpbGxaCyIJbW9yb2dyaWxskgEKcmVzdGF1cmFudOABAA!16s%2Fg%2F11s195xvnt?entry=ttu&g_ep=EgoyMDI2MDgwNS4xIKXMDSoASAFQAw%3D%3D","5",,"Guayacanes 310 entre la 3ra y la cuarta","false","Excelente servicio, comida muy deliciosa",,"MoroGrill - Urdesa","4.3",,"https://www.google.com/maps/search/?api=1&query=MoroGrill%20-%20Urdesa&query_place_id=ChIJL98Pbn9tLZARLdAzBPfQUGg",
"Guayacanes 310 entre la 3ra y la cuarta, 090507 Guayaquil, Ecuador","Restaurante","Restaurante","7516737537427361837","Guayaquil","EC","0x902d6d7f6e0fdf2f:0x6850d0f70433d02d",,"https://lh3.googleusercontent.com/gps-cs-s/AHRPTWmMp-Z0_3QQ_yB8KLvsC7YNBSBPmiMENigeIP1pKNoaU4PYGt-5zyRaGCh-CsO44Y3kcpIxqHcBqttYJWLA5KCtyE5NJnR8gw8Bqvt4CrdbhiyyIURUrsmZ7pVmXDmIjx49cILr0Q=w408-h408-k-no","false","true","/g/11s195xvnt","es-419","0","-2.1656068","-79.9093192",,"Urdesa","es","false","ChIJL98Pbn9tLZARLdAzBPfQUGg","090507","$10-15","Hace 3 años","2023-04-30T02:03:16.503Z",,,,,,,,,,,"Sartenazo - Moro Manaba Co Menestra de frejol0",,"$30-35",,,,,"Cena","Consumo en el lugar","5","5","5","ChZDSUhNMG9nS0VJQ0FnSURSNVpTQ2J3EAE",,,,,,,,,,,,,,,,,,,,,,,,"Google",,,"11",,,"432","2026-08-08T17:19:42.857Z","Direct Detail URL: https://www.google.com/maps/place/MoroGrill+-+Urdesa/@-2.1348707,-79.8980443,13.81z/data=!4m10!1m2!2m1!1smorogrill!3m6!1s0x902d6d7f6e0fdf2f:0x6850d0f70433d02d!8m2!3d-2.1656068!4d-79.9093192!15sCgltb3JvZ3JpbGxaCyIJbW9yb2dyaWxskgEKcmVzdGF1cmFudOABAA!16s%2Fg%2F11s195xvnt?entry=ttu&g_ep=EgoyMDI2MDgwNS4xIKXMDSoASAFQAw%3D%3D","5",,"Guayacanes 310 entre la 3ra y la cuarta","false","Amo el sartenazo ❤️",,"MoroGrill - Urdesa","4.3",,"https://www.google.com/maps/search/?api=1&query=MoroGrill%20-%20Urdesa&query_place_id=ChIJL98Pbn9tLZARLdAzBPfQUGg",
"Guayacanes 310 entre la 3ra y la cuarta, 090507 Guayaquil, Ecuador","Restaurante","Restaurante","7516737537427361837","Guayaquil","EC","0x902d6d7f6e0fdf2f:0x6850d0f70433d02d",,"https://lh3.googleusercontent.com/gps-cs-s/AHRPTWmMp-Z0_3QQ_yB8KLvsC7YNBSBPmiMENigeIP1pKNoaU4PYGt-5zyRaGCh-CsO44Y3kcpIxqHcBqttYJWLA5KCtyE5NJnR8gw8Bqvt4CrdbhiyyIURUrsmZ7pVmXDmIjx49cILr0Q=w408-h408-k-no","false","true","/g/11s195xvnt","es-419","0","-2.1656068","-79.9093192",,"Urdesa",,"false","ChIJL98Pbn9tLZARLdAzBPfQUGg","090507","$10-15","Hace 3 años","2023-04-30T00:08:48.395Z",,,,,,,,,,,,,,,,,,,,"5","5","5","ChZDSUhNMG9nS0VJQ0FnSURScGR1bkNnEAE",,,,,,,,,,,,,,,,,,,,,,,,"Google",,,"57",,,"432","2026-08-08T17:19:42.857Z","Direct Detail URL: https://www.google.com/maps/place/MoroGrill+-+Urdesa/@-2.1348707,-79.8980443,13.81z/data=!4m10!1m2!2m1!1smorogrill!3m6!1s0x902d6d7f6e0fdf2f:0x6850d0f70433d02d!8m2!3d-2.1656068!4d-79.9093192!15sCgltb3JvZ3JpbGxaCyIJbW9yb2dyaWxskgEKcmVzdGF1cmFudOABAA!16s%2Fg%2F11s195xvnt?entry=ttu&g_ep=EgoyMDI2MDgwNS4xIKXMDSoASAFQAw%3D%3D","5",,"Guayacanes 310 entre la 3ra y la cuarta","false",,,"MoroGrill - Urdesa","4.3",,"https://www.google.com/maps/search/?api=1&query=MoroGrill%20-%20Urdesa&query_place_id=ChIJL98Pbn9tLZARLdAzBPfQUGg",
"Guayacanes 310 entre la 3ra y la cuarta, 090507 Guayaquil, Ecuador","Restaurante","Restaurante","7516737537427361837","Guayaquil","EC","0x902d6d7f6e0fdf2f:0x6850d0f70433d02d",,"https://lh3.googleusercontent.com/gps-cs-s/AHRPTWmMp-Z0_3QQ_yB8KLvsC7YNBSBPmiMENigeIP1pKNoaU4PYGt-5zyRaGCh-CsO44Y3kcpIxqHcBqttYJWLA5KCtyE5NJnR8gw8Bqvt4CrdbhiyyIURUrsmZ7pVmXDmIjx49cILr0Q=w408-h408-k-no","false","true","/g/11s195xvnt","es-419","0","-2.1656068","-79.9093192",,"Urdesa",,"false","ChIJL98Pbn9tLZARLdAzBPfQUGg","090507","$10-15","Hace 3 años","2023-04-29T22:02:49.576Z",,,,,,,,,,,,,,,,,,,,"5","5","5","ChdDSUhNMG9nS0VJQ0FnSURScGNISmlnRRAB",,,,,,,,,,,,,,,,,,,,,,,,"Google",,,"32",,,"432","2026-08-08T17:19:42.857Z","Direct Detail URL: https://www.google.com/maps/place/MoroGrill+-+Urdesa/@-2.1348707,-79.8980443,13.81z/data=!4m10!1m2!2m1!1smorogrill!3m6!1s0x902d6d7f6e0fdf2f:0x6850d0f70433d02d!8m2!3d-2.1656068!4d-79.9093192!15sCgltb3JvZ3JpbGxaCyIJbW9yb2dyaWxskgEKcmVzdGF1cmFudOABAA!16s%2Fg%2F11s195xvnt?entry=ttu&g_ep=EgoyMDI2MDgwNS4xIKXMDSoASAFQAw%3D%3D","5",,"Guayacanes 310 entre la 3ra y la cuarta","false",,,"MoroGrill - Urdesa","4.3",,"https://www.google.com/maps/search/?api=1&query=MoroGrill%20-%20Urdesa&query_place_id=ChIJL98Pbn9tLZARLdAzBPfQUGg",
"Guayacanes 310 entre la 3ra y la cuarta, 090507 Guayaquil, Ecuador","Restaurante","Restaurante","7516737537427361837","Guayaquil","EC","0x902d6d7f6e0fdf2f:0x6850d0f70433d02d",,"https://lh3.googleusercontent.com/gps-cs-s/AHRPTWmMp-Z0_3QQ_yB8KLvsC7YNBSBPmiMENigeIP1pKNoaU4PYGt-5zyRaGCh-CsO44Y3kcpIxqHcBqttYJWLA5KCtyE5NJnR8gw8Bqvt4CrdbhiyyIURUrsmZ7pVmXDmIjx49cILr0Q=w408-h408-k-no","false","false","/g/11s195xvnt","es-419","0","-2.1656068","-79.9093192",,"Urdesa",,"false","ChIJL98Pbn9tLZARLdAzBPfQUGg","090507","$10-15","Hace 3 años","2023-04-28T06:05:17.163Z",,,,,,,,,,,,,,,,,,,,"5","5","5","ChdDSUhNMG9nS0VJQ0FnSURSeWNDNzVBRRAB",,,,,,,,,,,,,,,,,,,,,,,,"Google",,,"0",,,"432","2026-08-08T17:19:42.857Z","Direct Detail URL: https://www.google.com/maps/place/MoroGrill+-+Urdesa/@-2.1348707,-79.8980443,13.81z/data=!4m10!1m2!2m1!1smorogrill!3m6!1s0x902d6d7f6e0fdf2f:0x6850d0f70433d02d!8m2!3d-2.1656068!4d-79.9093192!15sCgltb3JvZ3JpbGxaCyIJbW9yb2dyaWxskgEKcmVzdGF1cmFudOABAA!16s%2Fg%2F11s195xvnt?entry=ttu&g_ep=EgoyMDI2MDgwNS4xIKXMDSoASAFQAw%3D%3D","5",,"Guayacanes 310 entre la 3ra y la cuarta","false",,,"MoroGrill - Urdesa","4.3",,"https://www.google.com/maps/search/?api=1&query=MoroGrill%20-%20Urdesa&query_place_id=ChIJL98Pbn9tLZARLdAzBPfQUGg",
"Guayacanes 310 entre la 3ra y la cuarta, 090507 Guayaquil, Ecuador","Restaurante","Restaurante","7516737537427361837","Guayaquil","EC","0x902d6d7f6e0fdf2f:0x6850d0f70433d02d",,"https://lh3.googleusercontent.com/gps-cs-s/AHRPTWmMp-Z0_3QQ_yB8KLvsC7YNBSBPmiMENigeIP1pKNoaU4PYGt-5zyRaGCh-CsO44Y3kcpIxqHcBqttYJWLA5KCtyE5NJnR8gw8Bqvt4CrdbhiyyIURUrsmZ7pVmXDmIjx49cILr0Q=w408-h408-k-no","false","true","/g/11s195xvnt","es-419","0","-2.1656068","-79.9093192",,"Urdesa",,"false","ChIJL98Pbn9tLZARLdAzBPfQUGg","090507","$10-15","Hace 3 años","2023-04-27T11:18:02.996Z",,,,,,,,,,,,,,,,,,,,"5","5","5","ChZDSUhNMG9nS0VJQ0FnSURSa1p1dVFnEAE",,,,,,,,,,,,,,,,,,,,,,,,"Google",,,"15",,,"432","2026-08-08T17:19:42.857Z","Direct Detail URL: https://www.google.com/maps/place/MoroGrill+-+Urdesa/@-2.1348707,-79.8980443,13.81z/data=!4m10!1m2!2m1!1smorogrill!3m6!1s0x902d6d7f6e0fdf2f:0x6850d0f70433d02d!8m2!3d-2.1656068!4d-79.9093192!15sCgltb3JvZ3JpbGxaCyIJbW9yb2dyaWxskgEKcmVzdGF1cmFudOABAA!16s%2Fg%2F11s195xvnt?entry=ttu&g_ep=EgoyMDI2MDgwNS4xIKXMDSoASAFQAw%3D%3D","5",,"Guayacanes 310 entre la 3ra y la cuarta","false",,,"MoroGrill - Urdesa","4.3",,"https://www.google.com/maps/search/?api=1&query=MoroGrill%20-%20Urdesa&query_place_id=ChIJL98Pbn9tLZARLdAzBPfQUGg",
"Guayacanes 310 entre la 3ra y la cuarta, 090507 Guayaquil, Ecuador","Restaurante","Restaurante","7516737537427361837","Guayaquil","EC","0x902d6d7f6e0fdf2f:0x6850d0f70433d02d",,"https://lh3.googleusercontent.com/gps-cs-s/AHRPTWmMp-Z0_3QQ_yB8KLvsC7YNBSBPmiMENigeIP1pKNoaU4PYGt-5zyRaGCh-CsO44Y3kcpIxqHcBqttYJWLA5KCtyE5NJnR8gw8Bqvt4CrdbhiyyIURUrsmZ7pVmXDmIjx49cILr0Q=w408-h408-k-no","false","true","/g/11s195xvnt","es-419","0","-2.1656068","-79.9093192",,"Urdesa",,"false","ChIJL98Pbn9tLZARLdAzBPfQUGg","090507","$10-15","Hace 3 años","2023-04-23T22:42:39.402Z",,,,,,"Es un poco difícil encontrar estacionamiento",,,,"Estacionamiento pagado en la calle",,,"$10-15",,,,,"Desayuno","Consumo en el lugar",,,,"ChZDSUhNMG9nS0VJQ0FnSURSaHV2bkpnEAE",,,,,,,,,,,,,,,,,,,,,,,,"Google",,,"152",,,"432","2026-08-08T17:19:42.857Z","Direct Detail URL: https://www.google.com/maps/place/MoroGrill+-+Urdesa/@-2.1348707,-79.8980443,13.81z/data=!4m10!1m2!2m1!1smorogrill!3m6!1s0x902d6d7f6e0fdf2f:0x6850d0f70433d02d!8m2!3d-2.1656068!4d-79.9093192!15sCgltb3JvZ3JpbGxaCyIJbW9yb2dyaWxskgEKcmVzdGF1cmFudOABAA!16s%2Fg%2F11s195xvnt?entry=ttu&g_ep=EgoyMDI2MDgwNS4xIKXMDSoASAFQAw%3D%3D","3",,"Guayacanes 310 entre la 3ra y la cuarta","false",,,"MoroGrill - Urdesa","4.3",,"https://www.google.com/maps/search/?api=1&query=MoroGrill%20-%20Urdesa&query_place_id=ChIJL98Pbn9tLZARLdAzBPfQUGg",
"Guayacanes 310 entre la 3ra y la cuarta, 090507 Guayaquil, Ecuador","Restaurante","Restaurante","7516737537427361837","Guayaquil","EC","0x902d6d7f6e0fdf2f:0x6850d0f70433d02d",,"https://lh3.googleusercontent.com/gps-cs-s/AHRPTWmMp-Z0_3QQ_yB8KLvsC7YNBSBPmiMENigeIP1pKNoaU4PYGt-5zyRaGCh-CsO44Y3kcpIxqHcBqttYJWLA5KCtyE5NJnR8gw8Bqvt4CrdbhiyyIURUrsmZ7pVmXDmIjx49cILr0Q=w408-h408-k-no","false","false","/g/11s195xvnt","es-419","0","-2.1656068","-79.9093192",,"Urdesa",,"false","ChIJL98Pbn9tLZARLdAzBPfQUGg","090507","$10-15","Hace 3 años","2023-04-20T20:27:58.230Z",,,,,,,,,,,,,,,,,,,,,,,"ChdDSUhNMG9nS0VJQ0FnSURSZ3VQN25nRRAB",,,,,,,,,,,,,,,,,,,,,,,,"Google",,,"5",,,"432","2026-08-08T17:19:42.857Z","Direct Detail URL: https://www.google.com/maps/place/MoroGrill+-+Urdesa/@-2.1348707,-79.8980443,13.81z/data=!4m10!1m2!2m1!1smorogrill!3m6!1s0x902d6d7f6e0fdf2f:0x6850d0f70433d02d!8m2!3d-2.1656068!4d-79.9093192!15sCgltb3JvZ3JpbGxaCyIJbW9yb2dyaWxskgEKcmVzdGF1cmFudOABAA!16s%2Fg%2F11s195xvnt?entry=ttu&g_ep=EgoyMDI2MDgwNS4xIKXMDSoASAFQAw%3D%3D","5",,"Guayacanes 310 entre la 3ra y la cuarta","false",,,"MoroGrill - Urdesa","4.3",,"https://www.google.com/maps/search/?api=1&query=MoroGrill%20-%20Urdesa&query_place_id=ChIJL98Pbn9tLZARLdAzBPfQUGg",
"Guayacanes 310 entre la 3ra y la cuarta, 090507 Guayaquil, Ecuador","Restaurante","Restaurante","7516737537427361837","Guayaquil","EC","0x902d6d7f6e0fdf2f:0x6850d0f70433d02d",,"https://lh3.googleusercontent.com/gps-cs-s/AHRPTWmMp-Z0_3QQ_yB8KLvsC7YNBSBPmiMENigeIP1pKNoaU4PYGt-5zyRaGCh-CsO44Y3kcpIxqHcBqttYJWLA5KCtyE5NJnR8gw8Bqvt4CrdbhiyyIURUrsmZ7pVmXDmIjx49cILr0Q=w408-h408-k-no","false","true","/g/11s195xvnt","es-419","0","-2.1656068","-79.9093192",,"Urdesa",,"false","ChIJL98Pbn9tLZARLdAzBPfQUGg","090507","$10-15","Hace 3 años","2023-04-18T23:22:49.925Z",,,,,,,,,,,,,,,,,,,,,,,"ChZDSUhNMG9nS0VJQ0FnSURSdE5iZkd3EAE",,,,,,,,,,,,,,,,,,,,,,,,"Google",,,"17",,,"432","2026-08-08T17:19:42.857Z","Direct Detail URL: https://www.google.com/maps/place/MoroGrill+-+Urdesa/@-2.1348707,-79.8980443,13.81z/data=!4m10!1m2!2m1!1smorogrill!3m6!1s0x902d6d7f6e0fdf2f:0x6850d0f70433d02d!8m2!3d-2.1656068!4d-79.9093192!15sCgltb3JvZ3JpbGxaCyIJbW9yb2dyaWxskgEKcmVzdGF1cmFudOABAA!16s%2Fg%2F11s195xvnt?entry=ttu&g_ep=EgoyMDI2MDgwNS4xIKXMDSoASAFQAw%3D%3D","5",,"Guayacanes 310 entre la 3ra y la cuarta","false",,,"MoroGrill - Urdesa","4.3",,"https://www.google.com/maps/search/?api=1&query=MoroGrill%20-%20Urdesa&query_place_id=ChIJL98Pbn9tLZARLdAzBPfQUGg",
"Guayacanes 310 entre la 3ra y la cuarta, 090507 Guayaquil, Ecuador","Restaurante","Restaurante","7516737537427361837","Guayaquil","EC","0x902d6d7f6e0fdf2f:0x6850d0f70433d02d",,"https://lh3.googleusercontent.com/gps-cs-s/AHRPTWmMp-Z0_3QQ_yB8KLvsC7YNBSBPmiMENigeIP1pKNoaU4PYGt-5zyRaGCh-CsO44Y3kcpIxqHcBqttYJWLA5KCtyE5NJnR8gw8Bqvt4CrdbhiyyIURUrsmZ7pVmXDmIjx49cILr0Q=w408-h408-k-no","false","true","/g/11s195xvnt","es-419","0","-2.1656068","-79.9093192",,"Urdesa","es","false","ChIJL98Pbn9tLZARLdAzBPfQUGg","090507","$10-15","Hace 3 años","2023-04-10T23:52:26.403Z",,,,,,,,,,,,,,,,,,,,"5","5","5","ChZDSUhNMG9nS0VJQ0FnSUNScTdLNmJnEAE",,,,,,,,,,,,,,,,,,,,,,,,"Google",,,"39",,,"432","2026-08-08T17:19:42.857Z","Direct Detail URL: https://www.google.com/maps/place/MoroGrill+-+Urdesa/@-2.1348707,-79.8980443,13.81z/data=!4m10!1m2!2m1!1smorogrill!3m6!1s0x902d6d7f6e0fdf2f:0x6850d0f70433d02d!8m2!3d-2.1656068!4d-79.9093192!15sCgltb3JvZ3JpbGxaCyIJbW9yb2dyaWxskgEKcmVzdGF1cmFudOABAA!16s%2Fg%2F11s195xvnt?entry=ttu&g_ep=EgoyMDI2MDgwNS4xIKXMDSoASAFQAw%3D%3D","5",,"Guayacanes 310 entre la 3ra y la cuarta","false","Todo excelente! Pero el mojito de Canela, seguro se le rompió la funda xq era demasiada canela! Pero demasiadaa!",,"MoroGrill - Urdesa","4.3",,"https://www.google.com/maps/search/?api=1&query=MoroGrill%20-%20Urdesa&query_place_id=ChIJL98Pbn9tLZARLdAzBPfQUGg",
"Guayacanes 310 entre la 3ra y la cuarta, 090507 Guayaquil, Ecuador","Restaurante","Restaurante","7516737537427361837","Guayaquil","EC","0x902d6d7f6e0fdf2f:0x6850d0f70433d02d",,"https://lh3.googleusercontent.com/gps-cs-s/AHRPTWmMp-Z0_3QQ_yB8KLvsC7YNBSBPmiMENigeIP1pKNoaU4PYGt-5zyRaGCh-CsO44Y3kcpIxqHcBqttYJWLA5KCtyE5NJnR8gw8Bqvt4CrdbhiyyIURUrsmZ7pVmXDmIjx49cILr0Q=w408-h408-k-no","false","true","/g/11s195xvnt","es-419","0","-2.1656068","-79.9093192",,"Urdesa",,"false","ChIJL98Pbn9tLZARLdAzBPfQUGg","090507","$10-15","Hace 3 años","2023-04-05T20:09:37.254Z",,,,,,,,,,,,,,,,,,,,"3","3","5","ChdDSUhNMG9nS0VJQ0FnSUNSdWRUUjdBRRAB",,,,,,,,,,,,,,,,,,,,,,,,"Google",,,"38",,,"432","2026-08-08T17:19:42.857Z","Direct Detail URL: https://www.google.com/maps/place/MoroGrill+-+Urdesa/@-2.1348707,-79.8980443,13.81z/data=!4m10!1m2!2m1!1smorogrill!3m6!1s0x902d6d7f6e0fdf2f:0x6850d0f70433d02d!8m2!3d-2.1656068!4d-79.9093192!15sCgltb3JvZ3JpbGxaCyIJbW9yb2dyaWxskgEKcmVzdGF1cmFudOABAA!16s%2Fg%2F11s195xvnt?entry=ttu&g_ep=EgoyMDI2MDgwNS4xIKXMDSoASAFQAw%3D%3D","3",,"Guayacanes 310 entre la 3ra y la cuarta","false",,,"MoroGrill - Urdesa","4.3",,"https://www.google.com/maps/search/?api=1&query=MoroGrill%20-%20Urdesa&query_place_id=ChIJL98Pbn9tLZARLdAzBPfQUGg",
"Guayacanes 310 entre la 3ra y la cuarta, 090507 Guayaquil, Ecuador","Restaurante","Restaurante","7516737537427361837","Guayaquil","EC","0x902d6d7f6e0fdf2f:0x6850d0f70433d02d",,"https://lh3.googleusercontent.com/gps-cs-s/AHRPTWmMp-Z0_3QQ_yB8KLvsC7YNBSBPmiMENigeIP1pKNoaU4PYGt-5zyRaGCh-CsO44Y3kcpIxqHcBqttYJWLA5KCtyE5NJnR8gw8Bqvt4CrdbhiyyIURUrsmZ7pVmXDmIjx49cILr0Q=w408-h408-k-no","false","true","/g/11s195xvnt","es-419","0","-2.1656068","-79.9093192",,"Urdesa","es","false","ChIJL98Pbn9tLZARLdAzBPfQUGg","090507","$10-15","Hace 3 años","2023-04-03T16:40:09.271Z",,,,,,,,,,,,,,,,,,,,,,,"ChZDSUhNMG9nS0VJQ0FnSUNSd2NQVEp3EAE",,,,,,,,,,,,,,,,,,,,,,,,"Google",,,"66",,,"432","2026-08-08T17:19:42.857Z","Direct Detail URL: https://www.google.com/maps/place/MoroGrill+-+Urdesa/@-2.1348707,-79.8980443,13.81z/data=!4m10!1m2!2m1!1smorogrill!3m6!1s0x902d6d7f6e0fdf2f:0x6850d0f70433d02d!8m2!3d-2.1656068!4d-79.9093192!15sCgltb3JvZ3JpbGxaCyIJbW9yb2dyaWxskgEKcmVzdGF1cmFudOABAA!16s%2Fg%2F11s195xvnt?entry=ttu&g_ep=EgoyMDI2MDgwNS4xIKXMDSoASAFQAw%3D%3D","3",,"Guayacanes 310 entre la 3ra y la cuarta","false","Podría ser mejor, para los precios de sus platos 🥴,nose si volvería .",,"MoroGrill - Urdesa","4.3",,"https://www.google.com/maps/search/?api=1&query=MoroGrill%20-%20Urdesa&query_place_id=ChIJL98Pbn9tLZARLdAzBPfQUGg",
"Guayacanes 310 entre la 3ra y la cuarta, 090507 Guayaquil, Ecuador","Restaurante","Restaurante","7516737537427361837","Guayaquil","EC","0x902d6d7f6e0fdf2f:0x6850d0f70433d02d",,"https://lh3.googleusercontent.com/gps-cs-s/AHRPTWmMp-Z0_3QQ_yB8KLvsC7YNBSBPmiMENigeIP1pKNoaU4PYGt-5zyRaGCh-CsO44Y3kcpIxqHcBqttYJWLA5KCtyE5NJnR8gw8Bqvt4CrdbhiyyIURUrsmZ7pVmXDmIjx49cILr0Q=w408-h408-k-no","false","true","/g/11s195xvnt","es-419","1","-2.1656068","-79.9093192",,"Urdesa",,"false","ChIJL98Pbn9tLZARLdAzBPfQUGg","090507","$10-15","Hace 3 años","2023-04-03T11:53:43.074Z",,,,,,,,,,,,,,,,,,,,"5","5","5","ChdDSUhNMG9nS0VJQ0FnSUNSZ1lhMXB3RRAB",,,,,,,,,,,,,,,,,,,,,,,,"Google",,,"37",,,"432","2026-08-08T17:19:42.857Z","Direct Detail URL: https://www.google.com/maps/place/MoroGrill+-+Urdesa/@-2.1348707,-79.8980443,13.81z/data=!4m10!1m2!2m1!1smorogrill!3m6!1s0x902d6d7f6e0fdf2f:0x6850d0f70433d02d!8m2!3d-2.1656068!4d-79.9093192!15sCgltb3JvZ3JpbGxaCyIJbW9yb2dyaWxskgEKcmVzdGF1cmFudOABAA!16s%2Fg%2F11s195xvnt?entry=ttu&g_ep=EgoyMDI2MDgwNS4xIKXMDSoASAFQAw%3D%3D","5",,"Guayacanes 310 entre la 3ra y la cuarta","false",,,"MoroGrill - Urdesa","4.3",,"https://www.google.com/maps/search/?api=1&query=MoroGrill%20-%20Urdesa&query_place_id=ChIJL98Pbn9tLZARLdAzBPfQUGg",
