"address","categories/0","categoryName","cid","city","countryCode","fid","hotelStars","imageUrl","isAdvertisement","isLocalGuide","kgmid","language","likesCount","location/lat","location/lng","name","neighborhood","originalLanguage","permanentlyClosed","placeId","postalCode","price","publishAt","publishedAtDate","rating","responseFromOwnerDate","responseFromOwnerText","reviewContext/Accesibilidad en silla de ruedas","reviewContext/Espacios para estacionar","reviewContext/Estacionamiento","reviewContext/Eventos especiales","reviewContext/Nivel de ruido","reviewContext/Opciones de estacionamiento","reviewContext/Platos recomendados","reviewContext/Platos vegetarianos","reviewContext/Precio por persona","reviewContext/Reservas","reviewContext/Tamaño del grupo","reviewContext/Tiempo de espera","reviewContext/Tipo de asiento","reviewContext/Tipo de comida","reviewContext/Tipo de pedido","reviewDetailedRating/Ambiente","reviewDetailedRating/Comida","reviewDetailedRating/Servicio","reviewId","reviewImageUrls/0","reviewImageUrls/1","reviewImageUrls/2","reviewImageUrls/3","reviewImageUrls/4","reviewImageUrls/5","reviewImageUrls/6","reviewOrigin","reviewUrl","reviewerId","reviewerNumberOfReviews","reviewerPhotoUrl","reviewerUrl","reviewsCount","scrapedAt","searchString","stars","state","street","temporarilyClosed","text","textTranslated","title","totalScore","translatedLanguage","url","visitedIn"
"V37X+HQ4, Av. 2 N-E - Ing. Rodolfo Baquerizo Nazur, 090508 Guayaquil, Ecuador","Parrilla","Parrilla","4896917972944634593","Guayaquil","EC","0x902d6d6c764c40bd:0x43f558f38f9742e1",,"https://lh3.googleusercontent.com/gps-cs-s/AHRPTWkRTcvnpJDUhkVYCVgu4xIBH78r7D8wp1dQEbHQ0Gg3bt0SA10fk4KPI-CuXfPpw30foXs14EvOqAhfn60g_e6Wpq_vLlKvmAM4nPsnslA1g3NcJMa435bQ_XV53KLTDQzio2v5KQ=w408-h306-k-no","false","true","/g/1tflyy__","es-419","0","-2.1361111","-79.9005556",,"Alborada Este",,"false","ChIJvUBMdmxtLZAR4UKXj_NY9UM","090508",,"3 semanas atrás","2026-07-12T13:08:54.937Z",,,,,,,,,,,,,,,,,,,,,,"Ci9DQUlRQUNvZENodHljRjlvT2tkaVRUZ3hjVE14Um1kek1GVkphRUV3T0c0eU5WRRAB",,,,,,,,"Google",,,"14",,,"1212","2026-08-08T17:30:22.978Z","Direct Detail URL: https://www.google.com/maps/place/Parrillada+Punta+Del+Este/@-2.2158291,-79.9617486,11.42z/data=!4m10!1m2!2m1!1sParrilla+Punta+del+Este+!3m6!1s0x902d6d6c764c40bd:0x43f558f38f9742e1!8m2!3d-2.1361111!4d-79.9005556!15sChdQYXJyaWxsYSBQdW50YSBkZWwgRXN0ZVoZIhdwYXJyaWxsYSBwdW50YSBkZWwgZXN0ZZIBBmFzYWRvcpoBI0NoWkRTVWhOTUc5blMwVkpRMEZuU1VSYU1IWlFhMVZuRUFF4AEA-gEECAAQJQ!16s%2Fg%2F1tflyy__?entry=ttu&g_ep=EgoyMDI2MDgwNS4xIKXMDSoASAFQAw%3D%3D","5",,"V37X+HQ4, Av. 2 N-E - Ing. Rodolfo Baquerizo Nazur","false",,,"Parrillada Punta Del Este","4.3",,"https://www.google.com/maps/search/?api=1&query=Parrillada%20Punta%20Del%20Este&query_place_id=ChIJvUBMdmxtLZAR4UKXj_NY9UM",
"V37X+HQ4, Av. 2 N-E - Ing. Rodolfo Baquerizo Nazur, 090508 Guayaquil, Ecuador","Parrilla","Parrilla","4896917972944634593","Guayaquil","EC","0x902d6d6c764c40bd:0x43f558f38f9742e1",,"https://lh3.googleusercontent.com/gps-cs-s/AHRPTWkRTcvnpJDUhkVYCVgu4xIBH78r7D8wp1dQEbHQ0Gg3bt0SA10fk4KPI-CuXfPpw30foXs14EvOqAhfn60g_e6Wpq_vLlKvmAM4nPsnslA1g3NcJMa435bQ_XV53KLTDQzio2v5KQ=w408-h306-k-no","false","true","/g/1tflyy__","es-419","0","-2.1361111","-79.9005556",,"Alborada Este",,"false","ChIJvUBMdmxtLZAR4UKXj_NY9UM","090508",,"Hace un mes","2026-06-22T03:10:17.672Z",,,,,,,,,,,,,,,,,,,,,,"Ci9DQUlRQUNvZENodHljRjlvT21rMVRUbFRNbFZuTUVWcFN6aEVhME5YUjBSQmVYYxAB",,,,,,,,"Google",,,"71",,,"1212","2026-08-08T17:30:22.978Z","Direct Detail URL: https://www.google.com/maps/place/Parrillada+Punta+Del+Este/@-2.2158291,-79.9617486,11.42z/data=!4m10!1m2!2m1!1sParrilla+Punta+del+Este+!3m6!1s0x902d6d6c764c40bd:0x43f558f38f9742e1!8m2!3d-2.1361111!4d-79.9005556!15sChdQYXJyaWxsYSBQdW50YSBkZWwgRXN0ZVoZIhdwYXJyaWxsYSBwdW50YSBkZWwgZXN0ZZIBBmFzYWRvcpoBI0NoWkRTVWhOTUc5blMwVkpRMEZuU1VSYU1IWlFhMVZuRUFF4AEA-gEECAAQJQ!16s%2Fg%2F1tflyy__?entry=ttu&g_ep=EgoyMDI2MDgwNS4xIKXMDSoASAFQAw%3D%3D","3",,"V37X+HQ4, Av. 2 N-E - Ing. Rodolfo Baquerizo Nazur","false",,,"Parrillada Punta Del Este","4.3",,"https://www.google.com/maps/search/?api=1&query=Parrillada%20Punta%20Del%20Este&query_place_id=ChIJvUBMdmxtLZAR4UKXj_NY9UM",
"V37X+HQ4, Av. 2 N-E - Ing. Rodolfo Baquerizo Nazur, 090508 Guayaquil, Ecuador","Parrilla","Parrilla","4896917972944634593","Guayaquil","EC","0x902d6d6c764c40bd:0x43f558f38f9742e1",,"https://lh3.googleusercontent.com/gps-cs-s/AHRPTWkRTcvnpJDUhkVYCVgu4xIBH78r7D8wp1dQEbHQ0Gg3bt0SA10fk4KPI-CuXfPpw30foXs14EvOqAhfn60g_e6Wpq_vLlKvmAM4nPsnslA1g3NcJMa435bQ_XV53KLTDQzio2v5KQ=w408-h306-k-no","false","false","/g/1tflyy__","es-419","0","-2.1361111","-79.9005556",,"Alborada Este",,"false","ChIJvUBMdmxtLZAR4UKXj_NY9UM","090508",,"Hace 2 meses","2026-05-14T16:45:42.293Z",,,,,,,,,,,,,,,,,,,"5","5","5","Ci9DQUlRQUNvZENodHljRjlvT2t4d1ZVbGtaRVU0YjFBMk5FZGZjR3hzUkZkVlZVRRAB",,,,,,,,"Google",,,"0",,,"1212","2026-08-08T17:30:22.978Z","Direct Detail URL: https://www.google.com/maps/place/Parrillada+Punta+Del+Este/@-2.2158291,-79.9617486,11.42z/data=!4m10!1m2!2m1!1sParrilla+Punta+del+Este+!3m6!1s0x902d6d6c764c40bd:0x43f558f38f9742e1!8m2!3d-2.1361111!4d-79.9005556!15sChdQYXJyaWxsYSBQdW50YSBkZWwgRXN0ZVoZIhdwYXJyaWxsYSBwdW50YSBkZWwgZXN0ZZIBBmFzYWRvcpoBI0NoWkRTVWhOTUc5blMwVkpRMEZuU1VSYU1IWlFhMVZuRUFF4AEA-gEECAAQJQ!16s%2Fg%2F1tflyy__?entry=ttu&g_ep=EgoyMDI2MDgwNS4xIKXMDSoASAFQAw%3D%3D","5",,"V37X+HQ4, Av. 2 N-E - Ing. Rodolfo Baquerizo Nazur","false",,,"Parrillada Punta Del Este","4.3",,"https://www.google.com/maps/search/?api=1&query=Parrillada%20Punta%20Del%20Este&query_place_id=ChIJvUBMdmxtLZAR4UKXj_NY9UM",
"V37X+HQ4, Av. 2 N-E - Ing. Rodolfo Baquerizo Nazur, 090508 Guayaquil, Ecuador","Parrilla","Parrilla","4896917972944634593","Guayaquil","EC","0x902d6d6c764c40bd:0x43f558f38f9742e1",,"https://lh3.googleusercontent.com/gps-cs-s/AHRPTWkRTcvnpJDUhkVYCVgu4xIBH78r7D8wp1dQEbHQ0Gg3bt0SA10fk4KPI-CuXfPpw30foXs14EvOqAhfn60g_e6Wpq_vLlKvmAM4nPsnslA1g3NcJMa435bQ_XV53KLTDQzio2v5KQ=w408-h306-k-no","false","true","/g/1tflyy__","es-419","0","-2.1361111","-79.9005556",,"Alborada Este",,"false","ChIJvUBMdmxtLZAR4UKXj_NY9UM","090508",,"Editado Hace 2 meses","2026-05-10T23:49:34.365Z",,,,,"Hay suficiente espacio",,,,"Estacionamiento gratuito",,,"$10-15","No se requiere hacer una reserva","Apto para grupos de todos los tamaños",,"Comedor cubierto",,,"3","4","3","ChdDSUhNMG9nS0VJQ0FnSURvbk9lMjRRRRAB",,,,,,,,"Google",,,"7",,,"1212","2026-08-08T17:30:22.978Z","Direct Detail URL: https://www.google.com/maps/place/Parrillada+Punta+Del+Este/@-2.2158291,-79.9617486,11.42z/data=!4m10!1m2!2m1!1sParrilla+Punta+del+Este+!3m6!1s0x902d6d6c764c40bd:0x43f558f38f9742e1!8m2!3d-2.1361111!4d-79.9005556!15sChdQYXJyaWxsYSBQdW50YSBkZWwgRXN0ZVoZIhdwYXJyaWxsYSBwdW50YSBkZWwgZXN0ZZIBBmFzYWRvcpoBI0NoWkRTVWhOTUc5blMwVkpRMEZuU1VSYU1IWlFhMVZuRUFF4AEA-gEECAAQJQ!16s%2Fg%2F1tflyy__?entry=ttu&g_ep=EgoyMDI2MDgwNS4xIKXMDSoASAFQAw%3D%3D","4",,"V37X+HQ4, Av. 2 N-E - Ing. Rodolfo Baquerizo Nazur","false",,,"Parrillada Punta Del Este","4.3",,"https://www.google.com/maps/search/?api=1&query=Parrillada%20Punta%20Del%20Este&query_place_id=ChIJvUBMdmxtLZAR4UKXj_NY9UM",
"V37X+HQ4, Av. 2 N-E - Ing. Rodolfo Baquerizo Nazur, 090508 Guayaquil, Ecuador","Parrilla","Parrilla","4896917972944634593","Guayaquil","EC","0x902d6d6c764c40bd:0x43f558f38f9742e1",,"https://lh3.googleusercontent.com/gps-cs-s/AHRPTWkRTcvnpJDUhkVYCVgu4xIBH78r7D8wp1dQEbHQ0Gg3bt0SA10fk4KPI-CuXfPpw30foXs14EvOqAhfn60g_e6Wpq_vLlKvmAM4nPsnslA1g3NcJMa435bQ_XV53KLTDQzio2v5KQ=w408-h306-k-no","false","true","/g/1tflyy__","es-419","0","-2.1361111","-79.9005556",,"Alborada Este",,"false","ChIJvUBMdmxtLZAR4UKXj_NY9UM","090508",,"Hace 3 meses","2026-04-29T12:13:54.805Z",,,,,,,,,,,,"$10-15",,,,,,,"5","5","5","Ci9DQUlRQUNvZENodHljRjlvT25oNFdscFZUa0kyYTAwNWFHbGZYMkZhU0RWamJHYxAB",,,,,,,,"Google",,,"4",,,"1212","2026-08-08T17:30:22.978Z","Direct Detail URL: https://www.google.com/maps/place/Parrillada+Punta+Del+Este/@-2.2158291,-79.9617486,11.42z/data=!4m10!1m2!2m1!1sParrilla+Punta+del+Este+!3m6!1s0x902d6d6c764c40bd:0x43f558f38f9742e1!8m2!3d-2.1361111!4d-79.9005556!15sChdQYXJyaWxsYSBQdW50YSBkZWwgRXN0ZVoZIhdwYXJyaWxsYSBwdW50YSBkZWwgZXN0ZZIBBmFzYWRvcpoBI0NoWkRTVWhOTUc5blMwVkpRMEZuU1VSYU1IWlFhMVZuRUFF4AEA-gEECAAQJQ!16s%2Fg%2F1tflyy__?entry=ttu&g_ep=EgoyMDI2MDgwNS4xIKXMDSoASAFQAw%3D%3D","5",,"V37X+HQ4, Av. 2 N-E - Ing. Rodolfo Baquerizo Nazur","false",,,"Parrillada Punta Del Este","4.3",,"https://www.google.com/maps/search/?api=1&query=Parrillada%20Punta%20Del%20Este&query_place_id=ChIJvUBMdmxtLZAR4UKXj_NY9UM",
"V37X+HQ4, Av. 2 N-E - Ing. Rodolfo Baquerizo Nazur, 090508 Guayaquil, Ecuador","Parrilla","Parrilla","4896917972944634593","Guayaquil","EC","0x902d6d6c764c40bd:0x43f558f38f9742e1",,"https://lh3.googleusercontent.com/gps-cs-s/AHRPTWkRTcvnpJDUhkVYCVgu4xIBH78r7D8wp1dQEbHQ0Gg3bt0SA10fk4KPI-CuXfPpw30foXs14EvOqAhfn60g_e6Wpq_vLlKvmAM4nPsnslA1g3NcJMa435bQ_XV53KLTDQzio2v5KQ=w408-h306-k-no","false","true","/g/1tflyy__","es-419","0","-2.1361111","-79.9005556",,"Alborada Este","es","false","ChIJvUBMdmxtLZAR4UKXj_NY9UM","090508",,"Hace 4 meses","2026-03-25T05:37:32.479Z",,,,,,,"No lo sé",,,,,"$5-10","No se requiere hacer una reserva",,,"Comedor cubierto, Área de bar",,,"4","4","4","Ci9DQUlRQUNvZENodHljRjlvT25GUFMyc3phemRGU0hsVFRqaG1OVzFLU0ZkNGRsRRAB",,,,,,,,"Google",,,"43",,,"1212","2026-08-08T17:30:22.978Z","Direct Detail URL: https://www.google.com/maps/place/Parrillada+Punta+Del+Este/@-2.2158291,-79.9617486,11.42z/data=!4m10!1m2!2m1!1sParrilla+Punta+del+Este+!3m6!1s0x902d6d6c764c40bd:0x43f558f38f9742e1!8m2!3d-2.1361111!4d-79.9005556!15sChdQYXJyaWxsYSBQdW50YSBkZWwgRXN0ZVoZIhdwYXJyaWxsYSBwdW50YSBkZWwgZXN0ZZIBBmFzYWRvcpoBI0NoWkRTVWhOTUc5blMwVkpRMEZuU1VSYU1IWlFhMVZuRUFF4AEA-gEECAAQJQ!16s%2Fg%2F1tflyy__?entry=ttu&g_ep=EgoyMDI2MDgwNS4xIKXMDSoASAFQAw%3D%3D","5",,"V37X+HQ4, Av. 2 N-E - Ing. Rodolfo Baquerizo Nazur","false","Buen lugar para almorzar y comer platos a la carta",,"Parrillada Punta Del Este","4.3",,"https://www.google.com/maps/search/?api=1&query=Parrillada%20Punta%20Del%20Este&query_place_id=ChIJvUBMdmxtLZAR4UKXj_NY9UM",
"V37X+HQ4, Av. 2 N-E - Ing. Rodolfo Baquerizo Nazur, 090508 Guayaquil, Ecuador","Parrilla","Parrilla","4896917972944634593","Guayaquil","EC","0x902d6d6c764c40bd:0x43f558f38f9742e1",,"https://lh3.googleusercontent.com/gps-cs-s/AHRPTWkRTcvnpJDUhkVYCVgu4xIBH78r7D8wp1dQEbHQ0Gg3bt0SA10fk4KPI-CuXfPpw30foXs14EvOqAhfn60g_e6Wpq_vLlKvmAM4nPsnslA1g3NcJMa435bQ_XV53KLTDQzio2v5KQ=w408-h306-k-no","false","true","/g/1tflyy__","es-419","0","-2.1361111","-79.9005556",,"Alborada Este",,"false","ChIJvUBMdmxtLZAR4UKXj_NY9UM","090508",,"Editado Hace 4 meses","2026-03-23T22:58:54.403Z",,,,,,,"Ningún evento especial",,,,,"$10-15","Varía según la hora o el día",,,"Comedor cubierto",,,"3","3","3","ChdDSUhNMG9nS0VJQ0FnSUNlbFBiVzNnRRAB",,,,,,,,"Google",,,"266",,,"1212","2026-08-08T17:30:22.978Z","Direct Detail URL: https://www.google.com/maps/place/Parrillada+Punta+Del+Este/@-2.2158291,-79.9617486,11.42z/data=!4m10!1m2!2m1!1sParrilla+Punta+del+Este+!3m6!1s0x902d6d6c764c40bd:0x43f558f38f9742e1!8m2!3d-2.1361111!4d-79.9005556!15sChdQYXJyaWxsYSBQdW50YSBkZWwgRXN0ZVoZIhdwYXJyaWxsYSBwdW50YSBkZWwgZXN0ZZIBBmFzYWRvcpoBI0NoWkRTVWhOTUc5blMwVkpRMEZuU1VSYU1IWlFhMVZuRUFF4AEA-gEECAAQJQ!16s%2Fg%2F1tflyy__?entry=ttu&g_ep=EgoyMDI2MDgwNS4xIKXMDSoASAFQAw%3D%3D","3",,"V37X+HQ4, Av. 2 N-E - Ing. Rodolfo Baquerizo Nazur","false",,,"Parrillada Punta Del Este","4.3",,"https://www.google.com/maps/search/?api=1&query=Parrillada%20Punta%20Del%20Este&query_place_id=ChIJvUBMdmxtLZAR4UKXj_NY9UM",
"V37X+HQ4, Av. 2 N-E - Ing. Rodolfo Baquerizo Nazur, 090508 Guayaquil, Ecuador","Parrilla","Parrilla","4896917972944634593","Guayaquil","EC","0x902d6d6c764c40bd:0x43f558f38f9742e1",,"https://lh3.googleusercontent.com/gps-cs-s/AHRPTWkRTcvnpJDUhkVYCVgu4xIBH78r7D8wp1dQEbHQ0Gg3bt0SA10fk4KPI-CuXfPpw30foXs14EvOqAhfn60g_e6Wpq_vLlKvmAM4nPsnslA1g3NcJMa435bQ_XV53KLTDQzio2v5KQ=w408-h306-k-no","false","true","/g/1tflyy__","es-419","0","-2.1361111","-79.9005556",,"Alborada Este","es","false","ChIJvUBMdmxtLZAR4UKXj_NY9UM","090508",,"Hace 4 meses","2026-03-11T08:33:34.819Z",,,,,,,,"Silencioso, agradable para conversar",,,,"Más de $50",,"Más de 9 personas, Apto para grupos de todos los tamaños","De 10 a 30 min",,,,"5","5","5","Ci9DQUlRQUNvZENodHljRjlvT21JM2QxcFNVMEp5U1VkaFdXSkRWVmd3VVdWck9FRRAB",,,,,,,,"Google",,,"10",,,"1212","2026-08-08T17:30:22.978Z","Direct Detail URL: https://www.google.com/maps/place/Parrillada+Punta+Del+Este/@-2.2158291,-79.9617486,11.42z/data=!4m10!1m2!2m1!1sParrilla+Punta+del+Este+!3m6!1s0x902d6d6c764c40bd:0x43f558f38f9742e1!8m2!3d-2.1361111!4d-79.9005556!15sChdQYXJyaWxsYSBQdW50YSBkZWwgRXN0ZVoZIhdwYXJyaWxsYSBwdW50YSBkZWwgZXN0ZZIBBmFzYWRvcpoBI0NoWkRTVWhOTUc5blMwVkpRMEZuU1VSYU1IWlFhMVZuRUFF4AEA-gEECAAQJQ!16s%2Fg%2F1tflyy__?entry=ttu&g_ep=EgoyMDI2MDgwNS4xIKXMDSoASAFQAw%3D%3D","5",,"V37X+HQ4, Av. 2 N-E - Ing. Rodolfo Baquerizo Nazur","false","Un excelente y rapido servicio acompañado de un buen ambiente y musica. Fui por mi cumpleaños y nos dieron un servicio de calidad, nos atendieron y llegaron con la comida entre unos 10 a 15 minutos. Pedimos una gran parrillada y fue la mejor que he comido. Creo que este sera mi lugar favorito para algun evento asi de importante. El unico inconveniente que tengo es por el estacionamiento porque la bajado es algo empinada, pero eso no opaca lo bueno que es este restaurante. 5 estrellas",,"Parrillada Punta Del Este","4.3",,"https://www.google.com/maps/search/?api=1&query=Parrillada%20Punta%20Del%20Este&query_place_id=ChIJvUBMdmxtLZAR4UKXj_NY9UM",
"V37X+HQ4, Av. 2 N-E - Ing. Rodolfo Baquerizo Nazur, 090508 Guayaquil, Ecuador","Parrilla","Parrilla","4896917972944634593","Guayaquil","EC","0x902d6d6c764c40bd:0x43f558f38f9742e1",,"https://lh3.googleusercontent.com/gps-cs-s/AHRPTWkRTcvnpJDUhkVYCVgu4xIBH78r7D8wp1dQEbHQ0Gg3bt0SA10fk4KPI-CuXfPpw30foXs14EvOqAhfn60g_e6Wpq_vLlKvmAM4nPsnslA1g3NcJMa435bQ_XV53KLTDQzio2v5KQ=w408-h306-k-no","false","false","/g/1tflyy__","es-419","0","-2.1361111","-79.9005556",,"Alborada Este",,"false","ChIJvUBMdmxtLZAR4UKXj_NY9UM","090508",,"Hace 5 meses","2026-02-22T01:38:05.538Z",,,,,,,,,,,,"$10-15","No se requiere hacer una reserva","Apto para grupos de todos los tamaños","Sin espera",,,,"5","5","5","Ci9DQUlRQUNvZENodHljRjlvT25nMWJXbG5iRW80TmpGa1V6RmxkVVJJYkhsc2VFRRAB",,,,,,,,"Google",,,"0",,,"1212","2026-08-08T17:30:22.978Z","Direct Detail URL: https://www.google.com/maps/place/Parrillada+Punta+Del+Este/@-2.2158291,-79.9617486,11.42z/data=!4m10!1m2!2m1!1sParrilla+Punta+del+Este+!3m6!1s0x902d6d6c764c40bd:0x43f558f38f9742e1!8m2!3d-2.1361111!4d-79.9005556!15sChdQYXJyaWxsYSBQdW50YSBkZWwgRXN0ZVoZIhdwYXJyaWxsYSBwdW50YSBkZWwgZXN0ZZIBBmFzYWRvcpoBI0NoWkRTVWhOTUc5blMwVkpRMEZuU1VSYU1IWlFhMVZuRUFF4AEA-gEECAAQJQ!16s%2Fg%2F1tflyy__?entry=ttu&g_ep=EgoyMDI2MDgwNS4xIKXMDSoASAFQAw%3D%3D","5",,"V37X+HQ4, Av. 2 N-E - Ing. Rodolfo Baquerizo Nazur","false",,,"Parrillada Punta Del Este","4.3",,"https://www.google.com/maps/search/?api=1&query=Parrillada%20Punta%20Del%20Este&query_place_id=ChIJvUBMdmxtLZAR4UKXj_NY9UM",
"V37X+HQ4, Av. 2 N-E - Ing. Rodolfo Baquerizo Nazur, 090508 Guayaquil, Ecuador","Parrilla","Parrilla","4896917972944634593","Guayaquil","EC","0x902d6d6c764c40bd:0x43f558f38f9742e1",,"https://lh3.googleusercontent.com/gps-cs-s/AHRPTWkRTcvnpJDUhkVYCVgu4xIBH78r7D8wp1dQEbHQ0Gg3bt0SA10fk4KPI-CuXfPpw30foXs14EvOqAhfn60g_e6Wpq_vLlKvmAM4nPsnslA1g3NcJMa435bQ_XV53KLTDQzio2v5KQ=w408-h306-k-no","false","true","/g/1tflyy__","es-419","0","-2.1361111","-79.9005556",,"Alborada Este","es","false","ChIJvUBMdmxtLZAR4UKXj_NY9UM","090508",,"Hace 5 meses","2026-02-19T22:49:57.430Z",,,,,,,,,,,,,,,,,,,"5","5","5","Ci9DQUlRQUNvZENodHljRjlvT21reGRua3lUbXBPUVdwRFZ6VnNNMnRYV2s1VGIyYxAB",,,,,,,,"Google",,,"24",,,"1212","2026-08-08T17:30:22.978Z","Direct Detail URL: https://www.google.com/maps/place/Parrillada+Punta+Del+Este/@-2.2158291,-79.9617486,11.42z/data=!4m10!1m2!2m1!1sParrilla+Punta+del+Este+!3m6!1s0x902d6d6c764c40bd:0x43f558f38f9742e1!8m2!3d-2.1361111!4d-79.9005556!15sChdQYXJyaWxsYSBQdW50YSBkZWwgRXN0ZVoZIhdwYXJyaWxsYSBwdW50YSBkZWwgZXN0ZZIBBmFzYWRvcpoBI0NoWkRTVWhOTUc5blMwVkpRMEZuU1VSYU1IWlFhMVZuRUFF4AEA-gEECAAQJQ!16s%2Fg%2F1tflyy__?entry=ttu&g_ep=EgoyMDI2MDgwNS4xIKXMDSoASAFQAw%3D%3D","5",,"V37X+HQ4, Av. 2 N-E - Ing. Rodolfo Baquerizo Nazur","false","Muy rico, recomendado.",,"Parrillada Punta Del Este","4.3",,"https://www.google.com/maps/search/?api=1&query=Parrillada%20Punta%20Del%20Este&query_place_id=ChIJvUBMdmxtLZAR4UKXj_NY9UM",
"V37X+HQ4, Av. 2 N-E - Ing. Rodolfo Baquerizo Nazur, 090508 Guayaquil, Ecuador","Parrilla","Parrilla","4896917972944634593","Guayaquil","EC","0x902d6d6c764c40bd:0x43f558f38f9742e1",,"https://lh3.googleusercontent.com/gps-cs-s/AHRPTWkRTcvnpJDUhkVYCVgu4xIBH78r7D8wp1dQEbHQ0Gg3bt0SA10fk4KPI-CuXfPpw30foXs14EvOqAhfn60g_e6Wpq_vLlKvmAM4nPsnslA1g3NcJMa435bQ_XV53KLTDQzio2v5KQ=w408-h306-k-no","false","true","/g/1tflyy__","es-419","0","-2.1361111","-79.9005556",,"Alborada Este","es","false","ChIJvUBMdmxtLZAR4UKXj_NY9UM","090508",,"Hace 6 meses","2026-02-02T04:48:19.134Z",,,,,,,,"Silencioso, agradable para conversar",,,,"$25-30",,,"Hasta 10 min",,,,,,,"Ci9DQUlRQUNvZENodHljRjlvT21odFRubHlkMjR6VjNFeFRHcFZibTlVTWtvMkxXYxAB","https://lh3.googleusercontent.com/grass-cs/ACvplmNRQUmVIFoONgDj0EsRb-k0AD0k4hgG4Enq56JAlrsXv39ex2Fc39_RbXHgz-9QcH1Q_5o7HJ8FTLjE5gk2PyMDkW6fOvUfdSXFOFnhqh0NXSfODj-f90zLPi0E3CBcKAqZp9shyyiSSzrR=k-no",,,,,,,"Google",,,"30",,,"1212","2026-08-08T17:30:22.978Z","Direct Detail URL: https://www.google.com/maps/place/Parrillada+Punta+Del+Este/@-2.2158291,-79.9617486,11.42z/data=!4m10!1m2!2m1!1sParrilla+Punta+del+Este+!3m6!1s0x902d6d6c764c40bd:0x43f558f38f9742e1!8m2!3d-2.1361111!4d-79.9005556!15sChdQYXJyaWxsYSBQdW50YSBkZWwgRXN0ZVoZIhdwYXJyaWxsYSBwdW50YSBkZWwgZXN0ZZIBBmFzYWRvcpoBI0NoWkRTVWhOTUc5blMwVkpRMEZuU1VSYU1IWlFhMVZuRUFF4AEA-gEECAAQJQ!16s%2Fg%2F1tflyy__?entry=ttu&g_ep=EgoyMDI2MDgwNS4xIKXMDSoASAFQAw%3D%3D","5",,"V37X+HQ4, Av. 2 N-E - Ing. Rodolfo Baquerizo Nazur","false","Buenazo",,"Parrillada Punta Del Este","4.3",,"https://www.google.com/maps/search/?api=1&query=Parrillada%20Punta%20Del%20Este&query_place_id=ChIJvUBMdmxtLZAR4UKXj_NY9UM",
"V37X+HQ4, Av. 2 N-E - Ing. Rodolfo Baquerizo Nazur, 090508 Guayaquil, Ecuador","Parrilla","Parrilla","4896917972944634593","Guayaquil","EC","0x902d6d6c764c40bd:0x43f558f38f9742e1",,"https://lh3.googleusercontent.com/gps-cs-s/AHRPTWkRTcvnpJDUhkVYCVgu4xIBH78r7D8wp1dQEbHQ0Gg3bt0SA10fk4KPI-CuXfPpw30foXs14EvOqAhfn60g_e6Wpq_vLlKvmAM4nPsnslA1g3NcJMa435bQ_XV53KLTDQzio2v5KQ=w408-h306-k-no","false","true","/g/1tflyy__","es-419","0","-2.1361111","-79.9005556",,"Alborada Este",,"false","ChIJvUBMdmxtLZAR4UKXj_NY9UM","090508",,"Hace 6 meses","2026-01-20T11:27:57.326Z",,,,,"Hay suficiente espacio",,"No lo sé",,"Estacionamiento gratuito",,,"$10-15",,"Apto para grupos de todos los tamaños","De 10 a 30 min",,,,"5","5","5","Ci9DQUlRQUNvZENodHljRjlvT2tWSVowZDZRMWhUVGs5R2VuWlNielYwY1hkMVkzYxAB",,,,,,,,"Google",,,"23",,,"1212","2026-08-08T17:30:22.978Z","Direct Detail URL: https://www.google.com/maps/place/Parrillada+Punta+Del+Este/@-2.2158291,-79.9617486,11.42z/data=!4m10!1m2!2m1!1sParrilla+Punta+del+Este+!3m6!1s0x902d6d6c764c40bd:0x43f558f38f9742e1!8m2!3d-2.1361111!4d-79.9005556!15sChdQYXJyaWxsYSBQdW50YSBkZWwgRXN0ZVoZIhdwYXJyaWxsYSBwdW50YSBkZWwgZXN0ZZIBBmFzYWRvcpoBI0NoWkRTVWhOTUc5blMwVkpRMEZuU1VSYU1IWlFhMVZuRUFF4AEA-gEECAAQJQ!16s%2Fg%2F1tflyy__?entry=ttu&g_ep=EgoyMDI2MDgwNS4xIKXMDSoASAFQAw%3D%3D","5",,"V37X+HQ4, Av. 2 N-E - Ing. Rodolfo Baquerizo Nazur","false",,,"Parrillada Punta Del Este","4.3",,"https://www.google.com/maps/search/?api=1&query=Parrillada%20Punta%20Del%20Este&query_place_id=ChIJvUBMdmxtLZAR4UKXj_NY9UM",
"V37X+HQ4, Av. 2 N-E - Ing. Rodolfo Baquerizo Nazur, 090508 Guayaquil, Ecuador","Parrilla","Parrilla","4896917972944634593","Guayaquil","EC","0x902d6d6c764c40bd:0x43f558f38f9742e1",,"https://lh3.googleusercontent.com/gps-cs-s/AHRPTWkRTcvnpJDUhkVYCVgu4xIBH78r7D8wp1dQEbHQ0Gg3bt0SA10fk4KPI-CuXfPpw30foXs14EvOqAhfn60g_e6Wpq_vLlKvmAM4nPsnslA1g3NcJMa435bQ_XV53KLTDQzio2v5KQ=w408-h306-k-no","false","false","/g/1tflyy__","es-419","0","-2.1361111","-79.9005556",,"Alborada Este","es","false","ChIJvUBMdmxtLZAR4UKXj_NY9UM","090508",,"Hace 6 meses","2026-01-18T18:36:51.853Z",,,,,,,,,,,,"$15-20",,,,,,,"2","4","5","Ci9DQUlRQUNvZENodHljRjlvT2t4aWNXNUVhalZxV0dKTlZscG9WbWhhYjJSYVpuYxAB",,,,,,,,"Google",,,"1",,,"1212","2026-08-08T17:30:22.978Z","Direct Detail URL: https://www.google.com/maps/place/Parrillada+Punta+Del+Este/@-2.2158291,-79.9617486,11.42z/data=!4m10!1m2!2m1!1sParrilla+Punta+del+Este+!3m6!1s0x902d6d6c764c40bd:0x43f558f38f9742e1!8m2!3d-2.1361111!4d-79.9005556!15sChdQYXJyaWxsYSBQdW50YSBkZWwgRXN0ZVoZIhdwYXJyaWxsYSBwdW50YSBkZWwgZXN0ZZIBBmFzYWRvcpoBI0NoWkRTVWhOTUc5blMwVkpRMEZuU1VSYU1IWlFhMVZuRUFF4AEA-gEECAAQJQ!16s%2Fg%2F1tflyy__?entry=ttu&g_ep=EgoyMDI2MDgwNS4xIKXMDSoASAFQAw%3D%3D","3",,"V37X+HQ4, Av. 2 N-E - Ing. Rodolfo Baquerizo Nazur","false","Deben mejorar..el mantenimiento de los equipos para que estén correctamente operativos",,"Parrillada Punta Del Este","4.3",,"https://www.google.com/maps/search/?api=1&query=Parrillada%20Punta%20Del%20Este&query_place_id=ChIJvUBMdmxtLZAR4UKXj_NY9UM",
"V37X+HQ4, Av. 2 N-E - Ing. Rodolfo Baquerizo Nazur, 090508 Guayaquil, Ecuador","Parrilla","Parrilla","4896917972944634593","Guayaquil","EC","0x902d6d6c764c40bd:0x43f558f38f9742e1",,"https://lh3.googleusercontent.com/gps-cs-s/AHRPTWkRTcvnpJDUhkVYCVgu4xIBH78r7D8wp1dQEbHQ0Gg3bt0SA10fk4KPI-CuXfPpw30foXs14EvOqAhfn60g_e6Wpq_vLlKvmAM4nPsnslA1g3NcJMa435bQ_XV53KLTDQzio2v5KQ=w408-h306-k-no","false","true","/g/1tflyy__","es-419","0","-2.1361111","-79.9005556",,"Alborada Este",,"false","ChIJvUBMdmxtLZAR4UKXj_NY9UM","090508",,"Hace 6 meses","2026-01-14T03:22:12.256Z",,,,,,,,,,,,,,,,,,,,,,"Ci9DQUlRQUNvZENodHljRjlvT214bFZGVnVPWFZ0WjJaaWIxWkdUbUZSUkVaR1VIYxAB",,,,,,,,"Google",,,"6",,,"1212","2026-08-08T17:30:22.978Z","Direct Detail URL: https://www.google.com/maps/place/Parrillada+Punta+Del+Este/@-2.2158291,-79.9617486,11.42z/data=!4m10!1m2!2m1!1sParrilla+Punta+del+Este+!3m6!1s0x902d6d6c764c40bd:0x43f558f38f9742e1!8m2!3d-2.1361111!4d-79.9005556!15sChdQYXJyaWxsYSBQdW50YSBkZWwgRXN0ZVoZIhdwYXJyaWxsYSBwdW50YSBkZWwgZXN0ZZIBBmFzYWRvcpoBI0NoWkRTVWhOTUc5blMwVkpRMEZuU1VSYU1IWlFhMVZuRUFF4AEA-gEECAAQJQ!16s%2Fg%2F1tflyy__?entry=ttu&g_ep=EgoyMDI2MDgwNS4xIKXMDSoASAFQAw%3D%3D","5",,"V37X+HQ4, Av. 2 N-E - Ing. Rodolfo Baquerizo Nazur","false",,,"Parrillada Punta Del Este","4.3",,"https://www.google.com/maps/search/?api=1&query=Parrillada%20Punta%20Del%20Este&query_place_id=ChIJvUBMdmxtLZAR4UKXj_NY9UM",
"V37X+HQ4, Av. 2 N-E - Ing. Rodolfo Baquerizo Nazur, 090508 Guayaquil, Ecuador","Parrilla","Parrilla","4896917972944634593","Guayaquil","EC","0x902d6d6c764c40bd:0x43f558f38f9742e1",,"https://lh3.googleusercontent.com/gps-cs-s/AHRPTWkRTcvnpJDUhkVYCVgu4xIBH78r7D8wp1dQEbHQ0Gg3bt0SA10fk4KPI-CuXfPpw30foXs14EvOqAhfn60g_e6Wpq_vLlKvmAM4nPsnslA1g3NcJMa435bQ_XV53KLTDQzio2v5KQ=w408-h306-k-no","false","true","/g/1tflyy__","es-419","0","-2.1361111","-79.9005556",,"Alborada Este","en","false","ChIJvUBMdmxtLZAR4UKXj_NY9UM","090508",,"Hace 7 meses","2025-12-15T13:30:38.758Z",,,,,,,,,,,,,,,,,,,"5","4","5","Ci9DQUlRQUNvZENodHljRjlvT21abmExVlhhMGQ1VW10NmNIcFNOMlpyUTJJdGRFRRAB","https://lh3.googleusercontent.com/grass-cs/ACvplmNv6bD8rmVLyuIrna0Poy4jwXMa4Psq1j6kzqXkGivu2Vgn2-I-JgkcJUk3Tor7_pwmUNnB70J4PSga1POdTWlJDEfFokaqnOl7MMCnd0HTfFmNVBbSBO9SACR9fiI72VsZp72z_UW-qnyT=k-no",,,,,,,"Google",,,"522",,,"1212","2026-08-08T17:30:22.978Z","Direct Detail URL: https://www.google.com/maps/place/Parrillada+Punta+Del+Este/@-2.2158291,-79.9617486,11.42z/data=!4m10!1m2!2m1!1sParrilla+Punta+del+Este+!3m6!1s0x902d6d6c764c40bd:0x43f558f38f9742e1!8m2!3d-2.1361111!4d-79.9005556!15sChdQYXJyaWxsYSBQdW50YSBkZWwgRXN0ZVoZIhdwYXJyaWxsYSBwdW50YSBkZWwgZXN0ZZIBBmFzYWRvcpoBI0NoWkRTVWhOTUc5blMwVkpRMEZuU1VSYU1IWlFhMVZuRUFF4AEA-gEECAAQJQ!16s%2Fg%2F1tflyy__?entry=ttu&g_ep=EgoyMDI2MDgwNS4xIKXMDSoASAFQAw%3D%3D","5",,"V37X+HQ4, Av. 2 N-E - Ing. Rodolfo Baquerizo Nazur","false","Nice and friendly place to celebrate birthdays with friends or families.
But there is no an elevator for elderly people.
I had a wonderful time. 😉😉😉","Un lugar agradable y acogedor para celebrar cumpleaños con amigos o familiares.
Pero no hay ascensor para personas mayores.
¡Lo pasé genial! 😉😉😉","Parrillada Punta Del Este","4.3","es","https://www.google.com/maps/search/?api=1&query=Parrillada%20Punta%20Del%20Este&query_place_id=ChIJvUBMdmxtLZAR4UKXj_NY9UM",
"V37X+HQ4, Av. 2 N-E - Ing. Rodolfo Baquerizo Nazur, 090508 Guayaquil, Ecuador","Parrilla","Parrilla","4896917972944634593","Guayaquil","EC","0x902d6d6c764c40bd:0x43f558f38f9742e1",,"https://lh3.googleusercontent.com/gps-cs-s/AHRPTWkRTcvnpJDUhkVYCVgu4xIBH78r7D8wp1dQEbHQ0Gg3bt0SA10fk4KPI-CuXfPpw30foXs14EvOqAhfn60g_e6Wpq_vLlKvmAM4nPsnslA1g3NcJMa435bQ_XV53KLTDQzio2v5KQ=w408-h306-k-no","false","true","/g/1tflyy__","es-419","0","-2.1361111","-79.9005556",,"Alborada Este",,"false","ChIJvUBMdmxtLZAR4UKXj_NY9UM","090508",,"Hace 7 meses","2025-12-13T21:40:54.041Z",,,,,,,,,,,,,,,,,,,,,,"Ci9DQUlRQUNvZENodHljRjlvT2pkbE1GRnZXRlJCTkRGVVVFSjFWbWRHWkRsTVZIYxAB",,,,,,,,"Google",,,"260",,,"1212","2026-08-08T17:30:22.978Z","Direct Detail URL: https://www.google.com/maps/place/Parrillada+Punta+Del+Este/@-2.2158291,-79.9617486,11.42z/data=!4m10!1m2!2m1!1sParrilla+Punta+del+Este+!3m6!1s0x902d6d6c764c40bd:0x43f558f38f9742e1!8m2!3d-2.1361111!4d-79.9005556!15sChdQYXJyaWxsYSBQdW50YSBkZWwgRXN0ZVoZIhdwYXJyaWxsYSBwdW50YSBkZWwgZXN0ZZIBBmFzYWRvcpoBI0NoWkRTVWhOTUc5blMwVkpRMEZuU1VSYU1IWlFhMVZuRUFF4AEA-gEECAAQJQ!16s%2Fg%2F1tflyy__?entry=ttu&g_ep=EgoyMDI2MDgwNS4xIKXMDSoASAFQAw%3D%3D","4",,"V37X+HQ4, Av. 2 N-E - Ing. Rodolfo Baquerizo Nazur","false",,,"Parrillada Punta Del Este","4.3",,"https://www.google.com/maps/search/?api=1&query=Parrillada%20Punta%20Del%20Este&query_place_id=ChIJvUBMdmxtLZAR4UKXj_NY9UM",
"V37X+HQ4, Av. 2 N-E - Ing. Rodolfo Baquerizo Nazur, 090508 Guayaquil, Ecuador","Parrilla","Parrilla","4896917972944634593","Guayaquil","EC","0x902d6d6c764c40bd:0x43f558f38f9742e1",,"https://lh3.googleusercontent.com/gps-cs-s/AHRPTWkRTcvnpJDUhkVYCVgu4xIBH78r7D8wp1dQEbHQ0Gg3bt0SA10fk4KPI-CuXfPpw30foXs14EvOqAhfn60g_e6Wpq_vLlKvmAM4nPsnslA1g3NcJMa435bQ_XV53KLTDQzio2v5KQ=w408-h306-k-no","false","false","/g/1tflyy__","es-419","0","-2.1361111","-79.9005556",,"Alborada Este","es","false","ChIJvUBMdmxtLZAR4UKXj_NY9UM","090508",,"Hace 8 meses","2025-11-22T02:55:09.338Z",,,,,,,,,,,,"$10-15","Varía según la hora o el día","Apto para grupos de todos los tamaños","Hasta 10 min",,,,"5","5","5","Ci9DQUlRQUNvZENodHljRjlvT21vek4wOHdjRXRyUlVKUk1VWmtSR1IwVjFKMmNYYxAB",,,,,,,,"Google",,,"1",,,"1212","2026-08-08T17:30:22.978Z","Direct Detail URL: https://www.google.com/maps/place/Parrillada+Punta+Del+Este/@-2.2158291,-79.9617486,11.42z/data=!4m10!1m2!2m1!1sParrilla+Punta+del+Este+!3m6!1s0x902d6d6c764c40bd:0x43f558f38f9742e1!8m2!3d-2.1361111!4d-79.9005556!15sChdQYXJyaWxsYSBQdW50YSBkZWwgRXN0ZVoZIhdwYXJyaWxsYSBwdW50YSBkZWwgZXN0ZZIBBmFzYWRvcpoBI0NoWkRTVWhOTUc5blMwVkpRMEZuU1VSYU1IWlFhMVZuRUFF4AEA-gEECAAQJQ!16s%2Fg%2F1tflyy__?entry=ttu&g_ep=EgoyMDI2MDgwNS4xIKXMDSoASAFQAw%3D%3D","5",,"V37X+HQ4, Av. 2 N-E - Ing. Rodolfo Baquerizo Nazur","false","Muy buena la comida, el servicio y el ambiente es tan agradable cuando se pasa en familia siempre vamos en ocasiones especiales",,"Parrillada Punta Del Este","4.3",,"https://www.google.com/maps/search/?api=1&query=Parrillada%20Punta%20Del%20Este&query_place_id=ChIJvUBMdmxtLZAR4UKXj_NY9UM",
"V37X+HQ4, Av. 2 N-E - Ing. Rodolfo Baquerizo Nazur, 090508 Guayaquil, Ecuador","Parrilla","Parrilla","4896917972944634593","Guayaquil","EC","0x902d6d6c764c40bd:0x43f558f38f9742e1",,"https://lh3.googleusercontent.com/gps-cs-s/AHRPTWkRTcvnpJDUhkVYCVgu4xIBH78r7D8wp1dQEbHQ0Gg3bt0SA10fk4KPI-CuXfPpw30foXs14EvOqAhfn60g_e6Wpq_vLlKvmAM4nPsnslA1g3NcJMa435bQ_XV53KLTDQzio2v5KQ=w408-h306-k-no","false","false","/g/1tflyy__","es-419","0","-2.1361111","-79.9005556",,"Alborada Este",,"false","ChIJvUBMdmxtLZAR4UKXj_NY9UM","090508",,"Hace 9 meses","2025-10-15T01:56:40.027Z",,,,,,,,,,,,,,,,,,,"5","5","5","Ci9DQUlRQUNvZENodHljRjlvT2xCVFJtMXBiRVZyVG5kTVZXRjVibnAxY20xbFZYYxAB",,,,,,,,"Google",,,"0",,,"1212","2026-08-08T17:30:22.978Z","Direct Detail URL: https://www.google.com/maps/place/Parrillada+Punta+Del+Este/@-2.2158291,-79.9617486,11.42z/data=!4m10!1m2!2m1!1sParrilla+Punta+del+Este+!3m6!1s0x902d6d6c764c40bd:0x43f558f38f9742e1!8m2!3d-2.1361111!4d-79.9005556!15sChdQYXJyaWxsYSBQdW50YSBkZWwgRXN0ZVoZIhdwYXJyaWxsYSBwdW50YSBkZWwgZXN0ZZIBBmFzYWRvcpoBI0NoWkRTVWhOTUc5blMwVkpRMEZuU1VSYU1IWlFhMVZuRUFF4AEA-gEECAAQJQ!16s%2Fg%2F1tflyy__?entry=ttu&g_ep=EgoyMDI2MDgwNS4xIKXMDSoASAFQAw%3D%3D","5",,"V37X+HQ4, Av. 2 N-E - Ing. Rodolfo Baquerizo Nazur","false",,,"Parrillada Punta Del Este","4.3",,"https://www.google.com/maps/search/?api=1&query=Parrillada%20Punta%20Del%20Este&query_place_id=ChIJvUBMdmxtLZAR4UKXj_NY9UM",
"V37X+HQ4, Av. 2 N-E - Ing. Rodolfo Baquerizo Nazur, 090508 Guayaquil, Ecuador","Parrilla","Parrilla","4896917972944634593","Guayaquil","EC","0x902d6d6c764c40bd:0x43f558f38f9742e1",,"https://lh3.googleusercontent.com/gps-cs-s/AHRPTWkRTcvnpJDUhkVYCVgu4xIBH78r7D8wp1dQEbHQ0Gg3bt0SA10fk4KPI-CuXfPpw30foXs14EvOqAhfn60g_e6Wpq_vLlKvmAM4nPsnslA1g3NcJMa435bQ_XV53KLTDQzio2v5KQ=w408-h306-k-no","false","true","/g/1tflyy__","es-419","0","-2.1361111","-79.9005556",,"Alborada Este",,"false","ChIJvUBMdmxtLZAR4UKXj_NY9UM","090508",,"Hace 11 meses","2025-09-07T03:55:14.549Z",,,,,,,,,,,,,,,,,,,,,,"Ci9DQUlRQUNvZENodHljRjlvT2xKcVFtVjNNVUZaWlZGWVExZFZWalZEVDNSMWMzYxAB",,,,,,,,"Google",,,"13",,,"1212","2026-08-08T17:30:22.978Z","Direct Detail URL: https://www.google.com/maps/place/Parrillada+Punta+Del+Este/@-2.2158291,-79.9617486,11.42z/data=!4m10!1m2!2m1!1sParrilla+Punta+del+Este+!3m6!1s0x902d6d6c764c40bd:0x43f558f38f9742e1!8m2!3d-2.1361111!4d-79.9005556!15sChdQYXJyaWxsYSBQdW50YSBkZWwgRXN0ZVoZIhdwYXJyaWxsYSBwdW50YSBkZWwgZXN0ZZIBBmFzYWRvcpoBI0NoWkRTVWhOTUc5blMwVkpRMEZuU1VSYU1IWlFhMVZuRUFF4AEA-gEECAAQJQ!16s%2Fg%2F1tflyy__?entry=ttu&g_ep=EgoyMDI2MDgwNS4xIKXMDSoASAFQAw%3D%3D","5",,"V37X+HQ4, Av. 2 N-E - Ing. Rodolfo Baquerizo Nazur","false",,,"Parrillada Punta Del Este","4.3",,"https://www.google.com/maps/search/?api=1&query=Parrillada%20Punta%20Del%20Este&query_place_id=ChIJvUBMdmxtLZAR4UKXj_NY9UM",
"V37X+HQ4, Av. 2 N-E - Ing. Rodolfo Baquerizo Nazur, 090508 Guayaquil, Ecuador","Parrilla","Parrilla","4896917972944634593","Guayaquil","EC","0x902d6d6c764c40bd:0x43f558f38f9742e1",,"https://lh3.googleusercontent.com/gps-cs-s/AHRPTWkRTcvnpJDUhkVYCVgu4xIBH78r7D8wp1dQEbHQ0Gg3bt0SA10fk4KPI-CuXfPpw30foXs14EvOqAhfn60g_e6Wpq_vLlKvmAM4nPsnslA1g3NcJMa435bQ_XV53KLTDQzio2v5KQ=w408-h306-k-no","false","true","/g/1tflyy__","es-419","0","-2.1361111","-79.9005556",,"Alborada Este",,"false","ChIJvUBMdmxtLZAR4UKXj_NY9UM","090508",,"Hace 11 meses","2025-08-19T20:34:22.918Z",,,,,,,,,,,,,,,,,,,"5","5","5","Ci9DQUlRQUNvZENodHljRjlvT25SS2NsRkxNVlJ6Tms0MVZGaDJaMlpsWlhJeGEyYxAB",,,,,,,,"Google",,,"119",,,"1212","2026-08-08T17:30:22.978Z","Direct Detail URL: https://www.google.com/maps/place/Parrillada+Punta+Del+Este/@-2.2158291,-79.9617486,11.42z/data=!4m10!1m2!2m1!1sParrilla+Punta+del+Este+!3m6!1s0x902d6d6c764c40bd:0x43f558f38f9742e1!8m2!3d-2.1361111!4d-79.9005556!15sChdQYXJyaWxsYSBQdW50YSBkZWwgRXN0ZVoZIhdwYXJyaWxsYSBwdW50YSBkZWwgZXN0ZZIBBmFzYWRvcpoBI0NoWkRTVWhOTUc5blMwVkpRMEZuU1VSYU1IWlFhMVZuRUFF4AEA-gEECAAQJQ!16s%2Fg%2F1tflyy__?entry=ttu&g_ep=EgoyMDI2MDgwNS4xIKXMDSoASAFQAw%3D%3D","5",,"V37X+HQ4, Av. 2 N-E - Ing. Rodolfo Baquerizo Nazur","false",,,"Parrillada Punta Del Este","4.3",,"https://www.google.com/maps/search/?api=1&query=Parrillada%20Punta%20Del%20Este&query_place_id=ChIJvUBMdmxtLZAR4UKXj_NY9UM",
"V37X+HQ4, Av. 2 N-E - Ing. Rodolfo Baquerizo Nazur, 090508 Guayaquil, Ecuador","Parrilla","Parrilla","4896917972944634593","Guayaquil","EC","0x902d6d6c764c40bd:0x43f558f38f9742e1",,"https://lh3.googleusercontent.com/gps-cs-s/AHRPTWkRTcvnpJDUhkVYCVgu4xIBH78r7D8wp1dQEbHQ0Gg3bt0SA10fk4KPI-CuXfPpw30foXs14EvOqAhfn60g_e6Wpq_vLlKvmAM4nPsnslA1g3NcJMa435bQ_XV53KLTDQzio2v5KQ=w408-h306-k-no","false","true","/g/1tflyy__","es-419","0","-2.1361111","-79.9005556",,"Alborada Este",,"false","ChIJvUBMdmxtLZAR4UKXj_NY9UM","090508",,"Hace 11 meses","2025-08-14T01:40:35.984Z",,,,,,,,,,,,,,,,,,,"3","3","3","Ci9DQUlRQUNvZENodHljRjlvT2pSaWRVdDFXREpqTUY5V1RWUk1NblpaTm1oMlFtYxAB",,,,,,,,"Google",,,"12",,,"1212","2026-08-08T17:30:22.978Z","Direct Detail URL: https://www.google.com/maps/place/Parrillada+Punta+Del+Este/@-2.2158291,-79.9617486,11.42z/data=!4m10!1m2!2m1!1sParrilla+Punta+del+Este+!3m6!1s0x902d6d6c764c40bd:0x43f558f38f9742e1!8m2!3d-2.1361111!4d-79.9005556!15sChdQYXJyaWxsYSBQdW50YSBkZWwgRXN0ZVoZIhdwYXJyaWxsYSBwdW50YSBkZWwgZXN0ZZIBBmFzYWRvcpoBI0NoWkRTVWhOTUc5blMwVkpRMEZuU1VSYU1IWlFhMVZuRUFF4AEA-gEECAAQJQ!16s%2Fg%2F1tflyy__?entry=ttu&g_ep=EgoyMDI2MDgwNS4xIKXMDSoASAFQAw%3D%3D","3",,"V37X+HQ4, Av. 2 N-E - Ing. Rodolfo Baquerizo Nazur","false",,,"Parrillada Punta Del Este","4.3",,"https://www.google.com/maps/search/?api=1&query=Parrillada%20Punta%20Del%20Este&query_place_id=ChIJvUBMdmxtLZAR4UKXj_NY9UM",
"V37X+HQ4, Av. 2 N-E - Ing. Rodolfo Baquerizo Nazur, 090508 Guayaquil, Ecuador","Parrilla","Parrilla","4896917972944634593","Guayaquil","EC","0x902d6d6c764c40bd:0x43f558f38f9742e1",,"https://lh3.googleusercontent.com/gps-cs-s/AHRPTWkRTcvnpJDUhkVYCVgu4xIBH78r7D8wp1dQEbHQ0Gg3bt0SA10fk4KPI-CuXfPpw30foXs14EvOqAhfn60g_e6Wpq_vLlKvmAM4nPsnslA1g3NcJMa435bQ_XV53KLTDQzio2v5KQ=w408-h306-k-no","false","true","/g/1tflyy__","es-419","0","-2.1361111","-79.9005556",,"Alborada Este",,"false","ChIJvUBMdmxtLZAR4UKXj_NY9UM","090508",,"Editado Hace un año","2025-08-04T21:45:27.058Z",,,,,,,,,,,,,,,,,,,"3","3","3","ChZDSUhNMG9nS0VJQ0FnSURZcUk3bU1nEAE",,,,,,,,"Google",,,"838",,,"1212","2026-08-08T17:30:22.978Z","Direct Detail URL: https://www.google.com/maps/place/Parrillada+Punta+Del+Este/@-2.2158291,-79.9617486,11.42z/data=!4m10!1m2!2m1!1sParrilla+Punta+del+Este+!3m6!1s0x902d6d6c764c40bd:0x43f558f38f9742e1!8m2!3d-2.1361111!4d-79.9005556!15sChdQYXJyaWxsYSBQdW50YSBkZWwgRXN0ZVoZIhdwYXJyaWxsYSBwdW50YSBkZWwgZXN0ZZIBBmFzYWRvcpoBI0NoWkRTVWhOTUc5blMwVkpRMEZuU1VSYU1IWlFhMVZuRUFF4AEA-gEECAAQJQ!16s%2Fg%2F1tflyy__?entry=ttu&g_ep=EgoyMDI2MDgwNS4xIKXMDSoASAFQAw%3D%3D","3",,"V37X+HQ4, Av. 2 N-E - Ing. Rodolfo Baquerizo Nazur","false",,,"Parrillada Punta Del Este","4.3",,"https://www.google.com/maps/search/?api=1&query=Parrillada%20Punta%20Del%20Este&query_place_id=ChIJvUBMdmxtLZAR4UKXj_NY9UM",
"V37X+HQ4, Av. 2 N-E - Ing. Rodolfo Baquerizo Nazur, 090508 Guayaquil, Ecuador","Parrilla","Parrilla","4896917972944634593","Guayaquil","EC","0x902d6d6c764c40bd:0x43f558f38f9742e1",,"https://lh3.googleusercontent.com/gps-cs-s/AHRPTWkRTcvnpJDUhkVYCVgu4xIBH78r7D8wp1dQEbHQ0Gg3bt0SA10fk4KPI-CuXfPpw30foXs14EvOqAhfn60g_e6Wpq_vLlKvmAM4nPsnslA1g3NcJMa435bQ_XV53KLTDQzio2v5KQ=w408-h306-k-no","false","true","/g/1tflyy__","es-419","0","-2.1361111","-79.9005556",,"Alborada Este",,"false","ChIJvUBMdmxtLZAR4UKXj_NY9UM","090508",,"Hace un año","2025-07-22T05:13:42.114Z",,,,,,,,,,,,,,,,,,,,,,"Ci9DQUlRQUNvZENodHljRjlvT2swM1lsSkZZMkZpVFVsV1NIWk5XVTlmUVd0MmQwRRAB",,,,,,,,"Google",,,"115",,,"1212","2026-08-08T17:30:22.978Z","Direct Detail URL: https://www.google.com/maps/place/Parrillada+Punta+Del+Este/@-2.2158291,-79.9617486,11.42z/data=!4m10!1m2!2m1!1sParrilla+Punta+del+Este+!3m6!1s0x902d6d6c764c40bd:0x43f558f38f9742e1!8m2!3d-2.1361111!4d-79.9005556!15sChdQYXJyaWxsYSBQdW50YSBkZWwgRXN0ZVoZIhdwYXJyaWxsYSBwdW50YSBkZWwgZXN0ZZIBBmFzYWRvcpoBI0NoWkRTVWhOTUc5blMwVkpRMEZuU1VSYU1IWlFhMVZuRUFF4AEA-gEECAAQJQ!16s%2Fg%2F1tflyy__?entry=ttu&g_ep=EgoyMDI2MDgwNS4xIKXMDSoASAFQAw%3D%3D","5",,"V37X+HQ4, Av. 2 N-E - Ing. Rodolfo Baquerizo Nazur","false",,,"Parrillada Punta Del Este","4.3",,"https://www.google.com/maps/search/?api=1&query=Parrillada%20Punta%20Del%20Este&query_place_id=ChIJvUBMdmxtLZAR4UKXj_NY9UM",
"V37X+HQ4, Av. 2 N-E - Ing. Rodolfo Baquerizo Nazur, 090508 Guayaquil, Ecuador","Parrilla","Parrilla","4896917972944634593","Guayaquil","EC","0x902d6d6c764c40bd:0x43f558f38f9742e1",,"https://lh3.googleusercontent.com/gps-cs-s/AHRPTWkRTcvnpJDUhkVYCVgu4xIBH78r7D8wp1dQEbHQ0Gg3bt0SA10fk4KPI-CuXfPpw30foXs14EvOqAhfn60g_e6Wpq_vLlKvmAM4nPsnslA1g3NcJMa435bQ_XV53KLTDQzio2v5KQ=w408-h306-k-no","false","false","/g/1tflyy__","es-419","0","-2.1361111","-79.9005556",,"Alborada Este",,"false","ChIJvUBMdmxtLZAR4UKXj_NY9UM","090508",,"Hace un año","2025-06-26T20:56:22.180Z",,,,,,,,,,,,,,,,,,,,,,"Ci9DQUlRQUNvZENodHljRjlvT2taRE5tdEhOWGMwZUU5VU5VRmpXRzlSZERKSk5XYxAB",,,,,,,,"Google",,,"2",,,"1212","2026-08-08T17:30:22.978Z","Direct Detail URL: https://www.google.com/maps/place/Parrillada+Punta+Del+Este/@-2.2158291,-79.9617486,11.42z/data=!4m10!1m2!2m1!1sParrilla+Punta+del+Este+!3m6!1s0x902d6d6c764c40bd:0x43f558f38f9742e1!8m2!3d-2.1361111!4d-79.9005556!15sChdQYXJyaWxsYSBQdW50YSBkZWwgRXN0ZVoZIhdwYXJyaWxsYSBwdW50YSBkZWwgZXN0ZZIBBmFzYWRvcpoBI0NoWkRTVWhOTUc5blMwVkpRMEZuU1VSYU1IWlFhMVZuRUFF4AEA-gEECAAQJQ!16s%2Fg%2F1tflyy__?entry=ttu&g_ep=EgoyMDI2MDgwNS4xIKXMDSoASAFQAw%3D%3D","5",,"V37X+HQ4, Av. 2 N-E - Ing. Rodolfo Baquerizo Nazur","false",,,"Parrillada Punta Del Este","4.3",,"https://www.google.com/maps/search/?api=1&query=Parrillada%20Punta%20Del%20Este&query_place_id=ChIJvUBMdmxtLZAR4UKXj_NY9UM",
"V37X+HQ4, Av. 2 N-E - Ing. Rodolfo Baquerizo Nazur, 090508 Guayaquil, Ecuador","Parrilla","Parrilla","4896917972944634593","Guayaquil","EC","0x902d6d6c764c40bd:0x43f558f38f9742e1",,"https://lh3.googleusercontent.com/gps-cs-s/AHRPTWkRTcvnpJDUhkVYCVgu4xIBH78r7D8wp1dQEbHQ0Gg3bt0SA10fk4KPI-CuXfPpw30foXs14EvOqAhfn60g_e6Wpq_vLlKvmAM4nPsnslA1g3NcJMa435bQ_XV53KLTDQzio2v5KQ=w408-h306-k-no","false","true","/g/1tflyy__","es-419","0","-2.1361111","-79.9005556",,"Alborada Este",,"false","ChIJvUBMdmxtLZAR4UKXj_NY9UM","090508",,"Hace un año","2025-06-12T15:46:09.880Z",,,,,,,,,,,,,,,,,,,,,,"Ci9DQUlRQUNvZENodHljRjlvT20xVGRHSm9jMVp3UzNFeVpTMVpRbkpQU0dscmJGRRAB",,,,,,,,"Google",,,"0",,,"1212","2026-08-08T17:30:22.978Z","Direct Detail URL: https://www.google.com/maps/place/Parrillada+Punta+Del+Este/@-2.2158291,-79.9617486,11.42z/data=!4m10!1m2!2m1!1sParrilla+Punta+del+Este+!3m6!1s0x902d6d6c764c40bd:0x43f558f38f9742e1!8m2!3d-2.1361111!4d-79.9005556!15sChdQYXJyaWxsYSBQdW50YSBkZWwgRXN0ZVoZIhdwYXJyaWxsYSBwdW50YSBkZWwgZXN0ZZIBBmFzYWRvcpoBI0NoWkRTVWhOTUc5blMwVkpRMEZuU1VSYU1IWlFhMVZuRUFF4AEA-gEECAAQJQ!16s%2Fg%2F1tflyy__?entry=ttu&g_ep=EgoyMDI2MDgwNS4xIKXMDSoASAFQAw%3D%3D","4",,"V37X+HQ4, Av. 2 N-E - Ing. Rodolfo Baquerizo Nazur","false",,,"Parrillada Punta Del Este","4.3",,"https://www.google.com/maps/search/?api=1&query=Parrillada%20Punta%20Del%20Este&query_place_id=ChIJvUBMdmxtLZAR4UKXj_NY9UM",
"V37X+HQ4, Av. 2 N-E - Ing. Rodolfo Baquerizo Nazur, 090508 Guayaquil, Ecuador","Parrilla","Parrilla","4896917972944634593","Guayaquil","EC","0x902d6d6c764c40bd:0x43f558f38f9742e1",,"https://lh3.googleusercontent.com/gps-cs-s/AHRPTWkRTcvnpJDUhkVYCVgu4xIBH78r7D8wp1dQEbHQ0Gg3bt0SA10fk4KPI-CuXfPpw30foXs14EvOqAhfn60g_e6Wpq_vLlKvmAM4nPsnslA1g3NcJMa435bQ_XV53KLTDQzio2v5KQ=w408-h306-k-no","false","false","/g/1tflyy__","es-419","0","-2.1361111","-79.9005556",,"Alborada Este",,"false","ChIJvUBMdmxtLZAR4UKXj_NY9UM","090508",,"Hace un año","2025-06-08T03:12:54.147Z",,,,,,,,,,,,"$20-25",,,,,,,"4","4","5","ChRDSUhNMG9nS0VMdng2ZU9Mb3BkSxAB",,,,,,,,"Google",,,"1",,,"1212","2026-08-08T17:30:22.978Z","Direct Detail URL: https://www.google.com/maps/place/Parrillada+Punta+Del+Este/@-2.2158291,-79.9617486,11.42z/data=!4m10!1m2!2m1!1sParrilla+Punta+del+Este+!3m6!1s0x902d6d6c764c40bd:0x43f558f38f9742e1!8m2!3d-2.1361111!4d-79.9005556!15sChdQYXJyaWxsYSBQdW50YSBkZWwgRXN0ZVoZIhdwYXJyaWxsYSBwdW50YSBkZWwgZXN0ZZIBBmFzYWRvcpoBI0NoWkRTVWhOTUc5blMwVkpRMEZuU1VSYU1IWlFhMVZuRUFF4AEA-gEECAAQJQ!16s%2Fg%2F1tflyy__?entry=ttu&g_ep=EgoyMDI2MDgwNS4xIKXMDSoASAFQAw%3D%3D","5",,"V37X+HQ4, Av. 2 N-E - Ing. Rodolfo Baquerizo Nazur","false",,,"Parrillada Punta Del Este","4.3",,"https://www.google.com/maps/search/?api=1&query=Parrillada%20Punta%20Del%20Este&query_place_id=ChIJvUBMdmxtLZAR4UKXj_NY9UM",
"V37X+HQ4, Av. 2 N-E - Ing. Rodolfo Baquerizo Nazur, 090508 Guayaquil, Ecuador","Parrilla","Parrilla","4896917972944634593","Guayaquil","EC","0x902d6d6c764c40bd:0x43f558f38f9742e1",,"https://lh3.googleusercontent.com/gps-cs-s/AHRPTWkRTcvnpJDUhkVYCVgu4xIBH78r7D8wp1dQEbHQ0Gg3bt0SA10fk4KPI-CuXfPpw30foXs14EvOqAhfn60g_e6Wpq_vLlKvmAM4nPsnslA1g3NcJMa435bQ_XV53KLTDQzio2v5KQ=w408-h306-k-no","false","true","/g/1tflyy__","es-419","0","-2.1361111","-79.9005556",,"Alborada Este",,"false","ChIJvUBMdmxtLZAR4UKXj_NY9UM","090508",,"Hace un año","2025-05-31T16:58:14.180Z",,,,,"Hay suficiente espacio",,,"Silencioso, agradable para conversar","Estacionamiento gratuito",,,"$10-15",,,"Hasta 10 min","Comedor cubierto, Asientos en la barra",,,"4","5","5","ChdDSUhNMG9nS0VKaUp2WkMxeDVHaTFBRRAB",,,,,,,,"Google",,,"51",,,"1212","2026-08-08T17:30:22.978Z","Direct Detail URL: https://www.google.com/maps/place/Parrillada+Punta+Del+Este/@-2.2158291,-79.9617486,11.42z/data=!4m10!1m2!2m1!1sParrilla+Punta+del+Este+!3m6!1s0x902d6d6c764c40bd:0x43f558f38f9742e1!8m2!3d-2.1361111!4d-79.9005556!15sChdQYXJyaWxsYSBQdW50YSBkZWwgRXN0ZVoZIhdwYXJyaWxsYSBwdW50YSBkZWwgZXN0ZZIBBmFzYWRvcpoBI0NoWkRTVWhOTUc5blMwVkpRMEZuU1VSYU1IWlFhMVZuRUFF4AEA-gEECAAQJQ!16s%2Fg%2F1tflyy__?entry=ttu&g_ep=EgoyMDI2MDgwNS4xIKXMDSoASAFQAw%3D%3D","5",,"V37X+HQ4, Av. 2 N-E - Ing. Rodolfo Baquerizo Nazur","false",,,"Parrillada Punta Del Este","4.3",,"https://www.google.com/maps/search/?api=1&query=Parrillada%20Punta%20Del%20Este&query_place_id=ChIJvUBMdmxtLZAR4UKXj_NY9UM",
"V37X+HQ4, Av. 2 N-E - Ing. Rodolfo Baquerizo Nazur, 090508 Guayaquil, Ecuador","Parrilla","Parrilla","4896917972944634593","Guayaquil","EC","0x902d6d6c764c40bd:0x43f558f38f9742e1",,"https://lh3.googleusercontent.com/gps-cs-s/AHRPTWkRTcvnpJDUhkVYCVgu4xIBH78r7D8wp1dQEbHQ0Gg3bt0SA10fk4KPI-CuXfPpw30foXs14EvOqAhfn60g_e6Wpq_vLlKvmAM4nPsnslA1g3NcJMa435bQ_XV53KLTDQzio2v5KQ=w408-h306-k-no","false","true","/g/1tflyy__","es-419","0","-2.1361111","-79.9005556",,"Alborada Este",,"false","ChIJvUBMdmxtLZAR4UKXj_NY9UM","090508",,"Hace un año","2025-05-11T03:55:03.332Z",,,,,,,,,,,,,,,,,,,,,,"ChdDSUhNMG9nS0VPdlR1TnZ4emZPMzFBRRAB",,,,,,,,"Google",,,"3",,,"1212","2026-08-08T17:30:22.978Z","Direct Detail URL: https://www.google.com/maps/place/Parrillada+Punta+Del+Este/@-2.2158291,-79.9617486,11.42z/data=!4m10!1m2!2m1!1sParrilla+Punta+del+Este+!3m6!1s0x902d6d6c764c40bd:0x43f558f38f9742e1!8m2!3d-2.1361111!4d-79.9005556!15sChdQYXJyaWxsYSBQdW50YSBkZWwgRXN0ZVoZIhdwYXJyaWxsYSBwdW50YSBkZWwgZXN0ZZIBBmFzYWRvcpoBI0NoWkRTVWhOTUc5blMwVkpRMEZuU1VSYU1IWlFhMVZuRUFF4AEA-gEECAAQJQ!16s%2Fg%2F1tflyy__?entry=ttu&g_ep=EgoyMDI2MDgwNS4xIKXMDSoASAFQAw%3D%3D","4",,"V37X+HQ4, Av. 2 N-E - Ing. Rodolfo Baquerizo Nazur","false",,,"Parrillada Punta Del Este","4.3",,"https://www.google.com/maps/search/?api=1&query=Parrillada%20Punta%20Del%20Este&query_place_id=ChIJvUBMdmxtLZAR4UKXj_NY9UM",
"V37X+HQ4, Av. 2 N-E - Ing. Rodolfo Baquerizo Nazur, 090508 Guayaquil, Ecuador","Parrilla","Parrilla","4896917972944634593","Guayaquil","EC","0x902d6d6c764c40bd:0x43f558f38f9742e1",,"https://lh3.googleusercontent.com/gps-cs-s/AHRPTWkRTcvnpJDUhkVYCVgu4xIBH78r7D8wp1dQEbHQ0Gg3bt0SA10fk4KPI-CuXfPpw30foXs14EvOqAhfn60g_e6Wpq_vLlKvmAM4nPsnslA1g3NcJMa435bQ_XV53KLTDQzio2v5KQ=w408-h306-k-no","false","true","/g/1tflyy__","es-419","0","-2.1361111","-79.9005556",,"Alborada Este","es","false","ChIJvUBMdmxtLZAR4UKXj_NY9UM","090508",,"Hace un año","2025-05-01T11:22:00.206Z",,,,,,,,,,,,"$15-20",,,,,,,"5","5","5","ChZDSUhNMG9nS0VJQ0FnTUNZeExtU0xBEAE",,,,,,,,"Google",,,"81",,,"1212","2026-08-08T17:30:22.978Z","Direct Detail URL: https://www.google.com/maps/place/Parrillada+Punta+Del+Este/@-2.2158291,-79.9617486,11.42z/data=!4m10!1m2!2m1!1sParrilla+Punta+del+Este+!3m6!1s0x902d6d6c764c40bd:0x43f558f38f9742e1!8m2!3d-2.1361111!4d-79.9005556!15sChdQYXJyaWxsYSBQdW50YSBkZWwgRXN0ZVoZIhdwYXJyaWxsYSBwdW50YSBkZWwgZXN0ZZIBBmFzYWRvcpoBI0NoWkRTVWhOTUc5blMwVkpRMEZuU1VSYU1IWlFhMVZuRUFF4AEA-gEECAAQJQ!16s%2Fg%2F1tflyy__?entry=ttu&g_ep=EgoyMDI2MDgwNS4xIKXMDSoASAFQAw%3D%3D","5",,"V37X+HQ4, Av. 2 N-E - Ing. Rodolfo Baquerizo Nazur","false","Lo mejor de lo mejor en el Norte de Guayaquil",,"Parrillada Punta Del Este","4.3",,"https://www.google.com/maps/search/?api=1&query=Parrillada%20Punta%20Del%20Este&query_place_id=ChIJvUBMdmxtLZAR4UKXj_NY9UM",
"V37X+HQ4, Av. 2 N-E - Ing. Rodolfo Baquerizo Nazur, 090508 Guayaquil, Ecuador","Parrilla","Parrilla","4896917972944634593","Guayaquil","EC","0x902d6d6c764c40bd:0x43f558f38f9742e1",,"https://lh3.googleusercontent.com/gps-cs-s/AHRPTWkRTcvnpJDUhkVYCVgu4xIBH78r7D8wp1dQEbHQ0Gg3bt0SA10fk4KPI-CuXfPpw30foXs14EvOqAhfn60g_e6Wpq_vLlKvmAM4nPsnslA1g3NcJMa435bQ_XV53KLTDQzio2v5KQ=w408-h306-k-no","false","true","/g/1tflyy__","es-419","0","-2.1361111","-79.9005556",,"Alborada Este","es","false","ChIJvUBMdmxtLZAR4UKXj_NY9UM","090508",,"Hace un año","2025-04-21T05:34:33.434Z",,,,,"Hay suficiente espacio",,,,"Estacionamiento gratuito","Moro Con Costillas de Cerdo",,"$5-10",,,,,"Cena","Consumo en el lugar","4","4","4","ChdDSUhNMG9nS0VJQ0FnTURvZ0x2YXdnRRAB",,,,,,,,"Google",,,"378",,,"1212","2026-08-08T17:30:22.978Z","Direct Detail URL: https://www.google.com/maps/place/Parrillada+Punta+Del+Este/@-2.2158291,-79.9617486,11.42z/data=!4m10!1m2!2m1!1sParrilla+Punta+del+Este+!3m6!1s0x902d6d6c764c40bd:0x43f558f38f9742e1!8m2!3d-2.1361111!4d-79.9005556!15sChdQYXJyaWxsYSBQdW50YSBkZWwgRXN0ZVoZIhdwYXJyaWxsYSBwdW50YSBkZWwgZXN0ZZIBBmFzYWRvcpoBI0NoWkRTVWhOTUc5blMwVkpRMEZuU1VSYU1IWlFhMVZuRUFF4AEA-gEECAAQJQ!16s%2Fg%2F1tflyy__?entry=ttu&g_ep=EgoyMDI2MDgwNS4xIKXMDSoASAFQAw%3D%3D","4",,"V37X+HQ4, Av. 2 N-E - Ing. Rodolfo Baquerizo Nazur","false","Platos abundantes ,buenos cortes, atención muy buena.
Por $16 comen dos personas, nos pedimos una costilla San Luis por $14.50.",,"Parrillada Punta Del Este","4.3",,"https://www.google.com/maps/search/?api=1&query=Parrillada%20Punta%20Del%20Este&query_place_id=ChIJvUBMdmxtLZAR4UKXj_NY9UM",
"V37X+HQ4, Av. 2 N-E - Ing. Rodolfo Baquerizo Nazur, 090508 Guayaquil, Ecuador","Parrilla","Parrilla","4896917972944634593","Guayaquil","EC","0x902d6d6c764c40bd:0x43f558f38f9742e1",,"https://lh3.googleusercontent.com/gps-cs-s/AHRPTWkRTcvnpJDUhkVYCVgu4xIBH78r7D8wp1dQEbHQ0Gg3bt0SA10fk4KPI-CuXfPpw30foXs14EvOqAhfn60g_e6Wpq_vLlKvmAM4nPsnslA1g3NcJMa435bQ_XV53KLTDQzio2v5KQ=w408-h306-k-no","false","true","/g/1tflyy__","es-419","0","-2.1361111","-79.9005556",,"Alborada Este","es","false","ChIJvUBMdmxtLZAR4UKXj_NY9UM","090508",,"Hace un año","2025-04-09T03:38:25.627Z",,,,,,,,,,"Partillada",,"$5-10",,,,,"Otro","Consumo en el lugar","5","5","5","ChZDSUhNMG9nS0VJQ0FnTURJdXJ5OWJREAE","https://lh3.googleusercontent.com/grass-cs/ACvplmNLo6Kg9ufiYG_yzjb-2vKS-TxAzDkOWHkAaIpgh22ftpxIgSVKKWtWafywP2BVJTvyWdO3d_Pk1PEGJTSQDe5aQtWqFkhAkf-JcklzScwPvc5Kp43ZA0Gi-k8Z9czQdzpa-P3_=k-no","https://lh3.googleusercontent.com/grass-cs/ACvplmPP7dCXFkqUAox8VwLpxUbB02oxrE1-ZMEY-cpdedTWMTK4-fxGiFpd9pyvVxx5bUk45XML3Q0fVMFmGr3ad3mXxCmkzUfVvcWfp3CUIJi--lY8kkmJyglKHupabk0FWFfdMgdF=k-no","https://lh3.googleusercontent.com/grass-cs/ACvplmMUCJpLE2TKvEIj_f2XCaWoBiGUUeXlD0u4ih4DMFBZenqVdji_o_t2b3dS5HA-zLD4OMeflT0-CoP2pAtdTtHJQ-B-AyWDNJaATbYVLCrfpomdVVJXJTDfeIVStx4HVzl6_X6ZIw=k-no","https://lh3.googleusercontent.com/grass-cs/ACvplmOIJB2rOe64w-Nn4X6I0ac2N7buSnNcBWiXZZTuVyWlP8Tz53HaalUrjeeKYubgDikL-0BK90CGy-WZ9TDzy38S6n6tGWwa33sjtC0vdpIgkdH_wesX7VCF6wWO-gJmzRAQGrAA=k-no","https://lh3.googleusercontent.com/grass-cs/ACvplmNYXkJr3HYo4YL5JpqAQz4iczhVWLEkOSYhEkQw4Cilh5iR1QYsxYv_cucZjtNUMy9LZ2Z_CX1ZdL6mLtpeI0Kb2b_3dHCa0BDjHNvOUvEbVzoV8hVF1lAXrmGMKDKjTt8P_QVf=k-no","https://lh3.googleusercontent.com/grass-cs/ACvplmMrcMcMpLFvZXDmOLyqE_uvLPRA0j9idJdEeeF6a-J4ssiqbGGYqntRa0H_Kft30NWrzO2Hqo56UHN00POGC1D1bzCh5QC72oSa0ctbL_0wHU2GK99zW-zuX-K-y91YS0GDh7A=k-no",,"Google",,,"94",,,"1212","2026-08-08T17:30:22.978Z","Direct Detail URL: https://www.google.com/maps/place/Parrillada+Punta+Del+Este/@-2.2158291,-79.9617486,11.42z/data=!4m10!1m2!2m1!1sParrilla+Punta+del+Este+!3m6!1s0x902d6d6c764c40bd:0x43f558f38f9742e1!8m2!3d-2.1361111!4d-79.9005556!15sChdQYXJyaWxsYSBQdW50YSBkZWwgRXN0ZVoZIhdwYXJyaWxsYSBwdW50YSBkZWwgZXN0ZZIBBmFzYWRvcpoBI0NoWkRTVWhOTUc5blMwVkpRMEZuU1VSYU1IWlFhMVZuRUFF4AEA-gEECAAQJQ!16s%2Fg%2F1tflyy__?entry=ttu&g_ep=EgoyMDI2MDgwNS4xIKXMDSoASAFQAw%3D%3D","5",,"V37X+HQ4, Av. 2 N-E - Ing. Rodolfo Baquerizo Nazur","false","Descubrí este sitio el año pasado , 2024 , venden buenos almuerzos, parrilladas, arroz con menestra, moros, sus cortes son preparados a la perfección y de buen tamaño.",,"Parrillada Punta Del Este","4.3",,"https://www.google.com/maps/search/?api=1&query=Parrillada%20Punta%20Del%20Este&query_place_id=ChIJvUBMdmxtLZAR4UKXj_NY9UM",
"V37X+HQ4, Av. 2 N-E - Ing. Rodolfo Baquerizo Nazur, 090508 Guayaquil, Ecuador","Parrilla","Parrilla","4896917972944634593","Guayaquil","EC","0x902d6d6c764c40bd:0x43f558f38f9742e1",,"https://lh3.googleusercontent.com/gps-cs-s/AHRPTWkRTcvnpJDUhkVYCVgu4xIBH78r7D8wp1dQEbHQ0Gg3bt0SA10fk4KPI-CuXfPpw30foXs14EvOqAhfn60g_e6Wpq_vLlKvmAM4nPsnslA1g3NcJMa435bQ_XV53KLTDQzio2v5KQ=w408-h306-k-no","false","true","/g/1tflyy__","es-419","0","-2.1361111","-79.9005556",,"Alborada Este",,"false","ChIJvUBMdmxtLZAR4UKXj_NY9UM","090508",,"Hace un año","2024-12-30T07:41:56.284Z",,,,,,,,,,,,,,,,,,,"5","5","5","ChZDSUhNMG9nS0VJQ0FnSUNmaWFHREhnEAE",,,,,,,,"Google",,,"8",,,"1212","2026-08-08T17:30:22.978Z","Direct Detail URL: https://www.google.com/maps/place/Parrillada+Punta+Del+Este/@-2.2158291,-79.9617486,11.42z/data=!4m10!1m2!2m1!1sParrilla+Punta+del+Este+!3m6!1s0x902d6d6c764c40bd:0x43f558f38f9742e1!8m2!3d-2.1361111!4d-79.9005556!15sChdQYXJyaWxsYSBQdW50YSBkZWwgRXN0ZVoZIhdwYXJyaWxsYSBwdW50YSBkZWwgZXN0ZZIBBmFzYWRvcpoBI0NoWkRTVWhOTUc5blMwVkpRMEZuU1VSYU1IWlFhMVZuRUFF4AEA-gEECAAQJQ!16s%2Fg%2F1tflyy__?entry=ttu&g_ep=EgoyMDI2MDgwNS4xIKXMDSoASAFQAw%3D%3D","5",,"V37X+HQ4, Av. 2 N-E - Ing. Rodolfo Baquerizo Nazur","false",,,"Parrillada Punta Del Este","4.3",,"https://www.google.com/maps/search/?api=1&query=Parrillada%20Punta%20Del%20Este&query_place_id=ChIJvUBMdmxtLZAR4UKXj_NY9UM",
"V37X+HQ4, Av. 2 N-E - Ing. Rodolfo Baquerizo Nazur, 090508 Guayaquil, Ecuador","Parrilla","Parrilla","4896917972944634593","Guayaquil","EC","0x902d6d6c764c40bd:0x43f558f38f9742e1",,"https://lh3.googleusercontent.com/gps-cs-s/AHRPTWkRTcvnpJDUhkVYCVgu4xIBH78r7D8wp1dQEbHQ0Gg3bt0SA10fk4KPI-CuXfPpw30foXs14EvOqAhfn60g_e6Wpq_vLlKvmAM4nPsnslA1g3NcJMa435bQ_XV53KLTDQzio2v5KQ=w408-h306-k-no","false","false","/g/1tflyy__","es-419","0","-2.1361111","-79.9005556",,"Alborada Este","es","false","ChIJvUBMdmxtLZAR4UKXj_NY9UM","090508",,"Hace un año","2024-12-10T21:25:58.869Z",,,,,,,,,,,,,,,,,,,"5","5","5","ChZDSUhNMG9nS0VJQ0FnSUN2dHZXZFhnEAE",,,,,,,,"Google",,,"5",,,"1212","2026-08-08T17:30:22.978Z","Direct Detail URL: https://www.google.com/maps/place/Parrillada+Punta+Del+Este/@-2.2158291,-79.9617486,11.42z/data=!4m10!1m2!2m1!1sParrilla+Punta+del+Este+!3m6!1s0x902d6d6c764c40bd:0x43f558f38f9742e1!8m2!3d-2.1361111!4d-79.9005556!15sChdQYXJyaWxsYSBQdW50YSBkZWwgRXN0ZVoZIhdwYXJyaWxsYSBwdW50YSBkZWwgZXN0ZZIBBmFzYWRvcpoBI0NoWkRTVWhOTUc5blMwVkpRMEZuU1VSYU1IWlFhMVZuRUFF4AEA-gEECAAQJQ!16s%2Fg%2F1tflyy__?entry=ttu&g_ep=EgoyMDI2MDgwNS4xIKXMDSoASAFQAw%3D%3D","5",,"V37X+HQ4, Av. 2 N-E - Ing. Rodolfo Baquerizo Nazur","false","Excelente administración muy cordiales para la coordinación del evento y la atención del servicio ,comida ,Recomendado @parrilladapuntadeleste",,"Parrillada Punta Del Este","4.3",,"https://www.google.com/maps/search/?api=1&query=Parrillada%20Punta%20Del%20Este&query_place_id=ChIJvUBMdmxtLZAR4UKXj_NY9UM",
"V37X+HQ4, Av. 2 N-E - Ing. Rodolfo Baquerizo Nazur, 090508 Guayaquil, Ecuador","Parrilla","Parrilla","4896917972944634593","Guayaquil","EC","0x902d6d6c764c40bd:0x43f558f38f9742e1",,"https://lh3.googleusercontent.com/gps-cs-s/AHRPTWkRTcvnpJDUhkVYCVgu4xIBH78r7D8wp1dQEbHQ0Gg3bt0SA10fk4KPI-CuXfPpw30foXs14EvOqAhfn60g_e6Wpq_vLlKvmAM4nPsnslA1g3NcJMa435bQ_XV53KLTDQzio2v5KQ=w408-h306-k-no","false","true","/g/1tflyy__","es-419","0","-2.1361111","-79.9005556",,"Alborada Este",,"false","ChIJvUBMdmxtLZAR4UKXj_NY9UM","090508",,"Hace un año","2024-11-05T15:03:53.482Z",,,,,,,,,,"Moro de Pollo",,"$10-15",,,,,"Cena","Consumo en el lugar","4","5","5","ChdDSUhNMG9nS0VJQ0FnSUMzanQ2YnF3RRAB",,,,,,,,"Google",,,"139",,,"1212","2026-08-08T17:30:22.978Z","Direct Detail URL: https://www.google.com/maps/place/Parrillada+Punta+Del+Este/@-2.2158291,-79.9617486,11.42z/data=!4m10!1m2!2m1!1sParrilla+Punta+del+Este+!3m6!1s0x902d6d6c764c40bd:0x43f558f38f9742e1!8m2!3d-2.1361111!4d-79.9005556!15sChdQYXJyaWxsYSBQdW50YSBkZWwgRXN0ZVoZIhdwYXJyaWxsYSBwdW50YSBkZWwgZXN0ZZIBBmFzYWRvcpoBI0NoWkRTVWhOTUc5blMwVkpRMEZuU1VSYU1IWlFhMVZuRUFF4AEA-gEECAAQJQ!16s%2Fg%2F1tflyy__?entry=ttu&g_ep=EgoyMDI2MDgwNS4xIKXMDSoASAFQAw%3D%3D","5",,"V37X+HQ4, Av. 2 N-E - Ing. Rodolfo Baquerizo Nazur","false",,,"Parrillada Punta Del Este","4.3",,"https://www.google.com/maps/search/?api=1&query=Parrillada%20Punta%20Del%20Este&query_place_id=ChIJvUBMdmxtLZAR4UKXj_NY9UM",
"V37X+HQ4, Av. 2 N-E - Ing. Rodolfo Baquerizo Nazur, 090508 Guayaquil, Ecuador","Parrilla","Parrilla","4896917972944634593","Guayaquil","EC","0x902d6d6c764c40bd:0x43f558f38f9742e1",,"https://lh3.googleusercontent.com/gps-cs-s/AHRPTWkRTcvnpJDUhkVYCVgu4xIBH78r7D8wp1dQEbHQ0Gg3bt0SA10fk4KPI-CuXfPpw30foXs14EvOqAhfn60g_e6Wpq_vLlKvmAM4nPsnslA1g3NcJMa435bQ_XV53KLTDQzio2v5KQ=w408-h306-k-no","false","true","/g/1tflyy__","es-419","0","-2.1361111","-79.9005556",,"Alborada Este",,"false","ChIJvUBMdmxtLZAR4UKXj_NY9UM","090508",,"Hace un año","2024-10-10T18:21:11.369Z",,,,,,,,,,,,,,,,,,"Consumo en el lugar",,,,"ChdDSUhNMG9nS0VJQ0FnSURuaDdLd2lnRRAB",,,,,,,,"Google",,,"7",,,"1212","2026-08-08T17:30:22.978Z","Direct Detail URL: https://www.google.com/maps/place/Parrillada+Punta+Del+Este/@-2.2158291,-79.9617486,11.42z/data=!4m10!1m2!2m1!1sParrilla+Punta+del+Este+!3m6!1s0x902d6d6c764c40bd:0x43f558f38f9742e1!8m2!3d-2.1361111!4d-79.9005556!15sChdQYXJyaWxsYSBQdW50YSBkZWwgRXN0ZVoZIhdwYXJyaWxsYSBwdW50YSBkZWwgZXN0ZZIBBmFzYWRvcpoBI0NoWkRTVWhOTUc5blMwVkpRMEZuU1VSYU1IWlFhMVZuRUFF4AEA-gEECAAQJQ!16s%2Fg%2F1tflyy__?entry=ttu&g_ep=EgoyMDI2MDgwNS4xIKXMDSoASAFQAw%3D%3D","5",,"V37X+HQ4, Av. 2 N-E - Ing. Rodolfo Baquerizo Nazur","false",,,"Parrillada Punta Del Este","4.3",,"https://www.google.com/maps/search/?api=1&query=Parrillada%20Punta%20Del%20Este&query_place_id=ChIJvUBMdmxtLZAR4UKXj_NY9UM",
"V37X+HQ4, Av. 2 N-E - Ing. Rodolfo Baquerizo Nazur, 090508 Guayaquil, Ecuador","Parrilla","Parrilla","4896917972944634593","Guayaquil","EC","0x902d6d6c764c40bd:0x43f558f38f9742e1",,"https://lh3.googleusercontent.com/gps-cs-s/AHRPTWkRTcvnpJDUhkVYCVgu4xIBH78r7D8wp1dQEbHQ0Gg3bt0SA10fk4KPI-CuXfPpw30foXs14EvOqAhfn60g_e6Wpq_vLlKvmAM4nPsnslA1g3NcJMa435bQ_XV53KLTDQzio2v5KQ=w408-h306-k-no","false","true","/g/1tflyy__","es-419","0","-2.1361111","-79.9005556",,"Alborada Este",,"false","ChIJvUBMdmxtLZAR4UKXj_NY9UM","090508",,"Hace un año","2024-10-04T19:03:12.449Z",,,,,,,,,,,,"$35-40",,,,,"Otro","Consumo en el lugar","4","5","5","ChdDSUhNMG9nS0VJQ0FnSURuc3BpTHFBRRAB",,,,,,,,"Google",,,"16",,,"1212","2026-08-08T17:30:22.978Z","Direct Detail URL: https://www.google.com/maps/place/Parrillada+Punta+Del+Este/@-2.2158291,-79.9617486,11.42z/data=!4m10!1m2!2m1!1sParrilla+Punta+del+Este+!3m6!1s0x902d6d6c764c40bd:0x43f558f38f9742e1!8m2!3d-2.1361111!4d-79.9005556!15sChdQYXJyaWxsYSBQdW50YSBkZWwgRXN0ZVoZIhdwYXJyaWxsYSBwdW50YSBkZWwgZXN0ZZIBBmFzYWRvcpoBI0NoWkRTVWhOTUc5blMwVkpRMEZuU1VSYU1IWlFhMVZuRUFF4AEA-gEECAAQJQ!16s%2Fg%2F1tflyy__?entry=ttu&g_ep=EgoyMDI2MDgwNS4xIKXMDSoASAFQAw%3D%3D","4",,"V37X+HQ4, Av. 2 N-E - Ing. Rodolfo Baquerizo Nazur","false",,,"Parrillada Punta Del Este","4.3",,"https://www.google.com/maps/search/?api=1&query=Parrillada%20Punta%20Del%20Este&query_place_id=ChIJvUBMdmxtLZAR4UKXj_NY9UM",
"V37X+HQ4, Av. 2 N-E - Ing. Rodolfo Baquerizo Nazur, 090508 Guayaquil, Ecuador","Parrilla","Parrilla","4896917972944634593","Guayaquil","EC","0x902d6d6c764c40bd:0x43f558f38f9742e1",,"https://lh3.googleusercontent.com/gps-cs-s/AHRPTWkRTcvnpJDUhkVYCVgu4xIBH78r7D8wp1dQEbHQ0Gg3bt0SA10fk4KPI-CuXfPpw30foXs14EvOqAhfn60g_e6Wpq_vLlKvmAM4nPsnslA1g3NcJMa435bQ_XV53KLTDQzio2v5KQ=w408-h306-k-no","false","false","/g/1tflyy__","es-419","0","-2.1361111","-79.9005556",,"Alborada Este",,"false","ChIJvUBMdmxtLZAR4UKXj_NY9UM","090508",,"Hace un año","2024-09-02T03:56:00.343Z",,,,,,,,,,,,,,,,,,,,,,"ChZDSUhNMG9nS0VJQ0FnSUNIcklxUU9nEAE",,,,,,,,"Google",,,"0",,,"1212","2026-08-08T17:30:22.978Z","Direct Detail URL: https://www.google.com/maps/place/Parrillada+Punta+Del+Este/@-2.2158291,-79.9617486,11.42z/data=!4m10!1m2!2m1!1sParrilla+Punta+del+Este+!3m6!1s0x902d6d6c764c40bd:0x43f558f38f9742e1!8m2!3d-2.1361111!4d-79.9005556!15sChdQYXJyaWxsYSBQdW50YSBkZWwgRXN0ZVoZIhdwYXJyaWxsYSBwdW50YSBkZWwgZXN0ZZIBBmFzYWRvcpoBI0NoWkRTVWhOTUc5blMwVkpRMEZuU1VSYU1IWlFhMVZuRUFF4AEA-gEECAAQJQ!16s%2Fg%2F1tflyy__?entry=ttu&g_ep=EgoyMDI2MDgwNS4xIKXMDSoASAFQAw%3D%3D","1",,"V37X+HQ4, Av. 2 N-E - Ing. Rodolfo Baquerizo Nazur","false",,,"Parrillada Punta Del Este","4.3",,"https://www.google.com/maps/search/?api=1&query=Parrillada%20Punta%20Del%20Este&query_place_id=ChIJvUBMdmxtLZAR4UKXj_NY9UM",
"V37X+HQ4, Av. 2 N-E - Ing. Rodolfo Baquerizo Nazur, 090508 Guayaquil, Ecuador","Parrilla","Parrilla","4896917972944634593","Guayaquil","EC","0x902d6d6c764c40bd:0x43f558f38f9742e1",,"https://lh3.googleusercontent.com/gps-cs-s/AHRPTWkRTcvnpJDUhkVYCVgu4xIBH78r7D8wp1dQEbHQ0Gg3bt0SA10fk4KPI-CuXfPpw30foXs14EvOqAhfn60g_e6Wpq_vLlKvmAM4nPsnslA1g3NcJMa435bQ_XV53KLTDQzio2v5KQ=w408-h306-k-no","false","false","/g/1tflyy__","es-419","0","-2.1361111","-79.9005556",,"Alborada Este","es","false","ChIJvUBMdmxtLZAR4UKXj_NY9UM","090508",,"Hace 2 años","2024-08-03T04:28:55.077Z",,,,,,,,,,,,,,,,,,,,,,"ChdDSUhNMG9nS0VJQ0FnSURidkxTZHZ3RRAB","https://lh3.googleusercontent.com/grass-cs/ACvplmNNZOcrXetSgwWT_PDFvjLd7uhnNxjZhiVFer28HY64jglspLVL7wPGUmdDPGdzRV8g-EuywA6ALnFJLsVLA7BVgLSlBHptk3gVrK5N7Mt3HE8Sf9N71UUCoK9zp_U4dHylYA=k-no",,,,,,,"Google",,,"1",,,"1212","2026-08-08T17:30:22.978Z","Direct Detail URL: https://www.google.com/maps/place/Parrillada+Punta+Del+Este/@-2.2158291,-79.9617486,11.42z/data=!4m10!1m2!2m1!1sParrilla+Punta+del+Este+!3m6!1s0x902d6d6c764c40bd:0x43f558f38f9742e1!8m2!3d-2.1361111!4d-79.9005556!15sChdQYXJyaWxsYSBQdW50YSBkZWwgRXN0ZVoZIhdwYXJyaWxsYSBwdW50YSBkZWwgZXN0ZZIBBmFzYWRvcpoBI0NoWkRTVWhOTUc5blMwVkpRMEZuU1VSYU1IWlFhMVZuRUFF4AEA-gEECAAQJQ!16s%2Fg%2F1tflyy__?entry=ttu&g_ep=EgoyMDI2MDgwNS4xIKXMDSoASAFQAw%3D%3D","1",,"V37X+HQ4, Av. 2 N-E - Ing. Rodolfo Baquerizo Nazur","false","Actualicen al información de internet. Vine a comer hoy viernes 2 agosto son las 11:28 y me cerraron la puerta. Porque atienden hasta las 11. Llame al celular que está aquí y me dijeron eso.",,"Parrillada Punta Del Este","4.3",,"https://www.google.com/maps/search/?api=1&query=Parrillada%20Punta%20Del%20Este&query_place_id=ChIJvUBMdmxtLZAR4UKXj_NY9UM",
"V37X+HQ4, Av. 2 N-E - Ing. Rodolfo Baquerizo Nazur, 090508 Guayaquil, Ecuador","Parrilla","Parrilla","4896917972944634593","Guayaquil","EC","0x902d6d6c764c40bd:0x43f558f38f9742e1",,"https://lh3.googleusercontent.com/gps-cs-s/AHRPTWkRTcvnpJDUhkVYCVgu4xIBH78r7D8wp1dQEbHQ0Gg3bt0SA10fk4KPI-CuXfPpw30foXs14EvOqAhfn60g_e6Wpq_vLlKvmAM4nPsnslA1g3NcJMa435bQ_XV53KLTDQzio2v5KQ=w408-h306-k-no","false","false","/g/1tflyy__","es-419","0","-2.1361111","-79.9005556",,"Alborada Este","es","false","ChIJvUBMdmxtLZAR4UKXj_NY9UM","090508",,"Hace 2 años","2024-06-30T17:46:59.680Z",,,,,,,,,,,,,,,,,,,"5","5","5","ChZDSUhNMG9nS0VJQ0FnSURMc191U2JBEAE",,,,,,,,"Google",,,"5",,,"1212","2026-08-08T17:30:22.978Z","Direct Detail URL: https://www.google.com/maps/place/Parrillada+Punta+Del+Este/@-2.2158291,-79.9617486,11.42z/data=!4m10!1m2!2m1!1sParrilla+Punta+del+Este+!3m6!1s0x902d6d6c764c40bd:0x43f558f38f9742e1!8m2!3d-2.1361111!4d-79.9005556!15sChdQYXJyaWxsYSBQdW50YSBkZWwgRXN0ZVoZIhdwYXJyaWxsYSBwdW50YSBkZWwgZXN0ZZIBBmFzYWRvcpoBI0NoWkRTVWhOTUc5blMwVkpRMEZuU1VSYU1IWlFhMVZuRUFF4AEA-gEECAAQJQ!16s%2Fg%2F1tflyy__?entry=ttu&g_ep=EgoyMDI2MDgwNS4xIKXMDSoASAFQAw%3D%3D","5",,"V37X+HQ4, Av. 2 N-E - Ing. Rodolfo Baquerizo Nazur","false","Delicia, gran servicio",,"Parrillada Punta Del Este","4.3",,"https://www.google.com/maps/search/?api=1&query=Parrillada%20Punta%20Del%20Este&query_place_id=ChIJvUBMdmxtLZAR4UKXj_NY9UM",
"V37X+HQ4, Av. 2 N-E - Ing. Rodolfo Baquerizo Nazur, 090508 Guayaquil, Ecuador","Parrilla","Parrilla","4896917972944634593","Guayaquil","EC","0x902d6d6c764c40bd:0x43f558f38f9742e1",,"https://lh3.googleusercontent.com/gps-cs-s/AHRPTWkRTcvnpJDUhkVYCVgu4xIBH78r7D8wp1dQEbHQ0Gg3bt0SA10fk4KPI-CuXfPpw30foXs14EvOqAhfn60g_e6Wpq_vLlKvmAM4nPsnslA1g3NcJMa435bQ_XV53KLTDQzio2v5KQ=w408-h306-k-no","false","true","/g/1tflyy__","es-419","0","-2.1361111","-79.9005556",,"Alborada Este","es","false","ChIJvUBMdmxtLZAR4UKXj_NY9UM","090508",,"Hace 2 años","2024-06-23T14:03:10.104Z",,,,,"Hay suficiente espacio",,,,"Estacionamiento gratuito","Parrillada Doble Con Moro",,"$5-10",,,,,"Almuerzo","Consumo en el lugar","5","5","5","ChZDSUhNMG9nS0VJQ0FnSUNMLTRtRktBEAE",,,,,,,,"Google",,,"135",,,"1212","2026-08-08T17:30:22.978Z","Direct Detail URL: https://www.google.com/maps/place/Parrillada+Punta+Del+Este/@-2.2158291,-79.9617486,11.42z/data=!4m10!1m2!2m1!1sParrilla+Punta+del+Este+!3m6!1s0x902d6d6c764c40bd:0x43f558f38f9742e1!8m2!3d-2.1361111!4d-79.9005556!15sChdQYXJyaWxsYSBQdW50YSBkZWwgRXN0ZVoZIhdwYXJyaWxsYSBwdW50YSBkZWwgZXN0ZZIBBmFzYWRvcpoBI0NoWkRTVWhOTUc5blMwVkpRMEZuU1VSYU1IWlFhMVZuRUFF4AEA-gEECAAQJQ!16s%2Fg%2F1tflyy__?entry=ttu&g_ep=EgoyMDI2MDgwNS4xIKXMDSoASAFQAw%3D%3D","5",,"V37X+HQ4, Av. 2 N-E - Ing. Rodolfo Baquerizo Nazur","false","Un excelente lugar para compartir una rica comida en familia",,"Parrillada Punta Del Este","4.3",,"https://www.google.com/maps/search/?api=1&query=Parrillada%20Punta%20Del%20Este&query_place_id=ChIJvUBMdmxtLZAR4UKXj_NY9UM",
"V37X+HQ4, Av. 2 N-E - Ing. Rodolfo Baquerizo Nazur, 090508 Guayaquil, Ecuador","Parrilla","Parrilla","4896917972944634593","Guayaquil","EC","0x902d6d6c764c40bd:0x43f558f38f9742e1",,"https://lh3.googleusercontent.com/gps-cs-s/AHRPTWkRTcvnpJDUhkVYCVgu4xIBH78r7D8wp1dQEbHQ0Gg3bt0SA10fk4KPI-CuXfPpw30foXs14EvOqAhfn60g_e6Wpq_vLlKvmAM4nPsnslA1g3NcJMa435bQ_XV53KLTDQzio2v5KQ=w408-h306-k-no","false","false","/g/1tflyy__","es-419","0","-2.1361111","-79.9005556",,"Alborada Este",,"false","ChIJvUBMdmxtLZAR4UKXj_NY9UM","090508",,"Hace 2 años","2024-06-17T10:39:23.517Z",,,,,,,,,,,,,,,,,,,,,,"ChdDSUhNMG9nS0VJQ0FnSUNMa3RlcjlBRRAB",,,,,,,,"Google",,,"0",,,"1212","2026-08-08T17:30:22.978Z","Direct Detail URL: https://www.google.com/maps/place/Parrillada+Punta+Del+Este/@-2.2158291,-79.9617486,11.42z/data=!4m10!1m2!2m1!1sParrilla+Punta+del+Este+!3m6!1s0x902d6d6c764c40bd:0x43f558f38f9742e1!8m2!3d-2.1361111!4d-79.9005556!15sChdQYXJyaWxsYSBQdW50YSBkZWwgRXN0ZVoZIhdwYXJyaWxsYSBwdW50YSBkZWwgZXN0ZZIBBmFzYWRvcpoBI0NoWkRTVWhOTUc5blMwVkpRMEZuU1VSYU1IWlFhMVZuRUFF4AEA-gEECAAQJQ!16s%2Fg%2F1tflyy__?entry=ttu&g_ep=EgoyMDI2MDgwNS4xIKXMDSoASAFQAw%3D%3D","5",,"V37X+HQ4, Av. 2 N-E - Ing. Rodolfo Baquerizo Nazur","false",,,"Parrillada Punta Del Este","4.3",,"https://www.google.com/maps/search/?api=1&query=Parrillada%20Punta%20Del%20Este&query_place_id=ChIJvUBMdmxtLZAR4UKXj_NY9UM",
"V37X+HQ4, Av. 2 N-E - Ing. Rodolfo Baquerizo Nazur, 090508 Guayaquil, Ecuador","Parrilla","Parrilla","4896917972944634593","Guayaquil","EC","0x902d6d6c764c40bd:0x43f558f38f9742e1",,"https://lh3.googleusercontent.com/gps-cs-s/AHRPTWkRTcvnpJDUhkVYCVgu4xIBH78r7D8wp1dQEbHQ0Gg3bt0SA10fk4KPI-CuXfPpw30foXs14EvOqAhfn60g_e6Wpq_vLlKvmAM4nPsnslA1g3NcJMa435bQ_XV53KLTDQzio2v5KQ=w408-h306-k-no","false","false","/g/1tflyy__","es-419","0","-2.1361111","-79.9005556",,"Alborada Este","es","false","ChIJvUBMdmxtLZAR4UKXj_NY9UM","090508",,"Hace 2 años","2024-06-14T19:13:26.723Z",,,,,,,,,,,,,,,,,,,"5","5","5","ChdDSUhNMG9nS0VJQ0FnSUNMbUstLWtRRRAB","https://lh3.googleusercontent.com/grass-cs/ACvplmORQSB5PWcKcwXBEgcZoUfM1U3srq-PDq8abkA3PaCCqGp4W62GpuD7xpZEZmKrgCWl9uROgbGnusjXJf7NclrgBHpu2VWA-UrE34CcHmtRquWKjIRAnQ6fnsEEfrGCoVykK5R4=k-no","https://lh3.googleusercontent.com/grass-cs/ACvplmPAH1aDcbW0hZF2irkw6peCUxTh4GyYnh_SkTbp-88kDArMMVAdUkCNmNOGVYVkrKtiz6LiqPsNpxSwGwMbmENHv6gx7g9A_ijIrRapCGmThijUx3W_k-IpokZpi_-dB-fC6yQy=k-no",,,,,,"Google",,,"3",,,"1212","2026-08-08T17:30:22.978Z","Direct Detail URL: https://www.google.com/maps/place/Parrillada+Punta+Del+Este/@-2.2158291,-79.9617486,11.42z/data=!4m10!1m2!2m1!1sParrilla+Punta+del+Este+!3m6!1s0x902d6d6c764c40bd:0x43f558f38f9742e1!8m2!3d-2.1361111!4d-79.9005556!15sChdQYXJyaWxsYSBQdW50YSBkZWwgRXN0ZVoZIhdwYXJyaWxsYSBwdW50YSBkZWwgZXN0ZZIBBmFzYWRvcpoBI0NoWkRTVWhOTUc5blMwVkpRMEZuU1VSYU1IWlFhMVZuRUFF4AEA-gEECAAQJQ!16s%2Fg%2F1tflyy__?entry=ttu&g_ep=EgoyMDI2MDgwNS4xIKXMDSoASAFQAw%3D%3D","5",,"V37X+HQ4, Av. 2 N-E - Ing. Rodolfo Baquerizo Nazur","false","Lindo, acogedor",,"Parrillada Punta Del Este","4.3",,"https://www.google.com/maps/search/?api=1&query=Parrillada%20Punta%20Del%20Este&query_place_id=ChIJvUBMdmxtLZAR4UKXj_NY9UM",
"V37X+HQ4, Av. 2 N-E - Ing. Rodolfo Baquerizo Nazur, 090508 Guayaquil, Ecuador","Parrilla","Parrilla","4896917972944634593","Guayaquil","EC","0x902d6d6c764c40bd:0x43f558f38f9742e1",,"https://lh3.googleusercontent.com/gps-cs-s/AHRPTWkRTcvnpJDUhkVYCVgu4xIBH78r7D8wp1dQEbHQ0Gg3bt0SA10fk4KPI-CuXfPpw30foXs14EvOqAhfn60g_e6Wpq_vLlKvmAM4nPsnslA1g3NcJMa435bQ_XV53KLTDQzio2v5KQ=w408-h306-k-no","false","false","/g/1tflyy__","es-419","0","-2.1361111","-79.9005556",,"Alborada Este",,"false","ChIJvUBMdmxtLZAR4UKXj_NY9UM","090508",,"Hace 2 años","2024-06-10T00:12:58.565Z",,,,,,,,,,"Parrillada Doble Con Moro, Partillada, Moro Con Costillas de Cerdo",,"$5-10",,,,,"Cena","Comida para llevar","1","1","1","ChdDSUhNMG9nS0VJQ0FnSUR6dHJTWWlRRRAB",,,,,,,,"Google",,,"2",,,"1212","2026-08-08T17:30:22.978Z","Direct Detail URL: https://www.google.com/maps/place/Parrillada+Punta+Del+Este/@-2.2158291,-79.9617486,11.42z/data=!4m10!1m2!2m1!1sParrilla+Punta+del+Este+!3m6!1s0x902d6d6c764c40bd:0x43f558f38f9742e1!8m2!3d-2.1361111!4d-79.9005556!15sChdQYXJyaWxsYSBQdW50YSBkZWwgRXN0ZVoZIhdwYXJyaWxsYSBwdW50YSBkZWwgZXN0ZZIBBmFzYWRvcpoBI0NoWkRTVWhOTUc5blMwVkpRMEZuU1VSYU1IWlFhMVZuRUFF4AEA-gEECAAQJQ!16s%2Fg%2F1tflyy__?entry=ttu&g_ep=EgoyMDI2MDgwNS4xIKXMDSoASAFQAw%3D%3D","1",,"V37X+HQ4, Av. 2 N-E - Ing. Rodolfo Baquerizo Nazur","false",,,"Parrillada Punta Del Este","4.3",,"https://www.google.com/maps/search/?api=1&query=Parrillada%20Punta%20Del%20Este&query_place_id=ChIJvUBMdmxtLZAR4UKXj_NY9UM",
"V37X+HQ4, Av. 2 N-E - Ing. Rodolfo Baquerizo Nazur, 090508 Guayaquil, Ecuador","Parrilla","Parrilla","4896917972944634593","Guayaquil","EC","0x902d6d6c764c40bd:0x43f558f38f9742e1",,"https://lh3.googleusercontent.com/gps-cs-s/AHRPTWkRTcvnpJDUhkVYCVgu4xIBH78r7D8wp1dQEbHQ0Gg3bt0SA10fk4KPI-CuXfPpw30foXs14EvOqAhfn60g_e6Wpq_vLlKvmAM4nPsnslA1g3NcJMa435bQ_XV53KLTDQzio2v5KQ=w408-h306-k-no","false","false","/g/1tflyy__","es-419","0","-2.1361111","-79.9005556",,"Alborada Este",,"false","ChIJvUBMdmxtLZAR4UKXj_NY9UM","090508",,"Hace 2 años","2024-06-06T15:13:38.843Z",,,,,,,,,,,,,,,,,,,"5","4","4","ChZDSUhNMG9nS0VJQ0FnSUN6dl96WkpREAE",,,,,,,,"Google",,,"0",,,"1212","2026-08-08T17:30:22.978Z","Direct Detail URL: https://www.google.com/maps/place/Parrillada+Punta+Del+Este/@-2.2158291,-79.9617486,11.42z/data=!4m10!1m2!2m1!1sParrilla+Punta+del+Este+!3m6!1s0x902d6d6c764c40bd:0x43f558f38f9742e1!8m2!3d-2.1361111!4d-79.9005556!15sChdQYXJyaWxsYSBQdW50YSBkZWwgRXN0ZVoZIhdwYXJyaWxsYSBwdW50YSBkZWwgZXN0ZZIBBmFzYWRvcpoBI0NoWkRTVWhOTUc5blMwVkpRMEZuU1VSYU1IWlFhMVZuRUFF4AEA-gEECAAQJQ!16s%2Fg%2F1tflyy__?entry=ttu&g_ep=EgoyMDI2MDgwNS4xIKXMDSoASAFQAw%3D%3D","4",,"V37X+HQ4, Av. 2 N-E - Ing. Rodolfo Baquerizo Nazur","false",,,"Parrillada Punta Del Este","4.3",,"https://www.google.com/maps/search/?api=1&query=Parrillada%20Punta%20Del%20Este&query_place_id=ChIJvUBMdmxtLZAR4UKXj_NY9UM",
"V37X+HQ4, Av. 2 N-E - Ing. Rodolfo Baquerizo Nazur, 090508 Guayaquil, Ecuador","Parrilla","Parrilla","4896917972944634593","Guayaquil","EC","0x902d6d6c764c40bd:0x43f558f38f9742e1",,"https://lh3.googleusercontent.com/gps-cs-s/AHRPTWkRTcvnpJDUhkVYCVgu4xIBH78r7D8wp1dQEbHQ0Gg3bt0SA10fk4KPI-CuXfPpw30foXs14EvOqAhfn60g_e6Wpq_vLlKvmAM4nPsnslA1g3NcJMa435bQ_XV53KLTDQzio2v5KQ=w408-h306-k-no","false","true","/g/1tflyy__","es-419","0","-2.1361111","-79.9005556",,"Alborada Este","es","false","ChIJvUBMdmxtLZAR4UKXj_NY9UM","090508",,"Hace 2 años","2024-06-05T04:45:41.679Z",,,,,,,,,,,,,,,,,,,"4","5","4","ChdDSUhNMG9nS0VJQ0FnSUN6eTlqMTJBRRAB",,,,,,,,"Google",,,"133",,,"1212","2026-08-08T17:30:22.978Z","Direct Detail URL: https://www.google.com/maps/place/Parrillada+Punta+Del+Este/@-2.2158291,-79.9617486,11.42z/data=!4m10!1m2!2m1!1sParrilla+Punta+del+Este+!3m6!1s0x902d6d6c764c40bd:0x43f558f38f9742e1!8m2!3d-2.1361111!4d-79.9005556!15sChdQYXJyaWxsYSBQdW50YSBkZWwgRXN0ZVoZIhdwYXJyaWxsYSBwdW50YSBkZWwgZXN0ZZIBBmFzYWRvcpoBI0NoWkRTVWhOTUc5blMwVkpRMEZuU1VSYU1IWlFhMVZuRUFF4AEA-gEECAAQJQ!16s%2Fg%2F1tflyy__?entry=ttu&g_ep=EgoyMDI2MDgwNS4xIKXMDSoASAFQAw%3D%3D","4",,"V37X+HQ4, Av. 2 N-E - Ing. Rodolfo Baquerizo Nazur","false","Buenas sazón. Buenas porciones de carnes!",,"Parrillada Punta Del Este","4.3",,"https://www.google.com/maps/search/?api=1&query=Parrillada%20Punta%20Del%20Este&query_place_id=ChIJvUBMdmxtLZAR4UKXj_NY9UM",
"V37X+HQ4, Av. 2 N-E - Ing. Rodolfo Baquerizo Nazur, 090508 Guayaquil, Ecuador","Parrilla","Parrilla","4896917972944634593","Guayaquil","EC","0x902d6d6c764c40bd:0x43f558f38f9742e1",,"https://lh3.googleusercontent.com/gps-cs-s/AHRPTWkRTcvnpJDUhkVYCVgu4xIBH78r7D8wp1dQEbHQ0Gg3bt0SA10fk4KPI-CuXfPpw30foXs14EvOqAhfn60g_e6Wpq_vLlKvmAM4nPsnslA1g3NcJMa435bQ_XV53KLTDQzio2v5KQ=w408-h306-k-no","false","true","/g/1tflyy__","es-419","0","-2.1361111","-79.9005556",,"Alborada Este","es","false","ChIJvUBMdmxtLZAR4UKXj_NY9UM","090508",,"Hace 2 años","2024-06-02T05:05:40.683Z",,,,,,,,,,,,,,,,,,,"5","5","5","ChdDSUhNMG9nS0VJQ0FnSUN6cnZtYnhBRRAB",,,,,,,,"Google",,,"18",,,"1212","2026-08-08T17:30:22.978Z","Direct Detail URL: https://www.google.com/maps/place/Parrillada+Punta+Del+Este/@-2.2158291,-79.9617486,11.42z/data=!4m10!1m2!2m1!1sParrilla+Punta+del+Este+!3m6!1s0x902d6d6c764c40bd:0x43f558f38f9742e1!8m2!3d-2.1361111!4d-79.9005556!15sChdQYXJyaWxsYSBQdW50YSBkZWwgRXN0ZVoZIhdwYXJyaWxsYSBwdW50YSBkZWwgZXN0ZZIBBmFzYWRvcpoBI0NoWkRTVWhOTUc5blMwVkpRMEZuU1VSYU1IWlFhMVZuRUFF4AEA-gEECAAQJQ!16s%2Fg%2F1tflyy__?entry=ttu&g_ep=EgoyMDI2MDgwNS4xIKXMDSoASAFQAw%3D%3D","5",,"V37X+HQ4, Av. 2 N-E - Ing. Rodolfo Baquerizo Nazur","false","Excelente atención y cordialidad del personal
Buena porciones",,"Parrillada Punta Del Este","4.3",,"https://www.google.com/maps/search/?api=1&query=Parrillada%20Punta%20Del%20Este&query_place_id=ChIJvUBMdmxtLZAR4UKXj_NY9UM",
"V37X+HQ4, Av. 2 N-E - Ing. Rodolfo Baquerizo Nazur, 090508 Guayaquil, Ecuador","Parrilla","Parrilla","4896917972944634593","Guayaquil","EC","0x902d6d6c764c40bd:0x43f558f38f9742e1",,"https://lh3.googleusercontent.com/gps-cs-s/AHRPTWkRTcvnpJDUhkVYCVgu4xIBH78r7D8wp1dQEbHQ0Gg3bt0SA10fk4KPI-CuXfPpw30foXs14EvOqAhfn60g_e6Wpq_vLlKvmAM4nPsnslA1g3NcJMa435bQ_XV53KLTDQzio2v5KQ=w408-h306-k-no","false","true","/g/1tflyy__","es-419","0","-2.1361111","-79.9005556",,"Alborada Este",,"false","ChIJvUBMdmxtLZAR4UKXj_NY9UM","090508",,"Hace 2 años","2024-06-01T01:55:51.697Z",,,,,,,,,,,,,,,,,,,"5","5","5","ChdDSUhNMG9nS0VJQ0FnSUN6c3BUZnpnRRAB",,,,,,,,"Google",,,"8",,,"1212","2026-08-08T17:30:22.978Z","Direct Detail URL: https://www.google.com/maps/place/Parrillada+Punta+Del+Este/@-2.2158291,-79.9617486,11.42z/data=!4m10!1m2!2m1!1sParrilla+Punta+del+Este+!3m6!1s0x902d6d6c764c40bd:0x43f558f38f9742e1!8m2!3d-2.1361111!4d-79.9005556!15sChdQYXJyaWxsYSBQdW50YSBkZWwgRXN0ZVoZIhdwYXJyaWxsYSBwdW50YSBkZWwgZXN0ZZIBBmFzYWRvcpoBI0NoWkRTVWhOTUc5blMwVkpRMEZuU1VSYU1IWlFhMVZuRUFF4AEA-gEECAAQJQ!16s%2Fg%2F1tflyy__?entry=ttu&g_ep=EgoyMDI2MDgwNS4xIKXMDSoASAFQAw%3D%3D","5",,"V37X+HQ4, Av. 2 N-E - Ing. Rodolfo Baquerizo Nazur","false",,,"Parrillada Punta Del Este","4.3",,"https://www.google.com/maps/search/?api=1&query=Parrillada%20Punta%20Del%20Este&query_place_id=ChIJvUBMdmxtLZAR4UKXj_NY9UM",
"V37X+HQ4, Av. 2 N-E - Ing. Rodolfo Baquerizo Nazur, 090508 Guayaquil, Ecuador","Parrilla","Parrilla","4896917972944634593","Guayaquil","EC","0x902d6d6c764c40bd:0x43f558f38f9742e1",,"https://lh3.googleusercontent.com/gps-cs-s/AHRPTWkRTcvnpJDUhkVYCVgu4xIBH78r7D8wp1dQEbHQ0Gg3bt0SA10fk4KPI-CuXfPpw30foXs14EvOqAhfn60g_e6Wpq_vLlKvmAM4nPsnslA1g3NcJMa435bQ_XV53KLTDQzio2v5KQ=w408-h306-k-no","false","true","/g/1tflyy__","es-419","2","-2.1361111","-79.9005556",,"Alborada Este","es","false","ChIJvUBMdmxtLZAR4UKXj_NY9UM","090508",,"Hace 2 años","2024-05-27T02:39:06.643Z",,,,,"Vas a tardar en estacionar","Es gratuito, subterráneo.",,,"Estacionamiento gratuito, Estacionamiento gratuito en la calle, Estacionamiento pagado en la calle, Estacionamiento gratuito","Partillada, Moro Con Costillas de Cerdo, Milanesas A la Politana Exquisitas, Menestra Con Moro, Moro Con Menestra Para la Parrillada",,"$5-10",,,,,"Cena","Consumo en el lugar","5","5","5","ChZDSUhNMG9nS0VJQ0FnSURUX2NQM0NREAE","https://lh3.googleusercontent.com/grass-cs/ACvplmMxhZtfnwAj6Zv1JbS668WFDBmd3KGtlg7ll8u1mAuVuw0JUU9x5JTQSjqeF_lynv9y6iET-yWujgPuambZi9ekqxWrmFN1aKRtaAPcd9Re5mT5Ll_xDGrLYGEbq2jOMgQnrIi0qA=k-no","https://lh3.googleusercontent.com/grass-cs/ACvplmOXxrV7v_1l5bdTxIquoMThsN1NNTrqvCBqYZ9U7Io4R7BLnUGh54_DlCj5FM_-HrG7lrL_zkqmOzlLhRiuO3_sOTwhen6kLn5AWD8C5KJUvnXLRa-uWeDssIhi5lvHU9v8qrk1=k-no","https://lh3.googleusercontent.com/grass-cs/ACvplmM38ETmvArqSBoS4Jkyu9ZL6pW9ssqEGBJjJnm6CyrwiyIHBwjDu2DJ_qg32mC3IaL6Rgybxy630mvzyfT3f9bxrhOLC6BvZ5Rk5XohQNN8y2kC_ZPXlibLLPiZzPb3EwxNjTjrkw=k-no","https://lh3.googleusercontent.com/grass-cs/ACvplmP3FDFlw7p0vCekIoU0kIbSJiqnLpYFv42no2vQmIo8zoBc0za7VjH1wQgazcB6n44O9S1jnop65USKnpugPo5SSx3s2RMaU-NAFJyV5sroF5y9bIVgYVKP1wL-TvFHi9DNhZdC=k-no","https://lh3.googleusercontent.com/grass-cs/ACvplmOhwxXZ01v8SYkq1839TV-GEy9pjJL8ekrbv7cOBdgh1XjfbhAS7PYfZIWP2rdsqFmZk_GLxA7BHsUHCvQYoid2wnoXFYArBoWi2V2z0LVP4OtdWQt4DRqGw9zsRFAQqvBMpKqdxg=k-no","https://lh3.googleusercontent.com/grass-cs/ACvplmPRwPaFyxgLj7Tr1JdWo3fNQ5KvUB70PoEzwwTa1tXf7qh8PZVLZIRw8qOCM_zVhp_SQ2Lw8DhcRw9hBvHdHu1bQukrGqGY03bF-9AcDDZxj7NAag_ESHsK7s90ovU5GOA43JuE=k-no","https://lh3.googleusercontent.com/grass-cs/ACvplmMGq6C-BPmBZVzL9MRDVvUEqJ_4EL5mNpzVSh92kJYopaoLSCY4qpSy-_7DblCFyJBU16WfNANsM_IEokZOJKm7RBxWRlAbAPdSG_ZfiBYuAAvrWQ7c0OeHUIRk_PLK1ShJ6PQXeA=k-no","Google",,,"90",,,"1212","2026-08-08T17:30:22.978Z","Direct Detail URL: https://www.google.com/maps/place/Parrillada+Punta+Del+Este/@-2.2158291,-79.9617486,11.42z/data=!4m10!1m2!2m1!1sParrilla+Punta+del+Este+!3m6!1s0x902d6d6c764c40bd:0x43f558f38f9742e1!8m2!3d-2.1361111!4d-79.9005556!15sChdQYXJyaWxsYSBQdW50YSBkZWwgRXN0ZVoZIhdwYXJyaWxsYSBwdW50YSBkZWwgZXN0ZZIBBmFzYWRvcpoBI0NoWkRTVWhOTUc5blMwVkpRMEZuU1VSYU1IWlFhMVZuRUFF4AEA-gEECAAQJQ!16s%2Fg%2F1tflyy__?entry=ttu&g_ep=EgoyMDI2MDgwNS4xIKXMDSoASAFQAw%3D%3D","5",,"V37X+HQ4, Av. 2 N-E - Ing. Rodolfo Baquerizo Nazur","false","Buena comida, sale a la mesa en tiempo prudencial, te ponen chimichurri, ají y salsa de queso con pan baguette mientras esperas el plato fuerte. Precios razonables.",,"Parrillada Punta Del Este","4.3",,"https://www.google.com/maps/search/?api=1&query=Parrillada%20Punta%20Del%20Este&query_place_id=ChIJvUBMdmxtLZAR4UKXj_NY9UM",
"V37X+HQ4, Av. 2 N-E - Ing. Rodolfo Baquerizo Nazur, 090508 Guayaquil, Ecuador","Parrilla","Parrilla","4896917972944634593","Guayaquil","EC","0x902d6d6c764c40bd:0x43f558f38f9742e1",,"https://lh3.googleusercontent.com/gps-cs-s/AHRPTWkRTcvnpJDUhkVYCVgu4xIBH78r7D8wp1dQEbHQ0Gg3bt0SA10fk4KPI-CuXfPpw30foXs14EvOqAhfn60g_e6Wpq_vLlKvmAM4nPsnslA1g3NcJMa435bQ_XV53KLTDQzio2v5KQ=w408-h306-k-no","false","false","/g/1tflyy__","es-419","0","-2.1361111","-79.9005556",,"Alborada Este",,"false","ChIJvUBMdmxtLZAR4UKXj_NY9UM","090508",,"Hace 2 años","2024-05-18T17:45:43.168Z",,,,,,,,,,"Moro Con Costillas de Cerdo",,"$5-10",,,,,"Almuerzo","Consumo en el lugar",,,,"ChZDSUhNMG9nS0VJQ0FnSUNUNDhmQkd3EAE",,,,,,,,"Google",,,"4",,,"1212","2026-08-08T17:30:22.978Z","Direct Detail URL: https://www.google.com/maps/place/Parrillada+Punta+Del+Este/@-2.2158291,-79.9617486,11.42z/data=!4m10!1m2!2m1!1sParrilla+Punta+del+Este+!3m6!1s0x902d6d6c764c40bd:0x43f558f38f9742e1!8m2!3d-2.1361111!4d-79.9005556!15sChdQYXJyaWxsYSBQdW50YSBkZWwgRXN0ZVoZIhdwYXJyaWxsYSBwdW50YSBkZWwgZXN0ZZIBBmFzYWRvcpoBI0NoWkRTVWhOTUc5blMwVkpRMEZuU1VSYU1IWlFhMVZuRUFF4AEA-gEECAAQJQ!16s%2Fg%2F1tflyy__?entry=ttu&g_ep=EgoyMDI2MDgwNS4xIKXMDSoASAFQAw%3D%3D","5",,"V37X+HQ4, Av. 2 N-E - Ing. Rodolfo Baquerizo Nazur","false",,,"Parrillada Punta Del Este","4.3",,"https://www.google.com/maps/search/?api=1&query=Parrillada%20Punta%20Del%20Este&query_place_id=ChIJvUBMdmxtLZAR4UKXj_NY9UM",
"V37X+HQ4, Av. 2 N-E - Ing. Rodolfo Baquerizo Nazur, 090508 Guayaquil, Ecuador","Parrilla","Parrilla","4896917972944634593","Guayaquil","EC","0x902d6d6c764c40bd:0x43f558f38f9742e1",,"https://lh3.googleusercontent.com/gps-cs-s/AHRPTWkRTcvnpJDUhkVYCVgu4xIBH78r7D8wp1dQEbHQ0Gg3bt0SA10fk4KPI-CuXfPpw30foXs14EvOqAhfn60g_e6Wpq_vLlKvmAM4nPsnslA1g3NcJMa435bQ_XV53KLTDQzio2v5KQ=w408-h306-k-no","false","false","/g/1tflyy__","es-419","0","-2.1361111","-79.9005556",,"Alborada Este","es","false","ChIJvUBMdmxtLZAR4UKXj_NY9UM","090508",,"Hace 2 años","2024-05-15T22:47:12.249Z",,,,,,,,,,,,,,,,,,"Consumo en el lugar","5","5","5","ChZDSUhNMG9nS0VJQ0FnSUNUMGRDR1d3EAE",,,,,,,,"Google",,,"1",,,"1212","2026-08-08T17:30:22.978Z","Direct Detail URL: https://www.google.com/maps/place/Parrillada+Punta+Del+Este/@-2.2158291,-79.9617486,11.42z/data=!4m10!1m2!2m1!1sParrilla+Punta+del+Este+!3m6!1s0x902d6d6c764c40bd:0x43f558f38f9742e1!8m2!3d-2.1361111!4d-79.9005556!15sChdQYXJyaWxsYSBQdW50YSBkZWwgRXN0ZVoZIhdwYXJyaWxsYSBwdW50YSBkZWwgZXN0ZZIBBmFzYWRvcpoBI0NoWkRTVWhOTUc5blMwVkpRMEZuU1VSYU1IWlFhMVZuRUFF4AEA-gEECAAQJQ!16s%2Fg%2F1tflyy__?entry=ttu&g_ep=EgoyMDI2MDgwNS4xIKXMDSoASAFQAw%3D%3D","5",,"V37X+HQ4, Av. 2 N-E - Ing. Rodolfo Baquerizo Nazur","false","Buenísimo",,"Parrillada Punta Del Este","4.3",,"https://www.google.com/maps/search/?api=1&query=Parrillada%20Punta%20Del%20Este&query_place_id=ChIJvUBMdmxtLZAR4UKXj_NY9UM",
"V37X+HQ4, Av. 2 N-E - Ing. Rodolfo Baquerizo Nazur, 090508 Guayaquil, Ecuador","Parrilla","Parrilla","4896917972944634593","Guayaquil","EC","0x902d6d6c764c40bd:0x43f558f38f9742e1",,"https://lh3.googleusercontent.com/gps-cs-s/AHRPTWkRTcvnpJDUhkVYCVgu4xIBH78r7D8wp1dQEbHQ0Gg3bt0SA10fk4KPI-CuXfPpw30foXs14EvOqAhfn60g_e6Wpq_vLlKvmAM4nPsnslA1g3NcJMa435bQ_XV53KLTDQzio2v5KQ=w408-h306-k-no","false","false","/g/1tflyy__","es-419","0","-2.1361111","-79.9005556",,"Alborada Este",,"false","ChIJvUBMdmxtLZAR4UKXj_NY9UM","090508",,"Hace 2 años","2024-05-12T04:59:11.682Z",,,,,,,,,,,,,,,,,,,"5","5","2","ChZDSUhNMG9nS0VJQ0FnSUNUbk9fT01BEAE",,,,,,,,"Google",,,"0",,,"1212","2026-08-08T17:30:22.978Z","Direct Detail URL: https://www.google.com/maps/place/Parrillada+Punta+Del+Este/@-2.2158291,-79.9617486,11.42z/data=!4m10!1m2!2m1!1sParrilla+Punta+del+Este+!3m6!1s0x902d6d6c764c40bd:0x43f558f38f9742e1!8m2!3d-2.1361111!4d-79.9005556!15sChdQYXJyaWxsYSBQdW50YSBkZWwgRXN0ZVoZIhdwYXJyaWxsYSBwdW50YSBkZWwgZXN0ZZIBBmFzYWRvcpoBI0NoWkRTVWhOTUc5blMwVkpRMEZuU1VSYU1IWlFhMVZuRUFF4AEA-gEECAAQJQ!16s%2Fg%2F1tflyy__?entry=ttu&g_ep=EgoyMDI2MDgwNS4xIKXMDSoASAFQAw%3D%3D","5",,"V37X+HQ4, Av. 2 N-E - Ing. Rodolfo Baquerizo Nazur","false",,,"Parrillada Punta Del Este","4.3",,"https://www.google.com/maps/search/?api=1&query=Parrillada%20Punta%20Del%20Este&query_place_id=ChIJvUBMdmxtLZAR4UKXj_NY9UM",
"V37X+HQ4, Av. 2 N-E - Ing. Rodolfo Baquerizo Nazur, 090508 Guayaquil, Ecuador","Parrilla","Parrilla","4896917972944634593","Guayaquil","EC","0x902d6d6c764c40bd:0x43f558f38f9742e1",,"https://lh3.googleusercontent.com/gps-cs-s/AHRPTWkRTcvnpJDUhkVYCVgu4xIBH78r7D8wp1dQEbHQ0Gg3bt0SA10fk4KPI-CuXfPpw30foXs14EvOqAhfn60g_e6Wpq_vLlKvmAM4nPsnslA1g3NcJMa435bQ_XV53KLTDQzio2v5KQ=w408-h306-k-no","false","true","/g/1tflyy__","es-419","0","-2.1361111","-79.9005556",,"Alborada Este",,"false","ChIJvUBMdmxtLZAR4UKXj_NY9UM","090508",,"Hace 2 años","2024-04-02T01:18:46.212Z",,,,,,,,,,,,,,,,,,,"5","5","5","ChdDSUhNMG9nS0VJQ0FnSUNEMjU2MjhBRRAB",,,,,,,,"Google",,,"40",,,"1212","2026-08-08T17:30:22.978Z","Direct Detail URL: https://www.google.com/maps/place/Parrillada+Punta+Del+Este/@-2.2158291,-79.9617486,11.42z/data=!4m10!1m2!2m1!1sParrilla+Punta+del+Este+!3m6!1s0x902d6d6c764c40bd:0x43f558f38f9742e1!8m2!3d-2.1361111!4d-79.9005556!15sChdQYXJyaWxsYSBQdW50YSBkZWwgRXN0ZVoZIhdwYXJyaWxsYSBwdW50YSBkZWwgZXN0ZZIBBmFzYWRvcpoBI0NoWkRTVWhOTUc5blMwVkpRMEZuU1VSYU1IWlFhMVZuRUFF4AEA-gEECAAQJQ!16s%2Fg%2F1tflyy__?entry=ttu&g_ep=EgoyMDI2MDgwNS4xIKXMDSoASAFQAw%3D%3D","5",,"V37X+HQ4, Av. 2 N-E - Ing. Rodolfo Baquerizo Nazur","false",,,"Parrillada Punta Del Este","4.3",,"https://www.google.com/maps/search/?api=1&query=Parrillada%20Punta%20Del%20Este&query_place_id=ChIJvUBMdmxtLZAR4UKXj_NY9UM",
"V37X+HQ4, Av. 2 N-E - Ing. Rodolfo Baquerizo Nazur, 090508 Guayaquil, Ecuador","Parrilla","Parrilla","4896917972944634593","Guayaquil","EC","0x902d6d6c764c40bd:0x43f558f38f9742e1",,"https://lh3.googleusercontent.com/gps-cs-s/AHRPTWkRTcvnpJDUhkVYCVgu4xIBH78r7D8wp1dQEbHQ0Gg3bt0SA10fk4KPI-CuXfPpw30foXs14EvOqAhfn60g_e6Wpq_vLlKvmAM4nPsnslA1g3NcJMa435bQ_XV53KLTDQzio2v5KQ=w408-h306-k-no","false","true","/g/1tflyy__","es-419","0","-2.1361111","-79.9005556",,"Alborada Este",,"false","ChIJvUBMdmxtLZAR4UKXj_NY9UM","090508",,"Hace 2 años","2024-04-01T18:35:21.550Z",,,,,,,,,,,,,,,,,,,"5","5","5","ChdDSUhNMG9nS0VJQ0FnSUNEcTdtanlBRRAB",,,,,,,,"Google",,,"3",,,"1212","2026-08-08T17:30:22.978Z","Direct Detail URL: https://www.google.com/maps/place/Parrillada+Punta+Del+Este/@-2.2158291,-79.9617486,11.42z/data=!4m10!1m2!2m1!1sParrilla+Punta+del+Este+!3m6!1s0x902d6d6c764c40bd:0x43f558f38f9742e1!8m2!3d-2.1361111!4d-79.9005556!15sChdQYXJyaWxsYSBQdW50YSBkZWwgRXN0ZVoZIhdwYXJyaWxsYSBwdW50YSBkZWwgZXN0ZZIBBmFzYWRvcpoBI0NoWkRTVWhOTUc5blMwVkpRMEZuU1VSYU1IWlFhMVZuRUFF4AEA-gEECAAQJQ!16s%2Fg%2F1tflyy__?entry=ttu&g_ep=EgoyMDI2MDgwNS4xIKXMDSoASAFQAw%3D%3D","5",,"V37X+HQ4, Av. 2 N-E - Ing. Rodolfo Baquerizo Nazur","false",,,"Parrillada Punta Del Este","4.3",,"https://www.google.com/maps/search/?api=1&query=Parrillada%20Punta%20Del%20Este&query_place_id=ChIJvUBMdmxtLZAR4UKXj_NY9UM",
"V37X+HQ4, Av. 2 N-E - Ing. Rodolfo Baquerizo Nazur, 090508 Guayaquil, Ecuador","Parrilla","Parrilla","4896917972944634593","Guayaquil","EC","0x902d6d6c764c40bd:0x43f558f38f9742e1",,"https://lh3.googleusercontent.com/gps-cs-s/AHRPTWkRTcvnpJDUhkVYCVgu4xIBH78r7D8wp1dQEbHQ0Gg3bt0SA10fk4KPI-CuXfPpw30foXs14EvOqAhfn60g_e6Wpq_vLlKvmAM4nPsnslA1g3NcJMa435bQ_XV53KLTDQzio2v5KQ=w408-h306-k-no","false","true","/g/1tflyy__","es-419","0","-2.1361111","-79.9005556",,"Alborada Este","es","false","ChIJvUBMdmxtLZAR4UKXj_NY9UM","090508",,"Hace 2 años","2024-03-26T04:20:26.469Z",,,,,,,,,,"Parrillada Doble Con Moro",,"$10-15",,,,,"Cena","Consumo en el lugar","5","5","5","ChdDSUhNMG9nS0VJQ0FnSUNEb3VIM213RRAB","https://lh3.googleusercontent.com/grass-cs/ACvplmN-cSgWaaYoBTI0kUXzeQsZlaXmDfyUHQQfZBl7gkB-efy1Gk-__ok9zN_QwjDoG7ngenwmkYNmg6Jwmg3I2eql581nL0yBN3v_4QlAsFx5ixiXq8_HcXfFPDa8QF_4n47W5TTB=k-no","https://lh3.googleusercontent.com/grass-cs/ACvplmNW2cEKkzKdvTAskMOOWOU4GRMm9fdXRUi8wjp6WxgHSmCbG_KczmklO1ULN5bvZTZzrRoruYXK9MOzKTadY3Qn9hy9heStJVxcvEVlZI1McsWy_3uHUt9mlLgt_ttFJDM6KV-T_w=k-no",,,,,,"Google",,,"213",,,"1212","2026-08-08T17:30:22.978Z","Direct Detail URL: https://www.google.com/maps/place/Parrillada+Punta+Del+Este/@-2.2158291,-79.9617486,11.42z/data=!4m10!1m2!2m1!1sParrilla+Punta+del+Este+!3m6!1s0x902d6d6c764c40bd:0x43f558f38f9742e1!8m2!3d-2.1361111!4d-79.9005556!15sChdQYXJyaWxsYSBQdW50YSBkZWwgRXN0ZVoZIhdwYXJyaWxsYSBwdW50YSBkZWwgZXN0ZZIBBmFzYWRvcpoBI0NoWkRTVWhOTUc5blMwVkpRMEZuU1VSYU1IWlFhMVZuRUFF4AEA-gEECAAQJQ!16s%2Fg%2F1tflyy__?entry=ttu&g_ep=EgoyMDI2MDgwNS4xIKXMDSoASAFQAw%3D%3D","5",,"V37X+HQ4, Av. 2 N-E - Ing. Rodolfo Baquerizo Nazur","false","Hace tiempo que no iba, ahora están en la parte de arriba y el local es bastante amplio, nos atendieron rápido y muy atento el mesero, me encantó la chuleta con el chimichurri, la ensalada rusa estuvo muy rica, hay que regresar definitivamente.",,"Parrillada Punta Del Este","4.3",,"https://www.google.com/maps/search/?api=1&query=Parrillada%20Punta%20Del%20Este&query_place_id=ChIJvUBMdmxtLZAR4UKXj_NY9UM",
"V37X+HQ4, Av. 2 N-E - Ing. Rodolfo Baquerizo Nazur, 090508 Guayaquil, Ecuador","Parrilla","Parrilla","4896917972944634593","Guayaquil","EC","0x902d6d6c764c40bd:0x43f558f38f9742e1",,"https://lh3.googleusercontent.com/gps-cs-s/AHRPTWkRTcvnpJDUhkVYCVgu4xIBH78r7D8wp1dQEbHQ0Gg3bt0SA10fk4KPI-CuXfPpw30foXs14EvOqAhfn60g_e6Wpq_vLlKvmAM4nPsnslA1g3NcJMa435bQ_XV53KLTDQzio2v5KQ=w408-h306-k-no","false","false","/g/1tflyy__","es-419","0","-2.1361111","-79.9005556",,"Alborada Este",,"false","ChIJvUBMdmxtLZAR4UKXj_NY9UM","090508",,"Hace 2 años","2024-03-16T21:16:03.955Z",,,,,,,,,,,,,,,,,,,"3","5","3","ChZDSUhNMG9nS0VJQ0FnSUQ5enQ3OVZnEAE",,,,,,,,"Google",,,"2",,,"1212","2026-08-08T17:30:22.978Z","Direct Detail URL: https://www.google.com/maps/place/Parrillada+Punta+Del+Este/@-2.2158291,-79.9617486,11.42z/data=!4m10!1m2!2m1!1sParrilla+Punta+del+Este+!3m6!1s0x902d6d6c764c40bd:0x43f558f38f9742e1!8m2!3d-2.1361111!4d-79.9005556!15sChdQYXJyaWxsYSBQdW50YSBkZWwgRXN0ZVoZIhdwYXJyaWxsYSBwdW50YSBkZWwgZXN0ZZIBBmFzYWRvcpoBI0NoWkRTVWhOTUc5blMwVkpRMEZuU1VSYU1IWlFhMVZuRUFF4AEA-gEECAAQJQ!16s%2Fg%2F1tflyy__?entry=ttu&g_ep=EgoyMDI2MDgwNS4xIKXMDSoASAFQAw%3D%3D","5",,"V37X+HQ4, Av. 2 N-E - Ing. Rodolfo Baquerizo Nazur","false",,,"Parrillada Punta Del Este","4.3",,"https://www.google.com/maps/search/?api=1&query=Parrillada%20Punta%20Del%20Este&query_place_id=ChIJvUBMdmxtLZAR4UKXj_NY9UM",
"V37X+HQ4, Av. 2 N-E - Ing. Rodolfo Baquerizo Nazur, 090508 Guayaquil, Ecuador","Parrilla","Parrilla","4896917972944634593","Guayaquil","EC","0x902d6d6c764c40bd:0x43f558f38f9742e1",,"https://lh3.googleusercontent.com/gps-cs-s/AHRPTWkRTcvnpJDUhkVYCVgu4xIBH78r7D8wp1dQEbHQ0Gg3bt0SA10fk4KPI-CuXfPpw30foXs14EvOqAhfn60g_e6Wpq_vLlKvmAM4nPsnslA1g3NcJMa435bQ_XV53KLTDQzio2v5KQ=w408-h306-k-no","false","true","/g/1tflyy__","es-419","0","-2.1361111","-79.9005556",,"Alborada Este","es","false","ChIJvUBMdmxtLZAR4UKXj_NY9UM","090508",,"Hace 2 años","2024-03-14T22:54:11.705Z",,,,,,,,,,,,,,,,,,,,,,"ChdDSUhNMG9nS0VJQ0FnSUQ5a3JTSm1BRRAB",,,,,,,,"Google",,,"44",,,"1212","2026-08-08T17:30:22.978Z","Direct Detail URL: https://www.google.com/maps/place/Parrillada+Punta+Del+Este/@-2.2158291,-79.9617486,11.42z/data=!4m10!1m2!2m1!1sParrilla+Punta+del+Este+!3m6!1s0x902d6d6c764c40bd:0x43f558f38f9742e1!8m2!3d-2.1361111!4d-79.9005556!15sChdQYXJyaWxsYSBQdW50YSBkZWwgRXN0ZVoZIhdwYXJyaWxsYSBwdW50YSBkZWwgZXN0ZZIBBmFzYWRvcpoBI0NoWkRTVWhOTUc5blMwVkpRMEZuU1VSYU1IWlFhMVZuRUFF4AEA-gEECAAQJQ!16s%2Fg%2F1tflyy__?entry=ttu&g_ep=EgoyMDI2MDgwNS4xIKXMDSoASAFQAw%3D%3D","5",,"V37X+HQ4, Av. 2 N-E - Ing. Rodolfo Baquerizo Nazur","false","Muy bonito lugar",,"Parrillada Punta Del Este","4.3",,"https://www.google.com/maps/search/?api=1&query=Parrillada%20Punta%20Del%20Este&query_place_id=ChIJvUBMdmxtLZAR4UKXj_NY9UM",
"V37X+HQ4, Av. 2 N-E - Ing. Rodolfo Baquerizo Nazur, 090508 Guayaquil, Ecuador","Parrilla","Parrilla","4896917972944634593","Guayaquil","EC","0x902d6d6c764c40bd:0x43f558f38f9742e1",,"https://lh3.googleusercontent.com/gps-cs-s/AHRPTWkRTcvnpJDUhkVYCVgu4xIBH78r7D8wp1dQEbHQ0Gg3bt0SA10fk4KPI-CuXfPpw30foXs14EvOqAhfn60g_e6Wpq_vLlKvmAM4nPsnslA1g3NcJMa435bQ_XV53KLTDQzio2v5KQ=w408-h306-k-no","false","true","/g/1tflyy__","es-419","0","-2.1361111","-79.9005556",,"Alborada Este","es","false","ChIJvUBMdmxtLZAR4UKXj_NY9UM","090508",,"Hace 2 años","2024-03-10T19:29:48.740Z",,,,,,,,,,,,,,,,,,,"4","5","5","ChZDSUhNMG9nS0VJQ0FnSUM5NTVuSlZREAE",,,,,,,,"Google",,,"52",,,"1212","2026-08-08T17:30:22.978Z","Direct Detail URL: https://www.google.com/maps/place/Parrillada+Punta+Del+Este/@-2.2158291,-79.9617486,11.42z/data=!4m10!1m2!2m1!1sParrilla+Punta+del+Este+!3m6!1s0x902d6d6c764c40bd:0x43f558f38f9742e1!8m2!3d-2.1361111!4d-79.9005556!15sChdQYXJyaWxsYSBQdW50YSBkZWwgRXN0ZVoZIhdwYXJyaWxsYSBwdW50YSBkZWwgZXN0ZZIBBmFzYWRvcpoBI0NoWkRTVWhOTUc5blMwVkpRMEZuU1VSYU1IWlFhMVZuRUFF4AEA-gEECAAQJQ!16s%2Fg%2F1tflyy__?entry=ttu&g_ep=EgoyMDI2MDgwNS4xIKXMDSoASAFQAw%3D%3D","5",,"V37X+HQ4, Av. 2 N-E - Ing. Rodolfo Baquerizo Nazur","false","Muy buen lugar para comer en familia. Precios intermedios no son económicos pero tampoco exageradamente caros. Hay parqueo . El único inconveniente diría que al ser en primer piso no hay acceso para personas con sillas de ruedas al local",,"Parrillada Punta Del Este","4.3",,"https://www.google.com/maps/search/?api=1&query=Parrillada%20Punta%20Del%20Este&query_place_id=ChIJvUBMdmxtLZAR4UKXj_NY9UM",
"V37X+HQ4, Av. 2 N-E - Ing. Rodolfo Baquerizo Nazur, 090508 Guayaquil, Ecuador","Parrilla","Parrilla","4896917972944634593","Guayaquil","EC","0x902d6d6c764c40bd:0x43f558f38f9742e1",,"https://lh3.googleusercontent.com/gps-cs-s/AHRPTWkRTcvnpJDUhkVYCVgu4xIBH78r7D8wp1dQEbHQ0Gg3bt0SA10fk4KPI-CuXfPpw30foXs14EvOqAhfn60g_e6Wpq_vLlKvmAM4nPsnslA1g3NcJMa435bQ_XV53KLTDQzio2v5KQ=w408-h306-k-no","false","true","/g/1tflyy__","es-419","0","-2.1361111","-79.9005556",,"Alborada Este","es","false","ChIJvUBMdmxtLZAR4UKXj_NY9UM","090508",,"Hace 2 años","2024-02-22T20:44:28.254Z",,,,,,,,,,,,,,,,,,,"5","5","5","ChZDSUhNMG9nS0VJQ0FnSURkMm8zckhBEAE",,,,,,,,"Google",,,"20",,,"1212","2026-08-08T17:30:22.978Z","Direct Detail URL: https://www.google.com/maps/place/Parrillada+Punta+Del+Este/@-2.2158291,-79.9617486,11.42z/data=!4m10!1m2!2m1!1sParrilla+Punta+del+Este+!3m6!1s0x902d6d6c764c40bd:0x43f558f38f9742e1!8m2!3d-2.1361111!4d-79.9005556!15sChdQYXJyaWxsYSBQdW50YSBkZWwgRXN0ZVoZIhdwYXJyaWxsYSBwdW50YSBkZWwgZXN0ZZIBBmFzYWRvcpoBI0NoWkRTVWhOTUc5blMwVkpRMEZuU1VSYU1IWlFhMVZuRUFF4AEA-gEECAAQJQ!16s%2Fg%2F1tflyy__?entry=ttu&g_ep=EgoyMDI2MDgwNS4xIKXMDSoASAFQAw%3D%3D","5",,"V37X+HQ4, Av. 2 N-E - Ing. Rodolfo Baquerizo Nazur","false","Excelente atención,  ricas carnes, buenísima atención y ambiente de primera",,"Parrillada Punta Del Este","4.3",,"https://www.google.com/maps/search/?api=1&query=Parrillada%20Punta%20Del%20Este&query_place_id=ChIJvUBMdmxtLZAR4UKXj_NY9UM",
"V37X+HQ4, Av. 2 N-E - Ing. Rodolfo Baquerizo Nazur, 090508 Guayaquil, Ecuador","Parrilla","Parrilla","4896917972944634593","Guayaquil","EC","0x902d6d6c764c40bd:0x43f558f38f9742e1",,"https://lh3.googleusercontent.com/gps-cs-s/AHRPTWkRTcvnpJDUhkVYCVgu4xIBH78r7D8wp1dQEbHQ0Gg3bt0SA10fk4KPI-CuXfPpw30foXs14EvOqAhfn60g_e6Wpq_vLlKvmAM4nPsnslA1g3NcJMa435bQ_XV53KLTDQzio2v5KQ=w408-h306-k-no","false","true","/g/1tflyy__","es-419","0","-2.1361111","-79.9005556",,"Alborada Este","es","false","ChIJvUBMdmxtLZAR4UKXj_NY9UM","090508",,"Hace 2 años","2024-02-20T23:37:12.203Z",,,,,,,,,,,,,,,,,,,"5","5","4","ChZDSUhNMG9nS0VJQ0FnSURkLUpfUlNBEAE",,,,,,,,"Google",,,"212",,,"1212","2026-08-08T17:30:22.978Z","Direct Detail URL: https://www.google.com/maps/place/Parrillada+Punta+Del+Este/@-2.2158291,-79.9617486,11.42z/data=!4m10!1m2!2m1!1sParrilla+Punta+del+Este+!3m6!1s0x902d6d6c764c40bd:0x43f558f38f9742e1!8m2!3d-2.1361111!4d-79.9005556!15sChdQYXJyaWxsYSBQdW50YSBkZWwgRXN0ZVoZIhdwYXJyaWxsYSBwdW50YSBkZWwgZXN0ZZIBBmFzYWRvcpoBI0NoWkRTVWhOTUc5blMwVkpRMEZuU1VSYU1IWlFhMVZuRUFF4AEA-gEECAAQJQ!16s%2Fg%2F1tflyy__?entry=ttu&g_ep=EgoyMDI2MDgwNS4xIKXMDSoASAFQAw%3D%3D","5",,"V37X+HQ4, Av. 2 N-E - Ing. Rodolfo Baquerizo Nazur","false","Me pareció buen lugar, la comida buena.",,"Parrillada Punta Del Este","4.3",,"https://www.google.com/maps/search/?api=1&query=Parrillada%20Punta%20Del%20Este&query_place_id=ChIJvUBMdmxtLZAR4UKXj_NY9UM",
"V37X+HQ4, Av. 2 N-E - Ing. Rodolfo Baquerizo Nazur, 090508 Guayaquil, Ecuador","Parrilla","Parrilla","4896917972944634593","Guayaquil","EC","0x902d6d6c764c40bd:0x43f558f38f9742e1",,"https://lh3.googleusercontent.com/gps-cs-s/AHRPTWkRTcvnpJDUhkVYCVgu4xIBH78r7D8wp1dQEbHQ0Gg3bt0SA10fk4KPI-CuXfPpw30foXs14EvOqAhfn60g_e6Wpq_vLlKvmAM4nPsnslA1g3NcJMa435bQ_XV53KLTDQzio2v5KQ=w408-h306-k-no","false","false","/g/1tflyy__","es-419","0","-2.1361111","-79.9005556",,"Alborada Este",,"false","ChIJvUBMdmxtLZAR4UKXj_NY9UM","090508",,"Hace 2 años","2024-02-20T03:00:34.492Z",,,,,,,,,,,,,,,,,,,,,,"ChZDSUhNMG9nS0VJQ0FnSURkd0pHekVnEAE",,,,,,,,"Google",,,"1",,,"1212","2026-08-08T17:30:22.978Z","Direct Detail URL: https://www.google.com/maps/place/Parrillada+Punta+Del+Este/@-2.2158291,-79.9617486,11.42z/data=!4m10!1m2!2m1!1sParrilla+Punta+del+Este+!3m6!1s0x902d6d6c764c40bd:0x43f558f38f9742e1!8m2!3d-2.1361111!4d-79.9005556!15sChdQYXJyaWxsYSBQdW50YSBkZWwgRXN0ZVoZIhdwYXJyaWxsYSBwdW50YSBkZWwgZXN0ZZIBBmFzYWRvcpoBI0NoWkRTVWhOTUc5blMwVkpRMEZuU1VSYU1IWlFhMVZuRUFF4AEA-gEECAAQJQ!16s%2Fg%2F1tflyy__?entry=ttu&g_ep=EgoyMDI2MDgwNS4xIKXMDSoASAFQAw%3D%3D","5",,"V37X+HQ4, Av. 2 N-E - Ing. Rodolfo Baquerizo Nazur","false",,,"Parrillada Punta Del Este","4.3",,"https://www.google.com/maps/search/?api=1&query=Parrillada%20Punta%20Del%20Este&query_place_id=ChIJvUBMdmxtLZAR4UKXj_NY9UM",
"V37X+HQ4, Av. 2 N-E - Ing. Rodolfo Baquerizo Nazur, 090508 Guayaquil, Ecuador","Parrilla","Parrilla","4896917972944634593","Guayaquil","EC","0x902d6d6c764c40bd:0x43f558f38f9742e1",,"https://lh3.googleusercontent.com/gps-cs-s/AHRPTWkRTcvnpJDUhkVYCVgu4xIBH78r7D8wp1dQEbHQ0Gg3bt0SA10fk4KPI-CuXfPpw30foXs14EvOqAhfn60g_e6Wpq_vLlKvmAM4nPsnslA1g3NcJMa435bQ_XV53KLTDQzio2v5KQ=w408-h306-k-no","false","true","/g/1tflyy__","es-419","0","-2.1361111","-79.9005556",,"Alborada Este",,"false","ChIJvUBMdmxtLZAR4UKXj_NY9UM","090508",,"Hace 2 años","2024-02-19T01:38:33.613Z",,,,,,,,,,"Parrillada Doble Con Moro",,"$45-50",,,,,"Cena","Consumo en el lugar","4","4","4","ChZDSUhNMG9nS0VJQ0FnSUNkNTlMNUh3EAE",,,,,,,,"Google",,,"6",,,"1212","2026-08-08T17:30:22.978Z","Direct Detail URL: https://www.google.com/maps/place/Parrillada+Punta+Del+Este/@-2.2158291,-79.9617486,11.42z/data=!4m10!1m2!2m1!1sParrilla+Punta+del+Este+!3m6!1s0x902d6d6c764c40bd:0x43f558f38f9742e1!8m2!3d-2.1361111!4d-79.9005556!15sChdQYXJyaWxsYSBQdW50YSBkZWwgRXN0ZVoZIhdwYXJyaWxsYSBwdW50YSBkZWwgZXN0ZZIBBmFzYWRvcpoBI0NoWkRTVWhOTUc5blMwVkpRMEZuU1VSYU1IWlFhMVZuRUFF4AEA-gEECAAQJQ!16s%2Fg%2F1tflyy__?entry=ttu&g_ep=EgoyMDI2MDgwNS4xIKXMDSoASAFQAw%3D%3D","5",,"V37X+HQ4, Av. 2 N-E - Ing. Rodolfo Baquerizo Nazur","false",,,"Parrillada Punta Del Este","4.3",,"https://www.google.com/maps/search/?api=1&query=Parrillada%20Punta%20Del%20Este&query_place_id=ChIJvUBMdmxtLZAR4UKXj_NY9UM",
"V37X+HQ4, Av. 2 N-E - Ing. Rodolfo Baquerizo Nazur, 090508 Guayaquil, Ecuador","Parrilla","Parrilla","4896917972944634593","Guayaquil","EC","0x902d6d6c764c40bd:0x43f558f38f9742e1",,"https://lh3.googleusercontent.com/gps-cs-s/AHRPTWkRTcvnpJDUhkVYCVgu4xIBH78r7D8wp1dQEbHQ0Gg3bt0SA10fk4KPI-CuXfPpw30foXs14EvOqAhfn60g_e6Wpq_vLlKvmAM4nPsnslA1g3NcJMa435bQ_XV53KLTDQzio2v5KQ=w408-h306-k-no","false","true","/g/1tflyy__","es-419","0","-2.1361111","-79.9005556",,"Alborada Este","es","false","ChIJvUBMdmxtLZAR4UKXj_NY9UM","090508",,"Hace 2 años","2024-01-31T03:01:00.697Z",,,,,,,,,,,,,,,,,,,"5","5","5","ChdDSUhNMG9nS0VJQ0FnSUN0aGVDU2dRRRAB",,,,,,,,"Google",,,"87",,,"1212","2026-08-08T17:30:22.978Z","Direct Detail URL: https://www.google.com/maps/place/Parrillada+Punta+Del+Este/@-2.2158291,-79.9617486,11.42z/data=!4m10!1m2!2m1!1sParrilla+Punta+del+Este+!3m6!1s0x902d6d6c764c40bd:0x43f558f38f9742e1!8m2!3d-2.1361111!4d-79.9005556!15sChdQYXJyaWxsYSBQdW50YSBkZWwgRXN0ZVoZIhdwYXJyaWxsYSBwdW50YSBkZWwgZXN0ZZIBBmFzYWRvcpoBI0NoWkRTVWhOTUc5blMwVkpRMEZuU1VSYU1IWlFhMVZuRUFF4AEA-gEECAAQJQ!16s%2Fg%2F1tflyy__?entry=ttu&g_ep=EgoyMDI2MDgwNS4xIKXMDSoASAFQAw%3D%3D","5",,"V37X+HQ4, Av. 2 N-E - Ing. Rodolfo Baquerizo Nazur","false","Fascinante",,"Parrillada Punta Del Este","4.3",,"https://www.google.com/maps/search/?api=1&query=Parrillada%20Punta%20Del%20Este&query_place_id=ChIJvUBMdmxtLZAR4UKXj_NY9UM",
"V37X+HQ4, Av. 2 N-E - Ing. Rodolfo Baquerizo Nazur, 090508 Guayaquil, Ecuador","Parrilla","Parrilla","4896917972944634593","Guayaquil","EC","0x902d6d6c764c40bd:0x43f558f38f9742e1",,"https://lh3.googleusercontent.com/gps-cs-s/AHRPTWkRTcvnpJDUhkVYCVgu4xIBH78r7D8wp1dQEbHQ0Gg3bt0SA10fk4KPI-CuXfPpw30foXs14EvOqAhfn60g_e6Wpq_vLlKvmAM4nPsnslA1g3NcJMa435bQ_XV53KLTDQzio2v5KQ=w408-h306-k-no","false","false","/g/1tflyy__","es-419","0","-2.1361111","-79.9005556",,"Alborada Este",,"false","ChIJvUBMdmxtLZAR4UKXj_NY9UM","090508",,"Hace 2 años","2024-01-28T01:45:01.988Z",,,,,,,,,,"Moro de Pollo, Menestra Con Moro",,"$5-10",,,,,"Cena","Consumo en el lugar","5","5","5","ChdDSUhNMG9nS0VJQ0FnSUN0a09TWl9nRRAB",,,,,,,,"Google",,,"0",,,"1212","2026-08-08T17:30:22.978Z","Direct Detail URL: https://www.google.com/maps/place/Parrillada+Punta+Del+Este/@-2.2158291,-79.9617486,11.42z/data=!4m10!1m2!2m1!1sParrilla+Punta+del+Este+!3m6!1s0x902d6d6c764c40bd:0x43f558f38f9742e1!8m2!3d-2.1361111!4d-79.9005556!15sChdQYXJyaWxsYSBQdW50YSBkZWwgRXN0ZVoZIhdwYXJyaWxsYSBwdW50YSBkZWwgZXN0ZZIBBmFzYWRvcpoBI0NoWkRTVWhOTUc5blMwVkpRMEZuU1VSYU1IWlFhMVZuRUFF4AEA-gEECAAQJQ!16s%2Fg%2F1tflyy__?entry=ttu&g_ep=EgoyMDI2MDgwNS4xIKXMDSoASAFQAw%3D%3D","5",,"V37X+HQ4, Av. 2 N-E - Ing. Rodolfo Baquerizo Nazur","false",,,"Parrillada Punta Del Este","4.3",,"https://www.google.com/maps/search/?api=1&query=Parrillada%20Punta%20Del%20Este&query_place_id=ChIJvUBMdmxtLZAR4UKXj_NY9UM",
"V37X+HQ4, Av. 2 N-E - Ing. Rodolfo Baquerizo Nazur, 090508 Guayaquil, Ecuador","Parrilla","Parrilla","4896917972944634593","Guayaquil","EC","0x902d6d6c764c40bd:0x43f558f38f9742e1",,"https://lh3.googleusercontent.com/gps-cs-s/AHRPTWkRTcvnpJDUhkVYCVgu4xIBH78r7D8wp1dQEbHQ0Gg3bt0SA10fk4KPI-CuXfPpw30foXs14EvOqAhfn60g_e6Wpq_vLlKvmAM4nPsnslA1g3NcJMa435bQ_XV53KLTDQzio2v5KQ=w408-h306-k-no","false","true","/g/1tflyy__","es-419","0","-2.1361111","-79.9005556",,"Alborada Este","es","false","ChIJvUBMdmxtLZAR4UKXj_NY9UM","090508",,"Hace 2 años","2024-01-27T16:32:53.709Z",,,,,,,,,,,,,,,,,,,,,,"ChZDSUhNMG9nS0VJQ0FnSUROOTZfZ0VBEAE",,,,,,,,"Google",,,"289",,,"1212","2026-08-08T17:30:22.978Z","Direct Detail URL: https://www.google.com/maps/place/Parrillada+Punta+Del+Este/@-2.2158291,-79.9617486,11.42z/data=!4m10!1m2!2m1!1sParrilla+Punta+del+Este+!3m6!1s0x902d6d6c764c40bd:0x43f558f38f9742e1!8m2!3d-2.1361111!4d-79.9005556!15sChdQYXJyaWxsYSBQdW50YSBkZWwgRXN0ZVoZIhdwYXJyaWxsYSBwdW50YSBkZWwgZXN0ZZIBBmFzYWRvcpoBI0NoWkRTVWhOTUc5blMwVkpRMEZuU1VSYU1IWlFhMVZuRUFF4AEA-gEECAAQJQ!16s%2Fg%2F1tflyy__?entry=ttu&g_ep=EgoyMDI2MDgwNS4xIKXMDSoASAFQAw%3D%3D","5",,"V37X+HQ4, Av. 2 N-E - Ing. Rodolfo Baquerizo Nazur","false","bueno ahora es solamente en la planta alta ...ena baja ahora es un local de venta de cosas chinas",,"Parrillada Punta Del Este","4.3",,"https://www.google.com/maps/search/?api=1&query=Parrillada%20Punta%20Del%20Este&query_place_id=ChIJvUBMdmxtLZAR4UKXj_NY9UM",
"V37X+HQ4, Av. 2 N-E - Ing. Rodolfo Baquerizo Nazur, 090508 Guayaquil, Ecuador","Parrilla","Parrilla","4896917972944634593","Guayaquil","EC","0x902d6d6c764c40bd:0x43f558f38f9742e1",,"https://lh3.googleusercontent.com/gps-cs-s/AHRPTWkRTcvnpJDUhkVYCVgu4xIBH78r7D8wp1dQEbHQ0Gg3bt0SA10fk4KPI-CuXfPpw30foXs14EvOqAhfn60g_e6Wpq_vLlKvmAM4nPsnslA1g3NcJMa435bQ_XV53KLTDQzio2v5KQ=w408-h306-k-no","false","false","/g/1tflyy__","es-419","0","-2.1361111","-79.9005556",,"Alborada Este",,"false","ChIJvUBMdmxtLZAR4UKXj_NY9UM","090508",,"Hace 2 años","2024-01-26T01:23:05.771Z",,,,,,,,,,,,,,,,,,,"4","5","4","ChdDSUhNMG9nS0VJQ0FnSUROaV9tUnF3RRAB",,,,,,,,"Google",,,"0",,,"1212","2026-08-08T17:30:22.978Z","Direct Detail URL: https://www.google.com/maps/place/Parrillada+Punta+Del+Este/@-2.2158291,-79.9617486,11.42z/data=!4m10!1m2!2m1!1sParrilla+Punta+del+Este+!3m6!1s0x902d6d6c764c40bd:0x43f558f38f9742e1!8m2!3d-2.1361111!4d-79.9005556!15sChdQYXJyaWxsYSBQdW50YSBkZWwgRXN0ZVoZIhdwYXJyaWxsYSBwdW50YSBkZWwgZXN0ZZIBBmFzYWRvcpoBI0NoWkRTVWhOTUc5blMwVkpRMEZuU1VSYU1IWlFhMVZuRUFF4AEA-gEECAAQJQ!16s%2Fg%2F1tflyy__?entry=ttu&g_ep=EgoyMDI2MDgwNS4xIKXMDSoASAFQAw%3D%3D","5",,"V37X+HQ4, Av. 2 N-E - Ing. Rodolfo Baquerizo Nazur","false",,,"Parrillada Punta Del Este","4.3",,"https://www.google.com/maps/search/?api=1&query=Parrillada%20Punta%20Del%20Este&query_place_id=ChIJvUBMdmxtLZAR4UKXj_NY9UM",
"V37X+HQ4, Av. 2 N-E - Ing. Rodolfo Baquerizo Nazur, 090508 Guayaquil, Ecuador","Parrilla","Parrilla","4896917972944634593","Guayaquil","EC","0x902d6d6c764c40bd:0x43f558f38f9742e1",,"https://lh3.googleusercontent.com/gps-cs-s/AHRPTWkRTcvnpJDUhkVYCVgu4xIBH78r7D8wp1dQEbHQ0Gg3bt0SA10fk4KPI-CuXfPpw30foXs14EvOqAhfn60g_e6Wpq_vLlKvmAM4nPsnslA1g3NcJMa435bQ_XV53KLTDQzio2v5KQ=w408-h306-k-no","false","true","/g/1tflyy__","es-419","0","-2.1361111","-79.9005556",,"Alborada Este",,"false","ChIJvUBMdmxtLZAR4UKXj_NY9UM","090508",,"Hace 2 años","2024-01-08T22:03:11.909Z",,,,,,,,,,,,"$5-10",,,,,"Cena","Consumo en el lugar","4","5","4","ChdDSUhNMG9nS0VJQ0FnSUQxbGJ6cnNnRRAB",,,,,,,,"Google",,,"7",,,"1212","2026-08-08T17:30:22.978Z","Direct Detail URL: https://www.google.com/maps/place/Parrillada+Punta+Del+Este/@-2.2158291,-79.9617486,11.42z/data=!4m10!1m2!2m1!1sParrilla+Punta+del+Este+!3m6!1s0x902d6d6c764c40bd:0x43f558f38f9742e1!8m2!3d-2.1361111!4d-79.9005556!15sChdQYXJyaWxsYSBQdW50YSBkZWwgRXN0ZVoZIhdwYXJyaWxsYSBwdW50YSBkZWwgZXN0ZZIBBmFzYWRvcpoBI0NoWkRTVWhOTUc5blMwVkpRMEZuU1VSYU1IWlFhMVZuRUFF4AEA-gEECAAQJQ!16s%2Fg%2F1tflyy__?entry=ttu&g_ep=EgoyMDI2MDgwNS4xIKXMDSoASAFQAw%3D%3D","5",,"V37X+HQ4, Av. 2 N-E - Ing. Rodolfo Baquerizo Nazur","false",,,"Parrillada Punta Del Este","4.3",,"https://www.google.com/maps/search/?api=1&query=Parrillada%20Punta%20Del%20Este&query_place_id=ChIJvUBMdmxtLZAR4UKXj_NY9UM",
"V37X+HQ4, Av. 2 N-E - Ing. Rodolfo Baquerizo Nazur, 090508 Guayaquil, Ecuador","Parrilla","Parrilla","4896917972944634593","Guayaquil","EC","0x902d6d6c764c40bd:0x43f558f38f9742e1",,"https://lh3.googleusercontent.com/gps-cs-s/AHRPTWkRTcvnpJDUhkVYCVgu4xIBH78r7D8wp1dQEbHQ0Gg3bt0SA10fk4KPI-CuXfPpw30foXs14EvOqAhfn60g_e6Wpq_vLlKvmAM4nPsnslA1g3NcJMa435bQ_XV53KLTDQzio2v5KQ=w408-h306-k-no","false","false","/g/1tflyy__","es-419","0","-2.1361111","-79.9005556",,"Alborada Este",,"false","ChIJvUBMdmxtLZAR4UKXj_NY9UM","090508",,"Hace 2 años","2024-01-06T15:59:29.770Z",,,,,,,,,,,,,,,,,,,,,,"ChZDSUhNMG9nS0VJQ0FnSUQxNnE3aFVBEAE",,,,,,,,"Google",,,"4",,,"1212","2026-08-08T17:30:22.978Z","Direct Detail URL: https://www.google.com/maps/place/Parrillada+Punta+Del+Este/@-2.2158291,-79.9617486,11.42z/data=!4m10!1m2!2m1!1sParrilla+Punta+del+Este+!3m6!1s0x902d6d6c764c40bd:0x43f558f38f9742e1!8m2!3d-2.1361111!4d-79.9005556!15sChdQYXJyaWxsYSBQdW50YSBkZWwgRXN0ZVoZIhdwYXJyaWxsYSBwdW50YSBkZWwgZXN0ZZIBBmFzYWRvcpoBI0NoWkRTVWhOTUc5blMwVkpRMEZuU1VSYU1IWlFhMVZuRUFF4AEA-gEECAAQJQ!16s%2Fg%2F1tflyy__?entry=ttu&g_ep=EgoyMDI2MDgwNS4xIKXMDSoASAFQAw%3D%3D","5",,"V37X+HQ4, Av. 2 N-E - Ing. Rodolfo Baquerizo Nazur","false",,,"Parrillada Punta Del Este","4.3",,"https://www.google.com/maps/search/?api=1&query=Parrillada%20Punta%20Del%20Este&query_place_id=ChIJvUBMdmxtLZAR4UKXj_NY9UM",
"V37X+HQ4, Av. 2 N-E - Ing. Rodolfo Baquerizo Nazur, 090508 Guayaquil, Ecuador","Parrilla","Parrilla","4896917972944634593","Guayaquil","EC","0x902d6d6c764c40bd:0x43f558f38f9742e1",,"https://lh3.googleusercontent.com/gps-cs-s/AHRPTWkRTcvnpJDUhkVYCVgu4xIBH78r7D8wp1dQEbHQ0Gg3bt0SA10fk4KPI-CuXfPpw30foXs14EvOqAhfn60g_e6Wpq_vLlKvmAM4nPsnslA1g3NcJMa435bQ_XV53KLTDQzio2v5KQ=w408-h306-k-no","false","false","/g/1tflyy__","es-419","0","-2.1361111","-79.9005556",,"Alborada Este",,"false","ChIJvUBMdmxtLZAR4UKXj_NY9UM","090508",,"Hace 2 años","2024-01-05T04:40:09.337Z",,,,,,,,,,,,,,,,,,,,,,"ChZDSUhNMG9nS0VJQ0FnSUQxbUtPRE5REAE",,,,,,,,"Google",,,"4",,,"1212","2026-08-08T17:30:22.978Z","Direct Detail URL: https://www.google.com/maps/place/Parrillada+Punta+Del+Este/@-2.2158291,-79.9617486,11.42z/data=!4m10!1m2!2m1!1sParrilla+Punta+del+Este+!3m6!1s0x902d6d6c764c40bd:0x43f558f38f9742e1!8m2!3d-2.1361111!4d-79.9005556!15sChdQYXJyaWxsYSBQdW50YSBkZWwgRXN0ZVoZIhdwYXJyaWxsYSBwdW50YSBkZWwgZXN0ZZIBBmFzYWRvcpoBI0NoWkRTVWhOTUc5blMwVkpRMEZuU1VSYU1IWlFhMVZuRUFF4AEA-gEECAAQJQ!16s%2Fg%2F1tflyy__?entry=ttu&g_ep=EgoyMDI2MDgwNS4xIKXMDSoASAFQAw%3D%3D","3",,"V37X+HQ4, Av. 2 N-E - Ing. Rodolfo Baquerizo Nazur","false",,,"Parrillada Punta Del Este","4.3",,"https://www.google.com/maps/search/?api=1&query=Parrillada%20Punta%20Del%20Este&query_place_id=ChIJvUBMdmxtLZAR4UKXj_NY9UM",
"V37X+HQ4, Av. 2 N-E - Ing. Rodolfo Baquerizo Nazur, 090508 Guayaquil, Ecuador","Parrilla","Parrilla","4896917972944634593","Guayaquil","EC","0x902d6d6c764c40bd:0x43f558f38f9742e1",,"https://lh3.googleusercontent.com/gps-cs-s/AHRPTWkRTcvnpJDUhkVYCVgu4xIBH78r7D8wp1dQEbHQ0Gg3bt0SA10fk4KPI-CuXfPpw30foXs14EvOqAhfn60g_e6Wpq_vLlKvmAM4nPsnslA1g3NcJMa435bQ_XV53KLTDQzio2v5KQ=w408-h306-k-no","false","true","/g/1tflyy__","es-419","0","-2.1361111","-79.9005556",,"Alborada Este",,"false","ChIJvUBMdmxtLZAR4UKXj_NY9UM","090508",,"Hace 2 años","2024-01-01T00:22:44.485Z",,,,,,,,,,,,,,,,,,,"4","4","4","ChdDSUhNMG9nS0VJQ0FnSUMxcWZLRW9BRRAB",,,,,,,,"Google",,,"24",,,"1212","2026-08-08T17:30:22.978Z","Direct Detail URL: https://www.google.com/maps/place/Parrillada+Punta+Del+Este/@-2.2158291,-79.9617486,11.42z/data=!4m10!1m2!2m1!1sParrilla+Punta+del+Este+!3m6!1s0x902d6d6c764c40bd:0x43f558f38f9742e1!8m2!3d-2.1361111!4d-79.9005556!15sChdQYXJyaWxsYSBQdW50YSBkZWwgRXN0ZVoZIhdwYXJyaWxsYSBwdW50YSBkZWwgZXN0ZZIBBmFzYWRvcpoBI0NoWkRTVWhOTUc5blMwVkpRMEZuU1VSYU1IWlFhMVZuRUFF4AEA-gEECAAQJQ!16s%2Fg%2F1tflyy__?entry=ttu&g_ep=EgoyMDI2MDgwNS4xIKXMDSoASAFQAw%3D%3D","4",,"V37X+HQ4, Av. 2 N-E - Ing. Rodolfo Baquerizo Nazur","false",,,"Parrillada Punta Del Este","4.3",,"https://www.google.com/maps/search/?api=1&query=Parrillada%20Punta%20Del%20Este&query_place_id=ChIJvUBMdmxtLZAR4UKXj_NY9UM",
"V37X+HQ4, Av. 2 N-E - Ing. Rodolfo Baquerizo Nazur, 090508 Guayaquil, Ecuador","Parrilla","Parrilla","4896917972944634593","Guayaquil","EC","0x902d6d6c764c40bd:0x43f558f38f9742e1",,"https://lh3.googleusercontent.com/gps-cs-s/AHRPTWkRTcvnpJDUhkVYCVgu4xIBH78r7D8wp1dQEbHQ0Gg3bt0SA10fk4KPI-CuXfPpw30foXs14EvOqAhfn60g_e6Wpq_vLlKvmAM4nPsnslA1g3NcJMa435bQ_XV53KLTDQzio2v5KQ=w408-h306-k-no","false","true","/g/1tflyy__","es-419","0","-2.1361111","-79.9005556",,"Alborada Este",,"false","ChIJvUBMdmxtLZAR4UKXj_NY9UM","090508",,"Hace 2 años","2023-12-30T19:52:40.268Z",,,,,,,,,,,,,,,,,,,"4","5","4","ChZDSUhNMG9nS0VJQ0FnSUMxX3ItZURBEAE",,,,,,,,"Google",,,"12",,,"1212","2026-08-08T17:30:22.978Z","Direct Detail URL: https://www.google.com/maps/place/Parrillada+Punta+Del+Este/@-2.2158291,-79.9617486,11.42z/data=!4m10!1m2!2m1!1sParrilla+Punta+del+Este+!3m6!1s0x902d6d6c764c40bd:0x43f558f38f9742e1!8m2!3d-2.1361111!4d-79.9005556!15sChdQYXJyaWxsYSBQdW50YSBkZWwgRXN0ZVoZIhdwYXJyaWxsYSBwdW50YSBkZWwgZXN0ZZIBBmFzYWRvcpoBI0NoWkRTVWhOTUc5blMwVkpRMEZuU1VSYU1IWlFhMVZuRUFF4AEA-gEECAAQJQ!16s%2Fg%2F1tflyy__?entry=ttu&g_ep=EgoyMDI2MDgwNS4xIKXMDSoASAFQAw%3D%3D","4",,"V37X+HQ4, Av. 2 N-E - Ing. Rodolfo Baquerizo Nazur","false",,,"Parrillada Punta Del Este","4.3",,"https://www.google.com/maps/search/?api=1&query=Parrillada%20Punta%20Del%20Este&query_place_id=ChIJvUBMdmxtLZAR4UKXj_NY9UM",
"V37X+HQ4, Av. 2 N-E - Ing. Rodolfo Baquerizo Nazur, 090508 Guayaquil, Ecuador","Parrilla","Parrilla","4896917972944634593","Guayaquil","EC","0x902d6d6c764c40bd:0x43f558f38f9742e1",,"https://lh3.googleusercontent.com/gps-cs-s/AHRPTWkRTcvnpJDUhkVYCVgu4xIBH78r7D8wp1dQEbHQ0Gg3bt0SA10fk4KPI-CuXfPpw30foXs14EvOqAhfn60g_e6Wpq_vLlKvmAM4nPsnslA1g3NcJMa435bQ_XV53KLTDQzio2v5KQ=w408-h306-k-no","false","true","/g/1tflyy__","es-419","0","-2.1361111","-79.9005556",,"Alborada Este","es","false","ChIJvUBMdmxtLZAR4UKXj_NY9UM","090508",,"Editado Hace 2 años","2023-12-30T03:26:56.779Z",,,,,,,,,,,,,,,,,,,"5","5","5","ChdDSUhNMG9nS0VJQ0FnSUNCaE95eDdBRRAB",,,,,,,,"Google",,,"41",,,"1212","2026-08-08T17:30:22.978Z","Direct Detail URL: https://www.google.com/maps/place/Parrillada+Punta+Del+Este/@-2.2158291,-79.9617486,11.42z/data=!4m10!1m2!2m1!1sParrilla+Punta+del+Este+!3m6!1s0x902d6d6c764c40bd:0x43f558f38f9742e1!8m2!3d-2.1361111!4d-79.9005556!15sChdQYXJyaWxsYSBQdW50YSBkZWwgRXN0ZVoZIhdwYXJyaWxsYSBwdW50YSBkZWwgZXN0ZZIBBmFzYWRvcpoBI0NoWkRTVWhOTUc5blMwVkpRMEZuU1VSYU1IWlFhMVZuRUFF4AEA-gEECAAQJQ!16s%2Fg%2F1tflyy__?entry=ttu&g_ep=EgoyMDI2MDgwNS4xIKXMDSoASAFQAw%3D%3D","5",,"V37X+HQ4, Av. 2 N-E - Ing. Rodolfo Baquerizo Nazur","false","Todo bien👍",,"Parrillada Punta Del Este","4.3",,"https://www.google.com/maps/search/?api=1&query=Parrillada%20Punta%20Del%20Este&query_place_id=ChIJvUBMdmxtLZAR4UKXj_NY9UM",
"V37X+HQ4, Av. 2 N-E - Ing. Rodolfo Baquerizo Nazur, 090508 Guayaquil, Ecuador","Parrilla","Parrilla","4896917972944634593","Guayaquil","EC","0x902d6d6c764c40bd:0x43f558f38f9742e1",,"https://lh3.googleusercontent.com/gps-cs-s/AHRPTWkRTcvnpJDUhkVYCVgu4xIBH78r7D8wp1dQEbHQ0Gg3bt0SA10fk4KPI-CuXfPpw30foXs14EvOqAhfn60g_e6Wpq_vLlKvmAM4nPsnslA1g3NcJMa435bQ_XV53KLTDQzio2v5KQ=w408-h306-k-no","false","false","/g/1tflyy__","es-419","0","-2.1361111","-79.9005556",,"Alborada Este","es","false","ChIJvUBMdmxtLZAR4UKXj_NY9UM","090508",,"Hace 2 años","2023-12-29T01:11:23.111Z",,,,,,,,,,,,,,,,,,,"5","5","5","ChdDSUhNMG9nS0VJQ0FnSUMxNXZ5S29BRRAB",,,,,,,,"Google",,,"4",,,"1212","2026-08-08T17:30:22.978Z","Direct Detail URL: https://www.google.com/maps/place/Parrillada+Punta+Del+Este/@-2.2158291,-79.9617486,11.42z/data=!4m10!1m2!2m1!1sParrilla+Punta+del+Este+!3m6!1s0x902d6d6c764c40bd:0x43f558f38f9742e1!8m2!3d-2.1361111!4d-79.9005556!15sChdQYXJyaWxsYSBQdW50YSBkZWwgRXN0ZVoZIhdwYXJyaWxsYSBwdW50YSBkZWwgZXN0ZZIBBmFzYWRvcpoBI0NoWkRTVWhOTUc5blMwVkpRMEZuU1VSYU1IWlFhMVZuRUFF4AEA-gEECAAQJQ!16s%2Fg%2F1tflyy__?entry=ttu&g_ep=EgoyMDI2MDgwNS4xIKXMDSoASAFQAw%3D%3D","5",,"V37X+HQ4, Av. 2 N-E - Ing. Rodolfo Baquerizo Nazur","false","Excelente el servicio deliciosa la comida",,"Parrillada Punta Del Este","4.3",,"https://www.google.com/maps/search/?api=1&query=Parrillada%20Punta%20Del%20Este&query_place_id=ChIJvUBMdmxtLZAR4UKXj_NY9UM",
"V37X+HQ4, Av. 2 N-E - Ing. Rodolfo Baquerizo Nazur, 090508 Guayaquil, Ecuador","Parrilla","Parrilla","4896917972944634593","Guayaquil","EC","0x902d6d6c764c40bd:0x43f558f38f9742e1",,"https://lh3.googleusercontent.com/gps-cs-s/AHRPTWkRTcvnpJDUhkVYCVgu4xIBH78r7D8wp1dQEbHQ0Gg3bt0SA10fk4KPI-CuXfPpw30foXs14EvOqAhfn60g_e6Wpq_vLlKvmAM4nPsnslA1g3NcJMa435bQ_XV53KLTDQzio2v5KQ=w408-h306-k-no","false","true","/g/1tflyy__","es-419","0","-2.1361111","-79.9005556",,"Alborada Este","es","false","ChIJvUBMdmxtLZAR4UKXj_NY9UM","090508",,"Hace 2 años","2023-12-23T14:54:17.627Z",,,,,,,,,,,,"$10-15",,,,,"Almuerzo","Consumo en el lugar",,,,"ChZDSUhNMG9nS0VJQ0FnSUMxMUlxWkVBEAE",,,,,,,,"Google",,,"110",,,"1212","2026-08-08T17:30:22.978Z","Direct Detail URL: https://www.google.com/maps/place/Parrillada+Punta+Del+Este/@-2.2158291,-79.9617486,11.42z/data=!4m10!1m2!2m1!1sParrilla+Punta+del+Este+!3m6!1s0x902d6d6c764c40bd:0x43f558f38f9742e1!8m2!3d-2.1361111!4d-79.9005556!15sChdQYXJyaWxsYSBQdW50YSBkZWwgRXN0ZVoZIhdwYXJyaWxsYSBwdW50YSBkZWwgZXN0ZZIBBmFzYWRvcpoBI0NoWkRTVWhOTUc5blMwVkpRMEZuU1VSYU1IWlFhMVZuRUFF4AEA-gEECAAQJQ!16s%2Fg%2F1tflyy__?entry=ttu&g_ep=EgoyMDI2MDgwNS4xIKXMDSoASAFQAw%3D%3D","5",,"V37X+HQ4, Av. 2 N-E - Ing. Rodolfo Baquerizo Nazur","false","Hace muchos años acudíamos a comer a este lugar en todos estos años se ha mantenido pero ahora se ha reinventado y en la parte de abajo donde quedaba la parrillada punta del este han puesto un local chino donde venden ropa,zapatos, cosas varias y la parrillada pasó a la parte de arriba donde quedaban rumberos tropicales",,"Parrillada Punta Del Este","4.3",,"https://www.google.com/maps/search/?api=1&query=Parrillada%20Punta%20Del%20Este&query_place_id=ChIJvUBMdmxtLZAR4UKXj_NY9UM",
"V37X+HQ4, Av. 2 N-E - Ing. Rodolfo Baquerizo Nazur, 090508 Guayaquil, Ecuador","Parrilla","Parrilla","4896917972944634593","Guayaquil","EC","0x902d6d6c764c40bd:0x43f558f38f9742e1",,"https://lh3.googleusercontent.com/gps-cs-s/AHRPTWkRTcvnpJDUhkVYCVgu4xIBH78r7D8wp1dQEbHQ0Gg3bt0SA10fk4KPI-CuXfPpw30foXs14EvOqAhfn60g_e6Wpq_vLlKvmAM4nPsnslA1g3NcJMa435bQ_XV53KLTDQzio2v5KQ=w408-h306-k-no","false","true","/g/1tflyy__","es-419","0","-2.1361111","-79.9005556",,"Alborada Este","es","false","ChIJvUBMdmxtLZAR4UKXj_NY9UM","090508",,"Hace 2 años","2023-12-23T04:47:28.247Z",,,,,,,,,,,,,,,,,,,"5","5","5","ChZDSUhNMG9nS0VJQ0FnSUMxcFBIVE1REAE","https://lh3.googleusercontent.com/grass-cs/ACvplmMgcL-8V0IpVjKA5LQw6PiVGyofk2uxxUjBO8U3wldi-o9DF5YjUWo69Pm0LrRBdVnylaHlHmYanlh-kMc0uJPpELyUtq14Xife98rZeMyPuui5IY6m3sRQmGfkLncG-D-IeOxQ=k-no","https://lh3.googleusercontent.com/grass-cs/ACvplmO419bTt94uHAqhn1IpLMmocIsa5EW1vSqbI13xcUQP_BSuK5ABnmPdB8mEHn8Q91hXecT1JEnykzepLQr6RGW8O8nhCwQviGuG3L0VxpvNeq-vHqhoZajk5Nugbaktm6w8dPVfOQ=k-no",,,,,,"Google",,,"66",,,"1212","2026-08-08T17:30:22.978Z","Direct Detail URL: https://www.google.com/maps/place/Parrillada+Punta+Del+Este/@-2.2158291,-79.9617486,11.42z/data=!4m10!1m2!2m1!1sParrilla+Punta+del+Este+!3m6!1s0x902d6d6c764c40bd:0x43f558f38f9742e1!8m2!3d-2.1361111!4d-79.9005556!15sChdQYXJyaWxsYSBQdW50YSBkZWwgRXN0ZVoZIhdwYXJyaWxsYSBwdW50YSBkZWwgZXN0ZZIBBmFzYWRvcpoBI0NoWkRTVWhOTUc5blMwVkpRMEZuU1VSYU1IWlFhMVZuRUFF4AEA-gEECAAQJQ!16s%2Fg%2F1tflyy__?entry=ttu&g_ep=EgoyMDI2MDgwNS4xIKXMDSoASAFQAw%3D%3D","5",,"V37X+HQ4, Av. 2 N-E - Ing. Rodolfo Baquerizo Nazur","false","Sendisfruto mucho con la familia y amigos.. ambiente muy amplio y agradable",,"Parrillada Punta Del Este","4.3",,"https://www.google.com/maps/search/?api=1&query=Parrillada%20Punta%20Del%20Este&query_place_id=ChIJvUBMdmxtLZAR4UKXj_NY9UM",
"V37X+HQ4, Av. 2 N-E - Ing. Rodolfo Baquerizo Nazur, 090508 Guayaquil, Ecuador","Parrilla","Parrilla","4896917972944634593","Guayaquil","EC","0x902d6d6c764c40bd:0x43f558f38f9742e1",,"https://lh3.googleusercontent.com/gps-cs-s/AHRPTWkRTcvnpJDUhkVYCVgu4xIBH78r7D8wp1dQEbHQ0Gg3bt0SA10fk4KPI-CuXfPpw30foXs14EvOqAhfn60g_e6Wpq_vLlKvmAM4nPsnslA1g3NcJMa435bQ_XV53KLTDQzio2v5KQ=w408-h306-k-no","false","false","/g/1tflyy__","es-419","0","-2.1361111","-79.9005556",,"Alborada Este",,"false","ChIJvUBMdmxtLZAR4UKXj_NY9UM","090508",,"Hace 2 años","2023-12-23T03:56:41.444Z",,,,,,,,,,,,,,,,,,,,,,"ChZDSUhNMG9nS0VJQ0FnSUMxcE1iT1J3EAE",,,,,,,,"Google",,,"1",,,"1212","2026-08-08T17:30:22.978Z","Direct Detail URL: https://www.google.com/maps/place/Parrillada+Punta+Del+Este/@-2.2158291,-79.9617486,11.42z/data=!4m10!1m2!2m1!1sParrilla+Punta+del+Este+!3m6!1s0x902d6d6c764c40bd:0x43f558f38f9742e1!8m2!3d-2.1361111!4d-79.9005556!15sChdQYXJyaWxsYSBQdW50YSBkZWwgRXN0ZVoZIhdwYXJyaWxsYSBwdW50YSBkZWwgZXN0ZZIBBmFzYWRvcpoBI0NoWkRTVWhOTUc5blMwVkpRMEZuU1VSYU1IWlFhMVZuRUFF4AEA-gEECAAQJQ!16s%2Fg%2F1tflyy__?entry=ttu&g_ep=EgoyMDI2MDgwNS4xIKXMDSoASAFQAw%3D%3D","5",,"V37X+HQ4, Av. 2 N-E - Ing. Rodolfo Baquerizo Nazur","false",,,"Parrillada Punta Del Este","4.3",,"https://www.google.com/maps/search/?api=1&query=Parrillada%20Punta%20Del%20Este&query_place_id=ChIJvUBMdmxtLZAR4UKXj_NY9UM",
"V37X+HQ4, Av. 2 N-E - Ing. Rodolfo Baquerizo Nazur, 090508 Guayaquil, Ecuador","Parrilla","Parrilla","4896917972944634593","Guayaquil","EC","0x902d6d6c764c40bd:0x43f558f38f9742e1",,"https://lh3.googleusercontent.com/gps-cs-s/AHRPTWkRTcvnpJDUhkVYCVgu4xIBH78r7D8wp1dQEbHQ0Gg3bt0SA10fk4KPI-CuXfPpw30foXs14EvOqAhfn60g_e6Wpq_vLlKvmAM4nPsnslA1g3NcJMa435bQ_XV53KLTDQzio2v5KQ=w408-h306-k-no","false","true","/g/1tflyy__","es-419","0","-2.1361111","-79.9005556",,"Alborada Este",,"false","ChIJvUBMdmxtLZAR4UKXj_NY9UM","090508",,"Hace 2 años","2023-12-21T19:38:37.400Z",,,,,,,,,,,,,,,,,,,,,,"ChZDSUhNMG9nS0VJQ0FnSUMxcUktQk5nEAE",,,,,,,,"Google",,,"24",,,"1212","2026-08-08T17:30:22.978Z","Direct Detail URL: https://www.google.com/maps/place/Parrillada+Punta+Del+Este/@-2.2158291,-79.9617486,11.42z/data=!4m10!1m2!2m1!1sParrilla+Punta+del+Este+!3m6!1s0x902d6d6c764c40bd:0x43f558f38f9742e1!8m2!3d-2.1361111!4d-79.9005556!15sChdQYXJyaWxsYSBQdW50YSBkZWwgRXN0ZVoZIhdwYXJyaWxsYSBwdW50YSBkZWwgZXN0ZZIBBmFzYWRvcpoBI0NoWkRTVWhOTUc5blMwVkpRMEZuU1VSYU1IWlFhMVZuRUFF4AEA-gEECAAQJQ!16s%2Fg%2F1tflyy__?entry=ttu&g_ep=EgoyMDI2MDgwNS4xIKXMDSoASAFQAw%3D%3D","5",,"V37X+HQ4, Av. 2 N-E - Ing. Rodolfo Baquerizo Nazur","false",,,"Parrillada Punta Del Este","4.3",,"https://www.google.com/maps/search/?api=1&query=Parrillada%20Punta%20Del%20Este&query_place_id=ChIJvUBMdmxtLZAR4UKXj_NY9UM",
"V37X+HQ4, Av. 2 N-E - Ing. Rodolfo Baquerizo Nazur, 090508 Guayaquil, Ecuador","Parrilla","Parrilla","4896917972944634593","Guayaquil","EC","0x902d6d6c764c40bd:0x43f558f38f9742e1",,"https://lh3.googleusercontent.com/gps-cs-s/AHRPTWkRTcvnpJDUhkVYCVgu4xIBH78r7D8wp1dQEbHQ0Gg3bt0SA10fk4KPI-CuXfPpw30foXs14EvOqAhfn60g_e6Wpq_vLlKvmAM4nPsnslA1g3NcJMa435bQ_XV53KLTDQzio2v5KQ=w408-h306-k-no","false","true","/g/1tflyy__","es-419","0","-2.1361111","-79.9005556",,"Alborada Este","es","false","ChIJvUBMdmxtLZAR4UKXj_NY9UM","090508",,"Hace 2 años","2023-12-13T11:38:17.169Z",,,,,,,,,,"Partillada",,"$30-35",,,,,,"Comida para llevar","1","2","3","ChZDSUhNMG9nS0VJQ0FnSURWd1p1aE93EAE",,,,,,,,"Google",,,"57",,,"1212","2026-08-08T17:30:22.978Z","Direct Detail URL: https://www.google.com/maps/place/Parrillada+Punta+Del+Este/@-2.2158291,-79.9617486,11.42z/data=!4m10!1m2!2m1!1sParrilla+Punta+del+Este+!3m6!1s0x902d6d6c764c40bd:0x43f558f38f9742e1!8m2!3d-2.1361111!4d-79.9005556!15sChdQYXJyaWxsYSBQdW50YSBkZWwgRXN0ZVoZIhdwYXJyaWxsYSBwdW50YSBkZWwgZXN0ZZIBBmFzYWRvcpoBI0NoWkRTVWhOTUc5blMwVkpRMEZuU1VSYU1IWlFhMVZuRUFF4AEA-gEECAAQJQ!16s%2Fg%2F1tflyy__?entry=ttu&g_ep=EgoyMDI2MDgwNS4xIKXMDSoASAFQAw%3D%3D","2",,"V37X+HQ4, Av. 2 N-E - Ing. Rodolfo Baquerizo Nazur","false","Ya no es como antes nada es asado al carbón",,"Parrillada Punta Del Este","4.3",,"https://www.google.com/maps/search/?api=1&query=Parrillada%20Punta%20Del%20Este&query_place_id=ChIJvUBMdmxtLZAR4UKXj_NY9UM",
"V37X+HQ4, Av. 2 N-E - Ing. Rodolfo Baquerizo Nazur, 090508 Guayaquil, Ecuador","Parrilla","Parrilla","4896917972944634593","Guayaquil","EC","0x902d6d6c764c40bd:0x43f558f38f9742e1",,"https://lh3.googleusercontent.com/gps-cs-s/AHRPTWkRTcvnpJDUhkVYCVgu4xIBH78r7D8wp1dQEbHQ0Gg3bt0SA10fk4KPI-CuXfPpw30foXs14EvOqAhfn60g_e6Wpq_vLlKvmAM4nPsnslA1g3NcJMa435bQ_XV53KLTDQzio2v5KQ=w408-h306-k-no","false","false","/g/1tflyy__","es-419","0","-2.1361111","-79.9005556",,"Alborada Este",,"false","ChIJvUBMdmxtLZAR4UKXj_NY9UM","090508",,"Hace 2 años","2023-12-03T02:11:55.892Z",,,,,,,,,,,,,,,,,,,,,,"ChZDSUhNMG9nS0VJQ0FnSURsdGNiUlNnEAE",,,,,,,,"Google",,,"4",,,"1212","2026-08-08T17:30:22.978Z","Direct Detail URL: https://www.google.com/maps/place/Parrillada+Punta+Del+Este/@-2.2158291,-79.9617486,11.42z/data=!4m10!1m2!2m1!1sParrilla+Punta+del+Este+!3m6!1s0x902d6d6c764c40bd:0x43f558f38f9742e1!8m2!3d-2.1361111!4d-79.9005556!15sChdQYXJyaWxsYSBQdW50YSBkZWwgRXN0ZVoZIhdwYXJyaWxsYSBwdW50YSBkZWwgZXN0ZZIBBmFzYWRvcpoBI0NoWkRTVWhOTUc5blMwVkpRMEZuU1VSYU1IWlFhMVZuRUFF4AEA-gEECAAQJQ!16s%2Fg%2F1tflyy__?entry=ttu&g_ep=EgoyMDI2MDgwNS4xIKXMDSoASAFQAw%3D%3D","5",,"V37X+HQ4, Av. 2 N-E - Ing. Rodolfo Baquerizo Nazur","false",,,"Parrillada Punta Del Este","4.3",,"https://www.google.com/maps/search/?api=1&query=Parrillada%20Punta%20Del%20Este&query_place_id=ChIJvUBMdmxtLZAR4UKXj_NY9UM",
"V37X+HQ4, Av. 2 N-E - Ing. Rodolfo Baquerizo Nazur, 090508 Guayaquil, Ecuador","Parrilla","Parrilla","4896917972944634593","Guayaquil","EC","0x902d6d6c764c40bd:0x43f558f38f9742e1",,"https://lh3.googleusercontent.com/gps-cs-s/AHRPTWkRTcvnpJDUhkVYCVgu4xIBH78r7D8wp1dQEbHQ0Gg3bt0SA10fk4KPI-CuXfPpw30foXs14EvOqAhfn60g_e6Wpq_vLlKvmAM4nPsnslA1g3NcJMa435bQ_XV53KLTDQzio2v5KQ=w408-h306-k-no","false","true","/g/1tflyy__","es-419","0","-2.1361111","-79.9005556",,"Alborada Este",,"false","ChIJvUBMdmxtLZAR4UKXj_NY9UM","090508",,"Hace 2 años","2023-11-28T03:00:03.040Z",,,,,,,,,,,,,,,,,,,"5","4","5","ChdDSUhNMG9nS0VJQ0FnSUNsLTdhazBnRRAB",,,,,,,,"Google",,,"117",,,"1212","2026-08-08T17:30:22.978Z","Direct Detail URL: https://www.google.com/maps/place/Parrillada+Punta+Del+Este/@-2.2158291,-79.9617486,11.42z/data=!4m10!1m2!2m1!1sParrilla+Punta+del+Este+!3m6!1s0x902d6d6c764c40bd:0x43f558f38f9742e1!8m2!3d-2.1361111!4d-79.9005556!15sChdQYXJyaWxsYSBQdW50YSBkZWwgRXN0ZVoZIhdwYXJyaWxsYSBwdW50YSBkZWwgZXN0ZZIBBmFzYWRvcpoBI0NoWkRTVWhOTUc5blMwVkpRMEZuU1VSYU1IWlFhMVZuRUFF4AEA-gEECAAQJQ!16s%2Fg%2F1tflyy__?entry=ttu&g_ep=EgoyMDI2MDgwNS4xIKXMDSoASAFQAw%3D%3D","4",,"V37X+HQ4, Av. 2 N-E - Ing. Rodolfo Baquerizo Nazur","false",,,"Parrillada Punta Del Este","4.3",,"https://www.google.com/maps/search/?api=1&query=Parrillada%20Punta%20Del%20Este&query_place_id=ChIJvUBMdmxtLZAR4UKXj_NY9UM",
"V37X+HQ4, Av. 2 N-E - Ing. Rodolfo Baquerizo Nazur, 090508 Guayaquil, Ecuador","Parrilla","Parrilla","4896917972944634593","Guayaquil","EC","0x902d6d6c764c40bd:0x43f558f38f9742e1",,"https://lh3.googleusercontent.com/gps-cs-s/AHRPTWkRTcvnpJDUhkVYCVgu4xIBH78r7D8wp1dQEbHQ0Gg3bt0SA10fk4KPI-CuXfPpw30foXs14EvOqAhfn60g_e6Wpq_vLlKvmAM4nPsnslA1g3NcJMa435bQ_XV53KLTDQzio2v5KQ=w408-h306-k-no","false","true","/g/1tflyy__","es-419","0","-2.1361111","-79.9005556",,"Alborada Este","es","false","ChIJvUBMdmxtLZAR4UKXj_NY9UM","090508",,"Hace 2 años","2023-11-22T16:51:50.401Z",,,,,,,,,,,,"$5-10",,,,,,,"5","5","5","ChdDSUhNMG9nS0VJQ0FnSUNsaFl1RnZ3RRAB",,,,,,,,"Google",,,"48",,,"1212","2026-08-08T17:30:22.978Z","Direct Detail URL: https://www.google.com/maps/place/Parrillada+Punta+Del+Este/@-2.2158291,-79.9617486,11.42z/data=!4m10!1m2!2m1!1sParrilla+Punta+del+Este+!3m6!1s0x902d6d6c764c40bd:0x43f558f38f9742e1!8m2!3d-2.1361111!4d-79.9005556!15sChdQYXJyaWxsYSBQdW50YSBkZWwgRXN0ZVoZIhdwYXJyaWxsYSBwdW50YSBkZWwgZXN0ZZIBBmFzYWRvcpoBI0NoWkRTVWhOTUc5blMwVkpRMEZuU1VSYU1IWlFhMVZuRUFF4AEA-gEECAAQJQ!16s%2Fg%2F1tflyy__?entry=ttu&g_ep=EgoyMDI2MDgwNS4xIKXMDSoASAFQAw%3D%3D","5",,"V37X+HQ4, Av. 2 N-E - Ing. Rodolfo Baquerizo Nazur","false","Muy rica la comida y precios accesibles.",,"Parrillada Punta Del Este","4.3",,"https://www.google.com/maps/search/?api=1&query=Parrillada%20Punta%20Del%20Este&query_place_id=ChIJvUBMdmxtLZAR4UKXj_NY9UM",
"V37X+HQ4, Av. 2 N-E - Ing. Rodolfo Baquerizo Nazur, 090508 Guayaquil, Ecuador","Parrilla","Parrilla","4896917972944634593","Guayaquil","EC","0x902d6d6c764c40bd:0x43f558f38f9742e1",,"https://lh3.googleusercontent.com/gps-cs-s/AHRPTWkRTcvnpJDUhkVYCVgu4xIBH78r7D8wp1dQEbHQ0Gg3bt0SA10fk4KPI-CuXfPpw30foXs14EvOqAhfn60g_e6Wpq_vLlKvmAM4nPsnslA1g3NcJMa435bQ_XV53KLTDQzio2v5KQ=w408-h306-k-no","false","true","/g/1tflyy__","es-419","0","-2.1361111","-79.9005556",,"Alborada Este","es","false","ChIJvUBMdmxtLZAR4UKXj_NY9UM","090508",,"Hace 2 años","2023-11-20T00:11:26.953Z",,,,,,,,,,,,,,,,,,,,,,"ChZDSUhNMG9nS0VJQ0FnSUNsN3NmR1JnEAE",,,,,,,,"Google",,,"177",,,"1212","2026-08-08T17:30:22.978Z","Direct Detail URL: https://www.google.com/maps/place/Parrillada+Punta+Del+Este/@-2.2158291,-79.9617486,11.42z/data=!4m10!1m2!2m1!1sParrilla+Punta+del+Este+!3m6!1s0x902d6d6c764c40bd:0x43f558f38f9742e1!8m2!3d-2.1361111!4d-79.9005556!15sChdQYXJyaWxsYSBQdW50YSBkZWwgRXN0ZVoZIhdwYXJyaWxsYSBwdW50YSBkZWwgZXN0ZZIBBmFzYWRvcpoBI0NoWkRTVWhOTUc5blMwVkpRMEZuU1VSYU1IWlFhMVZuRUFF4AEA-gEECAAQJQ!16s%2Fg%2F1tflyy__?entry=ttu&g_ep=EgoyMDI2MDgwNS4xIKXMDSoASAFQAw%3D%3D","4",,"V37X+HQ4, Av. 2 N-E - Ing. Rodolfo Baquerizo Nazur","false","Pero ya no es una parrillada ahora hay una mega tienda de ropa y artículos chinos",,"Parrillada Punta Del Este","4.3",,"https://www.google.com/maps/search/?api=1&query=Parrillada%20Punta%20Del%20Este&query_place_id=ChIJvUBMdmxtLZAR4UKXj_NY9UM",
"V37X+HQ4, Av. 2 N-E - Ing. Rodolfo Baquerizo Nazur, 090508 Guayaquil, Ecuador","Parrilla","Parrilla","4896917972944634593","Guayaquil","EC","0x902d6d6c764c40bd:0x43f558f38f9742e1",,"https://lh3.googleusercontent.com/gps-cs-s/AHRPTWkRTcvnpJDUhkVYCVgu4xIBH78r7D8wp1dQEbHQ0Gg3bt0SA10fk4KPI-CuXfPpw30foXs14EvOqAhfn60g_e6Wpq_vLlKvmAM4nPsnslA1g3NcJMa435bQ_XV53KLTDQzio2v5KQ=w408-h306-k-no","false","true","/g/1tflyy__","es-419","0","-2.1361111","-79.9005556",,"Alborada Este","es","false","ChIJvUBMdmxtLZAR4UKXj_NY9UM","090508",,"Hace 2 años","2023-11-13T03:02:37.708Z",,,,,,,,,,,,,,,,,,,"5","5","5","ChdDSUhNMG9nS0VJQ0FnSUNsMExmaHNRRRAB",,,,,,,,"Google",,,"27",,,"1212","2026-08-08T17:30:22.978Z","Direct Detail URL: https://www.google.com/maps/place/Parrillada+Punta+Del+Este/@-2.2158291,-79.9617486,11.42z/data=!4m10!1m2!2m1!1sParrilla+Punta+del+Este+!3m6!1s0x902d6d6c764c40bd:0x43f558f38f9742e1!8m2!3d-2.1361111!4d-79.9005556!15sChdQYXJyaWxsYSBQdW50YSBkZWwgRXN0ZVoZIhdwYXJyaWxsYSBwdW50YSBkZWwgZXN0ZZIBBmFzYWRvcpoBI0NoWkRTVWhOTUc5blMwVkpRMEZuU1VSYU1IWlFhMVZuRUFF4AEA-gEECAAQJQ!16s%2Fg%2F1tflyy__?entry=ttu&g_ep=EgoyMDI2MDgwNS4xIKXMDSoASAFQAw%3D%3D","5",,"V37X+HQ4, Av. 2 N-E - Ing. Rodolfo Baquerizo Nazur","false","Excelente!",,"Parrillada Punta Del Este","4.3",,"https://www.google.com/maps/search/?api=1&query=Parrillada%20Punta%20Del%20Este&query_place_id=ChIJvUBMdmxtLZAR4UKXj_NY9UM",
"V37X+HQ4, Av. 2 N-E - Ing. Rodolfo Baquerizo Nazur, 090508 Guayaquil, Ecuador","Parrilla","Parrilla","4896917972944634593","Guayaquil","EC","0x902d6d6c764c40bd:0x43f558f38f9742e1",,"https://lh3.googleusercontent.com/gps-cs-s/AHRPTWkRTcvnpJDUhkVYCVgu4xIBH78r7D8wp1dQEbHQ0Gg3bt0SA10fk4KPI-CuXfPpw30foXs14EvOqAhfn60g_e6Wpq_vLlKvmAM4nPsnslA1g3NcJMa435bQ_XV53KLTDQzio2v5KQ=w408-h306-k-no","false","false","/g/1tflyy__","es-419","0","-2.1361111","-79.9005556",,"Alborada Este","es","false","ChIJvUBMdmxtLZAR4UKXj_NY9UM","090508",,"Hace 2 años","2023-11-07T00:40:43.020Z",,,,,,,,,,"Partillada",,"$10-15",,,,,"Cena","Consumo en el lugar","5","5","5","ChdDSUhNMG9nS0VJQ0FnSURGNXZIWjhRRRAB",,,,,,,,"Google",,,"16",,,"1212","2026-08-08T17:30:22.978Z","Direct Detail URL: https://www.google.com/maps/place/Parrillada+Punta+Del+Este/@-2.2158291,-79.9617486,11.42z/data=!4m10!1m2!2m1!1sParrilla+Punta+del+Este+!3m6!1s0x902d6d6c764c40bd:0x43f558f38f9742e1!8m2!3d-2.1361111!4d-79.9005556!15sChdQYXJyaWxsYSBQdW50YSBkZWwgRXN0ZVoZIhdwYXJyaWxsYSBwdW50YSBkZWwgZXN0ZZIBBmFzYWRvcpoBI0NoWkRTVWhOTUc5blMwVkpRMEZuU1VSYU1IWlFhMVZuRUFF4AEA-gEECAAQJQ!16s%2Fg%2F1tflyy__?entry=ttu&g_ep=EgoyMDI2MDgwNS4xIKXMDSoASAFQAw%3D%3D","5",,"V37X+HQ4, Av. 2 N-E - Ing. Rodolfo Baquerizo Nazur","false","Nos gusta asistir a disfrutar de la rica parrillada del restaurante.",,"Parrillada Punta Del Este","4.3",,"https://www.google.com/maps/search/?api=1&query=Parrillada%20Punta%20Del%20Este&query_place_id=ChIJvUBMdmxtLZAR4UKXj_NY9UM",
"V37X+HQ4, Av. 2 N-E - Ing. Rodolfo Baquerizo Nazur, 090508 Guayaquil, Ecuador","Parrilla","Parrilla","4896917972944634593","Guayaquil","EC","0x902d6d6c764c40bd:0x43f558f38f9742e1",,"https://lh3.googleusercontent.com/gps-cs-s/AHRPTWkRTcvnpJDUhkVYCVgu4xIBH78r7D8wp1dQEbHQ0Gg3bt0SA10fk4KPI-CuXfPpw30foXs14EvOqAhfn60g_e6Wpq_vLlKvmAM4nPsnslA1g3NcJMa435bQ_XV53KLTDQzio2v5KQ=w408-h306-k-no","false","true","/g/1tflyy__","es-419","0","-2.1361111","-79.9005556",,"Alborada Este",,"false","ChIJvUBMdmxtLZAR4UKXj_NY9UM","090508",,"Hace 2 años","2023-10-28T00:23:01.656Z",,,,,"Hay suficiente espacio",,,,"Estacionamiento gratuito","Partillada",,"Más de $50",,,,,"Cena","Consumo en el lugar","5","5","5","ChdDSUhNMG9nS0VJQ0FnSUNGNXFybzN3RRAB","https://lh3.googleusercontent.com/grass-cs/ACvplmMc1tKC__gFx_BpRyG-vRDrf7asy7pEUtYwY7mbpt_vARxH0S1jsJGsh_cT5luajY821-HCH4cfJkqCQfXbepi3X-ElL-2tt8Q3OG0dqzlqyia6_9S34jamFi6vflUgw-6ZGCqa4A=k-no","https://lh3.googleusercontent.com/grass-cs/ACvplmNk97cI7SfR2SWZMx03D4ql73qYfrDykuntNl_zDjN69hOXkxWQao8FeUG39ZviSF_tn46WuW308ddClO5ecJBgaqMHOngH5H9p_B3OhRotUImwpLtJvIjdp-YeRgVlG4H3F2c=k-no",,,,,,"Google",,,"13",,,"1212","2026-08-08T17:30:22.978Z","Direct Detail URL: https://www.google.com/maps/place/Parrillada+Punta+Del+Este/@-2.2158291,-79.9617486,11.42z/data=!4m10!1m2!2m1!1sParrilla+Punta+del+Este+!3m6!1s0x902d6d6c764c40bd:0x43f558f38f9742e1!8m2!3d-2.1361111!4d-79.9005556!15sChdQYXJyaWxsYSBQdW50YSBkZWwgRXN0ZVoZIhdwYXJyaWxsYSBwdW50YSBkZWwgZXN0ZZIBBmFzYWRvcpoBI0NoWkRTVWhOTUc5blMwVkpRMEZuU1VSYU1IWlFhMVZuRUFF4AEA-gEECAAQJQ!16s%2Fg%2F1tflyy__?entry=ttu&g_ep=EgoyMDI2MDgwNS4xIKXMDSoASAFQAw%3D%3D","5",,"V37X+HQ4, Av. 2 N-E - Ing. Rodolfo Baquerizo Nazur","false",,,"Parrillada Punta Del Este","4.3",,"https://www.google.com/maps/search/?api=1&query=Parrillada%20Punta%20Del%20Este&query_place_id=ChIJvUBMdmxtLZAR4UKXj_NY9UM",
"V37X+HQ4, Av. 2 N-E - Ing. Rodolfo Baquerizo Nazur, 090508 Guayaquil, Ecuador","Parrilla","Parrilla","4896917972944634593","Guayaquil","EC","0x902d6d6c764c40bd:0x43f558f38f9742e1",,"https://lh3.googleusercontent.com/gps-cs-s/AHRPTWkRTcvnpJDUhkVYCVgu4xIBH78r7D8wp1dQEbHQ0Gg3bt0SA10fk4KPI-CuXfPpw30foXs14EvOqAhfn60g_e6Wpq_vLlKvmAM4nPsnslA1g3NcJMa435bQ_XV53KLTDQzio2v5KQ=w408-h306-k-no","false","true","/g/1tflyy__","es-419","0","-2.1361111","-79.9005556",,"Alborada Este","es","false","ChIJvUBMdmxtLZAR4UKXj_NY9UM","090508",,"Hace 2 años","2023-10-27T11:50:45.844Z",,,,,,,,,,,,,,,,,,,,,,"ChZDSUhNMG9nS0VJQ0FnSUQ1My1lZEd3EAE",,,,,,,,"Google",,,"35",,,"1212","2026-08-08T17:30:22.978Z","Direct Detail URL: https://www.google.com/maps/place/Parrillada+Punta+Del+Este/@-2.2158291,-79.9617486,11.42z/data=!4m10!1m2!2m1!1sParrilla+Punta+del+Este+!3m6!1s0x902d6d6c764c40bd:0x43f558f38f9742e1!8m2!3d-2.1361111!4d-79.9005556!15sChdQYXJyaWxsYSBQdW50YSBkZWwgRXN0ZVoZIhdwYXJyaWxsYSBwdW50YSBkZWwgZXN0ZZIBBmFzYWRvcpoBI0NoWkRTVWhOTUc5blMwVkpRMEZuU1VSYU1IWlFhMVZuRUFF4AEA-gEECAAQJQ!16s%2Fg%2F1tflyy__?entry=ttu&g_ep=EgoyMDI2MDgwNS4xIKXMDSoASAFQAw%3D%3D","5",,"V37X+HQ4, Av. 2 N-E - Ing. Rodolfo Baquerizo Nazur","false","Exelente lugar para comer",,"Parrillada Punta Del Este","4.3",,"https://www.google.com/maps/search/?api=1&query=Parrillada%20Punta%20Del%20Este&query_place_id=ChIJvUBMdmxtLZAR4UKXj_NY9UM",
"V37X+HQ4, Av. 2 N-E - Ing. Rodolfo Baquerizo Nazur, 090508 Guayaquil, Ecuador","Parrilla","Parrilla","4896917972944634593","Guayaquil","EC","0x902d6d6c764c40bd:0x43f558f38f9742e1",,"https://lh3.googleusercontent.com/gps-cs-s/AHRPTWkRTcvnpJDUhkVYCVgu4xIBH78r7D8wp1dQEbHQ0Gg3bt0SA10fk4KPI-CuXfPpw30foXs14EvOqAhfn60g_e6Wpq_vLlKvmAM4nPsnslA1g3NcJMa435bQ_XV53KLTDQzio2v5KQ=w408-h306-k-no","false","true","/g/1tflyy__","es-419","0","-2.1361111","-79.9005556",,"Alborada Este","es","false","ChIJvUBMdmxtLZAR4UKXj_NY9UM","090508",,"Hace 2 años","2023-10-01T23:38:31.377Z",,,,,,,,,,"Moro de Pollo, Milanesas A la Politana Exquisitas, Menestra Con Moro, Moro Con Menestra Para la Parrillada",,"$5-10",,,,,"Almuerzo","Consumo en el lugar","5","5","5","ChZDSUhNMG9nS0VJQ0FnSURadnZtb1d3EAE",,,,,,,,"Google",,,"124",,,"1212","2026-08-08T17:30:22.978Z","Direct Detail URL: https://www.google.com/maps/place/Parrillada+Punta+Del+Este/@-2.2158291,-79.9617486,11.42z/data=!4m10!1m2!2m1!1sParrilla+Punta+del+Este+!3m6!1s0x902d6d6c764c40bd:0x43f558f38f9742e1!8m2!3d-2.1361111!4d-79.9005556!15sChdQYXJyaWxsYSBQdW50YSBkZWwgRXN0ZVoZIhdwYXJyaWxsYSBwdW50YSBkZWwgZXN0ZZIBBmFzYWRvcpoBI0NoWkRTVWhOTUc5blMwVkpRMEZuU1VSYU1IWlFhMVZuRUFF4AEA-gEECAAQJQ!16s%2Fg%2F1tflyy__?entry=ttu&g_ep=EgoyMDI2MDgwNS4xIKXMDSoASAFQAw%3D%3D","5",,"V37X+HQ4, Av. 2 N-E - Ing. Rodolfo Baquerizo Nazur","false","Uno de mis lugares favoritos para almorzar en familia. La comida es deliciosa, el precio bastante bueno, y el ambiente es totalmente mejor ahora que están ubicados en el piso de arriba. Una área totalmente renovada, con aire acondicionado, y atención de primera.",,"Parrillada Punta Del Este","4.3",,"https://www.google.com/maps/search/?api=1&query=Parrillada%20Punta%20Del%20Este&query_place_id=ChIJvUBMdmxtLZAR4UKXj_NY9UM",
"V37X+HQ4, Av. 2 N-E - Ing. Rodolfo Baquerizo Nazur, 090508 Guayaquil, Ecuador","Parrilla","Parrilla","4896917972944634593","Guayaquil","EC","0x902d6d6c764c40bd:0x43f558f38f9742e1",,"https://lh3.googleusercontent.com/gps-cs-s/AHRPTWkRTcvnpJDUhkVYCVgu4xIBH78r7D8wp1dQEbHQ0Gg3bt0SA10fk4KPI-CuXfPpw30foXs14EvOqAhfn60g_e6Wpq_vLlKvmAM4nPsnslA1g3NcJMa435bQ_XV53KLTDQzio2v5KQ=w408-h306-k-no","false","true","/g/1tflyy__","es-419","0","-2.1361111","-79.9005556",,"Alborada Este","es","false","ChIJvUBMdmxtLZAR4UKXj_NY9UM","090508",,"Hace 2 años","2023-10-01T03:32:55.260Z",,,,,,,,,,,,,,,,,,,,,,"ChZDSUhNMG9nS0VJQ0FnSURaenBxVFF3EAE",,,,,,,,"Google",,,"26",,,"1212","2026-08-08T17:30:22.978Z","Direct Detail URL: https://www.google.com/maps/place/Parrillada+Punta+Del+Este/@-2.2158291,-79.9617486,11.42z/data=!4m10!1m2!2m1!1sParrilla+Punta+del+Este+!3m6!1s0x902d6d6c764c40bd:0x43f558f38f9742e1!8m2!3d-2.1361111!4d-79.9005556!15sChdQYXJyaWxsYSBQdW50YSBkZWwgRXN0ZVoZIhdwYXJyaWxsYSBwdW50YSBkZWwgZXN0ZZIBBmFzYWRvcpoBI0NoWkRTVWhOTUc5blMwVkpRMEZuU1VSYU1IWlFhMVZuRUFF4AEA-gEECAAQJQ!16s%2Fg%2F1tflyy__?entry=ttu&g_ep=EgoyMDI2MDgwNS4xIKXMDSoASAFQAw%3D%3D","5",,"V37X+HQ4, Av. 2 N-E - Ing. Rodolfo Baquerizo Nazur","false","Muy bueno...",,"Parrillada Punta Del Este","4.3",,"https://www.google.com/maps/search/?api=1&query=Parrillada%20Punta%20Del%20Este&query_place_id=ChIJvUBMdmxtLZAR4UKXj_NY9UM",
"V37X+HQ4, Av. 2 N-E - Ing. Rodolfo Baquerizo Nazur, 090508 Guayaquil, Ecuador","Parrilla","Parrilla","4896917972944634593","Guayaquil","EC","0x902d6d6c764c40bd:0x43f558f38f9742e1",,"https://lh3.googleusercontent.com/gps-cs-s/AHRPTWkRTcvnpJDUhkVYCVgu4xIBH78r7D8wp1dQEbHQ0Gg3bt0SA10fk4KPI-CuXfPpw30foXs14EvOqAhfn60g_e6Wpq_vLlKvmAM4nPsnslA1g3NcJMa435bQ_XV53KLTDQzio2v5KQ=w408-h306-k-no","false","true","/g/1tflyy__","es-419","2","-2.1361111","-79.9005556",,"Alborada Este","es","false","ChIJvUBMdmxtLZAR4UKXj_NY9UM","090508",,"Hace 2 años","2023-09-27T21:24:12.997Z",,,,,,,,,,,,,,,,,,"Consumo en el lugar","5","5","5","ChZDSUhNMG9nS0VJQ0FnSURaMHZQa1VnEAE","https://lh3.googleusercontent.com/grass-cs/ACvplmNzw8QwpolgYR728tA90j4cCkNnVEuTbMsaYRfEBEo0TbM3t9MP1HzOTDw4j1YjDzkQaHZDm31eOtdLXL7mnLZQvHCV5YfVMNRoraU4vReLrfjGOmib-2VCc3WQl4brHyEka4u9PQ=k-no",,,,,,,"Google",,,"89",,,"1212","2026-08-08T17:30:22.978Z","Direct Detail URL: https://www.google.com/maps/place/Parrillada+Punta+Del+Este/@-2.2158291,-79.9617486,11.42z/data=!4m10!1m2!2m1!1sParrilla+Punta+del+Este+!3m6!1s0x902d6d6c764c40bd:0x43f558f38f9742e1!8m2!3d-2.1361111!4d-79.9005556!15sChdQYXJyaWxsYSBQdW50YSBkZWwgRXN0ZVoZIhdwYXJyaWxsYSBwdW50YSBkZWwgZXN0ZZIBBmFzYWRvcpoBI0NoWkRTVWhOTUc5blMwVkpRMEZuU1VSYU1IWlFhMVZuRUFF4AEA-gEECAAQJQ!16s%2Fg%2F1tflyy__?entry=ttu&g_ep=EgoyMDI2MDgwNS4xIKXMDSoASAFQAw%3D%3D","5",,"V37X+HQ4, Av. 2 N-E - Ing. Rodolfo Baquerizo Nazur","false","Lo mejor en carne asada muy delicioso",,"Parrillada Punta Del Este","4.3",,"https://www.google.com/maps/search/?api=1&query=Parrillada%20Punta%20Del%20Este&query_place_id=ChIJvUBMdmxtLZAR4UKXj_NY9UM",
"V37X+HQ4, Av. 2 N-E - Ing. Rodolfo Baquerizo Nazur, 090508 Guayaquil, Ecuador","Parrilla","Parrilla","4896917972944634593","Guayaquil","EC","0x902d6d6c764c40bd:0x43f558f38f9742e1",,"https://lh3.googleusercontent.com/gps-cs-s/AHRPTWkRTcvnpJDUhkVYCVgu4xIBH78r7D8wp1dQEbHQ0Gg3bt0SA10fk4KPI-CuXfPpw30foXs14EvOqAhfn60g_e6Wpq_vLlKvmAM4nPsnslA1g3NcJMa435bQ_XV53KLTDQzio2v5KQ=w408-h306-k-no","false","false","/g/1tflyy__","es-419","0","-2.1361111","-79.9005556",,"Alborada Este",,"false","ChIJvUBMdmxtLZAR4UKXj_NY9UM","090508",,"Hace 2 años","2023-09-20T23:20:38.579Z",,,,,,,,,,,,,,,,,,,,,,"ChZDSUhNMG9nS0VJQ0FnSUNaNzVUWkZREAE",,,,,,,,"Google",,,"0",,,"1212","2026-08-08T17:30:22.978Z","Direct Detail URL: https://www.google.com/maps/place/Parrillada+Punta+Del+Este/@-2.2158291,-79.9617486,11.42z/data=!4m10!1m2!2m1!1sParrilla+Punta+del+Este+!3m6!1s0x902d6d6c764c40bd:0x43f558f38f9742e1!8m2!3d-2.1361111!4d-79.9005556!15sChdQYXJyaWxsYSBQdW50YSBkZWwgRXN0ZVoZIhdwYXJyaWxsYSBwdW50YSBkZWwgZXN0ZZIBBmFzYWRvcpoBI0NoWkRTVWhOTUc5blMwVkpRMEZuU1VSYU1IWlFhMVZuRUFF4AEA-gEECAAQJQ!16s%2Fg%2F1tflyy__?entry=ttu&g_ep=EgoyMDI2MDgwNS4xIKXMDSoASAFQAw%3D%3D","5",,"V37X+HQ4, Av. 2 N-E - Ing. Rodolfo Baquerizo Nazur","false",,,"Parrillada Punta Del Este","4.3",,"https://www.google.com/maps/search/?api=1&query=Parrillada%20Punta%20Del%20Este&query_place_id=ChIJvUBMdmxtLZAR4UKXj_NY9UM",
"V37X+HQ4, Av. 2 N-E - Ing. Rodolfo Baquerizo Nazur, 090508 Guayaquil, Ecuador","Parrilla","Parrilla","4896917972944634593","Guayaquil","EC","0x902d6d6c764c40bd:0x43f558f38f9742e1",,"https://lh3.googleusercontent.com/gps-cs-s/AHRPTWkRTcvnpJDUhkVYCVgu4xIBH78r7D8wp1dQEbHQ0Gg3bt0SA10fk4KPI-CuXfPpw30foXs14EvOqAhfn60g_e6Wpq_vLlKvmAM4nPsnslA1g3NcJMa435bQ_XV53KLTDQzio2v5KQ=w408-h306-k-no","false","true","/g/1tflyy__","es-419","0","-2.1361111","-79.9005556",,"Alborada Este","es","false","ChIJvUBMdmxtLZAR4UKXj_NY9UM","090508",,"Hace 2 años","2023-09-13T20:51:56.461Z",,,,,,,,,,,,,,,,,,,"4","4","3","ChZDSUhNMG9nS0VJQ0FnSUNadVpuR1lBEAE",,,,,,,,"Google",,,"373",,,"1212","2026-08-08T17:30:22.978Z","Direct Detail URL: https://www.google.com/maps/place/Parrillada+Punta+Del+Este/@-2.2158291,-79.9617486,11.42z/data=!4m10!1m2!2m1!1sParrilla+Punta+del+Este+!3m6!1s0x902d6d6c764c40bd:0x43f558f38f9742e1!8m2!3d-2.1361111!4d-79.9005556!15sChdQYXJyaWxsYSBQdW50YSBkZWwgRXN0ZVoZIhdwYXJyaWxsYSBwdW50YSBkZWwgZXN0ZZIBBmFzYWRvcpoBI0NoWkRTVWhOTUc5blMwVkpRMEZuU1VSYU1IWlFhMVZuRUFF4AEA-gEECAAQJQ!16s%2Fg%2F1tflyy__?entry=ttu&g_ep=EgoyMDI2MDgwNS4xIKXMDSoASAFQAw%3D%3D","4",,"V37X+HQ4, Av. 2 N-E - Ing. Rodolfo Baquerizo Nazur","false","Buen lugar para almorzar.... mejorar su atención",,"Parrillada Punta Del Este","4.3",,"https://www.google.com/maps/search/?api=1&query=Parrillada%20Punta%20Del%20Este&query_place_id=ChIJvUBMdmxtLZAR4UKXj_NY9UM",
"V37X+HQ4, Av. 2 N-E - Ing. Rodolfo Baquerizo Nazur, 090508 Guayaquil, Ecuador","Parrilla","Parrilla","4896917972944634593","Guayaquil","EC","0x902d6d6c764c40bd:0x43f558f38f9742e1",,"https://lh3.googleusercontent.com/gps-cs-s/AHRPTWkRTcvnpJDUhkVYCVgu4xIBH78r7D8wp1dQEbHQ0Gg3bt0SA10fk4KPI-CuXfPpw30foXs14EvOqAhfn60g_e6Wpq_vLlKvmAM4nPsnslA1g3NcJMa435bQ_XV53KLTDQzio2v5KQ=w408-h306-k-no","false","false","/g/1tflyy__","es-419","0","-2.1361111","-79.9005556",,"Alborada Este","es","false","ChIJvUBMdmxtLZAR4UKXj_NY9UM","090508",,"Hace 2 años","2023-09-07T20:37:05.069Z",,,,,,,,,,"Milanesas A la Politana Exquisitas",,"$45-50",,,,,"Cena","Consumo en el lugar","5","5","5","ChdDSUhNMG9nS0VJQ0FnSUNaOHRiX3RnRRAB",,,,,,,,"Google",,,"16",,,"1212","2026-08-08T17:30:22.978Z","Direct Detail URL: https://www.google.com/maps/place/Parrillada+Punta+Del+Este/@-2.2158291,-79.9617486,11.42z/data=!4m10!1m2!2m1!1sParrilla+Punta+del+Este+!3m6!1s0x902d6d6c764c40bd:0x43f558f38f9742e1!8m2!3d-2.1361111!4d-79.9005556!15sChdQYXJyaWxsYSBQdW50YSBkZWwgRXN0ZVoZIhdwYXJyaWxsYSBwdW50YSBkZWwgZXN0ZZIBBmFzYWRvcpoBI0NoWkRTVWhOTUc5blMwVkpRMEZuU1VSYU1IWlFhMVZuRUFF4AEA-gEECAAQJQ!16s%2Fg%2F1tflyy__?entry=ttu&g_ep=EgoyMDI2MDgwNS4xIKXMDSoASAFQAw%3D%3D","5",,"V37X+HQ4, Av. 2 N-E - Ing. Rodolfo Baquerizo Nazur","false","Quedó muy lindo el nuevo local con excelente comida y servicio.",,"Parrillada Punta Del Este","4.3",,"https://www.google.com/maps/search/?api=1&query=Parrillada%20Punta%20Del%20Este&query_place_id=ChIJvUBMdmxtLZAR4UKXj_NY9UM",
"V37X+HQ4, Av. 2 N-E - Ing. Rodolfo Baquerizo Nazur, 090508 Guayaquil, Ecuador","Parrilla","Parrilla","4896917972944634593","Guayaquil","EC","0x902d6d6c764c40bd:0x43f558f38f9742e1",,"https://lh3.googleusercontent.com/gps-cs-s/AHRPTWkRTcvnpJDUhkVYCVgu4xIBH78r7D8wp1dQEbHQ0Gg3bt0SA10fk4KPI-CuXfPpw30foXs14EvOqAhfn60g_e6Wpq_vLlKvmAM4nPsnslA1g3NcJMa435bQ_XV53KLTDQzio2v5KQ=w408-h306-k-no","false","true","/g/1tflyy__","es-419","0","-2.1361111","-79.9005556",,"Alborada Este",,"false","ChIJvUBMdmxtLZAR4UKXj_NY9UM","090508",,"Hace 2 años","2023-09-02T03:57:37.172Z",,,,,,,,,,,,,,,,,,,,,,"ChZDSUhNMG9nS0VJQ0FnSUNab0lmWmRnEAE",,,,,,,,"Google",,,"11",,,"1212","2026-08-08T17:30:22.978Z","Direct Detail URL: https://www.google.com/maps/place/Parrillada+Punta+Del+Este/@-2.2158291,-79.9617486,11.42z/data=!4m10!1m2!2m1!1sParrilla+Punta+del+Este+!3m6!1s0x902d6d6c764c40bd:0x43f558f38f9742e1!8m2!3d-2.1361111!4d-79.9005556!15sChdQYXJyaWxsYSBQdW50YSBkZWwgRXN0ZVoZIhdwYXJyaWxsYSBwdW50YSBkZWwgZXN0ZZIBBmFzYWRvcpoBI0NoWkRTVWhOTUc5blMwVkpRMEZuU1VSYU1IWlFhMVZuRUFF4AEA-gEECAAQJQ!16s%2Fg%2F1tflyy__?entry=ttu&g_ep=EgoyMDI2MDgwNS4xIKXMDSoASAFQAw%3D%3D","5",,"V37X+HQ4, Av. 2 N-E - Ing. Rodolfo Baquerizo Nazur","false",,,"Parrillada Punta Del Este","4.3",,"https://www.google.com/maps/search/?api=1&query=Parrillada%20Punta%20Del%20Este&query_place_id=ChIJvUBMdmxtLZAR4UKXj_NY9UM",
"V37X+HQ4, Av. 2 N-E - Ing. Rodolfo Baquerizo Nazur, 090508 Guayaquil, Ecuador","Parrilla","Parrilla","4896917972944634593","Guayaquil","EC","0x902d6d6c764c40bd:0x43f558f38f9742e1",,"https://lh3.googleusercontent.com/gps-cs-s/AHRPTWkRTcvnpJDUhkVYCVgu4xIBH78r7D8wp1dQEbHQ0Gg3bt0SA10fk4KPI-CuXfPpw30foXs14EvOqAhfn60g_e6Wpq_vLlKvmAM4nPsnslA1g3NcJMa435bQ_XV53KLTDQzio2v5KQ=w408-h306-k-no","false","false","/g/1tflyy__","es-419","0","-2.1361111","-79.9005556",,"Alborada Este",,"false","ChIJvUBMdmxtLZAR4UKXj_NY9UM","090508",,"Hace 2 años","2023-08-18T19:17:03.447Z",,,,,,,,,,,,,,,,,,,"3","3","3","ChdDSUhNMG9nS0VJQ0FnSURwb3JlU19BRRAB",,,,,,,,"Google",,,"1",,,"1212","2026-08-08T17:30:22.978Z","Direct Detail URL: https://www.google.com/maps/place/Parrillada+Punta+Del+Este/@-2.2158291,-79.9617486,11.42z/data=!4m10!1m2!2m1!1sParrilla+Punta+del+Este+!3m6!1s0x902d6d6c764c40bd:0x43f558f38f9742e1!8m2!3d-2.1361111!4d-79.9005556!15sChdQYXJyaWxsYSBQdW50YSBkZWwgRXN0ZVoZIhdwYXJyaWxsYSBwdW50YSBkZWwgZXN0ZZIBBmFzYWRvcpoBI0NoWkRTVWhOTUc5blMwVkpRMEZuU1VSYU1IWlFhMVZuRUFF4AEA-gEECAAQJQ!16s%2Fg%2F1tflyy__?entry=ttu&g_ep=EgoyMDI2MDgwNS4xIKXMDSoASAFQAw%3D%3D","4",,"V37X+HQ4, Av. 2 N-E - Ing. Rodolfo Baquerizo Nazur","false",,,"Parrillada Punta Del Este","4.3",,"https://www.google.com/maps/search/?api=1&query=Parrillada%20Punta%20Del%20Este&query_place_id=ChIJvUBMdmxtLZAR4UKXj_NY9UM",
"V37X+HQ4, Av. 2 N-E - Ing. Rodolfo Baquerizo Nazur, 090508 Guayaquil, Ecuador","Parrilla","Parrilla","4896917972944634593","Guayaquil","EC","0x902d6d6c764c40bd:0x43f558f38f9742e1",,"https://lh3.googleusercontent.com/gps-cs-s/AHRPTWkRTcvnpJDUhkVYCVgu4xIBH78r7D8wp1dQEbHQ0Gg3bt0SA10fk4KPI-CuXfPpw30foXs14EvOqAhfn60g_e6Wpq_vLlKvmAM4nPsnslA1g3NcJMa435bQ_XV53KLTDQzio2v5KQ=w408-h306-k-no","false","true","/g/1tflyy__","es-419","0","-2.1361111","-79.9005556",,"Alborada Este","es","false","ChIJvUBMdmxtLZAR4UKXj_NY9UM","090508",,"Hace 2 años","2023-08-12T04:19:30.721Z",,,,,,,,,,,,,,,,,,,"2","2","2","ChdDSUhNMG9nS0VJQ0FnSUNwbC0yUnNBRRAB",,,,,,,,"Google",,,"61",,,"1212","2026-08-08T17:30:22.978Z","Direct Detail URL: https://www.google.com/maps/place/Parrillada+Punta+Del+Este/@-2.2158291,-79.9617486,11.42z/data=!4m10!1m2!2m1!1sParrilla+Punta+del+Este+!3m6!1s0x902d6d6c764c40bd:0x43f558f38f9742e1!8m2!3d-2.1361111!4d-79.9005556!15sChdQYXJyaWxsYSBQdW50YSBkZWwgRXN0ZVoZIhdwYXJyaWxsYSBwdW50YSBkZWwgZXN0ZZIBBmFzYWRvcpoBI0NoWkRTVWhOTUc5blMwVkpRMEZuU1VSYU1IWlFhMVZuRUFF4AEA-gEECAAQJQ!16s%2Fg%2F1tflyy__?entry=ttu&g_ep=EgoyMDI2MDgwNS4xIKXMDSoASAFQAw%3D%3D","2",,"V37X+HQ4, Av. 2 N-E - Ing. Rodolfo Baquerizo Nazur","false","Atención pésima, nos dijeron q estaban arreglando x inauguración, sin embargo consideró q por respeto a sus clientes mejor no atiendan sino brindarán un buen servício. Esperamos mucho tiempo, pagamos una comida cara y sólo recibimos un disculpen q no los atendamos bien",,"Parrillada Punta Del Este","4.3",,"https://www.google.com/maps/search/?api=1&query=Parrillada%20Punta%20Del%20Este&query_place_id=ChIJvUBMdmxtLZAR4UKXj_NY9UM",
"V37X+HQ4, Av. 2 N-E - Ing. Rodolfo Baquerizo Nazur, 090508 Guayaquil, Ecuador","Parrilla","Parrilla","4896917972944634593","Guayaquil","EC","0x902d6d6c764c40bd:0x43f558f38f9742e1",,"https://lh3.googleusercontent.com/gps-cs-s/AHRPTWkRTcvnpJDUhkVYCVgu4xIBH78r7D8wp1dQEbHQ0Gg3bt0SA10fk4KPI-CuXfPpw30foXs14EvOqAhfn60g_e6Wpq_vLlKvmAM4nPsnslA1g3NcJMa435bQ_XV53KLTDQzio2v5KQ=w408-h306-k-no","false","false","/g/1tflyy__","es-419","0","-2.1361111","-79.9005556",,"Alborada Este",,"false","ChIJvUBMdmxtLZAR4UKXj_NY9UM","090508",,"Hace 3 años","2023-07-29T12:33:38.154Z",,,,,,,,,,,,,,,,,,,,,,"ChdDSUhNMG9nS0VJQ0FnSUNwMU83aWlRRRAB",,,,,,,,"Google",,,"4",,,"1212","2026-08-08T17:30:22.978Z","Direct Detail URL: https://www.google.com/maps/place/Parrillada+Punta+Del+Este/@-2.2158291,-79.9617486,11.42z/data=!4m10!1m2!2m1!1sParrilla+Punta+del+Este+!3m6!1s0x902d6d6c764c40bd:0x43f558f38f9742e1!8m2!3d-2.1361111!4d-79.9005556!15sChdQYXJyaWxsYSBQdW50YSBkZWwgRXN0ZVoZIhdwYXJyaWxsYSBwdW50YSBkZWwgZXN0ZZIBBmFzYWRvcpoBI0NoWkRTVWhOTUc5blMwVkpRMEZuU1VSYU1IWlFhMVZuRUFF4AEA-gEECAAQJQ!16s%2Fg%2F1tflyy__?entry=ttu&g_ep=EgoyMDI2MDgwNS4xIKXMDSoASAFQAw%3D%3D","5",,"V37X+HQ4, Av. 2 N-E - Ing. Rodolfo Baquerizo Nazur","false",,,"Parrillada Punta Del Este","4.3",,"https://www.google.com/maps/search/?api=1&query=Parrillada%20Punta%20Del%20Este&query_place_id=ChIJvUBMdmxtLZAR4UKXj_NY9UM",
"V37X+HQ4, Av. 2 N-E - Ing. Rodolfo Baquerizo Nazur, 090508 Guayaquil, Ecuador","Parrilla","Parrilla","4896917972944634593","Guayaquil","EC","0x902d6d6c764c40bd:0x43f558f38f9742e1",,"https://lh3.googleusercontent.com/gps-cs-s/AHRPTWkRTcvnpJDUhkVYCVgu4xIBH78r7D8wp1dQEbHQ0Gg3bt0SA10fk4KPI-CuXfPpw30foXs14EvOqAhfn60g_e6Wpq_vLlKvmAM4nPsnslA1g3NcJMa435bQ_XV53KLTDQzio2v5KQ=w408-h306-k-no","false","true","/g/1tflyy__","es-419","0","-2.1361111","-79.9005556",,"Alborada Este","es","false","ChIJvUBMdmxtLZAR4UKXj_NY9UM","090508",,"Hace 3 años","2023-07-29T00:29:33.586Z",,,,,"Hay suficiente espacio","12 lugares aproximadamente",,,"Estacionamiento gratuito","Partillada, Moro Con Menestra Para la Parrillada",,"$5-10",,,,,"Almuerzo","Consumo en el lugar","4","5","5","ChZDSUhNMG9nS0VJQ0FnSUNwcFA3bkFREAE",,,,,,,,"Google",,,"1",,,"1212","2026-08-08T17:30:22.978Z","Direct Detail URL: https://www.google.com/maps/place/Parrillada+Punta+Del+Este/@-2.2158291,-79.9617486,11.42z/data=!4m10!1m2!2m1!1sParrilla+Punta+del+Este+!3m6!1s0x902d6d6c764c40bd:0x43f558f38f9742e1!8m2!3d-2.1361111!4d-79.9005556!15sChdQYXJyaWxsYSBQdW50YSBkZWwgRXN0ZVoZIhdwYXJyaWxsYSBwdW50YSBkZWwgZXN0ZZIBBmFzYWRvcpoBI0NoWkRTVWhOTUc5blMwVkpRMEZuU1VSYU1IWlFhMVZuRUFF4AEA-gEECAAQJQ!16s%2Fg%2F1tflyy__?entry=ttu&g_ep=EgoyMDI2MDgwNS4xIKXMDSoASAFQAw%3D%3D","5",,"V37X+HQ4, Av. 2 N-E - Ing. Rodolfo Baquerizo Nazur","false","Delicioso",,"Parrillada Punta Del Este","4.3",,"https://www.google.com/maps/search/?api=1&query=Parrillada%20Punta%20Del%20Este&query_place_id=ChIJvUBMdmxtLZAR4UKXj_NY9UM",
"V37X+HQ4, Av. 2 N-E - Ing. Rodolfo Baquerizo Nazur, 090508 Guayaquil, Ecuador","Parrilla","Parrilla","4896917972944634593","Guayaquil","EC","0x902d6d6c764c40bd:0x43f558f38f9742e1",,"https://lh3.googleusercontent.com/gps-cs-s/AHRPTWkRTcvnpJDUhkVYCVgu4xIBH78r7D8wp1dQEbHQ0Gg3bt0SA10fk4KPI-CuXfPpw30foXs14EvOqAhfn60g_e6Wpq_vLlKvmAM4nPsnslA1g3NcJMa435bQ_XV53KLTDQzio2v5KQ=w408-h306-k-no","false","true","/g/1tflyy__","es-419","0","-2.1361111","-79.9005556",,"Alborada Este","es","false","ChIJvUBMdmxtLZAR4UKXj_NY9UM","090508",,"Hace 3 años","2023-07-25T11:37:39.244Z",,,,,"Hay suficiente espacio",,,,"Estacionamiento gratuito, Estacionamiento pagado, Estacionamiento gratuito en la calle, Estacionamiento pagado en la calle, Estacionamiento gratuito","Milanesas A la Politana Exquisitas",,"$10-15",,,,,"Cena","Consumo en el lugar","3","5","4","ChdDSUhNMG9nS0VJQ0FnSURKci1LVm93RRAB",,,,,,,,"Google",,,"50",,,"1212","2026-08-08T17:30:22.978Z","Direct Detail URL: https://www.google.com/maps/place/Parrillada+Punta+Del+Este/@-2.2158291,-79.9617486,11.42z/data=!4m10!1m2!2m1!1sParrilla+Punta+del+Este+!3m6!1s0x902d6d6c764c40bd:0x43f558f38f9742e1!8m2!3d-2.1361111!4d-79.9005556!15sChdQYXJyaWxsYSBQdW50YSBkZWwgRXN0ZVoZIhdwYXJyaWxsYSBwdW50YSBkZWwgZXN0ZZIBBmFzYWRvcpoBI0NoWkRTVWhOTUc5blMwVkpRMEZuU1VSYU1IWlFhMVZuRUFF4AEA-gEECAAQJQ!16s%2Fg%2F1tflyy__?entry=ttu&g_ep=EgoyMDI2MDgwNS4xIKXMDSoASAFQAw%3D%3D","4",,"V37X+HQ4, Av. 2 N-E - Ing. Rodolfo Baquerizo Nazur","false","Muy buena comida a un precio razonable. Nada fancy pero muy acogedor y cómodo, con parqueadero propio.",,"Parrillada Punta Del Este","4.3",,"https://www.google.com/maps/search/?api=1&query=Parrillada%20Punta%20Del%20Este&query_place_id=ChIJvUBMdmxtLZAR4UKXj_NY9UM",
"V37X+HQ4, Av. 2 N-E - Ing. Rodolfo Baquerizo Nazur, 090508 Guayaquil, Ecuador","Parrilla","Parrilla","4896917972944634593","Guayaquil","EC","0x902d6d6c764c40bd:0x43f558f38f9742e1",,"https://lh3.googleusercontent.com/gps-cs-s/AHRPTWkRTcvnpJDUhkVYCVgu4xIBH78r7D8wp1dQEbHQ0Gg3bt0SA10fk4KPI-CuXfPpw30foXs14EvOqAhfn60g_e6Wpq_vLlKvmAM4nPsnslA1g3NcJMa435bQ_XV53KLTDQzio2v5KQ=w408-h306-k-no","false","true","/g/1tflyy__","es-419","0","-2.1361111","-79.9005556",,"Alborada Este",,"false","ChIJvUBMdmxtLZAR4UKXj_NY9UM","090508",,"Hace 3 años","2023-07-15T20:41:42.286Z",,,,,,,,,,,,,,,,,,,"3","4","3","ChdDSUhNMG9nS0VJQ0FnSURKeHJDNmlnRRAB",,,,,,,,"Google",,,"5",,,"1212","2026-08-08T17:30:22.978Z","Direct Detail URL: https://www.google.com/maps/place/Parrillada+Punta+Del+Este/@-2.2158291,-79.9617486,11.42z/data=!4m10!1m2!2m1!1sParrilla+Punta+del+Este+!3m6!1s0x902d6d6c764c40bd:0x43f558f38f9742e1!8m2!3d-2.1361111!4d-79.9005556!15sChdQYXJyaWxsYSBQdW50YSBkZWwgRXN0ZVoZIhdwYXJyaWxsYSBwdW50YSBkZWwgZXN0ZZIBBmFzYWRvcpoBI0NoWkRTVWhOTUc5blMwVkpRMEZuU1VSYU1IWlFhMVZuRUFF4AEA-gEECAAQJQ!16s%2Fg%2F1tflyy__?entry=ttu&g_ep=EgoyMDI2MDgwNS4xIKXMDSoASAFQAw%3D%3D","4",,"V37X+HQ4, Av. 2 N-E - Ing. Rodolfo Baquerizo Nazur","false",,,"Parrillada Punta Del Este","4.3",,"https://www.google.com/maps/search/?api=1&query=Parrillada%20Punta%20Del%20Este&query_place_id=ChIJvUBMdmxtLZAR4UKXj_NY9UM",
"V37X+HQ4, Av. 2 N-E - Ing. Rodolfo Baquerizo Nazur, 090508 Guayaquil, Ecuador","Parrilla","Parrilla","4896917972944634593","Guayaquil","EC","0x902d6d6c764c40bd:0x43f558f38f9742e1",,"https://lh3.googleusercontent.com/gps-cs-s/AHRPTWkRTcvnpJDUhkVYCVgu4xIBH78r7D8wp1dQEbHQ0Gg3bt0SA10fk4KPI-CuXfPpw30foXs14EvOqAhfn60g_e6Wpq_vLlKvmAM4nPsnslA1g3NcJMa435bQ_XV53KLTDQzio2v5KQ=w408-h306-k-no","false","true","/g/1tflyy__","es-419","0","-2.1361111","-79.9005556",,"Alborada Este",,"false","ChIJvUBMdmxtLZAR4UKXj_NY9UM","090508",,"Hace 3 años","2023-07-12T01:46:51.773Z",,,,,,,,,,,,,,,,,,,"4","4","4","ChdDSUhNMG9nS0VJQ0FnSURKakxLNzl3RRAB",,,,,,,,"Google",,,"21",,,"1212","2026-08-08T17:30:22.978Z","Direct Detail URL: https://www.google.com/maps/place/Parrillada+Punta+Del+Este/@-2.2158291,-79.9617486,11.42z/data=!4m10!1m2!2m1!1sParrilla+Punta+del+Este+!3m6!1s0x902d6d6c764c40bd:0x43f558f38f9742e1!8m2!3d-2.1361111!4d-79.9005556!15sChdQYXJyaWxsYSBQdW50YSBkZWwgRXN0ZVoZIhdwYXJyaWxsYSBwdW50YSBkZWwgZXN0ZZIBBmFzYWRvcpoBI0NoWkRTVWhOTUc5blMwVkpRMEZuU1VSYU1IWlFhMVZuRUFF4AEA-gEECAAQJQ!16s%2Fg%2F1tflyy__?entry=ttu&g_ep=EgoyMDI2MDgwNS4xIKXMDSoASAFQAw%3D%3D","4",,"V37X+HQ4, Av. 2 N-E - Ing. Rodolfo Baquerizo Nazur","false",,,"Parrillada Punta Del Este","4.3",,"https://www.google.com/maps/search/?api=1&query=Parrillada%20Punta%20Del%20Este&query_place_id=ChIJvUBMdmxtLZAR4UKXj_NY9UM",
"V37X+HQ4, Av. 2 N-E - Ing. Rodolfo Baquerizo Nazur, 090508 Guayaquil, Ecuador","Parrilla","Parrilla","4896917972944634593","Guayaquil","EC","0x902d6d6c764c40bd:0x43f558f38f9742e1",,"https://lh3.googleusercontent.com/gps-cs-s/AHRPTWkRTcvnpJDUhkVYCVgu4xIBH78r7D8wp1dQEbHQ0Gg3bt0SA10fk4KPI-CuXfPpw30foXs14EvOqAhfn60g_e6Wpq_vLlKvmAM4nPsnslA1g3NcJMa435bQ_XV53KLTDQzio2v5KQ=w408-h306-k-no","false","true","/g/1tflyy__","es-419","0","-2.1361111","-79.9005556",,"Alborada Este",,"false","ChIJvUBMdmxtLZAR4UKXj_NY9UM","090508",,"Hace 3 años","2023-07-04T03:19:46.604Z",,,,,,,,,,,,,,,,,,,"4","5","4","ChZDSUhNMG9nS0VJQ0FnSUNKbzgtYWR3EAE",,,,,,,,"Google",,,"9",,,"1212","2026-08-08T17:30:22.978Z","Direct Detail URL: https://www.google.com/maps/place/Parrillada+Punta+Del+Este/@-2.2158291,-79.9617486,11.42z/data=!4m10!1m2!2m1!1sParrilla+Punta+del+Este+!3m6!1s0x902d6d6c764c40bd:0x43f558f38f9742e1!8m2!3d-2.1361111!4d-79.9005556!15sChdQYXJyaWxsYSBQdW50YSBkZWwgRXN0ZVoZIhdwYXJyaWxsYSBwdW50YSBkZWwgZXN0ZZIBBmFzYWRvcpoBI0NoWkRTVWhOTUc5blMwVkpRMEZuU1VSYU1IWlFhMVZuRUFF4AEA-gEECAAQJQ!16s%2Fg%2F1tflyy__?entry=ttu&g_ep=EgoyMDI2MDgwNS4xIKXMDSoASAFQAw%3D%3D","5",,"V37X+HQ4, Av. 2 N-E - Ing. Rodolfo Baquerizo Nazur","false",,,"Parrillada Punta Del Este","4.3",,"https://www.google.com/maps/search/?api=1&query=Parrillada%20Punta%20Del%20Este&query_place_id=ChIJvUBMdmxtLZAR4UKXj_NY9UM",
"V37X+HQ4, Av. 2 N-E - Ing. Rodolfo Baquerizo Nazur, 090508 Guayaquil, Ecuador","Parrilla","Parrilla","4896917972944634593","Guayaquil","EC","0x902d6d6c764c40bd:0x43f558f38f9742e1",,"https://lh3.googleusercontent.com/gps-cs-s/AHRPTWkRTcvnpJDUhkVYCVgu4xIBH78r7D8wp1dQEbHQ0Gg3bt0SA10fk4KPI-CuXfPpw30foXs14EvOqAhfn60g_e6Wpq_vLlKvmAM4nPsnslA1g3NcJMa435bQ_XV53KLTDQzio2v5KQ=w408-h306-k-no","false","false","/g/1tflyy__","es-419","0","-2.1361111","-79.9005556",,"Alborada Este",,"false","ChIJvUBMdmxtLZAR4UKXj_NY9UM","090508",,"Hace 3 años","2023-07-01T16:25:11.645Z",,,,,,,,,,"Partillada",,"Más de $50",,,,,"Otro","Consumo en el lugar","1","1","2","ChdDSUhNMG9nS0VJQ0FnSUNKbGRUS3JnRRAB",,,,,,,,"Google",,,"0",,,"1212","2026-08-08T17:30:22.978Z","Direct Detail URL: https://www.google.com/maps/place/Parrillada+Punta+Del+Este/@-2.2158291,-79.9617486,11.42z/data=!4m10!1m2!2m1!1sParrilla+Punta+del+Este+!3m6!1s0x902d6d6c764c40bd:0x43f558f38f9742e1!8m2!3d-2.1361111!4d-79.9005556!15sChdQYXJyaWxsYSBQdW50YSBkZWwgRXN0ZVoZIhdwYXJyaWxsYSBwdW50YSBkZWwgZXN0ZZIBBmFzYWRvcpoBI0NoWkRTVWhOTUc5blMwVkpRMEZuU1VSYU1IWlFhMVZuRUFF4AEA-gEECAAQJQ!16s%2Fg%2F1tflyy__?entry=ttu&g_ep=EgoyMDI2MDgwNS4xIKXMDSoASAFQAw%3D%3D","1",,"V37X+HQ4, Av. 2 N-E - Ing. Rodolfo Baquerizo Nazur","false",,,"Parrillada Punta Del Este","4.3",,"https://www.google.com/maps/search/?api=1&query=Parrillada%20Punta%20Del%20Este&query_place_id=ChIJvUBMdmxtLZAR4UKXj_NY9UM",
"V37X+HQ4, Av. 2 N-E - Ing. Rodolfo Baquerizo Nazur, 090508 Guayaquil, Ecuador","Parrilla","Parrilla","4896917972944634593","Guayaquil","EC","0x902d6d6c764c40bd:0x43f558f38f9742e1",,"https://lh3.googleusercontent.com/gps-cs-s/AHRPTWkRTcvnpJDUhkVYCVgu4xIBH78r7D8wp1dQEbHQ0Gg3bt0SA10fk4KPI-CuXfPpw30foXs14EvOqAhfn60g_e6Wpq_vLlKvmAM4nPsnslA1g3NcJMa435bQ_XV53KLTDQzio2v5KQ=w408-h306-k-no","false","false","/g/1tflyy__","es-419","0","-2.1361111","-79.9005556",,"Alborada Este","es","false","ChIJvUBMdmxtLZAR4UKXj_NY9UM","090508",,"Hace 3 años","2023-06-29T23:46:56.851Z",,,,,"Hay suficiente espacio",,,,"Estacionamiento gratuito","Milanesas A la Politana Exquisitas, Menestra Con Moro",,"$10-15",,,,,"Cena","Consumo en el lugar","4","5","5","ChdDSUhNMG9nS0VJQ0FnSUNKeVliUXJnRRAB",,,,,,,,"Google",,,"2",,,"1212","2026-08-08T17:30:22.978Z","Direct Detail URL: https://www.google.com/maps/place/Parrillada+Punta+Del+Este/@-2.2158291,-79.9617486,11.42z/data=!4m10!1m2!2m1!1sParrilla+Punta+del+Este+!3m6!1s0x902d6d6c764c40bd:0x43f558f38f9742e1!8m2!3d-2.1361111!4d-79.9005556!15sChdQYXJyaWxsYSBQdW50YSBkZWwgRXN0ZVoZIhdwYXJyaWxsYSBwdW50YSBkZWwgZXN0ZZIBBmFzYWRvcpoBI0NoWkRTVWhOTUc5blMwVkpRMEZuU1VSYU1IWlFhMVZuRUFF4AEA-gEECAAQJQ!16s%2Fg%2F1tflyy__?entry=ttu&g_ep=EgoyMDI2MDgwNS4xIKXMDSoASAFQAw%3D%3D","5",,"V37X+HQ4, Av. 2 N-E - Ing. Rodolfo Baquerizo Nazur","false","Les recomiendo la costilla muy buena grandes y jugosas acompañadas con papas",,"Parrillada Punta Del Este","4.3",,"https://www.google.com/maps/search/?api=1&query=Parrillada%20Punta%20Del%20Este&query_place_id=ChIJvUBMdmxtLZAR4UKXj_NY9UM",
"V37X+HQ4, Av. 2 N-E - Ing. Rodolfo Baquerizo Nazur, 090508 Guayaquil, Ecuador","Parrilla","Parrilla","4896917972944634593","Guayaquil","EC","0x902d6d6c764c40bd:0x43f558f38f9742e1",,"https://lh3.googleusercontent.com/gps-cs-s/AHRPTWkRTcvnpJDUhkVYCVgu4xIBH78r7D8wp1dQEbHQ0Gg3bt0SA10fk4KPI-CuXfPpw30foXs14EvOqAhfn60g_e6Wpq_vLlKvmAM4nPsnslA1g3NcJMa435bQ_XV53KLTDQzio2v5KQ=w408-h306-k-no","false","true","/g/1tflyy__","es-419","0","-2.1361111","-79.9005556",,"Alborada Este","es","false","ChIJvUBMdmxtLZAR4UKXj_NY9UM","090508",,"Hace 3 años","2023-06-29T22:57:39.042Z",,,,,,,,,,"Partillada, Moro de Pollo, Milanesas A la Politana Exquisitas, Menestra Con Moro",,"Más de $50",,,,,"Cena","Consumo en el lugar","5","5","5","ChdDSUhNMG9nS0VJQ0FnSUNKeWR5MnZRRRAB",,,,,,,,"Google",,,"90",,,"1212","2026-08-08T17:30:22.978Z","Direct Detail URL: https://www.google.com/maps/place/Parrillada+Punta+Del+Este/@-2.2158291,-79.9617486,11.42z/data=!4m10!1m2!2m1!1sParrilla+Punta+del+Este+!3m6!1s0x902d6d6c764c40bd:0x43f558f38f9742e1!8m2!3d-2.1361111!4d-79.9005556!15sChdQYXJyaWxsYSBQdW50YSBkZWwgRXN0ZVoZIhdwYXJyaWxsYSBwdW50YSBkZWwgZXN0ZZIBBmFzYWRvcpoBI0NoWkRTVWhOTUc5blMwVkpRMEZuU1VSYU1IWlFhMVZuRUFF4AEA-gEECAAQJQ!16s%2Fg%2F1tflyy__?entry=ttu&g_ep=EgoyMDI2MDgwNS4xIKXMDSoASAFQAw%3D%3D","5",,"V37X+HQ4, Av. 2 N-E - Ing. Rodolfo Baquerizo Nazur","false","EXCELENTE Y LA COMISA  RIQQUISMA QUE RIKITO NI NADA PUNTA DEL ESTE ALBOEADA LO MEJOR EN CORTES Y ASADOS PARRILLADAS Y NO SOY FAMILIA SOY SIMPLEMTE UN CLIENTE SATISFECHO CON EL LUGAR SERVICIO Y COMIDA GRACIAS DON RIBER EL MEJOR MESERO DE LA PARRILLADA UN SR QUE TE ATIENDE MUY BIEN Y TE DA BUEN SERVICIO COMO TODO EL PERSONAL",,"Parrillada Punta Del Este","4.3",,"https://www.google.com/maps/search/?api=1&query=Parrillada%20Punta%20Del%20Este&query_place_id=ChIJvUBMdmxtLZAR4UKXj_NY9UM",
"V37X+HQ4, Av. 2 N-E - Ing. Rodolfo Baquerizo Nazur, 090508 Guayaquil, Ecuador","Parrilla","Parrilla","4896917972944634593","Guayaquil","EC","0x902d6d6c764c40bd:0x43f558f38f9742e1",,"https://lh3.googleusercontent.com/gps-cs-s/AHRPTWkRTcvnpJDUhkVYCVgu4xIBH78r7D8wp1dQEbHQ0Gg3bt0SA10fk4KPI-CuXfPpw30foXs14EvOqAhfn60g_e6Wpq_vLlKvmAM4nPsnslA1g3NcJMa435bQ_XV53KLTDQzio2v5KQ=w408-h306-k-no","false","true","/g/1tflyy__","es-419","0","-2.1361111","-79.9005556",,"Alborada Este","es","false","ChIJvUBMdmxtLZAR4UKXj_NY9UM","090508",,"Hace 3 años","2023-06-18T22:13:42.257Z",,,,,,,,,,,,,,,,,,,,,,"ChZDSUhNMG9nS0VJQ0FnSUNKNE9YLVB3EAE",,,,,,,,"Google",,,"101",,,"1212","2026-08-08T17:30:22.978Z","Direct Detail URL: https://www.google.com/maps/place/Parrillada+Punta+Del+Este/@-2.2158291,-79.9617486,11.42z/data=!4m10!1m2!2m1!1sParrilla+Punta+del+Este+!3m6!1s0x902d6d6c764c40bd:0x43f558f38f9742e1!8m2!3d-2.1361111!4d-79.9005556!15sChdQYXJyaWxsYSBQdW50YSBkZWwgRXN0ZVoZIhdwYXJyaWxsYSBwdW50YSBkZWwgZXN0ZZIBBmFzYWRvcpoBI0NoWkRTVWhOTUc5blMwVkpRMEZuU1VSYU1IWlFhMVZuRUFF4AEA-gEECAAQJQ!16s%2Fg%2F1tflyy__?entry=ttu&g_ep=EgoyMDI2MDgwNS4xIKXMDSoASAFQAw%3D%3D","5",,"V37X+HQ4, Av. 2 N-E - Ing. Rodolfo Baquerizo Nazur","false","Todo muy  rico y la atención muy buena",,"Parrillada Punta Del Este","4.3",,"https://www.google.com/maps/search/?api=1&query=Parrillada%20Punta%20Del%20Este&query_place_id=ChIJvUBMdmxtLZAR4UKXj_NY9UM",
"V37X+HQ4, Av. 2 N-E - Ing. Rodolfo Baquerizo Nazur, 090508 Guayaquil, Ecuador","Parrilla","Parrilla","4896917972944634593","Guayaquil","EC","0x902d6d6c764c40bd:0x43f558f38f9742e1",,"https://lh3.googleusercontent.com/gps-cs-s/AHRPTWkRTcvnpJDUhkVYCVgu4xIBH78r7D8wp1dQEbHQ0Gg3bt0SA10fk4KPI-CuXfPpw30foXs14EvOqAhfn60g_e6Wpq_vLlKvmAM4nPsnslA1g3NcJMa435bQ_XV53KLTDQzio2v5KQ=w408-h306-k-no","false","true","/g/1tflyy__","es-419","0","-2.1361111","-79.9005556",,"Alborada Este",,"false","ChIJvUBMdmxtLZAR4UKXj_NY9UM","090508",,"Hace 3 años","2023-06-15T09:36:10.868Z",,,,,,,,,,,,,,,,,,,"4","5","5","ChZDSUhNMG9nS0VJQ0FnSUR4NjdpSU9BEAE",,,,,,,,"Google",,,"7",,,"1212","2026-08-08T17:30:22.978Z","Direct Detail URL: https://www.google.com/maps/place/Parrillada+Punta+Del+Este/@-2.2158291,-79.9617486,11.42z/data=!4m10!1m2!2m1!1sParrilla+Punta+del+Este+!3m6!1s0x902d6d6c764c40bd:0x43f558f38f9742e1!8m2!3d-2.1361111!4d-79.9005556!15sChdQYXJyaWxsYSBQdW50YSBkZWwgRXN0ZVoZIhdwYXJyaWxsYSBwdW50YSBkZWwgZXN0ZZIBBmFzYWRvcpoBI0NoWkRTVWhOTUc5blMwVkpRMEZuU1VSYU1IWlFhMVZuRUFF4AEA-gEECAAQJQ!16s%2Fg%2F1tflyy__?entry=ttu&g_ep=EgoyMDI2MDgwNS4xIKXMDSoASAFQAw%3D%3D","5",,"V37X+HQ4, Av. 2 N-E - Ing. Rodolfo Baquerizo Nazur","false",,,"Parrillada Punta Del Este","4.3",,"https://www.google.com/maps/search/?api=1&query=Parrillada%20Punta%20Del%20Este&query_place_id=ChIJvUBMdmxtLZAR4UKXj_NY9UM",
"V37X+HQ4, Av. 2 N-E - Ing. Rodolfo Baquerizo Nazur, 090508 Guayaquil, Ecuador","Parrilla","Parrilla","4896917972944634593","Guayaquil","EC","0x902d6d6c764c40bd:0x43f558f38f9742e1",,"https://lh3.googleusercontent.com/gps-cs-s/AHRPTWkRTcvnpJDUhkVYCVgu4xIBH78r7D8wp1dQEbHQ0Gg3bt0SA10fk4KPI-CuXfPpw30foXs14EvOqAhfn60g_e6Wpq_vLlKvmAM4nPsnslA1g3NcJMa435bQ_XV53KLTDQzio2v5KQ=w408-h306-k-no","false","true","/g/1tflyy__","es-419","1","-2.1361111","-79.9005556",,"Alborada Este","es","false","ChIJvUBMdmxtLZAR4UKXj_NY9UM","090508",,"Hace 3 años","2023-06-08T00:39:03.225Z",,,,"La rampa es muy empinada.",,,,,,"Moro de Pollo",,"$5-10",,,,,"Almuerzo","Consumo en el lugar","3","5","4","ChZDSUhNMG9nS0VJQ0FnSUR4OW9uUlpREAE",,,,,,,,"Google",,,"122",,,"1212","2026-08-08T17:30:22.978Z","Direct Detail URL: https://www.google.com/maps/place/Parrillada+Punta+Del+Este/@-2.2158291,-79.9617486,11.42z/data=!4m10!1m2!2m1!1sParrilla+Punta+del+Este+!3m6!1s0x902d6d6c764c40bd:0x43f558f38f9742e1!8m2!3d-2.1361111!4d-79.9005556!15sChdQYXJyaWxsYSBQdW50YSBkZWwgRXN0ZVoZIhdwYXJyaWxsYSBwdW50YSBkZWwgZXN0ZZIBBmFzYWRvcpoBI0NoWkRTVWhOTUc5blMwVkpRMEZuU1VSYU1IWlFhMVZuRUFF4AEA-gEECAAQJQ!16s%2Fg%2F1tflyy__?entry=ttu&g_ep=EgoyMDI2MDgwNS4xIKXMDSoASAFQAw%3D%3D","4",,"V37X+HQ4, Av. 2 N-E - Ing. Rodolfo Baquerizo Nazur","false","Los platos estrella son las menestras y las parrilladas.",,"Parrillada Punta Del Este","4.3",,"https://www.google.com/maps/search/?api=1&query=Parrillada%20Punta%20Del%20Este&query_place_id=ChIJvUBMdmxtLZAR4UKXj_NY9UM",
"V37X+HQ4, Av. 2 N-E - Ing. Rodolfo Baquerizo Nazur, 090508 Guayaquil, Ecuador","Parrilla","Parrilla","4896917972944634593","Guayaquil","EC","0x902d6d6c764c40bd:0x43f558f38f9742e1",,"https://lh3.googleusercontent.com/gps-cs-s/AHRPTWkRTcvnpJDUhkVYCVgu4xIBH78r7D8wp1dQEbHQ0Gg3bt0SA10fk4KPI-CuXfPpw30foXs14EvOqAhfn60g_e6Wpq_vLlKvmAM4nPsnslA1g3NcJMa435bQ_XV53KLTDQzio2v5KQ=w408-h306-k-no","false","true","/g/1tflyy__","es-419","0","-2.1361111","-79.9005556",,"Alborada Este",,"false","ChIJvUBMdmxtLZAR4UKXj_NY9UM","090508",,"Hace 3 años","2023-06-04T01:50:59.002Z",,,,,,,,,,,,,,,,,,,,,,"ChZDSUhNMG9nS0VJQ0FnSUR4dk9EMlRnEAE",,,,,,,,"Google",,,"13",,,"1212","2026-08-08T17:30:22.978Z","Direct Detail URL: https://www.google.com/maps/place/Parrillada+Punta+Del+Este/@-2.2158291,-79.9617486,11.42z/data=!4m10!1m2!2m1!1sParrilla+Punta+del+Este+!3m6!1s0x902d6d6c764c40bd:0x43f558f38f9742e1!8m2!3d-2.1361111!4d-79.9005556!15sChdQYXJyaWxsYSBQdW50YSBkZWwgRXN0ZVoZIhdwYXJyaWxsYSBwdW50YSBkZWwgZXN0ZZIBBmFzYWRvcpoBI0NoWkRTVWhOTUc5blMwVkpRMEZuU1VSYU1IWlFhMVZuRUFF4AEA-gEECAAQJQ!16s%2Fg%2F1tflyy__?entry=ttu&g_ep=EgoyMDI2MDgwNS4xIKXMDSoASAFQAw%3D%3D","4",,"V37X+HQ4, Av. 2 N-E - Ing. Rodolfo Baquerizo Nazur","false",,,"Parrillada Punta Del Este","4.3",,"https://www.google.com/maps/search/?api=1&query=Parrillada%20Punta%20Del%20Este&query_place_id=ChIJvUBMdmxtLZAR4UKXj_NY9UM",
"V37X+HQ4, Av. 2 N-E - Ing. Rodolfo Baquerizo Nazur, 090508 Guayaquil, Ecuador","Parrilla","Parrilla","4896917972944634593","Guayaquil","EC","0x902d6d6c764c40bd:0x43f558f38f9742e1",,"https://lh3.googleusercontent.com/gps-cs-s/AHRPTWkRTcvnpJDUhkVYCVgu4xIBH78r7D8wp1dQEbHQ0Gg3bt0SA10fk4KPI-CuXfPpw30foXs14EvOqAhfn60g_e6Wpq_vLlKvmAM4nPsnslA1g3NcJMa435bQ_XV53KLTDQzio2v5KQ=w408-h306-k-no","false","false","/g/1tflyy__","es-419","0","-2.1361111","-79.9005556",,"Alborada Este",,"false","ChIJvUBMdmxtLZAR4UKXj_NY9UM","090508",,"Hace 3 años","2023-05-28T16:55:47.244Z",,,,,,,,,,,,,,,,,,,"5","5","5","ChdDSUhNMG9nS0VJQ0FnSUN4OTdxdmh3RRAB",,,,,,,,"Google",,,"0",,,"1212","2026-08-08T17:30:22.978Z","Direct Detail URL: https://www.google.com/maps/place/Parrillada+Punta+Del+Este/@-2.2158291,-79.9617486,11.42z/data=!4m10!1m2!2m1!1sParrilla+Punta+del+Este+!3m6!1s0x902d6d6c764c40bd:0x43f558f38f9742e1!8m2!3d-2.1361111!4d-79.9005556!15sChdQYXJyaWxsYSBQdW50YSBkZWwgRXN0ZVoZIhdwYXJyaWxsYSBwdW50YSBkZWwgZXN0ZZIBBmFzYWRvcpoBI0NoWkRTVWhOTUc5blMwVkpRMEZuU1VSYU1IWlFhMVZuRUFF4AEA-gEECAAQJQ!16s%2Fg%2F1tflyy__?entry=ttu&g_ep=EgoyMDI2MDgwNS4xIKXMDSoASAFQAw%3D%3D","5",,"V37X+HQ4, Av. 2 N-E - Ing. Rodolfo Baquerizo Nazur","false",,,"Parrillada Punta Del Este","4.3",,"https://www.google.com/maps/search/?api=1&query=Parrillada%20Punta%20Del%20Este&query_place_id=ChIJvUBMdmxtLZAR4UKXj_NY9UM",
"V37X+HQ4, Av. 2 N-E - Ing. Rodolfo Baquerizo Nazur, 090508 Guayaquil, Ecuador","Parrilla","Parrilla","4896917972944634593","Guayaquil","EC","0x902d6d6c764c40bd:0x43f558f38f9742e1",,"https://lh3.googleusercontent.com/gps-cs-s/AHRPTWkRTcvnpJDUhkVYCVgu4xIBH78r7D8wp1dQEbHQ0Gg3bt0SA10fk4KPI-CuXfPpw30foXs14EvOqAhfn60g_e6Wpq_vLlKvmAM4nPsnslA1g3NcJMa435bQ_XV53KLTDQzio2v5KQ=w408-h306-k-no","false","true","/g/1tflyy__","es-419","0","-2.1361111","-79.9005556",,"Alborada Este",,"false","ChIJvUBMdmxtLZAR4UKXj_NY9UM","090508",,"Hace 3 años","2023-05-27T22:00:44.335Z",,,,,,,,,,,,,,,,,,,,,,"ChZDSUhNMG9nS0VJQ0FnSUN4NTZUbkZBEAE",,,,,,,,"Google",,,"22",,,"1212","2026-08-08T17:30:22.978Z","Direct Detail URL: https://www.google.com/maps/place/Parrillada+Punta+Del+Este/@-2.2158291,-79.9617486,11.42z/data=!4m10!1m2!2m1!1sParrilla+Punta+del+Este+!3m6!1s0x902d6d6c764c40bd:0x43f558f38f9742e1!8m2!3d-2.1361111!4d-79.9005556!15sChdQYXJyaWxsYSBQdW50YSBkZWwgRXN0ZVoZIhdwYXJyaWxsYSBwdW50YSBkZWwgZXN0ZZIBBmFzYWRvcpoBI0NoWkRTVWhOTUc5blMwVkpRMEZuU1VSYU1IWlFhMVZuRUFF4AEA-gEECAAQJQ!16s%2Fg%2F1tflyy__?entry=ttu&g_ep=EgoyMDI2MDgwNS4xIKXMDSoASAFQAw%3D%3D","3",,"V37X+HQ4, Av. 2 N-E - Ing. Rodolfo Baquerizo Nazur","false",,,"Parrillada Punta Del Este","4.3",,"https://www.google.com/maps/search/?api=1&query=Parrillada%20Punta%20Del%20Este&query_place_id=ChIJvUBMdmxtLZAR4UKXj_NY9UM",
"V37X+HQ4, Av. 2 N-E - Ing. Rodolfo Baquerizo Nazur, 090508 Guayaquil, Ecuador","Parrilla","Parrilla","4896917972944634593","Guayaquil","EC","0x902d6d6c764c40bd:0x43f558f38f9742e1",,"https://lh3.googleusercontent.com/gps-cs-s/AHRPTWkRTcvnpJDUhkVYCVgu4xIBH78r7D8wp1dQEbHQ0Gg3bt0SA10fk4KPI-CuXfPpw30foXs14EvOqAhfn60g_e6Wpq_vLlKvmAM4nPsnslA1g3NcJMa435bQ_XV53KLTDQzio2v5KQ=w408-h306-k-no","false","true","/g/1tflyy__","es-419","0","-2.1361111","-79.9005556",,"Alborada Este",,"false","ChIJvUBMdmxtLZAR4UKXj_NY9UM","090508",,"Hace 3 años","2023-05-22T12:53:04.193Z",,,,,,,,,,,,,,,,,,,"3","4","4","ChZDSUhNMG9nS0VJQ0FnSUN4bGV5MmZ3EAE",,,,,,,,"Google",,,"34",,,"1212","2026-08-08T17:30:22.978Z","Direct Detail URL: https://www.google.com/maps/place/Parrillada+Punta+Del+Este/@-2.2158291,-79.9617486,11.42z/data=!4m10!1m2!2m1!1sParrilla+Punta+del+Este+!3m6!1s0x902d6d6c764c40bd:0x43f558f38f9742e1!8m2!3d-2.1361111!4d-79.9005556!15sChdQYXJyaWxsYSBQdW50YSBkZWwgRXN0ZVoZIhdwYXJyaWxsYSBwdW50YSBkZWwgZXN0ZZIBBmFzYWRvcpoBI0NoWkRTVWhOTUc5blMwVkpRMEZuU1VSYU1IWlFhMVZuRUFF4AEA-gEECAAQJQ!16s%2Fg%2F1tflyy__?entry=ttu&g_ep=EgoyMDI2MDgwNS4xIKXMDSoASAFQAw%3D%3D","4",,"V37X+HQ4, Av. 2 N-E - Ing. Rodolfo Baquerizo Nazur","false",,,"Parrillada Punta Del Este","4.3",,"https://www.google.com/maps/search/?api=1&query=Parrillada%20Punta%20Del%20Este&query_place_id=ChIJvUBMdmxtLZAR4UKXj_NY9UM",
"V37X+HQ4, Av. 2 N-E - Ing. Rodolfo Baquerizo Nazur, 090508 Guayaquil, Ecuador","Parrilla","Parrilla","4896917972944634593","Guayaquil","EC","0x902d6d6c764c40bd:0x43f558f38f9742e1",,"https://lh3.googleusercontent.com/gps-cs-s/AHRPTWkRTcvnpJDUhkVYCVgu4xIBH78r7D8wp1dQEbHQ0Gg3bt0SA10fk4KPI-CuXfPpw30foXs14EvOqAhfn60g_e6Wpq_vLlKvmAM4nPsnslA1g3NcJMa435bQ_XV53KLTDQzio2v5KQ=w408-h306-k-no","false","true","/g/1tflyy__","es-419","0","-2.1361111","-79.9005556",,"Alborada Este","es","false","ChIJvUBMdmxtLZAR4UKXj_NY9UM","090508",,"Hace 3 años","2023-05-18T14:16:56.164Z",,,,,,,,,"Estacionamiento gratuito, Estacionamiento gratuito","Menestra Con Moro, Jarra de Cerveza",,"$10-15",,,,,"Almuerzo","Consumo en el lugar","5","5","5","ChZDSUhNMG9nS0VJQ0FnSUN4dnJDcWVBEAE",,,,,,,,"Google",,,"18",,,"1212","2026-08-08T17:30:22.978Z","Direct Detail URL: https://www.google.com/maps/place/Parrillada+Punta+Del+Este/@-2.2158291,-79.9617486,11.42z/data=!4m10!1m2!2m1!1sParrilla+Punta+del+Este+!3m6!1s0x902d6d6c764c40bd:0x43f558f38f9742e1!8m2!3d-2.1361111!4d-79.9005556!15sChdQYXJyaWxsYSBQdW50YSBkZWwgRXN0ZVoZIhdwYXJyaWxsYSBwdW50YSBkZWwgZXN0ZZIBBmFzYWRvcpoBI0NoWkRTVWhOTUc5blMwVkpRMEZuU1VSYU1IWlFhMVZuRUFF4AEA-gEECAAQJQ!16s%2Fg%2F1tflyy__?entry=ttu&g_ep=EgoyMDI2MDgwNS4xIKXMDSoASAFQAw%3D%3D","5",,"V37X+HQ4, Av. 2 N-E - Ing. Rodolfo Baquerizo Nazur","false","Excelente todo, buenos precios, buena comida, buena ubicación",,"Parrillada Punta Del Este","4.3",,"https://www.google.com/maps/search/?api=1&query=Parrillada%20Punta%20Del%20Este&query_place_id=ChIJvUBMdmxtLZAR4UKXj_NY9UM",
"V37X+HQ4, Av. 2 N-E - Ing. Rodolfo Baquerizo Nazur, 090508 Guayaquil, Ecuador","Parrilla","Parrilla","4896917972944634593","Guayaquil","EC","0x902d6d6c764c40bd:0x43f558f38f9742e1",,"https://lh3.googleusercontent.com/gps-cs-s/AHRPTWkRTcvnpJDUhkVYCVgu4xIBH78r7D8wp1dQEbHQ0Gg3bt0SA10fk4KPI-CuXfPpw30foXs14EvOqAhfn60g_e6Wpq_vLlKvmAM4nPsnslA1g3NcJMa435bQ_XV53KLTDQzio2v5KQ=w408-h306-k-no","false","true","/g/1tflyy__","es-419","0","-2.1361111","-79.9005556",,"Alborada Este",,"false","ChIJvUBMdmxtLZAR4UKXj_NY9UM","090508",,"Hace 3 años","2023-05-16T20:53:05.739Z",,,,,,,,,,,,,,,,,,,,,,"ChZDSUhNMG9nS0VJQ0FnSUN4bHFLZElREAE",,,,,,,,"Google",,,"11",,,"1212","2026-08-08T17:30:22.978Z","Direct Detail URL: https://www.google.com/maps/place/Parrillada+Punta+Del+Este/@-2.2158291,-79.9617486,11.42z/data=!4m10!1m2!2m1!1sParrilla+Punta+del+Este+!3m6!1s0x902d6d6c764c40bd:0x43f558f38f9742e1!8m2!3d-2.1361111!4d-79.9005556!15sChdQYXJyaWxsYSBQdW50YSBkZWwgRXN0ZVoZIhdwYXJyaWxsYSBwdW50YSBkZWwgZXN0ZZIBBmFzYWRvcpoBI0NoWkRTVWhOTUc5blMwVkpRMEZuU1VSYU1IWlFhMVZuRUFF4AEA-gEECAAQJQ!16s%2Fg%2F1tflyy__?entry=ttu&g_ep=EgoyMDI2MDgwNS4xIKXMDSoASAFQAw%3D%3D","4",,"V37X+HQ4, Av. 2 N-E - Ing. Rodolfo Baquerizo Nazur","false",,,"Parrillada Punta Del Este","4.3",,"https://www.google.com/maps/search/?api=1&query=Parrillada%20Punta%20Del%20Este&query_place_id=ChIJvUBMdmxtLZAR4UKXj_NY9UM",
"V37X+HQ4, Av. 2 N-E - Ing. Rodolfo Baquerizo Nazur, 090508 Guayaquil, Ecuador","Parrilla","Parrilla","4896917972944634593","Guayaquil","EC","0x902d6d6c764c40bd:0x43f558f38f9742e1",,"https://lh3.googleusercontent.com/gps-cs-s/AHRPTWkRTcvnpJDUhkVYCVgu4xIBH78r7D8wp1dQEbHQ0Gg3bt0SA10fk4KPI-CuXfPpw30foXs14EvOqAhfn60g_e6Wpq_vLlKvmAM4nPsnslA1g3NcJMa435bQ_XV53KLTDQzio2v5KQ=w408-h306-k-no","false","false","/g/1tflyy__","es-419","0","-2.1361111","-79.9005556",,"Alborada Este","es","false","ChIJvUBMdmxtLZAR4UKXj_NY9UM","090508",,"Hace 3 años","2023-05-15T01:40:40.252Z",,,,,"Hay suficiente espacio","Esta feo por afuera",,,"Estacionamiento gratuito","Partillada",,"Más de $50",,,,,"Cena","Consumo en el lugar","2","3","1","ChZDSUhNMG9nS0VJQ0FnSUN4eXF6cGVREAE",,,,,,,,"Google",,,"2",,,"1212","2026-08-08T17:30:22.978Z","Direct Detail URL: https://www.google.com/maps/place/Parrillada+Punta+Del+Este/@-2.2158291,-79.9617486,11.42z/data=!4m10!1m2!2m1!1sParrilla+Punta+del+Este+!3m6!1s0x902d6d6c764c40bd:0x43f558f38f9742e1!8m2!3d-2.1361111!4d-79.9005556!15sChdQYXJyaWxsYSBQdW50YSBkZWwgRXN0ZVoZIhdwYXJyaWxsYSBwdW50YSBkZWwgZXN0ZZIBBmFzYWRvcpoBI0NoWkRTVWhOTUc5blMwVkpRMEZuU1VSYU1IWlFhMVZuRUFF4AEA-gEECAAQJQ!16s%2Fg%2F1tflyy__?entry=ttu&g_ep=EgoyMDI2MDgwNS4xIKXMDSoASAFQAw%3D%3D","3",,"V37X+HQ4, Av. 2 N-E - Ing. Rodolfo Baquerizo Nazur","false","La comida estaba buena, el jugo de limón estaba agrio, la atención al cliente era mala, de hay todo bien🤓☝️",,"Parrillada Punta Del Este","4.3",,"https://www.google.com/maps/search/?api=1&query=Parrillada%20Punta%20Del%20Este&query_place_id=ChIJvUBMdmxtLZAR4UKXj_NY9UM",
"V37X+HQ4, Av. 2 N-E - Ing. Rodolfo Baquerizo Nazur, 090508 Guayaquil, Ecuador","Parrilla","Parrilla","4896917972944634593","Guayaquil","EC","0x902d6d6c764c40bd:0x43f558f38f9742e1",,"https://lh3.googleusercontent.com/gps-cs-s/AHRPTWkRTcvnpJDUhkVYCVgu4xIBH78r7D8wp1dQEbHQ0Gg3bt0SA10fk4KPI-CuXfPpw30foXs14EvOqAhfn60g_e6Wpq_vLlKvmAM4nPsnslA1g3NcJMa435bQ_XV53KLTDQzio2v5KQ=w408-h306-k-no","false","true","/g/1tflyy__","es-419","0","-2.1361111","-79.9005556",,"Alborada Este",,"false","ChIJvUBMdmxtLZAR4UKXj_NY9UM","090508",,"Hace 3 años","2023-05-12T06:24:05.018Z",,,,,,,,,,,,,,,,,,,,,,"ChZDSUhNMG9nS0VJQ0FnSUN4ekxIRVF3EAE",,,,,,,,"Google",,,"21",,,"1212","2026-08-08T17:30:22.978Z","Direct Detail URL: https://www.google.com/maps/place/Parrillada+Punta+Del+Este/@-2.2158291,-79.9617486,11.42z/data=!4m10!1m2!2m1!1sParrilla+Punta+del+Este+!3m6!1s0x902d6d6c764c40bd:0x43f558f38f9742e1!8m2!3d-2.1361111!4d-79.9005556!15sChdQYXJyaWxsYSBQdW50YSBkZWwgRXN0ZVoZIhdwYXJyaWxsYSBwdW50YSBkZWwgZXN0ZZIBBmFzYWRvcpoBI0NoWkRTVWhOTUc5blMwVkpRMEZuU1VSYU1IWlFhMVZuRUFF4AEA-gEECAAQJQ!16s%2Fg%2F1tflyy__?entry=ttu&g_ep=EgoyMDI2MDgwNS4xIKXMDSoASAFQAw%3D%3D","5",,"V37X+HQ4, Av. 2 N-E - Ing. Rodolfo Baquerizo Nazur","false",,,"Parrillada Punta Del Este","4.3",,"https://www.google.com/maps/search/?api=1&query=Parrillada%20Punta%20Del%20Este&query_place_id=ChIJvUBMdmxtLZAR4UKXj_NY9UM",
"V37X+HQ4, Av. 2 N-E - Ing. Rodolfo Baquerizo Nazur, 090508 Guayaquil, Ecuador","Parrilla","Parrilla","4896917972944634593","Guayaquil","EC","0x902d6d6c764c40bd:0x43f558f38f9742e1",,"https://lh3.googleusercontent.com/gps-cs-s/AHRPTWkRTcvnpJDUhkVYCVgu4xIBH78r7D8wp1dQEbHQ0Gg3bt0SA10fk4KPI-CuXfPpw30foXs14EvOqAhfn60g_e6Wpq_vLlKvmAM4nPsnslA1g3NcJMa435bQ_XV53KLTDQzio2v5KQ=w408-h306-k-no","false","true","/g/1tflyy__","es-419","0","-2.1361111","-79.9005556",,"Alborada Este",,"false","ChIJvUBMdmxtLZAR4UKXj_NY9UM","090508",,"Hace 3 años","2023-04-30T14:51:54.251Z",,,,,,,,,,,,,,,,,,,,,,"ChZDSUhNMG9nS0VJQ0FnSURSMWYtRlRBEAE",,,,,,,,"Google",,,"93",,,"1212","2026-08-08T17:30:22.978Z","Direct Detail URL: https://www.google.com/maps/place/Parrillada+Punta+Del+Este/@-2.2158291,-79.9617486,11.42z/data=!4m10!1m2!2m1!1sParrilla+Punta+del+Este+!3m6!1s0x902d6d6c764c40bd:0x43f558f38f9742e1!8m2!3d-2.1361111!4d-79.9005556!15sChdQYXJyaWxsYSBQdW50YSBkZWwgRXN0ZVoZIhdwYXJyaWxsYSBwdW50YSBkZWwgZXN0ZZIBBmFzYWRvcpoBI0NoWkRTVWhOTUc5blMwVkpRMEZuU1VSYU1IWlFhMVZuRUFF4AEA-gEECAAQJQ!16s%2Fg%2F1tflyy__?entry=ttu&g_ep=EgoyMDI2MDgwNS4xIKXMDSoASAFQAw%3D%3D","5",,"V37X+HQ4, Av. 2 N-E - Ing. Rodolfo Baquerizo Nazur","false",,,"Parrillada Punta Del Este","4.3",,"https://www.google.com/maps/search/?api=1&query=Parrillada%20Punta%20Del%20Este&query_place_id=ChIJvUBMdmxtLZAR4UKXj_NY9UM",
"V37X+HQ4, Av. 2 N-E - Ing. Rodolfo Baquerizo Nazur, 090508 Guayaquil, Ecuador","Parrilla","Parrilla","4896917972944634593","Guayaquil","EC","0x902d6d6c764c40bd:0x43f558f38f9742e1",,"https://lh3.googleusercontent.com/gps-cs-s/AHRPTWkRTcvnpJDUhkVYCVgu4xIBH78r7D8wp1dQEbHQ0Gg3bt0SA10fk4KPI-CuXfPpw30foXs14EvOqAhfn60g_e6Wpq_vLlKvmAM4nPsnslA1g3NcJMa435bQ_XV53KLTDQzio2v5KQ=w408-h306-k-no","false","true","/g/1tflyy__","es-419","0","-2.1361111","-79.9005556",,"Alborada Este",,"false","ChIJvUBMdmxtLZAR4UKXj_NY9UM","090508",,"Hace 3 años","2023-04-15T01:58:38.075Z",,,,,,,,,,,,,,,,,,,"3",,"2","ChdDSUhNMG9nS0VJQ0FnSURSd01HQ19BRRAB",,,,,,,,"Google",,,"5",,,"1212","2026-08-08T17:30:22.978Z","Direct Detail URL: https://www.google.com/maps/place/Parrillada+Punta+Del+Este/@-2.2158291,-79.9617486,11.42z/data=!4m10!1m2!2m1!1sParrilla+Punta+del+Este+!3m6!1s0x902d6d6c764c40bd:0x43f558f38f9742e1!8m2!3d-2.1361111!4d-79.9005556!15sChdQYXJyaWxsYSBQdW50YSBkZWwgRXN0ZVoZIhdwYXJyaWxsYSBwdW50YSBkZWwgZXN0ZZIBBmFzYWRvcpoBI0NoWkRTVWhOTUc5blMwVkpRMEZuU1VSYU1IWlFhMVZuRUFF4AEA-gEECAAQJQ!16s%2Fg%2F1tflyy__?entry=ttu&g_ep=EgoyMDI2MDgwNS4xIKXMDSoASAFQAw%3D%3D","3",,"V37X+HQ4, Av. 2 N-E - Ing. Rodolfo Baquerizo Nazur","false",,,"Parrillada Punta Del Este","4.3",,"https://www.google.com/maps/search/?api=1&query=Parrillada%20Punta%20Del%20Este&query_place_id=ChIJvUBMdmxtLZAR4UKXj_NY9UM",
"V37X+HQ4, Av. 2 N-E - Ing. Rodolfo Baquerizo Nazur, 090508 Guayaquil, Ecuador","Parrilla","Parrilla","4896917972944634593","Guayaquil","EC","0x902d6d6c764c40bd:0x43f558f38f9742e1",,"https://lh3.googleusercontent.com/gps-cs-s/AHRPTWkRTcvnpJDUhkVYCVgu4xIBH78r7D8wp1dQEbHQ0Gg3bt0SA10fk4KPI-CuXfPpw30foXs14EvOqAhfn60g_e6Wpq_vLlKvmAM4nPsnslA1g3NcJMa435bQ_XV53KLTDQzio2v5KQ=w408-h306-k-no","false","true","/g/1tflyy__","es-419","0","-2.1361111","-79.9005556",,"Alborada Este","es","false","ChIJvUBMdmxtLZAR4UKXj_NY9UM","090508",,"Hace 3 años","2023-04-11T15:11:41.172Z",,,,,"Vas a tardar en estacionar","Pocos carros se pueden parquear dentro del subterráneo y afuera hay parqueo pagado esta bien pero hay muchos vendedores ambulantes en el dia y en la noche también y eso asusta ahora como está la situación delictiva.",,,"Estacionamiento pagado",,,,,,,,,"Consumo en el lugar","1","1","3","ChdDSUhNMG9nS0VJQ0FnSUNSdTlMVjZnRRAB",,,,,,,,"Google",,,"108",,,"1212","2026-08-08T17:30:22.978Z","Direct Detail URL: https://www.google.com/maps/place/Parrillada+Punta+Del+Este/@-2.2158291,-79.9617486,11.42z/data=!4m10!1m2!2m1!1sParrilla+Punta+del+Este+!3m6!1s0x902d6d6c764c40bd:0x43f558f38f9742e1!8m2!3d-2.1361111!4d-79.9005556!15sChdQYXJyaWxsYSBQdW50YSBkZWwgRXN0ZVoZIhdwYXJyaWxsYSBwdW50YSBkZWwgZXN0ZZIBBmFzYWRvcpoBI0NoWkRTVWhOTUc5blMwVkpRMEZuU1VSYU1IWlFhMVZuRUFF4AEA-gEECAAQJQ!16s%2Fg%2F1tflyy__?entry=ttu&g_ep=EgoyMDI2MDgwNS4xIKXMDSoASAFQAw%3D%3D","1",,"V37X+HQ4, Av. 2 N-E - Ing. Rodolfo Baquerizo Nazur","false","Se alquilo el local de la parte de arriba para una graduación, la comida la sirvieron fría, no habia control ni personal de seguridad en el lugar subian niños a vender caramelos en algunas ocasiones y me apenó muchisimo esa situación, el estacionamiento tenia filtraciones de agua y olia mal. Sólo el servicios de meseros estuvo muy bien, muy amables y educados.",,"Parrillada Punta Del Este","4.3",,"https://www.google.com/maps/search/?api=1&query=Parrillada%20Punta%20Del%20Este&query_place_id=ChIJvUBMdmxtLZAR4UKXj_NY9UM",
"V37X+HQ4, Av. 2 N-E - Ing. Rodolfo Baquerizo Nazur, 090508 Guayaquil, Ecuador","Parrilla","Parrilla","4896917972944634593","Guayaquil","EC","0x902d6d6c764c40bd:0x43f558f38f9742e1",,"https://lh3.googleusercontent.com/gps-cs-s/AHRPTWkRTcvnpJDUhkVYCVgu4xIBH78r7D8wp1dQEbHQ0Gg3bt0SA10fk4KPI-CuXfPpw30foXs14EvOqAhfn60g_e6Wpq_vLlKvmAM4nPsnslA1g3NcJMa435bQ_XV53KLTDQzio2v5KQ=w408-h306-k-no","false","true","/g/1tflyy__","es-419","1","-2.1361111","-79.9005556",,"Alborada Este","es","false","ChIJvUBMdmxtLZAR4UKXj_NY9UM","090508",,"Editado Hace 3 años","2023-04-11T11:35:38.318Z",,,,,,,,,,,,,,,,,,"Consumo en el lugar","3","2","1","ChZDSUhNMG9nS0VJQ0FnSUNSbGZ2VWFnEAE",,,,,,,,"Google",,,"96",,,"1212","2026-08-08T17:30:22.978Z","Direct Detail URL: https://www.google.com/maps/place/Parrillada+Punta+Del+Este/@-2.2158291,-79.9617486,11.42z/data=!4m10!1m2!2m1!1sParrilla+Punta+del+Este+!3m6!1s0x902d6d6c764c40bd:0x43f558f38f9742e1!8m2!3d-2.1361111!4d-79.9005556!15sChdQYXJyaWxsYSBQdW50YSBkZWwgRXN0ZVoZIhdwYXJyaWxsYSBwdW50YSBkZWwgZXN0ZZIBBmFzYWRvcpoBI0NoWkRTVWhOTUc5blMwVkpRMEZuU1VSYU1IWlFhMVZuRUFF4AEA-gEECAAQJQ!16s%2Fg%2F1tflyy__?entry=ttu&g_ep=EgoyMDI2MDgwNS4xIKXMDSoASAFQAw%3D%3D","2",,"V37X+HQ4, Av. 2 N-E - Ing. Rodolfo Baquerizo Nazur","false","Y eso por no ponerle una estrella que pésimo fue el servicio de ATENCION se demoraron una eternidad ( el pedido fue una cosa y y al momento de servirlo nada de lo pedido ) el sazón bueno cabe recalcar",,"Parrillada Punta Del Este","4.3",,"https://www.google.com/maps/search/?api=1&query=Parrillada%20Punta%20Del%20Este&query_place_id=ChIJvUBMdmxtLZAR4UKXj_NY9UM",
"V37X+HQ4, Av. 2 N-E - Ing. Rodolfo Baquerizo Nazur, 090508 Guayaquil, Ecuador","Parrilla","Parrilla","4896917972944634593","Guayaquil","EC","0x902d6d6c764c40bd:0x43f558f38f9742e1",,"https://lh3.googleusercontent.com/gps-cs-s/AHRPTWkRTcvnpJDUhkVYCVgu4xIBH78r7D8wp1dQEbHQ0Gg3bt0SA10fk4KPI-CuXfPpw30foXs14EvOqAhfn60g_e6Wpq_vLlKvmAM4nPsnslA1g3NcJMa435bQ_XV53KLTDQzio2v5KQ=w408-h306-k-no","false","false","/g/1tflyy__","es-419","0","-2.1361111","-79.9005556",,"Alborada Este",,"false","ChIJvUBMdmxtLZAR4UKXj_NY9UM","090508",,"Hace 3 años","2023-04-11T02:07:41.304Z",,,,,,,,,,,,,,,,,,,,,,"ChdDSUhNMG9nS0VJQ0FnSUNScTdYLXdnRRAB",,,,,,,,"Google",,,"0",,,"1212","2026-08-08T17:30:22.978Z","Direct Detail URL: https://www.google.com/maps/place/Parrillada+Punta+Del+Este/@-2.2158291,-79.9617486,11.42z/data=!4m10!1m2!2m1!1sParrilla+Punta+del+Este+!3m6!1s0x902d6d6c764c40bd:0x43f558f38f9742e1!8m2!3d-2.1361111!4d-79.9005556!15sChdQYXJyaWxsYSBQdW50YSBkZWwgRXN0ZVoZIhdwYXJyaWxsYSBwdW50YSBkZWwgZXN0ZZIBBmFzYWRvcpoBI0NoWkRTVWhOTUc5blMwVkpRMEZuU1VSYU1IWlFhMVZuRUFF4AEA-gEECAAQJQ!16s%2Fg%2F1tflyy__?entry=ttu&g_ep=EgoyMDI2MDgwNS4xIKXMDSoASAFQAw%3D%3D","1",,"V37X+HQ4, Av. 2 N-E - Ing. Rodolfo Baquerizo Nazur","false",,,"Parrillada Punta Del Este","4.3",,"https://www.google.com/maps/search/?api=1&query=Parrillada%20Punta%20Del%20Este&query_place_id=ChIJvUBMdmxtLZAR4UKXj_NY9UM",
"V37X+HQ4, Av. 2 N-E - Ing. Rodolfo Baquerizo Nazur, 090508 Guayaquil, Ecuador","Parrilla","Parrilla","4896917972944634593","Guayaquil","EC","0x902d6d6c764c40bd:0x43f558f38f9742e1",,"https://lh3.googleusercontent.com/gps-cs-s/AHRPTWkRTcvnpJDUhkVYCVgu4xIBH78r7D8wp1dQEbHQ0Gg3bt0SA10fk4KPI-CuXfPpw30foXs14EvOqAhfn60g_e6Wpq_vLlKvmAM4nPsnslA1g3NcJMa435bQ_XV53KLTDQzio2v5KQ=w408-h306-k-no","false","true","/g/1tflyy__","es-419","0","-2.1361111","-79.9005556",,"Alborada Este","es","false","ChIJvUBMdmxtLZAR4UKXj_NY9UM","090508",,"Editado Hace 3 años","2023-03-25T20:09:34.572Z",,,,,,,,,,,,,,,,,,,"5","5","5","ChZDSUhNMG9nS0VJQ0FnSUNRcHAyaUJ3EAE",,,,,,,,"Google",,,"13",,,"1212","2026-08-08T17:30:22.978Z","Direct Detail URL: https://www.google.com/maps/place/Parrillada+Punta+Del+Este/@-2.2158291,-79.9617486,11.42z/data=!4m10!1m2!2m1!1sParrilla+Punta+del+Este+!3m6!1s0x902d6d6c764c40bd:0x43f558f38f9742e1!8m2!3d-2.1361111!4d-79.9005556!15sChdQYXJyaWxsYSBQdW50YSBkZWwgRXN0ZVoZIhdwYXJyaWxsYSBwdW50YSBkZWwgZXN0ZZIBBmFzYWRvcpoBI0NoWkRTVWhOTUc5blMwVkpRMEZuU1VSYU1IWlFhMVZuRUFF4AEA-gEECAAQJQ!16s%2Fg%2F1tflyy__?entry=ttu&g_ep=EgoyMDI2MDgwNS4xIKXMDSoASAFQAw%3D%3D","5",,"V37X+HQ4, Av. 2 N-E - Ing. Rodolfo Baquerizo Nazur","false","Buena Comida",,"Parrillada Punta Del Este","4.3",,"https://www.google.com/maps/search/?api=1&query=Parrillada%20Punta%20Del%20Este&query_place_id=ChIJvUBMdmxtLZAR4UKXj_NY9UM",
"V37X+HQ4, Av. 2 N-E - Ing. Rodolfo Baquerizo Nazur, 090508 Guayaquil, Ecuador","Parrilla","Parrilla","4896917972944634593","Guayaquil","EC","0x902d6d6c764c40bd:0x43f558f38f9742e1",,"https://lh3.googleusercontent.com/gps-cs-s/AHRPTWkRTcvnpJDUhkVYCVgu4xIBH78r7D8wp1dQEbHQ0Gg3bt0SA10fk4KPI-CuXfPpw30foXs14EvOqAhfn60g_e6Wpq_vLlKvmAM4nPsnslA1g3NcJMa435bQ_XV53KLTDQzio2v5KQ=w408-h306-k-no","false","true","/g/1tflyy__","es-419","0","-2.1361111","-79.9005556",,"Alborada Este",,"false","ChIJvUBMdmxtLZAR4UKXj_NY9UM","090508",,"Hace 3 años","2023-03-25T02:33:03.025Z",,,,,,,,,,,,"$1-5",,,,,"Almuerzo","Consumo en el lugar","5","5","5","ChdDSUhNMG9nS0VJQ0FnSUNSLUxYWG9nRRAB",,,,,,,,"Google",,,"107",,,"1212","2026-08-08T17:30:22.978Z","Direct Detail URL: https://www.google.com/maps/place/Parrillada+Punta+Del+Este/@-2.2158291,-79.9617486,11.42z/data=!4m10!1m2!2m1!1sParrilla+Punta+del+Este+!3m6!1s0x902d6d6c764c40bd:0x43f558f38f9742e1!8m2!3d-2.1361111!4d-79.9005556!15sChdQYXJyaWxsYSBQdW50YSBkZWwgRXN0ZVoZIhdwYXJyaWxsYSBwdW50YSBkZWwgZXN0ZZIBBmFzYWRvcpoBI0NoWkRTVWhOTUc5blMwVkpRMEZuU1VSYU1IWlFhMVZuRUFF4AEA-gEECAAQJQ!16s%2Fg%2F1tflyy__?entry=ttu&g_ep=EgoyMDI2MDgwNS4xIKXMDSoASAFQAw%3D%3D","5",,"V37X+HQ4, Av. 2 N-E - Ing. Rodolfo Baquerizo Nazur","false",,,"Parrillada Punta Del Este","4.3",,"https://www.google.com/maps/search/?api=1&query=Parrillada%20Punta%20Del%20Este&query_place_id=ChIJvUBMdmxtLZAR4UKXj_NY9UM",
"V37X+HQ4, Av. 2 N-E - Ing. Rodolfo Baquerizo Nazur, 090508 Guayaquil, Ecuador","Parrilla","Parrilla","4896917972944634593","Guayaquil","EC","0x902d6d6c764c40bd:0x43f558f38f9742e1",,"https://lh3.googleusercontent.com/gps-cs-s/AHRPTWkRTcvnpJDUhkVYCVgu4xIBH78r7D8wp1dQEbHQ0Gg3bt0SA10fk4KPI-CuXfPpw30foXs14EvOqAhfn60g_e6Wpq_vLlKvmAM4nPsnslA1g3NcJMa435bQ_XV53KLTDQzio2v5KQ=w408-h306-k-no","false","true","/g/1tflyy__","es-419","0","-2.1361111","-79.9005556",,"Alborada Este","es","false","ChIJvUBMdmxtLZAR4UKXj_NY9UM","090508",,"Hace 3 años","2023-03-23T08:59:52.857Z",,,,,,,,,,,,,,,,,,,,,,"ChdDSUhNMG9nS0VJQ0FnSUNSc0xiZ193RRAB",,,,,,,,"Google",,,"19",,,"1212","2026-08-08T17:30:22.978Z","Direct Detail URL: https://www.google.com/maps/place/Parrillada+Punta+Del+Este/@-2.2158291,-79.9617486,11.42z/data=!4m10!1m2!2m1!1sParrilla+Punta+del+Este+!3m6!1s0x902d6d6c764c40bd:0x43f558f38f9742e1!8m2!3d-2.1361111!4d-79.9005556!15sChdQYXJyaWxsYSBQdW50YSBkZWwgRXN0ZVoZIhdwYXJyaWxsYSBwdW50YSBkZWwgZXN0ZZIBBmFzYWRvcpoBI0NoWkRTVWhOTUc5blMwVkpRMEZuU1VSYU1IWlFhMVZuRUFF4AEA-gEECAAQJQ!16s%2Fg%2F1tflyy__?entry=ttu&g_ep=EgoyMDI2MDgwNS4xIKXMDSoASAFQAw%3D%3D","5",,"V37X+HQ4, Av. 2 N-E - Ing. Rodolfo Baquerizo Nazur","false","excelente atencion muy buena comida",,"Parrillada Punta Del Este","4.3",,"https://www.google.com/maps/search/?api=1&query=Parrillada%20Punta%20Del%20Este&query_place_id=ChIJvUBMdmxtLZAR4UKXj_NY9UM",
"V37X+HQ4, Av. 2 N-E - Ing. Rodolfo Baquerizo Nazur, 090508 Guayaquil, Ecuador","Parrilla","Parrilla","4896917972944634593","Guayaquil","EC","0x902d6d6c764c40bd:0x43f558f38f9742e1",,"https://lh3.googleusercontent.com/gps-cs-s/AHRPTWkRTcvnpJDUhkVYCVgu4xIBH78r7D8wp1dQEbHQ0Gg3bt0SA10fk4KPI-CuXfPpw30foXs14EvOqAhfn60g_e6Wpq_vLlKvmAM4nPsnslA1g3NcJMa435bQ_XV53KLTDQzio2v5KQ=w408-h306-k-no","false","true","/g/1tflyy__","es-419","0","-2.1361111","-79.9005556",,"Alborada Este","es","false","ChIJvUBMdmxtLZAR4UKXj_NY9UM","090508",,"Hace 3 años","2023-03-18T22:10:20.476Z",,,,,,,,,,,,,,,,,,,"3","3","3","ChdDSUhNMG9nS0VJQ0FnSURodV8tVnNnRRAB",,,,,,,,"Google",,,"66",,,"1212","2026-08-08T17:30:22.978Z","Direct Detail URL: https://www.google.com/maps/place/Parrillada+Punta+Del+Este/@-2.2158291,-79.9617486,11.42z/data=!4m10!1m2!2m1!1sParrilla+Punta+del+Este+!3m6!1s0x902d6d6c764c40bd:0x43f558f38f9742e1!8m2!3d-2.1361111!4d-79.9005556!15sChdQYXJyaWxsYSBQdW50YSBkZWwgRXN0ZVoZIhdwYXJyaWxsYSBwdW50YSBkZWwgZXN0ZZIBBmFzYWRvcpoBI0NoWkRTVWhOTUc5blMwVkpRMEZuU1VSYU1IWlFhMVZuRUFF4AEA-gEECAAQJQ!16s%2Fg%2F1tflyy__?entry=ttu&g_ep=EgoyMDI2MDgwNS4xIKXMDSoASAFQAw%3D%3D","3",,"V37X+HQ4, Av. 2 N-E - Ing. Rodolfo Baquerizo Nazur","false","Aceptable en todo",,"Parrillada Punta Del Este","4.3",,"https://www.google.com/maps/search/?api=1&query=Parrillada%20Punta%20Del%20Este&query_place_id=ChIJvUBMdmxtLZAR4UKXj_NY9UM",
"V37X+HQ4, Av. 2 N-E - Ing. Rodolfo Baquerizo Nazur, 090508 Guayaquil, Ecuador","Parrilla","Parrilla","4896917972944634593","Guayaquil","EC","0x902d6d6c764c40bd:0x43f558f38f9742e1",,"https://lh3.googleusercontent.com/gps-cs-s/AHRPTWkRTcvnpJDUhkVYCVgu4xIBH78r7D8wp1dQEbHQ0Gg3bt0SA10fk4KPI-CuXfPpw30foXs14EvOqAhfn60g_e6Wpq_vLlKvmAM4nPsnslA1g3NcJMa435bQ_XV53KLTDQzio2v5KQ=w408-h306-k-no","false","true","/g/1tflyy__","es-419","0","-2.1361111","-79.9005556",,"Alborada Este","es","false","ChIJvUBMdmxtLZAR4UKXj_NY9UM","090508",,"Hace 3 años","2023-03-06T02:12:57.636Z",,,,,,,,,,"Partillada","Ensaladas, nada de carne vegetariana.",,,,,,"Cena","Consumo en el lugar","5","5","5","ChZDSUhNMG9nS0VJQ0FnSURoaW9ub0VREAE",,,,,,,,"Google",,,"20",,,"1212","2026-08-08T17:30:22.978Z","Direct Detail URL: https://www.google.com/maps/place/Parrillada+Punta+Del+Este/@-2.2158291,-79.9617486,11.42z/data=!4m10!1m2!2m1!1sParrilla+Punta+del+Este+!3m6!1s0x902d6d6c764c40bd:0x43f558f38f9742e1!8m2!3d-2.1361111!4d-79.9005556!15sChdQYXJyaWxsYSBQdW50YSBkZWwgRXN0ZVoZIhdwYXJyaWxsYSBwdW50YSBkZWwgZXN0ZZIBBmFzYWRvcpoBI0NoWkRTVWhOTUc5blMwVkpRMEZuU1VSYU1IWlFhMVZuRUFF4AEA-gEECAAQJQ!16s%2Fg%2F1tflyy__?entry=ttu&g_ep=EgoyMDI2MDgwNS4xIKXMDSoASAFQAw%3D%3D","5",,"V37X+HQ4, Av. 2 N-E - Ing. Rodolfo Baquerizo Nazur","false","He venido desde antes de nacer a este lugar a comer, la parrillada está a otro nivel! Los almuerzos no son buenos como lo eran hace 15 años pero todos los platos a la carta y la parrillada deliciosa!",,"Parrillada Punta Del Este","4.3",,"https://www.google.com/maps/search/?api=1&query=Parrillada%20Punta%20Del%20Este&query_place_id=ChIJvUBMdmxtLZAR4UKXj_NY9UM",
"V37X+HQ4, Av. 2 N-E - Ing. Rodolfo Baquerizo Nazur, 090508 Guayaquil, Ecuador","Parrilla","Parrilla","4896917972944634593","Guayaquil","EC","0x902d6d6c764c40bd:0x43f558f38f9742e1",,"https://lh3.googleusercontent.com/gps-cs-s/AHRPTWkRTcvnpJDUhkVYCVgu4xIBH78r7D8wp1dQEbHQ0Gg3bt0SA10fk4KPI-CuXfPpw30foXs14EvOqAhfn60g_e6Wpq_vLlKvmAM4nPsnslA1g3NcJMa435bQ_XV53KLTDQzio2v5KQ=w408-h306-k-no","false","true","/g/1tflyy__","es-419","0","-2.1361111","-79.9005556",,"Alborada Este",,"false","ChIJvUBMdmxtLZAR4UKXj_NY9UM","090508",,"Hace 3 años","2023-02-26T08:08:23.646Z",,,,,,,,,,,,,,,,,,,,,,"ChZDSUhNMG9nS0VJQ0FnSUNoXzhEOENnEAE",,,,,,,,"Google",,,"23",,,"1212","2026-08-08T17:30:22.978Z","Direct Detail URL: https://www.google.com/maps/place/Parrillada+Punta+Del+Este/@-2.2158291,-79.9617486,11.42z/data=!4m10!1m2!2m1!1sParrilla+Punta+del+Este+!3m6!1s0x902d6d6c764c40bd:0x43f558f38f9742e1!8m2!3d-2.1361111!4d-79.9005556!15sChdQYXJyaWxsYSBQdW50YSBkZWwgRXN0ZVoZIhdwYXJyaWxsYSBwdW50YSBkZWwgZXN0ZZIBBmFzYWRvcpoBI0NoWkRTVWhOTUc5blMwVkpRMEZuU1VSYU1IWlFhMVZuRUFF4AEA-gEECAAQJQ!16s%2Fg%2F1tflyy__?entry=ttu&g_ep=EgoyMDI2MDgwNS4xIKXMDSoASAFQAw%3D%3D","1",,"V37X+HQ4, Av. 2 N-E - Ing. Rodolfo Baquerizo Nazur","false",,,"Parrillada Punta Del Este","4.3",,"https://www.google.com/maps/search/?api=1&query=Parrillada%20Punta%20Del%20Este&query_place_id=ChIJvUBMdmxtLZAR4UKXj_NY9UM",
"V37X+HQ4, Av. 2 N-E - Ing. Rodolfo Baquerizo Nazur, 090508 Guayaquil, Ecuador","Parrilla","Parrilla","4896917972944634593","Guayaquil","EC","0x902d6d6c764c40bd:0x43f558f38f9742e1",,"https://lh3.googleusercontent.com/gps-cs-s/AHRPTWkRTcvnpJDUhkVYCVgu4xIBH78r7D8wp1dQEbHQ0Gg3bt0SA10fk4KPI-CuXfPpw30foXs14EvOqAhfn60g_e6Wpq_vLlKvmAM4nPsnslA1g3NcJMa435bQ_XV53KLTDQzio2v5KQ=w408-h306-k-no","false","true","/g/1tflyy__","es-419","0","-2.1361111","-79.9005556",,"Alborada Este","es","false","ChIJvUBMdmxtLZAR4UKXj_NY9UM","090508",,"Hace 3 años","2023-02-26T06:52:12.180Z",,,,,,,,,,,,,,,,,,,"2","5","1","ChdDSUhNMG9nS0VJQ0FnSUNodjhPcG5nRRAB",,,,,,,,"Google",,,"125",,,"1212","2026-08-08T17:30:22.978Z","Direct Detail URL: https://www.google.com/maps/place/Parrillada+Punta+Del+Este/@-2.2158291,-79.9617486,11.42z/data=!4m10!1m2!2m1!1sParrilla+Punta+del+Este+!3m6!1s0x902d6d6c764c40bd:0x43f558f38f9742e1!8m2!3d-2.1361111!4d-79.9005556!15sChdQYXJyaWxsYSBQdW50YSBkZWwgRXN0ZVoZIhdwYXJyaWxsYSBwdW50YSBkZWwgZXN0ZZIBBmFzYWRvcpoBI0NoWkRTVWhOTUc5blMwVkpRMEZuU1VSYU1IWlFhMVZuRUFF4AEA-gEECAAQJQ!16s%2Fg%2F1tflyy__?entry=ttu&g_ep=EgoyMDI2MDgwNS4xIKXMDSoASAFQAw%3D%3D","3",,"V37X+HQ4, Av. 2 N-E - Ing. Rodolfo Baquerizo Nazur","false","Buena parrilla, pero servicio súper desmejorado, en comparación con años anteriores. PERO COMO PARTILLA 10 PUNTOS Y EN ESPECIAL EL CHORIZO FUERA DE SERIE.",,"Parrillada Punta Del Este","4.3",,"https://www.google.com/maps/search/?api=1&query=Parrillada%20Punta%20Del%20Este&query_place_id=ChIJvUBMdmxtLZAR4UKXj_NY9UM",
"V37X+HQ4, Av. 2 N-E - Ing. Rodolfo Baquerizo Nazur, 090508 Guayaquil, Ecuador","Parrilla","Parrilla","4896917972944634593","Guayaquil","EC","0x902d6d6c764c40bd:0x43f558f38f9742e1",,"https://lh3.googleusercontent.com/gps-cs-s/AHRPTWkRTcvnpJDUhkVYCVgu4xIBH78r7D8wp1dQEbHQ0Gg3bt0SA10fk4KPI-CuXfPpw30foXs14EvOqAhfn60g_e6Wpq_vLlKvmAM4nPsnslA1g3NcJMa435bQ_XV53KLTDQzio2v5KQ=w408-h306-k-no","false","true","/g/1tflyy__","es-419","0","-2.1361111","-79.9005556",,"Alborada Este",,"false","ChIJvUBMdmxtLZAR4UKXj_NY9UM","090508",,"Hace 3 años","2023-02-24T04:19:00.127Z",,,,,,,,,,,,,,,,,,,,,,"ChdDSUhNMG9nS0VJQ0FnSUNoNV9HanB3RRAB",,,,,,,,"Google",,,"10",,,"1212","2026-08-08T17:30:22.978Z","Direct Detail URL: https://www.google.com/maps/place/Parrillada+Punta+Del+Este/@-2.2158291,-79.9617486,11.42z/data=!4m10!1m2!2m1!1sParrilla+Punta+del+Este+!3m6!1s0x902d6d6c764c40bd:0x43f558f38f9742e1!8m2!3d-2.1361111!4d-79.9005556!15sChdQYXJyaWxsYSBQdW50YSBkZWwgRXN0ZVoZIhdwYXJyaWxsYSBwdW50YSBkZWwgZXN0ZZIBBmFzYWRvcpoBI0NoWkRTVWhOTUc5blMwVkpRMEZuU1VSYU1IWlFhMVZuRUFF4AEA-gEECAAQJQ!16s%2Fg%2F1tflyy__?entry=ttu&g_ep=EgoyMDI2MDgwNS4xIKXMDSoASAFQAw%3D%3D","4",,"V37X+HQ4, Av. 2 N-E - Ing. Rodolfo Baquerizo Nazur","false",,,"Parrillada Punta Del Este","4.3",,"https://www.google.com/maps/search/?api=1&query=Parrillada%20Punta%20Del%20Este&query_place_id=ChIJvUBMdmxtLZAR4UKXj_NY9UM",
"V37X+HQ4, Av. 2 N-E - Ing. Rodolfo Baquerizo Nazur, 090508 Guayaquil, Ecuador","Parrilla","Parrilla","4896917972944634593","Guayaquil","EC","0x902d6d6c764c40bd:0x43f558f38f9742e1",,"https://lh3.googleusercontent.com/gps-cs-s/AHRPTWkRTcvnpJDUhkVYCVgu4xIBH78r7D8wp1dQEbHQ0Gg3bt0SA10fk4KPI-CuXfPpw30foXs14EvOqAhfn60g_e6Wpq_vLlKvmAM4nPsnslA1g3NcJMa435bQ_XV53KLTDQzio2v5KQ=w408-h306-k-no","false","true","/g/1tflyy__","es-419","0","-2.1361111","-79.9005556",,"Alborada Este",,"false","ChIJvUBMdmxtLZAR4UKXj_NY9UM","090508",,"Hace 3 años","2023-02-05T22:39:48.078Z",,,,,"Hay suficiente espacio",,,,"Estacionamiento gratuito, Estacionamiento pagado","Partillada",,,,,,,"Almuerzo","Consumo en el lugar",,,,"ChdDSUhNMG9nS0VJQ0FnSUNoNU82VW9BRRAB",,,,,,,,"Google",,,"27",,,"1212","2026-08-08T17:30:22.978Z","Direct Detail URL: https://www.google.com/maps/place/Parrillada+Punta+Del+Este/@-2.2158291,-79.9617486,11.42z/data=!4m10!1m2!2m1!1sParrilla+Punta+del+Este+!3m6!1s0x902d6d6c764c40bd:0x43f558f38f9742e1!8m2!3d-2.1361111!4d-79.9005556!15sChdQYXJyaWxsYSBQdW50YSBkZWwgRXN0ZVoZIhdwYXJyaWxsYSBwdW50YSBkZWwgZXN0ZZIBBmFzYWRvcpoBI0NoWkRTVWhOTUc5blMwVkpRMEZuU1VSYU1IWlFhMVZuRUFF4AEA-gEECAAQJQ!16s%2Fg%2F1tflyy__?entry=ttu&g_ep=EgoyMDI2MDgwNS4xIKXMDSoASAFQAw%3D%3D","1",,"V37X+HQ4, Av. 2 N-E - Ing. Rodolfo Baquerizo Nazur","false",,,"Parrillada Punta Del Este","4.3",,"https://www.google.com/maps/search/?api=1&query=Parrillada%20Punta%20Del%20Este&query_place_id=ChIJvUBMdmxtLZAR4UKXj_NY9UM",
"V37X+HQ4, Av. 2 N-E - Ing. Rodolfo Baquerizo Nazur, 090508 Guayaquil, Ecuador","Parrilla","Parrilla","4896917972944634593","Guayaquil","EC","0x902d6d6c764c40bd:0x43f558f38f9742e1",,"https://lh3.googleusercontent.com/gps-cs-s/AHRPTWkRTcvnpJDUhkVYCVgu4xIBH78r7D8wp1dQEbHQ0Gg3bt0SA10fk4KPI-CuXfPpw30foXs14EvOqAhfn60g_e6Wpq_vLlKvmAM4nPsnslA1g3NcJMa435bQ_XV53KLTDQzio2v5KQ=w408-h306-k-no","false","true","/g/1tflyy__","es-419","0","-2.1361111","-79.9005556",,"Alborada Este",,"false","ChIJvUBMdmxtLZAR4UKXj_NY9UM","090508",,"Hace 3 años","2023-01-31T03:57:27.879Z",,,,,,,,,,,,,,,,,,,"5","5","5","ChdDSUhNMG9nS0VJQ0FnSURCMTdTZWtBRRAB",,,,,,,,"Google",,,"105",,,"1212","2026-08-08T17:30:22.978Z","Direct Detail URL: https://www.google.com/maps/place/Parrillada+Punta+Del+Este/@-2.2158291,-79.9617486,11.42z/data=!4m10!1m2!2m1!1sParrilla+Punta+del+Este+!3m6!1s0x902d6d6c764c40bd:0x43f558f38f9742e1!8m2!3d-2.1361111!4d-79.9005556!15sChdQYXJyaWxsYSBQdW50YSBkZWwgRXN0ZVoZIhdwYXJyaWxsYSBwdW50YSBkZWwgZXN0ZZIBBmFzYWRvcpoBI0NoWkRTVWhOTUc5blMwVkpRMEZuU1VSYU1IWlFhMVZuRUFF4AEA-gEECAAQJQ!16s%2Fg%2F1tflyy__?entry=ttu&g_ep=EgoyMDI2MDgwNS4xIKXMDSoASAFQAw%3D%3D","5",,"V37X+HQ4, Av. 2 N-E - Ing. Rodolfo Baquerizo Nazur","false",,,"Parrillada Punta Del Este","4.3",,"https://www.google.com/maps/search/?api=1&query=Parrillada%20Punta%20Del%20Este&query_place_id=ChIJvUBMdmxtLZAR4UKXj_NY9UM",
"V37X+HQ4, Av. 2 N-E - Ing. Rodolfo Baquerizo Nazur, 090508 Guayaquil, Ecuador","Parrilla","Parrilla","4896917972944634593","Guayaquil","EC","0x902d6d6c764c40bd:0x43f558f38f9742e1",,"https://lh3.googleusercontent.com/gps-cs-s/AHRPTWkRTcvnpJDUhkVYCVgu4xIBH78r7D8wp1dQEbHQ0Gg3bt0SA10fk4KPI-CuXfPpw30foXs14EvOqAhfn60g_e6Wpq_vLlKvmAM4nPsnslA1g3NcJMa435bQ_XV53KLTDQzio2v5KQ=w408-h306-k-no","false","false","/g/1tflyy__","es-419","0","-2.1361111","-79.9005556",,"Alborada Este",,"false","ChIJvUBMdmxtLZAR4UKXj_NY9UM","090508",,"Hace 3 años","2023-01-29T03:41:13.363Z",,,,,,,,,,,,,,,,,,,"5","5","5","ChdDSUhNMG9nS0VJQ0FnSURCcV8zRzNnRRAB",,,,,,,,"Google",,,"3",,,"1212","2026-08-08T17:30:22.978Z","Direct Detail URL: https://www.google.com/maps/place/Parrillada+Punta+Del+Este/@-2.2158291,-79.9617486,11.42z/data=!4m10!1m2!2m1!1sParrilla+Punta+del+Este+!3m6!1s0x902d6d6c764c40bd:0x43f558f38f9742e1!8m2!3d-2.1361111!4d-79.9005556!15sChdQYXJyaWxsYSBQdW50YSBkZWwgRXN0ZVoZIhdwYXJyaWxsYSBwdW50YSBkZWwgZXN0ZZIBBmFzYWRvcpoBI0NoWkRTVWhOTUc5blMwVkpRMEZuU1VSYU1IWlFhMVZuRUFF4AEA-gEECAAQJQ!16s%2Fg%2F1tflyy__?entry=ttu&g_ep=EgoyMDI2MDgwNS4xIKXMDSoASAFQAw%3D%3D","5",,"V37X+HQ4, Av. 2 N-E - Ing. Rodolfo Baquerizo Nazur","false",,,"Parrillada Punta Del Este","4.3",,"https://www.google.com/maps/search/?api=1&query=Parrillada%20Punta%20Del%20Este&query_place_id=ChIJvUBMdmxtLZAR4UKXj_NY9UM",
"V37X+HQ4, Av. 2 N-E - Ing. Rodolfo Baquerizo Nazur, 090508 Guayaquil, Ecuador","Parrilla","Parrilla","4896917972944634593","Guayaquil","EC","0x902d6d6c764c40bd:0x43f558f38f9742e1",,"https://lh3.googleusercontent.com/gps-cs-s/AHRPTWkRTcvnpJDUhkVYCVgu4xIBH78r7D8wp1dQEbHQ0Gg3bt0SA10fk4KPI-CuXfPpw30foXs14EvOqAhfn60g_e6Wpq_vLlKvmAM4nPsnslA1g3NcJMa435bQ_XV53KLTDQzio2v5KQ=w408-h306-k-no","false","true","/g/1tflyy__","es-419","0","-2.1361111","-79.9005556",,"Alborada Este",,"false","ChIJvUBMdmxtLZAR4UKXj_NY9UM","090508",,"Hace 3 años","2023-01-26T00:13:31.190Z",,,,,,,,,,"Moro Con Menestra Para la Parrillada",,,,,,,"Cena","Consumo en el lugar","4","5","4","ChdDSUhNMG9nS0VJQ0FnSURCclp5bjBRRRAB",,,,,,,,"Google",,,"3",,,"1212","2026-08-08T17:30:22.978Z","Direct Detail URL: https://www.google.com/maps/place/Parrillada+Punta+Del+Este/@-2.2158291,-79.9617486,11.42z/data=!4m10!1m2!2m1!1sParrilla+Punta+del+Este+!3m6!1s0x902d6d6c764c40bd:0x43f558f38f9742e1!8m2!3d-2.1361111!4d-79.9005556!15sChdQYXJyaWxsYSBQdW50YSBkZWwgRXN0ZVoZIhdwYXJyaWxsYSBwdW50YSBkZWwgZXN0ZZIBBmFzYWRvcpoBI0NoWkRTVWhOTUc5blMwVkpRMEZuU1VSYU1IWlFhMVZuRUFF4AEA-gEECAAQJQ!16s%2Fg%2F1tflyy__?entry=ttu&g_ep=EgoyMDI2MDgwNS4xIKXMDSoASAFQAw%3D%3D","5",,"V37X+HQ4, Av. 2 N-E - Ing. Rodolfo Baquerizo Nazur","false",,,"Parrillada Punta Del Este","4.3",,"https://www.google.com/maps/search/?api=1&query=Parrillada%20Punta%20Del%20Este&query_place_id=ChIJvUBMdmxtLZAR4UKXj_NY9UM",
"V37X+HQ4, Av. 2 N-E - Ing. Rodolfo Baquerizo Nazur, 090508 Guayaquil, Ecuador","Parrilla","Parrilla","4896917972944634593","Guayaquil","EC","0x902d6d6c764c40bd:0x43f558f38f9742e1",,"https://lh3.googleusercontent.com/gps-cs-s/AHRPTWkRTcvnpJDUhkVYCVgu4xIBH78r7D8wp1dQEbHQ0Gg3bt0SA10fk4KPI-CuXfPpw30foXs14EvOqAhfn60g_e6Wpq_vLlKvmAM4nPsnslA1g3NcJMa435bQ_XV53KLTDQzio2v5KQ=w408-h306-k-no","false","true","/g/1tflyy__","es-419","0","-2.1361111","-79.9005556",,"Alborada Este","es","false","ChIJvUBMdmxtLZAR4UKXj_NY9UM","090508",,"Editado Hace 3 años","2023-01-22T02:39:08.607Z",,,,,,,,,,,,,,,,,,,"3","5","5","ChRDSUhNMG9nS0VJQ0FnSURBMl9KdBAB",,,,,,,,"Google",,,"51",,,"1212","2026-08-08T17:30:22.978Z","Direct Detail URL: https://www.google.com/maps/place/Parrillada+Punta+Del+Este/@-2.2158291,-79.9617486,11.42z/data=!4m10!1m2!2m1!1sParrilla+Punta+del+Este+!3m6!1s0x902d6d6c764c40bd:0x43f558f38f9742e1!8m2!3d-2.1361111!4d-79.9005556!15sChdQYXJyaWxsYSBQdW50YSBkZWwgRXN0ZVoZIhdwYXJyaWxsYSBwdW50YSBkZWwgZXN0ZZIBBmFzYWRvcpoBI0NoWkRTVWhOTUc5blMwVkpRMEZuU1VSYU1IWlFhMVZuRUFF4AEA-gEECAAQJQ!16s%2Fg%2F1tflyy__?entry=ttu&g_ep=EgoyMDI2MDgwNS4xIKXMDSoASAFQAw%3D%3D","3",,"V37X+HQ4, Av. 2 N-E - Ing. Rodolfo Baquerizo Nazur","false","Buenas carnes!!!",,"Parrillada Punta Del Este","4.3",,"https://www.google.com/maps/search/?api=1&query=Parrillada%20Punta%20Del%20Este&query_place_id=ChIJvUBMdmxtLZAR4UKXj_NY9UM",
"V37X+HQ4, Av. 2 N-E - Ing. Rodolfo Baquerizo Nazur, 090508 Guayaquil, Ecuador","Parrilla","Parrilla","4896917972944634593","Guayaquil","EC","0x902d6d6c764c40bd:0x43f558f38f9742e1",,"https://lh3.googleusercontent.com/gps-cs-s/AHRPTWkRTcvnpJDUhkVYCVgu4xIBH78r7D8wp1dQEbHQ0Gg3bt0SA10fk4KPI-CuXfPpw30foXs14EvOqAhfn60g_e6Wpq_vLlKvmAM4nPsnslA1g3NcJMa435bQ_XV53KLTDQzio2v5KQ=w408-h306-k-no","false","false","/g/1tflyy__","es-419","0","-2.1361111","-79.9005556",,"Alborada Este","es","false","ChIJvUBMdmxtLZAR4UKXj_NY9UM","090508",,"Hace 3 años","2023-01-22T01:16:03.060Z",,,,,,,,,,,,,,,,,,,"5","5","5","ChZDSUhNMG9nS0VJQ0FnSURCMFlhcmNnEAE",,,,,,,,"Google",,,"1",,,"1212","2026-08-08T17:30:22.978Z","Direct Detail URL: https://www.google.com/maps/place/Parrillada+Punta+Del+Este/@-2.2158291,-79.9617486,11.42z/data=!4m10!1m2!2m1!1sParrilla+Punta+del+Este+!3m6!1s0x902d6d6c764c40bd:0x43f558f38f9742e1!8m2!3d-2.1361111!4d-79.9005556!15sChdQYXJyaWxsYSBQdW50YSBkZWwgRXN0ZVoZIhdwYXJyaWxsYSBwdW50YSBkZWwgZXN0ZZIBBmFzYWRvcpoBI0NoWkRTVWhOTUc5blMwVkpRMEZuU1VSYU1IWlFhMVZuRUFF4AEA-gEECAAQJQ!16s%2Fg%2F1tflyy__?entry=ttu&g_ep=EgoyMDI2MDgwNS4xIKXMDSoASAFQAw%3D%3D","1",,"V37X+HQ4, Av. 2 N-E - Ing. Rodolfo Baquerizo Nazur","false","Muy buena la atención",,"Parrillada Punta Del Este","4.3",,"https://www.google.com/maps/search/?api=1&query=Parrillada%20Punta%20Del%20Este&query_place_id=ChIJvUBMdmxtLZAR4UKXj_NY9UM",
"V37X+HQ4, Av. 2 N-E - Ing. Rodolfo Baquerizo Nazur, 090508 Guayaquil, Ecuador","Parrilla","Parrilla","4896917972944634593","Guayaquil","EC","0x902d6d6c764c40bd:0x43f558f38f9742e1",,"https://lh3.googleusercontent.com/gps-cs-s/AHRPTWkRTcvnpJDUhkVYCVgu4xIBH78r7D8wp1dQEbHQ0Gg3bt0SA10fk4KPI-CuXfPpw30foXs14EvOqAhfn60g_e6Wpq_vLlKvmAM4nPsnslA1g3NcJMa435bQ_XV53KLTDQzio2v5KQ=w408-h306-k-no","false","false","/g/1tflyy__","es-419","0","-2.1361111","-79.9005556",,"Alborada Este","es","false","ChIJvUBMdmxtLZAR4UKXj_NY9UM","090508",,"Editado Hace 3 años","2023-01-11T01:45:23.452Z",,,,,,,,,,"Partillada",,,,,,,"Cena","Consumo en el lugar","5","5","5","ChZDSUhNMG9nS0VJQ0FnSUNCOTl6R2RREAE",,,,,,,,"Google",,,"8",,,"1212","2026-08-08T17:30:22.978Z","Direct Detail URL: https://www.google.com/maps/place/Parrillada+Punta+Del+Este/@-2.2158291,-79.9617486,11.42z/data=!4m10!1m2!2m1!1sParrilla+Punta+del+Este+!3m6!1s0x902d6d6c764c40bd:0x43f558f38f9742e1!8m2!3d-2.1361111!4d-79.9005556!15sChdQYXJyaWxsYSBQdW50YSBkZWwgRXN0ZVoZIhdwYXJyaWxsYSBwdW50YSBkZWwgZXN0ZZIBBmFzYWRvcpoBI0NoWkRTVWhOTUc5blMwVkpRMEZuU1VSYU1IWlFhMVZuRUFF4AEA-gEECAAQJQ!16s%2Fg%2F1tflyy__?entry=ttu&g_ep=EgoyMDI2MDgwNS4xIKXMDSoASAFQAw%3D%3D","5",,"V37X+HQ4, Av. 2 N-E - Ing. Rodolfo Baquerizo Nazur","false","Exelente...",,"Parrillada Punta Del Este","4.3",,"https://www.google.com/maps/search/?api=1&query=Parrillada%20Punta%20Del%20Este&query_place_id=ChIJvUBMdmxtLZAR4UKXj_NY9UM",
"V37X+HQ4, Av. 2 N-E - Ing. Rodolfo Baquerizo Nazur, 090508 Guayaquil, Ecuador","Parrilla","Parrilla","4896917972944634593","Guayaquil","EC","0x902d6d6c764c40bd:0x43f558f38f9742e1",,"https://lh3.googleusercontent.com/gps-cs-s/AHRPTWkRTcvnpJDUhkVYCVgu4xIBH78r7D8wp1dQEbHQ0Gg3bt0SA10fk4KPI-CuXfPpw30foXs14EvOqAhfn60g_e6Wpq_vLlKvmAM4nPsnslA1g3NcJMa435bQ_XV53KLTDQzio2v5KQ=w408-h306-k-no","false","true","/g/1tflyy__","es-419","0","-2.1361111","-79.9005556",,"Alborada Este",,"false","ChIJvUBMdmxtLZAR4UKXj_NY9UM","090508",,"Hace 3 años","2023-01-06T00:57:10.830Z",,,,,,,,,,,,,,,,,,,"5","5","5","ChdDSUhNMG9nS0VJQ0FnSUNCeDlyM2x3RRAB",,,,,,,,"Google",,,"4",,,"1212","2026-08-08T17:30:22.978Z","Direct Detail URL: https://www.google.com/maps/place/Parrillada+Punta+Del+Este/@-2.2158291,-79.9617486,11.42z/data=!4m10!1m2!2m1!1sParrilla+Punta+del+Este+!3m6!1s0x902d6d6c764c40bd:0x43f558f38f9742e1!8m2!3d-2.1361111!4d-79.9005556!15sChdQYXJyaWxsYSBQdW50YSBkZWwgRXN0ZVoZIhdwYXJyaWxsYSBwdW50YSBkZWwgZXN0ZZIBBmFzYWRvcpoBI0NoWkRTVWhOTUc5blMwVkpRMEZuU1VSYU1IWlFhMVZuRUFF4AEA-gEECAAQJQ!16s%2Fg%2F1tflyy__?entry=ttu&g_ep=EgoyMDI2MDgwNS4xIKXMDSoASAFQAw%3D%3D","5",,"V37X+HQ4, Av. 2 N-E - Ing. Rodolfo Baquerizo Nazur","false",,,"Parrillada Punta Del Este","4.3",,"https://www.google.com/maps/search/?api=1&query=Parrillada%20Punta%20Del%20Este&query_place_id=ChIJvUBMdmxtLZAR4UKXj_NY9UM",
"V37X+HQ4, Av. 2 N-E - Ing. Rodolfo Baquerizo Nazur, 090508 Guayaquil, Ecuador","Parrilla","Parrilla","4896917972944634593","Guayaquil","EC","0x902d6d6c764c40bd:0x43f558f38f9742e1",,"https://lh3.googleusercontent.com/gps-cs-s/AHRPTWkRTcvnpJDUhkVYCVgu4xIBH78r7D8wp1dQEbHQ0Gg3bt0SA10fk4KPI-CuXfPpw30foXs14EvOqAhfn60g_e6Wpq_vLlKvmAM4nPsnslA1g3NcJMa435bQ_XV53KLTDQzio2v5KQ=w408-h306-k-no","false","true","/g/1tflyy__","es-419","0","-2.1361111","-79.9005556",,"Alborada Este","es","false","ChIJvUBMdmxtLZAR4UKXj_NY9UM","090508",,"Hace 3 años","2022-12-25T20:51:46.033Z",,,,,,,,,,,,,,,,,,,"4","5","5","ChZDSUhNMG9nS0VJQ0FnSUNCenRHT09nEAE",,,,,,,,"Google",,,"175",,,"1212","2026-08-08T17:30:22.978Z","Direct Detail URL: https://www.google.com/maps/place/Parrillada+Punta+Del+Este/@-2.2158291,-79.9617486,11.42z/data=!4m10!1m2!2m1!1sParrilla+Punta+del+Este+!3m6!1s0x902d6d6c764c40bd:0x43f558f38f9742e1!8m2!3d-2.1361111!4d-79.9005556!15sChdQYXJyaWxsYSBQdW50YSBkZWwgRXN0ZVoZIhdwYXJyaWxsYSBwdW50YSBkZWwgZXN0ZZIBBmFzYWRvcpoBI0NoWkRTVWhOTUc5blMwVkpRMEZuU1VSYU1IWlFhMVZuRUFF4AEA-gEECAAQJQ!16s%2Fg%2F1tflyy__?entry=ttu&g_ep=EgoyMDI2MDgwNS4xIKXMDSoASAFQAw%3D%3D","5",,"V37X+HQ4, Av. 2 N-E - Ing. Rodolfo Baquerizo Nazur","false","Buen ambiente, variedad y buen servicio",,"Parrillada Punta Del Este","4.3",,"https://www.google.com/maps/search/?api=1&query=Parrillada%20Punta%20Del%20Este&query_place_id=ChIJvUBMdmxtLZAR4UKXj_NY9UM",
"V37X+HQ4, Av. 2 N-E - Ing. Rodolfo Baquerizo Nazur, 090508 Guayaquil, Ecuador","Parrilla","Parrilla","4896917972944634593","Guayaquil","EC","0x902d6d6c764c40bd:0x43f558f38f9742e1",,"https://lh3.googleusercontent.com/gps-cs-s/AHRPTWkRTcvnpJDUhkVYCVgu4xIBH78r7D8wp1dQEbHQ0Gg3bt0SA10fk4KPI-CuXfPpw30foXs14EvOqAhfn60g_e6Wpq_vLlKvmAM4nPsnslA1g3NcJMa435bQ_XV53KLTDQzio2v5KQ=w408-h306-k-no","false","false","/g/1tflyy__","es-419","0","-2.1361111","-79.9005556",,"Alborada Este",,"false","ChIJvUBMdmxtLZAR4UKXj_NY9UM","090508",,"Hace 3 años","2022-12-24T04:38:54.230Z",,,,,,,,,,,,,,,,,,,,,,"ChZDSUhNMG9nS0VJQ0FnSUNCcHJ2Y1VREAE",,,,,,,,"Google",,,"6",,,"1212","2026-08-08T17:30:22.978Z","Direct Detail URL: https://www.google.com/maps/place/Parrillada+Punta+Del+Este/@-2.2158291,-79.9617486,11.42z/data=!4m10!1m2!2m1!1sParrilla+Punta+del+Este+!3m6!1s0x902d6d6c764c40bd:0x43f558f38f9742e1!8m2!3d-2.1361111!4d-79.9005556!15sChdQYXJyaWxsYSBQdW50YSBkZWwgRXN0ZVoZIhdwYXJyaWxsYSBwdW50YSBkZWwgZXN0ZZIBBmFzYWRvcpoBI0NoWkRTVWhOTUc5blMwVkpRMEZuU1VSYU1IWlFhMVZuRUFF4AEA-gEECAAQJQ!16s%2Fg%2F1tflyy__?entry=ttu&g_ep=EgoyMDI2MDgwNS4xIKXMDSoASAFQAw%3D%3D","5",,"V37X+HQ4, Av. 2 N-E - Ing. Rodolfo Baquerizo Nazur","false",,,"Parrillada Punta Del Este","4.3",,"https://www.google.com/maps/search/?api=1&query=Parrillada%20Punta%20Del%20Este&query_place_id=ChIJvUBMdmxtLZAR4UKXj_NY9UM",
"V37X+HQ4, Av. 2 N-E - Ing. Rodolfo Baquerizo Nazur, 090508 Guayaquil, Ecuador","Parrilla","Parrilla","4896917972944634593","Guayaquil","EC","0x902d6d6c764c40bd:0x43f558f38f9742e1",,"https://lh3.googleusercontent.com/gps-cs-s/AHRPTWkRTcvnpJDUhkVYCVgu4xIBH78r7D8wp1dQEbHQ0Gg3bt0SA10fk4KPI-CuXfPpw30foXs14EvOqAhfn60g_e6Wpq_vLlKvmAM4nPsnslA1g3NcJMa435bQ_XV53KLTDQzio2v5KQ=w408-h306-k-no","false","true","/g/1tflyy__","es-419","0","-2.1361111","-79.9005556",,"Alborada Este",,"false","ChIJvUBMdmxtLZAR4UKXj_NY9UM","090508",,"Hace 3 años","2022-12-21T15:26:40.705Z",,,,,,,,,,,,,,,,,,,"3","4","4","ChdDSUhNMG9nS0VJQ0FnSUNCc3Q3bzJ3RRAB",,,,,,,,"Google",,,"12",,,"1212","2026-08-08T17:30:22.978Z","Direct Detail URL: https://www.google.com/maps/place/Parrillada+Punta+Del+Este/@-2.2158291,-79.9617486,11.42z/data=!4m10!1m2!2m1!1sParrilla+Punta+del+Este+!3m6!1s0x902d6d6c764c40bd:0x43f558f38f9742e1!8m2!3d-2.1361111!4d-79.9005556!15sChdQYXJyaWxsYSBQdW50YSBkZWwgRXN0ZVoZIhdwYXJyaWxsYSBwdW50YSBkZWwgZXN0ZZIBBmFzYWRvcpoBI0NoWkRTVWhOTUc5blMwVkpRMEZuU1VSYU1IWlFhMVZuRUFF4AEA-gEECAAQJQ!16s%2Fg%2F1tflyy__?entry=ttu&g_ep=EgoyMDI2MDgwNS4xIKXMDSoASAFQAw%3D%3D","4",,"V37X+HQ4, Av. 2 N-E - Ing. Rodolfo Baquerizo Nazur","false",,,"Parrillada Punta Del Este","4.3",,"https://www.google.com/maps/search/?api=1&query=Parrillada%20Punta%20Del%20Este&query_place_id=ChIJvUBMdmxtLZAR4UKXj_NY9UM",
"V37X+HQ4, Av. 2 N-E - Ing. Rodolfo Baquerizo Nazur, 090508 Guayaquil, Ecuador","Parrilla","Parrilla","4896917972944634593","Guayaquil","EC","0x902d6d6c764c40bd:0x43f558f38f9742e1",,"https://lh3.googleusercontent.com/gps-cs-s/AHRPTWkRTcvnpJDUhkVYCVgu4xIBH78r7D8wp1dQEbHQ0Gg3bt0SA10fk4KPI-CuXfPpw30foXs14EvOqAhfn60g_e6Wpq_vLlKvmAM4nPsnslA1g3NcJMa435bQ_XV53KLTDQzio2v5KQ=w408-h306-k-no","false","true","/g/1tflyy__","es-419","0","-2.1361111","-79.9005556",,"Alborada Este","es","false","ChIJvUBMdmxtLZAR4UKXj_NY9UM","090508",,"Hace 3 años","2022-12-13T00:37:21.705Z",,,,,,,,,,,,,,,,,,,"4","5","5","ChZDSUhNMG9nS0VJQ0FnSUQtcjdlZUhnEAE",,,,,,,,"Google",,,"34",,,"1212","2026-08-08T17:30:22.978Z","Direct Detail URL: https://www.google.com/maps/place/Parrillada+Punta+Del+Este/@-2.2158291,-79.9617486,11.42z/data=!4m10!1m2!2m1!1sParrilla+Punta+del+Este+!3m6!1s0x902d6d6c764c40bd:0x43f558f38f9742e1!8m2!3d-2.1361111!4d-79.9005556!15sChdQYXJyaWxsYSBQdW50YSBkZWwgRXN0ZVoZIhdwYXJyaWxsYSBwdW50YSBkZWwgZXN0ZZIBBmFzYWRvcpoBI0NoWkRTVWhOTUc5blMwVkpRMEZuU1VSYU1IWlFhMVZuRUFF4AEA-gEECAAQJQ!16s%2Fg%2F1tflyy__?entry=ttu&g_ep=EgoyMDI2MDgwNS4xIKXMDSoASAFQAw%3D%3D","4",,"V37X+HQ4, Av. 2 N-E - Ing. Rodolfo Baquerizo Nazur","false","Mejorar infraestructura y modernizar ambiente",,"Parrillada Punta Del Este","4.3",,"https://www.google.com/maps/search/?api=1&query=Parrillada%20Punta%20Del%20Este&query_place_id=ChIJvUBMdmxtLZAR4UKXj_NY9UM",
"V37X+HQ4, Av. 2 N-E - Ing. Rodolfo Baquerizo Nazur, 090508 Guayaquil, Ecuador","Parrilla","Parrilla","4896917972944634593","Guayaquil","EC","0x902d6d6c764c40bd:0x43f558f38f9742e1",,"https://lh3.googleusercontent.com/gps-cs-s/AHRPTWkRTcvnpJDUhkVYCVgu4xIBH78r7D8wp1dQEbHQ0Gg3bt0SA10fk4KPI-CuXfPpw30foXs14EvOqAhfn60g_e6Wpq_vLlKvmAM4nPsnslA1g3NcJMa435bQ_XV53KLTDQzio2v5KQ=w408-h306-k-no","false","false","/g/1tflyy__","es-419","0","-2.1361111","-79.9005556",,"Alborada Este",,"false","ChIJvUBMdmxtLZAR4UKXj_NY9UM","090508",,"Hace 3 años","2022-12-04T15:33:04.130Z",,,,,,,,,,,,,,,,,"Otro","Consumo en el lugar","3","4","4","ChZDSUhNMG9nS0VJQ0FnSUQtaGZTY0VREAE",,,,,,,,"Google",,,"0",,,"1212","2026-08-08T17:30:22.978Z","Direct Detail URL: https://www.google.com/maps/place/Parrillada+Punta+Del+Este/@-2.2158291,-79.9617486,11.42z/data=!4m10!1m2!2m1!1sParrilla+Punta+del+Este+!3m6!1s0x902d6d6c764c40bd:0x43f558f38f9742e1!8m2!3d-2.1361111!4d-79.9005556!15sChdQYXJyaWxsYSBQdW50YSBkZWwgRXN0ZVoZIhdwYXJyaWxsYSBwdW50YSBkZWwgZXN0ZZIBBmFzYWRvcpoBI0NoWkRTVWhOTUc5blMwVkpRMEZuU1VSYU1IWlFhMVZuRUFF4AEA-gEECAAQJQ!16s%2Fg%2F1tflyy__?entry=ttu&g_ep=EgoyMDI2MDgwNS4xIKXMDSoASAFQAw%3D%3D","4",,"V37X+HQ4, Av. 2 N-E - Ing. Rodolfo Baquerizo Nazur","false",,,"Parrillada Punta Del Este","4.3",,"https://www.google.com/maps/search/?api=1&query=Parrillada%20Punta%20Del%20Este&query_place_id=ChIJvUBMdmxtLZAR4UKXj_NY9UM",
"V37X+HQ4, Av. 2 N-E - Ing. Rodolfo Baquerizo Nazur, 090508 Guayaquil, Ecuador","Parrilla","Parrilla","4896917972944634593","Guayaquil","EC","0x902d6d6c764c40bd:0x43f558f38f9742e1",,"https://lh3.googleusercontent.com/gps-cs-s/AHRPTWkRTcvnpJDUhkVYCVgu4xIBH78r7D8wp1dQEbHQ0Gg3bt0SA10fk4KPI-CuXfPpw30foXs14EvOqAhfn60g_e6Wpq_vLlKvmAM4nPsnslA1g3NcJMa435bQ_XV53KLTDQzio2v5KQ=w408-h306-k-no","false","true","/g/1tflyy__","es-419","0","-2.1361111","-79.9005556",,"Alborada Este",,"false","ChIJvUBMdmxtLZAR4UKXj_NY9UM","090508",,"Hace 3 años","2022-11-28T05:16:05.235Z",,,,,,,,,,,,,,,,,"Cena","Consumo en el lugar","5","5","5","ChZDSUhNMG9nS0VJQ0FnSUQtaHBTeUNnEAE",,,,,,,,"Google",,,"5",,,"1212","2026-08-08T17:30:22.978Z","Direct Detail URL: https://www.google.com/maps/place/Parrillada+Punta+Del+Este/@-2.2158291,-79.9617486,11.42z/data=!4m10!1m2!2m1!1sParrilla+Punta+del+Este+!3m6!1s0x902d6d6c764c40bd:0x43f558f38f9742e1!8m2!3d-2.1361111!4d-79.9005556!15sChdQYXJyaWxsYSBQdW50YSBkZWwgRXN0ZVoZIhdwYXJyaWxsYSBwdW50YSBkZWwgZXN0ZZIBBmFzYWRvcpoBI0NoWkRTVWhOTUc5blMwVkpRMEZuU1VSYU1IWlFhMVZuRUFF4AEA-gEECAAQJQ!16s%2Fg%2F1tflyy__?entry=ttu&g_ep=EgoyMDI2MDgwNS4xIKXMDSoASAFQAw%3D%3D","5",,"V37X+HQ4, Av. 2 N-E - Ing. Rodolfo Baquerizo Nazur","false",,,"Parrillada Punta Del Este","4.3",,"https://www.google.com/maps/search/?api=1&query=Parrillada%20Punta%20Del%20Este&query_place_id=ChIJvUBMdmxtLZAR4UKXj_NY9UM",
"V37X+HQ4, Av. 2 N-E - Ing. Rodolfo Baquerizo Nazur, 090508 Guayaquil, Ecuador","Parrilla","Parrilla","4896917972944634593","Guayaquil","EC","0x902d6d6c764c40bd:0x43f558f38f9742e1",,"https://lh3.googleusercontent.com/gps-cs-s/AHRPTWkRTcvnpJDUhkVYCVgu4xIBH78r7D8wp1dQEbHQ0Gg3bt0SA10fk4KPI-CuXfPpw30foXs14EvOqAhfn60g_e6Wpq_vLlKvmAM4nPsnslA1g3NcJMa435bQ_XV53KLTDQzio2v5KQ=w408-h306-k-no","false","true","/g/1tflyy__","es-419","0","-2.1361111","-79.9005556",,"Alborada Este",,"false","ChIJvUBMdmxtLZAR4UKXj_NY9UM","090508",,"Hace 3 años","2022-11-22T03:14:37.430Z",,,,,,,,,,,,,,,,,,,,,,"ChdDSUhNMG9nS0VJQ0FnSUQtbE9UT3NBRRAB",,,,,,,,"Google",,,"0",,,"1212","2026-08-08T17:30:22.978Z","Direct Detail URL: https://www.google.com/maps/place/Parrillada+Punta+Del+Este/@-2.2158291,-79.9617486,11.42z/data=!4m10!1m2!2m1!1sParrilla+Punta+del+Este+!3m6!1s0x902d6d6c764c40bd:0x43f558f38f9742e1!8m2!3d-2.1361111!4d-79.9005556!15sChdQYXJyaWxsYSBQdW50YSBkZWwgRXN0ZVoZIhdwYXJyaWxsYSBwdW50YSBkZWwgZXN0ZZIBBmFzYWRvcpoBI0NoWkRTVWhOTUc5blMwVkpRMEZuU1VSYU1IWlFhMVZuRUFF4AEA-gEECAAQJQ!16s%2Fg%2F1tflyy__?entry=ttu&g_ep=EgoyMDI2MDgwNS4xIKXMDSoASAFQAw%3D%3D","5",,"V37X+HQ4, Av. 2 N-E - Ing. Rodolfo Baquerizo Nazur","false",,,"Parrillada Punta Del Este","4.3",,"https://www.google.com/maps/search/?api=1&query=Parrillada%20Punta%20Del%20Este&query_place_id=ChIJvUBMdmxtLZAR4UKXj_NY9UM",
"V37X+HQ4, Av. 2 N-E - Ing. Rodolfo Baquerizo Nazur, 090508 Guayaquil, Ecuador","Parrilla","Parrilla","4896917972944634593","Guayaquil","EC","0x902d6d6c764c40bd:0x43f558f38f9742e1",,"https://lh3.googleusercontent.com/gps-cs-s/AHRPTWkRTcvnpJDUhkVYCVgu4xIBH78r7D8wp1dQEbHQ0Gg3bt0SA10fk4KPI-CuXfPpw30foXs14EvOqAhfn60g_e6Wpq_vLlKvmAM4nPsnslA1g3NcJMa435bQ_XV53KLTDQzio2v5KQ=w408-h306-k-no","false","false","/g/1tflyy__","es-419","0","-2.1361111","-79.9005556",,"Alborada Este",,"false","ChIJvUBMdmxtLZAR4UKXj_NY9UM","090508",,"Hace 3 años","2022-11-18T17:40:34.252Z",,,,,,,,,,,,,,,,,,,,,,"ChdDSUhNMG9nS0VJQ0FnSUQtNE5iUGhnRRAB",,,,,,,,"Google",,,"0",,,"1212","2026-08-08T17:30:22.978Z","Direct Detail URL: https://www.google.com/maps/place/Parrillada+Punta+Del+Este/@-2.2158291,-79.9617486,11.42z/data=!4m10!1m2!2m1!1sParrilla+Punta+del+Este+!3m6!1s0x902d6d6c764c40bd:0x43f558f38f9742e1!8m2!3d-2.1361111!4d-79.9005556!15sChdQYXJyaWxsYSBQdW50YSBkZWwgRXN0ZVoZIhdwYXJyaWxsYSBwdW50YSBkZWwgZXN0ZZIBBmFzYWRvcpoBI0NoWkRTVWhOTUc5blMwVkpRMEZuU1VSYU1IWlFhMVZuRUFF4AEA-gEECAAQJQ!16s%2Fg%2F1tflyy__?entry=ttu&g_ep=EgoyMDI2MDgwNS4xIKXMDSoASAFQAw%3D%3D","5",,"V37X+HQ4, Av. 2 N-E - Ing. Rodolfo Baquerizo Nazur","false",,,"Parrillada Punta Del Este","4.3",,"https://www.google.com/maps/search/?api=1&query=Parrillada%20Punta%20Del%20Este&query_place_id=ChIJvUBMdmxtLZAR4UKXj_NY9UM",
"V37X+HQ4, Av. 2 N-E - Ing. Rodolfo Baquerizo Nazur, 090508 Guayaquil, Ecuador","Parrilla","Parrilla","4896917972944634593","Guayaquil","EC","0x902d6d6c764c40bd:0x43f558f38f9742e1",,"https://lh3.googleusercontent.com/gps-cs-s/AHRPTWkRTcvnpJDUhkVYCVgu4xIBH78r7D8wp1dQEbHQ0Gg3bt0SA10fk4KPI-CuXfPpw30foXs14EvOqAhfn60g_e6Wpq_vLlKvmAM4nPsnslA1g3NcJMa435bQ_XV53KLTDQzio2v5KQ=w408-h306-k-no","false","false","/g/1tflyy__","es-419","0","-2.1361111","-79.9005556",,"Alborada Este",,"false","ChIJvUBMdmxtLZAR4UKXj_NY9UM","090508",,"Hace 3 años","2022-10-24T02:36:30.339Z",,,,,,,,,,,,,,,,,,,,,,"ChdDSUhNMG9nS0VJQ0FnSUMtZ1B5XzJnRRAB",,,,,,,,"Google",,,"1",,,"1212","2026-08-08T17:30:22.978Z","Direct Detail URL: https://www.google.com/maps/place/Parrillada+Punta+Del+Este/@-2.2158291,-79.9617486,11.42z/data=!4m10!1m2!2m1!1sParrilla+Punta+del+Este+!3m6!1s0x902d6d6c764c40bd:0x43f558f38f9742e1!8m2!3d-2.1361111!4d-79.9005556!15sChdQYXJyaWxsYSBQdW50YSBkZWwgRXN0ZVoZIhdwYXJyaWxsYSBwdW50YSBkZWwgZXN0ZZIBBmFzYWRvcpoBI0NoWkRTVWhOTUc5blMwVkpRMEZuU1VSYU1IWlFhMVZuRUFF4AEA-gEECAAQJQ!16s%2Fg%2F1tflyy__?entry=ttu&g_ep=EgoyMDI2MDgwNS4xIKXMDSoASAFQAw%3D%3D","5",,"V37X+HQ4, Av. 2 N-E - Ing. Rodolfo Baquerizo Nazur","false",,,"Parrillada Punta Del Este","4.3",,"https://www.google.com/maps/search/?api=1&query=Parrillada%20Punta%20Del%20Este&query_place_id=ChIJvUBMdmxtLZAR4UKXj_NY9UM",
"V37X+HQ4, Av. 2 N-E - Ing. Rodolfo Baquerizo Nazur, 090508 Guayaquil, Ecuador","Parrilla","Parrilla","4896917972944634593","Guayaquil","EC","0x902d6d6c764c40bd:0x43f558f38f9742e1",,"https://lh3.googleusercontent.com/gps-cs-s/AHRPTWkRTcvnpJDUhkVYCVgu4xIBH78r7D8wp1dQEbHQ0Gg3bt0SA10fk4KPI-CuXfPpw30foXs14EvOqAhfn60g_e6Wpq_vLlKvmAM4nPsnslA1g3NcJMa435bQ_XV53KLTDQzio2v5KQ=w408-h306-k-no","false","true","/g/1tflyy__","es-419","0","-2.1361111","-79.9005556",,"Alborada Este",,"false","ChIJvUBMdmxtLZAR4UKXj_NY9UM","090508",,"Hace 3 años","2022-10-03T21:22:16.878Z",,,,,,,,,,,,,,,,,"Almuerzo","Comida para llevar",,,,"ChdDSUhNMG9nS0VJQ0FnSURlaklIb3dRRRAB",,,,,,,,"Google",,,"13",,,"1212","2026-08-08T17:30:22.978Z","Direct Detail URL: https://www.google.com/maps/place/Parrillada+Punta+Del+Este/@-2.2158291,-79.9617486,11.42z/data=!4m10!1m2!2m1!1sParrilla+Punta+del+Este+!3m6!1s0x902d6d6c764c40bd:0x43f558f38f9742e1!8m2!3d-2.1361111!4d-79.9005556!15sChdQYXJyaWxsYSBQdW50YSBkZWwgRXN0ZVoZIhdwYXJyaWxsYSBwdW50YSBkZWwgZXN0ZZIBBmFzYWRvcpoBI0NoWkRTVWhOTUc5blMwVkpRMEZuU1VSYU1IWlFhMVZuRUFF4AEA-gEECAAQJQ!16s%2Fg%2F1tflyy__?entry=ttu&g_ep=EgoyMDI2MDgwNS4xIKXMDSoASAFQAw%3D%3D","4",,"V37X+HQ4, Av. 2 N-E - Ing. Rodolfo Baquerizo Nazur","false",,,"Parrillada Punta Del Este","4.3",,"https://www.google.com/maps/search/?api=1&query=Parrillada%20Punta%20Del%20Este&query_place_id=ChIJvUBMdmxtLZAR4UKXj_NY9UM",
"V37X+HQ4, Av. 2 N-E - Ing. Rodolfo Baquerizo Nazur, 090508 Guayaquil, Ecuador","Parrilla","Parrilla","4896917972944634593","Guayaquil","EC","0x902d6d6c764c40bd:0x43f558f38f9742e1",,"https://lh3.googleusercontent.com/gps-cs-s/AHRPTWkRTcvnpJDUhkVYCVgu4xIBH78r7D8wp1dQEbHQ0Gg3bt0SA10fk4KPI-CuXfPpw30foXs14EvOqAhfn60g_e6Wpq_vLlKvmAM4nPsnslA1g3NcJMa435bQ_XV53KLTDQzio2v5KQ=w408-h306-k-no","false","true","/g/1tflyy__","es-419","0","-2.1361111","-79.9005556",,"Alborada Este","es","false","ChIJvUBMdmxtLZAR4UKXj_NY9UM","090508",,"Hace 3 años","2022-10-03T12:11:09.940Z",,,,,,,,,,,,,,,,,,,,,,"ChdDSUhNMG9nS0VJQ0FnSURldE9xSXZBRRAB",,,,,,,,"Google",,,"185",,,"1212","2026-08-08T17:30:22.978Z","Direct Detail URL: https://www.google.com/maps/place/Parrillada+Punta+Del+Este/@-2.2158291,-79.9617486,11.42z/data=!4m10!1m2!2m1!1sParrilla+Punta+del+Este+!3m6!1s0x902d6d6c764c40bd:0x43f558f38f9742e1!8m2!3d-2.1361111!4d-79.9005556!15sChdQYXJyaWxsYSBQdW50YSBkZWwgRXN0ZVoZIhdwYXJyaWxsYSBwdW50YSBkZWwgZXN0ZZIBBmFzYWRvcpoBI0NoWkRTVWhOTUc5blMwVkpRMEZuU1VSYU1IWlFhMVZuRUFF4AEA-gEECAAQJQ!16s%2Fg%2F1tflyy__?entry=ttu&g_ep=EgoyMDI2MDgwNS4xIKXMDSoASAFQAw%3D%3D","3",,"V37X+HQ4, Av. 2 N-E - Ing. Rodolfo Baquerizo Nazur","false","Ya es hora de una remodelación",,"Parrillada Punta Del Este","4.3",,"https://www.google.com/maps/search/?api=1&query=Parrillada%20Punta%20Del%20Este&query_place_id=ChIJvUBMdmxtLZAR4UKXj_NY9UM",
"V37X+HQ4, Av. 2 N-E - Ing. Rodolfo Baquerizo Nazur, 090508 Guayaquil, Ecuador","Parrilla","Parrilla","4896917972944634593","Guayaquil","EC","0x902d6d6c764c40bd:0x43f558f38f9742e1",,"https://lh3.googleusercontent.com/gps-cs-s/AHRPTWkRTcvnpJDUhkVYCVgu4xIBH78r7D8wp1dQEbHQ0Gg3bt0SA10fk4KPI-CuXfPpw30foXs14EvOqAhfn60g_e6Wpq_vLlKvmAM4nPsnslA1g3NcJMa435bQ_XV53KLTDQzio2v5KQ=w408-h306-k-no","false","false","/g/1tflyy__","es-419","0","-2.1361111","-79.9005556",,"Alborada Este",,"false","ChIJvUBMdmxtLZAR4UKXj_NY9UM","090508",,"Hace 3 años","2022-09-25T03:08:04.839Z",,,,,,,,,,,,,,,,,,,,,,"ChZDSUhNMG9nS0VJQ0FnSUNlLTRpRGN3EAE",,,,,,,,"Google",,,"1",,,"1212","2026-08-08T17:30:22.978Z","Direct Detail URL: https://www.google.com/maps/place/Parrillada+Punta+Del+Este/@-2.2158291,-79.9617486,11.42z/data=!4m10!1m2!2m1!1sParrilla+Punta+del+Este+!3m6!1s0x902d6d6c764c40bd:0x43f558f38f9742e1!8m2!3d-2.1361111!4d-79.9005556!15sChdQYXJyaWxsYSBQdW50YSBkZWwgRXN0ZVoZIhdwYXJyaWxsYSBwdW50YSBkZWwgZXN0ZZIBBmFzYWRvcpoBI0NoWkRTVWhOTUc5blMwVkpRMEZuU1VSYU1IWlFhMVZuRUFF4AEA-gEECAAQJQ!16s%2Fg%2F1tflyy__?entry=ttu&g_ep=EgoyMDI2MDgwNS4xIKXMDSoASAFQAw%3D%3D","5",,"V37X+HQ4, Av. 2 N-E - Ing. Rodolfo Baquerizo Nazur","false",,,"Parrillada Punta Del Este","4.3",,"https://www.google.com/maps/search/?api=1&query=Parrillada%20Punta%20Del%20Este&query_place_id=ChIJvUBMdmxtLZAR4UKXj_NY9UM",
"V37X+HQ4, Av. 2 N-E - Ing. Rodolfo Baquerizo Nazur, 090508 Guayaquil, Ecuador","Parrilla","Parrilla","4896917972944634593","Guayaquil","EC","0x902d6d6c764c40bd:0x43f558f38f9742e1",,"https://lh3.googleusercontent.com/gps-cs-s/AHRPTWkRTcvnpJDUhkVYCVgu4xIBH78r7D8wp1dQEbHQ0Gg3bt0SA10fk4KPI-CuXfPpw30foXs14EvOqAhfn60g_e6Wpq_vLlKvmAM4nPsnslA1g3NcJMa435bQ_XV53KLTDQzio2v5KQ=w408-h306-k-no","false","false","/g/1tflyy__","es-419","0","-2.1361111","-79.9005556",,"Alborada Este",,"false","ChIJvUBMdmxtLZAR4UKXj_NY9UM","090508",,"Hace 3 años","2022-09-04T16:00:03.729Z",,,,,,,,,,,,,,,,,,,,,,"ChZDSUhNMG9nS0VJQ0FnSUNlaUtITGR3EAE",,,,,,,,"Google",,,"1",,,"1212","2026-08-08T17:30:22.978Z","Direct Detail URL: https://www.google.com/maps/place/Parrillada+Punta+Del+Este/@-2.2158291,-79.9617486,11.42z/data=!4m10!1m2!2m1!1sParrilla+Punta+del+Este+!3m6!1s0x902d6d6c764c40bd:0x43f558f38f9742e1!8m2!3d-2.1361111!4d-79.9005556!15sChdQYXJyaWxsYSBQdW50YSBkZWwgRXN0ZVoZIhdwYXJyaWxsYSBwdW50YSBkZWwgZXN0ZZIBBmFzYWRvcpoBI0NoWkRTVWhOTUc5blMwVkpRMEZuU1VSYU1IWlFhMVZuRUFF4AEA-gEECAAQJQ!16s%2Fg%2F1tflyy__?entry=ttu&g_ep=EgoyMDI2MDgwNS4xIKXMDSoASAFQAw%3D%3D","5",,"V37X+HQ4, Av. 2 N-E - Ing. Rodolfo Baquerizo Nazur","false",,,"Parrillada Punta Del Este","4.3",,"https://www.google.com/maps/search/?api=1&query=Parrillada%20Punta%20Del%20Este&query_place_id=ChIJvUBMdmxtLZAR4UKXj_NY9UM",
"V37X+HQ4, Av. 2 N-E - Ing. Rodolfo Baquerizo Nazur, 090508 Guayaquil, Ecuador","Parrilla","Parrilla","4896917972944634593","Guayaquil","EC","0x902d6d6c764c40bd:0x43f558f38f9742e1",,"https://lh3.googleusercontent.com/gps-cs-s/AHRPTWkRTcvnpJDUhkVYCVgu4xIBH78r7D8wp1dQEbHQ0Gg3bt0SA10fk4KPI-CuXfPpw30foXs14EvOqAhfn60g_e6Wpq_vLlKvmAM4nPsnslA1g3NcJMa435bQ_XV53KLTDQzio2v5KQ=w408-h306-k-no","false","false","/g/1tflyy__","es-419","0","-2.1361111","-79.9005556",,"Alborada Este",,"false","ChIJvUBMdmxtLZAR4UKXj_NY9UM","090508",,"Hace 3 años","2022-09-03T14:38:44.558Z",,,,,,,,,,,,,,,,,,,,,,"ChZDSUhNMG9nS0VJQ0FnSUNlNE9icEJnEAE",,,,,,,,"Google",,,"1",,,"1212","2026-08-08T17:30:22.978Z","Direct Detail URL: https://www.google.com/maps/place/Parrillada+Punta+Del+Este/@-2.2158291,-79.9617486,11.42z/data=!4m10!1m2!2m1!1sParrilla+Punta+del+Este+!3m6!1s0x902d6d6c764c40bd:0x43f558f38f9742e1!8m2!3d-2.1361111!4d-79.9005556!15sChdQYXJyaWxsYSBQdW50YSBkZWwgRXN0ZVoZIhdwYXJyaWxsYSBwdW50YSBkZWwgZXN0ZZIBBmFzYWRvcpoBI0NoWkRTVWhOTUc5blMwVkpRMEZuU1VSYU1IWlFhMVZuRUFF4AEA-gEECAAQJQ!16s%2Fg%2F1tflyy__?entry=ttu&g_ep=EgoyMDI2MDgwNS4xIKXMDSoASAFQAw%3D%3D","5",,"V37X+HQ4, Av. 2 N-E - Ing. Rodolfo Baquerizo Nazur","false",,,"Parrillada Punta Del Este","4.3",,"https://www.google.com/maps/search/?api=1&query=Parrillada%20Punta%20Del%20Este&query_place_id=ChIJvUBMdmxtLZAR4UKXj_NY9UM",
"V37X+HQ4, Av. 2 N-E - Ing. Rodolfo Baquerizo Nazur, 090508 Guayaquil, Ecuador","Parrilla","Parrilla","4896917972944634593","Guayaquil","EC","0x902d6d6c764c40bd:0x43f558f38f9742e1",,"https://lh3.googleusercontent.com/gps-cs-s/AHRPTWkRTcvnpJDUhkVYCVgu4xIBH78r7D8wp1dQEbHQ0Gg3bt0SA10fk4KPI-CuXfPpw30foXs14EvOqAhfn60g_e6Wpq_vLlKvmAM4nPsnslA1g3NcJMa435bQ_XV53KLTDQzio2v5KQ=w408-h306-k-no","false","true","/g/1tflyy__","es-419","0","-2.1361111","-79.9005556",,"Alborada Este","es","false","ChIJvUBMdmxtLZAR4UKXj_NY9UM","090508",,"Hace 3 años","2022-08-28T21:17:12.294Z",,,,,,,,,,,,,,,,,,,,,,"ChZDSUhNMG9nS0VJQ0FnSUR1MDRMQUxREAE",,,,,,,,"Google",,,"67",,,"1212","2026-08-08T17:30:22.978Z","Direct Detail URL: https://www.google.com/maps/place/Parrillada+Punta+Del+Este/@-2.2158291,-79.9617486,11.42z/data=!4m10!1m2!2m1!1sParrilla+Punta+del+Este+!3m6!1s0x902d6d6c764c40bd:0x43f558f38f9742e1!8m2!3d-2.1361111!4d-79.9005556!15sChdQYXJyaWxsYSBQdW50YSBkZWwgRXN0ZVoZIhdwYXJyaWxsYSBwdW50YSBkZWwgZXN0ZZIBBmFzYWRvcpoBI0NoWkRTVWhOTUc5blMwVkpRMEZuU1VSYU1IWlFhMVZuRUFF4AEA-gEECAAQJQ!16s%2Fg%2F1tflyy__?entry=ttu&g_ep=EgoyMDI2MDgwNS4xIKXMDSoASAFQAw%3D%3D","5",,"V37X+HQ4, Av. 2 N-E - Ing. Rodolfo Baquerizo Nazur","false","Excelente salón de fiestas ! Recomendado !",,"Parrillada Punta Del Este","4.3",,"https://www.google.com/maps/search/?api=1&query=Parrillada%20Punta%20Del%20Este&query_place_id=ChIJvUBMdmxtLZAR4UKXj_NY9UM",
"V37X+HQ4, Av. 2 N-E - Ing. Rodolfo Baquerizo Nazur, 090508 Guayaquil, Ecuador","Parrilla","Parrilla","4896917972944634593","Guayaquil","EC","0x902d6d6c764c40bd:0x43f558f38f9742e1",,"https://lh3.googleusercontent.com/gps-cs-s/AHRPTWkRTcvnpJDUhkVYCVgu4xIBH78r7D8wp1dQEbHQ0Gg3bt0SA10fk4KPI-CuXfPpw30foXs14EvOqAhfn60g_e6Wpq_vLlKvmAM4nPsnslA1g3NcJMa435bQ_XV53KLTDQzio2v5KQ=w408-h306-k-no","false","false","/g/1tflyy__","es-419","0","-2.1361111","-79.9005556",,"Alborada Este",,"false","ChIJvUBMdmxtLZAR4UKXj_NY9UM","090508",,"Hace 3 años","2022-08-26T12:55:53.851Z",,,,,,,,,,,,,,,,,,,,,,"ChdDSUhNMG9nS0VJQ0FnSUR1amFyaV9nRRAB",,,,,,,,"Google",,,"0",,,"1212","2026-08-08T17:30:22.978Z","Direct Detail URL: https://www.google.com/maps/place/Parrillada+Punta+Del+Este/@-2.2158291,-79.9617486,11.42z/data=!4m10!1m2!2m1!1sParrilla+Punta+del+Este+!3m6!1s0x902d6d6c764c40bd:0x43f558f38f9742e1!8m2!3d-2.1361111!4d-79.9005556!15sChdQYXJyaWxsYSBQdW50YSBkZWwgRXN0ZVoZIhdwYXJyaWxsYSBwdW50YSBkZWwgZXN0ZZIBBmFzYWRvcpoBI0NoWkRTVWhOTUc5blMwVkpRMEZuU1VSYU1IWlFhMVZuRUFF4AEA-gEECAAQJQ!16s%2Fg%2F1tflyy__?entry=ttu&g_ep=EgoyMDI2MDgwNS4xIKXMDSoASAFQAw%3D%3D","5",,"V37X+HQ4, Av. 2 N-E - Ing. Rodolfo Baquerizo Nazur","false",,,"Parrillada Punta Del Este","4.3",,"https://www.google.com/maps/search/?api=1&query=Parrillada%20Punta%20Del%20Este&query_place_id=ChIJvUBMdmxtLZAR4UKXj_NY9UM",
"V37X+HQ4, Av. 2 N-E - Ing. Rodolfo Baquerizo Nazur, 090508 Guayaquil, Ecuador","Parrilla","Parrilla","4896917972944634593","Guayaquil","EC","0x902d6d6c764c40bd:0x43f558f38f9742e1",,"https://lh3.googleusercontent.com/gps-cs-s/AHRPTWkRTcvnpJDUhkVYCVgu4xIBH78r7D8wp1dQEbHQ0Gg3bt0SA10fk4KPI-CuXfPpw30foXs14EvOqAhfn60g_e6Wpq_vLlKvmAM4nPsnslA1g3NcJMa435bQ_XV53KLTDQzio2v5KQ=w408-h306-k-no","false","true","/g/1tflyy__","es-419","0","-2.1361111","-79.9005556",,"Alborada Este",,"false","ChIJvUBMdmxtLZAR4UKXj_NY9UM","090508",,"Hace 3 años","2022-08-20T04:16:36.324Z",,,,,,,,,,,,,,,,,,,,,,"ChdDSUhNMG9nS0VJQ0FnSUR1bHZQbGdnRRAB",,,,,,,,"Google",,,"44",,,"1212","2026-08-08T17:30:22.978Z","Direct Detail URL: https://www.google.com/maps/place/Parrillada+Punta+Del+Este/@-2.2158291,-79.9617486,11.42z/data=!4m10!1m2!2m1!1sParrilla+Punta+del+Este+!3m6!1s0x902d6d6c764c40bd:0x43f558f38f9742e1!8m2!3d-2.1361111!4d-79.9005556!15sChdQYXJyaWxsYSBQdW50YSBkZWwgRXN0ZVoZIhdwYXJyaWxsYSBwdW50YSBkZWwgZXN0ZZIBBmFzYWRvcpoBI0NoWkRTVWhOTUc5blMwVkpRMEZuU1VSYU1IWlFhMVZuRUFF4AEA-gEECAAQJQ!16s%2Fg%2F1tflyy__?entry=ttu&g_ep=EgoyMDI2MDgwNS4xIKXMDSoASAFQAw%3D%3D","5",,"V37X+HQ4, Av. 2 N-E - Ing. Rodolfo Baquerizo Nazur","false",,,"Parrillada Punta Del Este","4.3",,"https://www.google.com/maps/search/?api=1&query=Parrillada%20Punta%20Del%20Este&query_place_id=ChIJvUBMdmxtLZAR4UKXj_NY9UM",
"V37X+HQ4, Av. 2 N-E - Ing. Rodolfo Baquerizo Nazur, 090508 Guayaquil, Ecuador","Parrilla","Parrilla","4896917972944634593","Guayaquil","EC","0x902d6d6c764c40bd:0x43f558f38f9742e1",,"https://lh3.googleusercontent.com/gps-cs-s/AHRPTWkRTcvnpJDUhkVYCVgu4xIBH78r7D8wp1dQEbHQ0Gg3bt0SA10fk4KPI-CuXfPpw30foXs14EvOqAhfn60g_e6Wpq_vLlKvmAM4nPsnslA1g3NcJMa435bQ_XV53KLTDQzio2v5KQ=w408-h306-k-no","false","true","/g/1tflyy__","es-419","0","-2.1361111","-79.9005556",,"Alborada Este",,"false","ChIJvUBMdmxtLZAR4UKXj_NY9UM","090508",,"Hace 3 años","2022-08-15T00:05:20.321Z",,,,,,,,,,,,,,,,,,,,,,"ChZDSUhNMG9nS0VJQ0FnSUR1OU8tUVpBEAE",,,,,,,,"Google",,,"37",,,"1212","2026-08-08T17:30:22.978Z","Direct Detail URL: https://www.google.com/maps/place/Parrillada+Punta+Del+Este/@-2.2158291,-79.9617486,11.42z/data=!4m10!1m2!2m1!1sParrilla+Punta+del+Este+!3m6!1s0x902d6d6c764c40bd:0x43f558f38f9742e1!8m2!3d-2.1361111!4d-79.9005556!15sChdQYXJyaWxsYSBQdW50YSBkZWwgRXN0ZVoZIhdwYXJyaWxsYSBwdW50YSBkZWwgZXN0ZZIBBmFzYWRvcpoBI0NoWkRTVWhOTUc5blMwVkpRMEZuU1VSYU1IWlFhMVZuRUFF4AEA-gEECAAQJQ!16s%2Fg%2F1tflyy__?entry=ttu&g_ep=EgoyMDI2MDgwNS4xIKXMDSoASAFQAw%3D%3D","4",,"V37X+HQ4, Av. 2 N-E - Ing. Rodolfo Baquerizo Nazur","false",,,"Parrillada Punta Del Este","4.3",,"https://www.google.com/maps/search/?api=1&query=Parrillada%20Punta%20Del%20Este&query_place_id=ChIJvUBMdmxtLZAR4UKXj_NY9UM",
"V37X+HQ4, Av. 2 N-E - Ing. Rodolfo Baquerizo Nazur, 090508 Guayaquil, Ecuador","Parrilla","Parrilla","4896917972944634593","Guayaquil","EC","0x902d6d6c764c40bd:0x43f558f38f9742e1",,"https://lh3.googleusercontent.com/gps-cs-s/AHRPTWkRTcvnpJDUhkVYCVgu4xIBH78r7D8wp1dQEbHQ0Gg3bt0SA10fk4KPI-CuXfPpw30foXs14EvOqAhfn60g_e6Wpq_vLlKvmAM4nPsnslA1g3NcJMa435bQ_XV53KLTDQzio2v5KQ=w408-h306-k-no","false","true","/g/1tflyy__","es-419","0","-2.1361111","-79.9005556",,"Alborada Este","es","false","ChIJvUBMdmxtLZAR4UKXj_NY9UM","090508",,"Hace 4 años","2022-08-07T08:46:40.869Z",,,,,,,,,,,,,,,,,,,,,,"ChZDSUhNMG9nS0VJQ0FnSUN1dV9UMU5BEAE",,,,,,,,"Google",,,"40",,,"1212","2026-08-08T17:30:22.978Z","Direct Detail URL: https://www.google.com/maps/place/Parrillada+Punta+Del+Este/@-2.2158291,-79.9617486,11.42z/data=!4m10!1m2!2m1!1sParrilla+Punta+del+Este+!3m6!1s0x902d6d6c764c40bd:0x43f558f38f9742e1!8m2!3d-2.1361111!4d-79.9005556!15sChdQYXJyaWxsYSBQdW50YSBkZWwgRXN0ZVoZIhdwYXJyaWxsYSBwdW50YSBkZWwgZXN0ZZIBBmFzYWRvcpoBI0NoWkRTVWhOTUc5blMwVkpRMEZuU1VSYU1IWlFhMVZuRUFF4AEA-gEECAAQJQ!16s%2Fg%2F1tflyy__?entry=ttu&g_ep=EgoyMDI2MDgwNS4xIKXMDSoASAFQAw%3D%3D","5",,"V37X+HQ4, Av. 2 N-E - Ing. Rodolfo Baquerizo Nazur","false","Deliciosa como siempre exelente   atención",,"Parrillada Punta Del Este","4.3",,"https://www.google.com/maps/search/?api=1&query=Parrillada%20Punta%20Del%20Este&query_place_id=ChIJvUBMdmxtLZAR4UKXj_NY9UM",
"V37X+HQ4, Av. 2 N-E - Ing. Rodolfo Baquerizo Nazur, 090508 Guayaquil, Ecuador","Parrilla","Parrilla","4896917972944634593","Guayaquil","EC","0x902d6d6c764c40bd:0x43f558f38f9742e1",,"https://lh3.googleusercontent.com/gps-cs-s/AHRPTWkRTcvnpJDUhkVYCVgu4xIBH78r7D8wp1dQEbHQ0Gg3bt0SA10fk4KPI-CuXfPpw30foXs14EvOqAhfn60g_e6Wpq_vLlKvmAM4nPsnslA1g3NcJMa435bQ_XV53KLTDQzio2v5KQ=w408-h306-k-no","false","true","/g/1tflyy__","es-419","0","-2.1361111","-79.9005556",,"Alborada Este","es","false","ChIJvUBMdmxtLZAR4UKXj_NY9UM","090508",,"Hace 4 años","2022-08-06T18:27:52.993Z",,,,,,,,,,,,,,,,,,,,,,"ChZDSUhNMG9nS0VJQ0FnSUN1Njk3OVB3EAE",,,,,,,,"Google",,,"123",,,"1212","2026-08-08T17:30:22.978Z","Direct Detail URL: https://www.google.com/maps/place/Parrillada+Punta+Del+Este/@-2.2158291,-79.9617486,11.42z/data=!4m10!1m2!2m1!1sParrilla+Punta+del+Este+!3m6!1s0x902d6d6c764c40bd:0x43f558f38f9742e1!8m2!3d-2.1361111!4d-79.9005556!15sChdQYXJyaWxsYSBQdW50YSBkZWwgRXN0ZVoZIhdwYXJyaWxsYSBwdW50YSBkZWwgZXN0ZZIBBmFzYWRvcpoBI0NoWkRTVWhOTUc5blMwVkpRMEZuU1VSYU1IWlFhMVZuRUFF4AEA-gEECAAQJQ!16s%2Fg%2F1tflyy__?entry=ttu&g_ep=EgoyMDI2MDgwNS4xIKXMDSoASAFQAw%3D%3D","5",,"V37X+HQ4, Av. 2 N-E - Ing. Rodolfo Baquerizo Nazur","false","La comida super buena y la atención fue genial.",,"Parrillada Punta Del Este","4.3",,"https://www.google.com/maps/search/?api=1&query=Parrillada%20Punta%20Del%20Este&query_place_id=ChIJvUBMdmxtLZAR4UKXj_NY9UM",
"V37X+HQ4, Av. 2 N-E - Ing. Rodolfo Baquerizo Nazur, 090508 Guayaquil, Ecuador","Parrilla","Parrilla","4896917972944634593","Guayaquil","EC","0x902d6d6c764c40bd:0x43f558f38f9742e1",,"https://lh3.googleusercontent.com/gps-cs-s/AHRPTWkRTcvnpJDUhkVYCVgu4xIBH78r7D8wp1dQEbHQ0Gg3bt0SA10fk4KPI-CuXfPpw30foXs14EvOqAhfn60g_e6Wpq_vLlKvmAM4nPsnslA1g3NcJMa435bQ_XV53KLTDQzio2v5KQ=w408-h306-k-no","false","false","/g/1tflyy__","es-419","0","-2.1361111","-79.9005556",,"Alborada Este",,"false","ChIJvUBMdmxtLZAR4UKXj_NY9UM","090508",,"Hace 4 años","2022-08-06T02:48:22.379Z",,,,,,,,,,,,,,,,,,,,,,"ChdDSUhNMG9nS0VJQ0FnSUN1ODUycHB3RRAB",,,,,,,,"Google",,,"8",,,"1212","2026-08-08T17:30:22.978Z","Direct Detail URL: https://www.google.com/maps/place/Parrillada+Punta+Del+Este/@-2.2158291,-79.9617486,11.42z/data=!4m10!1m2!2m1!1sParrilla+Punta+del+Este+!3m6!1s0x902d6d6c764c40bd:0x43f558f38f9742e1!8m2!3d-2.1361111!4d-79.9005556!15sChdQYXJyaWxsYSBQdW50YSBkZWwgRXN0ZVoZIhdwYXJyaWxsYSBwdW50YSBkZWwgZXN0ZZIBBmFzYWRvcpoBI0NoWkRTVWhOTUc5blMwVkpRMEZuU1VSYU1IWlFhMVZuRUFF4AEA-gEECAAQJQ!16s%2Fg%2F1tflyy__?entry=ttu&g_ep=EgoyMDI2MDgwNS4xIKXMDSoASAFQAw%3D%3D","5",,"V37X+HQ4, Av. 2 N-E - Ing. Rodolfo Baquerizo Nazur","false",,,"Parrillada Punta Del Este","4.3",,"https://www.google.com/maps/search/?api=1&query=Parrillada%20Punta%20Del%20Este&query_place_id=ChIJvUBMdmxtLZAR4UKXj_NY9UM",
"V37X+HQ4, Av. 2 N-E - Ing. Rodolfo Baquerizo Nazur, 090508 Guayaquil, Ecuador","Parrilla","Parrilla","4896917972944634593","Guayaquil","EC","0x902d6d6c764c40bd:0x43f558f38f9742e1",,"https://lh3.googleusercontent.com/gps-cs-s/AHRPTWkRTcvnpJDUhkVYCVgu4xIBH78r7D8wp1dQEbHQ0Gg3bt0SA10fk4KPI-CuXfPpw30foXs14EvOqAhfn60g_e6Wpq_vLlKvmAM4nPsnslA1g3NcJMa435bQ_XV53KLTDQzio2v5KQ=w408-h306-k-no","false","true","/g/1tflyy__","es-419","0","-2.1361111","-79.9005556",,"Alborada Este","es","false","ChIJvUBMdmxtLZAR4UKXj_NY9UM","090508",,"Hace 4 años","2022-08-01T12:03:10.903Z",,,,,,,,,,,,,,,,,,,,,,"ChdDSUhNMG9nS0VJQ0FnSUN1dVlhNnV3RRAB",,,,,,,,"Google",,,"145",,,"1212","2026-08-08T17:30:22.978Z","Direct Detail URL: https://www.google.com/maps/place/Parrillada+Punta+Del+Este/@-2.2158291,-79.9617486,11.42z/data=!4m10!1m2!2m1!1sParrilla+Punta+del+Este+!3m6!1s0x902d6d6c764c40bd:0x43f558f38f9742e1!8m2!3d-2.1361111!4d-79.9005556!15sChdQYXJyaWxsYSBQdW50YSBkZWwgRXN0ZVoZIhdwYXJyaWxsYSBwdW50YSBkZWwgZXN0ZZIBBmFzYWRvcpoBI0NoWkRTVWhOTUc5blMwVkpRMEZuU1VSYU1IWlFhMVZuRUFF4AEA-gEECAAQJQ!16s%2Fg%2F1tflyy__?entry=ttu&g_ep=EgoyMDI2MDgwNS4xIKXMDSoASAFQAw%3D%3D","3",,"V37X+HQ4, Av. 2 N-E - Ing. Rodolfo Baquerizo Nazur","false","Exquisitas costillas asadas",,"Parrillada Punta Del Este","4.3",,"https://www.google.com/maps/search/?api=1&query=Parrillada%20Punta%20Del%20Este&query_place_id=ChIJvUBMdmxtLZAR4UKXj_NY9UM",
"V37X+HQ4, Av. 2 N-E - Ing. Rodolfo Baquerizo Nazur, 090508 Guayaquil, Ecuador","Parrilla","Parrilla","4896917972944634593","Guayaquil","EC","0x902d6d6c764c40bd:0x43f558f38f9742e1",,"https://lh3.googleusercontent.com/gps-cs-s/AHRPTWkRTcvnpJDUhkVYCVgu4xIBH78r7D8wp1dQEbHQ0Gg3bt0SA10fk4KPI-CuXfPpw30foXs14EvOqAhfn60g_e6Wpq_vLlKvmAM4nPsnslA1g3NcJMa435bQ_XV53KLTDQzio2v5KQ=w408-h306-k-no","false","true","/g/1tflyy__","es-419","0","-2.1361111","-79.9005556",,"Alborada Este",,"false","ChIJvUBMdmxtLZAR4UKXj_NY9UM","090508",,"Hace 4 años","2022-07-31T17:56:33.795Z",,,,,,,,,,,,,,,,,"Cena","Consumo en el lugar",,,,"ChdDSUhNMG9nS0VJQ0FnSUN1cWY2bDFRRRAB",,,,,,,,"Google",,,"20",,,"1212","2026-08-08T17:30:22.978Z","Direct Detail URL: https://www.google.com/maps/place/Parrillada+Punta+Del+Este/@-2.2158291,-79.9617486,11.42z/data=!4m10!1m2!2m1!1sParrilla+Punta+del+Este+!3m6!1s0x902d6d6c764c40bd:0x43f558f38f9742e1!8m2!3d-2.1361111!4d-79.9005556!15sChdQYXJyaWxsYSBQdW50YSBkZWwgRXN0ZVoZIhdwYXJyaWxsYSBwdW50YSBkZWwgZXN0ZZIBBmFzYWRvcpoBI0NoWkRTVWhOTUc5blMwVkpRMEZuU1VSYU1IWlFhMVZuRUFF4AEA-gEECAAQJQ!16s%2Fg%2F1tflyy__?entry=ttu&g_ep=EgoyMDI2MDgwNS4xIKXMDSoASAFQAw%3D%3D","3",,"V37X+HQ4, Av. 2 N-E - Ing. Rodolfo Baquerizo Nazur","false",,,"Parrillada Punta Del Este","4.3",,"https://www.google.com/maps/search/?api=1&query=Parrillada%20Punta%20Del%20Este&query_place_id=ChIJvUBMdmxtLZAR4UKXj_NY9UM",
"V37X+HQ4, Av. 2 N-E - Ing. Rodolfo Baquerizo Nazur, 090508 Guayaquil, Ecuador","Parrilla","Parrilla","4896917972944634593","Guayaquil","EC","0x902d6d6c764c40bd:0x43f558f38f9742e1",,"https://lh3.googleusercontent.com/gps-cs-s/AHRPTWkRTcvnpJDUhkVYCVgu4xIBH78r7D8wp1dQEbHQ0Gg3bt0SA10fk4KPI-CuXfPpw30foXs14EvOqAhfn60g_e6Wpq_vLlKvmAM4nPsnslA1g3NcJMa435bQ_XV53KLTDQzio2v5KQ=w408-h306-k-no","false","true","/g/1tflyy__","es-419","0","-2.1361111","-79.9005556",,"Alborada Este","es","false","ChIJvUBMdmxtLZAR4UKXj_NY9UM","090508",,"Hace 4 años","2022-07-28T04:02:31.867Z",,,,,,,,,,,,,,,,,,,,,,"ChdDSUhNMG9nS0VJQ0FnSUN1OXJTODdnRRAB",,,,,,,,"Google",,,"41",,,"1212","2026-08-08T17:30:22.978Z","Direct Detail URL: https://www.google.com/maps/place/Parrillada+Punta+Del+Este/@-2.2158291,-79.9617486,11.42z/data=!4m10!1m2!2m1!1sParrilla+Punta+del+Este+!3m6!1s0x902d6d6c764c40bd:0x43f558f38f9742e1!8m2!3d-2.1361111!4d-79.9005556!15sChdQYXJyaWxsYSBQdW50YSBkZWwgRXN0ZVoZIhdwYXJyaWxsYSBwdW50YSBkZWwgZXN0ZZIBBmFzYWRvcpoBI0NoWkRTVWhOTUc5blMwVkpRMEZuU1VSYU1IWlFhMVZuRUFF4AEA-gEECAAQJQ!16s%2Fg%2F1tflyy__?entry=ttu&g_ep=EgoyMDI2MDgwNS4xIKXMDSoASAFQAw%3D%3D","4",,"V37X+HQ4, Av. 2 N-E - Ing. Rodolfo Baquerizo Nazur","false","Buena parrillada para disfrutarlo en unidad familiar 👍",,"Parrillada Punta Del Este","4.3",,"https://www.google.com/maps/search/?api=1&query=Parrillada%20Punta%20Del%20Este&query_place_id=ChIJvUBMdmxtLZAR4UKXj_NY9UM",
"V37X+HQ4, Av. 2 N-E - Ing. Rodolfo Baquerizo Nazur, 090508 Guayaquil, Ecuador","Parrilla","Parrilla","4896917972944634593","Guayaquil","EC","0x902d6d6c764c40bd:0x43f558f38f9742e1",,"https://lh3.googleusercontent.com/gps-cs-s/AHRPTWkRTcvnpJDUhkVYCVgu4xIBH78r7D8wp1dQEbHQ0Gg3bt0SA10fk4KPI-CuXfPpw30foXs14EvOqAhfn60g_e6Wpq_vLlKvmAM4nPsnslA1g3NcJMa435bQ_XV53KLTDQzio2v5KQ=w408-h306-k-no","false","true","/g/1tflyy__","es-419","0","-2.1361111","-79.9005556",,"Alborada Este",,"false","ChIJvUBMdmxtLZAR4UKXj_NY9UM","090508",,"Hace 4 años","2022-07-26T04:39:10.357Z",,,,,,,,,,,,,,,,,,,,,,"ChdDSUhNMG9nS0VJQ0FnSUN1NnJIdTZBRRAB",,,,,,,,"Google",,,"4",,,"1212","2026-08-08T17:30:22.978Z","Direct Detail URL: https://www.google.com/maps/place/Parrillada+Punta+Del+Este/@-2.2158291,-79.9617486,11.42z/data=!4m10!1m2!2m1!1sParrilla+Punta+del+Este+!3m6!1s0x902d6d6c764c40bd:0x43f558f38f9742e1!8m2!3d-2.1361111!4d-79.9005556!15sChdQYXJyaWxsYSBQdW50YSBkZWwgRXN0ZVoZIhdwYXJyaWxsYSBwdW50YSBkZWwgZXN0ZZIBBmFzYWRvcpoBI0NoWkRTVWhOTUc5blMwVkpRMEZuU1VSYU1IWlFhMVZuRUFF4AEA-gEECAAQJQ!16s%2Fg%2F1tflyy__?entry=ttu&g_ep=EgoyMDI2MDgwNS4xIKXMDSoASAFQAw%3D%3D","5",,"V37X+HQ4, Av. 2 N-E - Ing. Rodolfo Baquerizo Nazur","false",,,"Parrillada Punta Del Este","4.3",,"https://www.google.com/maps/search/?api=1&query=Parrillada%20Punta%20Del%20Este&query_place_id=ChIJvUBMdmxtLZAR4UKXj_NY9UM",
"V37X+HQ4, Av. 2 N-E - Ing. Rodolfo Baquerizo Nazur, 090508 Guayaquil, Ecuador","Parrilla","Parrilla","4896917972944634593","Guayaquil","EC","0x902d6d6c764c40bd:0x43f558f38f9742e1",,"https://lh3.googleusercontent.com/gps-cs-s/AHRPTWkRTcvnpJDUhkVYCVgu4xIBH78r7D8wp1dQEbHQ0Gg3bt0SA10fk4KPI-CuXfPpw30foXs14EvOqAhfn60g_e6Wpq_vLlKvmAM4nPsnslA1g3NcJMa435bQ_XV53KLTDQzio2v5KQ=w408-h306-k-no","false","true","/g/1tflyy__","es-419","0","-2.1361111","-79.9005556",,"Alborada Este",,"false","ChIJvUBMdmxtLZAR4UKXj_NY9UM","090508",,"Hace 4 años","2022-07-24T05:45:42.335Z",,,,,,,,,,,,,,,,,,,,,,"ChdDSUhNMG9nS0VJQ0FnSUN1d3BxVGx3RRAB",,,,,,,,"Google",,,"3",,,"1212","2026-08-08T17:30:22.978Z","Direct Detail URL: https://www.google.com/maps/place/Parrillada+Punta+Del+Este/@-2.2158291,-79.9617486,11.42z/data=!4m10!1m2!2m1!1sParrilla+Punta+del+Este+!3m6!1s0x902d6d6c764c40bd:0x43f558f38f9742e1!8m2!3d-2.1361111!4d-79.9005556!15sChdQYXJyaWxsYSBQdW50YSBkZWwgRXN0ZVoZIhdwYXJyaWxsYSBwdW50YSBkZWwgZXN0ZZIBBmFzYWRvcpoBI0NoWkRTVWhOTUc5blMwVkpRMEZuU1VSYU1IWlFhMVZuRUFF4AEA-gEECAAQJQ!16s%2Fg%2F1tflyy__?entry=ttu&g_ep=EgoyMDI2MDgwNS4xIKXMDSoASAFQAw%3D%3D","5",,"V37X+HQ4, Av. 2 N-E - Ing. Rodolfo Baquerizo Nazur","false",,,"Parrillada Punta Del Este","4.3",,"https://www.google.com/maps/search/?api=1&query=Parrillada%20Punta%20Del%20Este&query_place_id=ChIJvUBMdmxtLZAR4UKXj_NY9UM",
"V37X+HQ4, Av. 2 N-E - Ing. Rodolfo Baquerizo Nazur, 090508 Guayaquil, Ecuador","Parrilla","Parrilla","4896917972944634593","Guayaquil","EC","0x902d6d6c764c40bd:0x43f558f38f9742e1",,"https://lh3.googleusercontent.com/gps-cs-s/AHRPTWkRTcvnpJDUhkVYCVgu4xIBH78r7D8wp1dQEbHQ0Gg3bt0SA10fk4KPI-CuXfPpw30foXs14EvOqAhfn60g_e6Wpq_vLlKvmAM4nPsnslA1g3NcJMa435bQ_XV53KLTDQzio2v5KQ=w408-h306-k-no","false","true","/g/1tflyy__","es-419","0","-2.1361111","-79.9005556",,"Alborada Este",,"false","ChIJvUBMdmxtLZAR4UKXj_NY9UM","090508",,"Hace 4 años","2022-07-23T02:28:58.305Z",,,,,,,,,,,,,,,,,"Otro","Consumo en el lugar",,,,"ChdDSUhNMG9nS0VJQ0FnSUN1N1BHb25BRRAB",,,,,,,,"Google",,,"4",,,"1212","2026-08-08T17:30:22.978Z","Direct Detail URL: https://www.google.com/maps/place/Parrillada+Punta+Del+Este/@-2.2158291,-79.9617486,11.42z/data=!4m10!1m2!2m1!1sParrilla+Punta+del+Este+!3m6!1s0x902d6d6c764c40bd:0x43f558f38f9742e1!8m2!3d-2.1361111!4d-79.9005556!15sChdQYXJyaWxsYSBQdW50YSBkZWwgRXN0ZVoZIhdwYXJyaWxsYSBwdW50YSBkZWwgZXN0ZZIBBmFzYWRvcpoBI0NoWkRTVWhOTUc5blMwVkpRMEZuU1VSYU1IWlFhMVZuRUFF4AEA-gEECAAQJQ!16s%2Fg%2F1tflyy__?entry=ttu&g_ep=EgoyMDI2MDgwNS4xIKXMDSoASAFQAw%3D%3D","5",,"V37X+HQ4, Av. 2 N-E - Ing. Rodolfo Baquerizo Nazur","false",,,"Parrillada Punta Del Este","4.3",,"https://www.google.com/maps/search/?api=1&query=Parrillada%20Punta%20Del%20Este&query_place_id=ChIJvUBMdmxtLZAR4UKXj_NY9UM",
"V37X+HQ4, Av. 2 N-E - Ing. Rodolfo Baquerizo Nazur, 090508 Guayaquil, Ecuador","Parrilla","Parrilla","4896917972944634593","Guayaquil","EC","0x902d6d6c764c40bd:0x43f558f38f9742e1",,"https://lh3.googleusercontent.com/gps-cs-s/AHRPTWkRTcvnpJDUhkVYCVgu4xIBH78r7D8wp1dQEbHQ0Gg3bt0SA10fk4KPI-CuXfPpw30foXs14EvOqAhfn60g_e6Wpq_vLlKvmAM4nPsnslA1g3NcJMa435bQ_XV53KLTDQzio2v5KQ=w408-h306-k-no","false","false","/g/1tflyy__","es-419","0","-2.1361111","-79.9005556",,"Alborada Este",,"false","ChIJvUBMdmxtLZAR4UKXj_NY9UM","090508",,"Hace 4 años","2022-07-17T19:08:53.583Z",,,,,,,,,,,,,,,,,,,,,,"ChZDSUhNMG9nS0VJQ0FnSURPMzRDSUZnEAE",,,,,,,,"Google",,,"1",,,"1212","2026-08-08T17:30:22.978Z","Direct Detail URL: https://www.google.com/maps/place/Parrillada+Punta+Del+Este/@-2.2158291,-79.9617486,11.42z/data=!4m10!1m2!2m1!1sParrilla+Punta+del+Este+!3m6!1s0x902d6d6c764c40bd:0x43f558f38f9742e1!8m2!3d-2.1361111!4d-79.9005556!15sChdQYXJyaWxsYSBQdW50YSBkZWwgRXN0ZVoZIhdwYXJyaWxsYSBwdW50YSBkZWwgZXN0ZZIBBmFzYWRvcpoBI0NoWkRTVWhOTUc5blMwVkpRMEZuU1VSYU1IWlFhMVZuRUFF4AEA-gEECAAQJQ!16s%2Fg%2F1tflyy__?entry=ttu&g_ep=EgoyMDI2MDgwNS4xIKXMDSoASAFQAw%3D%3D","5",,"V37X+HQ4, Av. 2 N-E - Ing. Rodolfo Baquerizo Nazur","false",,,"Parrillada Punta Del Este","4.3",,"https://www.google.com/maps/search/?api=1&query=Parrillada%20Punta%20Del%20Este&query_place_id=ChIJvUBMdmxtLZAR4UKXj_NY9UM",
"V37X+HQ4, Av. 2 N-E - Ing. Rodolfo Baquerizo Nazur, 090508 Guayaquil, Ecuador","Parrilla","Parrilla","4896917972944634593","Guayaquil","EC","0x902d6d6c764c40bd:0x43f558f38f9742e1",,"https://lh3.googleusercontent.com/gps-cs-s/AHRPTWkRTcvnpJDUhkVYCVgu4xIBH78r7D8wp1dQEbHQ0Gg3bt0SA10fk4KPI-CuXfPpw30foXs14EvOqAhfn60g_e6Wpq_vLlKvmAM4nPsnslA1g3NcJMa435bQ_XV53KLTDQzio2v5KQ=w408-h306-k-no","false","false","/g/1tflyy__","es-419","0","-2.1361111","-79.9005556",,"Alborada Este",,"false","ChIJvUBMdmxtLZAR4UKXj_NY9UM","090508",,"Hace 4 años","2022-07-17T00:09:11.750Z",,,,,,,,,,,,,,,,,,,,,,"ChZDSUhNMG9nS0VJQ0FnSURPal82OUNBEAE",,,,,,,,"Google",,,"1",,,"1212","2026-08-08T17:30:22.978Z","Direct Detail URL: https://www.google.com/maps/place/Parrillada+Punta+Del+Este/@-2.2158291,-79.9617486,11.42z/data=!4m10!1m2!2m1!1sParrilla+Punta+del+Este+!3m6!1s0x902d6d6c764c40bd:0x43f558f38f9742e1!8m2!3d-2.1361111!4d-79.9005556!15sChdQYXJyaWxsYSBQdW50YSBkZWwgRXN0ZVoZIhdwYXJyaWxsYSBwdW50YSBkZWwgZXN0ZZIBBmFzYWRvcpoBI0NoWkRTVWhOTUc5blMwVkpRMEZuU1VSYU1IWlFhMVZuRUFF4AEA-gEECAAQJQ!16s%2Fg%2F1tflyy__?entry=ttu&g_ep=EgoyMDI2MDgwNS4xIKXMDSoASAFQAw%3D%3D","5",,"V37X+HQ4, Av. 2 N-E - Ing. Rodolfo Baquerizo Nazur","false",,,"Parrillada Punta Del Este","4.3",,"https://www.google.com/maps/search/?api=1&query=Parrillada%20Punta%20Del%20Este&query_place_id=ChIJvUBMdmxtLZAR4UKXj_NY9UM",
"V37X+HQ4, Av. 2 N-E - Ing. Rodolfo Baquerizo Nazur, 090508 Guayaquil, Ecuador","Parrilla","Parrilla","4896917972944634593","Guayaquil","EC","0x902d6d6c764c40bd:0x43f558f38f9742e1",,"https://lh3.googleusercontent.com/gps-cs-s/AHRPTWkRTcvnpJDUhkVYCVgu4xIBH78r7D8wp1dQEbHQ0Gg3bt0SA10fk4KPI-CuXfPpw30foXs14EvOqAhfn60g_e6Wpq_vLlKvmAM4nPsnslA1g3NcJMa435bQ_XV53KLTDQzio2v5KQ=w408-h306-k-no","false","true","/g/1tflyy__","es-419","0","-2.1361111","-79.9005556",,"Alborada Este",,"false","ChIJvUBMdmxtLZAR4UKXj_NY9UM","090508",,"Hace 4 años","2022-07-16T01:54:27.875Z",,,,,,,,,,,,,,,,,,,,,,"ChdDSUhNMG9nS0VJQ0FnSURPNTdMaTlnRRAB",,,,,,,,"Google",,,"18",,,"1212","2026-08-08T17:30:22.978Z","Direct Detail URL: https://www.google.com/maps/place/Parrillada+Punta+Del+Este/@-2.2158291,-79.9617486,11.42z/data=!4m10!1m2!2m1!1sParrilla+Punta+del+Este+!3m6!1s0x902d6d6c764c40bd:0x43f558f38f9742e1!8m2!3d-2.1361111!4d-79.9005556!15sChdQYXJyaWxsYSBQdW50YSBkZWwgRXN0ZVoZIhdwYXJyaWxsYSBwdW50YSBkZWwgZXN0ZZIBBmFzYWRvcpoBI0NoWkRTVWhOTUc5blMwVkpRMEZuU1VSYU1IWlFhMVZuRUFF4AEA-gEECAAQJQ!16s%2Fg%2F1tflyy__?entry=ttu&g_ep=EgoyMDI2MDgwNS4xIKXMDSoASAFQAw%3D%3D","5",,"V37X+HQ4, Av. 2 N-E - Ing. Rodolfo Baquerizo Nazur","false",,,"Parrillada Punta Del Este","4.3",,"https://www.google.com/maps/search/?api=1&query=Parrillada%20Punta%20Del%20Este&query_place_id=ChIJvUBMdmxtLZAR4UKXj_NY9UM",
"V37X+HQ4, Av. 2 N-E - Ing. Rodolfo Baquerizo Nazur, 090508 Guayaquil, Ecuador","Parrilla","Parrilla","4896917972944634593","Guayaquil","EC","0x902d6d6c764c40bd:0x43f558f38f9742e1",,"https://lh3.googleusercontent.com/gps-cs-s/AHRPTWkRTcvnpJDUhkVYCVgu4xIBH78r7D8wp1dQEbHQ0Gg3bt0SA10fk4KPI-CuXfPpw30foXs14EvOqAhfn60g_e6Wpq_vLlKvmAM4nPsnslA1g3NcJMa435bQ_XV53KLTDQzio2v5KQ=w408-h306-k-no","false","true","/g/1tflyy__","es-419","0","-2.1361111","-79.9005556",,"Alborada Este","es","false","ChIJvUBMdmxtLZAR4UKXj_NY9UM","090508",,"Hace 4 años","2022-07-14T12:44:25.585Z",,,,,,,,,,,,,,,,,,,,,,"ChZDSUhNMG9nS0VJQ0FnSURPcTZfRWZnEAE",,,,,,,,"Google",,,"135",,,"1212","2026-08-08T17:30:22.978Z","Direct Detail URL: https://www.google.com/maps/place/Parrillada+Punta+Del+Este/@-2.2158291,-79.9617486,11.42z/data=!4m10!1m2!2m1!1sParrilla+Punta+del+Este+!3m6!1s0x902d6d6c764c40bd:0x43f558f38f9742e1!8m2!3d-2.1361111!4d-79.9005556!15sChdQYXJyaWxsYSBQdW50YSBkZWwgRXN0ZVoZIhdwYXJyaWxsYSBwdW50YSBkZWwgZXN0ZZIBBmFzYWRvcpoBI0NoWkRTVWhOTUc5blMwVkpRMEZuU1VSYU1IWlFhMVZuRUFF4AEA-gEECAAQJQ!16s%2Fg%2F1tflyy__?entry=ttu&g_ep=EgoyMDI2MDgwNS4xIKXMDSoASAFQAw%3D%3D","5",,"V37X+HQ4, Av. 2 N-E - Ing. Rodolfo Baquerizo Nazur","false","Muy buena atención y la parrillada excelente sabor",,"Parrillada Punta Del Este","4.3",,"https://www.google.com/maps/search/?api=1&query=Parrillada%20Punta%20Del%20Este&query_place_id=ChIJvUBMdmxtLZAR4UKXj_NY9UM",
"V37X+HQ4, Av. 2 N-E - Ing. Rodolfo Baquerizo Nazur, 090508 Guayaquil, Ecuador","Parrilla","Parrilla","4896917972944634593","Guayaquil","EC","0x902d6d6c764c40bd:0x43f558f38f9742e1",,"https://lh3.googleusercontent.com/gps-cs-s/AHRPTWkRTcvnpJDUhkVYCVgu4xIBH78r7D8wp1dQEbHQ0Gg3bt0SA10fk4KPI-CuXfPpw30foXs14EvOqAhfn60g_e6Wpq_vLlKvmAM4nPsnslA1g3NcJMa435bQ_XV53KLTDQzio2v5KQ=w408-h306-k-no","false","true","/g/1tflyy__","es-419","0","-2.1361111","-79.9005556",,"Alborada Este",,"false","ChIJvUBMdmxtLZAR4UKXj_NY9UM","090508",,"Hace 4 años","2022-07-12T02:57:36.341Z",,,,,,,,,,,,,,,,,,,,,,"ChZDSUhNMG9nS0VJQ0FnSURPblotQUtnEAE",,,,,,,,"Google",,,"2",,,"1212","2026-08-08T17:30:22.978Z","Direct Detail URL: https://www.google.com/maps/place/Parrillada+Punta+Del+Este/@-2.2158291,-79.9617486,11.42z/data=!4m10!1m2!2m1!1sParrilla+Punta+del+Este+!3m6!1s0x902d6d6c764c40bd:0x43f558f38f9742e1!8m2!3d-2.1361111!4d-79.9005556!15sChdQYXJyaWxsYSBQdW50YSBkZWwgRXN0ZVoZIhdwYXJyaWxsYSBwdW50YSBkZWwgZXN0ZZIBBmFzYWRvcpoBI0NoWkRTVWhOTUc5blMwVkpRMEZuU1VSYU1IWlFhMVZuRUFF4AEA-gEECAAQJQ!16s%2Fg%2F1tflyy__?entry=ttu&g_ep=EgoyMDI2MDgwNS4xIKXMDSoASAFQAw%3D%3D","4",,"V37X+HQ4, Av. 2 N-E - Ing. Rodolfo Baquerizo Nazur","false",,,"Parrillada Punta Del Este","4.3",,"https://www.google.com/maps/search/?api=1&query=Parrillada%20Punta%20Del%20Este&query_place_id=ChIJvUBMdmxtLZAR4UKXj_NY9UM",
"V37X+HQ4, Av. 2 N-E - Ing. Rodolfo Baquerizo Nazur, 090508 Guayaquil, Ecuador","Parrilla","Parrilla","4896917972944634593","Guayaquil","EC","0x902d6d6c764c40bd:0x43f558f38f9742e1",,"https://lh3.googleusercontent.com/gps-cs-s/AHRPTWkRTcvnpJDUhkVYCVgu4xIBH78r7D8wp1dQEbHQ0Gg3bt0SA10fk4KPI-CuXfPpw30foXs14EvOqAhfn60g_e6Wpq_vLlKvmAM4nPsnslA1g3NcJMa435bQ_XV53KLTDQzio2v5KQ=w408-h306-k-no","false","false","/g/1tflyy__","es-419","0","-2.1361111","-79.9005556",,"Alborada Este",,"false","ChIJvUBMdmxtLZAR4UKXj_NY9UM","090508",,"Hace 4 años","2022-07-10T01:51:18.963Z",,,,,,,,,,,,,,,,,,,,,,"ChZDSUhNMG9nS0VJQ0FnSURPeGFMcmV3EAE",,,,,,,,"Google",,,"4",,,"1212","2026-08-08T17:30:22.978Z","Direct Detail URL: https://www.google.com/maps/place/Parrillada+Punta+Del+Este/@-2.2158291,-79.9617486,11.42z/data=!4m10!1m2!2m1!1sParrilla+Punta+del+Este+!3m6!1s0x902d6d6c764c40bd:0x43f558f38f9742e1!8m2!3d-2.1361111!4d-79.9005556!15sChdQYXJyaWxsYSBQdW50YSBkZWwgRXN0ZVoZIhdwYXJyaWxsYSBwdW50YSBkZWwgZXN0ZZIBBmFzYWRvcpoBI0NoWkRTVWhOTUc5blMwVkpRMEZuU1VSYU1IWlFhMVZuRUFF4AEA-gEECAAQJQ!16s%2Fg%2F1tflyy__?entry=ttu&g_ep=EgoyMDI2MDgwNS4xIKXMDSoASAFQAw%3D%3D","5",,"V37X+HQ4, Av. 2 N-E - Ing. Rodolfo Baquerizo Nazur","false",,,"Parrillada Punta Del Este","4.3",,"https://www.google.com/maps/search/?api=1&query=Parrillada%20Punta%20Del%20Este&query_place_id=ChIJvUBMdmxtLZAR4UKXj_NY9UM",
"V37X+HQ4, Av. 2 N-E - Ing. Rodolfo Baquerizo Nazur, 090508 Guayaquil, Ecuador","Parrilla","Parrilla","4896917972944634593","Guayaquil","EC","0x902d6d6c764c40bd:0x43f558f38f9742e1",,"https://lh3.googleusercontent.com/gps-cs-s/AHRPTWkRTcvnpJDUhkVYCVgu4xIBH78r7D8wp1dQEbHQ0Gg3bt0SA10fk4KPI-CuXfPpw30foXs14EvOqAhfn60g_e6Wpq_vLlKvmAM4nPsnslA1g3NcJMa435bQ_XV53KLTDQzio2v5KQ=w408-h306-k-no","false","true","/g/1tflyy__","es-419","0","-2.1361111","-79.9005556",,"Alborada Este",,"false","ChIJvUBMdmxtLZAR4UKXj_NY9UM","090508",,"Hace 4 años","2022-06-30T16:28:55.622Z",,,,,,,,,,,,,,,,,,,,,,"ChdDSUhNMG9nS0VJQ0FnSURPZ295d25nRRAB",,,,,,,,"Google",,,"41",,,"1212","2026-08-08T17:30:22.978Z","Direct Detail URL: https://www.google.com/maps/place/Parrillada+Punta+Del+Este/@-2.2158291,-79.9617486,11.42z/data=!4m10!1m2!2m1!1sParrilla+Punta+del+Este+!3m6!1s0x902d6d6c764c40bd:0x43f558f38f9742e1!8m2!3d-2.1361111!4d-79.9005556!15sChdQYXJyaWxsYSBQdW50YSBkZWwgRXN0ZVoZIhdwYXJyaWxsYSBwdW50YSBkZWwgZXN0ZZIBBmFzYWRvcpoBI0NoWkRTVWhOTUc5blMwVkpRMEZuU1VSYU1IWlFhMVZuRUFF4AEA-gEECAAQJQ!16s%2Fg%2F1tflyy__?entry=ttu&g_ep=EgoyMDI2MDgwNS4xIKXMDSoASAFQAw%3D%3D","5",,"V37X+HQ4, Av. 2 N-E - Ing. Rodolfo Baquerizo Nazur","false",,,"Parrillada Punta Del Este","4.3",,"https://www.google.com/maps/search/?api=1&query=Parrillada%20Punta%20Del%20Este&query_place_id=ChIJvUBMdmxtLZAR4UKXj_NY9UM",
"V37X+HQ4, Av. 2 N-E - Ing. Rodolfo Baquerizo Nazur, 090508 Guayaquil, Ecuador","Parrilla","Parrilla","4896917972944634593","Guayaquil","EC","0x902d6d6c764c40bd:0x43f558f38f9742e1",,"https://lh3.googleusercontent.com/gps-cs-s/AHRPTWkRTcvnpJDUhkVYCVgu4xIBH78r7D8wp1dQEbHQ0Gg3bt0SA10fk4KPI-CuXfPpw30foXs14EvOqAhfn60g_e6Wpq_vLlKvmAM4nPsnslA1g3NcJMa435bQ_XV53KLTDQzio2v5KQ=w408-h306-k-no","false","false","/g/1tflyy__","es-419","0","-2.1361111","-79.9005556",,"Alborada Este","es","false","ChIJvUBMdmxtLZAR4UKXj_NY9UM","090508",,"Hace 4 años","2022-06-25T02:11:49.368Z",,,,,,,,,,,,,,,,,,,,,,"ChdDSUhNMG9nS0VJQ0FnSURPNExmRWt3RRAB",,,,,,,,"Google",,,"90",,,"1212","2026-08-08T17:30:22.978Z","Direct Detail URL: https://www.google.com/maps/place/Parrillada+Punta+Del+Este/@-2.2158291,-79.9617486,11.42z/data=!4m10!1m2!2m1!1sParrilla+Punta+del+Este+!3m6!1s0x902d6d6c764c40bd:0x43f558f38f9742e1!8m2!3d-2.1361111!4d-79.9005556!15sChdQYXJyaWxsYSBQdW50YSBkZWwgRXN0ZVoZIhdwYXJyaWxsYSBwdW50YSBkZWwgZXN0ZZIBBmFzYWRvcpoBI0NoWkRTVWhOTUc5blMwVkpRMEZuU1VSYU1IWlFhMVZuRUFF4AEA-gEECAAQJQ!16s%2Fg%2F1tflyy__?entry=ttu&g_ep=EgoyMDI2MDgwNS4xIKXMDSoASAFQAw%3D%3D","5",,"V37X+HQ4, Av. 2 N-E - Ing. Rodolfo Baquerizo Nazur","false","Excelente atención y comida",,"Parrillada Punta Del Este","4.3",,"https://www.google.com/maps/search/?api=1&query=Parrillada%20Punta%20Del%20Este&query_place_id=ChIJvUBMdmxtLZAR4UKXj_NY9UM",
"V37X+HQ4, Av. 2 N-E - Ing. Rodolfo Baquerizo Nazur, 090508 Guayaquil, Ecuador","Parrilla","Parrilla","4896917972944634593","Guayaquil","EC","0x902d6d6c764c40bd:0x43f558f38f9742e1",,"https://lh3.googleusercontent.com/gps-cs-s/AHRPTWkRTcvnpJDUhkVYCVgu4xIBH78r7D8wp1dQEbHQ0Gg3bt0SA10fk4KPI-CuXfPpw30foXs14EvOqAhfn60g_e6Wpq_vLlKvmAM4nPsnslA1g3NcJMa435bQ_XV53KLTDQzio2v5KQ=w408-h306-k-no","false","true","/g/1tflyy__","es-419","0","-2.1361111","-79.9005556",,"Alborada Este","es","false","ChIJvUBMdmxtLZAR4UKXj_NY9UM","090508",,"Hace 4 años","2022-06-24T17:30:19.436Z",,,,,,,,,,,,,,,,,,,,,,"ChdDSUhNMG9nS0VJQ0FnSURPb05LWDlBRRAB",,,,,,,,"Google",,,"34",,,"1212","2026-08-08T17:30:22.978Z","Direct Detail URL: https://www.google.com/maps/place/Parrillada+Punta+Del+Este/@-2.2158291,-79.9617486,11.42z/data=!4m10!1m2!2m1!1sParrilla+Punta+del+Este+!3m6!1s0x902d6d6c764c40bd:0x43f558f38f9742e1!8m2!3d-2.1361111!4d-79.9005556!15sChdQYXJyaWxsYSBQdW50YSBkZWwgRXN0ZVoZIhdwYXJyaWxsYSBwdW50YSBkZWwgZXN0ZZIBBmFzYWRvcpoBI0NoWkRTVWhOTUc5blMwVkpRMEZuU1VSYU1IWlFhMVZuRUFF4AEA-gEECAAQJQ!16s%2Fg%2F1tflyy__?entry=ttu&g_ep=EgoyMDI2MDgwNS4xIKXMDSoASAFQAw%3D%3D","4",,"V37X+HQ4, Av. 2 N-E - Ing. Rodolfo Baquerizo Nazur","false","Rica comida a precios accesibles",,"Parrillada Punta Del Este","4.3",,"https://www.google.com/maps/search/?api=1&query=Parrillada%20Punta%20Del%20Este&query_place_id=ChIJvUBMdmxtLZAR4UKXj_NY9UM",
"V37X+HQ4, Av. 2 N-E - Ing. Rodolfo Baquerizo Nazur, 090508 Guayaquil, Ecuador","Parrilla","Parrilla","4896917972944634593","Guayaquil","EC","0x902d6d6c764c40bd:0x43f558f38f9742e1",,"https://lh3.googleusercontent.com/gps-cs-s/AHRPTWkRTcvnpJDUhkVYCVgu4xIBH78r7D8wp1dQEbHQ0Gg3bt0SA10fk4KPI-CuXfPpw30foXs14EvOqAhfn60g_e6Wpq_vLlKvmAM4nPsnslA1g3NcJMa435bQ_XV53KLTDQzio2v5KQ=w408-h306-k-no","false","true","/g/1tflyy__","es-419","0","-2.1361111","-79.9005556",,"Alborada Este","es","false","ChIJvUBMdmxtLZAR4UKXj_NY9UM","090508",,"Hace 4 años","2022-06-24T05:06:36.306Z",,,,,,,,,,,,,,,,,,,,,,"ChdDSUhNMG9nS0VJQ0FnSUNPXy1hcHV3RRAB",,,,,,,,"Google",,,"70",,,"1212","2026-08-08T17:30:22.978Z","Direct Detail URL: https://www.google.com/maps/place/Parrillada+Punta+Del+Este/@-2.2158291,-79.9617486,11.42z/data=!4m10!1m2!2m1!1sParrilla+Punta+del+Este+!3m6!1s0x902d6d6c764c40bd:0x43f558f38f9742e1!8m2!3d-2.1361111!4d-79.9005556!15sChdQYXJyaWxsYSBQdW50YSBkZWwgRXN0ZVoZIhdwYXJyaWxsYSBwdW50YSBkZWwgZXN0ZZIBBmFzYWRvcpoBI0NoWkRTVWhOTUc5blMwVkpRMEZuU1VSYU1IWlFhMVZuRUFF4AEA-gEECAAQJQ!16s%2Fg%2F1tflyy__?entry=ttu&g_ep=EgoyMDI2MDgwNS4xIKXMDSoASAFQAw%3D%3D","5",,"V37X+HQ4, Av. 2 N-E - Ing. Rodolfo Baquerizo Nazur","false","Exelente lugar para reservar toda clase de evento social...recomendado",,"Parrillada Punta Del Este","4.3",,"https://www.google.com/maps/search/?api=1&query=Parrillada%20Punta%20Del%20Este&query_place_id=ChIJvUBMdmxtLZAR4UKXj_NY9UM",
"V37X+HQ4, Av. 2 N-E - Ing. Rodolfo Baquerizo Nazur, 090508 Guayaquil, Ecuador","Parrilla","Parrilla","4896917972944634593","Guayaquil","EC","0x902d6d6c764c40bd:0x43f558f38f9742e1",,"https://lh3.googleusercontent.com/gps-cs-s/AHRPTWkRTcvnpJDUhkVYCVgu4xIBH78r7D8wp1dQEbHQ0Gg3bt0SA10fk4KPI-CuXfPpw30foXs14EvOqAhfn60g_e6Wpq_vLlKvmAM4nPsnslA1g3NcJMa435bQ_XV53KLTDQzio2v5KQ=w408-h306-k-no","false","true","/g/1tflyy__","es-419","0","-2.1361111","-79.9005556",,"Alborada Este","es","false","ChIJvUBMdmxtLZAR4UKXj_NY9UM","090508",,"Editado Hace 4 años","2022-06-23T00:32:24.401Z",,,,,,,,,,,,,,,,,,,,,,"ChdDSUhNMG9nS0VJQ0FnSUNPdTdQX3dBRRAB",,,,,,,,"Google",,,"377",,,"1212","2026-08-08T17:30:22.978Z","Direct Detail URL: https://www.google.com/maps/place/Parrillada+Punta+Del+Este/@-2.2158291,-79.9617486,11.42z/data=!4m10!1m2!2m1!1sParrilla+Punta+del+Este+!3m6!1s0x902d6d6c764c40bd:0x43f558f38f9742e1!8m2!3d-2.1361111!4d-79.9005556!15sChdQYXJyaWxsYSBQdW50YSBkZWwgRXN0ZVoZIhdwYXJyaWxsYSBwdW50YSBkZWwgZXN0ZZIBBmFzYWRvcpoBI0NoWkRTVWhOTUc5blMwVkpRMEZuU1VSYU1IWlFhMVZuRUFF4AEA-gEECAAQJQ!16s%2Fg%2F1tflyy__?entry=ttu&g_ep=EgoyMDI2MDgwNS4xIKXMDSoASAFQAw%3D%3D","5",,"V37X+HQ4, Av. 2 N-E - Ing. Rodolfo Baquerizo Nazur","false","Muy buena",,"Parrillada Punta Del Este","4.3",,"https://www.google.com/maps/search/?api=1&query=Parrillada%20Punta%20Del%20Este&query_place_id=ChIJvUBMdmxtLZAR4UKXj_NY9UM",
"V37X+HQ4, Av. 2 N-E - Ing. Rodolfo Baquerizo Nazur, 090508 Guayaquil, Ecuador","Parrilla","Parrilla","4896917972944634593","Guayaquil","EC","0x902d6d6c764c40bd:0x43f558f38f9742e1",,"https://lh3.googleusercontent.com/gps-cs-s/AHRPTWkRTcvnpJDUhkVYCVgu4xIBH78r7D8wp1dQEbHQ0Gg3bt0SA10fk4KPI-CuXfPpw30foXs14EvOqAhfn60g_e6Wpq_vLlKvmAM4nPsnslA1g3NcJMa435bQ_XV53KLTDQzio2v5KQ=w408-h306-k-no","false","true","/g/1tflyy__","es-419","0","-2.1361111","-79.9005556",,"Alborada Este",,"false","ChIJvUBMdmxtLZAR4UKXj_NY9UM","090508",,"Hace 4 años","2022-06-20T02:16:59.497Z",,,,,,,,,,,,,,,,,,,,,,"ChZDSUhNMG9nS0VJQ0FnSUNPcTRUa1JnEAE",,,,,,,,"Google",,,"2",,,"1212","2026-08-08T17:30:22.978Z","Direct Detail URL: https://www.google.com/maps/place/Parrillada+Punta+Del+Este/@-2.2158291,-79.9617486,11.42z/data=!4m10!1m2!2m1!1sParrilla+Punta+del+Este+!3m6!1s0x902d6d6c764c40bd:0x43f558f38f9742e1!8m2!3d-2.1361111!4d-79.9005556!15sChdQYXJyaWxsYSBQdW50YSBkZWwgRXN0ZVoZIhdwYXJyaWxsYSBwdW50YSBkZWwgZXN0ZZIBBmFzYWRvcpoBI0NoWkRTVWhOTUc5blMwVkpRMEZuU1VSYU1IWlFhMVZuRUFF4AEA-gEECAAQJQ!16s%2Fg%2F1tflyy__?entry=ttu&g_ep=EgoyMDI2MDgwNS4xIKXMDSoASAFQAw%3D%3D","3",,"V37X+HQ4, Av. 2 N-E - Ing. Rodolfo Baquerizo Nazur","false",,,"Parrillada Punta Del Este","4.3",,"https://www.google.com/maps/search/?api=1&query=Parrillada%20Punta%20Del%20Este&query_place_id=ChIJvUBMdmxtLZAR4UKXj_NY9UM",
"V37X+HQ4, Av. 2 N-E - Ing. Rodolfo Baquerizo Nazur, 090508 Guayaquil, Ecuador","Parrilla","Parrilla","4896917972944634593","Guayaquil","EC","0x902d6d6c764c40bd:0x43f558f38f9742e1",,"https://lh3.googleusercontent.com/gps-cs-s/AHRPTWkRTcvnpJDUhkVYCVgu4xIBH78r7D8wp1dQEbHQ0Gg3bt0SA10fk4KPI-CuXfPpw30foXs14EvOqAhfn60g_e6Wpq_vLlKvmAM4nPsnslA1g3NcJMa435bQ_XV53KLTDQzio2v5KQ=w408-h306-k-no","false","true","/g/1tflyy__","es-419","0","-2.1361111","-79.9005556",,"Alborada Este","es","false","ChIJvUBMdmxtLZAR4UKXj_NY9UM","090508",,"Hace 4 años","2022-06-16T16:25:49.454Z",,,,,,,,,,,,,,,,,,,,,,"ChdDSUhNMG9nS0VJQ0FnSUNPemEtN2tBRRAB",,,,,,,,"Google",,,"180",,,"1212","2026-08-08T17:30:22.978Z","Direct Detail URL: https://www.google.com/maps/place/Parrillada+Punta+Del+Este/@-2.2158291,-79.9617486,11.42z/data=!4m10!1m2!2m1!1sParrilla+Punta+del+Este+!3m6!1s0x902d6d6c764c40bd:0x43f558f38f9742e1!8m2!3d-2.1361111!4d-79.9005556!15sChdQYXJyaWxsYSBQdW50YSBkZWwgRXN0ZVoZIhdwYXJyaWxsYSBwdW50YSBkZWwgZXN0ZZIBBmFzYWRvcpoBI0NoWkRTVWhOTUc5blMwVkpRMEZuU1VSYU1IWlFhMVZuRUFF4AEA-gEECAAQJQ!16s%2Fg%2F1tflyy__?entry=ttu&g_ep=EgoyMDI2MDgwNS4xIKXMDSoASAFQAw%3D%3D","4",,"V37X+HQ4, Av. 2 N-E - Ing. Rodolfo Baquerizo Nazur","false","Poco parqueo",,"Parrillada Punta Del Este","4.3",,"https://www.google.com/maps/search/?api=1&query=Parrillada%20Punta%20Del%20Este&query_place_id=ChIJvUBMdmxtLZAR4UKXj_NY9UM",
"V37X+HQ4, Av. 2 N-E - Ing. Rodolfo Baquerizo Nazur, 090508 Guayaquil, Ecuador","Parrilla","Parrilla","4896917972944634593","Guayaquil","EC","0x902d6d6c764c40bd:0x43f558f38f9742e1",,"https://lh3.googleusercontent.com/gps-cs-s/AHRPTWkRTcvnpJDUhkVYCVgu4xIBH78r7D8wp1dQEbHQ0Gg3bt0SA10fk4KPI-CuXfPpw30foXs14EvOqAhfn60g_e6Wpq_vLlKvmAM4nPsnslA1g3NcJMa435bQ_XV53KLTDQzio2v5KQ=w408-h306-k-no","false","true","/g/1tflyy__","es-419","0","-2.1361111","-79.9005556",,"Alborada Este","es","false","ChIJvUBMdmxtLZAR4UKXj_NY9UM","090508",,"Hace 4 años","2022-06-13T00:21:54.220Z",,,,,,,,,,,,,,,,,,,,,,"ChZDSUhNMG9nS0VJQ0FnSUNPOGZxSElREAE",,,,,,,,"Google",,,"72",,,"1212","2026-08-08T17:30:22.978Z","Direct Detail URL: https://www.google.com/maps/place/Parrillada+Punta+Del+Este/@-2.2158291,-79.9617486,11.42z/data=!4m10!1m2!2m1!1sParrilla+Punta+del+Este+!3m6!1s0x902d6d6c764c40bd:0x43f558f38f9742e1!8m2!3d-2.1361111!4d-79.9005556!15sChdQYXJyaWxsYSBQdW50YSBkZWwgRXN0ZVoZIhdwYXJyaWxsYSBwdW50YSBkZWwgZXN0ZZIBBmFzYWRvcpoBI0NoWkRTVWhOTUc5blMwVkpRMEZuU1VSYU1IWlFhMVZuRUFF4AEA-gEECAAQJQ!16s%2Fg%2F1tflyy__?entry=ttu&g_ep=EgoyMDI2MDgwNS4xIKXMDSoASAFQAw%3D%3D","4",,"V37X+HQ4, Av. 2 N-E - Ing. Rodolfo Baquerizo Nazur","false","Excelente atención",,"Parrillada Punta Del Este","4.3",,"https://www.google.com/maps/search/?api=1&query=Parrillada%20Punta%20Del%20Este&query_place_id=ChIJvUBMdmxtLZAR4UKXj_NY9UM",
"V37X+HQ4, Av. 2 N-E - Ing. Rodolfo Baquerizo Nazur, 090508 Guayaquil, Ecuador","Parrilla","Parrilla","4896917972944634593","Guayaquil","EC","0x902d6d6c764c40bd:0x43f558f38f9742e1",,"https://lh3.googleusercontent.com/gps-cs-s/AHRPTWkRTcvnpJDUhkVYCVgu4xIBH78r7D8wp1dQEbHQ0Gg3bt0SA10fk4KPI-CuXfPpw30foXs14EvOqAhfn60g_e6Wpq_vLlKvmAM4nPsnslA1g3NcJMa435bQ_XV53KLTDQzio2v5KQ=w408-h306-k-no","false","true","/g/1tflyy__","es-419","1","-2.1361111","-79.9005556",,"Alborada Este","es","false","ChIJvUBMdmxtLZAR4UKXj_NY9UM","090508",,"Editado Hace 4 años","2022-06-06T23:35:23.072Z",,,,,,,,,,,,,,,,,,,,,,"ChdDSUhNMG9nS0VJQ0FnSUNFb2Q2V293RRAB",,,,,,,,"Google",,,"85",,,"1212","2026-08-08T17:30:22.978Z","Direct Detail URL: https://www.google.com/maps/place/Parrillada+Punta+Del+Este/@-2.2158291,-79.9617486,11.42z/data=!4m10!1m2!2m1!1sParrilla+Punta+del+Este+!3m6!1s0x902d6d6c764c40bd:0x43f558f38f9742e1!8m2!3d-2.1361111!4d-79.9005556!15sChdQYXJyaWxsYSBQdW50YSBkZWwgRXN0ZVoZIhdwYXJyaWxsYSBwdW50YSBkZWwgZXN0ZZIBBmFzYWRvcpoBI0NoWkRTVWhOTUc5blMwVkpRMEZuU1VSYU1IWlFhMVZuRUFF4AEA-gEECAAQJQ!16s%2Fg%2F1tflyy__?entry=ttu&g_ep=EgoyMDI2MDgwNS4xIKXMDSoASAFQAw%3D%3D","3",,"V37X+HQ4, Av. 2 N-E - Ing. Rodolfo Baquerizo Nazur","false","Exelenye sevicio exquisita comida",,"Parrillada Punta Del Este","4.3",,"https://www.google.com/maps/search/?api=1&query=Parrillada%20Punta%20Del%20Este&query_place_id=ChIJvUBMdmxtLZAR4UKXj_NY9UM",
"V37X+HQ4, Av. 2 N-E - Ing. Rodolfo Baquerizo Nazur, 090508 Guayaquil, Ecuador","Parrilla","Parrilla","4896917972944634593","Guayaquil","EC","0x902d6d6c764c40bd:0x43f558f38f9742e1",,"https://lh3.googleusercontent.com/gps-cs-s/AHRPTWkRTcvnpJDUhkVYCVgu4xIBH78r7D8wp1dQEbHQ0Gg3bt0SA10fk4KPI-CuXfPpw30foXs14EvOqAhfn60g_e6Wpq_vLlKvmAM4nPsnslA1g3NcJMa435bQ_XV53KLTDQzio2v5KQ=w408-h306-k-no","false","false","/g/1tflyy__","es-419","0","-2.1361111","-79.9005556",,"Alborada Este","es","false","ChIJvUBMdmxtLZAR4UKXj_NY9UM","090508",,"Hace 4 años","2022-06-05T20:02:04.205Z",,,,,,,,,,,,,,,,,,,,,,"ChdDSUhNMG9nS0VJQ0FnSUNPa3FqOC1BRRAB",,,,,,,,"Google",,,"4",,,"1212","2026-08-08T17:30:22.978Z","Direct Detail URL: https://www.google.com/maps/place/Parrillada+Punta+Del+Este/@-2.2158291,-79.9617486,11.42z/data=!4m10!1m2!2m1!1sParrilla+Punta+del+Este+!3m6!1s0x902d6d6c764c40bd:0x43f558f38f9742e1!8m2!3d-2.1361111!4d-79.9005556!15sChdQYXJyaWxsYSBQdW50YSBkZWwgRXN0ZVoZIhdwYXJyaWxsYSBwdW50YSBkZWwgZXN0ZZIBBmFzYWRvcpoBI0NoWkRTVWhOTUc5blMwVkpRMEZuU1VSYU1IWlFhMVZuRUFF4AEA-gEECAAQJQ!16s%2Fg%2F1tflyy__?entry=ttu&g_ep=EgoyMDI2MDgwNS4xIKXMDSoASAFQAw%3D%3D","3",,"V37X+HQ4, Av. 2 N-E - Ing. Rodolfo Baquerizo Nazur","false","La comida muy rica pero esperamos una hora por ella y errores con los pedido",,"Parrillada Punta Del Este","4.3",,"https://www.google.com/maps/search/?api=1&query=Parrillada%20Punta%20Del%20Este&query_place_id=ChIJvUBMdmxtLZAR4UKXj_NY9UM",
"V37X+HQ4, Av. 2 N-E - Ing. Rodolfo Baquerizo Nazur, 090508 Guayaquil, Ecuador","Parrilla","Parrilla","4896917972944634593","Guayaquil","EC","0x902d6d6c764c40bd:0x43f558f38f9742e1",,"https://lh3.googleusercontent.com/gps-cs-s/AHRPTWkRTcvnpJDUhkVYCVgu4xIBH78r7D8wp1dQEbHQ0Gg3bt0SA10fk4KPI-CuXfPpw30foXs14EvOqAhfn60g_e6Wpq_vLlKvmAM4nPsnslA1g3NcJMa435bQ_XV53KLTDQzio2v5KQ=w408-h306-k-no","false","true","/g/1tflyy__","es-419","0","-2.1361111","-79.9005556",,"Alborada Este","es","false","ChIJvUBMdmxtLZAR4UKXj_NY9UM","090508",,"Hace 4 años","2022-06-04T20:34:47.415Z",,,,,,,,,,,,,,,,,,,,,,"ChdDSUhNMG9nS0VJQ0FnSUNPX043UXBRRRAB",,,,,,,,"Google",,,"20",,,"1212","2026-08-08T17:30:22.978Z","Direct Detail URL: https://www.google.com/maps/place/Parrillada+Punta+Del+Este/@-2.2158291,-79.9617486,11.42z/data=!4m10!1m2!2m1!1sParrilla+Punta+del+Este+!3m6!1s0x902d6d6c764c40bd:0x43f558f38f9742e1!8m2!3d-2.1361111!4d-79.9005556!15sChdQYXJyaWxsYSBQdW50YSBkZWwgRXN0ZVoZIhdwYXJyaWxsYSBwdW50YSBkZWwgZXN0ZZIBBmFzYWRvcpoBI0NoWkRTVWhOTUc5blMwVkpRMEZuU1VSYU1IWlFhMVZuRUFF4AEA-gEECAAQJQ!16s%2Fg%2F1tflyy__?entry=ttu&g_ep=EgoyMDI2MDgwNS4xIKXMDSoASAFQAw%3D%3D","4",,"V37X+HQ4, Av. 2 N-E - Ing. Rodolfo Baquerizo Nazur","false","Reunión de amigos, ex compañeros de Colegio y de la Universidad",,"Parrillada Punta Del Este","4.3",,"https://www.google.com/maps/search/?api=1&query=Parrillada%20Punta%20Del%20Este&query_place_id=ChIJvUBMdmxtLZAR4UKXj_NY9UM",
"V37X+HQ4, Av. 2 N-E - Ing. Rodolfo Baquerizo Nazur, 090508 Guayaquil, Ecuador","Parrilla","Parrilla","4896917972944634593","Guayaquil","EC","0x902d6d6c764c40bd:0x43f558f38f9742e1",,"https://lh3.googleusercontent.com/gps-cs-s/AHRPTWkRTcvnpJDUhkVYCVgu4xIBH78r7D8wp1dQEbHQ0Gg3bt0SA10fk4KPI-CuXfPpw30foXs14EvOqAhfn60g_e6Wpq_vLlKvmAM4nPsnslA1g3NcJMa435bQ_XV53KLTDQzio2v5KQ=w408-h306-k-no","false","false","/g/1tflyy__","es-419","0","-2.1361111","-79.9005556",,"Alborada Este","es","false","ChIJvUBMdmxtLZAR4UKXj_NY9UM","090508",,"Hace 4 años","2022-05-30T20:52:31.703Z",,,,,,,,,,,,,,,,,,,,,,"ChdDSUhNMG9nS0VJQ0FnSUNPOEtQY2pRRRAB",,,,,,,,"Google",,,"3",,,"1212","2026-08-08T17:30:22.978Z","Direct Detail URL: https://www.google.com/maps/place/Parrillada+Punta+Del+Este/@-2.2158291,-79.9617486,11.42z/data=!4m10!1m2!2m1!1sParrilla+Punta+del+Este+!3m6!1s0x902d6d6c764c40bd:0x43f558f38f9742e1!8m2!3d-2.1361111!4d-79.9005556!15sChdQYXJyaWxsYSBQdW50YSBkZWwgRXN0ZVoZIhdwYXJyaWxsYSBwdW50YSBkZWwgZXN0ZZIBBmFzYWRvcpoBI0NoWkRTVWhOTUc5blMwVkpRMEZuU1VSYU1IWlFhMVZuRUFF4AEA-gEECAAQJQ!16s%2Fg%2F1tflyy__?entry=ttu&g_ep=EgoyMDI2MDgwNS4xIKXMDSoASAFQAw%3D%3D","5",,"V37X+HQ4, Av. 2 N-E - Ing. Rodolfo Baquerizo Nazur","false","La comida y sangría estupenda",,"Parrillada Punta Del Este","4.3",,"https://www.google.com/maps/search/?api=1&query=Parrillada%20Punta%20Del%20Este&query_place_id=ChIJvUBMdmxtLZAR4UKXj_NY9UM",
"V37X+HQ4, Av. 2 N-E - Ing. Rodolfo Baquerizo Nazur, 090508 Guayaquil, Ecuador","Parrilla","Parrilla","4896917972944634593","Guayaquil","EC","0x902d6d6c764c40bd:0x43f558f38f9742e1",,"https://lh3.googleusercontent.com/gps-cs-s/AHRPTWkRTcvnpJDUhkVYCVgu4xIBH78r7D8wp1dQEbHQ0Gg3bt0SA10fk4KPI-CuXfPpw30foXs14EvOqAhfn60g_e6Wpq_vLlKvmAM4nPsnslA1g3NcJMa435bQ_XV53KLTDQzio2v5KQ=w408-h306-k-no","false","true","/g/1tflyy__","es-419","0","-2.1361111","-79.9005556",,"Alborada Este",,"false","ChIJvUBMdmxtLZAR4UKXj_NY9UM","090508",,"Editado Hace 4 años","2022-05-29T04:07:59.103Z",,,,,,,,,,,,,,,,,,,,,,"ChdDSUhNMG9nS0VJQ0FnSURZaDdTeGlnRRAB",,,,,,,,"Google",,,"5",,,"1212","2026-08-08T17:30:22.978Z","Direct Detail URL: https://www.google.com/maps/place/Parrillada+Punta+Del+Este/@-2.2158291,-79.9617486,11.42z/data=!4m10!1m2!2m1!1sParrilla+Punta+del+Este+!3m6!1s0x902d6d6c764c40bd:0x43f558f38f9742e1!8m2!3d-2.1361111!4d-79.9005556!15sChdQYXJyaWxsYSBQdW50YSBkZWwgRXN0ZVoZIhdwYXJyaWxsYSBwdW50YSBkZWwgZXN0ZZIBBmFzYWRvcpoBI0NoWkRTVWhOTUc5blMwVkpRMEZuU1VSYU1IWlFhMVZuRUFF4AEA-gEECAAQJQ!16s%2Fg%2F1tflyy__?entry=ttu&g_ep=EgoyMDI2MDgwNS4xIKXMDSoASAFQAw%3D%3D","5",,"V37X+HQ4, Av. 2 N-E - Ing. Rodolfo Baquerizo Nazur","false",,,"Parrillada Punta Del Este","4.3",,"https://www.google.com/maps/search/?api=1&query=Parrillada%20Punta%20Del%20Este&query_place_id=ChIJvUBMdmxtLZAR4UKXj_NY9UM",
"V37X+HQ4, Av. 2 N-E - Ing. Rodolfo Baquerizo Nazur, 090508 Guayaquil, Ecuador","Parrilla","Parrilla","4896917972944634593","Guayaquil","EC","0x902d6d6c764c40bd:0x43f558f38f9742e1",,"https://lh3.googleusercontent.com/gps-cs-s/AHRPTWkRTcvnpJDUhkVYCVgu4xIBH78r7D8wp1dQEbHQ0Gg3bt0SA10fk4KPI-CuXfPpw30foXs14EvOqAhfn60g_e6Wpq_vLlKvmAM4nPsnslA1g3NcJMa435bQ_XV53KLTDQzio2v5KQ=w408-h306-k-no","false","false","/g/1tflyy__","es-419","0","-2.1361111","-79.9005556",,"Alborada Este","es","false","ChIJvUBMdmxtLZAR4UKXj_NY9UM","090508",,"Hace 4 años","2022-05-20T02:38:38.433Z",,,,,,,,,,,,,,,,,,,,,,"ChZDSUhNMG9nS0VJQ0FnSUQyeGZYRll3EAE",,,,,,,,"Google",,,"10",,,"1212","2026-08-08T17:30:22.978Z","Direct Detail URL: https://www.google.com/maps/place/Parrillada+Punta+Del+Este/@-2.2158291,-79.9617486,11.42z/data=!4m10!1m2!2m1!1sParrilla+Punta+del+Este+!3m6!1s0x902d6d6c764c40bd:0x43f558f38f9742e1!8m2!3d-2.1361111!4d-79.9005556!15sChdQYXJyaWxsYSBQdW50YSBkZWwgRXN0ZVoZIhdwYXJyaWxsYSBwdW50YSBkZWwgZXN0ZZIBBmFzYWRvcpoBI0NoWkRTVWhOTUc5blMwVkpRMEZuU1VSYU1IWlFhMVZuRUFF4AEA-gEECAAQJQ!16s%2Fg%2F1tflyy__?entry=ttu&g_ep=EgoyMDI2MDgwNS4xIKXMDSoASAFQAw%3D%3D","5",,"V37X+HQ4, Av. 2 N-E - Ing. Rodolfo Baquerizo Nazur","false","Excelente lugar para compartir entre amigos y familia.",,"Parrillada Punta Del Este","4.3",,"https://www.google.com/maps/search/?api=1&query=Parrillada%20Punta%20Del%20Este&query_place_id=ChIJvUBMdmxtLZAR4UKXj_NY9UM",
"V37X+HQ4, Av. 2 N-E - Ing. Rodolfo Baquerizo Nazur, 090508 Guayaquil, Ecuador","Parrilla","Parrilla","4896917972944634593","Guayaquil","EC","0x902d6d6c764c40bd:0x43f558f38f9742e1",,"https://lh3.googleusercontent.com/gps-cs-s/AHRPTWkRTcvnpJDUhkVYCVgu4xIBH78r7D8wp1dQEbHQ0Gg3bt0SA10fk4KPI-CuXfPpw30foXs14EvOqAhfn60g_e6Wpq_vLlKvmAM4nPsnslA1g3NcJMa435bQ_XV53KLTDQzio2v5KQ=w408-h306-k-no","false","false","/g/1tflyy__","es-419","0","-2.1361111","-79.9005556",,"Alborada Este",,"false","ChIJvUBMdmxtLZAR4UKXj_NY9UM","090508",,"Hace 4 años","2022-05-19T01:36:57.309Z",,,,,,,,,,,,,,,,,,,,,,"ChdDSUhNMG9nS0VJQ0FnSUQybWZ1Y3hBRRAB",,,,,,,,"Google",,,"0",,,"1212","2026-08-08T17:30:22.978Z","Direct Detail URL: https://www.google.com/maps/place/Parrillada+Punta+Del+Este/@-2.2158291,-79.9617486,11.42z/data=!4m10!1m2!2m1!1sParrilla+Punta+del+Este+!3m6!1s0x902d6d6c764c40bd:0x43f558f38f9742e1!8m2!3d-2.1361111!4d-79.9005556!15sChdQYXJyaWxsYSBQdW50YSBkZWwgRXN0ZVoZIhdwYXJyaWxsYSBwdW50YSBkZWwgZXN0ZZIBBmFzYWRvcpoBI0NoWkRTVWhOTUc5blMwVkpRMEZuU1VSYU1IWlFhMVZuRUFF4AEA-gEECAAQJQ!16s%2Fg%2F1tflyy__?entry=ttu&g_ep=EgoyMDI2MDgwNS4xIKXMDSoASAFQAw%3D%3D","4",,"V37X+HQ4, Av. 2 N-E - Ing. Rodolfo Baquerizo Nazur","false",,,"Parrillada Punta Del Este","4.3",,"https://www.google.com/maps/search/?api=1&query=Parrillada%20Punta%20Del%20Este&query_place_id=ChIJvUBMdmxtLZAR4UKXj_NY9UM",
"V37X+HQ4, Av. 2 N-E - Ing. Rodolfo Baquerizo Nazur, 090508 Guayaquil, Ecuador","Parrilla","Parrilla","4896917972944634593","Guayaquil","EC","0x902d6d6c764c40bd:0x43f558f38f9742e1",,"https://lh3.googleusercontent.com/gps-cs-s/AHRPTWkRTcvnpJDUhkVYCVgu4xIBH78r7D8wp1dQEbHQ0Gg3bt0SA10fk4KPI-CuXfPpw30foXs14EvOqAhfn60g_e6Wpq_vLlKvmAM4nPsnslA1g3NcJMa435bQ_XV53KLTDQzio2v5KQ=w408-h306-k-no","false","true","/g/1tflyy__","es-419","0","-2.1361111","-79.9005556",,"Alborada Este","es","false","ChIJvUBMdmxtLZAR4UKXj_NY9UM","090508",,"Editado Hace 4 años","2022-05-18T07:25:23.398Z",,,,,,,,,,,,,,,,,,,,,,"ChZDSUhNMG9nS0VJQ0FnSUNRcmU3clBREAE",,,,,,,,"Google",,,"10",,,"1212","2026-08-08T17:30:22.978Z","Direct Detail URL: https://www.google.com/maps/place/Parrillada+Punta+Del+Este/@-2.2158291,-79.9617486,11.42z/data=!4m10!1m2!2m1!1sParrilla+Punta+del+Este+!3m6!1s0x902d6d6c764c40bd:0x43f558f38f9742e1!8m2!3d-2.1361111!4d-79.9005556!15sChdQYXJyaWxsYSBQdW50YSBkZWwgRXN0ZVoZIhdwYXJyaWxsYSBwdW50YSBkZWwgZXN0ZZIBBmFzYWRvcpoBI0NoWkRTVWhOTUc5blMwVkpRMEZuU1VSYU1IWlFhMVZuRUFF4AEA-gEECAAQJQ!16s%2Fg%2F1tflyy__?entry=ttu&g_ep=EgoyMDI2MDgwNS4xIKXMDSoASAFQAw%3D%3D","5",,"V37X+HQ4, Av. 2 N-E - Ing. Rodolfo Baquerizo Nazur","false","Excelente",,"Parrillada Punta Del Este","4.3",,"https://www.google.com/maps/search/?api=1&query=Parrillada%20Punta%20Del%20Este&query_place_id=ChIJvUBMdmxtLZAR4UKXj_NY9UM",
"V37X+HQ4, Av. 2 N-E - Ing. Rodolfo Baquerizo Nazur, 090508 Guayaquil, Ecuador","Parrilla","Parrilla","4896917972944634593","Guayaquil","EC","0x902d6d6c764c40bd:0x43f558f38f9742e1",,"https://lh3.googleusercontent.com/gps-cs-s/AHRPTWkRTcvnpJDUhkVYCVgu4xIBH78r7D8wp1dQEbHQ0Gg3bt0SA10fk4KPI-CuXfPpw30foXs14EvOqAhfn60g_e6Wpq_vLlKvmAM4nPsnslA1g3NcJMa435bQ_XV53KLTDQzio2v5KQ=w408-h306-k-no","false","true","/g/1tflyy__","es-419","0","-2.1361111","-79.9005556",,"Alborada Este","es","false","ChIJvUBMdmxtLZAR4UKXj_NY9UM","090508",,"Hace 4 años","2022-05-17T21:18:25.836Z",,,,,,,,,,,,,,,,,,,,,,"ChZDSUhNMG9nS0VJQ0FnSUQyOGVySUJBEAE",,,,,,,,"Google",,,"25",,,"1212","2026-08-08T17:30:22.978Z","Direct Detail URL: https://www.google.com/maps/place/Parrillada+Punta+Del+Este/@-2.2158291,-79.9617486,11.42z/data=!4m10!1m2!2m1!1sParrilla+Punta+del+Este+!3m6!1s0x902d6d6c764c40bd:0x43f558f38f9742e1!8m2!3d-2.1361111!4d-79.9005556!15sChdQYXJyaWxsYSBQdW50YSBkZWwgRXN0ZVoZIhdwYXJyaWxsYSBwdW50YSBkZWwgZXN0ZZIBBmFzYWRvcpoBI0NoWkRTVWhOTUc5blMwVkpRMEZuU1VSYU1IWlFhMVZuRUFF4AEA-gEECAAQJQ!16s%2Fg%2F1tflyy__?entry=ttu&g_ep=EgoyMDI2MDgwNS4xIKXMDSoASAFQAw%3D%3D","1",,"V37X+HQ4, Av. 2 N-E - Ing. Rodolfo Baquerizo Nazur","false","Falta atención",,"Parrillada Punta Del Este","4.3",,"https://www.google.com/maps/search/?api=1&query=Parrillada%20Punta%20Del%20Este&query_place_id=ChIJvUBMdmxtLZAR4UKXj_NY9UM",
"V37X+HQ4, Av. 2 N-E - Ing. Rodolfo Baquerizo Nazur, 090508 Guayaquil, Ecuador","Parrilla","Parrilla","4896917972944634593","Guayaquil","EC","0x902d6d6c764c40bd:0x43f558f38f9742e1",,"https://lh3.googleusercontent.com/gps-cs-s/AHRPTWkRTcvnpJDUhkVYCVgu4xIBH78r7D8wp1dQEbHQ0Gg3bt0SA10fk4KPI-CuXfPpw30foXs14EvOqAhfn60g_e6Wpq_vLlKvmAM4nPsnslA1g3NcJMa435bQ_XV53KLTDQzio2v5KQ=w408-h306-k-no","false","false","/g/1tflyy__","es-419","0","-2.1361111","-79.9005556",,"Alborada Este",,"false","ChIJvUBMdmxtLZAR4UKXj_NY9UM","090508",,"Hace 4 años","2022-05-13T19:18:35.259Z",,,,,,,,,,,,,,,,,,,,,,"ChdDSUhNMG9nS0VJQ0FnSUQyNXNPWjFBRRAB",,,,,,,,"Google",,,"6",,,"1212","2026-08-08T17:30:22.978Z","Direct Detail URL: https://www.google.com/maps/place/Parrillada+Punta+Del+Este/@-2.2158291,-79.9617486,11.42z/data=!4m10!1m2!2m1!1sParrilla+Punta+del+Este+!3m6!1s0x902d6d6c764c40bd:0x43f558f38f9742e1!8m2!3d-2.1361111!4d-79.9005556!15sChdQYXJyaWxsYSBQdW50YSBkZWwgRXN0ZVoZIhdwYXJyaWxsYSBwdW50YSBkZWwgZXN0ZZIBBmFzYWRvcpoBI0NoWkRTVWhOTUc5blMwVkpRMEZuU1VSYU1IWlFhMVZuRUFF4AEA-gEECAAQJQ!16s%2Fg%2F1tflyy__?entry=ttu&g_ep=EgoyMDI2MDgwNS4xIKXMDSoASAFQAw%3D%3D","4",,"V37X+HQ4, Av. 2 N-E - Ing. Rodolfo Baquerizo Nazur","false",,,"Parrillada Punta Del Este","4.3",,"https://www.google.com/maps/search/?api=1&query=Parrillada%20Punta%20Del%20Este&query_place_id=ChIJvUBMdmxtLZAR4UKXj_NY9UM",
"V37X+HQ4, Av. 2 N-E - Ing. Rodolfo Baquerizo Nazur, 090508 Guayaquil, Ecuador","Parrilla","Parrilla","4896917972944634593","Guayaquil","EC","0x902d6d6c764c40bd:0x43f558f38f9742e1",,"https://lh3.googleusercontent.com/gps-cs-s/AHRPTWkRTcvnpJDUhkVYCVgu4xIBH78r7D8wp1dQEbHQ0Gg3bt0SA10fk4KPI-CuXfPpw30foXs14EvOqAhfn60g_e6Wpq_vLlKvmAM4nPsnslA1g3NcJMa435bQ_XV53KLTDQzio2v5KQ=w408-h306-k-no","false","true","/g/1tflyy__","es-419","0","-2.1361111","-79.9005556",,"Alborada Este","es","false","ChIJvUBMdmxtLZAR4UKXj_NY9UM","090508",,"Hace 4 años","2022-05-13T03:18:11.276Z",,,,,,,,,,,,,,,,,,,,,,"ChZDSUhNMG9nS0VJQ0FnSUQyaHVicGVnEAE",,,,,,,,"Google",,,"59",,,"1212","2026-08-08T17:30:22.978Z","Direct Detail URL: https://www.google.com/maps/place/Parrillada+Punta+Del+Este/@-2.2158291,-79.9617486,11.42z/data=!4m10!1m2!2m1!1sParrilla+Punta+del+Este+!3m6!1s0x902d6d6c764c40bd:0x43f558f38f9742e1!8m2!3d-2.1361111!4d-79.9005556!15sChdQYXJyaWxsYSBQdW50YSBkZWwgRXN0ZVoZIhdwYXJyaWxsYSBwdW50YSBkZWwgZXN0ZZIBBmFzYWRvcpoBI0NoWkRTVWhOTUc5blMwVkpRMEZuU1VSYU1IWlFhMVZuRUFF4AEA-gEECAAQJQ!16s%2Fg%2F1tflyy__?entry=ttu&g_ep=EgoyMDI2MDgwNS4xIKXMDSoASAFQAw%3D%3D","5",,"V37X+HQ4, Av. 2 N-E - Ing. Rodolfo Baquerizo Nazur","false","Rico",,"Parrillada Punta Del Este","4.3",,"https://www.google.com/maps/search/?api=1&query=Parrillada%20Punta%20Del%20Este&query_place_id=ChIJvUBMdmxtLZAR4UKXj_NY9UM",
"V37X+HQ4, Av. 2 N-E - Ing. Rodolfo Baquerizo Nazur, 090508 Guayaquil, Ecuador","Parrilla","Parrilla","4896917972944634593","Guayaquil","EC","0x902d6d6c764c40bd:0x43f558f38f9742e1",,"https://lh3.googleusercontent.com/gps-cs-s/AHRPTWkRTcvnpJDUhkVYCVgu4xIBH78r7D8wp1dQEbHQ0Gg3bt0SA10fk4KPI-CuXfPpw30foXs14EvOqAhfn60g_e6Wpq_vLlKvmAM4nPsnslA1g3NcJMa435bQ_XV53KLTDQzio2v5KQ=w408-h306-k-no","false","true","/g/1tflyy__","es-419","0","-2.1361111","-79.9005556",,"Alborada Este","es","false","ChIJvUBMdmxtLZAR4UKXj_NY9UM","090508",,"Hace 4 años","2022-04-29T18:32:57.165Z",,,,,,,,,,,,,,,,,,,,,,"ChZDSUhNMG9nS0VJQ0FnSUMycF95UWR3EAE",,,,,,,,"Google",,,"53",,,"1212","2026-08-08T17:30:22.978Z","Direct Detail URL: https://www.google.com/maps/place/Parrillada+Punta+Del+Este/@-2.2158291,-79.9617486,11.42z/data=!4m10!1m2!2m1!1sParrilla+Punta+del+Este+!3m6!1s0x902d6d6c764c40bd:0x43f558f38f9742e1!8m2!3d-2.1361111!4d-79.9005556!15sChdQYXJyaWxsYSBQdW50YSBkZWwgRXN0ZVoZIhdwYXJyaWxsYSBwdW50YSBkZWwgZXN0ZZIBBmFzYWRvcpoBI0NoWkRTVWhOTUc5blMwVkpRMEZuU1VSYU1IWlFhMVZuRUFF4AEA-gEECAAQJQ!16s%2Fg%2F1tflyy__?entry=ttu&g_ep=EgoyMDI2MDgwNS4xIKXMDSoASAFQAw%3D%3D","5",,"V37X+HQ4, Av. 2 N-E - Ing. Rodolfo Baquerizo Nazur","false","Delicioso",,"Parrillada Punta Del Este","4.3",,"https://www.google.com/maps/search/?api=1&query=Parrillada%20Punta%20Del%20Este&query_place_id=ChIJvUBMdmxtLZAR4UKXj_NY9UM",
"V37X+HQ4, Av. 2 N-E - Ing. Rodolfo Baquerizo Nazur, 090508 Guayaquil, Ecuador","Parrilla","Parrilla","4896917972944634593","Guayaquil","EC","0x902d6d6c764c40bd:0x43f558f38f9742e1",,"https://lh3.googleusercontent.com/gps-cs-s/AHRPTWkRTcvnpJDUhkVYCVgu4xIBH78r7D8wp1dQEbHQ0Gg3bt0SA10fk4KPI-CuXfPpw30foXs14EvOqAhfn60g_e6Wpq_vLlKvmAM4nPsnslA1g3NcJMa435bQ_XV53KLTDQzio2v5KQ=w408-h306-k-no","false","true","/g/1tflyy__","es-419","0","-2.1361111","-79.9005556",,"Alborada Este",,"false","ChIJvUBMdmxtLZAR4UKXj_NY9UM","090508",,"Hace 4 años","2022-04-24T13:54:47.407Z",,,,,,,,,,,,,,,,,,,,,,"ChZDSUhNMG9nS0VJQ0FnSUMycVpERVFBEAE",,,,,,,,"Google",,,"4",,,"1212","2026-08-08T17:30:22.978Z","Direct Detail URL: https://www.google.com/maps/place/Parrillada+Punta+Del+Este/@-2.2158291,-79.9617486,11.42z/data=!4m10!1m2!2m1!1sParrilla+Punta+del+Este+!3m6!1s0x902d6d6c764c40bd:0x43f558f38f9742e1!8m2!3d-2.1361111!4d-79.9005556!15sChdQYXJyaWxsYSBQdW50YSBkZWwgRXN0ZVoZIhdwYXJyaWxsYSBwdW50YSBkZWwgZXN0ZZIBBmFzYWRvcpoBI0NoWkRTVWhOTUc5blMwVkpRMEZuU1VSYU1IWlFhMVZuRUFF4AEA-gEECAAQJQ!16s%2Fg%2F1tflyy__?entry=ttu&g_ep=EgoyMDI2MDgwNS4xIKXMDSoASAFQAw%3D%3D","5",,"V37X+HQ4, Av. 2 N-E - Ing. Rodolfo Baquerizo Nazur","false",,,"Parrillada Punta Del Este","4.3",,"https://www.google.com/maps/search/?api=1&query=Parrillada%20Punta%20Del%20Este&query_place_id=ChIJvUBMdmxtLZAR4UKXj_NY9UM",
"V37X+HQ4, Av. 2 N-E - Ing. Rodolfo Baquerizo Nazur, 090508 Guayaquil, Ecuador","Parrilla","Parrilla","4896917972944634593","Guayaquil","EC","0x902d6d6c764c40bd:0x43f558f38f9742e1",,"https://lh3.googleusercontent.com/gps-cs-s/AHRPTWkRTcvnpJDUhkVYCVgu4xIBH78r7D8wp1dQEbHQ0Gg3bt0SA10fk4KPI-CuXfPpw30foXs14EvOqAhfn60g_e6Wpq_vLlKvmAM4nPsnslA1g3NcJMa435bQ_XV53KLTDQzio2v5KQ=w408-h306-k-no","false","true","/g/1tflyy__","es-419","0","-2.1361111","-79.9005556",,"Alborada Este",,"false","ChIJvUBMdmxtLZAR4UKXj_NY9UM","090508",,"Editado Hace 4 años","2022-04-21T20:14:41.127Z",,,,,,,,,,,,,,,,,,,,,,"ChZDSUhNMG9nS0VJQ0FnSURLOV96aVFnEAE",,,,,,,,"Google",,,"1",,,"1212","2026-08-08T17:30:22.978Z","Direct Detail URL: https://www.google.com/maps/place/Parrillada+Punta+Del+Este/@-2.2158291,-79.9617486,11.42z/data=!4m10!1m2!2m1!1sParrilla+Punta+del+Este+!3m6!1s0x902d6d6c764c40bd:0x43f558f38f9742e1!8m2!3d-2.1361111!4d-79.9005556!15sChdQYXJyaWxsYSBQdW50YSBkZWwgRXN0ZVoZIhdwYXJyaWxsYSBwdW50YSBkZWwgZXN0ZZIBBmFzYWRvcpoBI0NoWkRTVWhOTUc5blMwVkpRMEZuU1VSYU1IWlFhMVZuRUFF4AEA-gEECAAQJQ!16s%2Fg%2F1tflyy__?entry=ttu&g_ep=EgoyMDI2MDgwNS4xIKXMDSoASAFQAw%3D%3D","4",,"V37X+HQ4, Av. 2 N-E - Ing. Rodolfo Baquerizo Nazur","false",,,"Parrillada Punta Del Este","4.3",,"https://www.google.com/maps/search/?api=1&query=Parrillada%20Punta%20Del%20Este&query_place_id=ChIJvUBMdmxtLZAR4UKXj_NY9UM",
"V37X+HQ4, Av. 2 N-E - Ing. Rodolfo Baquerizo Nazur, 090508 Guayaquil, Ecuador","Parrilla","Parrilla","4896917972944634593","Guayaquil","EC","0x902d6d6c764c40bd:0x43f558f38f9742e1",,"https://lh3.googleusercontent.com/gps-cs-s/AHRPTWkRTcvnpJDUhkVYCVgu4xIBH78r7D8wp1dQEbHQ0Gg3bt0SA10fk4KPI-CuXfPpw30foXs14EvOqAhfn60g_e6Wpq_vLlKvmAM4nPsnslA1g3NcJMa435bQ_XV53KLTDQzio2v5KQ=w408-h306-k-no","false","true","/g/1tflyy__","es-419","0","-2.1361111","-79.9005556",,"Alborada Este","es","false","ChIJvUBMdmxtLZAR4UKXj_NY9UM","090508",,"Hace 4 años","2022-04-11T20:53:01.587Z",,,,,,,,,,,,,,,,,,,,,,"ChdDSUhNMG9nS0VJQ0FnSUMybUx1ZzRnRRAB",,,,,,,,"Google",,,"82",,,"1212","2026-08-08T17:30:22.978Z","Direct Detail URL: https://www.google.com/maps/place/Parrillada+Punta+Del+Este/@-2.2158291,-79.9617486,11.42z/data=!4m10!1m2!2m1!1sParrilla+Punta+del+Este+!3m6!1s0x902d6d6c764c40bd:0x43f558f38f9742e1!8m2!3d-2.1361111!4d-79.9005556!15sChdQYXJyaWxsYSBQdW50YSBkZWwgRXN0ZVoZIhdwYXJyaWxsYSBwdW50YSBkZWwgZXN0ZZIBBmFzYWRvcpoBI0NoWkRTVWhOTUc5blMwVkpRMEZuU1VSYU1IWlFhMVZuRUFF4AEA-gEECAAQJQ!16s%2Fg%2F1tflyy__?entry=ttu&g_ep=EgoyMDI2MDgwNS4xIKXMDSoASAFQAw%3D%3D","5",,"V37X+HQ4, Av. 2 N-E - Ing. Rodolfo Baquerizo Nazur","false","Exquisito sabor favorable atención buen servicio muy oportunos",,"Parrillada Punta Del Este","4.3",,"https://www.google.com/maps/search/?api=1&query=Parrillada%20Punta%20Del%20Este&query_place_id=ChIJvUBMdmxtLZAR4UKXj_NY9UM",
"V37X+HQ4, Av. 2 N-E - Ing. Rodolfo Baquerizo Nazur, 090508 Guayaquil, Ecuador","Parrilla","Parrilla","4896917972944634593","Guayaquil","EC","0x902d6d6c764c40bd:0x43f558f38f9742e1",,"https://lh3.googleusercontent.com/gps-cs-s/AHRPTWkRTcvnpJDUhkVYCVgu4xIBH78r7D8wp1dQEbHQ0Gg3bt0SA10fk4KPI-CuXfPpw30foXs14EvOqAhfn60g_e6Wpq_vLlKvmAM4nPsnslA1g3NcJMa435bQ_XV53KLTDQzio2v5KQ=w408-h306-k-no","false","true","/g/1tflyy__","es-419","0","-2.1361111","-79.9005556",,"Alborada Este",,"false","ChIJvUBMdmxtLZAR4UKXj_NY9UM","090508",,"Hace 4 años","2022-03-30T21:00:33.474Z",,,,,,,,,,,,,,,,,,,,,,"ChZDSUhNMG9nS0VJQ0FnSURXdFo2UFh3EAE",,,,,,,,"Google",,,"8",,,"1212","2026-08-08T17:30:22.978Z","Direct Detail URL: https://www.google.com/maps/place/Parrillada+Punta+Del+Este/@-2.2158291,-79.9617486,11.42z/data=!4m10!1m2!2m1!1sParrilla+Punta+del+Este+!3m6!1s0x902d6d6c764c40bd:0x43f558f38f9742e1!8m2!3d-2.1361111!4d-79.9005556!15sChdQYXJyaWxsYSBQdW50YSBkZWwgRXN0ZVoZIhdwYXJyaWxsYSBwdW50YSBkZWwgZXN0ZZIBBmFzYWRvcpoBI0NoWkRTVWhOTUc5blMwVkpRMEZuU1VSYU1IWlFhMVZuRUFF4AEA-gEECAAQJQ!16s%2Fg%2F1tflyy__?entry=ttu&g_ep=EgoyMDI2MDgwNS4xIKXMDSoASAFQAw%3D%3D","4",,"V37X+HQ4, Av. 2 N-E - Ing. Rodolfo Baquerizo Nazur","false",,,"Parrillada Punta Del Este","4.3",,"https://www.google.com/maps/search/?api=1&query=Parrillada%20Punta%20Del%20Este&query_place_id=ChIJvUBMdmxtLZAR4UKXj_NY9UM",
"V37X+HQ4, Av. 2 N-E - Ing. Rodolfo Baquerizo Nazur, 090508 Guayaquil, Ecuador","Parrilla","Parrilla","4896917972944634593","Guayaquil","EC","0x902d6d6c764c40bd:0x43f558f38f9742e1",,"https://lh3.googleusercontent.com/gps-cs-s/AHRPTWkRTcvnpJDUhkVYCVgu4xIBH78r7D8wp1dQEbHQ0Gg3bt0SA10fk4KPI-CuXfPpw30foXs14EvOqAhfn60g_e6Wpq_vLlKvmAM4nPsnslA1g3NcJMa435bQ_XV53KLTDQzio2v5KQ=w408-h306-k-no","false","true","/g/1tflyy__","es-419","0","-2.1361111","-79.9005556",,"Alborada Este","es","false","ChIJvUBMdmxtLZAR4UKXj_NY9UM","090508",,"Hace 4 años","2022-03-30T15:42:46.499Z",,,,,,,,,,,,,,,,,,,,,,"ChdDSUhNMG9nS0VJQ0FnSURXMWJLX3l3RRAB",,,,,,,,"Google",,,"34",,,"1212","2026-08-08T17:30:22.978Z","Direct Detail URL: https://www.google.com/maps/place/Parrillada+Punta+Del+Este/@-2.2158291,-79.9617486,11.42z/data=!4m10!1m2!2m1!1sParrilla+Punta+del+Este+!3m6!1s0x902d6d6c764c40bd:0x43f558f38f9742e1!8m2!3d-2.1361111!4d-79.9005556!15sChdQYXJyaWxsYSBQdW50YSBkZWwgRXN0ZVoZIhdwYXJyaWxsYSBwdW50YSBkZWwgZXN0ZZIBBmFzYWRvcpoBI0NoWkRTVWhOTUc5blMwVkpRMEZuU1VSYU1IWlFhMVZuRUFF4AEA-gEECAAQJQ!16s%2Fg%2F1tflyy__?entry=ttu&g_ep=EgoyMDI2MDgwNS4xIKXMDSoASAFQAw%3D%3D","5",,"V37X+HQ4, Av. 2 N-E - Ing. Rodolfo Baquerizo Nazur","false","Excelente atención buen precio la comida muy buena",,"Parrillada Punta Del Este","4.3",,"https://www.google.com/maps/search/?api=1&query=Parrillada%20Punta%20Del%20Este&query_place_id=ChIJvUBMdmxtLZAR4UKXj_NY9UM",
"V37X+HQ4, Av. 2 N-E - Ing. Rodolfo Baquerizo Nazur, 090508 Guayaquil, Ecuador","Parrilla","Parrilla","4896917972944634593","Guayaquil","EC","0x902d6d6c764c40bd:0x43f558f38f9742e1",,"https://lh3.googleusercontent.com/gps-cs-s/AHRPTWkRTcvnpJDUhkVYCVgu4xIBH78r7D8wp1dQEbHQ0Gg3bt0SA10fk4KPI-CuXfPpw30foXs14EvOqAhfn60g_e6Wpq_vLlKvmAM4nPsnslA1g3NcJMa435bQ_XV53KLTDQzio2v5KQ=w408-h306-k-no","false","true","/g/1tflyy__","es-419","0","-2.1361111","-79.9005556",,"Alborada Este","es","false","ChIJvUBMdmxtLZAR4UKXj_NY9UM","090508",,"Hace 4 años","2022-03-30T15:15:02.013Z",,,,,,,,,,,,,,,,,,,,,,"ChZDSUhNMG9nS0VJQ0FnSURXMVl6YUN3EAE",,,,,,,,"Google",,,"100",,,"1212","2026-08-08T17:30:22.978Z","Direct Detail URL: https://www.google.com/maps/place/Parrillada+Punta+Del+Este/@-2.2158291,-79.9617486,11.42z/data=!4m10!1m2!2m1!1sParrilla+Punta+del+Este+!3m6!1s0x902d6d6c764c40bd:0x43f558f38f9742e1!8m2!3d-2.1361111!4d-79.9005556!15sChdQYXJyaWxsYSBQdW50YSBkZWwgRXN0ZVoZIhdwYXJyaWxsYSBwdW50YSBkZWwgZXN0ZZIBBmFzYWRvcpoBI0NoWkRTVWhOTUc5blMwVkpRMEZuU1VSYU1IWlFhMVZuRUFF4AEA-gEECAAQJQ!16s%2Fg%2F1tflyy__?entry=ttu&g_ep=EgoyMDI2MDgwNS4xIKXMDSoASAFQAw%3D%3D","3",,"V37X+HQ4, Av. 2 N-E - Ing. Rodolfo Baquerizo Nazur","false","Los meseros son hostiles están estresados",,"Parrillada Punta Del Este","4.3",,"https://www.google.com/maps/search/?api=1&query=Parrillada%20Punta%20Del%20Este&query_place_id=ChIJvUBMdmxtLZAR4UKXj_NY9UM",
"V37X+HQ4, Av. 2 N-E - Ing. Rodolfo Baquerizo Nazur, 090508 Guayaquil, Ecuador","Parrilla","Parrilla","4896917972944634593","Guayaquil","EC","0x902d6d6c764c40bd:0x43f558f38f9742e1",,"https://lh3.googleusercontent.com/gps-cs-s/AHRPTWkRTcvnpJDUhkVYCVgu4xIBH78r7D8wp1dQEbHQ0Gg3bt0SA10fk4KPI-CuXfPpw30foXs14EvOqAhfn60g_e6Wpq_vLlKvmAM4nPsnslA1g3NcJMa435bQ_XV53KLTDQzio2v5KQ=w408-h306-k-no","false","true","/g/1tflyy__","es-419","0","-2.1361111","-79.9005556",,"Alborada Este",,"false","ChIJvUBMdmxtLZAR4UKXj_NY9UM","090508",,"Hace 4 años","2022-03-29T03:58:48.623Z",,,,,,,,,,,,,,,,,,,,,,"ChdDSUhNMG9nS0VJQ0FnSURXdWVLRnB3RRAB","https://lh3.googleusercontent.com/grass-cs/ACvplmN3xOtmCYZAt5MpJMhJe4-gAv8yQUwECNEjbVnF6Rhe7fwOrbbR0RruZ5LlcV5avpBPNG2YXXqPfyeoM8pznlzGR6PtPLdyQF2gsmamJxq4dAjNUoihtlUr0Ggf8Mf7FZqrjisZvA=k-no",,,,,,,"Google",,,"12",,,"1212","2026-08-08T17:30:22.978Z","Direct Detail URL: https://www.google.com/maps/place/Parrillada+Punta+Del+Este/@-2.2158291,-79.9617486,11.42z/data=!4m10!1m2!2m1!1sParrilla+Punta+del+Este+!3m6!1s0x902d6d6c764c40bd:0x43f558f38f9742e1!8m2!3d-2.1361111!4d-79.9005556!15sChdQYXJyaWxsYSBQdW50YSBkZWwgRXN0ZVoZIhdwYXJyaWxsYSBwdW50YSBkZWwgZXN0ZZIBBmFzYWRvcpoBI0NoWkRTVWhOTUc5blMwVkpRMEZuU1VSYU1IWlFhMVZuRUFF4AEA-gEECAAQJQ!16s%2Fg%2F1tflyy__?entry=ttu&g_ep=EgoyMDI2MDgwNS4xIKXMDSoASAFQAw%3D%3D","4",,"V37X+HQ4, Av. 2 N-E - Ing. Rodolfo Baquerizo Nazur","false",,,"Parrillada Punta Del Este","4.3",,"https://www.google.com/maps/search/?api=1&query=Parrillada%20Punta%20Del%20Este&query_place_id=ChIJvUBMdmxtLZAR4UKXj_NY9UM",
"V37X+HQ4, Av. 2 N-E - Ing. Rodolfo Baquerizo Nazur, 090508 Guayaquil, Ecuador","Parrilla","Parrilla","4896917972944634593","Guayaquil","EC","0x902d6d6c764c40bd:0x43f558f38f9742e1",,"https://lh3.googleusercontent.com/gps-cs-s/AHRPTWkRTcvnpJDUhkVYCVgu4xIBH78r7D8wp1dQEbHQ0Gg3bt0SA10fk4KPI-CuXfPpw30foXs14EvOqAhfn60g_e6Wpq_vLlKvmAM4nPsnslA1g3NcJMa435bQ_XV53KLTDQzio2v5KQ=w408-h306-k-no","false","false","/g/1tflyy__","es-419","0","-2.1361111","-79.9005556",,"Alborada Este",,"false","ChIJvUBMdmxtLZAR4UKXj_NY9UM","090508",,"Hace 4 años","2022-03-27T21:03:21.743Z",,,,,,,,,,,,,,,,,,,,,,"ChZDSUhNMG9nS0VJQ0FnSURXaWNYeEZBEAE",,,,,,,,"Google",,,"1",,,"1212","2026-08-08T17:30:22.978Z","Direct Detail URL: https://www.google.com/maps/place/Parrillada+Punta+Del+Este/@-2.2158291,-79.9617486,11.42z/data=!4m10!1m2!2m1!1sParrilla+Punta+del+Este+!3m6!1s0x902d6d6c764c40bd:0x43f558f38f9742e1!8m2!3d-2.1361111!4d-79.9005556!15sChdQYXJyaWxsYSBQdW50YSBkZWwgRXN0ZVoZIhdwYXJyaWxsYSBwdW50YSBkZWwgZXN0ZZIBBmFzYWRvcpoBI0NoWkRTVWhOTUc5blMwVkpRMEZuU1VSYU1IWlFhMVZuRUFF4AEA-gEECAAQJQ!16s%2Fg%2F1tflyy__?entry=ttu&g_ep=EgoyMDI2MDgwNS4xIKXMDSoASAFQAw%3D%3D","5",,"V37X+HQ4, Av. 2 N-E - Ing. Rodolfo Baquerizo Nazur","false",,,"Parrillada Punta Del Este","4.3",,"https://www.google.com/maps/search/?api=1&query=Parrillada%20Punta%20Del%20Este&query_place_id=ChIJvUBMdmxtLZAR4UKXj_NY9UM",
"V37X+HQ4, Av. 2 N-E - Ing. Rodolfo Baquerizo Nazur, 090508 Guayaquil, Ecuador","Parrilla","Parrilla","4896917972944634593","Guayaquil","EC","0x902d6d6c764c40bd:0x43f558f38f9742e1",,"https://lh3.googleusercontent.com/gps-cs-s/AHRPTWkRTcvnpJDUhkVYCVgu4xIBH78r7D8wp1dQEbHQ0Gg3bt0SA10fk4KPI-CuXfPpw30foXs14EvOqAhfn60g_e6Wpq_vLlKvmAM4nPsnslA1g3NcJMa435bQ_XV53KLTDQzio2v5KQ=w408-h306-k-no","false","true","/g/1tflyy__","es-419","0","-2.1361111","-79.9005556",,"Alborada Este",,"false","ChIJvUBMdmxtLZAR4UKXj_NY9UM","090508",,"Hace 4 años","2022-02-15T03:11:14.379Z",,,,,,,,,,,,,,,,,,,,,,"ChZDSUhNMG9nS0VJQ0FnSUNXNE5EeVNnEAE",,,,,,,,"Google",,,"27",,,"1212","2026-08-08T17:30:22.978Z","Direct Detail URL: https://www.google.com/maps/place/Parrillada+Punta+Del+Este/@-2.2158291,-79.9617486,11.42z/data=!4m10!1m2!2m1!1sParrilla+Punta+del+Este+!3m6!1s0x902d6d6c764c40bd:0x43f558f38f9742e1!8m2!3d-2.1361111!4d-79.9005556!15sChdQYXJyaWxsYSBQdW50YSBkZWwgRXN0ZVoZIhdwYXJyaWxsYSBwdW50YSBkZWwgZXN0ZZIBBmFzYWRvcpoBI0NoWkRTVWhOTUc5blMwVkpRMEZuU1VSYU1IWlFhMVZuRUFF4AEA-gEECAAQJQ!16s%2Fg%2F1tflyy__?entry=ttu&g_ep=EgoyMDI2MDgwNS4xIKXMDSoASAFQAw%3D%3D","4",,"V37X+HQ4, Av. 2 N-E - Ing. Rodolfo Baquerizo Nazur","false",,,"Parrillada Punta Del Este","4.3",,"https://www.google.com/maps/search/?api=1&query=Parrillada%20Punta%20Del%20Este&query_place_id=ChIJvUBMdmxtLZAR4UKXj_NY9UM",
"V37X+HQ4, Av. 2 N-E - Ing. Rodolfo Baquerizo Nazur, 090508 Guayaquil, Ecuador","Parrilla","Parrilla","4896917972944634593","Guayaquil","EC","0x902d6d6c764c40bd:0x43f558f38f9742e1",,"https://lh3.googleusercontent.com/gps-cs-s/AHRPTWkRTcvnpJDUhkVYCVgu4xIBH78r7D8wp1dQEbHQ0Gg3bt0SA10fk4KPI-CuXfPpw30foXs14EvOqAhfn60g_e6Wpq_vLlKvmAM4nPsnslA1g3NcJMa435bQ_XV53KLTDQzio2v5KQ=w408-h306-k-no","false","true","/g/1tflyy__","es-419","0","-2.1361111","-79.9005556",,"Alborada Este","es","false","ChIJvUBMdmxtLZAR4UKXj_NY9UM","090508",,"Hace 4 años","2022-02-10T00:33:00.593Z",,,,,,,,,,,,,,,,,,,,,,"ChZDSUhNMG9nS0VJQ0FnSURtbTV6LVJnEAE",,,,,,,,"Google",,,"34",,,"1212","2026-08-08T17:30:22.978Z","Direct Detail URL: https://www.google.com/maps/place/Parrillada+Punta+Del+Este/@-2.2158291,-79.9617486,11.42z/data=!4m10!1m2!2m1!1sParrilla+Punta+del+Este+!3m6!1s0x902d6d6c764c40bd:0x43f558f38f9742e1!8m2!3d-2.1361111!4d-79.9005556!15sChdQYXJyaWxsYSBQdW50YSBkZWwgRXN0ZVoZIhdwYXJyaWxsYSBwdW50YSBkZWwgZXN0ZZIBBmFzYWRvcpoBI0NoWkRTVWhOTUc5blMwVkpRMEZuU1VSYU1IWlFhMVZuRUFF4AEA-gEECAAQJQ!16s%2Fg%2F1tflyy__?entry=ttu&g_ep=EgoyMDI2MDgwNS4xIKXMDSoASAFQAw%3D%3D","5",,"V37X+HQ4, Av. 2 N-E - Ing. Rodolfo Baquerizo Nazur","false","Muy lindo lastima que las calles estén aún según arreglando",,"Parrillada Punta Del Este","4.3",,"https://www.google.com/maps/search/?api=1&query=Parrillada%20Punta%20Del%20Este&query_place_id=ChIJvUBMdmxtLZAR4UKXj_NY9UM",
"V37X+HQ4, Av. 2 N-E - Ing. Rodolfo Baquerizo Nazur, 090508 Guayaquil, Ecuador","Parrilla","Parrilla","4896917972944634593","Guayaquil","EC","0x902d6d6c764c40bd:0x43f558f38f9742e1",,"https://lh3.googleusercontent.com/gps-cs-s/AHRPTWkRTcvnpJDUhkVYCVgu4xIBH78r7D8wp1dQEbHQ0Gg3bt0SA10fk4KPI-CuXfPpw30foXs14EvOqAhfn60g_e6Wpq_vLlKvmAM4nPsnslA1g3NcJMa435bQ_XV53KLTDQzio2v5KQ=w408-h306-k-no","false","false","/g/1tflyy__","es-419","0","-2.1361111","-79.9005556",,"Alborada Este","es","false","ChIJvUBMdmxtLZAR4UKXj_NY9UM","090508",,"Hace 4 años","2022-01-15T13:24:48.743Z",,,,,,,,,,,,,,,,,,,,,,"ChdDSUhNMG9nS0VJQ0FnSURtd0ozazZBRRAB",,,,,,,,"Google",,,"10",,,"1212","2026-08-08T17:30:22.978Z","Direct Detail URL: https://www.google.com/maps/place/Parrillada+Punta+Del+Este/@-2.2158291,-79.9617486,11.42z/data=!4m10!1m2!2m1!1sParrilla+Punta+del+Este+!3m6!1s0x902d6d6c764c40bd:0x43f558f38f9742e1!8m2!3d-2.1361111!4d-79.9005556!15sChdQYXJyaWxsYSBQdW50YSBkZWwgRXN0ZVoZIhdwYXJyaWxsYSBwdW50YSBkZWwgZXN0ZZIBBmFzYWRvcpoBI0NoWkRTVWhOTUc5blMwVkpRMEZuU1VSYU1IWlFhMVZuRUFF4AEA-gEECAAQJQ!16s%2Fg%2F1tflyy__?entry=ttu&g_ep=EgoyMDI2MDgwNS4xIKXMDSoASAFQAw%3D%3D","5",,"V37X+HQ4, Av. 2 N-E - Ing. Rodolfo Baquerizo Nazur","false","Excelente servicio y atención..comida exquisita",,"Parrillada Punta Del Este","4.3",,"https://www.google.com/maps/search/?api=1&query=Parrillada%20Punta%20Del%20Este&query_place_id=ChIJvUBMdmxtLZAR4UKXj_NY9UM",
"V37X+HQ4, Av. 2 N-E - Ing. Rodolfo Baquerizo Nazur, 090508 Guayaquil, Ecuador","Parrilla","Parrilla","4896917972944634593","Guayaquil","EC","0x902d6d6c764c40bd:0x43f558f38f9742e1",,"https://lh3.googleusercontent.com/gps-cs-s/AHRPTWkRTcvnpJDUhkVYCVgu4xIBH78r7D8wp1dQEbHQ0Gg3bt0SA10fk4KPI-CuXfPpw30foXs14EvOqAhfn60g_e6Wpq_vLlKvmAM4nPsnslA1g3NcJMa435bQ_XV53KLTDQzio2v5KQ=w408-h306-k-no","false","false","/g/1tflyy__","es-419","0","-2.1361111","-79.9005556",,"Alborada Este","es","false","ChIJvUBMdmxtLZAR4UKXj_NY9UM","090508",,"Editado Hace 4 años","2022-01-06T21:02:06.185Z",,,,,,,,,,,,,,,,,,,,,,"ChZDSUhNMG9nS0VJQ0FnSUNtMWJ1T1JREAE","https://lh3.googleusercontent.com/grass-cs/ACvplmPfS9HP0so7aTJtlzVcF9N5vZFSQaNRmWqTF0p47xumC1P870kT1W6xNg1tV6GasKOb4a-QbEjq8R7vm8tDWNRP6Fz0UHsgoh3OT3qyMfOuV2E_BUfSz-BEBKNJZqjQ8FMEhxuL=k-no","https://lh3.googleusercontent.com/grass-cs/ACvplmPYA-rWNkXrkk6fM98m-6kIIC748lcEeo2sDRdcTXGxyXRhVMxs58rlfTKhzYIwQ4SL-bm1DfMPWXWzFXiDkhmOLcVlegLSvYZcxYrJfmoTBnd4DSuoHczBvZb8um3jI6W0Wtb39w=k-no","https://lh3.googleusercontent.com/grass-cs/ACvplmPjr4MgA4jNarGbCp05SJN_q2fEuGhNw5RgrtVTcHVOPvZRHYzq2QzbEAcBOUgONBXkHPobxRzVUw6s_dewm3GSGTD6EGmkWxc97rLd_ZmZdJgihCLRRzIwOfUAxzMYhbkkxoI=k-no","https://lh3.googleusercontent.com/grass-cs/ACvplmOV_2TklNGyJcEa1LpOj3ncnnTdQKe1XxcfqQFYQpGZDiw2a9qWg5MSYJQu4WjFG4xyMyGEEZWx9cCZkaXbv1bLraru5QKAkZVOC8Vfb-lqwfxmRoFNsJb977HNTOZGh-DX5y4w=k-no",,,,"Google",,,"1",,,"1212","2026-08-08T17:30:22.978Z","Direct Detail URL: https://www.google.com/maps/place/Parrillada+Punta+Del+Este/@-2.2158291,-79.9617486,11.42z/data=!4m10!1m2!2m1!1sParrilla+Punta+del+Este+!3m6!1s0x902d6d6c764c40bd:0x43f558f38f9742e1!8m2!3d-2.1361111!4d-79.9005556!15sChdQYXJyaWxsYSBQdW50YSBkZWwgRXN0ZVoZIhdwYXJyaWxsYSBwdW50YSBkZWwgZXN0ZZIBBmFzYWRvcpoBI0NoWkRTVWhOTUc5blMwVkpRMEZuU1VSYU1IWlFhMVZuRUFF4AEA-gEECAAQJQ!16s%2Fg%2F1tflyy__?entry=ttu&g_ep=EgoyMDI2MDgwNS4xIKXMDSoASAFQAw%3D%3D","4",,"V37X+HQ4, Av. 2 N-E - Ing. Rodolfo Baquerizo Nazur","false","Muy chebree",,"Parrillada Punta Del Este","4.3",,"https://www.google.com/maps/search/?api=1&query=Parrillada%20Punta%20Del%20Este&query_place_id=ChIJvUBMdmxtLZAR4UKXj_NY9UM",
"V37X+HQ4, Av. 2 N-E - Ing. Rodolfo Baquerizo Nazur, 090508 Guayaquil, Ecuador","Parrilla","Parrilla","4896917972944634593","Guayaquil","EC","0x902d6d6c764c40bd:0x43f558f38f9742e1",,"https://lh3.googleusercontent.com/gps-cs-s/AHRPTWkRTcvnpJDUhkVYCVgu4xIBH78r7D8wp1dQEbHQ0Gg3bt0SA10fk4KPI-CuXfPpw30foXs14EvOqAhfn60g_e6Wpq_vLlKvmAM4nPsnslA1g3NcJMa435bQ_XV53KLTDQzio2v5KQ=w408-h306-k-no","false","false","/g/1tflyy__","es-419","0","-2.1361111","-79.9005556",,"Alborada Este","es","false","ChIJvUBMdmxtLZAR4UKXj_NY9UM","090508",,"Hace 4 años","2022-01-03T10:49:26.545Z",,,,,,,,,,,,,,,,,,,,,,"ChdDSUhNMG9nS0VJQ0FnSUNtdWYtcXFBRRAB",,,,,,,,"Google",,,"3",,,"1212","2026-08-08T17:30:22.978Z","Direct Detail URL: https://www.google.com/maps/place/Parrillada+Punta+Del+Este/@-2.2158291,-79.9617486,11.42z/data=!4m10!1m2!2m1!1sParrilla+Punta+del+Este+!3m6!1s0x902d6d6c764c40bd:0x43f558f38f9742e1!8m2!3d-2.1361111!4d-79.9005556!15sChdQYXJyaWxsYSBQdW50YSBkZWwgRXN0ZVoZIhdwYXJyaWxsYSBwdW50YSBkZWwgZXN0ZZIBBmFzYWRvcpoBI0NoWkRTVWhOTUc5blMwVkpRMEZuU1VSYU1IWlFhMVZuRUFF4AEA-gEECAAQJQ!16s%2Fg%2F1tflyy__?entry=ttu&g_ep=EgoyMDI2MDgwNS4xIKXMDSoASAFQAw%3D%3D","4",,"V37X+HQ4, Av. 2 N-E - Ing. Rodolfo Baquerizo Nazur","false","Buena comida",,"Parrillada Punta Del Este","4.3",,"https://www.google.com/maps/search/?api=1&query=Parrillada%20Punta%20Del%20Este&query_place_id=ChIJvUBMdmxtLZAR4UKXj_NY9UM",
"V37X+HQ4, Av. 2 N-E - Ing. Rodolfo Baquerizo Nazur, 090508 Guayaquil, Ecuador","Parrilla","Parrilla","4896917972944634593","Guayaquil","EC","0x902d6d6c764c40bd:0x43f558f38f9742e1",,"https://lh3.googleusercontent.com/gps-cs-s/AHRPTWkRTcvnpJDUhkVYCVgu4xIBH78r7D8wp1dQEbHQ0Gg3bt0SA10fk4KPI-CuXfPpw30foXs14EvOqAhfn60g_e6Wpq_vLlKvmAM4nPsnslA1g3NcJMa435bQ_XV53KLTDQzio2v5KQ=w408-h306-k-no","false","true","/g/1tflyy__","es-419","0","-2.1361111","-79.9005556",,"Alborada Este",,"false","ChIJvUBMdmxtLZAR4UKXj_NY9UM","090508",,"Hace 4 años","2021-12-31T20:34:30.866Z",,,,,,,,,,,,,,,,,,,,,,"ChdDSUhNMG9nS0VJQ0FnSUNtMGRfMm9BRRAB",,,,,,,,"Google",,,"33",,,"1212","2026-08-08T17:30:22.978Z","Direct Detail URL: https://www.google.com/maps/place/Parrillada+Punta+Del+Este/@-2.2158291,-79.9617486,11.42z/data=!4m10!1m2!2m1!1sParrilla+Punta+del+Este+!3m6!1s0x902d6d6c764c40bd:0x43f558f38f9742e1!8m2!3d-2.1361111!4d-79.9005556!15sChdQYXJyaWxsYSBQdW50YSBkZWwgRXN0ZVoZIhdwYXJyaWxsYSBwdW50YSBkZWwgZXN0ZZIBBmFzYWRvcpoBI0NoWkRTVWhOTUc5blMwVkpRMEZuU1VSYU1IWlFhMVZuRUFF4AEA-gEECAAQJQ!16s%2Fg%2F1tflyy__?entry=ttu&g_ep=EgoyMDI2MDgwNS4xIKXMDSoASAFQAw%3D%3D","5",,"V37X+HQ4, Av. 2 N-E - Ing. Rodolfo Baquerizo Nazur","false",,,"Parrillada Punta Del Este","4.3",,"https://www.google.com/maps/search/?api=1&query=Parrillada%20Punta%20Del%20Este&query_place_id=ChIJvUBMdmxtLZAR4UKXj_NY9UM",
"V37X+HQ4, Av. 2 N-E - Ing. Rodolfo Baquerizo Nazur, 090508 Guayaquil, Ecuador","Parrilla","Parrilla","4896917972944634593","Guayaquil","EC","0x902d6d6c764c40bd:0x43f558f38f9742e1",,"https://lh3.googleusercontent.com/gps-cs-s/AHRPTWkRTcvnpJDUhkVYCVgu4xIBH78r7D8wp1dQEbHQ0Gg3bt0SA10fk4KPI-CuXfPpw30foXs14EvOqAhfn60g_e6Wpq_vLlKvmAM4nPsnslA1g3NcJMa435bQ_XV53KLTDQzio2v5KQ=w408-h306-k-no","false","false","/g/1tflyy__","es-419","0","-2.1361111","-79.9005556",,"Alborada Este",,"false","ChIJvUBMdmxtLZAR4UKXj_NY9UM","090508",,"Hace 4 años","2021-12-20T22:59:15.851Z",,,,,,,,,,,,,,,,,,,,,,"ChZDSUhNMG9nS0VJQ0FnSUNtckluekhBEAE",,,,,,,,"Google",,,"0",,,"1212","2026-08-08T17:30:22.978Z","Direct Detail URL: https://www.google.com/maps/place/Parrillada+Punta+Del+Este/@-2.2158291,-79.9617486,11.42z/data=!4m10!1m2!2m1!1sParrilla+Punta+del+Este+!3m6!1s0x902d6d6c764c40bd:0x43f558f38f9742e1!8m2!3d-2.1361111!4d-79.9005556!15sChdQYXJyaWxsYSBQdW50YSBkZWwgRXN0ZVoZIhdwYXJyaWxsYSBwdW50YSBkZWwgZXN0ZZIBBmFzYWRvcpoBI0NoWkRTVWhOTUc5blMwVkpRMEZuU1VSYU1IWlFhMVZuRUFF4AEA-gEECAAQJQ!16s%2Fg%2F1tflyy__?entry=ttu&g_ep=EgoyMDI2MDgwNS4xIKXMDSoASAFQAw%3D%3D","5",,"V37X+HQ4, Av. 2 N-E - Ing. Rodolfo Baquerizo Nazur","false",,,"Parrillada Punta Del Este","4.3",,"https://www.google.com/maps/search/?api=1&query=Parrillada%20Punta%20Del%20Este&query_place_id=ChIJvUBMdmxtLZAR4UKXj_NY9UM",
"V37X+HQ4, Av. 2 N-E - Ing. Rodolfo Baquerizo Nazur, 090508 Guayaquil, Ecuador","Parrilla","Parrilla","4896917972944634593","Guayaquil","EC","0x902d6d6c764c40bd:0x43f558f38f9742e1",,"https://lh3.googleusercontent.com/gps-cs-s/AHRPTWkRTcvnpJDUhkVYCVgu4xIBH78r7D8wp1dQEbHQ0Gg3bt0SA10fk4KPI-CuXfPpw30foXs14EvOqAhfn60g_e6Wpq_vLlKvmAM4nPsnslA1g3NcJMa435bQ_XV53KLTDQzio2v5KQ=w408-h306-k-no","false","true","/g/1tflyy__","es-419","0","-2.1361111","-79.9005556",,"Alborada Este","es","false","ChIJvUBMdmxtLZAR4UKXj_NY9UM","090508",,"Hace 4 años","2021-12-20T15:43:36.395Z",,,,,,,,,,,,,,,,,,,,,,"ChZDSUhNMG9nS0VJQ0FnSUNtektUaFlnEAE",,,,,,,,"Google",,,"73",,,"1212","2026-08-08T17:30:22.978Z","Direct Detail URL: https://www.google.com/maps/place/Parrillada+Punta+Del+Este/@-2.2158291,-79.9617486,11.42z/data=!4m10!1m2!2m1!1sParrilla+Punta+del+Este+!3m6!1s0x902d6d6c764c40bd:0x43f558f38f9742e1!8m2!3d-2.1361111!4d-79.9005556!15sChdQYXJyaWxsYSBQdW50YSBkZWwgRXN0ZVoZIhdwYXJyaWxsYSBwdW50YSBkZWwgZXN0ZZIBBmFzYWRvcpoBI0NoWkRTVWhOTUc5blMwVkpRMEZuU1VSYU1IWlFhMVZuRUFF4AEA-gEECAAQJQ!16s%2Fg%2F1tflyy__?entry=ttu&g_ep=EgoyMDI2MDgwNS4xIKXMDSoASAFQAw%3D%3D","5",,"V37X+HQ4, Av. 2 N-E - Ing. Rodolfo Baquerizo Nazur","false","Muy buen ambiente y deliciosas opciones en comida.",,"Parrillada Punta Del Este","4.3",,"https://www.google.com/maps/search/?api=1&query=Parrillada%20Punta%20Del%20Este&query_place_id=ChIJvUBMdmxtLZAR4UKXj_NY9UM",
"V37X+HQ4, Av. 2 N-E - Ing. Rodolfo Baquerizo Nazur, 090508 Guayaquil, Ecuador","Parrilla","Parrilla","4896917972944634593","Guayaquil","EC","0x902d6d6c764c40bd:0x43f558f38f9742e1",,"https://lh3.googleusercontent.com/gps-cs-s/AHRPTWkRTcvnpJDUhkVYCVgu4xIBH78r7D8wp1dQEbHQ0Gg3bt0SA10fk4KPI-CuXfPpw30foXs14EvOqAhfn60g_e6Wpq_vLlKvmAM4nPsnslA1g3NcJMa435bQ_XV53KLTDQzio2v5KQ=w408-h306-k-no","false","true","/g/1tflyy__","es-419","0","-2.1361111","-79.9005556",,"Alborada Este","es","false","ChIJvUBMdmxtLZAR4UKXj_NY9UM","090508",,"Hace 4 años","2021-12-02T09:56:03.256Z",,,,,,,,,,,,,,,,,,,,,,"ChZDSUhNMG9nS0VJQ0FnSURHcWZLdkZ3EAE",,,,,,,,"Google",,,"141",,,"1212","2026-08-08T17:30:22.978Z","Direct Detail URL: https://www.google.com/maps/place/Parrillada+Punta+Del+Este/@-2.2158291,-79.9617486,11.42z/data=!4m10!1m2!2m1!1sParrilla+Punta+del+Este+!3m6!1s0x902d6d6c764c40bd:0x43f558f38f9742e1!8m2!3d-2.1361111!4d-79.9005556!15sChdQYXJyaWxsYSBQdW50YSBkZWwgRXN0ZVoZIhdwYXJyaWxsYSBwdW50YSBkZWwgZXN0ZZIBBmFzYWRvcpoBI0NoWkRTVWhOTUc5blMwVkpRMEZuU1VSYU1IWlFhMVZuRUFF4AEA-gEECAAQJQ!16s%2Fg%2F1tflyy__?entry=ttu&g_ep=EgoyMDI2MDgwNS4xIKXMDSoASAFQAw%3D%3D","5",,"V37X+HQ4, Av. 2 N-E - Ing. Rodolfo Baquerizo Nazur","false","Excelente",,"Parrillada Punta Del Este","4.3",,"https://www.google.com/maps/search/?api=1&query=Parrillada%20Punta%20Del%20Este&query_place_id=ChIJvUBMdmxtLZAR4UKXj_NY9UM",
"V37X+HQ4, Av. 2 N-E - Ing. Rodolfo Baquerizo Nazur, 090508 Guayaquil, Ecuador","Parrilla","Parrilla","4896917972944634593","Guayaquil","EC","0x902d6d6c764c40bd:0x43f558f38f9742e1",,"https://lh3.googleusercontent.com/gps-cs-s/AHRPTWkRTcvnpJDUhkVYCVgu4xIBH78r7D8wp1dQEbHQ0Gg3bt0SA10fk4KPI-CuXfPpw30foXs14EvOqAhfn60g_e6Wpq_vLlKvmAM4nPsnslA1g3NcJMa435bQ_XV53KLTDQzio2v5KQ=w408-h306-k-no","false","false","/g/1tflyy__","es-419","0","-2.1361111","-79.9005556",,"Alborada Este","es","false","ChIJvUBMdmxtLZAR4UKXj_NY9UM","090508",,"Hace 4 años","2021-11-30T00:14:59.546Z",,,,,,,,,,,,,,,,,,,,,,"ChdDSUhNMG9nS0VJQ0FnSURHZ1p6cTlBRRAB",,,,,,,,"Google",,,"6",,,"1212","2026-08-08T17:30:22.978Z","Direct Detail URL: https://www.google.com/maps/place/Parrillada+Punta+Del+Este/@-2.2158291,-79.9617486,11.42z/data=!4m10!1m2!2m1!1sParrilla+Punta+del+Este+!3m6!1s0x902d6d6c764c40bd:0x43f558f38f9742e1!8m2!3d-2.1361111!4d-79.9005556!15sChdQYXJyaWxsYSBQdW50YSBkZWwgRXN0ZVoZIhdwYXJyaWxsYSBwdW50YSBkZWwgZXN0ZZIBBmFzYWRvcpoBI0NoWkRTVWhOTUc5blMwVkpRMEZuU1VSYU1IWlFhMVZuRUFF4AEA-gEECAAQJQ!16s%2Fg%2F1tflyy__?entry=ttu&g_ep=EgoyMDI2MDgwNS4xIKXMDSoASAFQAw%3D%3D","5",,"V37X+HQ4, Av. 2 N-E - Ing. Rodolfo Baquerizo Nazur","false","Exelente y",,"Parrillada Punta Del Este","4.3",,"https://www.google.com/maps/search/?api=1&query=Parrillada%20Punta%20Del%20Este&query_place_id=ChIJvUBMdmxtLZAR4UKXj_NY9UM",
"V37X+HQ4, Av. 2 N-E - Ing. Rodolfo Baquerizo Nazur, 090508 Guayaquil, Ecuador","Parrilla","Parrilla","4896917972944634593","Guayaquil","EC","0x902d6d6c764c40bd:0x43f558f38f9742e1",,"https://lh3.googleusercontent.com/gps-cs-s/AHRPTWkRTcvnpJDUhkVYCVgu4xIBH78r7D8wp1dQEbHQ0Gg3bt0SA10fk4KPI-CuXfPpw30foXs14EvOqAhfn60g_e6Wpq_vLlKvmAM4nPsnslA1g3NcJMa435bQ_XV53KLTDQzio2v5KQ=w408-h306-k-no","false","false","/g/1tflyy__","es-419","0","-2.1361111","-79.9005556",,"Alborada Este",,"false","ChIJvUBMdmxtLZAR4UKXj_NY9UM","090508",,"Hace 4 años","2021-11-28T20:42:17.635Z",,,,,,,,,,,,,,,,,,,,,,"ChZDSUhNMG9nS0VJQ0FnSURHN3M3elNBEAE",,,,,,,,"Google",,,"0",,,"1212","2026-08-08T17:30:22.978Z","Direct Detail URL: https://www.google.com/maps/place/Parrillada+Punta+Del+Este/@-2.2158291,-79.9617486,11.42z/data=!4m10!1m2!2m1!1sParrilla+Punta+del+Este+!3m6!1s0x902d6d6c764c40bd:0x43f558f38f9742e1!8m2!3d-2.1361111!4d-79.9005556!15sChdQYXJyaWxsYSBQdW50YSBkZWwgRXN0ZVoZIhdwYXJyaWxsYSBwdW50YSBkZWwgZXN0ZZIBBmFzYWRvcpoBI0NoWkRTVWhOTUc5blMwVkpRMEZuU1VSYU1IWlFhMVZuRUFF4AEA-gEECAAQJQ!16s%2Fg%2F1tflyy__?entry=ttu&g_ep=EgoyMDI2MDgwNS4xIKXMDSoASAFQAw%3D%3D","5",,"V37X+HQ4, Av. 2 N-E - Ing. Rodolfo Baquerizo Nazur","false",,,"Parrillada Punta Del Este","4.3",,"https://www.google.com/maps/search/?api=1&query=Parrillada%20Punta%20Del%20Este&query_place_id=ChIJvUBMdmxtLZAR4UKXj_NY9UM",
"V37X+HQ4, Av. 2 N-E - Ing. Rodolfo Baquerizo Nazur, 090508 Guayaquil, Ecuador","Parrilla","Parrilla","4896917972944634593","Guayaquil","EC","0x902d6d6c764c40bd:0x43f558f38f9742e1",,"https://lh3.googleusercontent.com/gps-cs-s/AHRPTWkRTcvnpJDUhkVYCVgu4xIBH78r7D8wp1dQEbHQ0Gg3bt0SA10fk4KPI-CuXfPpw30foXs14EvOqAhfn60g_e6Wpq_vLlKvmAM4nPsnslA1g3NcJMa435bQ_XV53KLTDQzio2v5KQ=w408-h306-k-no","false","true","/g/1tflyy__","es-419","0","-2.1361111","-79.9005556",,"Alborada Este","es","false","ChIJvUBMdmxtLZAR4UKXj_NY9UM","090508",,"Hace 4 años","2021-11-28T13:57:55.683Z",,,,,,,,,,,,,,,,,,,,,,"ChZDSUhNMG9nS0VJQ0FnSURHcnN6Zk1REAE",,,,,,,,"Google",,,"129",,,"1212","2026-08-08T17:30:22.978Z","Direct Detail URL: https://www.google.com/maps/place/Parrillada+Punta+Del+Este/@-2.2158291,-79.9617486,11.42z/data=!4m10!1m2!2m1!1sParrilla+Punta+del+Este+!3m6!1s0x902d6d6c764c40bd:0x43f558f38f9742e1!8m2!3d-2.1361111!4d-79.9005556!15sChdQYXJyaWxsYSBQdW50YSBkZWwgRXN0ZVoZIhdwYXJyaWxsYSBwdW50YSBkZWwgZXN0ZZIBBmFzYWRvcpoBI0NoWkRTVWhOTUc5blMwVkpRMEZuU1VSYU1IWlFhMVZuRUFF4AEA-gEECAAQJQ!16s%2Fg%2F1tflyy__?entry=ttu&g_ep=EgoyMDI2MDgwNS4xIKXMDSoASAFQAw%3D%3D","3",,"V37X+HQ4, Av. 2 N-E - Ing. Rodolfo Baquerizo Nazur","false","El lugar es amplio pero lúgubre, falta ambientar , se esmeran en la atención. Parqueo un poco pequeño.",,"Parrillada Punta Del Este","4.3",,"https://www.google.com/maps/search/?api=1&query=Parrillada%20Punta%20Del%20Este&query_place_id=ChIJvUBMdmxtLZAR4UKXj_NY9UM",
"V37X+HQ4, Av. 2 N-E - Ing. Rodolfo Baquerizo Nazur, 090508 Guayaquil, Ecuador","Parrilla","Parrilla","4896917972944634593","Guayaquil","EC","0x902d6d6c764c40bd:0x43f558f38f9742e1",,"https://lh3.googleusercontent.com/gps-cs-s/AHRPTWkRTcvnpJDUhkVYCVgu4xIBH78r7D8wp1dQEbHQ0Gg3bt0SA10fk4KPI-CuXfPpw30foXs14EvOqAhfn60g_e6Wpq_vLlKvmAM4nPsnslA1g3NcJMa435bQ_XV53KLTDQzio2v5KQ=w408-h306-k-no","false","false","/g/1tflyy__","es-419","0","-2.1361111","-79.9005556",,"Alborada Este",,"false","ChIJvUBMdmxtLZAR4UKXj_NY9UM","090508",,"Hace 4 años","2021-11-27T17:18:45.242Z",,,,,,,,,,,,,,,,,,,,,,"ChZDSUhNMG9nS0VJQ0FnSURHOXNpZ1BBEAE",,,,,,,,"Google",,,"1",,,"1212","2026-08-08T17:30:22.978Z","Direct Detail URL: https://www.google.com/maps/place/Parrillada+Punta+Del+Este/@-2.2158291,-79.9617486,11.42z/data=!4m10!1m2!2m1!1sParrilla+Punta+del+Este+!3m6!1s0x902d6d6c764c40bd:0x43f558f38f9742e1!8m2!3d-2.1361111!4d-79.9005556!15sChdQYXJyaWxsYSBQdW50YSBkZWwgRXN0ZVoZIhdwYXJyaWxsYSBwdW50YSBkZWwgZXN0ZZIBBmFzYWRvcpoBI0NoWkRTVWhOTUc5blMwVkpRMEZuU1VSYU1IWlFhMVZuRUFF4AEA-gEECAAQJQ!16s%2Fg%2F1tflyy__?entry=ttu&g_ep=EgoyMDI2MDgwNS4xIKXMDSoASAFQAw%3D%3D","5",,"V37X+HQ4, Av. 2 N-E - Ing. Rodolfo Baquerizo Nazur","false",,,"Parrillada Punta Del Este","4.3",,"https://www.google.com/maps/search/?api=1&query=Parrillada%20Punta%20Del%20Este&query_place_id=ChIJvUBMdmxtLZAR4UKXj_NY9UM",
"V37X+HQ4, Av. 2 N-E - Ing. Rodolfo Baquerizo Nazur, 090508 Guayaquil, Ecuador","Parrilla","Parrilla","4896917972944634593","Guayaquil","EC","0x902d6d6c764c40bd:0x43f558f38f9742e1",,"https://lh3.googleusercontent.com/gps-cs-s/AHRPTWkRTcvnpJDUhkVYCVgu4xIBH78r7D8wp1dQEbHQ0Gg3bt0SA10fk4KPI-CuXfPpw30foXs14EvOqAhfn60g_e6Wpq_vLlKvmAM4nPsnslA1g3NcJMa435bQ_XV53KLTDQzio2v5KQ=w408-h306-k-no","false","true","/g/1tflyy__","es-419","0","-2.1361111","-79.9005556",,"Alborada Este",,"false","ChIJvUBMdmxtLZAR4UKXj_NY9UM","090508",,"Hace 4 años","2021-11-24T20:25:32.875Z",,,,,,,,,,,,,,,,,,,,,,"ChZDSUhNMG9nS0VJQ0FnSURHbW9LVFJ3EAE",,,,,,,,"Google",,,"9",,,"1212","2026-08-08T17:30:22.978Z","Direct Detail URL: https://www.google.com/maps/place/Parrillada+Punta+Del+Este/@-2.2158291,-79.9617486,11.42z/data=!4m10!1m2!2m1!1sParrilla+Punta+del+Este+!3m6!1s0x902d6d6c764c40bd:0x43f558f38f9742e1!8m2!3d-2.1361111!4d-79.9005556!15sChdQYXJyaWxsYSBQdW50YSBkZWwgRXN0ZVoZIhdwYXJyaWxsYSBwdW50YSBkZWwgZXN0ZZIBBmFzYWRvcpoBI0NoWkRTVWhOTUc5blMwVkpRMEZuU1VSYU1IWlFhMVZuRUFF4AEA-gEECAAQJQ!16s%2Fg%2F1tflyy__?entry=ttu&g_ep=EgoyMDI2MDgwNS4xIKXMDSoASAFQAw%3D%3D","5",,"V37X+HQ4, Av. 2 N-E - Ing. Rodolfo Baquerizo Nazur","false",,,"Parrillada Punta Del Este","4.3",,"https://www.google.com/maps/search/?api=1&query=Parrillada%20Punta%20Del%20Este&query_place_id=ChIJvUBMdmxtLZAR4UKXj_NY9UM",
"V37X+HQ4, Av. 2 N-E - Ing. Rodolfo Baquerizo Nazur, 090508 Guayaquil, Ecuador","Parrilla","Parrilla","4896917972944634593","Guayaquil","EC","0x902d6d6c764c40bd:0x43f558f38f9742e1",,"https://lh3.googleusercontent.com/gps-cs-s/AHRPTWkRTcvnpJDUhkVYCVgu4xIBH78r7D8wp1dQEbHQ0Gg3bt0SA10fk4KPI-CuXfPpw30foXs14EvOqAhfn60g_e6Wpq_vLlKvmAM4nPsnslA1g3NcJMa435bQ_XV53KLTDQzio2v5KQ=w408-h306-k-no","false","true","/g/1tflyy__","es-419","0","-2.1361111","-79.9005556",,"Alborada Este",,"false","ChIJvUBMdmxtLZAR4UKXj_NY9UM","090508",,"Hace 4 años","2021-11-22T22:53:25.982Z",,,,,,,,,,,,,,,,,,,,,,"ChdDSUhNMG9nS0VJQ0FnSURHNHQyV19nRRAB",,,,,,,,"Google",,,"9",,,"1212","2026-08-08T17:30:22.978Z","Direct Detail URL: https://www.google.com/maps/place/Parrillada+Punta+Del+Este/@-2.2158291,-79.9617486,11.42z/data=!4m10!1m2!2m1!1sParrilla+Punta+del+Este+!3m6!1s0x902d6d6c764c40bd:0x43f558f38f9742e1!8m2!3d-2.1361111!4d-79.9005556!15sChdQYXJyaWxsYSBQdW50YSBkZWwgRXN0ZVoZIhdwYXJyaWxsYSBwdW50YSBkZWwgZXN0ZZIBBmFzYWRvcpoBI0NoWkRTVWhOTUc5blMwVkpRMEZuU1VSYU1IWlFhMVZuRUFF4AEA-gEECAAQJQ!16s%2Fg%2F1tflyy__?entry=ttu&g_ep=EgoyMDI2MDgwNS4xIKXMDSoASAFQAw%3D%3D","5",,"V37X+HQ4, Av. 2 N-E - Ing. Rodolfo Baquerizo Nazur","false",,,"Parrillada Punta Del Este","4.3",,"https://www.google.com/maps/search/?api=1&query=Parrillada%20Punta%20Del%20Este&query_place_id=ChIJvUBMdmxtLZAR4UKXj_NY9UM",
"V37X+HQ4, Av. 2 N-E - Ing. Rodolfo Baquerizo Nazur, 090508 Guayaquil, Ecuador","Parrilla","Parrilla","4896917972944634593","Guayaquil","EC","0x902d6d6c764c40bd:0x43f558f38f9742e1",,"https://lh3.googleusercontent.com/gps-cs-s/AHRPTWkRTcvnpJDUhkVYCVgu4xIBH78r7D8wp1dQEbHQ0Gg3bt0SA10fk4KPI-CuXfPpw30foXs14EvOqAhfn60g_e6Wpq_vLlKvmAM4nPsnslA1g3NcJMa435bQ_XV53KLTDQzio2v5KQ=w408-h306-k-no","false","true","/g/1tflyy__","es-419","0","-2.1361111","-79.9005556",,"Alborada Este","es-419","false","ChIJvUBMdmxtLZAR4UKXj_NY9UM","090508",,"Hace 4 años","2021-11-18T23:54:45.585Z",,,,,,,,,,,,,,,,,,,,,,"ChdDSUhNMG9nS0VJQ0FnSURHNU1xUnV3RRAB","https://lh3.googleusercontent.com/grass-cs/ACvplmM26gw_45qYt56n7kIJoaPy2FtUaEEsIClSJytnmCg-b4kLqdxweFhWewye5_-mAaB_-gO68k7z4eN9YN5YSGzujhAL1hBYmETQ8ulgsymCTQefqKWGyVLNtYPnI4yep_CN7fsY=k-no",,,,,,,"Google",,,"21",,,"1212","2026-08-08T17:30:22.978Z","Direct Detail URL: https://www.google.com/maps/place/Parrillada+Punta+Del+Este/@-2.2158291,-79.9617486,11.42z/data=!4m10!1m2!2m1!1sParrilla+Punta+del+Este+!3m6!1s0x902d6d6c764c40bd:0x43f558f38f9742e1!8m2!3d-2.1361111!4d-79.9005556!15sChdQYXJyaWxsYSBQdW50YSBkZWwgRXN0ZVoZIhdwYXJyaWxsYSBwdW50YSBkZWwgZXN0ZZIBBmFzYWRvcpoBI0NoWkRTVWhOTUc5blMwVkpRMEZuU1VSYU1IWlFhMVZuRUFF4AEA-gEECAAQJQ!16s%2Fg%2F1tflyy__?entry=ttu&g_ep=EgoyMDI2MDgwNS4xIKXMDSoASAFQAw%3D%3D","5",,"V37X+HQ4, Av. 2 N-E - Ing. Rodolfo Baquerizo Nazur","false","𝐄𝐥 𝐥𝐮𝐠𝐚𝐫 𝐩𝐞𝐫𝐟𝐞𝐜𝐭𝐨 𝐩𝐚𝐫𝐚 𝐜𝐨𝐦𝐩𝐚𝐫𝐭𝐢𝐫 𝐞𝐧𝐭𝐫𝐞 𝐚𝐦𝐢𝐠𝐨𝐬 𝐦𝐨𝐦𝐞𝐧𝐭𝐨𝐬 𝐞𝐬𝐩𝐞𝐜𝐢𝐚𝐥𝐞𝐬",,"Parrillada Punta Del Este","4.3",,"https://www.google.com/maps/search/?api=1&query=Parrillada%20Punta%20Del%20Este&query_place_id=ChIJvUBMdmxtLZAR4UKXj_NY9UM",
"V37X+HQ4, Av. 2 N-E - Ing. Rodolfo Baquerizo Nazur, 090508 Guayaquil, Ecuador","Parrilla","Parrilla","4896917972944634593","Guayaquil","EC","0x902d6d6c764c40bd:0x43f558f38f9742e1",,"https://lh3.googleusercontent.com/gps-cs-s/AHRPTWkRTcvnpJDUhkVYCVgu4xIBH78r7D8wp1dQEbHQ0Gg3bt0SA10fk4KPI-CuXfPpw30foXs14EvOqAhfn60g_e6Wpq_vLlKvmAM4nPsnslA1g3NcJMa435bQ_XV53KLTDQzio2v5KQ=w408-h306-k-no","false","true","/g/1tflyy__","es-419","0","-2.1361111","-79.9005556",,"Alborada Este",,"false","ChIJvUBMdmxtLZAR4UKXj_NY9UM","090508",,"Hace 4 años","2021-11-09T04:36:21.357Z",,,,,,,,,,,,,,,,,,,,,,"ChdDSUhNMG9nS0VJQ0FnSUNHODd1cnJnRRAB",,,,,,,,"Google",,,"4",,,"1212","2026-08-08T17:30:22.978Z","Direct Detail URL: https://www.google.com/maps/place/Parrillada+Punta+Del+Este/@-2.2158291,-79.9617486,11.42z/data=!4m10!1m2!2m1!1sParrilla+Punta+del+Este+!3m6!1s0x902d6d6c764c40bd:0x43f558f38f9742e1!8m2!3d-2.1361111!4d-79.9005556!15sChdQYXJyaWxsYSBQdW50YSBkZWwgRXN0ZVoZIhdwYXJyaWxsYSBwdW50YSBkZWwgZXN0ZZIBBmFzYWRvcpoBI0NoWkRTVWhOTUc5blMwVkpRMEZuU1VSYU1IWlFhMVZuRUFF4AEA-gEECAAQJQ!16s%2Fg%2F1tflyy__?entry=ttu&g_ep=EgoyMDI2MDgwNS4xIKXMDSoASAFQAw%3D%3D","5",,"V37X+HQ4, Av. 2 N-E - Ing. Rodolfo Baquerizo Nazur","false",,,"Parrillada Punta Del Este","4.3",,"https://www.google.com/maps/search/?api=1&query=Parrillada%20Punta%20Del%20Este&query_place_id=ChIJvUBMdmxtLZAR4UKXj_NY9UM",
"V37X+HQ4, Av. 2 N-E - Ing. Rodolfo Baquerizo Nazur, 090508 Guayaquil, Ecuador","Parrilla","Parrilla","4896917972944634593","Guayaquil","EC","0x902d6d6c764c40bd:0x43f558f38f9742e1",,"https://lh3.googleusercontent.com/gps-cs-s/AHRPTWkRTcvnpJDUhkVYCVgu4xIBH78r7D8wp1dQEbHQ0Gg3bt0SA10fk4KPI-CuXfPpw30foXs14EvOqAhfn60g_e6Wpq_vLlKvmAM4nPsnslA1g3NcJMa435bQ_XV53KLTDQzio2v5KQ=w408-h306-k-no","false","false","/g/1tflyy__","es-419","0","-2.1361111","-79.9005556",,"Alborada Este",,"false","ChIJvUBMdmxtLZAR4UKXj_NY9UM","090508",,"Hace 4 años","2021-11-09T02:35:51.904Z",,,,,,,,,,,,,,,,,,,,,,"ChZDSUhNMG9nS0VJQ0FnSUNHODltdFhBEAE",,,,,,,,"Google",,,"2",,,"1212","2026-08-08T17:30:22.978Z","Direct Detail URL: https://www.google.com/maps/place/Parrillada+Punta+Del+Este/@-2.2158291,-79.9617486,11.42z/data=!4m10!1m2!2m1!1sParrilla+Punta+del+Este+!3m6!1s0x902d6d6c764c40bd:0x43f558f38f9742e1!8m2!3d-2.1361111!4d-79.9005556!15sChdQYXJyaWxsYSBQdW50YSBkZWwgRXN0ZVoZIhdwYXJyaWxsYSBwdW50YSBkZWwgZXN0ZZIBBmFzYWRvcpoBI0NoWkRTVWhOTUc5blMwVkpRMEZuU1VSYU1IWlFhMVZuRUFF4AEA-gEECAAQJQ!16s%2Fg%2F1tflyy__?entry=ttu&g_ep=EgoyMDI2MDgwNS4xIKXMDSoASAFQAw%3D%3D","5",,"V37X+HQ4, Av. 2 N-E - Ing. Rodolfo Baquerizo Nazur","false",,,"Parrillada Punta Del Este","4.3",,"https://www.google.com/maps/search/?api=1&query=Parrillada%20Punta%20Del%20Este&query_place_id=ChIJvUBMdmxtLZAR4UKXj_NY9UM",
"V37X+HQ4, Av. 2 N-E - Ing. Rodolfo Baquerizo Nazur, 090508 Guayaquil, Ecuador","Parrilla","Parrilla","4896917972944634593","Guayaquil","EC","0x902d6d6c764c40bd:0x43f558f38f9742e1",,"https://lh3.googleusercontent.com/gps-cs-s/AHRPTWkRTcvnpJDUhkVYCVgu4xIBH78r7D8wp1dQEbHQ0Gg3bt0SA10fk4KPI-CuXfPpw30foXs14EvOqAhfn60g_e6Wpq_vLlKvmAM4nPsnslA1g3NcJMa435bQ_XV53KLTDQzio2v5KQ=w408-h306-k-no","false","true","/g/1tflyy__","es-419","0","-2.1361111","-79.9005556",,"Alborada Este",,"false","ChIJvUBMdmxtLZAR4UKXj_NY9UM","090508",,"Hace 4 años","2021-11-06T17:43:19.994Z",,,,,,,,,,,,,,,,,,,,,,"ChdDSUhNMG9nS0VJQ0FnSUNHbmJiX3NBRRAB",,,,,,,,"Google",,,"0",,,"1212","2026-08-08T17:30:22.978Z","Direct Detail URL: https://www.google.com/maps/place/Parrillada+Punta+Del+Este/@-2.2158291,-79.9617486,11.42z/data=!4m10!1m2!2m1!1sParrilla+Punta+del+Este+!3m6!1s0x902d6d6c764c40bd:0x43f558f38f9742e1!8m2!3d-2.1361111!4d-79.9005556!15sChdQYXJyaWxsYSBQdW50YSBkZWwgRXN0ZVoZIhdwYXJyaWxsYSBwdW50YSBkZWwgZXN0ZZIBBmFzYWRvcpoBI0NoWkRTVWhOTUc5blMwVkpRMEZuU1VSYU1IWlFhMVZuRUFF4AEA-gEECAAQJQ!16s%2Fg%2F1tflyy__?entry=ttu&g_ep=EgoyMDI2MDgwNS4xIKXMDSoASAFQAw%3D%3D","4",,"V37X+HQ4, Av. 2 N-E - Ing. Rodolfo Baquerizo Nazur","false",,,"Parrillada Punta Del Este","4.3",,"https://www.google.com/maps/search/?api=1&query=Parrillada%20Punta%20Del%20Este&query_place_id=ChIJvUBMdmxtLZAR4UKXj_NY9UM",
"V37X+HQ4, Av. 2 N-E - Ing. Rodolfo Baquerizo Nazur, 090508 Guayaquil, Ecuador","Parrilla","Parrilla","4896917972944634593","Guayaquil","EC","0x902d6d6c764c40bd:0x43f558f38f9742e1",,"https://lh3.googleusercontent.com/gps-cs-s/AHRPTWkRTcvnpJDUhkVYCVgu4xIBH78r7D8wp1dQEbHQ0Gg3bt0SA10fk4KPI-CuXfPpw30foXs14EvOqAhfn60g_e6Wpq_vLlKvmAM4nPsnslA1g3NcJMa435bQ_XV53KLTDQzio2v5KQ=w408-h306-k-no","false","true","/g/1tflyy__","es-419","0","-2.1361111","-79.9005556",,"Alborada Este",,"false","ChIJvUBMdmxtLZAR4UKXj_NY9UM","090508",,"Hace 4 años","2021-11-06T17:20:31.584Z",,,,,,,,,,,,,,,,,,,,,,"ChdDSUhNMG9nS0VJQ0FnSUNHblpxbGdnRRAB",,,,,,,,"Google",,,"1",,,"1212","2026-08-08T17:30:22.978Z","Direct Detail URL: https://www.google.com/maps/place/Parrillada+Punta+Del+Este/@-2.2158291,-79.9617486,11.42z/data=!4m10!1m2!2m1!1sParrilla+Punta+del+Este+!3m6!1s0x902d6d6c764c40bd:0x43f558f38f9742e1!8m2!3d-2.1361111!4d-79.9005556!15sChdQYXJyaWxsYSBQdW50YSBkZWwgRXN0ZVoZIhdwYXJyaWxsYSBwdW50YSBkZWwgZXN0ZZIBBmFzYWRvcpoBI0NoWkRTVWhOTUc5blMwVkpRMEZuU1VSYU1IWlFhMVZuRUFF4AEA-gEECAAQJQ!16s%2Fg%2F1tflyy__?entry=ttu&g_ep=EgoyMDI2MDgwNS4xIKXMDSoASAFQAw%3D%3D","5",,"V37X+HQ4, Av. 2 N-E - Ing. Rodolfo Baquerizo Nazur","false",,,"Parrillada Punta Del Este","4.3",,"https://www.google.com/maps/search/?api=1&query=Parrillada%20Punta%20Del%20Este&query_place_id=ChIJvUBMdmxtLZAR4UKXj_NY9UM",
"V37X+HQ4, Av. 2 N-E - Ing. Rodolfo Baquerizo Nazur, 090508 Guayaquil, Ecuador","Parrilla","Parrilla","4896917972944634593","Guayaquil","EC","0x902d6d6c764c40bd:0x43f558f38f9742e1",,"https://lh3.googleusercontent.com/gps-cs-s/AHRPTWkRTcvnpJDUhkVYCVgu4xIBH78r7D8wp1dQEbHQ0Gg3bt0SA10fk4KPI-CuXfPpw30foXs14EvOqAhfn60g_e6Wpq_vLlKvmAM4nPsnslA1g3NcJMa435bQ_XV53KLTDQzio2v5KQ=w408-h306-k-no","false","true","/g/1tflyy__","es-419","0","-2.1361111","-79.9005556",,"Alborada Este",,"false","ChIJvUBMdmxtLZAR4UKXj_NY9UM","090508",,"Hace 4 años","2021-10-27T06:44:55.721Z",,,,,,,,,,,,,,,,,,,,,,"ChZDSUhNMG9nS0VJQ0FnSUNHLXFMNkd3EAE",,,,,,,,"Google",,,"22",,,"1212","2026-08-08T17:30:22.978Z","Direct Detail URL: https://www.google.com/maps/place/Parrillada+Punta+Del+Este/@-2.2158291,-79.9617486,11.42z/data=!4m10!1m2!2m1!1sParrilla+Punta+del+Este+!3m6!1s0x902d6d6c764c40bd:0x43f558f38f9742e1!8m2!3d-2.1361111!4d-79.9005556!15sChdQYXJyaWxsYSBQdW50YSBkZWwgRXN0ZVoZIhdwYXJyaWxsYSBwdW50YSBkZWwgZXN0ZZIBBmFzYWRvcpoBI0NoWkRTVWhOTUc5blMwVkpRMEZuU1VSYU1IWlFhMVZuRUFF4AEA-gEECAAQJQ!16s%2Fg%2F1tflyy__?entry=ttu&g_ep=EgoyMDI2MDgwNS4xIKXMDSoASAFQAw%3D%3D","5",,"V37X+HQ4, Av. 2 N-E - Ing. Rodolfo Baquerizo Nazur","false",,,"Parrillada Punta Del Este","4.3",,"https://www.google.com/maps/search/?api=1&query=Parrillada%20Punta%20Del%20Este&query_place_id=ChIJvUBMdmxtLZAR4UKXj_NY9UM",
"V37X+HQ4, Av. 2 N-E - Ing. Rodolfo Baquerizo Nazur, 090508 Guayaquil, Ecuador","Parrilla","Parrilla","4896917972944634593","Guayaquil","EC","0x902d6d6c764c40bd:0x43f558f38f9742e1",,"https://lh3.googleusercontent.com/gps-cs-s/AHRPTWkRTcvnpJDUhkVYCVgu4xIBH78r7D8wp1dQEbHQ0Gg3bt0SA10fk4KPI-CuXfPpw30foXs14EvOqAhfn60g_e6Wpq_vLlKvmAM4nPsnslA1g3NcJMa435bQ_XV53KLTDQzio2v5KQ=w408-h306-k-no","false","true","/g/1tflyy__","es-419","0","-2.1361111","-79.9005556",,"Alborada Este",,"false","ChIJvUBMdmxtLZAR4UKXj_NY9UM","090508",,"Hace 4 años","2021-10-26T22:08:21.866Z",,,,,,,,,,,,,,,,,,,,,,"ChZDSUhNMG9nS0VJQ0FnSUNHdXFqcUZREAE",,,,,,,,"Google",,,"9",,,"1212","2026-08-08T17:30:22.978Z","Direct Detail URL: https://www.google.com/maps/place/Parrillada+Punta+Del+Este/@-2.2158291,-79.9617486,11.42z/data=!4m10!1m2!2m1!1sParrilla+Punta+del+Este+!3m6!1s0x902d6d6c764c40bd:0x43f558f38f9742e1!8m2!3d-2.1361111!4d-79.9005556!15sChdQYXJyaWxsYSBQdW50YSBkZWwgRXN0ZVoZIhdwYXJyaWxsYSBwdW50YSBkZWwgZXN0ZZIBBmFzYWRvcpoBI0NoWkRTVWhOTUc5blMwVkpRMEZuU1VSYU1IWlFhMVZuRUFF4AEA-gEECAAQJQ!16s%2Fg%2F1tflyy__?entry=ttu&g_ep=EgoyMDI2MDgwNS4xIKXMDSoASAFQAw%3D%3D","3",,"V37X+HQ4, Av. 2 N-E - Ing. Rodolfo Baquerizo Nazur","false",,,"Parrillada Punta Del Este","4.3",,"https://www.google.com/maps/search/?api=1&query=Parrillada%20Punta%20Del%20Este&query_place_id=ChIJvUBMdmxtLZAR4UKXj_NY9UM",
"V37X+HQ4, Av. 2 N-E - Ing. Rodolfo Baquerizo Nazur, 090508 Guayaquil, Ecuador","Parrilla","Parrilla","4896917972944634593","Guayaquil","EC","0x902d6d6c764c40bd:0x43f558f38f9742e1",,"https://lh3.googleusercontent.com/gps-cs-s/AHRPTWkRTcvnpJDUhkVYCVgu4xIBH78r7D8wp1dQEbHQ0Gg3bt0SA10fk4KPI-CuXfPpw30foXs14EvOqAhfn60g_e6Wpq_vLlKvmAM4nPsnslA1g3NcJMa435bQ_XV53KLTDQzio2v5KQ=w408-h306-k-no","false","true","/g/1tflyy__","es-419","0","-2.1361111","-79.9005556",,"Alborada Este","es","false","ChIJvUBMdmxtLZAR4UKXj_NY9UM","090508",,"Hace 4 años","2021-10-23T18:01:26.876Z",,,,,,,,,,,,,,,,,,,,,,"ChdDSUhNMG9nS0VJQ0FnSUNHX051bDFRRRAB",,,,,,,,"Google",,,"481",,,"1212","2026-08-08T17:30:22.978Z","Direct Detail URL: https://www.google.com/maps/place/Parrillada+Punta+Del+Este/@-2.2158291,-79.9617486,11.42z/data=!4m10!1m2!2m1!1sParrilla+Punta+del+Este+!3m6!1s0x902d6d6c764c40bd:0x43f558f38f9742e1!8m2!3d-2.1361111!4d-79.9005556!15sChdQYXJyaWxsYSBQdW50YSBkZWwgRXN0ZVoZIhdwYXJyaWxsYSBwdW50YSBkZWwgZXN0ZZIBBmFzYWRvcpoBI0NoWkRTVWhOTUc5blMwVkpRMEZuU1VSYU1IWlFhMVZuRUFF4AEA-gEECAAQJQ!16s%2Fg%2F1tflyy__?entry=ttu&g_ep=EgoyMDI2MDgwNS4xIKXMDSoASAFQAw%3D%3D","5",,"V37X+HQ4, Av. 2 N-E - Ing. Rodolfo Baquerizo Nazur","false","Excelente lugar para comer",,"Parrillada Punta Del Este","4.3",,"https://www.google.com/maps/search/?api=1&query=Parrillada%20Punta%20Del%20Este&query_place_id=ChIJvUBMdmxtLZAR4UKXj_NY9UM",
"V37X+HQ4, Av. 2 N-E - Ing. Rodolfo Baquerizo Nazur, 090508 Guayaquil, Ecuador","Parrilla","Parrilla","4896917972944634593","Guayaquil","EC","0x902d6d6c764c40bd:0x43f558f38f9742e1",,"https://lh3.googleusercontent.com/gps-cs-s/AHRPTWkRTcvnpJDUhkVYCVgu4xIBH78r7D8wp1dQEbHQ0Gg3bt0SA10fk4KPI-CuXfPpw30foXs14EvOqAhfn60g_e6Wpq_vLlKvmAM4nPsnslA1g3NcJMa435bQ_XV53KLTDQzio2v5KQ=w408-h306-k-no","false","true","/g/1tflyy__","es-419","0","-2.1361111","-79.9005556",,"Alborada Este","es","false","ChIJvUBMdmxtLZAR4UKXj_NY9UM","090508",,"Hace 4 años","2021-10-22T14:48:34.696Z",,,,,,,,,,,,,,,,,,,,,,"ChdDSUhNMG9nS0VJQ0FnSUNHck5QTmp3RRAB",,,,,,,,"Google",,,"10",,,"1212","2026-08-08T17:30:22.978Z","Direct Detail URL: https://www.google.com/maps/place/Parrillada+Punta+Del+Este/@-2.2158291,-79.9617486,11.42z/data=!4m10!1m2!2m1!1sParrilla+Punta+del+Este+!3m6!1s0x902d6d6c764c40bd:0x43f558f38f9742e1!8m2!3d-2.1361111!4d-79.9005556!15sChdQYXJyaWxsYSBQdW50YSBkZWwgRXN0ZVoZIhdwYXJyaWxsYSBwdW50YSBkZWwgZXN0ZZIBBmFzYWRvcpoBI0NoWkRTVWhOTUc5blMwVkpRMEZuU1VSYU1IWlFhMVZuRUFF4AEA-gEECAAQJQ!16s%2Fg%2F1tflyy__?entry=ttu&g_ep=EgoyMDI2MDgwNS4xIKXMDSoASAFQAw%3D%3D","5",,"V37X+HQ4, Av. 2 N-E - Ing. Rodolfo Baquerizo Nazur","false","Buena parrillada",,"Parrillada Punta Del Este","4.3",,"https://www.google.com/maps/search/?api=1&query=Parrillada%20Punta%20Del%20Este&query_place_id=ChIJvUBMdmxtLZAR4UKXj_NY9UM",
"V37X+HQ4, Av. 2 N-E - Ing. Rodolfo Baquerizo Nazur, 090508 Guayaquil, Ecuador","Parrilla","Parrilla","4896917972944634593","Guayaquil","EC","0x902d6d6c764c40bd:0x43f558f38f9742e1",,"https://lh3.googleusercontent.com/gps-cs-s/AHRPTWkRTcvnpJDUhkVYCVgu4xIBH78r7D8wp1dQEbHQ0Gg3bt0SA10fk4KPI-CuXfPpw30foXs14EvOqAhfn60g_e6Wpq_vLlKvmAM4nPsnslA1g3NcJMa435bQ_XV53KLTDQzio2v5KQ=w408-h306-k-no","false","true","/g/1tflyy__","es-419","0","-2.1361111","-79.9005556",,"Alborada Este","es","false","ChIJvUBMdmxtLZAR4UKXj_NY9UM","090508",,"Hace 4 años","2021-10-21T15:57:51.585Z",,,,,,,,,,,,,,,,,,,,,,"ChdDSUhNMG9nS0VJQ0FnSUNHdElUZnNnRRAB",,,,,,,,"Google",,,"16",,,"1212","2026-08-08T17:30:22.978Z","Direct Detail URL: https://www.google.com/maps/place/Parrillada+Punta+Del+Este/@-2.2158291,-79.9617486,11.42z/data=!4m10!1m2!2m1!1sParrilla+Punta+del+Este+!3m6!1s0x902d6d6c764c40bd:0x43f558f38f9742e1!8m2!3d-2.1361111!4d-79.9005556!15sChdQYXJyaWxsYSBQdW50YSBkZWwgRXN0ZVoZIhdwYXJyaWxsYSBwdW50YSBkZWwgZXN0ZZIBBmFzYWRvcpoBI0NoWkRTVWhOTUc5blMwVkpRMEZuU1VSYU1IWlFhMVZuRUFF4AEA-gEECAAQJQ!16s%2Fg%2F1tflyy__?entry=ttu&g_ep=EgoyMDI2MDgwNS4xIKXMDSoASAFQAw%3D%3D","3",,"V37X+HQ4, Av. 2 N-E - Ing. Rodolfo Baquerizo Nazur","false","Muy buen lugar",,"Parrillada Punta Del Este","4.3",,"https://www.google.com/maps/search/?api=1&query=Parrillada%20Punta%20Del%20Este&query_place_id=ChIJvUBMdmxtLZAR4UKXj_NY9UM",
"V37X+HQ4, Av. 2 N-E - Ing. Rodolfo Baquerizo Nazur, 090508 Guayaquil, Ecuador","Parrilla","Parrilla","4896917972944634593","Guayaquil","EC","0x902d6d6c764c40bd:0x43f558f38f9742e1",,"https://lh3.googleusercontent.com/gps-cs-s/AHRPTWkRTcvnpJDUhkVYCVgu4xIBH78r7D8wp1dQEbHQ0Gg3bt0SA10fk4KPI-CuXfPpw30foXs14EvOqAhfn60g_e6Wpq_vLlKvmAM4nPsnslA1g3NcJMa435bQ_XV53KLTDQzio2v5KQ=w408-h306-k-no","false","true","/g/1tflyy__","es-419","0","-2.1361111","-79.9005556",,"Alborada Este",,"false","ChIJvUBMdmxtLZAR4UKXj_NY9UM","090508",,"Hace 4 años","2021-10-15T18:06:05.270Z",,,,,,,,,,,,,,,,,,,,,,"ChdDSUhNMG9nS0VJQ0FnSUQ2bjRPVzZ3RRAB",,,,,,,,"Google",,,"14",,,"1212","2026-08-08T17:30:22.978Z","Direct Detail URL: https://www.google.com/maps/place/Parrillada+Punta+Del+Este/@-2.2158291,-79.9617486,11.42z/data=!4m10!1m2!2m1!1sParrilla+Punta+del+Este+!3m6!1s0x902d6d6c764c40bd:0x43f558f38f9742e1!8m2!3d-2.1361111!4d-79.9005556!15sChdQYXJyaWxsYSBQdW50YSBkZWwgRXN0ZVoZIhdwYXJyaWxsYSBwdW50YSBkZWwgZXN0ZZIBBmFzYWRvcpoBI0NoWkRTVWhOTUc5blMwVkpRMEZuU1VSYU1IWlFhMVZuRUFF4AEA-gEECAAQJQ!16s%2Fg%2F1tflyy__?entry=ttu&g_ep=EgoyMDI2MDgwNS4xIKXMDSoASAFQAw%3D%3D","5",,"V37X+HQ4, Av. 2 N-E - Ing. Rodolfo Baquerizo Nazur","false",,,"Parrillada Punta Del Este","4.3",,"https://www.google.com/maps/search/?api=1&query=Parrillada%20Punta%20Del%20Este&query_place_id=ChIJvUBMdmxtLZAR4UKXj_NY9UM",
"V37X+HQ4, Av. 2 N-E - Ing. Rodolfo Baquerizo Nazur, 090508 Guayaquil, Ecuador","Parrilla","Parrilla","4896917972944634593","Guayaquil","EC","0x902d6d6c764c40bd:0x43f558f38f9742e1",,"https://lh3.googleusercontent.com/gps-cs-s/AHRPTWkRTcvnpJDUhkVYCVgu4xIBH78r7D8wp1dQEbHQ0Gg3bt0SA10fk4KPI-CuXfPpw30foXs14EvOqAhfn60g_e6Wpq_vLlKvmAM4nPsnslA1g3NcJMa435bQ_XV53KLTDQzio2v5KQ=w408-h306-k-no","false","true","/g/1tflyy__","es-419","0","-2.1361111","-79.9005556",,"Alborada Este",,"false","ChIJvUBMdmxtLZAR4UKXj_NY9UM","090508",,"Hace 4 años","2021-10-15T16:20:12.308Z",,,,,,,,,,,,,,,,,,,,,,"ChZDSUhNMG9nS0VJQ0FnSUQ2bjdyQUtnEAE",,,,,,,,"Google",,,"5",,,"1212","2026-08-08T17:30:22.978Z","Direct Detail URL: https://www.google.com/maps/place/Parrillada+Punta+Del+Este/@-2.2158291,-79.9617486,11.42z/data=!4m10!1m2!2m1!1sParrilla+Punta+del+Este+!3m6!1s0x902d6d6c764c40bd:0x43f558f38f9742e1!8m2!3d-2.1361111!4d-79.9005556!15sChdQYXJyaWxsYSBQdW50YSBkZWwgRXN0ZVoZIhdwYXJyaWxsYSBwdW50YSBkZWwgZXN0ZZIBBmFzYWRvcpoBI0NoWkRTVWhOTUc5blMwVkpRMEZuU1VSYU1IWlFhMVZuRUFF4AEA-gEECAAQJQ!16s%2Fg%2F1tflyy__?entry=ttu&g_ep=EgoyMDI2MDgwNS4xIKXMDSoASAFQAw%3D%3D","4",,"V37X+HQ4, Av. 2 N-E - Ing. Rodolfo Baquerizo Nazur","false",,,"Parrillada Punta Del Este","4.3",,"https://www.google.com/maps/search/?api=1&query=Parrillada%20Punta%20Del%20Este&query_place_id=ChIJvUBMdmxtLZAR4UKXj_NY9UM",
"V37X+HQ4, Av. 2 N-E - Ing. Rodolfo Baquerizo Nazur, 090508 Guayaquil, Ecuador","Parrilla","Parrilla","4896917972944634593","Guayaquil","EC","0x902d6d6c764c40bd:0x43f558f38f9742e1",,"https://lh3.googleusercontent.com/gps-cs-s/AHRPTWkRTcvnpJDUhkVYCVgu4xIBH78r7D8wp1dQEbHQ0Gg3bt0SA10fk4KPI-CuXfPpw30foXs14EvOqAhfn60g_e6Wpq_vLlKvmAM4nPsnslA1g3NcJMa435bQ_XV53KLTDQzio2v5KQ=w408-h306-k-no","false","false","/g/1tflyy__","es-419","0","-2.1361111","-79.9005556",,"Alborada Este","es","false","ChIJvUBMdmxtLZAR4UKXj_NY9UM","090508",,"Hace 4 años","2021-10-10T10:47:53.670Z",,,,,,,,,,,,,,,,,,,,,,"ChZDSUhNMG9nS0VJQ0FnSUQ2azl1WkNnEAE",,,,,,,,"Google",,,"11",,,"1212","2026-08-08T17:30:22.978Z","Direct Detail URL: https://www.google.com/maps/place/Parrillada+Punta+Del+Este/@-2.2158291,-79.9617486,11.42z/data=!4m10!1m2!2m1!1sParrilla+Punta+del+Este+!3m6!1s0x902d6d6c764c40bd:0x43f558f38f9742e1!8m2!3d-2.1361111!4d-79.9005556!15sChdQYXJyaWxsYSBQdW50YSBkZWwgRXN0ZVoZIhdwYXJyaWxsYSBwdW50YSBkZWwgZXN0ZZIBBmFzYWRvcpoBI0NoWkRTVWhOTUc5blMwVkpRMEZuU1VSYU1IWlFhMVZuRUFF4AEA-gEECAAQJQ!16s%2Fg%2F1tflyy__?entry=ttu&g_ep=EgoyMDI2MDgwNS4xIKXMDSoASAFQAw%3D%3D","5",,"V37X+HQ4, Av. 2 N-E - Ing. Rodolfo Baquerizo Nazur","false","Ricos  almuerzos",,"Parrillada Punta Del Este","4.3",,"https://www.google.com/maps/search/?api=1&query=Parrillada%20Punta%20Del%20Este&query_place_id=ChIJvUBMdmxtLZAR4UKXj_NY9UM",
"V37X+HQ4, Av. 2 N-E - Ing. Rodolfo Baquerizo Nazur, 090508 Guayaquil, Ecuador","Parrilla","Parrilla","4896917972944634593","Guayaquil","EC","0x902d6d6c764c40bd:0x43f558f38f9742e1",,"https://lh3.googleusercontent.com/gps-cs-s/AHRPTWkRTcvnpJDUhkVYCVgu4xIBH78r7D8wp1dQEbHQ0Gg3bt0SA10fk4KPI-CuXfPpw30foXs14EvOqAhfn60g_e6Wpq_vLlKvmAM4nPsnslA1g3NcJMa435bQ_XV53KLTDQzio2v5KQ=w408-h306-k-no","false","false","/g/1tflyy__","es-419","0","-2.1361111","-79.9005556",,"Alborada Este",,"false","ChIJvUBMdmxtLZAR4UKXj_NY9UM","090508",,"Hace 4 años","2021-10-08T00:47:39.686Z",,,,,,,,,,,,,,,,,,,,,,"ChZDSUhNMG9nS0VJQ0FnSUQ2N1pha1BREAE",,,,,,,,"Google",,,"3",,,"1212","2026-08-08T17:30:22.978Z","Direct Detail URL: https://www.google.com/maps/place/Parrillada+Punta+Del+Este/@-2.2158291,-79.9617486,11.42z/data=!4m10!1m2!2m1!1sParrilla+Punta+del+Este+!3m6!1s0x902d6d6c764c40bd:0x43f558f38f9742e1!8m2!3d-2.1361111!4d-79.9005556!15sChdQYXJyaWxsYSBQdW50YSBkZWwgRXN0ZVoZIhdwYXJyaWxsYSBwdW50YSBkZWwgZXN0ZZIBBmFzYWRvcpoBI0NoWkRTVWhOTUc5blMwVkpRMEZuU1VSYU1IWlFhMVZuRUFF4AEA-gEECAAQJQ!16s%2Fg%2F1tflyy__?entry=ttu&g_ep=EgoyMDI2MDgwNS4xIKXMDSoASAFQAw%3D%3D","5",,"V37X+HQ4, Av. 2 N-E - Ing. Rodolfo Baquerizo Nazur","false",,,"Parrillada Punta Del Este","4.3",,"https://www.google.com/maps/search/?api=1&query=Parrillada%20Punta%20Del%20Este&query_place_id=ChIJvUBMdmxtLZAR4UKXj_NY9UM",
"V37X+HQ4, Av. 2 N-E - Ing. Rodolfo Baquerizo Nazur, 090508 Guayaquil, Ecuador","Parrilla","Parrilla","4896917972944634593","Guayaquil","EC","0x902d6d6c764c40bd:0x43f558f38f9742e1",,"https://lh3.googleusercontent.com/gps-cs-s/AHRPTWkRTcvnpJDUhkVYCVgu4xIBH78r7D8wp1dQEbHQ0Gg3bt0SA10fk4KPI-CuXfPpw30foXs14EvOqAhfn60g_e6Wpq_vLlKvmAM4nPsnslA1g3NcJMa435bQ_XV53KLTDQzio2v5KQ=w408-h306-k-no","false","true","/g/1tflyy__","es-419","0","-2.1361111","-79.9005556",,"Alborada Este",,"false","ChIJvUBMdmxtLZAR4UKXj_NY9UM","090508",,"Hace 4 años","2021-10-06T00:45:46.874Z",,,,,,,,,,,,,,,,,,,,,,"ChdDSUhNMG9nS0VJQ0FnSUQ2NWF6YjZ3RRAB",,,,,,,,"Google",,,"17",,,"1212","2026-08-08T17:30:22.978Z","Direct Detail URL: https://www.google.com/maps/place/Parrillada+Punta+Del+Este/@-2.2158291,-79.9617486,11.42z/data=!4m10!1m2!2m1!1sParrilla+Punta+del+Este+!3m6!1s0x902d6d6c764c40bd:0x43f558f38f9742e1!8m2!3d-2.1361111!4d-79.9005556!15sChdQYXJyaWxsYSBQdW50YSBkZWwgRXN0ZVoZIhdwYXJyaWxsYSBwdW50YSBkZWwgZXN0ZZIBBmFzYWRvcpoBI0NoWkRTVWhOTUc5blMwVkpRMEZuU1VSYU1IWlFhMVZuRUFF4AEA-gEECAAQJQ!16s%2Fg%2F1tflyy__?entry=ttu&g_ep=EgoyMDI2MDgwNS4xIKXMDSoASAFQAw%3D%3D","5",,"V37X+HQ4, Av. 2 N-E - Ing. Rodolfo Baquerizo Nazur","false",,,"Parrillada Punta Del Este","4.3",,"https://www.google.com/maps/search/?api=1&query=Parrillada%20Punta%20Del%20Este&query_place_id=ChIJvUBMdmxtLZAR4UKXj_NY9UM",
"V37X+HQ4, Av. 2 N-E - Ing. Rodolfo Baquerizo Nazur, 090508 Guayaquil, Ecuador","Parrilla","Parrilla","4896917972944634593","Guayaquil","EC","0x902d6d6c764c40bd:0x43f558f38f9742e1",,"https://lh3.googleusercontent.com/gps-cs-s/AHRPTWkRTcvnpJDUhkVYCVgu4xIBH78r7D8wp1dQEbHQ0Gg3bt0SA10fk4KPI-CuXfPpw30foXs14EvOqAhfn60g_e6Wpq_vLlKvmAM4nPsnslA1g3NcJMa435bQ_XV53KLTDQzio2v5KQ=w408-h306-k-no","false","true","/g/1tflyy__","es-419","1","-2.1361111","-79.9005556",,"Alborada Este",,"false","ChIJvUBMdmxtLZAR4UKXj_NY9UM","090508",,"Hace 4 años","2021-09-23T05:30:21.251Z",,,,,,,,,,,,,,,,,,,,,,"ChdDSUhNMG9nS0VJQ0FnSUQ2bk1TWjdRRRAB",,,,,,,,"Google",,,"52",,,"1212","2026-08-08T17:30:22.978Z","Direct Detail URL: https://www.google.com/maps/place/Parrillada+Punta+Del+Este/@-2.2158291,-79.9617486,11.42z/data=!4m10!1m2!2m1!1sParrilla+Punta+del+Este+!3m6!1s0x902d6d6c764c40bd:0x43f558f38f9742e1!8m2!3d-2.1361111!4d-79.9005556!15sChdQYXJyaWxsYSBQdW50YSBkZWwgRXN0ZVoZIhdwYXJyaWxsYSBwdW50YSBkZWwgZXN0ZZIBBmFzYWRvcpoBI0NoWkRTVWhOTUc5blMwVkpRMEZuU1VSYU1IWlFhMVZuRUFF4AEA-gEECAAQJQ!16s%2Fg%2F1tflyy__?entry=ttu&g_ep=EgoyMDI2MDgwNS4xIKXMDSoASAFQAw%3D%3D","5",,"V37X+HQ4, Av. 2 N-E - Ing. Rodolfo Baquerizo Nazur","false",,,"Parrillada Punta Del Este","4.3",,"https://www.google.com/maps/search/?api=1&query=Parrillada%20Punta%20Del%20Este&query_place_id=ChIJvUBMdmxtLZAR4UKXj_NY9UM",
"V37X+HQ4, Av. 2 N-E - Ing. Rodolfo Baquerizo Nazur, 090508 Guayaquil, Ecuador","Parrilla","Parrilla","4896917972944634593","Guayaquil","EC","0x902d6d6c764c40bd:0x43f558f38f9742e1",,"https://lh3.googleusercontent.com/gps-cs-s/AHRPTWkRTcvnpJDUhkVYCVgu4xIBH78r7D8wp1dQEbHQ0Gg3bt0SA10fk4KPI-CuXfPpw30foXs14EvOqAhfn60g_e6Wpq_vLlKvmAM4nPsnslA1g3NcJMa435bQ_XV53KLTDQzio2v5KQ=w408-h306-k-no","false","true","/g/1tflyy__","es-419","0","-2.1361111","-79.9005556",,"Alborada Este","es","false","ChIJvUBMdmxtLZAR4UKXj_NY9UM","090508",,"Hace 4 años","2021-09-18T18:36:05.299Z",,,,,,,,,,,,,,,,,,,,,,"ChdDSUhNMG9nS0VJQ0FnSUQ2c1BlczhnRRAB",,,,,,,,"Google",,,"20",,,"1212","2026-08-08T17:30:22.978Z","Direct Detail URL: https://www.google.com/maps/place/Parrillada+Punta+Del+Este/@-2.2158291,-79.9617486,11.42z/data=!4m10!1m2!2m1!1sParrilla+Punta+del+Este+!3m6!1s0x902d6d6c764c40bd:0x43f558f38f9742e1!8m2!3d-2.1361111!4d-79.9005556!15sChdQYXJyaWxsYSBQdW50YSBkZWwgRXN0ZVoZIhdwYXJyaWxsYSBwdW50YSBkZWwgZXN0ZZIBBmFzYWRvcpoBI0NoWkRTVWhOTUc5blMwVkpRMEZuU1VSYU1IWlFhMVZuRUFF4AEA-gEECAAQJQ!16s%2Fg%2F1tflyy__?entry=ttu&g_ep=EgoyMDI2MDgwNS4xIKXMDSoASAFQAw%3D%3D","5",,"V37X+HQ4, Av. 2 N-E - Ing. Rodolfo Baquerizo Nazur","false","Por pandemia muchos locales están cerrados por la noche, encontramos este y no solo que tiene parqueo sino que nos recomendaron una promo para el grupo, linda atención, buena comida. Recomendado.",,"Parrillada Punta Del Este","4.3",,"https://www.google.com/maps/search/?api=1&query=Parrillada%20Punta%20Del%20Este&query_place_id=ChIJvUBMdmxtLZAR4UKXj_NY9UM",
"V37X+HQ4, Av. 2 N-E - Ing. Rodolfo Baquerizo Nazur, 090508 Guayaquil, Ecuador","Parrilla","Parrilla","4896917972944634593","Guayaquil","EC","0x902d6d6c764c40bd:0x43f558f38f9742e1",,"https://lh3.googleusercontent.com/gps-cs-s/AHRPTWkRTcvnpJDUhkVYCVgu4xIBH78r7D8wp1dQEbHQ0Gg3bt0SA10fk4KPI-CuXfPpw30foXs14EvOqAhfn60g_e6Wpq_vLlKvmAM4nPsnslA1g3NcJMa435bQ_XV53KLTDQzio2v5KQ=w408-h306-k-no","false","false","/g/1tflyy__","es-419","0","-2.1361111","-79.9005556",,"Alborada Este","es","false","ChIJvUBMdmxtLZAR4UKXj_NY9UM","090508",,"Hace 4 años","2021-09-18T01:21:50.127Z",,,,,,,,,,,,,,,,,,,,,,"ChZDSUhNMG9nS0VJQ0FnSUQ2NElic0l3EAE",,,,,,,,"Google",,,"5",,,"1212","2026-08-08T17:30:22.978Z","Direct Detail URL: https://www.google.com/maps/place/Parrillada+Punta+Del+Este/@-2.2158291,-79.9617486,11.42z/data=!4m10!1m2!2m1!1sParrilla+Punta+del+Este+!3m6!1s0x902d6d6c764c40bd:0x43f558f38f9742e1!8m2!3d-2.1361111!4d-79.9005556!15sChdQYXJyaWxsYSBQdW50YSBkZWwgRXN0ZVoZIhdwYXJyaWxsYSBwdW50YSBkZWwgZXN0ZZIBBmFzYWRvcpoBI0NoWkRTVWhOTUc5blMwVkpRMEZuU1VSYU1IWlFhMVZuRUFF4AEA-gEECAAQJQ!16s%2Fg%2F1tflyy__?entry=ttu&g_ep=EgoyMDI2MDgwNS4xIKXMDSoASAFQAw%3D%3D","1",,"V37X+HQ4, Av. 2 N-E - Ing. Rodolfo Baquerizo Nazur","false","Mala, un mal servicio. Lo q publican no venden.",,"Parrillada Punta Del Este","4.3",,"https://www.google.com/maps/search/?api=1&query=Parrillada%20Punta%20Del%20Este&query_place_id=ChIJvUBMdmxtLZAR4UKXj_NY9UM",
"V37X+HQ4, Av. 2 N-E - Ing. Rodolfo Baquerizo Nazur, 090508 Guayaquil, Ecuador","Parrilla","Parrilla","4896917972944634593","Guayaquil","EC","0x902d6d6c764c40bd:0x43f558f38f9742e1",,"https://lh3.googleusercontent.com/gps-cs-s/AHRPTWkRTcvnpJDUhkVYCVgu4xIBH78r7D8wp1dQEbHQ0Gg3bt0SA10fk4KPI-CuXfPpw30foXs14EvOqAhfn60g_e6Wpq_vLlKvmAM4nPsnslA1g3NcJMa435bQ_XV53KLTDQzio2v5KQ=w408-h306-k-no","false","false","/g/1tflyy__","es-419","0","-2.1361111","-79.9005556",,"Alborada Este","es","false","ChIJvUBMdmxtLZAR4UKXj_NY9UM","090508",,"Hace 4 años","2021-09-13T21:31:23.379Z",,,,,,,,,,,,,,,,,,,,,,"ChdDSUhNMG9nS0VJQ0FnSUM2MjdXRW53RRAB",,,,,,,,"Google",,,"3",,,"1212","2026-08-08T17:30:22.978Z","Direct Detail URL: https://www.google.com/maps/place/Parrillada+Punta+Del+Este/@-2.2158291,-79.9617486,11.42z/data=!4m10!1m2!2m1!1sParrilla+Punta+del+Este+!3m6!1s0x902d6d6c764c40bd:0x43f558f38f9742e1!8m2!3d-2.1361111!4d-79.9005556!15sChdQYXJyaWxsYSBQdW50YSBkZWwgRXN0ZVoZIhdwYXJyaWxsYSBwdW50YSBkZWwgZXN0ZZIBBmFzYWRvcpoBI0NoWkRTVWhOTUc5blMwVkpRMEZuU1VSYU1IWlFhMVZuRUFF4AEA-gEECAAQJQ!16s%2Fg%2F1tflyy__?entry=ttu&g_ep=EgoyMDI2MDgwNS4xIKXMDSoASAFQAw%3D%3D","4",,"V37X+HQ4, Av. 2 N-E - Ing. Rodolfo Baquerizo Nazur","false","Atención: Muy buena.
Alimentos: Bueno
Pago con tarjeta: Eso es un inconveniente, a veces les funciona a veces no",,"Parrillada Punta Del Este","4.3",,"https://www.google.com/maps/search/?api=1&query=Parrillada%20Punta%20Del%20Este&query_place_id=ChIJvUBMdmxtLZAR4UKXj_NY9UM",
"V37X+HQ4, Av. 2 N-E - Ing. Rodolfo Baquerizo Nazur, 090508 Guayaquil, Ecuador","Parrilla","Parrilla","4896917972944634593","Guayaquil","EC","0x902d6d6c764c40bd:0x43f558f38f9742e1",,"https://lh3.googleusercontent.com/gps-cs-s/AHRPTWkRTcvnpJDUhkVYCVgu4xIBH78r7D8wp1dQEbHQ0Gg3bt0SA10fk4KPI-CuXfPpw30foXs14EvOqAhfn60g_e6Wpq_vLlKvmAM4nPsnslA1g3NcJMa435bQ_XV53KLTDQzio2v5KQ=w408-h306-k-no","false","false","/g/1tflyy__","es-419","0","-2.1361111","-79.9005556",,"Alborada Este",,"false","ChIJvUBMdmxtLZAR4UKXj_NY9UM","090508",,"Hace 4 años","2021-09-13T05:59:32.137Z",,,,,,,,,,,,,,,,,,,,,,"ChdDSUhNMG9nS0VJQ0FnSUM2eS1XMC13RRAB",,,,,,,,"Google",,,"1",,,"1212","2026-08-08T17:30:22.978Z","Direct Detail URL: https://www.google.com/maps/place/Parrillada+Punta+Del+Este/@-2.2158291,-79.9617486,11.42z/data=!4m10!1m2!2m1!1sParrilla+Punta+del+Este+!3m6!1s0x902d6d6c764c40bd:0x43f558f38f9742e1!8m2!3d-2.1361111!4d-79.9005556!15sChdQYXJyaWxsYSBQdW50YSBkZWwgRXN0ZVoZIhdwYXJyaWxsYSBwdW50YSBkZWwgZXN0ZZIBBmFzYWRvcpoBI0NoWkRTVWhOTUc5blMwVkpRMEZuU1VSYU1IWlFhMVZuRUFF4AEA-gEECAAQJQ!16s%2Fg%2F1tflyy__?entry=ttu&g_ep=EgoyMDI2MDgwNS4xIKXMDSoASAFQAw%3D%3D","5",,"V37X+HQ4, Av. 2 N-E - Ing. Rodolfo Baquerizo Nazur","false",,,"Parrillada Punta Del Este","4.3",,"https://www.google.com/maps/search/?api=1&query=Parrillada%20Punta%20Del%20Este&query_place_id=ChIJvUBMdmxtLZAR4UKXj_NY9UM",
"V37X+HQ4, Av. 2 N-E - Ing. Rodolfo Baquerizo Nazur, 090508 Guayaquil, Ecuador","Parrilla","Parrilla","4896917972944634593","Guayaquil","EC","0x902d6d6c764c40bd:0x43f558f38f9742e1",,"https://lh3.googleusercontent.com/gps-cs-s/AHRPTWkRTcvnpJDUhkVYCVgu4xIBH78r7D8wp1dQEbHQ0Gg3bt0SA10fk4KPI-CuXfPpw30foXs14EvOqAhfn60g_e6Wpq_vLlKvmAM4nPsnslA1g3NcJMa435bQ_XV53KLTDQzio2v5KQ=w408-h306-k-no","false","true","/g/1tflyy__","es-419","0","-2.1361111","-79.9005556",,"Alborada Este","es","false","ChIJvUBMdmxtLZAR4UKXj_NY9UM","090508",,"Hace 4 años","2021-09-12T05:38:51.535Z",,,,,,,,,,,,,,,,,,,,,,"ChRDSUhNMG9nS0VJQ0FnSUM2ay1jaBAB",,,,,,,,"Google",,,"109",,,"1212","2026-08-08T17:30:22.978Z","Direct Detail URL: https://www.google.com/maps/place/Parrillada+Punta+Del+Este/@-2.2158291,-79.9617486,11.42z/data=!4m10!1m2!2m1!1sParrilla+Punta+del+Este+!3m6!1s0x902d6d6c764c40bd:0x43f558f38f9742e1!8m2!3d-2.1361111!4d-79.9005556!15sChdQYXJyaWxsYSBQdW50YSBkZWwgRXN0ZVoZIhdwYXJyaWxsYSBwdW50YSBkZWwgZXN0ZZIBBmFzYWRvcpoBI0NoWkRTVWhOTUc5blMwVkpRMEZuU1VSYU1IWlFhMVZuRUFF4AEA-gEECAAQJQ!16s%2Fg%2F1tflyy__?entry=ttu&g_ep=EgoyMDI2MDgwNS4xIKXMDSoASAFQAw%3D%3D","5",,"V37X+HQ4, Av. 2 N-E - Ing. Rodolfo Baquerizo Nazur","false","Buen servicio, excelente ambiente",,"Parrillada Punta Del Este","4.3",,"https://www.google.com/maps/search/?api=1&query=Parrillada%20Punta%20Del%20Este&query_place_id=ChIJvUBMdmxtLZAR4UKXj_NY9UM",
"V37X+HQ4, Av. 2 N-E - Ing. Rodolfo Baquerizo Nazur, 090508 Guayaquil, Ecuador","Parrilla","Parrilla","4896917972944634593","Guayaquil","EC","0x902d6d6c764c40bd:0x43f558f38f9742e1",,"https://lh3.googleusercontent.com/gps-cs-s/AHRPTWkRTcvnpJDUhkVYCVgu4xIBH78r7D8wp1dQEbHQ0Gg3bt0SA10fk4KPI-CuXfPpw30foXs14EvOqAhfn60g_e6Wpq_vLlKvmAM4nPsnslA1g3NcJMa435bQ_XV53KLTDQzio2v5KQ=w408-h306-k-no","false","true","/g/1tflyy__","es-419","0","-2.1361111","-79.9005556",,"Alborada Este","es","false","ChIJvUBMdmxtLZAR4UKXj_NY9UM","090508",,"Hace 4 años","2021-09-09T01:34:58.610Z",,,,,,,,,,,,,,,,,,,,,,"ChZDSUhNMG9nS0VJQ0FnSUM2aFlXaFBBEAE","https://lh3.googleusercontent.com/grass-cs/ACvplmNVTNFvzHnWPbduJp9bXYNga0KVFYxViRX7TpKVLBjzCDhCtiAAIcf6g2vd8zqVBx4YesKiurxGayBKB1vweOfQ65Bor-Q8yPBLVt_avZ4zXNv4eE6aAH0bc3xApsnN223LizUnlQ=k-no","https://lh3.googleusercontent.com/grass-cs/ACvplmMjSz2NjYkF7r1No7hVcvszKC7IUJjzgW5S3MPkI0HU5mc-mQ2taVRfCN9AmvbDTIQM-Ra7-p_he8odR3PB2VLysbiSO10VLXts5h8MeENeqmksUeTmHde-3RDTxSq_ebrQuIHy=k-no",,,,,,"Google",,,"25",,,"1212","2026-08-08T17:30:22.978Z","Direct Detail URL: https://www.google.com/maps/place/Parrillada+Punta+Del+Este/@-2.2158291,-79.9617486,11.42z/data=!4m10!1m2!2m1!1sParrilla+Punta+del+Este+!3m6!1s0x902d6d6c764c40bd:0x43f558f38f9742e1!8m2!3d-2.1361111!4d-79.9005556!15sChdQYXJyaWxsYSBQdW50YSBkZWwgRXN0ZVoZIhdwYXJyaWxsYSBwdW50YSBkZWwgZXN0ZZIBBmFzYWRvcpoBI0NoWkRTVWhOTUc5blMwVkpRMEZuU1VSYU1IWlFhMVZuRUFF4AEA-gEECAAQJQ!16s%2Fg%2F1tflyy__?entry=ttu&g_ep=EgoyMDI2MDgwNS4xIKXMDSoASAFQAw%3D%3D","4",,"V37X+HQ4, Av. 2 N-E - Ing. Rodolfo Baquerizo Nazur","false","Bonito lugar",,"Parrillada Punta Del Este","4.3",,"https://www.google.com/maps/search/?api=1&query=Parrillada%20Punta%20Del%20Este&query_place_id=ChIJvUBMdmxtLZAR4UKXj_NY9UM",
"V37X+HQ4, Av. 2 N-E - Ing. Rodolfo Baquerizo Nazur, 090508 Guayaquil, Ecuador","Parrilla","Parrilla","4896917972944634593","Guayaquil","EC","0x902d6d6c764c40bd:0x43f558f38f9742e1",,"https://lh3.googleusercontent.com/gps-cs-s/AHRPTWkRTcvnpJDUhkVYCVgu4xIBH78r7D8wp1dQEbHQ0Gg3bt0SA10fk4KPI-CuXfPpw30foXs14EvOqAhfn60g_e6Wpq_vLlKvmAM4nPsnslA1g3NcJMa435bQ_XV53KLTDQzio2v5KQ=w408-h306-k-no","false","true","/g/1tflyy__","es-419","0","-2.1361111","-79.9005556",,"Alborada Este","es","false","ChIJvUBMdmxtLZAR4UKXj_NY9UM","090508",,"Hace 4 años","2021-08-27T04:54:50.900Z",,,,,,,,,,,,,,,,,,,,,,"ChZDSUhNMG9nS0VJQ0FnSUM2Z01qdGJBEAE",,,,,,,,"Google",,,"40",,,"1212","2026-08-08T17:30:22.978Z","Direct Detail URL: https://www.google.com/maps/place/Parrillada+Punta+Del+Este/@-2.2158291,-79.9617486,11.42z/data=!4m10!1m2!2m1!1sParrilla+Punta+del+Este+!3m6!1s0x902d6d6c764c40bd:0x43f558f38f9742e1!8m2!3d-2.1361111!4d-79.9005556!15sChdQYXJyaWxsYSBQdW50YSBkZWwgRXN0ZVoZIhdwYXJyaWxsYSBwdW50YSBkZWwgZXN0ZZIBBmFzYWRvcpoBI0NoWkRTVWhOTUc5blMwVkpRMEZuU1VSYU1IWlFhMVZuRUFF4AEA-gEECAAQJQ!16s%2Fg%2F1tflyy__?entry=ttu&g_ep=EgoyMDI2MDgwNS4xIKXMDSoASAFQAw%3D%3D","5",,"V37X+HQ4, Av. 2 N-E - Ing. Rodolfo Baquerizo Nazur","false","muy bien rico",,"Parrillada Punta Del Este","4.3",,"https://www.google.com/maps/search/?api=1&query=Parrillada%20Punta%20Del%20Este&query_place_id=ChIJvUBMdmxtLZAR4UKXj_NY9UM",
"V37X+HQ4, Av. 2 N-E - Ing. Rodolfo Baquerizo Nazur, 090508 Guayaquil, Ecuador","Parrilla","Parrilla","4896917972944634593","Guayaquil","EC","0x902d6d6c764c40bd:0x43f558f38f9742e1",,"https://lh3.googleusercontent.com/gps-cs-s/AHRPTWkRTcvnpJDUhkVYCVgu4xIBH78r7D8wp1dQEbHQ0Gg3bt0SA10fk4KPI-CuXfPpw30foXs14EvOqAhfn60g_e6Wpq_vLlKvmAM4nPsnslA1g3NcJMa435bQ_XV53KLTDQzio2v5KQ=w408-h306-k-no","false","true","/g/1tflyy__","es-419","0","-2.1361111","-79.9005556",,"Alborada Este","es","false","ChIJvUBMdmxtLZAR4UKXj_NY9UM","090508",,"Hace 4 años","2021-08-23T18:02:14.915Z",,,,,,,,,,,,,,,,,,,,,,"ChRDSUhNMG9nS0VJQ0FnSURhNGJVRhAB",,,,,,,,"Google",,,"33",,,"1212","2026-08-08T17:30:22.978Z","Direct Detail URL: https://www.google.com/maps/place/Parrillada+Punta+Del+Este/@-2.2158291,-79.9617486,11.42z/data=!4m10!1m2!2m1!1sParrilla+Punta+del+Este+!3m6!1s0x902d6d6c764c40bd:0x43f558f38f9742e1!8m2!3d-2.1361111!4d-79.9005556!15sChdQYXJyaWxsYSBQdW50YSBkZWwgRXN0ZVoZIhdwYXJyaWxsYSBwdW50YSBkZWwgZXN0ZZIBBmFzYWRvcpoBI0NoWkRTVWhOTUc5blMwVkpRMEZuU1VSYU1IWlFhMVZuRUFF4AEA-gEECAAQJQ!16s%2Fg%2F1tflyy__?entry=ttu&g_ep=EgoyMDI2MDgwNS4xIKXMDSoASAFQAw%3D%3D","4",,"V37X+HQ4, Av. 2 N-E - Ing. Rodolfo Baquerizo Nazur","false","Buen precio",,"Parrillada Punta Del Este","4.3",,"https://www.google.com/maps/search/?api=1&query=Parrillada%20Punta%20Del%20Este&query_place_id=ChIJvUBMdmxtLZAR4UKXj_NY9UM",
"V37X+HQ4, Av. 2 N-E - Ing. Rodolfo Baquerizo Nazur, 090508 Guayaquil, Ecuador","Parrilla","Parrilla","4896917972944634593","Guayaquil","EC","0x902d6d6c764c40bd:0x43f558f38f9742e1",,"https://lh3.googleusercontent.com/gps-cs-s/AHRPTWkRTcvnpJDUhkVYCVgu4xIBH78r7D8wp1dQEbHQ0Gg3bt0SA10fk4KPI-CuXfPpw30foXs14EvOqAhfn60g_e6Wpq_vLlKvmAM4nPsnslA1g3NcJMa435bQ_XV53KLTDQzio2v5KQ=w408-h306-k-no","false","true","/g/1tflyy__","es-419","0","-2.1361111","-79.9005556",,"Alborada Este","es","false","ChIJvUBMdmxtLZAR4UKXj_NY9UM","090508",,"Hace 4 años","2021-08-21T11:22:10.391Z",,,,,,,,,,,,,,,,,,,,,,"ChdDSUhNMG9nS0VJQ0FnSURhdHVfanlnRRAB",,,,,,,,"Google",,,"79",,,"1212","2026-08-08T17:30:22.978Z","Direct Detail URL: https://www.google.com/maps/place/Parrillada+Punta+Del+Este/@-2.2158291,-79.9617486,11.42z/data=!4m10!1m2!2m1!1sParrilla+Punta+del+Este+!3m6!1s0x902d6d6c764c40bd:0x43f558f38f9742e1!8m2!3d-2.1361111!4d-79.9005556!15sChdQYXJyaWxsYSBQdW50YSBkZWwgRXN0ZVoZIhdwYXJyaWxsYSBwdW50YSBkZWwgZXN0ZZIBBmFzYWRvcpoBI0NoWkRTVWhOTUc5blMwVkpRMEZuU1VSYU1IWlFhMVZuRUFF4AEA-gEECAAQJQ!16s%2Fg%2F1tflyy__?entry=ttu&g_ep=EgoyMDI2MDgwNS4xIKXMDSoASAFQAw%3D%3D","5",,"V37X+HQ4, Av. 2 N-E - Ing. Rodolfo Baquerizo Nazur","false","Muy rico.",,"Parrillada Punta Del Este","4.3",,"https://www.google.com/maps/search/?api=1&query=Parrillada%20Punta%20Del%20Este&query_place_id=ChIJvUBMdmxtLZAR4UKXj_NY9UM",
"V37X+HQ4, Av. 2 N-E - Ing. Rodolfo Baquerizo Nazur, 090508 Guayaquil, Ecuador","Parrilla","Parrilla","4896917972944634593","Guayaquil","EC","0x902d6d6c764c40bd:0x43f558f38f9742e1",,"https://lh3.googleusercontent.com/gps-cs-s/AHRPTWkRTcvnpJDUhkVYCVgu4xIBH78r7D8wp1dQEbHQ0Gg3bt0SA10fk4KPI-CuXfPpw30foXs14EvOqAhfn60g_e6Wpq_vLlKvmAM4nPsnslA1g3NcJMa435bQ_XV53KLTDQzio2v5KQ=w408-h306-k-no","false","true","/g/1tflyy__","es-419","0","-2.1361111","-79.9005556",,"Alborada Este","es","false","ChIJvUBMdmxtLZAR4UKXj_NY9UM","090508",,"Hace 4 años","2021-08-20T16:38:57.167Z",,,,,,,,,,,,,,,,,,,,,,"ChdDSUhNMG9nS0VJQ0FnSURhNXFXVHJBRRAB",,,,,,,,"Google",,,"4",,,"1212","2026-08-08T17:30:22.978Z","Direct Detail URL: https://www.google.com/maps/place/Parrillada+Punta+Del+Este/@-2.2158291,-79.9617486,11.42z/data=!4m10!1m2!2m1!1sParrilla+Punta+del+Este+!3m6!1s0x902d6d6c764c40bd:0x43f558f38f9742e1!8m2!3d-2.1361111!4d-79.9005556!15sChdQYXJyaWxsYSBQdW50YSBkZWwgRXN0ZVoZIhdwYXJyaWxsYSBwdW50YSBkZWwgZXN0ZZIBBmFzYWRvcpoBI0NoWkRTVWhOTUc5blMwVkpRMEZuU1VSYU1IWlFhMVZuRUFF4AEA-gEECAAQJQ!16s%2Fg%2F1tflyy__?entry=ttu&g_ep=EgoyMDI2MDgwNS4xIKXMDSoASAFQAw%3D%3D","4",,"V37X+HQ4, Av. 2 N-E - Ing. Rodolfo Baquerizo Nazur","false","Muy buena",,"Parrillada Punta Del Este","4.3",,"https://www.google.com/maps/search/?api=1&query=Parrillada%20Punta%20Del%20Este&query_place_id=ChIJvUBMdmxtLZAR4UKXj_NY9UM",
"V37X+HQ4, Av. 2 N-E - Ing. Rodolfo Baquerizo Nazur, 090508 Guayaquil, Ecuador","Parrilla","Parrilla","4896917972944634593","Guayaquil","EC","0x902d6d6c764c40bd:0x43f558f38f9742e1",,"https://lh3.googleusercontent.com/gps-cs-s/AHRPTWkRTcvnpJDUhkVYCVgu4xIBH78r7D8wp1dQEbHQ0Gg3bt0SA10fk4KPI-CuXfPpw30foXs14EvOqAhfn60g_e6Wpq_vLlKvmAM4nPsnslA1g3NcJMa435bQ_XV53KLTDQzio2v5KQ=w408-h306-k-no","false","true","/g/1tflyy__","es-419","0","-2.1361111","-79.9005556",,"Alborada Este",,"false","ChIJvUBMdmxtLZAR4UKXj_NY9UM","090508",,"Hace 4 años","2021-08-20T13:16:25.854Z",,,,,,,,,,,,,,,,,,,,,,"ChZDSUhNMG9nS0VJQ0FnSURhcHIzMFlBEAE",,,,,,,,"Google",,,"10",,,"1212","2026-08-08T17:30:22.978Z","Direct Detail URL: https://www.google.com/maps/place/Parrillada+Punta+Del+Este/@-2.2158291,-79.9617486,11.42z/data=!4m10!1m2!2m1!1sParrilla+Punta+del+Este+!3m6!1s0x902d6d6c764c40bd:0x43f558f38f9742e1!8m2!3d-2.1361111!4d-79.9005556!15sChdQYXJyaWxsYSBQdW50YSBkZWwgRXN0ZVoZIhdwYXJyaWxsYSBwdW50YSBkZWwgZXN0ZZIBBmFzYWRvcpoBI0NoWkRTVWhOTUc5blMwVkpRMEZuU1VSYU1IWlFhMVZuRUFF4AEA-gEECAAQJQ!16s%2Fg%2F1tflyy__?entry=ttu&g_ep=EgoyMDI2MDgwNS4xIKXMDSoASAFQAw%3D%3D","3",,"V37X+HQ4, Av. 2 N-E - Ing. Rodolfo Baquerizo Nazur","false",,,"Parrillada Punta Del Este","4.3",,"https://www.google.com/maps/search/?api=1&query=Parrillada%20Punta%20Del%20Este&query_place_id=ChIJvUBMdmxtLZAR4UKXj_NY9UM",
"V37X+HQ4, Av. 2 N-E - Ing. Rodolfo Baquerizo Nazur, 090508 Guayaquil, Ecuador","Parrilla","Parrilla","4896917972944634593","Guayaquil","EC","0x902d6d6c764c40bd:0x43f558f38f9742e1",,"https://lh3.googleusercontent.com/gps-cs-s/AHRPTWkRTcvnpJDUhkVYCVgu4xIBH78r7D8wp1dQEbHQ0Gg3bt0SA10fk4KPI-CuXfPpw30foXs14EvOqAhfn60g_e6Wpq_vLlKvmAM4nPsnslA1g3NcJMa435bQ_XV53KLTDQzio2v5KQ=w408-h306-k-no","false","false","/g/1tflyy__","es-419","0","-2.1361111","-79.9005556",,"Alborada Este",,"false","ChIJvUBMdmxtLZAR4UKXj_NY9UM","090508",,"Hace 4 años","2021-08-19T20:47:10.461Z",,,,,,,,,,,,,,,,,,,,,,"ChdDSUhNMG9nS0VJQ0FnSURhLXZtOGlnRRAB",,,,,,,,"Google",,,"17",,,"1212","2026-08-08T17:30:22.978Z","Direct Detail URL: https://www.google.com/maps/place/Parrillada+Punta+Del+Este/@-2.2158291,-79.9617486,11.42z/data=!4m10!1m2!2m1!1sParrilla+Punta+del+Este+!3m6!1s0x902d6d6c764c40bd:0x43f558f38f9742e1!8m2!3d-2.1361111!4d-79.9005556!15sChdQYXJyaWxsYSBQdW50YSBkZWwgRXN0ZVoZIhdwYXJyaWxsYSBwdW50YSBkZWwgZXN0ZZIBBmFzYWRvcpoBI0NoWkRTVWhOTUc5blMwVkpRMEZuU1VSYU1IWlFhMVZuRUFF4AEA-gEECAAQJQ!16s%2Fg%2F1tflyy__?entry=ttu&g_ep=EgoyMDI2MDgwNS4xIKXMDSoASAFQAw%3D%3D","5",,"V37X+HQ4, Av. 2 N-E - Ing. Rodolfo Baquerizo Nazur","false",,,"Parrillada Punta Del Este","4.3",,"https://www.google.com/maps/search/?api=1&query=Parrillada%20Punta%20Del%20Este&query_place_id=ChIJvUBMdmxtLZAR4UKXj_NY9UM",
"V37X+HQ4, Av. 2 N-E - Ing. Rodolfo Baquerizo Nazur, 090508 Guayaquil, Ecuador","Parrilla","Parrilla","4896917972944634593","Guayaquil","EC","0x902d6d6c764c40bd:0x43f558f38f9742e1",,"https://lh3.googleusercontent.com/gps-cs-s/AHRPTWkRTcvnpJDUhkVYCVgu4xIBH78r7D8wp1dQEbHQ0Gg3bt0SA10fk4KPI-CuXfPpw30foXs14EvOqAhfn60g_e6Wpq_vLlKvmAM4nPsnslA1g3NcJMa435bQ_XV53KLTDQzio2v5KQ=w408-h306-k-no","false","false","/g/1tflyy__","es-419","0","-2.1361111","-79.9005556",,"Alborada Este","es","false","ChIJvUBMdmxtLZAR4UKXj_NY9UM","090508",,"Hace 4 años","2021-08-12T03:55:08.262Z",,,,,,,,,,,,,,,,,,,,,,"ChZDSUhNMG9nS0VJQ0FnSUNhcl9pNEdnEAE",,,,,,,,"Google",,,"12",,,"1212","2026-08-08T17:30:22.978Z","Direct Detail URL: https://www.google.com/maps/place/Parrillada+Punta+Del+Este/@-2.2158291,-79.9617486,11.42z/data=!4m10!1m2!2m1!1sParrilla+Punta+del+Este+!3m6!1s0x902d6d6c764c40bd:0x43f558f38f9742e1!8m2!3d-2.1361111!4d-79.9005556!15sChdQYXJyaWxsYSBQdW50YSBkZWwgRXN0ZVoZIhdwYXJyaWxsYSBwdW50YSBkZWwgZXN0ZZIBBmFzYWRvcpoBI0NoWkRTVWhOTUc5blMwVkpRMEZuU1VSYU1IWlFhMVZuRUFF4AEA-gEECAAQJQ!16s%2Fg%2F1tflyy__?entry=ttu&g_ep=EgoyMDI2MDgwNS4xIKXMDSoASAFQAw%3D%3D","5",,"V37X+HQ4, Av. 2 N-E - Ing. Rodolfo Baquerizo Nazur","false","La atención muy buena, comida deliciosa.
⭐⭐⭐⭐⭐",,"Parrillada Punta Del Este","4.3",,"https://www.google.com/maps/search/?api=1&query=Parrillada%20Punta%20Del%20Este&query_place_id=ChIJvUBMdmxtLZAR4UKXj_NY9UM",
"V37X+HQ4, Av. 2 N-E - Ing. Rodolfo Baquerizo Nazur, 090508 Guayaquil, Ecuador","Parrilla","Parrilla","4896917972944634593","Guayaquil","EC","0x902d6d6c764c40bd:0x43f558f38f9742e1",,"https://lh3.googleusercontent.com/gps-cs-s/AHRPTWkRTcvnpJDUhkVYCVgu4xIBH78r7D8wp1dQEbHQ0Gg3bt0SA10fk4KPI-CuXfPpw30foXs14EvOqAhfn60g_e6Wpq_vLlKvmAM4nPsnslA1g3NcJMa435bQ_XV53KLTDQzio2v5KQ=w408-h306-k-no","false","true","/g/1tflyy__","es-419","0","-2.1361111","-79.9005556",,"Alborada Este","es","false","ChIJvUBMdmxtLZAR4UKXj_NY9UM","090508",,"Hace 4 años","2021-08-12T03:51:53.785Z",,,,,,,,,,,,,,,,,,,,,,"ChdDSUhNMG9nS0VJQ0FnSUNhcjZEN3NnRRAB","https://lh3.googleusercontent.com/grass-cs/ACvplmMzLf66vIRByxs8Itkx7DaVNXllLZdDIbUmo7_2S-QArceoPKS5_bEiaN9huo6PfnBFgSuJwnrGdBNUPD5TaSJ10hN9Ev5iUyDeIKDbHhTVo4ruhSy80OyZ8gMGcS-4aDv8cqI=k-no",,,,,,,"Google",,,"25",,,"1212","2026-08-08T17:30:22.978Z","Direct Detail URL: https://www.google.com/maps/place/Parrillada+Punta+Del+Este/@-2.2158291,-79.9617486,11.42z/data=!4m10!1m2!2m1!1sParrilla+Punta+del+Este+!3m6!1s0x902d6d6c764c40bd:0x43f558f38f9742e1!8m2!3d-2.1361111!4d-79.9005556!15sChdQYXJyaWxsYSBQdW50YSBkZWwgRXN0ZVoZIhdwYXJyaWxsYSBwdW50YSBkZWwgZXN0ZZIBBmFzYWRvcpoBI0NoWkRTVWhOTUc5blMwVkpRMEZuU1VSYU1IWlFhMVZuRUFF4AEA-gEECAAQJQ!16s%2Fg%2F1tflyy__?entry=ttu&g_ep=EgoyMDI2MDgwNS4xIKXMDSoASAFQAw%3D%3D","5",,"V37X+HQ4, Av. 2 N-E - Ing. Rodolfo Baquerizo Nazur","false","Excelente la comida, y la atención de primera.
Festejamos un cumpleaños y nos atendieron como a reyes.
Se los recomiendo.",,"Parrillada Punta Del Este","4.3",,"https://www.google.com/maps/search/?api=1&query=Parrillada%20Punta%20Del%20Este&query_place_id=ChIJvUBMdmxtLZAR4UKXj_NY9UM",
"V37X+HQ4, Av. 2 N-E - Ing. Rodolfo Baquerizo Nazur, 090508 Guayaquil, Ecuador","Parrilla","Parrilla","4896917972944634593","Guayaquil","EC","0x902d6d6c764c40bd:0x43f558f38f9742e1",,"https://lh3.googleusercontent.com/gps-cs-s/AHRPTWkRTcvnpJDUhkVYCVgu4xIBH78r7D8wp1dQEbHQ0Gg3bt0SA10fk4KPI-CuXfPpw30foXs14EvOqAhfn60g_e6Wpq_vLlKvmAM4nPsnslA1g3NcJMa435bQ_XV53KLTDQzio2v5KQ=w408-h306-k-no","false","false","/g/1tflyy__","es-419","0","-2.1361111","-79.9005556",,"Alborada Este",,"false","ChIJvUBMdmxtLZAR4UKXj_NY9UM","090508",,"Hace 5 años","2021-08-04T17:59:42.996Z",,,,,,,,,,,,,,,,,,,,,,"ChdDSUhNMG9nS0VJQ0FnSUNheGNqU3R3RRAB",,,,,,,,"Google",,,"2",,,"1212","2026-08-08T17:30:22.978Z","Direct Detail URL: https://www.google.com/maps/place/Parrillada+Punta+Del+Este/@-2.2158291,-79.9617486,11.42z/data=!4m10!1m2!2m1!1sParrilla+Punta+del+Este+!3m6!1s0x902d6d6c764c40bd:0x43f558f38f9742e1!8m2!3d-2.1361111!4d-79.9005556!15sChdQYXJyaWxsYSBQdW50YSBkZWwgRXN0ZVoZIhdwYXJyaWxsYSBwdW50YSBkZWwgZXN0ZZIBBmFzYWRvcpoBI0NoWkRTVWhOTUc5blMwVkpRMEZuU1VSYU1IWlFhMVZuRUFF4AEA-gEECAAQJQ!16s%2Fg%2F1tflyy__?entry=ttu&g_ep=EgoyMDI2MDgwNS4xIKXMDSoASAFQAw%3D%3D","5",,"V37X+HQ4, Av. 2 N-E - Ing. Rodolfo Baquerizo Nazur","false",,,"Parrillada Punta Del Este","4.3",,"https://www.google.com/maps/search/?api=1&query=Parrillada%20Punta%20Del%20Este&query_place_id=ChIJvUBMdmxtLZAR4UKXj_NY9UM",
"V37X+HQ4, Av. 2 N-E - Ing. Rodolfo Baquerizo Nazur, 090508 Guayaquil, Ecuador","Parrilla","Parrilla","4896917972944634593","Guayaquil","EC","0x902d6d6c764c40bd:0x43f558f38f9742e1",,"https://lh3.googleusercontent.com/gps-cs-s/AHRPTWkRTcvnpJDUhkVYCVgu4xIBH78r7D8wp1dQEbHQ0Gg3bt0SA10fk4KPI-CuXfPpw30foXs14EvOqAhfn60g_e6Wpq_vLlKvmAM4nPsnslA1g3NcJMa435bQ_XV53KLTDQzio2v5KQ=w408-h306-k-no","false","false","/g/1tflyy__","es-419","0","-2.1361111","-79.9005556",,"Alborada Este",,"false","ChIJvUBMdmxtLZAR4UKXj_NY9UM","090508",,"Hace 5 años","2021-08-02T20:53:00.303Z",,,,,,,,,,,,,,,,,,,,,,"ChZDSUhNMG9nS0VJQ0FnSUNhaWNEeWZREAE",,,,,,,,"Google",,,"0",,,"1212","2026-08-08T17:30:22.978Z","Direct Detail URL: https://www.google.com/maps/place/Parrillada+Punta+Del+Este/@-2.2158291,-79.9617486,11.42z/data=!4m10!1m2!2m1!1sParrilla+Punta+del+Este+!3m6!1s0x902d6d6c764c40bd:0x43f558f38f9742e1!8m2!3d-2.1361111!4d-79.9005556!15sChdQYXJyaWxsYSBQdW50YSBkZWwgRXN0ZVoZIhdwYXJyaWxsYSBwdW50YSBkZWwgZXN0ZZIBBmFzYWRvcpoBI0NoWkRTVWhOTUc5blMwVkpRMEZuU1VSYU1IWlFhMVZuRUFF4AEA-gEECAAQJQ!16s%2Fg%2F1tflyy__?entry=ttu&g_ep=EgoyMDI2MDgwNS4xIKXMDSoASAFQAw%3D%3D","5",,"V37X+HQ4, Av. 2 N-E - Ing. Rodolfo Baquerizo Nazur","false",,,"Parrillada Punta Del Este","4.3",,"https://www.google.com/maps/search/?api=1&query=Parrillada%20Punta%20Del%20Este&query_place_id=ChIJvUBMdmxtLZAR4UKXj_NY9UM",
"V37X+HQ4, Av. 2 N-E - Ing. Rodolfo Baquerizo Nazur, 090508 Guayaquil, Ecuador","Parrilla","Parrilla","4896917972944634593","Guayaquil","EC","0x902d6d6c764c40bd:0x43f558f38f9742e1",,"https://lh3.googleusercontent.com/gps-cs-s/AHRPTWkRTcvnpJDUhkVYCVgu4xIBH78r7D8wp1dQEbHQ0Gg3bt0SA10fk4KPI-CuXfPpw30foXs14EvOqAhfn60g_e6Wpq_vLlKvmAM4nPsnslA1g3NcJMa435bQ_XV53KLTDQzio2v5KQ=w408-h306-k-no","false","true","/g/1tflyy__","es-419","0","-2.1361111","-79.9005556",,"Alborada Este","es","false","ChIJvUBMdmxtLZAR4UKXj_NY9UM","090508",,"Hace 5 años","2021-07-28T01:16:22.943Z",,,,,,,,,,,,,,,,,,,,,,"ChdDSUhNMG9nS0VJQ0FnSUNhaXNqWDF3RRAB",,,,,,,,"Google",,,"44",,,"1212","2026-08-08T17:30:22.978Z","Direct Detail URL: https://www.google.com/maps/place/Parrillada+Punta+Del+Este/@-2.2158291,-79.9617486,11.42z/data=!4m10!1m2!2m1!1sParrilla+Punta+del+Este+!3m6!1s0x902d6d6c764c40bd:0x43f558f38f9742e1!8m2!3d-2.1361111!4d-79.9005556!15sChdQYXJyaWxsYSBQdW50YSBkZWwgRXN0ZVoZIhdwYXJyaWxsYSBwdW50YSBkZWwgZXN0ZZIBBmFzYWRvcpoBI0NoWkRTVWhOTUc5blMwVkpRMEZuU1VSYU1IWlFhMVZuRUFF4AEA-gEECAAQJQ!16s%2Fg%2F1tflyy__?entry=ttu&g_ep=EgoyMDI2MDgwNS4xIKXMDSoASAFQAw%3D%3D","5",,"V37X+HQ4, Av. 2 N-E - Ing. Rodolfo Baquerizo Nazur","false","Excelente 👌",,"Parrillada Punta Del Este","4.3",,"https://www.google.com/maps/search/?api=1&query=Parrillada%20Punta%20Del%20Este&query_place_id=ChIJvUBMdmxtLZAR4UKXj_NY9UM",
"V37X+HQ4, Av. 2 N-E - Ing. Rodolfo Baquerizo Nazur, 090508 Guayaquil, Ecuador","Parrilla","Parrilla","4896917972944634593","Guayaquil","EC","0x902d6d6c764c40bd:0x43f558f38f9742e1",,"https://lh3.googleusercontent.com/gps-cs-s/AHRPTWkRTcvnpJDUhkVYCVgu4xIBH78r7D8wp1dQEbHQ0Gg3bt0SA10fk4KPI-CuXfPpw30foXs14EvOqAhfn60g_e6Wpq_vLlKvmAM4nPsnslA1g3NcJMa435bQ_XV53KLTDQzio2v5KQ=w408-h306-k-no","false","true","/g/1tflyy__","es-419","0","-2.1361111","-79.9005556",,"Alborada Este","es","false","ChIJvUBMdmxtLZAR4UKXj_NY9UM","090508",,"Hace 5 años","2021-07-26T13:35:43.353Z",,,,,,,,,,,,,,,,,,,,,,"ChZDSUhNMG9nS0VJQ0FnSUNhZ3JtZ2JBEAE",,,,,,,,"Google",,,"19",,,"1212","2026-08-08T17:30:22.978Z","Direct Detail URL: https://www.google.com/maps/place/Parrillada+Punta+Del+Este/@-2.2158291,-79.9617486,11.42z/data=!4m10!1m2!2m1!1sParrilla+Punta+del+Este+!3m6!1s0x902d6d6c764c40bd:0x43f558f38f9742e1!8m2!3d-2.1361111!4d-79.9005556!15sChdQYXJyaWxsYSBQdW50YSBkZWwgRXN0ZVoZIhdwYXJyaWxsYSBwdW50YSBkZWwgZXN0ZZIBBmFzYWRvcpoBI0NoWkRTVWhOTUc5blMwVkpRMEZuU1VSYU1IWlFhMVZuRUFF4AEA-gEECAAQJQ!16s%2Fg%2F1tflyy__?entry=ttu&g_ep=EgoyMDI2MDgwNS4xIKXMDSoASAFQAw%3D%3D","5",,"V37X+HQ4, Av. 2 N-E - Ing. Rodolfo Baquerizo Nazur","false","Muy buena la comida y tiene parqueo exclusivos para clientes. Me encantó.",,"Parrillada Punta Del Este","4.3",,"https://www.google.com/maps/search/?api=1&query=Parrillada%20Punta%20Del%20Este&query_place_id=ChIJvUBMdmxtLZAR4UKXj_NY9UM",
"V37X+HQ4, Av. 2 N-E - Ing. Rodolfo Baquerizo Nazur, 090508 Guayaquil, Ecuador","Parrilla","Parrilla","4896917972944634593","Guayaquil","EC","0x902d6d6c764c40bd:0x43f558f38f9742e1",,"https://lh3.googleusercontent.com/gps-cs-s/AHRPTWkRTcvnpJDUhkVYCVgu4xIBH78r7D8wp1dQEbHQ0Gg3bt0SA10fk4KPI-CuXfPpw30foXs14EvOqAhfn60g_e6Wpq_vLlKvmAM4nPsnslA1g3NcJMa435bQ_XV53KLTDQzio2v5KQ=w408-h306-k-no","false","true","/g/1tflyy__","es-419","0","-2.1361111","-79.9005556",,"Alborada Este",,"false","ChIJvUBMdmxtLZAR4UKXj_NY9UM","090508",,"Hace 5 años","2021-07-26T12:42:40.731Z",,,,,,,,,,,,,,,,,,,,,,"ChdDSUhNMG9nS0VJQ0FnSUNhZ3FhVGlRRRAB",,,,,,,,"Google",,,"6",,,"1212","2026-08-08T17:30:22.978Z","Direct Detail URL: https://www.google.com/maps/place/Parrillada+Punta+Del+Este/@-2.2158291,-79.9617486,11.42z/data=!4m10!1m2!2m1!1sParrilla+Punta+del+Este+!3m6!1s0x902d6d6c764c40bd:0x43f558f38f9742e1!8m2!3d-2.1361111!4d-79.9005556!15sChdQYXJyaWxsYSBQdW50YSBkZWwgRXN0ZVoZIhdwYXJyaWxsYSBwdW50YSBkZWwgZXN0ZZIBBmFzYWRvcpoBI0NoWkRTVWhOTUc5blMwVkpRMEZuU1VSYU1IWlFhMVZuRUFF4AEA-gEECAAQJQ!16s%2Fg%2F1tflyy__?entry=ttu&g_ep=EgoyMDI2MDgwNS4xIKXMDSoASAFQAw%3D%3D","5",,"V37X+HQ4, Av. 2 N-E - Ing. Rodolfo Baquerizo Nazur","false",,,"Parrillada Punta Del Este","4.3",,"https://www.google.com/maps/search/?api=1&query=Parrillada%20Punta%20Del%20Este&query_place_id=ChIJvUBMdmxtLZAR4UKXj_NY9UM",
"V37X+HQ4, Av. 2 N-E - Ing. Rodolfo Baquerizo Nazur, 090508 Guayaquil, Ecuador","Parrilla","Parrilla","4896917972944634593","Guayaquil","EC","0x902d6d6c764c40bd:0x43f558f38f9742e1",,"https://lh3.googleusercontent.com/gps-cs-s/AHRPTWkRTcvnpJDUhkVYCVgu4xIBH78r7D8wp1dQEbHQ0Gg3bt0SA10fk4KPI-CuXfPpw30foXs14EvOqAhfn60g_e6Wpq_vLlKvmAM4nPsnslA1g3NcJMa435bQ_XV53KLTDQzio2v5KQ=w408-h306-k-no","false","true","/g/1tflyy__","es-419","0","-2.1361111","-79.9005556",,"Alborada Este","es","false","ChIJvUBMdmxtLZAR4UKXj_NY9UM","090508",,"Editado Hace 5 años","2021-07-25T20:47:56.756Z",,,,,,,,,,,,,,,,,,,,,,"ChdDSUhNMG9nS0VJQ0FnSUNLcjh5RHRnRRAB",,,,,,,,"Google",,,"201",,,"1212","2026-08-08T17:30:22.978Z","Direct Detail URL: https://www.google.com/maps/place/Parrillada+Punta+Del+Este/@-2.2158291,-79.9617486,11.42z/data=!4m10!1m2!2m1!1sParrilla+Punta+del+Este+!3m6!1s0x902d6d6c764c40bd:0x43f558f38f9742e1!8m2!3d-2.1361111!4d-79.9005556!15sChdQYXJyaWxsYSBQdW50YSBkZWwgRXN0ZVoZIhdwYXJyaWxsYSBwdW50YSBkZWwgZXN0ZZIBBmFzYWRvcpoBI0NoWkRTVWhOTUc5blMwVkpRMEZuU1VSYU1IWlFhMVZuRUFF4AEA-gEECAAQJQ!16s%2Fg%2F1tflyy__?entry=ttu&g_ep=EgoyMDI2MDgwNS4xIKXMDSoASAFQAw%3D%3D","3",,"V37X+HQ4, Av. 2 N-E - Ing. Rodolfo Baquerizo Nazur","false","Agradable ambiente buena atención y todas las medidas de bioseguridad",,"Parrillada Punta Del Este","4.3",,"https://www.google.com/maps/search/?api=1&query=Parrillada%20Punta%20Del%20Este&query_place_id=ChIJvUBMdmxtLZAR4UKXj_NY9UM",
"V37X+HQ4, Av. 2 N-E - Ing. Rodolfo Baquerizo Nazur, 090508 Guayaquil, Ecuador","Parrilla","Parrilla","4896917972944634593","Guayaquil","EC","0x902d6d6c764c40bd:0x43f558f38f9742e1",,"https://lh3.googleusercontent.com/gps-cs-s/AHRPTWkRTcvnpJDUhkVYCVgu4xIBH78r7D8wp1dQEbHQ0Gg3bt0SA10fk4KPI-CuXfPpw30foXs14EvOqAhfn60g_e6Wpq_vLlKvmAM4nPsnslA1g3NcJMa435bQ_XV53KLTDQzio2v5KQ=w408-h306-k-no","false","true","/g/1tflyy__","es-419","0","-2.1361111","-79.9005556",,"Alborada Este",,"false","ChIJvUBMdmxtLZAR4UKXj_NY9UM","090508",,"Hace 5 años","2021-07-23T00:08:49.869Z",,,,,,,,,,,,,,,,,,,,,,"ChZDSUhNMG9nS0VJQ0FnSUNhNk11Z0xBEAE",,,,,,,,"Google",,,"12",,,"1212","2026-08-08T17:30:22.978Z","Direct Detail URL: https://www.google.com/maps/place/Parrillada+Punta+Del+Este/@-2.2158291,-79.9617486,11.42z/data=!4m10!1m2!2m1!1sParrilla+Punta+del+Este+!3m6!1s0x902d6d6c764c40bd:0x43f558f38f9742e1!8m2!3d-2.1361111!4d-79.9005556!15sChdQYXJyaWxsYSBQdW50YSBkZWwgRXN0ZVoZIhdwYXJyaWxsYSBwdW50YSBkZWwgZXN0ZZIBBmFzYWRvcpoBI0NoWkRTVWhOTUc5blMwVkpRMEZuU1VSYU1IWlFhMVZuRUFF4AEA-gEECAAQJQ!16s%2Fg%2F1tflyy__?entry=ttu&g_ep=EgoyMDI2MDgwNS4xIKXMDSoASAFQAw%3D%3D","5",,"V37X+HQ4, Av. 2 N-E - Ing. Rodolfo Baquerizo Nazur","false",,,"Parrillada Punta Del Este","4.3",,"https://www.google.com/maps/search/?api=1&query=Parrillada%20Punta%20Del%20Este&query_place_id=ChIJvUBMdmxtLZAR4UKXj_NY9UM",
"V37X+HQ4, Av. 2 N-E - Ing. Rodolfo Baquerizo Nazur, 090508 Guayaquil, Ecuador","Parrilla","Parrilla","4896917972944634593","Guayaquil","EC","0x902d6d6c764c40bd:0x43f558f38f9742e1",,"https://lh3.googleusercontent.com/gps-cs-s/AHRPTWkRTcvnpJDUhkVYCVgu4xIBH78r7D8wp1dQEbHQ0Gg3bt0SA10fk4KPI-CuXfPpw30foXs14EvOqAhfn60g_e6Wpq_vLlKvmAM4nPsnslA1g3NcJMa435bQ_XV53KLTDQzio2v5KQ=w408-h306-k-no","false","true","/g/1tflyy__","es-419","0","-2.1361111","-79.9005556",,"Alborada Este","es","false","ChIJvUBMdmxtLZAR4UKXj_NY9UM","090508",,"Hace 5 años","2021-07-21T17:34:30.480Z",,,,,,,,,,,,,,,,,,,,,,"ChdDSUhNMG9nS0VJQ0FnSUNhME92NnpRRRAB","https://lh3.googleusercontent.com/grass-cs/ACvplmOiegKsGcUXH7HaLC3fpIDVV5icTFuqWXC2VCizqNaB4cZ93B693CUVUDzPcAIA_FqmcRDXDhRpfPQsVBXJ_bXDcrs3C-KoKCIR0iD_-V1cmh0zHz2F5YAoyGtXX-XjUKJH9gdzqg=k-no",,,,,,,"Google",,,"61",,,"1212","2026-08-08T17:30:22.978Z","Direct Detail URL: https://www.google.com/maps/place/Parrillada+Punta+Del+Este/@-2.2158291,-79.9617486,11.42z/data=!4m10!1m2!2m1!1sParrilla+Punta+del+Este+!3m6!1s0x902d6d6c764c40bd:0x43f558f38f9742e1!8m2!3d-2.1361111!4d-79.9005556!15sChdQYXJyaWxsYSBQdW50YSBkZWwgRXN0ZVoZIhdwYXJyaWxsYSBwdW50YSBkZWwgZXN0ZZIBBmFzYWRvcpoBI0NoWkRTVWhOTUc5blMwVkpRMEZuU1VSYU1IWlFhMVZuRUFF4AEA-gEECAAQJQ!16s%2Fg%2F1tflyy__?entry=ttu&g_ep=EgoyMDI2MDgwNS4xIKXMDSoASAFQAw%3D%3D","5",,"V37X+HQ4, Av. 2 N-E - Ing. Rodolfo Baquerizo Nazur","false","Excelente",,"Parrillada Punta Del Este","4.3",,"https://www.google.com/maps/search/?api=1&query=Parrillada%20Punta%20Del%20Este&query_place_id=ChIJvUBMdmxtLZAR4UKXj_NY9UM",
"V37X+HQ4, Av. 2 N-E - Ing. Rodolfo Baquerizo Nazur, 090508 Guayaquil, Ecuador","Parrilla","Parrilla","4896917972944634593","Guayaquil","EC","0x902d6d6c764c40bd:0x43f558f38f9742e1",,"https://lh3.googleusercontent.com/gps-cs-s/AHRPTWkRTcvnpJDUhkVYCVgu4xIBH78r7D8wp1dQEbHQ0Gg3bt0SA10fk4KPI-CuXfPpw30foXs14EvOqAhfn60g_e6Wpq_vLlKvmAM4nPsnslA1g3NcJMa435bQ_XV53KLTDQzio2v5KQ=w408-h306-k-no","false","true","/g/1tflyy__","es-419","0","-2.1361111","-79.9005556",,"Alborada Este","es","false","ChIJvUBMdmxtLZAR4UKXj_NY9UM","090508",,"Hace 5 años","2021-07-17T21:20:28.650Z",,,,,,,,,,,,,,,,,,,,,,"ChdDSUhNMG9nS0VJQ0FnSURxbDVIbDlRRRAB",,,,,,,,"Google",,,"5",,,"1212","2026-08-08T17:30:22.978Z","Direct Detail URL: https://www.google.com/maps/place/Parrillada+Punta+Del+Este/@-2.2158291,-79.9617486,11.42z/data=!4m10!1m2!2m1!1sParrilla+Punta+del+Este+!3m6!1s0x902d6d6c764c40bd:0x43f558f38f9742e1!8m2!3d-2.1361111!4d-79.9005556!15sChdQYXJyaWxsYSBQdW50YSBkZWwgRXN0ZVoZIhdwYXJyaWxsYSBwdW50YSBkZWwgZXN0ZZIBBmFzYWRvcpoBI0NoWkRTVWhOTUc5blMwVkpRMEZuU1VSYU1IWlFhMVZuRUFF4AEA-gEECAAQJQ!16s%2Fg%2F1tflyy__?entry=ttu&g_ep=EgoyMDI2MDgwNS4xIKXMDSoASAFQAw%3D%3D","5",,"V37X+HQ4, Av. 2 N-E - Ing. Rodolfo Baquerizo Nazur","false","Buena atención",,"Parrillada Punta Del Este","4.3",,"https://www.google.com/maps/search/?api=1&query=Parrillada%20Punta%20Del%20Este&query_place_id=ChIJvUBMdmxtLZAR4UKXj_NY9UM",
"V37X+HQ4, Av. 2 N-E - Ing. Rodolfo Baquerizo Nazur, 090508 Guayaquil, Ecuador","Parrilla","Parrilla","4896917972944634593","Guayaquil","EC","0x902d6d6c764c40bd:0x43f558f38f9742e1",,"https://lh3.googleusercontent.com/gps-cs-s/AHRPTWkRTcvnpJDUhkVYCVgu4xIBH78r7D8wp1dQEbHQ0Gg3bt0SA10fk4KPI-CuXfPpw30foXs14EvOqAhfn60g_e6Wpq_vLlKvmAM4nPsnslA1g3NcJMa435bQ_XV53KLTDQzio2v5KQ=w408-h306-k-no","false","true","/g/1tflyy__","es-419","0","-2.1361111","-79.9005556",,"Alborada Este",,"false","ChIJvUBMdmxtLZAR4UKXj_NY9UM","090508",,"Hace 5 años","2021-07-17T01:39:27.082Z",,,,,,,,,,,,,,,,,,,,,,"ChdDSUhNMG9nS0VJQ0FnSURxaDVHR3RnRRAB","https://lh3.googleusercontent.com/grass-cs/ACvplmPpckG56BbuX234Vf_0P7iFJyh86wYOWaIRXCa1U2SaemEyJmpW6fqUL5ePiCJZYoHcqGD36fh7aCAjN-6m2HNzTvI1AsIvoGmsoLyo8H4rhKp8nNWEb1XrbvAJdVR8I9Uk4ysDHw=k-no","https://lh3.googleusercontent.com/grass-cs/ACvplmPkHhJZ2G7ZQWMjla0ur3JD1duVUfq9YPMquvsUFc03yNJtLjmGE169zgv8fnU7zJTlWR-yoiQ08tRY2or7t5EVO_XFt6O0k3nR8Bg4dcAwaY-5VqBB1iLSKQgMVzzymB7eUoA=k-no",,,,,,"Google",,,"5",,,"1212","2026-08-08T17:30:22.978Z","Direct Detail URL: https://www.google.com/maps/place/Parrillada+Punta+Del+Este/@-2.2158291,-79.9617486,11.42z/data=!4m10!1m2!2m1!1sParrilla+Punta+del+Este+!3m6!1s0x902d6d6c764c40bd:0x43f558f38f9742e1!8m2!3d-2.1361111!4d-79.9005556!15sChdQYXJyaWxsYSBQdW50YSBkZWwgRXN0ZVoZIhdwYXJyaWxsYSBwdW50YSBkZWwgZXN0ZZIBBmFzYWRvcpoBI0NoWkRTVWhOTUc5blMwVkpRMEZuU1VSYU1IWlFhMVZuRUFF4AEA-gEECAAQJQ!16s%2Fg%2F1tflyy__?entry=ttu&g_ep=EgoyMDI2MDgwNS4xIKXMDSoASAFQAw%3D%3D","4",,"V37X+HQ4, Av. 2 N-E - Ing. Rodolfo Baquerizo Nazur","false",,,"Parrillada Punta Del Este","4.3",,"https://www.google.com/maps/search/?api=1&query=Parrillada%20Punta%20Del%20Este&query_place_id=ChIJvUBMdmxtLZAR4UKXj_NY9UM",
"V37X+HQ4, Av. 2 N-E - Ing. Rodolfo Baquerizo Nazur, 090508 Guayaquil, Ecuador","Parrilla","Parrilla","4896917972944634593","Guayaquil","EC","0x902d6d6c764c40bd:0x43f558f38f9742e1",,"https://lh3.googleusercontent.com/gps-cs-s/AHRPTWkRTcvnpJDUhkVYCVgu4xIBH78r7D8wp1dQEbHQ0Gg3bt0SA10fk4KPI-CuXfPpw30foXs14EvOqAhfn60g_e6Wpq_vLlKvmAM4nPsnslA1g3NcJMa435bQ_XV53KLTDQzio2v5KQ=w408-h306-k-no","false","true","/g/1tflyy__","es-419","0","-2.1361111","-79.9005556",,"Alborada Este","es","false","ChIJvUBMdmxtLZAR4UKXj_NY9UM","090508",,"Hace 5 años","2021-07-12T12:39:09.783Z",,,,,,,,,,,,,,,,,,,,,,"ChZDSUhNMG9nS0VJQ0FnSURxaWQyeFlBEAE",,,,,,,,"Google",,,"45",,,"1212","2026-08-08T17:30:22.978Z","Direct Detail URL: https://www.google.com/maps/place/Parrillada+Punta+Del+Este/@-2.2158291,-79.9617486,11.42z/data=!4m10!1m2!2m1!1sParrilla+Punta+del+Este+!3m6!1s0x902d6d6c764c40bd:0x43f558f38f9742e1!8m2!3d-2.1361111!4d-79.9005556!15sChdQYXJyaWxsYSBQdW50YSBkZWwgRXN0ZVoZIhdwYXJyaWxsYSBwdW50YSBkZWwgZXN0ZZIBBmFzYWRvcpoBI0NoWkRTVWhOTUc5blMwVkpRMEZuU1VSYU1IWlFhMVZuRUFF4AEA-gEECAAQJQ!16s%2Fg%2F1tflyy__?entry=ttu&g_ep=EgoyMDI2MDgwNS4xIKXMDSoASAFQAw%3D%3D","5",,"V37X+HQ4, Av. 2 N-E - Ing. Rodolfo Baquerizo Nazur","false","Excelente",,"Parrillada Punta Del Este","4.3",,"https://www.google.com/maps/search/?api=1&query=Parrillada%20Punta%20Del%20Este&query_place_id=ChIJvUBMdmxtLZAR4UKXj_NY9UM",
"V37X+HQ4, Av. 2 N-E - Ing. Rodolfo Baquerizo Nazur, 090508 Guayaquil, Ecuador","Parrilla","Parrilla","4896917972944634593","Guayaquil","EC","0x902d6d6c764c40bd:0x43f558f38f9742e1",,"https://lh3.googleusercontent.com/gps-cs-s/AHRPTWkRTcvnpJDUhkVYCVgu4xIBH78r7D8wp1dQEbHQ0Gg3bt0SA10fk4KPI-CuXfPpw30foXs14EvOqAhfn60g_e6Wpq_vLlKvmAM4nPsnslA1g3NcJMa435bQ_XV53KLTDQzio2v5KQ=w408-h306-k-no","false","false","/g/1tflyy__","es-419","0","-2.1361111","-79.9005556",,"Alborada Este",,"false","ChIJvUBMdmxtLZAR4UKXj_NY9UM","090508",,"Hace 5 años","2021-07-10T20:39:39.251Z",,,,,,,,,,,,,,,,,,,,,,"ChdDSUhNMG9nS0VJQ0FnSURxb1ppdm9BRRAB","https://lh3.googleusercontent.com/grass-cs/ACvplmOHT7BTSvSKskD38JJ_b7NkLdQAueeRFXbSJgkABmtBNoxGXdjOy_PuMQNJYcirykcQWQ3WGTnOCOagKfYPaXeUGKW-k0QhnzecCX54-pmYRfSUt8dHdN56IP2wlztEKMs1XIQE=k-no",,,,,,,"Google",,,"1",,,"1212","2026-08-08T17:30:22.978Z","Direct Detail URL: https://www.google.com/maps/place/Parrillada+Punta+Del+Este/@-2.2158291,-79.9617486,11.42z/data=!4m10!1m2!2m1!1sParrilla+Punta+del+Este+!3m6!1s0x902d6d6c764c40bd:0x43f558f38f9742e1!8m2!3d-2.1361111!4d-79.9005556!15sChdQYXJyaWxsYSBQdW50YSBkZWwgRXN0ZVoZIhdwYXJyaWxsYSBwdW50YSBkZWwgZXN0ZZIBBmFzYWRvcpoBI0NoWkRTVWhOTUc5blMwVkpRMEZuU1VSYU1IWlFhMVZuRUFF4AEA-gEECAAQJQ!16s%2Fg%2F1tflyy__?entry=ttu&g_ep=EgoyMDI2MDgwNS4xIKXMDSoASAFQAw%3D%3D","5",,"V37X+HQ4, Av. 2 N-E - Ing. Rodolfo Baquerizo Nazur","false",,,"Parrillada Punta Del Este","4.3",,"https://www.google.com/maps/search/?api=1&query=Parrillada%20Punta%20Del%20Este&query_place_id=ChIJvUBMdmxtLZAR4UKXj_NY9UM",
"V37X+HQ4, Av. 2 N-E - Ing. Rodolfo Baquerizo Nazur, 090508 Guayaquil, Ecuador","Parrilla","Parrilla","4896917972944634593","Guayaquil","EC","0x902d6d6c764c40bd:0x43f558f38f9742e1",,"https://lh3.googleusercontent.com/gps-cs-s/AHRPTWkRTcvnpJDUhkVYCVgu4xIBH78r7D8wp1dQEbHQ0Gg3bt0SA10fk4KPI-CuXfPpw30foXs14EvOqAhfn60g_e6Wpq_vLlKvmAM4nPsnslA1g3NcJMa435bQ_XV53KLTDQzio2v5KQ=w408-h306-k-no","false","false","/g/1tflyy__","es-419","0","-2.1361111","-79.9005556",,"Alborada Este","es","false","ChIJvUBMdmxtLZAR4UKXj_NY9UM","090508",,"Hace 5 años","2021-07-10T17:46:54.475Z",,,,,,,,,,,,,,,,,,,,,,"ChdDSUhNMG9nS0VJQ0FnSURxd2Y2cGxRRRAB",,,,,,,,"Google",,,"2",,,"1212","2026-08-08T17:30:22.978Z","Direct Detail URL: https://www.google.com/maps/place/Parrillada+Punta+Del+Este/@-2.2158291,-79.9617486,11.42z/data=!4m10!1m2!2m1!1sParrilla+Punta+del+Este+!3m6!1s0x902d6d6c764c40bd:0x43f558f38f9742e1!8m2!3d-2.1361111!4d-79.9005556!15sChdQYXJyaWxsYSBQdW50YSBkZWwgRXN0ZVoZIhdwYXJyaWxsYSBwdW50YSBkZWwgZXN0ZZIBBmFzYWRvcpoBI0NoWkRTVWhOTUc5blMwVkpRMEZuU1VSYU1IWlFhMVZuRUFF4AEA-gEECAAQJQ!16s%2Fg%2F1tflyy__?entry=ttu&g_ep=EgoyMDI2MDgwNS4xIKXMDSoASAFQAw%3D%3D","5",,"V37X+HQ4, Av. 2 N-E - Ing. Rodolfo Baquerizo Nazur","false","Atención, sabor, servicio de maravilla",,"Parrillada Punta Del Este","4.3",,"https://www.google.com/maps/search/?api=1&query=Parrillada%20Punta%20Del%20Este&query_place_id=ChIJvUBMdmxtLZAR4UKXj_NY9UM",
"V37X+HQ4, Av. 2 N-E - Ing. Rodolfo Baquerizo Nazur, 090508 Guayaquil, Ecuador","Parrilla","Parrilla","4896917972944634593","Guayaquil","EC","0x902d6d6c764c40bd:0x43f558f38f9742e1",,"https://lh3.googleusercontent.com/gps-cs-s/AHRPTWkRTcvnpJDUhkVYCVgu4xIBH78r7D8wp1dQEbHQ0Gg3bt0SA10fk4KPI-CuXfPpw30foXs14EvOqAhfn60g_e6Wpq_vLlKvmAM4nPsnslA1g3NcJMa435bQ_XV53KLTDQzio2v5KQ=w408-h306-k-no","false","false","/g/1tflyy__","es-419","0","-2.1361111","-79.9005556",,"Alborada Este",,"false","ChIJvUBMdmxtLZAR4UKXj_NY9UM","090508",,"Hace 5 años","2021-07-07T20:12:18.745Z",,,,,,,,,,,,,,,,,,,,,,"ChdDSUhNMG9nS0VJQ0FnSURxMXV6UWhBRRAB",,,,,,,,"Google",,,"2",,,"1212","2026-08-08T17:30:22.978Z","Direct Detail URL: https://www.google.com/maps/place/Parrillada+Punta+Del+Este/@-2.2158291,-79.9617486,11.42z/data=!4m10!1m2!2m1!1sParrilla+Punta+del+Este+!3m6!1s0x902d6d6c764c40bd:0x43f558f38f9742e1!8m2!3d-2.1361111!4d-79.9005556!15sChdQYXJyaWxsYSBQdW50YSBkZWwgRXN0ZVoZIhdwYXJyaWxsYSBwdW50YSBkZWwgZXN0ZZIBBmFzYWRvcpoBI0NoWkRTVWhOTUc5blMwVkpRMEZuU1VSYU1IWlFhMVZuRUFF4AEA-gEECAAQJQ!16s%2Fg%2F1tflyy__?entry=ttu&g_ep=EgoyMDI2MDgwNS4xIKXMDSoASAFQAw%3D%3D","5",,"V37X+HQ4, Av. 2 N-E - Ing. Rodolfo Baquerizo Nazur","false",,,"Parrillada Punta Del Este","4.3",,"https://www.google.com/maps/search/?api=1&query=Parrillada%20Punta%20Del%20Este&query_place_id=ChIJvUBMdmxtLZAR4UKXj_NY9UM",
"V37X+HQ4, Av. 2 N-E - Ing. Rodolfo Baquerizo Nazur, 090508 Guayaquil, Ecuador","Parrilla","Parrilla","4896917972944634593","Guayaquil","EC","0x902d6d6c764c40bd:0x43f558f38f9742e1",,"https://lh3.googleusercontent.com/gps-cs-s/AHRPTWkRTcvnpJDUhkVYCVgu4xIBH78r7D8wp1dQEbHQ0Gg3bt0SA10fk4KPI-CuXfPpw30foXs14EvOqAhfn60g_e6Wpq_vLlKvmAM4nPsnslA1g3NcJMa435bQ_XV53KLTDQzio2v5KQ=w408-h306-k-no","false","true","/g/1tflyy__","es-419","0","-2.1361111","-79.9005556",,"Alborada Este",,"false","ChIJvUBMdmxtLZAR4UKXj_NY9UM","090508",,"Hace 5 años","2021-07-04T13:48:23.283Z",,,,,,,,,,,,,,,,,,,,,,"ChdDSUhNMG9nS0VJQ0FnSURxOG9fa3hRRRAB","https://lh3.googleusercontent.com/grass-cs/ACvplmOp5rOuKldtlwfAy_W7tIC_Bmur8nUxasXSUkt7j0MYcCUpyXdPu5X7nUGhlLl2d0NzO84Oq9SUNL5ICYH0fxvSl1n6aaEPhWsybNiJYTiK9ufcsvptr80IIdL7BNbHJp3fLCnmyg=k-no","https://lh3.googleusercontent.com/grass-cs/ACvplmM3bjoaI7c_OZ1E_uhmE9H321s5uUn5ltJ9B9QMWvvzEuHMlVP8UQmcnH028gxVkZ56yQSmI1cNe_VwJAKIp1Lw6RaQylLv0qntUOqZ_VLL4oixmEQpCTX8Uo0SZ8AA2nlMmE6F=k-no","https://lh3.googleusercontent.com/grass-cs/ACvplmPMDPV4YyY6IuIC7ihS4GAefxGsjvrKAcNLOMKMuSDLgmzBojx6Ys-Q8lwCfivkPfuGM_x34J3ebFBFcUdf7dds7ugX9Gi0NSlFqt77kveGS6da1iW62DUEe_FluIPuyL3ggZLPWg=k-no","https://lh3.googleusercontent.com/grass-cs/ACvplmP7-oiQn8-qvz3dC04KgiYsKawNU-laMfHMABgRk4p2Yzdiom3-wATedo4RsMlpGKE-4iacKiGYwBFdN_9el3bTyrlSrn-njaxcRiwl6Kpuj3lieSS_r5BFX3HjQllvbr3I_2nm=k-no",,,,"Google",,,"11",,,"1212","2026-08-08T17:30:22.978Z","Direct Detail URL: https://www.google.com/maps/place/Parrillada+Punta+Del+Este/@-2.2158291,-79.9617486,11.42z/data=!4m10!1m2!2m1!1sParrilla+Punta+del+Este+!3m6!1s0x902d6d6c764c40bd:0x43f558f38f9742e1!8m2!3d-2.1361111!4d-79.9005556!15sChdQYXJyaWxsYSBQdW50YSBkZWwgRXN0ZVoZIhdwYXJyaWxsYSBwdW50YSBkZWwgZXN0ZZIBBmFzYWRvcpoBI0NoWkRTVWhOTUc5blMwVkpRMEZuU1VSYU1IWlFhMVZuRUFF4AEA-gEECAAQJQ!16s%2Fg%2F1tflyy__?entry=ttu&g_ep=EgoyMDI2MDgwNS4xIKXMDSoASAFQAw%3D%3D","5",,"V37X+HQ4, Av. 2 N-E - Ing. Rodolfo Baquerizo Nazur","false",,,"Parrillada Punta Del Este","4.3",,"https://www.google.com/maps/search/?api=1&query=Parrillada%20Punta%20Del%20Este&query_place_id=ChIJvUBMdmxtLZAR4UKXj_NY9UM",
"V37X+HQ4, Av. 2 N-E - Ing. Rodolfo Baquerizo Nazur, 090508 Guayaquil, Ecuador","Parrilla","Parrilla","4896917972944634593","Guayaquil","EC","0x902d6d6c764c40bd:0x43f558f38f9742e1",,"https://lh3.googleusercontent.com/gps-cs-s/AHRPTWkRTcvnpJDUhkVYCVgu4xIBH78r7D8wp1dQEbHQ0Gg3bt0SA10fk4KPI-CuXfPpw30foXs14EvOqAhfn60g_e6Wpq_vLlKvmAM4nPsnslA1g3NcJMa435bQ_XV53KLTDQzio2v5KQ=w408-h306-k-no","false","false","/g/1tflyy__","es-419","0","-2.1361111","-79.9005556",,"Alborada Este",,"false","ChIJvUBMdmxtLZAR4UKXj_NY9UM","090508",,"Hace 5 años","2021-06-30T02:09:11.469Z",,,,,,,,,,,,,,,,,,,,,,"ChdDSUhNMG9nS0VJQ0FnSURxMUxXTDl3RRAB",,,,,,,,"Google",,,"3",,,"1212","2026-08-08T17:30:22.978Z","Direct Detail URL: https://www.google.com/maps/place/Parrillada+Punta+Del+Este/@-2.2158291,-79.9617486,11.42z/data=!4m10!1m2!2m1!1sParrilla+Punta+del+Este+!3m6!1s0x902d6d6c764c40bd:0x43f558f38f9742e1!8m2!3d-2.1361111!4d-79.9005556!15sChdQYXJyaWxsYSBQdW50YSBkZWwgRXN0ZVoZIhdwYXJyaWxsYSBwdW50YSBkZWwgZXN0ZZIBBmFzYWRvcpoBI0NoWkRTVWhOTUc5blMwVkpRMEZuU1VSYU1IWlFhMVZuRUFF4AEA-gEECAAQJQ!16s%2Fg%2F1tflyy__?entry=ttu&g_ep=EgoyMDI2MDgwNS4xIKXMDSoASAFQAw%3D%3D","4",,"V37X+HQ4, Av. 2 N-E - Ing. Rodolfo Baquerizo Nazur","false",,,"Parrillada Punta Del Este","4.3",,"https://www.google.com/maps/search/?api=1&query=Parrillada%20Punta%20Del%20Este&query_place_id=ChIJvUBMdmxtLZAR4UKXj_NY9UM",
"V37X+HQ4, Av. 2 N-E - Ing. Rodolfo Baquerizo Nazur, 090508 Guayaquil, Ecuador","Parrilla","Parrilla","4896917972944634593","Guayaquil","EC","0x902d6d6c764c40bd:0x43f558f38f9742e1",,"https://lh3.googleusercontent.com/gps-cs-s/AHRPTWkRTcvnpJDUhkVYCVgu4xIBH78r7D8wp1dQEbHQ0Gg3bt0SA10fk4KPI-CuXfPpw30foXs14EvOqAhfn60g_e6Wpq_vLlKvmAM4nPsnslA1g3NcJMa435bQ_XV53KLTDQzio2v5KQ=w408-h306-k-no","false","false","/g/1tflyy__","es-419","0","-2.1361111","-79.9005556",,"Alborada Este",,"false","ChIJvUBMdmxtLZAR4UKXj_NY9UM","090508",,"Hace 5 años","2021-06-28T15:07:23.982Z",,,,,,,,,,,,,,,,,,,,,,"ChdDSUhNMG9nS0VJQ0FnSURxLUozVjV3RRAB",,,,,,,,"Google",,,"1",,,"1212","2026-08-08T17:30:22.978Z","Direct Detail URL: https://www.google.com/maps/place/Parrillada+Punta+Del+Este/@-2.2158291,-79.9617486,11.42z/data=!4m10!1m2!2m1!1sParrilla+Punta+del+Este+!3m6!1s0x902d6d6c764c40bd:0x43f558f38f9742e1!8m2!3d-2.1361111!4d-79.9005556!15sChdQYXJyaWxsYSBQdW50YSBkZWwgRXN0ZVoZIhdwYXJyaWxsYSBwdW50YSBkZWwgZXN0ZZIBBmFzYWRvcpoBI0NoWkRTVWhOTUc5blMwVkpRMEZuU1VSYU1IWlFhMVZuRUFF4AEA-gEECAAQJQ!16s%2Fg%2F1tflyy__?entry=ttu&g_ep=EgoyMDI2MDgwNS4xIKXMDSoASAFQAw%3D%3D","4",,"V37X+HQ4, Av. 2 N-E - Ing. Rodolfo Baquerizo Nazur","false",,,"Parrillada Punta Del Este","4.3",,"https://www.google.com/maps/search/?api=1&query=Parrillada%20Punta%20Del%20Este&query_place_id=ChIJvUBMdmxtLZAR4UKXj_NY9UM",
"V37X+HQ4, Av. 2 N-E - Ing. Rodolfo Baquerizo Nazur, 090508 Guayaquil, Ecuador","Parrilla","Parrilla","4896917972944634593","Guayaquil","EC","0x902d6d6c764c40bd:0x43f558f38f9742e1",,"https://lh3.googleusercontent.com/gps-cs-s/AHRPTWkRTcvnpJDUhkVYCVgu4xIBH78r7D8wp1dQEbHQ0Gg3bt0SA10fk4KPI-CuXfPpw30foXs14EvOqAhfn60g_e6Wpq_vLlKvmAM4nPsnslA1g3NcJMa435bQ_XV53KLTDQzio2v5KQ=w408-h306-k-no","false","true","/g/1tflyy__","es-419","0","-2.1361111","-79.9005556",,"Alborada Este","es","false","ChIJvUBMdmxtLZAR4UKXj_NY9UM","090508",,"Hace 5 años","2021-06-26T14:36:21.400Z",,,,,,,,,,,,,,,,,,,,,,"ChZDSUhNMG9nS0VJQ0FnSURxOExlWUhBEAE",,,,,,,,"Google",,,"15",,,"1212","2026-08-08T17:30:22.978Z","Direct Detail URL: https://www.google.com/maps/place/Parrillada+Punta+Del+Este/@-2.2158291,-79.9617486,11.42z/data=!4m10!1m2!2m1!1sParrilla+Punta+del+Este+!3m6!1s0x902d6d6c764c40bd:0x43f558f38f9742e1!8m2!3d-2.1361111!4d-79.9005556!15sChdQYXJyaWxsYSBQdW50YSBkZWwgRXN0ZVoZIhdwYXJyaWxsYSBwdW50YSBkZWwgZXN0ZZIBBmFzYWRvcpoBI0NoWkRTVWhOTUc5blMwVkpRMEZuU1VSYU1IWlFhMVZuRUFF4AEA-gEECAAQJQ!16s%2Fg%2F1tflyy__?entry=ttu&g_ep=EgoyMDI2MDgwNS4xIKXMDSoASAFQAw%3D%3D","5",,"V37X+HQ4, Av. 2 N-E - Ing. Rodolfo Baquerizo Nazur","false","Sabroso",,"Parrillada Punta Del Este","4.3",,"https://www.google.com/maps/search/?api=1&query=Parrillada%20Punta%20Del%20Este&query_place_id=ChIJvUBMdmxtLZAR4UKXj_NY9UM",
"V37X+HQ4, Av. 2 N-E - Ing. Rodolfo Baquerizo Nazur, 090508 Guayaquil, Ecuador","Parrilla","Parrilla","4896917972944634593","Guayaquil","EC","0x902d6d6c764c40bd:0x43f558f38f9742e1",,"https://lh3.googleusercontent.com/gps-cs-s/AHRPTWkRTcvnpJDUhkVYCVgu4xIBH78r7D8wp1dQEbHQ0Gg3bt0SA10fk4KPI-CuXfPpw30foXs14EvOqAhfn60g_e6Wpq_vLlKvmAM4nPsnslA1g3NcJMa435bQ_XV53KLTDQzio2v5KQ=w408-h306-k-no","false","false","/g/1tflyy__","es-419","0","-2.1361111","-79.9005556",,"Alborada Este",,"false","ChIJvUBMdmxtLZAR4UKXj_NY9UM","090508",,"Hace 5 años","2021-06-23T02:38:20.458Z",,,,,,,,,,,,,,,,,,,,,,"ChZDSUhNMG9nS0VJQ0FnSUNxel8ySVBBEAE",,,,,,,,"Google",,,"0",,,"1212","2026-08-08T17:30:22.978Z","Direct Detail URL: https://www.google.com/maps/place/Parrillada+Punta+Del+Este/@-2.2158291,-79.9617486,11.42z/data=!4m10!1m2!2m1!1sParrilla+Punta+del+Este+!3m6!1s0x902d6d6c764c40bd:0x43f558f38f9742e1!8m2!3d-2.1361111!4d-79.9005556!15sChdQYXJyaWxsYSBQdW50YSBkZWwgRXN0ZVoZIhdwYXJyaWxsYSBwdW50YSBkZWwgZXN0ZZIBBmFzYWRvcpoBI0NoWkRTVWhOTUc5blMwVkpRMEZuU1VSYU1IWlFhMVZuRUFF4AEA-gEECAAQJQ!16s%2Fg%2F1tflyy__?entry=ttu&g_ep=EgoyMDI2MDgwNS4xIKXMDSoASAFQAw%3D%3D","5",,"V37X+HQ4, Av. 2 N-E - Ing. Rodolfo Baquerizo Nazur","false",,,"Parrillada Punta Del Este","4.3",,"https://www.google.com/maps/search/?api=1&query=Parrillada%20Punta%20Del%20Este&query_place_id=ChIJvUBMdmxtLZAR4UKXj_NY9UM",
"V37X+HQ4, Av. 2 N-E - Ing. Rodolfo Baquerizo Nazur, 090508 Guayaquil, Ecuador","Parrilla","Parrilla","4896917972944634593","Guayaquil","EC","0x902d6d6c764c40bd:0x43f558f38f9742e1",,"https://lh3.googleusercontent.com/gps-cs-s/AHRPTWkRTcvnpJDUhkVYCVgu4xIBH78r7D8wp1dQEbHQ0Gg3bt0SA10fk4KPI-CuXfPpw30foXs14EvOqAhfn60g_e6Wpq_vLlKvmAM4nPsnslA1g3NcJMa435bQ_XV53KLTDQzio2v5KQ=w408-h306-k-no","false","true","/g/1tflyy__","es-419","0","-2.1361111","-79.9005556",,"Alborada Este",,"false","ChIJvUBMdmxtLZAR4UKXj_NY9UM","090508",,"Hace 5 años","2021-06-22T23:57:21.563Z",,,,,,,,,,,,,,,,,,,,,,"ChdDSUhNMG9nS0VJQ0FnSUNxejdhLXdBRRAB",,,,,,,,"Google",,,"36",,,"1212","2026-08-08T17:30:22.978Z","Direct Detail URL: https://www.google.com/maps/place/Parrillada+Punta+Del+Este/@-2.2158291,-79.9617486,11.42z/data=!4m10!1m2!2m1!1sParrilla+Punta+del+Este+!3m6!1s0x902d6d6c764c40bd:0x43f558f38f9742e1!8m2!3d-2.1361111!4d-79.9005556!15sChdQYXJyaWxsYSBQdW50YSBkZWwgRXN0ZVoZIhdwYXJyaWxsYSBwdW50YSBkZWwgZXN0ZZIBBmFzYWRvcpoBI0NoWkRTVWhOTUc5blMwVkpRMEZuU1VSYU1IWlFhMVZuRUFF4AEA-gEECAAQJQ!16s%2Fg%2F1tflyy__?entry=ttu&g_ep=EgoyMDI2MDgwNS4xIKXMDSoASAFQAw%3D%3D","5",,"V37X+HQ4, Av. 2 N-E - Ing. Rodolfo Baquerizo Nazur","false",,,"Parrillada Punta Del Este","4.3",,"https://www.google.com/maps/search/?api=1&query=Parrillada%20Punta%20Del%20Este&query_place_id=ChIJvUBMdmxtLZAR4UKXj_NY9UM",
"V37X+HQ4, Av. 2 N-E - Ing. Rodolfo Baquerizo Nazur, 090508 Guayaquil, Ecuador","Parrilla","Parrilla","4896917972944634593","Guayaquil","EC","0x902d6d6c764c40bd:0x43f558f38f9742e1",,"https://lh3.googleusercontent.com/gps-cs-s/AHRPTWkRTcvnpJDUhkVYCVgu4xIBH78r7D8wp1dQEbHQ0Gg3bt0SA10fk4KPI-CuXfPpw30foXs14EvOqAhfn60g_e6Wpq_vLlKvmAM4nPsnslA1g3NcJMa435bQ_XV53KLTDQzio2v5KQ=w408-h306-k-no","false","false","/g/1tflyy__","es-419","0","-2.1361111","-79.9005556",,"Alborada Este",,"false","ChIJvUBMdmxtLZAR4UKXj_NY9UM","090508",,"Hace 5 años","2021-06-22T16:16:08.589Z",,,,,,,,,,,,,,,,,,,,,,"ChZDSUhNMG9nS0VJQ0FnSUNxajdEc0tBEAE",,,,,,,,"Google",,,"0",,,"1212","2026-08-08T17:30:22.978Z","Direct Detail URL: https://www.google.com/maps/place/Parrillada+Punta+Del+Este/@-2.2158291,-79.9617486,11.42z/data=!4m10!1m2!2m1!1sParrilla+Punta+del+Este+!3m6!1s0x902d6d6c764c40bd:0x43f558f38f9742e1!8m2!3d-2.1361111!4d-79.9005556!15sChdQYXJyaWxsYSBQdW50YSBkZWwgRXN0ZVoZIhdwYXJyaWxsYSBwdW50YSBkZWwgZXN0ZZIBBmFzYWRvcpoBI0NoWkRTVWhOTUc5blMwVkpRMEZuU1VSYU1IWlFhMVZuRUFF4AEA-gEECAAQJQ!16s%2Fg%2F1tflyy__?entry=ttu&g_ep=EgoyMDI2MDgwNS4xIKXMDSoASAFQAw%3D%3D","5",,"V37X+HQ4, Av. 2 N-E - Ing. Rodolfo Baquerizo Nazur","false",,,"Parrillada Punta Del Este","4.3",,"https://www.google.com/maps/search/?api=1&query=Parrillada%20Punta%20Del%20Este&query_place_id=ChIJvUBMdmxtLZAR4UKXj_NY9UM",
"V37X+HQ4, Av. 2 N-E - Ing. Rodolfo Baquerizo Nazur, 090508 Guayaquil, Ecuador","Parrilla","Parrilla","4896917972944634593","Guayaquil","EC","0x902d6d6c764c40bd:0x43f558f38f9742e1",,"https://lh3.googleusercontent.com/gps-cs-s/AHRPTWkRTcvnpJDUhkVYCVgu4xIBH78r7D8wp1dQEbHQ0Gg3bt0SA10fk4KPI-CuXfPpw30foXs14EvOqAhfn60g_e6Wpq_vLlKvmAM4nPsnslA1g3NcJMa435bQ_XV53KLTDQzio2v5KQ=w408-h306-k-no","false","false","/g/1tflyy__","es-419","0","-2.1361111","-79.9005556",,"Alborada Este","es","false","ChIJvUBMdmxtLZAR4UKXj_NY9UM","090508",,"Hace 5 años","2021-06-21T23:27:10.196Z",,,,,,,,,,,,,,,,,,,,,,"ChdDSUhNMG9nS0VJQ0FnSUNxMS1hTS13RRAB",,,,,,,,"Google",,,"2",,,"1212","2026-08-08T17:30:22.978Z","Direct Detail URL: https://www.google.com/maps/place/Parrillada+Punta+Del+Este/@-2.2158291,-79.9617486,11.42z/data=!4m10!1m2!2m1!1sParrilla+Punta+del+Este+!3m6!1s0x902d6d6c764c40bd:0x43f558f38f9742e1!8m2!3d-2.1361111!4d-79.9005556!15sChdQYXJyaWxsYSBQdW50YSBkZWwgRXN0ZVoZIhdwYXJyaWxsYSBwdW50YSBkZWwgZXN0ZZIBBmFzYWRvcpoBI0NoWkRTVWhOTUc5blMwVkpRMEZuU1VSYU1IWlFhMVZuRUFF4AEA-gEECAAQJQ!16s%2Fg%2F1tflyy__?entry=ttu&g_ep=EgoyMDI2MDgwNS4xIKXMDSoASAFQAw%3D%3D","5",,"V37X+HQ4, Av. 2 N-E - Ing. Rodolfo Baquerizo Nazur","false","Excelente",,"Parrillada Punta Del Este","4.3",,"https://www.google.com/maps/search/?api=1&query=Parrillada%20Punta%20Del%20Este&query_place_id=ChIJvUBMdmxtLZAR4UKXj_NY9UM",
"V37X+HQ4, Av. 2 N-E - Ing. Rodolfo Baquerizo Nazur, 090508 Guayaquil, Ecuador","Parrilla","Parrilla","4896917972944634593","Guayaquil","EC","0x902d6d6c764c40bd:0x43f558f38f9742e1",,"https://lh3.googleusercontent.com/gps-cs-s/AHRPTWkRTcvnpJDUhkVYCVgu4xIBH78r7D8wp1dQEbHQ0Gg3bt0SA10fk4KPI-CuXfPpw30foXs14EvOqAhfn60g_e6Wpq_vLlKvmAM4nPsnslA1g3NcJMa435bQ_XV53KLTDQzio2v5KQ=w408-h306-k-no","false","false","/g/1tflyy__","es-419","0","-2.1361111","-79.9005556",,"Alborada Este","es","false","ChIJvUBMdmxtLZAR4UKXj_NY9UM","090508",,"Hace 5 años","2021-06-21T04:23:55.847Z",,,,,,,,,,,,,,,,,,,,,,"ChdDSUhNMG9nS0VJQ0FnSUNxeC0tZnZnRRAB",,,,,,,,"Google",,,"6",,,"1212","2026-08-08T17:30:22.978Z","Direct Detail URL: https://www.google.com/maps/place/Parrillada+Punta+Del+Este/@-2.2158291,-79.9617486,11.42z/data=!4m10!1m2!2m1!1sParrilla+Punta+del+Este+!3m6!1s0x902d6d6c764c40bd:0x43f558f38f9742e1!8m2!3d-2.1361111!4d-79.9005556!15sChdQYXJyaWxsYSBQdW50YSBkZWwgRXN0ZVoZIhdwYXJyaWxsYSBwdW50YSBkZWwgZXN0ZZIBBmFzYWRvcpoBI0NoWkRTVWhOTUc5blMwVkpRMEZuU1VSYU1IWlFhMVZuRUFF4AEA-gEECAAQJQ!16s%2Fg%2F1tflyy__?entry=ttu&g_ep=EgoyMDI2MDgwNS4xIKXMDSoASAFQAw%3D%3D","5",,"V37X+HQ4, Av. 2 N-E - Ing. Rodolfo Baquerizo Nazur","false","Muy bien exelente atencion",,"Parrillada Punta Del Este","4.3",,"https://www.google.com/maps/search/?api=1&query=Parrillada%20Punta%20Del%20Este&query_place_id=ChIJvUBMdmxtLZAR4UKXj_NY9UM",
"V37X+HQ4, Av. 2 N-E - Ing. Rodolfo Baquerizo Nazur, 090508 Guayaquil, Ecuador","Parrilla","Parrilla","4896917972944634593","Guayaquil","EC","0x902d6d6c764c40bd:0x43f558f38f9742e1",,"https://lh3.googleusercontent.com/gps-cs-s/AHRPTWkRTcvnpJDUhkVYCVgu4xIBH78r7D8wp1dQEbHQ0Gg3bt0SA10fk4KPI-CuXfPpw30foXs14EvOqAhfn60g_e6Wpq_vLlKvmAM4nPsnslA1g3NcJMa435bQ_XV53KLTDQzio2v5KQ=w408-h306-k-no","false","true","/g/1tflyy__","es-419","0","-2.1361111","-79.9005556",,"Alborada Este",,"false","ChIJvUBMdmxtLZAR4UKXj_NY9UM","090508",,"Hace 5 años","2021-06-20T23:14:00.334Z",,,,,,,,,,,,,,,,,,,,,,"ChZDSUhNMG9nS0VJQ0FnSUNxeDlxN0dnEAE",,,,,,,,"Google",,,"2",,,"1212","2026-08-08T17:30:22.978Z","Direct Detail URL: https://www.google.com/maps/place/Parrillada+Punta+Del+Este/@-2.2158291,-79.9617486,11.42z/data=!4m10!1m2!2m1!1sParrilla+Punta+del+Este+!3m6!1s0x902d6d6c764c40bd:0x43f558f38f9742e1!8m2!3d-2.1361111!4d-79.9005556!15sChdQYXJyaWxsYSBQdW50YSBkZWwgRXN0ZVoZIhdwYXJyaWxsYSBwdW50YSBkZWwgZXN0ZZIBBmFzYWRvcpoBI0NoWkRTVWhOTUc5blMwVkpRMEZuU1VSYU1IWlFhMVZuRUFF4AEA-gEECAAQJQ!16s%2Fg%2F1tflyy__?entry=ttu&g_ep=EgoyMDI2MDgwNS4xIKXMDSoASAFQAw%3D%3D","5",,"V37X+HQ4, Av. 2 N-E - Ing. Rodolfo Baquerizo Nazur","false",,,"Parrillada Punta Del Este","4.3",,"https://www.google.com/maps/search/?api=1&query=Parrillada%20Punta%20Del%20Este&query_place_id=ChIJvUBMdmxtLZAR4UKXj_NY9UM",
"V37X+HQ4, Av. 2 N-E - Ing. Rodolfo Baquerizo Nazur, 090508 Guayaquil, Ecuador","Parrilla","Parrilla","4896917972944634593","Guayaquil","EC","0x902d6d6c764c40bd:0x43f558f38f9742e1",,"https://lh3.googleusercontent.com/gps-cs-s/AHRPTWkRTcvnpJDUhkVYCVgu4xIBH78r7D8wp1dQEbHQ0Gg3bt0SA10fk4KPI-CuXfPpw30foXs14EvOqAhfn60g_e6Wpq_vLlKvmAM4nPsnslA1g3NcJMa435bQ_XV53KLTDQzio2v5KQ=w408-h306-k-no","false","true","/g/1tflyy__","es-419","0","-2.1361111","-79.9005556",,"Alborada Este",,"false","ChIJvUBMdmxtLZAR4UKXj_NY9UM","090508",,"Hace 5 años","2021-06-18T15:32:10.556Z",,,,,,,,,,,,,,,,,,,,,,"ChdDSUhNMG9nS0VJQ0FnSUNxaTZIYWdRRRAB",,,,,,,,"Google",,,"74",,,"1212","2026-08-08T17:30:22.978Z","Direct Detail URL: https://www.google.com/maps/place/Parrillada+Punta+Del+Este/@-2.2158291,-79.9617486,11.42z/data=!4m10!1m2!2m1!1sParrilla+Punta+del+Este+!3m6!1s0x902d6d6c764c40bd:0x43f558f38f9742e1!8m2!3d-2.1361111!4d-79.9005556!15sChdQYXJyaWxsYSBQdW50YSBkZWwgRXN0ZVoZIhdwYXJyaWxsYSBwdW50YSBkZWwgZXN0ZZIBBmFzYWRvcpoBI0NoWkRTVWhOTUc5blMwVkpRMEZuU1VSYU1IWlFhMVZuRUFF4AEA-gEECAAQJQ!16s%2Fg%2F1tflyy__?entry=ttu&g_ep=EgoyMDI2MDgwNS4xIKXMDSoASAFQAw%3D%3D","5",,"V37X+HQ4, Av. 2 N-E - Ing. Rodolfo Baquerizo Nazur","false",,,"Parrillada Punta Del Este","4.3",,"https://www.google.com/maps/search/?api=1&query=Parrillada%20Punta%20Del%20Este&query_place_id=ChIJvUBMdmxtLZAR4UKXj_NY9UM",
"V37X+HQ4, Av. 2 N-E - Ing. Rodolfo Baquerizo Nazur, 090508 Guayaquil, Ecuador","Parrilla","Parrilla","4896917972944634593","Guayaquil","EC","0x902d6d6c764c40bd:0x43f558f38f9742e1",,"https://lh3.googleusercontent.com/gps-cs-s/AHRPTWkRTcvnpJDUhkVYCVgu4xIBH78r7D8wp1dQEbHQ0Gg3bt0SA10fk4KPI-CuXfPpw30foXs14EvOqAhfn60g_e6Wpq_vLlKvmAM4nPsnslA1g3NcJMa435bQ_XV53KLTDQzio2v5KQ=w408-h306-k-no","false","false","/g/1tflyy__","es-419","0","-2.1361111","-79.9005556",,"Alborada Este",,"false","ChIJvUBMdmxtLZAR4UKXj_NY9UM","090508",,"Hace 5 años","2021-06-17T16:53:09.905Z",,,,,,,,,,,,,,,,,,,,,,"ChZDSUhNMG9nS0VJQ0FnSUNxazhYOVhBEAE",,,,,,,,"Google",,,"11",,,"1212","2026-08-08T17:30:22.978Z","Direct Detail URL: https://www.google.com/maps/place/Parrillada+Punta+Del+Este/@-2.2158291,-79.9617486,11.42z/data=!4m10!1m2!2m1!1sParrilla+Punta+del+Este+!3m6!1s0x902d6d6c764c40bd:0x43f558f38f9742e1!8m2!3d-2.1361111!4d-79.9005556!15sChdQYXJyaWxsYSBQdW50YSBkZWwgRXN0ZVoZIhdwYXJyaWxsYSBwdW50YSBkZWwgZXN0ZZIBBmFzYWRvcpoBI0NoWkRTVWhOTUc5blMwVkpRMEZuU1VSYU1IWlFhMVZuRUFF4AEA-gEECAAQJQ!16s%2Fg%2F1tflyy__?entry=ttu&g_ep=EgoyMDI2MDgwNS4xIKXMDSoASAFQAw%3D%3D","4",,"V37X+HQ4, Av. 2 N-E - Ing. Rodolfo Baquerizo Nazur","false",,,"Parrillada Punta Del Este","4.3",,"https://www.google.com/maps/search/?api=1&query=Parrillada%20Punta%20Del%20Este&query_place_id=ChIJvUBMdmxtLZAR4UKXj_NY9UM",
"V37X+HQ4, Av. 2 N-E - Ing. Rodolfo Baquerizo Nazur, 090508 Guayaquil, Ecuador","Parrilla","Parrilla","4896917972944634593","Guayaquil","EC","0x902d6d6c764c40bd:0x43f558f38f9742e1",,"https://lh3.googleusercontent.com/gps-cs-s/AHRPTWkRTcvnpJDUhkVYCVgu4xIBH78r7D8wp1dQEbHQ0Gg3bt0SA10fk4KPI-CuXfPpw30foXs14EvOqAhfn60g_e6Wpq_vLlKvmAM4nPsnslA1g3NcJMa435bQ_XV53KLTDQzio2v5KQ=w408-h306-k-no","false","true","/g/1tflyy__","es-419","0","-2.1361111","-79.9005556",,"Alborada Este",,"false","ChIJvUBMdmxtLZAR4UKXj_NY9UM","090508",,"Hace 5 años","2021-06-16T21:04:14.210Z",,,,,,,,,,,,,,,,,,,,,,"ChdDSUhNMG9nS0VJQ0FnSUNxdzRMSXF3RRAB",,,,,,,,"Google",,,"35",,,"1212","2026-08-08T17:30:22.978Z","Direct Detail URL: https://www.google.com/maps/place/Parrillada+Punta+Del+Este/@-2.2158291,-79.9617486,11.42z/data=!4m10!1m2!2m1!1sParrilla+Punta+del+Este+!3m6!1s0x902d6d6c764c40bd:0x43f558f38f9742e1!8m2!3d-2.1361111!4d-79.9005556!15sChdQYXJyaWxsYSBQdW50YSBkZWwgRXN0ZVoZIhdwYXJyaWxsYSBwdW50YSBkZWwgZXN0ZZIBBmFzYWRvcpoBI0NoWkRTVWhOTUc5blMwVkpRMEZuU1VSYU1IWlFhMVZuRUFF4AEA-gEECAAQJQ!16s%2Fg%2F1tflyy__?entry=ttu&g_ep=EgoyMDI2MDgwNS4xIKXMDSoASAFQAw%3D%3D","3",,"V37X+HQ4, Av. 2 N-E - Ing. Rodolfo Baquerizo Nazur","false",,,"Parrillada Punta Del Este","4.3",,"https://www.google.com/maps/search/?api=1&query=Parrillada%20Punta%20Del%20Este&query_place_id=ChIJvUBMdmxtLZAR4UKXj_NY9UM",
"V37X+HQ4, Av. 2 N-E - Ing. Rodolfo Baquerizo Nazur, 090508 Guayaquil, Ecuador","Parrilla","Parrilla","4896917972944634593","Guayaquil","EC","0x902d6d6c764c40bd:0x43f558f38f9742e1",,"https://lh3.googleusercontent.com/gps-cs-s/AHRPTWkRTcvnpJDUhkVYCVgu4xIBH78r7D8wp1dQEbHQ0Gg3bt0SA10fk4KPI-CuXfPpw30foXs14EvOqAhfn60g_e6Wpq_vLlKvmAM4nPsnslA1g3NcJMa435bQ_XV53KLTDQzio2v5KQ=w408-h306-k-no","false","false","/g/1tflyy__","es-419","0","-2.1361111","-79.9005556",,"Alborada Este",,"false","ChIJvUBMdmxtLZAR4UKXj_NY9UM","090508",,"Hace 5 años","2021-06-13T02:35:00.054Z",,,,,,,,,,,,,,,,,,,,,,"ChZDSUhNMG9nS0VJQ0FnSUNxeGRuWUh3EAE",,,,,,,,"Google",,,"14",,,"1212","2026-08-08T17:30:22.978Z","Direct Detail URL: https://www.google.com/maps/place/Parrillada+Punta+Del+Este/@-2.2158291,-79.9617486,11.42z/data=!4m10!1m2!2m1!1sParrilla+Punta+del+Este+!3m6!1s0x902d6d6c764c40bd:0x43f558f38f9742e1!8m2!3d-2.1361111!4d-79.9005556!15sChdQYXJyaWxsYSBQdW50YSBkZWwgRXN0ZVoZIhdwYXJyaWxsYSBwdW50YSBkZWwgZXN0ZZIBBmFzYWRvcpoBI0NoWkRTVWhOTUc5blMwVkpRMEZuU1VSYU1IWlFhMVZuRUFF4AEA-gEECAAQJQ!16s%2Fg%2F1tflyy__?entry=ttu&g_ep=EgoyMDI2MDgwNS4xIKXMDSoASAFQAw%3D%3D","5",,"V37X+HQ4, Av. 2 N-E - Ing. Rodolfo Baquerizo Nazur","false",,,"Parrillada Punta Del Este","4.3",,"https://www.google.com/maps/search/?api=1&query=Parrillada%20Punta%20Del%20Este&query_place_id=ChIJvUBMdmxtLZAR4UKXj_NY9UM",
"V37X+HQ4, Av. 2 N-E - Ing. Rodolfo Baquerizo Nazur, 090508 Guayaquil, Ecuador","Parrilla","Parrilla","4896917972944634593","Guayaquil","EC","0x902d6d6c764c40bd:0x43f558f38f9742e1",,"https://lh3.googleusercontent.com/gps-cs-s/AHRPTWkRTcvnpJDUhkVYCVgu4xIBH78r7D8wp1dQEbHQ0Gg3bt0SA10fk4KPI-CuXfPpw30foXs14EvOqAhfn60g_e6Wpq_vLlKvmAM4nPsnslA1g3NcJMa435bQ_XV53KLTDQzio2v5KQ=w408-h306-k-no","false","true","/g/1tflyy__","es-419","0","-2.1361111","-79.9005556",,"Alborada Este","es","false","ChIJvUBMdmxtLZAR4UKXj_NY9UM","090508",,"Hace 5 años","2021-06-11T02:08:41.987Z",,,,,,,,,,,,,,,,,,,,,,"ChdDSUhNMG9nS0VJQ0FnSUNxeWZYOXpRRRAB",,,,,,,,"Google",,,"46",,,"1212","2026-08-08T17:30:22.978Z","Direct Detail URL: https://www.google.com/maps/place/Parrillada+Punta+Del+Este/@-2.2158291,-79.9617486,11.42z/data=!4m10!1m2!2m1!1sParrilla+Punta+del+Este+!3m6!1s0x902d6d6c764c40bd:0x43f558f38f9742e1!8m2!3d-2.1361111!4d-79.9005556!15sChdQYXJyaWxsYSBQdW50YSBkZWwgRXN0ZVoZIhdwYXJyaWxsYSBwdW50YSBkZWwgZXN0ZZIBBmFzYWRvcpoBI0NoWkRTVWhOTUc5blMwVkpRMEZuU1VSYU1IWlFhMVZuRUFF4AEA-gEECAAQJQ!16s%2Fg%2F1tflyy__?entry=ttu&g_ep=EgoyMDI2MDgwNS4xIKXMDSoASAFQAw%3D%3D","5",,"V37X+HQ4, Av. 2 N-E - Ing. Rodolfo Baquerizo Nazur","false","Excelentes Parrilladas para compartir en familia y amigos",,"Parrillada Punta Del Este","4.3",,"https://www.google.com/maps/search/?api=1&query=Parrillada%20Punta%20Del%20Este&query_place_id=ChIJvUBMdmxtLZAR4UKXj_NY9UM",
"V37X+HQ4, Av. 2 N-E - Ing. Rodolfo Baquerizo Nazur, 090508 Guayaquil, Ecuador","Parrilla","Parrilla","4896917972944634593","Guayaquil","EC","0x902d6d6c764c40bd:0x43f558f38f9742e1",,"https://lh3.googleusercontent.com/gps-cs-s/AHRPTWkRTcvnpJDUhkVYCVgu4xIBH78r7D8wp1dQEbHQ0Gg3bt0SA10fk4KPI-CuXfPpw30foXs14EvOqAhfn60g_e6Wpq_vLlKvmAM4nPsnslA1g3NcJMa435bQ_XV53KLTDQzio2v5KQ=w408-h306-k-no","false","false","/g/1tflyy__","es-419","0","-2.1361111","-79.9005556",,"Alborada Este",,"false","ChIJvUBMdmxtLZAR4UKXj_NY9UM","090508",,"Hace 5 años","2021-06-10T19:44:15.257Z",,,,,,,,,,,,,,,,,,,,,,"ChdDSUhNMG9nS0VJQ0FnSUNxaWYyajBRRRAB",,,,,,,,"Google",,,"0",,,"1212","2026-08-08T17:30:22.978Z","Direct Detail URL: https://www.google.com/maps/place/Parrillada+Punta+Del+Este/@-2.2158291,-79.9617486,11.42z/data=!4m10!1m2!2m1!1sParrilla+Punta+del+Este+!3m6!1s0x902d6d6c764c40bd:0x43f558f38f9742e1!8m2!3d-2.1361111!4d-79.9005556!15sChdQYXJyaWxsYSBQdW50YSBkZWwgRXN0ZVoZIhdwYXJyaWxsYSBwdW50YSBkZWwgZXN0ZZIBBmFzYWRvcpoBI0NoWkRTVWhOTUc5blMwVkpRMEZuU1VSYU1IWlFhMVZuRUFF4AEA-gEECAAQJQ!16s%2Fg%2F1tflyy__?entry=ttu&g_ep=EgoyMDI2MDgwNS4xIKXMDSoASAFQAw%3D%3D","5",,"V37X+HQ4, Av. 2 N-E - Ing. Rodolfo Baquerizo Nazur","false",,,"Parrillada Punta Del Este","4.3",,"https://www.google.com/maps/search/?api=1&query=Parrillada%20Punta%20Del%20Este&query_place_id=ChIJvUBMdmxtLZAR4UKXj_NY9UM",
"V37X+HQ4, Av. 2 N-E - Ing. Rodolfo Baquerizo Nazur, 090508 Guayaquil, Ecuador","Parrilla","Parrilla","4896917972944634593","Guayaquil","EC","0x902d6d6c764c40bd:0x43f558f38f9742e1",,"https://lh3.googleusercontent.com/gps-cs-s/AHRPTWkRTcvnpJDUhkVYCVgu4xIBH78r7D8wp1dQEbHQ0Gg3bt0SA10fk4KPI-CuXfPpw30foXs14EvOqAhfn60g_e6Wpq_vLlKvmAM4nPsnslA1g3NcJMa435bQ_XV53KLTDQzio2v5KQ=w408-h306-k-no","false","true","/g/1tflyy__","es-419","0","-2.1361111","-79.9005556",,"Alborada Este",,"false","ChIJvUBMdmxtLZAR4UKXj_NY9UM","090508",,"Hace 5 años","2021-06-08T04:08:18.071Z",,,,,,,,,,,,,,,,,,,,,,"ChZDSUhNMG9nS0VJQ0FnSUNxM3RlZmRBEAE",,,,,,,,"Google",,,"6",,,"1212","2026-08-08T17:30:22.978Z","Direct Detail URL: https://www.google.com/maps/place/Parrillada+Punta+Del+Este/@-2.2158291,-79.9617486,11.42z/data=!4m10!1m2!2m1!1sParrilla+Punta+del+Este+!3m6!1s0x902d6d6c764c40bd:0x43f558f38f9742e1!8m2!3d-2.1361111!4d-79.9005556!15sChdQYXJyaWxsYSBQdW50YSBkZWwgRXN0ZVoZIhdwYXJyaWxsYSBwdW50YSBkZWwgZXN0ZZIBBmFzYWRvcpoBI0NoWkRTVWhOTUc5blMwVkpRMEZuU1VSYU1IWlFhMVZuRUFF4AEA-gEECAAQJQ!16s%2Fg%2F1tflyy__?entry=ttu&g_ep=EgoyMDI2MDgwNS4xIKXMDSoASAFQAw%3D%3D","5",,"V37X+HQ4, Av. 2 N-E - Ing. Rodolfo Baquerizo Nazur","false",,,"Parrillada Punta Del Este","4.3",,"https://www.google.com/maps/search/?api=1&query=Parrillada%20Punta%20Del%20Este&query_place_id=ChIJvUBMdmxtLZAR4UKXj_NY9UM",
"V37X+HQ4, Av. 2 N-E - Ing. Rodolfo Baquerizo Nazur, 090508 Guayaquil, Ecuador","Parrilla","Parrilla","4896917972944634593","Guayaquil","EC","0x902d6d6c764c40bd:0x43f558f38f9742e1",,"https://lh3.googleusercontent.com/gps-cs-s/AHRPTWkRTcvnpJDUhkVYCVgu4xIBH78r7D8wp1dQEbHQ0Gg3bt0SA10fk4KPI-CuXfPpw30foXs14EvOqAhfn60g_e6Wpq_vLlKvmAM4nPsnslA1g3NcJMa435bQ_XV53KLTDQzio2v5KQ=w408-h306-k-no","false","true","/g/1tflyy__","es-419","0","-2.1361111","-79.9005556",,"Alborada Este",,"false","ChIJvUBMdmxtLZAR4UKXj_NY9UM","090508",,"Hace 5 años","2021-06-07T02:03:52.541Z",,,,,,,,,,,,,,,,,,,,,,"ChdDSUhNMG9nS0VJQ0FnSUNxenNldG5RRRAB",,,,,,,,"Google",,,"49",,,"1212","2026-08-08T17:30:22.978Z","Direct Detail URL: https://www.google.com/maps/place/Parrillada+Punta+Del+Este/@-2.2158291,-79.9617486,11.42z/data=!4m10!1m2!2m1!1sParrilla+Punta+del+Este+!3m6!1s0x902d6d6c764c40bd:0x43f558f38f9742e1!8m2!3d-2.1361111!4d-79.9005556!15sChdQYXJyaWxsYSBQdW50YSBkZWwgRXN0ZVoZIhdwYXJyaWxsYSBwdW50YSBkZWwgZXN0ZZIBBmFzYWRvcpoBI0NoWkRTVWhOTUc5blMwVkpRMEZuU1VSYU1IWlFhMVZuRUFF4AEA-gEECAAQJQ!16s%2Fg%2F1tflyy__?entry=ttu&g_ep=EgoyMDI2MDgwNS4xIKXMDSoASAFQAw%3D%3D","5",,"V37X+HQ4, Av. 2 N-E - Ing. Rodolfo Baquerizo Nazur","false",,,"Parrillada Punta Del Este","4.3",,"https://www.google.com/maps/search/?api=1&query=Parrillada%20Punta%20Del%20Este&query_place_id=ChIJvUBMdmxtLZAR4UKXj_NY9UM",
"V37X+HQ4, Av. 2 N-E - Ing. Rodolfo Baquerizo Nazur, 090508 Guayaquil, Ecuador","Parrilla","Parrilla","4896917972944634593","Guayaquil","EC","0x902d6d6c764c40bd:0x43f558f38f9742e1",,"https://lh3.googleusercontent.com/gps-cs-s/AHRPTWkRTcvnpJDUhkVYCVgu4xIBH78r7D8wp1dQEbHQ0Gg3bt0SA10fk4KPI-CuXfPpw30foXs14EvOqAhfn60g_e6Wpq_vLlKvmAM4nPsnslA1g3NcJMa435bQ_XV53KLTDQzio2v5KQ=w408-h306-k-no","false","false","/g/1tflyy__","es-419","0","-2.1361111","-79.9005556",,"Alborada Este","es","false","ChIJvUBMdmxtLZAR4UKXj_NY9UM","090508",,"Hace 5 años","2021-06-01T01:27:18.289Z",,,,,,,,,,,,,,,,,,,,,,"ChdDSUhNMG9nS0VJQ0FnSUNxb3MyNmpnRRAB",,,,,,,,"Google",,,"3",,,"1212","2026-08-08T17:30:22.978Z","Direct Detail URL: https://www.google.com/maps/place/Parrillada+Punta+Del+Este/@-2.2158291,-79.9617486,11.42z/data=!4m10!1m2!2m1!1sParrilla+Punta+del+Este+!3m6!1s0x902d6d6c764c40bd:0x43f558f38f9742e1!8m2!3d-2.1361111!4d-79.9005556!15sChdQYXJyaWxsYSBQdW50YSBkZWwgRXN0ZVoZIhdwYXJyaWxsYSBwdW50YSBkZWwgZXN0ZZIBBmFzYWRvcpoBI0NoWkRTVWhOTUc5blMwVkpRMEZuU1VSYU1IWlFhMVZuRUFF4AEA-gEECAAQJQ!16s%2Fg%2F1tflyy__?entry=ttu&g_ep=EgoyMDI2MDgwNS4xIKXMDSoASAFQAw%3D%3D","5",,"V37X+HQ4, Av. 2 N-E - Ing. Rodolfo Baquerizo Nazur","false","Excelente comida me encanta",,"Parrillada Punta Del Este","4.3",,"https://www.google.com/maps/search/?api=1&query=Parrillada%20Punta%20Del%20Este&query_place_id=ChIJvUBMdmxtLZAR4UKXj_NY9UM",
"V37X+HQ4, Av. 2 N-E - Ing. Rodolfo Baquerizo Nazur, 090508 Guayaquil, Ecuador","Parrilla","Parrilla","4896917972944634593","Guayaquil","EC","0x902d6d6c764c40bd:0x43f558f38f9742e1",,"https://lh3.googleusercontent.com/gps-cs-s/AHRPTWkRTcvnpJDUhkVYCVgu4xIBH78r7D8wp1dQEbHQ0Gg3bt0SA10fk4KPI-CuXfPpw30foXs14EvOqAhfn60g_e6Wpq_vLlKvmAM4nPsnslA1g3NcJMa435bQ_XV53KLTDQzio2v5KQ=w408-h306-k-no","false","false","/g/1tflyy__","es-419","0","-2.1361111","-79.9005556",,"Alborada Este","es","false","ChIJvUBMdmxtLZAR4UKXj_NY9UM","090508",,"Hace 5 años","2021-05-25T20:03:17.455Z",,,,,,,,,,,,,,,,,,,,,,"ChdDSUhNMG9nS0VJQ0FnSUNxNk9Yb3N3RRAB",,,,,,,,"Google",,,"5",,,"1212","2026-08-08T17:30:22.978Z","Direct Detail URL: https://www.google.com/maps/place/Parrillada+Punta+Del+Este/@-2.2158291,-79.9617486,11.42z/data=!4m10!1m2!2m1!1sParrilla+Punta+del+Este+!3m6!1s0x902d6d6c764c40bd:0x43f558f38f9742e1!8m2!3d-2.1361111!4d-79.9005556!15sChdQYXJyaWxsYSBQdW50YSBkZWwgRXN0ZVoZIhdwYXJyaWxsYSBwdW50YSBkZWwgZXN0ZZIBBmFzYWRvcpoBI0NoWkRTVWhOTUc5blMwVkpRMEZuU1VSYU1IWlFhMVZuRUFF4AEA-gEECAAQJQ!16s%2Fg%2F1tflyy__?entry=ttu&g_ep=EgoyMDI2MDgwNS4xIKXMDSoASAFQAw%3D%3D","4",,"V37X+HQ4, Av. 2 N-E - Ing. Rodolfo Baquerizo Nazur","false","Me encanto",,"Parrillada Punta Del Este","4.3",,"https://www.google.com/maps/search/?api=1&query=Parrillada%20Punta%20Del%20Este&query_place_id=ChIJvUBMdmxtLZAR4UKXj_NY9UM",
"V37X+HQ4, Av. 2 N-E - Ing. Rodolfo Baquerizo Nazur, 090508 Guayaquil, Ecuador","Parrilla","Parrilla","4896917972944634593","Guayaquil","EC","0x902d6d6c764c40bd:0x43f558f38f9742e1",,"https://lh3.googleusercontent.com/gps-cs-s/AHRPTWkRTcvnpJDUhkVYCVgu4xIBH78r7D8wp1dQEbHQ0Gg3bt0SA10fk4KPI-CuXfPpw30foXs14EvOqAhfn60g_e6Wpq_vLlKvmAM4nPsnslA1g3NcJMa435bQ_XV53KLTDQzio2v5KQ=w408-h306-k-no","false","true","/g/1tflyy__","es-419","0","-2.1361111","-79.9005556",,"Alborada Este",,"false","ChIJvUBMdmxtLZAR4UKXj_NY9UM","090508",,"Hace 5 años","2021-05-24T19:31:22.152Z",,,,,,,,,,,,,,,,,,,,,,"ChdDSUhNMG9nS0VJQ0FnSUNxOE5XeWh3RRAB",,,,,,,,"Google",,,"12",,,"1212","2026-08-08T17:30:22.978Z","Direct Detail URL: https://www.google.com/maps/place/Parrillada+Punta+Del+Este/@-2.2158291,-79.9617486,11.42z/data=!4m10!1m2!2m1!1sParrilla+Punta+del+Este+!3m6!1s0x902d6d6c764c40bd:0x43f558f38f9742e1!8m2!3d-2.1361111!4d-79.9005556!15sChdQYXJyaWxsYSBQdW50YSBkZWwgRXN0ZVoZIhdwYXJyaWxsYSBwdW50YSBkZWwgZXN0ZZIBBmFzYWRvcpoBI0NoWkRTVWhOTUc5blMwVkpRMEZuU1VSYU1IWlFhMVZuRUFF4AEA-gEECAAQJQ!16s%2Fg%2F1tflyy__?entry=ttu&g_ep=EgoyMDI2MDgwNS4xIKXMDSoASAFQAw%3D%3D","4",,"V37X+HQ4, Av. 2 N-E - Ing. Rodolfo Baquerizo Nazur","false",,,"Parrillada Punta Del Este","4.3",,"https://www.google.com/maps/search/?api=1&query=Parrillada%20Punta%20Del%20Este&query_place_id=ChIJvUBMdmxtLZAR4UKXj_NY9UM",
"V37X+HQ4, Av. 2 N-E - Ing. Rodolfo Baquerizo Nazur, 090508 Guayaquil, Ecuador","Parrilla","Parrilla","4896917972944634593","Guayaquil","EC","0x902d6d6c764c40bd:0x43f558f38f9742e1",,"https://lh3.googleusercontent.com/gps-cs-s/AHRPTWkRTcvnpJDUhkVYCVgu4xIBH78r7D8wp1dQEbHQ0Gg3bt0SA10fk4KPI-CuXfPpw30foXs14EvOqAhfn60g_e6Wpq_vLlKvmAM4nPsnslA1g3NcJMa435bQ_XV53KLTDQzio2v5KQ=w408-h306-k-no","false","false","/g/1tflyy__","es-419","0","-2.1361111","-79.9005556",,"Alborada Este",,"false","ChIJvUBMdmxtLZAR4UKXj_NY9UM","090508",,"Hace 5 años","2021-05-24T01:22:07.899Z",,,,,,,,,,,,,,,,,,,,,,"ChdDSUhNMG9nS0VJQ0FnSUNxa09mOTFnRRAB",,,,,,,,"Google",,,"11",,,"1212","2026-08-08T17:30:22.978Z","Direct Detail URL: https://www.google.com/maps/place/Parrillada+Punta+Del+Este/@-2.2158291,-79.9617486,11.42z/data=!4m10!1m2!2m1!1sParrilla+Punta+del+Este+!3m6!1s0x902d6d6c764c40bd:0x43f558f38f9742e1!8m2!3d-2.1361111!4d-79.9005556!15sChdQYXJyaWxsYSBQdW50YSBkZWwgRXN0ZVoZIhdwYXJyaWxsYSBwdW50YSBkZWwgZXN0ZZIBBmFzYWRvcpoBI0NoWkRTVWhOTUc5blMwVkpRMEZuU1VSYU1IWlFhMVZuRUFF4AEA-gEECAAQJQ!16s%2Fg%2F1tflyy__?entry=ttu&g_ep=EgoyMDI2MDgwNS4xIKXMDSoASAFQAw%3D%3D","3",,"V37X+HQ4, Av. 2 N-E - Ing. Rodolfo Baquerizo Nazur","false",,,"Parrillada Punta Del Este","4.3",,"https://www.google.com/maps/search/?api=1&query=Parrillada%20Punta%20Del%20Este&query_place_id=ChIJvUBMdmxtLZAR4UKXj_NY9UM",
"V37X+HQ4, Av. 2 N-E - Ing. Rodolfo Baquerizo Nazur, 090508 Guayaquil, Ecuador","Parrilla","Parrilla","4896917972944634593","Guayaquil","EC","0x902d6d6c764c40bd:0x43f558f38f9742e1",,"https://lh3.googleusercontent.com/gps-cs-s/AHRPTWkRTcvnpJDUhkVYCVgu4xIBH78r7D8wp1dQEbHQ0Gg3bt0SA10fk4KPI-CuXfPpw30foXs14EvOqAhfn60g_e6Wpq_vLlKvmAM4nPsnslA1g3NcJMa435bQ_XV53KLTDQzio2v5KQ=w408-h306-k-no","false","false","/g/1tflyy__","es-419","0","-2.1361111","-79.9005556",,"Alborada Este",,"false","ChIJvUBMdmxtLZAR4UKXj_NY9UM","090508",,"Hace 5 años","2021-05-22T21:26:27.741Z",,,,,,,,,,,,,,,,,,,,,,"ChdDSUhNMG9nS0VJQ0FnSUNxd1BUTHZRRRAB",,,,,,,,"Google",,,"0",,,"1212","2026-08-08T17:30:22.978Z","Direct Detail URL: https://www.google.com/maps/place/Parrillada+Punta+Del+Este/@-2.2158291,-79.9617486,11.42z/data=!4m10!1m2!2m1!1sParrilla+Punta+del+Este+!3m6!1s0x902d6d6c764c40bd:0x43f558f38f9742e1!8m2!3d-2.1361111!4d-79.9005556!15sChdQYXJyaWxsYSBQdW50YSBkZWwgRXN0ZVoZIhdwYXJyaWxsYSBwdW50YSBkZWwgZXN0ZZIBBmFzYWRvcpoBI0NoWkRTVWhOTUc5blMwVkpRMEZuU1VSYU1IWlFhMVZuRUFF4AEA-gEECAAQJQ!16s%2Fg%2F1tflyy__?entry=ttu&g_ep=EgoyMDI2MDgwNS4xIKXMDSoASAFQAw%3D%3D","5",,"V37X+HQ4, Av. 2 N-E - Ing. Rodolfo Baquerizo Nazur","false",,,"Parrillada Punta Del Este","4.3",,"https://www.google.com/maps/search/?api=1&query=Parrillada%20Punta%20Del%20Este&query_place_id=ChIJvUBMdmxtLZAR4UKXj_NY9UM",
"V37X+HQ4, Av. 2 N-E - Ing. Rodolfo Baquerizo Nazur, 090508 Guayaquil, Ecuador","Parrilla","Parrilla","4896917972944634593","Guayaquil","EC","0x902d6d6c764c40bd:0x43f558f38f9742e1",,"https://lh3.googleusercontent.com/gps-cs-s/AHRPTWkRTcvnpJDUhkVYCVgu4xIBH78r7D8wp1dQEbHQ0Gg3bt0SA10fk4KPI-CuXfPpw30foXs14EvOqAhfn60g_e6Wpq_vLlKvmAM4nPsnslA1g3NcJMa435bQ_XV53KLTDQzio2v5KQ=w408-h306-k-no","false","true","/g/1tflyy__","es-419","0","-2.1361111","-79.9005556",,"Alborada Este","es","false","ChIJvUBMdmxtLZAR4UKXj_NY9UM","090508",,"Hace 5 años","2021-05-21T14:59:12.454Z",,,,,,,,,,,,,,,,,,,,,,"ChZDSUhNMG9nS0VJQ0FnSURLbl9IZWV3EAE",,,,,,,,"Google",,,"104",,,"1212","2026-08-08T17:30:22.978Z","Direct Detail URL: https://www.google.com/maps/place/Parrillada+Punta+Del+Este/@-2.2158291,-79.9617486,11.42z/data=!4m10!1m2!2m1!1sParrilla+Punta+del+Este+!3m6!1s0x902d6d6c764c40bd:0x43f558f38f9742e1!8m2!3d-2.1361111!4d-79.9005556!15sChdQYXJyaWxsYSBQdW50YSBkZWwgRXN0ZVoZIhdwYXJyaWxsYSBwdW50YSBkZWwgZXN0ZZIBBmFzYWRvcpoBI0NoWkRTVWhOTUc5blMwVkpRMEZuU1VSYU1IWlFhMVZuRUFF4AEA-gEECAAQJQ!16s%2Fg%2F1tflyy__?entry=ttu&g_ep=EgoyMDI2MDgwNS4xIKXMDSoASAFQAw%3D%3D","5",,"V37X+HQ4, Av. 2 N-E - Ing. Rodolfo Baquerizo Nazur","false","Buena comida. Tiene un garaje propio y es amplio el lugar,  además existen espacios para reuniones para grupos",,"Parrillada Punta Del Este","4.3",,"https://www.google.com/maps/search/?api=1&query=Parrillada%20Punta%20Del%20Este&query_place_id=ChIJvUBMdmxtLZAR4UKXj_NY9UM",
"V37X+HQ4, Av. 2 N-E - Ing. Rodolfo Baquerizo Nazur, 090508 Guayaquil, Ecuador","Parrilla","Parrilla","4896917972944634593","Guayaquil","EC","0x902d6d6c764c40bd:0x43f558f38f9742e1",,"https://lh3.googleusercontent.com/gps-cs-s/AHRPTWkRTcvnpJDUhkVYCVgu4xIBH78r7D8wp1dQEbHQ0Gg3bt0SA10fk4KPI-CuXfPpw30foXs14EvOqAhfn60g_e6Wpq_vLlKvmAM4nPsnslA1g3NcJMa435bQ_XV53KLTDQzio2v5KQ=w408-h306-k-no","false","false","/g/1tflyy__","es-419","0","-2.1361111","-79.9005556",,"Alborada Este",,"false","ChIJvUBMdmxtLZAR4UKXj_NY9UM","090508",,"Hace 5 años","2021-05-11T04:31:43.804Z",,,,,,,,,,,,,,,,,,,,,,"ChdDSUhNMG9nS0VJQ0FnSURLdHYyWnRRRRAB",,,,,,,,"Google",,,"1",,,"1212","2026-08-08T17:30:22.978Z","Direct Detail URL: https://www.google.com/maps/place/Parrillada+Punta+Del+Este/@-2.2158291,-79.9617486,11.42z/data=!4m10!1m2!2m1!1sParrilla+Punta+del+Este+!3m6!1s0x902d6d6c764c40bd:0x43f558f38f9742e1!8m2!3d-2.1361111!4d-79.9005556!15sChdQYXJyaWxsYSBQdW50YSBkZWwgRXN0ZVoZIhdwYXJyaWxsYSBwdW50YSBkZWwgZXN0ZZIBBmFzYWRvcpoBI0NoWkRTVWhOTUc5blMwVkpRMEZuU1VSYU1IWlFhMVZuRUFF4AEA-gEECAAQJQ!16s%2Fg%2F1tflyy__?entry=ttu&g_ep=EgoyMDI2MDgwNS4xIKXMDSoASAFQAw%3D%3D","5",,"V37X+HQ4, Av. 2 N-E - Ing. Rodolfo Baquerizo Nazur","false",,,"Parrillada Punta Del Este","4.3",,"https://www.google.com/maps/search/?api=1&query=Parrillada%20Punta%20Del%20Este&query_place_id=ChIJvUBMdmxtLZAR4UKXj_NY9UM",
"V37X+HQ4, Av. 2 N-E - Ing. Rodolfo Baquerizo Nazur, 090508 Guayaquil, Ecuador","Parrilla","Parrilla","4896917972944634593","Guayaquil","EC","0x902d6d6c764c40bd:0x43f558f38f9742e1",,"https://lh3.googleusercontent.com/gps-cs-s/AHRPTWkRTcvnpJDUhkVYCVgu4xIBH78r7D8wp1dQEbHQ0Gg3bt0SA10fk4KPI-CuXfPpw30foXs14EvOqAhfn60g_e6Wpq_vLlKvmAM4nPsnslA1g3NcJMa435bQ_XV53KLTDQzio2v5KQ=w408-h306-k-no","false","false","/g/1tflyy__","es-419","0","-2.1361111","-79.9005556",,"Alborada Este","es","false","ChIJvUBMdmxtLZAR4UKXj_NY9UM","090508",,"Hace 5 años","2021-05-06T18:07:48.373Z",,,,,,,,,,,,,,,,,,,,,,"ChdDSUhNMG9nS0VJQ0FnSURLOHFua2hnRRAB",,,,,,,,"Google",,,"3",,,"1212","2026-08-08T17:30:22.978Z","Direct Detail URL: https://www.google.com/maps/place/Parrillada+Punta+Del+Este/@-2.2158291,-79.9617486,11.42z/data=!4m10!1m2!2m1!1sParrilla+Punta+del+Este+!3m6!1s0x902d6d6c764c40bd:0x43f558f38f9742e1!8m2!3d-2.1361111!4d-79.9005556!15sChdQYXJyaWxsYSBQdW50YSBkZWwgRXN0ZVoZIhdwYXJyaWxsYSBwdW50YSBkZWwgZXN0ZZIBBmFzYWRvcpoBI0NoWkRTVWhOTUc5blMwVkpRMEZuU1VSYU1IWlFhMVZuRUFF4AEA-gEECAAQJQ!16s%2Fg%2F1tflyy__?entry=ttu&g_ep=EgoyMDI2MDgwNS4xIKXMDSoASAFQAw%3D%3D","5",,"V37X+HQ4, Av. 2 N-E - Ing. Rodolfo Baquerizo Nazur","false","Buen servicio y deliciosa la comida",,"Parrillada Punta Del Este","4.3",,"https://www.google.com/maps/search/?api=1&query=Parrillada%20Punta%20Del%20Este&query_place_id=ChIJvUBMdmxtLZAR4UKXj_NY9UM",
"V37X+HQ4, Av. 2 N-E - Ing. Rodolfo Baquerizo Nazur, 090508 Guayaquil, Ecuador","Parrilla","Parrilla","4896917972944634593","Guayaquil","EC","0x902d6d6c764c40bd:0x43f558f38f9742e1",,"https://lh3.googleusercontent.com/gps-cs-s/AHRPTWkRTcvnpJDUhkVYCVgu4xIBH78r7D8wp1dQEbHQ0Gg3bt0SA10fk4KPI-CuXfPpw30foXs14EvOqAhfn60g_e6Wpq_vLlKvmAM4nPsnslA1g3NcJMa435bQ_XV53KLTDQzio2v5KQ=w408-h306-k-no","false","true","/g/1tflyy__","es-419","0","-2.1361111","-79.9005556",,"Alborada Este",,"false","ChIJvUBMdmxtLZAR4UKXj_NY9UM","090508",,"Hace 5 años","2021-04-24T13:12:54.015Z",,,,,,,,,,,,,,,,,,,,,,"ChZDSUhNMG9nS0VJQ0FnSUNLbjRuOUZBEAE",,,,,,,,"Google",,,"1",,,"1212","2026-08-08T17:30:22.978Z","Direct Detail URL: https://www.google.com/maps/place/Parrillada+Punta+Del+Este/@-2.2158291,-79.9617486,11.42z/data=!4m10!1m2!2m1!1sParrilla+Punta+del+Este+!3m6!1s0x902d6d6c764c40bd:0x43f558f38f9742e1!8m2!3d-2.1361111!4d-79.9005556!15sChdQYXJyaWxsYSBQdW50YSBkZWwgRXN0ZVoZIhdwYXJyaWxsYSBwdW50YSBkZWwgZXN0ZZIBBmFzYWRvcpoBI0NoWkRTVWhOTUc5blMwVkpRMEZuU1VSYU1IWlFhMVZuRUFF4AEA-gEECAAQJQ!16s%2Fg%2F1tflyy__?entry=ttu&g_ep=EgoyMDI2MDgwNS4xIKXMDSoASAFQAw%3D%3D","5",,"V37X+HQ4, Av. 2 N-E - Ing. Rodolfo Baquerizo Nazur","false",,,"Parrillada Punta Del Este","4.3",,"https://www.google.com/maps/search/?api=1&query=Parrillada%20Punta%20Del%20Este&query_place_id=ChIJvUBMdmxtLZAR4UKXj_NY9UM",
"V37X+HQ4, Av. 2 N-E - Ing. Rodolfo Baquerizo Nazur, 090508 Guayaquil, Ecuador","Parrilla","Parrilla","4896917972944634593","Guayaquil","EC","0x902d6d6c764c40bd:0x43f558f38f9742e1",,"https://lh3.googleusercontent.com/gps-cs-s/AHRPTWkRTcvnpJDUhkVYCVgu4xIBH78r7D8wp1dQEbHQ0Gg3bt0SA10fk4KPI-CuXfPpw30foXs14EvOqAhfn60g_e6Wpq_vLlKvmAM4nPsnslA1g3NcJMa435bQ_XV53KLTDQzio2v5KQ=w408-h306-k-no","false","true","/g/1tflyy__","es-419","0","-2.1361111","-79.9005556",,"Alborada Este","es","false","ChIJvUBMdmxtLZAR4UKXj_NY9UM","090508",,"Hace 5 años","2021-04-23T14:24:21.382Z",,,,,,,,,,,,,,,,,,,,,,"ChZDSUhNMG9nS0VJQ0FnSUNLejh6eE93EAE",,,,,,,,"Google",,,"28",,,"1212","2026-08-08T17:30:22.978Z","Direct Detail URL: https://www.google.com/maps/place/Parrillada+Punta+Del+Este/@-2.2158291,-79.9617486,11.42z/data=!4m10!1m2!2m1!1sParrilla+Punta+del+Este+!3m6!1s0x902d6d6c764c40bd:0x43f558f38f9742e1!8m2!3d-2.1361111!4d-79.9005556!15sChdQYXJyaWxsYSBQdW50YSBkZWwgRXN0ZVoZIhdwYXJyaWxsYSBwdW50YSBkZWwgZXN0ZZIBBmFzYWRvcpoBI0NoWkRTVWhOTUc5blMwVkpRMEZuU1VSYU1IWlFhMVZuRUFF4AEA-gEECAAQJQ!16s%2Fg%2F1tflyy__?entry=ttu&g_ep=EgoyMDI2MDgwNS4xIKXMDSoASAFQAw%3D%3D","5",,"V37X+HQ4, Av. 2 N-E - Ing. Rodolfo Baquerizo Nazur","false","Excelente, muy rica comida",,"Parrillada Punta Del Este","4.3",,"https://www.google.com/maps/search/?api=1&query=Parrillada%20Punta%20Del%20Este&query_place_id=ChIJvUBMdmxtLZAR4UKXj_NY9UM",
"V37X+HQ4, Av. 2 N-E - Ing. Rodolfo Baquerizo Nazur, 090508 Guayaquil, Ecuador","Parrilla","Parrilla","4896917972944634593","Guayaquil","EC","0x902d6d6c764c40bd:0x43f558f38f9742e1",,"https://lh3.googleusercontent.com/gps-cs-s/AHRPTWkRTcvnpJDUhkVYCVgu4xIBH78r7D8wp1dQEbHQ0Gg3bt0SA10fk4KPI-CuXfPpw30foXs14EvOqAhfn60g_e6Wpq_vLlKvmAM4nPsnslA1g3NcJMa435bQ_XV53KLTDQzio2v5KQ=w408-h306-k-no","false","true","/g/1tflyy__","es-419","0","-2.1361111","-79.9005556",,"Alborada Este",,"false","ChIJvUBMdmxtLZAR4UKXj_NY9UM","090508",,"Hace 5 años","2021-04-20T18:10:47.133Z",,,,,,,,,,,,,,,,,,,,,,"ChdDSUhNMG9nS0VJQ0FnSUNLLV9hM3h3RRAB",,,,,,,,"Google",,,"1",,,"1212","2026-08-08T17:30:22.978Z","Direct Detail URL: https://www.google.com/maps/place/Parrillada+Punta+Del+Este/@-2.2158291,-79.9617486,11.42z/data=!4m10!1m2!2m1!1sParrilla+Punta+del+Este+!3m6!1s0x902d6d6c764c40bd:0x43f558f38f9742e1!8m2!3d-2.1361111!4d-79.9005556!15sChdQYXJyaWxsYSBQdW50YSBkZWwgRXN0ZVoZIhdwYXJyaWxsYSBwdW50YSBkZWwgZXN0ZZIBBmFzYWRvcpoBI0NoWkRTVWhOTUc5blMwVkpRMEZuU1VSYU1IWlFhMVZuRUFF4AEA-gEECAAQJQ!16s%2Fg%2F1tflyy__?entry=ttu&g_ep=EgoyMDI2MDgwNS4xIKXMDSoASAFQAw%3D%3D","5",,"V37X+HQ4, Av. 2 N-E - Ing. Rodolfo Baquerizo Nazur","false",,,"Parrillada Punta Del Este","4.3",,"https://www.google.com/maps/search/?api=1&query=Parrillada%20Punta%20Del%20Este&query_place_id=ChIJvUBMdmxtLZAR4UKXj_NY9UM",
"V37X+HQ4, Av. 2 N-E - Ing. Rodolfo Baquerizo Nazur, 090508 Guayaquil, Ecuador","Parrilla","Parrilla","4896917972944634593","Guayaquil","EC","0x902d6d6c764c40bd:0x43f558f38f9742e1",,"https://lh3.googleusercontent.com/gps-cs-s/AHRPTWkRTcvnpJDUhkVYCVgu4xIBH78r7D8wp1dQEbHQ0Gg3bt0SA10fk4KPI-CuXfPpw30foXs14EvOqAhfn60g_e6Wpq_vLlKvmAM4nPsnslA1g3NcJMa435bQ_XV53KLTDQzio2v5KQ=w408-h306-k-no","false","true","/g/1tflyy__","es-419","0","-2.1361111","-79.9005556",,"Alborada Este",,"false","ChIJvUBMdmxtLZAR4UKXj_NY9UM","090508",,"Hace 5 años","2021-04-19T03:24:53.319Z",,,,,,,,,,,,,,,,,,,,,,"ChZDSUhNMG9nS0VJQ0FnSUNLeTVITGR3EAE",,,,,,,,"Google",,,"22",,,"1212","2026-08-08T17:30:22.978Z","Direct Detail URL: https://www.google.com/maps/place/Parrillada+Punta+Del+Este/@-2.2158291,-79.9617486,11.42z/data=!4m10!1m2!2m1!1sParrilla+Punta+del+Este+!3m6!1s0x902d6d6c764c40bd:0x43f558f38f9742e1!8m2!3d-2.1361111!4d-79.9005556!15sChdQYXJyaWxsYSBQdW50YSBkZWwgRXN0ZVoZIhdwYXJyaWxsYSBwdW50YSBkZWwgZXN0ZZIBBmFzYWRvcpoBI0NoWkRTVWhOTUc5blMwVkpRMEZuU1VSYU1IWlFhMVZuRUFF4AEA-gEECAAQJQ!16s%2Fg%2F1tflyy__?entry=ttu&g_ep=EgoyMDI2MDgwNS4xIKXMDSoASAFQAw%3D%3D","5",,"V37X+HQ4, Av. 2 N-E - Ing. Rodolfo Baquerizo Nazur","false",,,"Parrillada Punta Del Este","4.3",,"https://www.google.com/maps/search/?api=1&query=Parrillada%20Punta%20Del%20Este&query_place_id=ChIJvUBMdmxtLZAR4UKXj_NY9UM",
"V37X+HQ4, Av. 2 N-E - Ing. Rodolfo Baquerizo Nazur, 090508 Guayaquil, Ecuador","Parrilla","Parrilla","4896917972944634593","Guayaquil","EC","0x902d6d6c764c40bd:0x43f558f38f9742e1",,"https://lh3.googleusercontent.com/gps-cs-s/AHRPTWkRTcvnpJDUhkVYCVgu4xIBH78r7D8wp1dQEbHQ0Gg3bt0SA10fk4KPI-CuXfPpw30foXs14EvOqAhfn60g_e6Wpq_vLlKvmAM4nPsnslA1g3NcJMa435bQ_XV53KLTDQzio2v5KQ=w408-h306-k-no","false","true","/g/1tflyy__","es-419","0","-2.1361111","-79.9005556",,"Alborada Este","es","false","ChIJvUBMdmxtLZAR4UKXj_NY9UM","090508",,"Hace 5 años","2021-04-11T01:20:27.249Z",,,,,,,,,,,,,,,,,,,,,,"ChZDSUhNMG9nS0VJQ0FnSUNLMmFDNFJ3EAE",,,,,,,,"Google",,,"5",,,"1212","2026-08-08T17:30:22.978Z","Direct Detail URL: https://www.google.com/maps/place/Parrillada+Punta+Del+Este/@-2.2158291,-79.9617486,11.42z/data=!4m10!1m2!2m1!1sParrilla+Punta+del+Este+!3m6!1s0x902d6d6c764c40bd:0x43f558f38f9742e1!8m2!3d-2.1361111!4d-79.9005556!15sChdQYXJyaWxsYSBQdW50YSBkZWwgRXN0ZVoZIhdwYXJyaWxsYSBwdW50YSBkZWwgZXN0ZZIBBmFzYWRvcpoBI0NoWkRTVWhOTUc5blMwVkpRMEZuU1VSYU1IWlFhMVZuRUFF4AEA-gEECAAQJQ!16s%2Fg%2F1tflyy__?entry=ttu&g_ep=EgoyMDI2MDgwNS4xIKXMDSoASAFQAw%3D%3D","5",,"V37X+HQ4, Av. 2 N-E - Ing. Rodolfo Baquerizo Nazur","false","Excelente la parrillada...",,"Parrillada Punta Del Este","4.3",,"https://www.google.com/maps/search/?api=1&query=Parrillada%20Punta%20Del%20Este&query_place_id=ChIJvUBMdmxtLZAR4UKXj_NY9UM",
"V37X+HQ4, Av. 2 N-E - Ing. Rodolfo Baquerizo Nazur, 090508 Guayaquil, Ecuador","Parrilla","Parrilla","4896917972944634593","Guayaquil","EC","0x902d6d6c764c40bd:0x43f558f38f9742e1",,"https://lh3.googleusercontent.com/gps-cs-s/AHRPTWkRTcvnpJDUhkVYCVgu4xIBH78r7D8wp1dQEbHQ0Gg3bt0SA10fk4KPI-CuXfPpw30foXs14EvOqAhfn60g_e6Wpq_vLlKvmAM4nPsnslA1g3NcJMa435bQ_XV53KLTDQzio2v5KQ=w408-h306-k-no","false","true","/g/1tflyy__","es-419","0","-2.1361111","-79.9005556",,"Alborada Este","es","false","ChIJvUBMdmxtLZAR4UKXj_NY9UM","090508",,"Hace 5 años","2021-04-10T21:24:26.201Z",,,,,,,,,,,,,,,,,,,,,,"ChZDSUhNMG9nS0VJQ0FnSUNLbWFHNGNBEAE",,,,,,,,"Google",,,"54",,,"1212","2026-08-08T17:30:22.978Z","Direct Detail URL: https://www.google.com/maps/place/Parrillada+Punta+Del+Este/@-2.2158291,-79.9617486,11.42z/data=!4m10!1m2!2m1!1sParrilla+Punta+del+Este+!3m6!1s0x902d6d6c764c40bd:0x43f558f38f9742e1!8m2!3d-2.1361111!4d-79.9005556!15sChdQYXJyaWxsYSBQdW50YSBkZWwgRXN0ZVoZIhdwYXJyaWxsYSBwdW50YSBkZWwgZXN0ZZIBBmFzYWRvcpoBI0NoWkRTVWhOTUc5blMwVkpRMEZuU1VSYU1IWlFhMVZuRUFF4AEA-gEECAAQJQ!16s%2Fg%2F1tflyy__?entry=ttu&g_ep=EgoyMDI2MDgwNS4xIKXMDSoASAFQAw%3D%3D","1",,"V37X+HQ4, Av. 2 N-E - Ing. Rodolfo Baquerizo Nazur","false","😞decepcionado",,"Parrillada Punta Del Este","4.3",,"https://www.google.com/maps/search/?api=1&query=Parrillada%20Punta%20Del%20Este&query_place_id=ChIJvUBMdmxtLZAR4UKXj_NY9UM",
"V37X+HQ4, Av. 2 N-E - Ing. Rodolfo Baquerizo Nazur, 090508 Guayaquil, Ecuador","Parrilla","Parrilla","4896917972944634593","Guayaquil","EC","0x902d6d6c764c40bd:0x43f558f38f9742e1",,"https://lh3.googleusercontent.com/gps-cs-s/AHRPTWkRTcvnpJDUhkVYCVgu4xIBH78r7D8wp1dQEbHQ0Gg3bt0SA10fk4KPI-CuXfPpw30foXs14EvOqAhfn60g_e6Wpq_vLlKvmAM4nPsnslA1g3NcJMa435bQ_XV53KLTDQzio2v5KQ=w408-h306-k-no","false","true","/g/1tflyy__","es-419","0","-2.1361111","-79.9005556",,"Alborada Este","es","false","ChIJvUBMdmxtLZAR4UKXj_NY9UM","090508",,"Hace 5 años","2021-04-10T10:26:24.225Z",,,,,,,,,,,,,,,,,,,,,,"ChZDSUhNMG9nS0VJQ0FnSUNLcWE3REZnEAE",,,,,,,,"Google",,,"76",,,"1212","2026-08-08T17:30:22.978Z","Direct Detail URL: https://www.google.com/maps/place/Parrillada+Punta+Del+Este/@-2.2158291,-79.9617486,11.42z/data=!4m10!1m2!2m1!1sParrilla+Punta+del+Este+!3m6!1s0x902d6d6c764c40bd:0x43f558f38f9742e1!8m2!3d-2.1361111!4d-79.9005556!15sChdQYXJyaWxsYSBQdW50YSBkZWwgRXN0ZVoZIhdwYXJyaWxsYSBwdW50YSBkZWwgZXN0ZZIBBmFzYWRvcpoBI0NoWkRTVWhOTUc5blMwVkpRMEZuU1VSYU1IWlFhMVZuRUFF4AEA-gEECAAQJQ!16s%2Fg%2F1tflyy__?entry=ttu&g_ep=EgoyMDI2MDgwNS4xIKXMDSoASAFQAw%3D%3D","5",,"V37X+HQ4, Av. 2 N-E - Ing. Rodolfo Baquerizo Nazur","false","Excelente atención
Precios cómodos
Parqueadero subterráneo y gratuito",,"Parrillada Punta Del Este","4.3",,"https://www.google.com/maps/search/?api=1&query=Parrillada%20Punta%20Del%20Este&query_place_id=ChIJvUBMdmxtLZAR4UKXj_NY9UM",
"V37X+HQ4, Av. 2 N-E - Ing. Rodolfo Baquerizo Nazur, 090508 Guayaquil, Ecuador","Parrilla","Parrilla","4896917972944634593","Guayaquil","EC","0x902d6d6c764c40bd:0x43f558f38f9742e1",,"https://lh3.googleusercontent.com/gps-cs-s/AHRPTWkRTcvnpJDUhkVYCVgu4xIBH78r7D8wp1dQEbHQ0Gg3bt0SA10fk4KPI-CuXfPpw30foXs14EvOqAhfn60g_e6Wpq_vLlKvmAM4nPsnslA1g3NcJMa435bQ_XV53KLTDQzio2v5KQ=w408-h306-k-no","false","false","/g/1tflyy__","es-419","0","-2.1361111","-79.9005556",,"Alborada Este",,"false","ChIJvUBMdmxtLZAR4UKXj_NY9UM","090508",,"Hace 5 años","2021-04-04T21:50:59.053Z",,,,,,,,,,,,,,,,,,,,,,"ChZDSUhNMG9nS0VJQ0FnSUNLdHRUcUZREAE",,,,,,,,"Google",,,"2",,,"1212","2026-08-08T17:30:22.978Z","Direct Detail URL: https://www.google.com/maps/place/Parrillada+Punta+Del+Este/@-2.2158291,-79.9617486,11.42z/data=!4m10!1m2!2m1!1sParrilla+Punta+del+Este+!3m6!1s0x902d6d6c764c40bd:0x43f558f38f9742e1!8m2!3d-2.1361111!4d-79.9005556!15sChdQYXJyaWxsYSBQdW50YSBkZWwgRXN0ZVoZIhdwYXJyaWxsYSBwdW50YSBkZWwgZXN0ZZIBBmFzYWRvcpoBI0NoWkRTVWhOTUc5blMwVkpRMEZuU1VSYU1IWlFhMVZuRUFF4AEA-gEECAAQJQ!16s%2Fg%2F1tflyy__?entry=ttu&g_ep=EgoyMDI2MDgwNS4xIKXMDSoASAFQAw%3D%3D","5",,"V37X+HQ4, Av. 2 N-E - Ing. Rodolfo Baquerizo Nazur","false",,,"Parrillada Punta Del Este","4.3",,"https://www.google.com/maps/search/?api=1&query=Parrillada%20Punta%20Del%20Este&query_place_id=ChIJvUBMdmxtLZAR4UKXj_NY9UM",
"V37X+HQ4, Av. 2 N-E - Ing. Rodolfo Baquerizo Nazur, 090508 Guayaquil, Ecuador","Parrilla","Parrilla","4896917972944634593","Guayaquil","EC","0x902d6d6c764c40bd:0x43f558f38f9742e1",,"https://lh3.googleusercontent.com/gps-cs-s/AHRPTWkRTcvnpJDUhkVYCVgu4xIBH78r7D8wp1dQEbHQ0Gg3bt0SA10fk4KPI-CuXfPpw30foXs14EvOqAhfn60g_e6Wpq_vLlKvmAM4nPsnslA1g3NcJMa435bQ_XV53KLTDQzio2v5KQ=w408-h306-k-no","false","true","/g/1tflyy__","es-419","0","-2.1361111","-79.9005556",,"Alborada Este",,"false","ChIJvUBMdmxtLZAR4UKXj_NY9UM","090508",,"Hace 5 años","2021-04-03T01:17:58.089Z",,,,,,,,,,,,,,,,,,,,,,"ChZDSUhNMG9nS0VJQ0FnSUNLLXVPQWF3EAE",,,,,,,,"Google",,,"52",,,"1212","2026-08-08T17:30:22.978Z","Direct Detail URL: https://www.google.com/maps/place/Parrillada+Punta+Del+Este/@-2.2158291,-79.9617486,11.42z/data=!4m10!1m2!2m1!1sParrilla+Punta+del+Este+!3m6!1s0x902d6d6c764c40bd:0x43f558f38f9742e1!8m2!3d-2.1361111!4d-79.9005556!15sChdQYXJyaWxsYSBQdW50YSBkZWwgRXN0ZVoZIhdwYXJyaWxsYSBwdW50YSBkZWwgZXN0ZZIBBmFzYWRvcpoBI0NoWkRTVWhOTUc5blMwVkpRMEZuU1VSYU1IWlFhMVZuRUFF4AEA-gEECAAQJQ!16s%2Fg%2F1tflyy__?entry=ttu&g_ep=EgoyMDI2MDgwNS4xIKXMDSoASAFQAw%3D%3D","4",,"V37X+HQ4, Av. 2 N-E - Ing. Rodolfo Baquerizo Nazur","false",,,"Parrillada Punta Del Este","4.3",,"https://www.google.com/maps/search/?api=1&query=Parrillada%20Punta%20Del%20Este&query_place_id=ChIJvUBMdmxtLZAR4UKXj_NY9UM",
"V37X+HQ4, Av. 2 N-E - Ing. Rodolfo Baquerizo Nazur, 090508 Guayaquil, Ecuador","Parrilla","Parrilla","4896917972944634593","Guayaquil","EC","0x902d6d6c764c40bd:0x43f558f38f9742e1",,"https://lh3.googleusercontent.com/gps-cs-s/AHRPTWkRTcvnpJDUhkVYCVgu4xIBH78r7D8wp1dQEbHQ0Gg3bt0SA10fk4KPI-CuXfPpw30foXs14EvOqAhfn60g_e6Wpq_vLlKvmAM4nPsnslA1g3NcJMa435bQ_XV53KLTDQzio2v5KQ=w408-h306-k-no","false","true","/g/1tflyy__","es-419","0","-2.1361111","-79.9005556",,"Alborada Este","es","false","ChIJvUBMdmxtLZAR4UKXj_NY9UM","090508",,"Hace 5 años","2021-03-31T02:32:45.378Z",,,,,,,,,,,,,,,,,,,,,,"ChdDSUhNMG9nS0VJQ0FnSUNLa3Jxdl93RRAB",,,,,,,,"Google",,,"112",,,"1212","2026-08-08T17:30:22.978Z","Direct Detail URL: https://www.google.com/maps/place/Parrillada+Punta+Del+Este/@-2.2158291,-79.9617486,11.42z/data=!4m10!1m2!2m1!1sParrilla+Punta+del+Este+!3m6!1s0x902d6d6c764c40bd:0x43f558f38f9742e1!8m2!3d-2.1361111!4d-79.9005556!15sChdQYXJyaWxsYSBQdW50YSBkZWwgRXN0ZVoZIhdwYXJyaWxsYSBwdW50YSBkZWwgZXN0ZZIBBmFzYWRvcpoBI0NoWkRTVWhOTUc5blMwVkpRMEZuU1VSYU1IWlFhMVZuRUFF4AEA-gEECAAQJQ!16s%2Fg%2F1tflyy__?entry=ttu&g_ep=EgoyMDI2MDgwNS4xIKXMDSoASAFQAw%3D%3D","2",,"V37X+HQ4, Av. 2 N-E - Ing. Rodolfo Baquerizo Nazur","false","El local del segundo piso que se alquiló tenía los baños sucios, dieron una sola vez cócteles a los invitados, los bocaditos luego de horas de iniciado el evento y los centros de mesa no eran los que habían ofrecido.",,"Parrillada Punta Del Este","4.3",,"https://www.google.com/maps/search/?api=1&query=Parrillada%20Punta%20Del%20Este&query_place_id=ChIJvUBMdmxtLZAR4UKXj_NY9UM",
"V37X+HQ4, Av. 2 N-E - Ing. Rodolfo Baquerizo Nazur, 090508 Guayaquil, Ecuador","Parrilla","Parrilla","4896917972944634593","Guayaquil","EC","0x902d6d6c764c40bd:0x43f558f38f9742e1",,"https://lh3.googleusercontent.com/gps-cs-s/AHRPTWkRTcvnpJDUhkVYCVgu4xIBH78r7D8wp1dQEbHQ0Gg3bt0SA10fk4KPI-CuXfPpw30foXs14EvOqAhfn60g_e6Wpq_vLlKvmAM4nPsnslA1g3NcJMa435bQ_XV53KLTDQzio2v5KQ=w408-h306-k-no","false","true","/g/1tflyy__","es-419","0","-2.1361111","-79.9005556",,"Alborada Este","es","false","ChIJvUBMdmxtLZAR4UKXj_NY9UM","090508",,"Hace 5 años","2021-03-29T22:51:52.797Z",,,,,,,,,,,,,,,,,,,,,,"ChdDSUhNMG9nS0VJQ0FnSUNLOU9HSjlnRRAB",,,,,,,,"Google",,,"643",,,"1212","2026-08-08T17:30:22.978Z","Direct Detail URL: https://www.google.com/maps/place/Parrillada+Punta+Del+Este/@-2.2158291,-79.9617486,11.42z/data=!4m10!1m2!2m1!1sParrilla+Punta+del+Este+!3m6!1s0x902d6d6c764c40bd:0x43f558f38f9742e1!8m2!3d-2.1361111!4d-79.9005556!15sChdQYXJyaWxsYSBQdW50YSBkZWwgRXN0ZVoZIhdwYXJyaWxsYSBwdW50YSBkZWwgZXN0ZZIBBmFzYWRvcpoBI0NoWkRTVWhOTUc5blMwVkpRMEZuU1VSYU1IWlFhMVZuRUFF4AEA-gEECAAQJQ!16s%2Fg%2F1tflyy__?entry=ttu&g_ep=EgoyMDI2MDgwNS4xIKXMDSoASAFQAw%3D%3D","5",,"V37X+HQ4, Av. 2 N-E - Ing. Rodolfo Baquerizo Nazur","false","Desde NY directo a Punta del Este..deliciosa parrillada...momentos para compartir en familia..",,"Parrillada Punta Del Este","4.3",,"https://www.google.com/maps/search/?api=1&query=Parrillada%20Punta%20Del%20Este&query_place_id=ChIJvUBMdmxtLZAR4UKXj_NY9UM",
"V37X+HQ4, Av. 2 N-E - Ing. Rodolfo Baquerizo Nazur, 090508 Guayaquil, Ecuador","Parrilla","Parrilla","4896917972944634593","Guayaquil","EC","0x902d6d6c764c40bd:0x43f558f38f9742e1",,"https://lh3.googleusercontent.com/gps-cs-s/AHRPTWkRTcvnpJDUhkVYCVgu4xIBH78r7D8wp1dQEbHQ0Gg3bt0SA10fk4KPI-CuXfPpw30foXs14EvOqAhfn60g_e6Wpq_vLlKvmAM4nPsnslA1g3NcJMa435bQ_XV53KLTDQzio2v5KQ=w408-h306-k-no","false","false","/g/1tflyy__","es-419","0","-2.1361111","-79.9005556",,"Alborada Este","es","false","ChIJvUBMdmxtLZAR4UKXj_NY9UM","090508",,"Hace 5 años","2021-03-29T01:43:29.082Z",,,,,,,,,,,,,,,,,,,,,,"ChZDSUhNMG9nS0VJQ0FnSUNLcExPTE1REAE","https://lh3.googleusercontent.com/grass-cs/ACvplmOlhjNDEYbsgRRJ9EsrO1ODh2saAXLrFJEF0O9-nEYPpc_RdqBmUBECDt0Jbe63bwtQCv1k2Nc8cEwsl2RPb4eZBYDkzQIAbLSLEum0614LAzUc-y47bmMJ7qH9IiySMUkSzmI=k-no",,,,,,,"Google",,,"10",,,"1212","2026-08-08T17:30:22.978Z","Direct Detail URL: https://www.google.com/maps/place/Parrillada+Punta+Del+Este/@-2.2158291,-79.9617486,11.42z/data=!4m10!1m2!2m1!1sParrilla+Punta+del+Este+!3m6!1s0x902d6d6c764c40bd:0x43f558f38f9742e1!8m2!3d-2.1361111!4d-79.9005556!15sChdQYXJyaWxsYSBQdW50YSBkZWwgRXN0ZVoZIhdwYXJyaWxsYSBwdW50YSBkZWwgZXN0ZZIBBmFzYWRvcpoBI0NoWkRTVWhOTUc5blMwVkpRMEZuU1VSYU1IWlFhMVZuRUFF4AEA-gEECAAQJQ!16s%2Fg%2F1tflyy__?entry=ttu&g_ep=EgoyMDI2MDgwNS4xIKXMDSoASAFQAw%3D%3D","5",,"V37X+HQ4, Av. 2 N-E - Ing. Rodolfo Baquerizo Nazur","false","Muuuuy bueno!!!",,"Parrillada Punta Del Este","4.3",,"https://www.google.com/maps/search/?api=1&query=Parrillada%20Punta%20Del%20Este&query_place_id=ChIJvUBMdmxtLZAR4UKXj_NY9UM",
"V37X+HQ4, Av. 2 N-E - Ing. Rodolfo Baquerizo Nazur, 090508 Guayaquil, Ecuador","Parrilla","Parrilla","4896917972944634593","Guayaquil","EC","0x902d6d6c764c40bd:0x43f558f38f9742e1",,"https://lh3.googleusercontent.com/gps-cs-s/AHRPTWkRTcvnpJDUhkVYCVgu4xIBH78r7D8wp1dQEbHQ0Gg3bt0SA10fk4KPI-CuXfPpw30foXs14EvOqAhfn60g_e6Wpq_vLlKvmAM4nPsnslA1g3NcJMa435bQ_XV53KLTDQzio2v5KQ=w408-h306-k-no","false","true","/g/1tflyy__","es-419","0","-2.1361111","-79.9005556",,"Alborada Este",,"false","ChIJvUBMdmxtLZAR4UKXj_NY9UM","090508",,"Hace 5 años","2021-03-22T18:13:12.875Z",,,,,,,,,,,,,,,,,,,,,,"ChdDSUhNMG9nS0VJQ0FnSUR5NzhmMXhBRRAB",,,,,,,,"Google",,,"36",,,"1212","2026-08-08T17:30:22.978Z","Direct Detail URL: https://www.google.com/maps/place/Parrillada+Punta+Del+Este/@-2.2158291,-79.9617486,11.42z/data=!4m10!1m2!2m1!1sParrilla+Punta+del+Este+!3m6!1s0x902d6d6c764c40bd:0x43f558f38f9742e1!8m2!3d-2.1361111!4d-79.9005556!15sChdQYXJyaWxsYSBQdW50YSBkZWwgRXN0ZVoZIhdwYXJyaWxsYSBwdW50YSBkZWwgZXN0ZZIBBmFzYWRvcpoBI0NoWkRTVWhOTUc5blMwVkpRMEZuU1VSYU1IWlFhMVZuRUFF4AEA-gEECAAQJQ!16s%2Fg%2F1tflyy__?entry=ttu&g_ep=EgoyMDI2MDgwNS4xIKXMDSoASAFQAw%3D%3D","3",,"V37X+HQ4, Av. 2 N-E - Ing. Rodolfo Baquerizo Nazur","false",,,"Parrillada Punta Del Este","4.3",,"https://www.google.com/maps/search/?api=1&query=Parrillada%20Punta%20Del%20Este&query_place_id=ChIJvUBMdmxtLZAR4UKXj_NY9UM",
"V37X+HQ4, Av. 2 N-E - Ing. Rodolfo Baquerizo Nazur, 090508 Guayaquil, Ecuador","Parrilla","Parrilla","4896917972944634593","Guayaquil","EC","0x902d6d6c764c40bd:0x43f558f38f9742e1",,"https://lh3.googleusercontent.com/gps-cs-s/AHRPTWkRTcvnpJDUhkVYCVgu4xIBH78r7D8wp1dQEbHQ0Gg3bt0SA10fk4KPI-CuXfPpw30foXs14EvOqAhfn60g_e6Wpq_vLlKvmAM4nPsnslA1g3NcJMa435bQ_XV53KLTDQzio2v5KQ=w408-h306-k-no","false","false","/g/1tflyy__","es-419","0","-2.1361111","-79.9005556",,"Alborada Este","es","false","ChIJvUBMdmxtLZAR4UKXj_NY9UM","090508",,"Hace 5 años","2021-03-22T12:44:22.768Z",,,,,,,,,,,,,,,,,,,,,,"ChdDSUhNMG9nS0VJQ0FnSUR5cjdPdXpRRRAB",,,,,,,,"Google",,,"6",,,"1212","2026-08-08T17:30:22.978Z","Direct Detail URL: https://www.google.com/maps/place/Parrillada+Punta+Del+Este/@-2.2158291,-79.9617486,11.42z/data=!4m10!1m2!2m1!1sParrilla+Punta+del+Este+!3m6!1s0x902d6d6c764c40bd:0x43f558f38f9742e1!8m2!3d-2.1361111!4d-79.9005556!15sChdQYXJyaWxsYSBQdW50YSBkZWwgRXN0ZVoZIhdwYXJyaWxsYSBwdW50YSBkZWwgZXN0ZZIBBmFzYWRvcpoBI0NoWkRTVWhOTUc5blMwVkpRMEZuU1VSYU1IWlFhMVZuRUFF4AEA-gEECAAQJQ!16s%2Fg%2F1tflyy__?entry=ttu&g_ep=EgoyMDI2MDgwNS4xIKXMDSoASAFQAw%3D%3D","4",,"V37X+HQ4, Av. 2 N-E - Ing. Rodolfo Baquerizo Nazur","false","Muy agradable",,"Parrillada Punta Del Este","4.3",,"https://www.google.com/maps/search/?api=1&query=Parrillada%20Punta%20Del%20Este&query_place_id=ChIJvUBMdmxtLZAR4UKXj_NY9UM",
"V37X+HQ4, Av. 2 N-E - Ing. Rodolfo Baquerizo Nazur, 090508 Guayaquil, Ecuador","Parrilla","Parrilla","4896917972944634593","Guayaquil","EC","0x902d6d6c764c40bd:0x43f558f38f9742e1",,"https://lh3.googleusercontent.com/gps-cs-s/AHRPTWkRTcvnpJDUhkVYCVgu4xIBH78r7D8wp1dQEbHQ0Gg3bt0SA10fk4KPI-CuXfPpw30foXs14EvOqAhfn60g_e6Wpq_vLlKvmAM4nPsnslA1g3NcJMa435bQ_XV53KLTDQzio2v5KQ=w408-h306-k-no","false","false","/g/1tflyy__","es-419","0","-2.1361111","-79.9005556",,"Alborada Este",,"false","ChIJvUBMdmxtLZAR4UKXj_NY9UM","090508",,"Hace 5 años","2021-03-21T07:45:42.909Z",,,,,,,,,,,,,,,,,,,,,,"ChdDSUhNMG9nS0VJQ0FnSUR5dDRXSnBBRRAB",,,,,,,,"Google",,,"0",,,"1212","2026-08-08T17:30:22.978Z","Direct Detail URL: https://www.google.com/maps/place/Parrillada+Punta+Del+Este/@-2.2158291,-79.9617486,11.42z/data=!4m10!1m2!2m1!1sParrilla+Punta+del+Este+!3m6!1s0x902d6d6c764c40bd:0x43f558f38f9742e1!8m2!3d-2.1361111!4d-79.9005556!15sChdQYXJyaWxsYSBQdW50YSBkZWwgRXN0ZVoZIhdwYXJyaWxsYSBwdW50YSBkZWwgZXN0ZZIBBmFzYWRvcpoBI0NoWkRTVWhOTUc5blMwVkpRMEZuU1VSYU1IWlFhMVZuRUFF4AEA-gEECAAQJQ!16s%2Fg%2F1tflyy__?entry=ttu&g_ep=EgoyMDI2MDgwNS4xIKXMDSoASAFQAw%3D%3D","5",,"V37X+HQ4, Av. 2 N-E - Ing. Rodolfo Baquerizo Nazur","false",,,"Parrillada Punta Del Este","4.3",,"https://www.google.com/maps/search/?api=1&query=Parrillada%20Punta%20Del%20Este&query_place_id=ChIJvUBMdmxtLZAR4UKXj_NY9UM",
"V37X+HQ4, Av. 2 N-E - Ing. Rodolfo Baquerizo Nazur, 090508 Guayaquil, Ecuador","Parrilla","Parrilla","4896917972944634593","Guayaquil","EC","0x902d6d6c764c40bd:0x43f558f38f9742e1",,"https://lh3.googleusercontent.com/gps-cs-s/AHRPTWkRTcvnpJDUhkVYCVgu4xIBH78r7D8wp1dQEbHQ0Gg3bt0SA10fk4KPI-CuXfPpw30foXs14EvOqAhfn60g_e6Wpq_vLlKvmAM4nPsnslA1g3NcJMa435bQ_XV53KLTDQzio2v5KQ=w408-h306-k-no","false","true","/g/1tflyy__","es-419","0","-2.1361111","-79.9005556",,"Alborada Este",,"false","ChIJvUBMdmxtLZAR4UKXj_NY9UM","090508",,"Hace 5 años","2021-03-10T01:14:37.102Z",,,,,,,,,,,,,,,,,,,,,,"ChdDSUhNMG9nS0VJQ0FnSUR5d2NmX3lRRRAB",,,,,,,,"Google",,,"26",,,"1212","2026-08-08T17:30:22.978Z","Direct Detail URL: https://www.google.com/maps/place/Parrillada+Punta+Del+Este/@-2.2158291,-79.9617486,11.42z/data=!4m10!1m2!2m1!1sParrilla+Punta+del+Este+!3m6!1s0x902d6d6c764c40bd:0x43f558f38f9742e1!8m2!3d-2.1361111!4d-79.9005556!15sChdQYXJyaWxsYSBQdW50YSBkZWwgRXN0ZVoZIhdwYXJyaWxsYSBwdW50YSBkZWwgZXN0ZZIBBmFzYWRvcpoBI0NoWkRTVWhOTUc5blMwVkpRMEZuU1VSYU1IWlFhMVZuRUFF4AEA-gEECAAQJQ!16s%2Fg%2F1tflyy__?entry=ttu&g_ep=EgoyMDI2MDgwNS4xIKXMDSoASAFQAw%3D%3D","3",,"V37X+HQ4, Av. 2 N-E - Ing. Rodolfo Baquerizo Nazur","false",,,"Parrillada Punta Del Este","4.3",,"https://www.google.com/maps/search/?api=1&query=Parrillada%20Punta%20Del%20Este&query_place_id=ChIJvUBMdmxtLZAR4UKXj_NY9UM",
"V37X+HQ4, Av. 2 N-E - Ing. Rodolfo Baquerizo Nazur, 090508 Guayaquil, Ecuador","Parrilla","Parrilla","4896917972944634593","Guayaquil","EC","0x902d6d6c764c40bd:0x43f558f38f9742e1",,"https://lh3.googleusercontent.com/gps-cs-s/AHRPTWkRTcvnpJDUhkVYCVgu4xIBH78r7D8wp1dQEbHQ0Gg3bt0SA10fk4KPI-CuXfPpw30foXs14EvOqAhfn60g_e6Wpq_vLlKvmAM4nPsnslA1g3NcJMa435bQ_XV53KLTDQzio2v5KQ=w408-h306-k-no","false","true","/g/1tflyy__","es-419","0","-2.1361111","-79.9005556",,"Alborada Este",,"false","ChIJvUBMdmxtLZAR4UKXj_NY9UM","090508",,"Hace 5 años","2021-03-08T21:26:38.908Z",,,,,,,,,,,,,,,,,,,,,,"ChZDSUhNMG9nS0VJQ0FnSUR5M3NIMVNREAE",,,,,,,,"Google",,,"26",,,"1212","2026-08-08T17:30:22.978Z","Direct Detail URL: https://www.google.com/maps/place/Parrillada+Punta+Del+Este/@-2.2158291,-79.9617486,11.42z/data=!4m10!1m2!2m1!1sParrilla+Punta+del+Este+!3m6!1s0x902d6d6c764c40bd:0x43f558f38f9742e1!8m2!3d-2.1361111!4d-79.9005556!15sChdQYXJyaWxsYSBQdW50YSBkZWwgRXN0ZVoZIhdwYXJyaWxsYSBwdW50YSBkZWwgZXN0ZZIBBmFzYWRvcpoBI0NoWkRTVWhOTUc5blMwVkpRMEZuU1VSYU1IWlFhMVZuRUFF4AEA-gEECAAQJQ!16s%2Fg%2F1tflyy__?entry=ttu&g_ep=EgoyMDI2MDgwNS4xIKXMDSoASAFQAw%3D%3D","5",,"V37X+HQ4, Av. 2 N-E - Ing. Rodolfo Baquerizo Nazur","false",,,"Parrillada Punta Del Este","4.3",,"https://www.google.com/maps/search/?api=1&query=Parrillada%20Punta%20Del%20Este&query_place_id=ChIJvUBMdmxtLZAR4UKXj_NY9UM",
"V37X+HQ4, Av. 2 N-E - Ing. Rodolfo Baquerizo Nazur, 090508 Guayaquil, Ecuador","Parrilla","Parrilla","4896917972944634593","Guayaquil","EC","0x902d6d6c764c40bd:0x43f558f38f9742e1",,"https://lh3.googleusercontent.com/gps-cs-s/AHRPTWkRTcvnpJDUhkVYCVgu4xIBH78r7D8wp1dQEbHQ0Gg3bt0SA10fk4KPI-CuXfPpw30foXs14EvOqAhfn60g_e6Wpq_vLlKvmAM4nPsnslA1g3NcJMa435bQ_XV53KLTDQzio2v5KQ=w408-h306-k-no","false","false","/g/1tflyy__","es-419","0","-2.1361111","-79.9005556",,"Alborada Este","es","false","ChIJvUBMdmxtLZAR4UKXj_NY9UM","090508",,"Hace 5 años","2021-03-08T16:07:29.615Z",,,,,,,,,,,,,,,,,,,,,,"ChdDSUhNMG9nS0VJQ0FnSUR5bnRtX2dnRRAB",,,,,,,,"Google",,,"11",,,"1212","2026-08-08T17:30:22.978Z","Direct Detail URL: https://www.google.com/maps/place/Parrillada+Punta+Del+Este/@-2.2158291,-79.9617486,11.42z/data=!4m10!1m2!2m1!1sParrilla+Punta+del+Este+!3m6!1s0x902d6d6c764c40bd:0x43f558f38f9742e1!8m2!3d-2.1361111!4d-79.9005556!15sChdQYXJyaWxsYSBQdW50YSBkZWwgRXN0ZVoZIhdwYXJyaWxsYSBwdW50YSBkZWwgZXN0ZZIBBmFzYWRvcpoBI0NoWkRTVWhOTUc5blMwVkpRMEZuU1VSYU1IWlFhMVZuRUFF4AEA-gEECAAQJQ!16s%2Fg%2F1tflyy__?entry=ttu&g_ep=EgoyMDI2MDgwNS4xIKXMDSoASAFQAw%3D%3D","5",,"V37X+HQ4, Av. 2 N-E - Ing. Rodolfo Baquerizo Nazur","false","Quedé satisfecho con la atención y el ambiente. Me gustó",,"Parrillada Punta Del Este","4.3",,"https://www.google.com/maps/search/?api=1&query=Parrillada%20Punta%20Del%20Este&query_place_id=ChIJvUBMdmxtLZAR4UKXj_NY9UM",
"V37X+HQ4, Av. 2 N-E - Ing. Rodolfo Baquerizo Nazur, 090508 Guayaquil, Ecuador","Parrilla","Parrilla","4896917972944634593","Guayaquil","EC","0x902d6d6c764c40bd:0x43f558f38f9742e1",,"https://lh3.googleusercontent.com/gps-cs-s/AHRPTWkRTcvnpJDUhkVYCVgu4xIBH78r7D8wp1dQEbHQ0Gg3bt0SA10fk4KPI-CuXfPpw30foXs14EvOqAhfn60g_e6Wpq_vLlKvmAM4nPsnslA1g3NcJMa435bQ_XV53KLTDQzio2v5KQ=w408-h306-k-no","false","true","/g/1tflyy__","es-419","1","-2.1361111","-79.9005556",,"Alborada Este","es","false","ChIJvUBMdmxtLZAR4UKXj_NY9UM","090508",,"Editado Hace 5 años","2021-02-20T22:29:55.743Z",,,,,,,,,,,,,,,,,,,,,,"ChdDSUhNMG9nS0VJQ0FnSURDbDVxM3JBRRAB",,,,,,,,"Google",,,"93",,,"1212","2026-08-08T17:30:22.978Z","Direct Detail URL: https://www.google.com/maps/place/Parrillada+Punta+Del+Este/@-2.2158291,-79.9617486,11.42z/data=!4m10!1m2!2m1!1sParrilla+Punta+del+Este+!3m6!1s0x902d6d6c764c40bd:0x43f558f38f9742e1!8m2!3d-2.1361111!4d-79.9005556!15sChdQYXJyaWxsYSBQdW50YSBkZWwgRXN0ZVoZIhdwYXJyaWxsYSBwdW50YSBkZWwgZXN0ZZIBBmFzYWRvcpoBI0NoWkRTVWhOTUc5blMwVkpRMEZuU1VSYU1IWlFhMVZuRUFF4AEA-gEECAAQJQ!16s%2Fg%2F1tflyy__?entry=ttu&g_ep=EgoyMDI2MDgwNS4xIKXMDSoASAFQAw%3D%3D","5",,"V37X+HQ4, Av. 2 N-E - Ing. Rodolfo Baquerizo Nazur","false","Siempre cómo aquí el arroz con menestra y pollo es mi plato preferido",,"Parrillada Punta Del Este","4.3",,"https://www.google.com/maps/search/?api=1&query=Parrillada%20Punta%20Del%20Este&query_place_id=ChIJvUBMdmxtLZAR4UKXj_NY9UM",
