"address","categories/0","categoryName","cid","city","countryCode","fid","hotelStars","imageUrl","isAdvertisement","isLocalGuide","kgmid","language","likesCount","location/lat","location/lng","name","neighborhood","originalLanguage","permanentlyClosed","placeId","postalCode","price","publishAt","publishedAtDate","rating","responseFromOwnerDate","responseFromOwnerText","reviewContext/Adecuado para niños","reviewContext/Espacios para estacionar","reviewContext/Estacionamiento","reviewContext/Eventos especiales","reviewContext/Nivel de ruido","reviewContext/Ofertas especiales","reviewContext/Opciones de estacionamiento","reviewContext/Platos recomendados","reviewContext/Platos vegetarianos","reviewContext/Precio por persona","reviewContext/Reservas","reviewContext/Restricciones de dieta disponibles","reviewContext/Tamaño del grupo","reviewContext/Tiempo de espera","reviewContext/Tipo de asiento","reviewContext/Tipo de comida","reviewContext/Tipo de pedido","reviewDetailedRating/Ambiente","reviewDetailedRating/Comida","reviewDetailedRating/Servicio","reviewId","reviewImageUrls/0","reviewImageUrls/1","reviewImageUrls/2","reviewImageUrls/3","reviewImageUrls/4","reviewImageUrls/5","reviewImageUrls/6","reviewOrigin","reviewUrl","reviewerId","reviewerNumberOfReviews","reviewerPhotoUrl","reviewerUrl","reviewsCount","scrapedAt","searchString","stars","state","street","temporarilyClosed","text","textTranslated","title","totalScore","translatedLanguage","url","visitedIn"
"Victor Emilio Estrada 1219, 090507 Guayaquil, Ecuador","Restaurante","Restaurante","12291618415396188714","Guayaquil","EC","0x902d6e14a839ec67:0xaa9499d33456f22a",,"https://lh3.googleusercontent.com/gps-cs-s/AHRPTWmIUzVJwpGT6y_wQQ_TKYbRgzO5ugvsumt9t1zWonuk6a3hjdvi8BSM03prBOmsGw6hCC9rMy2ViBaIpkI9HCjeB8TVchHmhSApUHrQYFx7ZvtNdOcKC6sHC5xlMlCM3-WwIhb0=w408-h306-k-no","false","false","/g/1vr3f6tq","es-419","0","-2.1615629","-79.9165523",,"Miraflores","es","false","ChIJZ-w5qBRuLZARKvJWNNOZlKo","090507","$10-35","Hace 2 días","2026-08-06T03:14:21.981Z",,,,,,,,"Muy silencioso",,,,,"$35-40","No se requiere hacer una reserva",,,"Hasta 10 min",,,,"4","1","4","Ci9DQUlRQUNvZENodHljRjlvT210c2VtRkJVUzFIVUU5MFZsRlRiV05vZW5GMlQzYxAB",,,,,,,,"Google",,,"1",,,"3350","2026-08-08T17:01:21.389Z","Direct Detail URL: https://www.google.com/maps/place/La+Parrilla+Del+%C3%91ato+-+Urdesa/@-2.1747534,-79.9216969,12.79z/data=!3m1!5s0x902d6d885fe9a76f:0x90560e68c111d162!4m12!1m2!2m1!1sLa+Parrilla+del+%C3%91ato!3m8!1s0x902d6e14a839ec67:0xaa9499d33456f22a!8m2!3d-2.1615629!4d-79.9165523!9m1!1b1!15sChVMYSBQYXJyaWxsYSBkZWwgw5FhdG8iA4gBAVoXIhVsYSBwYXJyaWxsYSBkZWwgw7FhdG-SAQpyZXN0YXVyYW504AEA!16s%2Fg%2F1vr3f6tq?entry=ttu&g_ep=EgoyMDI2MDgwNS4xIKXMDSoASAFQAw%3D%3D","2",,"Victor Emilio Estrada 1219","false","La carne de res estaba durísima para cortar y masticar; posiblemente sea de una res vieja. El chorizo no sabía a uno como tal; el interior se veía hecho con restos de carne y había pimentones rojos bien picados en su interior. La menestra parecía recalentada y el patacón estaba duro. El mesero de turno recomendó jugo de limón con carne (para los gustos, colores, pero creería yo que la gente normalmente comería jugo de limón con pescado).",,"La Parrilla Del Ñato - Urdesa","4.4",,"https://www.google.com/maps/search/?api=1&query=La%20Parrilla%20Del%20%C3%91ato%20-%20Urdesa&query_place_id=ChIJZ-w5qBRuLZARKvJWNNOZlKo",
"Victor Emilio Estrada 1219, 090507 Guayaquil, Ecuador","Restaurante","Restaurante","12291618415396188714","Guayaquil","EC","0x902d6e14a839ec67:0xaa9499d33456f22a",,"https://lh3.googleusercontent.com/gps-cs-s/AHRPTWmIUzVJwpGT6y_wQQ_TKYbRgzO5ugvsumt9t1zWonuk6a3hjdvi8BSM03prBOmsGw6hCC9rMy2ViBaIpkI9HCjeB8TVchHmhSApUHrQYFx7ZvtNdOcKC6sHC5xlMlCM3-WwIhb0=w408-h306-k-no","false","false","/g/1vr3f6tq","es-419","0","-2.1615629","-79.9165523",,"Miraflores",,"false","ChIJZ-w5qBRuLZARKvJWNNOZlKo","090507","$10-35","Hace 4 días","2026-08-04T13:47:44.080Z",,,,,,,,"Ruido moderado",,,,,"$10-15",,,,"De 10 a 30 min",,,,"5","4","5","Ci9DQUlRQUNvZENodHljRjlvT25welQxRmtUSGRmTkdGSVRqQkdPV1kzZEZBd1VHYxAB",,,,,,,,"Google",,,"5",,,"3350","2026-08-08T17:01:21.389Z","Direct Detail URL: https://www.google.com/maps/place/La+Parrilla+Del+%C3%91ato+-+Urdesa/@-2.1747534,-79.9216969,12.79z/data=!3m1!5s0x902d6d885fe9a76f:0x90560e68c111d162!4m12!1m2!2m1!1sLa+Parrilla+del+%C3%91ato!3m8!1s0x902d6e14a839ec67:0xaa9499d33456f22a!8m2!3d-2.1615629!4d-79.9165523!9m1!1b1!15sChVMYSBQYXJyaWxsYSBkZWwgw5FhdG8iA4gBAVoXIhVsYSBwYXJyaWxsYSBkZWwgw7FhdG-SAQpyZXN0YXVyYW504AEA!16s%2Fg%2F1vr3f6tq?entry=ttu&g_ep=EgoyMDI2MDgwNS4xIKXMDSoASAFQAw%3D%3D","5",,"Victor Emilio Estrada 1219","false",,,"La Parrilla Del Ñato - Urdesa","4.4",,"https://www.google.com/maps/search/?api=1&query=La%20Parrilla%20Del%20%C3%91ato%20-%20Urdesa&query_place_id=ChIJZ-w5qBRuLZARKvJWNNOZlKo",
"Victor Emilio Estrada 1219, 090507 Guayaquil, Ecuador","Restaurante","Restaurante","12291618415396188714","Guayaquil","EC","0x902d6e14a839ec67:0xaa9499d33456f22a",,"https://lh3.googleusercontent.com/gps-cs-s/AHRPTWmIUzVJwpGT6y_wQQ_TKYbRgzO5ugvsumt9t1zWonuk6a3hjdvi8BSM03prBOmsGw6hCC9rMy2ViBaIpkI9HCjeB8TVchHmhSApUHrQYFx7ZvtNdOcKC6sHC5xlMlCM3-WwIhb0=w408-h306-k-no","false","true","/g/1vr3f6tq","es-419","0","-2.1615629","-79.9165523",,"Miraflores","es","false","ChIJZ-w5qBRuLZARKvJWNNOZlKo","090507","$10-35","Hace 4 días","2026-08-04T00:28:48.097Z",,,,,,,,,,,,,"$20-25",,,,"Sin espera",,,,"5","5","5","Ci9DQUlRQUNvZENodHljRjlvT2xWa2RrWkpkR2hxTlVaQ1ptTnNURkZ3UjNGVU9IYxAB",,,,,,,,"Google",,,"19",,,"3350","2026-08-08T17:01:21.389Z","Direct Detail URL: https://www.google.com/maps/place/La+Parrilla+Del+%C3%91ato+-+Urdesa/@-2.1747534,-79.9216969,12.79z/data=!3m1!5s0x902d6d885fe9a76f:0x90560e68c111d162!4m12!1m2!2m1!1sLa+Parrilla+del+%C3%91ato!3m8!1s0x902d6e14a839ec67:0xaa9499d33456f22a!8m2!3d-2.1615629!4d-79.9165523!9m1!1b1!15sChVMYSBQYXJyaWxsYSBkZWwgw5FhdG8iA4gBAVoXIhVsYSBwYXJyaWxsYSBkZWwgw7FhdG-SAQpyZXN0YXVyYW504AEA!16s%2Fg%2F1vr3f6tq?entry=ttu&g_ep=EgoyMDI2MDgwNS4xIKXMDSoASAFQAw%3D%3D","5",,"Victor Emilio Estrada 1219","false","Recordé lo q era antes el ñato x la calidad de su pecho paloma delicioso, y en el término qclo pedí",,"La Parrilla Del Ñato - Urdesa","4.4",,"https://www.google.com/maps/search/?api=1&query=La%20Parrilla%20Del%20%C3%91ato%20-%20Urdesa&query_place_id=ChIJZ-w5qBRuLZARKvJWNNOZlKo",
"Victor Emilio Estrada 1219, 090507 Guayaquil, Ecuador","Restaurante","Restaurante","12291618415396188714","Guayaquil","EC","0x902d6e14a839ec67:0xaa9499d33456f22a",,"https://lh3.googleusercontent.com/gps-cs-s/AHRPTWmIUzVJwpGT6y_wQQ_TKYbRgzO5ugvsumt9t1zWonuk6a3hjdvi8BSM03prBOmsGw6hCC9rMy2ViBaIpkI9HCjeB8TVchHmhSApUHrQYFx7ZvtNdOcKC6sHC5xlMlCM3-WwIhb0=w408-h306-k-no","false","false","/g/1vr3f6tq","es-419","0","-2.1615629","-79.9165523",,"Miraflores","es","false","ChIJZ-w5qBRuLZARKvJWNNOZlKo","090507","$10-35","una semana atrás","2026-07-30T08:48:32.111Z",,,,,,,,"Ruido moderado",,,,,"$20-25",,,,"Hasta 10 min",,"Cena",,"5","5","5","Ci9DQUlRQUNvZENodHljRjlvT25kSlR6bHBPRmhJUkZkT00xa3lTVWt5YW1WbFJYYxAB","https://lh3.googleusercontent.com/grass-cs/ACvplmOGj_Iy9iibsSg3Mfpw5-9B4DGEJjtcYyuLToPB8ghQRvJqOrzYJEJiforQiG8hZLprQBkPBla554VFggun0bNzqjnwMLDN141ohqSojc4Mk5miffJFiY768o3-Q69W26STe-8FmbcxWUs=k-no","https://lh3.googleusercontent.com/grass-cs/ACvplmNrnpbZrbm6fyMfExorSSoK7R74NtSY491W-AKFVcTibDvte5OQEL8jHR89izBXMhhAnjfW7S03E5rP7PzXj4hL_dNAtexAaYQ0PDZZ8s3GihbiJItHBOxTrRzPZ0Uj8f0K7soIbDhMqY6G=k-no",,,,,,"Google",,,"7",,,"3350","2026-08-08T17:01:21.389Z","Direct Detail URL: https://www.google.com/maps/place/La+Parrilla+Del+%C3%91ato+-+Urdesa/@-2.1747534,-79.9216969,12.79z/data=!3m1!5s0x902d6d885fe9a76f:0x90560e68c111d162!4m12!1m2!2m1!1sLa+Parrilla+del+%C3%91ato!3m8!1s0x902d6e14a839ec67:0xaa9499d33456f22a!8m2!3d-2.1615629!4d-79.9165523!9m1!1b1!15sChVMYSBQYXJyaWxsYSBkZWwgw5FhdG8iA4gBAVoXIhVsYSBwYXJyaWxsYSBkZWwgw7FhdG-SAQpyZXN0YXVyYW504AEA!16s%2Fg%2F1vr3f6tq?entry=ttu&g_ep=EgoyMDI2MDgwNS4xIKXMDSoASAFQAw%3D%3D","5",,"Victor Emilio Estrada 1219","false","Todo perfecto, la comida riquisima y la atención no podria der mejor, se acercan a cantar unos señores muy amables",,"La Parrilla Del Ñato - Urdesa","4.4",,"https://www.google.com/maps/search/?api=1&query=La%20Parrilla%20Del%20%C3%91ato%20-%20Urdesa&query_place_id=ChIJZ-w5qBRuLZARKvJWNNOZlKo",
"Victor Emilio Estrada 1219, 090507 Guayaquil, Ecuador","Restaurante","Restaurante","12291618415396188714","Guayaquil","EC","0x902d6e14a839ec67:0xaa9499d33456f22a",,"https://lh3.googleusercontent.com/gps-cs-s/AHRPTWmIUzVJwpGT6y_wQQ_TKYbRgzO5ugvsumt9t1zWonuk6a3hjdvi8BSM03prBOmsGw6hCC9rMy2ViBaIpkI9HCjeB8TVchHmhSApUHrQYFx7ZvtNdOcKC6sHC5xlMlCM3-WwIhb0=w408-h306-k-no","false","true","/g/1vr3f6tq","es-419","0","-2.1615629","-79.9165523",,"Miraflores","es","false","ChIJZ-w5qBRuLZARKvJWNNOZlKo","090507","$10-35","3 semanas atrás","2026-07-17T20:49:42.770Z",,,,,,,,,,,,,,,,,,,,,,,,"Ci9DQUlRQUNvZENodHljRjlvT25WQ1kyUlJUWEF6Yld0WFFtRlJja281TjNkVFZGRRAB",,,,,,,,"Google",,,"86",,,"3350","2026-08-08T17:01:21.389Z","Direct Detail URL: https://www.google.com/maps/place/La+Parrilla+Del+%C3%91ato+-+Urdesa/@-2.1747534,-79.9216969,12.79z/data=!3m1!5s0x902d6d885fe9a76f:0x90560e68c111d162!4m12!1m2!2m1!1sLa+Parrilla+del+%C3%91ato!3m8!1s0x902d6e14a839ec67:0xaa9499d33456f22a!8m2!3d-2.1615629!4d-79.9165523!9m1!1b1!15sChVMYSBQYXJyaWxsYSBkZWwgw5FhdG8iA4gBAVoXIhVsYSBwYXJyaWxsYSBkZWwgw7FhdG-SAQpyZXN0YXVyYW504AEA!16s%2Fg%2F1vr3f6tq?entry=ttu&g_ep=EgoyMDI2MDgwNS4xIKXMDSoASAFQAw%3D%3D","5",,"Victor Emilio Estrada 1219","false","Todo de primera, la calidad està sùper bien
Recomendado
Los almuerzos estàn buenìsimos, no hay que desaprovecharlos, hasta con postre",,"La Parrilla Del Ñato - Urdesa","4.4",,"https://www.google.com/maps/search/?api=1&query=La%20Parrilla%20Del%20%C3%91ato%20-%20Urdesa&query_place_id=ChIJZ-w5qBRuLZARKvJWNNOZlKo",
"Victor Emilio Estrada 1219, 090507 Guayaquil, Ecuador","Restaurante","Restaurante","12291618415396188714","Guayaquil","EC","0x902d6e14a839ec67:0xaa9499d33456f22a",,"https://lh3.googleusercontent.com/gps-cs-s/AHRPTWmIUzVJwpGT6y_wQQ_TKYbRgzO5ugvsumt9t1zWonuk6a3hjdvi8BSM03prBOmsGw6hCC9rMy2ViBaIpkI9HCjeB8TVchHmhSApUHrQYFx7ZvtNdOcKC6sHC5xlMlCM3-WwIhb0=w408-h306-k-no","false","false","/g/1vr3f6tq","es-419","0","-2.1615629","-79.9165523",,"Miraflores","es","false","ChIJZ-w5qBRuLZARKvJWNNOZlKo","090507","$10-35","Hace un mes","2026-07-04T17:44:39.734Z",,,,,,,"Evento de temporada o de festividades","Silencioso, agradable para conversar",,,,,"$30-35",,,,,"Comedor cubierto",,,,,,"Ci9DQUlRQUNvZENodHljRjlvT25oQ1ZHUmFSbXh0WVVSb1RUZ3RjbVYxZDA5ZlZXYxAB",,,,,,,,"Google",,,"4",,,"3350","2026-08-08T17:01:21.389Z","Direct Detail URL: https://www.google.com/maps/place/La+Parrilla+Del+%C3%91ato+-+Urdesa/@-2.1747534,-79.9216969,12.79z/data=!3m1!5s0x902d6d885fe9a76f:0x90560e68c111d162!4m12!1m2!2m1!1sLa+Parrilla+del+%C3%91ato!3m8!1s0x902d6e14a839ec67:0xaa9499d33456f22a!8m2!3d-2.1615629!4d-79.9165523!9m1!1b1!15sChVMYSBQYXJyaWxsYSBkZWwgw5FhdG8iA4gBAVoXIhVsYSBwYXJyaWxsYSBkZWwgw7FhdG-SAQpyZXN0YXVyYW504AEA!16s%2Fg%2F1vr3f6tq?entry=ttu&g_ep=EgoyMDI2MDgwNS4xIKXMDSoASAFQAw%3D%3D","5",,"Victor Emilio Estrada 1219","false","Exelente",,"La Parrilla Del Ñato - Urdesa","4.4",,"https://www.google.com/maps/search/?api=1&query=La%20Parrilla%20Del%20%C3%91ato%20-%20Urdesa&query_place_id=ChIJZ-w5qBRuLZARKvJWNNOZlKo",
"Victor Emilio Estrada 1219, 090507 Guayaquil, Ecuador","Restaurante","Restaurante","12291618415396188714","Guayaquil","EC","0x902d6e14a839ec67:0xaa9499d33456f22a",,"https://lh3.googleusercontent.com/gps-cs-s/AHRPTWmIUzVJwpGT6y_wQQ_TKYbRgzO5ugvsumt9t1zWonuk6a3hjdvi8BSM03prBOmsGw6hCC9rMy2ViBaIpkI9HCjeB8TVchHmhSApUHrQYFx7ZvtNdOcKC6sHC5xlMlCM3-WwIhb0=w408-h306-k-no","false","true","/g/1vr3f6tq","es-419","0","-2.1615629","-79.9165523",,"Miraflores","es","false","ChIJZ-w5qBRuLZARKvJWNNOZlKo","090507","$10-35","Hace un mes","2026-06-28T18:54:19.877Z",,,,,,,,,,,,,,,,,,,,,,,,"Ci9DQUlRQUNvZENodHljRjlvT25SWVIySmFRMmxJVlc5b01WTjNObFZoWDFwRVoyYxAB",,,,,,,,"Google",,,"20",,,"3350","2026-08-08T17:01:21.389Z","Direct Detail URL: https://www.google.com/maps/place/La+Parrilla+Del+%C3%91ato+-+Urdesa/@-2.1747534,-79.9216969,12.79z/data=!3m1!5s0x902d6d885fe9a76f:0x90560e68c111d162!4m12!1m2!2m1!1sLa+Parrilla+del+%C3%91ato!3m8!1s0x902d6e14a839ec67:0xaa9499d33456f22a!8m2!3d-2.1615629!4d-79.9165523!9m1!1b1!15sChVMYSBQYXJyaWxsYSBkZWwgw5FhdG8iA4gBAVoXIhVsYSBwYXJyaWxsYSBkZWwgw7FhdG-SAQpyZXN0YXVyYW504AEA!16s%2Fg%2F1vr3f6tq?entry=ttu&g_ep=EgoyMDI2MDgwNS4xIKXMDSoASAFQAw%3D%3D","5",,"Victor Emilio Estrada 1219","false","Excelente",,"La Parrilla Del Ñato - Urdesa","4.4",,"https://www.google.com/maps/search/?api=1&query=La%20Parrilla%20Del%20%C3%91ato%20-%20Urdesa&query_place_id=ChIJZ-w5qBRuLZARKvJWNNOZlKo",
"Victor Emilio Estrada 1219, 090507 Guayaquil, Ecuador","Restaurante","Restaurante","12291618415396188714","Guayaquil","EC","0x902d6e14a839ec67:0xaa9499d33456f22a",,"https://lh3.googleusercontent.com/gps-cs-s/AHRPTWmIUzVJwpGT6y_wQQ_TKYbRgzO5ugvsumt9t1zWonuk6a3hjdvi8BSM03prBOmsGw6hCC9rMy2ViBaIpkI9HCjeB8TVchHmhSApUHrQYFx7ZvtNdOcKC6sHC5xlMlCM3-WwIhb0=w408-h306-k-no","false","false","/g/1vr3f6tq","es-419","0","-2.1615629","-79.9165523",,"Miraflores","es","false","ChIJZ-w5qBRuLZARKvJWNNOZlKo","090507","$10-35","Hace un mes","2026-06-26T19:17:18.659Z",,,,,,,,,,,,,"$5-10",,,,,,,,,,,"Ci9DQUlRQUNvZENodHljRjlvT21kbWFISllkRnBmZFV4MGQzRlpaREJuTFV4T2FYYxAB",,,,,,,,"Google",,,"1",,,"3350","2026-08-08T17:01:21.389Z","Direct Detail URL: https://www.google.com/maps/place/La+Parrilla+Del+%C3%91ato+-+Urdesa/@-2.1747534,-79.9216969,12.79z/data=!3m1!5s0x902d6d885fe9a76f:0x90560e68c111d162!4m12!1m2!2m1!1sLa+Parrilla+del+%C3%91ato!3m8!1s0x902d6e14a839ec67:0xaa9499d33456f22a!8m2!3d-2.1615629!4d-79.9165523!9m1!1b1!15sChVMYSBQYXJyaWxsYSBkZWwgw5FhdG8iA4gBAVoXIhVsYSBwYXJyaWxsYSBkZWwgw7FhdG-SAQpyZXN0YXVyYW504AEA!16s%2Fg%2F1vr3f6tq?entry=ttu&g_ep=EgoyMDI2MDgwNS4xIKXMDSoASAFQAw%3D%3D","5",,"Victor Emilio Estrada 1219","false","De todo lo que e probado, lo mejor calidad precio si quieres comer calidad precio, la ñatica y el ejecutivo son brutales. Muy recomendandos y la atención 10/10, si te gusta la carne ven aquí.",,"La Parrilla Del Ñato - Urdesa","4.4",,"https://www.google.com/maps/search/?api=1&query=La%20Parrilla%20Del%20%C3%91ato%20-%20Urdesa&query_place_id=ChIJZ-w5qBRuLZARKvJWNNOZlKo",
"Victor Emilio Estrada 1219, 090507 Guayaquil, Ecuador","Restaurante","Restaurante","12291618415396188714","Guayaquil","EC","0x902d6e14a839ec67:0xaa9499d33456f22a",,"https://lh3.googleusercontent.com/gps-cs-s/AHRPTWmIUzVJwpGT6y_wQQ_TKYbRgzO5ugvsumt9t1zWonuk6a3hjdvi8BSM03prBOmsGw6hCC9rMy2ViBaIpkI9HCjeB8TVchHmhSApUHrQYFx7ZvtNdOcKC6sHC5xlMlCM3-WwIhb0=w408-h306-k-no","false","true","/g/1vr3f6tq","es-419","0","-2.1615629","-79.9165523",,"Miraflores","es","false","ChIJZ-w5qBRuLZARKvJWNNOZlKo","090507","$10-35","Hace un mes","2026-06-10T12:20:02.739Z",,,,,,,,"Ruido moderado","Ofertas de día de semana",,,,"$5-10","No se requiere hacer una reserva",,,,,,,,,,"Ci9DQUlRQUNvZENodHljRjlvT2tkSWVHbFlaazlsVnpaSmNHUlBjRlJyZEhkMk1XYxAB",,,,,,,,"Google",,,"20",,,"3350","2026-08-08T17:01:21.389Z","Direct Detail URL: https://www.google.com/maps/place/La+Parrilla+Del+%C3%91ato+-+Urdesa/@-2.1747534,-79.9216969,12.79z/data=!3m1!5s0x902d6d885fe9a76f:0x90560e68c111d162!4m12!1m2!2m1!1sLa+Parrilla+del+%C3%91ato!3m8!1s0x902d6e14a839ec67:0xaa9499d33456f22a!8m2!3d-2.1615629!4d-79.9165523!9m1!1b1!15sChVMYSBQYXJyaWxsYSBkZWwgw5FhdG8iA4gBAVoXIhVsYSBwYXJyaWxsYSBkZWwgw7FhdG-SAQpyZXN0YXVyYW504AEA!16s%2Fg%2F1vr3f6tq?entry=ttu&g_ep=EgoyMDI2MDgwNS4xIKXMDSoASAFQAw%3D%3D","5",,"Victor Emilio Estrada 1219","false","Excelente lugar siguen manteniendo el sabor",,"La Parrilla Del Ñato - Urdesa","4.4",,"https://www.google.com/maps/search/?api=1&query=La%20Parrilla%20Del%20%C3%91ato%20-%20Urdesa&query_place_id=ChIJZ-w5qBRuLZARKvJWNNOZlKo",
"Victor Emilio Estrada 1219, 090507 Guayaquil, Ecuador","Restaurante","Restaurante","12291618415396188714","Guayaquil","EC","0x902d6e14a839ec67:0xaa9499d33456f22a",,"https://lh3.googleusercontent.com/gps-cs-s/AHRPTWmIUzVJwpGT6y_wQQ_TKYbRgzO5ugvsumt9t1zWonuk6a3hjdvi8BSM03prBOmsGw6hCC9rMy2ViBaIpkI9HCjeB8TVchHmhSApUHrQYFx7ZvtNdOcKC6sHC5xlMlCM3-WwIhb0=w408-h306-k-no","false","false","/g/1vr3f6tq","es-419","0","-2.1615629","-79.9165523",,"Miraflores","es","false","ChIJZ-w5qBRuLZARKvJWNNOZlKo","090507","$10-35","Hace 2 meses","2026-06-08T02:46:09.737Z",,,,,,,,"Silencioso, agradable para conversar",,,,,"$20-25","No lo sé",,"3 o 4 personas",,,,,,,,"Ci9DQUlRQUNvZENodHljRjlvT2pSQ09XZFlZams1U1hsUWNYcHFVbkZmWDB0YVlsRRAB",,,,,,,,"Google",,,"4",,,"3350","2026-08-08T17:01:21.389Z","Direct Detail URL: https://www.google.com/maps/place/La+Parrilla+Del+%C3%91ato+-+Urdesa/@-2.1747534,-79.9216969,12.79z/data=!3m1!5s0x902d6d885fe9a76f:0x90560e68c111d162!4m12!1m2!2m1!1sLa+Parrilla+del+%C3%91ato!3m8!1s0x902d6e14a839ec67:0xaa9499d33456f22a!8m2!3d-2.1615629!4d-79.9165523!9m1!1b1!15sChVMYSBQYXJyaWxsYSBkZWwgw5FhdG8iA4gBAVoXIhVsYSBwYXJyaWxsYSBkZWwgw7FhdG-SAQpyZXN0YXVyYW504AEA!16s%2Fg%2F1vr3f6tq?entry=ttu&g_ep=EgoyMDI2MDgwNS4xIKXMDSoASAFQAw%3D%3D","5",,"Victor Emilio Estrada 1219","false","Excelente servicio, buena comida y un ambiente tranquilo para disfrutar sin el estrés y el bullicio de gente amontonada.",,"La Parrilla Del Ñato - Urdesa","4.4",,"https://www.google.com/maps/search/?api=1&query=La%20Parrilla%20Del%20%C3%91ato%20-%20Urdesa&query_place_id=ChIJZ-w5qBRuLZARKvJWNNOZlKo",
"Victor Emilio Estrada 1219, 090507 Guayaquil, Ecuador","Restaurante","Restaurante","12291618415396188714","Guayaquil","EC","0x902d6e14a839ec67:0xaa9499d33456f22a",,"https://lh3.googleusercontent.com/gps-cs-s/AHRPTWmIUzVJwpGT6y_wQQ_TKYbRgzO5ugvsumt9t1zWonuk6a3hjdvi8BSM03prBOmsGw6hCC9rMy2ViBaIpkI9HCjeB8TVchHmhSApUHrQYFx7ZvtNdOcKC6sHC5xlMlCM3-WwIhb0=w408-h306-k-no","false","true","/g/1vr3f6tq","es-419","0","-2.1615629","-79.9165523",,"Miraflores","es","false","ChIJZ-w5qBRuLZARKvJWNNOZlKo","090507","$10-35","Editado Hace 2 meses","2026-06-08T02:21:56.333Z",,,,,"Es un poco difícil encontrar estacionamiento",,,,,,,,"Más de $50","No se requiere hacer una reserva",,,"De 10 a 30 min",,,,,,,"Ci9DQUlRQUNvZENodHljRjlvT2xVeWJrZFJRV1YxTWswM2JHOUhkR3g1VmxwV1puYxAB",,,,,,,,"Google",,,"13",,,"3350","2026-08-08T17:01:21.389Z","Direct Detail URL: https://www.google.com/maps/place/La+Parrilla+Del+%C3%91ato+-+Urdesa/@-2.1747534,-79.9216969,12.79z/data=!3m1!5s0x902d6d885fe9a76f:0x90560e68c111d162!4m12!1m2!2m1!1sLa+Parrilla+del+%C3%91ato!3m8!1s0x902d6e14a839ec67:0xaa9499d33456f22a!8m2!3d-2.1615629!4d-79.9165523!9m1!1b1!15sChVMYSBQYXJyaWxsYSBkZWwgw5FhdG8iA4gBAVoXIhVsYSBwYXJyaWxsYSBkZWwgw7FhdG-SAQpyZXN0YXVyYW504AEA!16s%2Fg%2F1vr3f6tq?entry=ttu&g_ep=EgoyMDI2MDgwNS4xIKXMDSoASAFQAw%3D%3D","5",,"Victor Emilio Estrada 1219","false","Excelente",,"La Parrilla Del Ñato - Urdesa","4.4",,"https://www.google.com/maps/search/?api=1&query=La%20Parrilla%20Del%20%C3%91ato%20-%20Urdesa&query_place_id=ChIJZ-w5qBRuLZARKvJWNNOZlKo",
"Victor Emilio Estrada 1219, 090507 Guayaquil, Ecuador","Restaurante","Restaurante","12291618415396188714","Guayaquil","EC","0x902d6e14a839ec67:0xaa9499d33456f22a",,"https://lh3.googleusercontent.com/gps-cs-s/AHRPTWmIUzVJwpGT6y_wQQ_TKYbRgzO5ugvsumt9t1zWonuk6a3hjdvi8BSM03prBOmsGw6hCC9rMy2ViBaIpkI9HCjeB8TVchHmhSApUHrQYFx7ZvtNdOcKC6sHC5xlMlCM3-WwIhb0=w408-h306-k-no","false","true","/g/1vr3f6tq","es-419","0","-2.1615629","-79.9165523",,"Miraflores","es","false","ChIJZ-w5qBRuLZARKvJWNNOZlKo","090507","$10-35","Hace 2 meses","2026-06-06T19:45:17.527Z",,,,,,,"Ningún evento especial","Silencioso, agradable para conversar",,,,,"$10-15",,,,"Sin espera",,,,"4","5","5","Ci9DQUlRQUNvZENodHljRjlvT2s5dGFuaE5aMnhXZGtKSU16WlVZME5YYWxGVVJWRRAB",,,,,,,,"Google",,,"86",,,"3350","2026-08-08T17:01:21.389Z","Direct Detail URL: https://www.google.com/maps/place/La+Parrilla+Del+%C3%91ato+-+Urdesa/@-2.1747534,-79.9216969,12.79z/data=!3m1!5s0x902d6d885fe9a76f:0x90560e68c111d162!4m12!1m2!2m1!1sLa+Parrilla+del+%C3%91ato!3m8!1s0x902d6e14a839ec67:0xaa9499d33456f22a!8m2!3d-2.1615629!4d-79.9165523!9m1!1b1!15sChVMYSBQYXJyaWxsYSBkZWwgw5FhdG8iA4gBAVoXIhVsYSBwYXJyaWxsYSBkZWwgw7FhdG-SAQpyZXN0YXVyYW504AEA!16s%2Fg%2F1vr3f6tq?entry=ttu&g_ep=EgoyMDI2MDgwNS4xIKXMDSoASAFQAw%3D%3D","4",,"Victor Emilio Estrada 1219","false","Fui hace unos días, suelo concurrir El Ñato de Samborondón, fui a los tiempos con algo de nostalgia del lugar, la atención muy atentos, creo que es la ubicación donde mejor atienden, y la calidad de la comida la conservan, el único detalle es que tras su remodelación el lugar cambió radicalmente, con luces blancas e infraestructura parecida a la de un Tuti, haciendo perder esa calidez clásica que es parte de la identidad de la marca, sin embargo, la atención y sabores hacen menores aquellos detalles, se les debe tomar atención desde la administración, sin embargo no es una excusa para no ir.",,"La Parrilla Del Ñato - Urdesa","4.4",,"https://www.google.com/maps/search/?api=1&query=La%20Parrilla%20Del%20%C3%91ato%20-%20Urdesa&query_place_id=ChIJZ-w5qBRuLZARKvJWNNOZlKo",
"Victor Emilio Estrada 1219, 090507 Guayaquil, Ecuador","Restaurante","Restaurante","12291618415396188714","Guayaquil","EC","0x902d6e14a839ec67:0xaa9499d33456f22a",,"https://lh3.googleusercontent.com/gps-cs-s/AHRPTWmIUzVJwpGT6y_wQQ_TKYbRgzO5ugvsumt9t1zWonuk6a3hjdvi8BSM03prBOmsGw6hCC9rMy2ViBaIpkI9HCjeB8TVchHmhSApUHrQYFx7ZvtNdOcKC6sHC5xlMlCM3-WwIhb0=w408-h306-k-no","false","true","/g/1vr3f6tq","es-419","0","-2.1615629","-79.9165523",,"Miraflores",,"false","ChIJZ-w5qBRuLZARKvJWNNOZlKo","090507","$10-35","Hace 2 meses","2026-06-04T04:56:11.901Z",,,,,"Es un poco difícil encontrar estacionamiento",,"Ningún evento especial","Ruido moderado",,"Estacionamiento pagado en la calle",,,"$15-20",,,,"Sin espera",,,,,,,"Ci9DQUlRQUNvZENodHljRjlvT2xCd2FrbGZOV1l0ZUVSZlEwMUhaRFZDYVV0Sk1VRRAB",,,,,,,,"Google",,,"86",,,"3350","2026-08-08T17:01:21.389Z","Direct Detail URL: https://www.google.com/maps/place/La+Parrilla+Del+%C3%91ato+-+Urdesa/@-2.1747534,-79.9216969,12.79z/data=!3m1!5s0x902d6d885fe9a76f:0x90560e68c111d162!4m12!1m2!2m1!1sLa+Parrilla+del+%C3%91ato!3m8!1s0x902d6e14a839ec67:0xaa9499d33456f22a!8m2!3d-2.1615629!4d-79.9165523!9m1!1b1!15sChVMYSBQYXJyaWxsYSBkZWwgw5FhdG8iA4gBAVoXIhVsYSBwYXJyaWxsYSBkZWwgw7FhdG-SAQpyZXN0YXVyYW504AEA!16s%2Fg%2F1vr3f6tq?entry=ttu&g_ep=EgoyMDI2MDgwNS4xIKXMDSoASAFQAw%3D%3D","4",,"Victor Emilio Estrada 1219","false",,,"La Parrilla Del Ñato - Urdesa","4.4",,"https://www.google.com/maps/search/?api=1&query=La%20Parrilla%20Del%20%C3%91ato%20-%20Urdesa&query_place_id=ChIJZ-w5qBRuLZARKvJWNNOZlKo",
"Victor Emilio Estrada 1219, 090507 Guayaquil, Ecuador","Restaurante","Restaurante","12291618415396188714","Guayaquil","EC","0x902d6e14a839ec67:0xaa9499d33456f22a",,"https://lh3.googleusercontent.com/gps-cs-s/AHRPTWmIUzVJwpGT6y_wQQ_TKYbRgzO5ugvsumt9t1zWonuk6a3hjdvi8BSM03prBOmsGw6hCC9rMy2ViBaIpkI9HCjeB8TVchHmhSApUHrQYFx7ZvtNdOcKC6sHC5xlMlCM3-WwIhb0=w408-h306-k-no","false","false","/g/1vr3f6tq","es-419","0","-2.1615629","-79.9165523",,"Miraflores",,"false","ChIJZ-w5qBRuLZARKvJWNNOZlKo","090507","$10-35","Hace 2 meses","2026-06-01T23:43:42.856Z",,,,,,,,,,,,,"$10-15","No se requiere hacer una reserva",,"Entre 5 y 8 personas",,,"Almuerzo",,"5","5","5","Ci9DQUlRQUNvZENodHljRjlvT2pBM1lqZEVXR2hxVEU5dmFFSk1kelUxWjJoUlUwRRAB",,,,,,,,"Google",,,"4",,,"3350","2026-08-08T17:01:21.389Z","Direct Detail URL: https://www.google.com/maps/place/La+Parrilla+Del+%C3%91ato+-+Urdesa/@-2.1747534,-79.9216969,12.79z/data=!3m1!5s0x902d6d885fe9a76f:0x90560e68c111d162!4m12!1m2!2m1!1sLa+Parrilla+del+%C3%91ato!3m8!1s0x902d6e14a839ec67:0xaa9499d33456f22a!8m2!3d-2.1615629!4d-79.9165523!9m1!1b1!15sChVMYSBQYXJyaWxsYSBkZWwgw5FhdG8iA4gBAVoXIhVsYSBwYXJyaWxsYSBkZWwgw7FhdG-SAQpyZXN0YXVyYW504AEA!16s%2Fg%2F1vr3f6tq?entry=ttu&g_ep=EgoyMDI2MDgwNS4xIKXMDSoASAFQAw%3D%3D","5",,"Victor Emilio Estrada 1219","false",,,"La Parrilla Del Ñato - Urdesa","4.4",,"https://www.google.com/maps/search/?api=1&query=La%20Parrilla%20Del%20%C3%91ato%20-%20Urdesa&query_place_id=ChIJZ-w5qBRuLZARKvJWNNOZlKo",
"Victor Emilio Estrada 1219, 090507 Guayaquil, Ecuador","Restaurante","Restaurante","12291618415396188714","Guayaquil","EC","0x902d6e14a839ec67:0xaa9499d33456f22a",,"https://lh3.googleusercontent.com/gps-cs-s/AHRPTWmIUzVJwpGT6y_wQQ_TKYbRgzO5ugvsumt9t1zWonuk6a3hjdvi8BSM03prBOmsGw6hCC9rMy2ViBaIpkI9HCjeB8TVchHmhSApUHrQYFx7ZvtNdOcKC6sHC5xlMlCM3-WwIhb0=w408-h306-k-no","false","true","/g/1vr3f6tq","es-419","0","-2.1615629","-79.9165523",,"Miraflores","es","false","ChIJZ-w5qBRuLZARKvJWNNOZlKo","090507","$10-35","Hace 2 meses","2026-05-29T17:46:45.840Z",,,,,,,,,,,,,"$10-15",,,,,,,,"5","5","5","Ci9DQUlRQUNvZENodHljRjlvT21aYVZXaENhM1UzY0RBd01GbzBjR3g1TUhscFZYYxAB",,,,,,,,"Google",,,"24",,,"3350","2026-08-08T17:01:21.389Z","Direct Detail URL: https://www.google.com/maps/place/La+Parrilla+Del+%C3%91ato+-+Urdesa/@-2.1747534,-79.9216969,12.79z/data=!3m1!5s0x902d6d885fe9a76f:0x90560e68c111d162!4m12!1m2!2m1!1sLa+Parrilla+del+%C3%91ato!3m8!1s0x902d6e14a839ec67:0xaa9499d33456f22a!8m2!3d-2.1615629!4d-79.9165523!9m1!1b1!15sChVMYSBQYXJyaWxsYSBkZWwgw5FhdG8iA4gBAVoXIhVsYSBwYXJyaWxsYSBkZWwgw7FhdG-SAQpyZXN0YXVyYW504AEA!16s%2Fg%2F1vr3f6tq?entry=ttu&g_ep=EgoyMDI2MDgwNS4xIKXMDSoASAFQAw%3D%3D","5",,"Victor Emilio Estrada 1219","false","Todo excelente, nada más que acotar",,"La Parrilla Del Ñato - Urdesa","4.4",,"https://www.google.com/maps/search/?api=1&query=La%20Parrilla%20Del%20%C3%91ato%20-%20Urdesa&query_place_id=ChIJZ-w5qBRuLZARKvJWNNOZlKo",
"Victor Emilio Estrada 1219, 090507 Guayaquil, Ecuador","Restaurante","Restaurante","12291618415396188714","Guayaquil","EC","0x902d6e14a839ec67:0xaa9499d33456f22a",,"https://lh3.googleusercontent.com/gps-cs-s/AHRPTWmIUzVJwpGT6y_wQQ_TKYbRgzO5ugvsumt9t1zWonuk6a3hjdvi8BSM03prBOmsGw6hCC9rMy2ViBaIpkI9HCjeB8TVchHmhSApUHrQYFx7ZvtNdOcKC6sHC5xlMlCM3-WwIhb0=w408-h306-k-no","false","true","/g/1vr3f6tq","es-419","0","-2.1615629","-79.9165523",,"Miraflores","es","false","ChIJZ-w5qBRuLZARKvJWNNOZlKo","090507","$10-35","Hace 2 meses","2026-05-29T02:59:47.976Z",,,,,,,,"Silencioso, agradable para conversar",,,,,"$10-15",,,,,"Comedor cubierto",,,"2","2","3","Ci9DQUlRQUNvZENodHljRjlvT25WbGRTMURkbGhWZDBkdlEzTlphREZtYUhWUFJXYxAB",,,,,,,,"Google",,,"153",,,"3350","2026-08-08T17:01:21.389Z","Direct Detail URL: https://www.google.com/maps/place/La+Parrilla+Del+%C3%91ato+-+Urdesa/@-2.1747534,-79.9216969,12.79z/data=!3m1!5s0x902d6d885fe9a76f:0x90560e68c111d162!4m12!1m2!2m1!1sLa+Parrilla+del+%C3%91ato!3m8!1s0x902d6e14a839ec67:0xaa9499d33456f22a!8m2!3d-2.1615629!4d-79.9165523!9m1!1b1!15sChVMYSBQYXJyaWxsYSBkZWwgw5FhdG8iA4gBAVoXIhVsYSBwYXJyaWxsYSBkZWwgw7FhdG-SAQpyZXN0YXVyYW504AEA!16s%2Fg%2F1vr3f6tq?entry=ttu&g_ep=EgoyMDI2MDgwNS4xIKXMDSoASAFQAw%3D%3D","2",,"Victor Emilio Estrada 1219","false","Fui para recordar lo bueno y abundante que era y me decepcióno, no regresaría de nuevo",,"La Parrilla Del Ñato - Urdesa","4.4",,"https://www.google.com/maps/search/?api=1&query=La%20Parrilla%20Del%20%C3%91ato%20-%20Urdesa&query_place_id=ChIJZ-w5qBRuLZARKvJWNNOZlKo",
"Victor Emilio Estrada 1219, 090507 Guayaquil, Ecuador","Restaurante","Restaurante","12291618415396188714","Guayaquil","EC","0x902d6e14a839ec67:0xaa9499d33456f22a",,"https://lh3.googleusercontent.com/gps-cs-s/AHRPTWmIUzVJwpGT6y_wQQ_TKYbRgzO5ugvsumt9t1zWonuk6a3hjdvi8BSM03prBOmsGw6hCC9rMy2ViBaIpkI9HCjeB8TVchHmhSApUHrQYFx7ZvtNdOcKC6sHC5xlMlCM3-WwIhb0=w408-h306-k-no","false","true","/g/1vr3f6tq","es-419","0","-2.1615629","-79.9165523",,"Miraflores","en","false","ChIJZ-w5qBRuLZARKvJWNNOZlKo","090507","$10-35","Hace 2 meses","2026-05-23T01:30:43.146Z",,,,,,,,,,,,,"$10-15",,,,,,,,"4","4","4","Ci9DQUlRQUNvZENodHljRjlvT2tGMGNVZFViMGR3ZGxwUVQxbzRjMGgwZDFwbk0wRRAB",,,,,,,,"Google",,,"3",,,"3350","2026-08-08T17:01:21.389Z","Direct Detail URL: https://www.google.com/maps/place/La+Parrilla+Del+%C3%91ato+-+Urdesa/@-2.1747534,-79.9216969,12.79z/data=!3m1!5s0x902d6d885fe9a76f:0x90560e68c111d162!4m12!1m2!2m1!1sLa+Parrilla+del+%C3%91ato!3m8!1s0x902d6e14a839ec67:0xaa9499d33456f22a!8m2!3d-2.1615629!4d-79.9165523!9m1!1b1!15sChVMYSBQYXJyaWxsYSBkZWwgw5FhdG8iA4gBAVoXIhVsYSBwYXJyaWxsYSBkZWwgw7FhdG-SAQpyZXN0YXVyYW504AEA!16s%2Fg%2F1vr3f6tq?entry=ttu&g_ep=EgoyMDI2MDgwNS4xIKXMDSoASAFQAw%3D%3D","4",,"Victor Emilio Estrada 1219","false","Good","Bien","La Parrilla Del Ñato - Urdesa","4.4","es","https://www.google.com/maps/search/?api=1&query=La%20Parrilla%20Del%20%C3%91ato%20-%20Urdesa&query_place_id=ChIJZ-w5qBRuLZARKvJWNNOZlKo",
"Victor Emilio Estrada 1219, 090507 Guayaquil, Ecuador","Restaurante","Restaurante","12291618415396188714","Guayaquil","EC","0x902d6e14a839ec67:0xaa9499d33456f22a",,"https://lh3.googleusercontent.com/gps-cs-s/AHRPTWmIUzVJwpGT6y_wQQ_TKYbRgzO5ugvsumt9t1zWonuk6a3hjdvi8BSM03prBOmsGw6hCC9rMy2ViBaIpkI9HCjeB8TVchHmhSApUHrQYFx7ZvtNdOcKC6sHC5xlMlCM3-WwIhb0=w408-h306-k-no","false","true","/g/1vr3f6tq","es-419","0","-2.1615629","-79.9165523",,"Miraflores",,"false","ChIJZ-w5qBRuLZARKvJWNNOZlKo","090507","$10-35","Hace 2 meses","2026-05-17T19:53:25.763Z",,,,,,,"Música en vivo","Ruidoso, pero se puede hablar",,,,,"Más de $50",,,,,,"Cena",,,,,"Ci9DQUlRQUNvZENodHljRjlvT2pBelJuaDBTbWx2Y25jNVNpMDRURkJ0YzE5ZlluYxAB",,,,,,,,"Google",,,"30",,,"3350","2026-08-08T17:01:21.389Z","Direct Detail URL: https://www.google.com/maps/place/La+Parrilla+Del+%C3%91ato+-+Urdesa/@-2.1747534,-79.9216969,12.79z/data=!3m1!5s0x902d6d885fe9a76f:0x90560e68c111d162!4m12!1m2!2m1!1sLa+Parrilla+del+%C3%91ato!3m8!1s0x902d6e14a839ec67:0xaa9499d33456f22a!8m2!3d-2.1615629!4d-79.9165523!9m1!1b1!15sChVMYSBQYXJyaWxsYSBkZWwgw5FhdG8iA4gBAVoXIhVsYSBwYXJyaWxsYSBkZWwgw7FhdG-SAQpyZXN0YXVyYW504AEA!16s%2Fg%2F1vr3f6tq?entry=ttu&g_ep=EgoyMDI2MDgwNS4xIKXMDSoASAFQAw%3D%3D","4",,"Victor Emilio Estrada 1219","false",,,"La Parrilla Del Ñato - Urdesa","4.4",,"https://www.google.com/maps/search/?api=1&query=La%20Parrilla%20Del%20%C3%91ato%20-%20Urdesa&query_place_id=ChIJZ-w5qBRuLZARKvJWNNOZlKo",
"Victor Emilio Estrada 1219, 090507 Guayaquil, Ecuador","Restaurante","Restaurante","12291618415396188714","Guayaquil","EC","0x902d6e14a839ec67:0xaa9499d33456f22a",,"https://lh3.googleusercontent.com/gps-cs-s/AHRPTWmIUzVJwpGT6y_wQQ_TKYbRgzO5ugvsumt9t1zWonuk6a3hjdvi8BSM03prBOmsGw6hCC9rMy2ViBaIpkI9HCjeB8TVchHmhSApUHrQYFx7ZvtNdOcKC6sHC5xlMlCM3-WwIhb0=w408-h306-k-no","false","false","/g/1vr3f6tq","es-419","0","-2.1615629","-79.9165523",,"Miraflores","es","false","ChIJZ-w5qBRuLZARKvJWNNOZlKo","090507","$10-35","Hace 3 meses","2026-05-03T23:24:20.309Z",,,,,,,,,,,,,"$10-15",,,,,,,,"3","1","3","Ci9DQUlRQUNvZENodHljRjlvT2paT1JFRjFNVmR3VFZwTFZIWmZTa3BpU1ZsTU5HYxAB",,,,,,,,"Google",,,"4",,,"3350","2026-08-08T17:01:21.389Z","Direct Detail URL: https://www.google.com/maps/place/La+Parrilla+Del+%C3%91ato+-+Urdesa/@-2.1747534,-79.9216969,12.79z/data=!3m1!5s0x902d6d885fe9a76f:0x90560e68c111d162!4m12!1m2!2m1!1sLa+Parrilla+del+%C3%91ato!3m8!1s0x902d6e14a839ec67:0xaa9499d33456f22a!8m2!3d-2.1615629!4d-79.9165523!9m1!1b1!15sChVMYSBQYXJyaWxsYSBkZWwgw5FhdG8iA4gBAVoXIhVsYSBwYXJyaWxsYSBkZWwgw7FhdG-SAQpyZXN0YXVyYW504AEA!16s%2Fg%2F1vr3f6tq?entry=ttu&g_ep=EgoyMDI2MDgwNS4xIKXMDSoASAFQAw%3D%3D","2",,"Victor Emilio Estrada 1219","false","Decidí llevar a mi madre a comer, pedimos unos pinchos y una lasaña, la papa guardada y recalentada, la lasaña quemada y recalentada con un mal aspecto",,"La Parrilla Del Ñato - Urdesa","4.4",,"https://www.google.com/maps/search/?api=1&query=La%20Parrilla%20Del%20%C3%91ato%20-%20Urdesa&query_place_id=ChIJZ-w5qBRuLZARKvJWNNOZlKo",
"Victor Emilio Estrada 1219, 090507 Guayaquil, Ecuador","Restaurante","Restaurante","12291618415396188714","Guayaquil","EC","0x902d6e14a839ec67:0xaa9499d33456f22a",,"https://lh3.googleusercontent.com/gps-cs-s/AHRPTWmIUzVJwpGT6y_wQQ_TKYbRgzO5ugvsumt9t1zWonuk6a3hjdvi8BSM03prBOmsGw6hCC9rMy2ViBaIpkI9HCjeB8TVchHmhSApUHrQYFx7ZvtNdOcKC6sHC5xlMlCM3-WwIhb0=w408-h306-k-no","false","false","/g/1vr3f6tq","es-419","0","-2.1615629","-79.9165523",,"Miraflores",,"false","ChIJZ-w5qBRuLZARKvJWNNOZlKo","090507","$10-35","Hace 3 meses","2026-05-03T12:51:47.184Z",,,,,,,,,,,,,,,,,,,,,,,,"Ci9DQUlRQUNvZENodHljRjlvT2kxRlpsRkhaalZhWWpSbGJrSlFkV3hxTFVrMmFIYxAB",,,,,,,,"Google",,,"3",,,"3350","2026-08-08T17:01:21.389Z","Direct Detail URL: https://www.google.com/maps/place/La+Parrilla+Del+%C3%91ato+-+Urdesa/@-2.1747534,-79.9216969,12.79z/data=!3m1!5s0x902d6d885fe9a76f:0x90560e68c111d162!4m12!1m2!2m1!1sLa+Parrilla+del+%C3%91ato!3m8!1s0x902d6e14a839ec67:0xaa9499d33456f22a!8m2!3d-2.1615629!4d-79.9165523!9m1!1b1!15sChVMYSBQYXJyaWxsYSBkZWwgw5FhdG8iA4gBAVoXIhVsYSBwYXJyaWxsYSBkZWwgw7FhdG-SAQpyZXN0YXVyYW504AEA!16s%2Fg%2F1vr3f6tq?entry=ttu&g_ep=EgoyMDI2MDgwNS4xIKXMDSoASAFQAw%3D%3D","5",,"Victor Emilio Estrada 1219","false",,,"La Parrilla Del Ñato - Urdesa","4.4",,"https://www.google.com/maps/search/?api=1&query=La%20Parrilla%20Del%20%C3%91ato%20-%20Urdesa&query_place_id=ChIJZ-w5qBRuLZARKvJWNNOZlKo",
"Victor Emilio Estrada 1219, 090507 Guayaquil, Ecuador","Restaurante","Restaurante","12291618415396188714","Guayaquil","EC","0x902d6e14a839ec67:0xaa9499d33456f22a",,"https://lh3.googleusercontent.com/gps-cs-s/AHRPTWmIUzVJwpGT6y_wQQ_TKYbRgzO5ugvsumt9t1zWonuk6a3hjdvi8BSM03prBOmsGw6hCC9rMy2ViBaIpkI9HCjeB8TVchHmhSApUHrQYFx7ZvtNdOcKC6sHC5xlMlCM3-WwIhb0=w408-h306-k-no","false","true","/g/1vr3f6tq","es-419","0","-2.1615629","-79.9165523",,"Miraflores","es","false","ChIJZ-w5qBRuLZARKvJWNNOZlKo","090507","$10-35","Hace 3 meses","2026-04-26T15:33:52.071Z",,,,,,,,,,,,,,,,,,,,,"5","5","5","Ci9DQUlRQUNvZENodHljRjlvT2tKaE56SkhRVXRZYTBSVVZVUTVVelJvVjBwTlNuYxAB","https://lh3.googleusercontent.com/grass-cs/ACvplmNTKBNV6csuxxoysrrcecO5_Vu9I8c8j2EuMp-zigw6xsyV8tU5v4lZlZQ-E9q9d1FSWitBQl_9As5vjivCd4-uY89VIMJ70Nkyvh9HpOLOWPFp8d2sak0DC4VHGgWBNY-mjFaFeJEMz-Bm=k-no","https://lh3.googleusercontent.com/grass-cs/ACvplmOKK4PCaPtkXUoLywSZFcvBtXI0AgSpx_6b19NR7Xqwh9I4CzV1ZceHXuYgu9TMEO2PKP3Xbmos79G22BapEYy8THoCjJIV6ZMVJkHVhDpX3I5pR10j8AuxjqDfYMCD_wVpBf7xmGQUH3Ik=k-no",,,,,,"Google",,,"102",,,"3350","2026-08-08T17:01:21.389Z","Direct Detail URL: https://www.google.com/maps/place/La+Parrilla+Del+%C3%91ato+-+Urdesa/@-2.1747534,-79.9216969,12.79z/data=!3m1!5s0x902d6d885fe9a76f:0x90560e68c111d162!4m12!1m2!2m1!1sLa+Parrilla+del+%C3%91ato!3m8!1s0x902d6e14a839ec67:0xaa9499d33456f22a!8m2!3d-2.1615629!4d-79.9165523!9m1!1b1!15sChVMYSBQYXJyaWxsYSBkZWwgw5FhdG8iA4gBAVoXIhVsYSBwYXJyaWxsYSBkZWwgw7FhdG-SAQpyZXN0YXVyYW504AEA!16s%2Fg%2F1vr3f6tq?entry=ttu&g_ep=EgoyMDI2MDgwNS4xIKXMDSoASAFQAw%3D%3D","5",,"Victor Emilio Estrada 1219","false","Excelente atención 👏🏼",,"La Parrilla Del Ñato - Urdesa","4.4",,"https://www.google.com/maps/search/?api=1&query=La%20Parrilla%20Del%20%C3%91ato%20-%20Urdesa&query_place_id=ChIJZ-w5qBRuLZARKvJWNNOZlKo",
"Victor Emilio Estrada 1219, 090507 Guayaquil, Ecuador","Restaurante","Restaurante","12291618415396188714","Guayaquil","EC","0x902d6e14a839ec67:0xaa9499d33456f22a",,"https://lh3.googleusercontent.com/gps-cs-s/AHRPTWmIUzVJwpGT6y_wQQ_TKYbRgzO5ugvsumt9t1zWonuk6a3hjdvi8BSM03prBOmsGw6hCC9rMy2ViBaIpkI9HCjeB8TVchHmhSApUHrQYFx7ZvtNdOcKC6sHC5xlMlCM3-WwIhb0=w408-h306-k-no","false","true","/g/1vr3f6tq","es-419","0","-2.1615629","-79.9165523",,"Miraflores",,"false","ChIJZ-w5qBRuLZARKvJWNNOZlKo","090507","$10-35","Hace 3 meses","2026-04-23T22:10:30.891Z",,,,,,,,,,,,,"$35-40","Se recomienda hacer una reserva",,"Más de 9 personas",,,,,"5","5","5","Ci9DQUlRQUNvZENodHljRjlvT2pKa2VYcHdOMnRDVkZKWVdHRmpTMWxHZWxGRWFYYxAB",,,,,,,,"Google",,,"54",,,"3350","2026-08-08T17:01:21.389Z","Direct Detail URL: https://www.google.com/maps/place/La+Parrilla+Del+%C3%91ato+-+Urdesa/@-2.1747534,-79.9216969,12.79z/data=!3m1!5s0x902d6d885fe9a76f:0x90560e68c111d162!4m12!1m2!2m1!1sLa+Parrilla+del+%C3%91ato!3m8!1s0x902d6e14a839ec67:0xaa9499d33456f22a!8m2!3d-2.1615629!4d-79.9165523!9m1!1b1!15sChVMYSBQYXJyaWxsYSBkZWwgw5FhdG8iA4gBAVoXIhVsYSBwYXJyaWxsYSBkZWwgw7FhdG-SAQpyZXN0YXVyYW504AEA!16s%2Fg%2F1vr3f6tq?entry=ttu&g_ep=EgoyMDI2MDgwNS4xIKXMDSoASAFQAw%3D%3D","5",,"Victor Emilio Estrada 1219","false",,,"La Parrilla Del Ñato - Urdesa","4.4",,"https://www.google.com/maps/search/?api=1&query=La%20Parrilla%20Del%20%C3%91ato%20-%20Urdesa&query_place_id=ChIJZ-w5qBRuLZARKvJWNNOZlKo",
"Victor Emilio Estrada 1219, 090507 Guayaquil, Ecuador","Restaurante","Restaurante","12291618415396188714","Guayaquil","EC","0x902d6e14a839ec67:0xaa9499d33456f22a",,"https://lh3.googleusercontent.com/gps-cs-s/AHRPTWmIUzVJwpGT6y_wQQ_TKYbRgzO5ugvsumt9t1zWonuk6a3hjdvi8BSM03prBOmsGw6hCC9rMy2ViBaIpkI9HCjeB8TVchHmhSApUHrQYFx7ZvtNdOcKC6sHC5xlMlCM3-WwIhb0=w408-h306-k-no","false","false","/g/1vr3f6tq","es-419","0","-2.1615629","-79.9165523",,"Miraflores",,"false","ChIJZ-w5qBRuLZARKvJWNNOZlKo","090507","$10-35","Hace 3 meses","2026-04-20T00:19:18.592Z",,,,,,,,,,,"Ensalada, Jarra de Sangría, Parrillada Mata Hambre",,"$25-30",,,,"Sin espera","Comedor cubierto",,,"5","5","5","Ci9DQUlRQUNvZENodHljRjlvT21KR1pXcFJielpFTmtRemFHUjZVRFZOVEhFdE9GRRAB",,,,,,,,"Google",,,"2",,,"3350","2026-08-08T17:01:21.389Z","Direct Detail URL: https://www.google.com/maps/place/La+Parrilla+Del+%C3%91ato+-+Urdesa/@-2.1747534,-79.9216969,12.79z/data=!3m1!5s0x902d6d885fe9a76f:0x90560e68c111d162!4m12!1m2!2m1!1sLa+Parrilla+del+%C3%91ato!3m8!1s0x902d6e14a839ec67:0xaa9499d33456f22a!8m2!3d-2.1615629!4d-79.9165523!9m1!1b1!15sChVMYSBQYXJyaWxsYSBkZWwgw5FhdG8iA4gBAVoXIhVsYSBwYXJyaWxsYSBkZWwgw7FhdG-SAQpyZXN0YXVyYW504AEA!16s%2Fg%2F1vr3f6tq?entry=ttu&g_ep=EgoyMDI2MDgwNS4xIKXMDSoASAFQAw%3D%3D","5",,"Victor Emilio Estrada 1219","false",,,"La Parrilla Del Ñato - Urdesa","4.4",,"https://www.google.com/maps/search/?api=1&query=La%20Parrilla%20Del%20%C3%91ato%20-%20Urdesa&query_place_id=ChIJZ-w5qBRuLZARKvJWNNOZlKo",
"Victor Emilio Estrada 1219, 090507 Guayaquil, Ecuador","Restaurante","Restaurante","12291618415396188714","Guayaquil","EC","0x902d6e14a839ec67:0xaa9499d33456f22a",,"https://lh3.googleusercontent.com/gps-cs-s/AHRPTWmIUzVJwpGT6y_wQQ_TKYbRgzO5ugvsumt9t1zWonuk6a3hjdvi8BSM03prBOmsGw6hCC9rMy2ViBaIpkI9HCjeB8TVchHmhSApUHrQYFx7ZvtNdOcKC6sHC5xlMlCM3-WwIhb0=w408-h306-k-no","false","true","/g/1vr3f6tq","es-419","0","-2.1615629","-79.9165523",,"Miraflores","en","false","ChIJZ-w5qBRuLZARKvJWNNOZlKo","090507","$10-35","Hace 3 meses","2026-04-16T20:33:56.068Z",,,,,,,,,,,,,,,,,,,,,"5","5","5","Ci9DQUlRQUNvZENodHljRjlvT25WMFVGQTFUVmR4UWtsRlRtdG5ZMVk1VVVwd1RVRRAB",,,,,,,,"Google",,,"69",,,"3350","2026-08-08T17:01:21.389Z","Direct Detail URL: https://www.google.com/maps/place/La+Parrilla+Del+%C3%91ato+-+Urdesa/@-2.1747534,-79.9216969,12.79z/data=!3m1!5s0x902d6d885fe9a76f:0x90560e68c111d162!4m12!1m2!2m1!1sLa+Parrilla+del+%C3%91ato!3m8!1s0x902d6e14a839ec67:0xaa9499d33456f22a!8m2!3d-2.1615629!4d-79.9165523!9m1!1b1!15sChVMYSBQYXJyaWxsYSBkZWwgw5FhdG8iA4gBAVoXIhVsYSBwYXJyaWxsYSBkZWwgw7FhdG-SAQpyZXN0YXVyYW504AEA!16s%2Fg%2F1vr3f6tq?entry=ttu&g_ep=EgoyMDI2MDgwNS4xIKXMDSoASAFQAw%3D%3D","5",,"Victor Emilio Estrada 1219","false","Excelente comida y servicio!!!

Never go wrong here, amazing food and service!!!","Excelente comida y servicio!!!

¡Nunca te equivocarás aquí, comida y servicio increíbles!","La Parrilla Del Ñato - Urdesa","4.4","es","https://www.google.com/maps/search/?api=1&query=La%20Parrilla%20Del%20%C3%91ato%20-%20Urdesa&query_place_id=ChIJZ-w5qBRuLZARKvJWNNOZlKo",
"Victor Emilio Estrada 1219, 090507 Guayaquil, Ecuador","Restaurante","Restaurante","12291618415396188714","Guayaquil","EC","0x902d6e14a839ec67:0xaa9499d33456f22a",,"https://lh3.googleusercontent.com/gps-cs-s/AHRPTWmIUzVJwpGT6y_wQQ_TKYbRgzO5ugvsumt9t1zWonuk6a3hjdvi8BSM03prBOmsGw6hCC9rMy2ViBaIpkI9HCjeB8TVchHmhSApUHrQYFx7ZvtNdOcKC6sHC5xlMlCM3-WwIhb0=w408-h306-k-no","false","true","/g/1vr3f6tq","es-419","0","-2.1615629","-79.9165523",,"Miraflores",,"false","ChIJZ-w5qBRuLZARKvJWNNOZlKo","090507","$10-35","Hace 3 meses","2026-04-13T16:14:06.430Z",,,,,,,,,,,,,,,,,,,,,"3","3","4","Ci9DQUlRQUNvZENodHljRjlvT2w5a2MwWm9iV05FY1VSallsSjVOV0YwYUdSRVUwRRAB",,,,,,,,"Google",,,"101",,,"3350","2026-08-08T17:01:21.389Z","Direct Detail URL: https://www.google.com/maps/place/La+Parrilla+Del+%C3%91ato+-+Urdesa/@-2.1747534,-79.9216969,12.79z/data=!3m1!5s0x902d6d885fe9a76f:0x90560e68c111d162!4m12!1m2!2m1!1sLa+Parrilla+del+%C3%91ato!3m8!1s0x902d6e14a839ec67:0xaa9499d33456f22a!8m2!3d-2.1615629!4d-79.9165523!9m1!1b1!15sChVMYSBQYXJyaWxsYSBkZWwgw5FhdG8iA4gBAVoXIhVsYSBwYXJyaWxsYSBkZWwgw7FhdG-SAQpyZXN0YXVyYW504AEA!16s%2Fg%2F1vr3f6tq?entry=ttu&g_ep=EgoyMDI2MDgwNS4xIKXMDSoASAFQAw%3D%3D","3",,"Victor Emilio Estrada 1219","false",,,"La Parrilla Del Ñato - Urdesa","4.4",,"https://www.google.com/maps/search/?api=1&query=La%20Parrilla%20Del%20%C3%91ato%20-%20Urdesa&query_place_id=ChIJZ-w5qBRuLZARKvJWNNOZlKo",
"Victor Emilio Estrada 1219, 090507 Guayaquil, Ecuador","Restaurante","Restaurante","12291618415396188714","Guayaquil","EC","0x902d6e14a839ec67:0xaa9499d33456f22a",,"https://lh3.googleusercontent.com/gps-cs-s/AHRPTWmIUzVJwpGT6y_wQQ_TKYbRgzO5ugvsumt9t1zWonuk6a3hjdvi8BSM03prBOmsGw6hCC9rMy2ViBaIpkI9HCjeB8TVchHmhSApUHrQYFx7ZvtNdOcKC6sHC5xlMlCM3-WwIhb0=w408-h306-k-no","false","false","/g/1vr3f6tq","es-419","0","-2.1615629","-79.9165523",,"Miraflores",,"false","ChIJZ-w5qBRuLZARKvJWNNOZlKo","090507","$10-35","Hace 3 meses","2026-04-13T02:01:14.704Z",,,,,,,,,,,,,,,,,,,,,,,,"Ci9DQUlRQUNvZENodHljRjlvT25kc1gyNU9SbVZMYWt4aVRWWnpURk4zU214T1FsRRAB",,,,,,,,"Google",,,"1",,,"3350","2026-08-08T17:01:21.389Z","Direct Detail URL: https://www.google.com/maps/place/La+Parrilla+Del+%C3%91ato+-+Urdesa/@-2.1747534,-79.9216969,12.79z/data=!3m1!5s0x902d6d885fe9a76f:0x90560e68c111d162!4m12!1m2!2m1!1sLa+Parrilla+del+%C3%91ato!3m8!1s0x902d6e14a839ec67:0xaa9499d33456f22a!8m2!3d-2.1615629!4d-79.9165523!9m1!1b1!15sChVMYSBQYXJyaWxsYSBkZWwgw5FhdG8iA4gBAVoXIhVsYSBwYXJyaWxsYSBkZWwgw7FhdG-SAQpyZXN0YXVyYW504AEA!16s%2Fg%2F1vr3f6tq?entry=ttu&g_ep=EgoyMDI2MDgwNS4xIKXMDSoASAFQAw%3D%3D","5",,"Victor Emilio Estrada 1219","false",,,"La Parrilla Del Ñato - Urdesa","4.4",,"https://www.google.com/maps/search/?api=1&query=La%20Parrilla%20Del%20%C3%91ato%20-%20Urdesa&query_place_id=ChIJZ-w5qBRuLZARKvJWNNOZlKo",
"Victor Emilio Estrada 1219, 090507 Guayaquil, Ecuador","Restaurante","Restaurante","12291618415396188714","Guayaquil","EC","0x902d6e14a839ec67:0xaa9499d33456f22a",,"https://lh3.googleusercontent.com/gps-cs-s/AHRPTWmIUzVJwpGT6y_wQQ_TKYbRgzO5ugvsumt9t1zWonuk6a3hjdvi8BSM03prBOmsGw6hCC9rMy2ViBaIpkI9HCjeB8TVchHmhSApUHrQYFx7ZvtNdOcKC6sHC5xlMlCM3-WwIhb0=w408-h306-k-no","false","true","/g/1vr3f6tq","es-419","0","-2.1615629","-79.9165523",,"Miraflores",,"false","ChIJZ-w5qBRuLZARKvJWNNOZlKo","090507","$10-35","Hace 4 meses","2026-03-29T20:45:04.817Z",,,,,,,,,,,,,,,,,,,,,,,,"Ci9DQUlRQUNvZENodHljRjlvT2t4SFVURjBValpFV1dKd1kwZDJSVlp4WDBsV1YyYxAB",,,,,,,,"Google",,,"27",,,"3350","2026-08-08T17:01:21.389Z","Direct Detail URL: https://www.google.com/maps/place/La+Parrilla+Del+%C3%91ato+-+Urdesa/@-2.1747534,-79.9216969,12.79z/data=!3m1!5s0x902d6d885fe9a76f:0x90560e68c111d162!4m12!1m2!2m1!1sLa+Parrilla+del+%C3%91ato!3m8!1s0x902d6e14a839ec67:0xaa9499d33456f22a!8m2!3d-2.1615629!4d-79.9165523!9m1!1b1!15sChVMYSBQYXJyaWxsYSBkZWwgw5FhdG8iA4gBAVoXIhVsYSBwYXJyaWxsYSBkZWwgw7FhdG-SAQpyZXN0YXVyYW504AEA!16s%2Fg%2F1vr3f6tq?entry=ttu&g_ep=EgoyMDI2MDgwNS4xIKXMDSoASAFQAw%3D%3D","5",,"Victor Emilio Estrada 1219","false",,,"La Parrilla Del Ñato - Urdesa","4.4",,"https://www.google.com/maps/search/?api=1&query=La%20Parrilla%20Del%20%C3%91ato%20-%20Urdesa&query_place_id=ChIJZ-w5qBRuLZARKvJWNNOZlKo",
"Victor Emilio Estrada 1219, 090507 Guayaquil, Ecuador","Restaurante","Restaurante","12291618415396188714","Guayaquil","EC","0x902d6e14a839ec67:0xaa9499d33456f22a",,"https://lh3.googleusercontent.com/gps-cs-s/AHRPTWmIUzVJwpGT6y_wQQ_TKYbRgzO5ugvsumt9t1zWonuk6a3hjdvi8BSM03prBOmsGw6hCC9rMy2ViBaIpkI9HCjeB8TVchHmhSApUHrQYFx7ZvtNdOcKC6sHC5xlMlCM3-WwIhb0=w408-h306-k-no","false","true","/g/1vr3f6tq","es-419","0","-2.1615629","-79.9165523",,"Miraflores",,"false","ChIJZ-w5qBRuLZARKvJWNNOZlKo","090507","$10-35","Hace 4 meses","2026-03-25T00:46:49.232Z",,,,,,,,,,,,,"$10-15",,,,,,,,"5","5","5","Ci9DQUlRQUNvZENodHljRjlvT25CTlRHeG5OMWhHTWpJeE1WUmFZbTVpZDJOdmVrRRAB",,,,,,,,"Google",,,"11",,,"3350","2026-08-08T17:01:21.389Z","Direct Detail URL: https://www.google.com/maps/place/La+Parrilla+Del+%C3%91ato+-+Urdesa/@-2.1747534,-79.9216969,12.79z/data=!3m1!5s0x902d6d885fe9a76f:0x90560e68c111d162!4m12!1m2!2m1!1sLa+Parrilla+del+%C3%91ato!3m8!1s0x902d6e14a839ec67:0xaa9499d33456f22a!8m2!3d-2.1615629!4d-79.9165523!9m1!1b1!15sChVMYSBQYXJyaWxsYSBkZWwgw5FhdG8iA4gBAVoXIhVsYSBwYXJyaWxsYSBkZWwgw7FhdG-SAQpyZXN0YXVyYW504AEA!16s%2Fg%2F1vr3f6tq?entry=ttu&g_ep=EgoyMDI2MDgwNS4xIKXMDSoASAFQAw%3D%3D","5",,"Victor Emilio Estrada 1219","false",,,"La Parrilla Del Ñato - Urdesa","4.4",,"https://www.google.com/maps/search/?api=1&query=La%20Parrilla%20Del%20%C3%91ato%20-%20Urdesa&query_place_id=ChIJZ-w5qBRuLZARKvJWNNOZlKo",
"Victor Emilio Estrada 1219, 090507 Guayaquil, Ecuador","Restaurante","Restaurante","12291618415396188714","Guayaquil","EC","0x902d6e14a839ec67:0xaa9499d33456f22a",,"https://lh3.googleusercontent.com/gps-cs-s/AHRPTWmIUzVJwpGT6y_wQQ_TKYbRgzO5ugvsumt9t1zWonuk6a3hjdvi8BSM03prBOmsGw6hCC9rMy2ViBaIpkI9HCjeB8TVchHmhSApUHrQYFx7ZvtNdOcKC6sHC5xlMlCM3-WwIhb0=w408-h306-k-no","false","true","/g/1vr3f6tq","es-419","0","-2.1615629","-79.9165523",,"Miraflores","es","false","ChIJZ-w5qBRuLZARKvJWNNOZlKo","090507","$10-35","Hace 4 meses","2026-03-16T00:14:24.722Z",,,,,,,,,,,,,"$10-15",,,,,,"Cena",,"5","5","5","Ci9DQUlRQUNvZENodHljRjlvT2tKaVpHUlJiRUZzVW01eExWcHJVWEY2VldoSk0wRRAB",,,,,,,,"Google",,,"27",,,"3350","2026-08-08T17:01:21.389Z","Direct Detail URL: https://www.google.com/maps/place/La+Parrilla+Del+%C3%91ato+-+Urdesa/@-2.1747534,-79.9216969,12.79z/data=!3m1!5s0x902d6d885fe9a76f:0x90560e68c111d162!4m12!1m2!2m1!1sLa+Parrilla+del+%C3%91ato!3m8!1s0x902d6e14a839ec67:0xaa9499d33456f22a!8m2!3d-2.1615629!4d-79.9165523!9m1!1b1!15sChVMYSBQYXJyaWxsYSBkZWwgw5FhdG8iA4gBAVoXIhVsYSBwYXJyaWxsYSBkZWwgw7FhdG-SAQpyZXN0YXVyYW504AEA!16s%2Fg%2F1vr3f6tq?entry=ttu&g_ep=EgoyMDI2MDgwNS4xIKXMDSoASAFQAw%3D%3D","5",,"Victor Emilio Estrada 1219","false","Excelente! Exclusivo",,"La Parrilla Del Ñato - Urdesa","4.4",,"https://www.google.com/maps/search/?api=1&query=La%20Parrilla%20Del%20%C3%91ato%20-%20Urdesa&query_place_id=ChIJZ-w5qBRuLZARKvJWNNOZlKo",
"Victor Emilio Estrada 1219, 090507 Guayaquil, Ecuador","Restaurante","Restaurante","12291618415396188714","Guayaquil","EC","0x902d6e14a839ec67:0xaa9499d33456f22a",,"https://lh3.googleusercontent.com/gps-cs-s/AHRPTWmIUzVJwpGT6y_wQQ_TKYbRgzO5ugvsumt9t1zWonuk6a3hjdvi8BSM03prBOmsGw6hCC9rMy2ViBaIpkI9HCjeB8TVchHmhSApUHrQYFx7ZvtNdOcKC6sHC5xlMlCM3-WwIhb0=w408-h306-k-no","false","false","/g/1vr3f6tq","es-419","0","-2.1615629","-79.9165523",,"Miraflores",,"false","ChIJZ-w5qBRuLZARKvJWNNOZlKo","090507","$10-35","Hace 4 meses","2026-03-14T07:32:43.849Z",,,,,,,,,,,,,,,,,,,,,"4","5","5","Ci9DQUlRQUNvZENodHljRjlvT21NMGVIbENTMVYwWXpCaVVVMXRSMVJOZUV4VlEwRRAB","https://lh3.googleusercontent.com/grass-cs/ACvplmO04fRurR9rPnzvwUsg6mUdJRhXbIPnZhJPjR-ne0wPlbryuLQ-sjcWhlv6hDz8G2D0fnXFBbtLPCa55Qj3rnSAaqP3GC88gkUoxibr8eKd3jv6OH1K9OxF-idEA4x6Bj7rOv3OUSbA2ohZ=k-no",,,,,,,"Google",,,"2",,,"3350","2026-08-08T17:01:21.389Z","Direct Detail URL: https://www.google.com/maps/place/La+Parrilla+Del+%C3%91ato+-+Urdesa/@-2.1747534,-79.9216969,12.79z/data=!3m1!5s0x902d6d885fe9a76f:0x90560e68c111d162!4m12!1m2!2m1!1sLa+Parrilla+del+%C3%91ato!3m8!1s0x902d6e14a839ec67:0xaa9499d33456f22a!8m2!3d-2.1615629!4d-79.9165523!9m1!1b1!15sChVMYSBQYXJyaWxsYSBkZWwgw5FhdG8iA4gBAVoXIhVsYSBwYXJyaWxsYSBkZWwgw7FhdG-SAQpyZXN0YXVyYW504AEA!16s%2Fg%2F1vr3f6tq?entry=ttu&g_ep=EgoyMDI2MDgwNS4xIKXMDSoASAFQAw%3D%3D","4",,"Victor Emilio Estrada 1219","false",,,"La Parrilla Del Ñato - Urdesa","4.4",,"https://www.google.com/maps/search/?api=1&query=La%20Parrilla%20Del%20%C3%91ato%20-%20Urdesa&query_place_id=ChIJZ-w5qBRuLZARKvJWNNOZlKo",
"Victor Emilio Estrada 1219, 090507 Guayaquil, Ecuador","Restaurante","Restaurante","12291618415396188714","Guayaquil","EC","0x902d6e14a839ec67:0xaa9499d33456f22a",,"https://lh3.googleusercontent.com/gps-cs-s/AHRPTWmIUzVJwpGT6y_wQQ_TKYbRgzO5ugvsumt9t1zWonuk6a3hjdvi8BSM03prBOmsGw6hCC9rMy2ViBaIpkI9HCjeB8TVchHmhSApUHrQYFx7ZvtNdOcKC6sHC5xlMlCM3-WwIhb0=w408-h306-k-no","false","false","/g/1vr3f6tq","es-419","0","-2.1615629","-79.9165523",,"Miraflores",,"false","ChIJZ-w5qBRuLZARKvJWNNOZlKo","090507","$10-35","Hace 4 meses","2026-03-10T18:38:48.295Z",,,,,,,,,,,,,,,,,,,,,"5","5","5","Ci9DQUlRQUNvZENodHljRjlvT2s4MFNWaHBOWE56V1c1WWJFSklSbTUxTmtWcGRsRRAB",,,,,,,,"Google",,,"0",,,"3350","2026-08-08T17:01:21.389Z","Direct Detail URL: https://www.google.com/maps/place/La+Parrilla+Del+%C3%91ato+-+Urdesa/@-2.1747534,-79.9216969,12.79z/data=!3m1!5s0x902d6d885fe9a76f:0x90560e68c111d162!4m12!1m2!2m1!1sLa+Parrilla+del+%C3%91ato!3m8!1s0x902d6e14a839ec67:0xaa9499d33456f22a!8m2!3d-2.1615629!4d-79.9165523!9m1!1b1!15sChVMYSBQYXJyaWxsYSBkZWwgw5FhdG8iA4gBAVoXIhVsYSBwYXJyaWxsYSBkZWwgw7FhdG-SAQpyZXN0YXVyYW504AEA!16s%2Fg%2F1vr3f6tq?entry=ttu&g_ep=EgoyMDI2MDgwNS4xIKXMDSoASAFQAw%3D%3D","5",,"Victor Emilio Estrada 1219","false",,,"La Parrilla Del Ñato - Urdesa","4.4",,"https://www.google.com/maps/search/?api=1&query=La%20Parrilla%20Del%20%C3%91ato%20-%20Urdesa&query_place_id=ChIJZ-w5qBRuLZARKvJWNNOZlKo",
"Victor Emilio Estrada 1219, 090507 Guayaquil, Ecuador","Restaurante","Restaurante","12291618415396188714","Guayaquil","EC","0x902d6e14a839ec67:0xaa9499d33456f22a",,"https://lh3.googleusercontent.com/gps-cs-s/AHRPTWmIUzVJwpGT6y_wQQ_TKYbRgzO5ugvsumt9t1zWonuk6a3hjdvi8BSM03prBOmsGw6hCC9rMy2ViBaIpkI9HCjeB8TVchHmhSApUHrQYFx7ZvtNdOcKC6sHC5xlMlCM3-WwIhb0=w408-h306-k-no","false","true","/g/1vr3f6tq","es-419","0","-2.1615629","-79.9165523",,"Miraflores",,"false","ChIJZ-w5qBRuLZARKvJWNNOZlKo","090507","$10-35","Hace 5 meses","2026-03-05T22:24:02.704Z",,,,,,,,,,,,,"$10-15",,,,,,,,"5","5","5","Ci9DQUlRQUNvZENodHljRjlvT2xocGMyOHlYMEo2ZWxJMVExQTRUVlpEWW1WWGJrRRAB",,,,,,,,"Google",,,"30",,,"3350","2026-08-08T17:01:21.389Z","Direct Detail URL: https://www.google.com/maps/place/La+Parrilla+Del+%C3%91ato+-+Urdesa/@-2.1747534,-79.9216969,12.79z/data=!3m1!5s0x902d6d885fe9a76f:0x90560e68c111d162!4m12!1m2!2m1!1sLa+Parrilla+del+%C3%91ato!3m8!1s0x902d6e14a839ec67:0xaa9499d33456f22a!8m2!3d-2.1615629!4d-79.9165523!9m1!1b1!15sChVMYSBQYXJyaWxsYSBkZWwgw5FhdG8iA4gBAVoXIhVsYSBwYXJyaWxsYSBkZWwgw7FhdG-SAQpyZXN0YXVyYW504AEA!16s%2Fg%2F1vr3f6tq?entry=ttu&g_ep=EgoyMDI2MDgwNS4xIKXMDSoASAFQAw%3D%3D","5",,"Victor Emilio Estrada 1219","false",,,"La Parrilla Del Ñato - Urdesa","4.4",,"https://www.google.com/maps/search/?api=1&query=La%20Parrilla%20Del%20%C3%91ato%20-%20Urdesa&query_place_id=ChIJZ-w5qBRuLZARKvJWNNOZlKo",
"Victor Emilio Estrada 1219, 090507 Guayaquil, Ecuador","Restaurante","Restaurante","12291618415396188714","Guayaquil","EC","0x902d6e14a839ec67:0xaa9499d33456f22a",,"https://lh3.googleusercontent.com/gps-cs-s/AHRPTWmIUzVJwpGT6y_wQQ_TKYbRgzO5ugvsumt9t1zWonuk6a3hjdvi8BSM03prBOmsGw6hCC9rMy2ViBaIpkI9HCjeB8TVchHmhSApUHrQYFx7ZvtNdOcKC6sHC5xlMlCM3-WwIhb0=w408-h306-k-no","false","true","/g/1vr3f6tq","es-419","0","-2.1615629","-79.9165523",,"Miraflores",,"false","ChIJZ-w5qBRuLZARKvJWNNOZlKo","090507","$10-35","Hace 5 meses","2026-03-04T00:17:24.538Z",,,,,,,,,,,,,"$5-10",,,,,,,,,,,"Ci9DQUlRQUNvZENodHljRjlvT200ME0wa3hXa0ZDY0hOSk0ybDFTbmxNVlRSdGJFRRAB",,,,,,,,"Google",,,"1",,,"3350","2026-08-08T17:01:21.389Z","Direct Detail URL: https://www.google.com/maps/place/La+Parrilla+Del+%C3%91ato+-+Urdesa/@-2.1747534,-79.9216969,12.79z/data=!3m1!5s0x902d6d885fe9a76f:0x90560e68c111d162!4m12!1m2!2m1!1sLa+Parrilla+del+%C3%91ato!3m8!1s0x902d6e14a839ec67:0xaa9499d33456f22a!8m2!3d-2.1615629!4d-79.9165523!9m1!1b1!15sChVMYSBQYXJyaWxsYSBkZWwgw5FhdG8iA4gBAVoXIhVsYSBwYXJyaWxsYSBkZWwgw7FhdG-SAQpyZXN0YXVyYW504AEA!16s%2Fg%2F1vr3f6tq?entry=ttu&g_ep=EgoyMDI2MDgwNS4xIKXMDSoASAFQAw%3D%3D","5",,"Victor Emilio Estrada 1219","false",,,"La Parrilla Del Ñato - Urdesa","4.4",,"https://www.google.com/maps/search/?api=1&query=La%20Parrilla%20Del%20%C3%91ato%20-%20Urdesa&query_place_id=ChIJZ-w5qBRuLZARKvJWNNOZlKo",
"Victor Emilio Estrada 1219, 090507 Guayaquil, Ecuador","Restaurante","Restaurante","12291618415396188714","Guayaquil","EC","0x902d6e14a839ec67:0xaa9499d33456f22a",,"https://lh3.googleusercontent.com/gps-cs-s/AHRPTWmIUzVJwpGT6y_wQQ_TKYbRgzO5ugvsumt9t1zWonuk6a3hjdvi8BSM03prBOmsGw6hCC9rMy2ViBaIpkI9HCjeB8TVchHmhSApUHrQYFx7ZvtNdOcKC6sHC5xlMlCM3-WwIhb0=w408-h306-k-no","false","true","/g/1vr3f6tq","es-419","0","-2.1615629","-79.9165523",,"Miraflores",,"false","ChIJZ-w5qBRuLZARKvJWNNOZlKo","090507","$10-35","Hace 5 meses","2026-03-02T21:21:28.597Z",,,,,,,,,,,,,"$10-15",,,,,,,,"5","5","5","Ci9DQUlRQUNvZENodHljRjlvT25aSFZtbEVTRkJxUkVGWVVqVTJaVk5xYjBKd1VYYxAB",,,,,,,,"Google",,,"4",,,"3350","2026-08-08T17:01:21.389Z","Direct Detail URL: https://www.google.com/maps/place/La+Parrilla+Del+%C3%91ato+-+Urdesa/@-2.1747534,-79.9216969,12.79z/data=!3m1!5s0x902d6d885fe9a76f:0x90560e68c111d162!4m12!1m2!2m1!1sLa+Parrilla+del+%C3%91ato!3m8!1s0x902d6e14a839ec67:0xaa9499d33456f22a!8m2!3d-2.1615629!4d-79.9165523!9m1!1b1!15sChVMYSBQYXJyaWxsYSBkZWwgw5FhdG8iA4gBAVoXIhVsYSBwYXJyaWxsYSBkZWwgw7FhdG-SAQpyZXN0YXVyYW504AEA!16s%2Fg%2F1vr3f6tq?entry=ttu&g_ep=EgoyMDI2MDgwNS4xIKXMDSoASAFQAw%3D%3D","5",,"Victor Emilio Estrada 1219","false",,,"La Parrilla Del Ñato - Urdesa","4.4",,"https://www.google.com/maps/search/?api=1&query=La%20Parrilla%20Del%20%C3%91ato%20-%20Urdesa&query_place_id=ChIJZ-w5qBRuLZARKvJWNNOZlKo",
"Victor Emilio Estrada 1219, 090507 Guayaquil, Ecuador","Restaurante","Restaurante","12291618415396188714","Guayaquil","EC","0x902d6e14a839ec67:0xaa9499d33456f22a",,"https://lh3.googleusercontent.com/gps-cs-s/AHRPTWmIUzVJwpGT6y_wQQ_TKYbRgzO5ugvsumt9t1zWonuk6a3hjdvi8BSM03prBOmsGw6hCC9rMy2ViBaIpkI9HCjeB8TVchHmhSApUHrQYFx7ZvtNdOcKC6sHC5xlMlCM3-WwIhb0=w408-h306-k-no","false","false","/g/1vr3f6tq","es-419","0","-2.1615629","-79.9165523",,"Miraflores","es","false","ChIJZ-w5qBRuLZARKvJWNNOZlKo","090507","$10-35","Hace 5 meses","2026-03-01T14:30:15.615Z",,,,,,,,,,,,,"$5-10","Lugares sin reserva previa",,"Apto para grupos de todos los tamaños","Sin espera",,,,"4","5","5","Ci9DQUlRQUNvZENodHljRjlvT2swdE16VlhjbVZHY3pKSVYwdEtXVXBNTW5wRVRtYxAB",,,,,,,,"Google",,,"7",,,"3350","2026-08-08T17:01:21.389Z","Direct Detail URL: https://www.google.com/maps/place/La+Parrilla+Del+%C3%91ato+-+Urdesa/@-2.1747534,-79.9216969,12.79z/data=!3m1!5s0x902d6d885fe9a76f:0x90560e68c111d162!4m12!1m2!2m1!1sLa+Parrilla+del+%C3%91ato!3m8!1s0x902d6e14a839ec67:0xaa9499d33456f22a!8m2!3d-2.1615629!4d-79.9165523!9m1!1b1!15sChVMYSBQYXJyaWxsYSBkZWwgw5FhdG8iA4gBAVoXIhVsYSBwYXJyaWxsYSBkZWwgw7FhdG-SAQpyZXN0YXVyYW504AEA!16s%2Fg%2F1vr3f6tq?entry=ttu&g_ep=EgoyMDI2MDgwNS4xIKXMDSoASAFQAw%3D%3D","5",,"Victor Emilio Estrada 1219","false","Todo Ok",,"La Parrilla Del Ñato - Urdesa","4.4",,"https://www.google.com/maps/search/?api=1&query=La%20Parrilla%20Del%20%C3%91ato%20-%20Urdesa&query_place_id=ChIJZ-w5qBRuLZARKvJWNNOZlKo",
"Victor Emilio Estrada 1219, 090507 Guayaquil, Ecuador","Restaurante","Restaurante","12291618415396188714","Guayaquil","EC","0x902d6e14a839ec67:0xaa9499d33456f22a",,"https://lh3.googleusercontent.com/gps-cs-s/AHRPTWmIUzVJwpGT6y_wQQ_TKYbRgzO5ugvsumt9t1zWonuk6a3hjdvi8BSM03prBOmsGw6hCC9rMy2ViBaIpkI9HCjeB8TVchHmhSApUHrQYFx7ZvtNdOcKC6sHC5xlMlCM3-WwIhb0=w408-h306-k-no","false","false","/g/1vr3f6tq","es-419","0","-2.1615629","-79.9165523",,"Miraflores",,"false","ChIJZ-w5qBRuLZARKvJWNNOZlKo","090507","$10-35","Hace 5 meses","2026-02-23T15:29:58.032Z",,,,,,,"Ningún evento especial","Ruido moderado",,,,,"$20-25",,,,,,,,"4","5","5","Ci9DQUlRQUNvZENodHljRjlvT2xsZk1rcExVVE56Ym0weVkyaFpXa1ZwY21GRGVFRRAB",,,,,,,,"Google",,,"0",,,"3350","2026-08-08T17:01:21.389Z","Direct Detail URL: https://www.google.com/maps/place/La+Parrilla+Del+%C3%91ato+-+Urdesa/@-2.1747534,-79.9216969,12.79z/data=!3m1!5s0x902d6d885fe9a76f:0x90560e68c111d162!4m12!1m2!2m1!1sLa+Parrilla+del+%C3%91ato!3m8!1s0x902d6e14a839ec67:0xaa9499d33456f22a!8m2!3d-2.1615629!4d-79.9165523!9m1!1b1!15sChVMYSBQYXJyaWxsYSBkZWwgw5FhdG8iA4gBAVoXIhVsYSBwYXJyaWxsYSBkZWwgw7FhdG-SAQpyZXN0YXVyYW504AEA!16s%2Fg%2F1vr3f6tq?entry=ttu&g_ep=EgoyMDI2MDgwNS4xIKXMDSoASAFQAw%3D%3D","4",,"Victor Emilio Estrada 1219","false",,,"La Parrilla Del Ñato - Urdesa","4.4",,"https://www.google.com/maps/search/?api=1&query=La%20Parrilla%20Del%20%C3%91ato%20-%20Urdesa&query_place_id=ChIJZ-w5qBRuLZARKvJWNNOZlKo",
"Victor Emilio Estrada 1219, 090507 Guayaquil, Ecuador","Restaurante","Restaurante","12291618415396188714","Guayaquil","EC","0x902d6e14a839ec67:0xaa9499d33456f22a",,"https://lh3.googleusercontent.com/gps-cs-s/AHRPTWmIUzVJwpGT6y_wQQ_TKYbRgzO5ugvsumt9t1zWonuk6a3hjdvi8BSM03prBOmsGw6hCC9rMy2ViBaIpkI9HCjeB8TVchHmhSApUHrQYFx7ZvtNdOcKC6sHC5xlMlCM3-WwIhb0=w408-h306-k-no","false","false","/g/1vr3f6tq","es-419","0","-2.1615629","-79.9165523",,"Miraflores",,"false","ChIJZ-w5qBRuLZARKvJWNNOZlKo","090507","$10-35","Hace 5 meses","2026-02-18T17:02:18.698Z",,,,,,,,,,,,,,,,,,,,,"5","5","5","Ci9DQUlRQUNvZENodHljRjlvT2xBNVNYWmZTamhaVUZCV1QyNXFZVk5qWmxoUlpFRRAB",,,,,,,,"Google",,,"2",,,"3350","2026-08-08T17:01:21.389Z","Direct Detail URL: https://www.google.com/maps/place/La+Parrilla+Del+%C3%91ato+-+Urdesa/@-2.1747534,-79.9216969,12.79z/data=!3m1!5s0x902d6d885fe9a76f:0x90560e68c111d162!4m12!1m2!2m1!1sLa+Parrilla+del+%C3%91ato!3m8!1s0x902d6e14a839ec67:0xaa9499d33456f22a!8m2!3d-2.1615629!4d-79.9165523!9m1!1b1!15sChVMYSBQYXJyaWxsYSBkZWwgw5FhdG8iA4gBAVoXIhVsYSBwYXJyaWxsYSBkZWwgw7FhdG-SAQpyZXN0YXVyYW504AEA!16s%2Fg%2F1vr3f6tq?entry=ttu&g_ep=EgoyMDI2MDgwNS4xIKXMDSoASAFQAw%3D%3D","5",,"Victor Emilio Estrada 1219","false",,,"La Parrilla Del Ñato - Urdesa","4.4",,"https://www.google.com/maps/search/?api=1&query=La%20Parrilla%20Del%20%C3%91ato%20-%20Urdesa&query_place_id=ChIJZ-w5qBRuLZARKvJWNNOZlKo",
"Victor Emilio Estrada 1219, 090507 Guayaquil, Ecuador","Restaurante","Restaurante","12291618415396188714","Guayaquil","EC","0x902d6e14a839ec67:0xaa9499d33456f22a",,"https://lh3.googleusercontent.com/gps-cs-s/AHRPTWmIUzVJwpGT6y_wQQ_TKYbRgzO5ugvsumt9t1zWonuk6a3hjdvi8BSM03prBOmsGw6hCC9rMy2ViBaIpkI9HCjeB8TVchHmhSApUHrQYFx7ZvtNdOcKC6sHC5xlMlCM3-WwIhb0=w408-h306-k-no","false","true","/g/1vr3f6tq","es-419","0","-2.1615629","-79.9165523",,"Miraflores",,"false","ChIJZ-w5qBRuLZARKvJWNNOZlKo","090507","$10-35","Hace 6 meses","2026-01-22T02:21:19.911Z",,,,,,,"Música en vivo",,,,,,"$5-10",,,"3 o 4 personas, Entre 5 y 8 personas",,,,,"5","5","5","Ci9DQUlRQUNvZENodHljRjlvT210UUxVODBXRll4VkRoU1pUSnNTV1UzZGs1NE1HYxAB",,,,,,,,"Google",,,"122",,,"3350","2026-08-08T17:01:21.389Z","Direct Detail URL: https://www.google.com/maps/place/La+Parrilla+Del+%C3%91ato+-+Urdesa/@-2.1747534,-79.9216969,12.79z/data=!3m1!5s0x902d6d885fe9a76f:0x90560e68c111d162!4m12!1m2!2m1!1sLa+Parrilla+del+%C3%91ato!3m8!1s0x902d6e14a839ec67:0xaa9499d33456f22a!8m2!3d-2.1615629!4d-79.9165523!9m1!1b1!15sChVMYSBQYXJyaWxsYSBkZWwgw5FhdG8iA4gBAVoXIhVsYSBwYXJyaWxsYSBkZWwgw7FhdG-SAQpyZXN0YXVyYW504AEA!16s%2Fg%2F1vr3f6tq?entry=ttu&g_ep=EgoyMDI2MDgwNS4xIKXMDSoASAFQAw%3D%3D","5",,"Victor Emilio Estrada 1219","false",,,"La Parrilla Del Ñato - Urdesa","4.4",,"https://www.google.com/maps/search/?api=1&query=La%20Parrilla%20Del%20%C3%91ato%20-%20Urdesa&query_place_id=ChIJZ-w5qBRuLZARKvJWNNOZlKo",
"Victor Emilio Estrada 1219, 090507 Guayaquil, Ecuador","Restaurante","Restaurante","12291618415396188714","Guayaquil","EC","0x902d6e14a839ec67:0xaa9499d33456f22a",,"https://lh3.googleusercontent.com/gps-cs-s/AHRPTWmIUzVJwpGT6y_wQQ_TKYbRgzO5ugvsumt9t1zWonuk6a3hjdvi8BSM03prBOmsGw6hCC9rMy2ViBaIpkI9HCjeB8TVchHmhSApUHrQYFx7ZvtNdOcKC6sHC5xlMlCM3-WwIhb0=w408-h306-k-no","false","true","/g/1vr3f6tq","es-419","0","-2.1615629","-79.9165523",,"Miraflores",,"false","ChIJZ-w5qBRuLZARKvJWNNOZlKo","090507","$10-35","Hace 6 meses","2026-01-16T23:38:15.265Z",,,,,,,,"Silencioso, agradable para conversar",,,,,"$15-20",,,"Más de 9 personas",,"Comedor cubierto",,,"5","5","5","Ci9DQUlRQUNvZENodHljRjlvT2xGdlVUSXdlblZ1UkVOb1RsOVZTblJDZDB0WVFYYxAB",,,,,,,,"Google",,,"12",,,"3350","2026-08-08T17:01:21.389Z","Direct Detail URL: https://www.google.com/maps/place/La+Parrilla+Del+%C3%91ato+-+Urdesa/@-2.1747534,-79.9216969,12.79z/data=!3m1!5s0x902d6d885fe9a76f:0x90560e68c111d162!4m12!1m2!2m1!1sLa+Parrilla+del+%C3%91ato!3m8!1s0x902d6e14a839ec67:0xaa9499d33456f22a!8m2!3d-2.1615629!4d-79.9165523!9m1!1b1!15sChVMYSBQYXJyaWxsYSBkZWwgw5FhdG8iA4gBAVoXIhVsYSBwYXJyaWxsYSBkZWwgw7FhdG-SAQpyZXN0YXVyYW504AEA!16s%2Fg%2F1vr3f6tq?entry=ttu&g_ep=EgoyMDI2MDgwNS4xIKXMDSoASAFQAw%3D%3D","5",,"Victor Emilio Estrada 1219","false",,,"La Parrilla Del Ñato - Urdesa","4.4",,"https://www.google.com/maps/search/?api=1&query=La%20Parrilla%20Del%20%C3%91ato%20-%20Urdesa&query_place_id=ChIJZ-w5qBRuLZARKvJWNNOZlKo",
"Victor Emilio Estrada 1219, 090507 Guayaquil, Ecuador","Restaurante","Restaurante","12291618415396188714","Guayaquil","EC","0x902d6e14a839ec67:0xaa9499d33456f22a",,"https://lh3.googleusercontent.com/gps-cs-s/AHRPTWmIUzVJwpGT6y_wQQ_TKYbRgzO5ugvsumt9t1zWonuk6a3hjdvi8BSM03prBOmsGw6hCC9rMy2ViBaIpkI9HCjeB8TVchHmhSApUHrQYFx7ZvtNdOcKC6sHC5xlMlCM3-WwIhb0=w408-h306-k-no","false","true","/g/1vr3f6tq","es-419","0","-2.1615629","-79.9165523",,"Miraflores",,"false","ChIJZ-w5qBRuLZARKvJWNNOZlKo","090507","$10-35","Hace 6 meses","2026-01-16T21:47:36.772Z",,,,,,,,"Ruido moderado",,,,,"$10-15",,,"3 o 4 personas",,"Comedor cubierto",,,"5","5","5","Ci9DQUlRQUNvZENodHljRjlvT21SUlMzSnZSbEpOWTJOQ1VrRkRPRmxTVHkxWmQyYxAB",,,,,,,,"Google",,,"8",,,"3350","2026-08-08T17:01:21.389Z","Direct Detail URL: https://www.google.com/maps/place/La+Parrilla+Del+%C3%91ato+-+Urdesa/@-2.1747534,-79.9216969,12.79z/data=!3m1!5s0x902d6d885fe9a76f:0x90560e68c111d162!4m12!1m2!2m1!1sLa+Parrilla+del+%C3%91ato!3m8!1s0x902d6e14a839ec67:0xaa9499d33456f22a!8m2!3d-2.1615629!4d-79.9165523!9m1!1b1!15sChVMYSBQYXJyaWxsYSBkZWwgw5FhdG8iA4gBAVoXIhVsYSBwYXJyaWxsYSBkZWwgw7FhdG-SAQpyZXN0YXVyYW504AEA!16s%2Fg%2F1vr3f6tq?entry=ttu&g_ep=EgoyMDI2MDgwNS4xIKXMDSoASAFQAw%3D%3D","5",,"Victor Emilio Estrada 1219","false",,,"La Parrilla Del Ñato - Urdesa","4.4",,"https://www.google.com/maps/search/?api=1&query=La%20Parrilla%20Del%20%C3%91ato%20-%20Urdesa&query_place_id=ChIJZ-w5qBRuLZARKvJWNNOZlKo",
"Victor Emilio Estrada 1219, 090507 Guayaquil, Ecuador","Restaurante","Restaurante","12291618415396188714","Guayaquil","EC","0x902d6e14a839ec67:0xaa9499d33456f22a",,"https://lh3.googleusercontent.com/gps-cs-s/AHRPTWmIUzVJwpGT6y_wQQ_TKYbRgzO5ugvsumt9t1zWonuk6a3hjdvi8BSM03prBOmsGw6hCC9rMy2ViBaIpkI9HCjeB8TVchHmhSApUHrQYFx7ZvtNdOcKC6sHC5xlMlCM3-WwIhb0=w408-h306-k-no","false","true","/g/1vr3f6tq","es-419","0","-2.1615629","-79.9165523",,"Miraflores",,"false","ChIJZ-w5qBRuLZARKvJWNNOZlKo","090507","$10-35","Hace 6 meses","2026-01-10T23:43:00.873Z",,,,,,,,,,,,,,,,,,,,,,"5",,"Ci9DQUlRQUNvZENodHljRjlvT21GMFNWZDRkbTEwZWtGdlpEQk5kM1EwTUUxcFdHYxAB",,,,,,,,"Google",,,"46",,,"3350","2026-08-08T17:01:21.389Z","Direct Detail URL: https://www.google.com/maps/place/La+Parrilla+Del+%C3%91ato+-+Urdesa/@-2.1747534,-79.9216969,12.79z/data=!3m1!5s0x902d6d885fe9a76f:0x90560e68c111d162!4m12!1m2!2m1!1sLa+Parrilla+del+%C3%91ato!3m8!1s0x902d6e14a839ec67:0xaa9499d33456f22a!8m2!3d-2.1615629!4d-79.9165523!9m1!1b1!15sChVMYSBQYXJyaWxsYSBkZWwgw5FhdG8iA4gBAVoXIhVsYSBwYXJyaWxsYSBkZWwgw7FhdG-SAQpyZXN0YXVyYW504AEA!16s%2Fg%2F1vr3f6tq?entry=ttu&g_ep=EgoyMDI2MDgwNS4xIKXMDSoASAFQAw%3D%3D","5",,"Victor Emilio Estrada 1219","false",,,"La Parrilla Del Ñato - Urdesa","4.4",,"https://www.google.com/maps/search/?api=1&query=La%20Parrilla%20Del%20%C3%91ato%20-%20Urdesa&query_place_id=ChIJZ-w5qBRuLZARKvJWNNOZlKo",
"Victor Emilio Estrada 1219, 090507 Guayaquil, Ecuador","Restaurante","Restaurante","12291618415396188714","Guayaquil","EC","0x902d6e14a839ec67:0xaa9499d33456f22a",,"https://lh3.googleusercontent.com/gps-cs-s/AHRPTWmIUzVJwpGT6y_wQQ_TKYbRgzO5ugvsumt9t1zWonuk6a3hjdvi8BSM03prBOmsGw6hCC9rMy2ViBaIpkI9HCjeB8TVchHmhSApUHrQYFx7ZvtNdOcKC6sHC5xlMlCM3-WwIhb0=w408-h306-k-no","false","true","/g/1vr3f6tq","es-419","0","-2.1615629","-79.9165523",,"Miraflores","es","false","ChIJZ-w5qBRuLZARKvJWNNOZlKo","090507","$10-35","Editado Hace 7 meses","2025-12-21T20:43:14.901Z",,,,,,,"Música en vivo",,,,,,"$10-15","No se requiere hacer una reserva",,,,,"Almuerzo",,"5","5","5","ChdDSUhNMG9nS0VJQ0FnSURRMnVlanVRRRAB",,,,,,,,"Google",,,"148",,,"3350","2026-08-08T17:01:21.389Z","Direct Detail URL: https://www.google.com/maps/place/La+Parrilla+Del+%C3%91ato+-+Urdesa/@-2.1747534,-79.9216969,12.79z/data=!3m1!5s0x902d6d885fe9a76f:0x90560e68c111d162!4m12!1m2!2m1!1sLa+Parrilla+del+%C3%91ato!3m8!1s0x902d6e14a839ec67:0xaa9499d33456f22a!8m2!3d-2.1615629!4d-79.9165523!9m1!1b1!15sChVMYSBQYXJyaWxsYSBkZWwgw5FhdG8iA4gBAVoXIhVsYSBwYXJyaWxsYSBkZWwgw7FhdG-SAQpyZXN0YXVyYW504AEA!16s%2Fg%2F1vr3f6tq?entry=ttu&g_ep=EgoyMDI2MDgwNS4xIKXMDSoASAFQAw%3D%3D","5",,"Victor Emilio Estrada 1219","false","Definitivamente el mejor restaurante de carnes de la ciudad de guayaquil. Hoy una vez más con mi familia disfrutamos mucha la atención el ambiente y la comida. Felicitaciones.",,"La Parrilla Del Ñato - Urdesa","4.4",,"https://www.google.com/maps/search/?api=1&query=La%20Parrilla%20Del%20%C3%91ato%20-%20Urdesa&query_place_id=ChIJZ-w5qBRuLZARKvJWNNOZlKo",
"Victor Emilio Estrada 1219, 090507 Guayaquil, Ecuador","Restaurante","Restaurante","12291618415396188714","Guayaquil","EC","0x902d6e14a839ec67:0xaa9499d33456f22a",,"https://lh3.googleusercontent.com/gps-cs-s/AHRPTWmIUzVJwpGT6y_wQQ_TKYbRgzO5ugvsumt9t1zWonuk6a3hjdvi8BSM03prBOmsGw6hCC9rMy2ViBaIpkI9HCjeB8TVchHmhSApUHrQYFx7ZvtNdOcKC6sHC5xlMlCM3-WwIhb0=w408-h306-k-no","false","true","/g/1vr3f6tq","es-419","0","-2.1615629","-79.9165523",,"Miraflores",,"false","ChIJZ-w5qBRuLZARKvJWNNOZlKo","090507","$10-35","Hace 7 meses","2025-12-17T22:45:23.807Z",,,,,,,,,,,,,,,,,,,,,,,,"Ci9DQUlRQUNvZENodHljRjlvT2pobGNGZExZVmRvY1Y5S2NuaHNVbmxxTW1zM2FtYxAB",,,,,,,,"Google",,,"23",,,"3350","2026-08-08T17:01:21.389Z","Direct Detail URL: https://www.google.com/maps/place/La+Parrilla+Del+%C3%91ato+-+Urdesa/@-2.1747534,-79.9216969,12.79z/data=!3m1!5s0x902d6d885fe9a76f:0x90560e68c111d162!4m12!1m2!2m1!1sLa+Parrilla+del+%C3%91ato!3m8!1s0x902d6e14a839ec67:0xaa9499d33456f22a!8m2!3d-2.1615629!4d-79.9165523!9m1!1b1!15sChVMYSBQYXJyaWxsYSBkZWwgw5FhdG8iA4gBAVoXIhVsYSBwYXJyaWxsYSBkZWwgw7FhdG-SAQpyZXN0YXVyYW504AEA!16s%2Fg%2F1vr3f6tq?entry=ttu&g_ep=EgoyMDI2MDgwNS4xIKXMDSoASAFQAw%3D%3D","5",,"Victor Emilio Estrada 1219","false",,,"La Parrilla Del Ñato - Urdesa","4.4",,"https://www.google.com/maps/search/?api=1&query=La%20Parrilla%20Del%20%C3%91ato%20-%20Urdesa&query_place_id=ChIJZ-w5qBRuLZARKvJWNNOZlKo",
"Victor Emilio Estrada 1219, 090507 Guayaquil, Ecuador","Restaurante","Restaurante","12291618415396188714","Guayaquil","EC","0x902d6e14a839ec67:0xaa9499d33456f22a",,"https://lh3.googleusercontent.com/gps-cs-s/AHRPTWmIUzVJwpGT6y_wQQ_TKYbRgzO5ugvsumt9t1zWonuk6a3hjdvi8BSM03prBOmsGw6hCC9rMy2ViBaIpkI9HCjeB8TVchHmhSApUHrQYFx7ZvtNdOcKC6sHC5xlMlCM3-WwIhb0=w408-h306-k-no","false","true","/g/1vr3f6tq","es-419","0","-2.1615629","-79.9165523",,"Miraflores",,"false","ChIJZ-w5qBRuLZARKvJWNNOZlKo","090507","$10-35","Hace 7 meses","2025-12-16T22:56:38.779Z",,,,,,,,,,,,,,,,,,,,,"4","5","5","Ci9DQUlRQUNvZENodHljRjlvT2pKWGFVdHlaa0p5WWt0R1gyaE1WVUpGYlZkTlFtYxAB",,,,,,,,"Google",,,"15",,,"3350","2026-08-08T17:01:21.389Z","Direct Detail URL: https://www.google.com/maps/place/La+Parrilla+Del+%C3%91ato+-+Urdesa/@-2.1747534,-79.9216969,12.79z/data=!3m1!5s0x902d6d885fe9a76f:0x90560e68c111d162!4m12!1m2!2m1!1sLa+Parrilla+del+%C3%91ato!3m8!1s0x902d6e14a839ec67:0xaa9499d33456f22a!8m2!3d-2.1615629!4d-79.9165523!9m1!1b1!15sChVMYSBQYXJyaWxsYSBkZWwgw5FhdG8iA4gBAVoXIhVsYSBwYXJyaWxsYSBkZWwgw7FhdG-SAQpyZXN0YXVyYW504AEA!16s%2Fg%2F1vr3f6tq?entry=ttu&g_ep=EgoyMDI2MDgwNS4xIKXMDSoASAFQAw%3D%3D","5",,"Victor Emilio Estrada 1219","false",,,"La Parrilla Del Ñato - Urdesa","4.4",,"https://www.google.com/maps/search/?api=1&query=La%20Parrilla%20Del%20%C3%91ato%20-%20Urdesa&query_place_id=ChIJZ-w5qBRuLZARKvJWNNOZlKo",
"Victor Emilio Estrada 1219, 090507 Guayaquil, Ecuador","Restaurante","Restaurante","12291618415396188714","Guayaquil","EC","0x902d6e14a839ec67:0xaa9499d33456f22a",,"https://lh3.googleusercontent.com/gps-cs-s/AHRPTWmIUzVJwpGT6y_wQQ_TKYbRgzO5ugvsumt9t1zWonuk6a3hjdvi8BSM03prBOmsGw6hCC9rMy2ViBaIpkI9HCjeB8TVchHmhSApUHrQYFx7ZvtNdOcKC6sHC5xlMlCM3-WwIhb0=w408-h306-k-no","false","true","/g/1vr3f6tq","es-419","0","-2.1615629","-79.9165523",,"Miraflores",,"false","ChIJZ-w5qBRuLZARKvJWNNOZlKo","090507","$10-35","Hace 8 meses","2025-11-25T15:45:13.991Z",,,,,,,,,,,,,,,,,,,,,,"4",,"Ci9DQUlRQUNvZENodHljRjlvT2pZM1ZHODBibEZSYVc5S1EyNXNOMEU0Y2pCc1lrRRAB",,,,,,,,"Google",,,"18",,,"3350","2026-08-08T17:01:21.389Z","Direct Detail URL: https://www.google.com/maps/place/La+Parrilla+Del+%C3%91ato+-+Urdesa/@-2.1747534,-79.9216969,12.79z/data=!3m1!5s0x902d6d885fe9a76f:0x90560e68c111d162!4m12!1m2!2m1!1sLa+Parrilla+del+%C3%91ato!3m8!1s0x902d6e14a839ec67:0xaa9499d33456f22a!8m2!3d-2.1615629!4d-79.9165523!9m1!1b1!15sChVMYSBQYXJyaWxsYSBkZWwgw5FhdG8iA4gBAVoXIhVsYSBwYXJyaWxsYSBkZWwgw7FhdG-SAQpyZXN0YXVyYW504AEA!16s%2Fg%2F1vr3f6tq?entry=ttu&g_ep=EgoyMDI2MDgwNS4xIKXMDSoASAFQAw%3D%3D","4",,"Victor Emilio Estrada 1219","false",,,"La Parrilla Del Ñato - Urdesa","4.4",,"https://www.google.com/maps/search/?api=1&query=La%20Parrilla%20Del%20%C3%91ato%20-%20Urdesa&query_place_id=ChIJZ-w5qBRuLZARKvJWNNOZlKo",
"Victor Emilio Estrada 1219, 090507 Guayaquil, Ecuador","Restaurante","Restaurante","12291618415396188714","Guayaquil","EC","0x902d6e14a839ec67:0xaa9499d33456f22a",,"https://lh3.googleusercontent.com/gps-cs-s/AHRPTWmIUzVJwpGT6y_wQQ_TKYbRgzO5ugvsumt9t1zWonuk6a3hjdvi8BSM03prBOmsGw6hCC9rMy2ViBaIpkI9HCjeB8TVchHmhSApUHrQYFx7ZvtNdOcKC6sHC5xlMlCM3-WwIhb0=w408-h306-k-no","false","false","/g/1vr3f6tq","es-419","0","-2.1615629","-79.9165523",,"Miraflores",,"false","ChIJZ-w5qBRuLZARKvJWNNOZlKo","090507","$10-35","Hace 8 meses","2025-11-17T13:17:00.731Z",,,,,,,,,,,,,,,,,,,,,,,,"Ci9DQUlRQUNvZENodHljRjlvT2xsSVJHTldOVWcyVDJ4b05HcEJVbGhPU0U0dGNFRRAB",,,,,,,,"Google",,,"10",,,"3350","2026-08-08T17:01:21.389Z","Direct Detail URL: https://www.google.com/maps/place/La+Parrilla+Del+%C3%91ato+-+Urdesa/@-2.1747534,-79.9216969,12.79z/data=!3m1!5s0x902d6d885fe9a76f:0x90560e68c111d162!4m12!1m2!2m1!1sLa+Parrilla+del+%C3%91ato!3m8!1s0x902d6e14a839ec67:0xaa9499d33456f22a!8m2!3d-2.1615629!4d-79.9165523!9m1!1b1!15sChVMYSBQYXJyaWxsYSBkZWwgw5FhdG8iA4gBAVoXIhVsYSBwYXJyaWxsYSBkZWwgw7FhdG-SAQpyZXN0YXVyYW504AEA!16s%2Fg%2F1vr3f6tq?entry=ttu&g_ep=EgoyMDI2MDgwNS4xIKXMDSoASAFQAw%3D%3D","3",,"Victor Emilio Estrada 1219","false",,,"La Parrilla Del Ñato - Urdesa","4.4",,"https://www.google.com/maps/search/?api=1&query=La%20Parrilla%20Del%20%C3%91ato%20-%20Urdesa&query_place_id=ChIJZ-w5qBRuLZARKvJWNNOZlKo",
"Victor Emilio Estrada 1219, 090507 Guayaquil, Ecuador","Restaurante","Restaurante","12291618415396188714","Guayaquil","EC","0x902d6e14a839ec67:0xaa9499d33456f22a",,"https://lh3.googleusercontent.com/gps-cs-s/AHRPTWmIUzVJwpGT6y_wQQ_TKYbRgzO5ugvsumt9t1zWonuk6a3hjdvi8BSM03prBOmsGw6hCC9rMy2ViBaIpkI9HCjeB8TVchHmhSApUHrQYFx7ZvtNdOcKC6sHC5xlMlCM3-WwIhb0=w408-h306-k-no","false","true","/g/1vr3f6tq","es-419","0","-2.1615629","-79.9165523",,"Miraflores",,"false","ChIJZ-w5qBRuLZARKvJWNNOZlKo","090507","$10-35","Hace 8 meses","2025-11-17T11:28:14.461Z",,,,,,,,"Ruido moderado",,,,,"$10-15",,,"2 personas, 3 o 4 personas",,,,,"5","5","5","Ci9DQUlRQUNvZENodHljRjlvT21SQldsaDNaRXBIU0hkdmVEVkxlR2hYZDFKNExWRRAB",,,,,,,,"Google",,,"28",,,"3350","2026-08-08T17:01:21.389Z","Direct Detail URL: https://www.google.com/maps/place/La+Parrilla+Del+%C3%91ato+-+Urdesa/@-2.1747534,-79.9216969,12.79z/data=!3m1!5s0x902d6d885fe9a76f:0x90560e68c111d162!4m12!1m2!2m1!1sLa+Parrilla+del+%C3%91ato!3m8!1s0x902d6e14a839ec67:0xaa9499d33456f22a!8m2!3d-2.1615629!4d-79.9165523!9m1!1b1!15sChVMYSBQYXJyaWxsYSBkZWwgw5FhdG8iA4gBAVoXIhVsYSBwYXJyaWxsYSBkZWwgw7FhdG-SAQpyZXN0YXVyYW504AEA!16s%2Fg%2F1vr3f6tq?entry=ttu&g_ep=EgoyMDI2MDgwNS4xIKXMDSoASAFQAw%3D%3D","5",,"Victor Emilio Estrada 1219","false",,,"La Parrilla Del Ñato - Urdesa","4.4",,"https://www.google.com/maps/search/?api=1&query=La%20Parrilla%20Del%20%C3%91ato%20-%20Urdesa&query_place_id=ChIJZ-w5qBRuLZARKvJWNNOZlKo",
"Victor Emilio Estrada 1219, 090507 Guayaquil, Ecuador","Restaurante","Restaurante","12291618415396188714","Guayaquil","EC","0x902d6e14a839ec67:0xaa9499d33456f22a",,"https://lh3.googleusercontent.com/gps-cs-s/AHRPTWmIUzVJwpGT6y_wQQ_TKYbRgzO5ugvsumt9t1zWonuk6a3hjdvi8BSM03prBOmsGw6hCC9rMy2ViBaIpkI9HCjeB8TVchHmhSApUHrQYFx7ZvtNdOcKC6sHC5xlMlCM3-WwIhb0=w408-h306-k-no","false","true","/g/1vr3f6tq","es-419","0","-2.1615629","-79.9165523",,"Miraflores",,"false","ChIJZ-w5qBRuLZARKvJWNNOZlKo","090507","$10-35","Hace 8 meses","2025-11-12T03:08:38.279Z",,,,,,,,,,,,,"$15-20",,,,,"Comedor cubierto",,,"4","3","4","Ci9DQUlRQUNvZENodHljRjlvT2xsVVZITjVURk5OTFMxT1dGVk5Ra3N3ZWxCSllsRRAB",,,,,,,,"Google",,,"9",,,"3350","2026-08-08T17:01:21.389Z","Direct Detail URL: https://www.google.com/maps/place/La+Parrilla+Del+%C3%91ato+-+Urdesa/@-2.1747534,-79.9216969,12.79z/data=!3m1!5s0x902d6d885fe9a76f:0x90560e68c111d162!4m12!1m2!2m1!1sLa+Parrilla+del+%C3%91ato!3m8!1s0x902d6e14a839ec67:0xaa9499d33456f22a!8m2!3d-2.1615629!4d-79.9165523!9m1!1b1!15sChVMYSBQYXJyaWxsYSBkZWwgw5FhdG8iA4gBAVoXIhVsYSBwYXJyaWxsYSBkZWwgw7FhdG-SAQpyZXN0YXVyYW504AEA!16s%2Fg%2F1vr3f6tq?entry=ttu&g_ep=EgoyMDI2MDgwNS4xIKXMDSoASAFQAw%3D%3D","3",,"Victor Emilio Estrada 1219","false",,,"La Parrilla Del Ñato - Urdesa","4.4",,"https://www.google.com/maps/search/?api=1&query=La%20Parrilla%20Del%20%C3%91ato%20-%20Urdesa&query_place_id=ChIJZ-w5qBRuLZARKvJWNNOZlKo",
"Victor Emilio Estrada 1219, 090507 Guayaquil, Ecuador","Restaurante","Restaurante","12291618415396188714","Guayaquil","EC","0x902d6e14a839ec67:0xaa9499d33456f22a",,"https://lh3.googleusercontent.com/gps-cs-s/AHRPTWmIUzVJwpGT6y_wQQ_TKYbRgzO5ugvsumt9t1zWonuk6a3hjdvi8BSM03prBOmsGw6hCC9rMy2ViBaIpkI9HCjeB8TVchHmhSApUHrQYFx7ZvtNdOcKC6sHC5xlMlCM3-WwIhb0=w408-h306-k-no","false","false","/g/1vr3f6tq","es-419","0","-2.1615629","-79.9165523",,"Miraflores","es","false","ChIJZ-w5qBRuLZARKvJWNNOZlKo","090507","$10-35","Hace 9 meses","2025-11-08T13:58:37.061Z",,,,,,,,"Silencioso, agradable para conversar",,,,,"Más de $50","No lo sé",,,,,,,"1","1","1","Ci9DQUlRQUNvZENodHljRjlvT205SmFGSlBUMWgyWnpCNE1GOTNjbGN5TmtzeWRIYxAB",,,,,,,,"Google",,,"1",,,"3350","2026-08-08T17:01:21.389Z","Direct Detail URL: https://www.google.com/maps/place/La+Parrilla+Del+%C3%91ato+-+Urdesa/@-2.1747534,-79.9216969,12.79z/data=!3m1!5s0x902d6d885fe9a76f:0x90560e68c111d162!4m12!1m2!2m1!1sLa+Parrilla+del+%C3%91ato!3m8!1s0x902d6e14a839ec67:0xaa9499d33456f22a!8m2!3d-2.1615629!4d-79.9165523!9m1!1b1!15sChVMYSBQYXJyaWxsYSBkZWwgw5FhdG8iA4gBAVoXIhVsYSBwYXJyaWxsYSBkZWwgw7FhdG-SAQpyZXN0YXVyYW504AEA!16s%2Fg%2F1vr3f6tq?entry=ttu&g_ep=EgoyMDI2MDgwNS4xIKXMDSoASAFQAw%3D%3D","1",,"Victor Emilio Estrada 1219","false","Pésima comida, las carnes sin sabor, el chimichurri malo sabía a puro ajo, la salsa de queso no era salsa de queso si no un puré de papa encima de la papa asada. Antes era muy bueno ya dañaron la comida ahí, $100 dólares para una parrillada familiar que ni era familiar no tenía ni pollo ni carne, creo que hasta rukito que tanto hate le meten termina siendo mejor ahora que el ñato 🥲",,"La Parrilla Del Ñato - Urdesa","4.4",,"https://www.google.com/maps/search/?api=1&query=La%20Parrilla%20Del%20%C3%91ato%20-%20Urdesa&query_place_id=ChIJZ-w5qBRuLZARKvJWNNOZlKo",
"Victor Emilio Estrada 1219, 090507 Guayaquil, Ecuador","Restaurante","Restaurante","12291618415396188714","Guayaquil","EC","0x902d6e14a839ec67:0xaa9499d33456f22a",,"https://lh3.googleusercontent.com/gps-cs-s/AHRPTWmIUzVJwpGT6y_wQQ_TKYbRgzO5ugvsumt9t1zWonuk6a3hjdvi8BSM03prBOmsGw6hCC9rMy2ViBaIpkI9HCjeB8TVchHmhSApUHrQYFx7ZvtNdOcKC6sHC5xlMlCM3-WwIhb0=w408-h306-k-no","false","true","/g/1vr3f6tq","es-419","0","-2.1615629","-79.9165523",,"Miraflores","en-GB","false","ChIJZ-w5qBRuLZARKvJWNNOZlKo","090507","$10-35","Editado Hace 9 meses","2025-10-27T02:37:01.758Z",,,,,,,,,,,,,"$40-45",,,"2 personas",,,,,"4","5","4","ChZDSUhNMG9nS0VJQ0FnSURvdW9PTlNnEAE",,,,,,,,"Google",,,"377",,,"3350","2026-08-08T17:01:21.389Z","Direct Detail URL: https://www.google.com/maps/place/La+Parrilla+Del+%C3%91ato+-+Urdesa/@-2.1747534,-79.9216969,12.79z/data=!3m1!5s0x902d6d885fe9a76f:0x90560e68c111d162!4m12!1m2!2m1!1sLa+Parrilla+del+%C3%91ato!3m8!1s0x902d6e14a839ec67:0xaa9499d33456f22a!8m2!3d-2.1615629!4d-79.9165523!9m1!1b1!15sChVMYSBQYXJyaWxsYSBkZWwgw5FhdG8iA4gBAVoXIhVsYSBwYXJyaWxsYSBkZWwgw7FhdG-SAQpyZXN0YXVyYW504AEA!16s%2Fg%2F1vr3f6tq?entry=ttu&g_ep=EgoyMDI2MDgwNS4xIKXMDSoASAFQAw%3D%3D","5",,"Victor Emilio Estrada 1219","false","👍🏻",,"La Parrilla Del Ñato - Urdesa","4.4",,"https://www.google.com/maps/search/?api=1&query=La%20Parrilla%20Del%20%C3%91ato%20-%20Urdesa&query_place_id=ChIJZ-w5qBRuLZARKvJWNNOZlKo",
"Victor Emilio Estrada 1219, 090507 Guayaquil, Ecuador","Restaurante","Restaurante","12291618415396188714","Guayaquil","EC","0x902d6e14a839ec67:0xaa9499d33456f22a",,"https://lh3.googleusercontent.com/gps-cs-s/AHRPTWmIUzVJwpGT6y_wQQ_TKYbRgzO5ugvsumt9t1zWonuk6a3hjdvi8BSM03prBOmsGw6hCC9rMy2ViBaIpkI9HCjeB8TVchHmhSApUHrQYFx7ZvtNdOcKC6sHC5xlMlCM3-WwIhb0=w408-h306-k-no","false","true","/g/1vr3f6tq","es-419","0","-2.1615629","-79.9165523",,"Miraflores",,"false","ChIJZ-w5qBRuLZARKvJWNNOZlKo","090507","$10-35","Hace 9 meses","2025-10-11T03:05:52.705Z",,,,,,,,,,,,,,,,,,,,,"5","5","5","Ci9DQUlRQUNvZENodHljRjlvT2paUFgxTmlTbHBQUnpodU1EbGtNRmxaZUZvNVQxRRAB",,,,,,,,"Google",,,"21",,,"3350","2026-08-08T17:01:21.389Z","Direct Detail URL: https://www.google.com/maps/place/La+Parrilla+Del+%C3%91ato+-+Urdesa/@-2.1747534,-79.9216969,12.79z/data=!3m1!5s0x902d6d885fe9a76f:0x90560e68c111d162!4m12!1m2!2m1!1sLa+Parrilla+del+%C3%91ato!3m8!1s0x902d6e14a839ec67:0xaa9499d33456f22a!8m2!3d-2.1615629!4d-79.9165523!9m1!1b1!15sChVMYSBQYXJyaWxsYSBkZWwgw5FhdG8iA4gBAVoXIhVsYSBwYXJyaWxsYSBkZWwgw7FhdG-SAQpyZXN0YXVyYW504AEA!16s%2Fg%2F1vr3f6tq?entry=ttu&g_ep=EgoyMDI2MDgwNS4xIKXMDSoASAFQAw%3D%3D","5",,"Victor Emilio Estrada 1219","false",,,"La Parrilla Del Ñato - Urdesa","4.4",,"https://www.google.com/maps/search/?api=1&query=La%20Parrilla%20Del%20%C3%91ato%20-%20Urdesa&query_place_id=ChIJZ-w5qBRuLZARKvJWNNOZlKo",
"Victor Emilio Estrada 1219, 090507 Guayaquil, Ecuador","Restaurante","Restaurante","12291618415396188714","Guayaquil","EC","0x902d6e14a839ec67:0xaa9499d33456f22a",,"https://lh3.googleusercontent.com/gps-cs-s/AHRPTWmIUzVJwpGT6y_wQQ_TKYbRgzO5ugvsumt9t1zWonuk6a3hjdvi8BSM03prBOmsGw6hCC9rMy2ViBaIpkI9HCjeB8TVchHmhSApUHrQYFx7ZvtNdOcKC6sHC5xlMlCM3-WwIhb0=w408-h306-k-no","false","true","/g/1vr3f6tq","es-419","0","-2.1615629","-79.9165523",,"Miraflores","es","false","ChIJZ-w5qBRuLZARKvJWNNOZlKo","090507","$10-35","Hace 10 meses","2025-10-04T12:05:51.721Z",,,,"Si",,,,"Ruido moderado",,,,,,"No se requiere hacer una reserva",,"Más de 9 personas",,,,,"5","5","5","Ci9DQUlRQUNvZENodHljRjlvT25ac1pscHVWVUpJT1ZSclRWVlFhRmR4Y1dSQ2JVRRAB",,,,,,,,"Google",,,"59",,,"3350","2026-08-08T17:01:21.389Z","Direct Detail URL: https://www.google.com/maps/place/La+Parrilla+Del+%C3%91ato+-+Urdesa/@-2.1747534,-79.9216969,12.79z/data=!3m1!5s0x902d6d885fe9a76f:0x90560e68c111d162!4m12!1m2!2m1!1sLa+Parrilla+del+%C3%91ato!3m8!1s0x902d6e14a839ec67:0xaa9499d33456f22a!8m2!3d-2.1615629!4d-79.9165523!9m1!1b1!15sChVMYSBQYXJyaWxsYSBkZWwgw5FhdG8iA4gBAVoXIhVsYSBwYXJyaWxsYSBkZWwgw7FhdG-SAQpyZXN0YXVyYW504AEA!16s%2Fg%2F1vr3f6tq?entry=ttu&g_ep=EgoyMDI2MDgwNS4xIKXMDSoASAFQAw%3D%3D","5",,"Victor Emilio Estrada 1219","false","Acogedor el lugar",,"La Parrilla Del Ñato - Urdesa","4.4",,"https://www.google.com/maps/search/?api=1&query=La%20Parrilla%20Del%20%C3%91ato%20-%20Urdesa&query_place_id=ChIJZ-w5qBRuLZARKvJWNNOZlKo",
"Victor Emilio Estrada 1219, 090507 Guayaquil, Ecuador","Restaurante","Restaurante","12291618415396188714","Guayaquil","EC","0x902d6e14a839ec67:0xaa9499d33456f22a",,"https://lh3.googleusercontent.com/gps-cs-s/AHRPTWmIUzVJwpGT6y_wQQ_TKYbRgzO5ugvsumt9t1zWonuk6a3hjdvi8BSM03prBOmsGw6hCC9rMy2ViBaIpkI9HCjeB8TVchHmhSApUHrQYFx7ZvtNdOcKC6sHC5xlMlCM3-WwIhb0=w408-h306-k-no","false","true","/g/1vr3f6tq","es-419","0","-2.1615629","-79.9165523",,"Miraflores","es","false","ChIJZ-w5qBRuLZARKvJWNNOZlKo","090507","$10-35","Hace 10 meses","2025-10-03T16:40:15.184Z",,,,,,,,"Silencioso, agradable para conversar",,,,,"$25-30","Lugares sin reserva previa",,"3 o 4 personas, Entre 5 y 8 personas",,,,,"5","5","5","Ci9DQUlRQUNvZENodHljRjlvT21zNGNGWjZWMGhZUm14UFNsRkRhbTFKV1VGSGJHYxAB",,,,,,,,"Google",,,"69",,,"3350","2026-08-08T17:01:21.389Z","Direct Detail URL: https://www.google.com/maps/place/La+Parrilla+Del+%C3%91ato+-+Urdesa/@-2.1747534,-79.9216969,12.79z/data=!3m1!5s0x902d6d885fe9a76f:0x90560e68c111d162!4m12!1m2!2m1!1sLa+Parrilla+del+%C3%91ato!3m8!1s0x902d6e14a839ec67:0xaa9499d33456f22a!8m2!3d-2.1615629!4d-79.9165523!9m1!1b1!15sChVMYSBQYXJyaWxsYSBkZWwgw5FhdG8iA4gBAVoXIhVsYSBwYXJyaWxsYSBkZWwgw7FhdG-SAQpyZXN0YXVyYW504AEA!16s%2Fg%2F1vr3f6tq?entry=ttu&g_ep=EgoyMDI2MDgwNS4xIKXMDSoASAFQAw%3D%3D","5",,"Victor Emilio Estrada 1219","false","Lo único, siempre será más caro que otros lugares, pero vale la pena",,"La Parrilla Del Ñato - Urdesa","4.4",,"https://www.google.com/maps/search/?api=1&query=La%20Parrilla%20Del%20%C3%91ato%20-%20Urdesa&query_place_id=ChIJZ-w5qBRuLZARKvJWNNOZlKo",
"Victor Emilio Estrada 1219, 090507 Guayaquil, Ecuador","Restaurante","Restaurante","12291618415396188714","Guayaquil","EC","0x902d6e14a839ec67:0xaa9499d33456f22a",,"https://lh3.googleusercontent.com/gps-cs-s/AHRPTWmIUzVJwpGT6y_wQQ_TKYbRgzO5ugvsumt9t1zWonuk6a3hjdvi8BSM03prBOmsGw6hCC9rMy2ViBaIpkI9HCjeB8TVchHmhSApUHrQYFx7ZvtNdOcKC6sHC5xlMlCM3-WwIhb0=w408-h306-k-no","false","false","/g/1vr3f6tq","es-419","0","-2.1615629","-79.9165523",,"Miraflores",,"false","ChIJZ-w5qBRuLZARKvJWNNOZlKo","090507","$10-35","Hace 10 meses","2025-09-24T17:50:30.932Z",,,,,,,,,,,,,,,,,,,,,,,,"Ci9DQUlRQUNvZENodHljRjlvT2tWelIwRjNTSEJCWW1kdWFsWnpOMjB6TTB4VllrRRAB",,,,,,,,"Google",,,"1",,,"3350","2026-08-08T17:01:21.389Z","Direct Detail URL: https://www.google.com/maps/place/La+Parrilla+Del+%C3%91ato+-+Urdesa/@-2.1747534,-79.9216969,12.79z/data=!3m1!5s0x902d6d885fe9a76f:0x90560e68c111d162!4m12!1m2!2m1!1sLa+Parrilla+del+%C3%91ato!3m8!1s0x902d6e14a839ec67:0xaa9499d33456f22a!8m2!3d-2.1615629!4d-79.9165523!9m1!1b1!15sChVMYSBQYXJyaWxsYSBkZWwgw5FhdG8iA4gBAVoXIhVsYSBwYXJyaWxsYSBkZWwgw7FhdG-SAQpyZXN0YXVyYW504AEA!16s%2Fg%2F1vr3f6tq?entry=ttu&g_ep=EgoyMDI2MDgwNS4xIKXMDSoASAFQAw%3D%3D","1",,"Victor Emilio Estrada 1219","false",,,"La Parrilla Del Ñato - Urdesa","4.4",,"https://www.google.com/maps/search/?api=1&query=La%20Parrilla%20Del%20%C3%91ato%20-%20Urdesa&query_place_id=ChIJZ-w5qBRuLZARKvJWNNOZlKo",
"Victor Emilio Estrada 1219, 090507 Guayaquil, Ecuador","Restaurante","Restaurante","12291618415396188714","Guayaquil","EC","0x902d6e14a839ec67:0xaa9499d33456f22a",,"https://lh3.googleusercontent.com/gps-cs-s/AHRPTWmIUzVJwpGT6y_wQQ_TKYbRgzO5ugvsumt9t1zWonuk6a3hjdvi8BSM03prBOmsGw6hCC9rMy2ViBaIpkI9HCjeB8TVchHmhSApUHrQYFx7ZvtNdOcKC6sHC5xlMlCM3-WwIhb0=w408-h306-k-no","false","true","/g/1vr3f6tq","es-419","0","-2.1615629","-79.9165523",,"Miraflores",,"false","ChIJZ-w5qBRuLZARKvJWNNOZlKo","090507","$10-35","Hace 10 meses","2025-09-19T23:44:29.098Z",,,,,,,,,,,,,"$5-10",,,,,,,,,,,"Ci9DQUlRQUNvZENodHljRjlvT25aWlJqRlVkVzluT1RsclFqQkpUMlJoZEVJeWVGRRAB",,,,,,,,"Google",,,"13",,,"3350","2026-08-08T17:01:21.389Z","Direct Detail URL: https://www.google.com/maps/place/La+Parrilla+Del+%C3%91ato+-+Urdesa/@-2.1747534,-79.9216969,12.79z/data=!3m1!5s0x902d6d885fe9a76f:0x90560e68c111d162!4m12!1m2!2m1!1sLa+Parrilla+del+%C3%91ato!3m8!1s0x902d6e14a839ec67:0xaa9499d33456f22a!8m2!3d-2.1615629!4d-79.9165523!9m1!1b1!15sChVMYSBQYXJyaWxsYSBkZWwgw5FhdG8iA4gBAVoXIhVsYSBwYXJyaWxsYSBkZWwgw7FhdG-SAQpyZXN0YXVyYW504AEA!16s%2Fg%2F1vr3f6tq?entry=ttu&g_ep=EgoyMDI2MDgwNS4xIKXMDSoASAFQAw%3D%3D","4",,"Victor Emilio Estrada 1219","false",,,"La Parrilla Del Ñato - Urdesa","4.4",,"https://www.google.com/maps/search/?api=1&query=La%20Parrilla%20Del%20%C3%91ato%20-%20Urdesa&query_place_id=ChIJZ-w5qBRuLZARKvJWNNOZlKo",
"Victor Emilio Estrada 1219, 090507 Guayaquil, Ecuador","Restaurante","Restaurante","12291618415396188714","Guayaquil","EC","0x902d6e14a839ec67:0xaa9499d33456f22a",,"https://lh3.googleusercontent.com/gps-cs-s/AHRPTWmIUzVJwpGT6y_wQQ_TKYbRgzO5ugvsumt9t1zWonuk6a3hjdvi8BSM03prBOmsGw6hCC9rMy2ViBaIpkI9HCjeB8TVchHmhSApUHrQYFx7ZvtNdOcKC6sHC5xlMlCM3-WwIhb0=w408-h306-k-no","false","false","/g/1vr3f6tq","es-419","0","-2.1615629","-79.9165523",,"Miraflores",,"false","ChIJZ-w5qBRuLZARKvJWNNOZlKo","090507","$10-35","Hace 10 meses","2025-09-17T19:56:58.342Z",,,,,,,,,,,,,,,,,,,,,"5","5","5","Ci9DQUlRQUNvZENodHljRjlvT2s1UGRVMXZTams1ZDFZMldITnJPQzA0TFV4blFsRRAB",,,,,,,,"Google",,,"0",,,"3350","2026-08-08T17:01:21.389Z","Direct Detail URL: https://www.google.com/maps/place/La+Parrilla+Del+%C3%91ato+-+Urdesa/@-2.1747534,-79.9216969,12.79z/data=!3m1!5s0x902d6d885fe9a76f:0x90560e68c111d162!4m12!1m2!2m1!1sLa+Parrilla+del+%C3%91ato!3m8!1s0x902d6e14a839ec67:0xaa9499d33456f22a!8m2!3d-2.1615629!4d-79.9165523!9m1!1b1!15sChVMYSBQYXJyaWxsYSBkZWwgw5FhdG8iA4gBAVoXIhVsYSBwYXJyaWxsYSBkZWwgw7FhdG-SAQpyZXN0YXVyYW504AEA!16s%2Fg%2F1vr3f6tq?entry=ttu&g_ep=EgoyMDI2MDgwNS4xIKXMDSoASAFQAw%3D%3D","5",,"Victor Emilio Estrada 1219","false",,,"La Parrilla Del Ñato - Urdesa","4.4",,"https://www.google.com/maps/search/?api=1&query=La%20Parrilla%20Del%20%C3%91ato%20-%20Urdesa&query_place_id=ChIJZ-w5qBRuLZARKvJWNNOZlKo",
"Victor Emilio Estrada 1219, 090507 Guayaquil, Ecuador","Restaurante","Restaurante","12291618415396188714","Guayaquil","EC","0x902d6e14a839ec67:0xaa9499d33456f22a",,"https://lh3.googleusercontent.com/gps-cs-s/AHRPTWmIUzVJwpGT6y_wQQ_TKYbRgzO5ugvsumt9t1zWonuk6a3hjdvi8BSM03prBOmsGw6hCC9rMy2ViBaIpkI9HCjeB8TVchHmhSApUHrQYFx7ZvtNdOcKC6sHC5xlMlCM3-WwIhb0=w408-h306-k-no","false","true","/g/1vr3f6tq","es-419","0","-2.1615629","-79.9165523",,"Miraflores",,"false","ChIJZ-w5qBRuLZARKvJWNNOZlKo","090507","$10-35","Hace 10 meses","2025-09-16T04:21:51.250Z",,,,,,,,,,,,,,,,,,,,,"5","5","5","Ci9DQUlRQUNvZENodHljRjlvT2tsclNEZERjMnhCVjJoa1l5MURZWEZpU25CV2NWRRAB",,,,,,,,"Google",,,"23",,,"3350","2026-08-08T17:01:21.389Z","Direct Detail URL: https://www.google.com/maps/place/La+Parrilla+Del+%C3%91ato+-+Urdesa/@-2.1747534,-79.9216969,12.79z/data=!3m1!5s0x902d6d885fe9a76f:0x90560e68c111d162!4m12!1m2!2m1!1sLa+Parrilla+del+%C3%91ato!3m8!1s0x902d6e14a839ec67:0xaa9499d33456f22a!8m2!3d-2.1615629!4d-79.9165523!9m1!1b1!15sChVMYSBQYXJyaWxsYSBkZWwgw5FhdG8iA4gBAVoXIhVsYSBwYXJyaWxsYSBkZWwgw7FhdG-SAQpyZXN0YXVyYW504AEA!16s%2Fg%2F1vr3f6tq?entry=ttu&g_ep=EgoyMDI2MDgwNS4xIKXMDSoASAFQAw%3D%3D","5",,"Victor Emilio Estrada 1219","false",,,"La Parrilla Del Ñato - Urdesa","4.4",,"https://www.google.com/maps/search/?api=1&query=La%20Parrilla%20Del%20%C3%91ato%20-%20Urdesa&query_place_id=ChIJZ-w5qBRuLZARKvJWNNOZlKo",
"Victor Emilio Estrada 1219, 090507 Guayaquil, Ecuador","Restaurante","Restaurante","12291618415396188714","Guayaquil","EC","0x902d6e14a839ec67:0xaa9499d33456f22a",,"https://lh3.googleusercontent.com/gps-cs-s/AHRPTWmIUzVJwpGT6y_wQQ_TKYbRgzO5ugvsumt9t1zWonuk6a3hjdvi8BSM03prBOmsGw6hCC9rMy2ViBaIpkI9HCjeB8TVchHmhSApUHrQYFx7ZvtNdOcKC6sHC5xlMlCM3-WwIhb0=w408-h306-k-no","false","true","/g/1vr3f6tq","es-419","0","-2.1615629","-79.9165523",,"Miraflores","es","false","ChIJZ-w5qBRuLZARKvJWNNOZlKo","090507","$10-35","Editado Hace 10 meses","2025-09-14T22:04:10.852Z",,,,"Por supuesto, es un lugar familiar.","Es un poco difícil encontrar estacionamiento","Están en remodelación !!",,"Silencioso, agradable para conversar",,"Estacionamiento gratuito en la calle",,"Claro que si, Vengan a probar la rica ensalada de vaca!!!","$15-20",,,"Apto para grupos de todos los tamaños","Sin espera",,,,"5","5","5","Ci9DQUlRQUNvZENodHljRjlvT2xCVWQzWmZNR2RUZG5OYWVtTkJjalpLV2pkQk1XYxAB","https://lh3.googleusercontent.com/grass-cs/ACvplmNnx7K5nXr7CYNVJmVf57wS7XG8-qDDHG6eqdup1leEet2BCtRY9VAYAoUhA2XMOIRWhJ6KkQ-aXt8TDpSgbdafPojFRdqPJGeWw18gd--YjNKUSpAdzHKtX_Q_wDTDZ2C3M6-9zvow5DEO=k-no",,,,,,,"Google",,,"70",,,"3350","2026-08-08T17:01:21.389Z","Direct Detail URL: https://www.google.com/maps/place/La+Parrilla+Del+%C3%91ato+-+Urdesa/@-2.1747534,-79.9216969,12.79z/data=!3m1!5s0x902d6d885fe9a76f:0x90560e68c111d162!4m12!1m2!2m1!1sLa+Parrilla+del+%C3%91ato!3m8!1s0x902d6e14a839ec67:0xaa9499d33456f22a!8m2!3d-2.1615629!4d-79.9165523!9m1!1b1!15sChVMYSBQYXJyaWxsYSBkZWwgw5FhdG8iA4gBAVoXIhVsYSBwYXJyaWxsYSBkZWwgw7FhdG-SAQpyZXN0YXVyYW504AEA!16s%2Fg%2F1vr3f6tq?entry=ttu&g_ep=EgoyMDI2MDgwNS4xIKXMDSoASAFQAw%3D%3D","5",,"Victor Emilio Estrada 1219","false","Cuando me enteré por una noticia fake, que había cerrado el local de Urdesa y se convirtió en un Tutti; me impacté. Es como que saquen el monumento de la rotonda con todo y Simón Bolívar/San Martín para poner otro Tutti ahí.  Fui de inmediato a constatarlo en familia y compartimos una bonita tarde de fin de semana como antaño….  Gracias Ñato.

Ñato es emblema, tradición y me sabe a reunión familiar. Un abrazo…",,"La Parrilla Del Ñato - Urdesa","4.4",,"https://www.google.com/maps/search/?api=1&query=La%20Parrilla%20Del%20%C3%91ato%20-%20Urdesa&query_place_id=ChIJZ-w5qBRuLZARKvJWNNOZlKo",
"Victor Emilio Estrada 1219, 090507 Guayaquil, Ecuador","Restaurante","Restaurante","12291618415396188714","Guayaquil","EC","0x902d6e14a839ec67:0xaa9499d33456f22a",,"https://lh3.googleusercontent.com/gps-cs-s/AHRPTWmIUzVJwpGT6y_wQQ_TKYbRgzO5ugvsumt9t1zWonuk6a3hjdvi8BSM03prBOmsGw6hCC9rMy2ViBaIpkI9HCjeB8TVchHmhSApUHrQYFx7ZvtNdOcKC6sHC5xlMlCM3-WwIhb0=w408-h306-k-no","false","true","/g/1vr3f6tq","es-419","1","-2.1615629","-79.9165523",,"Miraflores","es","false","ChIJZ-w5qBRuLZARKvJWNNOZlKo","090507","$10-35","Hace 10 meses","2025-09-14T18:15:51.667Z",,,,,,,,,,,,,,,,,,,,,,,,"Ci9DQUlRQUNvZENodHljRjlvT25aeExXdEtXV3N3WHpCNFYzUnBTVmRsTTJWWmIwRRAB",,,,,,,,"Google",,,"48",,,"3350","2026-08-08T17:01:21.389Z","Direct Detail URL: https://www.google.com/maps/place/La+Parrilla+Del+%C3%91ato+-+Urdesa/@-2.1747534,-79.9216969,12.79z/data=!3m1!5s0x902d6d885fe9a76f:0x90560e68c111d162!4m12!1m2!2m1!1sLa+Parrilla+del+%C3%91ato!3m8!1s0x902d6e14a839ec67:0xaa9499d33456f22a!8m2!3d-2.1615629!4d-79.9165523!9m1!1b1!15sChVMYSBQYXJyaWxsYSBkZWwgw5FhdG8iA4gBAVoXIhVsYSBwYXJyaWxsYSBkZWwgw7FhdG-SAQpyZXN0YXVyYW504AEA!16s%2Fg%2F1vr3f6tq?entry=ttu&g_ep=EgoyMDI2MDgwNS4xIKXMDSoASAFQAw%3D%3D","5",,"Victor Emilio Estrada 1219","false","Un lugar tradicional remodelado para una buena atención.
Mantiene la calidad, el sabor",,"La Parrilla Del Ñato - Urdesa","4.4",,"https://www.google.com/maps/search/?api=1&query=La%20Parrilla%20Del%20%C3%91ato%20-%20Urdesa&query_place_id=ChIJZ-w5qBRuLZARKvJWNNOZlKo",
"Victor Emilio Estrada 1219, 090507 Guayaquil, Ecuador","Restaurante","Restaurante","12291618415396188714","Guayaquil","EC","0x902d6e14a839ec67:0xaa9499d33456f22a",,"https://lh3.googleusercontent.com/gps-cs-s/AHRPTWmIUzVJwpGT6y_wQQ_TKYbRgzO5ugvsumt9t1zWonuk6a3hjdvi8BSM03prBOmsGw6hCC9rMy2ViBaIpkI9HCjeB8TVchHmhSApUHrQYFx7ZvtNdOcKC6sHC5xlMlCM3-WwIhb0=w408-h306-k-no","false","false","/g/1vr3f6tq","es-419","0","-2.1615629","-79.9165523",,"Miraflores","es","false","ChIJZ-w5qBRuLZARKvJWNNOZlKo","090507","$10-35","Hace 10 meses","2025-09-09T03:07:57.854Z",,,,,,,,,,,,,,,,,,,,,,,,"Ci9DQUlRQUNvZENodHljRjlvT25odFZIYzFZVkJTU1VwbWVVVlVTVTlxT1VKS1gxRRAB",,,,,,,,"Google",,,"1",,,"3350","2026-08-08T17:01:21.389Z","Direct Detail URL: https://www.google.com/maps/place/La+Parrilla+Del+%C3%91ato+-+Urdesa/@-2.1747534,-79.9216969,12.79z/data=!3m1!5s0x902d6d885fe9a76f:0x90560e68c111d162!4m12!1m2!2m1!1sLa+Parrilla+del+%C3%91ato!3m8!1s0x902d6e14a839ec67:0xaa9499d33456f22a!8m2!3d-2.1615629!4d-79.9165523!9m1!1b1!15sChVMYSBQYXJyaWxsYSBkZWwgw5FhdG8iA4gBAVoXIhVsYSBwYXJyaWxsYSBkZWwgw7FhdG-SAQpyZXN0YXVyYW504AEA!16s%2Fg%2F1vr3f6tq?entry=ttu&g_ep=EgoyMDI2MDgwNS4xIKXMDSoASAFQAw%3D%3D","2",,"Victor Emilio Estrada 1219","false","Pésimo servicio, No lo recomiendo.",,"La Parrilla Del Ñato - Urdesa","4.4",,"https://www.google.com/maps/search/?api=1&query=La%20Parrilla%20Del%20%C3%91ato%20-%20Urdesa&query_place_id=ChIJZ-w5qBRuLZARKvJWNNOZlKo",
"Victor Emilio Estrada 1219, 090507 Guayaquil, Ecuador","Restaurante","Restaurante","12291618415396188714","Guayaquil","EC","0x902d6e14a839ec67:0xaa9499d33456f22a",,"https://lh3.googleusercontent.com/gps-cs-s/AHRPTWmIUzVJwpGT6y_wQQ_TKYbRgzO5ugvsumt9t1zWonuk6a3hjdvi8BSM03prBOmsGw6hCC9rMy2ViBaIpkI9HCjeB8TVchHmhSApUHrQYFx7ZvtNdOcKC6sHC5xlMlCM3-WwIhb0=w408-h306-k-no","false","true","/g/1vr3f6tq","es-419","0","-2.1615629","-79.9165523",,"Miraflores",,"false","ChIJZ-w5qBRuLZARKvJWNNOZlKo","090507","$10-35","Hace 11 meses","2025-08-31T17:32:04.910Z",,,,,,,,,,,,,,,,,,,,,"5","5","5","Ci9DQUlRQUNvZENodHljRjlvT2tScmFFaDViMWcwU1hNMVRUWkxkRnBEZWxaU1RWRRAB",,,,,,,,"Google",,,"35",,,"3350","2026-08-08T17:01:21.389Z","Direct Detail URL: https://www.google.com/maps/place/La+Parrilla+Del+%C3%91ato+-+Urdesa/@-2.1747534,-79.9216969,12.79z/data=!3m1!5s0x902d6d885fe9a76f:0x90560e68c111d162!4m12!1m2!2m1!1sLa+Parrilla+del+%C3%91ato!3m8!1s0x902d6e14a839ec67:0xaa9499d33456f22a!8m2!3d-2.1615629!4d-79.9165523!9m1!1b1!15sChVMYSBQYXJyaWxsYSBkZWwgw5FhdG8iA4gBAVoXIhVsYSBwYXJyaWxsYSBkZWwgw7FhdG-SAQpyZXN0YXVyYW504AEA!16s%2Fg%2F1vr3f6tq?entry=ttu&g_ep=EgoyMDI2MDgwNS4xIKXMDSoASAFQAw%3D%3D","5",,"Victor Emilio Estrada 1219","false",,,"La Parrilla Del Ñato - Urdesa","4.4",,"https://www.google.com/maps/search/?api=1&query=La%20Parrilla%20Del%20%C3%91ato%20-%20Urdesa&query_place_id=ChIJZ-w5qBRuLZARKvJWNNOZlKo",
"Victor Emilio Estrada 1219, 090507 Guayaquil, Ecuador","Restaurante","Restaurante","12291618415396188714","Guayaquil","EC","0x902d6e14a839ec67:0xaa9499d33456f22a",,"https://lh3.googleusercontent.com/gps-cs-s/AHRPTWmIUzVJwpGT6y_wQQ_TKYbRgzO5ugvsumt9t1zWonuk6a3hjdvi8BSM03prBOmsGw6hCC9rMy2ViBaIpkI9HCjeB8TVchHmhSApUHrQYFx7ZvtNdOcKC6sHC5xlMlCM3-WwIhb0=w408-h306-k-no","false","false","/g/1vr3f6tq","es-419","0","-2.1615629","-79.9165523",,"Miraflores",,"false","ChIJZ-w5qBRuLZARKvJWNNOZlKo","090507","$10-35","Hace 11 meses","2025-08-19T05:11:22.261Z",,,,,,,,,,,,,,,,,,,,,,,,"Ci9DQUlRQUNvZENodHljRjlvT2swek5GSndTWEkzWlRWYVgwaGxWWGh4VkZwZlVVRRAB",,,,,,,,"Google",,,"1",,,"3350","2026-08-08T17:01:21.389Z","Direct Detail URL: https://www.google.com/maps/place/La+Parrilla+Del+%C3%91ato+-+Urdesa/@-2.1747534,-79.9216969,12.79z/data=!3m1!5s0x902d6d885fe9a76f:0x90560e68c111d162!4m12!1m2!2m1!1sLa+Parrilla+del+%C3%91ato!3m8!1s0x902d6e14a839ec67:0xaa9499d33456f22a!8m2!3d-2.1615629!4d-79.9165523!9m1!1b1!15sChVMYSBQYXJyaWxsYSBkZWwgw5FhdG8iA4gBAVoXIhVsYSBwYXJyaWxsYSBkZWwgw7FhdG-SAQpyZXN0YXVyYW504AEA!16s%2Fg%2F1vr3f6tq?entry=ttu&g_ep=EgoyMDI2MDgwNS4xIKXMDSoASAFQAw%3D%3D","5",,"Victor Emilio Estrada 1219","false",,,"La Parrilla Del Ñato - Urdesa","4.4",,"https://www.google.com/maps/search/?api=1&query=La%20Parrilla%20Del%20%C3%91ato%20-%20Urdesa&query_place_id=ChIJZ-w5qBRuLZARKvJWNNOZlKo",
"Victor Emilio Estrada 1219, 090507 Guayaquil, Ecuador","Restaurante","Restaurante","12291618415396188714","Guayaquil","EC","0x902d6e14a839ec67:0xaa9499d33456f22a",,"https://lh3.googleusercontent.com/gps-cs-s/AHRPTWmIUzVJwpGT6y_wQQ_TKYbRgzO5ugvsumt9t1zWonuk6a3hjdvi8BSM03prBOmsGw6hCC9rMy2ViBaIpkI9HCjeB8TVchHmhSApUHrQYFx7ZvtNdOcKC6sHC5xlMlCM3-WwIhb0=w408-h306-k-no","false","true","/g/1vr3f6tq","es-419","0","-2.1615629","-79.9165523",,"Miraflores","es","false","ChIJZ-w5qBRuLZARKvJWNNOZlKo","090507","$10-35","Hace 11 meses","2025-08-18T19:34:11.545Z",,,,,,,,,,,,,,,,,,,,,"3","4","4","Ci9DQUlRQUNvZENodHljRjlvT2xsckxUVkJYMnBqTFhaZmNURmlWRmQyTjFwcFRsRRAB",,,,,,,,"Google",,,"84",,,"3350","2026-08-08T17:01:21.389Z","Direct Detail URL: https://www.google.com/maps/place/La+Parrilla+Del+%C3%91ato+-+Urdesa/@-2.1747534,-79.9216969,12.79z/data=!3m1!5s0x902d6d885fe9a76f:0x90560e68c111d162!4m12!1m2!2m1!1sLa+Parrilla+del+%C3%91ato!3m8!1s0x902d6e14a839ec67:0xaa9499d33456f22a!8m2!3d-2.1615629!4d-79.9165523!9m1!1b1!15sChVMYSBQYXJyaWxsYSBkZWwgw5FhdG8iA4gBAVoXIhVsYSBwYXJyaWxsYSBkZWwgw7FhdG-SAQpyZXN0YXVyYW504AEA!16s%2Fg%2F1vr3f6tq?entry=ttu&g_ep=EgoyMDI2MDgwNS4xIKXMDSoASAFQAw%3D%3D","3",,"Victor Emilio Estrada 1219","false","No había venido hace mucho tiempo, la calidad y el servicio un poco desmejorado",,"La Parrilla Del Ñato - Urdesa","4.4",,"https://www.google.com/maps/search/?api=1&query=La%20Parrilla%20Del%20%C3%91ato%20-%20Urdesa&query_place_id=ChIJZ-w5qBRuLZARKvJWNNOZlKo",
"Victor Emilio Estrada 1219, 090507 Guayaquil, Ecuador","Restaurante","Restaurante","12291618415396188714","Guayaquil","EC","0x902d6e14a839ec67:0xaa9499d33456f22a",,"https://lh3.googleusercontent.com/gps-cs-s/AHRPTWmIUzVJwpGT6y_wQQ_TKYbRgzO5ugvsumt9t1zWonuk6a3hjdvi8BSM03prBOmsGw6hCC9rMy2ViBaIpkI9HCjeB8TVchHmhSApUHrQYFx7ZvtNdOcKC6sHC5xlMlCM3-WwIhb0=w408-h306-k-no","false","true","/g/1vr3f6tq","es-419","0","-2.1615629","-79.9165523",,"Miraflores","es","false","ChIJZ-w5qBRuLZARKvJWNNOZlKo","090507","$10-35","Hace 11 meses","2025-08-12T04:13:00.117Z",,,,,,,,,,,,,,,,,,,,,"5","5","4","Ci9DQUlRQUNvZENodHljRjlvT21STGFtcENNMDVYU2pGSlZVMUpPREoxTUV0NE9VRRAB","https://lh3.googleusercontent.com/grass-cs/ACvplmNrvilWRNFwJkSELNX_-WGrWlGeGOUEiNVJ6ew7zZQJn_FpIvFjig0mpyVSd6CE5NmLHjYBDGYPlgAiJCenJ4nhe0s2TSNOMp7nzyVG4WyUncC6XTFCEu32jnKEO-sQgUvAiVY82qoExPwT=k-no","https://lh3.googleusercontent.com/grass-cs/ACvplmOWhl0krUyeq3ANzcsdrG1XB_03dG_zG95EWCYyeKUmMtD84_JVJqB-7xda5iu0evT603NNrX0CA5YpD-U5CnyErCpILYnBpAjJHd7ljo2KLjKCioBWlGPSltNSmTmdQNhT4ImMWkJlqeCv=k-no",,,,,,"Google",,,"55",,,"3350","2026-08-08T17:01:21.389Z","Direct Detail URL: https://www.google.com/maps/place/La+Parrilla+Del+%C3%91ato+-+Urdesa/@-2.1747534,-79.9216969,12.79z/data=!3m1!5s0x902d6d885fe9a76f:0x90560e68c111d162!4m12!1m2!2m1!1sLa+Parrilla+del+%C3%91ato!3m8!1s0x902d6e14a839ec67:0xaa9499d33456f22a!8m2!3d-2.1615629!4d-79.9165523!9m1!1b1!15sChVMYSBQYXJyaWxsYSBkZWwgw5FhdG8iA4gBAVoXIhVsYSBwYXJyaWxsYSBkZWwgw7FhdG-SAQpyZXN0YXVyYW504AEA!16s%2Fg%2F1vr3f6tq?entry=ttu&g_ep=EgoyMDI2MDgwNS4xIKXMDSoASAFQAw%3D%3D","5",,"Victor Emilio Estrada 1219","false","Estuvo delicioso, hace años no comía una parrillada tan rica, la carne estaba perfecta.",,"La Parrilla Del Ñato - Urdesa","4.4",,"https://www.google.com/maps/search/?api=1&query=La%20Parrilla%20Del%20%C3%91ato%20-%20Urdesa&query_place_id=ChIJZ-w5qBRuLZARKvJWNNOZlKo",
"Victor Emilio Estrada 1219, 090507 Guayaquil, Ecuador","Restaurante","Restaurante","12291618415396188714","Guayaquil","EC","0x902d6e14a839ec67:0xaa9499d33456f22a",,"https://lh3.googleusercontent.com/gps-cs-s/AHRPTWmIUzVJwpGT6y_wQQ_TKYbRgzO5ugvsumt9t1zWonuk6a3hjdvi8BSM03prBOmsGw6hCC9rMy2ViBaIpkI9HCjeB8TVchHmhSApUHrQYFx7ZvtNdOcKC6sHC5xlMlCM3-WwIhb0=w408-h306-k-no","false","true","/g/1vr3f6tq","es-419","0","-2.1615629","-79.9165523",,"Miraflores",,"false","ChIJZ-w5qBRuLZARKvJWNNOZlKo","090507","$10-35","Hace un año","2025-08-05T19:39:33.326Z",,,,,,,,,,,,,"$15-20",,,,,,,,"5","5","5","Ci9DQUlRQUNvZENodHljRjlvT2xBeVgwOTNjMloyU1ZSM1FtMTNjSFJ6UXpWNVVrRRAB",,,,,,,,"Google",,,"35",,,"3350","2026-08-08T17:01:21.389Z","Direct Detail URL: https://www.google.com/maps/place/La+Parrilla+Del+%C3%91ato+-+Urdesa/@-2.1747534,-79.9216969,12.79z/data=!3m1!5s0x902d6d885fe9a76f:0x90560e68c111d162!4m12!1m2!2m1!1sLa+Parrilla+del+%C3%91ato!3m8!1s0x902d6e14a839ec67:0xaa9499d33456f22a!8m2!3d-2.1615629!4d-79.9165523!9m1!1b1!15sChVMYSBQYXJyaWxsYSBkZWwgw5FhdG8iA4gBAVoXIhVsYSBwYXJyaWxsYSBkZWwgw7FhdG-SAQpyZXN0YXVyYW504AEA!16s%2Fg%2F1vr3f6tq?entry=ttu&g_ep=EgoyMDI2MDgwNS4xIKXMDSoASAFQAw%3D%3D","5",,"Victor Emilio Estrada 1219","false",,,"La Parrilla Del Ñato - Urdesa","4.4",,"https://www.google.com/maps/search/?api=1&query=La%20Parrilla%20Del%20%C3%91ato%20-%20Urdesa&query_place_id=ChIJZ-w5qBRuLZARKvJWNNOZlKo",
"Victor Emilio Estrada 1219, 090507 Guayaquil, Ecuador","Restaurante","Restaurante","12291618415396188714","Guayaquil","EC","0x902d6e14a839ec67:0xaa9499d33456f22a",,"https://lh3.googleusercontent.com/gps-cs-s/AHRPTWmIUzVJwpGT6y_wQQ_TKYbRgzO5ugvsumt9t1zWonuk6a3hjdvi8BSM03prBOmsGw6hCC9rMy2ViBaIpkI9HCjeB8TVchHmhSApUHrQYFx7ZvtNdOcKC6sHC5xlMlCM3-WwIhb0=w408-h306-k-no","false","true","/g/1vr3f6tq","es-419","0","-2.1615629","-79.9165523",,"Miraflores",,"false","ChIJZ-w5qBRuLZARKvJWNNOZlKo","090507","$10-35","Hace un año","2025-07-14T20:57:45.348Z",,,,,,,,,,,,,"$10-15",,,,,,,,"4","4","5","Ci9DQUlRQUNvZENodHljRjlvT25rMVpFRndVM2hyY1hwR05TMXFNM2hLV2tsck9IYxAB",,,,,,,,"Google",,,"19",,,"3350","2026-08-08T17:01:21.389Z","Direct Detail URL: https://www.google.com/maps/place/La+Parrilla+Del+%C3%91ato+-+Urdesa/@-2.1747534,-79.9216969,12.79z/data=!3m1!5s0x902d6d885fe9a76f:0x90560e68c111d162!4m12!1m2!2m1!1sLa+Parrilla+del+%C3%91ato!3m8!1s0x902d6e14a839ec67:0xaa9499d33456f22a!8m2!3d-2.1615629!4d-79.9165523!9m1!1b1!15sChVMYSBQYXJyaWxsYSBkZWwgw5FhdG8iA4gBAVoXIhVsYSBwYXJyaWxsYSBkZWwgw7FhdG-SAQpyZXN0YXVyYW504AEA!16s%2Fg%2F1vr3f6tq?entry=ttu&g_ep=EgoyMDI2MDgwNS4xIKXMDSoASAFQAw%3D%3D","4",,"Victor Emilio Estrada 1219","false",,,"La Parrilla Del Ñato - Urdesa","4.4",,"https://www.google.com/maps/search/?api=1&query=La%20Parrilla%20Del%20%C3%91ato%20-%20Urdesa&query_place_id=ChIJZ-w5qBRuLZARKvJWNNOZlKo",
"Victor Emilio Estrada 1219, 090507 Guayaquil, Ecuador","Restaurante","Restaurante","12291618415396188714","Guayaquil","EC","0x902d6e14a839ec67:0xaa9499d33456f22a",,"https://lh3.googleusercontent.com/gps-cs-s/AHRPTWmIUzVJwpGT6y_wQQ_TKYbRgzO5ugvsumt9t1zWonuk6a3hjdvi8BSM03prBOmsGw6hCC9rMy2ViBaIpkI9HCjeB8TVchHmhSApUHrQYFx7ZvtNdOcKC6sHC5xlMlCM3-WwIhb0=w408-h306-k-no","false","true","/g/1vr3f6tq","es-419","0","-2.1615629","-79.9165523",,"Miraflores",,"false","ChIJZ-w5qBRuLZARKvJWNNOZlKo","090507","$10-35","Hace un año","2025-07-04T05:04:23.948Z",,,,,,,,,,,,,,,,,,,,,,,,"Ci9DQUlRQUNvZENodHljRjlvT2kxeWVGTk9NRVo0VjI5dGVtYzBTa2hvWmt4a1pFRRAB",,,,,,,,"Google",,,"17",,,"3350","2026-08-08T17:01:21.389Z","Direct Detail URL: https://www.google.com/maps/place/La+Parrilla+Del+%C3%91ato+-+Urdesa/@-2.1747534,-79.9216969,12.79z/data=!3m1!5s0x902d6d885fe9a76f:0x90560e68c111d162!4m12!1m2!2m1!1sLa+Parrilla+del+%C3%91ato!3m8!1s0x902d6e14a839ec67:0xaa9499d33456f22a!8m2!3d-2.1615629!4d-79.9165523!9m1!1b1!15sChVMYSBQYXJyaWxsYSBkZWwgw5FhdG8iA4gBAVoXIhVsYSBwYXJyaWxsYSBkZWwgw7FhdG-SAQpyZXN0YXVyYW504AEA!16s%2Fg%2F1vr3f6tq?entry=ttu&g_ep=EgoyMDI2MDgwNS4xIKXMDSoASAFQAw%3D%3D","5",,"Victor Emilio Estrada 1219","false",,,"La Parrilla Del Ñato - Urdesa","4.4",,"https://www.google.com/maps/search/?api=1&query=La%20Parrilla%20Del%20%C3%91ato%20-%20Urdesa&query_place_id=ChIJZ-w5qBRuLZARKvJWNNOZlKo",
"Victor Emilio Estrada 1219, 090507 Guayaquil, Ecuador","Restaurante","Restaurante","12291618415396188714","Guayaquil","EC","0x902d6e14a839ec67:0xaa9499d33456f22a",,"https://lh3.googleusercontent.com/gps-cs-s/AHRPTWmIUzVJwpGT6y_wQQ_TKYbRgzO5ugvsumt9t1zWonuk6a3hjdvi8BSM03prBOmsGw6hCC9rMy2ViBaIpkI9HCjeB8TVchHmhSApUHrQYFx7ZvtNdOcKC6sHC5xlMlCM3-WwIhb0=w408-h306-k-no","false","false","/g/1vr3f6tq","es-419","0","-2.1615629","-79.9165523",,"Miraflores",,"false","ChIJZ-w5qBRuLZARKvJWNNOZlKo","090507","$10-35","Hace un año","2025-07-03T21:07:13.968Z",,,,,,,,,,,,,,,,,,,,,"5","5","5","Ci9DQUlRQUNvZENodHljRjlvT25KVFdGOVBTamx4WVZZd1pqaFhjME5UWDBKMlRWRRAB",,,,,,,,"Google",,,"2",,,"3350","2026-08-08T17:01:21.389Z","Direct Detail URL: https://www.google.com/maps/place/La+Parrilla+Del+%C3%91ato+-+Urdesa/@-2.1747534,-79.9216969,12.79z/data=!3m1!5s0x902d6d885fe9a76f:0x90560e68c111d162!4m12!1m2!2m1!1sLa+Parrilla+del+%C3%91ato!3m8!1s0x902d6e14a839ec67:0xaa9499d33456f22a!8m2!3d-2.1615629!4d-79.9165523!9m1!1b1!15sChVMYSBQYXJyaWxsYSBkZWwgw5FhdG8iA4gBAVoXIhVsYSBwYXJyaWxsYSBkZWwgw7FhdG-SAQpyZXN0YXVyYW504AEA!16s%2Fg%2F1vr3f6tq?entry=ttu&g_ep=EgoyMDI2MDgwNS4xIKXMDSoASAFQAw%3D%3D","5",,"Victor Emilio Estrada 1219","false",,,"La Parrilla Del Ñato - Urdesa","4.4",,"https://www.google.com/maps/search/?api=1&query=La%20Parrilla%20Del%20%C3%91ato%20-%20Urdesa&query_place_id=ChIJZ-w5qBRuLZARKvJWNNOZlKo",
"Victor Emilio Estrada 1219, 090507 Guayaquil, Ecuador","Restaurante","Restaurante","12291618415396188714","Guayaquil","EC","0x902d6e14a839ec67:0xaa9499d33456f22a",,"https://lh3.googleusercontent.com/gps-cs-s/AHRPTWmIUzVJwpGT6y_wQQ_TKYbRgzO5ugvsumt9t1zWonuk6a3hjdvi8BSM03prBOmsGw6hCC9rMy2ViBaIpkI9HCjeB8TVchHmhSApUHrQYFx7ZvtNdOcKC6sHC5xlMlCM3-WwIhb0=w408-h306-k-no","false","true","/g/1vr3f6tq","es-419","0","-2.1615629","-79.9165523",,"Miraflores","es","false","ChIJZ-w5qBRuLZARKvJWNNOZlKo","090507","$10-35","Hace un año","2025-06-09T20:13:45.796Z",,,,,,,,,,,,,"$15-20",,,,"Hasta 10 min",,,,"5","5","5","ChZDSUhNMG9nS0VNN1c1Wnpkak4zeFRREAE",,,,,,,,"Google",,,"5",,,"3350","2026-08-08T17:01:21.389Z","Direct Detail URL: https://www.google.com/maps/place/La+Parrilla+Del+%C3%91ato+-+Urdesa/@-2.1747534,-79.9216969,12.79z/data=!3m1!5s0x902d6d885fe9a76f:0x90560e68c111d162!4m12!1m2!2m1!1sLa+Parrilla+del+%C3%91ato!3m8!1s0x902d6e14a839ec67:0xaa9499d33456f22a!8m2!3d-2.1615629!4d-79.9165523!9m1!1b1!15sChVMYSBQYXJyaWxsYSBkZWwgw5FhdG8iA4gBAVoXIhVsYSBwYXJyaWxsYSBkZWwgw7FhdG-SAQpyZXN0YXVyYW504AEA!16s%2Fg%2F1vr3f6tq?entry=ttu&g_ep=EgoyMDI2MDgwNS4xIKXMDSoASAFQAw%3D%3D","5",,"Victor Emilio Estrada 1219","false","Buenas comida",,"La Parrilla Del Ñato - Urdesa","4.4",,"https://www.google.com/maps/search/?api=1&query=La%20Parrilla%20Del%20%C3%91ato%20-%20Urdesa&query_place_id=ChIJZ-w5qBRuLZARKvJWNNOZlKo",
"Victor Emilio Estrada 1219, 090507 Guayaquil, Ecuador","Restaurante","Restaurante","12291618415396188714","Guayaquil","EC","0x902d6e14a839ec67:0xaa9499d33456f22a",,"https://lh3.googleusercontent.com/gps-cs-s/AHRPTWmIUzVJwpGT6y_wQQ_TKYbRgzO5ugvsumt9t1zWonuk6a3hjdvi8BSM03prBOmsGw6hCC9rMy2ViBaIpkI9HCjeB8TVchHmhSApUHrQYFx7ZvtNdOcKC6sHC5xlMlCM3-WwIhb0=w408-h306-k-no","false","false","/g/1vr3f6tq","es-419","0","-2.1615629","-79.9165523",,"Miraflores",,"false","ChIJZ-w5qBRuLZARKvJWNNOZlKo","090507","$10-35","Hace un año","2025-06-04T01:31:02.687Z",,,,,,,,,,,,,"$5-10","No se requiere hacer una reserva",,,,,"Otro",,"4","5","5","ChZDSUhNMG9nS0VMMkNxcS1QOHVxUFdREAE",,,,,,,,"Google",,,"1",,,"3350","2026-08-08T17:01:21.389Z","Direct Detail URL: https://www.google.com/maps/place/La+Parrilla+Del+%C3%91ato+-+Urdesa/@-2.1747534,-79.9216969,12.79z/data=!3m1!5s0x902d6d885fe9a76f:0x90560e68c111d162!4m12!1m2!2m1!1sLa+Parrilla+del+%C3%91ato!3m8!1s0x902d6e14a839ec67:0xaa9499d33456f22a!8m2!3d-2.1615629!4d-79.9165523!9m1!1b1!15sChVMYSBQYXJyaWxsYSBkZWwgw5FhdG8iA4gBAVoXIhVsYSBwYXJyaWxsYSBkZWwgw7FhdG-SAQpyZXN0YXVyYW504AEA!16s%2Fg%2F1vr3f6tq?entry=ttu&g_ep=EgoyMDI2MDgwNS4xIKXMDSoASAFQAw%3D%3D","5",,"Victor Emilio Estrada 1219","false",,,"La Parrilla Del Ñato - Urdesa","4.4",,"https://www.google.com/maps/search/?api=1&query=La%20Parrilla%20Del%20%C3%91ato%20-%20Urdesa&query_place_id=ChIJZ-w5qBRuLZARKvJWNNOZlKo",
"Victor Emilio Estrada 1219, 090507 Guayaquil, Ecuador","Restaurante","Restaurante","12291618415396188714","Guayaquil","EC","0x902d6e14a839ec67:0xaa9499d33456f22a",,"https://lh3.googleusercontent.com/gps-cs-s/AHRPTWmIUzVJwpGT6y_wQQ_TKYbRgzO5ugvsumt9t1zWonuk6a3hjdvi8BSM03prBOmsGw6hCC9rMy2ViBaIpkI9HCjeB8TVchHmhSApUHrQYFx7ZvtNdOcKC6sHC5xlMlCM3-WwIhb0=w408-h306-k-no","false","true","/g/1vr3f6tq","es-419","0","-2.1615629","-79.9165523",,"Miraflores",,"false","ChIJZ-w5qBRuLZARKvJWNNOZlKo","090507","$10-35","Hace un año","2025-06-01T13:05:42.517Z",,,,,,,,,,,,,"$15-20",,,"2 personas","De 10 a 30 min",,,,"5","5","5","ChZDSUhNMG9nS0VObXRuclR3ODRXNFpnEAE",,,,,,,,"Google",,,"11",,,"3350","2026-08-08T17:01:21.389Z","Direct Detail URL: https://www.google.com/maps/place/La+Parrilla+Del+%C3%91ato+-+Urdesa/@-2.1747534,-79.9216969,12.79z/data=!3m1!5s0x902d6d885fe9a76f:0x90560e68c111d162!4m12!1m2!2m1!1sLa+Parrilla+del+%C3%91ato!3m8!1s0x902d6e14a839ec67:0xaa9499d33456f22a!8m2!3d-2.1615629!4d-79.9165523!9m1!1b1!15sChVMYSBQYXJyaWxsYSBkZWwgw5FhdG8iA4gBAVoXIhVsYSBwYXJyaWxsYSBkZWwgw7FhdG-SAQpyZXN0YXVyYW504AEA!16s%2Fg%2F1vr3f6tq?entry=ttu&g_ep=EgoyMDI2MDgwNS4xIKXMDSoASAFQAw%3D%3D","5",,"Victor Emilio Estrada 1219","false",,,"La Parrilla Del Ñato - Urdesa","4.4",,"https://www.google.com/maps/search/?api=1&query=La%20Parrilla%20Del%20%C3%91ato%20-%20Urdesa&query_place_id=ChIJZ-w5qBRuLZARKvJWNNOZlKo",
"Victor Emilio Estrada 1219, 090507 Guayaquil, Ecuador","Restaurante","Restaurante","12291618415396188714","Guayaquil","EC","0x902d6e14a839ec67:0xaa9499d33456f22a",,"https://lh3.googleusercontent.com/gps-cs-s/AHRPTWmIUzVJwpGT6y_wQQ_TKYbRgzO5ugvsumt9t1zWonuk6a3hjdvi8BSM03prBOmsGw6hCC9rMy2ViBaIpkI9HCjeB8TVchHmhSApUHrQYFx7ZvtNdOcKC6sHC5xlMlCM3-WwIhb0=w408-h306-k-no","false","true","/g/1vr3f6tq","es-419","0","-2.1615629","-79.9165523",,"Miraflores","es","false","ChIJZ-w5qBRuLZARKvJWNNOZlKo","090507","$10-35","Hace un año","2025-05-04T02:06:15.608Z",,,,,,,"No lo sé",,,,,,"$10-15",,,,"Sin espera","Comedor cubierto, Área de bar, Comedor privado",,,"4","5","5","ChZDSUhNMG9nS0VJQ0FnTUNZNXAyTUV3EAE",,,,,,,,"Google",,,"28",,,"3350","2026-08-08T17:01:21.389Z","Direct Detail URL: https://www.google.com/maps/place/La+Parrilla+Del+%C3%91ato+-+Urdesa/@-2.1747534,-79.9216969,12.79z/data=!3m1!5s0x902d6d885fe9a76f:0x90560e68c111d162!4m12!1m2!2m1!1sLa+Parrilla+del+%C3%91ato!3m8!1s0x902d6e14a839ec67:0xaa9499d33456f22a!8m2!3d-2.1615629!4d-79.9165523!9m1!1b1!15sChVMYSBQYXJyaWxsYSBkZWwgw5FhdG8iA4gBAVoXIhVsYSBwYXJyaWxsYSBkZWwgw7FhdG-SAQpyZXN0YXVyYW504AEA!16s%2Fg%2F1vr3f6tq?entry=ttu&g_ep=EgoyMDI2MDgwNS4xIKXMDSoASAFQAw%3D%3D","5",,"Victor Emilio Estrada 1219","false","Mi restaurante de toda la vida. Muy buena carne y variedad gigante de platos. Mi familia y yo vamos ya por más de 30 años.",,"La Parrilla Del Ñato - Urdesa","4.4",,"https://www.google.com/maps/search/?api=1&query=La%20Parrilla%20Del%20%C3%91ato%20-%20Urdesa&query_place_id=ChIJZ-w5qBRuLZARKvJWNNOZlKo",
"Victor Emilio Estrada 1219, 090507 Guayaquil, Ecuador","Restaurante","Restaurante","12291618415396188714","Guayaquil","EC","0x902d6e14a839ec67:0xaa9499d33456f22a",,"https://lh3.googleusercontent.com/gps-cs-s/AHRPTWmIUzVJwpGT6y_wQQ_TKYbRgzO5ugvsumt9t1zWonuk6a3hjdvi8BSM03prBOmsGw6hCC9rMy2ViBaIpkI9HCjeB8TVchHmhSApUHrQYFx7ZvtNdOcKC6sHC5xlMlCM3-WwIhb0=w408-h306-k-no","false","false","/g/1vr3f6tq","es-419","0","-2.1615629","-79.9165523",,"Miraflores",,"false","ChIJZ-w5qBRuLZARKvJWNNOZlKo","090507","$10-35","Hace un año","2025-04-26T21:56:24.929Z",,,,,,,,,,,,,,,,,,,,,,,,"ChdDSUhNMG9nS0VJQ0FnTURveGNiWXl3RRAB",,,,,,,,"Google",,,"1",,,"3350","2026-08-08T17:01:21.389Z","Direct Detail URL: https://www.google.com/maps/place/La+Parrilla+Del+%C3%91ato+-+Urdesa/@-2.1747534,-79.9216969,12.79z/data=!3m1!5s0x902d6d885fe9a76f:0x90560e68c111d162!4m12!1m2!2m1!1sLa+Parrilla+del+%C3%91ato!3m8!1s0x902d6e14a839ec67:0xaa9499d33456f22a!8m2!3d-2.1615629!4d-79.9165523!9m1!1b1!15sChVMYSBQYXJyaWxsYSBkZWwgw5FhdG8iA4gBAVoXIhVsYSBwYXJyaWxsYSBkZWwgw7FhdG-SAQpyZXN0YXVyYW504AEA!16s%2Fg%2F1vr3f6tq?entry=ttu&g_ep=EgoyMDI2MDgwNS4xIKXMDSoASAFQAw%3D%3D","5",,"Victor Emilio Estrada 1219","false",,,"La Parrilla Del Ñato - Urdesa","4.4",,"https://www.google.com/maps/search/?api=1&query=La%20Parrilla%20Del%20%C3%91ato%20-%20Urdesa&query_place_id=ChIJZ-w5qBRuLZARKvJWNNOZlKo",
"Victor Emilio Estrada 1219, 090507 Guayaquil, Ecuador","Restaurante","Restaurante","12291618415396188714","Guayaquil","EC","0x902d6e14a839ec67:0xaa9499d33456f22a",,"https://lh3.googleusercontent.com/gps-cs-s/AHRPTWmIUzVJwpGT6y_wQQ_TKYbRgzO5ugvsumt9t1zWonuk6a3hjdvi8BSM03prBOmsGw6hCC9rMy2ViBaIpkI9HCjeB8TVchHmhSApUHrQYFx7ZvtNdOcKC6sHC5xlMlCM3-WwIhb0=w408-h306-k-no","false","true","/g/1vr3f6tq","es-419","0","-2.1615629","-79.9165523",,"Miraflores","es","false","ChIJZ-w5qBRuLZARKvJWNNOZlKo","090507","$10-35","Hace un año","2025-04-26T03:05:13.731Z",,,,,,,,,,,,,,,,"Apto para grupos de todos los tamaños","Sin espera",,,,"5","4","5","ChdDSUhNMG9nS0VJQ0FnTURvOGFLNnRRRRAB",,,,,,,,"Google",,,"6",,,"3350","2026-08-08T17:01:21.389Z","Direct Detail URL: https://www.google.com/maps/place/La+Parrilla+Del+%C3%91ato+-+Urdesa/@-2.1747534,-79.9216969,12.79z/data=!3m1!5s0x902d6d885fe9a76f:0x90560e68c111d162!4m12!1m2!2m1!1sLa+Parrilla+del+%C3%91ato!3m8!1s0x902d6e14a839ec67:0xaa9499d33456f22a!8m2!3d-2.1615629!4d-79.9165523!9m1!1b1!15sChVMYSBQYXJyaWxsYSBkZWwgw5FhdG8iA4gBAVoXIhVsYSBwYXJyaWxsYSBkZWwgw7FhdG-SAQpyZXN0YXVyYW504AEA!16s%2Fg%2F1vr3f6tq?entry=ttu&g_ep=EgoyMDI2MDgwNS4xIKXMDSoASAFQAw%3D%3D","4",,"Victor Emilio Estrada 1219","false","Buen lugar para celebrar un cumpleaños",,"La Parrilla Del Ñato - Urdesa","4.4",,"https://www.google.com/maps/search/?api=1&query=La%20Parrilla%20Del%20%C3%91ato%20-%20Urdesa&query_place_id=ChIJZ-w5qBRuLZARKvJWNNOZlKo",
"Victor Emilio Estrada 1219, 090507 Guayaquil, Ecuador","Restaurante","Restaurante","12291618415396188714","Guayaquil","EC","0x902d6e14a839ec67:0xaa9499d33456f22a",,"https://lh3.googleusercontent.com/gps-cs-s/AHRPTWmIUzVJwpGT6y_wQQ_TKYbRgzO5ugvsumt9t1zWonuk6a3hjdvi8BSM03prBOmsGw6hCC9rMy2ViBaIpkI9HCjeB8TVchHmhSApUHrQYFx7ZvtNdOcKC6sHC5xlMlCM3-WwIhb0=w408-h306-k-no","false","true","/g/1vr3f6tq","es-419","0","-2.1615629","-79.9165523",,"Miraflores","es","false","ChIJZ-w5qBRuLZARKvJWNNOZlKo","090507","$10-35","Hace un año","2025-04-23T14:58:42.613Z",,,,,,,,,,,,,"$5-10",,,,,,"Almuerzo","Consumo en el lugar","5","5","5","ChZDSUhNMG9nS0VJQ0FnTURvOHQzT2NnEAE",,,,,,,,"Google",,,"316",,,"3350","2026-08-08T17:01:21.389Z","Direct Detail URL: https://www.google.com/maps/place/La+Parrilla+Del+%C3%91ato+-+Urdesa/@-2.1747534,-79.9216969,12.79z/data=!3m1!5s0x902d6d885fe9a76f:0x90560e68c111d162!4m12!1m2!2m1!1sLa+Parrilla+del+%C3%91ato!3m8!1s0x902d6e14a839ec67:0xaa9499d33456f22a!8m2!3d-2.1615629!4d-79.9165523!9m1!1b1!15sChVMYSBQYXJyaWxsYSBkZWwgw5FhdG8iA4gBAVoXIhVsYSBwYXJyaWxsYSBkZWwgw7FhdG-SAQpyZXN0YXVyYW504AEA!16s%2Fg%2F1vr3f6tq?entry=ttu&g_ep=EgoyMDI2MDgwNS4xIKXMDSoASAFQAw%3D%3D","5",,"Victor Emilio Estrada 1219","false","Desde siempre y hasta siempre la mejor opción de carnes en Guayaquil, más aún ahora con sus 2x1 a medio día. Genial iniciativa, recomendable.",,"La Parrilla Del Ñato - Urdesa","4.4",,"https://www.google.com/maps/search/?api=1&query=La%20Parrilla%20Del%20%C3%91ato%20-%20Urdesa&query_place_id=ChIJZ-w5qBRuLZARKvJWNNOZlKo",
"Victor Emilio Estrada 1219, 090507 Guayaquil, Ecuador","Restaurante","Restaurante","12291618415396188714","Guayaquil","EC","0x902d6e14a839ec67:0xaa9499d33456f22a",,"https://lh3.googleusercontent.com/gps-cs-s/AHRPTWmIUzVJwpGT6y_wQQ_TKYbRgzO5ugvsumt9t1zWonuk6a3hjdvi8BSM03prBOmsGw6hCC9rMy2ViBaIpkI9HCjeB8TVchHmhSApUHrQYFx7ZvtNdOcKC6sHC5xlMlCM3-WwIhb0=w408-h306-k-no","false","true","/g/1vr3f6tq","es-419","0","-2.1615629","-79.9165523",,"Miraflores","en","false","ChIJZ-w5qBRuLZARKvJWNNOZlKo","090507","$10-35","Hace un año","2025-04-07T13:48:04.611Z",,,,,,,,,,,"Steak",,"$35-40",,,,,,"Almuerzo","Consumo en el lugar","4","4","2","ChdDSUhNMG9nS0VJQ0FnTURJMVBPUnlnRRAB",,,,,,,,"Google",,,"84",,,"3350","2026-08-08T17:01:21.389Z","Direct Detail URL: https://www.google.com/maps/place/La+Parrilla+Del+%C3%91ato+-+Urdesa/@-2.1747534,-79.9216969,12.79z/data=!3m1!5s0x902d6d885fe9a76f:0x90560e68c111d162!4m12!1m2!2m1!1sLa+Parrilla+del+%C3%91ato!3m8!1s0x902d6e14a839ec67:0xaa9499d33456f22a!8m2!3d-2.1615629!4d-79.9165523!9m1!1b1!15sChVMYSBQYXJyaWxsYSBkZWwgw5FhdG8iA4gBAVoXIhVsYSBwYXJyaWxsYSBkZWwgw7FhdG-SAQpyZXN0YXVyYW504AEA!16s%2Fg%2F1vr3f6tq?entry=ttu&g_ep=EgoyMDI2MDgwNS4xIKXMDSoASAFQAw%3D%3D","5",,"Victor Emilio Estrada 1219","false","It’s a little overpriced and not as good as local food and chains you can get. It’s lost its luster","Es un poco caro y no tan bueno como la comida local y las cadenas que se pueden conseguir. Ha perdido su atractivo.","La Parrilla Del Ñato - Urdesa","4.4","es","https://www.google.com/maps/search/?api=1&query=La%20Parrilla%20Del%20%C3%91ato%20-%20Urdesa&query_place_id=ChIJZ-w5qBRuLZARKvJWNNOZlKo",
"Victor Emilio Estrada 1219, 090507 Guayaquil, Ecuador","Restaurante","Restaurante","12291618415396188714","Guayaquil","EC","0x902d6e14a839ec67:0xaa9499d33456f22a",,"https://lh3.googleusercontent.com/gps-cs-s/AHRPTWmIUzVJwpGT6y_wQQ_TKYbRgzO5ugvsumt9t1zWonuk6a3hjdvi8BSM03prBOmsGw6hCC9rMy2ViBaIpkI9HCjeB8TVchHmhSApUHrQYFx7ZvtNdOcKC6sHC5xlMlCM3-WwIhb0=w408-h306-k-no","false","true","/g/1vr3f6tq","es-419","0","-2.1615629","-79.9165523",,"Miraflores","es","false","ChIJZ-w5qBRuLZARKvJWNNOZlKo","090507","$10-35","Hace un año","2025-04-03T19:04:46.301Z",,,,,,,,,,,,,,,,,,,,,"5","5","5","ChdDSUhNMG9nS0VJQ0FnTUNJdFpfVDFnRRAB",,,,,,,,"Google",,,"116",,,"3350","2026-08-08T17:01:21.389Z","Direct Detail URL: https://www.google.com/maps/place/La+Parrilla+Del+%C3%91ato+-+Urdesa/@-2.1747534,-79.9216969,12.79z/data=!3m1!5s0x902d6d885fe9a76f:0x90560e68c111d162!4m12!1m2!2m1!1sLa+Parrilla+del+%C3%91ato!3m8!1s0x902d6e14a839ec67:0xaa9499d33456f22a!8m2!3d-2.1615629!4d-79.9165523!9m1!1b1!15sChVMYSBQYXJyaWxsYSBkZWwgw5FhdG8iA4gBAVoXIhVsYSBwYXJyaWxsYSBkZWwgw7FhdG-SAQpyZXN0YXVyYW504AEA!16s%2Fg%2F1vr3f6tq?entry=ttu&g_ep=EgoyMDI2MDgwNS4xIKXMDSoASAFQAw%3D%3D","5",,"Victor Emilio Estrada 1219","false","Un clásico",,"La Parrilla Del Ñato - Urdesa","4.4",,"https://www.google.com/maps/search/?api=1&query=La%20Parrilla%20Del%20%C3%91ato%20-%20Urdesa&query_place_id=ChIJZ-w5qBRuLZARKvJWNNOZlKo",
"Victor Emilio Estrada 1219, 090507 Guayaquil, Ecuador","Restaurante","Restaurante","12291618415396188714","Guayaquil","EC","0x902d6e14a839ec67:0xaa9499d33456f22a",,"https://lh3.googleusercontent.com/gps-cs-s/AHRPTWmIUzVJwpGT6y_wQQ_TKYbRgzO5ugvsumt9t1zWonuk6a3hjdvi8BSM03prBOmsGw6hCC9rMy2ViBaIpkI9HCjeB8TVchHmhSApUHrQYFx7ZvtNdOcKC6sHC5xlMlCM3-WwIhb0=w408-h306-k-no","false","true","/g/1vr3f6tq","es-419","0","-2.1615629","-79.9165523",,"Miraflores",,"false","ChIJZ-w5qBRuLZARKvJWNNOZlKo","090507","$10-35","Hace un año","2025-04-02T15:14:44.468Z",,,,,,,,,,,,,,,,,,,,,"5","5","5","ChdDSUhNMG9nS0VJQ0FnTUNJd2JmRnd3RRAB",,,,,,,,"Google",,,"11",,,"3350","2026-08-08T17:01:21.389Z","Direct Detail URL: https://www.google.com/maps/place/La+Parrilla+Del+%C3%91ato+-+Urdesa/@-2.1747534,-79.9216969,12.79z/data=!3m1!5s0x902d6d885fe9a76f:0x90560e68c111d162!4m12!1m2!2m1!1sLa+Parrilla+del+%C3%91ato!3m8!1s0x902d6e14a839ec67:0xaa9499d33456f22a!8m2!3d-2.1615629!4d-79.9165523!9m1!1b1!15sChVMYSBQYXJyaWxsYSBkZWwgw5FhdG8iA4gBAVoXIhVsYSBwYXJyaWxsYSBkZWwgw7FhdG-SAQpyZXN0YXVyYW504AEA!16s%2Fg%2F1vr3f6tq?entry=ttu&g_ep=EgoyMDI2MDgwNS4xIKXMDSoASAFQAw%3D%3D","5",,"Victor Emilio Estrada 1219","false",,,"La Parrilla Del Ñato - Urdesa","4.4",,"https://www.google.com/maps/search/?api=1&query=La%20Parrilla%20Del%20%C3%91ato%20-%20Urdesa&query_place_id=ChIJZ-w5qBRuLZARKvJWNNOZlKo",
"Victor Emilio Estrada 1219, 090507 Guayaquil, Ecuador","Restaurante","Restaurante","12291618415396188714","Guayaquil","EC","0x902d6e14a839ec67:0xaa9499d33456f22a",,"https://lh3.googleusercontent.com/gps-cs-s/AHRPTWmIUzVJwpGT6y_wQQ_TKYbRgzO5ugvsumt9t1zWonuk6a3hjdvi8BSM03prBOmsGw6hCC9rMy2ViBaIpkI9HCjeB8TVchHmhSApUHrQYFx7ZvtNdOcKC6sHC5xlMlCM3-WwIhb0=w408-h306-k-no","false","true","/g/1vr3f6tq","es-419","0","-2.1615629","-79.9165523",,"Miraflores","es","false","ChIJZ-w5qBRuLZARKvJWNNOZlKo","090507","$10-35","Hace un año","2025-03-31T12:27:15.871Z",,,,,,,,,,,,,,,,,,,,,"5","5","5","ChZDSUhNMG9nS0VJQ0FnTUNJd3Z6T1Z3EAE",,,,,,,,"Google",,,"46",,,"3350","2026-08-08T17:01:21.389Z","Direct Detail URL: https://www.google.com/maps/place/La+Parrilla+Del+%C3%91ato+-+Urdesa/@-2.1747534,-79.9216969,12.79z/data=!3m1!5s0x902d6d885fe9a76f:0x90560e68c111d162!4m12!1m2!2m1!1sLa+Parrilla+del+%C3%91ato!3m8!1s0x902d6e14a839ec67:0xaa9499d33456f22a!8m2!3d-2.1615629!4d-79.9165523!9m1!1b1!15sChVMYSBQYXJyaWxsYSBkZWwgw5FhdG8iA4gBAVoXIhVsYSBwYXJyaWxsYSBkZWwgw7FhdG-SAQpyZXN0YXVyYW504AEA!16s%2Fg%2F1vr3f6tq?entry=ttu&g_ep=EgoyMDI2MDgwNS4xIKXMDSoASAFQAw%3D%3D","5",,"Victor Emilio Estrada 1219","false","Buenos precios",,"La Parrilla Del Ñato - Urdesa","4.4",,"https://www.google.com/maps/search/?api=1&query=La%20Parrilla%20Del%20%C3%91ato%20-%20Urdesa&query_place_id=ChIJZ-w5qBRuLZARKvJWNNOZlKo",
"Victor Emilio Estrada 1219, 090507 Guayaquil, Ecuador","Restaurante","Restaurante","12291618415396188714","Guayaquil","EC","0x902d6e14a839ec67:0xaa9499d33456f22a",,"https://lh3.googleusercontent.com/gps-cs-s/AHRPTWmIUzVJwpGT6y_wQQ_TKYbRgzO5ugvsumt9t1zWonuk6a3hjdvi8BSM03prBOmsGw6hCC9rMy2ViBaIpkI9HCjeB8TVchHmhSApUHrQYFx7ZvtNdOcKC6sHC5xlMlCM3-WwIhb0=w408-h306-k-no","false","false","/g/1vr3f6tq","es-419","0","-2.1615629","-79.9165523",,"Miraflores",,"false","ChIJZ-w5qBRuLZARKvJWNNOZlKo","090507","$10-35","Hace un año","2025-03-22T23:50:41.754Z",,,,,,,,,,,,,,,,,,,,,"4","4","4","ChdDSUhNMG9nS0VJQ0FnTUR3OElHRXdRRRAB",,,,,,,,"Google",,,"6",,,"3350","2026-08-08T17:01:21.389Z","Direct Detail URL: https://www.google.com/maps/place/La+Parrilla+Del+%C3%91ato+-+Urdesa/@-2.1747534,-79.9216969,12.79z/data=!3m1!5s0x902d6d885fe9a76f:0x90560e68c111d162!4m12!1m2!2m1!1sLa+Parrilla+del+%C3%91ato!3m8!1s0x902d6e14a839ec67:0xaa9499d33456f22a!8m2!3d-2.1615629!4d-79.9165523!9m1!1b1!15sChVMYSBQYXJyaWxsYSBkZWwgw5FhdG8iA4gBAVoXIhVsYSBwYXJyaWxsYSBkZWwgw7FhdG-SAQpyZXN0YXVyYW504AEA!16s%2Fg%2F1vr3f6tq?entry=ttu&g_ep=EgoyMDI2MDgwNS4xIKXMDSoASAFQAw%3D%3D","5",,"Victor Emilio Estrada 1219","false",,,"La Parrilla Del Ñato - Urdesa","4.4",,"https://www.google.com/maps/search/?api=1&query=La%20Parrilla%20Del%20%C3%91ato%20-%20Urdesa&query_place_id=ChIJZ-w5qBRuLZARKvJWNNOZlKo",
"Victor Emilio Estrada 1219, 090507 Guayaquil, Ecuador","Restaurante","Restaurante","12291618415396188714","Guayaquil","EC","0x902d6e14a839ec67:0xaa9499d33456f22a",,"https://lh3.googleusercontent.com/gps-cs-s/AHRPTWmIUzVJwpGT6y_wQQ_TKYbRgzO5ugvsumt9t1zWonuk6a3hjdvi8BSM03prBOmsGw6hCC9rMy2ViBaIpkI9HCjeB8TVchHmhSApUHrQYFx7ZvtNdOcKC6sHC5xlMlCM3-WwIhb0=w408-h306-k-no","false","false","/g/1vr3f6tq","es-419","0","-2.1615629","-79.9165523",,"Miraflores",,"false","ChIJZ-w5qBRuLZARKvJWNNOZlKo","090507","$10-35","Hace un año","2025-03-21T03:19:19.624Z",,,,,,,,,,,,,,,,,,,,,"3","2","4","ChdDSUhNMG9nS0VJQ0FnTUN3cy1lTHRRRRAB",,,,,,,,"Google",,,"0",,,"3350","2026-08-08T17:01:21.389Z","Direct Detail URL: https://www.google.com/maps/place/La+Parrilla+Del+%C3%91ato+-+Urdesa/@-2.1747534,-79.9216969,12.79z/data=!3m1!5s0x902d6d885fe9a76f:0x90560e68c111d162!4m12!1m2!2m1!1sLa+Parrilla+del+%C3%91ato!3m8!1s0x902d6e14a839ec67:0xaa9499d33456f22a!8m2!3d-2.1615629!4d-79.9165523!9m1!1b1!15sChVMYSBQYXJyaWxsYSBkZWwgw5FhdG8iA4gBAVoXIhVsYSBwYXJyaWxsYSBkZWwgw7FhdG-SAQpyZXN0YXVyYW504AEA!16s%2Fg%2F1vr3f6tq?entry=ttu&g_ep=EgoyMDI2MDgwNS4xIKXMDSoASAFQAw%3D%3D","3",,"Victor Emilio Estrada 1219","false",,,"La Parrilla Del Ñato - Urdesa","4.4",,"https://www.google.com/maps/search/?api=1&query=La%20Parrilla%20Del%20%C3%91ato%20-%20Urdesa&query_place_id=ChIJZ-w5qBRuLZARKvJWNNOZlKo",
"Victor Emilio Estrada 1219, 090507 Guayaquil, Ecuador","Restaurante","Restaurante","12291618415396188714","Guayaquil","EC","0x902d6e14a839ec67:0xaa9499d33456f22a",,"https://lh3.googleusercontent.com/gps-cs-s/AHRPTWmIUzVJwpGT6y_wQQ_TKYbRgzO5ugvsumt9t1zWonuk6a3hjdvi8BSM03prBOmsGw6hCC9rMy2ViBaIpkI9HCjeB8TVchHmhSApUHrQYFx7ZvtNdOcKC6sHC5xlMlCM3-WwIhb0=w408-h306-k-no","false","false","/g/1vr3f6tq","es-419","0","-2.1615629","-79.9165523",,"Miraflores",,"false","ChIJZ-w5qBRuLZARKvJWNNOZlKo","090507","$10-35","Hace un año","2025-03-18T03:09:36.708Z",,,,,,,,,,,,,,,,,,,,,,,,"ChdDSUhNMG9nS0VJQ0FnTUN3cW9xUWp3RRAB",,,,,,,,"Google",,,"0",,,"3350","2026-08-08T17:01:21.389Z","Direct Detail URL: https://www.google.com/maps/place/La+Parrilla+Del+%C3%91ato+-+Urdesa/@-2.1747534,-79.9216969,12.79z/data=!3m1!5s0x902d6d885fe9a76f:0x90560e68c111d162!4m12!1m2!2m1!1sLa+Parrilla+del+%C3%91ato!3m8!1s0x902d6e14a839ec67:0xaa9499d33456f22a!8m2!3d-2.1615629!4d-79.9165523!9m1!1b1!15sChVMYSBQYXJyaWxsYSBkZWwgw5FhdG8iA4gBAVoXIhVsYSBwYXJyaWxsYSBkZWwgw7FhdG-SAQpyZXN0YXVyYW504AEA!16s%2Fg%2F1vr3f6tq?entry=ttu&g_ep=EgoyMDI2MDgwNS4xIKXMDSoASAFQAw%3D%3D","5",,"Victor Emilio Estrada 1219","false",,,"La Parrilla Del Ñato - Urdesa","4.4",,"https://www.google.com/maps/search/?api=1&query=La%20Parrilla%20Del%20%C3%91ato%20-%20Urdesa&query_place_id=ChIJZ-w5qBRuLZARKvJWNNOZlKo",
"Victor Emilio Estrada 1219, 090507 Guayaquil, Ecuador","Restaurante","Restaurante","12291618415396188714","Guayaquil","EC","0x902d6e14a839ec67:0xaa9499d33456f22a",,"https://lh3.googleusercontent.com/gps-cs-s/AHRPTWmIUzVJwpGT6y_wQQ_TKYbRgzO5ugvsumt9t1zWonuk6a3hjdvi8BSM03prBOmsGw6hCC9rMy2ViBaIpkI9HCjeB8TVchHmhSApUHrQYFx7ZvtNdOcKC6sHC5xlMlCM3-WwIhb0=w408-h306-k-no","false","false","/g/1vr3f6tq","es-419","0","-2.1615629","-79.9165523",,"Miraflores",,"false","ChIJZ-w5qBRuLZARKvJWNNOZlKo","090507","$10-35","Hace un año","2025-03-17T15:58:03.583Z",,,,,,,,,,,,,,,,,,,"Cena","Consumo en el lugar","4","4","4","ChZDSUhNMG9nS0VJQ0FnTUN3NHBHWUJ3EAE",,,,,,,,"Google",,,"0",,,"3350","2026-08-08T17:01:21.389Z","Direct Detail URL: https://www.google.com/maps/place/La+Parrilla+Del+%C3%91ato+-+Urdesa/@-2.1747534,-79.9216969,12.79z/data=!3m1!5s0x902d6d885fe9a76f:0x90560e68c111d162!4m12!1m2!2m1!1sLa+Parrilla+del+%C3%91ato!3m8!1s0x902d6e14a839ec67:0xaa9499d33456f22a!8m2!3d-2.1615629!4d-79.9165523!9m1!1b1!15sChVMYSBQYXJyaWxsYSBkZWwgw5FhdG8iA4gBAVoXIhVsYSBwYXJyaWxsYSBkZWwgw7FhdG-SAQpyZXN0YXVyYW504AEA!16s%2Fg%2F1vr3f6tq?entry=ttu&g_ep=EgoyMDI2MDgwNS4xIKXMDSoASAFQAw%3D%3D","5",,"Victor Emilio Estrada 1219","false",,,"La Parrilla Del Ñato - Urdesa","4.4",,"https://www.google.com/maps/search/?api=1&query=La%20Parrilla%20Del%20%C3%91ato%20-%20Urdesa&query_place_id=ChIJZ-w5qBRuLZARKvJWNNOZlKo",
"Victor Emilio Estrada 1219, 090507 Guayaquil, Ecuador","Restaurante","Restaurante","12291618415396188714","Guayaquil","EC","0x902d6e14a839ec67:0xaa9499d33456f22a",,"https://lh3.googleusercontent.com/gps-cs-s/AHRPTWmIUzVJwpGT6y_wQQ_TKYbRgzO5ugvsumt9t1zWonuk6a3hjdvi8BSM03prBOmsGw6hCC9rMy2ViBaIpkI9HCjeB8TVchHmhSApUHrQYFx7ZvtNdOcKC6sHC5xlMlCM3-WwIhb0=w408-h306-k-no","false","true","/g/1vr3f6tq","es-419","0","-2.1615629","-79.9165523",,"Miraflores",,"false","ChIJZ-w5qBRuLZARKvJWNNOZlKo","090507","$10-35","Hace un año","2025-03-11T02:28:55.239Z",,,,,,,,,,,,,,,,,,,,,,,,"ChZDSUhNMG9nS0VJQ0FnTURRanI3dERnEAE",,,,,,,,"Google",,,"3",,,"3350","2026-08-08T17:01:21.389Z","Direct Detail URL: https://www.google.com/maps/place/La+Parrilla+Del+%C3%91ato+-+Urdesa/@-2.1747534,-79.9216969,12.79z/data=!3m1!5s0x902d6d885fe9a76f:0x90560e68c111d162!4m12!1m2!2m1!1sLa+Parrilla+del+%C3%91ato!3m8!1s0x902d6e14a839ec67:0xaa9499d33456f22a!8m2!3d-2.1615629!4d-79.9165523!9m1!1b1!15sChVMYSBQYXJyaWxsYSBkZWwgw5FhdG8iA4gBAVoXIhVsYSBwYXJyaWxsYSBkZWwgw7FhdG-SAQpyZXN0YXVyYW504AEA!16s%2Fg%2F1vr3f6tq?entry=ttu&g_ep=EgoyMDI2MDgwNS4xIKXMDSoASAFQAw%3D%3D","5",,"Victor Emilio Estrada 1219","false",,,"La Parrilla Del Ñato - Urdesa","4.4",,"https://www.google.com/maps/search/?api=1&query=La%20Parrilla%20Del%20%C3%91ato%20-%20Urdesa&query_place_id=ChIJZ-w5qBRuLZARKvJWNNOZlKo",
"Victor Emilio Estrada 1219, 090507 Guayaquil, Ecuador","Restaurante","Restaurante","12291618415396188714","Guayaquil","EC","0x902d6e14a839ec67:0xaa9499d33456f22a",,"https://lh3.googleusercontent.com/gps-cs-s/AHRPTWmIUzVJwpGT6y_wQQ_TKYbRgzO5ugvsumt9t1zWonuk6a3hjdvi8BSM03prBOmsGw6hCC9rMy2ViBaIpkI9HCjeB8TVchHmhSApUHrQYFx7ZvtNdOcKC6sHC5xlMlCM3-WwIhb0=w408-h306-k-no","false","true","/g/1vr3f6tq","es-419","0","-2.1615629","-79.9165523",,"Miraflores",,"false","ChIJZ-w5qBRuLZARKvJWNNOZlKo","090507","$10-35","Hace un año","2025-02-26T16:55:57.176Z",,,,,,,"Evento de temporada o de festividades",,,,,,"$15-20","Lugares sin reserva previa",,,,,,,"5","4","4","ChdDSUhNMG9nS0VJQ0FnTURnN2FhVm9nRRAB",,,,,,,,"Google",,,"78",,,"3350","2026-08-08T17:01:21.389Z","Direct Detail URL: https://www.google.com/maps/place/La+Parrilla+Del+%C3%91ato+-+Urdesa/@-2.1747534,-79.9216969,12.79z/data=!3m1!5s0x902d6d885fe9a76f:0x90560e68c111d162!4m12!1m2!2m1!1sLa+Parrilla+del+%C3%91ato!3m8!1s0x902d6e14a839ec67:0xaa9499d33456f22a!8m2!3d-2.1615629!4d-79.9165523!9m1!1b1!15sChVMYSBQYXJyaWxsYSBkZWwgw5FhdG8iA4gBAVoXIhVsYSBwYXJyaWxsYSBkZWwgw7FhdG-SAQpyZXN0YXVyYW504AEA!16s%2Fg%2F1vr3f6tq?entry=ttu&g_ep=EgoyMDI2MDgwNS4xIKXMDSoASAFQAw%3D%3D","4",,"Victor Emilio Estrada 1219","false",,,"La Parrilla Del Ñato - Urdesa","4.4",,"https://www.google.com/maps/search/?api=1&query=La%20Parrilla%20Del%20%C3%91ato%20-%20Urdesa&query_place_id=ChIJZ-w5qBRuLZARKvJWNNOZlKo",
"Victor Emilio Estrada 1219, 090507 Guayaquil, Ecuador","Restaurante","Restaurante","12291618415396188714","Guayaquil","EC","0x902d6e14a839ec67:0xaa9499d33456f22a",,"https://lh3.googleusercontent.com/gps-cs-s/AHRPTWmIUzVJwpGT6y_wQQ_TKYbRgzO5ugvsumt9t1zWonuk6a3hjdvi8BSM03prBOmsGw6hCC9rMy2ViBaIpkI9HCjeB8TVchHmhSApUHrQYFx7ZvtNdOcKC6sHC5xlMlCM3-WwIhb0=w408-h306-k-no","false","true","/g/1vr3f6tq","es-419","1","-2.1615629","-79.9165523",,"Miraflores","es","false","ChIJZ-w5qBRuLZARKvJWNNOZlKo","090507","$10-35","Editado Hace un año","2025-02-17T20:40:50.320Z",,,,,,,,,,,,,,,,,,,,,"3","4","3","ChZDSUhNMG9nS0VJQ0FnSUMwMS1PU0lnEAE",,,,,,,,"Google",,,"736",,,"3350","2026-08-08T17:01:21.389Z","Direct Detail URL: https://www.google.com/maps/place/La+Parrilla+Del+%C3%91ato+-+Urdesa/@-2.1747534,-79.9216969,12.79z/data=!3m1!5s0x902d6d885fe9a76f:0x90560e68c111d162!4m12!1m2!2m1!1sLa+Parrilla+del+%C3%91ato!3m8!1s0x902d6e14a839ec67:0xaa9499d33456f22a!8m2!3d-2.1615629!4d-79.9165523!9m1!1b1!15sChVMYSBQYXJyaWxsYSBkZWwgw5FhdG8iA4gBAVoXIhVsYSBwYXJyaWxsYSBkZWwgw7FhdG-SAQpyZXN0YXVyYW504AEA!16s%2Fg%2F1vr3f6tq?entry=ttu&g_ep=EgoyMDI2MDgwNS4xIKXMDSoASAFQAw%3D%3D","4",,"Victor Emilio Estrada 1219","false","Agradable",,"La Parrilla Del Ñato - Urdesa","4.4",,"https://www.google.com/maps/search/?api=1&query=La%20Parrilla%20Del%20%C3%91ato%20-%20Urdesa&query_place_id=ChIJZ-w5qBRuLZARKvJWNNOZlKo",
"Victor Emilio Estrada 1219, 090507 Guayaquil, Ecuador","Restaurante","Restaurante","12291618415396188714","Guayaquil","EC","0x902d6e14a839ec67:0xaa9499d33456f22a",,"https://lh3.googleusercontent.com/gps-cs-s/AHRPTWmIUzVJwpGT6y_wQQ_TKYbRgzO5ugvsumt9t1zWonuk6a3hjdvi8BSM03prBOmsGw6hCC9rMy2ViBaIpkI9HCjeB8TVchHmhSApUHrQYFx7ZvtNdOcKC6sHC5xlMlCM3-WwIhb0=w408-h306-k-no","false","false","/g/1vr3f6tq","es-419","0","-2.1615629","-79.9165523",,"Miraflores","es","false","ChIJZ-w5qBRuLZARKvJWNNOZlKo","090507","$10-35","Hace un año","2025-02-16T16:42:30.528Z",,,,,,,,,,,,,,,,,,,,,"5","5","5","ChdDSUhNMG9nS0VJQ0FnTUNneHRYbGpnRRAB",,,,,,,,"Google",,,"1",,,"3350","2026-08-08T17:01:21.389Z","Direct Detail URL: https://www.google.com/maps/place/La+Parrilla+Del+%C3%91ato+-+Urdesa/@-2.1747534,-79.9216969,12.79z/data=!3m1!5s0x902d6d885fe9a76f:0x90560e68c111d162!4m12!1m2!2m1!1sLa+Parrilla+del+%C3%91ato!3m8!1s0x902d6e14a839ec67:0xaa9499d33456f22a!8m2!3d-2.1615629!4d-79.9165523!9m1!1b1!15sChVMYSBQYXJyaWxsYSBkZWwgw5FhdG8iA4gBAVoXIhVsYSBwYXJyaWxsYSBkZWwgw7FhdG-SAQpyZXN0YXVyYW504AEA!16s%2Fg%2F1vr3f6tq?entry=ttu&g_ep=EgoyMDI2MDgwNS4xIKXMDSoASAFQAw%3D%3D","5",,"Victor Emilio Estrada 1219","false","Muy bonito, recomendado",,"La Parrilla Del Ñato - Urdesa","4.4",,"https://www.google.com/maps/search/?api=1&query=La%20Parrilla%20Del%20%C3%91ato%20-%20Urdesa&query_place_id=ChIJZ-w5qBRuLZARKvJWNNOZlKo",
"Victor Emilio Estrada 1219, 090507 Guayaquil, Ecuador","Restaurante","Restaurante","12291618415396188714","Guayaquil","EC","0x902d6e14a839ec67:0xaa9499d33456f22a",,"https://lh3.googleusercontent.com/gps-cs-s/AHRPTWmIUzVJwpGT6y_wQQ_TKYbRgzO5ugvsumt9t1zWonuk6a3hjdvi8BSM03prBOmsGw6hCC9rMy2ViBaIpkI9HCjeB8TVchHmhSApUHrQYFx7ZvtNdOcKC6sHC5xlMlCM3-WwIhb0=w408-h306-k-no","false","true","/g/1vr3f6tq","es-419","0","-2.1615629","-79.9165523",,"Miraflores","es","false","ChIJZ-w5qBRuLZARKvJWNNOZlKo","090507","$10-35","Hace un año","2025-02-10T11:13:03.310Z",,,,,,,,,,,,,"$25-30",,,,,,,,"2","3","3","ChdDSUhNMG9nS0VJQ0FnTURBaGVqVG9BRRAB",,,,,,,,"Google",,,"12",,,"3350","2026-08-08T17:01:21.389Z","Direct Detail URL: https://www.google.com/maps/place/La+Parrilla+Del+%C3%91ato+-+Urdesa/@-2.1747534,-79.9216969,12.79z/data=!3m1!5s0x902d6d885fe9a76f:0x90560e68c111d162!4m12!1m2!2m1!1sLa+Parrilla+del+%C3%91ato!3m8!1s0x902d6e14a839ec67:0xaa9499d33456f22a!8m2!3d-2.1615629!4d-79.9165523!9m1!1b1!15sChVMYSBQYXJyaWxsYSBkZWwgw5FhdG8iA4gBAVoXIhVsYSBwYXJyaWxsYSBkZWwgw7FhdG-SAQpyZXN0YXVyYW504AEA!16s%2Fg%2F1vr3f6tq?entry=ttu&g_ep=EgoyMDI2MDgwNS4xIKXMDSoASAFQAw%3D%3D","3",,"Victor Emilio Estrada 1219","false","Sí infraestructura debe mejorar se nota lo antiguo del local",,"La Parrilla Del Ñato - Urdesa","4.4",,"https://www.google.com/maps/search/?api=1&query=La%20Parrilla%20Del%20%C3%91ato%20-%20Urdesa&query_place_id=ChIJZ-w5qBRuLZARKvJWNNOZlKo",
"Victor Emilio Estrada 1219, 090507 Guayaquil, Ecuador","Restaurante","Restaurante","12291618415396188714","Guayaquil","EC","0x902d6e14a839ec67:0xaa9499d33456f22a",,"https://lh3.googleusercontent.com/gps-cs-s/AHRPTWmIUzVJwpGT6y_wQQ_TKYbRgzO5ugvsumt9t1zWonuk6a3hjdvi8BSM03prBOmsGw6hCC9rMy2ViBaIpkI9HCjeB8TVchHmhSApUHrQYFx7ZvtNdOcKC6sHC5xlMlCM3-WwIhb0=w408-h306-k-no","false","true","/g/1vr3f6tq","es-419","0","-2.1615629","-79.9165523",,"Miraflores","ko","false","ChIJZ-w5qBRuLZARKvJWNNOZlKo","090507","$10-35","Hace un año","2025-02-09T23:48:49.712Z",,,,,,,,,,,,,,,,,,,,"Consumo en el lugar","5","5","5","ChdDSUhNMG9nS0VJQ0FnTURBOGZuN3JnRRAB","https://lh3.googleusercontent.com/grass-cs/ACvplmOQIRWzeTz78Auxxis3xZH8Z0QHjv4qpdkbfUr8ERC-z1H-HK1vtHLZj295eGI6P_U2O_S1KvtfPdHTKzNDWmpjNkf4qICi74JW3sLZD233jipOarfr8mR0DHymdW8D8p9QnGo=k-no","https://lh3.googleusercontent.com/grass-cs/ACvplmMcZSFajnw1w3HRZfizbT2DhF_DofqBv4xFJhpIswModuHT3iunq8E_yF7Ot5XwB17_bsD68Ebf2K5RHMf-j9cp_ctkFZ3VFllQU6h3S5Nbn_WxPMUbCwjvHi8dhyFrkSW9ZLw1=k-no","https://lh3.googleusercontent.com/grass-cs/ACvplmOu0oFm7u4TvwXsVOAi3Kzv-wDJTPPqHDXyftMYBCdt6BhDpizxRGqaJMwtVZQDvpYdLtu6v24awE2TZKB_D01LFmKUY37TYrIqGtu7_ZswKCHp8qxkKoOSxwBhyIayPlS1lqe9=k-no","https://lh3.googleusercontent.com/grass-cs/ACvplmNiMuTJSYmzeQnNslmUJ6ZH0FfWEftNfz1OjeiH0Tzj8WrHRyAY1gWUwuw_4L-v7XI5C9lUaOTUrVfJP_dGLGhTUQaJrGfiDO1hdsgV2MbRIHjthOfV-N4VimKxqaaeYjCsfAU=k-no","https://lh3.googleusercontent.com/grass-cs/ACvplmO4LiZXDBJkr3XUFPdSVREw4gzaH6vv7pBiQBnlHDTdK4pCIlVDwpluIzRWud1nR9yUTTUT74BIBWZ6C5Lw46zJmWMjU4MQkYERPXZtVo9BT7v8cD90z8MZAWOP7hxLjqJYMLrzig=k-no","https://lh3.googleusercontent.com/grass-cs/ACvplmONEEE2R_d3EiJPJorbpmlvVNZ1Th1AD85rtbiLJpe2qXUTEjuh3QPGfkDWTOMek1Hy1rv7PL0wf_-kzbaWnJ9_z5_dsAZvvih5NoTeZEUssPaG6oXj2ih88hzmmBoVXC1i8bc4=k-no","https://lh3.googleusercontent.com/grass-cs/ACvplmMWSXbG4lIkZDIA-Dd67cpGPCOthHu8FlKPAOoS_qOIsiaIXZpbKvXaIgX8vUFnI4gMDmabHFEgkzVeh7G6L1N0rBLKDJIkaH1IxRfYkwsBM1zhAyc-p2WJfLZtbtl0zigDs3lP=k-no","Google",,,"574",,,"3350","2026-08-08T17:01:21.389Z","Direct Detail URL: https://www.google.com/maps/place/La+Parrilla+Del+%C3%91ato+-+Urdesa/@-2.1747534,-79.9216969,12.79z/data=!3m1!5s0x902d6d885fe9a76f:0x90560e68c111d162!4m12!1m2!2m1!1sLa+Parrilla+del+%C3%91ato!3m8!1s0x902d6e14a839ec67:0xaa9499d33456f22a!8m2!3d-2.1615629!4d-79.9165523!9m1!1b1!15sChVMYSBQYXJyaWxsYSBkZWwgw5FhdG8iA4gBAVoXIhVsYSBwYXJyaWxsYSBkZWwgw7FhdG-SAQpyZXN0YXVyYW504AEA!16s%2Fg%2F1vr3f6tq?entry=ttu&g_ep=EgoyMDI2MDgwNS4xIKXMDSoASAFQAw%3D%3D","5",,"Victor Emilio Estrada 1219","false","맛있고 친절하고 노래가있다 완벽하다.","Es delicioso, amigable y tiene canciones. Perfecto.","La Parrilla Del Ñato - Urdesa","4.4","es","https://www.google.com/maps/search/?api=1&query=La%20Parrilla%20Del%20%C3%91ato%20-%20Urdesa&query_place_id=ChIJZ-w5qBRuLZARKvJWNNOZlKo",
"Victor Emilio Estrada 1219, 090507 Guayaquil, Ecuador","Restaurante","Restaurante","12291618415396188714","Guayaquil","EC","0x902d6e14a839ec67:0xaa9499d33456f22a",,"https://lh3.googleusercontent.com/gps-cs-s/AHRPTWmIUzVJwpGT6y_wQQ_TKYbRgzO5ugvsumt9t1zWonuk6a3hjdvi8BSM03prBOmsGw6hCC9rMy2ViBaIpkI9HCjeB8TVchHmhSApUHrQYFx7ZvtNdOcKC6sHC5xlMlCM3-WwIhb0=w408-h306-k-no","false","true","/g/1vr3f6tq","es-419","0","-2.1615629","-79.9165523",,"Miraflores","es","false","ChIJZ-w5qBRuLZARKvJWNNOZlKo","090507","$10-35","Hace un año","2025-02-04T02:35:35.053Z",,,,,,,,,,,,,"$10-15",,,,,,"Cena","Consumo en el lugar","5","4","5","ChZDSUhNMG9nS0VJQ0FnTUNBczVDcll3EAE","https://lh3.googleusercontent.com/grass-cs/ACvplmMxnmfzUxuOSKL4CSchKRSkgkvjmWCGPV3f6hZl21UDWS-yFPzO6GSGBbm4MzarBlJo-IkJAgJ1jYT0gVsyOEDBCcTzNIOtBKmEmfFHaTGA6xt5g3uO4kAfMCLR4NpJd81tALp8=k-no",,,,,,,"Google",,,"109",,,"3350","2026-08-08T17:01:21.389Z","Direct Detail URL: https://www.google.com/maps/place/La+Parrilla+Del+%C3%91ato+-+Urdesa/@-2.1747534,-79.9216969,12.79z/data=!3m1!5s0x902d6d885fe9a76f:0x90560e68c111d162!4m12!1m2!2m1!1sLa+Parrilla+del+%C3%91ato!3m8!1s0x902d6e14a839ec67:0xaa9499d33456f22a!8m2!3d-2.1615629!4d-79.9165523!9m1!1b1!15sChVMYSBQYXJyaWxsYSBkZWwgw5FhdG8iA4gBAVoXIhVsYSBwYXJyaWxsYSBkZWwgw7FhdG-SAQpyZXN0YXVyYW504AEA!16s%2Fg%2F1vr3f6tq?entry=ttu&g_ep=EgoyMDI2MDgwNS4xIKXMDSoASAFQAw%3D%3D","5",,"Victor Emilio Estrada 1219","false","La parrillada super buena, los moros un poquito secos pero un buen lugar para disfrutar de una parrillada en pareja o familia",,"La Parrilla Del Ñato - Urdesa","4.4",,"https://www.google.com/maps/search/?api=1&query=La%20Parrilla%20Del%20%C3%91ato%20-%20Urdesa&query_place_id=ChIJZ-w5qBRuLZARKvJWNNOZlKo",
"Victor Emilio Estrada 1219, 090507 Guayaquil, Ecuador","Restaurante","Restaurante","12291618415396188714","Guayaquil","EC","0x902d6e14a839ec67:0xaa9499d33456f22a",,"https://lh3.googleusercontent.com/gps-cs-s/AHRPTWmIUzVJwpGT6y_wQQ_TKYbRgzO5ugvsumt9t1zWonuk6a3hjdvi8BSM03prBOmsGw6hCC9rMy2ViBaIpkI9HCjeB8TVchHmhSApUHrQYFx7ZvtNdOcKC6sHC5xlMlCM3-WwIhb0=w408-h306-k-no","false","true","/g/1vr3f6tq","es-419","0","-2.1615629","-79.9165523",,"Miraflores",,"false","ChIJZ-w5qBRuLZARKvJWNNOZlKo","090507","$10-35","Hace un año","2025-01-29T04:09:02.771Z",,,,,,,,,,,,,"$10-15",,,,,,"Cena","Consumo en el lugar","3","3","3","ChdDSUhNMG9nS0VJQ0FnTUNBOExQRGt3RRAB",,,,,,,,"Google",,,"20",,,"3350","2026-08-08T17:01:21.389Z","Direct Detail URL: https://www.google.com/maps/place/La+Parrilla+Del+%C3%91ato+-+Urdesa/@-2.1747534,-79.9216969,12.79z/data=!3m1!5s0x902d6d885fe9a76f:0x90560e68c111d162!4m12!1m2!2m1!1sLa+Parrilla+del+%C3%91ato!3m8!1s0x902d6e14a839ec67:0xaa9499d33456f22a!8m2!3d-2.1615629!4d-79.9165523!9m1!1b1!15sChVMYSBQYXJyaWxsYSBkZWwgw5FhdG8iA4gBAVoXIhVsYSBwYXJyaWxsYSBkZWwgw7FhdG-SAQpyZXN0YXVyYW504AEA!16s%2Fg%2F1vr3f6tq?entry=ttu&g_ep=EgoyMDI2MDgwNS4xIKXMDSoASAFQAw%3D%3D","3",,"Victor Emilio Estrada 1219","false",,,"La Parrilla Del Ñato - Urdesa","4.4",,"https://www.google.com/maps/search/?api=1&query=La%20Parrilla%20Del%20%C3%91ato%20-%20Urdesa&query_place_id=ChIJZ-w5qBRuLZARKvJWNNOZlKo",
"Victor Emilio Estrada 1219, 090507 Guayaquil, Ecuador","Restaurante","Restaurante","12291618415396188714","Guayaquil","EC","0x902d6e14a839ec67:0xaa9499d33456f22a",,"https://lh3.googleusercontent.com/gps-cs-s/AHRPTWmIUzVJwpGT6y_wQQ_TKYbRgzO5ugvsumt9t1zWonuk6a3hjdvi8BSM03prBOmsGw6hCC9rMy2ViBaIpkI9HCjeB8TVchHmhSApUHrQYFx7ZvtNdOcKC6sHC5xlMlCM3-WwIhb0=w408-h306-k-no","false","true","/g/1vr3f6tq","es-419","0","-2.1615629","-79.9165523",,"Miraflores","es","false","ChIJZ-w5qBRuLZARKvJWNNOZlKo","090507","$10-35","Editado Hace un año","2025-01-23T01:13:28.885Z",,,,,,,,,,,,,"Más de $50",,,,,,"Cena","Consumo en el lugar","5","5","5","ChZDSUhNMG9nS0VJQ0FnSURBLVl6TFZREAE",,,,,,,,"Google",,,"138",,,"3350","2026-08-08T17:01:21.389Z","Direct Detail URL: https://www.google.com/maps/place/La+Parrilla+Del+%C3%91ato+-+Urdesa/@-2.1747534,-79.9216969,12.79z/data=!3m1!5s0x902d6d885fe9a76f:0x90560e68c111d162!4m12!1m2!2m1!1sLa+Parrilla+del+%C3%91ato!3m8!1s0x902d6e14a839ec67:0xaa9499d33456f22a!8m2!3d-2.1615629!4d-79.9165523!9m1!1b1!15sChVMYSBQYXJyaWxsYSBkZWwgw5FhdG8iA4gBAVoXIhVsYSBwYXJyaWxsYSBkZWwgw7FhdG-SAQpyZXN0YXVyYW504AEA!16s%2Fg%2F1vr3f6tq?entry=ttu&g_ep=EgoyMDI2MDgwNS4xIKXMDSoASAFQAw%3D%3D","5",,"Victor Emilio Estrada 1219","false","A los tiempos una rica parrillada con mis mamitas",,"La Parrilla Del Ñato - Urdesa","4.4",,"https://www.google.com/maps/search/?api=1&query=La%20Parrilla%20Del%20%C3%91ato%20-%20Urdesa&query_place_id=ChIJZ-w5qBRuLZARKvJWNNOZlKo",
"Victor Emilio Estrada 1219, 090507 Guayaquil, Ecuador","Restaurante","Restaurante","12291618415396188714","Guayaquil","EC","0x902d6e14a839ec67:0xaa9499d33456f22a",,"https://lh3.googleusercontent.com/gps-cs-s/AHRPTWmIUzVJwpGT6y_wQQ_TKYbRgzO5ugvsumt9t1zWonuk6a3hjdvi8BSM03prBOmsGw6hCC9rMy2ViBaIpkI9HCjeB8TVchHmhSApUHrQYFx7ZvtNdOcKC6sHC5xlMlCM3-WwIhb0=w408-h306-k-no","false","true","/g/1vr3f6tq","es-419","0","-2.1615629","-79.9165523",,"Miraflores",,"false","ChIJZ-w5qBRuLZARKvJWNNOZlKo","090507","$10-35","Hace un año","2025-01-22T19:34:26.720Z",,,,,,,,,,,,,,,,,,,,,"5","5","5","ChdDSUhNMG9nS0VJQ0FnSURfd3FySi1RRRAB",,,,,,,,"Google",,,"14",,,"3350","2026-08-08T17:01:21.389Z","Direct Detail URL: https://www.google.com/maps/place/La+Parrilla+Del+%C3%91ato+-+Urdesa/@-2.1747534,-79.9216969,12.79z/data=!3m1!5s0x902d6d885fe9a76f:0x90560e68c111d162!4m12!1m2!2m1!1sLa+Parrilla+del+%C3%91ato!3m8!1s0x902d6e14a839ec67:0xaa9499d33456f22a!8m2!3d-2.1615629!4d-79.9165523!9m1!1b1!15sChVMYSBQYXJyaWxsYSBkZWwgw5FhdG8iA4gBAVoXIhVsYSBwYXJyaWxsYSBkZWwgw7FhdG-SAQpyZXN0YXVyYW504AEA!16s%2Fg%2F1vr3f6tq?entry=ttu&g_ep=EgoyMDI2MDgwNS4xIKXMDSoASAFQAw%3D%3D","5",,"Victor Emilio Estrada 1219","false",,,"La Parrilla Del Ñato - Urdesa","4.4",,"https://www.google.com/maps/search/?api=1&query=La%20Parrilla%20Del%20%C3%91ato%20-%20Urdesa&query_place_id=ChIJZ-w5qBRuLZARKvJWNNOZlKo",
"Victor Emilio Estrada 1219, 090507 Guayaquil, Ecuador","Restaurante","Restaurante","12291618415396188714","Guayaquil","EC","0x902d6e14a839ec67:0xaa9499d33456f22a",,"https://lh3.googleusercontent.com/gps-cs-s/AHRPTWmIUzVJwpGT6y_wQQ_TKYbRgzO5ugvsumt9t1zWonuk6a3hjdvi8BSM03prBOmsGw6hCC9rMy2ViBaIpkI9HCjeB8TVchHmhSApUHrQYFx7ZvtNdOcKC6sHC5xlMlCM3-WwIhb0=w408-h306-k-no","false","true","/g/1vr3f6tq","es-419","0","-2.1615629","-79.9165523",,"Miraflores","es","false","ChIJZ-w5qBRuLZARKvJWNNOZlKo","090507","$10-35","Hace un año","2025-01-16T16:51:13.250Z",,,,,,,,,,"Estacionamiento pagado en la calle","Jarra de Sangría, Cortesía Pan de Ajo Con Salsas de la Casa",,"$10-15",,,,,,"Cena",,"5","5","5","ChZDSUhNMG9nS0VJQ0FnSUNfX3FlS2JREAE",,,,,,,,"Google",,,"77",,,"3350","2026-08-08T17:01:21.389Z","Direct Detail URL: https://www.google.com/maps/place/La+Parrilla+Del+%C3%91ato+-+Urdesa/@-2.1747534,-79.9216969,12.79z/data=!3m1!5s0x902d6d885fe9a76f:0x90560e68c111d162!4m12!1m2!2m1!1sLa+Parrilla+del+%C3%91ato!3m8!1s0x902d6e14a839ec67:0xaa9499d33456f22a!8m2!3d-2.1615629!4d-79.9165523!9m1!1b1!15sChVMYSBQYXJyaWxsYSBkZWwgw5FhdG8iA4gBAVoXIhVsYSBwYXJyaWxsYSBkZWwgw7FhdG-SAQpyZXN0YXVyYW504AEA!16s%2Fg%2F1vr3f6tq?entry=ttu&g_ep=EgoyMDI2MDgwNS4xIKXMDSoASAFQAw%3D%3D","5",,"Victor Emilio Estrada 1219","false","Sabrosa carne",,"La Parrilla Del Ñato - Urdesa","4.4",,"https://www.google.com/maps/search/?api=1&query=La%20Parrilla%20Del%20%C3%91ato%20-%20Urdesa&query_place_id=ChIJZ-w5qBRuLZARKvJWNNOZlKo",
"Victor Emilio Estrada 1219, 090507 Guayaquil, Ecuador","Restaurante","Restaurante","12291618415396188714","Guayaquil","EC","0x902d6e14a839ec67:0xaa9499d33456f22a",,"https://lh3.googleusercontent.com/gps-cs-s/AHRPTWmIUzVJwpGT6y_wQQ_TKYbRgzO5ugvsumt9t1zWonuk6a3hjdvi8BSM03prBOmsGw6hCC9rMy2ViBaIpkI9HCjeB8TVchHmhSApUHrQYFx7ZvtNdOcKC6sHC5xlMlCM3-WwIhb0=w408-h306-k-no","false","true","/g/1vr3f6tq","es-419","0","-2.1615629","-79.9165523",,"Miraflores",,"false","ChIJZ-w5qBRuLZARKvJWNNOZlKo","090507","$10-35","Hace un año","2025-01-12T23:41:45.908Z",,,,,,,,,,,,,,,,,,,,,,,,"ChZDSUhNMG9nS0VJQ0FnSUNfeE1lX0tREAE",,,,,,,,"Google",,,"36",,,"3350","2026-08-08T17:01:21.389Z","Direct Detail URL: https://www.google.com/maps/place/La+Parrilla+Del+%C3%91ato+-+Urdesa/@-2.1747534,-79.9216969,12.79z/data=!3m1!5s0x902d6d885fe9a76f:0x90560e68c111d162!4m12!1m2!2m1!1sLa+Parrilla+del+%C3%91ato!3m8!1s0x902d6e14a839ec67:0xaa9499d33456f22a!8m2!3d-2.1615629!4d-79.9165523!9m1!1b1!15sChVMYSBQYXJyaWxsYSBkZWwgw5FhdG8iA4gBAVoXIhVsYSBwYXJyaWxsYSBkZWwgw7FhdG-SAQpyZXN0YXVyYW504AEA!16s%2Fg%2F1vr3f6tq?entry=ttu&g_ep=EgoyMDI2MDgwNS4xIKXMDSoASAFQAw%3D%3D","5",,"Victor Emilio Estrada 1219","false",,,"La Parrilla Del Ñato - Urdesa","4.4",,"https://www.google.com/maps/search/?api=1&query=La%20Parrilla%20Del%20%C3%91ato%20-%20Urdesa&query_place_id=ChIJZ-w5qBRuLZARKvJWNNOZlKo",
"Victor Emilio Estrada 1219, 090507 Guayaquil, Ecuador","Restaurante","Restaurante","12291618415396188714","Guayaquil","EC","0x902d6e14a839ec67:0xaa9499d33456f22a",,"https://lh3.googleusercontent.com/gps-cs-s/AHRPTWmIUzVJwpGT6y_wQQ_TKYbRgzO5ugvsumt9t1zWonuk6a3hjdvi8BSM03prBOmsGw6hCC9rMy2ViBaIpkI9HCjeB8TVchHmhSApUHrQYFx7ZvtNdOcKC6sHC5xlMlCM3-WwIhb0=w408-h306-k-no","false","false","/g/1vr3f6tq","es-419","0","-2.1615629","-79.9165523",,"Miraflores",,"false","ChIJZ-w5qBRuLZARKvJWNNOZlKo","090507","$10-35","Hace un año","2025-01-12T19:42:13.999Z",,,,,,,,,,,,,"Más de $50",,,,,,"Cena","Consumo en el lugar","5","5","5","ChZDSUhNMG9nS0VJQ0FnSUNfLU5maWNREAE","https://lh3.googleusercontent.com/grass-cs/ACvplmOfX8yHugarhMKBfFfyo3OXx7swFTz-yNJRLmBmgJ04gE4jZJdUGT1ubj2IQe5-2rzG7zSfFdRXbo0Cv5VLow03LofI1R9RxAyjI64S99IuJvVbf3tazNXJfmg6REyhne7mzZE=k-no","https://lh3.googleusercontent.com/grass-cs/ACvplmPd6PPwdO4q6p_I4Vi1hm5XtqNBp2yUwVFWRoieop-VAc2r8Yr5ERI7gI4HBI1zbqJS-ab-1d4Vy_UgRauI6UJadIUbi8OgsnLucRMJO1sbQ_ki56HU3IuGjKnS7cjbx5a36LJM8A=k-no","https://lh3.googleusercontent.com/grass-cs/ACvplmMidviXcmg4IeyJxFqR4EuTxBswf1ePrb25DcrXqLq4VdcUBEB3ofCnqgWa9NBNigmur-FwV6ONLraqVITGV7KKHe5154TRgbTFw5KL9iPPkDCarYt2xZuyQo4pmWoWuxgECps=k-no","https://lh3.googleusercontent.com/grass-cs/ACvplmMx_pP6H1VQB1KFUhiHXqRAcQwEUNBR4bChj64J3ANdrG0CzcKvvS3eqof04Yq5THq7AUVKnrCGjSaF6JRLLLhkIgY4ytvzCmHjetLzo48UMqSdsqeg-rXm9My0wQRJaasSdPYNVw=k-no",,,,"Google",,,"0",,,"3350","2026-08-08T17:01:21.389Z","Direct Detail URL: https://www.google.com/maps/place/La+Parrilla+Del+%C3%91ato+-+Urdesa/@-2.1747534,-79.9216969,12.79z/data=!3m1!5s0x902d6d885fe9a76f:0x90560e68c111d162!4m12!1m2!2m1!1sLa+Parrilla+del+%C3%91ato!3m8!1s0x902d6e14a839ec67:0xaa9499d33456f22a!8m2!3d-2.1615629!4d-79.9165523!9m1!1b1!15sChVMYSBQYXJyaWxsYSBkZWwgw5FhdG8iA4gBAVoXIhVsYSBwYXJyaWxsYSBkZWwgw7FhdG-SAQpyZXN0YXVyYW504AEA!16s%2Fg%2F1vr3f6tq?entry=ttu&g_ep=EgoyMDI2MDgwNS4xIKXMDSoASAFQAw%3D%3D","5",,"Victor Emilio Estrada 1219","false",,,"La Parrilla Del Ñato - Urdesa","4.4",,"https://www.google.com/maps/search/?api=1&query=La%20Parrilla%20Del%20%C3%91ato%20-%20Urdesa&query_place_id=ChIJZ-w5qBRuLZARKvJWNNOZlKo",
"Victor Emilio Estrada 1219, 090507 Guayaquil, Ecuador","Restaurante","Restaurante","12291618415396188714","Guayaquil","EC","0x902d6e14a839ec67:0xaa9499d33456f22a",,"https://lh3.googleusercontent.com/gps-cs-s/AHRPTWmIUzVJwpGT6y_wQQ_TKYbRgzO5ugvsumt9t1zWonuk6a3hjdvi8BSM03prBOmsGw6hCC9rMy2ViBaIpkI9HCjeB8TVchHmhSApUHrQYFx7ZvtNdOcKC6sHC5xlMlCM3-WwIhb0=w408-h306-k-no","false","true","/g/1vr3f6tq","es-419","0","-2.1615629","-79.9165523",,"Miraflores",,"false","ChIJZ-w5qBRuLZARKvJWNNOZlKo","090507","$10-35","Hace un año","2024-12-30T07:41:43.888Z",,,,,,,,,,,,,,,,,,,,,"4","4","4","ChdDSUhNMG9nS0VJQ0FnSUNmaWFIeF9nRRAB",,,,,,,,"Google",,,"8",,,"3350","2026-08-08T17:01:21.389Z","Direct Detail URL: https://www.google.com/maps/place/La+Parrilla+Del+%C3%91ato+-+Urdesa/@-2.1747534,-79.9216969,12.79z/data=!3m1!5s0x902d6d885fe9a76f:0x90560e68c111d162!4m12!1m2!2m1!1sLa+Parrilla+del+%C3%91ato!3m8!1s0x902d6e14a839ec67:0xaa9499d33456f22a!8m2!3d-2.1615629!4d-79.9165523!9m1!1b1!15sChVMYSBQYXJyaWxsYSBkZWwgw5FhdG8iA4gBAVoXIhVsYSBwYXJyaWxsYSBkZWwgw7FhdG-SAQpyZXN0YXVyYW504AEA!16s%2Fg%2F1vr3f6tq?entry=ttu&g_ep=EgoyMDI2MDgwNS4xIKXMDSoASAFQAw%3D%3D","4",,"Victor Emilio Estrada 1219","false",,,"La Parrilla Del Ñato - Urdesa","4.4",,"https://www.google.com/maps/search/?api=1&query=La%20Parrilla%20Del%20%C3%91ato%20-%20Urdesa&query_place_id=ChIJZ-w5qBRuLZARKvJWNNOZlKo",
"Victor Emilio Estrada 1219, 090507 Guayaquil, Ecuador","Restaurante","Restaurante","12291618415396188714","Guayaquil","EC","0x902d6e14a839ec67:0xaa9499d33456f22a",,"https://lh3.googleusercontent.com/gps-cs-s/AHRPTWmIUzVJwpGT6y_wQQ_TKYbRgzO5ugvsumt9t1zWonuk6a3hjdvi8BSM03prBOmsGw6hCC9rMy2ViBaIpkI9HCjeB8TVchHmhSApUHrQYFx7ZvtNdOcKC6sHC5xlMlCM3-WwIhb0=w408-h306-k-no","false","false","/g/1vr3f6tq","es-419","0","-2.1615629","-79.9165523",,"Miraflores","es","false","ChIJZ-w5qBRuLZARKvJWNNOZlKo","090507","$10-35","Hace un año","2024-12-24T04:50:50.441Z",,,,,,,,,,,"Parrillada Familia Feliz, Jarra de Sangría",,"$10-15",,,,,,"Cena","Consumo en el lugar","4","5","4","ChdDSUhNMG9nS0VJQ0FnSUR2eTYzbXRBRRAB",,,,,,,,"Google",,,"11",,,"3350","2026-08-08T17:01:21.389Z","Direct Detail URL: https://www.google.com/maps/place/La+Parrilla+Del+%C3%91ato+-+Urdesa/@-2.1747534,-79.9216969,12.79z/data=!3m1!5s0x902d6d885fe9a76f:0x90560e68c111d162!4m12!1m2!2m1!1sLa+Parrilla+del+%C3%91ato!3m8!1s0x902d6e14a839ec67:0xaa9499d33456f22a!8m2!3d-2.1615629!4d-79.9165523!9m1!1b1!15sChVMYSBQYXJyaWxsYSBkZWwgw5FhdG8iA4gBAVoXIhVsYSBwYXJyaWxsYSBkZWwgw7FhdG-SAQpyZXN0YXVyYW504AEA!16s%2Fg%2F1vr3f6tq?entry=ttu&g_ep=EgoyMDI2MDgwNS4xIKXMDSoASAFQAw%3D%3D","3",,"Victor Emilio Estrada 1219","false","Si vas en vincular no hay donde estacionarse",,"La Parrilla Del Ñato - Urdesa","4.4",,"https://www.google.com/maps/search/?api=1&query=La%20Parrilla%20Del%20%C3%91ato%20-%20Urdesa&query_place_id=ChIJZ-w5qBRuLZARKvJWNNOZlKo",
"Victor Emilio Estrada 1219, 090507 Guayaquil, Ecuador","Restaurante","Restaurante","12291618415396188714","Guayaquil","EC","0x902d6e14a839ec67:0xaa9499d33456f22a",,"https://lh3.googleusercontent.com/gps-cs-s/AHRPTWmIUzVJwpGT6y_wQQ_TKYbRgzO5ugvsumt9t1zWonuk6a3hjdvi8BSM03prBOmsGw6hCC9rMy2ViBaIpkI9HCjeB8TVchHmhSApUHrQYFx7ZvtNdOcKC6sHC5xlMlCM3-WwIhb0=w408-h306-k-no","false","true","/g/1vr3f6tq","es-419","0","-2.1615629","-79.9165523",,"Miraflores","es","false","ChIJZ-w5qBRuLZARKvJWNNOZlKo","090507","$10-35","Hace un año","2024-12-08T03:52:43.237Z",,,,,,,,,,,,,,,,,,,,,"5","5",,"ChZDSUhNMG9nS0VJQ0FnSUN2eE9LYVJREAE",,,,,,,,"Google",,,"12",,,"3350","2026-08-08T17:01:21.389Z","Direct Detail URL: https://www.google.com/maps/place/La+Parrilla+Del+%C3%91ato+-+Urdesa/@-2.1747534,-79.9216969,12.79z/data=!3m1!5s0x902d6d885fe9a76f:0x90560e68c111d162!4m12!1m2!2m1!1sLa+Parrilla+del+%C3%91ato!3m8!1s0x902d6e14a839ec67:0xaa9499d33456f22a!8m2!3d-2.1615629!4d-79.9165523!9m1!1b1!15sChVMYSBQYXJyaWxsYSBkZWwgw5FhdG8iA4gBAVoXIhVsYSBwYXJyaWxsYSBkZWwgw7FhdG-SAQpyZXN0YXVyYW504AEA!16s%2Fg%2F1vr3f6tq?entry=ttu&g_ep=EgoyMDI2MDgwNS4xIKXMDSoASAFQAw%3D%3D","5",,"Victor Emilio Estrada 1219","false","Muy bueno",,"La Parrilla Del Ñato - Urdesa","4.4",,"https://www.google.com/maps/search/?api=1&query=La%20Parrilla%20Del%20%C3%91ato%20-%20Urdesa&query_place_id=ChIJZ-w5qBRuLZARKvJWNNOZlKo",
"Victor Emilio Estrada 1219, 090507 Guayaquil, Ecuador","Restaurante","Restaurante","12291618415396188714","Guayaquil","EC","0x902d6e14a839ec67:0xaa9499d33456f22a",,"https://lh3.googleusercontent.com/gps-cs-s/AHRPTWmIUzVJwpGT6y_wQQ_TKYbRgzO5ugvsumt9t1zWonuk6a3hjdvi8BSM03prBOmsGw6hCC9rMy2ViBaIpkI9HCjeB8TVchHmhSApUHrQYFx7ZvtNdOcKC6sHC5xlMlCM3-WwIhb0=w408-h306-k-no","false","false","/g/1vr3f6tq","es-419","0","-2.1615629","-79.9165523",,"Miraflores","es","false","ChIJZ-w5qBRuLZARKvJWNNOZlKo","090507","$10-35","Hace un año","2024-12-05T01:49:36.918Z",,,,,,,,,,,,,,,,,,,,,"5","5","5","ChdDSUhNMG9nS0VJQ0FnSURQdmEtcXRRRRAB",,,,,,,,"Google",,,"1",,,"3350","2026-08-08T17:01:21.389Z","Direct Detail URL: https://www.google.com/maps/place/La+Parrilla+Del+%C3%91ato+-+Urdesa/@-2.1747534,-79.9216969,12.79z/data=!3m1!5s0x902d6d885fe9a76f:0x90560e68c111d162!4m12!1m2!2m1!1sLa+Parrilla+del+%C3%91ato!3m8!1s0x902d6e14a839ec67:0xaa9499d33456f22a!8m2!3d-2.1615629!4d-79.9165523!9m1!1b1!15sChVMYSBQYXJyaWxsYSBkZWwgw5FhdG8iA4gBAVoXIhVsYSBwYXJyaWxsYSBkZWwgw7FhdG-SAQpyZXN0YXVyYW504AEA!16s%2Fg%2F1vr3f6tq?entry=ttu&g_ep=EgoyMDI2MDgwNS4xIKXMDSoASAFQAw%3D%3D","5",,"Victor Emilio Estrada 1219","false","Deseo saber si hay menú navideño.",,"La Parrilla Del Ñato - Urdesa","4.4",,"https://www.google.com/maps/search/?api=1&query=La%20Parrilla%20Del%20%C3%91ato%20-%20Urdesa&query_place_id=ChIJZ-w5qBRuLZARKvJWNNOZlKo",
"Victor Emilio Estrada 1219, 090507 Guayaquil, Ecuador","Restaurante","Restaurante","12291618415396188714","Guayaquil","EC","0x902d6e14a839ec67:0xaa9499d33456f22a",,"https://lh3.googleusercontent.com/gps-cs-s/AHRPTWmIUzVJwpGT6y_wQQ_TKYbRgzO5ugvsumt9t1zWonuk6a3hjdvi8BSM03prBOmsGw6hCC9rMy2ViBaIpkI9HCjeB8TVchHmhSApUHrQYFx7ZvtNdOcKC6sHC5xlMlCM3-WwIhb0=w408-h306-k-no","false","false","/g/1vr3f6tq","es-419","0","-2.1615629","-79.9165523",,"Miraflores","es","false","ChIJZ-w5qBRuLZARKvJWNNOZlKo","090507","$10-35","Hace un año","2024-11-03T22:03:53.326Z",,,,,,,,,,,,,,,,,,,,,"4","5","5","ChZDSUhNMG9nS0VJQ0FnSUMzdlB1b0pREAE",,,,,,,,"Google",,,"6",,,"3350","2026-08-08T17:01:21.389Z","Direct Detail URL: https://www.google.com/maps/place/La+Parrilla+Del+%C3%91ato+-+Urdesa/@-2.1747534,-79.9216969,12.79z/data=!3m1!5s0x902d6d885fe9a76f:0x90560e68c111d162!4m12!1m2!2m1!1sLa+Parrilla+del+%C3%91ato!3m8!1s0x902d6e14a839ec67:0xaa9499d33456f22a!8m2!3d-2.1615629!4d-79.9165523!9m1!1b1!15sChVMYSBQYXJyaWxsYSBkZWwgw5FhdG8iA4gBAVoXIhVsYSBwYXJyaWxsYSBkZWwgw7FhdG-SAQpyZXN0YXVyYW504AEA!16s%2Fg%2F1vr3f6tq?entry=ttu&g_ep=EgoyMDI2MDgwNS4xIKXMDSoASAFQAw%3D%3D","5",,"Victor Emilio Estrada 1219","false","Comida muy buena, solo un poquito mas de aseo en el piso",,"La Parrilla Del Ñato - Urdesa","4.4",,"https://www.google.com/maps/search/?api=1&query=La%20Parrilla%20Del%20%C3%91ato%20-%20Urdesa&query_place_id=ChIJZ-w5qBRuLZARKvJWNNOZlKo",
"Victor Emilio Estrada 1219, 090507 Guayaquil, Ecuador","Restaurante","Restaurante","12291618415396188714","Guayaquil","EC","0x902d6e14a839ec67:0xaa9499d33456f22a",,"https://lh3.googleusercontent.com/gps-cs-s/AHRPTWmIUzVJwpGT6y_wQQ_TKYbRgzO5ugvsumt9t1zWonuk6a3hjdvi8BSM03prBOmsGw6hCC9rMy2ViBaIpkI9HCjeB8TVchHmhSApUHrQYFx7ZvtNdOcKC6sHC5xlMlCM3-WwIhb0=w408-h306-k-no","false","true","/g/1vr3f6tq","es-419","0","-2.1615629","-79.9165523",,"Miraflores","es","false","ChIJZ-w5qBRuLZARKvJWNNOZlKo","090507","$10-35","Hace un año","2024-10-23T21:54:40.362Z",,,,,,,,,,,,,,,,,,,,,"5","5","5","ChdDSUhNMG9nS0VJQ0FnSURYMkpXd3NBRRAB",,,,,,,,"Google",,,"21",,,"3350","2026-08-08T17:01:21.389Z","Direct Detail URL: https://www.google.com/maps/place/La+Parrilla+Del+%C3%91ato+-+Urdesa/@-2.1747534,-79.9216969,12.79z/data=!3m1!5s0x902d6d885fe9a76f:0x90560e68c111d162!4m12!1m2!2m1!1sLa+Parrilla+del+%C3%91ato!3m8!1s0x902d6e14a839ec67:0xaa9499d33456f22a!8m2!3d-2.1615629!4d-79.9165523!9m1!1b1!15sChVMYSBQYXJyaWxsYSBkZWwgw5FhdG8iA4gBAVoXIhVsYSBwYXJyaWxsYSBkZWwgw7FhdG-SAQpyZXN0YXVyYW504AEA!16s%2Fg%2F1vr3f6tq?entry=ttu&g_ep=EgoyMDI2MDgwNS4xIKXMDSoASAFQAw%3D%3D","5",,"Victor Emilio Estrada 1219","false","SIEMPRE TOP 👍🏻👍🏻👍🏻",,"La Parrilla Del Ñato - Urdesa","4.4",,"https://www.google.com/maps/search/?api=1&query=La%20Parrilla%20Del%20%C3%91ato%20-%20Urdesa&query_place_id=ChIJZ-w5qBRuLZARKvJWNNOZlKo",
"Victor Emilio Estrada 1219, 090507 Guayaquil, Ecuador","Restaurante","Restaurante","12291618415396188714","Guayaquil","EC","0x902d6e14a839ec67:0xaa9499d33456f22a",,"https://lh3.googleusercontent.com/gps-cs-s/AHRPTWmIUzVJwpGT6y_wQQ_TKYbRgzO5ugvsumt9t1zWonuk6a3hjdvi8BSM03prBOmsGw6hCC9rMy2ViBaIpkI9HCjeB8TVchHmhSApUHrQYFx7ZvtNdOcKC6sHC5xlMlCM3-WwIhb0=w408-h306-k-no","false","false","/g/1vr3f6tq","es-419","0","-2.1615629","-79.9165523",,"Miraflores",,"false","ChIJZ-w5qBRuLZARKvJWNNOZlKo","090507","$10-35","Hace un año","2024-10-21T03:14:55.088Z",,,,,"Hay suficiente espacio",,,,,"Estacionamiento gratuito","Steak",,"Más de $50",,,,,,"Cena","Consumo en el lugar","5","5","5","ChZDSUhNMG9nS0VJQ0FnSUNYLS1HcVZnEAE",,,,,,,,"Google",,,"2",,,"3350","2026-08-08T17:01:21.389Z","Direct Detail URL: https://www.google.com/maps/place/La+Parrilla+Del+%C3%91ato+-+Urdesa/@-2.1747534,-79.9216969,12.79z/data=!3m1!5s0x902d6d885fe9a76f:0x90560e68c111d162!4m12!1m2!2m1!1sLa+Parrilla+del+%C3%91ato!3m8!1s0x902d6e14a839ec67:0xaa9499d33456f22a!8m2!3d-2.1615629!4d-79.9165523!9m1!1b1!15sChVMYSBQYXJyaWxsYSBkZWwgw5FhdG8iA4gBAVoXIhVsYSBwYXJyaWxsYSBkZWwgw7FhdG-SAQpyZXN0YXVyYW504AEA!16s%2Fg%2F1vr3f6tq?entry=ttu&g_ep=EgoyMDI2MDgwNS4xIKXMDSoASAFQAw%3D%3D","5",,"Victor Emilio Estrada 1219","false",,,"La Parrilla Del Ñato - Urdesa","4.4",,"https://www.google.com/maps/search/?api=1&query=La%20Parrilla%20Del%20%C3%91ato%20-%20Urdesa&query_place_id=ChIJZ-w5qBRuLZARKvJWNNOZlKo",
"Victor Emilio Estrada 1219, 090507 Guayaquil, Ecuador","Restaurante","Restaurante","12291618415396188714","Guayaquil","EC","0x902d6e14a839ec67:0xaa9499d33456f22a",,"https://lh3.googleusercontent.com/gps-cs-s/AHRPTWmIUzVJwpGT6y_wQQ_TKYbRgzO5ugvsumt9t1zWonuk6a3hjdvi8BSM03prBOmsGw6hCC9rMy2ViBaIpkI9HCjeB8TVchHmhSApUHrQYFx7ZvtNdOcKC6sHC5xlMlCM3-WwIhb0=w408-h306-k-no","false","true","/g/1vr3f6tq","es-419","1","-2.1615629","-79.9165523",,"Miraflores","es","false","ChIJZ-w5qBRuLZARKvJWNNOZlKo","090507","$10-35","Hace un año","2024-10-19T04:18:01.296Z",,,,,,,,,,,,,"$15-20",,,,,,"Almuerzo","Consumo en el lugar","3","4","3","ChZDSUhNMG9nS0VJQ0FnSUNYdGNQS1l3EAE","https://lh3.googleusercontent.com/grass-cs/ACvplmMoXNik1Qqp1NdJd2XYZUE0Y8mniw4rwL1CvV1LrxmkRPV0wsjQq0iBvLtJIRccy3zehygBpmKJK8LJrPqP_sFYRp3uvpJ4-kJ9p6huabC7USGr1BliVkyFkMwVq_u_tJWm5lbFxg=k-no","https://lh3.googleusercontent.com/grass-cs/ACvplmNiHNIoRQVc3bbiJRbJ951qJd1NLN1vJOugOt1PIHdCEpDSRAGHOgtopPr8oo7sIKpEL1o5fq0xbABzuIBYnT2T1ilE-MaavT5TMYqsOt3rXeU2NlZMPH1WPTAuGxIwauPy0ns=k-no","https://lh3.googleusercontent.com/grass-cs/ACvplmOC08-MtnflXz7w7TqBY94jmpcqPpg-HgqxbqRl-KHF864ApRRPKOn19EA0CFfyWHMemfeOYqEoRDRRZqw9IsH5q_H9slgreR2t1ZCXWA9BjYQ1d1IHuwIbSRuRLzzzDJOqI5hLhQ=k-no","https://lh3.googleusercontent.com/grass-cs/ACvplmMKcwsiUVIC4xkaaUKp8J1I8AsFzrLEr8cgvLjglBxa-oYBApp-2R1Hxrnd4IwlLUgx6LQ3KkSKtGj_JCH0xV07SWus1c3f_CtiRgK4wE3CUrio1uKE17KFThI0g3z0AizmyS-y=k-no","https://lh3.googleusercontent.com/grass-cs/ACvplmPxyFhVHJB91_NxWDihtdhYvMVrfzSsSWMY9tB42XlQFjF4nb6YLP4Ct9OFvsPJ-Fp6B675sdZvTL4Qljwch0dPxdLk4_u11tpOd6RP4lmtCRx4o6WtgE-AVnr9z7nzBADGcUssVg=k-no","https://lh3.googleusercontent.com/grass-cs/ACvplmMukvhC2xYKwzFW1LEMwiG3RgAbxUdn2K8HFWe253-ygMsj3Fiqu17XO8uzG3s00E2B0aXPdmPLIg3OJt8VlRR-Dff9qqoXwrZ3Cenfj8tdDb_vg4oJlYjxlFdxFhPmnvPFR6z8=k-no","https://lh3.googleusercontent.com/grass-cs/ACvplmO5BMOmgZCopZNEyP0Jd-0gu8UYsmi5f35XuxahMqjNHPDvAyf-JNrTY3dZkWmRuK-Ov6WAs3cSKgU-FXuu0m1X8urAqjfkxRWjg45qNZpCBkgFbZ1O7wovkX9PDl6e1Dc2V2RWCw=k-no","Google",,,"233",,,"3350","2026-08-08T17:01:21.389Z","Direct Detail URL: https://www.google.com/maps/place/La+Parrilla+Del+%C3%91ato+-+Urdesa/@-2.1747534,-79.9216969,12.79z/data=!3m1!5s0x902d6d885fe9a76f:0x90560e68c111d162!4m12!1m2!2m1!1sLa+Parrilla+del+%C3%91ato!3m8!1s0x902d6e14a839ec67:0xaa9499d33456f22a!8m2!3d-2.1615629!4d-79.9165523!9m1!1b1!15sChVMYSBQYXJyaWxsYSBkZWwgw5FhdG8iA4gBAVoXIhVsYSBwYXJyaWxsYSBkZWwgw7FhdG-SAQpyZXN0YXVyYW504AEA!16s%2Fg%2F1vr3f6tq?entry=ttu&g_ep=EgoyMDI2MDgwNS4xIKXMDSoASAFQAw%3D%3D","4",,"Victor Emilio Estrada 1219","false","El lugar es amplio, igual que hace muchos años atrás, no han remodelado nada, ni cambiado nada. De alguna manera eso es genial porque es algo clásico, algo que te produce nostalgia y comfort. No obstante, la atención es muy robótica, nos atendieron señores mayores sin ninguna sonrisa o empatía, no lo sé, estoy acostumbrada a un buen servicio al cliente, tampoco quiero decir que los jóvenes atienden mejor porque de todo da la mata del Señor. Pero nunca me quejaré de la comida, deliciosa como siempre. Pedimos parrillada familiar y una jarra de limonada, de cortesía nos dieron los típicos pancitos con ajo y el ají estaba rico, rico. Me agradó que me hayan facilitado un platito y una cucharita para mi hija de 3 años.",,"La Parrilla Del Ñato - Urdesa","4.4",,"https://www.google.com/maps/search/?api=1&query=La%20Parrilla%20Del%20%C3%91ato%20-%20Urdesa&query_place_id=ChIJZ-w5qBRuLZARKvJWNNOZlKo",
"Victor Emilio Estrada 1219, 090507 Guayaquil, Ecuador","Restaurante","Restaurante","12291618415396188714","Guayaquil","EC","0x902d6e14a839ec67:0xaa9499d33456f22a",,"https://lh3.googleusercontent.com/gps-cs-s/AHRPTWmIUzVJwpGT6y_wQQ_TKYbRgzO5ugvsumt9t1zWonuk6a3hjdvi8BSM03prBOmsGw6hCC9rMy2ViBaIpkI9HCjeB8TVchHmhSApUHrQYFx7ZvtNdOcKC6sHC5xlMlCM3-WwIhb0=w408-h306-k-no","false","true","/g/1vr3f6tq","es-419","0","-2.1615629","-79.9165523",,"Miraflores","es","false","ChIJZ-w5qBRuLZARKvJWNNOZlKo","090507","$10-35","Editado Hace un año","2024-10-18T20:56:06.164Z",,,,,,,,,,,,,,,,,,,"Cena",,"5","5","5","ChZDSUhNMG9nS0VJQ0FnSURlcGQ3a2F3EAE",,,,,,,,"Google",,,"35",,,"3350","2026-08-08T17:01:21.389Z","Direct Detail URL: https://www.google.com/maps/place/La+Parrilla+Del+%C3%91ato+-+Urdesa/@-2.1747534,-79.9216969,12.79z/data=!3m1!5s0x902d6d885fe9a76f:0x90560e68c111d162!4m12!1m2!2m1!1sLa+Parrilla+del+%C3%91ato!3m8!1s0x902d6e14a839ec67:0xaa9499d33456f22a!8m2!3d-2.1615629!4d-79.9165523!9m1!1b1!15sChVMYSBQYXJyaWxsYSBkZWwgw5FhdG8iA4gBAVoXIhVsYSBwYXJyaWxsYSBkZWwgw7FhdG-SAQpyZXN0YXVyYW504AEA!16s%2Fg%2F1vr3f6tq?entry=ttu&g_ep=EgoyMDI2MDgwNS4xIKXMDSoASAFQAw%3D%3D","5",,"Victor Emilio Estrada 1219","false","Excelente 👌cool",,"La Parrilla Del Ñato - Urdesa","4.4",,"https://www.google.com/maps/search/?api=1&query=La%20Parrilla%20Del%20%C3%91ato%20-%20Urdesa&query_place_id=ChIJZ-w5qBRuLZARKvJWNNOZlKo",
"Victor Emilio Estrada 1219, 090507 Guayaquil, Ecuador","Restaurante","Restaurante","12291618415396188714","Guayaquil","EC","0x902d6e14a839ec67:0xaa9499d33456f22a",,"https://lh3.googleusercontent.com/gps-cs-s/AHRPTWmIUzVJwpGT6y_wQQ_TKYbRgzO5ugvsumt9t1zWonuk6a3hjdvi8BSM03prBOmsGw6hCC9rMy2ViBaIpkI9HCjeB8TVchHmhSApUHrQYFx7ZvtNdOcKC6sHC5xlMlCM3-WwIhb0=w408-h306-k-no","false","true","/g/1vr3f6tq","es-419","0","-2.1615629","-79.9165523",,"Miraflores",,"false","ChIJZ-w5qBRuLZARKvJWNNOZlKo","090507","$10-35","Hace un año","2024-10-17T15:51:00.953Z",,,,,,,,,,,"Parrillada Baby",,"$25-30",,,,,,,,"2","5","5","ChRDSUhNMG9nS0VJQ0FnSUNYa2ZkMBAB",,,,,,,,"Google",,,"14",,,"3350","2026-08-08T17:01:21.389Z","Direct Detail URL: https://www.google.com/maps/place/La+Parrilla+Del+%C3%91ato+-+Urdesa/@-2.1747534,-79.9216969,12.79z/data=!3m1!5s0x902d6d885fe9a76f:0x90560e68c111d162!4m12!1m2!2m1!1sLa+Parrilla+del+%C3%91ato!3m8!1s0x902d6e14a839ec67:0xaa9499d33456f22a!8m2!3d-2.1615629!4d-79.9165523!9m1!1b1!15sChVMYSBQYXJyaWxsYSBkZWwgw5FhdG8iA4gBAVoXIhVsYSBwYXJyaWxsYSBkZWwgw7FhdG-SAQpyZXN0YXVyYW504AEA!16s%2Fg%2F1vr3f6tq?entry=ttu&g_ep=EgoyMDI2MDgwNS4xIKXMDSoASAFQAw%3D%3D","5",,"Victor Emilio Estrada 1219","false",,,"La Parrilla Del Ñato - Urdesa","4.4",,"https://www.google.com/maps/search/?api=1&query=La%20Parrilla%20Del%20%C3%91ato%20-%20Urdesa&query_place_id=ChIJZ-w5qBRuLZARKvJWNNOZlKo",
"Victor Emilio Estrada 1219, 090507 Guayaquil, Ecuador","Restaurante","Restaurante","12291618415396188714","Guayaquil","EC","0x902d6e14a839ec67:0xaa9499d33456f22a",,"https://lh3.googleusercontent.com/gps-cs-s/AHRPTWmIUzVJwpGT6y_wQQ_TKYbRgzO5ugvsumt9t1zWonuk6a3hjdvi8BSM03prBOmsGw6hCC9rMy2ViBaIpkI9HCjeB8TVchHmhSApUHrQYFx7ZvtNdOcKC6sHC5xlMlCM3-WwIhb0=w408-h306-k-no","false","true","/g/1vr3f6tq","es-419","0","-2.1615629","-79.9165523",,"Miraflores","es","false","ChIJZ-w5qBRuLZARKvJWNNOZlKo","090507","$10-35","Hace un año","2024-10-16T00:01:19.346Z",,,,,,,,,,,,,"$15-20",,,,,,"Cena","Consumo en el lugar","5","5","5","ChZDSUhNMG9nS0VJQ0FnSUNYeG8tRlVnEAE",,,,,,,,"Google",,,"36",,,"3350","2026-08-08T17:01:21.389Z","Direct Detail URL: https://www.google.com/maps/place/La+Parrilla+Del+%C3%91ato+-+Urdesa/@-2.1747534,-79.9216969,12.79z/data=!3m1!5s0x902d6d885fe9a76f:0x90560e68c111d162!4m12!1m2!2m1!1sLa+Parrilla+del+%C3%91ato!3m8!1s0x902d6e14a839ec67:0xaa9499d33456f22a!8m2!3d-2.1615629!4d-79.9165523!9m1!1b1!15sChVMYSBQYXJyaWxsYSBkZWwgw5FhdG8iA4gBAVoXIhVsYSBwYXJyaWxsYSBkZWwgw7FhdG-SAQpyZXN0YXVyYW504AEA!16s%2Fg%2F1vr3f6tq?entry=ttu&g_ep=EgoyMDI2MDgwNS4xIKXMDSoASAFQAw%3D%3D","5",,"Victor Emilio Estrada 1219","false","Buenísimo",,"La Parrilla Del Ñato - Urdesa","4.4",,"https://www.google.com/maps/search/?api=1&query=La%20Parrilla%20Del%20%C3%91ato%20-%20Urdesa&query_place_id=ChIJZ-w5qBRuLZARKvJWNNOZlKo",
"Victor Emilio Estrada 1219, 090507 Guayaquil, Ecuador","Restaurante","Restaurante","12291618415396188714","Guayaquil","EC","0x902d6e14a839ec67:0xaa9499d33456f22a",,"https://lh3.googleusercontent.com/gps-cs-s/AHRPTWmIUzVJwpGT6y_wQQ_TKYbRgzO5ugvsumt9t1zWonuk6a3hjdvi8BSM03prBOmsGw6hCC9rMy2ViBaIpkI9HCjeB8TVchHmhSApUHrQYFx7ZvtNdOcKC6sHC5xlMlCM3-WwIhb0=w408-h306-k-no","false","false","/g/1vr3f6tq","es-419","0","-2.1615629","-79.9165523",,"Miraflores","es","false","ChIJZ-w5qBRuLZARKvJWNNOZlKo","090507","$10-35","Hace un año","2024-09-21T13:22:12.293Z",,,,,,,,,,,,,,,,,,,,,"4","4","4","ChZDSUhNMG9nS0VJQ0FnSUNuZ0pDeU1REAE",,,,,,,,"Google",,,"5",,,"3350","2026-08-08T17:01:21.389Z","Direct Detail URL: https://www.google.com/maps/place/La+Parrilla+Del+%C3%91ato+-+Urdesa/@-2.1747534,-79.9216969,12.79z/data=!3m1!5s0x902d6d885fe9a76f:0x90560e68c111d162!4m12!1m2!2m1!1sLa+Parrilla+del+%C3%91ato!3m8!1s0x902d6e14a839ec67:0xaa9499d33456f22a!8m2!3d-2.1615629!4d-79.9165523!9m1!1b1!15sChVMYSBQYXJyaWxsYSBkZWwgw5FhdG8iA4gBAVoXIhVsYSBwYXJyaWxsYSBkZWwgw7FhdG-SAQpyZXN0YXVyYW504AEA!16s%2Fg%2F1vr3f6tq?entry=ttu&g_ep=EgoyMDI2MDgwNS4xIKXMDSoASAFQAw%3D%3D","4",,"Victor Emilio Estrada 1219","false","Recomendado",,"La Parrilla Del Ñato - Urdesa","4.4",,"https://www.google.com/maps/search/?api=1&query=La%20Parrilla%20Del%20%C3%91ato%20-%20Urdesa&query_place_id=ChIJZ-w5qBRuLZARKvJWNNOZlKo",
"Victor Emilio Estrada 1219, 090507 Guayaquil, Ecuador","Restaurante","Restaurante","12291618415396188714","Guayaquil","EC","0x902d6e14a839ec67:0xaa9499d33456f22a",,"https://lh3.googleusercontent.com/gps-cs-s/AHRPTWmIUzVJwpGT6y_wQQ_TKYbRgzO5ugvsumt9t1zWonuk6a3hjdvi8BSM03prBOmsGw6hCC9rMy2ViBaIpkI9HCjeB8TVchHmhSApUHrQYFx7ZvtNdOcKC6sHC5xlMlCM3-WwIhb0=w408-h306-k-no","false","false","/g/1vr3f6tq","es-419","0","-2.1615629","-79.9165523",,"Miraflores",,"false","ChIJZ-w5qBRuLZARKvJWNNOZlKo","090507","$10-35","Hace un año","2024-09-20T13:52:53.381Z",,,,,,,,,,,,,,,,,,,,,,,,"ChZDSUhNMG9nS0VJQ0FnSURIeDktUEVREAE",,,,,,,,"Google",,,"0",,,"3350","2026-08-08T17:01:21.389Z","Direct Detail URL: https://www.google.com/maps/place/La+Parrilla+Del+%C3%91ato+-+Urdesa/@-2.1747534,-79.9216969,12.79z/data=!3m1!5s0x902d6d885fe9a76f:0x90560e68c111d162!4m12!1m2!2m1!1sLa+Parrilla+del+%C3%91ato!3m8!1s0x902d6e14a839ec67:0xaa9499d33456f22a!8m2!3d-2.1615629!4d-79.9165523!9m1!1b1!15sChVMYSBQYXJyaWxsYSBkZWwgw5FhdG8iA4gBAVoXIhVsYSBwYXJyaWxsYSBkZWwgw7FhdG-SAQpyZXN0YXVyYW504AEA!16s%2Fg%2F1vr3f6tq?entry=ttu&g_ep=EgoyMDI2MDgwNS4xIKXMDSoASAFQAw%3D%3D","5",,"Victor Emilio Estrada 1219","false",,,"La Parrilla Del Ñato - Urdesa","4.4",,"https://www.google.com/maps/search/?api=1&query=La%20Parrilla%20Del%20%C3%91ato%20-%20Urdesa&query_place_id=ChIJZ-w5qBRuLZARKvJWNNOZlKo",
"Victor Emilio Estrada 1219, 090507 Guayaquil, Ecuador","Restaurante","Restaurante","12291618415396188714","Guayaquil","EC","0x902d6e14a839ec67:0xaa9499d33456f22a",,"https://lh3.googleusercontent.com/gps-cs-s/AHRPTWmIUzVJwpGT6y_wQQ_TKYbRgzO5ugvsumt9t1zWonuk6a3hjdvi8BSM03prBOmsGw6hCC9rMy2ViBaIpkI9HCjeB8TVchHmhSApUHrQYFx7ZvtNdOcKC6sHC5xlMlCM3-WwIhb0=w408-h306-k-no","false","true","/g/1vr3f6tq","es-419","0","-2.1615629","-79.9165523",,"Miraflores","es","false","ChIJZ-w5qBRuLZARKvJWNNOZlKo","090507","$10-35","Editado Hace un año","2024-09-20T08:16:55.257Z",,,,,,,,,,,,,,,,,,,,"Consumo en el lugar","5","5","5","ChdDSUhNMG9nS0VJQ0FnSUNPeTlHSDBnRRAB","https://lh3.googleusercontent.com/grass-cs/ACvplmOxlEdFyAey-pLBFDv7aaUh7r_jBTC50apkBYDxJj24JxPaALpMdlEP_uP9P5GBzmpuiVsOj9fyMXDVJ2b3RKslyBLuCWWXNMtH34FIaXpQ7P1Ea-92_cVPjRP-1MZfBY3B0lw=k-no","https://lh3.googleusercontent.com/grass-cs/ACvplmMZZP20WJviXUJHAPz0wuAAmGmETEsja9U3TSKd_uNmJxIUHVUoguLhcG_N5KvYfH_A5iuEl9TxIzqG1cQ45_q8HQxhj5BFVyD9IFeM5zL9DXLWwqoRWZe4v42TxXAuoAjBX84=k-no","https://lh3.googleusercontent.com/grass-cs/ACvplmPe8YCU4jdga1LPlxZwpGxsY771dJ9FfPirmU3SbKCEJc8olNqmoz6M42e16IdWUe3XaFC8h5gIcykBbjeEt2GpImrIp7s1X2hRFeRkDT7PvML_zOCuBzj5mPonG5d2t_3inD-eCw=k-no","https://lh3.googleusercontent.com/grass-cs/ACvplmN6POL0GdoSWWOSP_97qOL_XUeoIqBNDJwk_lwB_h3zCII5RB2OKHxXzo6xeV10bZJp6uMnp9lkFi80xnmnGDJBCqvTC1Zk9C_TuaGddzWFibGv-f7pHeRSUoKiYCl5d8k1Vx4U=k-no","https://lh3.googleusercontent.com/grass-cs/ACvplmO__dzR0n5WKSFpPLmxLRrz1KLOC3o-vt-11P_D_BRP0SpGmcOtbzi8ATJceFPm9k6LeYVtTxbrb6t7OphA-dKfQMA0Hdx1rYbOHIQtjJZqWfgsdizqW5sGCLT3yRhXxKCAtHQO=k-no","https://lh3.googleusercontent.com/grass-cs/ACvplmMz3HACsQR5Vrv7I8Qs0CEp-LLjyfcl2eMXfn73YsPr_iLLx9HW0DZ_NIegBdcKaDwViuwrZoP6LpYh_ixKsnecGERMzLYLiptu1sKKOZxUzq7T_HNc4Q3egCjWbmuthkvwxQYo=k-no",,"Google",,,"101",,,"3350","2026-08-08T17:01:21.389Z","Direct Detail URL: https://www.google.com/maps/place/La+Parrilla+Del+%C3%91ato+-+Urdesa/@-2.1747534,-79.9216969,12.79z/data=!3m1!5s0x902d6d885fe9a76f:0x90560e68c111d162!4m12!1m2!2m1!1sLa+Parrilla+del+%C3%91ato!3m8!1s0x902d6e14a839ec67:0xaa9499d33456f22a!8m2!3d-2.1615629!4d-79.9165523!9m1!1b1!15sChVMYSBQYXJyaWxsYSBkZWwgw5FhdG8iA4gBAVoXIhVsYSBwYXJyaWxsYSBkZWwgw7FhdG-SAQpyZXN0YXVyYW504AEA!16s%2Fg%2F1vr3f6tq?entry=ttu&g_ep=EgoyMDI2MDgwNS4xIKXMDSoASAFQAw%3D%3D","5",,"Victor Emilio Estrada 1219","false","Lugar bonito. Atención muy buena. Comida deliciosa. Papa al horno es una delicia. Se los recomiendo",,"La Parrilla Del Ñato - Urdesa","4.4",,"https://www.google.com/maps/search/?api=1&query=La%20Parrilla%20Del%20%C3%91ato%20-%20Urdesa&query_place_id=ChIJZ-w5qBRuLZARKvJWNNOZlKo",
"Victor Emilio Estrada 1219, 090507 Guayaquil, Ecuador","Restaurante","Restaurante","12291618415396188714","Guayaquil","EC","0x902d6e14a839ec67:0xaa9499d33456f22a",,"https://lh3.googleusercontent.com/gps-cs-s/AHRPTWmIUzVJwpGT6y_wQQ_TKYbRgzO5ugvsumt9t1zWonuk6a3hjdvi8BSM03prBOmsGw6hCC9rMy2ViBaIpkI9HCjeB8TVchHmhSApUHrQYFx7ZvtNdOcKC6sHC5xlMlCM3-WwIhb0=w408-h306-k-no","false","true","/g/1vr3f6tq","es-419","0","-2.1615629","-79.9165523",,"Miraflores","es","false","ChIJZ-w5qBRuLZARKvJWNNOZlKo","090507","$10-35","Hace un año","2024-09-08T13:29:14.660Z",,,,,"Es un poco difícil encontrar estacionamiento","Ubicado en una zona donde es difícil aparcar, y además es de pago.",,,,"Estacionamiento pagado en la calle","Parrillada Baby, Cortesía Pan de Ajo Con Salsas de la Casa",,"$20-25",,,,,,"Almuerzo","Consumo en el lugar","4","3","5","ChdDSUhNMG9nS0VJQ0FnSUNIMF9DWTFnRRAB","https://lh3.googleusercontent.com/grass-cs/ACvplmNu5ZXOgIHPRiOAewhhU0FV5RUSWRLxywjEgHUKNzGWwTyknTAkDuPUCGbuJ3dWNh4PKO-coKgvzvg5lxn_lI5ya96eX56lYVg3lrUC8TKy0TVrHifvhNwMK7desfTTPSPNAvSE=k-no","https://lh3.googleusercontent.com/grass-cs/ACvplmP_d6ByCteW-g3EEKpJvc9TGrA8Z5uswuHp3Ug-4DQe-MWJaf068f4t54mPpJIrAJK7TOmy9p-BqQ3UNOk4wXdMYFlZynIp8a8doMsVJ-l0_h1bxIhN5bwvfX12SPT0e1s81D9e=k-no","https://lh3.googleusercontent.com/grass-cs/ACvplmOEc3NFlxBzgU-zqUk-LMHQ58OQcgBEYPNErlhuGuNqeY4HV8fY340NagKPaN0-TK9ptcNv-k7QeC1B1fkUGNEm2IEd3mfbNY-HSvM-yb22xM7tw7fvG6i8xXt7wZbM3VuNCUHS=k-no","https://lh3.googleusercontent.com/grass-cs/ACvplmPUTsaRj6_KrQaprcCTDvUW8t4lEUHpuBxC6fL31Jr-Ahm8F4qmyWao8cFtRRnePHy4Rd6yXAdZ1X_qel_JkCChK3UiUqpOUuulQ9QKoBZurcZRn3wctYG9uRnNxZfZdVaq5qGy=k-no","https://lh3.googleusercontent.com/grass-cs/ACvplmOuY1EnxzzJxZzUm1TnlbrGdXpowej8JJoQ3bfKjEdf-2HlOBNTKmVFJOCeMKwW36UgnKpj14NUNU3bA5Zb4dXYnMooa79w3TWFYVXutICkius9BzuFGFT0TAN4vE8HQUi3b5JV=k-no","https://lh3.googleusercontent.com/grass-cs/ACvplmOTdSqpgTPG_yCMrPYOnMNEYfTgtgFLwf1Pl_Fn6slLR1ogU-HNYsPaGIm1oLV7MlA7zRYr-8w5TPLW0vN6c4SKI_WJEuBarBPn8NHEJRwOA4ExX9jDbKvVEdz6eBVr-1DEDV1s=k-no",,"Google",,,"28",,,"3350","2026-08-08T17:01:21.389Z","Direct Detail URL: https://www.google.com/maps/place/La+Parrilla+Del+%C3%91ato+-+Urdesa/@-2.1747534,-79.9216969,12.79z/data=!3m1!5s0x902d6d885fe9a76f:0x90560e68c111d162!4m12!1m2!2m1!1sLa+Parrilla+del+%C3%91ato!3m8!1s0x902d6e14a839ec67:0xaa9499d33456f22a!8m2!3d-2.1615629!4d-79.9165523!9m1!1b1!15sChVMYSBQYXJyaWxsYSBkZWwgw5FhdG8iA4gBAVoXIhVsYSBwYXJyaWxsYSBkZWwgw7FhdG-SAQpyZXN0YXVyYW504AEA!16s%2Fg%2F1vr3f6tq?entry=ttu&g_ep=EgoyMDI2MDgwNS4xIKXMDSoASAFQAw%3D%3D","3",,"Victor Emilio Estrada 1219","false","Decidimos ir a comer el día de ayer ya que me habían hablado muy bien del lugar.

El lugar lo sentí muy tradicional. Tienen su espacio de parrilla a la vista y varios salones bastante amplios. El ambiente es amenizado con dos músicos tocando guitarra, algo que no se ve en otros sitios. En general el ambiente es muy bueno.

Pedimos medio pollo asado con papa horneada y Moro. Además de una Baby parrilla. De cortesía de la casa, pan tostado con salsa de ajo y perejil acompañado de dos salsas muy buenas. La parrilla estaba bastante buena, contenía chuleta de cerdo, carne de res, chorizo, morcilla y chinchulines. Destaco que la res estaba demasiado hecha ya cuando llegó a la mesa. El pollo asado realmente decepcionó. Para nuestro punto de vista el pollo fue hervido y luego pasado por sartén, no tenía siquiera un color tostado que suele adquirir con el asado. Lo encontramos con mucha sal.

La atención recibida fue buena, se nota la experiencia del servicio.",,"La Parrilla Del Ñato - Urdesa","4.4",,"https://www.google.com/maps/search/?api=1&query=La%20Parrilla%20Del%20%C3%91ato%20-%20Urdesa&query_place_id=ChIJZ-w5qBRuLZARKvJWNNOZlKo",
"Victor Emilio Estrada 1219, 090507 Guayaquil, Ecuador","Restaurante","Restaurante","12291618415396188714","Guayaquil","EC","0x902d6e14a839ec67:0xaa9499d33456f22a",,"https://lh3.googleusercontent.com/gps-cs-s/AHRPTWmIUzVJwpGT6y_wQQ_TKYbRgzO5ugvsumt9t1zWonuk6a3hjdvi8BSM03prBOmsGw6hCC9rMy2ViBaIpkI9HCjeB8TVchHmhSApUHrQYFx7ZvtNdOcKC6sHC5xlMlCM3-WwIhb0=w408-h306-k-no","false","true","/g/1vr3f6tq","es-419","0","-2.1615629","-79.9165523",,"Miraflores",,"false","ChIJZ-w5qBRuLZARKvJWNNOZlKo","090507","$10-35","Hace un año","2024-09-06T15:19:23.115Z",,,,,,,,,,,,,,,,,,,,,"5","5","5","ChdDSUhNMG9nS0VJQ0FnSUN5Z2JQRnR3RRAB",,,,,,,,"Google",,,"11",,,"3350","2026-08-08T17:01:21.389Z","Direct Detail URL: https://www.google.com/maps/place/La+Parrilla+Del+%C3%91ato+-+Urdesa/@-2.1747534,-79.9216969,12.79z/data=!3m1!5s0x902d6d885fe9a76f:0x90560e68c111d162!4m12!1m2!2m1!1sLa+Parrilla+del+%C3%91ato!3m8!1s0x902d6e14a839ec67:0xaa9499d33456f22a!8m2!3d-2.1615629!4d-79.9165523!9m1!1b1!15sChVMYSBQYXJyaWxsYSBkZWwgw5FhdG8iA4gBAVoXIhVsYSBwYXJyaWxsYSBkZWwgw7FhdG-SAQpyZXN0YXVyYW504AEA!16s%2Fg%2F1vr3f6tq?entry=ttu&g_ep=EgoyMDI2MDgwNS4xIKXMDSoASAFQAw%3D%3D","5",,"Victor Emilio Estrada 1219","false",,,"La Parrilla Del Ñato - Urdesa","4.4",,"https://www.google.com/maps/search/?api=1&query=La%20Parrilla%20Del%20%C3%91ato%20-%20Urdesa&query_place_id=ChIJZ-w5qBRuLZARKvJWNNOZlKo",
"Victor Emilio Estrada 1219, 090507 Guayaquil, Ecuador","Restaurante","Restaurante","12291618415396188714","Guayaquil","EC","0x902d6e14a839ec67:0xaa9499d33456f22a",,"https://lh3.googleusercontent.com/gps-cs-s/AHRPTWmIUzVJwpGT6y_wQQ_TKYbRgzO5ugvsumt9t1zWonuk6a3hjdvi8BSM03prBOmsGw6hCC9rMy2ViBaIpkI9HCjeB8TVchHmhSApUHrQYFx7ZvtNdOcKC6sHC5xlMlCM3-WwIhb0=w408-h306-k-no","false","false","/g/1vr3f6tq","es-419","0","-2.1615629","-79.9165523",,"Miraflores",,"false","ChIJZ-w5qBRuLZARKvJWNNOZlKo","090507","$10-35","Hace un año","2024-09-05T09:30:45.195Z",,,,,,,,,,,,,,,,,,,,,"1","1","1","ChdDSUhNMG9nS0VJQ0FnSUNIbnEtSTl3RRAB",,,,,,,,"Google",,,"4",,,"3350","2026-08-08T17:01:21.389Z","Direct Detail URL: https://www.google.com/maps/place/La+Parrilla+Del+%C3%91ato+-+Urdesa/@-2.1747534,-79.9216969,12.79z/data=!3m1!5s0x902d6d885fe9a76f:0x90560e68c111d162!4m12!1m2!2m1!1sLa+Parrilla+del+%C3%91ato!3m8!1s0x902d6e14a839ec67:0xaa9499d33456f22a!8m2!3d-2.1615629!4d-79.9165523!9m1!1b1!15sChVMYSBQYXJyaWxsYSBkZWwgw5FhdG8iA4gBAVoXIhVsYSBwYXJyaWxsYSBkZWwgw7FhdG-SAQpyZXN0YXVyYW504AEA!16s%2Fg%2F1vr3f6tq?entry=ttu&g_ep=EgoyMDI2MDgwNS4xIKXMDSoASAFQAw%3D%3D","1",,"Victor Emilio Estrada 1219","false",,,"La Parrilla Del Ñato - Urdesa","4.4",,"https://www.google.com/maps/search/?api=1&query=La%20Parrilla%20Del%20%C3%91ato%20-%20Urdesa&query_place_id=ChIJZ-w5qBRuLZARKvJWNNOZlKo",
"Victor Emilio Estrada 1219, 090507 Guayaquil, Ecuador","Restaurante","Restaurante","12291618415396188714","Guayaquil","EC","0x902d6e14a839ec67:0xaa9499d33456f22a",,"https://lh3.googleusercontent.com/gps-cs-s/AHRPTWmIUzVJwpGT6y_wQQ_TKYbRgzO5ugvsumt9t1zWonuk6a3hjdvi8BSM03prBOmsGw6hCC9rMy2ViBaIpkI9HCjeB8TVchHmhSApUHrQYFx7ZvtNdOcKC6sHC5xlMlCM3-WwIhb0=w408-h306-k-no","false","true","/g/1vr3f6tq","es-419","0","-2.1615629","-79.9165523",,"Miraflores",,"false","ChIJZ-w5qBRuLZARKvJWNNOZlKo","090507","$10-35","Hace un año","2024-08-25T12:30:32.199Z",,,,,,,,,,,,,"$20-25",,,,,,"Almuerzo","Consumo en el lugar",,,,"ChdDSUhNMG9nS0VJQ0FnSUQ3OGRyQ2hRRRAB",,,,,,,,"Google",,,"67",,,"3350","2026-08-08T17:01:21.389Z","Direct Detail URL: https://www.google.com/maps/place/La+Parrilla+Del+%C3%91ato+-+Urdesa/@-2.1747534,-79.9216969,12.79z/data=!3m1!5s0x902d6d885fe9a76f:0x90560e68c111d162!4m12!1m2!2m1!1sLa+Parrilla+del+%C3%91ato!3m8!1s0x902d6e14a839ec67:0xaa9499d33456f22a!8m2!3d-2.1615629!4d-79.9165523!9m1!1b1!15sChVMYSBQYXJyaWxsYSBkZWwgw5FhdG8iA4gBAVoXIhVsYSBwYXJyaWxsYSBkZWwgw7FhdG-SAQpyZXN0YXVyYW504AEA!16s%2Fg%2F1vr3f6tq?entry=ttu&g_ep=EgoyMDI2MDgwNS4xIKXMDSoASAFQAw%3D%3D","5",,"Victor Emilio Estrada 1219","false",,,"La Parrilla Del Ñato - Urdesa","4.4",,"https://www.google.com/maps/search/?api=1&query=La%20Parrilla%20Del%20%C3%91ato%20-%20Urdesa&query_place_id=ChIJZ-w5qBRuLZARKvJWNNOZlKo",
"Victor Emilio Estrada 1219, 090507 Guayaquil, Ecuador","Restaurante","Restaurante","12291618415396188714","Guayaquil","EC","0x902d6e14a839ec67:0xaa9499d33456f22a",,"https://lh3.googleusercontent.com/gps-cs-s/AHRPTWmIUzVJwpGT6y_wQQ_TKYbRgzO5ugvsumt9t1zWonuk6a3hjdvi8BSM03prBOmsGw6hCC9rMy2ViBaIpkI9HCjeB8TVchHmhSApUHrQYFx7ZvtNdOcKC6sHC5xlMlCM3-WwIhb0=w408-h306-k-no","false","false","/g/1vr3f6tq","es-419","0","-2.1615629","-79.9165523",,"Miraflores",,"false","ChIJZ-w5qBRuLZARKvJWNNOZlKo","090507","$10-35","Hace un año","2024-08-23T21:20:35.141Z",,,,,,,,,,,,,,,,,,,,,"5","5","5","ChZDSUhNMG9nS0VJQ0FnSUQ3eHN5eEhnEAE",,,,,,,,"Google",,,"0",,,"3350","2026-08-08T17:01:21.389Z","Direct Detail URL: https://www.google.com/maps/place/La+Parrilla+Del+%C3%91ato+-+Urdesa/@-2.1747534,-79.9216969,12.79z/data=!3m1!5s0x902d6d885fe9a76f:0x90560e68c111d162!4m12!1m2!2m1!1sLa+Parrilla+del+%C3%91ato!3m8!1s0x902d6e14a839ec67:0xaa9499d33456f22a!8m2!3d-2.1615629!4d-79.9165523!9m1!1b1!15sChVMYSBQYXJyaWxsYSBkZWwgw5FhdG8iA4gBAVoXIhVsYSBwYXJyaWxsYSBkZWwgw7FhdG-SAQpyZXN0YXVyYW504AEA!16s%2Fg%2F1vr3f6tq?entry=ttu&g_ep=EgoyMDI2MDgwNS4xIKXMDSoASAFQAw%3D%3D","5",,"Victor Emilio Estrada 1219","false",,,"La Parrilla Del Ñato - Urdesa","4.4",,"https://www.google.com/maps/search/?api=1&query=La%20Parrilla%20Del%20%C3%91ato%20-%20Urdesa&query_place_id=ChIJZ-w5qBRuLZARKvJWNNOZlKo",
"Victor Emilio Estrada 1219, 090507 Guayaquil, Ecuador","Restaurante","Restaurante","12291618415396188714","Guayaquil","EC","0x902d6e14a839ec67:0xaa9499d33456f22a",,"https://lh3.googleusercontent.com/gps-cs-s/AHRPTWmIUzVJwpGT6y_wQQ_TKYbRgzO5ugvsumt9t1zWonuk6a3hjdvi8BSM03prBOmsGw6hCC9rMy2ViBaIpkI9HCjeB8TVchHmhSApUHrQYFx7ZvtNdOcKC6sHC5xlMlCM3-WwIhb0=w408-h306-k-no","false","true","/g/1vr3f6tq","es-419","0","-2.1615629","-79.9165523",,"Miraflores","es","false","ChIJZ-w5qBRuLZARKvJWNNOZlKo","090507","$10-35","Hace un año","2024-08-16T13:22:21.063Z",,,,,,,,,,,,,,,,,,,,,"5","5","5","ChZDSUhNMG9nS0VJQ0FnSUM3a1lXa0h3EAE",,,,,,,,"Google",,,"298",,,"3350","2026-08-08T17:01:21.389Z","Direct Detail URL: https://www.google.com/maps/place/La+Parrilla+Del+%C3%91ato+-+Urdesa/@-2.1747534,-79.9216969,12.79z/data=!3m1!5s0x902d6d885fe9a76f:0x90560e68c111d162!4m12!1m2!2m1!1sLa+Parrilla+del+%C3%91ato!3m8!1s0x902d6e14a839ec67:0xaa9499d33456f22a!8m2!3d-2.1615629!4d-79.9165523!9m1!1b1!15sChVMYSBQYXJyaWxsYSBkZWwgw5FhdG8iA4gBAVoXIhVsYSBwYXJyaWxsYSBkZWwgw7FhdG-SAQpyZXN0YXVyYW504AEA!16s%2Fg%2F1vr3f6tq?entry=ttu&g_ep=EgoyMDI2MDgwNS4xIKXMDSoASAFQAw%3D%3D","5",,"Victor Emilio Estrada 1219","false","Lugar tradicional en Guayaquil que deben de visitar si están en la ciudad",,"La Parrilla Del Ñato - Urdesa","4.4",,"https://www.google.com/maps/search/?api=1&query=La%20Parrilla%20Del%20%C3%91ato%20-%20Urdesa&query_place_id=ChIJZ-w5qBRuLZARKvJWNNOZlKo",
"Victor Emilio Estrada 1219, 090507 Guayaquil, Ecuador","Restaurante","Restaurante","12291618415396188714","Guayaquil","EC","0x902d6e14a839ec67:0xaa9499d33456f22a",,"https://lh3.googleusercontent.com/gps-cs-s/AHRPTWmIUzVJwpGT6y_wQQ_TKYbRgzO5ugvsumt9t1zWonuk6a3hjdvi8BSM03prBOmsGw6hCC9rMy2ViBaIpkI9HCjeB8TVchHmhSApUHrQYFx7ZvtNdOcKC6sHC5xlMlCM3-WwIhb0=w408-h306-k-no","false","false","/g/1vr3f6tq","es-419","0","-2.1615629","-79.9165523",,"Miraflores","es","false","ChIJZ-w5qBRuLZARKvJWNNOZlKo","090507","$10-35","Hace 2 años","2024-08-06T18:00:51.801Z",,,,,,,,,,,,,,,,,,,,,"5","5","5","ChZDSUhNMG9nS0VJQ0FnSURiaWZTVVNBEAE",,,,,,,,"Google",,,"1",,,"3350","2026-08-08T17:01:21.389Z","Direct Detail URL: https://www.google.com/maps/place/La+Parrilla+Del+%C3%91ato+-+Urdesa/@-2.1747534,-79.9216969,12.79z/data=!3m1!5s0x902d6d885fe9a76f:0x90560e68c111d162!4m12!1m2!2m1!1sLa+Parrilla+del+%C3%91ato!3m8!1s0x902d6e14a839ec67:0xaa9499d33456f22a!8m2!3d-2.1615629!4d-79.9165523!9m1!1b1!15sChVMYSBQYXJyaWxsYSBkZWwgw5FhdG8iA4gBAVoXIhVsYSBwYXJyaWxsYSBkZWwgw7FhdG-SAQpyZXN0YXVyYW504AEA!16s%2Fg%2F1vr3f6tq?entry=ttu&g_ep=EgoyMDI2MDgwNS4xIKXMDSoASAFQAw%3D%3D","5",,"Victor Emilio Estrada 1219","false","Exelente",,"La Parrilla Del Ñato - Urdesa","4.4",,"https://www.google.com/maps/search/?api=1&query=La%20Parrilla%20Del%20%C3%91ato%20-%20Urdesa&query_place_id=ChIJZ-w5qBRuLZARKvJWNNOZlKo",
"Victor Emilio Estrada 1219, 090507 Guayaquil, Ecuador","Restaurante","Restaurante","12291618415396188714","Guayaquil","EC","0x902d6e14a839ec67:0xaa9499d33456f22a",,"https://lh3.googleusercontent.com/gps-cs-s/AHRPTWmIUzVJwpGT6y_wQQ_TKYbRgzO5ugvsumt9t1zWonuk6a3hjdvi8BSM03prBOmsGw6hCC9rMy2ViBaIpkI9HCjeB8TVchHmhSApUHrQYFx7ZvtNdOcKC6sHC5xlMlCM3-WwIhb0=w408-h306-k-no","false","false","/g/1vr3f6tq","es-419","0","-2.1615629","-79.9165523",,"Miraflores",,"false","ChIJZ-w5qBRuLZARKvJWNNOZlKo","090507","$10-35","Hace 2 años","2024-08-06T15:42:36.962Z",,,,,,,,,,,,,,,,,,,,,,,"5","ChZDSUhNMG9nS0VJQ0FnSURic1pmakl3EAE",,,,,,,,"Google",,,"1",,,"3350","2026-08-08T17:01:21.389Z","Direct Detail URL: https://www.google.com/maps/place/La+Parrilla+Del+%C3%91ato+-+Urdesa/@-2.1747534,-79.9216969,12.79z/data=!3m1!5s0x902d6d885fe9a76f:0x90560e68c111d162!4m12!1m2!2m1!1sLa+Parrilla+del+%C3%91ato!3m8!1s0x902d6e14a839ec67:0xaa9499d33456f22a!8m2!3d-2.1615629!4d-79.9165523!9m1!1b1!15sChVMYSBQYXJyaWxsYSBkZWwgw5FhdG8iA4gBAVoXIhVsYSBwYXJyaWxsYSBkZWwgw7FhdG-SAQpyZXN0YXVyYW504AEA!16s%2Fg%2F1vr3f6tq?entry=ttu&g_ep=EgoyMDI2MDgwNS4xIKXMDSoASAFQAw%3D%3D","4",,"Victor Emilio Estrada 1219","false",,,"La Parrilla Del Ñato - Urdesa","4.4",,"https://www.google.com/maps/search/?api=1&query=La%20Parrilla%20Del%20%C3%91ato%20-%20Urdesa&query_place_id=ChIJZ-w5qBRuLZARKvJWNNOZlKo",
"Victor Emilio Estrada 1219, 090507 Guayaquil, Ecuador","Restaurante","Restaurante","12291618415396188714","Guayaquil","EC","0x902d6e14a839ec67:0xaa9499d33456f22a",,"https://lh3.googleusercontent.com/gps-cs-s/AHRPTWmIUzVJwpGT6y_wQQ_TKYbRgzO5ugvsumt9t1zWonuk6a3hjdvi8BSM03prBOmsGw6hCC9rMy2ViBaIpkI9HCjeB8TVchHmhSApUHrQYFx7ZvtNdOcKC6sHC5xlMlCM3-WwIhb0=w408-h306-k-no","false","true","/g/1vr3f6tq","es-419","0","-2.1615629","-79.9165523",,"Miraflores","es","false","ChIJZ-w5qBRuLZARKvJWNNOZlKo","090507","$10-35","Hace 2 años","2024-08-06T12:44:42.322Z",,,,,"Vas a tardar en estacionar","Hay que buscar dónde estacionarse y en algunos casos caminar por lo lejos donde se dejó el carro.",,,,"Estacionamiento pagado","Parrillada Baby",,"$10-15",,,,,,"Almuerzo","Consumo en el lugar","3","5","5","ChZDSUhNMG9nS0VJQ0FnSURiMGFqZlh3EAE",,,,,,,,"Google",,,"56",,,"3350","2026-08-08T17:01:21.389Z","Direct Detail URL: https://www.google.com/maps/place/La+Parrilla+Del+%C3%91ato+-+Urdesa/@-2.1747534,-79.9216969,12.79z/data=!3m1!5s0x902d6d885fe9a76f:0x90560e68c111d162!4m12!1m2!2m1!1sLa+Parrilla+del+%C3%91ato!3m8!1s0x902d6e14a839ec67:0xaa9499d33456f22a!8m2!3d-2.1615629!4d-79.9165523!9m1!1b1!15sChVMYSBQYXJyaWxsYSBkZWwgw5FhdG8iA4gBAVoXIhVsYSBwYXJyaWxsYSBkZWwgw7FhdG-SAQpyZXN0YXVyYW504AEA!16s%2Fg%2F1vr3f6tq?entry=ttu&g_ep=EgoyMDI2MDgwNS4xIKXMDSoASAFQAw%3D%3D","5",,"Victor Emilio Estrada 1219","false","Las carnes a la parrilla son excelentes y muy buena atención. Lo que si deben ya es mejorar el lugar.",,"La Parrilla Del Ñato - Urdesa","4.4",,"https://www.google.com/maps/search/?api=1&query=La%20Parrilla%20Del%20%C3%91ato%20-%20Urdesa&query_place_id=ChIJZ-w5qBRuLZARKvJWNNOZlKo",
"Victor Emilio Estrada 1219, 090507 Guayaquil, Ecuador","Restaurante","Restaurante","12291618415396188714","Guayaquil","EC","0x902d6e14a839ec67:0xaa9499d33456f22a",,"https://lh3.googleusercontent.com/gps-cs-s/AHRPTWmIUzVJwpGT6y_wQQ_TKYbRgzO5ugvsumt9t1zWonuk6a3hjdvi8BSM03prBOmsGw6hCC9rMy2ViBaIpkI9HCjeB8TVchHmhSApUHrQYFx7ZvtNdOcKC6sHC5xlMlCM3-WwIhb0=w408-h306-k-no","false","true","/g/1vr3f6tq","es-419","0","-2.1615629","-79.9165523",,"Miraflores","es","false","ChIJZ-w5qBRuLZARKvJWNNOZlKo","090507","$10-35","Hace 2 años","2024-08-05T13:28:08.665Z",,,,,,,,,,,,,"$10-15",,,,,,"Cena","Consumo en el lugar","4","5","3","ChZDSUhNMG9nS0VJQ0FnSURienRPNE5BEAE",,,,,,,,"Google",,,"68",,,"3350","2026-08-08T17:01:21.389Z","Direct Detail URL: https://www.google.com/maps/place/La+Parrilla+Del+%C3%91ato+-+Urdesa/@-2.1747534,-79.9216969,12.79z/data=!3m1!5s0x902d6d885fe9a76f:0x90560e68c111d162!4m12!1m2!2m1!1sLa+Parrilla+del+%C3%91ato!3m8!1s0x902d6e14a839ec67:0xaa9499d33456f22a!8m2!3d-2.1615629!4d-79.9165523!9m1!1b1!15sChVMYSBQYXJyaWxsYSBkZWwgw5FhdG8iA4gBAVoXIhVsYSBwYXJyaWxsYSBkZWwgw7FhdG-SAQpyZXN0YXVyYW504AEA!16s%2Fg%2F1vr3f6tq?entry=ttu&g_ep=EgoyMDI2MDgwNS4xIKXMDSoASAFQAw%3D%3D","4",,"Victor Emilio Estrada 1219","false","Detalles mínimos para ser excelente..!!",,"La Parrilla Del Ñato - Urdesa","4.4",,"https://www.google.com/maps/search/?api=1&query=La%20Parrilla%20Del%20%C3%91ato%20-%20Urdesa&query_place_id=ChIJZ-w5qBRuLZARKvJWNNOZlKo",
"Victor Emilio Estrada 1219, 090507 Guayaquil, Ecuador","Restaurante","Restaurante","12291618415396188714","Guayaquil","EC","0x902d6e14a839ec67:0xaa9499d33456f22a",,"https://lh3.googleusercontent.com/gps-cs-s/AHRPTWmIUzVJwpGT6y_wQQ_TKYbRgzO5ugvsumt9t1zWonuk6a3hjdvi8BSM03prBOmsGw6hCC9rMy2ViBaIpkI9HCjeB8TVchHmhSApUHrQYFx7ZvtNdOcKC6sHC5xlMlCM3-WwIhb0=w408-h306-k-no","false","false","/g/1vr3f6tq","es-419","0","-2.1615629","-79.9165523",,"Miraflores",,"false","ChIJZ-w5qBRuLZARKvJWNNOZlKo","090507","$10-35","Hace 2 años","2024-08-05T02:55:14.712Z",,,,,,,,,,,,,,,,,,,,,,,,"ChZDSUhNMG9nS0VJQ0FnSURibHBTakJ3EAE",,,,,,,,"Google",,,"1",,,"3350","2026-08-08T17:01:21.389Z","Direct Detail URL: https://www.google.com/maps/place/La+Parrilla+Del+%C3%91ato+-+Urdesa/@-2.1747534,-79.9216969,12.79z/data=!3m1!5s0x902d6d885fe9a76f:0x90560e68c111d162!4m12!1m2!2m1!1sLa+Parrilla+del+%C3%91ato!3m8!1s0x902d6e14a839ec67:0xaa9499d33456f22a!8m2!3d-2.1615629!4d-79.9165523!9m1!1b1!15sChVMYSBQYXJyaWxsYSBkZWwgw5FhdG8iA4gBAVoXIhVsYSBwYXJyaWxsYSBkZWwgw7FhdG-SAQpyZXN0YXVyYW504AEA!16s%2Fg%2F1vr3f6tq?entry=ttu&g_ep=EgoyMDI2MDgwNS4xIKXMDSoASAFQAw%3D%3D","5",,"Victor Emilio Estrada 1219","false",,,"La Parrilla Del Ñato - Urdesa","4.4",,"https://www.google.com/maps/search/?api=1&query=La%20Parrilla%20Del%20%C3%91ato%20-%20Urdesa&query_place_id=ChIJZ-w5qBRuLZARKvJWNNOZlKo",
"Victor Emilio Estrada 1219, 090507 Guayaquil, Ecuador","Restaurante","Restaurante","12291618415396188714","Guayaquil","EC","0x902d6e14a839ec67:0xaa9499d33456f22a",,"https://lh3.googleusercontent.com/gps-cs-s/AHRPTWmIUzVJwpGT6y_wQQ_TKYbRgzO5ugvsumt9t1zWonuk6a3hjdvi8BSM03prBOmsGw6hCC9rMy2ViBaIpkI9HCjeB8TVchHmhSApUHrQYFx7ZvtNdOcKC6sHC5xlMlCM3-WwIhb0=w408-h306-k-no","false","false","/g/1vr3f6tq","es-419","0","-2.1615629","-79.9165523",,"Miraflores","es","false","ChIJZ-w5qBRuLZARKvJWNNOZlKo","090507","$10-35","Hace 2 años","2024-07-30T23:11:32.660Z",,,,,,,,,,,,,,,,,,,,,"5","5","5","ChdDSUhNMG9nS0VJQ0FnSUNidDlLWC1BRRAB",,,,,,,,"Google",,,"2",,,"3350","2026-08-08T17:01:21.389Z","Direct Detail URL: https://www.google.com/maps/place/La+Parrilla+Del+%C3%91ato+-+Urdesa/@-2.1747534,-79.9216969,12.79z/data=!3m1!5s0x902d6d885fe9a76f:0x90560e68c111d162!4m12!1m2!2m1!1sLa+Parrilla+del+%C3%91ato!3m8!1s0x902d6e14a839ec67:0xaa9499d33456f22a!8m2!3d-2.1615629!4d-79.9165523!9m1!1b1!15sChVMYSBQYXJyaWxsYSBkZWwgw5FhdG8iA4gBAVoXIhVsYSBwYXJyaWxsYSBkZWwgw7FhdG-SAQpyZXN0YXVyYW504AEA!16s%2Fg%2F1vr3f6tq?entry=ttu&g_ep=EgoyMDI2MDgwNS4xIKXMDSoASAFQAw%3D%3D","5",,"Victor Emilio Estrada 1219","false","Muy buen sitio",,"La Parrilla Del Ñato - Urdesa","4.4",,"https://www.google.com/maps/search/?api=1&query=La%20Parrilla%20Del%20%C3%91ato%20-%20Urdesa&query_place_id=ChIJZ-w5qBRuLZARKvJWNNOZlKo",
"Victor Emilio Estrada 1219, 090507 Guayaquil, Ecuador","Restaurante","Restaurante","12291618415396188714","Guayaquil","EC","0x902d6e14a839ec67:0xaa9499d33456f22a",,"https://lh3.googleusercontent.com/gps-cs-s/AHRPTWmIUzVJwpGT6y_wQQ_TKYbRgzO5ugvsumt9t1zWonuk6a3hjdvi8BSM03prBOmsGw6hCC9rMy2ViBaIpkI9HCjeB8TVchHmhSApUHrQYFx7ZvtNdOcKC6sHC5xlMlCM3-WwIhb0=w408-h306-k-no","false","false","/g/1vr3f6tq","es-419","0","-2.1615629","-79.9165523",,"Miraflores",,"false","ChIJZ-w5qBRuLZARKvJWNNOZlKo","090507","$10-35","Editado Hace 2 años","2024-07-22T19:48:50.210Z",,,,,,,,,,,,,,,,,,,,,"5","5","5","ChdDSUhNMG9nS0VJQ0FnSURMbnJIMTFRRRAB",,,,,,,,"Google",,,"0",,,"3350","2026-08-08T17:01:21.389Z","Direct Detail URL: https://www.google.com/maps/place/La+Parrilla+Del+%C3%91ato+-+Urdesa/@-2.1747534,-79.9216969,12.79z/data=!3m1!5s0x902d6d885fe9a76f:0x90560e68c111d162!4m12!1m2!2m1!1sLa+Parrilla+del+%C3%91ato!3m8!1s0x902d6e14a839ec67:0xaa9499d33456f22a!8m2!3d-2.1615629!4d-79.9165523!9m1!1b1!15sChVMYSBQYXJyaWxsYSBkZWwgw5FhdG8iA4gBAVoXIhVsYSBwYXJyaWxsYSBkZWwgw7FhdG-SAQpyZXN0YXVyYW504AEA!16s%2Fg%2F1vr3f6tq?entry=ttu&g_ep=EgoyMDI2MDgwNS4xIKXMDSoASAFQAw%3D%3D","5",,"Victor Emilio Estrada 1219","false",,,"La Parrilla Del Ñato - Urdesa","4.4",,"https://www.google.com/maps/search/?api=1&query=La%20Parrilla%20Del%20%C3%91ato%20-%20Urdesa&query_place_id=ChIJZ-w5qBRuLZARKvJWNNOZlKo",
"Victor Emilio Estrada 1219, 090507 Guayaquil, Ecuador","Restaurante","Restaurante","12291618415396188714","Guayaquil","EC","0x902d6e14a839ec67:0xaa9499d33456f22a",,"https://lh3.googleusercontent.com/gps-cs-s/AHRPTWmIUzVJwpGT6y_wQQ_TKYbRgzO5ugvsumt9t1zWonuk6a3hjdvi8BSM03prBOmsGw6hCC9rMy2ViBaIpkI9HCjeB8TVchHmhSApUHrQYFx7ZvtNdOcKC6sHC5xlMlCM3-WwIhb0=w408-h306-k-no","false","false","/g/1vr3f6tq","es-419","0","-2.1615629","-79.9165523",,"Miraflores",,"false","ChIJZ-w5qBRuLZARKvJWNNOZlKo","090507","$10-35","Hace 2 años","2024-07-21T00:45:47.009Z",,,,,,,,,,,,,,,,,,,,,"5","5","5","ChZDSUhNMG9nS0VJQ0FnSURybF9IeFhBEAE",,,,,,,,"Google",,,"0",,,"3350","2026-08-08T17:01:21.389Z","Direct Detail URL: https://www.google.com/maps/place/La+Parrilla+Del+%C3%91ato+-+Urdesa/@-2.1747534,-79.9216969,12.79z/data=!3m1!5s0x902d6d885fe9a76f:0x90560e68c111d162!4m12!1m2!2m1!1sLa+Parrilla+del+%C3%91ato!3m8!1s0x902d6e14a839ec67:0xaa9499d33456f22a!8m2!3d-2.1615629!4d-79.9165523!9m1!1b1!15sChVMYSBQYXJyaWxsYSBkZWwgw5FhdG8iA4gBAVoXIhVsYSBwYXJyaWxsYSBkZWwgw7FhdG-SAQpyZXN0YXVyYW504AEA!16s%2Fg%2F1vr3f6tq?entry=ttu&g_ep=EgoyMDI2MDgwNS4xIKXMDSoASAFQAw%3D%3D","5",,"Victor Emilio Estrada 1219","false",,,"La Parrilla Del Ñato - Urdesa","4.4",,"https://www.google.com/maps/search/?api=1&query=La%20Parrilla%20Del%20%C3%91ato%20-%20Urdesa&query_place_id=ChIJZ-w5qBRuLZARKvJWNNOZlKo",
"Victor Emilio Estrada 1219, 090507 Guayaquil, Ecuador","Restaurante","Restaurante","12291618415396188714","Guayaquil","EC","0x902d6e14a839ec67:0xaa9499d33456f22a",,"https://lh3.googleusercontent.com/gps-cs-s/AHRPTWmIUzVJwpGT6y_wQQ_TKYbRgzO5ugvsumt9t1zWonuk6a3hjdvi8BSM03prBOmsGw6hCC9rMy2ViBaIpkI9HCjeB8TVchHmhSApUHrQYFx7ZvtNdOcKC6sHC5xlMlCM3-WwIhb0=w408-h306-k-no","false","false","/g/1vr3f6tq","es-419","0","-2.1615629","-79.9165523",,"Miraflores",,"false","ChIJZ-w5qBRuLZARKvJWNNOZlKo","090507","$10-35","Hace 2 años","2024-07-19T12:42:11.660Z",,,,,,,,,,,"Parrillada Baby",,"$25-30",,,,,,,"Consumo en el lugar","3","3","3","ChdDSUhNMG9nS0VJQ0FnSURydmRieHJnRRAB",,,,,,,,"Google",,,"0",,,"3350","2026-08-08T17:01:21.389Z","Direct Detail URL: https://www.google.com/maps/place/La+Parrilla+Del+%C3%91ato+-+Urdesa/@-2.1747534,-79.9216969,12.79z/data=!3m1!5s0x902d6d885fe9a76f:0x90560e68c111d162!4m12!1m2!2m1!1sLa+Parrilla+del+%C3%91ato!3m8!1s0x902d6e14a839ec67:0xaa9499d33456f22a!8m2!3d-2.1615629!4d-79.9165523!9m1!1b1!15sChVMYSBQYXJyaWxsYSBkZWwgw5FhdG8iA4gBAVoXIhVsYSBwYXJyaWxsYSBkZWwgw7FhdG-SAQpyZXN0YXVyYW504AEA!16s%2Fg%2F1vr3f6tq?entry=ttu&g_ep=EgoyMDI2MDgwNS4xIKXMDSoASAFQAw%3D%3D","3",,"Victor Emilio Estrada 1219","false",,,"La Parrilla Del Ñato - Urdesa","4.4",,"https://www.google.com/maps/search/?api=1&query=La%20Parrilla%20Del%20%C3%91ato%20-%20Urdesa&query_place_id=ChIJZ-w5qBRuLZARKvJWNNOZlKo",
"Victor Emilio Estrada 1219, 090507 Guayaquil, Ecuador","Restaurante","Restaurante","12291618415396188714","Guayaquil","EC","0x902d6e14a839ec67:0xaa9499d33456f22a",,"https://lh3.googleusercontent.com/gps-cs-s/AHRPTWmIUzVJwpGT6y_wQQ_TKYbRgzO5ugvsumt9t1zWonuk6a3hjdvi8BSM03prBOmsGw6hCC9rMy2ViBaIpkI9HCjeB8TVchHmhSApUHrQYFx7ZvtNdOcKC6sHC5xlMlCM3-WwIhb0=w408-h306-k-no","false","true","/g/1vr3f6tq","es-419","0","-2.1615629","-79.9165523",,"Miraflores","es","false","ChIJZ-w5qBRuLZARKvJWNNOZlKo","090507","$10-35","Editado Hace 2 años","2024-07-11T18:07:13.423Z",,,,,,,,,,,,,,,,,,,,,"3","3","4","ChZDSUhNMG9nS0VJQ0FnSUM0anVQZGFREAE",,,,,,,,"Google",,,"590",,,"3350","2026-08-08T17:01:21.389Z","Direct Detail URL: https://www.google.com/maps/place/La+Parrilla+Del+%C3%91ato+-+Urdesa/@-2.1747534,-79.9216969,12.79z/data=!3m1!5s0x902d6d885fe9a76f:0x90560e68c111d162!4m12!1m2!2m1!1sLa+Parrilla+del+%C3%91ato!3m8!1s0x902d6e14a839ec67:0xaa9499d33456f22a!8m2!3d-2.1615629!4d-79.9165523!9m1!1b1!15sChVMYSBQYXJyaWxsYSBkZWwgw5FhdG8iA4gBAVoXIhVsYSBwYXJyaWxsYSBkZWwgw7FhdG-SAQpyZXN0YXVyYW504AEA!16s%2Fg%2F1vr3f6tq?entry=ttu&g_ep=EgoyMDI2MDgwNS4xIKXMDSoASAFQAw%3D%3D","3",,"Victor Emilio Estrada 1219","false","Lugar habitual de parrilla  desmejorado al pasar los años",,"La Parrilla Del Ñato - Urdesa","4.4",,"https://www.google.com/maps/search/?api=1&query=La%20Parrilla%20Del%20%C3%91ato%20-%20Urdesa&query_place_id=ChIJZ-w5qBRuLZARKvJWNNOZlKo",
"Victor Emilio Estrada 1219, 090507 Guayaquil, Ecuador","Restaurante","Restaurante","12291618415396188714","Guayaquil","EC","0x902d6e14a839ec67:0xaa9499d33456f22a",,"https://lh3.googleusercontent.com/gps-cs-s/AHRPTWmIUzVJwpGT6y_wQQ_TKYbRgzO5ugvsumt9t1zWonuk6a3hjdvi8BSM03prBOmsGw6hCC9rMy2ViBaIpkI9HCjeB8TVchHmhSApUHrQYFx7ZvtNdOcKC6sHC5xlMlCM3-WwIhb0=w408-h306-k-no","false","true","/g/1vr3f6tq","es-419","0","-2.1615629","-79.9165523",,"Miraflores",,"false","ChIJZ-w5qBRuLZARKvJWNNOZlKo","090507","$10-35","Hace 2 años","2024-07-04T12:51:15.040Z",,,,,,,,,,,,,,,,,,,,,"4","4","4","ChdDSUhNMG9nS0VJQ0FnSUNydEtfeTVRRRAB",,,,,,,,"Google",,,"23",,,"3350","2026-08-08T17:01:21.389Z","Direct Detail URL: https://www.google.com/maps/place/La+Parrilla+Del+%C3%91ato+-+Urdesa/@-2.1747534,-79.9216969,12.79z/data=!3m1!5s0x902d6d885fe9a76f:0x90560e68c111d162!4m12!1m2!2m1!1sLa+Parrilla+del+%C3%91ato!3m8!1s0x902d6e14a839ec67:0xaa9499d33456f22a!8m2!3d-2.1615629!4d-79.9165523!9m1!1b1!15sChVMYSBQYXJyaWxsYSBkZWwgw5FhdG8iA4gBAVoXIhVsYSBwYXJyaWxsYSBkZWwgw7FhdG-SAQpyZXN0YXVyYW504AEA!16s%2Fg%2F1vr3f6tq?entry=ttu&g_ep=EgoyMDI2MDgwNS4xIKXMDSoASAFQAw%3D%3D","5",,"Victor Emilio Estrada 1219","false",,,"La Parrilla Del Ñato - Urdesa","4.4",,"https://www.google.com/maps/search/?api=1&query=La%20Parrilla%20Del%20%C3%91ato%20-%20Urdesa&query_place_id=ChIJZ-w5qBRuLZARKvJWNNOZlKo",
"Victor Emilio Estrada 1219, 090507 Guayaquil, Ecuador","Restaurante","Restaurante","12291618415396188714","Guayaquil","EC","0x902d6e14a839ec67:0xaa9499d33456f22a",,"https://lh3.googleusercontent.com/gps-cs-s/AHRPTWmIUzVJwpGT6y_wQQ_TKYbRgzO5ugvsumt9t1zWonuk6a3hjdvi8BSM03prBOmsGw6hCC9rMy2ViBaIpkI9HCjeB8TVchHmhSApUHrQYFx7ZvtNdOcKC6sHC5xlMlCM3-WwIhb0=w408-h306-k-no","false","true","/g/1vr3f6tq","es-419","0","-2.1615629","-79.9165523",,"Miraflores",,"false","ChIJZ-w5qBRuLZARKvJWNNOZlKo","090507","$10-35","Hace 2 años","2024-07-01T02:56:59.258Z",,,,,,,,,,,,,,,,,,,,,"4","5","5","ChdDSUhNMG9nS0VJQ0FnSURMcTl2eTZ3RRAB",,,,,,,,"Google",,,"25",,,"3350","2026-08-08T17:01:21.389Z","Direct Detail URL: https://www.google.com/maps/place/La+Parrilla+Del+%C3%91ato+-+Urdesa/@-2.1747534,-79.9216969,12.79z/data=!3m1!5s0x902d6d885fe9a76f:0x90560e68c111d162!4m12!1m2!2m1!1sLa+Parrilla+del+%C3%91ato!3m8!1s0x902d6e14a839ec67:0xaa9499d33456f22a!8m2!3d-2.1615629!4d-79.9165523!9m1!1b1!15sChVMYSBQYXJyaWxsYSBkZWwgw5FhdG8iA4gBAVoXIhVsYSBwYXJyaWxsYSBkZWwgw7FhdG-SAQpyZXN0YXVyYW504AEA!16s%2Fg%2F1vr3f6tq?entry=ttu&g_ep=EgoyMDI2MDgwNS4xIKXMDSoASAFQAw%3D%3D","5",,"Victor Emilio Estrada 1219","false",,,"La Parrilla Del Ñato - Urdesa","4.4",,"https://www.google.com/maps/search/?api=1&query=La%20Parrilla%20Del%20%C3%91ato%20-%20Urdesa&query_place_id=ChIJZ-w5qBRuLZARKvJWNNOZlKo",
"Victor Emilio Estrada 1219, 090507 Guayaquil, Ecuador","Restaurante","Restaurante","12291618415396188714","Guayaquil","EC","0x902d6e14a839ec67:0xaa9499d33456f22a",,"https://lh3.googleusercontent.com/gps-cs-s/AHRPTWmIUzVJwpGT6y_wQQ_TKYbRgzO5ugvsumt9t1zWonuk6a3hjdvi8BSM03prBOmsGw6hCC9rMy2ViBaIpkI9HCjeB8TVchHmhSApUHrQYFx7ZvtNdOcKC6sHC5xlMlCM3-WwIhb0=w408-h306-k-no","false","true","/g/1vr3f6tq","es-419","0","-2.1615629","-79.9165523",,"Miraflores",,"false","ChIJZ-w5qBRuLZARKvJWNNOZlKo","090507","$10-35","Hace 2 años","2024-06-26T02:20:48.818Z",,,,,,,,,,,,,,,,,,,,,"3","3","3","ChdDSUhNMG9nS0VJQ0FnSURMck42Mi13RRAB",,,,,,,,"Google",,,"8",,,"3350","2026-08-08T17:01:21.389Z","Direct Detail URL: https://www.google.com/maps/place/La+Parrilla+Del+%C3%91ato+-+Urdesa/@-2.1747534,-79.9216969,12.79z/data=!3m1!5s0x902d6d885fe9a76f:0x90560e68c111d162!4m12!1m2!2m1!1sLa+Parrilla+del+%C3%91ato!3m8!1s0x902d6e14a839ec67:0xaa9499d33456f22a!8m2!3d-2.1615629!4d-79.9165523!9m1!1b1!15sChVMYSBQYXJyaWxsYSBkZWwgw5FhdG8iA4gBAVoXIhVsYSBwYXJyaWxsYSBkZWwgw7FhdG-SAQpyZXN0YXVyYW504AEA!16s%2Fg%2F1vr3f6tq?entry=ttu&g_ep=EgoyMDI2MDgwNS4xIKXMDSoASAFQAw%3D%3D","3",,"Victor Emilio Estrada 1219","false",,,"La Parrilla Del Ñato - Urdesa","4.4",,"https://www.google.com/maps/search/?api=1&query=La%20Parrilla%20Del%20%C3%91ato%20-%20Urdesa&query_place_id=ChIJZ-w5qBRuLZARKvJWNNOZlKo",
"Victor Emilio Estrada 1219, 090507 Guayaquil, Ecuador","Restaurante","Restaurante","12291618415396188714","Guayaquil","EC","0x902d6e14a839ec67:0xaa9499d33456f22a",,"https://lh3.googleusercontent.com/gps-cs-s/AHRPTWmIUzVJwpGT6y_wQQ_TKYbRgzO5ugvsumt9t1zWonuk6a3hjdvi8BSM03prBOmsGw6hCC9rMy2ViBaIpkI9HCjeB8TVchHmhSApUHrQYFx7ZvtNdOcKC6sHC5xlMlCM3-WwIhb0=w408-h306-k-no","false","true","/g/1vr3f6tq","es-419","0","-2.1615629","-79.9165523",,"Miraflores",,"false","ChIJZ-w5qBRuLZARKvJWNNOZlKo","090507","$10-35","Hace 2 años","2024-06-24T17:54:30.287Z",,,,,,,,,,,"Parrillada Baby",,"$40-45",,,,,,"Almuerzo","Consumo en el lugar","2","4","5","ChdDSUhNMG9nS0VJQ0FnSURMa1ByamtnRRAB",,,,,,,,"Google",,,"50",,,"3350","2026-08-08T17:01:21.389Z","Direct Detail URL: https://www.google.com/maps/place/La+Parrilla+Del+%C3%91ato+-+Urdesa/@-2.1747534,-79.9216969,12.79z/data=!3m1!5s0x902d6d885fe9a76f:0x90560e68c111d162!4m12!1m2!2m1!1sLa+Parrilla+del+%C3%91ato!3m8!1s0x902d6e14a839ec67:0xaa9499d33456f22a!8m2!3d-2.1615629!4d-79.9165523!9m1!1b1!15sChVMYSBQYXJyaWxsYSBkZWwgw5FhdG8iA4gBAVoXIhVsYSBwYXJyaWxsYSBkZWwgw7FhdG-SAQpyZXN0YXVyYW504AEA!16s%2Fg%2F1vr3f6tq?entry=ttu&g_ep=EgoyMDI2MDgwNS4xIKXMDSoASAFQAw%3D%3D","5",,"Victor Emilio Estrada 1219","false",,,"La Parrilla Del Ñato - Urdesa","4.4",,"https://www.google.com/maps/search/?api=1&query=La%20Parrilla%20Del%20%C3%91ato%20-%20Urdesa&query_place_id=ChIJZ-w5qBRuLZARKvJWNNOZlKo",
"Victor Emilio Estrada 1219, 090507 Guayaquil, Ecuador","Restaurante","Restaurante","12291618415396188714","Guayaquil","EC","0x902d6e14a839ec67:0xaa9499d33456f22a",,"https://lh3.googleusercontent.com/gps-cs-s/AHRPTWmIUzVJwpGT6y_wQQ_TKYbRgzO5ugvsumt9t1zWonuk6a3hjdvi8BSM03prBOmsGw6hCC9rMy2ViBaIpkI9HCjeB8TVchHmhSApUHrQYFx7ZvtNdOcKC6sHC5xlMlCM3-WwIhb0=w408-h306-k-no","false","true","/g/1vr3f6tq","es-419","0","-2.1615629","-79.9165523",,"Miraflores",,"false","ChIJZ-w5qBRuLZARKvJWNNOZlKo","090507","$10-35","Hace 2 años","2024-06-21T21:19:39.614Z",,,,,,,,,,,,,,,,,,,,,"5","5","5","ChZDSUhNMG9nS0VJQ0FnSUNMbGRXdEtBEAE",,,,,,,,"Google",,,"20",,,"3350","2026-08-08T17:01:21.389Z","Direct Detail URL: https://www.google.com/maps/place/La+Parrilla+Del+%C3%91ato+-+Urdesa/@-2.1747534,-79.9216969,12.79z/data=!3m1!5s0x902d6d885fe9a76f:0x90560e68c111d162!4m12!1m2!2m1!1sLa+Parrilla+del+%C3%91ato!3m8!1s0x902d6e14a839ec67:0xaa9499d33456f22a!8m2!3d-2.1615629!4d-79.9165523!9m1!1b1!15sChVMYSBQYXJyaWxsYSBkZWwgw5FhdG8iA4gBAVoXIhVsYSBwYXJyaWxsYSBkZWwgw7FhdG-SAQpyZXN0YXVyYW504AEA!16s%2Fg%2F1vr3f6tq?entry=ttu&g_ep=EgoyMDI2MDgwNS4xIKXMDSoASAFQAw%3D%3D","5",,"Victor Emilio Estrada 1219","false",,,"La Parrilla Del Ñato - Urdesa","4.4",,"https://www.google.com/maps/search/?api=1&query=La%20Parrilla%20Del%20%C3%91ato%20-%20Urdesa&query_place_id=ChIJZ-w5qBRuLZARKvJWNNOZlKo",
"Victor Emilio Estrada 1219, 090507 Guayaquil, Ecuador","Restaurante","Restaurante","12291618415396188714","Guayaquil","EC","0x902d6e14a839ec67:0xaa9499d33456f22a",,"https://lh3.googleusercontent.com/gps-cs-s/AHRPTWmIUzVJwpGT6y_wQQ_TKYbRgzO5ugvsumt9t1zWonuk6a3hjdvi8BSM03prBOmsGw6hCC9rMy2ViBaIpkI9HCjeB8TVchHmhSApUHrQYFx7ZvtNdOcKC6sHC5xlMlCM3-WwIhb0=w408-h306-k-no","false","false","/g/1vr3f6tq","es-419","0","-2.1615629","-79.9165523",,"Miraflores",,"false","ChIJZ-w5qBRuLZARKvJWNNOZlKo","090507","$10-35","Hace 2 años","2024-06-21T16:24:39.748Z",,,,,,,,,,,,,,,,,,,,,,,,"ChZDSUhNMG9nS0VJQ0FnSUNMcFlDRlBBEAE",,,,,,,,"Google",,,"1",,,"3350","2026-08-08T17:01:21.389Z","Direct Detail URL: https://www.google.com/maps/place/La+Parrilla+Del+%C3%91ato+-+Urdesa/@-2.1747534,-79.9216969,12.79z/data=!3m1!5s0x902d6d885fe9a76f:0x90560e68c111d162!4m12!1m2!2m1!1sLa+Parrilla+del+%C3%91ato!3m8!1s0x902d6e14a839ec67:0xaa9499d33456f22a!8m2!3d-2.1615629!4d-79.9165523!9m1!1b1!15sChVMYSBQYXJyaWxsYSBkZWwgw5FhdG8iA4gBAVoXIhVsYSBwYXJyaWxsYSBkZWwgw7FhdG-SAQpyZXN0YXVyYW504AEA!16s%2Fg%2F1vr3f6tq?entry=ttu&g_ep=EgoyMDI2MDgwNS4xIKXMDSoASAFQAw%3D%3D","1",,"Victor Emilio Estrada 1219","false",,,"La Parrilla Del Ñato - Urdesa","4.4",,"https://www.google.com/maps/search/?api=1&query=La%20Parrilla%20Del%20%C3%91ato%20-%20Urdesa&query_place_id=ChIJZ-w5qBRuLZARKvJWNNOZlKo",
"Victor Emilio Estrada 1219, 090507 Guayaquil, Ecuador","Restaurante","Restaurante","12291618415396188714","Guayaquil","EC","0x902d6e14a839ec67:0xaa9499d33456f22a",,"https://lh3.googleusercontent.com/gps-cs-s/AHRPTWmIUzVJwpGT6y_wQQ_TKYbRgzO5ugvsumt9t1zWonuk6a3hjdvi8BSM03prBOmsGw6hCC9rMy2ViBaIpkI9HCjeB8TVchHmhSApUHrQYFx7ZvtNdOcKC6sHC5xlMlCM3-WwIhb0=w408-h306-k-no","false","false","/g/1vr3f6tq","es-419","0","-2.1615629","-79.9165523",,"Miraflores",,"false","ChIJZ-w5qBRuLZARKvJWNNOZlKo","090507","$10-35","Hace 2 años","2024-06-21T08:18:44.746Z",,,,,,,,,,,,,,,,,,,,,,,,"ChZDSUhNMG9nS0VJQ0FnSUNMMmJPU0dnEAE",,,,,,,,"Google",,,"5",,,"3350","2026-08-08T17:01:21.389Z","Direct Detail URL: https://www.google.com/maps/place/La+Parrilla+Del+%C3%91ato+-+Urdesa/@-2.1747534,-79.9216969,12.79z/data=!3m1!5s0x902d6d885fe9a76f:0x90560e68c111d162!4m12!1m2!2m1!1sLa+Parrilla+del+%C3%91ato!3m8!1s0x902d6e14a839ec67:0xaa9499d33456f22a!8m2!3d-2.1615629!4d-79.9165523!9m1!1b1!15sChVMYSBQYXJyaWxsYSBkZWwgw5FhdG8iA4gBAVoXIhVsYSBwYXJyaWxsYSBkZWwgw7FhdG-SAQpyZXN0YXVyYW504AEA!16s%2Fg%2F1vr3f6tq?entry=ttu&g_ep=EgoyMDI2MDgwNS4xIKXMDSoASAFQAw%3D%3D","5",,"Victor Emilio Estrada 1219","false",,,"La Parrilla Del Ñato - Urdesa","4.4",,"https://www.google.com/maps/search/?api=1&query=La%20Parrilla%20Del%20%C3%91ato%20-%20Urdesa&query_place_id=ChIJZ-w5qBRuLZARKvJWNNOZlKo",
"Victor Emilio Estrada 1219, 090507 Guayaquil, Ecuador","Restaurante","Restaurante","12291618415396188714","Guayaquil","EC","0x902d6e14a839ec67:0xaa9499d33456f22a",,"https://lh3.googleusercontent.com/gps-cs-s/AHRPTWmIUzVJwpGT6y_wQQ_TKYbRgzO5ugvsumt9t1zWonuk6a3hjdvi8BSM03prBOmsGw6hCC9rMy2ViBaIpkI9HCjeB8TVchHmhSApUHrQYFx7ZvtNdOcKC6sHC5xlMlCM3-WwIhb0=w408-h306-k-no","false","true","/g/1vr3f6tq","es-419","0","-2.1615629","-79.9165523",,"Miraflores","es","false","ChIJZ-w5qBRuLZARKvJWNNOZlKo","090507","$10-35","Editado Hace 2 años","2024-06-15T22:08:45.901Z",,,,,,,,,,,"Ricas Ensaladas, Jarra de Sangría, Parrilla Doble Para 4 Personas Con Cerdo Carne Y Morcilla, Medio Metro de Pizza, Cortesía Pan de Ajo Con Salsas de la Casa",,"$45-50",,,,,,"Almuerzo","Consumo en el lugar","5","5","5","ChdDSUhNMG9nS0VJQ0FnSUNzcVptT3VnRRAB",,,,,,,,"Google",,,"179",,,"3350","2026-08-08T17:01:21.389Z","Direct Detail URL: https://www.google.com/maps/place/La+Parrilla+Del+%C3%91ato+-+Urdesa/@-2.1747534,-79.9216969,12.79z/data=!3m1!5s0x902d6d885fe9a76f:0x90560e68c111d162!4m12!1m2!2m1!1sLa+Parrilla+del+%C3%91ato!3m8!1s0x902d6e14a839ec67:0xaa9499d33456f22a!8m2!3d-2.1615629!4d-79.9165523!9m1!1b1!15sChVMYSBQYXJyaWxsYSBkZWwgw5FhdG8iA4gBAVoXIhVsYSBwYXJyaWxsYSBkZWwgw7FhdG-SAQpyZXN0YXVyYW504AEA!16s%2Fg%2F1vr3f6tq?entry=ttu&g_ep=EgoyMDI2MDgwNS4xIKXMDSoASAFQAw%3D%3D","5",,"Victor Emilio Estrada 1219","false","Deliciosa su parrilla y la sangría",,"La Parrilla Del Ñato - Urdesa","4.4",,"https://www.google.com/maps/search/?api=1&query=La%20Parrilla%20Del%20%C3%91ato%20-%20Urdesa&query_place_id=ChIJZ-w5qBRuLZARKvJWNNOZlKo",
"Victor Emilio Estrada 1219, 090507 Guayaquil, Ecuador","Restaurante","Restaurante","12291618415396188714","Guayaquil","EC","0x902d6e14a839ec67:0xaa9499d33456f22a",,"https://lh3.googleusercontent.com/gps-cs-s/AHRPTWmIUzVJwpGT6y_wQQ_TKYbRgzO5ugvsumt9t1zWonuk6a3hjdvi8BSM03prBOmsGw6hCC9rMy2ViBaIpkI9HCjeB8TVchHmhSApUHrQYFx7ZvtNdOcKC6sHC5xlMlCM3-WwIhb0=w408-h306-k-no","false","true","/g/1vr3f6tq","es-419","0","-2.1615629","-79.9165523",,"Miraflores",,"false","ChIJZ-w5qBRuLZARKvJWNNOZlKo","090507","$10-35","Hace 2 años","2024-06-13T01:38:19.612Z",,,,,,,,,,,,,,,,,,,,,,,,"ChdDSUhNMG9nS0VJQ0FnSUR6NTV5RjhBRRAB",,,,,,,,"Google",,,"40",,,"3350","2026-08-08T17:01:21.389Z","Direct Detail URL: https://www.google.com/maps/place/La+Parrilla+Del+%C3%91ato+-+Urdesa/@-2.1747534,-79.9216969,12.79z/data=!3m1!5s0x902d6d885fe9a76f:0x90560e68c111d162!4m12!1m2!2m1!1sLa+Parrilla+del+%C3%91ato!3m8!1s0x902d6e14a839ec67:0xaa9499d33456f22a!8m2!3d-2.1615629!4d-79.9165523!9m1!1b1!15sChVMYSBQYXJyaWxsYSBkZWwgw5FhdG8iA4gBAVoXIhVsYSBwYXJyaWxsYSBkZWwgw7FhdG-SAQpyZXN0YXVyYW504AEA!16s%2Fg%2F1vr3f6tq?entry=ttu&g_ep=EgoyMDI2MDgwNS4xIKXMDSoASAFQAw%3D%3D","3",,"Victor Emilio Estrada 1219","false",,,"La Parrilla Del Ñato - Urdesa","4.4",,"https://www.google.com/maps/search/?api=1&query=La%20Parrilla%20Del%20%C3%91ato%20-%20Urdesa&query_place_id=ChIJZ-w5qBRuLZARKvJWNNOZlKo",
"Victor Emilio Estrada 1219, 090507 Guayaquil, Ecuador","Restaurante","Restaurante","12291618415396188714","Guayaquil","EC","0x902d6e14a839ec67:0xaa9499d33456f22a",,"https://lh3.googleusercontent.com/gps-cs-s/AHRPTWmIUzVJwpGT6y_wQQ_TKYbRgzO5ugvsumt9t1zWonuk6a3hjdvi8BSM03prBOmsGw6hCC9rMy2ViBaIpkI9HCjeB8TVchHmhSApUHrQYFx7ZvtNdOcKC6sHC5xlMlCM3-WwIhb0=w408-h306-k-no","false","true","/g/1vr3f6tq","es-419","0","-2.1615629","-79.9165523",,"Miraflores",,"false","ChIJZ-w5qBRuLZARKvJWNNOZlKo","090507","$10-35","Hace 2 años","2024-06-11T12:13:42.750Z",,,,,"Vas a tardar en estacionar",,,,,"Estacionamiento pagado en la calle",,,"$5-10",,,,,,"Cena","Consumo en el lugar","4","3","5","ChZDSUhNMG9nS0VJQ0FnSUR6amNtOUZnEAE",,,,,,,,"Google",,,"43",,,"3350","2026-08-08T17:01:21.389Z","Direct Detail URL: https://www.google.com/maps/place/La+Parrilla+Del+%C3%91ato+-+Urdesa/@-2.1747534,-79.9216969,12.79z/data=!3m1!5s0x902d6d885fe9a76f:0x90560e68c111d162!4m12!1m2!2m1!1sLa+Parrilla+del+%C3%91ato!3m8!1s0x902d6e14a839ec67:0xaa9499d33456f22a!8m2!3d-2.1615629!4d-79.9165523!9m1!1b1!15sChVMYSBQYXJyaWxsYSBkZWwgw5FhdG8iA4gBAVoXIhVsYSBwYXJyaWxsYSBkZWwgw7FhdG-SAQpyZXN0YXVyYW504AEA!16s%2Fg%2F1vr3f6tq?entry=ttu&g_ep=EgoyMDI2MDgwNS4xIKXMDSoASAFQAw%3D%3D","4",,"Victor Emilio Estrada 1219","false",,,"La Parrilla Del Ñato - Urdesa","4.4",,"https://www.google.com/maps/search/?api=1&query=La%20Parrilla%20Del%20%C3%91ato%20-%20Urdesa&query_place_id=ChIJZ-w5qBRuLZARKvJWNNOZlKo",
"Victor Emilio Estrada 1219, 090507 Guayaquil, Ecuador","Restaurante","Restaurante","12291618415396188714","Guayaquil","EC","0x902d6e14a839ec67:0xaa9499d33456f22a",,"https://lh3.googleusercontent.com/gps-cs-s/AHRPTWmIUzVJwpGT6y_wQQ_TKYbRgzO5ugvsumt9t1zWonuk6a3hjdvi8BSM03prBOmsGw6hCC9rMy2ViBaIpkI9HCjeB8TVchHmhSApUHrQYFx7ZvtNdOcKC6sHC5xlMlCM3-WwIhb0=w408-h306-k-no","false","true","/g/1vr3f6tq","es-419","0","-2.1615629","-79.9165523",,"Miraflores",,"false","ChIJZ-w5qBRuLZARKvJWNNOZlKo","090507","$10-35","Hace 2 años","2024-06-03T16:59:05.248Z",,,,,,,,,,,"Ricas Ensaladas, Jarra de Sangría, Parrillada Completa",,"Más de $50",,,,,,"Cena","Consumo en el lugar",,,,"ChdDSUhNMG9nS0VJQ0FnSUN6NVpQVmh3RRAB",,,,,,,,"Google",,,"12",,,"3350","2026-08-08T17:01:21.389Z","Direct Detail URL: https://www.google.com/maps/place/La+Parrilla+Del+%C3%91ato+-+Urdesa/@-2.1747534,-79.9216969,12.79z/data=!3m1!5s0x902d6d885fe9a76f:0x90560e68c111d162!4m12!1m2!2m1!1sLa+Parrilla+del+%C3%91ato!3m8!1s0x902d6e14a839ec67:0xaa9499d33456f22a!8m2!3d-2.1615629!4d-79.9165523!9m1!1b1!15sChVMYSBQYXJyaWxsYSBkZWwgw5FhdG8iA4gBAVoXIhVsYSBwYXJyaWxsYSBkZWwgw7FhdG-SAQpyZXN0YXVyYW504AEA!16s%2Fg%2F1vr3f6tq?entry=ttu&g_ep=EgoyMDI2MDgwNS4xIKXMDSoASAFQAw%3D%3D","5",,"Victor Emilio Estrada 1219","false",,,"La Parrilla Del Ñato - Urdesa","4.4",,"https://www.google.com/maps/search/?api=1&query=La%20Parrilla%20Del%20%C3%91ato%20-%20Urdesa&query_place_id=ChIJZ-w5qBRuLZARKvJWNNOZlKo",
"Victor Emilio Estrada 1219, 090507 Guayaquil, Ecuador","Restaurante","Restaurante","12291618415396188714","Guayaquil","EC","0x902d6e14a839ec67:0xaa9499d33456f22a",,"https://lh3.googleusercontent.com/gps-cs-s/AHRPTWmIUzVJwpGT6y_wQQ_TKYbRgzO5ugvsumt9t1zWonuk6a3hjdvi8BSM03prBOmsGw6hCC9rMy2ViBaIpkI9HCjeB8TVchHmhSApUHrQYFx7ZvtNdOcKC6sHC5xlMlCM3-WwIhb0=w408-h306-k-no","false","true","/g/1vr3f6tq","es-419","0","-2.1615629","-79.9165523",,"Miraflores","es","false","ChIJZ-w5qBRuLZARKvJWNNOZlKo","090507","$10-35","Hace 2 años","2024-06-02T12:50:58.665Z",,,,,,,,,,,,,,,,,,,,,"4","5","5","ChZDSUhNMG9nS0VJQ0FnSUN6X3JXaE13EAE",,,,,,,,"Google",,,"13",,,"3350","2026-08-08T17:01:21.389Z","Direct Detail URL: https://www.google.com/maps/place/La+Parrilla+Del+%C3%91ato+-+Urdesa/@-2.1747534,-79.9216969,12.79z/data=!3m1!5s0x902d6d885fe9a76f:0x90560e68c111d162!4m12!1m2!2m1!1sLa+Parrilla+del+%C3%91ato!3m8!1s0x902d6e14a839ec67:0xaa9499d33456f22a!8m2!3d-2.1615629!4d-79.9165523!9m1!1b1!15sChVMYSBQYXJyaWxsYSBkZWwgw5FhdG8iA4gBAVoXIhVsYSBwYXJyaWxsYSBkZWwgw7FhdG-SAQpyZXN0YXVyYW504AEA!16s%2Fg%2F1vr3f6tq?entry=ttu&g_ep=EgoyMDI2MDgwNS4xIKXMDSoASAFQAw%3D%3D","5",,"Victor Emilio Estrada 1219","false","Lugar muy acogedor, con una muy buena atención y unas carnes super deliciosas, super recomendado 👏",,"La Parrilla Del Ñato - Urdesa","4.4",,"https://www.google.com/maps/search/?api=1&query=La%20Parrilla%20Del%20%C3%91ato%20-%20Urdesa&query_place_id=ChIJZ-w5qBRuLZARKvJWNNOZlKo",
"Victor Emilio Estrada 1219, 090507 Guayaquil, Ecuador","Restaurante","Restaurante","12291618415396188714","Guayaquil","EC","0x902d6e14a839ec67:0xaa9499d33456f22a",,"https://lh3.googleusercontent.com/gps-cs-s/AHRPTWmIUzVJwpGT6y_wQQ_TKYbRgzO5ugvsumt9t1zWonuk6a3hjdvi8BSM03prBOmsGw6hCC9rMy2ViBaIpkI9HCjeB8TVchHmhSApUHrQYFx7ZvtNdOcKC6sHC5xlMlCM3-WwIhb0=w408-h306-k-no","false","false","/g/1vr3f6tq","es-419","0","-2.1615629","-79.9165523",,"Miraflores","es","false","ChIJZ-w5qBRuLZARKvJWNNOZlKo","090507","$10-35","Hace 2 años","2024-05-29T17:43:28.934Z",,,,,,,,,,,,,,,,,,,,"Consumo en el lugar","5","5","5","ChZDSUhNMG9nS0VJQ0FnSUN6d01Ea0J3EAE",,,,,,,,"Google",,,"1",,,"3350","2026-08-08T17:01:21.389Z","Direct Detail URL: https://www.google.com/maps/place/La+Parrilla+Del+%C3%91ato+-+Urdesa/@-2.1747534,-79.9216969,12.79z/data=!3m1!5s0x902d6d885fe9a76f:0x90560e68c111d162!4m12!1m2!2m1!1sLa+Parrilla+del+%C3%91ato!3m8!1s0x902d6e14a839ec67:0xaa9499d33456f22a!8m2!3d-2.1615629!4d-79.9165523!9m1!1b1!15sChVMYSBQYXJyaWxsYSBkZWwgw5FhdG8iA4gBAVoXIhVsYSBwYXJyaWxsYSBkZWwgw7FhdG-SAQpyZXN0YXVyYW504AEA!16s%2Fg%2F1vr3f6tq?entry=ttu&g_ep=EgoyMDI2MDgwNS4xIKXMDSoASAFQAw%3D%3D","5",,"Victor Emilio Estrada 1219","false","Sumamente espectacular La Comida, la atención Muy Buena y el ambiente esputendo 😎💯",,"La Parrilla Del Ñato - Urdesa","4.4",,"https://www.google.com/maps/search/?api=1&query=La%20Parrilla%20Del%20%C3%91ato%20-%20Urdesa&query_place_id=ChIJZ-w5qBRuLZARKvJWNNOZlKo",
"Victor Emilio Estrada 1219, 090507 Guayaquil, Ecuador","Restaurante","Restaurante","12291618415396188714","Guayaquil","EC","0x902d6e14a839ec67:0xaa9499d33456f22a",,"https://lh3.googleusercontent.com/gps-cs-s/AHRPTWmIUzVJwpGT6y_wQQ_TKYbRgzO5ugvsumt9t1zWonuk6a3hjdvi8BSM03prBOmsGw6hCC9rMy2ViBaIpkI9HCjeB8TVchHmhSApUHrQYFx7ZvtNdOcKC6sHC5xlMlCM3-WwIhb0=w408-h306-k-no","false","true","/g/1vr3f6tq","es-419","0","-2.1615629","-79.9165523",,"Miraflores",,"false","ChIJZ-w5qBRuLZARKvJWNNOZlKo","090507","$10-35","Hace 2 años","2024-05-28T14:29:47.366Z",,,,,,,,,,,,,"Más de $50",,,,,,"Cena","Consumo en el lugar",,,,"ChdDSUhNMG9nS0VJQ0FnSURULTlUX2lBRRAB",,,,,,,,"Google",,,"126",,,"3350","2026-08-08T17:01:21.389Z","Direct Detail URL: https://www.google.com/maps/place/La+Parrilla+Del+%C3%91ato+-+Urdesa/@-2.1747534,-79.9216969,12.79z/data=!3m1!5s0x902d6d885fe9a76f:0x90560e68c111d162!4m12!1m2!2m1!1sLa+Parrilla+del+%C3%91ato!3m8!1s0x902d6e14a839ec67:0xaa9499d33456f22a!8m2!3d-2.1615629!4d-79.9165523!9m1!1b1!15sChVMYSBQYXJyaWxsYSBkZWwgw5FhdG8iA4gBAVoXIhVsYSBwYXJyaWxsYSBkZWwgw7FhdG-SAQpyZXN0YXVyYW504AEA!16s%2Fg%2F1vr3f6tq?entry=ttu&g_ep=EgoyMDI2MDgwNS4xIKXMDSoASAFQAw%3D%3D","5",,"Victor Emilio Estrada 1219","false",,,"La Parrilla Del Ñato - Urdesa","4.4",,"https://www.google.com/maps/search/?api=1&query=La%20Parrilla%20Del%20%C3%91ato%20-%20Urdesa&query_place_id=ChIJZ-w5qBRuLZARKvJWNNOZlKo",
"Victor Emilio Estrada 1219, 090507 Guayaquil, Ecuador","Restaurante","Restaurante","12291618415396188714","Guayaquil","EC","0x902d6e14a839ec67:0xaa9499d33456f22a",,"https://lh3.googleusercontent.com/gps-cs-s/AHRPTWmIUzVJwpGT6y_wQQ_TKYbRgzO5ugvsumt9t1zWonuk6a3hjdvi8BSM03prBOmsGw6hCC9rMy2ViBaIpkI9HCjeB8TVchHmhSApUHrQYFx7ZvtNdOcKC6sHC5xlMlCM3-WwIhb0=w408-h306-k-no","false","false","/g/1vr3f6tq","es-419","0","-2.1615629","-79.9165523",,"Miraflores",,"false","ChIJZ-w5qBRuLZARKvJWNNOZlKo","090507","$10-35","Hace 2 años","2024-05-22T01:48:03.156Z",,,,,,,,,,,,,"$30-35",,,,,,"Cena","Consumo en el lugar","3","3","4","ChdDSUhNMG9nS0VJQ0FnSURUcUlfaTZBRRAB",,,,,,,,"Google",,,"1",,,"3350","2026-08-08T17:01:21.389Z","Direct Detail URL: https://www.google.com/maps/place/La+Parrilla+Del+%C3%91ato+-+Urdesa/@-2.1747534,-79.9216969,12.79z/data=!3m1!5s0x902d6d885fe9a76f:0x90560e68c111d162!4m12!1m2!2m1!1sLa+Parrilla+del+%C3%91ato!3m8!1s0x902d6e14a839ec67:0xaa9499d33456f22a!8m2!3d-2.1615629!4d-79.9165523!9m1!1b1!15sChVMYSBQYXJyaWxsYSBkZWwgw5FhdG8iA4gBAVoXIhVsYSBwYXJyaWxsYSBkZWwgw7FhdG-SAQpyZXN0YXVyYW504AEA!16s%2Fg%2F1vr3f6tq?entry=ttu&g_ep=EgoyMDI2MDgwNS4xIKXMDSoASAFQAw%3D%3D","4",,"Victor Emilio Estrada 1219","false",,,"La Parrilla Del Ñato - Urdesa","4.4",,"https://www.google.com/maps/search/?api=1&query=La%20Parrilla%20Del%20%C3%91ato%20-%20Urdesa&query_place_id=ChIJZ-w5qBRuLZARKvJWNNOZlKo",
"Victor Emilio Estrada 1219, 090507 Guayaquil, Ecuador","Restaurante","Restaurante","12291618415396188714","Guayaquil","EC","0x902d6e14a839ec67:0xaa9499d33456f22a",,"https://lh3.googleusercontent.com/gps-cs-s/AHRPTWmIUzVJwpGT6y_wQQ_TKYbRgzO5ugvsumt9t1zWonuk6a3hjdvi8BSM03prBOmsGw6hCC9rMy2ViBaIpkI9HCjeB8TVchHmhSApUHrQYFx7ZvtNdOcKC6sHC5xlMlCM3-WwIhb0=w408-h306-k-no","false","true","/g/1vr3f6tq","es-419","0","-2.1615629","-79.9165523",,"Miraflores",,"false","ChIJZ-w5qBRuLZARKvJWNNOZlKo","090507","$10-35","Hace 2 años","2024-05-21T04:57:58.510Z",,,,,,,,,,,,,,,,,,,,,"5","5","5","ChdDSUhNMG9nS0VJQ0FnSURUZ1ByXzNnRRAB",,,,,,,,"Google",,,"37",,,"3350","2026-08-08T17:01:21.389Z","Direct Detail URL: https://www.google.com/maps/place/La+Parrilla+Del+%C3%91ato+-+Urdesa/@-2.1747534,-79.9216969,12.79z/data=!3m1!5s0x902d6d885fe9a76f:0x90560e68c111d162!4m12!1m2!2m1!1sLa+Parrilla+del+%C3%91ato!3m8!1s0x902d6e14a839ec67:0xaa9499d33456f22a!8m2!3d-2.1615629!4d-79.9165523!9m1!1b1!15sChVMYSBQYXJyaWxsYSBkZWwgw5FhdG8iA4gBAVoXIhVsYSBwYXJyaWxsYSBkZWwgw7FhdG-SAQpyZXN0YXVyYW504AEA!16s%2Fg%2F1vr3f6tq?entry=ttu&g_ep=EgoyMDI2MDgwNS4xIKXMDSoASAFQAw%3D%3D","5",,"Victor Emilio Estrada 1219","false",,,"La Parrilla Del Ñato - Urdesa","4.4",,"https://www.google.com/maps/search/?api=1&query=La%20Parrilla%20Del%20%C3%91ato%20-%20Urdesa&query_place_id=ChIJZ-w5qBRuLZARKvJWNNOZlKo",
"Victor Emilio Estrada 1219, 090507 Guayaquil, Ecuador","Restaurante","Restaurante","12291618415396188714","Guayaquil","EC","0x902d6e14a839ec67:0xaa9499d33456f22a",,"https://lh3.googleusercontent.com/gps-cs-s/AHRPTWmIUzVJwpGT6y_wQQ_TKYbRgzO5ugvsumt9t1zWonuk6a3hjdvi8BSM03prBOmsGw6hCC9rMy2ViBaIpkI9HCjeB8TVchHmhSApUHrQYFx7ZvtNdOcKC6sHC5xlMlCM3-WwIhb0=w408-h306-k-no","false","true","/g/1vr3f6tq","es-419","0","-2.1615629","-79.9165523",,"Miraflores","es","false","ChIJZ-w5qBRuLZARKvJWNNOZlKo","090507","$10-35","Hace 2 años","2024-05-18T05:16:39.969Z",,,,,"Es un poco difícil encontrar estacionamiento",,,,,"Estacionamiento pagado",,,"Más de $50",,,,,,"Otro","Consumo en el lugar","4","5","5","ChdDSUhNMG9nS0VJQ0FnSUNUM2QybXJBRRAB",,,,,,,,"Google",,,"48",,,"3350","2026-08-08T17:01:21.389Z","Direct Detail URL: https://www.google.com/maps/place/La+Parrilla+Del+%C3%91ato+-+Urdesa/@-2.1747534,-79.9216969,12.79z/data=!3m1!5s0x902d6d885fe9a76f:0x90560e68c111d162!4m12!1m2!2m1!1sLa+Parrilla+del+%C3%91ato!3m8!1s0x902d6e14a839ec67:0xaa9499d33456f22a!8m2!3d-2.1615629!4d-79.9165523!9m1!1b1!15sChVMYSBQYXJyaWxsYSBkZWwgw5FhdG8iA4gBAVoXIhVsYSBwYXJyaWxsYSBkZWwgw7FhdG-SAQpyZXN0YXVyYW504AEA!16s%2Fg%2F1vr3f6tq?entry=ttu&g_ep=EgoyMDI2MDgwNS4xIKXMDSoASAFQAw%3D%3D","5",,"Victor Emilio Estrada 1219","false","La comida es deliciosa tiene su sabor de siempre, su carne de calidad, servicio el mesero muy amable 10 de 10",,"La Parrilla Del Ñato - Urdesa","4.4",,"https://www.google.com/maps/search/?api=1&query=La%20Parrilla%20Del%20%C3%91ato%20-%20Urdesa&query_place_id=ChIJZ-w5qBRuLZARKvJWNNOZlKo",
"Victor Emilio Estrada 1219, 090507 Guayaquil, Ecuador","Restaurante","Restaurante","12291618415396188714","Guayaquil","EC","0x902d6e14a839ec67:0xaa9499d33456f22a",,"https://lh3.googleusercontent.com/gps-cs-s/AHRPTWmIUzVJwpGT6y_wQQ_TKYbRgzO5ugvsumt9t1zWonuk6a3hjdvi8BSM03prBOmsGw6hCC9rMy2ViBaIpkI9HCjeB8TVchHmhSApUHrQYFx7ZvtNdOcKC6sHC5xlMlCM3-WwIhb0=w408-h306-k-no","false","true","/g/1vr3f6tq","es-419","0","-2.1615629","-79.9165523",,"Miraflores","es","false","ChIJZ-w5qBRuLZARKvJWNNOZlKo","090507","$10-35","Editado Hace 2 años","2024-05-15T16:07:05.958Z",,,,,,,,,,,,,"$10-15",,,,,,"Otro","Consumo en el lugar","5","5","5","ChdDSUhNMG9nS0VJQ0FnSUNhODg2andRRRAB",,,,,,,,"Google",,,"25",,,"3350","2026-08-08T17:01:21.389Z","Direct Detail URL: https://www.google.com/maps/place/La+Parrilla+Del+%C3%91ato+-+Urdesa/@-2.1747534,-79.9216969,12.79z/data=!3m1!5s0x902d6d885fe9a76f:0x90560e68c111d162!4m12!1m2!2m1!1sLa+Parrilla+del+%C3%91ato!3m8!1s0x902d6e14a839ec67:0xaa9499d33456f22a!8m2!3d-2.1615629!4d-79.9165523!9m1!1b1!15sChVMYSBQYXJyaWxsYSBkZWwgw5FhdG8iA4gBAVoXIhVsYSBwYXJyaWxsYSBkZWwgw7FhdG-SAQpyZXN0YXVyYW504AEA!16s%2Fg%2F1vr3f6tq?entry=ttu&g_ep=EgoyMDI2MDgwNS4xIKXMDSoASAFQAw%3D%3D","5",,"Victor Emilio Estrada 1219","false","Amo la atracción de los meseros y amo mucho su parrillada ❤️ todo es rico..",,"La Parrilla Del Ñato - Urdesa","4.4",,"https://www.google.com/maps/search/?api=1&query=La%20Parrilla%20Del%20%C3%91ato%20-%20Urdesa&query_place_id=ChIJZ-w5qBRuLZARKvJWNNOZlKo",
"Victor Emilio Estrada 1219, 090507 Guayaquil, Ecuador","Restaurante","Restaurante","12291618415396188714","Guayaquil","EC","0x902d6e14a839ec67:0xaa9499d33456f22a",,"https://lh3.googleusercontent.com/gps-cs-s/AHRPTWmIUzVJwpGT6y_wQQ_TKYbRgzO5ugvsumt9t1zWonuk6a3hjdvi8BSM03prBOmsGw6hCC9rMy2ViBaIpkI9HCjeB8TVchHmhSApUHrQYFx7ZvtNdOcKC6sHC5xlMlCM3-WwIhb0=w408-h306-k-no","false","true","/g/1vr3f6tq","es-419","0","-2.1615629","-79.9165523",,"Miraflores",,"false","ChIJZ-w5qBRuLZARKvJWNNOZlKo","090507","$10-35","Hace 2 años","2024-05-14T11:43:30.278Z",,,,,,,,,,,,,,,,,,,,,,,,"ChZDSUhNMG9nS0VJQ0FnSUNUbHNfRlJREAE",,,,,,,,"Google",,,"1",,,"3350","2026-08-08T17:01:21.389Z","Direct Detail URL: https://www.google.com/maps/place/La+Parrilla+Del+%C3%91ato+-+Urdesa/@-2.1747534,-79.9216969,12.79z/data=!3m1!5s0x902d6d885fe9a76f:0x90560e68c111d162!4m12!1m2!2m1!1sLa+Parrilla+del+%C3%91ato!3m8!1s0x902d6e14a839ec67:0xaa9499d33456f22a!8m2!3d-2.1615629!4d-79.9165523!9m1!1b1!15sChVMYSBQYXJyaWxsYSBkZWwgw5FhdG8iA4gBAVoXIhVsYSBwYXJyaWxsYSBkZWwgw7FhdG-SAQpyZXN0YXVyYW504AEA!16s%2Fg%2F1vr3f6tq?entry=ttu&g_ep=EgoyMDI2MDgwNS4xIKXMDSoASAFQAw%3D%3D","4",,"Victor Emilio Estrada 1219","false",,,"La Parrilla Del Ñato - Urdesa","4.4",,"https://www.google.com/maps/search/?api=1&query=La%20Parrilla%20Del%20%C3%91ato%20-%20Urdesa&query_place_id=ChIJZ-w5qBRuLZARKvJWNNOZlKo",
"Victor Emilio Estrada 1219, 090507 Guayaquil, Ecuador","Restaurante","Restaurante","12291618415396188714","Guayaquil","EC","0x902d6e14a839ec67:0xaa9499d33456f22a",,"https://lh3.googleusercontent.com/gps-cs-s/AHRPTWmIUzVJwpGT6y_wQQ_TKYbRgzO5ugvsumt9t1zWonuk6a3hjdvi8BSM03prBOmsGw6hCC9rMy2ViBaIpkI9HCjeB8TVchHmhSApUHrQYFx7ZvtNdOcKC6sHC5xlMlCM3-WwIhb0=w408-h306-k-no","false","true","/g/1vr3f6tq","es-419","0","-2.1615629","-79.9165523",,"Miraflores","es","false","ChIJZ-w5qBRuLZARKvJWNNOZlKo","090507","$10-35","Editado Hace 2 años","2024-05-13T16:47:31.561Z",,,,,"Es un poco difícil encontrar estacionamiento",,,,,,"Pizza Ñato",,"$5-10",,,,,,"Almuerzo","Consumo en el lugar","4","5","4","ChdDSUhNMG9nS0VJQ0FnSUNUN09HTHl3RRAB",,,,,,,,"Google",,,"144",,,"3350","2026-08-08T17:01:21.389Z","Direct Detail URL: https://www.google.com/maps/place/La+Parrilla+Del+%C3%91ato+-+Urdesa/@-2.1747534,-79.9216969,12.79z/data=!3m1!5s0x902d6d885fe9a76f:0x90560e68c111d162!4m12!1m2!2m1!1sLa+Parrilla+del+%C3%91ato!3m8!1s0x902d6e14a839ec67:0xaa9499d33456f22a!8m2!3d-2.1615629!4d-79.9165523!9m1!1b1!15sChVMYSBQYXJyaWxsYSBkZWwgw5FhdG8iA4gBAVoXIhVsYSBwYXJyaWxsYSBkZWwgw7FhdG-SAQpyZXN0YXVyYW504AEA!16s%2Fg%2F1vr3f6tq?entry=ttu&g_ep=EgoyMDI2MDgwNS4xIKXMDSoASAFQAw%3D%3D","5",,"Victor Emilio Estrada 1219","false","Sugiero ofrezcan pizzas con otros tipos de quesos aparte de mozarella",,"La Parrilla Del Ñato - Urdesa","4.4",,"https://www.google.com/maps/search/?api=1&query=La%20Parrilla%20Del%20%C3%91ato%20-%20Urdesa&query_place_id=ChIJZ-w5qBRuLZARKvJWNNOZlKo",
"Victor Emilio Estrada 1219, 090507 Guayaquil, Ecuador","Restaurante","Restaurante","12291618415396188714","Guayaquil","EC","0x902d6e14a839ec67:0xaa9499d33456f22a",,"https://lh3.googleusercontent.com/gps-cs-s/AHRPTWmIUzVJwpGT6y_wQQ_TKYbRgzO5ugvsumt9t1zWonuk6a3hjdvi8BSM03prBOmsGw6hCC9rMy2ViBaIpkI9HCjeB8TVchHmhSApUHrQYFx7ZvtNdOcKC6sHC5xlMlCM3-WwIhb0=w408-h306-k-no","false","true","/g/1vr3f6tq","es-419","0","-2.1615629","-79.9165523",,"Miraflores",,"false","ChIJZ-w5qBRuLZARKvJWNNOZlKo","090507","$10-35","Hace 2 años","2024-05-11T00:14:27.831Z",,,,,,,,,,,,,"Más de $50",,,,,,,,"5","3","3","ChZDSUhNMG9nS0VJQ0FnSUNULUwzLVR3EAE","https://lh3.googleusercontent.com/grass-cs/ACvplmO6xt0h6KASuwRrVEWdycSYVWIFQFI0NvADOF0rRvotqhSLd9hCH1gZVLn9d0TWgqihVT-sP1KxXjyoYnNc0YX1UXyBcLHiolo8jd4ipFfTwKAId668KsymhmhYy5DT06Cs2PAs=k-no","https://lh3.googleusercontent.com/grass-cs/ACvplmPDyrLuW4luFMzMdgSbITOEEaxtpdiVr7Jc5Ucu1X_4rsDGhF-rXQ6Cr6azRdzlSiwSU5buDyvZrz7MpKKMQuBl0I8vaBRDtaJImCFFlqP4rVAlpxRj5lxMZ1XsXbQiotFirBDtyg=k-no","https://lh3.googleusercontent.com/grass-cs/ACvplmPgo1SvFsJAKJBHrAZDseSo8pz5wnDe4ubFo06-r6eOw13z5ABLzGaboVcy-5Eta7Omli6KZkkanQDno026vsF1PBN5kTeuuDM9A5Y71IPrGwf98Oq7WqKt4BwFpXFc-o2Li2YT=k-no","https://lh3.googleusercontent.com/grass-cs/ACvplmNtcE_El3yAXLI1tOj3CcQIzlkp7cWUy_5qghG8zzhTSpCe_XNUU31_lPNu33uuQWLretQ2aOlbwwRBjtZ0rrjUXf_nwPCLwE_lwONpDMIqfa54EbbsdWawTWNR-RUUk6EK7uVUVw=k-no","https://lh3.googleusercontent.com/grass-cs/ACvplmMsXz3zQgtoVpmcgrZKco5jxiK8XySnADg6JUld4Gl2Dns8qq14I0PX5JLkqD298lxkMj-soC9G5wGq26TcFKzH36IhYI49W0SNWjBbhM9rmhaMnknle-6W6v5dvr9A3tml3Nw=k-no",,,"Google",,,"10",,,"3350","2026-08-08T17:01:21.389Z","Direct Detail URL: https://www.google.com/maps/place/La+Parrilla+Del+%C3%91ato+-+Urdesa/@-2.1747534,-79.9216969,12.79z/data=!3m1!5s0x902d6d885fe9a76f:0x90560e68c111d162!4m12!1m2!2m1!1sLa+Parrilla+del+%C3%91ato!3m8!1s0x902d6e14a839ec67:0xaa9499d33456f22a!8m2!3d-2.1615629!4d-79.9165523!9m1!1b1!15sChVMYSBQYXJyaWxsYSBkZWwgw5FhdG8iA4gBAVoXIhVsYSBwYXJyaWxsYSBkZWwgw7FhdG-SAQpyZXN0YXVyYW504AEA!16s%2Fg%2F1vr3f6tq?entry=ttu&g_ep=EgoyMDI2MDgwNS4xIKXMDSoASAFQAw%3D%3D","5",,"Victor Emilio Estrada 1219","false",,,"La Parrilla Del Ñato - Urdesa","4.4",,"https://www.google.com/maps/search/?api=1&query=La%20Parrilla%20Del%20%C3%91ato%20-%20Urdesa&query_place_id=ChIJZ-w5qBRuLZARKvJWNNOZlKo",
"Victor Emilio Estrada 1219, 090507 Guayaquil, Ecuador","Restaurante","Restaurante","12291618415396188714","Guayaquil","EC","0x902d6e14a839ec67:0xaa9499d33456f22a",,"https://lh3.googleusercontent.com/gps-cs-s/AHRPTWmIUzVJwpGT6y_wQQ_TKYbRgzO5ugvsumt9t1zWonuk6a3hjdvi8BSM03prBOmsGw6hCC9rMy2ViBaIpkI9HCjeB8TVchHmhSApUHrQYFx7ZvtNdOcKC6sHC5xlMlCM3-WwIhb0=w408-h306-k-no","false","true","/g/1vr3f6tq","es-419","0","-2.1615629","-79.9165523",,"Miraflores",,"false","ChIJZ-w5qBRuLZARKvJWNNOZlKo","090507","$10-35","Hace 2 años","2024-05-09T21:07:33.206Z",,,,,,,,,,,,,"$15-20",,,,,,,"Consumo en el lugar","5","5","5","ChdDSUhNMG9nS0VJQ0FnSUNUNE1XcjlBRRAB",,,,,,,,"Google",,,"6",,,"3350","2026-08-08T17:01:21.389Z","Direct Detail URL: https://www.google.com/maps/place/La+Parrilla+Del+%C3%91ato+-+Urdesa/@-2.1747534,-79.9216969,12.79z/data=!3m1!5s0x902d6d885fe9a76f:0x90560e68c111d162!4m12!1m2!2m1!1sLa+Parrilla+del+%C3%91ato!3m8!1s0x902d6e14a839ec67:0xaa9499d33456f22a!8m2!3d-2.1615629!4d-79.9165523!9m1!1b1!15sChVMYSBQYXJyaWxsYSBkZWwgw5FhdG8iA4gBAVoXIhVsYSBwYXJyaWxsYSBkZWwgw7FhdG-SAQpyZXN0YXVyYW504AEA!16s%2Fg%2F1vr3f6tq?entry=ttu&g_ep=EgoyMDI2MDgwNS4xIKXMDSoASAFQAw%3D%3D","5",,"Victor Emilio Estrada 1219","false",,,"La Parrilla Del Ñato - Urdesa","4.4",,"https://www.google.com/maps/search/?api=1&query=La%20Parrilla%20Del%20%C3%91ato%20-%20Urdesa&query_place_id=ChIJZ-w5qBRuLZARKvJWNNOZlKo",
"Victor Emilio Estrada 1219, 090507 Guayaquil, Ecuador","Restaurante","Restaurante","12291618415396188714","Guayaquil","EC","0x902d6e14a839ec67:0xaa9499d33456f22a",,"https://lh3.googleusercontent.com/gps-cs-s/AHRPTWmIUzVJwpGT6y_wQQ_TKYbRgzO5ugvsumt9t1zWonuk6a3hjdvi8BSM03prBOmsGw6hCC9rMy2ViBaIpkI9HCjeB8TVchHmhSApUHrQYFx7ZvtNdOcKC6sHC5xlMlCM3-WwIhb0=w408-h306-k-no","false","true","/g/1vr3f6tq","es-419","0","-2.1615629","-79.9165523",,"Miraflores","es","false","ChIJZ-w5qBRuLZARKvJWNNOZlKo","090507","$10-35","Editado Hace 2 años","2024-05-07T02:24:32.494Z",,,,,,,,,,,,,,,,,,,"Almuerzo","Consumo en el lugar","5","5","5","ChZDSUhNMG9nS0VJQ0FnSUREeDRMMFJ3EAE",,,,,,,,"Google",,,"40",,,"3350","2026-08-08T17:01:21.389Z","Direct Detail URL: https://www.google.com/maps/place/La+Parrilla+Del+%C3%91ato+-+Urdesa/@-2.1747534,-79.9216969,12.79z/data=!3m1!5s0x902d6d885fe9a76f:0x90560e68c111d162!4m12!1m2!2m1!1sLa+Parrilla+del+%C3%91ato!3m8!1s0x902d6e14a839ec67:0xaa9499d33456f22a!8m2!3d-2.1615629!4d-79.9165523!9m1!1b1!15sChVMYSBQYXJyaWxsYSBkZWwgw5FhdG8iA4gBAVoXIhVsYSBwYXJyaWxsYSBkZWwgw7FhdG-SAQpyZXN0YXVyYW504AEA!16s%2Fg%2F1vr3f6tq?entry=ttu&g_ep=EgoyMDI2MDgwNS4xIKXMDSoASAFQAw%3D%3D","5",,"Victor Emilio Estrada 1219","false","Mi calificación del lugar ya habla por sí sola
Es un lugar que ha formado parte de mi historia de vida en diversos momentos bonitos y nunca he recibido mala atención, la comida jamás me ha decepcionado y el ambiente siempre limpio y agradable. Ya está en alguien si por alguna experiencia distinta manifieste lo contrario.",,"La Parrilla Del Ñato - Urdesa","4.4",,"https://www.google.com/maps/search/?api=1&query=La%20Parrilla%20Del%20%C3%91ato%20-%20Urdesa&query_place_id=ChIJZ-w5qBRuLZARKvJWNNOZlKo",
"Victor Emilio Estrada 1219, 090507 Guayaquil, Ecuador","Restaurante","Restaurante","12291618415396188714","Guayaquil","EC","0x902d6e14a839ec67:0xaa9499d33456f22a",,"https://lh3.googleusercontent.com/gps-cs-s/AHRPTWmIUzVJwpGT6y_wQQ_TKYbRgzO5ugvsumt9t1zWonuk6a3hjdvi8BSM03prBOmsGw6hCC9rMy2ViBaIpkI9HCjeB8TVchHmhSApUHrQYFx7ZvtNdOcKC6sHC5xlMlCM3-WwIhb0=w408-h306-k-no","false","true","/g/1vr3f6tq","es-419","0","-2.1615629","-79.9165523",,"Miraflores","es","false","ChIJZ-w5qBRuLZARKvJWNNOZlKo","090507","$10-35","Hace 2 años","2024-05-06T03:16:16.488Z",,,,,,,,,,,,,,,,,,,,,"5","5","4","ChdDSUhNMG9nS0VJQ0FnSURqamJxNzBBRRAB",,,,,,,,"Google",,,"199",,,"3350","2026-08-08T17:01:21.389Z","Direct Detail URL: https://www.google.com/maps/place/La+Parrilla+Del+%C3%91ato+-+Urdesa/@-2.1747534,-79.9216969,12.79z/data=!3m1!5s0x902d6d885fe9a76f:0x90560e68c111d162!4m12!1m2!2m1!1sLa+Parrilla+del+%C3%91ato!3m8!1s0x902d6e14a839ec67:0xaa9499d33456f22a!8m2!3d-2.1615629!4d-79.9165523!9m1!1b1!15sChVMYSBQYXJyaWxsYSBkZWwgw5FhdG8iA4gBAVoXIhVsYSBwYXJyaWxsYSBkZWwgw7FhdG-SAQpyZXN0YXVyYW504AEA!16s%2Fg%2F1vr3f6tq?entry=ttu&g_ep=EgoyMDI2MDgwNS4xIKXMDSoASAFQAw%3D%3D","5",,"Victor Emilio Estrada 1219","false","Buenos cortes de carne",,"La Parrilla Del Ñato - Urdesa","4.4",,"https://www.google.com/maps/search/?api=1&query=La%20Parrilla%20Del%20%C3%91ato%20-%20Urdesa&query_place_id=ChIJZ-w5qBRuLZARKvJWNNOZlKo",
"Victor Emilio Estrada 1219, 090507 Guayaquil, Ecuador","Restaurante","Restaurante","12291618415396188714","Guayaquil","EC","0x902d6e14a839ec67:0xaa9499d33456f22a",,"https://lh3.googleusercontent.com/gps-cs-s/AHRPTWmIUzVJwpGT6y_wQQ_TKYbRgzO5ugvsumt9t1zWonuk6a3hjdvi8BSM03prBOmsGw6hCC9rMy2ViBaIpkI9HCjeB8TVchHmhSApUHrQYFx7ZvtNdOcKC6sHC5xlMlCM3-WwIhb0=w408-h306-k-no","false","true","/g/1vr3f6tq","es-419","0","-2.1615629","-79.9165523",,"Miraflores","es","false","ChIJZ-w5qBRuLZARKvJWNNOZlKo","090507","$10-35","Hace 2 años","2024-05-02T11:23:45.361Z",,,,,,,,,,,,,,,,,,,,,"5","5","5","ChdDSUhNMG9nS0VJQ0FnSURqaHBLU3lRRRAB",,,,,,,,"Google",,,"204",,,"3350","2026-08-08T17:01:21.389Z","Direct Detail URL: https://www.google.com/maps/place/La+Parrilla+Del+%C3%91ato+-+Urdesa/@-2.1747534,-79.9216969,12.79z/data=!3m1!5s0x902d6d885fe9a76f:0x90560e68c111d162!4m12!1m2!2m1!1sLa+Parrilla+del+%C3%91ato!3m8!1s0x902d6e14a839ec67:0xaa9499d33456f22a!8m2!3d-2.1615629!4d-79.9165523!9m1!1b1!15sChVMYSBQYXJyaWxsYSBkZWwgw5FhdG8iA4gBAVoXIhVsYSBwYXJyaWxsYSBkZWwgw7FhdG-SAQpyZXN0YXVyYW504AEA!16s%2Fg%2F1vr3f6tq?entry=ttu&g_ep=EgoyMDI2MDgwNS4xIKXMDSoASAFQAw%3D%3D","5",,"Victor Emilio Estrada 1219","false","Muy bueno",,"La Parrilla Del Ñato - Urdesa","4.4",,"https://www.google.com/maps/search/?api=1&query=La%20Parrilla%20Del%20%C3%91ato%20-%20Urdesa&query_place_id=ChIJZ-w5qBRuLZARKvJWNNOZlKo",
"Victor Emilio Estrada 1219, 090507 Guayaquil, Ecuador","Restaurante","Restaurante","12291618415396188714","Guayaquil","EC","0x902d6e14a839ec67:0xaa9499d33456f22a",,"https://lh3.googleusercontent.com/gps-cs-s/AHRPTWmIUzVJwpGT6y_wQQ_TKYbRgzO5ugvsumt9t1zWonuk6a3hjdvi8BSM03prBOmsGw6hCC9rMy2ViBaIpkI9HCjeB8TVchHmhSApUHrQYFx7ZvtNdOcKC6sHC5xlMlCM3-WwIhb0=w408-h306-k-no","false","false","/g/1vr3f6tq","es-419","0","-2.1615629","-79.9165523",,"Miraflores",,"false","ChIJZ-w5qBRuLZARKvJWNNOZlKo","090507","$10-35","Hace 2 años","2024-04-28T16:38:52.119Z",,,,,,,,,,,,,,,,,,,,,"4","4","4","ChZDSUhNMG9nS0VJQ0FnSUNqdjYzTlVREAE",,,,,,,,"Google",,,"0",,,"3350","2026-08-08T17:01:21.389Z","Direct Detail URL: https://www.google.com/maps/place/La+Parrilla+Del+%C3%91ato+-+Urdesa/@-2.1747534,-79.9216969,12.79z/data=!3m1!5s0x902d6d885fe9a76f:0x90560e68c111d162!4m12!1m2!2m1!1sLa+Parrilla+del+%C3%91ato!3m8!1s0x902d6e14a839ec67:0xaa9499d33456f22a!8m2!3d-2.1615629!4d-79.9165523!9m1!1b1!15sChVMYSBQYXJyaWxsYSBkZWwgw5FhdG8iA4gBAVoXIhVsYSBwYXJyaWxsYSBkZWwgw7FhdG-SAQpyZXN0YXVyYW504AEA!16s%2Fg%2F1vr3f6tq?entry=ttu&g_ep=EgoyMDI2MDgwNS4xIKXMDSoASAFQAw%3D%3D","5",,"Victor Emilio Estrada 1219","false",,,"La Parrilla Del Ñato - Urdesa","4.4",,"https://www.google.com/maps/search/?api=1&query=La%20Parrilla%20Del%20%C3%91ato%20-%20Urdesa&query_place_id=ChIJZ-w5qBRuLZARKvJWNNOZlKo",
"Victor Emilio Estrada 1219, 090507 Guayaquil, Ecuador","Restaurante","Restaurante","12291618415396188714","Guayaquil","EC","0x902d6e14a839ec67:0xaa9499d33456f22a",,"https://lh3.googleusercontent.com/gps-cs-s/AHRPTWmIUzVJwpGT6y_wQQ_TKYbRgzO5ugvsumt9t1zWonuk6a3hjdvi8BSM03prBOmsGw6hCC9rMy2ViBaIpkI9HCjeB8TVchHmhSApUHrQYFx7ZvtNdOcKC6sHC5xlMlCM3-WwIhb0=w408-h306-k-no","false","false","/g/1vr3f6tq","es-419","0","-2.1615629","-79.9165523",,"Miraflores",,"false","ChIJZ-w5qBRuLZARKvJWNNOZlKo","090507","$10-35","Hace 2 años","2024-04-24T04:09:30.364Z",,,,,,,,,,,,,,,,,,,,,"4","4","5","ChZDSUhNMG9nS0VJQ0FnSUNqNWJtcEp3EAE",,,,,,,,"Google",,,"0",,,"3350","2026-08-08T17:01:21.389Z","Direct Detail URL: https://www.google.com/maps/place/La+Parrilla+Del+%C3%91ato+-+Urdesa/@-2.1747534,-79.9216969,12.79z/data=!3m1!5s0x902d6d885fe9a76f:0x90560e68c111d162!4m12!1m2!2m1!1sLa+Parrilla+del+%C3%91ato!3m8!1s0x902d6e14a839ec67:0xaa9499d33456f22a!8m2!3d-2.1615629!4d-79.9165523!9m1!1b1!15sChVMYSBQYXJyaWxsYSBkZWwgw5FhdG8iA4gBAVoXIhVsYSBwYXJyaWxsYSBkZWwgw7FhdG-SAQpyZXN0YXVyYW504AEA!16s%2Fg%2F1vr3f6tq?entry=ttu&g_ep=EgoyMDI2MDgwNS4xIKXMDSoASAFQAw%3D%3D","5",,"Victor Emilio Estrada 1219","false",,,"La Parrilla Del Ñato - Urdesa","4.4",,"https://www.google.com/maps/search/?api=1&query=La%20Parrilla%20Del%20%C3%91ato%20-%20Urdesa&query_place_id=ChIJZ-w5qBRuLZARKvJWNNOZlKo",
"Victor Emilio Estrada 1219, 090507 Guayaquil, Ecuador","Restaurante","Restaurante","12291618415396188714","Guayaquil","EC","0x902d6e14a839ec67:0xaa9499d33456f22a",,"https://lh3.googleusercontent.com/gps-cs-s/AHRPTWmIUzVJwpGT6y_wQQ_TKYbRgzO5ugvsumt9t1zWonuk6a3hjdvi8BSM03prBOmsGw6hCC9rMy2ViBaIpkI9HCjeB8TVchHmhSApUHrQYFx7ZvtNdOcKC6sHC5xlMlCM3-WwIhb0=w408-h306-k-no","false","true","/g/1vr3f6tq","es-419","0","-2.1615629","-79.9165523",,"Miraflores",,"false","ChIJZ-w5qBRuLZARKvJWNNOZlKo","090507","$10-35","Editado Hace 2 años","2024-04-23T23:41:32.799Z",,,,,,,,,,,,,,,,,,,,,"3","4","3","ChZDSUhNMG9nS0VJQ0FnSURjemVqUlBREAE",,,,,,,,"Google",,,"52",,,"3350","2026-08-08T17:01:21.389Z","Direct Detail URL: https://www.google.com/maps/place/La+Parrilla+Del+%C3%91ato+-+Urdesa/@-2.1747534,-79.9216969,12.79z/data=!3m1!5s0x902d6d885fe9a76f:0x90560e68c111d162!4m12!1m2!2m1!1sLa+Parrilla+del+%C3%91ato!3m8!1s0x902d6e14a839ec67:0xaa9499d33456f22a!8m2!3d-2.1615629!4d-79.9165523!9m1!1b1!15sChVMYSBQYXJyaWxsYSBkZWwgw5FhdG8iA4gBAVoXIhVsYSBwYXJyaWxsYSBkZWwgw7FhdG-SAQpyZXN0YXVyYW504AEA!16s%2Fg%2F1vr3f6tq?entry=ttu&g_ep=EgoyMDI2MDgwNS4xIKXMDSoASAFQAw%3D%3D","4",,"Victor Emilio Estrada 1219","false",,,"La Parrilla Del Ñato - Urdesa","4.4",,"https://www.google.com/maps/search/?api=1&query=La%20Parrilla%20Del%20%C3%91ato%20-%20Urdesa&query_place_id=ChIJZ-w5qBRuLZARKvJWNNOZlKo",
"Victor Emilio Estrada 1219, 090507 Guayaquil, Ecuador","Restaurante","Restaurante","12291618415396188714","Guayaquil","EC","0x902d6e14a839ec67:0xaa9499d33456f22a",,"https://lh3.googleusercontent.com/gps-cs-s/AHRPTWmIUzVJwpGT6y_wQQ_TKYbRgzO5ugvsumt9t1zWonuk6a3hjdvi8BSM03prBOmsGw6hCC9rMy2ViBaIpkI9HCjeB8TVchHmhSApUHrQYFx7ZvtNdOcKC6sHC5xlMlCM3-WwIhb0=w408-h306-k-no","false","true","/g/1vr3f6tq","es-419","0","-2.1615629","-79.9165523",,"Miraflores",,"false","ChIJZ-w5qBRuLZARKvJWNNOZlKo","090507","$10-35","Hace 2 años","2024-04-19T18:38:41.441Z",,,,,,,,,,,,,,,,,,,,,"5","5","5","ChdDSUhNMG9nS0VJQ0FnSUNqc3U2ejZRRRAB",,,,,,,,"Google",,,"17",,,"3350","2026-08-08T17:01:21.389Z","Direct Detail URL: https://www.google.com/maps/place/La+Parrilla+Del+%C3%91ato+-+Urdesa/@-2.1747534,-79.9216969,12.79z/data=!3m1!5s0x902d6d885fe9a76f:0x90560e68c111d162!4m12!1m2!2m1!1sLa+Parrilla+del+%C3%91ato!3m8!1s0x902d6e14a839ec67:0xaa9499d33456f22a!8m2!3d-2.1615629!4d-79.9165523!9m1!1b1!15sChVMYSBQYXJyaWxsYSBkZWwgw5FhdG8iA4gBAVoXIhVsYSBwYXJyaWxsYSBkZWwgw7FhdG-SAQpyZXN0YXVyYW504AEA!16s%2Fg%2F1vr3f6tq?entry=ttu&g_ep=EgoyMDI2MDgwNS4xIKXMDSoASAFQAw%3D%3D","5",,"Victor Emilio Estrada 1219","false",,,"La Parrilla Del Ñato - Urdesa","4.4",,"https://www.google.com/maps/search/?api=1&query=La%20Parrilla%20Del%20%C3%91ato%20-%20Urdesa&query_place_id=ChIJZ-w5qBRuLZARKvJWNNOZlKo",
"Victor Emilio Estrada 1219, 090507 Guayaquil, Ecuador","Restaurante","Restaurante","12291618415396188714","Guayaquil","EC","0x902d6e14a839ec67:0xaa9499d33456f22a",,"https://lh3.googleusercontent.com/gps-cs-s/AHRPTWmIUzVJwpGT6y_wQQ_TKYbRgzO5ugvsumt9t1zWonuk6a3hjdvi8BSM03prBOmsGw6hCC9rMy2ViBaIpkI9HCjeB8TVchHmhSApUHrQYFx7ZvtNdOcKC6sHC5xlMlCM3-WwIhb0=w408-h306-k-no","false","false","/g/1vr3f6tq","es-419","0","-2.1615629","-79.9165523",,"Miraflores",,"false","ChIJZ-w5qBRuLZARKvJWNNOZlKo","090507","$10-35","Hace 2 años","2024-04-03T06:21:01.307Z",,,,,,,,,,,,,,,,,,,,,,,,"ChdDSUhNMG9nS0VJQ0FnSUNEOTRuQ3ZRRRAB",,,,,,,,"Google",,,"2",,,"3350","2026-08-08T17:01:21.389Z","Direct Detail URL: https://www.google.com/maps/place/La+Parrilla+Del+%C3%91ato+-+Urdesa/@-2.1747534,-79.9216969,12.79z/data=!3m1!5s0x902d6d885fe9a76f:0x90560e68c111d162!4m12!1m2!2m1!1sLa+Parrilla+del+%C3%91ato!3m8!1s0x902d6e14a839ec67:0xaa9499d33456f22a!8m2!3d-2.1615629!4d-79.9165523!9m1!1b1!15sChVMYSBQYXJyaWxsYSBkZWwgw5FhdG8iA4gBAVoXIhVsYSBwYXJyaWxsYSBkZWwgw7FhdG-SAQpyZXN0YXVyYW504AEA!16s%2Fg%2F1vr3f6tq?entry=ttu&g_ep=EgoyMDI2MDgwNS4xIKXMDSoASAFQAw%3D%3D","5",,"Victor Emilio Estrada 1219","false",,,"La Parrilla Del Ñato - Urdesa","4.4",,"https://www.google.com/maps/search/?api=1&query=La%20Parrilla%20Del%20%C3%91ato%20-%20Urdesa&query_place_id=ChIJZ-w5qBRuLZARKvJWNNOZlKo",
"Victor Emilio Estrada 1219, 090507 Guayaquil, Ecuador","Restaurante","Restaurante","12291618415396188714","Guayaquil","EC","0x902d6e14a839ec67:0xaa9499d33456f22a",,"https://lh3.googleusercontent.com/gps-cs-s/AHRPTWmIUzVJwpGT6y_wQQ_TKYbRgzO5ugvsumt9t1zWonuk6a3hjdvi8BSM03prBOmsGw6hCC9rMy2ViBaIpkI9HCjeB8TVchHmhSApUHrQYFx7ZvtNdOcKC6sHC5xlMlCM3-WwIhb0=w408-h306-k-no","false","true","/g/1vr3f6tq","es-419","0","-2.1615629","-79.9165523",,"Miraflores",,"false","ChIJZ-w5qBRuLZARKvJWNNOZlKo","090507","$10-35","Hace 2 años","2024-03-23T05:26:37.453Z",,,,,,,,,,,,,,,,,,,,,"5","5","5","ChdDSUhNMG9nS0VJQ0FnSUNEd05tdnN3RRAB",,,,,,,,"Google",,,"1",,,"3350","2026-08-08T17:01:21.389Z","Direct Detail URL: https://www.google.com/maps/place/La+Parrilla+Del+%C3%91ato+-+Urdesa/@-2.1747534,-79.9216969,12.79z/data=!3m1!5s0x902d6d885fe9a76f:0x90560e68c111d162!4m12!1m2!2m1!1sLa+Parrilla+del+%C3%91ato!3m8!1s0x902d6e14a839ec67:0xaa9499d33456f22a!8m2!3d-2.1615629!4d-79.9165523!9m1!1b1!15sChVMYSBQYXJyaWxsYSBkZWwgw5FhdG8iA4gBAVoXIhVsYSBwYXJyaWxsYSBkZWwgw7FhdG-SAQpyZXN0YXVyYW504AEA!16s%2Fg%2F1vr3f6tq?entry=ttu&g_ep=EgoyMDI2MDgwNS4xIKXMDSoASAFQAw%3D%3D","5",,"Victor Emilio Estrada 1219","false",,,"La Parrilla Del Ñato - Urdesa","4.4",,"https://www.google.com/maps/search/?api=1&query=La%20Parrilla%20Del%20%C3%91ato%20-%20Urdesa&query_place_id=ChIJZ-w5qBRuLZARKvJWNNOZlKo",
"Victor Emilio Estrada 1219, 090507 Guayaquil, Ecuador","Restaurante","Restaurante","12291618415396188714","Guayaquil","EC","0x902d6e14a839ec67:0xaa9499d33456f22a",,"https://lh3.googleusercontent.com/gps-cs-s/AHRPTWmIUzVJwpGT6y_wQQ_TKYbRgzO5ugvsumt9t1zWonuk6a3hjdvi8BSM03prBOmsGw6hCC9rMy2ViBaIpkI9HCjeB8TVchHmhSApUHrQYFx7ZvtNdOcKC6sHC5xlMlCM3-WwIhb0=w408-h306-k-no","false","false","/g/1vr3f6tq","es-419","0","-2.1615629","-79.9165523",,"Miraflores",,"false","ChIJZ-w5qBRuLZARKvJWNNOZlKo","090507","$10-35","Hace 2 años","2024-03-15T03:17:51.169Z",,,,,,,,,,,,,,,,,,,,,"5","5","5","ChdDSUhNMG9nS0VJQ0FnSUQ5MHNfVWdBRRAB",,,,,,,,"Google",,,"0",,,"3350","2026-08-08T17:01:21.389Z","Direct Detail URL: https://www.google.com/maps/place/La+Parrilla+Del+%C3%91ato+-+Urdesa/@-2.1747534,-79.9216969,12.79z/data=!3m1!5s0x902d6d885fe9a76f:0x90560e68c111d162!4m12!1m2!2m1!1sLa+Parrilla+del+%C3%91ato!3m8!1s0x902d6e14a839ec67:0xaa9499d33456f22a!8m2!3d-2.1615629!4d-79.9165523!9m1!1b1!15sChVMYSBQYXJyaWxsYSBkZWwgw5FhdG8iA4gBAVoXIhVsYSBwYXJyaWxsYSBkZWwgw7FhdG-SAQpyZXN0YXVyYW504AEA!16s%2Fg%2F1vr3f6tq?entry=ttu&g_ep=EgoyMDI2MDgwNS4xIKXMDSoASAFQAw%3D%3D","5",,"Victor Emilio Estrada 1219","false",,,"La Parrilla Del Ñato - Urdesa","4.4",,"https://www.google.com/maps/search/?api=1&query=La%20Parrilla%20Del%20%C3%91ato%20-%20Urdesa&query_place_id=ChIJZ-w5qBRuLZARKvJWNNOZlKo",
"Victor Emilio Estrada 1219, 090507 Guayaquil, Ecuador","Restaurante","Restaurante","12291618415396188714","Guayaquil","EC","0x902d6e14a839ec67:0xaa9499d33456f22a",,"https://lh3.googleusercontent.com/gps-cs-s/AHRPTWmIUzVJwpGT6y_wQQ_TKYbRgzO5ugvsumt9t1zWonuk6a3hjdvi8BSM03prBOmsGw6hCC9rMy2ViBaIpkI9HCjeB8TVchHmhSApUHrQYFx7ZvtNdOcKC6sHC5xlMlCM3-WwIhb0=w408-h306-k-no","false","true","/g/1vr3f6tq","es-419","0","-2.1615629","-79.9165523",,"Miraflores",,"false","ChIJZ-w5qBRuLZARKvJWNNOZlKo","090507","$10-35","Hace 2 años","2024-03-10T12:14:58.133Z",,,,,,,,,,,,,,,,,,,,,"5","5","5","ChdDSUhNMG9nS0VJQ0FnSUM5LTctWWdBRRAB",,,,,,,,"Google",,,"53",,,"3350","2026-08-08T17:01:21.389Z","Direct Detail URL: https://www.google.com/maps/place/La+Parrilla+Del+%C3%91ato+-+Urdesa/@-2.1747534,-79.9216969,12.79z/data=!3m1!5s0x902d6d885fe9a76f:0x90560e68c111d162!4m12!1m2!2m1!1sLa+Parrilla+del+%C3%91ato!3m8!1s0x902d6e14a839ec67:0xaa9499d33456f22a!8m2!3d-2.1615629!4d-79.9165523!9m1!1b1!15sChVMYSBQYXJyaWxsYSBkZWwgw5FhdG8iA4gBAVoXIhVsYSBwYXJyaWxsYSBkZWwgw7FhdG-SAQpyZXN0YXVyYW504AEA!16s%2Fg%2F1vr3f6tq?entry=ttu&g_ep=EgoyMDI2MDgwNS4xIKXMDSoASAFQAw%3D%3D","5",,"Victor Emilio Estrada 1219","false",,,"La Parrilla Del Ñato - Urdesa","4.4",,"https://www.google.com/maps/search/?api=1&query=La%20Parrilla%20Del%20%C3%91ato%20-%20Urdesa&query_place_id=ChIJZ-w5qBRuLZARKvJWNNOZlKo",
"Victor Emilio Estrada 1219, 090507 Guayaquil, Ecuador","Restaurante","Restaurante","12291618415396188714","Guayaquil","EC","0x902d6e14a839ec67:0xaa9499d33456f22a",,"https://lh3.googleusercontent.com/gps-cs-s/AHRPTWmIUzVJwpGT6y_wQQ_TKYbRgzO5ugvsumt9t1zWonuk6a3hjdvi8BSM03prBOmsGw6hCC9rMy2ViBaIpkI9HCjeB8TVchHmhSApUHrQYFx7ZvtNdOcKC6sHC5xlMlCM3-WwIhb0=w408-h306-k-no","false","true","/g/1vr3f6tq","es-419","0","-2.1615629","-79.9165523",,"Miraflores",,"false","ChIJZ-w5qBRuLZARKvJWNNOZlKo","090507","$10-35","Hace 2 años","2024-03-08T15:40:45.543Z",,,,,,,,,,,,,,,,,,,,,,,,"ChZDSUhNMG9nS0VJQ0FnSUM5blktMkVREAE",,,,,,,,"Google",,,"1",,,"3350","2026-08-08T17:01:21.389Z","Direct Detail URL: https://www.google.com/maps/place/La+Parrilla+Del+%C3%91ato+-+Urdesa/@-2.1747534,-79.9216969,12.79z/data=!3m1!5s0x902d6d885fe9a76f:0x90560e68c111d162!4m12!1m2!2m1!1sLa+Parrilla+del+%C3%91ato!3m8!1s0x902d6e14a839ec67:0xaa9499d33456f22a!8m2!3d-2.1615629!4d-79.9165523!9m1!1b1!15sChVMYSBQYXJyaWxsYSBkZWwgw5FhdG8iA4gBAVoXIhVsYSBwYXJyaWxsYSBkZWwgw7FhdG-SAQpyZXN0YXVyYW504AEA!16s%2Fg%2F1vr3f6tq?entry=ttu&g_ep=EgoyMDI2MDgwNS4xIKXMDSoASAFQAw%3D%3D","5",,"Victor Emilio Estrada 1219","false",,,"La Parrilla Del Ñato - Urdesa","4.4",,"https://www.google.com/maps/search/?api=1&query=La%20Parrilla%20Del%20%C3%91ato%20-%20Urdesa&query_place_id=ChIJZ-w5qBRuLZARKvJWNNOZlKo",
"Victor Emilio Estrada 1219, 090507 Guayaquil, Ecuador","Restaurante","Restaurante","12291618415396188714","Guayaquil","EC","0x902d6e14a839ec67:0xaa9499d33456f22a",,"https://lh3.googleusercontent.com/gps-cs-s/AHRPTWmIUzVJwpGT6y_wQQ_TKYbRgzO5ugvsumt9t1zWonuk6a3hjdvi8BSM03prBOmsGw6hCC9rMy2ViBaIpkI9HCjeB8TVchHmhSApUHrQYFx7ZvtNdOcKC6sHC5xlMlCM3-WwIhb0=w408-h306-k-no","false","true","/g/1vr3f6tq","es-419","0","-2.1615629","-79.9165523",,"Miraflores","es","false","ChIJZ-w5qBRuLZARKvJWNNOZlKo","090507","$10-35","Hace 2 años","2024-03-08T05:53:42.396Z",,,,,,,,,,,,,,,,,,,,,,,,"ChdDSUhNMG9nS0VJQ0FnSUM5amJLS3RnRRAB",,,,,,,,"Google",,,"7",,,"3350","2026-08-08T17:01:21.389Z","Direct Detail URL: https://www.google.com/maps/place/La+Parrilla+Del+%C3%91ato+-+Urdesa/@-2.1747534,-79.9216969,12.79z/data=!3m1!5s0x902d6d885fe9a76f:0x90560e68c111d162!4m12!1m2!2m1!1sLa+Parrilla+del+%C3%91ato!3m8!1s0x902d6e14a839ec67:0xaa9499d33456f22a!8m2!3d-2.1615629!4d-79.9165523!9m1!1b1!15sChVMYSBQYXJyaWxsYSBkZWwgw5FhdG8iA4gBAVoXIhVsYSBwYXJyaWxsYSBkZWwgw7FhdG-SAQpyZXN0YXVyYW504AEA!16s%2Fg%2F1vr3f6tq?entry=ttu&g_ep=EgoyMDI2MDgwNS4xIKXMDSoASAFQAw%3D%3D","5",,"Victor Emilio Estrada 1219","false","Bueno",,"La Parrilla Del Ñato - Urdesa","4.4",,"https://www.google.com/maps/search/?api=1&query=La%20Parrilla%20Del%20%C3%91ato%20-%20Urdesa&query_place_id=ChIJZ-w5qBRuLZARKvJWNNOZlKo",
"Victor Emilio Estrada 1219, 090507 Guayaquil, Ecuador","Restaurante","Restaurante","12291618415396188714","Guayaquil","EC","0x902d6e14a839ec67:0xaa9499d33456f22a",,"https://lh3.googleusercontent.com/gps-cs-s/AHRPTWmIUzVJwpGT6y_wQQ_TKYbRgzO5ugvsumt9t1zWonuk6a3hjdvi8BSM03prBOmsGw6hCC9rMy2ViBaIpkI9HCjeB8TVchHmhSApUHrQYFx7ZvtNdOcKC6sHC5xlMlCM3-WwIhb0=w408-h306-k-no","false","true","/g/1vr3f6tq","es-419","0","-2.1615629","-79.9165523",,"Miraflores",,"false","ChIJZ-w5qBRuLZARKvJWNNOZlKo","090507","$10-35","Hace 2 años","2024-03-05T00:12:25.764Z",,,,,,,,,,,,,,,,,,,,,,,,"ChdDSUhNMG9nS0VJQ0FnSUM5aHVxRHFRRRAB",,,,,,,,"Google",,,"60",,,"3350","2026-08-08T17:01:21.389Z","Direct Detail URL: https://www.google.com/maps/place/La+Parrilla+Del+%C3%91ato+-+Urdesa/@-2.1747534,-79.9216969,12.79z/data=!3m1!5s0x902d6d885fe9a76f:0x90560e68c111d162!4m12!1m2!2m1!1sLa+Parrilla+del+%C3%91ato!3m8!1s0x902d6e14a839ec67:0xaa9499d33456f22a!8m2!3d-2.1615629!4d-79.9165523!9m1!1b1!15sChVMYSBQYXJyaWxsYSBkZWwgw5FhdG8iA4gBAVoXIhVsYSBwYXJyaWxsYSBkZWwgw7FhdG-SAQpyZXN0YXVyYW504AEA!16s%2Fg%2F1vr3f6tq?entry=ttu&g_ep=EgoyMDI2MDgwNS4xIKXMDSoASAFQAw%3D%3D","4",,"Victor Emilio Estrada 1219","false",,,"La Parrilla Del Ñato - Urdesa","4.4",,"https://www.google.com/maps/search/?api=1&query=La%20Parrilla%20Del%20%C3%91ato%20-%20Urdesa&query_place_id=ChIJZ-w5qBRuLZARKvJWNNOZlKo",
"Victor Emilio Estrada 1219, 090507 Guayaquil, Ecuador","Restaurante","Restaurante","12291618415396188714","Guayaquil","EC","0x902d6e14a839ec67:0xaa9499d33456f22a",,"https://lh3.googleusercontent.com/gps-cs-s/AHRPTWmIUzVJwpGT6y_wQQ_TKYbRgzO5ugvsumt9t1zWonuk6a3hjdvi8BSM03prBOmsGw6hCC9rMy2ViBaIpkI9HCjeB8TVchHmhSApUHrQYFx7ZvtNdOcKC6sHC5xlMlCM3-WwIhb0=w408-h306-k-no","false","false","/g/1vr3f6tq","es-419","0","-2.1615629","-79.9165523",,"Miraflores",,"false","ChIJZ-w5qBRuLZARKvJWNNOZlKo","090507","$10-35","Hace 2 años","2024-03-01T12:28:50.062Z",,,,,,,,,,,,,,,,,,,,,,,,"ChZDSUhNMG9nS0VJQ0FnSUM5MktxeWVnEAE",,,,,,,,"Google",,,"4",,,"3350","2026-08-08T17:01:21.389Z","Direct Detail URL: https://www.google.com/maps/place/La+Parrilla+Del+%C3%91ato+-+Urdesa/@-2.1747534,-79.9216969,12.79z/data=!3m1!5s0x902d6d885fe9a76f:0x90560e68c111d162!4m12!1m2!2m1!1sLa+Parrilla+del+%C3%91ato!3m8!1s0x902d6e14a839ec67:0xaa9499d33456f22a!8m2!3d-2.1615629!4d-79.9165523!9m1!1b1!15sChVMYSBQYXJyaWxsYSBkZWwgw5FhdG8iA4gBAVoXIhVsYSBwYXJyaWxsYSBkZWwgw7FhdG-SAQpyZXN0YXVyYW504AEA!16s%2Fg%2F1vr3f6tq?entry=ttu&g_ep=EgoyMDI2MDgwNS4xIKXMDSoASAFQAw%3D%3D","5",,"Victor Emilio Estrada 1219","false",,,"La Parrilla Del Ñato - Urdesa","4.4",,"https://www.google.com/maps/search/?api=1&query=La%20Parrilla%20Del%20%C3%91ato%20-%20Urdesa&query_place_id=ChIJZ-w5qBRuLZARKvJWNNOZlKo",
"Victor Emilio Estrada 1219, 090507 Guayaquil, Ecuador","Restaurante","Restaurante","12291618415396188714","Guayaquil","EC","0x902d6e14a839ec67:0xaa9499d33456f22a",,"https://lh3.googleusercontent.com/gps-cs-s/AHRPTWmIUzVJwpGT6y_wQQ_TKYbRgzO5ugvsumt9t1zWonuk6a3hjdvi8BSM03prBOmsGw6hCC9rMy2ViBaIpkI9HCjeB8TVchHmhSApUHrQYFx7ZvtNdOcKC6sHC5xlMlCM3-WwIhb0=w408-h306-k-no","false","false","/g/1vr3f6tq","es-419","0","-2.1615629","-79.9165523",,"Miraflores",,"false","ChIJZ-w5qBRuLZARKvJWNNOZlKo","090507","$10-35","Hace 2 años","2024-02-29T01:18:13.753Z",,,,,,,,,,,,,,,,,,,,,,,,"ChZDSUhNMG9nS0VJQ0FnSURkXzlIeUFnEAE",,,,,,,,"Google",,,"0",,,"3350","2026-08-08T17:01:21.389Z","Direct Detail URL: https://www.google.com/maps/place/La+Parrilla+Del+%C3%91ato+-+Urdesa/@-2.1747534,-79.9216969,12.79z/data=!3m1!5s0x902d6d885fe9a76f:0x90560e68c111d162!4m12!1m2!2m1!1sLa+Parrilla+del+%C3%91ato!3m8!1s0x902d6e14a839ec67:0xaa9499d33456f22a!8m2!3d-2.1615629!4d-79.9165523!9m1!1b1!15sChVMYSBQYXJyaWxsYSBkZWwgw5FhdG8iA4gBAVoXIhVsYSBwYXJyaWxsYSBkZWwgw7FhdG-SAQpyZXN0YXVyYW504AEA!16s%2Fg%2F1vr3f6tq?entry=ttu&g_ep=EgoyMDI2MDgwNS4xIKXMDSoASAFQAw%3D%3D","4",,"Victor Emilio Estrada 1219","false",,,"La Parrilla Del Ñato - Urdesa","4.4",,"https://www.google.com/maps/search/?api=1&query=La%20Parrilla%20Del%20%C3%91ato%20-%20Urdesa&query_place_id=ChIJZ-w5qBRuLZARKvJWNNOZlKo",
"Victor Emilio Estrada 1219, 090507 Guayaquil, Ecuador","Restaurante","Restaurante","12291618415396188714","Guayaquil","EC","0x902d6e14a839ec67:0xaa9499d33456f22a",,"https://lh3.googleusercontent.com/gps-cs-s/AHRPTWmIUzVJwpGT6y_wQQ_TKYbRgzO5ugvsumt9t1zWonuk6a3hjdvi8BSM03prBOmsGw6hCC9rMy2ViBaIpkI9HCjeB8TVchHmhSApUHrQYFx7ZvtNdOcKC6sHC5xlMlCM3-WwIhb0=w408-h306-k-no","false","false","/g/1vr3f6tq","es-419","0","-2.1615629","-79.9165523",,"Miraflores",,"false","ChIJZ-w5qBRuLZARKvJWNNOZlKo","090507","$10-35","Hace 2 años","2024-02-28T16:10:59.807Z",,,,,,,,,,,,,,,,,,,,,"4","4","4","ChZDSUhNMG9nS0VJQ0FnSURkejlfQVpREAE",,,,,,,,"Google",,,"2",,,"3350","2026-08-08T17:01:21.389Z","Direct Detail URL: https://www.google.com/maps/place/La+Parrilla+Del+%C3%91ato+-+Urdesa/@-2.1747534,-79.9216969,12.79z/data=!3m1!5s0x902d6d885fe9a76f:0x90560e68c111d162!4m12!1m2!2m1!1sLa+Parrilla+del+%C3%91ato!3m8!1s0x902d6e14a839ec67:0xaa9499d33456f22a!8m2!3d-2.1615629!4d-79.9165523!9m1!1b1!15sChVMYSBQYXJyaWxsYSBkZWwgw5FhdG8iA4gBAVoXIhVsYSBwYXJyaWxsYSBkZWwgw7FhdG-SAQpyZXN0YXVyYW504AEA!16s%2Fg%2F1vr3f6tq?entry=ttu&g_ep=EgoyMDI2MDgwNS4xIKXMDSoASAFQAw%3D%3D","4",,"Victor Emilio Estrada 1219","false",,,"La Parrilla Del Ñato - Urdesa","4.4",,"https://www.google.com/maps/search/?api=1&query=La%20Parrilla%20Del%20%C3%91ato%20-%20Urdesa&query_place_id=ChIJZ-w5qBRuLZARKvJWNNOZlKo",
"Victor Emilio Estrada 1219, 090507 Guayaquil, Ecuador","Restaurante","Restaurante","12291618415396188714","Guayaquil","EC","0x902d6e14a839ec67:0xaa9499d33456f22a",,"https://lh3.googleusercontent.com/gps-cs-s/AHRPTWmIUzVJwpGT6y_wQQ_TKYbRgzO5ugvsumt9t1zWonuk6a3hjdvi8BSM03prBOmsGw6hCC9rMy2ViBaIpkI9HCjeB8TVchHmhSApUHrQYFx7ZvtNdOcKC6sHC5xlMlCM3-WwIhb0=w408-h306-k-no","false","true","/g/1vr3f6tq","es-419","0","-2.1615629","-79.9165523",,"Miraflores","es","false","ChIJZ-w5qBRuLZARKvJWNNOZlKo","090507","$10-35","Hace 2 años","2024-02-26T03:53:59.244Z",,,,,,,,,,,,,,,,,,,,,"5","5","5","ChZDSUhNMG9nS0VJQ0FnSURkalpQbFVREAE",,,,,,,,"Google",,,"6",,,"3350","2026-08-08T17:01:21.389Z","Direct Detail URL: https://www.google.com/maps/place/La+Parrilla+Del+%C3%91ato+-+Urdesa/@-2.1747534,-79.9216969,12.79z/data=!3m1!5s0x902d6d885fe9a76f:0x90560e68c111d162!4m12!1m2!2m1!1sLa+Parrilla+del+%C3%91ato!3m8!1s0x902d6e14a839ec67:0xaa9499d33456f22a!8m2!3d-2.1615629!4d-79.9165523!9m1!1b1!15sChVMYSBQYXJyaWxsYSBkZWwgw5FhdG8iA4gBAVoXIhVsYSBwYXJyaWxsYSBkZWwgw7FhdG-SAQpyZXN0YXVyYW504AEA!16s%2Fg%2F1vr3f6tq?entry=ttu&g_ep=EgoyMDI2MDgwNS4xIKXMDSoASAFQAw%3D%3D","5",,"Victor Emilio Estrada 1219","false","Delicioso todo",,"La Parrilla Del Ñato - Urdesa","4.4",,"https://www.google.com/maps/search/?api=1&query=La%20Parrilla%20Del%20%C3%91ato%20-%20Urdesa&query_place_id=ChIJZ-w5qBRuLZARKvJWNNOZlKo",
"Victor Emilio Estrada 1219, 090507 Guayaquil, Ecuador","Restaurante","Restaurante","12291618415396188714","Guayaquil","EC","0x902d6e14a839ec67:0xaa9499d33456f22a",,"https://lh3.googleusercontent.com/gps-cs-s/AHRPTWmIUzVJwpGT6y_wQQ_TKYbRgzO5ugvsumt9t1zWonuk6a3hjdvi8BSM03prBOmsGw6hCC9rMy2ViBaIpkI9HCjeB8TVchHmhSApUHrQYFx7ZvtNdOcKC6sHC5xlMlCM3-WwIhb0=w408-h306-k-no","false","true","/g/1vr3f6tq","es-419","0","-2.1615629","-79.9165523",,"Miraflores",,"false","ChIJZ-w5qBRuLZARKvJWNNOZlKo","090507","$10-35","Hace 2 años","2024-02-21T03:11:34.790Z",,,,,,,,,,,,,,,,,,,,,"5","5","5","ChZDSUhNMG9nS0VJQ0FnSURkcE43REdREAE",,,,,,,,"Google",,,"86",,,"3350","2026-08-08T17:01:21.389Z","Direct Detail URL: https://www.google.com/maps/place/La+Parrilla+Del+%C3%91ato+-+Urdesa/@-2.1747534,-79.9216969,12.79z/data=!3m1!5s0x902d6d885fe9a76f:0x90560e68c111d162!4m12!1m2!2m1!1sLa+Parrilla+del+%C3%91ato!3m8!1s0x902d6e14a839ec67:0xaa9499d33456f22a!8m2!3d-2.1615629!4d-79.9165523!9m1!1b1!15sChVMYSBQYXJyaWxsYSBkZWwgw5FhdG8iA4gBAVoXIhVsYSBwYXJyaWxsYSBkZWwgw7FhdG-SAQpyZXN0YXVyYW504AEA!16s%2Fg%2F1vr3f6tq?entry=ttu&g_ep=EgoyMDI2MDgwNS4xIKXMDSoASAFQAw%3D%3D","5",,"Victor Emilio Estrada 1219","false",,,"La Parrilla Del Ñato - Urdesa","4.4",,"https://www.google.com/maps/search/?api=1&query=La%20Parrilla%20Del%20%C3%91ato%20-%20Urdesa&query_place_id=ChIJZ-w5qBRuLZARKvJWNNOZlKo",
"Victor Emilio Estrada 1219, 090507 Guayaquil, Ecuador","Restaurante","Restaurante","12291618415396188714","Guayaquil","EC","0x902d6e14a839ec67:0xaa9499d33456f22a",,"https://lh3.googleusercontent.com/gps-cs-s/AHRPTWmIUzVJwpGT6y_wQQ_TKYbRgzO5ugvsumt9t1zWonuk6a3hjdvi8BSM03prBOmsGw6hCC9rMy2ViBaIpkI9HCjeB8TVchHmhSApUHrQYFx7ZvtNdOcKC6sHC5xlMlCM3-WwIhb0=w408-h306-k-no","false","true","/g/1vr3f6tq","es-419","0","-2.1615629","-79.9165523",,"Miraflores","pt","false","ChIJZ-w5qBRuLZARKvJWNNOZlKo","090507","$10-35","Hace 2 años","2024-02-20T04:44:34.492Z",,,,,"Hay suficiente espacio","Parquimetro",,,,"Estacionamiento pagado en la calle","Parrillada Baby",,"$20-25",,,,,,"Almuerzo","Consumo en el lugar","5","5","5","ChZDSUhNMG9nS0VJQ0FnSURkb0lhQlN3EAE",,,,,,,,"Google",,,"13",,,"3350","2026-08-08T17:01:21.389Z","Direct Detail URL: https://www.google.com/maps/place/La+Parrilla+Del+%C3%91ato+-+Urdesa/@-2.1747534,-79.9216969,12.79z/data=!3m1!5s0x902d6d885fe9a76f:0x90560e68c111d162!4m12!1m2!2m1!1sLa+Parrilla+del+%C3%91ato!3m8!1s0x902d6e14a839ec67:0xaa9499d33456f22a!8m2!3d-2.1615629!4d-79.9165523!9m1!1b1!15sChVMYSBQYXJyaWxsYSBkZWwgw5FhdG8iA4gBAVoXIhVsYSBwYXJyaWxsYSBkZWwgw7FhdG-SAQpyZXN0YXVyYW504AEA!16s%2Fg%2F1vr3f6tq?entry=ttu&g_ep=EgoyMDI2MDgwNS4xIKXMDSoASAFQAw%3D%3D","5",,"Victor Emilio Estrada 1219","false",,,"La Parrilla Del Ñato - Urdesa","4.4","es","https://www.google.com/maps/search/?api=1&query=La%20Parrilla%20Del%20%C3%91ato%20-%20Urdesa&query_place_id=ChIJZ-w5qBRuLZARKvJWNNOZlKo",
"Victor Emilio Estrada 1219, 090507 Guayaquil, Ecuador","Restaurante","Restaurante","12291618415396188714","Guayaquil","EC","0x902d6e14a839ec67:0xaa9499d33456f22a",,"https://lh3.googleusercontent.com/gps-cs-s/AHRPTWmIUzVJwpGT6y_wQQ_TKYbRgzO5ugvsumt9t1zWonuk6a3hjdvi8BSM03prBOmsGw6hCC9rMy2ViBaIpkI9HCjeB8TVchHmhSApUHrQYFx7ZvtNdOcKC6sHC5xlMlCM3-WwIhb0=w408-h306-k-no","false","true","/g/1vr3f6tq","es-419","1","-2.1615629","-79.9165523",,"Miraflores","es","false","ChIJZ-w5qBRuLZARKvJWNNOZlKo","090507","$10-35","Hace 2 años","2024-02-18T03:51:08.546Z",,,,,,,,,,,,,,,,,,,,,"2","3","3","ChZDSUhNMG9nS0VJQ0FnSUNkMDVPS1FnEAE",,,,,,,,"Google",,,"17",,,"3350","2026-08-08T17:01:21.389Z","Direct Detail URL: https://www.google.com/maps/place/La+Parrilla+Del+%C3%91ato+-+Urdesa/@-2.1747534,-79.9216969,12.79z/data=!3m1!5s0x902d6d885fe9a76f:0x90560e68c111d162!4m12!1m2!2m1!1sLa+Parrilla+del+%C3%91ato!3m8!1s0x902d6e14a839ec67:0xaa9499d33456f22a!8m2!3d-2.1615629!4d-79.9165523!9m1!1b1!15sChVMYSBQYXJyaWxsYSBkZWwgw5FhdG8iA4gBAVoXIhVsYSBwYXJyaWxsYSBkZWwgw7FhdG-SAQpyZXN0YXVyYW504AEA!16s%2Fg%2F1vr3f6tq?entry=ttu&g_ep=EgoyMDI2MDgwNS4xIKXMDSoASAFQAw%3D%3D","3",,"Victor Emilio Estrada 1219","false","Parrilada del Ñato Urdesa.

Honestamente y con mucha pena, parillada del Ñato solo el nombre, ya no es lo que solía  ser, precios altos para la calidad de comida, cortes de carne muy gruesos que apesar de que sea crea que""te llena más"" es grotesco,la carne dura y seca chuletas secas. Honestamente no comí con gusto, y la poca información y atención de los meseros deja mucho que desear, mil disculpas por decir aquello pero es lo que siento como comensal.

Deben de hacer mejoras urgentes.",,"La Parrilla Del Ñato - Urdesa","4.4",,"https://www.google.com/maps/search/?api=1&query=La%20Parrilla%20Del%20%C3%91ato%20-%20Urdesa&query_place_id=ChIJZ-w5qBRuLZARKvJWNNOZlKo",
"Victor Emilio Estrada 1219, 090507 Guayaquil, Ecuador","Restaurante","Restaurante","12291618415396188714","Guayaquil","EC","0x902d6e14a839ec67:0xaa9499d33456f22a",,"https://lh3.googleusercontent.com/gps-cs-s/AHRPTWmIUzVJwpGT6y_wQQ_TKYbRgzO5ugvsumt9t1zWonuk6a3hjdvi8BSM03prBOmsGw6hCC9rMy2ViBaIpkI9HCjeB8TVchHmhSApUHrQYFx7ZvtNdOcKC6sHC5xlMlCM3-WwIhb0=w408-h306-k-no","false","false","/g/1vr3f6tq","es-419","0","-2.1615629","-79.9165523",,"Miraflores",,"false","ChIJZ-w5qBRuLZARKvJWNNOZlKo","090507","$10-35","Hace 2 años","2024-02-16T23:53:56.146Z",,,,,,,,,,,,,,,,,,,,,,,,"ChdDSUhNMG9nS0VJQ0FnSUNkMWR5Zl9nRRAB",,,,,,,,"Google",,,"0",,,"3350","2026-08-08T17:01:21.389Z","Direct Detail URL: https://www.google.com/maps/place/La+Parrilla+Del+%C3%91ato+-+Urdesa/@-2.1747534,-79.9216969,12.79z/data=!3m1!5s0x902d6d885fe9a76f:0x90560e68c111d162!4m12!1m2!2m1!1sLa+Parrilla+del+%C3%91ato!3m8!1s0x902d6e14a839ec67:0xaa9499d33456f22a!8m2!3d-2.1615629!4d-79.9165523!9m1!1b1!15sChVMYSBQYXJyaWxsYSBkZWwgw5FhdG8iA4gBAVoXIhVsYSBwYXJyaWxsYSBkZWwgw7FhdG-SAQpyZXN0YXVyYW504AEA!16s%2Fg%2F1vr3f6tq?entry=ttu&g_ep=EgoyMDI2MDgwNS4xIKXMDSoASAFQAw%3D%3D","5",,"Victor Emilio Estrada 1219","false",,,"La Parrilla Del Ñato - Urdesa","4.4",,"https://www.google.com/maps/search/?api=1&query=La%20Parrilla%20Del%20%C3%91ato%20-%20Urdesa&query_place_id=ChIJZ-w5qBRuLZARKvJWNNOZlKo",
"Victor Emilio Estrada 1219, 090507 Guayaquil, Ecuador","Restaurante","Restaurante","12291618415396188714","Guayaquil","EC","0x902d6e14a839ec67:0xaa9499d33456f22a",,"https://lh3.googleusercontent.com/gps-cs-s/AHRPTWmIUzVJwpGT6y_wQQ_TKYbRgzO5ugvsumt9t1zWonuk6a3hjdvi8BSM03prBOmsGw6hCC9rMy2ViBaIpkI9HCjeB8TVchHmhSApUHrQYFx7ZvtNdOcKC6sHC5xlMlCM3-WwIhb0=w408-h306-k-no","false","true","/g/1vr3f6tq","es-419","0","-2.1615629","-79.9165523",,"Miraflores","es","false","ChIJZ-w5qBRuLZARKvJWNNOZlKo","090507","$10-35","Hace 2 años","2024-02-07T16:45:51.595Z",,,,,,,,,,,,,,,,,,,"Almuerzo","Consumo en el lugar","5","5","5","ChdDSUhNMG9nS0VJQ0FnSUR0NTgyWmh3RRAB",,,,,,,,"Google",,,"107",,,"3350","2026-08-08T17:01:21.389Z","Direct Detail URL: https://www.google.com/maps/place/La+Parrilla+Del+%C3%91ato+-+Urdesa/@-2.1747534,-79.9216969,12.79z/data=!3m1!5s0x902d6d885fe9a76f:0x90560e68c111d162!4m12!1m2!2m1!1sLa+Parrilla+del+%C3%91ato!3m8!1s0x902d6e14a839ec67:0xaa9499d33456f22a!8m2!3d-2.1615629!4d-79.9165523!9m1!1b1!15sChVMYSBQYXJyaWxsYSBkZWwgw5FhdG8iA4gBAVoXIhVsYSBwYXJyaWxsYSBkZWwgw7FhdG-SAQpyZXN0YXVyYW504AEA!16s%2Fg%2F1vr3f6tq?entry=ttu&g_ep=EgoyMDI2MDgwNS4xIKXMDSoASAFQAw%3D%3D","5",,"Victor Emilio Estrada 1219","false","Excelente",,"La Parrilla Del Ñato - Urdesa","4.4",,"https://www.google.com/maps/search/?api=1&query=La%20Parrilla%20Del%20%C3%91ato%20-%20Urdesa&query_place_id=ChIJZ-w5qBRuLZARKvJWNNOZlKo",
"Victor Emilio Estrada 1219, 090507 Guayaquil, Ecuador","Restaurante","Restaurante","12291618415396188714","Guayaquil","EC","0x902d6e14a839ec67:0xaa9499d33456f22a",,"https://lh3.googleusercontent.com/gps-cs-s/AHRPTWmIUzVJwpGT6y_wQQ_TKYbRgzO5ugvsumt9t1zWonuk6a3hjdvi8BSM03prBOmsGw6hCC9rMy2ViBaIpkI9HCjeB8TVchHmhSApUHrQYFx7ZvtNdOcKC6sHC5xlMlCM3-WwIhb0=w408-h306-k-no","false","true","/g/1vr3f6tq","es-419","0","-2.1615629","-79.9165523",,"Miraflores",,"false","ChIJZ-w5qBRuLZARKvJWNNOZlKo","090507","$10-35","Hace 2 años","2024-01-27T22:39:21.355Z",,,,,,,,,,,,,,,,,,,,,,,,"ChZDSUhNMG9nS0VJQ0FnSUN0b0tuUkZnEAE",,,,,,,,"Google",,,"36",,,"3350","2026-08-08T17:01:21.389Z","Direct Detail URL: https://www.google.com/maps/place/La+Parrilla+Del+%C3%91ato+-+Urdesa/@-2.1747534,-79.9216969,12.79z/data=!3m1!5s0x902d6d885fe9a76f:0x90560e68c111d162!4m12!1m2!2m1!1sLa+Parrilla+del+%C3%91ato!3m8!1s0x902d6e14a839ec67:0xaa9499d33456f22a!8m2!3d-2.1615629!4d-79.9165523!9m1!1b1!15sChVMYSBQYXJyaWxsYSBkZWwgw5FhdG8iA4gBAVoXIhVsYSBwYXJyaWxsYSBkZWwgw7FhdG-SAQpyZXN0YXVyYW504AEA!16s%2Fg%2F1vr3f6tq?entry=ttu&g_ep=EgoyMDI2MDgwNS4xIKXMDSoASAFQAw%3D%3D","5",,"Victor Emilio Estrada 1219","false",,,"La Parrilla Del Ñato - Urdesa","4.4",,"https://www.google.com/maps/search/?api=1&query=La%20Parrilla%20Del%20%C3%91ato%20-%20Urdesa&query_place_id=ChIJZ-w5qBRuLZARKvJWNNOZlKo",
"Victor Emilio Estrada 1219, 090507 Guayaquil, Ecuador","Restaurante","Restaurante","12291618415396188714","Guayaquil","EC","0x902d6e14a839ec67:0xaa9499d33456f22a",,"https://lh3.googleusercontent.com/gps-cs-s/AHRPTWmIUzVJwpGT6y_wQQ_TKYbRgzO5ugvsumt9t1zWonuk6a3hjdvi8BSM03prBOmsGw6hCC9rMy2ViBaIpkI9HCjeB8TVchHmhSApUHrQYFx7ZvtNdOcKC6sHC5xlMlCM3-WwIhb0=w408-h306-k-no","false","true","/g/1vr3f6tq","es-419","0","-2.1615629","-79.9165523",,"Miraflores",,"false","ChIJZ-w5qBRuLZARKvJWNNOZlKo","090507","$10-35","Hace 2 años","2024-01-20T04:31:11.070Z",,,,,,,,,,,,,,,,,,,,,,,,"ChdDSUhNMG9nS0VJQ0FnSUROOE42d3FnRRAB",,,,,,,,"Google",,,"12",,,"3350","2026-08-08T17:01:21.389Z","Direct Detail URL: https://www.google.com/maps/place/La+Parrilla+Del+%C3%91ato+-+Urdesa/@-2.1747534,-79.9216969,12.79z/data=!3m1!5s0x902d6d885fe9a76f:0x90560e68c111d162!4m12!1m2!2m1!1sLa+Parrilla+del+%C3%91ato!3m8!1s0x902d6e14a839ec67:0xaa9499d33456f22a!8m2!3d-2.1615629!4d-79.9165523!9m1!1b1!15sChVMYSBQYXJyaWxsYSBkZWwgw5FhdG8iA4gBAVoXIhVsYSBwYXJyaWxsYSBkZWwgw7FhdG-SAQpyZXN0YXVyYW504AEA!16s%2Fg%2F1vr3f6tq?entry=ttu&g_ep=EgoyMDI2MDgwNS4xIKXMDSoASAFQAw%3D%3D","4",,"Victor Emilio Estrada 1219","false",,,"La Parrilla Del Ñato - Urdesa","4.4",,"https://www.google.com/maps/search/?api=1&query=La%20Parrilla%20Del%20%C3%91ato%20-%20Urdesa&query_place_id=ChIJZ-w5qBRuLZARKvJWNNOZlKo",
"Victor Emilio Estrada 1219, 090507 Guayaquil, Ecuador","Restaurante","Restaurante","12291618415396188714","Guayaquil","EC","0x902d6e14a839ec67:0xaa9499d33456f22a",,"https://lh3.googleusercontent.com/gps-cs-s/AHRPTWmIUzVJwpGT6y_wQQ_TKYbRgzO5ugvsumt9t1zWonuk6a3hjdvi8BSM03prBOmsGw6hCC9rMy2ViBaIpkI9HCjeB8TVchHmhSApUHrQYFx7ZvtNdOcKC6sHC5xlMlCM3-WwIhb0=w408-h306-k-no","false","true","/g/1vr3f6tq","es-419","0","-2.1615629","-79.9165523",,"Miraflores",,"false","ChIJZ-w5qBRuLZARKvJWNNOZlKo","090507","$10-35","Hace 2 años","2024-01-18T03:53:16.905Z",,,,,,,,,,,,,"Más de $50",,,,,,"Cena","Consumo en el lugar","3","3","3","ChZDSUhNMG9nS0VJQ0FnSUNONjlfamZBEAE",,,,,,,,"Google",,,"28",,,"3350","2026-08-08T17:01:21.389Z","Direct Detail URL: https://www.google.com/maps/place/La+Parrilla+Del+%C3%91ato+-+Urdesa/@-2.1747534,-79.9216969,12.79z/data=!3m1!5s0x902d6d885fe9a76f:0x90560e68c111d162!4m12!1m2!2m1!1sLa+Parrilla+del+%C3%91ato!3m8!1s0x902d6e14a839ec67:0xaa9499d33456f22a!8m2!3d-2.1615629!4d-79.9165523!9m1!1b1!15sChVMYSBQYXJyaWxsYSBkZWwgw5FhdG8iA4gBAVoXIhVsYSBwYXJyaWxsYSBkZWwgw7FhdG-SAQpyZXN0YXVyYW504AEA!16s%2Fg%2F1vr3f6tq?entry=ttu&g_ep=EgoyMDI2MDgwNS4xIKXMDSoASAFQAw%3D%3D","5",,"Victor Emilio Estrada 1219","false",,,"La Parrilla Del Ñato - Urdesa","4.4",,"https://www.google.com/maps/search/?api=1&query=La%20Parrilla%20Del%20%C3%91ato%20-%20Urdesa&query_place_id=ChIJZ-w5qBRuLZARKvJWNNOZlKo",
"Victor Emilio Estrada 1219, 090507 Guayaquil, Ecuador","Restaurante","Restaurante","12291618415396188714","Guayaquil","EC","0x902d6e14a839ec67:0xaa9499d33456f22a",,"https://lh3.googleusercontent.com/gps-cs-s/AHRPTWmIUzVJwpGT6y_wQQ_TKYbRgzO5ugvsumt9t1zWonuk6a3hjdvi8BSM03prBOmsGw6hCC9rMy2ViBaIpkI9HCjeB8TVchHmhSApUHrQYFx7ZvtNdOcKC6sHC5xlMlCM3-WwIhb0=w408-h306-k-no","false","false","/g/1vr3f6tq","es-419","1","-2.1615629","-79.9165523",,"Miraflores","es","false","ChIJZ-w5qBRuLZARKvJWNNOZlKo","090507","$10-35","Hace 2 años","2024-01-16T14:28:06.421Z",,,,,,,,,,,,,,,,,,,,,"2","1","5","ChdDSUhNMG9nS0VJQ0FnSUNOdFk2eXd3RRAB",,,,,,,,"Google",,,"1",,,"3350","2026-08-08T17:01:21.389Z","Direct Detail URL: https://www.google.com/maps/place/La+Parrilla+Del+%C3%91ato+-+Urdesa/@-2.1747534,-79.9216969,12.79z/data=!3m1!5s0x902d6d885fe9a76f:0x90560e68c111d162!4m12!1m2!2m1!1sLa+Parrilla+del+%C3%91ato!3m8!1s0x902d6e14a839ec67:0xaa9499d33456f22a!8m2!3d-2.1615629!4d-79.9165523!9m1!1b1!15sChVMYSBQYXJyaWxsYSBkZWwgw5FhdG8iA4gBAVoXIhVsYSBwYXJyaWxsYSBkZWwgw7FhdG-SAQpyZXN0YXVyYW504AEA!16s%2Fg%2F1vr3f6tq?entry=ttu&g_ep=EgoyMDI2MDgwNS4xIKXMDSoASAFQAw%3D%3D","1",,"Victor Emilio Estrada 1219","false","La comida está muy guardada , ayer mi hermano menor pidió una picaña y estaba con un sabor raro hoy amaneció con fiebre y enfermo del estómago, la salsa de la papa se notaba que era guardada no lo recomiendo y había un pelo en la papa y se lo mostramos al mesero y se disculpó por eso , yo no soy nunca de hacer estos comentarios pero hoy amanecieron enfermos mis familiares y ya fue el colmo cual es la higiene de estos lugares ? Y se paga tanto para encima salir así ?,había una de las carnes en una mini parrillada que tenía un sabor raro el mesero nos dijo que ya lo mando a retar al cocinero por la comida terrible que nos dieron , no es culpa de los meseros sino del resto del personal el mesero dio un buen servicio!!",,"La Parrilla Del Ñato - Urdesa","4.4",,"https://www.google.com/maps/search/?api=1&query=La%20Parrilla%20Del%20%C3%91ato%20-%20Urdesa&query_place_id=ChIJZ-w5qBRuLZARKvJWNNOZlKo",
"Victor Emilio Estrada 1219, 090507 Guayaquil, Ecuador","Restaurante","Restaurante","12291618415396188714","Guayaquil","EC","0x902d6e14a839ec67:0xaa9499d33456f22a",,"https://lh3.googleusercontent.com/gps-cs-s/AHRPTWmIUzVJwpGT6y_wQQ_TKYbRgzO5ugvsumt9t1zWonuk6a3hjdvi8BSM03prBOmsGw6hCC9rMy2ViBaIpkI9HCjeB8TVchHmhSApUHrQYFx7ZvtNdOcKC6sHC5xlMlCM3-WwIhb0=w408-h306-k-no","false","true","/g/1vr3f6tq","es-419","0","-2.1615629","-79.9165523",,"Miraflores","es","false","ChIJZ-w5qBRuLZARKvJWNNOZlKo","090507","$10-35","Editado Hace 2 años","2024-01-15T03:42:33.308Z",,,,,,,,,,,"Steak",,"$10-15",,,,,,"Almuerzo","Consumo en el lugar","5","4","5","ChdDSUhNMG9nS0VJQ0FnSUMxNnVpeDZ3RRAB",,,,,,,,"Google",,,"79",,,"3350","2026-08-08T17:01:21.389Z","Direct Detail URL: https://www.google.com/maps/place/La+Parrilla+Del+%C3%91ato+-+Urdesa/@-2.1747534,-79.9216969,12.79z/data=!3m1!5s0x902d6d885fe9a76f:0x90560e68c111d162!4m12!1m2!2m1!1sLa+Parrilla+del+%C3%91ato!3m8!1s0x902d6e14a839ec67:0xaa9499d33456f22a!8m2!3d-2.1615629!4d-79.9165523!9m1!1b1!15sChVMYSBQYXJyaWxsYSBkZWwgw5FhdG8iA4gBAVoXIhVsYSBwYXJyaWxsYSBkZWwgw7FhdG-SAQpyZXN0YXVyYW504AEA!16s%2Fg%2F1vr3f6tq?entry=ttu&g_ep=EgoyMDI2MDgwNS4xIKXMDSoASAFQAw%3D%3D","4",,"Victor Emilio Estrada 1219","false","Sigue siendo un buen lugar para servirse alimentos, especialmente carnes",,"La Parrilla Del Ñato - Urdesa","4.4",,"https://www.google.com/maps/search/?api=1&query=La%20Parrilla%20Del%20%C3%91ato%20-%20Urdesa&query_place_id=ChIJZ-w5qBRuLZARKvJWNNOZlKo",
"Victor Emilio Estrada 1219, 090507 Guayaquil, Ecuador","Restaurante","Restaurante","12291618415396188714","Guayaquil","EC","0x902d6e14a839ec67:0xaa9499d33456f22a",,"https://lh3.googleusercontent.com/gps-cs-s/AHRPTWmIUzVJwpGT6y_wQQ_TKYbRgzO5ugvsumt9t1zWonuk6a3hjdvi8BSM03prBOmsGw6hCC9rMy2ViBaIpkI9HCjeB8TVchHmhSApUHrQYFx7ZvtNdOcKC6sHC5xlMlCM3-WwIhb0=w408-h306-k-no","false","false","/g/1vr3f6tq","es-419","0","-2.1615629","-79.9165523",,"Miraflores",,"false","ChIJZ-w5qBRuLZARKvJWNNOZlKo","090507","$10-35","Hace 2 años","2024-01-03T19:37:14.551Z",,,,,,,,,,,,,"$10-15",,,,,,"Cena","Consumo en el lugar",,,,"ChZDSUhNMG9nS0VJQ0FnSUMxeTVpaExnEAE",,,,,,,,"Google",,,"0",,,"3350","2026-08-08T17:01:21.389Z","Direct Detail URL: https://www.google.com/maps/place/La+Parrilla+Del+%C3%91ato+-+Urdesa/@-2.1747534,-79.9216969,12.79z/data=!3m1!5s0x902d6d885fe9a76f:0x90560e68c111d162!4m12!1m2!2m1!1sLa+Parrilla+del+%C3%91ato!3m8!1s0x902d6e14a839ec67:0xaa9499d33456f22a!8m2!3d-2.1615629!4d-79.9165523!9m1!1b1!15sChVMYSBQYXJyaWxsYSBkZWwgw5FhdG8iA4gBAVoXIhVsYSBwYXJyaWxsYSBkZWwgw7FhdG-SAQpyZXN0YXVyYW504AEA!16s%2Fg%2F1vr3f6tq?entry=ttu&g_ep=EgoyMDI2MDgwNS4xIKXMDSoASAFQAw%3D%3D","5",,"Victor Emilio Estrada 1219","false",,,"La Parrilla Del Ñato - Urdesa","4.4",,"https://www.google.com/maps/search/?api=1&query=La%20Parrilla%20Del%20%C3%91ato%20-%20Urdesa&query_place_id=ChIJZ-w5qBRuLZARKvJWNNOZlKo",
"Victor Emilio Estrada 1219, 090507 Guayaquil, Ecuador","Restaurante","Restaurante","12291618415396188714","Guayaquil","EC","0x902d6e14a839ec67:0xaa9499d33456f22a",,"https://lh3.googleusercontent.com/gps-cs-s/AHRPTWmIUzVJwpGT6y_wQQ_TKYbRgzO5ugvsumt9t1zWonuk6a3hjdvi8BSM03prBOmsGw6hCC9rMy2ViBaIpkI9HCjeB8TVchHmhSApUHrQYFx7ZvtNdOcKC6sHC5xlMlCM3-WwIhb0=w408-h306-k-no","false","true","/g/1vr3f6tq","es-419","0","-2.1615629","-79.9165523",,"Miraflores",,"false","ChIJZ-w5qBRuLZARKvJWNNOZlKo","090507","$10-35","Hace 2 años","2024-01-03T00:55:57.507Z",,,,,,,,,,,,,,,,,,,,,"5","5","5","ChZDSUhNMG9nS0VJQ0FnSUMxNDVQUVJBEAE",,,,,,,,"Google",,,"17",,,"3350","2026-08-08T17:01:21.389Z","Direct Detail URL: https://www.google.com/maps/place/La+Parrilla+Del+%C3%91ato+-+Urdesa/@-2.1747534,-79.9216969,12.79z/data=!3m1!5s0x902d6d885fe9a76f:0x90560e68c111d162!4m12!1m2!2m1!1sLa+Parrilla+del+%C3%91ato!3m8!1s0x902d6e14a839ec67:0xaa9499d33456f22a!8m2!3d-2.1615629!4d-79.9165523!9m1!1b1!15sChVMYSBQYXJyaWxsYSBkZWwgw5FhdG8iA4gBAVoXIhVsYSBwYXJyaWxsYSBkZWwgw7FhdG-SAQpyZXN0YXVyYW504AEA!16s%2Fg%2F1vr3f6tq?entry=ttu&g_ep=EgoyMDI2MDgwNS4xIKXMDSoASAFQAw%3D%3D","5",,"Victor Emilio Estrada 1219","false",,,"La Parrilla Del Ñato - Urdesa","4.4",,"https://www.google.com/maps/search/?api=1&query=La%20Parrilla%20Del%20%C3%91ato%20-%20Urdesa&query_place_id=ChIJZ-w5qBRuLZARKvJWNNOZlKo",
"Victor Emilio Estrada 1219, 090507 Guayaquil, Ecuador","Restaurante","Restaurante","12291618415396188714","Guayaquil","EC","0x902d6e14a839ec67:0xaa9499d33456f22a",,"https://lh3.googleusercontent.com/gps-cs-s/AHRPTWmIUzVJwpGT6y_wQQ_TKYbRgzO5ugvsumt9t1zWonuk6a3hjdvi8BSM03prBOmsGw6hCC9rMy2ViBaIpkI9HCjeB8TVchHmhSApUHrQYFx7ZvtNdOcKC6sHC5xlMlCM3-WwIhb0=w408-h306-k-no","false","false","/g/1vr3f6tq","es-419","0","-2.1615629","-79.9165523",,"Miraflores",,"false","ChIJZ-w5qBRuLZARKvJWNNOZlKo","090507","$10-35","Hace 2 años","2023-12-31T22:23:33.534Z",,,,,,,,,,,,,,,,,,,,,,,,"ChdDSUhNMG9nS0VJQ0FnSUMxeWVESGxRRRAB",,,,,,,,"Google",,,"6",,,"3350","2026-08-08T17:01:21.389Z","Direct Detail URL: https://www.google.com/maps/place/La+Parrilla+Del+%C3%91ato+-+Urdesa/@-2.1747534,-79.9216969,12.79z/data=!3m1!5s0x902d6d885fe9a76f:0x90560e68c111d162!4m12!1m2!2m1!1sLa+Parrilla+del+%C3%91ato!3m8!1s0x902d6e14a839ec67:0xaa9499d33456f22a!8m2!3d-2.1615629!4d-79.9165523!9m1!1b1!15sChVMYSBQYXJyaWxsYSBkZWwgw5FhdG8iA4gBAVoXIhVsYSBwYXJyaWxsYSBkZWwgw7FhdG-SAQpyZXN0YXVyYW504AEA!16s%2Fg%2F1vr3f6tq?entry=ttu&g_ep=EgoyMDI2MDgwNS4xIKXMDSoASAFQAw%3D%3D","5",,"Victor Emilio Estrada 1219","false",,,"La Parrilla Del Ñato - Urdesa","4.4",,"https://www.google.com/maps/search/?api=1&query=La%20Parrilla%20Del%20%C3%91ato%20-%20Urdesa&query_place_id=ChIJZ-w5qBRuLZARKvJWNNOZlKo",
"Victor Emilio Estrada 1219, 090507 Guayaquil, Ecuador","Restaurante","Restaurante","12291618415396188714","Guayaquil","EC","0x902d6e14a839ec67:0xaa9499d33456f22a",,"https://lh3.googleusercontent.com/gps-cs-s/AHRPTWmIUzVJwpGT6y_wQQ_TKYbRgzO5ugvsumt9t1zWonuk6a3hjdvi8BSM03prBOmsGw6hCC9rMy2ViBaIpkI9HCjeB8TVchHmhSApUHrQYFx7ZvtNdOcKC6sHC5xlMlCM3-WwIhb0=w408-h306-k-no","false","true","/g/1vr3f6tq","es-419","0","-2.1615629","-79.9165523",,"Miraflores","es","false","ChIJZ-w5qBRuLZARKvJWNNOZlKo","090507","$10-35","Hace 2 años","2023-12-25T22:59:06.508Z",,,,,,,,,,,,,,,,,,,,,,,,"ChdDSUhNMG9nS0VJQ0FnSUMxZ3RtcnZ3RRAB",,,,,,,,"Google",,,"46",,,"3350","2026-08-08T17:01:21.389Z","Direct Detail URL: https://www.google.com/maps/place/La+Parrilla+Del+%C3%91ato+-+Urdesa/@-2.1747534,-79.9216969,12.79z/data=!3m1!5s0x902d6d885fe9a76f:0x90560e68c111d162!4m12!1m2!2m1!1sLa+Parrilla+del+%C3%91ato!3m8!1s0x902d6e14a839ec67:0xaa9499d33456f22a!8m2!3d-2.1615629!4d-79.9165523!9m1!1b1!15sChVMYSBQYXJyaWxsYSBkZWwgw5FhdG8iA4gBAVoXIhVsYSBwYXJyaWxsYSBkZWwgw7FhdG-SAQpyZXN0YXVyYW504AEA!16s%2Fg%2F1vr3f6tq?entry=ttu&g_ep=EgoyMDI2MDgwNS4xIKXMDSoASAFQAw%3D%3D","5",,"Victor Emilio Estrada 1219","false","Excelente servicio",,"La Parrilla Del Ñato - Urdesa","4.4",,"https://www.google.com/maps/search/?api=1&query=La%20Parrilla%20Del%20%C3%91ato%20-%20Urdesa&query_place_id=ChIJZ-w5qBRuLZARKvJWNNOZlKo",
"Victor Emilio Estrada 1219, 090507 Guayaquil, Ecuador","Restaurante","Restaurante","12291618415396188714","Guayaquil","EC","0x902d6e14a839ec67:0xaa9499d33456f22a",,"https://lh3.googleusercontent.com/gps-cs-s/AHRPTWmIUzVJwpGT6y_wQQ_TKYbRgzO5ugvsumt9t1zWonuk6a3hjdvi8BSM03prBOmsGw6hCC9rMy2ViBaIpkI9HCjeB8TVchHmhSApUHrQYFx7ZvtNdOcKC6sHC5xlMlCM3-WwIhb0=w408-h306-k-no","false","false","/g/1vr3f6tq","es-419","0","-2.1615629","-79.9165523",,"Miraflores",,"false","ChIJZ-w5qBRuLZARKvJWNNOZlKo","090507","$10-35","Hace 2 años","2023-12-25T14:42:36.732Z",,,,,,,,,,,,,,,,,,,,,"4","5","5","ChZDSUhNMG9nS0VJQ0FnSUMxX05UblNBEAE",,,,,,,,"Google",,,"2",,,"3350","2026-08-08T17:01:21.389Z","Direct Detail URL: https://www.google.com/maps/place/La+Parrilla+Del+%C3%91ato+-+Urdesa/@-2.1747534,-79.9216969,12.79z/data=!3m1!5s0x902d6d885fe9a76f:0x90560e68c111d162!4m12!1m2!2m1!1sLa+Parrilla+del+%C3%91ato!3m8!1s0x902d6e14a839ec67:0xaa9499d33456f22a!8m2!3d-2.1615629!4d-79.9165523!9m1!1b1!15sChVMYSBQYXJyaWxsYSBkZWwgw5FhdG8iA4gBAVoXIhVsYSBwYXJyaWxsYSBkZWwgw7FhdG-SAQpyZXN0YXVyYW504AEA!16s%2Fg%2F1vr3f6tq?entry=ttu&g_ep=EgoyMDI2MDgwNS4xIKXMDSoASAFQAw%3D%3D","5",,"Victor Emilio Estrada 1219","false",,,"La Parrilla Del Ñato - Urdesa","4.4",,"https://www.google.com/maps/search/?api=1&query=La%20Parrilla%20Del%20%C3%91ato%20-%20Urdesa&query_place_id=ChIJZ-w5qBRuLZARKvJWNNOZlKo",
"Victor Emilio Estrada 1219, 090507 Guayaquil, Ecuador","Restaurante","Restaurante","12291618415396188714","Guayaquil","EC","0x902d6e14a839ec67:0xaa9499d33456f22a",,"https://lh3.googleusercontent.com/gps-cs-s/AHRPTWmIUzVJwpGT6y_wQQ_TKYbRgzO5ugvsumt9t1zWonuk6a3hjdvi8BSM03prBOmsGw6hCC9rMy2ViBaIpkI9HCjeB8TVchHmhSApUHrQYFx7ZvtNdOcKC6sHC5xlMlCM3-WwIhb0=w408-h306-k-no","false","false","/g/1vr3f6tq","es-419","0","-2.1615629","-79.9165523",,"Miraflores",,"false","ChIJZ-w5qBRuLZARKvJWNNOZlKo","090507","$10-35","Hace 2 años","2023-12-23T20:19:36.050Z",,,,,,,,,,,,,,,,,,,,,"5","5","5","ChZDSUhNMG9nS0VJQ0FnSUMxdEtYQ1pREAE",,,,,,,,"Google",,,"0",,,"3350","2026-08-08T17:01:21.389Z","Direct Detail URL: https://www.google.com/maps/place/La+Parrilla+Del+%C3%91ato+-+Urdesa/@-2.1747534,-79.9216969,12.79z/data=!3m1!5s0x902d6d885fe9a76f:0x90560e68c111d162!4m12!1m2!2m1!1sLa+Parrilla+del+%C3%91ato!3m8!1s0x902d6e14a839ec67:0xaa9499d33456f22a!8m2!3d-2.1615629!4d-79.9165523!9m1!1b1!15sChVMYSBQYXJyaWxsYSBkZWwgw5FhdG8iA4gBAVoXIhVsYSBwYXJyaWxsYSBkZWwgw7FhdG-SAQpyZXN0YXVyYW504AEA!16s%2Fg%2F1vr3f6tq?entry=ttu&g_ep=EgoyMDI2MDgwNS4xIKXMDSoASAFQAw%3D%3D","5",,"Victor Emilio Estrada 1219","false",,,"La Parrilla Del Ñato - Urdesa","4.4",,"https://www.google.com/maps/search/?api=1&query=La%20Parrilla%20Del%20%C3%91ato%20-%20Urdesa&query_place_id=ChIJZ-w5qBRuLZARKvJWNNOZlKo",
"Victor Emilio Estrada 1219, 090507 Guayaquil, Ecuador","Restaurante","Restaurante","12291618415396188714","Guayaquil","EC","0x902d6e14a839ec67:0xaa9499d33456f22a",,"https://lh3.googleusercontent.com/gps-cs-s/AHRPTWmIUzVJwpGT6y_wQQ_TKYbRgzO5ugvsumt9t1zWonuk6a3hjdvi8BSM03prBOmsGw6hCC9rMy2ViBaIpkI9HCjeB8TVchHmhSApUHrQYFx7ZvtNdOcKC6sHC5xlMlCM3-WwIhb0=w408-h306-k-no","false","true","/g/1vr3f6tq","es-419","0","-2.1615629","-79.9165523",,"Miraflores",,"false","ChIJZ-w5qBRuLZARKvJWNNOZlKo","090507","$10-35","Hace 2 años","2023-12-22T04:01:39.912Z",,,,,,,,,,,"Buffet de Ensaladas",,"$10-15",,,,,,"Cena","Consumo en el lugar","4","4","5","ChdDSUhNMG9nS0VJQ0FnSUMxbUxXV2tRRRAB",,,,,,,,"Google",,,"9",,,"3350","2026-08-08T17:01:21.389Z","Direct Detail URL: https://www.google.com/maps/place/La+Parrilla+Del+%C3%91ato+-+Urdesa/@-2.1747534,-79.9216969,12.79z/data=!3m1!5s0x902d6d885fe9a76f:0x90560e68c111d162!4m12!1m2!2m1!1sLa+Parrilla+del+%C3%91ato!3m8!1s0x902d6e14a839ec67:0xaa9499d33456f22a!8m2!3d-2.1615629!4d-79.9165523!9m1!1b1!15sChVMYSBQYXJyaWxsYSBkZWwgw5FhdG8iA4gBAVoXIhVsYSBwYXJyaWxsYSBkZWwgw7FhdG-SAQpyZXN0YXVyYW504AEA!16s%2Fg%2F1vr3f6tq?entry=ttu&g_ep=EgoyMDI2MDgwNS4xIKXMDSoASAFQAw%3D%3D","4",,"Victor Emilio Estrada 1219","false",,,"La Parrilla Del Ñato - Urdesa","4.4",,"https://www.google.com/maps/search/?api=1&query=La%20Parrilla%20Del%20%C3%91ato%20-%20Urdesa&query_place_id=ChIJZ-w5qBRuLZARKvJWNNOZlKo",
"Victor Emilio Estrada 1219, 090507 Guayaquil, Ecuador","Restaurante","Restaurante","12291618415396188714","Guayaquil","EC","0x902d6e14a839ec67:0xaa9499d33456f22a",,"https://lh3.googleusercontent.com/gps-cs-s/AHRPTWmIUzVJwpGT6y_wQQ_TKYbRgzO5ugvsumt9t1zWonuk6a3hjdvi8BSM03prBOmsGw6hCC9rMy2ViBaIpkI9HCjeB8TVchHmhSApUHrQYFx7ZvtNdOcKC6sHC5xlMlCM3-WwIhb0=w408-h306-k-no","false","true","/g/1vr3f6tq","es-419","0","-2.1615629","-79.9165523",,"Miraflores","es","false","ChIJZ-w5qBRuLZARKvJWNNOZlKo","090507","$10-35","Hace 2 años","2023-12-20T05:16:29.933Z",,,,,,,,,,,,,,,,,,,,,"5","5","5","ChZDSUhNMG9nS0VJQ0FnSUMxd0xMWld3EAE",,,,,,,,"Google",,,"128",,,"3350","2026-08-08T17:01:21.389Z","Direct Detail URL: https://www.google.com/maps/place/La+Parrilla+Del+%C3%91ato+-+Urdesa/@-2.1747534,-79.9216969,12.79z/data=!3m1!5s0x902d6d885fe9a76f:0x90560e68c111d162!4m12!1m2!2m1!1sLa+Parrilla+del+%C3%91ato!3m8!1s0x902d6e14a839ec67:0xaa9499d33456f22a!8m2!3d-2.1615629!4d-79.9165523!9m1!1b1!15sChVMYSBQYXJyaWxsYSBkZWwgw5FhdG8iA4gBAVoXIhVsYSBwYXJyaWxsYSBkZWwgw7FhdG-SAQpyZXN0YXVyYW504AEA!16s%2Fg%2F1vr3f6tq?entry=ttu&g_ep=EgoyMDI2MDgwNS4xIKXMDSoASAFQAw%3D%3D","5",,"Victor Emilio Estrada 1219","false","De los lugares clásicos de Guayaquil, el mejor",,"La Parrilla Del Ñato - Urdesa","4.4",,"https://www.google.com/maps/search/?api=1&query=La%20Parrilla%20Del%20%C3%91ato%20-%20Urdesa&query_place_id=ChIJZ-w5qBRuLZARKvJWNNOZlKo",
"Victor Emilio Estrada 1219, 090507 Guayaquil, Ecuador","Restaurante","Restaurante","12291618415396188714","Guayaquil","EC","0x902d6e14a839ec67:0xaa9499d33456f22a",,"https://lh3.googleusercontent.com/gps-cs-s/AHRPTWmIUzVJwpGT6y_wQQ_TKYbRgzO5ugvsumt9t1zWonuk6a3hjdvi8BSM03prBOmsGw6hCC9rMy2ViBaIpkI9HCjeB8TVchHmhSApUHrQYFx7ZvtNdOcKC6sHC5xlMlCM3-WwIhb0=w408-h306-k-no","false","true","/g/1vr3f6tq","es-419","0","-2.1615629","-79.9165523",,"Miraflores",,"false","ChIJZ-w5qBRuLZARKvJWNNOZlKo","090507","$10-35","Hace 2 años","2023-12-18T13:09:23.516Z",,,,,,,,,,,,,,,,,,,,,"4","5","5","ChZDSUhNMG9nS0VJQ0FnSURWOTdhelhBEAE",,,,,,,,"Google",,,"0",,,"3350","2026-08-08T17:01:21.389Z","Direct Detail URL: https://www.google.com/maps/place/La+Parrilla+Del+%C3%91ato+-+Urdesa/@-2.1747534,-79.9216969,12.79z/data=!3m1!5s0x902d6d885fe9a76f:0x90560e68c111d162!4m12!1m2!2m1!1sLa+Parrilla+del+%C3%91ato!3m8!1s0x902d6e14a839ec67:0xaa9499d33456f22a!8m2!3d-2.1615629!4d-79.9165523!9m1!1b1!15sChVMYSBQYXJyaWxsYSBkZWwgw5FhdG8iA4gBAVoXIhVsYSBwYXJyaWxsYSBkZWwgw7FhdG-SAQpyZXN0YXVyYW504AEA!16s%2Fg%2F1vr3f6tq?entry=ttu&g_ep=EgoyMDI2MDgwNS4xIKXMDSoASAFQAw%3D%3D","4",,"Victor Emilio Estrada 1219","false",,,"La Parrilla Del Ñato - Urdesa","4.4",,"https://www.google.com/maps/search/?api=1&query=La%20Parrilla%20Del%20%C3%91ato%20-%20Urdesa&query_place_id=ChIJZ-w5qBRuLZARKvJWNNOZlKo",
"Victor Emilio Estrada 1219, 090507 Guayaquil, Ecuador","Restaurante","Restaurante","12291618415396188714","Guayaquil","EC","0x902d6e14a839ec67:0xaa9499d33456f22a",,"https://lh3.googleusercontent.com/gps-cs-s/AHRPTWmIUzVJwpGT6y_wQQ_TKYbRgzO5ugvsumt9t1zWonuk6a3hjdvi8BSM03prBOmsGw6hCC9rMy2ViBaIpkI9HCjeB8TVchHmhSApUHrQYFx7ZvtNdOcKC6sHC5xlMlCM3-WwIhb0=w408-h306-k-no","false","false","/g/1vr3f6tq","es-419","0","-2.1615629","-79.9165523",,"Miraflores",,"false","ChIJZ-w5qBRuLZARKvJWNNOZlKo","090507","$10-35","Hace 2 años","2023-12-16T02:36:36.659Z",,,,,,,,,,,,,,,,,,,,,"2","1","1","ChdDSUhNMG9nS0VJQ0FnSURWeThiRTBBRRAB",,,,,,,,"Google",,,"1",,,"3350","2026-08-08T17:01:21.389Z","Direct Detail URL: https://www.google.com/maps/place/La+Parrilla+Del+%C3%91ato+-+Urdesa/@-2.1747534,-79.9216969,12.79z/data=!3m1!5s0x902d6d885fe9a76f:0x90560e68c111d162!4m12!1m2!2m1!1sLa+Parrilla+del+%C3%91ato!3m8!1s0x902d6e14a839ec67:0xaa9499d33456f22a!8m2!3d-2.1615629!4d-79.9165523!9m1!1b1!15sChVMYSBQYXJyaWxsYSBkZWwgw5FhdG8iA4gBAVoXIhVsYSBwYXJyaWxsYSBkZWwgw7FhdG-SAQpyZXN0YXVyYW504AEA!16s%2Fg%2F1vr3f6tq?entry=ttu&g_ep=EgoyMDI2MDgwNS4xIKXMDSoASAFQAw%3D%3D","1",,"Victor Emilio Estrada 1219","false",,,"La Parrilla Del Ñato - Urdesa","4.4",,"https://www.google.com/maps/search/?api=1&query=La%20Parrilla%20Del%20%C3%91ato%20-%20Urdesa&query_place_id=ChIJZ-w5qBRuLZARKvJWNNOZlKo",
"Victor Emilio Estrada 1219, 090507 Guayaquil, Ecuador","Restaurante","Restaurante","12291618415396188714","Guayaquil","EC","0x902d6e14a839ec67:0xaa9499d33456f22a",,"https://lh3.googleusercontent.com/gps-cs-s/AHRPTWmIUzVJwpGT6y_wQQ_TKYbRgzO5ugvsumt9t1zWonuk6a3hjdvi8BSM03prBOmsGw6hCC9rMy2ViBaIpkI9HCjeB8TVchHmhSApUHrQYFx7ZvtNdOcKC6sHC5xlMlCM3-WwIhb0=w408-h306-k-no","false","true","/g/1vr3f6tq","es-419","0","-2.1615629","-79.9165523",,"Miraflores","es","false","ChIJZ-w5qBRuLZARKvJWNNOZlKo","090507","$10-35","Hace 2 años","2023-12-10T22:11:26.080Z",,,,,,,,,,,,,"$15-20",,,,,,,,"4","5","5","ChZDSUhNMG9nS0VJQ0FnSURWdUxMakVnEAE",,,,,,,,"Google",,,"96",,,"3350","2026-08-08T17:01:21.389Z","Direct Detail URL: https://www.google.com/maps/place/La+Parrilla+Del+%C3%91ato+-+Urdesa/@-2.1747534,-79.9216969,12.79z/data=!3m1!5s0x902d6d885fe9a76f:0x90560e68c111d162!4m12!1m2!2m1!1sLa+Parrilla+del+%C3%91ato!3m8!1s0x902d6e14a839ec67:0xaa9499d33456f22a!8m2!3d-2.1615629!4d-79.9165523!9m1!1b1!15sChVMYSBQYXJyaWxsYSBkZWwgw5FhdG8iA4gBAVoXIhVsYSBwYXJyaWxsYSBkZWwgw7FhdG-SAQpyZXN0YXVyYW504AEA!16s%2Fg%2F1vr3f6tq?entry=ttu&g_ep=EgoyMDI2MDgwNS4xIKXMDSoASAFQAw%3D%3D","5",,"Victor Emilio Estrada 1219","false","Cómo siempre excelente",,"La Parrilla Del Ñato - Urdesa","4.4",,"https://www.google.com/maps/search/?api=1&query=La%20Parrilla%20Del%20%C3%91ato%20-%20Urdesa&query_place_id=ChIJZ-w5qBRuLZARKvJWNNOZlKo",
"Victor Emilio Estrada 1219, 090507 Guayaquil, Ecuador","Restaurante","Restaurante","12291618415396188714","Guayaquil","EC","0x902d6e14a839ec67:0xaa9499d33456f22a",,"https://lh3.googleusercontent.com/gps-cs-s/AHRPTWmIUzVJwpGT6y_wQQ_TKYbRgzO5ugvsumt9t1zWonuk6a3hjdvi8BSM03prBOmsGw6hCC9rMy2ViBaIpkI9HCjeB8TVchHmhSApUHrQYFx7ZvtNdOcKC6sHC5xlMlCM3-WwIhb0=w408-h306-k-no","false","true","/g/1vr3f6tq","es-419","0","-2.1615629","-79.9165523",,"Miraflores",,"false","ChIJZ-w5qBRuLZARKvJWNNOZlKo","090507","$10-35","Hace 2 años","2023-12-10T15:12:06.059Z",,,,,,,,,,,,,,,,,,,,"Consumo en el lugar","3","4","4","ChZDSUhNMG9nS0VJQ0FnSURWaU9MaFRnEAE","https://lh3.googleusercontent.com/grass-cs/ACvplmPaeoQkJ2pc-F5Y3J7VuhaV7wlMgZoxH75w3sEwlycn4SPMhHf1JdP2XWUd0VfNLrYQMgPzsZBl0dZYZY-fJ4X7bCGF4g40PMf1FGWHz7k-Qs2bg8KkSHhauCnp8OfVDOPDi5k=k-no",,,,,,,"Google",,,"29",,,"3350","2026-08-08T17:01:21.389Z","Direct Detail URL: https://www.google.com/maps/place/La+Parrilla+Del+%C3%91ato+-+Urdesa/@-2.1747534,-79.9216969,12.79z/data=!3m1!5s0x902d6d885fe9a76f:0x90560e68c111d162!4m12!1m2!2m1!1sLa+Parrilla+del+%C3%91ato!3m8!1s0x902d6e14a839ec67:0xaa9499d33456f22a!8m2!3d-2.1615629!4d-79.9165523!9m1!1b1!15sChVMYSBQYXJyaWxsYSBkZWwgw5FhdG8iA4gBAVoXIhVsYSBwYXJyaWxsYSBkZWwgw7FhdG-SAQpyZXN0YXVyYW504AEA!16s%2Fg%2F1vr3f6tq?entry=ttu&g_ep=EgoyMDI2MDgwNS4xIKXMDSoASAFQAw%3D%3D","4",,"Victor Emilio Estrada 1219","false",,,"La Parrilla Del Ñato - Urdesa","4.4",,"https://www.google.com/maps/search/?api=1&query=La%20Parrilla%20Del%20%C3%91ato%20-%20Urdesa&query_place_id=ChIJZ-w5qBRuLZARKvJWNNOZlKo",
"Victor Emilio Estrada 1219, 090507 Guayaquil, Ecuador","Restaurante","Restaurante","12291618415396188714","Guayaquil","EC","0x902d6e14a839ec67:0xaa9499d33456f22a",,"https://lh3.googleusercontent.com/gps-cs-s/AHRPTWmIUzVJwpGT6y_wQQ_TKYbRgzO5ugvsumt9t1zWonuk6a3hjdvi8BSM03prBOmsGw6hCC9rMy2ViBaIpkI9HCjeB8TVchHmhSApUHrQYFx7ZvtNdOcKC6sHC5xlMlCM3-WwIhb0=w408-h306-k-no","false","true","/g/1vr3f6tq","es-419","0","-2.1615629","-79.9165523",,"Miraflores","es","false","ChIJZ-w5qBRuLZARKvJWNNOZlKo","090507","$10-35","Hace 2 años","2023-12-10T12:12:34.105Z",,,,,"Hay suficiente espacio",,,,,"Estacionamiento pagado",,,"$1-5",,,,,,,"Consumo en el lugar","5","5","5","ChZDSUhNMG9nS0VJQ0FnSURWME02TGNREAE",,,,,,,,"Google",,,"329",,,"3350","2026-08-08T17:01:21.389Z","Direct Detail URL: https://www.google.com/maps/place/La+Parrilla+Del+%C3%91ato+-+Urdesa/@-2.1747534,-79.9216969,12.79z/data=!3m1!5s0x902d6d885fe9a76f:0x90560e68c111d162!4m12!1m2!2m1!1sLa+Parrilla+del+%C3%91ato!3m8!1s0x902d6e14a839ec67:0xaa9499d33456f22a!8m2!3d-2.1615629!4d-79.9165523!9m1!1b1!15sChVMYSBQYXJyaWxsYSBkZWwgw5FhdG8iA4gBAVoXIhVsYSBwYXJyaWxsYSBkZWwgw7FhdG-SAQpyZXN0YXVyYW504AEA!16s%2Fg%2F1vr3f6tq?entry=ttu&g_ep=EgoyMDI2MDgwNS4xIKXMDSoASAFQAw%3D%3D","5",,"Victor Emilio Estrada 1219","false","Muy delicioso buena sazón.",,"La Parrilla Del Ñato - Urdesa","4.4",,"https://www.google.com/maps/search/?api=1&query=La%20Parrilla%20Del%20%C3%91ato%20-%20Urdesa&query_place_id=ChIJZ-w5qBRuLZARKvJWNNOZlKo",
"Victor Emilio Estrada 1219, 090507 Guayaquil, Ecuador","Restaurante","Restaurante","12291618415396188714","Guayaquil","EC","0x902d6e14a839ec67:0xaa9499d33456f22a",,"https://lh3.googleusercontent.com/gps-cs-s/AHRPTWmIUzVJwpGT6y_wQQ_TKYbRgzO5ugvsumt9t1zWonuk6a3hjdvi8BSM03prBOmsGw6hCC9rMy2ViBaIpkI9HCjeB8TVchHmhSApUHrQYFx7ZvtNdOcKC6sHC5xlMlCM3-WwIhb0=w408-h306-k-no","false","false","/g/1vr3f6tq","es-419","0","-2.1615629","-79.9165523",,"Miraflores",,"false","ChIJZ-w5qBRuLZARKvJWNNOZlKo","090507","$10-35","Hace 2 años","2023-12-09T22:39:08.410Z",,,,,,,,,,,,,"$25-30",,,,,,"Almuerzo",,,,,"ChZDSUhNMG9nS0VJQ0FnSUNWejZ2VmFREAE",,,,,,,,"Google",,,"0",,,"3350","2026-08-08T17:01:21.389Z","Direct Detail URL: https://www.google.com/maps/place/La+Parrilla+Del+%C3%91ato+-+Urdesa/@-2.1747534,-79.9216969,12.79z/data=!3m1!5s0x902d6d885fe9a76f:0x90560e68c111d162!4m12!1m2!2m1!1sLa+Parrilla+del+%C3%91ato!3m8!1s0x902d6e14a839ec67:0xaa9499d33456f22a!8m2!3d-2.1615629!4d-79.9165523!9m1!1b1!15sChVMYSBQYXJyaWxsYSBkZWwgw5FhdG8iA4gBAVoXIhVsYSBwYXJyaWxsYSBkZWwgw7FhdG-SAQpyZXN0YXVyYW504AEA!16s%2Fg%2F1vr3f6tq?entry=ttu&g_ep=EgoyMDI2MDgwNS4xIKXMDSoASAFQAw%3D%3D","5",,"Victor Emilio Estrada 1219","false",,,"La Parrilla Del Ñato - Urdesa","4.4",,"https://www.google.com/maps/search/?api=1&query=La%20Parrilla%20Del%20%C3%91ato%20-%20Urdesa&query_place_id=ChIJZ-w5qBRuLZARKvJWNNOZlKo",
"Victor Emilio Estrada 1219, 090507 Guayaquil, Ecuador","Restaurante","Restaurante","12291618415396188714","Guayaquil","EC","0x902d6e14a839ec67:0xaa9499d33456f22a",,"https://lh3.googleusercontent.com/gps-cs-s/AHRPTWmIUzVJwpGT6y_wQQ_TKYbRgzO5ugvsumt9t1zWonuk6a3hjdvi8BSM03prBOmsGw6hCC9rMy2ViBaIpkI9HCjeB8TVchHmhSApUHrQYFx7ZvtNdOcKC6sHC5xlMlCM3-WwIhb0=w408-h306-k-no","false","false","/g/1vr3f6tq","es-419","0","-2.1615629","-79.9165523",,"Miraflores",,"false","ChIJZ-w5qBRuLZARKvJWNNOZlKo","090507","$10-35","Hace 2 años","2023-12-01T22:31:03.142Z",,,,,,,,,,,,,,,,,,,,,,,,"ChdDSUhNMG9nS0VJQ0FnSURsdHJuUjRRRRAB",,,,,,,,"Google",,,"1",,,"3350","2026-08-08T17:01:21.389Z","Direct Detail URL: https://www.google.com/maps/place/La+Parrilla+Del+%C3%91ato+-+Urdesa/@-2.1747534,-79.9216969,12.79z/data=!3m1!5s0x902d6d885fe9a76f:0x90560e68c111d162!4m12!1m2!2m1!1sLa+Parrilla+del+%C3%91ato!3m8!1s0x902d6e14a839ec67:0xaa9499d33456f22a!8m2!3d-2.1615629!4d-79.9165523!9m1!1b1!15sChVMYSBQYXJyaWxsYSBkZWwgw5FhdG8iA4gBAVoXIhVsYSBwYXJyaWxsYSBkZWwgw7FhdG-SAQpyZXN0YXVyYW504AEA!16s%2Fg%2F1vr3f6tq?entry=ttu&g_ep=EgoyMDI2MDgwNS4xIKXMDSoASAFQAw%3D%3D","5",,"Victor Emilio Estrada 1219","false",,,"La Parrilla Del Ñato - Urdesa","4.4",,"https://www.google.com/maps/search/?api=1&query=La%20Parrilla%20Del%20%C3%91ato%20-%20Urdesa&query_place_id=ChIJZ-w5qBRuLZARKvJWNNOZlKo",
"Victor Emilio Estrada 1219, 090507 Guayaquil, Ecuador","Restaurante","Restaurante","12291618415396188714","Guayaquil","EC","0x902d6e14a839ec67:0xaa9499d33456f22a",,"https://lh3.googleusercontent.com/gps-cs-s/AHRPTWmIUzVJwpGT6y_wQQ_TKYbRgzO5ugvsumt9t1zWonuk6a3hjdvi8BSM03prBOmsGw6hCC9rMy2ViBaIpkI9HCjeB8TVchHmhSApUHrQYFx7ZvtNdOcKC6sHC5xlMlCM3-WwIhb0=w408-h306-k-no","false","true","/g/1vr3f6tq","es-419","0","-2.1615629","-79.9165523",,"Miraflores","es","false","ChIJZ-w5qBRuLZARKvJWNNOZlKo","090507","$10-35","Hace 2 años","2023-11-27T18:16:17.105Z",,,,,,,,,,,,,"$10-15",,,,,,"Cena",,"5","5","5","ChZDSUhNMG9nS0VJQ0FnSUNsMjlEQUJnEAE",,,,,,,,"Google",,,"11",,,"3350","2026-08-08T17:01:21.389Z","Direct Detail URL: https://www.google.com/maps/place/La+Parrilla+Del+%C3%91ato+-+Urdesa/@-2.1747534,-79.9216969,12.79z/data=!3m1!5s0x902d6d885fe9a76f:0x90560e68c111d162!4m12!1m2!2m1!1sLa+Parrilla+del+%C3%91ato!3m8!1s0x902d6e14a839ec67:0xaa9499d33456f22a!8m2!3d-2.1615629!4d-79.9165523!9m1!1b1!15sChVMYSBQYXJyaWxsYSBkZWwgw5FhdG8iA4gBAVoXIhVsYSBwYXJyaWxsYSBkZWwgw7FhdG-SAQpyZXN0YXVyYW504AEA!16s%2Fg%2F1vr3f6tq?entry=ttu&g_ep=EgoyMDI2MDgwNS4xIKXMDSoASAFQAw%3D%3D","5",,"Victor Emilio Estrada 1219","false","La atención es excelente, los meseros siempre son muy atentos y amables, la comida nunca decepciona",,"La Parrilla Del Ñato - Urdesa","4.4",,"https://www.google.com/maps/search/?api=1&query=La%20Parrilla%20Del%20%C3%91ato%20-%20Urdesa&query_place_id=ChIJZ-w5qBRuLZARKvJWNNOZlKo",
"Victor Emilio Estrada 1219, 090507 Guayaquil, Ecuador","Restaurante","Restaurante","12291618415396188714","Guayaquil","EC","0x902d6e14a839ec67:0xaa9499d33456f22a",,"https://lh3.googleusercontent.com/gps-cs-s/AHRPTWmIUzVJwpGT6y_wQQ_TKYbRgzO5ugvsumt9t1zWonuk6a3hjdvi8BSM03prBOmsGw6hCC9rMy2ViBaIpkI9HCjeB8TVchHmhSApUHrQYFx7ZvtNdOcKC6sHC5xlMlCM3-WwIhb0=w408-h306-k-no","false","true","/g/1vr3f6tq","es-419","0","-2.1615629","-79.9165523",,"Miraflores","es","false","ChIJZ-w5qBRuLZARKvJWNNOZlKo","090507","$10-35","Hace 2 años","2023-11-26T22:04:25.069Z",,,,,,,,,,,,,,,,,,,,,"1","4","5","ChdDSUhNMG9nS0VJQ0FnSUNsaV9DdGtRRRAB",,,,,,,,"Google",,,"475",,,"3350","2026-08-08T17:01:21.389Z","Direct Detail URL: https://www.google.com/maps/place/La+Parrilla+Del+%C3%91ato+-+Urdesa/@-2.1747534,-79.9216969,12.79z/data=!3m1!5s0x902d6d885fe9a76f:0x90560e68c111d162!4m12!1m2!2m1!1sLa+Parrilla+del+%C3%91ato!3m8!1s0x902d6e14a839ec67:0xaa9499d33456f22a!8m2!3d-2.1615629!4d-79.9165523!9m1!1b1!15sChVMYSBQYXJyaWxsYSBkZWwgw5FhdG8iA4gBAVoXIhVsYSBwYXJyaWxsYSBkZWwgw7FhdG-SAQpyZXN0YXVyYW504AEA!16s%2Fg%2F1vr3f6tq?entry=ttu&g_ep=EgoyMDI2MDgwNS4xIKXMDSoASAFQAw%3D%3D","3",,"Victor Emilio Estrada 1219","false","La comida se mantiene,el lugar se ve muy descuidado,poca gente ,la atención es Buena",,"La Parrilla Del Ñato - Urdesa","4.4",,"https://www.google.com/maps/search/?api=1&query=La%20Parrilla%20Del%20%C3%91ato%20-%20Urdesa&query_place_id=ChIJZ-w5qBRuLZARKvJWNNOZlKo",
"Victor Emilio Estrada 1219, 090507 Guayaquil, Ecuador","Restaurante","Restaurante","12291618415396188714","Guayaquil","EC","0x902d6e14a839ec67:0xaa9499d33456f22a",,"https://lh3.googleusercontent.com/gps-cs-s/AHRPTWmIUzVJwpGT6y_wQQ_TKYbRgzO5ugvsumt9t1zWonuk6a3hjdvi8BSM03prBOmsGw6hCC9rMy2ViBaIpkI9HCjeB8TVchHmhSApUHrQYFx7ZvtNdOcKC6sHC5xlMlCM3-WwIhb0=w408-h306-k-no","false","false","/g/1vr3f6tq","es-419","0","-2.1615629","-79.9165523",,"Miraflores",,"false","ChIJZ-w5qBRuLZARKvJWNNOZlKo","090507","$10-35","Hace 2 años","2023-11-23T12:13:06.408Z",,,,,,,,,,,,,,,,,,,,,"5","5","4","ChZDSUhNMG9nS0VJQ0FnSUNsMWVqMEhnEAE",,,,,,,,"Google",,,"0",,,"3350","2026-08-08T17:01:21.389Z","Direct Detail URL: https://www.google.com/maps/place/La+Parrilla+Del+%C3%91ato+-+Urdesa/@-2.1747534,-79.9216969,12.79z/data=!3m1!5s0x902d6d885fe9a76f:0x90560e68c111d162!4m12!1m2!2m1!1sLa+Parrilla+del+%C3%91ato!3m8!1s0x902d6e14a839ec67:0xaa9499d33456f22a!8m2!3d-2.1615629!4d-79.9165523!9m1!1b1!15sChVMYSBQYXJyaWxsYSBkZWwgw5FhdG8iA4gBAVoXIhVsYSBwYXJyaWxsYSBkZWwgw7FhdG-SAQpyZXN0YXVyYW504AEA!16s%2Fg%2F1vr3f6tq?entry=ttu&g_ep=EgoyMDI2MDgwNS4xIKXMDSoASAFQAw%3D%3D","5",,"Victor Emilio Estrada 1219","false",,,"La Parrilla Del Ñato - Urdesa","4.4",,"https://www.google.com/maps/search/?api=1&query=La%20Parrilla%20Del%20%C3%91ato%20-%20Urdesa&query_place_id=ChIJZ-w5qBRuLZARKvJWNNOZlKo",
"Victor Emilio Estrada 1219, 090507 Guayaquil, Ecuador","Restaurante","Restaurante","12291618415396188714","Guayaquil","EC","0x902d6e14a839ec67:0xaa9499d33456f22a",,"https://lh3.googleusercontent.com/gps-cs-s/AHRPTWmIUzVJwpGT6y_wQQ_TKYbRgzO5ugvsumt9t1zWonuk6a3hjdvi8BSM03prBOmsGw6hCC9rMy2ViBaIpkI9HCjeB8TVchHmhSApUHrQYFx7ZvtNdOcKC6sHC5xlMlCM3-WwIhb0=w408-h306-k-no","false","true","/g/1vr3f6tq","es-419","0","-2.1615629","-79.9165523",,"Miraflores",,"false","ChIJZ-w5qBRuLZARKvJWNNOZlKo","090507","$10-35","Hace 2 años","2023-11-22T18:47:48.549Z",,,,,,,,,,,,,,,,,,,,,"4","5","5","ChZDSUhNMG9nS0VJQ0FnSUNseGRxMmZ3EAE",,,,,,,,"Google",,,"15",,,"3350","2026-08-08T17:01:21.389Z","Direct Detail URL: https://www.google.com/maps/place/La+Parrilla+Del+%C3%91ato+-+Urdesa/@-2.1747534,-79.9216969,12.79z/data=!3m1!5s0x902d6d885fe9a76f:0x90560e68c111d162!4m12!1m2!2m1!1sLa+Parrilla+del+%C3%91ato!3m8!1s0x902d6e14a839ec67:0xaa9499d33456f22a!8m2!3d-2.1615629!4d-79.9165523!9m1!1b1!15sChVMYSBQYXJyaWxsYSBkZWwgw5FhdG8iA4gBAVoXIhVsYSBwYXJyaWxsYSBkZWwgw7FhdG-SAQpyZXN0YXVyYW504AEA!16s%2Fg%2F1vr3f6tq?entry=ttu&g_ep=EgoyMDI2MDgwNS4xIKXMDSoASAFQAw%3D%3D","5",,"Victor Emilio Estrada 1219","false",,,"La Parrilla Del Ñato - Urdesa","4.4",,"https://www.google.com/maps/search/?api=1&query=La%20Parrilla%20Del%20%C3%91ato%20-%20Urdesa&query_place_id=ChIJZ-w5qBRuLZARKvJWNNOZlKo",
"Victor Emilio Estrada 1219, 090507 Guayaquil, Ecuador","Restaurante","Restaurante","12291618415396188714","Guayaquil","EC","0x902d6e14a839ec67:0xaa9499d33456f22a",,"https://lh3.googleusercontent.com/gps-cs-s/AHRPTWmIUzVJwpGT6y_wQQ_TKYbRgzO5ugvsumt9t1zWonuk6a3hjdvi8BSM03prBOmsGw6hCC9rMy2ViBaIpkI9HCjeB8TVchHmhSApUHrQYFx7ZvtNdOcKC6sHC5xlMlCM3-WwIhb0=w408-h306-k-no","false","false","/g/1vr3f6tq","es-419","0","-2.1615629","-79.9165523",,"Miraflores",,"false","ChIJZ-w5qBRuLZARKvJWNNOZlKo","090507","$10-35","Hace 2 años","2023-11-21T03:08:42.975Z",,,,,"Es un poco difícil encontrar estacionamiento",,,,,"Estacionamiento pagado","Parrillada Baby, Parrillada Familia Feliz",,"$15-20",,,,,,"Cena","Consumo en el lugar","5","5","5","ChdDSUhNMG9nS0VJQ0FnSUNsOGJUMnJRRRAB",,,,,,,,"Google",,,"1",,,"3350","2026-08-08T17:01:21.389Z","Direct Detail URL: https://www.google.com/maps/place/La+Parrilla+Del+%C3%91ato+-+Urdesa/@-2.1747534,-79.9216969,12.79z/data=!3m1!5s0x902d6d885fe9a76f:0x90560e68c111d162!4m12!1m2!2m1!1sLa+Parrilla+del+%C3%91ato!3m8!1s0x902d6e14a839ec67:0xaa9499d33456f22a!8m2!3d-2.1615629!4d-79.9165523!9m1!1b1!15sChVMYSBQYXJyaWxsYSBkZWwgw5FhdG8iA4gBAVoXIhVsYSBwYXJyaWxsYSBkZWwgw7FhdG-SAQpyZXN0YXVyYW504AEA!16s%2Fg%2F1vr3f6tq?entry=ttu&g_ep=EgoyMDI2MDgwNS4xIKXMDSoASAFQAw%3D%3D","5",,"Victor Emilio Estrada 1219","false",,,"La Parrilla Del Ñato - Urdesa","4.4",,"https://www.google.com/maps/search/?api=1&query=La%20Parrilla%20Del%20%C3%91ato%20-%20Urdesa&query_place_id=ChIJZ-w5qBRuLZARKvJWNNOZlKo",
"Victor Emilio Estrada 1219, 090507 Guayaquil, Ecuador","Restaurante","Restaurante","12291618415396188714","Guayaquil","EC","0x902d6e14a839ec67:0xaa9499d33456f22a",,"https://lh3.googleusercontent.com/gps-cs-s/AHRPTWmIUzVJwpGT6y_wQQ_TKYbRgzO5ugvsumt9t1zWonuk6a3hjdvi8BSM03prBOmsGw6hCC9rMy2ViBaIpkI9HCjeB8TVchHmhSApUHrQYFx7ZvtNdOcKC6sHC5xlMlCM3-WwIhb0=w408-h306-k-no","false","true","/g/1vr3f6tq","es-419","0","-2.1615629","-79.9165523",,"Miraflores",,"false","ChIJZ-w5qBRuLZARKvJWNNOZlKo","090507","$10-35","Hace 2 años","2023-11-20T21:57:13.744Z",,,,,"Vas a tardar en estacionar",,,,,"Estacionamiento pagado, Estacionamiento pagado en la calle",,,"$10-15",,,,,,"Cena","Consumo en el lugar","4","4","3","ChZDSUhNMG9nS0VJQ0FnSUNsc2VLS0hREAE",,,,,,,,"Google",,,"6",,,"3350","2026-08-08T17:01:21.389Z","Direct Detail URL: https://www.google.com/maps/place/La+Parrilla+Del+%C3%91ato+-+Urdesa/@-2.1747534,-79.9216969,12.79z/data=!3m1!5s0x902d6d885fe9a76f:0x90560e68c111d162!4m12!1m2!2m1!1sLa+Parrilla+del+%C3%91ato!3m8!1s0x902d6e14a839ec67:0xaa9499d33456f22a!8m2!3d-2.1615629!4d-79.9165523!9m1!1b1!15sChVMYSBQYXJyaWxsYSBkZWwgw5FhdG8iA4gBAVoXIhVsYSBwYXJyaWxsYSBkZWwgw7FhdG-SAQpyZXN0YXVyYW504AEA!16s%2Fg%2F1vr3f6tq?entry=ttu&g_ep=EgoyMDI2MDgwNS4xIKXMDSoASAFQAw%3D%3D","4",,"Victor Emilio Estrada 1219","false",,,"La Parrilla Del Ñato - Urdesa","4.4",,"https://www.google.com/maps/search/?api=1&query=La%20Parrilla%20Del%20%C3%91ato%20-%20Urdesa&query_place_id=ChIJZ-w5qBRuLZARKvJWNNOZlKo",
"Victor Emilio Estrada 1219, 090507 Guayaquil, Ecuador","Restaurante","Restaurante","12291618415396188714","Guayaquil","EC","0x902d6e14a839ec67:0xaa9499d33456f22a",,"https://lh3.googleusercontent.com/gps-cs-s/AHRPTWmIUzVJwpGT6y_wQQ_TKYbRgzO5ugvsumt9t1zWonuk6a3hjdvi8BSM03prBOmsGw6hCC9rMy2ViBaIpkI9HCjeB8TVchHmhSApUHrQYFx7ZvtNdOcKC6sHC5xlMlCM3-WwIhb0=w408-h306-k-no","false","true","/g/1vr3f6tq","es-419","0","-2.1615629","-79.9165523",,"Miraflores",,"false","ChIJZ-w5qBRuLZARKvJWNNOZlKo","090507","$10-35","Hace 2 años","2023-11-16T17:04:54.484Z",,,,,,,,,,,,,,,,,,,,,,,,"ChZDSUhNMG9nS0VJQ0FnSUNsdXJ5WElREAE",,,,,,,,"Google",,,"39",,,"3350","2026-08-08T17:01:21.389Z","Direct Detail URL: https://www.google.com/maps/place/La+Parrilla+Del+%C3%91ato+-+Urdesa/@-2.1747534,-79.9216969,12.79z/data=!3m1!5s0x902d6d885fe9a76f:0x90560e68c111d162!4m12!1m2!2m1!1sLa+Parrilla+del+%C3%91ato!3m8!1s0x902d6e14a839ec67:0xaa9499d33456f22a!8m2!3d-2.1615629!4d-79.9165523!9m1!1b1!15sChVMYSBQYXJyaWxsYSBkZWwgw5FhdG8iA4gBAVoXIhVsYSBwYXJyaWxsYSBkZWwgw7FhdG-SAQpyZXN0YXVyYW504AEA!16s%2Fg%2F1vr3f6tq?entry=ttu&g_ep=EgoyMDI2MDgwNS4xIKXMDSoASAFQAw%3D%3D","5",,"Victor Emilio Estrada 1219","false",,,"La Parrilla Del Ñato - Urdesa","4.4",,"https://www.google.com/maps/search/?api=1&query=La%20Parrilla%20Del%20%C3%91ato%20-%20Urdesa&query_place_id=ChIJZ-w5qBRuLZARKvJWNNOZlKo",
"Victor Emilio Estrada 1219, 090507 Guayaquil, Ecuador","Restaurante","Restaurante","12291618415396188714","Guayaquil","EC","0x902d6e14a839ec67:0xaa9499d33456f22a",,"https://lh3.googleusercontent.com/gps-cs-s/AHRPTWmIUzVJwpGT6y_wQQ_TKYbRgzO5ugvsumt9t1zWonuk6a3hjdvi8BSM03prBOmsGw6hCC9rMy2ViBaIpkI9HCjeB8TVchHmhSApUHrQYFx7ZvtNdOcKC6sHC5xlMlCM3-WwIhb0=w408-h306-k-no","false","true","/g/1vr3f6tq","es-419","0","-2.1615629","-79.9165523",,"Miraflores",,"false","ChIJZ-w5qBRuLZARKvJWNNOZlKo","090507","$10-35","Hace 2 años","2023-11-14T18:28:09.827Z",,,,,,,,,,,,,,,,,,,,,,,,"ChZDSUhNMG9nS0VJQ0FnSUNsM011Z0V3EAE",,,,,,,,"Google",,,"122",,,"3350","2026-08-08T17:01:21.389Z","Direct Detail URL: https://www.google.com/maps/place/La+Parrilla+Del+%C3%91ato+-+Urdesa/@-2.1747534,-79.9216969,12.79z/data=!3m1!5s0x902d6d885fe9a76f:0x90560e68c111d162!4m12!1m2!2m1!1sLa+Parrilla+del+%C3%91ato!3m8!1s0x902d6e14a839ec67:0xaa9499d33456f22a!8m2!3d-2.1615629!4d-79.9165523!9m1!1b1!15sChVMYSBQYXJyaWxsYSBkZWwgw5FhdG8iA4gBAVoXIhVsYSBwYXJyaWxsYSBkZWwgw7FhdG-SAQpyZXN0YXVyYW504AEA!16s%2Fg%2F1vr3f6tq?entry=ttu&g_ep=EgoyMDI2MDgwNS4xIKXMDSoASAFQAw%3D%3D","3",,"Victor Emilio Estrada 1219","false",,,"La Parrilla Del Ñato - Urdesa","4.4",,"https://www.google.com/maps/search/?api=1&query=La%20Parrilla%20Del%20%C3%91ato%20-%20Urdesa&query_place_id=ChIJZ-w5qBRuLZARKvJWNNOZlKo",
"Victor Emilio Estrada 1219, 090507 Guayaquil, Ecuador","Restaurante","Restaurante","12291618415396188714","Guayaquil","EC","0x902d6e14a839ec67:0xaa9499d33456f22a",,"https://lh3.googleusercontent.com/gps-cs-s/AHRPTWmIUzVJwpGT6y_wQQ_TKYbRgzO5ugvsumt9t1zWonuk6a3hjdvi8BSM03prBOmsGw6hCC9rMy2ViBaIpkI9HCjeB8TVchHmhSApUHrQYFx7ZvtNdOcKC6sHC5xlMlCM3-WwIhb0=w408-h306-k-no","false","true","/g/1vr3f6tq","es-419","0","-2.1615629","-79.9165523",,"Miraflores",,"false","ChIJZ-w5qBRuLZARKvJWNNOZlKo","090507","$10-35","Hace 2 años","2023-11-10T21:46:16.319Z",,,,,,,,,,,,,,,,,,,,,,,,"ChZDSUhNMG9nS0VJQ0FnSURGcDZDNkJnEAE",,,,,,,,"Google",,,"4",,,"3350","2026-08-08T17:01:21.389Z","Direct Detail URL: https://www.google.com/maps/place/La+Parrilla+Del+%C3%91ato+-+Urdesa/@-2.1747534,-79.9216969,12.79z/data=!3m1!5s0x902d6d885fe9a76f:0x90560e68c111d162!4m12!1m2!2m1!1sLa+Parrilla+del+%C3%91ato!3m8!1s0x902d6e14a839ec67:0xaa9499d33456f22a!8m2!3d-2.1615629!4d-79.9165523!9m1!1b1!15sChVMYSBQYXJyaWxsYSBkZWwgw5FhdG8iA4gBAVoXIhVsYSBwYXJyaWxsYSBkZWwgw7FhdG-SAQpyZXN0YXVyYW504AEA!16s%2Fg%2F1vr3f6tq?entry=ttu&g_ep=EgoyMDI2MDgwNS4xIKXMDSoASAFQAw%3D%3D","4",,"Victor Emilio Estrada 1219","false",,,"La Parrilla Del Ñato - Urdesa","4.4",,"https://www.google.com/maps/search/?api=1&query=La%20Parrilla%20Del%20%C3%91ato%20-%20Urdesa&query_place_id=ChIJZ-w5qBRuLZARKvJWNNOZlKo",
"Victor Emilio Estrada 1219, 090507 Guayaquil, Ecuador","Restaurante","Restaurante","12291618415396188714","Guayaquil","EC","0x902d6e14a839ec67:0xaa9499d33456f22a",,"https://lh3.googleusercontent.com/gps-cs-s/AHRPTWmIUzVJwpGT6y_wQQ_TKYbRgzO5ugvsumt9t1zWonuk6a3hjdvi8BSM03prBOmsGw6hCC9rMy2ViBaIpkI9HCjeB8TVchHmhSApUHrQYFx7ZvtNdOcKC6sHC5xlMlCM3-WwIhb0=w408-h306-k-no","false","false","/g/1vr3f6tq","es-419","0","-2.1615629","-79.9165523",,"Miraflores",,"false","ChIJZ-w5qBRuLZARKvJWNNOZlKo","090507","$10-35","Hace 2 años","2023-11-10T08:52:46.082Z",,,,,,,,,,,,,,,,,,,,,,,,"ChdDSUhNMG9nS0VJQ0FnSURGNjlEcXNBRRAB",,,,,,,,"Google",,,"0",,,"3350","2026-08-08T17:01:21.389Z","Direct Detail URL: https://www.google.com/maps/place/La+Parrilla+Del+%C3%91ato+-+Urdesa/@-2.1747534,-79.9216969,12.79z/data=!3m1!5s0x902d6d885fe9a76f:0x90560e68c111d162!4m12!1m2!2m1!1sLa+Parrilla+del+%C3%91ato!3m8!1s0x902d6e14a839ec67:0xaa9499d33456f22a!8m2!3d-2.1615629!4d-79.9165523!9m1!1b1!15sChVMYSBQYXJyaWxsYSBkZWwgw5FhdG8iA4gBAVoXIhVsYSBwYXJyaWxsYSBkZWwgw7FhdG-SAQpyZXN0YXVyYW504AEA!16s%2Fg%2F1vr3f6tq?entry=ttu&g_ep=EgoyMDI2MDgwNS4xIKXMDSoASAFQAw%3D%3D","4",,"Victor Emilio Estrada 1219","false",,,"La Parrilla Del Ñato - Urdesa","4.4",,"https://www.google.com/maps/search/?api=1&query=La%20Parrilla%20Del%20%C3%91ato%20-%20Urdesa&query_place_id=ChIJZ-w5qBRuLZARKvJWNNOZlKo",
"Victor Emilio Estrada 1219, 090507 Guayaquil, Ecuador","Restaurante","Restaurante","12291618415396188714","Guayaquil","EC","0x902d6e14a839ec67:0xaa9499d33456f22a",,"https://lh3.googleusercontent.com/gps-cs-s/AHRPTWmIUzVJwpGT6y_wQQ_TKYbRgzO5ugvsumt9t1zWonuk6a3hjdvi8BSM03prBOmsGw6hCC9rMy2ViBaIpkI9HCjeB8TVchHmhSApUHrQYFx7ZvtNdOcKC6sHC5xlMlCM3-WwIhb0=w408-h306-k-no","false","false","/g/1vr3f6tq","es-419","0","-2.1615629","-79.9165523",,"Miraflores",,"false","ChIJZ-w5qBRuLZARKvJWNNOZlKo","090507","$10-35","Hace 2 años","2023-11-08T17:37:57.476Z",,,,,,,,,,,,,,,,,,,,,,,,"ChZDSUhNMG9nS0VJQ0FnSURGeGEzelJnEAE",,,,,,,,"Google",,,"5",,,"3350","2026-08-08T17:01:21.389Z","Direct Detail URL: https://www.google.com/maps/place/La+Parrilla+Del+%C3%91ato+-+Urdesa/@-2.1747534,-79.9216969,12.79z/data=!3m1!5s0x902d6d885fe9a76f:0x90560e68c111d162!4m12!1m2!2m1!1sLa+Parrilla+del+%C3%91ato!3m8!1s0x902d6e14a839ec67:0xaa9499d33456f22a!8m2!3d-2.1615629!4d-79.9165523!9m1!1b1!15sChVMYSBQYXJyaWxsYSBkZWwgw5FhdG8iA4gBAVoXIhVsYSBwYXJyaWxsYSBkZWwgw7FhdG-SAQpyZXN0YXVyYW504AEA!16s%2Fg%2F1vr3f6tq?entry=ttu&g_ep=EgoyMDI2MDgwNS4xIKXMDSoASAFQAw%3D%3D","5",,"Victor Emilio Estrada 1219","false",,,"La Parrilla Del Ñato - Urdesa","4.4",,"https://www.google.com/maps/search/?api=1&query=La%20Parrilla%20Del%20%C3%91ato%20-%20Urdesa&query_place_id=ChIJZ-w5qBRuLZARKvJWNNOZlKo",
"Victor Emilio Estrada 1219, 090507 Guayaquil, Ecuador","Restaurante","Restaurante","12291618415396188714","Guayaquil","EC","0x902d6e14a839ec67:0xaa9499d33456f22a",,"https://lh3.googleusercontent.com/gps-cs-s/AHRPTWmIUzVJwpGT6y_wQQ_TKYbRgzO5ugvsumt9t1zWonuk6a3hjdvi8BSM03prBOmsGw6hCC9rMy2ViBaIpkI9HCjeB8TVchHmhSApUHrQYFx7ZvtNdOcKC6sHC5xlMlCM3-WwIhb0=w408-h306-k-no","false","true","/g/1vr3f6tq","es-419","0","-2.1615629","-79.9165523",,"Miraflores","es","false","ChIJZ-w5qBRuLZARKvJWNNOZlKo","090507","$10-35","Hace 2 años","2023-11-01T12:05:51.627Z",,,,,,,,,,,,,,,,,,,,,"5","5","5","ChZDSUhNMG9nS0VJQ0FnSUNGbzkzTkFREAE",,,,,,,,"Google",,,"168",,,"3350","2026-08-08T17:01:21.389Z","Direct Detail URL: https://www.google.com/maps/place/La+Parrilla+Del+%C3%91ato+-+Urdesa/@-2.1747534,-79.9216969,12.79z/data=!3m1!5s0x902d6d885fe9a76f:0x90560e68c111d162!4m12!1m2!2m1!1sLa+Parrilla+del+%C3%91ato!3m8!1s0x902d6e14a839ec67:0xaa9499d33456f22a!8m2!3d-2.1615629!4d-79.9165523!9m1!1b1!15sChVMYSBQYXJyaWxsYSBkZWwgw5FhdG8iA4gBAVoXIhVsYSBwYXJyaWxsYSBkZWwgw7FhdG-SAQpyZXN0YXVyYW504AEA!16s%2Fg%2F1vr3f6tq?entry=ttu&g_ep=EgoyMDI2MDgwNS4xIKXMDSoASAFQAw%3D%3D","5",,"Victor Emilio Estrada 1219","false","Buen lugar",,"La Parrilla Del Ñato - Urdesa","4.4",,"https://www.google.com/maps/search/?api=1&query=La%20Parrilla%20Del%20%C3%91ato%20-%20Urdesa&query_place_id=ChIJZ-w5qBRuLZARKvJWNNOZlKo",
"Victor Emilio Estrada 1219, 090507 Guayaquil, Ecuador","Restaurante","Restaurante","12291618415396188714","Guayaquil","EC","0x902d6e14a839ec67:0xaa9499d33456f22a",,"https://lh3.googleusercontent.com/gps-cs-s/AHRPTWmIUzVJwpGT6y_wQQ_TKYbRgzO5ugvsumt9t1zWonuk6a3hjdvi8BSM03prBOmsGw6hCC9rMy2ViBaIpkI9HCjeB8TVchHmhSApUHrQYFx7ZvtNdOcKC6sHC5xlMlCM3-WwIhb0=w408-h306-k-no","false","true","/g/1vr3f6tq","es-419","0","-2.1615629","-79.9165523",,"Miraflores","es","false","ChIJZ-w5qBRuLZARKvJWNNOZlKo","090507","$10-35","Hace 2 años","2023-10-29T12:18:47.725Z",,,,,,,,,,,"Parrillada Baby, Jarra de Sangría, Rico Brownie Con Helado",,"$20-25",,,,,,"Cena","Consumo en el lugar","5","5","5","ChdDSUhNMG9nS0VJQ0FnSUNGdWFxVDN3RRAB",,,,,,,,"Google",,,"25",,,"3350","2026-08-08T17:01:21.389Z","Direct Detail URL: https://www.google.com/maps/place/La+Parrilla+Del+%C3%91ato+-+Urdesa/@-2.1747534,-79.9216969,12.79z/data=!3m1!5s0x902d6d885fe9a76f:0x90560e68c111d162!4m12!1m2!2m1!1sLa+Parrilla+del+%C3%91ato!3m8!1s0x902d6e14a839ec67:0xaa9499d33456f22a!8m2!3d-2.1615629!4d-79.9165523!9m1!1b1!15sChVMYSBQYXJyaWxsYSBkZWwgw5FhdG8iA4gBAVoXIhVsYSBwYXJyaWxsYSBkZWwgw7FhdG-SAQpyZXN0YXVyYW504AEA!16s%2Fg%2F1vr3f6tq?entry=ttu&g_ep=EgoyMDI2MDgwNS4xIKXMDSoASAFQAw%3D%3D","5",,"Victor Emilio Estrada 1219","false","Me gusto mucho el teatro, comer muestras se ve una obra super bueno",,"La Parrilla Del Ñato - Urdesa","4.4",,"https://www.google.com/maps/search/?api=1&query=La%20Parrilla%20Del%20%C3%91ato%20-%20Urdesa&query_place_id=ChIJZ-w5qBRuLZARKvJWNNOZlKo",
"Victor Emilio Estrada 1219, 090507 Guayaquil, Ecuador","Restaurante","Restaurante","12291618415396188714","Guayaquil","EC","0x902d6e14a839ec67:0xaa9499d33456f22a",,"https://lh3.googleusercontent.com/gps-cs-s/AHRPTWmIUzVJwpGT6y_wQQ_TKYbRgzO5ugvsumt9t1zWonuk6a3hjdvi8BSM03prBOmsGw6hCC9rMy2ViBaIpkI9HCjeB8TVchHmhSApUHrQYFx7ZvtNdOcKC6sHC5xlMlCM3-WwIhb0=w408-h306-k-no","false","true","/g/1vr3f6tq","es-419","0","-2.1615629","-79.9165523",,"Miraflores",,"false","ChIJZ-w5qBRuLZARKvJWNNOZlKo","090507","$10-35","Hace 2 años","2023-10-22T19:55:22.989Z",,,,,,,,,,,,,,,,,,,,,"5","5","5","ChZDSUhNMG9nS0VJQ0FnSUQ1NnNDYVBBEAE",,,,,,,,"Google",,,"10",,,"3350","2026-08-08T17:01:21.389Z","Direct Detail URL: https://www.google.com/maps/place/La+Parrilla+Del+%C3%91ato+-+Urdesa/@-2.1747534,-79.9216969,12.79z/data=!3m1!5s0x902d6d885fe9a76f:0x90560e68c111d162!4m12!1m2!2m1!1sLa+Parrilla+del+%C3%91ato!3m8!1s0x902d6e14a839ec67:0xaa9499d33456f22a!8m2!3d-2.1615629!4d-79.9165523!9m1!1b1!15sChVMYSBQYXJyaWxsYSBkZWwgw5FhdG8iA4gBAVoXIhVsYSBwYXJyaWxsYSBkZWwgw7FhdG-SAQpyZXN0YXVyYW504AEA!16s%2Fg%2F1vr3f6tq?entry=ttu&g_ep=EgoyMDI2MDgwNS4xIKXMDSoASAFQAw%3D%3D","5",,"Victor Emilio Estrada 1219","false",,,"La Parrilla Del Ñato - Urdesa","4.4",,"https://www.google.com/maps/search/?api=1&query=La%20Parrilla%20Del%20%C3%91ato%20-%20Urdesa&query_place_id=ChIJZ-w5qBRuLZARKvJWNNOZlKo",
"Victor Emilio Estrada 1219, 090507 Guayaquil, Ecuador","Restaurante","Restaurante","12291618415396188714","Guayaquil","EC","0x902d6e14a839ec67:0xaa9499d33456f22a",,"https://lh3.googleusercontent.com/gps-cs-s/AHRPTWmIUzVJwpGT6y_wQQ_TKYbRgzO5ugvsumt9t1zWonuk6a3hjdvi8BSM03prBOmsGw6hCC9rMy2ViBaIpkI9HCjeB8TVchHmhSApUHrQYFx7ZvtNdOcKC6sHC5xlMlCM3-WwIhb0=w408-h306-k-no","false","true","/g/1vr3f6tq","es-419","0","-2.1615629","-79.9165523",,"Miraflores","es","false","ChIJZ-w5qBRuLZARKvJWNNOZlKo","090507","$10-35","Hace 2 años","2023-10-15T21:42:28.674Z",,,,,,,,,,,,,,,,,,,,,"5","5","5","ChdDSUhNMG9nS0VJQ0FnSUM1eGFxMnlnRRAB",,,,,,,,"Google",,,"54",,,"3350","2026-08-08T17:01:21.389Z","Direct Detail URL: https://www.google.com/maps/place/La+Parrilla+Del+%C3%91ato+-+Urdesa/@-2.1747534,-79.9216969,12.79z/data=!3m1!5s0x902d6d885fe9a76f:0x90560e68c111d162!4m12!1m2!2m1!1sLa+Parrilla+del+%C3%91ato!3m8!1s0x902d6e14a839ec67:0xaa9499d33456f22a!8m2!3d-2.1615629!4d-79.9165523!9m1!1b1!15sChVMYSBQYXJyaWxsYSBkZWwgw5FhdG8iA4gBAVoXIhVsYSBwYXJyaWxsYSBkZWwgw7FhdG-SAQpyZXN0YXVyYW504AEA!16s%2Fg%2F1vr3f6tq?entry=ttu&g_ep=EgoyMDI2MDgwNS4xIKXMDSoASAFQAw%3D%3D","5",,"Victor Emilio Estrada 1219","false","Excelente atención. Comida deliciosa y fresca  y ambiente acogedor. Precios razonables.",,"La Parrilla Del Ñato - Urdesa","4.4",,"https://www.google.com/maps/search/?api=1&query=La%20Parrilla%20Del%20%C3%91ato%20-%20Urdesa&query_place_id=ChIJZ-w5qBRuLZARKvJWNNOZlKo",
"Victor Emilio Estrada 1219, 090507 Guayaquil, Ecuador","Restaurante","Restaurante","12291618415396188714","Guayaquil","EC","0x902d6e14a839ec67:0xaa9499d33456f22a",,"https://lh3.googleusercontent.com/gps-cs-s/AHRPTWmIUzVJwpGT6y_wQQ_TKYbRgzO5ugvsumt9t1zWonuk6a3hjdvi8BSM03prBOmsGw6hCC9rMy2ViBaIpkI9HCjeB8TVchHmhSApUHrQYFx7ZvtNdOcKC6sHC5xlMlCM3-WwIhb0=w408-h306-k-no","false","false","/g/1vr3f6tq","es-419","0","-2.1615629","-79.9165523",,"Miraflores",,"false","ChIJZ-w5qBRuLZARKvJWNNOZlKo","090507","$10-35","Hace 2 años","2023-10-06T10:54:02.036Z",,,,,,,,,,,,,,,,,,,,,"5","5","5","ChdDSUhNMG9nS0VJQ0FnSURaemJmQy1nRRAB",,,,,,,,"Google",,,"11",,,"3350","2026-08-08T17:01:21.389Z","Direct Detail URL: https://www.google.com/maps/place/La+Parrilla+Del+%C3%91ato+-+Urdesa/@-2.1747534,-79.9216969,12.79z/data=!3m1!5s0x902d6d885fe9a76f:0x90560e68c111d162!4m12!1m2!2m1!1sLa+Parrilla+del+%C3%91ato!3m8!1s0x902d6e14a839ec67:0xaa9499d33456f22a!8m2!3d-2.1615629!4d-79.9165523!9m1!1b1!15sChVMYSBQYXJyaWxsYSBkZWwgw5FhdG8iA4gBAVoXIhVsYSBwYXJyaWxsYSBkZWwgw7FhdG-SAQpyZXN0YXVyYW504AEA!16s%2Fg%2F1vr3f6tq?entry=ttu&g_ep=EgoyMDI2MDgwNS4xIKXMDSoASAFQAw%3D%3D","5",,"Victor Emilio Estrada 1219","false",,,"La Parrilla Del Ñato - Urdesa","4.4",,"https://www.google.com/maps/search/?api=1&query=La%20Parrilla%20Del%20%C3%91ato%20-%20Urdesa&query_place_id=ChIJZ-w5qBRuLZARKvJWNNOZlKo",
"Victor Emilio Estrada 1219, 090507 Guayaquil, Ecuador","Restaurante","Restaurante","12291618415396188714","Guayaquil","EC","0x902d6e14a839ec67:0xaa9499d33456f22a",,"https://lh3.googleusercontent.com/gps-cs-s/AHRPTWmIUzVJwpGT6y_wQQ_TKYbRgzO5ugvsumt9t1zWonuk6a3hjdvi8BSM03prBOmsGw6hCC9rMy2ViBaIpkI9HCjeB8TVchHmhSApUHrQYFx7ZvtNdOcKC6sHC5xlMlCM3-WwIhb0=w408-h306-k-no","false","true","/g/1vr3f6tq","es-419","0","-2.1615629","-79.9165523",,"Miraflores",,"false","ChIJZ-w5qBRuLZARKvJWNNOZlKo","090507","$10-35","Hace 2 años","2023-10-02T17:17:01.085Z",,,,,,,,,,,,,,,,,,,,,,,,"ChZDSUhNMG9nS0VJQ0FnSURaNFlLSlpnEAE",,,,,,,,"Google",,,"9",,,"3350","2026-08-08T17:01:21.389Z","Direct Detail URL: https://www.google.com/maps/place/La+Parrilla+Del+%C3%91ato+-+Urdesa/@-2.1747534,-79.9216969,12.79z/data=!3m1!5s0x902d6d885fe9a76f:0x90560e68c111d162!4m12!1m2!2m1!1sLa+Parrilla+del+%C3%91ato!3m8!1s0x902d6e14a839ec67:0xaa9499d33456f22a!8m2!3d-2.1615629!4d-79.9165523!9m1!1b1!15sChVMYSBQYXJyaWxsYSBkZWwgw5FhdG8iA4gBAVoXIhVsYSBwYXJyaWxsYSBkZWwgw7FhdG-SAQpyZXN0YXVyYW504AEA!16s%2Fg%2F1vr3f6tq?entry=ttu&g_ep=EgoyMDI2MDgwNS4xIKXMDSoASAFQAw%3D%3D","5",,"Victor Emilio Estrada 1219","false",,,"La Parrilla Del Ñato - Urdesa","4.4",,"https://www.google.com/maps/search/?api=1&query=La%20Parrilla%20Del%20%C3%91ato%20-%20Urdesa&query_place_id=ChIJZ-w5qBRuLZARKvJWNNOZlKo",
"Victor Emilio Estrada 1219, 090507 Guayaquil, Ecuador","Restaurante","Restaurante","12291618415396188714","Guayaquil","EC","0x902d6e14a839ec67:0xaa9499d33456f22a",,"https://lh3.googleusercontent.com/gps-cs-s/AHRPTWmIUzVJwpGT6y_wQQ_TKYbRgzO5ugvsumt9t1zWonuk6a3hjdvi8BSM03prBOmsGw6hCC9rMy2ViBaIpkI9HCjeB8TVchHmhSApUHrQYFx7ZvtNdOcKC6sHC5xlMlCM3-WwIhb0=w408-h306-k-no","false","true","/g/1vr3f6tq","es-419","0","-2.1615629","-79.9165523",,"Miraflores","es","false","ChIJZ-w5qBRuLZARKvJWNNOZlKo","090507","$10-35","Hace 2 años","2023-10-01T19:10:29.007Z",,,,,"Es un poco difícil encontrar estacionamiento",,,,,"Estacionamiento pagado en la calle","Parrillada Baby, Ricas Ensaladas, Costilla Con Menestra, Cortesía Pan de Ajo Con Salsas de la Casa",,"$10-15",,,,,,"Almuerzo","Consumo en el lugar","5","5","5","ChdDSUhNMG9nS0VJQ0FnSURaM28zVXJ3RRAB",,,,,,,,"Google",,,"349",,,"3350","2026-08-08T17:01:21.389Z","Direct Detail URL: https://www.google.com/maps/place/La+Parrilla+Del+%C3%91ato+-+Urdesa/@-2.1747534,-79.9216969,12.79z/data=!3m1!5s0x902d6d885fe9a76f:0x90560e68c111d162!4m12!1m2!2m1!1sLa+Parrilla+del+%C3%91ato!3m8!1s0x902d6e14a839ec67:0xaa9499d33456f22a!8m2!3d-2.1615629!4d-79.9165523!9m1!1b1!15sChVMYSBQYXJyaWxsYSBkZWwgw5FhdG8iA4gBAVoXIhVsYSBwYXJyaWxsYSBkZWwgw7FhdG-SAQpyZXN0YXVyYW504AEA!16s%2Fg%2F1vr3f6tq?entry=ttu&g_ep=EgoyMDI2MDgwNS4xIKXMDSoASAFQAw%3D%3D","5",,"Victor Emilio Estrada 1219","false","Tradicion y calidad en casa detalle desde la atención hasta la elaboración de cada plato. Un lugar que vale la pena repetir",,"La Parrilla Del Ñato - Urdesa","4.4",,"https://www.google.com/maps/search/?api=1&query=La%20Parrilla%20Del%20%C3%91ato%20-%20Urdesa&query_place_id=ChIJZ-w5qBRuLZARKvJWNNOZlKo",
"Victor Emilio Estrada 1219, 090507 Guayaquil, Ecuador","Restaurante","Restaurante","12291618415396188714","Guayaquil","EC","0x902d6e14a839ec67:0xaa9499d33456f22a",,"https://lh3.googleusercontent.com/gps-cs-s/AHRPTWmIUzVJwpGT6y_wQQ_TKYbRgzO5ugvsumt9t1zWonuk6a3hjdvi8BSM03prBOmsGw6hCC9rMy2ViBaIpkI9HCjeB8TVchHmhSApUHrQYFx7ZvtNdOcKC6sHC5xlMlCM3-WwIhb0=w408-h306-k-no","false","false","/g/1vr3f6tq","es-419","0","-2.1615629","-79.9165523",,"Miraflores",,"false","ChIJZ-w5qBRuLZARKvJWNNOZlKo","090507","$10-35","Hace 2 años","2023-10-01T16:38:31.918Z",,,,,,,,,,,,,,,,,,,,,"3","4","3","ChdDSUhNMG9nS0VJQ0FnSURabm8tTW5BRRAB",,,,,,,,"Google",,,"4",,,"3350","2026-08-08T17:01:21.389Z","Direct Detail URL: https://www.google.com/maps/place/La+Parrilla+Del+%C3%91ato+-+Urdesa/@-2.1747534,-79.9216969,12.79z/data=!3m1!5s0x902d6d885fe9a76f:0x90560e68c111d162!4m12!1m2!2m1!1sLa+Parrilla+del+%C3%91ato!3m8!1s0x902d6e14a839ec67:0xaa9499d33456f22a!8m2!3d-2.1615629!4d-79.9165523!9m1!1b1!15sChVMYSBQYXJyaWxsYSBkZWwgw5FhdG8iA4gBAVoXIhVsYSBwYXJyaWxsYSBkZWwgw7FhdG-SAQpyZXN0YXVyYW504AEA!16s%2Fg%2F1vr3f6tq?entry=ttu&g_ep=EgoyMDI2MDgwNS4xIKXMDSoASAFQAw%3D%3D","4",,"Victor Emilio Estrada 1219","false",,,"La Parrilla Del Ñato - Urdesa","4.4",,"https://www.google.com/maps/search/?api=1&query=La%20Parrilla%20Del%20%C3%91ato%20-%20Urdesa&query_place_id=ChIJZ-w5qBRuLZARKvJWNNOZlKo",
"Victor Emilio Estrada 1219, 090507 Guayaquil, Ecuador","Restaurante","Restaurante","12291618415396188714","Guayaquil","EC","0x902d6e14a839ec67:0xaa9499d33456f22a",,"https://lh3.googleusercontent.com/gps-cs-s/AHRPTWmIUzVJwpGT6y_wQQ_TKYbRgzO5ugvsumt9t1zWonuk6a3hjdvi8BSM03prBOmsGw6hCC9rMy2ViBaIpkI9HCjeB8TVchHmhSApUHrQYFx7ZvtNdOcKC6sHC5xlMlCM3-WwIhb0=w408-h306-k-no","false","false","/g/1vr3f6tq","es-419","0","-2.1615629","-79.9165523",,"Miraflores",,"false","ChIJZ-w5qBRuLZARKvJWNNOZlKo","090507","$10-35","Hace 2 años","2023-09-27T12:18:32.612Z",,,,,,,,,,,,,,,,,,,,,,,,"ChdDSUhNMG9nS0VJQ0FnSURab3JfTTdRRRAB",,,,,,,,"Google",,,"5",,,"3350","2026-08-08T17:01:21.389Z","Direct Detail URL: https://www.google.com/maps/place/La+Parrilla+Del+%C3%91ato+-+Urdesa/@-2.1747534,-79.9216969,12.79z/data=!3m1!5s0x902d6d885fe9a76f:0x90560e68c111d162!4m12!1m2!2m1!1sLa+Parrilla+del+%C3%91ato!3m8!1s0x902d6e14a839ec67:0xaa9499d33456f22a!8m2!3d-2.1615629!4d-79.9165523!9m1!1b1!15sChVMYSBQYXJyaWxsYSBkZWwgw5FhdG8iA4gBAVoXIhVsYSBwYXJyaWxsYSBkZWwgw7FhdG-SAQpyZXN0YXVyYW504AEA!16s%2Fg%2F1vr3f6tq?entry=ttu&g_ep=EgoyMDI2MDgwNS4xIKXMDSoASAFQAw%3D%3D","5",,"Victor Emilio Estrada 1219","false",,,"La Parrilla Del Ñato - Urdesa","4.4",,"https://www.google.com/maps/search/?api=1&query=La%20Parrilla%20Del%20%C3%91ato%20-%20Urdesa&query_place_id=ChIJZ-w5qBRuLZARKvJWNNOZlKo",
"Victor Emilio Estrada 1219, 090507 Guayaquil, Ecuador","Restaurante","Restaurante","12291618415396188714","Guayaquil","EC","0x902d6e14a839ec67:0xaa9499d33456f22a",,"https://lh3.googleusercontent.com/gps-cs-s/AHRPTWmIUzVJwpGT6y_wQQ_TKYbRgzO5ugvsumt9t1zWonuk6a3hjdvi8BSM03prBOmsGw6hCC9rMy2ViBaIpkI9HCjeB8TVchHmhSApUHrQYFx7ZvtNdOcKC6sHC5xlMlCM3-WwIhb0=w408-h306-k-no","false","true","/g/1vr3f6tq","es-419","0","-2.1615629","-79.9165523",,"Miraflores",,"false","ChIJZ-w5qBRuLZARKvJWNNOZlKo","090507","$10-35","Hace 2 años","2023-09-26T13:48:12.601Z",,,,,,,,,,,,,"$10-15",,,,,,"Cena","Consumo en el lugar","5","3","3","ChZDSUhNMG9nS0VJQ0FnSURaM1B5R0lREAE",,,,,,,,"Google",,,"4",,,"3350","2026-08-08T17:01:21.389Z","Direct Detail URL: https://www.google.com/maps/place/La+Parrilla+Del+%C3%91ato+-+Urdesa/@-2.1747534,-79.9216969,12.79z/data=!3m1!5s0x902d6d885fe9a76f:0x90560e68c111d162!4m12!1m2!2m1!1sLa+Parrilla+del+%C3%91ato!3m8!1s0x902d6e14a839ec67:0xaa9499d33456f22a!8m2!3d-2.1615629!4d-79.9165523!9m1!1b1!15sChVMYSBQYXJyaWxsYSBkZWwgw5FhdG8iA4gBAVoXIhVsYSBwYXJyaWxsYSBkZWwgw7FhdG-SAQpyZXN0YXVyYW504AEA!16s%2Fg%2F1vr3f6tq?entry=ttu&g_ep=EgoyMDI2MDgwNS4xIKXMDSoASAFQAw%3D%3D","3",,"Victor Emilio Estrada 1219","false",,,"La Parrilla Del Ñato - Urdesa","4.4",,"https://www.google.com/maps/search/?api=1&query=La%20Parrilla%20Del%20%C3%91ato%20-%20Urdesa&query_place_id=ChIJZ-w5qBRuLZARKvJWNNOZlKo",
"Victor Emilio Estrada 1219, 090507 Guayaquil, Ecuador","Restaurante","Restaurante","12291618415396188714","Guayaquil","EC","0x902d6e14a839ec67:0xaa9499d33456f22a",,"https://lh3.googleusercontent.com/gps-cs-s/AHRPTWmIUzVJwpGT6y_wQQ_TKYbRgzO5ugvsumt9t1zWonuk6a3hjdvi8BSM03prBOmsGw6hCC9rMy2ViBaIpkI9HCjeB8TVchHmhSApUHrQYFx7ZvtNdOcKC6sHC5xlMlCM3-WwIhb0=w408-h306-k-no","false","false","/g/1vr3f6tq","es-419","0","-2.1615629","-79.9165523",,"Miraflores",,"false","ChIJZ-w5qBRuLZARKvJWNNOZlKo","090507","$10-35","Hace 2 años","2023-09-25T23:58:25.912Z",,,,,,,,,,,,,,,,,,,,,"5","5","5","ChdDSUhNMG9nS0VJQ0FnSURaekozQjdRRRAB",,,,,,,,"Google",,,"2",,,"3350","2026-08-08T17:01:21.389Z","Direct Detail URL: https://www.google.com/maps/place/La+Parrilla+Del+%C3%91ato+-+Urdesa/@-2.1747534,-79.9216969,12.79z/data=!3m1!5s0x902d6d885fe9a76f:0x90560e68c111d162!4m12!1m2!2m1!1sLa+Parrilla+del+%C3%91ato!3m8!1s0x902d6e14a839ec67:0xaa9499d33456f22a!8m2!3d-2.1615629!4d-79.9165523!9m1!1b1!15sChVMYSBQYXJyaWxsYSBkZWwgw5FhdG8iA4gBAVoXIhVsYSBwYXJyaWxsYSBkZWwgw7FhdG-SAQpyZXN0YXVyYW504AEA!16s%2Fg%2F1vr3f6tq?entry=ttu&g_ep=EgoyMDI2MDgwNS4xIKXMDSoASAFQAw%3D%3D","5",,"Victor Emilio Estrada 1219","false",,,"La Parrilla Del Ñato - Urdesa","4.4",,"https://www.google.com/maps/search/?api=1&query=La%20Parrilla%20Del%20%C3%91ato%20-%20Urdesa&query_place_id=ChIJZ-w5qBRuLZARKvJWNNOZlKo",
"Victor Emilio Estrada 1219, 090507 Guayaquil, Ecuador","Restaurante","Restaurante","12291618415396188714","Guayaquil","EC","0x902d6e14a839ec67:0xaa9499d33456f22a",,"https://lh3.googleusercontent.com/gps-cs-s/AHRPTWmIUzVJwpGT6y_wQQ_TKYbRgzO5ugvsumt9t1zWonuk6a3hjdvi8BSM03prBOmsGw6hCC9rMy2ViBaIpkI9HCjeB8TVchHmhSApUHrQYFx7ZvtNdOcKC6sHC5xlMlCM3-WwIhb0=w408-h306-k-no","false","true","/g/1vr3f6tq","es-419","0","-2.1615629","-79.9165523",,"Miraflores",,"false","ChIJZ-w5qBRuLZARKvJWNNOZlKo","090507","$10-35","Hace 2 años","2023-09-24T18:27:49.378Z",,,,,,,,,,,,,,,,,,,,,"3","1","4","ChdDSUhNMG9nS0VJQ0FnSURacEo2MmtBRRAB",,,,,,,,"Google",,,"14",,,"3350","2026-08-08T17:01:21.389Z","Direct Detail URL: https://www.google.com/maps/place/La+Parrilla+Del+%C3%91ato+-+Urdesa/@-2.1747534,-79.9216969,12.79z/data=!3m1!5s0x902d6d885fe9a76f:0x90560e68c111d162!4m12!1m2!2m1!1sLa+Parrilla+del+%C3%91ato!3m8!1s0x902d6e14a839ec67:0xaa9499d33456f22a!8m2!3d-2.1615629!4d-79.9165523!9m1!1b1!15sChVMYSBQYXJyaWxsYSBkZWwgw5FhdG8iA4gBAVoXIhVsYSBwYXJyaWxsYSBkZWwgw7FhdG-SAQpyZXN0YXVyYW504AEA!16s%2Fg%2F1vr3f6tq?entry=ttu&g_ep=EgoyMDI2MDgwNS4xIKXMDSoASAFQAw%3D%3D","2",,"Victor Emilio Estrada 1219","false",,,"La Parrilla Del Ñato - Urdesa","4.4",,"https://www.google.com/maps/search/?api=1&query=La%20Parrilla%20Del%20%C3%91ato%20-%20Urdesa&query_place_id=ChIJZ-w5qBRuLZARKvJWNNOZlKo",
"Victor Emilio Estrada 1219, 090507 Guayaquil, Ecuador","Restaurante","Restaurante","12291618415396188714","Guayaquil","EC","0x902d6e14a839ec67:0xaa9499d33456f22a",,"https://lh3.googleusercontent.com/gps-cs-s/AHRPTWmIUzVJwpGT6y_wQQ_TKYbRgzO5ugvsumt9t1zWonuk6a3hjdvi8BSM03prBOmsGw6hCC9rMy2ViBaIpkI9HCjeB8TVchHmhSApUHrQYFx7ZvtNdOcKC6sHC5xlMlCM3-WwIhb0=w408-h306-k-no","false","true","/g/1vr3f6tq","es-419","0","-2.1615629","-79.9165523",,"Miraflores",,"false","ChIJZ-w5qBRuLZARKvJWNNOZlKo","090507","$10-35","Hace 2 años","2023-09-20T20:06:41.310Z",,,,,,,,,,,,,,,,,,,,,"5","5","5","ChdDSUhNMG9nS0VJQ0FnSUNaejVfaGxRRRAB",,,,,,,,"Google",,,"15",,,"3350","2026-08-08T17:01:21.389Z","Direct Detail URL: https://www.google.com/maps/place/La+Parrilla+Del+%C3%91ato+-+Urdesa/@-2.1747534,-79.9216969,12.79z/data=!3m1!5s0x902d6d885fe9a76f:0x90560e68c111d162!4m12!1m2!2m1!1sLa+Parrilla+del+%C3%91ato!3m8!1s0x902d6e14a839ec67:0xaa9499d33456f22a!8m2!3d-2.1615629!4d-79.9165523!9m1!1b1!15sChVMYSBQYXJyaWxsYSBkZWwgw5FhdG8iA4gBAVoXIhVsYSBwYXJyaWxsYSBkZWwgw7FhdG-SAQpyZXN0YXVyYW504AEA!16s%2Fg%2F1vr3f6tq?entry=ttu&g_ep=EgoyMDI2MDgwNS4xIKXMDSoASAFQAw%3D%3D","5",,"Victor Emilio Estrada 1219","false",,,"La Parrilla Del Ñato - Urdesa","4.4",,"https://www.google.com/maps/search/?api=1&query=La%20Parrilla%20Del%20%C3%91ato%20-%20Urdesa&query_place_id=ChIJZ-w5qBRuLZARKvJWNNOZlKo",
"Victor Emilio Estrada 1219, 090507 Guayaquil, Ecuador","Restaurante","Restaurante","12291618415396188714","Guayaquil","EC","0x902d6e14a839ec67:0xaa9499d33456f22a",,"https://lh3.googleusercontent.com/gps-cs-s/AHRPTWmIUzVJwpGT6y_wQQ_TKYbRgzO5ugvsumt9t1zWonuk6a3hjdvi8BSM03prBOmsGw6hCC9rMy2ViBaIpkI9HCjeB8TVchHmhSApUHrQYFx7ZvtNdOcKC6sHC5xlMlCM3-WwIhb0=w408-h306-k-no","false","true","/g/1vr3f6tq","es-419","1","-2.1615629","-79.9165523",,"Miraflores","es","false","ChIJZ-w5qBRuLZARKvJWNNOZlKo","090507","$10-35","Hace 2 años","2023-09-15T22:27:32.162Z",,,,,,,,,,,,,,,,,,,,,,,,"ChZDSUhNMG9nS0VJQ0FnSUNaN1pucElnEAE",,,,,,,,"Google",,,"116",,,"3350","2026-08-08T17:01:21.389Z","Direct Detail URL: https://www.google.com/maps/place/La+Parrilla+Del+%C3%91ato+-+Urdesa/@-2.1747534,-79.9216969,12.79z/data=!3m1!5s0x902d6d885fe9a76f:0x90560e68c111d162!4m12!1m2!2m1!1sLa+Parrilla+del+%C3%91ato!3m8!1s0x902d6e14a839ec67:0xaa9499d33456f22a!8m2!3d-2.1615629!4d-79.9165523!9m1!1b1!15sChVMYSBQYXJyaWxsYSBkZWwgw5FhdG8iA4gBAVoXIhVsYSBwYXJyaWxsYSBkZWwgw7FhdG-SAQpyZXN0YXVyYW504AEA!16s%2Fg%2F1vr3f6tq?entry=ttu&g_ep=EgoyMDI2MDgwNS4xIKXMDSoASAFQAw%3D%3D","5",,"Victor Emilio Estrada 1219","false","Muy deliciosa comida",,"La Parrilla Del Ñato - Urdesa","4.4",,"https://www.google.com/maps/search/?api=1&query=La%20Parrilla%20Del%20%C3%91ato%20-%20Urdesa&query_place_id=ChIJZ-w5qBRuLZARKvJWNNOZlKo",
"Victor Emilio Estrada 1219, 090507 Guayaquil, Ecuador","Restaurante","Restaurante","12291618415396188714","Guayaquil","EC","0x902d6e14a839ec67:0xaa9499d33456f22a",,"https://lh3.googleusercontent.com/gps-cs-s/AHRPTWmIUzVJwpGT6y_wQQ_TKYbRgzO5ugvsumt9t1zWonuk6a3hjdvi8BSM03prBOmsGw6hCC9rMy2ViBaIpkI9HCjeB8TVchHmhSApUHrQYFx7ZvtNdOcKC6sHC5xlMlCM3-WwIhb0=w408-h306-k-no","false","true","/g/1vr3f6tq","es-419","0","-2.1615629","-79.9165523",,"Miraflores","es","false","ChIJZ-w5qBRuLZARKvJWNNOZlKo","090507","$10-35","Hace 2 años","2023-09-15T02:19:21.725Z",,,,,,,,,,,"Pizza Ñato",,,,,,,,,,"5","5","5","ChZDSUhNMG9nS0VJQ0FnSUNadGRpa0JnEAE",,,,,,,,"Google",,,"32",,,"3350","2026-08-08T17:01:21.389Z","Direct Detail URL: https://www.google.com/maps/place/La+Parrilla+Del+%C3%91ato+-+Urdesa/@-2.1747534,-79.9216969,12.79z/data=!3m1!5s0x902d6d885fe9a76f:0x90560e68c111d162!4m12!1m2!2m1!1sLa+Parrilla+del+%C3%91ato!3m8!1s0x902d6e14a839ec67:0xaa9499d33456f22a!8m2!3d-2.1615629!4d-79.9165523!9m1!1b1!15sChVMYSBQYXJyaWxsYSBkZWwgw5FhdG8iA4gBAVoXIhVsYSBwYXJyaWxsYSBkZWwgw7FhdG-SAQpyZXN0YXVyYW504AEA!16s%2Fg%2F1vr3f6tq?entry=ttu&g_ep=EgoyMDI2MDgwNS4xIKXMDSoASAFQAw%3D%3D","5",,"Victor Emilio Estrada 1219","false","Excelente",,"La Parrilla Del Ñato - Urdesa","4.4",,"https://www.google.com/maps/search/?api=1&query=La%20Parrilla%20Del%20%C3%91ato%20-%20Urdesa&query_place_id=ChIJZ-w5qBRuLZARKvJWNNOZlKo",
"Victor Emilio Estrada 1219, 090507 Guayaquil, Ecuador","Restaurante","Restaurante","12291618415396188714","Guayaquil","EC","0x902d6e14a839ec67:0xaa9499d33456f22a",,"https://lh3.googleusercontent.com/gps-cs-s/AHRPTWmIUzVJwpGT6y_wQQ_TKYbRgzO5ugvsumt9t1zWonuk6a3hjdvi8BSM03prBOmsGw6hCC9rMy2ViBaIpkI9HCjeB8TVchHmhSApUHrQYFx7ZvtNdOcKC6sHC5xlMlCM3-WwIhb0=w408-h306-k-no","false","true","/g/1vr3f6tq","es-419","0","-2.1615629","-79.9165523",,"Miraflores","es","false","ChIJZ-w5qBRuLZARKvJWNNOZlKo","090507","$10-35","Hace 2 años","2023-09-11T04:07:40.522Z",,,,,,,,,,,,,,,,,,,,,"3","2","3","ChdDSUhNMG9nS0VJQ0FnSUNabm9xSDZBRRAB",,,,,,,,"Google",,,"70",,,"3350","2026-08-08T17:01:21.389Z","Direct Detail URL: https://www.google.com/maps/place/La+Parrilla+Del+%C3%91ato+-+Urdesa/@-2.1747534,-79.9216969,12.79z/data=!3m1!5s0x902d6d885fe9a76f:0x90560e68c111d162!4m12!1m2!2m1!1sLa+Parrilla+del+%C3%91ato!3m8!1s0x902d6e14a839ec67:0xaa9499d33456f22a!8m2!3d-2.1615629!4d-79.9165523!9m1!1b1!15sChVMYSBQYXJyaWxsYSBkZWwgw5FhdG8iA4gBAVoXIhVsYSBwYXJyaWxsYSBkZWwgw7FhdG-SAQpyZXN0YXVyYW504AEA!16s%2Fg%2F1vr3f6tq?entry=ttu&g_ep=EgoyMDI2MDgwNS4xIKXMDSoASAFQAw%3D%3D","2",,"Victor Emilio Estrada 1219","false","Han descuidado la sazón",,"La Parrilla Del Ñato - Urdesa","4.4",,"https://www.google.com/maps/search/?api=1&query=La%20Parrilla%20Del%20%C3%91ato%20-%20Urdesa&query_place_id=ChIJZ-w5qBRuLZARKvJWNNOZlKo",
"Victor Emilio Estrada 1219, 090507 Guayaquil, Ecuador","Restaurante","Restaurante","12291618415396188714","Guayaquil","EC","0x902d6e14a839ec67:0xaa9499d33456f22a",,"https://lh3.googleusercontent.com/gps-cs-s/AHRPTWmIUzVJwpGT6y_wQQ_TKYbRgzO5ugvsumt9t1zWonuk6a3hjdvi8BSM03prBOmsGw6hCC9rMy2ViBaIpkI9HCjeB8TVchHmhSApUHrQYFx7ZvtNdOcKC6sHC5xlMlCM3-WwIhb0=w408-h306-k-no","false","true","/g/1vr3f6tq","es-419","0","-2.1615629","-79.9165523",,"Miraflores","es","false","ChIJZ-w5qBRuLZARKvJWNNOZlKo","090507","$10-35","Hace 2 años","2023-09-11T01:48:43.827Z",,,,,,,,,,,,,"$30-35",,,,,,"Cena","Consumo en el lugar","5","3","5","ChdDSUhNMG9nS0VJQ0FnSUNaN29mb2xRRRAB",,,,,,,,"Google",,,"57",,,"3350","2026-08-08T17:01:21.389Z","Direct Detail URL: https://www.google.com/maps/place/La+Parrilla+Del+%C3%91ato+-+Urdesa/@-2.1747534,-79.9216969,12.79z/data=!3m1!5s0x902d6d885fe9a76f:0x90560e68c111d162!4m12!1m2!2m1!1sLa+Parrilla+del+%C3%91ato!3m8!1s0x902d6e14a839ec67:0xaa9499d33456f22a!8m2!3d-2.1615629!4d-79.9165523!9m1!1b1!15sChVMYSBQYXJyaWxsYSBkZWwgw5FhdG8iA4gBAVoXIhVsYSBwYXJyaWxsYSBkZWwgw7FhdG-SAQpyZXN0YXVyYW504AEA!16s%2Fg%2F1vr3f6tq?entry=ttu&g_ep=EgoyMDI2MDgwNS4xIKXMDSoASAFQAw%3D%3D","4",,"Victor Emilio Estrada 1219","false","La comida estuvo regular, no estaba acorde al precio (alto).",,"La Parrilla Del Ñato - Urdesa","4.4",,"https://www.google.com/maps/search/?api=1&query=La%20Parrilla%20Del%20%C3%91ato%20-%20Urdesa&query_place_id=ChIJZ-w5qBRuLZARKvJWNNOZlKo",
"Victor Emilio Estrada 1219, 090507 Guayaquil, Ecuador","Restaurante","Restaurante","12291618415396188714","Guayaquil","EC","0x902d6e14a839ec67:0xaa9499d33456f22a",,"https://lh3.googleusercontent.com/gps-cs-s/AHRPTWmIUzVJwpGT6y_wQQ_TKYbRgzO5ugvsumt9t1zWonuk6a3hjdvi8BSM03prBOmsGw6hCC9rMy2ViBaIpkI9HCjeB8TVchHmhSApUHrQYFx7ZvtNdOcKC6sHC5xlMlCM3-WwIhb0=w408-h306-k-no","false","true","/g/1vr3f6tq","es-419","0","-2.1615629","-79.9165523",,"Miraflores","es","false","ChIJZ-w5qBRuLZARKvJWNNOZlKo","090507","$10-35","Hace 2 años","2023-09-10T21:44:09.876Z",,,,,,,,,,,"Ricas Ensaladas",,"Más de $50",,,,,,"Otro","Consumo en el lugar","5","5","5","ChdDSUhNMG9nS0VJQ0FnSUNaN3ZpTDBnRRAB",,,,,,,,"Google",,,"77",,,"3350","2026-08-08T17:01:21.389Z","Direct Detail URL: https://www.google.com/maps/place/La+Parrilla+Del+%C3%91ato+-+Urdesa/@-2.1747534,-79.9216969,12.79z/data=!3m1!5s0x902d6d885fe9a76f:0x90560e68c111d162!4m12!1m2!2m1!1sLa+Parrilla+del+%C3%91ato!3m8!1s0x902d6e14a839ec67:0xaa9499d33456f22a!8m2!3d-2.1615629!4d-79.9165523!9m1!1b1!15sChVMYSBQYXJyaWxsYSBkZWwgw5FhdG8iA4gBAVoXIhVsYSBwYXJyaWxsYSBkZWwgw7FhdG-SAQpyZXN0YXVyYW504AEA!16s%2Fg%2F1vr3f6tq?entry=ttu&g_ep=EgoyMDI2MDgwNS4xIKXMDSoASAFQAw%3D%3D","5",,"Victor Emilio Estrada 1219","false","La parrilla en du punto, ensaladas frescas y jugos frescos .muy buena atención, recomendable cien por ciento.",,"La Parrilla Del Ñato - Urdesa","4.4",,"https://www.google.com/maps/search/?api=1&query=La%20Parrilla%20Del%20%C3%91ato%20-%20Urdesa&query_place_id=ChIJZ-w5qBRuLZARKvJWNNOZlKo",
"Victor Emilio Estrada 1219, 090507 Guayaquil, Ecuador","Restaurante","Restaurante","12291618415396188714","Guayaquil","EC","0x902d6e14a839ec67:0xaa9499d33456f22a",,"https://lh3.googleusercontent.com/gps-cs-s/AHRPTWmIUzVJwpGT6y_wQQ_TKYbRgzO5ugvsumt9t1zWonuk6a3hjdvi8BSM03prBOmsGw6hCC9rMy2ViBaIpkI9HCjeB8TVchHmhSApUHrQYFx7ZvtNdOcKC6sHC5xlMlCM3-WwIhb0=w408-h306-k-no","false","false","/g/1vr3f6tq","es-419","0","-2.1615629","-79.9165523",,"Miraflores","es","false","ChIJZ-w5qBRuLZARKvJWNNOZlKo","090507","$10-35","Hace 2 años","2023-09-06T18:33:09.138Z",,,,,,,,,,,,,,,,,,,,,"5","5","5","ChdDSUhNMG9nS0VJQ0FnSUNaZ3Y2d3BRRRAB",,,,,,,,"Google",,,"2",,,"3350","2026-08-08T17:01:21.389Z","Direct Detail URL: https://www.google.com/maps/place/La+Parrilla+Del+%C3%91ato+-+Urdesa/@-2.1747534,-79.9216969,12.79z/data=!3m1!5s0x902d6d885fe9a76f:0x90560e68c111d162!4m12!1m2!2m1!1sLa+Parrilla+del+%C3%91ato!3m8!1s0x902d6e14a839ec67:0xaa9499d33456f22a!8m2!3d-2.1615629!4d-79.9165523!9m1!1b1!15sChVMYSBQYXJyaWxsYSBkZWwgw5FhdG8iA4gBAVoXIhVsYSBwYXJyaWxsYSBkZWwgw7FhdG-SAQpyZXN0YXVyYW504AEA!16s%2Fg%2F1vr3f6tq?entry=ttu&g_ep=EgoyMDI2MDgwNS4xIKXMDSoASAFQAw%3D%3D","5",,"Victor Emilio Estrada 1219","false","Es espectacular la comida exquisita y sigue con Buenos precios y excelente costa en carnes",,"La Parrilla Del Ñato - Urdesa","4.4",,"https://www.google.com/maps/search/?api=1&query=La%20Parrilla%20Del%20%C3%91ato%20-%20Urdesa&query_place_id=ChIJZ-w5qBRuLZARKvJWNNOZlKo",
"Victor Emilio Estrada 1219, 090507 Guayaquil, Ecuador","Restaurante","Restaurante","12291618415396188714","Guayaquil","EC","0x902d6e14a839ec67:0xaa9499d33456f22a",,"https://lh3.googleusercontent.com/gps-cs-s/AHRPTWmIUzVJwpGT6y_wQQ_TKYbRgzO5ugvsumt9t1zWonuk6a3hjdvi8BSM03prBOmsGw6hCC9rMy2ViBaIpkI9HCjeB8TVchHmhSApUHrQYFx7ZvtNdOcKC6sHC5xlMlCM3-WwIhb0=w408-h306-k-no","false","false","/g/1vr3f6tq","es-419","0","-2.1615629","-79.9165523",,"Miraflores","es","false","ChIJZ-w5qBRuLZARKvJWNNOZlKo","090507","$10-35","Hace 2 años","2023-09-05T19:35:57.542Z",,,,,,,,,,,,,,,,,,,,,"5","5","5","ChZDSUhNMG9nS0VJQ0FnSUNack1HcFZBEAE",,,,,,,,"Google",,,"2",,,"3350","2026-08-08T17:01:21.389Z","Direct Detail URL: https://www.google.com/maps/place/La+Parrilla+Del+%C3%91ato+-+Urdesa/@-2.1747534,-79.9216969,12.79z/data=!3m1!5s0x902d6d885fe9a76f:0x90560e68c111d162!4m12!1m2!2m1!1sLa+Parrilla+del+%C3%91ato!3m8!1s0x902d6e14a839ec67:0xaa9499d33456f22a!8m2!3d-2.1615629!4d-79.9165523!9m1!1b1!15sChVMYSBQYXJyaWxsYSBkZWwgw5FhdG8iA4gBAVoXIhVsYSBwYXJyaWxsYSBkZWwgw7FhdG-SAQpyZXN0YXVyYW504AEA!16s%2Fg%2F1vr3f6tq?entry=ttu&g_ep=EgoyMDI2MDgwNS4xIKXMDSoASAFQAw%3D%3D","5",,"Victor Emilio Estrada 1219","false","Me gusto excelente servicio",,"La Parrilla Del Ñato - Urdesa","4.4",,"https://www.google.com/maps/search/?api=1&query=La%20Parrilla%20Del%20%C3%91ato%20-%20Urdesa&query_place_id=ChIJZ-w5qBRuLZARKvJWNNOZlKo",
"Victor Emilio Estrada 1219, 090507 Guayaquil, Ecuador","Restaurante","Restaurante","12291618415396188714","Guayaquil","EC","0x902d6e14a839ec67:0xaa9499d33456f22a",,"https://lh3.googleusercontent.com/gps-cs-s/AHRPTWmIUzVJwpGT6y_wQQ_TKYbRgzO5ugvsumt9t1zWonuk6a3hjdvi8BSM03prBOmsGw6hCC9rMy2ViBaIpkI9HCjeB8TVchHmhSApUHrQYFx7ZvtNdOcKC6sHC5xlMlCM3-WwIhb0=w408-h306-k-no","false","false","/g/1vr3f6tq","es-419","0","-2.1615629","-79.9165523",,"Miraflores",,"false","ChIJZ-w5qBRuLZARKvJWNNOZlKo","090507","$10-35","Hace 2 años","2023-09-04T23:49:50.545Z",,,,,,,,,,,,,,,,,,,,,"5","5","5","ChdDSUhNMG9nS0VJQ0FnSUNabE9QTDVRRRAB",,,,,,,,"Google",,,"1",,,"3350","2026-08-08T17:01:21.389Z","Direct Detail URL: https://www.google.com/maps/place/La+Parrilla+Del+%C3%91ato+-+Urdesa/@-2.1747534,-79.9216969,12.79z/data=!3m1!5s0x902d6d885fe9a76f:0x90560e68c111d162!4m12!1m2!2m1!1sLa+Parrilla+del+%C3%91ato!3m8!1s0x902d6e14a839ec67:0xaa9499d33456f22a!8m2!3d-2.1615629!4d-79.9165523!9m1!1b1!15sChVMYSBQYXJyaWxsYSBkZWwgw5FhdG8iA4gBAVoXIhVsYSBwYXJyaWxsYSBkZWwgw7FhdG-SAQpyZXN0YXVyYW504AEA!16s%2Fg%2F1vr3f6tq?entry=ttu&g_ep=EgoyMDI2MDgwNS4xIKXMDSoASAFQAw%3D%3D","5",,"Victor Emilio Estrada 1219","false",,,"La Parrilla Del Ñato - Urdesa","4.4",,"https://www.google.com/maps/search/?api=1&query=La%20Parrilla%20Del%20%C3%91ato%20-%20Urdesa&query_place_id=ChIJZ-w5qBRuLZARKvJWNNOZlKo",
"Victor Emilio Estrada 1219, 090507 Guayaquil, Ecuador","Restaurante","Restaurante","12291618415396188714","Guayaquil","EC","0x902d6e14a839ec67:0xaa9499d33456f22a",,"https://lh3.googleusercontent.com/gps-cs-s/AHRPTWmIUzVJwpGT6y_wQQ_TKYbRgzO5ugvsumt9t1zWonuk6a3hjdvi8BSM03prBOmsGw6hCC9rMy2ViBaIpkI9HCjeB8TVchHmhSApUHrQYFx7ZvtNdOcKC6sHC5xlMlCM3-WwIhb0=w408-h306-k-no","false","false","/g/1vr3f6tq","es-419","0","-2.1615629","-79.9165523",,"Miraflores",,"false","ChIJZ-w5qBRuLZARKvJWNNOZlKo","090507","$10-35","Hace 2 años","2023-08-28T23:32:20.959Z",,,,,,,,,,,,,,,,,,,,,"5","5","5","ChZDSUhNMG9nS0VJQ0FnSURwODd1b0x3EAE",,,,,,,,"Google",,,"3",,,"3350","2026-08-08T17:01:21.389Z","Direct Detail URL: https://www.google.com/maps/place/La+Parrilla+Del+%C3%91ato+-+Urdesa/@-2.1747534,-79.9216969,12.79z/data=!3m1!5s0x902d6d885fe9a76f:0x90560e68c111d162!4m12!1m2!2m1!1sLa+Parrilla+del+%C3%91ato!3m8!1s0x902d6e14a839ec67:0xaa9499d33456f22a!8m2!3d-2.1615629!4d-79.9165523!9m1!1b1!15sChVMYSBQYXJyaWxsYSBkZWwgw5FhdG8iA4gBAVoXIhVsYSBwYXJyaWxsYSBkZWwgw7FhdG-SAQpyZXN0YXVyYW504AEA!16s%2Fg%2F1vr3f6tq?entry=ttu&g_ep=EgoyMDI2MDgwNS4xIKXMDSoASAFQAw%3D%3D","5",,"Victor Emilio Estrada 1219","false",,,"La Parrilla Del Ñato - Urdesa","4.4",,"https://www.google.com/maps/search/?api=1&query=La%20Parrilla%20Del%20%C3%91ato%20-%20Urdesa&query_place_id=ChIJZ-w5qBRuLZARKvJWNNOZlKo",
"Victor Emilio Estrada 1219, 090507 Guayaquil, Ecuador","Restaurante","Restaurante","12291618415396188714","Guayaquil","EC","0x902d6e14a839ec67:0xaa9499d33456f22a",,"https://lh3.googleusercontent.com/gps-cs-s/AHRPTWmIUzVJwpGT6y_wQQ_TKYbRgzO5ugvsumt9t1zWonuk6a3hjdvi8BSM03prBOmsGw6hCC9rMy2ViBaIpkI9HCjeB8TVchHmhSApUHrQYFx7ZvtNdOcKC6sHC5xlMlCM3-WwIhb0=w408-h306-k-no","false","true","/g/1vr3f6tq","es-419","0","-2.1615629","-79.9165523",,"Miraflores",,"false","ChIJZ-w5qBRuLZARKvJWNNOZlKo","090507","$10-35","Hace 2 años","2023-08-18T03:54:36.053Z",,,,,,,,,,,,,,,,,,,,,,,,"ChZDSUhNMG9nS0VJQ0FnSURwM0ktd1JREAE",,,,,,,,"Google",,,"8",,,"3350","2026-08-08T17:01:21.389Z","Direct Detail URL: https://www.google.com/maps/place/La+Parrilla+Del+%C3%91ato+-+Urdesa/@-2.1747534,-79.9216969,12.79z/data=!3m1!5s0x902d6d885fe9a76f:0x90560e68c111d162!4m12!1m2!2m1!1sLa+Parrilla+del+%C3%91ato!3m8!1s0x902d6e14a839ec67:0xaa9499d33456f22a!8m2!3d-2.1615629!4d-79.9165523!9m1!1b1!15sChVMYSBQYXJyaWxsYSBkZWwgw5FhdG8iA4gBAVoXIhVsYSBwYXJyaWxsYSBkZWwgw7FhdG-SAQpyZXN0YXVyYW504AEA!16s%2Fg%2F1vr3f6tq?entry=ttu&g_ep=EgoyMDI2MDgwNS4xIKXMDSoASAFQAw%3D%3D","2",,"Victor Emilio Estrada 1219","false",,,"La Parrilla Del Ñato - Urdesa","4.4",,"https://www.google.com/maps/search/?api=1&query=La%20Parrilla%20Del%20%C3%91ato%20-%20Urdesa&query_place_id=ChIJZ-w5qBRuLZARKvJWNNOZlKo",
"Victor Emilio Estrada 1219, 090507 Guayaquil, Ecuador","Restaurante","Restaurante","12291618415396188714","Guayaquil","EC","0x902d6e14a839ec67:0xaa9499d33456f22a",,"https://lh3.googleusercontent.com/gps-cs-s/AHRPTWmIUzVJwpGT6y_wQQ_TKYbRgzO5ugvsumt9t1zWonuk6a3hjdvi8BSM03prBOmsGw6hCC9rMy2ViBaIpkI9HCjeB8TVchHmhSApUHrQYFx7ZvtNdOcKC6sHC5xlMlCM3-WwIhb0=w408-h306-k-no","false","false","/g/1vr3f6tq","es-419","0","-2.1615629","-79.9165523",,"Miraflores",,"false","ChIJZ-w5qBRuLZARKvJWNNOZlKo","090507","$10-35","Hace 2 años","2023-08-11T18:46:06.043Z",,,,,"Es un poco difícil encontrar estacionamiento",,,,,"Estacionamiento pagado","Pizza Ñato",,"$5-10",,,,,,"Brunch","Consumo en el lugar",,,,"ChZDSUhNMG9nS0VJQ0FnSUNwcF9yQ2Z3EAE",,,,,,,,"Google",,,"2",,,"3350","2026-08-08T17:01:21.389Z","Direct Detail URL: https://www.google.com/maps/place/La+Parrilla+Del+%C3%91ato+-+Urdesa/@-2.1747534,-79.9216969,12.79z/data=!3m1!5s0x902d6d885fe9a76f:0x90560e68c111d162!4m12!1m2!2m1!1sLa+Parrilla+del+%C3%91ato!3m8!1s0x902d6e14a839ec67:0xaa9499d33456f22a!8m2!3d-2.1615629!4d-79.9165523!9m1!1b1!15sChVMYSBQYXJyaWxsYSBkZWwgw5FhdG8iA4gBAVoXIhVsYSBwYXJyaWxsYSBkZWwgw7FhdG-SAQpyZXN0YXVyYW504AEA!16s%2Fg%2F1vr3f6tq?entry=ttu&g_ep=EgoyMDI2MDgwNS4xIKXMDSoASAFQAw%3D%3D","5",,"Victor Emilio Estrada 1219","false",,,"La Parrilla Del Ñato - Urdesa","4.4",,"https://www.google.com/maps/search/?api=1&query=La%20Parrilla%20Del%20%C3%91ato%20-%20Urdesa&query_place_id=ChIJZ-w5qBRuLZARKvJWNNOZlKo",
"Victor Emilio Estrada 1219, 090507 Guayaquil, Ecuador","Restaurante","Restaurante","12291618415396188714","Guayaquil","EC","0x902d6e14a839ec67:0xaa9499d33456f22a",,"https://lh3.googleusercontent.com/gps-cs-s/AHRPTWmIUzVJwpGT6y_wQQ_TKYbRgzO5ugvsumt9t1zWonuk6a3hjdvi8BSM03prBOmsGw6hCC9rMy2ViBaIpkI9HCjeB8TVchHmhSApUHrQYFx7ZvtNdOcKC6sHC5xlMlCM3-WwIhb0=w408-h306-k-no","false","true","/g/1vr3f6tq","es-419","0","-2.1615629","-79.9165523",,"Miraflores",,"false","ChIJZ-w5qBRuLZARKvJWNNOZlKo","090507","$10-35","Hace 2 años","2023-08-10T05:17:25.694Z",,,,,,,,,,,"Parrillada Familia Feliz, Jarra de Sangría",,"$35-40",,,,,,"Otro","Consumo en el lugar","5","5","5","ChZDSUhNMG9nS0VJQ0FnSUNwczRfQ1JBEAE",,,,,,,,"Google",,,"21",,,"3350","2026-08-08T17:01:21.389Z","Direct Detail URL: https://www.google.com/maps/place/La+Parrilla+Del+%C3%91ato+-+Urdesa/@-2.1747534,-79.9216969,12.79z/data=!3m1!5s0x902d6d885fe9a76f:0x90560e68c111d162!4m12!1m2!2m1!1sLa+Parrilla+del+%C3%91ato!3m8!1s0x902d6e14a839ec67:0xaa9499d33456f22a!8m2!3d-2.1615629!4d-79.9165523!9m1!1b1!15sChVMYSBQYXJyaWxsYSBkZWwgw5FhdG8iA4gBAVoXIhVsYSBwYXJyaWxsYSBkZWwgw7FhdG-SAQpyZXN0YXVyYW504AEA!16s%2Fg%2F1vr3f6tq?entry=ttu&g_ep=EgoyMDI2MDgwNS4xIKXMDSoASAFQAw%3D%3D","5",,"Victor Emilio Estrada 1219","false",,,"La Parrilla Del Ñato - Urdesa","4.4",,"https://www.google.com/maps/search/?api=1&query=La%20Parrilla%20Del%20%C3%91ato%20-%20Urdesa&query_place_id=ChIJZ-w5qBRuLZARKvJWNNOZlKo",
"Victor Emilio Estrada 1219, 090507 Guayaquil, Ecuador","Restaurante","Restaurante","12291618415396188714","Guayaquil","EC","0x902d6e14a839ec67:0xaa9499d33456f22a",,"https://lh3.googleusercontent.com/gps-cs-s/AHRPTWmIUzVJwpGT6y_wQQ_TKYbRgzO5ugvsumt9t1zWonuk6a3hjdvi8BSM03prBOmsGw6hCC9rMy2ViBaIpkI9HCjeB8TVchHmhSApUHrQYFx7ZvtNdOcKC6sHC5xlMlCM3-WwIhb0=w408-h306-k-no","false","false","/g/1vr3f6tq","es-419","0","-2.1615629","-79.9165523",,"Miraflores","es","false","ChIJZ-w5qBRuLZARKvJWNNOZlKo","090507","$10-35","Hace 2 años","2023-08-08T21:27:19.910Z",,,,,,,,,,,,,"Más de $50",,,,,,"Cena","Consumo en el lugar","3","1","4","ChZDSUhNMG9nS0VJQ0FnSUNwM2YzWER3EAE","https://lh3.googleusercontent.com/grass-cs/ACvplmMeunwOVnHQGkKMeNYgi26Gm9luhbGS7QQxUs3uW4LswdjC5tVvpLqhN3Qh0I8rhmLq-HXZntduExu9h78j-xkYzyJUXnY7dxtpUhSP1hDMijKnMHtVHPsWyBX9wNDQacRJvVCP=k-no",,,,,,,"Google",,,"9",,,"3350","2026-08-08T17:01:21.389Z","Direct Detail URL: https://www.google.com/maps/place/La+Parrilla+Del+%C3%91ato+-+Urdesa/@-2.1747534,-79.9216969,12.79z/data=!3m1!5s0x902d6d885fe9a76f:0x90560e68c111d162!4m12!1m2!2m1!1sLa+Parrilla+del+%C3%91ato!3m8!1s0x902d6e14a839ec67:0xaa9499d33456f22a!8m2!3d-2.1615629!4d-79.9165523!9m1!1b1!15sChVMYSBQYXJyaWxsYSBkZWwgw5FhdG8iA4gBAVoXIhVsYSBwYXJyaWxsYSBkZWwgw7FhdG-SAQpyZXN0YXVyYW504AEA!16s%2Fg%2F1vr3f6tq?entry=ttu&g_ep=EgoyMDI2MDgwNS4xIKXMDSoASAFQAw%3D%3D","1",,"Victor Emilio Estrada 1219","false","Lamentablemente la calidad de la comida decreció de forma rotunda.
El ambiente un poco caluroso, sinceramente salimos decepcionados del lugar.",,"La Parrilla Del Ñato - Urdesa","4.4",,"https://www.google.com/maps/search/?api=1&query=La%20Parrilla%20Del%20%C3%91ato%20-%20Urdesa&query_place_id=ChIJZ-w5qBRuLZARKvJWNNOZlKo",
"Victor Emilio Estrada 1219, 090507 Guayaquil, Ecuador","Restaurante","Restaurante","12291618415396188714","Guayaquil","EC","0x902d6e14a839ec67:0xaa9499d33456f22a",,"https://lh3.googleusercontent.com/gps-cs-s/AHRPTWmIUzVJwpGT6y_wQQ_TKYbRgzO5ugvsumt9t1zWonuk6a3hjdvi8BSM03prBOmsGw6hCC9rMy2ViBaIpkI9HCjeB8TVchHmhSApUHrQYFx7ZvtNdOcKC6sHC5xlMlCM3-WwIhb0=w408-h306-k-no","false","false","/g/1vr3f6tq","es-419","0","-2.1615629","-79.9165523",,"Miraflores",,"false","ChIJZ-w5qBRuLZARKvJWNNOZlKo","090507","$10-35","Hace 3 años","2023-08-05T20:49:15.145Z",,,,,,,,,,,,,,,,,,,,,,,,"ChZDSUhNMG9nS0VJQ0FnSUNwOGZYT0lnEAE",,,,,,,,"Google",,,"3",,,"3350","2026-08-08T17:01:21.389Z","Direct Detail URL: https://www.google.com/maps/place/La+Parrilla+Del+%C3%91ato+-+Urdesa/@-2.1747534,-79.9216969,12.79z/data=!3m1!5s0x902d6d885fe9a76f:0x90560e68c111d162!4m12!1m2!2m1!1sLa+Parrilla+del+%C3%91ato!3m8!1s0x902d6e14a839ec67:0xaa9499d33456f22a!8m2!3d-2.1615629!4d-79.9165523!9m1!1b1!15sChVMYSBQYXJyaWxsYSBkZWwgw5FhdG8iA4gBAVoXIhVsYSBwYXJyaWxsYSBkZWwgw7FhdG-SAQpyZXN0YXVyYW504AEA!16s%2Fg%2F1vr3f6tq?entry=ttu&g_ep=EgoyMDI2MDgwNS4xIKXMDSoASAFQAw%3D%3D","4",,"Victor Emilio Estrada 1219","false",,,"La Parrilla Del Ñato - Urdesa","4.4",,"https://www.google.com/maps/search/?api=1&query=La%20Parrilla%20Del%20%C3%91ato%20-%20Urdesa&query_place_id=ChIJZ-w5qBRuLZARKvJWNNOZlKo",
"Victor Emilio Estrada 1219, 090507 Guayaquil, Ecuador","Restaurante","Restaurante","12291618415396188714","Guayaquil","EC","0x902d6e14a839ec67:0xaa9499d33456f22a",,"https://lh3.googleusercontent.com/gps-cs-s/AHRPTWmIUzVJwpGT6y_wQQ_TKYbRgzO5ugvsumt9t1zWonuk6a3hjdvi8BSM03prBOmsGw6hCC9rMy2ViBaIpkI9HCjeB8TVchHmhSApUHrQYFx7ZvtNdOcKC6sHC5xlMlCM3-WwIhb0=w408-h306-k-no","false","true","/g/1vr3f6tq","es-419","1","-2.1615629","-79.9165523",,"Miraflores",,"false","ChIJZ-w5qBRuLZARKvJWNNOZlKo","090507","$10-35","Hace 3 años","2023-08-01T18:56:56.663Z",,,,,,,,,,,,,,,,,,,,,"5","5","5","ChZDSUhNMG9nS0VJQ0FnSUNwNnNHTFhBEAE",,,,,,,,"Google",,,"10",,,"3350","2026-08-08T17:01:21.389Z","Direct Detail URL: https://www.google.com/maps/place/La+Parrilla+Del+%C3%91ato+-+Urdesa/@-2.1747534,-79.9216969,12.79z/data=!3m1!5s0x902d6d885fe9a76f:0x90560e68c111d162!4m12!1m2!2m1!1sLa+Parrilla+del+%C3%91ato!3m8!1s0x902d6e14a839ec67:0xaa9499d33456f22a!8m2!3d-2.1615629!4d-79.9165523!9m1!1b1!15sChVMYSBQYXJyaWxsYSBkZWwgw5FhdG8iA4gBAVoXIhVsYSBwYXJyaWxsYSBkZWwgw7FhdG-SAQpyZXN0YXVyYW504AEA!16s%2Fg%2F1vr3f6tq?entry=ttu&g_ep=EgoyMDI2MDgwNS4xIKXMDSoASAFQAw%3D%3D","5",,"Victor Emilio Estrada 1219","false",,,"La Parrilla Del Ñato - Urdesa","4.4",,"https://www.google.com/maps/search/?api=1&query=La%20Parrilla%20Del%20%C3%91ato%20-%20Urdesa&query_place_id=ChIJZ-w5qBRuLZARKvJWNNOZlKo",
"Victor Emilio Estrada 1219, 090507 Guayaquil, Ecuador","Restaurante","Restaurante","12291618415396188714","Guayaquil","EC","0x902d6e14a839ec67:0xaa9499d33456f22a",,"https://lh3.googleusercontent.com/gps-cs-s/AHRPTWmIUzVJwpGT6y_wQQ_TKYbRgzO5ugvsumt9t1zWonuk6a3hjdvi8BSM03prBOmsGw6hCC9rMy2ViBaIpkI9HCjeB8TVchHmhSApUHrQYFx7ZvtNdOcKC6sHC5xlMlCM3-WwIhb0=w408-h306-k-no","false","true","/g/1vr3f6tq","es-419","0","-2.1615629","-79.9165523",,"Miraflores",,"false","ChIJZ-w5qBRuLZARKvJWNNOZlKo","090507","$10-35","Hace 3 años","2023-07-29T03:27:15.684Z",,,,,,,,,,,,,,,,,,,,,,,,"ChdDSUhNMG9nS0VJQ0FnSUNwNU1DcHZ3RRAB",,,,,,,,"Google",,,"3",,,"3350","2026-08-08T17:01:21.389Z","Direct Detail URL: https://www.google.com/maps/place/La+Parrilla+Del+%C3%91ato+-+Urdesa/@-2.1747534,-79.9216969,12.79z/data=!3m1!5s0x902d6d885fe9a76f:0x90560e68c111d162!4m12!1m2!2m1!1sLa+Parrilla+del+%C3%91ato!3m8!1s0x902d6e14a839ec67:0xaa9499d33456f22a!8m2!3d-2.1615629!4d-79.9165523!9m1!1b1!15sChVMYSBQYXJyaWxsYSBkZWwgw5FhdG8iA4gBAVoXIhVsYSBwYXJyaWxsYSBkZWwgw7FhdG-SAQpyZXN0YXVyYW504AEA!16s%2Fg%2F1vr3f6tq?entry=ttu&g_ep=EgoyMDI2MDgwNS4xIKXMDSoASAFQAw%3D%3D","5",,"Victor Emilio Estrada 1219","false",,,"La Parrilla Del Ñato - Urdesa","4.4",,"https://www.google.com/maps/search/?api=1&query=La%20Parrilla%20Del%20%C3%91ato%20-%20Urdesa&query_place_id=ChIJZ-w5qBRuLZARKvJWNNOZlKo",
"Victor Emilio Estrada 1219, 090507 Guayaquil, Ecuador","Restaurante","Restaurante","12291618415396188714","Guayaquil","EC","0x902d6e14a839ec67:0xaa9499d33456f22a",,"https://lh3.googleusercontent.com/gps-cs-s/AHRPTWmIUzVJwpGT6y_wQQ_TKYbRgzO5ugvsumt9t1zWonuk6a3hjdvi8BSM03prBOmsGw6hCC9rMy2ViBaIpkI9HCjeB8TVchHmhSApUHrQYFx7ZvtNdOcKC6sHC5xlMlCM3-WwIhb0=w408-h306-k-no","false","false","/g/1vr3f6tq","es-419","0","-2.1615629","-79.9165523",,"Miraflores","es","false","ChIJZ-w5qBRuLZARKvJWNNOZlKo","090507","$10-35","Hace 3 años","2023-07-26T05:01:53.280Z",,,,,,,,,,,,,,,,,,,,,,,,"ChdDSUhNMG9nS0VJQ0FnSURKX19ibDBBRRAB",,,,,,,,"Google",,,"3",,,"3350","2026-08-08T17:01:21.389Z","Direct Detail URL: https://www.google.com/maps/place/La+Parrilla+Del+%C3%91ato+-+Urdesa/@-2.1747534,-79.9216969,12.79z/data=!3m1!5s0x902d6d885fe9a76f:0x90560e68c111d162!4m12!1m2!2m1!1sLa+Parrilla+del+%C3%91ato!3m8!1s0x902d6e14a839ec67:0xaa9499d33456f22a!8m2!3d-2.1615629!4d-79.9165523!9m1!1b1!15sChVMYSBQYXJyaWxsYSBkZWwgw5FhdG8iA4gBAVoXIhVsYSBwYXJyaWxsYSBkZWwgw7FhdG-SAQpyZXN0YXVyYW504AEA!16s%2Fg%2F1vr3f6tq?entry=ttu&g_ep=EgoyMDI2MDgwNS4xIKXMDSoASAFQAw%3D%3D","5",,"Victor Emilio Estrada 1219","false","Buen menú",,"La Parrilla Del Ñato - Urdesa","4.4",,"https://www.google.com/maps/search/?api=1&query=La%20Parrilla%20Del%20%C3%91ato%20-%20Urdesa&query_place_id=ChIJZ-w5qBRuLZARKvJWNNOZlKo",
"Victor Emilio Estrada 1219, 090507 Guayaquil, Ecuador","Restaurante","Restaurante","12291618415396188714","Guayaquil","EC","0x902d6e14a839ec67:0xaa9499d33456f22a",,"https://lh3.googleusercontent.com/gps-cs-s/AHRPTWmIUzVJwpGT6y_wQQ_TKYbRgzO5ugvsumt9t1zWonuk6a3hjdvi8BSM03prBOmsGw6hCC9rMy2ViBaIpkI9HCjeB8TVchHmhSApUHrQYFx7ZvtNdOcKC6sHC5xlMlCM3-WwIhb0=w408-h306-k-no","false","true","/g/1vr3f6tq","es-419","0","-2.1615629","-79.9165523",,"Miraflores",,"false","ChIJZ-w5qBRuLZARKvJWNNOZlKo","090507","$10-35","Hace 3 años","2023-07-24T12:53:59.340Z",,,,,,,,,,,,,,,,,,,,,"4","4","4","ChdDSUhNMG9nS0VJQ0FnSURKNV8ycHZ3RRAB",,,,,,,,"Google",,,"30",,,"3350","2026-08-08T17:01:21.389Z","Direct Detail URL: https://www.google.com/maps/place/La+Parrilla+Del+%C3%91ato+-+Urdesa/@-2.1747534,-79.9216969,12.79z/data=!3m1!5s0x902d6d885fe9a76f:0x90560e68c111d162!4m12!1m2!2m1!1sLa+Parrilla+del+%C3%91ato!3m8!1s0x902d6e14a839ec67:0xaa9499d33456f22a!8m2!3d-2.1615629!4d-79.9165523!9m1!1b1!15sChVMYSBQYXJyaWxsYSBkZWwgw5FhdG8iA4gBAVoXIhVsYSBwYXJyaWxsYSBkZWwgw7FhdG-SAQpyZXN0YXVyYW504AEA!16s%2Fg%2F1vr3f6tq?entry=ttu&g_ep=EgoyMDI2MDgwNS4xIKXMDSoASAFQAw%3D%3D","4",,"Victor Emilio Estrada 1219","false",,,"La Parrilla Del Ñato - Urdesa","4.4",,"https://www.google.com/maps/search/?api=1&query=La%20Parrilla%20Del%20%C3%91ato%20-%20Urdesa&query_place_id=ChIJZ-w5qBRuLZARKvJWNNOZlKo",
"Victor Emilio Estrada 1219, 090507 Guayaquil, Ecuador","Restaurante","Restaurante","12291618415396188714","Guayaquil","EC","0x902d6e14a839ec67:0xaa9499d33456f22a",,"https://lh3.googleusercontent.com/gps-cs-s/AHRPTWmIUzVJwpGT6y_wQQ_TKYbRgzO5ugvsumt9t1zWonuk6a3hjdvi8BSM03prBOmsGw6hCC9rMy2ViBaIpkI9HCjeB8TVchHmhSApUHrQYFx7ZvtNdOcKC6sHC5xlMlCM3-WwIhb0=w408-h306-k-no","false","true","/g/1vr3f6tq","es-419","0","-2.1615629","-79.9165523",,"Miraflores","es","false","ChIJZ-w5qBRuLZARKvJWNNOZlKo","090507","$10-35","Hace 3 años","2023-07-23T02:08:57.987Z",,,,,,,,,,,,,"$5-10",,,,,,"Almuerzo","Consumo en el lugar","3","5","3","ChdDSUhNMG9nS0VJQ0FnSURKcTgzZG5BRRAB",,,,,,,,"Google",,,"70",,,"3350","2026-08-08T17:01:21.389Z","Direct Detail URL: https://www.google.com/maps/place/La+Parrilla+Del+%C3%91ato+-+Urdesa/@-2.1747534,-79.9216969,12.79z/data=!3m1!5s0x902d6d885fe9a76f:0x90560e68c111d162!4m12!1m2!2m1!1sLa+Parrilla+del+%C3%91ato!3m8!1s0x902d6e14a839ec67:0xaa9499d33456f22a!8m2!3d-2.1615629!4d-79.9165523!9m1!1b1!15sChVMYSBQYXJyaWxsYSBkZWwgw5FhdG8iA4gBAVoXIhVsYSBwYXJyaWxsYSBkZWwgw7FhdG-SAQpyZXN0YXVyYW504AEA!16s%2Fg%2F1vr3f6tq?entry=ttu&g_ep=EgoyMDI2MDgwNS4xIKXMDSoASAFQAw%3D%3D","5",,"Victor Emilio Estrada 1219","false","Rica la comida , el servicio no es muy atento , el lugar es muy limpio y elegante",,"La Parrilla Del Ñato - Urdesa","4.4",,"https://www.google.com/maps/search/?api=1&query=La%20Parrilla%20Del%20%C3%91ato%20-%20Urdesa&query_place_id=ChIJZ-w5qBRuLZARKvJWNNOZlKo",
"Victor Emilio Estrada 1219, 090507 Guayaquil, Ecuador","Restaurante","Restaurante","12291618415396188714","Guayaquil","EC","0x902d6e14a839ec67:0xaa9499d33456f22a",,"https://lh3.googleusercontent.com/gps-cs-s/AHRPTWmIUzVJwpGT6y_wQQ_TKYbRgzO5ugvsumt9t1zWonuk6a3hjdvi8BSM03prBOmsGw6hCC9rMy2ViBaIpkI9HCjeB8TVchHmhSApUHrQYFx7ZvtNdOcKC6sHC5xlMlCM3-WwIhb0=w408-h306-k-no","false","true","/g/1vr3f6tq","es-419","0","-2.1615629","-79.9165523",,"Miraflores",,"false","ChIJZ-w5qBRuLZARKvJWNNOZlKo","090507","$10-35","Hace 3 años","2023-07-22T23:03:52.239Z",,,,,,,,,,,,,,,,,,,,,,,,"ChZDSUhNMG9nS0VJQ0FnSURKcV9pR0xnEAE",,,,,,,,"Google",,,"30",,,"3350","2026-08-08T17:01:21.389Z","Direct Detail URL: https://www.google.com/maps/place/La+Parrilla+Del+%C3%91ato+-+Urdesa/@-2.1747534,-79.9216969,12.79z/data=!3m1!5s0x902d6d885fe9a76f:0x90560e68c111d162!4m12!1m2!2m1!1sLa+Parrilla+del+%C3%91ato!3m8!1s0x902d6e14a839ec67:0xaa9499d33456f22a!8m2!3d-2.1615629!4d-79.9165523!9m1!1b1!15sChVMYSBQYXJyaWxsYSBkZWwgw5FhdG8iA4gBAVoXIhVsYSBwYXJyaWxsYSBkZWwgw7FhdG-SAQpyZXN0YXVyYW504AEA!16s%2Fg%2F1vr3f6tq?entry=ttu&g_ep=EgoyMDI2MDgwNS4xIKXMDSoASAFQAw%3D%3D","4",,"Victor Emilio Estrada 1219","false",,,"La Parrilla Del Ñato - Urdesa","4.4",,"https://www.google.com/maps/search/?api=1&query=La%20Parrilla%20Del%20%C3%91ato%20-%20Urdesa&query_place_id=ChIJZ-w5qBRuLZARKvJWNNOZlKo",
"Victor Emilio Estrada 1219, 090507 Guayaquil, Ecuador","Restaurante","Restaurante","12291618415396188714","Guayaquil","EC","0x902d6e14a839ec67:0xaa9499d33456f22a",,"https://lh3.googleusercontent.com/gps-cs-s/AHRPTWmIUzVJwpGT6y_wQQ_TKYbRgzO5ugvsumt9t1zWonuk6a3hjdvi8BSM03prBOmsGw6hCC9rMy2ViBaIpkI9HCjeB8TVchHmhSApUHrQYFx7ZvtNdOcKC6sHC5xlMlCM3-WwIhb0=w408-h306-k-no","false","true","/g/1vr3f6tq","es-419","1","-2.1615629","-79.9165523",,"Miraflores",,"false","ChIJZ-w5qBRuLZARKvJWNNOZlKo","090507","$10-35","Hace 3 años","2023-07-17T23:28:12.450Z",,,,,,,,,,,"Parrillada Baby",,"$10-15",,,,,,"Cena","Consumo en el lugar","4","5","5","ChZDSUhNMG9nS0VJQ0FnSURKdnRXbE9REAE",,,,,,,,"Google",,,"108",,,"3350","2026-08-08T17:01:21.389Z","Direct Detail URL: https://www.google.com/maps/place/La+Parrilla+Del+%C3%91ato+-+Urdesa/@-2.1747534,-79.9216969,12.79z/data=!3m1!5s0x902d6d885fe9a76f:0x90560e68c111d162!4m12!1m2!2m1!1sLa+Parrilla+del+%C3%91ato!3m8!1s0x902d6e14a839ec67:0xaa9499d33456f22a!8m2!3d-2.1615629!4d-79.9165523!9m1!1b1!15sChVMYSBQYXJyaWxsYSBkZWwgw5FhdG8iA4gBAVoXIhVsYSBwYXJyaWxsYSBkZWwgw7FhdG-SAQpyZXN0YXVyYW504AEA!16s%2Fg%2F1vr3f6tq?entry=ttu&g_ep=EgoyMDI2MDgwNS4xIKXMDSoASAFQAw%3D%3D","5",,"Victor Emilio Estrada 1219","false",,,"La Parrilla Del Ñato - Urdesa","4.4",,"https://www.google.com/maps/search/?api=1&query=La%20Parrilla%20Del%20%C3%91ato%20-%20Urdesa&query_place_id=ChIJZ-w5qBRuLZARKvJWNNOZlKo",
"Victor Emilio Estrada 1219, 090507 Guayaquil, Ecuador","Restaurante","Restaurante","12291618415396188714","Guayaquil","EC","0x902d6e14a839ec67:0xaa9499d33456f22a",,"https://lh3.googleusercontent.com/gps-cs-s/AHRPTWmIUzVJwpGT6y_wQQ_TKYbRgzO5ugvsumt9t1zWonuk6a3hjdvi8BSM03prBOmsGw6hCC9rMy2ViBaIpkI9HCjeB8TVchHmhSApUHrQYFx7ZvtNdOcKC6sHC5xlMlCM3-WwIhb0=w408-h306-k-no","false","true","/g/1vr3f6tq","es-419","0","-2.1615629","-79.9165523",,"Miraflores","es","false","ChIJZ-w5qBRuLZARKvJWNNOZlKo","090507","$10-35","Hace 3 años","2023-07-13T05:07:20.344Z",,,,,,,,,,,,,,,,,,,,,"5","5","5","ChZDSUhNMG9nS0VJQ0FnSURKX0xydGVnEAE",,,,,,,,"Google",,,"207",,,"3350","2026-08-08T17:01:21.389Z","Direct Detail URL: https://www.google.com/maps/place/La+Parrilla+Del+%C3%91ato+-+Urdesa/@-2.1747534,-79.9216969,12.79z/data=!3m1!5s0x902d6d885fe9a76f:0x90560e68c111d162!4m12!1m2!2m1!1sLa+Parrilla+del+%C3%91ato!3m8!1s0x902d6e14a839ec67:0xaa9499d33456f22a!8m2!3d-2.1615629!4d-79.9165523!9m1!1b1!15sChVMYSBQYXJyaWxsYSBkZWwgw5FhdG8iA4gBAVoXIhVsYSBwYXJyaWxsYSBkZWwgw7FhdG-SAQpyZXN0YXVyYW504AEA!16s%2Fg%2F1vr3f6tq?entry=ttu&g_ep=EgoyMDI2MDgwNS4xIKXMDSoASAFQAw%3D%3D","5",,"Victor Emilio Estrada 1219","false","Excelente lugar para comer y conversar.....",,"La Parrilla Del Ñato - Urdesa","4.4",,"https://www.google.com/maps/search/?api=1&query=La%20Parrilla%20Del%20%C3%91ato%20-%20Urdesa&query_place_id=ChIJZ-w5qBRuLZARKvJWNNOZlKo",
"Victor Emilio Estrada 1219, 090507 Guayaquil, Ecuador","Restaurante","Restaurante","12291618415396188714","Guayaquil","EC","0x902d6e14a839ec67:0xaa9499d33456f22a",,"https://lh3.googleusercontent.com/gps-cs-s/AHRPTWmIUzVJwpGT6y_wQQ_TKYbRgzO5ugvsumt9t1zWonuk6a3hjdvi8BSM03prBOmsGw6hCC9rMy2ViBaIpkI9HCjeB8TVchHmhSApUHrQYFx7ZvtNdOcKC6sHC5xlMlCM3-WwIhb0=w408-h306-k-no","false","true","/g/1vr3f6tq","es-419","0","-2.1615629","-79.9165523",,"Miraflores",,"false","ChIJZ-w5qBRuLZARKvJWNNOZlKo","090507","$10-35","Hace 3 años","2023-07-10T23:56:07.743Z",,,,,,,,,,,"Pizza Ñato, Parrillada Completa",,"$15-20",,,,,,"Almuerzo","Consumo en el lugar","5","5","5","ChdDSUhNMG9nS0VJQ0FnSURKaExQdXJRRRAB",,,,,,,,"Google",,,"22",,,"3350","2026-08-08T17:01:21.389Z","Direct Detail URL: https://www.google.com/maps/place/La+Parrilla+Del+%C3%91ato+-+Urdesa/@-2.1747534,-79.9216969,12.79z/data=!3m1!5s0x902d6d885fe9a76f:0x90560e68c111d162!4m12!1m2!2m1!1sLa+Parrilla+del+%C3%91ato!3m8!1s0x902d6e14a839ec67:0xaa9499d33456f22a!8m2!3d-2.1615629!4d-79.9165523!9m1!1b1!15sChVMYSBQYXJyaWxsYSBkZWwgw5FhdG8iA4gBAVoXIhVsYSBwYXJyaWxsYSBkZWwgw7FhdG-SAQpyZXN0YXVyYW504AEA!16s%2Fg%2F1vr3f6tq?entry=ttu&g_ep=EgoyMDI2MDgwNS4xIKXMDSoASAFQAw%3D%3D","5",,"Victor Emilio Estrada 1219","false",,,"La Parrilla Del Ñato - Urdesa","4.4",,"https://www.google.com/maps/search/?api=1&query=La%20Parrilla%20Del%20%C3%91ato%20-%20Urdesa&query_place_id=ChIJZ-w5qBRuLZARKvJWNNOZlKo",
"Victor Emilio Estrada 1219, 090507 Guayaquil, Ecuador","Restaurante","Restaurante","12291618415396188714","Guayaquil","EC","0x902d6e14a839ec67:0xaa9499d33456f22a",,"https://lh3.googleusercontent.com/gps-cs-s/AHRPTWmIUzVJwpGT6y_wQQ_TKYbRgzO5ugvsumt9t1zWonuk6a3hjdvi8BSM03prBOmsGw6hCC9rMy2ViBaIpkI9HCjeB8TVchHmhSApUHrQYFx7ZvtNdOcKC6sHC5xlMlCM3-WwIhb0=w408-h306-k-no","false","false","/g/1vr3f6tq","es-419","0","-2.1615629","-79.9165523",,"Miraflores",,"false","ChIJZ-w5qBRuLZARKvJWNNOZlKo","090507","$10-35","Hace 3 años","2023-06-30T02:18:19.563Z",,,,,,,,,,,,,,,,,,,,,,,,"ChdDSUhNMG9nS0VJQ0FnSUNKeWN1ajNBRRAB",,,,,,,,"Google",,,"1",,,"3350","2026-08-08T17:01:21.389Z","Direct Detail URL: https://www.google.com/maps/place/La+Parrilla+Del+%C3%91ato+-+Urdesa/@-2.1747534,-79.9216969,12.79z/data=!3m1!5s0x902d6d885fe9a76f:0x90560e68c111d162!4m12!1m2!2m1!1sLa+Parrilla+del+%C3%91ato!3m8!1s0x902d6e14a839ec67:0xaa9499d33456f22a!8m2!3d-2.1615629!4d-79.9165523!9m1!1b1!15sChVMYSBQYXJyaWxsYSBkZWwgw5FhdG8iA4gBAVoXIhVsYSBwYXJyaWxsYSBkZWwgw7FhdG-SAQpyZXN0YXVyYW504AEA!16s%2Fg%2F1vr3f6tq?entry=ttu&g_ep=EgoyMDI2MDgwNS4xIKXMDSoASAFQAw%3D%3D","5",,"Victor Emilio Estrada 1219","false",,,"La Parrilla Del Ñato - Urdesa","4.4",,"https://www.google.com/maps/search/?api=1&query=La%20Parrilla%20Del%20%C3%91ato%20-%20Urdesa&query_place_id=ChIJZ-w5qBRuLZARKvJWNNOZlKo",
"Victor Emilio Estrada 1219, 090507 Guayaquil, Ecuador","Restaurante","Restaurante","12291618415396188714","Guayaquil","EC","0x902d6e14a839ec67:0xaa9499d33456f22a",,"https://lh3.googleusercontent.com/gps-cs-s/AHRPTWmIUzVJwpGT6y_wQQ_TKYbRgzO5ugvsumt9t1zWonuk6a3hjdvi8BSM03prBOmsGw6hCC9rMy2ViBaIpkI9HCjeB8TVchHmhSApUHrQYFx7ZvtNdOcKC6sHC5xlMlCM3-WwIhb0=w408-h306-k-no","false","true","/g/1vr3f6tq","es-419","0","-2.1615629","-79.9165523",,"Miraflores","es","false","ChIJZ-w5qBRuLZARKvJWNNOZlKo","090507","$10-35","Hace 3 años","2023-06-28T13:19:17.525Z",,,,,,,,,,,,,,,,,,,"Otro","Consumo en el lugar","3","3","4","ChdDSUhNMG9nS0VJQ0FnSUNKZ2RiT3hBRRAB",,,,,,,,"Google",,,"100",,,"3350","2026-08-08T17:01:21.389Z","Direct Detail URL: https://www.google.com/maps/place/La+Parrilla+Del+%C3%91ato+-+Urdesa/@-2.1747534,-79.9216969,12.79z/data=!3m1!5s0x902d6d885fe9a76f:0x90560e68c111d162!4m12!1m2!2m1!1sLa+Parrilla+del+%C3%91ato!3m8!1s0x902d6e14a839ec67:0xaa9499d33456f22a!8m2!3d-2.1615629!4d-79.9165523!9m1!1b1!15sChVMYSBQYXJyaWxsYSBkZWwgw5FhdG8iA4gBAVoXIhVsYSBwYXJyaWxsYSBkZWwgw7FhdG-SAQpyZXN0YXVyYW504AEA!16s%2Fg%2F1vr3f6tq?entry=ttu&g_ep=EgoyMDI2MDgwNS4xIKXMDSoASAFQAw%3D%3D","3",,"Victor Emilio Estrada 1219","false","Ha desmejorado su imagen y calidad de alimentos deberían mejorar un sitio tradicional de parrilla en Gye.",,"La Parrilla Del Ñato - Urdesa","4.4",,"https://www.google.com/maps/search/?api=1&query=La%20Parrilla%20Del%20%C3%91ato%20-%20Urdesa&query_place_id=ChIJZ-w5qBRuLZARKvJWNNOZlKo",
"Victor Emilio Estrada 1219, 090507 Guayaquil, Ecuador","Restaurante","Restaurante","12291618415396188714","Guayaquil","EC","0x902d6e14a839ec67:0xaa9499d33456f22a",,"https://lh3.googleusercontent.com/gps-cs-s/AHRPTWmIUzVJwpGT6y_wQQ_TKYbRgzO5ugvsumt9t1zWonuk6a3hjdvi8BSM03prBOmsGw6hCC9rMy2ViBaIpkI9HCjeB8TVchHmhSApUHrQYFx7ZvtNdOcKC6sHC5xlMlCM3-WwIhb0=w408-h306-k-no","false","true","/g/1vr3f6tq","es-419","0","-2.1615629","-79.9165523",,"Miraflores","es","false","ChIJZ-w5qBRuLZARKvJWNNOZlKo","090507","$10-35","Hace 3 años","2023-06-26T11:12:52.056Z",,,,,,,,,,,,,,,,,,,,,,,,"ChZDSUhNMG9nS0VJQ0FnSUNKcHZlR1JBEAE",,,,,,,,"Google",,,"22",,,"3350","2026-08-08T17:01:21.389Z","Direct Detail URL: https://www.google.com/maps/place/La+Parrilla+Del+%C3%91ato+-+Urdesa/@-2.1747534,-79.9216969,12.79z/data=!3m1!5s0x902d6d885fe9a76f:0x90560e68c111d162!4m12!1m2!2m1!1sLa+Parrilla+del+%C3%91ato!3m8!1s0x902d6e14a839ec67:0xaa9499d33456f22a!8m2!3d-2.1615629!4d-79.9165523!9m1!1b1!15sChVMYSBQYXJyaWxsYSBkZWwgw5FhdG8iA4gBAVoXIhVsYSBwYXJyaWxsYSBkZWwgw7FhdG-SAQpyZXN0YXVyYW504AEA!16s%2Fg%2F1vr3f6tq?entry=ttu&g_ep=EgoyMDI2MDgwNS4xIKXMDSoASAFQAw%3D%3D","4",,"Victor Emilio Estrada 1219","false","Excelente muy bueno sus carnes",,"La Parrilla Del Ñato - Urdesa","4.4",,"https://www.google.com/maps/search/?api=1&query=La%20Parrilla%20Del%20%C3%91ato%20-%20Urdesa&query_place_id=ChIJZ-w5qBRuLZARKvJWNNOZlKo",
"Victor Emilio Estrada 1219, 090507 Guayaquil, Ecuador","Restaurante","Restaurante","12291618415396188714","Guayaquil","EC","0x902d6e14a839ec67:0xaa9499d33456f22a",,"https://lh3.googleusercontent.com/gps-cs-s/AHRPTWmIUzVJwpGT6y_wQQ_TKYbRgzO5ugvsumt9t1zWonuk6a3hjdvi8BSM03prBOmsGw6hCC9rMy2ViBaIpkI9HCjeB8TVchHmhSApUHrQYFx7ZvtNdOcKC6sHC5xlMlCM3-WwIhb0=w408-h306-k-no","false","true","/g/1vr3f6tq","es-419","0","-2.1615629","-79.9165523",,"Miraflores",,"false","ChIJZ-w5qBRuLZARKvJWNNOZlKo","090507","$10-35","Hace 3 años","2023-06-23T01:13:18.666Z",,,,,,,,,,,,,,,,,,,,,"4","3","4","ChdDSUhNMG9nS0VJQ0FnSUNKdlBDWDdRRRAB",,,,,,,,"Google",,,"15",,,"3350","2026-08-08T17:01:21.389Z","Direct Detail URL: https://www.google.com/maps/place/La+Parrilla+Del+%C3%91ato+-+Urdesa/@-2.1747534,-79.9216969,12.79z/data=!3m1!5s0x902d6d885fe9a76f:0x90560e68c111d162!4m12!1m2!2m1!1sLa+Parrilla+del+%C3%91ato!3m8!1s0x902d6e14a839ec67:0xaa9499d33456f22a!8m2!3d-2.1615629!4d-79.9165523!9m1!1b1!15sChVMYSBQYXJyaWxsYSBkZWwgw5FhdG8iA4gBAVoXIhVsYSBwYXJyaWxsYSBkZWwgw7FhdG-SAQpyZXN0YXVyYW504AEA!16s%2Fg%2F1vr3f6tq?entry=ttu&g_ep=EgoyMDI2MDgwNS4xIKXMDSoASAFQAw%3D%3D","3",,"Victor Emilio Estrada 1219","false",,,"La Parrilla Del Ñato - Urdesa","4.4",,"https://www.google.com/maps/search/?api=1&query=La%20Parrilla%20Del%20%C3%91ato%20-%20Urdesa&query_place_id=ChIJZ-w5qBRuLZARKvJWNNOZlKo",
"Victor Emilio Estrada 1219, 090507 Guayaquil, Ecuador","Restaurante","Restaurante","12291618415396188714","Guayaquil","EC","0x902d6e14a839ec67:0xaa9499d33456f22a",,"https://lh3.googleusercontent.com/gps-cs-s/AHRPTWmIUzVJwpGT6y_wQQ_TKYbRgzO5ugvsumt9t1zWonuk6a3hjdvi8BSM03prBOmsGw6hCC9rMy2ViBaIpkI9HCjeB8TVchHmhSApUHrQYFx7ZvtNdOcKC6sHC5xlMlCM3-WwIhb0=w408-h306-k-no","false","true","/g/1vr3f6tq","es-419","0","-2.1615629","-79.9165523",,"Miraflores",,"false","ChIJZ-w5qBRuLZARKvJWNNOZlKo","090507","$10-35","Hace 3 años","2023-06-22T20:47:36.330Z",,,,,,,,,,,,,,,,,,,,,,,,"ChdDSUhNMG9nS0VJQ0FnSUNKM096Mmt3RRAB",,,,,,,,"Google",,,"0",,,"3350","2026-08-08T17:01:21.389Z","Direct Detail URL: https://www.google.com/maps/place/La+Parrilla+Del+%C3%91ato+-+Urdesa/@-2.1747534,-79.9216969,12.79z/data=!3m1!5s0x902d6d885fe9a76f:0x90560e68c111d162!4m12!1m2!2m1!1sLa+Parrilla+del+%C3%91ato!3m8!1s0x902d6e14a839ec67:0xaa9499d33456f22a!8m2!3d-2.1615629!4d-79.9165523!9m1!1b1!15sChVMYSBQYXJyaWxsYSBkZWwgw5FhdG8iA4gBAVoXIhVsYSBwYXJyaWxsYSBkZWwgw7FhdG-SAQpyZXN0YXVyYW504AEA!16s%2Fg%2F1vr3f6tq?entry=ttu&g_ep=EgoyMDI2MDgwNS4xIKXMDSoASAFQAw%3D%3D","4",,"Victor Emilio Estrada 1219","false",,,"La Parrilla Del Ñato - Urdesa","4.4",,"https://www.google.com/maps/search/?api=1&query=La%20Parrilla%20Del%20%C3%91ato%20-%20Urdesa&query_place_id=ChIJZ-w5qBRuLZARKvJWNNOZlKo",
"Victor Emilio Estrada 1219, 090507 Guayaquil, Ecuador","Restaurante","Restaurante","12291618415396188714","Guayaquil","EC","0x902d6e14a839ec67:0xaa9499d33456f22a",,"https://lh3.googleusercontent.com/gps-cs-s/AHRPTWmIUzVJwpGT6y_wQQ_TKYbRgzO5ugvsumt9t1zWonuk6a3hjdvi8BSM03prBOmsGw6hCC9rMy2ViBaIpkI9HCjeB8TVchHmhSApUHrQYFx7ZvtNdOcKC6sHC5xlMlCM3-WwIhb0=w408-h306-k-no","false","true","/g/1vr3f6tq","es-419","0","-2.1615629","-79.9165523",,"Miraflores","es","false","ChIJZ-w5qBRuLZARKvJWNNOZlKo","090507","$10-35","Hace 3 años","2023-06-21T01:38:25.546Z",,,,,,,,,,,,,,,,,,,,,"5","5","5","ChZDSUhNMG9nS0VJQ0FnSUNKeFA2R1NREAE","https://lh3.googleusercontent.com/grass-cs/ACvplmPtz_2THQtX6m4vdkbrPoPL-CBUXYW86OP_7ku5v6DEil5ExNuA7FLw4dBt3IqQ_OrvnOEVxV8tY20ZTQZOzVKusc-P49SoLW0SnxLZ9mZsnykBJjonw0o2-HI0nRys86ThmZU_=k-no","https://lh3.googleusercontent.com/grass-cs/ACvplmNw3bhXtlIIO5u2CAV4nOpaOA073O4RlKJhHa2iyMoFlhvqv8gincFgZ_F_gyhHFMu0KQDIRjqHos3A_4n3VryTBIEjLnbtjE22qR1RKkFrnlb6J92hXOKwaGr09iNnGeLcZu4G=k-no","https://lh3.googleusercontent.com/grass-cs/ACvplmP9bsiLRbeNq7P0sTzYvDL85JaqBRhkKl2irK7RflGr-1eXOt01t07msWzq9m57_LircN6_ZLyO4UGYM4Ym3pneRc_ADpIBcmBycC0JPgGBdlWrujk20TVUG2KjOvgqTaxqafVQew=k-no","https://lh3.googleusercontent.com/grass-cs/ACvplmOOaQ4iR9T5YAd62vfda3zwnGLUOns9AcRm8wpQGvsy0diu4maeYCFI6CxAMgCheQeJQltOANygWoK5r-NIXleOt5NTp6spJOPN6N_uTWhxj8qJqer9fawNOS-0sA6E6SegAjl5=k-no","https://lh3.googleusercontent.com/grass-cs/ACvplmM0dViQh0F-rkY7cY2W3o63Gxm92VhaYQI-1ppgbD0QBlu5yfZdCiuOIpyikGQ3dQaBflmE3YoCVZYNPkx6wYV2R9F_zkEOo-dP25KWWOnkyzZVGUOYAeAfQWbQ7VJXB_TOPoiPMg=k-no","https://lh3.googleusercontent.com/grass-cs/ACvplmMK4naB4PSZT0XfpsoktfIDn9m-sc7bTBCttSSITMZDe5__z1SINwWkeQy_QUDcE4qVEokX4-R07xu0M3kGLPRfaLTCNESFBb7iT0nGRzQPjyUs6JRbYmyhpm9RZcWEYiXiRAL4=k-no",,"Google",,,"151",,,"3350","2026-08-08T17:01:21.389Z","Direct Detail URL: https://www.google.com/maps/place/La+Parrilla+Del+%C3%91ato+-+Urdesa/@-2.1747534,-79.9216969,12.79z/data=!3m1!5s0x902d6d885fe9a76f:0x90560e68c111d162!4m12!1m2!2m1!1sLa+Parrilla+del+%C3%91ato!3m8!1s0x902d6e14a839ec67:0xaa9499d33456f22a!8m2!3d-2.1615629!4d-79.9165523!9m1!1b1!15sChVMYSBQYXJyaWxsYSBkZWwgw5FhdG8iA4gBAVoXIhVsYSBwYXJyaWxsYSBkZWwgw7FhdG-SAQpyZXN0YXVyYW504AEA!16s%2Fg%2F1vr3f6tq?entry=ttu&g_ep=EgoyMDI2MDgwNS4xIKXMDSoASAFQAw%3D%3D","5",,"Victor Emilio Estrada 1219","false","Una delicia y siempre es un placer volver...",,"La Parrilla Del Ñato - Urdesa","4.4",,"https://www.google.com/maps/search/?api=1&query=La%20Parrilla%20Del%20%C3%91ato%20-%20Urdesa&query_place_id=ChIJZ-w5qBRuLZARKvJWNNOZlKo",
"Victor Emilio Estrada 1219, 090507 Guayaquil, Ecuador","Restaurante","Restaurante","12291618415396188714","Guayaquil","EC","0x902d6e14a839ec67:0xaa9499d33456f22a",,"https://lh3.googleusercontent.com/gps-cs-s/AHRPTWmIUzVJwpGT6y_wQQ_TKYbRgzO5ugvsumt9t1zWonuk6a3hjdvi8BSM03prBOmsGw6hCC9rMy2ViBaIpkI9HCjeB8TVchHmhSApUHrQYFx7ZvtNdOcKC6sHC5xlMlCM3-WwIhb0=w408-h306-k-no","false","true","/g/1vr3f6tq","es-419","0","-2.1615629","-79.9165523",,"Miraflores",,"false","ChIJZ-w5qBRuLZARKvJWNNOZlKo","090507","$10-35","Hace 3 años","2023-06-20T21:44:12.382Z",,,,,,,,,,,,,,,,,,,,,,,,"ChdDSUhNMG9nS0VJQ0FnSUNKaE9PNmhBRRAB",,,,,,,,"Google",,,"23",,,"3350","2026-08-08T17:01:21.389Z","Direct Detail URL: https://www.google.com/maps/place/La+Parrilla+Del+%C3%91ato+-+Urdesa/@-2.1747534,-79.9216969,12.79z/data=!3m1!5s0x902d6d885fe9a76f:0x90560e68c111d162!4m12!1m2!2m1!1sLa+Parrilla+del+%C3%91ato!3m8!1s0x902d6e14a839ec67:0xaa9499d33456f22a!8m2!3d-2.1615629!4d-79.9165523!9m1!1b1!15sChVMYSBQYXJyaWxsYSBkZWwgw5FhdG8iA4gBAVoXIhVsYSBwYXJyaWxsYSBkZWwgw7FhdG-SAQpyZXN0YXVyYW504AEA!16s%2Fg%2F1vr3f6tq?entry=ttu&g_ep=EgoyMDI2MDgwNS4xIKXMDSoASAFQAw%3D%3D","4",,"Victor Emilio Estrada 1219","false",,,"La Parrilla Del Ñato - Urdesa","4.4",,"https://www.google.com/maps/search/?api=1&query=La%20Parrilla%20Del%20%C3%91ato%20-%20Urdesa&query_place_id=ChIJZ-w5qBRuLZARKvJWNNOZlKo",
"Victor Emilio Estrada 1219, 090507 Guayaquil, Ecuador","Restaurante","Restaurante","12291618415396188714","Guayaquil","EC","0x902d6e14a839ec67:0xaa9499d33456f22a",,"https://lh3.googleusercontent.com/gps-cs-s/AHRPTWmIUzVJwpGT6y_wQQ_TKYbRgzO5ugvsumt9t1zWonuk6a3hjdvi8BSM03prBOmsGw6hCC9rMy2ViBaIpkI9HCjeB8TVchHmhSApUHrQYFx7ZvtNdOcKC6sHC5xlMlCM3-WwIhb0=w408-h306-k-no","false","true","/g/1vr3f6tq","es-419","0","-2.1615629","-79.9165523",,"Miraflores","es","false","ChIJZ-w5qBRuLZARKvJWNNOZlKo","090507","$10-35","Hace 3 años","2023-06-20T11:31:48.219Z",,,,,,,,,,,,,,,,,,,,"Consumo en el lugar","5","5","5","ChZDSUhNMG9nS0VJQ0FnSUNKMkxMV1R3EAE",,,,,,,,"Google",,,"30",,,"3350","2026-08-08T17:01:21.389Z","Direct Detail URL: https://www.google.com/maps/place/La+Parrilla+Del+%C3%91ato+-+Urdesa/@-2.1747534,-79.9216969,12.79z/data=!3m1!5s0x902d6d885fe9a76f:0x90560e68c111d162!4m12!1m2!2m1!1sLa+Parrilla+del+%C3%91ato!3m8!1s0x902d6e14a839ec67:0xaa9499d33456f22a!8m2!3d-2.1615629!4d-79.9165523!9m1!1b1!15sChVMYSBQYXJyaWxsYSBkZWwgw5FhdG8iA4gBAVoXIhVsYSBwYXJyaWxsYSBkZWwgw7FhdG-SAQpyZXN0YXVyYW504AEA!16s%2Fg%2F1vr3f6tq?entry=ttu&g_ep=EgoyMDI2MDgwNS4xIKXMDSoASAFQAw%3D%3D","5",,"Victor Emilio Estrada 1219","false","Muy buena   es la atención en parrilla  el ñato",,"La Parrilla Del Ñato - Urdesa","4.4",,"https://www.google.com/maps/search/?api=1&query=La%20Parrilla%20Del%20%C3%91ato%20-%20Urdesa&query_place_id=ChIJZ-w5qBRuLZARKvJWNNOZlKo",
"Victor Emilio Estrada 1219, 090507 Guayaquil, Ecuador","Restaurante","Restaurante","12291618415396188714","Guayaquil","EC","0x902d6e14a839ec67:0xaa9499d33456f22a",,"https://lh3.googleusercontent.com/gps-cs-s/AHRPTWmIUzVJwpGT6y_wQQ_TKYbRgzO5ugvsumt9t1zWonuk6a3hjdvi8BSM03prBOmsGw6hCC9rMy2ViBaIpkI9HCjeB8TVchHmhSApUHrQYFx7ZvtNdOcKC6sHC5xlMlCM3-WwIhb0=w408-h306-k-no","false","true","/g/1vr3f6tq","es-419","0","-2.1615629","-79.9165523",,"Miraflores",,"false","ChIJZ-w5qBRuLZARKvJWNNOZlKo","090507","$10-35","Hace 3 años","2023-06-19T15:10:53.294Z",,,,,"Es un poco difícil encontrar estacionamiento",,,,,"Estacionamiento gratuito en la calle, Estacionamiento pagado en la calle",,,"$15-20",,,,,,"Almuerzo","Consumo en el lugar","3","5","5","ChdDSUhNMG9nS0VJQ0FnSUNKaU5DdHNRRRAB",,,,,,,,"Google",,,"46",,,"3350","2026-08-08T17:01:21.389Z","Direct Detail URL: https://www.google.com/maps/place/La+Parrilla+Del+%C3%91ato+-+Urdesa/@-2.1747534,-79.9216969,12.79z/data=!3m1!5s0x902d6d885fe9a76f:0x90560e68c111d162!4m12!1m2!2m1!1sLa+Parrilla+del+%C3%91ato!3m8!1s0x902d6e14a839ec67:0xaa9499d33456f22a!8m2!3d-2.1615629!4d-79.9165523!9m1!1b1!15sChVMYSBQYXJyaWxsYSBkZWwgw5FhdG8iA4gBAVoXIhVsYSBwYXJyaWxsYSBkZWwgw7FhdG-SAQpyZXN0YXVyYW504AEA!16s%2Fg%2F1vr3f6tq?entry=ttu&g_ep=EgoyMDI2MDgwNS4xIKXMDSoASAFQAw%3D%3D","5",,"Victor Emilio Estrada 1219","false",,,"La Parrilla Del Ñato - Urdesa","4.4",,"https://www.google.com/maps/search/?api=1&query=La%20Parrilla%20Del%20%C3%91ato%20-%20Urdesa&query_place_id=ChIJZ-w5qBRuLZARKvJWNNOZlKo",
"Victor Emilio Estrada 1219, 090507 Guayaquil, Ecuador","Restaurante","Restaurante","12291618415396188714","Guayaquil","EC","0x902d6e14a839ec67:0xaa9499d33456f22a",,"https://lh3.googleusercontent.com/gps-cs-s/AHRPTWmIUzVJwpGT6y_wQQ_TKYbRgzO5ugvsumt9t1zWonuk6a3hjdvi8BSM03prBOmsGw6hCC9rMy2ViBaIpkI9HCjeB8TVchHmhSApUHrQYFx7ZvtNdOcKC6sHC5xlMlCM3-WwIhb0=w408-h306-k-no","false","true","/g/1vr3f6tq","es-419","0","-2.1615629","-79.9165523",,"Miraflores","es","false","ChIJZ-w5qBRuLZARKvJWNNOZlKo","090507","$10-35","Hace 3 años","2023-06-14T16:25:52.047Z",,,,,,,,,,,,,,,,,,,,,"4","4","4","ChZDSUhNMG9nS0VJQ0FnSUR4ODVDbFVnEAE",,,,,,,,"Google",,,"120",,,"3350","2026-08-08T17:01:21.389Z","Direct Detail URL: https://www.google.com/maps/place/La+Parrilla+Del+%C3%91ato+-+Urdesa/@-2.1747534,-79.9216969,12.79z/data=!3m1!5s0x902d6d885fe9a76f:0x90560e68c111d162!4m12!1m2!2m1!1sLa+Parrilla+del+%C3%91ato!3m8!1s0x902d6e14a839ec67:0xaa9499d33456f22a!8m2!3d-2.1615629!4d-79.9165523!9m1!1b1!15sChVMYSBQYXJyaWxsYSBkZWwgw5FhdG8iA4gBAVoXIhVsYSBwYXJyaWxsYSBkZWwgw7FhdG-SAQpyZXN0YXVyYW504AEA!16s%2Fg%2F1vr3f6tq?entry=ttu&g_ep=EgoyMDI2MDgwNS4xIKXMDSoASAFQAw%3D%3D","4",,"Victor Emilio Estrada 1219","false","Muy buenos asados",,"La Parrilla Del Ñato - Urdesa","4.4",,"https://www.google.com/maps/search/?api=1&query=La%20Parrilla%20Del%20%C3%91ato%20-%20Urdesa&query_place_id=ChIJZ-w5qBRuLZARKvJWNNOZlKo",
"Victor Emilio Estrada 1219, 090507 Guayaquil, Ecuador","Restaurante","Restaurante","12291618415396188714","Guayaquil","EC","0x902d6e14a839ec67:0xaa9499d33456f22a",,"https://lh3.googleusercontent.com/gps-cs-s/AHRPTWmIUzVJwpGT6y_wQQ_TKYbRgzO5ugvsumt9t1zWonuk6a3hjdvi8BSM03prBOmsGw6hCC9rMy2ViBaIpkI9HCjeB8TVchHmhSApUHrQYFx7ZvtNdOcKC6sHC5xlMlCM3-WwIhb0=w408-h306-k-no","false","true","/g/1vr3f6tq","es-419","0","-2.1615629","-79.9165523",,"Miraflores","es","false","ChIJZ-w5qBRuLZARKvJWNNOZlKo","090507","$10-35","Hace 3 años","2023-06-14T15:39:10.576Z",,,,,,,,,,,,,,,,,,,,,,,,"ChdDSUhNMG9nS0VJQ0FnSUR4czVQVTh3RRAB","https://lh3.googleusercontent.com/grass-cs/ACvplmOaQ25Ldp8PC0uewbPWYuvufzyujI09G3pgDMZuwsv-Wl9DPGP8Oh25FwHemId_tWJAcFTsUPfyJ0hV-svkWu1F4wlL7ilp7MUIbp2QFjtaFMbIUOJjMbXSZFYJZu55Mx9afigvwg=k-no",,,,,,,"Google",,,"34",,,"3350","2026-08-08T17:01:21.389Z","Direct Detail URL: https://www.google.com/maps/place/La+Parrilla+Del+%C3%91ato+-+Urdesa/@-2.1747534,-79.9216969,12.79z/data=!3m1!5s0x902d6d885fe9a76f:0x90560e68c111d162!4m12!1m2!2m1!1sLa+Parrilla+del+%C3%91ato!3m8!1s0x902d6e14a839ec67:0xaa9499d33456f22a!8m2!3d-2.1615629!4d-79.9165523!9m1!1b1!15sChVMYSBQYXJyaWxsYSBkZWwgw5FhdG8iA4gBAVoXIhVsYSBwYXJyaWxsYSBkZWwgw7FhdG-SAQpyZXN0YXVyYW504AEA!16s%2Fg%2F1vr3f6tq?entry=ttu&g_ep=EgoyMDI2MDgwNS4xIKXMDSoASAFQAw%3D%3D","3",,"Victor Emilio Estrada 1219","false","café expreso  parece café americano
el término de la carne pedí 3/4 y me trajeron muy cocida  la atención del salonero muy buena",,"La Parrilla Del Ñato - Urdesa","4.4",,"https://www.google.com/maps/search/?api=1&query=La%20Parrilla%20Del%20%C3%91ato%20-%20Urdesa&query_place_id=ChIJZ-w5qBRuLZARKvJWNNOZlKo",
"Victor Emilio Estrada 1219, 090507 Guayaquil, Ecuador","Restaurante","Restaurante","12291618415396188714","Guayaquil","EC","0x902d6e14a839ec67:0xaa9499d33456f22a",,"https://lh3.googleusercontent.com/gps-cs-s/AHRPTWmIUzVJwpGT6y_wQQ_TKYbRgzO5ugvsumt9t1zWonuk6a3hjdvi8BSM03prBOmsGw6hCC9rMy2ViBaIpkI9HCjeB8TVchHmhSApUHrQYFx7ZvtNdOcKC6sHC5xlMlCM3-WwIhb0=w408-h306-k-no","false","false","/g/1vr3f6tq","es-419","0","-2.1615629","-79.9165523",,"Miraflores",,"false","ChIJZ-w5qBRuLZARKvJWNNOZlKo","090507","$10-35","Hace 3 años","2023-06-12T21:03:15.212Z",,,,,,,,,,,,,,,,,,,,,,,,"ChZDSUhNMG9nS0VJQ0FnSUR4dFphQUJREAE",,,,,,,,"Google",,,"4",,,"3350","2026-08-08T17:01:21.389Z","Direct Detail URL: https://www.google.com/maps/place/La+Parrilla+Del+%C3%91ato+-+Urdesa/@-2.1747534,-79.9216969,12.79z/data=!3m1!5s0x902d6d885fe9a76f:0x90560e68c111d162!4m12!1m2!2m1!1sLa+Parrilla+del+%C3%91ato!3m8!1s0x902d6e14a839ec67:0xaa9499d33456f22a!8m2!3d-2.1615629!4d-79.9165523!9m1!1b1!15sChVMYSBQYXJyaWxsYSBkZWwgw5FhdG8iA4gBAVoXIhVsYSBwYXJyaWxsYSBkZWwgw7FhdG-SAQpyZXN0YXVyYW504AEA!16s%2Fg%2F1vr3f6tq?entry=ttu&g_ep=EgoyMDI2MDgwNS4xIKXMDSoASAFQAw%3D%3D","4",,"Victor Emilio Estrada 1219","false",,,"La Parrilla Del Ñato - Urdesa","4.4",,"https://www.google.com/maps/search/?api=1&query=La%20Parrilla%20Del%20%C3%91ato%20-%20Urdesa&query_place_id=ChIJZ-w5qBRuLZARKvJWNNOZlKo",
"Victor Emilio Estrada 1219, 090507 Guayaquil, Ecuador","Restaurante","Restaurante","12291618415396188714","Guayaquil","EC","0x902d6e14a839ec67:0xaa9499d33456f22a",,"https://lh3.googleusercontent.com/gps-cs-s/AHRPTWmIUzVJwpGT6y_wQQ_TKYbRgzO5ugvsumt9t1zWonuk6a3hjdvi8BSM03prBOmsGw6hCC9rMy2ViBaIpkI9HCjeB8TVchHmhSApUHrQYFx7ZvtNdOcKC6sHC5xlMlCM3-WwIhb0=w408-h306-k-no","false","false","/g/1vr3f6tq","es-419","0","-2.1615629","-79.9165523",,"Miraflores",,"false","ChIJZ-w5qBRuLZARKvJWNNOZlKo","090507","$10-35","Hace 3 años","2023-06-11T02:56:11.419Z",,,,,,,,,,,,,,,,,,,,,,,,"ChdDSUhNMG9nS0VJQ0FnSUR4cWI2cV93RRAB",,,,,,,,"Google",,,"0",,,"3350","2026-08-08T17:01:21.389Z","Direct Detail URL: https://www.google.com/maps/place/La+Parrilla+Del+%C3%91ato+-+Urdesa/@-2.1747534,-79.9216969,12.79z/data=!3m1!5s0x902d6d885fe9a76f:0x90560e68c111d162!4m12!1m2!2m1!1sLa+Parrilla+del+%C3%91ato!3m8!1s0x902d6e14a839ec67:0xaa9499d33456f22a!8m2!3d-2.1615629!4d-79.9165523!9m1!1b1!15sChVMYSBQYXJyaWxsYSBkZWwgw5FhdG8iA4gBAVoXIhVsYSBwYXJyaWxsYSBkZWwgw7FhdG-SAQpyZXN0YXVyYW504AEA!16s%2Fg%2F1vr3f6tq?entry=ttu&g_ep=EgoyMDI2MDgwNS4xIKXMDSoASAFQAw%3D%3D","5",,"Victor Emilio Estrada 1219","false",,,"La Parrilla Del Ñato - Urdesa","4.4",,"https://www.google.com/maps/search/?api=1&query=La%20Parrilla%20Del%20%C3%91ato%20-%20Urdesa&query_place_id=ChIJZ-w5qBRuLZARKvJWNNOZlKo",
"Victor Emilio Estrada 1219, 090507 Guayaquil, Ecuador","Restaurante","Restaurante","12291618415396188714","Guayaquil","EC","0x902d6e14a839ec67:0xaa9499d33456f22a",,"https://lh3.googleusercontent.com/gps-cs-s/AHRPTWmIUzVJwpGT6y_wQQ_TKYbRgzO5ugvsumt9t1zWonuk6a3hjdvi8BSM03prBOmsGw6hCC9rMy2ViBaIpkI9HCjeB8TVchHmhSApUHrQYFx7ZvtNdOcKC6sHC5xlMlCM3-WwIhb0=w408-h306-k-no","false","true","/g/1vr3f6tq","es-419","0","-2.1615629","-79.9165523",,"Miraflores","es","false","ChIJZ-w5qBRuLZARKvJWNNOZlKo","090507","$10-35","Hace 3 años","2023-06-08T20:07:38.680Z",,,,,,,,,,,,,,,,,,,,,,,,"ChRDSUhNMG9nS0VJQ0FnSUR4bnF0RxAB",,,,,,,,"Google",,,"62",,,"3350","2026-08-08T17:01:21.389Z","Direct Detail URL: https://www.google.com/maps/place/La+Parrilla+Del+%C3%91ato+-+Urdesa/@-2.1747534,-79.9216969,12.79z/data=!3m1!5s0x902d6d885fe9a76f:0x90560e68c111d162!4m12!1m2!2m1!1sLa+Parrilla+del+%C3%91ato!3m8!1s0x902d6e14a839ec67:0xaa9499d33456f22a!8m2!3d-2.1615629!4d-79.9165523!9m1!1b1!15sChVMYSBQYXJyaWxsYSBkZWwgw5FhdG8iA4gBAVoXIhVsYSBwYXJyaWxsYSBkZWwgw7FhdG-SAQpyZXN0YXVyYW504AEA!16s%2Fg%2F1vr3f6tq?entry=ttu&g_ep=EgoyMDI2MDgwNS4xIKXMDSoASAFQAw%3D%3D","4",,"Victor Emilio Estrada 1219","false","Si quieres ir a lo tradicional en guayaquil a lo que se refiere en parrillas, es muy bunena opción",,"La Parrilla Del Ñato - Urdesa","4.4",,"https://www.google.com/maps/search/?api=1&query=La%20Parrilla%20Del%20%C3%91ato%20-%20Urdesa&query_place_id=ChIJZ-w5qBRuLZARKvJWNNOZlKo",
"Victor Emilio Estrada 1219, 090507 Guayaquil, Ecuador","Restaurante","Restaurante","12291618415396188714","Guayaquil","EC","0x902d6e14a839ec67:0xaa9499d33456f22a",,"https://lh3.googleusercontent.com/gps-cs-s/AHRPTWmIUzVJwpGT6y_wQQ_TKYbRgzO5ugvsumt9t1zWonuk6a3hjdvi8BSM03prBOmsGw6hCC9rMy2ViBaIpkI9HCjeB8TVchHmhSApUHrQYFx7ZvtNdOcKC6sHC5xlMlCM3-WwIhb0=w408-h306-k-no","false","false","/g/1vr3f6tq","es-419","0","-2.1615629","-79.9165523",,"Miraflores",,"false","ChIJZ-w5qBRuLZARKvJWNNOZlKo","090507","$10-35","Hace 3 años","2023-06-04T02:47:45.679Z",,,,,,,,,,,,,,,,,,,,,"3","3","3","ChZDSUhNMG9nS0VJQ0FnSUR4dkl5T1hREAE",,,,,,,,"Google",,,"12",,,"3350","2026-08-08T17:01:21.389Z","Direct Detail URL: https://www.google.com/maps/place/La+Parrilla+Del+%C3%91ato+-+Urdesa/@-2.1747534,-79.9216969,12.79z/data=!3m1!5s0x902d6d885fe9a76f:0x90560e68c111d162!4m12!1m2!2m1!1sLa+Parrilla+del+%C3%91ato!3m8!1s0x902d6e14a839ec67:0xaa9499d33456f22a!8m2!3d-2.1615629!4d-79.9165523!9m1!1b1!15sChVMYSBQYXJyaWxsYSBkZWwgw5FhdG8iA4gBAVoXIhVsYSBwYXJyaWxsYSBkZWwgw7FhdG-SAQpyZXN0YXVyYW504AEA!16s%2Fg%2F1vr3f6tq?entry=ttu&g_ep=EgoyMDI2MDgwNS4xIKXMDSoASAFQAw%3D%3D","3",,"Victor Emilio Estrada 1219","false",,,"La Parrilla Del Ñato - Urdesa","4.4",,"https://www.google.com/maps/search/?api=1&query=La%20Parrilla%20Del%20%C3%91ato%20-%20Urdesa&query_place_id=ChIJZ-w5qBRuLZARKvJWNNOZlKo",
"Victor Emilio Estrada 1219, 090507 Guayaquil, Ecuador","Restaurante","Restaurante","12291618415396188714","Guayaquil","EC","0x902d6e14a839ec67:0xaa9499d33456f22a",,"https://lh3.googleusercontent.com/gps-cs-s/AHRPTWmIUzVJwpGT6y_wQQ_TKYbRgzO5ugvsumt9t1zWonuk6a3hjdvi8BSM03prBOmsGw6hCC9rMy2ViBaIpkI9HCjeB8TVchHmhSApUHrQYFx7ZvtNdOcKC6sHC5xlMlCM3-WwIhb0=w408-h306-k-no","false","true","/g/1vr3f6tq","es-419","0","-2.1615629","-79.9165523",,"Miraflores","es","false","ChIJZ-w5qBRuLZARKvJWNNOZlKo","090507","$10-35","Hace 3 años","2023-06-03T03:30:58.241Z",,,,,,,,,,,,,,,,,,,,,,,,"ChZDSUhNMG9nS0VJQ0FnSUR4alBHTkNnEAE",,,,,,,,"Google",,,"3",,,"3350","2026-08-08T17:01:21.389Z","Direct Detail URL: https://www.google.com/maps/place/La+Parrilla+Del+%C3%91ato+-+Urdesa/@-2.1747534,-79.9216969,12.79z/data=!3m1!5s0x902d6d885fe9a76f:0x90560e68c111d162!4m12!1m2!2m1!1sLa+Parrilla+del+%C3%91ato!3m8!1s0x902d6e14a839ec67:0xaa9499d33456f22a!8m2!3d-2.1615629!4d-79.9165523!9m1!1b1!15sChVMYSBQYXJyaWxsYSBkZWwgw5FhdG8iA4gBAVoXIhVsYSBwYXJyaWxsYSBkZWwgw7FhdG-SAQpyZXN0YXVyYW504AEA!16s%2Fg%2F1vr3f6tq?entry=ttu&g_ep=EgoyMDI2MDgwNS4xIKXMDSoASAFQAw%3D%3D","2",,"Victor Emilio Estrada 1219","false","Pesimo carne  vieja y seca",,"La Parrilla Del Ñato - Urdesa","4.4",,"https://www.google.com/maps/search/?api=1&query=La%20Parrilla%20Del%20%C3%91ato%20-%20Urdesa&query_place_id=ChIJZ-w5qBRuLZARKvJWNNOZlKo",
"Victor Emilio Estrada 1219, 090507 Guayaquil, Ecuador","Restaurante","Restaurante","12291618415396188714","Guayaquil","EC","0x902d6e14a839ec67:0xaa9499d33456f22a",,"https://lh3.googleusercontent.com/gps-cs-s/AHRPTWmIUzVJwpGT6y_wQQ_TKYbRgzO5ugvsumt9t1zWonuk6a3hjdvi8BSM03prBOmsGw6hCC9rMy2ViBaIpkI9HCjeB8TVchHmhSApUHrQYFx7ZvtNdOcKC6sHC5xlMlCM3-WwIhb0=w408-h306-k-no","false","true","/g/1vr3f6tq","es-419","0","-2.1615629","-79.9165523",,"Miraflores",,"false","ChIJZ-w5qBRuLZARKvJWNNOZlKo","090507","$10-35","Hace 3 años","2023-06-02T18:02:50.307Z",,,,,,,,,,,"Parrillada Ñatito",,"$20-25",,,,,,"Cena",,"4","5","5","ChdDSUhNMG9nS0VJQ0FnSUR4dEpyNWlRRRAB",,,,,,,,"Google",,,"86",,,"3350","2026-08-08T17:01:21.389Z","Direct Detail URL: https://www.google.com/maps/place/La+Parrilla+Del+%C3%91ato+-+Urdesa/@-2.1747534,-79.9216969,12.79z/data=!3m1!5s0x902d6d885fe9a76f:0x90560e68c111d162!4m12!1m2!2m1!1sLa+Parrilla+del+%C3%91ato!3m8!1s0x902d6e14a839ec67:0xaa9499d33456f22a!8m2!3d-2.1615629!4d-79.9165523!9m1!1b1!15sChVMYSBQYXJyaWxsYSBkZWwgw5FhdG8iA4gBAVoXIhVsYSBwYXJyaWxsYSBkZWwgw7FhdG-SAQpyZXN0YXVyYW504AEA!16s%2Fg%2F1vr3f6tq?entry=ttu&g_ep=EgoyMDI2MDgwNS4xIKXMDSoASAFQAw%3D%3D","5",,"Victor Emilio Estrada 1219","false",,,"La Parrilla Del Ñato - Urdesa","4.4",,"https://www.google.com/maps/search/?api=1&query=La%20Parrilla%20Del%20%C3%91ato%20-%20Urdesa&query_place_id=ChIJZ-w5qBRuLZARKvJWNNOZlKo",
"Victor Emilio Estrada 1219, 090507 Guayaquil, Ecuador","Restaurante","Restaurante","12291618415396188714","Guayaquil","EC","0x902d6e14a839ec67:0xaa9499d33456f22a",,"https://lh3.googleusercontent.com/gps-cs-s/AHRPTWmIUzVJwpGT6y_wQQ_TKYbRgzO5ugvsumt9t1zWonuk6a3hjdvi8BSM03prBOmsGw6hCC9rMy2ViBaIpkI9HCjeB8TVchHmhSApUHrQYFx7ZvtNdOcKC6sHC5xlMlCM3-WwIhb0=w408-h306-k-no","false","true","/g/1vr3f6tq","es-419","0","-2.1615629","-79.9165523",,"Miraflores","es","false","ChIJZ-w5qBRuLZARKvJWNNOZlKo","090507","$10-35","Hace 3 años","2023-05-31T17:13:09.869Z",,,,,,,,,,,,,,,,,,,"Cena","Consumo en el lugar","5","5","5","ChdDSUhNMG9nS0VJQ0FnSUR4cU9qdTZnRRAB",,,,,,,,"Google",,,"10",,,"3350","2026-08-08T17:01:21.389Z","Direct Detail URL: https://www.google.com/maps/place/La+Parrilla+Del+%C3%91ato+-+Urdesa/@-2.1747534,-79.9216969,12.79z/data=!3m1!5s0x902d6d885fe9a76f:0x90560e68c111d162!4m12!1m2!2m1!1sLa+Parrilla+del+%C3%91ato!3m8!1s0x902d6e14a839ec67:0xaa9499d33456f22a!8m2!3d-2.1615629!4d-79.9165523!9m1!1b1!15sChVMYSBQYXJyaWxsYSBkZWwgw5FhdG8iA4gBAVoXIhVsYSBwYXJyaWxsYSBkZWwgw7FhdG-SAQpyZXN0YXVyYW504AEA!16s%2Fg%2F1vr3f6tq?entry=ttu&g_ep=EgoyMDI2MDgwNS4xIKXMDSoASAFQAw%3D%3D","5",,"Victor Emilio Estrada 1219","false","Excelente restaurante con vieja data en buenos servicios y buenos platos Recomendable al 100 % total",,"La Parrilla Del Ñato - Urdesa","4.4",,"https://www.google.com/maps/search/?api=1&query=La%20Parrilla%20Del%20%C3%91ato%20-%20Urdesa&query_place_id=ChIJZ-w5qBRuLZARKvJWNNOZlKo",
"Victor Emilio Estrada 1219, 090507 Guayaquil, Ecuador","Restaurante","Restaurante","12291618415396188714","Guayaquil","EC","0x902d6e14a839ec67:0xaa9499d33456f22a",,"https://lh3.googleusercontent.com/gps-cs-s/AHRPTWmIUzVJwpGT6y_wQQ_TKYbRgzO5ugvsumt9t1zWonuk6a3hjdvi8BSM03prBOmsGw6hCC9rMy2ViBaIpkI9HCjeB8TVchHmhSApUHrQYFx7ZvtNdOcKC6sHC5xlMlCM3-WwIhb0=w408-h306-k-no","false","true","/g/1vr3f6tq","es-419","0","-2.1615629","-79.9165523",,"Miraflores","es","false","ChIJZ-w5qBRuLZARKvJWNNOZlKo","090507","$10-35","Hace 3 años","2023-05-30T11:19:02.797Z",,,,,,,,,,,"Parrillada Familia Feliz, Ricas Ensaladas",,"$10-15",,,,,,"Cena","Consumo en el lugar",,,,"ChdDSUhNMG9nS0VJQ0FnSUR4b0tDLV9nRRAB","https://lh3.googleusercontent.com/grass-cs/ACvplmM6MWp0isbwgNf3hTKlnOn9TRa735ZkUXPnT0zSxBfdjUOszQJDWrsNUfPdF1K9n_8O6C8CNeBpDTr0BhV4_NsYK2ubC3GKrMYwtPxXDfYu-qVETk86VltJq-K5_eygNo9pRLQ=k-no","https://lh3.googleusercontent.com/grass-cs/ACvplmOxkBGV_9dDTUhXcX1ph9BVtBXvOCdfFbxc-CNRh22knIAwdaF6qrQT5D1ivtpp2WeC4djHqE1cjVQv7q7RxilGxnYWi06eZBgssFwM8TpBE9v5CBuhtOElvG-DzbT1Ym8eE3P09g=k-no",,,,,,"Google",,,"55",,,"3350","2026-08-08T17:01:21.389Z","Direct Detail URL: https://www.google.com/maps/place/La+Parrilla+Del+%C3%91ato+-+Urdesa/@-2.1747534,-79.9216969,12.79z/data=!3m1!5s0x902d6d885fe9a76f:0x90560e68c111d162!4m12!1m2!2m1!1sLa+Parrilla+del+%C3%91ato!3m8!1s0x902d6e14a839ec67:0xaa9499d33456f22a!8m2!3d-2.1615629!4d-79.9165523!9m1!1b1!15sChVMYSBQYXJyaWxsYSBkZWwgw5FhdG8iA4gBAVoXIhVsYSBwYXJyaWxsYSBkZWwgw7FhdG-SAQpyZXN0YXVyYW504AEA!16s%2Fg%2F1vr3f6tq?entry=ttu&g_ep=EgoyMDI2MDgwNS4xIKXMDSoASAFQAw%3D%3D","5",,"Victor Emilio Estrada 1219","false","Buen servicio",,"La Parrilla Del Ñato - Urdesa","4.4",,"https://www.google.com/maps/search/?api=1&query=La%20Parrilla%20Del%20%C3%91ato%20-%20Urdesa&query_place_id=ChIJZ-w5qBRuLZARKvJWNNOZlKo",
"Victor Emilio Estrada 1219, 090507 Guayaquil, Ecuador","Restaurante","Restaurante","12291618415396188714","Guayaquil","EC","0x902d6e14a839ec67:0xaa9499d33456f22a",,"https://lh3.googleusercontent.com/gps-cs-s/AHRPTWmIUzVJwpGT6y_wQQ_TKYbRgzO5ugvsumt9t1zWonuk6a3hjdvi8BSM03prBOmsGw6hCC9rMy2ViBaIpkI9HCjeB8TVchHmhSApUHrQYFx7ZvtNdOcKC6sHC5xlMlCM3-WwIhb0=w408-h306-k-no","false","false","/g/1vr3f6tq","es-419","0","-2.1615629","-79.9165523",,"Miraflores",,"false","ChIJZ-w5qBRuLZARKvJWNNOZlKo","090507","$10-35","Hace 3 años","2023-05-27T10:48:12.088Z",,,,,"No lo sé",,,,,"Estacionamiento pagado",,,"$15-20",,,,,,"Cena","Consumo en el lugar",,,,"ChdDSUhNMG9nS0VJQ0FnSUN4aDh5NHNRRRAB",,,,,,,,"Google",,,"0",,,"3350","2026-08-08T17:01:21.389Z","Direct Detail URL: https://www.google.com/maps/place/La+Parrilla+Del+%C3%91ato+-+Urdesa/@-2.1747534,-79.9216969,12.79z/data=!3m1!5s0x902d6d885fe9a76f:0x90560e68c111d162!4m12!1m2!2m1!1sLa+Parrilla+del+%C3%91ato!3m8!1s0x902d6e14a839ec67:0xaa9499d33456f22a!8m2!3d-2.1615629!4d-79.9165523!9m1!1b1!15sChVMYSBQYXJyaWxsYSBkZWwgw5FhdG8iA4gBAVoXIhVsYSBwYXJyaWxsYSBkZWwgw7FhdG-SAQpyZXN0YXVyYW504AEA!16s%2Fg%2F1vr3f6tq?entry=ttu&g_ep=EgoyMDI2MDgwNS4xIKXMDSoASAFQAw%3D%3D","4",,"Victor Emilio Estrada 1219","false",,,"La Parrilla Del Ñato - Urdesa","4.4",,"https://www.google.com/maps/search/?api=1&query=La%20Parrilla%20Del%20%C3%91ato%20-%20Urdesa&query_place_id=ChIJZ-w5qBRuLZARKvJWNNOZlKo",
"Victor Emilio Estrada 1219, 090507 Guayaquil, Ecuador","Restaurante","Restaurante","12291618415396188714","Guayaquil","EC","0x902d6e14a839ec67:0xaa9499d33456f22a",,"https://lh3.googleusercontent.com/gps-cs-s/AHRPTWmIUzVJwpGT6y_wQQ_TKYbRgzO5ugvsumt9t1zWonuk6a3hjdvi8BSM03prBOmsGw6hCC9rMy2ViBaIpkI9HCjeB8TVchHmhSApUHrQYFx7ZvtNdOcKC6sHC5xlMlCM3-WwIhb0=w408-h306-k-no","false","true","/g/1vr3f6tq","es-419","1","-2.1615629","-79.9165523",,"Miraflores","es","false","ChIJZ-w5qBRuLZARKvJWNNOZlKo","090507","$10-35","Hace 3 años","2023-05-25T14:06:08.724Z",,,,,"Hay suficiente espacio",,,,,"Estacionamiento gratuito","Parrillada Familia Feliz, Jarra de Sangría, Buffet de Ensaladas",,"Más de $50",,,,,,"Cena","Consumo en el lugar","4","4","5","ChZDSUhNMG9nS0VJQ0FnSUN4czVpWUF3EAE","https://lh3.googleusercontent.com/grass-cs/ACvplmNw3Zarnv9MAKyzjNjdo90HiwIwa7uAv2jpVk4tXbD8erI1Hr1im0p12S2wAPCvGs1yFPbmYzvGS0m-4DaCrTjoB4cM4JNKHXG1dKEw8vL-D0scz98c7ApiuMLVdxJ74WDfAL_S=k-no","https://lh3.googleusercontent.com/grass-cs/ACvplmOvRrm6pfPPiFryQlWXaimwKP3fJVz_b4V2pKNUDy1sYl4yooPgCLyJiaDS_f1Ue1EtsJ-CRVi3rhgr7s6MCLFCOrgNpMcTDIzGzLnqRp0jyEHQYhVD4_T0wk1ex6i0QqsiZZ4H5g=k-no","https://lh3.googleusercontent.com/grass-cs/ACvplmMgSGA5QSnRpD1gYX0I90m0YW51P-J-CuBdVW5z3r64Oq0Bj4NsGOAWXYpHKp-Jtet23pgTpQndKqQBgHqakbaFKbeAfGfiK8odJ8JIt1GGtcpxz4DfMJDwN0VeouaQA6ijYywm=k-no",,,,,"Google",,,"493",,,"3350","2026-08-08T17:01:21.389Z","Direct Detail URL: https://www.google.com/maps/place/La+Parrilla+Del+%C3%91ato+-+Urdesa/@-2.1747534,-79.9216969,12.79z/data=!3m1!5s0x902d6d885fe9a76f:0x90560e68c111d162!4m12!1m2!2m1!1sLa+Parrilla+del+%C3%91ato!3m8!1s0x902d6e14a839ec67:0xaa9499d33456f22a!8m2!3d-2.1615629!4d-79.9165523!9m1!1b1!15sChVMYSBQYXJyaWxsYSBkZWwgw5FhdG8iA4gBAVoXIhVsYSBwYXJyaWxsYSBkZWwgw7FhdG-SAQpyZXN0YXVyYW504AEA!16s%2Fg%2F1vr3f6tq?entry=ttu&g_ep=EgoyMDI2MDgwNS4xIKXMDSoASAFQAw%3D%3D","4",,"Victor Emilio Estrada 1219","false","Es Tradicional su sazon , Buen servicio y Ambiente acogedor.",,"La Parrilla Del Ñato - Urdesa","4.4",,"https://www.google.com/maps/search/?api=1&query=La%20Parrilla%20Del%20%C3%91ato%20-%20Urdesa&query_place_id=ChIJZ-w5qBRuLZARKvJWNNOZlKo",
"Victor Emilio Estrada 1219, 090507 Guayaquil, Ecuador","Restaurante","Restaurante","12291618415396188714","Guayaquil","EC","0x902d6e14a839ec67:0xaa9499d33456f22a",,"https://lh3.googleusercontent.com/gps-cs-s/AHRPTWmIUzVJwpGT6y_wQQ_TKYbRgzO5ugvsumt9t1zWonuk6a3hjdvi8BSM03prBOmsGw6hCC9rMy2ViBaIpkI9HCjeB8TVchHmhSApUHrQYFx7ZvtNdOcKC6sHC5xlMlCM3-WwIhb0=w408-h306-k-no","false","true","/g/1vr3f6tq","es-419","0","-2.1615629","-79.9165523",,"Miraflores","es","false","ChIJZ-w5qBRuLZARKvJWNNOZlKo","090507","$10-35","Editado Hace 3 años","2023-05-22T12:35:03.128Z",,,,,,,,,,,,,,,,,,,,,"5","5","5","ChZDSUhNMG9nS0VJQ0FnSURSMDhUZlZREAE",,,,,,,,"Google",,,"15",,,"3350","2026-08-08T17:01:21.389Z","Direct Detail URL: https://www.google.com/maps/place/La+Parrilla+Del+%C3%91ato+-+Urdesa/@-2.1747534,-79.9216969,12.79z/data=!3m1!5s0x902d6d885fe9a76f:0x90560e68c111d162!4m12!1m2!2m1!1sLa+Parrilla+del+%C3%91ato!3m8!1s0x902d6e14a839ec67:0xaa9499d33456f22a!8m2!3d-2.1615629!4d-79.9165523!9m1!1b1!15sChVMYSBQYXJyaWxsYSBkZWwgw5FhdG8iA4gBAVoXIhVsYSBwYXJyaWxsYSBkZWwgw7FhdG-SAQpyZXN0YXVyYW504AEA!16s%2Fg%2F1vr3f6tq?entry=ttu&g_ep=EgoyMDI2MDgwNS4xIKXMDSoASAFQAw%3D%3D","5",,"Victor Emilio Estrada 1219","false","Excelente servicio, el dueño es una persona muy cordial, siempre atento de sus clientes, atiende personalmente en ciertas ocasiones, la pizza es una de las mejores.",,"La Parrilla Del Ñato - Urdesa","4.4",,"https://www.google.com/maps/search/?api=1&query=La%20Parrilla%20Del%20%C3%91ato%20-%20Urdesa&query_place_id=ChIJZ-w5qBRuLZARKvJWNNOZlKo",
"Victor Emilio Estrada 1219, 090507 Guayaquil, Ecuador","Restaurante","Restaurante","12291618415396188714","Guayaquil","EC","0x902d6e14a839ec67:0xaa9499d33456f22a",,"https://lh3.googleusercontent.com/gps-cs-s/AHRPTWmIUzVJwpGT6y_wQQ_TKYbRgzO5ugvsumt9t1zWonuk6a3hjdvi8BSM03prBOmsGw6hCC9rMy2ViBaIpkI9HCjeB8TVchHmhSApUHrQYFx7ZvtNdOcKC6sHC5xlMlCM3-WwIhb0=w408-h306-k-no","false","false","/g/1vr3f6tq","es-419","0","-2.1615629","-79.9165523",,"Miraflores","es","false","ChIJZ-w5qBRuLZARKvJWNNOZlKo","090507","$10-35","Hace 3 años","2023-05-22T03:11:34.412Z",,,,,,,,,,,"Parrillada Baby",,"$15-20",,,,,,"Almuerzo","Consumo en el lugar","5","5","5","ChZDSUhNMG9nS0VJQ0FnSUN4eGFlZk13EAE",,,,,,,,"Google",,,"16",,,"3350","2026-08-08T17:01:21.389Z","Direct Detail URL: https://www.google.com/maps/place/La+Parrilla+Del+%C3%91ato+-+Urdesa/@-2.1747534,-79.9216969,12.79z/data=!3m1!5s0x902d6d885fe9a76f:0x90560e68c111d162!4m12!1m2!2m1!1sLa+Parrilla+del+%C3%91ato!3m8!1s0x902d6e14a839ec67:0xaa9499d33456f22a!8m2!3d-2.1615629!4d-79.9165523!9m1!1b1!15sChVMYSBQYXJyaWxsYSBkZWwgw5FhdG8iA4gBAVoXIhVsYSBwYXJyaWxsYSBkZWwgw7FhdG-SAQpyZXN0YXVyYW504AEA!16s%2Fg%2F1vr3f6tq?entry=ttu&g_ep=EgoyMDI2MDgwNS4xIKXMDSoASAFQAw%3D%3D","5",,"Victor Emilio Estrada 1219","false","Siempre nos quedamos muy satisfechos por la calidad del servicio y especialmente la comida, muy buena!!Felicitaciones a todo el colectivo de trabajadores de este restaurant.",,"La Parrilla Del Ñato - Urdesa","4.4",,"https://www.google.com/maps/search/?api=1&query=La%20Parrilla%20Del%20%C3%91ato%20-%20Urdesa&query_place_id=ChIJZ-w5qBRuLZARKvJWNNOZlKo",
"Victor Emilio Estrada 1219, 090507 Guayaquil, Ecuador","Restaurante","Restaurante","12291618415396188714","Guayaquil","EC","0x902d6e14a839ec67:0xaa9499d33456f22a",,"https://lh3.googleusercontent.com/gps-cs-s/AHRPTWmIUzVJwpGT6y_wQQ_TKYbRgzO5ugvsumt9t1zWonuk6a3hjdvi8BSM03prBOmsGw6hCC9rMy2ViBaIpkI9HCjeB8TVchHmhSApUHrQYFx7ZvtNdOcKC6sHC5xlMlCM3-WwIhb0=w408-h306-k-no","false","false","/g/1vr3f6tq","es-419","0","-2.1615629","-79.9165523",,"Miraflores",,"false","ChIJZ-w5qBRuLZARKvJWNNOZlKo","090507","$10-35","Hace 3 años","2023-05-22T00:42:57.018Z",,,,,,,,,,,,,,,,,,,,,,,,"ChZDSUhNMG9nS0VJQ0FnSUN4eGQ2Vk1REAE",,,,,,,,"Google",,,"0",,,"3350","2026-08-08T17:01:21.389Z","Direct Detail URL: https://www.google.com/maps/place/La+Parrilla+Del+%C3%91ato+-+Urdesa/@-2.1747534,-79.9216969,12.79z/data=!3m1!5s0x902d6d885fe9a76f:0x90560e68c111d162!4m12!1m2!2m1!1sLa+Parrilla+del+%C3%91ato!3m8!1s0x902d6e14a839ec67:0xaa9499d33456f22a!8m2!3d-2.1615629!4d-79.9165523!9m1!1b1!15sChVMYSBQYXJyaWxsYSBkZWwgw5FhdG8iA4gBAVoXIhVsYSBwYXJyaWxsYSBkZWwgw7FhdG-SAQpyZXN0YXVyYW504AEA!16s%2Fg%2F1vr3f6tq?entry=ttu&g_ep=EgoyMDI2MDgwNS4xIKXMDSoASAFQAw%3D%3D","5",,"Victor Emilio Estrada 1219","false",,,"La Parrilla Del Ñato - Urdesa","4.4",,"https://www.google.com/maps/search/?api=1&query=La%20Parrilla%20Del%20%C3%91ato%20-%20Urdesa&query_place_id=ChIJZ-w5qBRuLZARKvJWNNOZlKo",
"Victor Emilio Estrada 1219, 090507 Guayaquil, Ecuador","Restaurante","Restaurante","12291618415396188714","Guayaquil","EC","0x902d6e14a839ec67:0xaa9499d33456f22a",,"https://lh3.googleusercontent.com/gps-cs-s/AHRPTWmIUzVJwpGT6y_wQQ_TKYbRgzO5ugvsumt9t1zWonuk6a3hjdvi8BSM03prBOmsGw6hCC9rMy2ViBaIpkI9HCjeB8TVchHmhSApUHrQYFx7ZvtNdOcKC6sHC5xlMlCM3-WwIhb0=w408-h306-k-no","false","true","/g/1vr3f6tq","es-419","0","-2.1615629","-79.9165523",,"Miraflores","es","false","ChIJZ-w5qBRuLZARKvJWNNOZlKo","090507","$10-35","Hace 3 años","2023-05-21T20:53:42.273Z",,,,,,,,,,,,,,,,,,,,,,,,"ChdDSUhNMG9nS0VJQ0FnSUN4aGJYM21BRRAB",,,,,,,,"Google",,,"73",,,"3350","2026-08-08T17:01:21.389Z","Direct Detail URL: https://www.google.com/maps/place/La+Parrilla+Del+%C3%91ato+-+Urdesa/@-2.1747534,-79.9216969,12.79z/data=!3m1!5s0x902d6d885fe9a76f:0x90560e68c111d162!4m12!1m2!2m1!1sLa+Parrilla+del+%C3%91ato!3m8!1s0x902d6e14a839ec67:0xaa9499d33456f22a!8m2!3d-2.1615629!4d-79.9165523!9m1!1b1!15sChVMYSBQYXJyaWxsYSBkZWwgw5FhdG8iA4gBAVoXIhVsYSBwYXJyaWxsYSBkZWwgw7FhdG-SAQpyZXN0YXVyYW504AEA!16s%2Fg%2F1vr3f6tq?entry=ttu&g_ep=EgoyMDI2MDgwNS4xIKXMDSoASAFQAw%3D%3D","3",,"Victor Emilio Estrada 1219","false","No tan bueno",,"La Parrilla Del Ñato - Urdesa","4.4",,"https://www.google.com/maps/search/?api=1&query=La%20Parrilla%20Del%20%C3%91ato%20-%20Urdesa&query_place_id=ChIJZ-w5qBRuLZARKvJWNNOZlKo",
"Victor Emilio Estrada 1219, 090507 Guayaquil, Ecuador","Restaurante","Restaurante","12291618415396188714","Guayaquil","EC","0x902d6e14a839ec67:0xaa9499d33456f22a",,"https://lh3.googleusercontent.com/gps-cs-s/AHRPTWmIUzVJwpGT6y_wQQ_TKYbRgzO5ugvsumt9t1zWonuk6a3hjdvi8BSM03prBOmsGw6hCC9rMy2ViBaIpkI9HCjeB8TVchHmhSApUHrQYFx7ZvtNdOcKC6sHC5xlMlCM3-WwIhb0=w408-h306-k-no","false","true","/g/1vr3f6tq","es-419","0","-2.1615629","-79.9165523",,"Miraflores","es","false","ChIJZ-w5qBRuLZARKvJWNNOZlKo","090507","$10-35","Hace 3 años","2023-05-19T22:05:32.809Z",,,,,,,,,,,,,,,,,,,,,"3","3","3","ChdDSUhNMG9nS0VJQ0FnSUN4c2NpbWdnRRAB",,,,,,,,"Google",,,"51",,,"3350","2026-08-08T17:01:21.389Z","Direct Detail URL: https://www.google.com/maps/place/La+Parrilla+Del+%C3%91ato+-+Urdesa/@-2.1747534,-79.9216969,12.79z/data=!3m1!5s0x902d6d885fe9a76f:0x90560e68c111d162!4m12!1m2!2m1!1sLa+Parrilla+del+%C3%91ato!3m8!1s0x902d6e14a839ec67:0xaa9499d33456f22a!8m2!3d-2.1615629!4d-79.9165523!9m1!1b1!15sChVMYSBQYXJyaWxsYSBkZWwgw5FhdG8iA4gBAVoXIhVsYSBwYXJyaWxsYSBkZWwgw7FhdG-SAQpyZXN0YXVyYW504AEA!16s%2Fg%2F1vr3f6tq?entry=ttu&g_ep=EgoyMDI2MDgwNS4xIKXMDSoASAFQAw%3D%3D","4",,"Victor Emilio Estrada 1219","false","La parrilla que solicité tenia mas morcilla negra y tripa que carbe, no me parece correcto, porque uno pide carne y chuleta el resto no estuvo bien.",,"La Parrilla Del Ñato - Urdesa","4.4",,"https://www.google.com/maps/search/?api=1&query=La%20Parrilla%20Del%20%C3%91ato%20-%20Urdesa&query_place_id=ChIJZ-w5qBRuLZARKvJWNNOZlKo",
"Victor Emilio Estrada 1219, 090507 Guayaquil, Ecuador","Restaurante","Restaurante","12291618415396188714","Guayaquil","EC","0x902d6e14a839ec67:0xaa9499d33456f22a",,"https://lh3.googleusercontent.com/gps-cs-s/AHRPTWmIUzVJwpGT6y_wQQ_TKYbRgzO5ugvsumt9t1zWonuk6a3hjdvi8BSM03prBOmsGw6hCC9rMy2ViBaIpkI9HCjeB8TVchHmhSApUHrQYFx7ZvtNdOcKC6sHC5xlMlCM3-WwIhb0=w408-h306-k-no","false","false","/g/1vr3f6tq","es-419","0","-2.1615629","-79.9165523",,"Miraflores",,"false","ChIJZ-w5qBRuLZARKvJWNNOZlKo","090507","$10-35","Hace 3 años","2023-05-19T04:15:20.180Z",,,,,,,,,,,,,,,,,,,,,,,,"ChZDSUhNMG9nS0VJQ0FnSUN4d2RhVmZBEAE",,,,,,,,"Google",,,"0",,,"3350","2026-08-08T17:01:21.389Z","Direct Detail URL: https://www.google.com/maps/place/La+Parrilla+Del+%C3%91ato+-+Urdesa/@-2.1747534,-79.9216969,12.79z/data=!3m1!5s0x902d6d885fe9a76f:0x90560e68c111d162!4m12!1m2!2m1!1sLa+Parrilla+del+%C3%91ato!3m8!1s0x902d6e14a839ec67:0xaa9499d33456f22a!8m2!3d-2.1615629!4d-79.9165523!9m1!1b1!15sChVMYSBQYXJyaWxsYSBkZWwgw5FhdG8iA4gBAVoXIhVsYSBwYXJyaWxsYSBkZWwgw7FhdG-SAQpyZXN0YXVyYW504AEA!16s%2Fg%2F1vr3f6tq?entry=ttu&g_ep=EgoyMDI2MDgwNS4xIKXMDSoASAFQAw%3D%3D","5",,"Victor Emilio Estrada 1219","false",,,"La Parrilla Del Ñato - Urdesa","4.4",,"https://www.google.com/maps/search/?api=1&query=La%20Parrilla%20Del%20%C3%91ato%20-%20Urdesa&query_place_id=ChIJZ-w5qBRuLZARKvJWNNOZlKo",
"Victor Emilio Estrada 1219, 090507 Guayaquil, Ecuador","Restaurante","Restaurante","12291618415396188714","Guayaquil","EC","0x902d6e14a839ec67:0xaa9499d33456f22a",,"https://lh3.googleusercontent.com/gps-cs-s/AHRPTWmIUzVJwpGT6y_wQQ_TKYbRgzO5ugvsumt9t1zWonuk6a3hjdvi8BSM03prBOmsGw6hCC9rMy2ViBaIpkI9HCjeB8TVchHmhSApUHrQYFx7ZvtNdOcKC6sHC5xlMlCM3-WwIhb0=w408-h306-k-no","false","true","/g/1vr3f6tq","es-419","1","-2.1615629","-79.9165523",,"Miraflores","es","false","ChIJZ-w5qBRuLZARKvJWNNOZlKo","090507","$10-35","Hace 3 años","2023-05-14T13:48:39.946Z",,,,,"Hay suficiente espacio",,,,,,,,"$10-15",,,,,,"Cena","Consumo en el lugar","4","4","4","ChZDSUhNMG9nS0VJQ0FnSUN4c3Q3YlVBEAE",,,,,,,,"Google",,,"317",,,"3350","2026-08-08T17:01:21.389Z","Direct Detail URL: https://www.google.com/maps/place/La+Parrilla+Del+%C3%91ato+-+Urdesa/@-2.1747534,-79.9216969,12.79z/data=!3m1!5s0x902d6d885fe9a76f:0x90560e68c111d162!4m12!1m2!2m1!1sLa+Parrilla+del+%C3%91ato!3m8!1s0x902d6e14a839ec67:0xaa9499d33456f22a!8m2!3d-2.1615629!4d-79.9165523!9m1!1b1!15sChVMYSBQYXJyaWxsYSBkZWwgw5FhdG8iA4gBAVoXIhVsYSBwYXJyaWxsYSBkZWwgw7FhdG-SAQpyZXN0YXVyYW504AEA!16s%2Fg%2F1vr3f6tq?entry=ttu&g_ep=EgoyMDI2MDgwNS4xIKXMDSoASAFQAw%3D%3D","4",,"Victor Emilio Estrada 1219","false","Buen local",,"La Parrilla Del Ñato - Urdesa","4.4",,"https://www.google.com/maps/search/?api=1&query=La%20Parrilla%20Del%20%C3%91ato%20-%20Urdesa&query_place_id=ChIJZ-w5qBRuLZARKvJWNNOZlKo",
"Victor Emilio Estrada 1219, 090507 Guayaquil, Ecuador","Restaurante","Restaurante","12291618415396188714","Guayaquil","EC","0x902d6e14a839ec67:0xaa9499d33456f22a",,"https://lh3.googleusercontent.com/gps-cs-s/AHRPTWmIUzVJwpGT6y_wQQ_TKYbRgzO5ugvsumt9t1zWonuk6a3hjdvi8BSM03prBOmsGw6hCC9rMy2ViBaIpkI9HCjeB8TVchHmhSApUHrQYFx7ZvtNdOcKC6sHC5xlMlCM3-WwIhb0=w408-h306-k-no","false","false","/g/1vr3f6tq","es-419","0","-2.1615629","-79.9165523",,"Miraflores",,"false","ChIJZ-w5qBRuLZARKvJWNNOZlKo","090507","$10-35","Hace 3 años","2023-05-11T15:33:21.016Z",,,,,,,,,,,,,,,,,,,,,,,,"ChdDSUhNMG9nS0VJQ0FnSUN4dEtyVTFRRRAB",,,,,,,,"Google",,,"1",,,"3350","2026-08-08T17:01:21.389Z","Direct Detail URL: https://www.google.com/maps/place/La+Parrilla+Del+%C3%91ato+-+Urdesa/@-2.1747534,-79.9216969,12.79z/data=!3m1!5s0x902d6d885fe9a76f:0x90560e68c111d162!4m12!1m2!2m1!1sLa+Parrilla+del+%C3%91ato!3m8!1s0x902d6e14a839ec67:0xaa9499d33456f22a!8m2!3d-2.1615629!4d-79.9165523!9m1!1b1!15sChVMYSBQYXJyaWxsYSBkZWwgw5FhdG8iA4gBAVoXIhVsYSBwYXJyaWxsYSBkZWwgw7FhdG-SAQpyZXN0YXVyYW504AEA!16s%2Fg%2F1vr3f6tq?entry=ttu&g_ep=EgoyMDI2MDgwNS4xIKXMDSoASAFQAw%3D%3D","5",,"Victor Emilio Estrada 1219","false",,,"La Parrilla Del Ñato - Urdesa","4.4",,"https://www.google.com/maps/search/?api=1&query=La%20Parrilla%20Del%20%C3%91ato%20-%20Urdesa&query_place_id=ChIJZ-w5qBRuLZARKvJWNNOZlKo",
"Victor Emilio Estrada 1219, 090507 Guayaquil, Ecuador","Restaurante","Restaurante","12291618415396188714","Guayaquil","EC","0x902d6e14a839ec67:0xaa9499d33456f22a",,"https://lh3.googleusercontent.com/gps-cs-s/AHRPTWmIUzVJwpGT6y_wQQ_TKYbRgzO5ugvsumt9t1zWonuk6a3hjdvi8BSM03prBOmsGw6hCC9rMy2ViBaIpkI9HCjeB8TVchHmhSApUHrQYFx7ZvtNdOcKC6sHC5xlMlCM3-WwIhb0=w408-h306-k-no","false","true","/g/1vr3f6tq","es-419","0","-2.1615629","-79.9165523",,"Miraflores",,"false","ChIJZ-w5qBRuLZARKvJWNNOZlKo","090507","$10-35","Hace 3 años","2023-05-09T19:15:23.213Z",,,,,,,,,,,,,,,,,,,,,,,,"ChZDSUhNMG9nS0VJQ0FnSUN4NklmU0F3EAE",,,,,,,,"Google",,,"15",,,"3350","2026-08-08T17:01:21.389Z","Direct Detail URL: https://www.google.com/maps/place/La+Parrilla+Del+%C3%91ato+-+Urdesa/@-2.1747534,-79.9216969,12.79z/data=!3m1!5s0x902d6d885fe9a76f:0x90560e68c111d162!4m12!1m2!2m1!1sLa+Parrilla+del+%C3%91ato!3m8!1s0x902d6e14a839ec67:0xaa9499d33456f22a!8m2!3d-2.1615629!4d-79.9165523!9m1!1b1!15sChVMYSBQYXJyaWxsYSBkZWwgw5FhdG8iA4gBAVoXIhVsYSBwYXJyaWxsYSBkZWwgw7FhdG-SAQpyZXN0YXVyYW504AEA!16s%2Fg%2F1vr3f6tq?entry=ttu&g_ep=EgoyMDI2MDgwNS4xIKXMDSoASAFQAw%3D%3D","3",,"Victor Emilio Estrada 1219","false",,,"La Parrilla Del Ñato - Urdesa","4.4",,"https://www.google.com/maps/search/?api=1&query=La%20Parrilla%20Del%20%C3%91ato%20-%20Urdesa&query_place_id=ChIJZ-w5qBRuLZARKvJWNNOZlKo",
"Victor Emilio Estrada 1219, 090507 Guayaquil, Ecuador","Restaurante","Restaurante","12291618415396188714","Guayaquil","EC","0x902d6e14a839ec67:0xaa9499d33456f22a",,"https://lh3.googleusercontent.com/gps-cs-s/AHRPTWmIUzVJwpGT6y_wQQ_TKYbRgzO5ugvsumt9t1zWonuk6a3hjdvi8BSM03prBOmsGw6hCC9rMy2ViBaIpkI9HCjeB8TVchHmhSApUHrQYFx7ZvtNdOcKC6sHC5xlMlCM3-WwIhb0=w408-h306-k-no","false","true","/g/1vr3f6tq","es-419","0","-2.1615629","-79.9165523",,"Miraflores","es","false","ChIJZ-w5qBRuLZARKvJWNNOZlKo","090507","$10-35","Hace 3 años","2023-05-09T11:29:00.250Z",,,,,,,,,,,"Jarra de Sangría, Cortesía Pan de Ajo Con Salsas de la Casa",,"$30-35",,,,,,"Cena","Consumo en el lugar","5","5","5","ChdDSUhNMG9nS0VJQ0FnSUN4eU1LcTV3RRAB",,,,,,,,"Google",,,"24",,,"3350","2026-08-08T17:01:21.389Z","Direct Detail URL: https://www.google.com/maps/place/La+Parrilla+Del+%C3%91ato+-+Urdesa/@-2.1747534,-79.9216969,12.79z/data=!3m1!5s0x902d6d885fe9a76f:0x90560e68c111d162!4m12!1m2!2m1!1sLa+Parrilla+del+%C3%91ato!3m8!1s0x902d6e14a839ec67:0xaa9499d33456f22a!8m2!3d-2.1615629!4d-79.9165523!9m1!1b1!15sChVMYSBQYXJyaWxsYSBkZWwgw5FhdG8iA4gBAVoXIhVsYSBwYXJyaWxsYSBkZWwgw7FhdG-SAQpyZXN0YXVyYW504AEA!16s%2Fg%2F1vr3f6tq?entry=ttu&g_ep=EgoyMDI2MDgwNS4xIKXMDSoASAFQAw%3D%3D","5",,"Victor Emilio Estrada 1219","false","Muy buen ambiente
Muy buena atención
Parqueo disponible",,"La Parrilla Del Ñato - Urdesa","4.4",,"https://www.google.com/maps/search/?api=1&query=La%20Parrilla%20Del%20%C3%91ato%20-%20Urdesa&query_place_id=ChIJZ-w5qBRuLZARKvJWNNOZlKo",
"Victor Emilio Estrada 1219, 090507 Guayaquil, Ecuador","Restaurante","Restaurante","12291618415396188714","Guayaquil","EC","0x902d6e14a839ec67:0xaa9499d33456f22a",,"https://lh3.googleusercontent.com/gps-cs-s/AHRPTWmIUzVJwpGT6y_wQQ_TKYbRgzO5ugvsumt9t1zWonuk6a3hjdvi8BSM03prBOmsGw6hCC9rMy2ViBaIpkI9HCjeB8TVchHmhSApUHrQYFx7ZvtNdOcKC6sHC5xlMlCM3-WwIhb0=w408-h306-k-no","false","true","/g/1vr3f6tq","es-419","0","-2.1615629","-79.9165523",,"Miraflores","es","false","ChIJZ-w5qBRuLZARKvJWNNOZlKo","090507","$10-35","Hace 3 años","2023-05-08T23:33:57.794Z",,,,,,,,,,,,,"$45-50",,,,,,,,"4","5","5","ChdDSUhNMG9nS0VJQ0FnSUN4c09uSzRBRRAB",,,,,,,,"Google",,,"14",,,"3350","2026-08-08T17:01:21.389Z","Direct Detail URL: https://www.google.com/maps/place/La+Parrilla+Del+%C3%91ato+-+Urdesa/@-2.1747534,-79.9216969,12.79z/data=!3m1!5s0x902d6d885fe9a76f:0x90560e68c111d162!4m12!1m2!2m1!1sLa+Parrilla+del+%C3%91ato!3m8!1s0x902d6e14a839ec67:0xaa9499d33456f22a!8m2!3d-2.1615629!4d-79.9165523!9m1!1b1!15sChVMYSBQYXJyaWxsYSBkZWwgw5FhdG8iA4gBAVoXIhVsYSBwYXJyaWxsYSBkZWwgw7FhdG-SAQpyZXN0YXVyYW504AEA!16s%2Fg%2F1vr3f6tq?entry=ttu&g_ep=EgoyMDI2MDgwNS4xIKXMDSoASAFQAw%3D%3D","5",,"Victor Emilio Estrada 1219","false","La tradicional parrillada, prueba las frutillas con crema!",,"La Parrilla Del Ñato - Urdesa","4.4",,"https://www.google.com/maps/search/?api=1&query=La%20Parrilla%20Del%20%C3%91ato%20-%20Urdesa&query_place_id=ChIJZ-w5qBRuLZARKvJWNNOZlKo",
"Victor Emilio Estrada 1219, 090507 Guayaquil, Ecuador","Restaurante","Restaurante","12291618415396188714","Guayaquil","EC","0x902d6e14a839ec67:0xaa9499d33456f22a",,"https://lh3.googleusercontent.com/gps-cs-s/AHRPTWmIUzVJwpGT6y_wQQ_TKYbRgzO5ugvsumt9t1zWonuk6a3hjdvi8BSM03prBOmsGw6hCC9rMy2ViBaIpkI9HCjeB8TVchHmhSApUHrQYFx7ZvtNdOcKC6sHC5xlMlCM3-WwIhb0=w408-h306-k-no","false","true","/g/1vr3f6tq","es-419","0","-2.1615629","-79.9165523",,"Miraflores","es","false","ChIJZ-w5qBRuLZARKvJWNNOZlKo","090507","$10-35","Hace 3 años","2023-05-08T18:01:34.017Z",,,,,"Hay suficiente espacio",,,,,"Estacionamiento pagado","Choripan",,"$35-40",,,,,,"Almuerzo","Entrega a domicilio","5","5","5","ChdDSUhNMG9nS0VJQ0FnSUN4ME55eTh3RRAB",,,,,,,,"Google",,,"205",,,"3350","2026-08-08T17:01:21.389Z","Direct Detail URL: https://www.google.com/maps/place/La+Parrilla+Del+%C3%91ato+-+Urdesa/@-2.1747534,-79.9216969,12.79z/data=!3m1!5s0x902d6d885fe9a76f:0x90560e68c111d162!4m12!1m2!2m1!1sLa+Parrilla+del+%C3%91ato!3m8!1s0x902d6e14a839ec67:0xaa9499d33456f22a!8m2!3d-2.1615629!4d-79.9165523!9m1!1b1!15sChVMYSBQYXJyaWxsYSBkZWwgw5FhdG8iA4gBAVoXIhVsYSBwYXJyaWxsYSBkZWwgw7FhdG-SAQpyZXN0YXVyYW504AEA!16s%2Fg%2F1vr3f6tq?entry=ttu&g_ep=EgoyMDI2MDgwNS4xIKXMDSoASAFQAw%3D%3D","5",,"Victor Emilio Estrada 1219","false","Un pecho de paloma delicioso, muy rico y ni se diga del chorizo.",,"La Parrilla Del Ñato - Urdesa","4.4",,"https://www.google.com/maps/search/?api=1&query=La%20Parrilla%20Del%20%C3%91ato%20-%20Urdesa&query_place_id=ChIJZ-w5qBRuLZARKvJWNNOZlKo",
"Victor Emilio Estrada 1219, 090507 Guayaquil, Ecuador","Restaurante","Restaurante","12291618415396188714","Guayaquil","EC","0x902d6e14a839ec67:0xaa9499d33456f22a",,"https://lh3.googleusercontent.com/gps-cs-s/AHRPTWmIUzVJwpGT6y_wQQ_TKYbRgzO5ugvsumt9t1zWonuk6a3hjdvi8BSM03prBOmsGw6hCC9rMy2ViBaIpkI9HCjeB8TVchHmhSApUHrQYFx7ZvtNdOcKC6sHC5xlMlCM3-WwIhb0=w408-h306-k-no","false","true","/g/1vr3f6tq","es-419","0","-2.1615629","-79.9165523",,"Miraflores","es","false","ChIJZ-w5qBRuLZARKvJWNNOZlKo","090507","$10-35","Hace 3 años","2023-05-08T16:29:07.830Z",,,,,,,,,,,,,,,,,,,,,"5","5","5","ChdDSUhNMG9nS0VJQ0FnSUN4a05PbXJRRRAB",,,,,,,,"Google",,,"143",,,"3350","2026-08-08T17:01:21.389Z","Direct Detail URL: https://www.google.com/maps/place/La+Parrilla+Del+%C3%91ato+-+Urdesa/@-2.1747534,-79.9216969,12.79z/data=!3m1!5s0x902d6d885fe9a76f:0x90560e68c111d162!4m12!1m2!2m1!1sLa+Parrilla+del+%C3%91ato!3m8!1s0x902d6e14a839ec67:0xaa9499d33456f22a!8m2!3d-2.1615629!4d-79.9165523!9m1!1b1!15sChVMYSBQYXJyaWxsYSBkZWwgw5FhdG8iA4gBAVoXIhVsYSBwYXJyaWxsYSBkZWwgw7FhdG-SAQpyZXN0YXVyYW504AEA!16s%2Fg%2F1vr3f6tq?entry=ttu&g_ep=EgoyMDI2MDgwNS4xIKXMDSoASAFQAw%3D%3D","5",,"Victor Emilio Estrada 1219","false","Exelente servicio",,"La Parrilla Del Ñato - Urdesa","4.4",,"https://www.google.com/maps/search/?api=1&query=La%20Parrilla%20Del%20%C3%91ato%20-%20Urdesa&query_place_id=ChIJZ-w5qBRuLZARKvJWNNOZlKo",
"Victor Emilio Estrada 1219, 090507 Guayaquil, Ecuador","Restaurante","Restaurante","12291618415396188714","Guayaquil","EC","0x902d6e14a839ec67:0xaa9499d33456f22a",,"https://lh3.googleusercontent.com/gps-cs-s/AHRPTWmIUzVJwpGT6y_wQQ_TKYbRgzO5ugvsumt9t1zWonuk6a3hjdvi8BSM03prBOmsGw6hCC9rMy2ViBaIpkI9HCjeB8TVchHmhSApUHrQYFx7ZvtNdOcKC6sHC5xlMlCM3-WwIhb0=w408-h306-k-no","false","true","/g/1vr3f6tq","es-419","0","-2.1615629","-79.9165523",,"Miraflores","es","false","ChIJZ-w5qBRuLZARKvJWNNOZlKo","090507","$10-35","Hace 3 años","2023-05-05T19:01:21.199Z",,,,,,,,,,,"Parrillada Familia Feliz",,,,,,,,,,"5","5","5","ChdDSUhNMG9nS0VJQ0FnSURSbDl2RDNRRRAB","https://lh3.googleusercontent.com/grass-cs/ACvplmNqOeGhA4o-_jMYvEKO7p7L5fh9m1uhsKr17nWt4nCcqdboa4Td9afS2L-AnfQbhdtOiq7R-jyvtdGvKoNeZ6atWEAmlAOMUKF5erIVSsM0i02kf0cbATIP9QfESt45F4_4v60=k-no","https://lh3.googleusercontent.com/grass-cs/ACvplmPS5yeaedXYN7yD8XpjfS0w1V2DVp1GxGoua_uS2UEqLt_7uyaMNPYA7xZ9v2lb9NtozU8yrJfFvhs9iZzOz7lsNAf0G3sas1KAKPlJ9UCnzPqsWwKxc3vxSt2arQDZ4GXA3xIn=k-no",,,,,,"Google",,,"84",,,"3350","2026-08-08T17:01:21.389Z","Direct Detail URL: https://www.google.com/maps/place/La+Parrilla+Del+%C3%91ato+-+Urdesa/@-2.1747534,-79.9216969,12.79z/data=!3m1!5s0x902d6d885fe9a76f:0x90560e68c111d162!4m12!1m2!2m1!1sLa+Parrilla+del+%C3%91ato!3m8!1s0x902d6e14a839ec67:0xaa9499d33456f22a!8m2!3d-2.1615629!4d-79.9165523!9m1!1b1!15sChVMYSBQYXJyaWxsYSBkZWwgw5FhdG8iA4gBAVoXIhVsYSBwYXJyaWxsYSBkZWwgw7FhdG-SAQpyZXN0YXVyYW504AEA!16s%2Fg%2F1vr3f6tq?entry=ttu&g_ep=EgoyMDI2MDgwNS4xIKXMDSoASAFQAw%3D%3D","5",,"Victor Emilio Estrada 1219","false","Excelente lugar, para degustar una cena por la noche junto amigos o familiares.",,"La Parrilla Del Ñato - Urdesa","4.4",,"https://www.google.com/maps/search/?api=1&query=La%20Parrilla%20Del%20%C3%91ato%20-%20Urdesa&query_place_id=ChIJZ-w5qBRuLZARKvJWNNOZlKo",
"Victor Emilio Estrada 1219, 090507 Guayaquil, Ecuador","Restaurante","Restaurante","12291618415396188714","Guayaquil","EC","0x902d6e14a839ec67:0xaa9499d33456f22a",,"https://lh3.googleusercontent.com/gps-cs-s/AHRPTWmIUzVJwpGT6y_wQQ_TKYbRgzO5ugvsumt9t1zWonuk6a3hjdvi8BSM03prBOmsGw6hCC9rMy2ViBaIpkI9HCjeB8TVchHmhSApUHrQYFx7ZvtNdOcKC6sHC5xlMlCM3-WwIhb0=w408-h306-k-no","false","false","/g/1vr3f6tq","es-419","0","-2.1615629","-79.9165523",,"Miraflores",,"false","ChIJZ-w5qBRuLZARKvJWNNOZlKo","090507","$10-35","Hace 3 años","2023-05-04T11:57:19.293Z",,,,,,,,,,,,,,,,,,,,,"5","5","5","ChdDSUhNMG9nS0VJQ0FnSURSbS1PWndnRRAB",,,,,,,,"Google",,,"3",,,"3350","2026-08-08T17:01:21.389Z","Direct Detail URL: https://www.google.com/maps/place/La+Parrilla+Del+%C3%91ato+-+Urdesa/@-2.1747534,-79.9216969,12.79z/data=!3m1!5s0x902d6d885fe9a76f:0x90560e68c111d162!4m12!1m2!2m1!1sLa+Parrilla+del+%C3%91ato!3m8!1s0x902d6e14a839ec67:0xaa9499d33456f22a!8m2!3d-2.1615629!4d-79.9165523!9m1!1b1!15sChVMYSBQYXJyaWxsYSBkZWwgw5FhdG8iA4gBAVoXIhVsYSBwYXJyaWxsYSBkZWwgw7FhdG-SAQpyZXN0YXVyYW504AEA!16s%2Fg%2F1vr3f6tq?entry=ttu&g_ep=EgoyMDI2MDgwNS4xIKXMDSoASAFQAw%3D%3D","5",,"Victor Emilio Estrada 1219","false",,,"La Parrilla Del Ñato - Urdesa","4.4",,"https://www.google.com/maps/search/?api=1&query=La%20Parrilla%20Del%20%C3%91ato%20-%20Urdesa&query_place_id=ChIJZ-w5qBRuLZARKvJWNNOZlKo",
"Victor Emilio Estrada 1219, 090507 Guayaquil, Ecuador","Restaurante","Restaurante","12291618415396188714","Guayaquil","EC","0x902d6e14a839ec67:0xaa9499d33456f22a",,"https://lh3.googleusercontent.com/gps-cs-s/AHRPTWmIUzVJwpGT6y_wQQ_TKYbRgzO5ugvsumt9t1zWonuk6a3hjdvi8BSM03prBOmsGw6hCC9rMy2ViBaIpkI9HCjeB8TVchHmhSApUHrQYFx7ZvtNdOcKC6sHC5xlMlCM3-WwIhb0=w408-h306-k-no","false","true","/g/1vr3f6tq","es-419","0","-2.1615629","-79.9165523",,"Miraflores","es","false","ChIJZ-w5qBRuLZARKvJWNNOZlKo","090507","$10-35","Hace 3 años","2023-04-30T18:42:55.041Z",,,,,"Es un poco difícil encontrar estacionamiento","No hay. Ir en taxi, mejor.",,,,"Estacionamiento gratuito en la calle",,,"$15-20",,,,,,"Cena","Consumo en el lugar","3","3","5","ChdDSUhNMG9nS0VJQ0FnSURSOVpLb3F3RRAB",,,,,,,,"Google",,,"146",,,"3350","2026-08-08T17:01:21.389Z","Direct Detail URL: https://www.google.com/maps/place/La+Parrilla+Del+%C3%91ato+-+Urdesa/@-2.1747534,-79.9216969,12.79z/data=!3m1!5s0x902d6d885fe9a76f:0x90560e68c111d162!4m12!1m2!2m1!1sLa+Parrilla+del+%C3%91ato!3m8!1s0x902d6e14a839ec67:0xaa9499d33456f22a!8m2!3d-2.1615629!4d-79.9165523!9m1!1b1!15sChVMYSBQYXJyaWxsYSBkZWwgw5FhdG8iA4gBAVoXIhVsYSBwYXJyaWxsYSBkZWwgw7FhdG-SAQpyZXN0YXVyYW504AEA!16s%2Fg%2F1vr3f6tq?entry=ttu&g_ep=EgoyMDI2MDgwNS4xIKXMDSoASAFQAw%3D%3D","4",,"Victor Emilio Estrada 1219","false","Para ir en grupo, precio$ como para compartir...",,"La Parrilla Del Ñato - Urdesa","4.4",,"https://www.google.com/maps/search/?api=1&query=La%20Parrilla%20Del%20%C3%91ato%20-%20Urdesa&query_place_id=ChIJZ-w5qBRuLZARKvJWNNOZlKo",
"Victor Emilio Estrada 1219, 090507 Guayaquil, Ecuador","Restaurante","Restaurante","12291618415396188714","Guayaquil","EC","0x902d6e14a839ec67:0xaa9499d33456f22a",,"https://lh3.googleusercontent.com/gps-cs-s/AHRPTWmIUzVJwpGT6y_wQQ_TKYbRgzO5ugvsumt9t1zWonuk6a3hjdvi8BSM03prBOmsGw6hCC9rMy2ViBaIpkI9HCjeB8TVchHmhSApUHrQYFx7ZvtNdOcKC6sHC5xlMlCM3-WwIhb0=w408-h306-k-no","false","false","/g/1vr3f6tq","es-419","0","-2.1615629","-79.9165523",,"Miraflores","es","false","ChIJZ-w5qBRuLZARKvJWNNOZlKo","090507","$10-35","Hace 3 años","2023-04-30T18:31:40.453Z",,,,,"Es un poco difícil encontrar estacionamiento","Prefiero ir en taxi.
Ir con amigos para compartir la cuenta es una buena opción.",,,,"Estacionamiento gratuito en la calle, Estacionamiento pagado en la calle",,,"$15-20",,,,,,"Cena","Consumo en el lugar","4","3","5","ChZDSUhNMG9nS0VJQ0FnSURSOWR5SFhnEAE",,,,,,,,"Google",,,"9",,,"3350","2026-08-08T17:01:21.389Z","Direct Detail URL: https://www.google.com/maps/place/La+Parrilla+Del+%C3%91ato+-+Urdesa/@-2.1747534,-79.9216969,12.79z/data=!3m1!5s0x902d6d885fe9a76f:0x90560e68c111d162!4m12!1m2!2m1!1sLa+Parrilla+del+%C3%91ato!3m8!1s0x902d6e14a839ec67:0xaa9499d33456f22a!8m2!3d-2.1615629!4d-79.9165523!9m1!1b1!15sChVMYSBQYXJyaWxsYSBkZWwgw5FhdG8iA4gBAVoXIhVsYSBwYXJyaWxsYSBkZWwgw7FhdG-SAQpyZXN0YXVyYW504AEA!16s%2Fg%2F1vr3f6tq?entry=ttu&g_ep=EgoyMDI2MDgwNS4xIKXMDSoASAFQAw%3D%3D","4",,"Victor Emilio Estrada 1219","false","Ya no es igual que antes...
Pero el personal es MUY ATENTO! 👌🏻",,"La Parrilla Del Ñato - Urdesa","4.4",,"https://www.google.com/maps/search/?api=1&query=La%20Parrilla%20Del%20%C3%91ato%20-%20Urdesa&query_place_id=ChIJZ-w5qBRuLZARKvJWNNOZlKo",
"Victor Emilio Estrada 1219, 090507 Guayaquil, Ecuador","Restaurante","Restaurante","12291618415396188714","Guayaquil","EC","0x902d6e14a839ec67:0xaa9499d33456f22a",,"https://lh3.googleusercontent.com/gps-cs-s/AHRPTWmIUzVJwpGT6y_wQQ_TKYbRgzO5ugvsumt9t1zWonuk6a3hjdvi8BSM03prBOmsGw6hCC9rMy2ViBaIpkI9HCjeB8TVchHmhSApUHrQYFx7ZvtNdOcKC6sHC5xlMlCM3-WwIhb0=w408-h306-k-no","false","true","/g/1vr3f6tq","es-419","0","-2.1615629","-79.9165523",,"Miraflores",,"false","ChIJZ-w5qBRuLZARKvJWNNOZlKo","090507","$10-35","Hace 3 años","2023-04-26T14:30:05.351Z",,,,,,,,,,,,,,,,,,,,,"5","4","4","ChdDSUhNMG9nS0VJQ0FnSURSX3MtVG9BRRAB",,,,,,,,"Google",,,"20",,,"3350","2026-08-08T17:01:21.389Z","Direct Detail URL: https://www.google.com/maps/place/La+Parrilla+Del+%C3%91ato+-+Urdesa/@-2.1747534,-79.9216969,12.79z/data=!3m1!5s0x902d6d885fe9a76f:0x90560e68c111d162!4m12!1m2!2m1!1sLa+Parrilla+del+%C3%91ato!3m8!1s0x902d6e14a839ec67:0xaa9499d33456f22a!8m2!3d-2.1615629!4d-79.9165523!9m1!1b1!15sChVMYSBQYXJyaWxsYSBkZWwgw5FhdG8iA4gBAVoXIhVsYSBwYXJyaWxsYSBkZWwgw7FhdG-SAQpyZXN0YXVyYW504AEA!16s%2Fg%2F1vr3f6tq?entry=ttu&g_ep=EgoyMDI2MDgwNS4xIKXMDSoASAFQAw%3D%3D","4",,"Victor Emilio Estrada 1219","false",,,"La Parrilla Del Ñato - Urdesa","4.4",,"https://www.google.com/maps/search/?api=1&query=La%20Parrilla%20Del%20%C3%91ato%20-%20Urdesa&query_place_id=ChIJZ-w5qBRuLZARKvJWNNOZlKo",
"Victor Emilio Estrada 1219, 090507 Guayaquil, Ecuador","Restaurante","Restaurante","12291618415396188714","Guayaquil","EC","0x902d6e14a839ec67:0xaa9499d33456f22a",,"https://lh3.googleusercontent.com/gps-cs-s/AHRPTWmIUzVJwpGT6y_wQQ_TKYbRgzO5ugvsumt9t1zWonuk6a3hjdvi8BSM03prBOmsGw6hCC9rMy2ViBaIpkI9HCjeB8TVchHmhSApUHrQYFx7ZvtNdOcKC6sHC5xlMlCM3-WwIhb0=w408-h306-k-no","false","true","/g/1vr3f6tq","es-419","0","-2.1615629","-79.9165523",,"Miraflores",,"false","ChIJZ-w5qBRuLZARKvJWNNOZlKo","090507","$10-35","Hace 3 años","2023-04-20T02:09:09.588Z",,,,,,,,,,,,,"$15-20",,,,,,"Almuerzo","Consumo en el lugar",,,,"ChdDSUhNMG9nS0VJQ0FnSURSbkxiSm5nRRAB",,,,,,,,"Google",,,"6",,,"3350","2026-08-08T17:01:21.389Z","Direct Detail URL: https://www.google.com/maps/place/La+Parrilla+Del+%C3%91ato+-+Urdesa/@-2.1747534,-79.9216969,12.79z/data=!3m1!5s0x902d6d885fe9a76f:0x90560e68c111d162!4m12!1m2!2m1!1sLa+Parrilla+del+%C3%91ato!3m8!1s0x902d6e14a839ec67:0xaa9499d33456f22a!8m2!3d-2.1615629!4d-79.9165523!9m1!1b1!15sChVMYSBQYXJyaWxsYSBkZWwgw5FhdG8iA4gBAVoXIhVsYSBwYXJyaWxsYSBkZWwgw7FhdG-SAQpyZXN0YXVyYW504AEA!16s%2Fg%2F1vr3f6tq?entry=ttu&g_ep=EgoyMDI2MDgwNS4xIKXMDSoASAFQAw%3D%3D","5",,"Victor Emilio Estrada 1219","false",,,"La Parrilla Del Ñato - Urdesa","4.4",,"https://www.google.com/maps/search/?api=1&query=La%20Parrilla%20Del%20%C3%91ato%20-%20Urdesa&query_place_id=ChIJZ-w5qBRuLZARKvJWNNOZlKo",
"Victor Emilio Estrada 1219, 090507 Guayaquil, Ecuador","Restaurante","Restaurante","12291618415396188714","Guayaquil","EC","0x902d6e14a839ec67:0xaa9499d33456f22a",,"https://lh3.googleusercontent.com/gps-cs-s/AHRPTWmIUzVJwpGT6y_wQQ_TKYbRgzO5ugvsumt9t1zWonuk6a3hjdvi8BSM03prBOmsGw6hCC9rMy2ViBaIpkI9HCjeB8TVchHmhSApUHrQYFx7ZvtNdOcKC6sHC5xlMlCM3-WwIhb0=w408-h306-k-no","false","false","/g/1vr3f6tq","es-419","0","-2.1615629","-79.9165523",,"Miraflores","es","false","ChIJZ-w5qBRuLZARKvJWNNOZlKo","090507","$10-35","Hace 3 años","2023-04-20T00:18:25.662Z",,,,,,,,,,,"Parrillada Familia Feliz",,"$15-20",,,,,,"Cena","Consumo en el lugar","5","5","5","ChZDSUhNMG9nS0VJQ0FnSURSbktUcUdREAE",,,,,,,,"Google",,,"28",,,"3350","2026-08-08T17:01:21.389Z","Direct Detail URL: https://www.google.com/maps/place/La+Parrilla+Del+%C3%91ato+-+Urdesa/@-2.1747534,-79.9216969,12.79z/data=!3m1!5s0x902d6d885fe9a76f:0x90560e68c111d162!4m12!1m2!2m1!1sLa+Parrilla+del+%C3%91ato!3m8!1s0x902d6e14a839ec67:0xaa9499d33456f22a!8m2!3d-2.1615629!4d-79.9165523!9m1!1b1!15sChVMYSBQYXJyaWxsYSBkZWwgw5FhdG8iA4gBAVoXIhVsYSBwYXJyaWxsYSBkZWwgw7FhdG-SAQpyZXN0YXVyYW504AEA!16s%2Fg%2F1vr3f6tq?entry=ttu&g_ep=EgoyMDI2MDgwNS4xIKXMDSoASAFQAw%3D%3D","5",,"Victor Emilio Estrada 1219","false","Muy tranquilo, excelente ambiente para poder comer y pasarlo con la familia.",,"La Parrilla Del Ñato - Urdesa","4.4",,"https://www.google.com/maps/search/?api=1&query=La%20Parrilla%20Del%20%C3%91ato%20-%20Urdesa&query_place_id=ChIJZ-w5qBRuLZARKvJWNNOZlKo",
"Victor Emilio Estrada 1219, 090507 Guayaquil, Ecuador","Restaurante","Restaurante","12291618415396188714","Guayaquil","EC","0x902d6e14a839ec67:0xaa9499d33456f22a",,"https://lh3.googleusercontent.com/gps-cs-s/AHRPTWmIUzVJwpGT6y_wQQ_TKYbRgzO5ugvsumt9t1zWonuk6a3hjdvi8BSM03prBOmsGw6hCC9rMy2ViBaIpkI9HCjeB8TVchHmhSApUHrQYFx7ZvtNdOcKC6sHC5xlMlCM3-WwIhb0=w408-h306-k-no","false","false","/g/1vr3f6tq","es-419","0","-2.1615629","-79.9165523",,"Miraflores",,"false","ChIJZ-w5qBRuLZARKvJWNNOZlKo","090507","$10-35","Hace 3 años","2023-04-19T22:44:24.483Z",,,,,,,,,,,,,,,,,,,,,"5","5","5","ChdDSUhNMG9nS0VJQ0FnSURSN09lT3N3RRAB",,,,,,,,"Google",,,"0",,,"3350","2026-08-08T17:01:21.389Z","Direct Detail URL: https://www.google.com/maps/place/La+Parrilla+Del+%C3%91ato+-+Urdesa/@-2.1747534,-79.9216969,12.79z/data=!3m1!5s0x902d6d885fe9a76f:0x90560e68c111d162!4m12!1m2!2m1!1sLa+Parrilla+del+%C3%91ato!3m8!1s0x902d6e14a839ec67:0xaa9499d33456f22a!8m2!3d-2.1615629!4d-79.9165523!9m1!1b1!15sChVMYSBQYXJyaWxsYSBkZWwgw5FhdG8iA4gBAVoXIhVsYSBwYXJyaWxsYSBkZWwgw7FhdG-SAQpyZXN0YXVyYW504AEA!16s%2Fg%2F1vr3f6tq?entry=ttu&g_ep=EgoyMDI2MDgwNS4xIKXMDSoASAFQAw%3D%3D","5",,"Victor Emilio Estrada 1219","false",,,"La Parrilla Del Ñato - Urdesa","4.4",,"https://www.google.com/maps/search/?api=1&query=La%20Parrilla%20Del%20%C3%91ato%20-%20Urdesa&query_place_id=ChIJZ-w5qBRuLZARKvJWNNOZlKo",
"Victor Emilio Estrada 1219, 090507 Guayaquil, Ecuador","Restaurante","Restaurante","12291618415396188714","Guayaquil","EC","0x902d6e14a839ec67:0xaa9499d33456f22a",,"https://lh3.googleusercontent.com/gps-cs-s/AHRPTWmIUzVJwpGT6y_wQQ_TKYbRgzO5ugvsumt9t1zWonuk6a3hjdvi8BSM03prBOmsGw6hCC9rMy2ViBaIpkI9HCjeB8TVchHmhSApUHrQYFx7ZvtNdOcKC6sHC5xlMlCM3-WwIhb0=w408-h306-k-no","false","true","/g/1vr3f6tq","es-419","0","-2.1615629","-79.9165523",,"Miraflores","es","false","ChIJZ-w5qBRuLZARKvJWNNOZlKo","090507","$10-35","Hace 3 años","2023-04-18T23:21:59.406Z",,,,,,,,,,,,,,,,,,,,,"1","3","1","ChdDSUhNMG9nS0VJQ0FnSURSdE5hdG9nRRAB",,,,,,,,"Google",,,"70",,,"3350","2026-08-08T17:01:21.389Z","Direct Detail URL: https://www.google.com/maps/place/La+Parrilla+Del+%C3%91ato+-+Urdesa/@-2.1747534,-79.9216969,12.79z/data=!3m1!5s0x902d6d885fe9a76f:0x90560e68c111d162!4m12!1m2!2m1!1sLa+Parrilla+del+%C3%91ato!3m8!1s0x902d6e14a839ec67:0xaa9499d33456f22a!8m2!3d-2.1615629!4d-79.9165523!9m1!1b1!15sChVMYSBQYXJyaWxsYSBkZWwgw5FhdG8iA4gBAVoXIhVsYSBwYXJyaWxsYSBkZWwgw7FhdG-SAQpyZXN0YXVyYW504AEA!16s%2Fg%2F1vr3f6tq?entry=ttu&g_ep=EgoyMDI2MDgwNS4xIKXMDSoASAFQAw%3D%3D","3",,"Victor Emilio Estrada 1219","false","La comida deliciosa. Precios altos... Servicio Regular... Ambiente lúgubre y baños descuidados y viejos",,"La Parrilla Del Ñato - Urdesa","4.4",,"https://www.google.com/maps/search/?api=1&query=La%20Parrilla%20Del%20%C3%91ato%20-%20Urdesa&query_place_id=ChIJZ-w5qBRuLZARKvJWNNOZlKo",
"Victor Emilio Estrada 1219, 090507 Guayaquil, Ecuador","Restaurante","Restaurante","12291618415396188714","Guayaquil","EC","0x902d6e14a839ec67:0xaa9499d33456f22a",,"https://lh3.googleusercontent.com/gps-cs-s/AHRPTWmIUzVJwpGT6y_wQQ_TKYbRgzO5ugvsumt9t1zWonuk6a3hjdvi8BSM03prBOmsGw6hCC9rMy2ViBaIpkI9HCjeB8TVchHmhSApUHrQYFx7ZvtNdOcKC6sHC5xlMlCM3-WwIhb0=w408-h306-k-no","false","true","/g/1vr3f6tq","es-419","0","-2.1615629","-79.9165523",,"Miraflores","es","false","ChIJZ-w5qBRuLZARKvJWNNOZlKo","090507","$10-35","Hace 3 años","2023-04-18T17:13:11.359Z",,,,,,,,,,,,,"$15-20",,"No lo sé",,,,"Otro","Consumo en el lugar","4","4","4","ChZDSUhNMG9nS0VJQ0FnSURSMU1pUUZ3EAE",,,,,,,,"Google",,,"59",,,"3350","2026-08-08T17:01:21.389Z","Direct Detail URL: https://www.google.com/maps/place/La+Parrilla+Del+%C3%91ato+-+Urdesa/@-2.1747534,-79.9216969,12.79z/data=!3m1!5s0x902d6d885fe9a76f:0x90560e68c111d162!4m12!1m2!2m1!1sLa+Parrilla+del+%C3%91ato!3m8!1s0x902d6e14a839ec67:0xaa9499d33456f22a!8m2!3d-2.1615629!4d-79.9165523!9m1!1b1!15sChVMYSBQYXJyaWxsYSBkZWwgw5FhdG8iA4gBAVoXIhVsYSBwYXJyaWxsYSBkZWwgw7FhdG-SAQpyZXN0YXVyYW504AEA!16s%2Fg%2F1vr3f6tq?entry=ttu&g_ep=EgoyMDI2MDgwNS4xIKXMDSoASAFQAw%3D%3D","4",,"Victor Emilio Estrada 1219","false","Un lugar Clásico en Urdesa, se tiene una buena opción de carnes, el pedido llegó a la mesa relativamente rápido, las guarniciones podrían ser de más cantidad ya que nos parecieron muy pequeñas. El lugar tiene buena iluminación y ventilación y cuenta con varios ambientes. Hay una opción (costo extra) que permite servirse varias ensaladas a todo momento, nos pareció que habían pocas opciones pero se veía todo muy fresco en ese momento. Precios aceptables, aunque hay otros que ofrecen un plus respecto a la acntidad de la porción o a la guarnición, por el mismo precio. La atención fue rápida y cordial. En general, buen lugar.",,"La Parrilla Del Ñato - Urdesa","4.4",,"https://www.google.com/maps/search/?api=1&query=La%20Parrilla%20Del%20%C3%91ato%20-%20Urdesa&query_place_id=ChIJZ-w5qBRuLZARKvJWNNOZlKo",
"Victor Emilio Estrada 1219, 090507 Guayaquil, Ecuador","Restaurante","Restaurante","12291618415396188714","Guayaquil","EC","0x902d6e14a839ec67:0xaa9499d33456f22a",,"https://lh3.googleusercontent.com/gps-cs-s/AHRPTWmIUzVJwpGT6y_wQQ_TKYbRgzO5ugvsumt9t1zWonuk6a3hjdvi8BSM03prBOmsGw6hCC9rMy2ViBaIpkI9HCjeB8TVchHmhSApUHrQYFx7ZvtNdOcKC6sHC5xlMlCM3-WwIhb0=w408-h306-k-no","false","true","/g/1vr3f6tq","es-419","0","-2.1615629","-79.9165523",,"Miraflores",,"false","ChIJZ-w5qBRuLZARKvJWNNOZlKo","090507","$10-35","Hace 3 años","2023-04-15T12:29:52.860Z",,,,,,,,,,,"Parrillada Baby, Parrillada Junior",,"$20-25",,,,,,"Otro","Consumo en el lugar","4","5","4","ChZDSUhNMG9nS0VJQ0FnSURSNE1uUk1REAE",,,,,,,,"Google",,,"1",,,"3350","2026-08-08T17:01:21.389Z","Direct Detail URL: https://www.google.com/maps/place/La+Parrilla+Del+%C3%91ato+-+Urdesa/@-2.1747534,-79.9216969,12.79z/data=!3m1!5s0x902d6d885fe9a76f:0x90560e68c111d162!4m12!1m2!2m1!1sLa+Parrilla+del+%C3%91ato!3m8!1s0x902d6e14a839ec67:0xaa9499d33456f22a!8m2!3d-2.1615629!4d-79.9165523!9m1!1b1!15sChVMYSBQYXJyaWxsYSBkZWwgw5FhdG8iA4gBAVoXIhVsYSBwYXJyaWxsYSBkZWwgw7FhdG-SAQpyZXN0YXVyYW504AEA!16s%2Fg%2F1vr3f6tq?entry=ttu&g_ep=EgoyMDI2MDgwNS4xIKXMDSoASAFQAw%3D%3D","4",,"Victor Emilio Estrada 1219","false",,,"La Parrilla Del Ñato - Urdesa","4.4",,"https://www.google.com/maps/search/?api=1&query=La%20Parrilla%20Del%20%C3%91ato%20-%20Urdesa&query_place_id=ChIJZ-w5qBRuLZARKvJWNNOZlKo",
"Victor Emilio Estrada 1219, 090507 Guayaquil, Ecuador","Restaurante","Restaurante","12291618415396188714","Guayaquil","EC","0x902d6e14a839ec67:0xaa9499d33456f22a",,"https://lh3.googleusercontent.com/gps-cs-s/AHRPTWmIUzVJwpGT6y_wQQ_TKYbRgzO5ugvsumt9t1zWonuk6a3hjdvi8BSM03prBOmsGw6hCC9rMy2ViBaIpkI9HCjeB8TVchHmhSApUHrQYFx7ZvtNdOcKC6sHC5xlMlCM3-WwIhb0=w408-h306-k-no","false","true","/g/1vr3f6tq","es-419","0","-2.1615629","-79.9165523",,"Miraflores",,"false","ChIJZ-w5qBRuLZARKvJWNNOZlKo","090507","$10-35","Hace 3 años","2023-04-12T21:40:46.995Z",,,,,,,,,,,,,,,,,,,,,"4","4","5","ChZDSUhNMG9nS0VJQ0FnSUNSdDZTMlRREAE",,,,,,,,"Google",,,"14",,,"3350","2026-08-08T17:01:21.389Z","Direct Detail URL: https://www.google.com/maps/place/La+Parrilla+Del+%C3%91ato+-+Urdesa/@-2.1747534,-79.9216969,12.79z/data=!3m1!5s0x902d6d885fe9a76f:0x90560e68c111d162!4m12!1m2!2m1!1sLa+Parrilla+del+%C3%91ato!3m8!1s0x902d6e14a839ec67:0xaa9499d33456f22a!8m2!3d-2.1615629!4d-79.9165523!9m1!1b1!15sChVMYSBQYXJyaWxsYSBkZWwgw5FhdG8iA4gBAVoXIhVsYSBwYXJyaWxsYSBkZWwgw7FhdG-SAQpyZXN0YXVyYW504AEA!16s%2Fg%2F1vr3f6tq?entry=ttu&g_ep=EgoyMDI2MDgwNS4xIKXMDSoASAFQAw%3D%3D","4",,"Victor Emilio Estrada 1219","false",,,"La Parrilla Del Ñato - Urdesa","4.4",,"https://www.google.com/maps/search/?api=1&query=La%20Parrilla%20Del%20%C3%91ato%20-%20Urdesa&query_place_id=ChIJZ-w5qBRuLZARKvJWNNOZlKo",
"Victor Emilio Estrada 1219, 090507 Guayaquil, Ecuador","Restaurante","Restaurante","12291618415396188714","Guayaquil","EC","0x902d6e14a839ec67:0xaa9499d33456f22a",,"https://lh3.googleusercontent.com/gps-cs-s/AHRPTWmIUzVJwpGT6y_wQQ_TKYbRgzO5ugvsumt9t1zWonuk6a3hjdvi8BSM03prBOmsGw6hCC9rMy2ViBaIpkI9HCjeB8TVchHmhSApUHrQYFx7ZvtNdOcKC6sHC5xlMlCM3-WwIhb0=w408-h306-k-no","false","true","/g/1vr3f6tq","es-419","0","-2.1615629","-79.9165523",,"Miraflores",,"false","ChIJZ-w5qBRuLZARKvJWNNOZlKo","090507","$10-35","Hace 3 años","2023-04-11T18:47:07.234Z",,,,,,,,,,,,,,,,,,,,,"5","5","5","ChdDSUhNMG9nS0VJQ0FnSUNSLS02M2dnRRAB",,,,,,,,"Google",,,"4",,,"3350","2026-08-08T17:01:21.389Z","Direct Detail URL: https://www.google.com/maps/place/La+Parrilla+Del+%C3%91ato+-+Urdesa/@-2.1747534,-79.9216969,12.79z/data=!3m1!5s0x902d6d885fe9a76f:0x90560e68c111d162!4m12!1m2!2m1!1sLa+Parrilla+del+%C3%91ato!3m8!1s0x902d6e14a839ec67:0xaa9499d33456f22a!8m2!3d-2.1615629!4d-79.9165523!9m1!1b1!15sChVMYSBQYXJyaWxsYSBkZWwgw5FhdG8iA4gBAVoXIhVsYSBwYXJyaWxsYSBkZWwgw7FhdG-SAQpyZXN0YXVyYW504AEA!16s%2Fg%2F1vr3f6tq?entry=ttu&g_ep=EgoyMDI2MDgwNS4xIKXMDSoASAFQAw%3D%3D","5",,"Victor Emilio Estrada 1219","false",,,"La Parrilla Del Ñato - Urdesa","4.4",,"https://www.google.com/maps/search/?api=1&query=La%20Parrilla%20Del%20%C3%91ato%20-%20Urdesa&query_place_id=ChIJZ-w5qBRuLZARKvJWNNOZlKo",
"Victor Emilio Estrada 1219, 090507 Guayaquil, Ecuador","Restaurante","Restaurante","12291618415396188714","Guayaquil","EC","0x902d6e14a839ec67:0xaa9499d33456f22a",,"https://lh3.googleusercontent.com/gps-cs-s/AHRPTWmIUzVJwpGT6y_wQQ_TKYbRgzO5ugvsumt9t1zWonuk6a3hjdvi8BSM03prBOmsGw6hCC9rMy2ViBaIpkI9HCjeB8TVchHmhSApUHrQYFx7ZvtNdOcKC6sHC5xlMlCM3-WwIhb0=w408-h306-k-no","false","true","/g/1vr3f6tq","es-419","1","-2.1615629","-79.9165523",,"Miraflores","es","false","ChIJZ-w5qBRuLZARKvJWNNOZlKo","090507","$10-35","Hace 3 años","2023-04-07T18:16:08.026Z",,,,,,,,,,,,,,,,,,,,,"5","5","5","ChdDSUhNMG9nS0VJQ0FnSUNSamRtRDh3RRAB",,,,,,,,"Google",,,"356",,,"3350","2026-08-08T17:01:21.389Z","Direct Detail URL: https://www.google.com/maps/place/La+Parrilla+Del+%C3%91ato+-+Urdesa/@-2.1747534,-79.9216969,12.79z/data=!3m1!5s0x902d6d885fe9a76f:0x90560e68c111d162!4m12!1m2!2m1!1sLa+Parrilla+del+%C3%91ato!3m8!1s0x902d6e14a839ec67:0xaa9499d33456f22a!8m2!3d-2.1615629!4d-79.9165523!9m1!1b1!15sChVMYSBQYXJyaWxsYSBkZWwgw5FhdG8iA4gBAVoXIhVsYSBwYXJyaWxsYSBkZWwgw7FhdG-SAQpyZXN0YXVyYW504AEA!16s%2Fg%2F1vr3f6tq?entry=ttu&g_ep=EgoyMDI2MDgwNS4xIKXMDSoASAFQAw%3D%3D","5",,"Victor Emilio Estrada 1219","false","Excelente",,"La Parrilla Del Ñato - Urdesa","4.4",,"https://www.google.com/maps/search/?api=1&query=La%20Parrilla%20Del%20%C3%91ato%20-%20Urdesa&query_place_id=ChIJZ-w5qBRuLZARKvJWNNOZlKo",
"Victor Emilio Estrada 1219, 090507 Guayaquil, Ecuador","Restaurante","Restaurante","12291618415396188714","Guayaquil","EC","0x902d6e14a839ec67:0xaa9499d33456f22a",,"https://lh3.googleusercontent.com/gps-cs-s/AHRPTWmIUzVJwpGT6y_wQQ_TKYbRgzO5ugvsumt9t1zWonuk6a3hjdvi8BSM03prBOmsGw6hCC9rMy2ViBaIpkI9HCjeB8TVchHmhSApUHrQYFx7ZvtNdOcKC6sHC5xlMlCM3-WwIhb0=w408-h306-k-no","false","false","/g/1vr3f6tq","es-419","0","-2.1615629","-79.9165523",,"Miraflores",,"false","ChIJZ-w5qBRuLZARKvJWNNOZlKo","090507","$10-35","Hace 3 años","2023-04-05T20:03:47.339Z",,,,,,,,,,,"Pizza Ñato",,"$15-20",,,,,,"Otro","Comida para llevar","5","5","5","ChZDSUhNMG9nS0VJQ0FnSUNSdWFTVmRnEAE",,,,,,,,"Google",,,"0",,,"3350","2026-08-08T17:01:21.389Z","Direct Detail URL: https://www.google.com/maps/place/La+Parrilla+Del+%C3%91ato+-+Urdesa/@-2.1747534,-79.9216969,12.79z/data=!3m1!5s0x902d6d885fe9a76f:0x90560e68c111d162!4m12!1m2!2m1!1sLa+Parrilla+del+%C3%91ato!3m8!1s0x902d6e14a839ec67:0xaa9499d33456f22a!8m2!3d-2.1615629!4d-79.9165523!9m1!1b1!15sChVMYSBQYXJyaWxsYSBkZWwgw5FhdG8iA4gBAVoXIhVsYSBwYXJyaWxsYSBkZWwgw7FhdG-SAQpyZXN0YXVyYW504AEA!16s%2Fg%2F1vr3f6tq?entry=ttu&g_ep=EgoyMDI2MDgwNS4xIKXMDSoASAFQAw%3D%3D","5",,"Victor Emilio Estrada 1219","false",,,"La Parrilla Del Ñato - Urdesa","4.4",,"https://www.google.com/maps/search/?api=1&query=La%20Parrilla%20Del%20%C3%91ato%20-%20Urdesa&query_place_id=ChIJZ-w5qBRuLZARKvJWNNOZlKo",
"Victor Emilio Estrada 1219, 090507 Guayaquil, Ecuador","Restaurante","Restaurante","12291618415396188714","Guayaquil","EC","0x902d6e14a839ec67:0xaa9499d33456f22a",,"https://lh3.googleusercontent.com/gps-cs-s/AHRPTWmIUzVJwpGT6y_wQQ_TKYbRgzO5ugvsumt9t1zWonuk6a3hjdvi8BSM03prBOmsGw6hCC9rMy2ViBaIpkI9HCjeB8TVchHmhSApUHrQYFx7ZvtNdOcKC6sHC5xlMlCM3-WwIhb0=w408-h306-k-no","false","true","/g/1vr3f6tq","es-419","0","-2.1615629","-79.9165523",,"Miraflores",,"false","ChIJZ-w5qBRuLZARKvJWNNOZlKo","090507","$10-35","Hace 3 años","2023-04-04T19:12:44.553Z",,,,,,,,,,,,,,,,,,,,,"5","5","5","ChdDSUhNMG9nS0VJQ0FnSUNSaVpibjJBRRAB",,,,,,,,"Google",,,"51",,,"3350","2026-08-08T17:01:21.389Z","Direct Detail URL: https://www.google.com/maps/place/La+Parrilla+Del+%C3%91ato+-+Urdesa/@-2.1747534,-79.9216969,12.79z/data=!3m1!5s0x902d6d885fe9a76f:0x90560e68c111d162!4m12!1m2!2m1!1sLa+Parrilla+del+%C3%91ato!3m8!1s0x902d6e14a839ec67:0xaa9499d33456f22a!8m2!3d-2.1615629!4d-79.9165523!9m1!1b1!15sChVMYSBQYXJyaWxsYSBkZWwgw5FhdG8iA4gBAVoXIhVsYSBwYXJyaWxsYSBkZWwgw7FhdG-SAQpyZXN0YXVyYW504AEA!16s%2Fg%2F1vr3f6tq?entry=ttu&g_ep=EgoyMDI2MDgwNS4xIKXMDSoASAFQAw%3D%3D","5",,"Victor Emilio Estrada 1219","false",,,"La Parrilla Del Ñato - Urdesa","4.4",,"https://www.google.com/maps/search/?api=1&query=La%20Parrilla%20Del%20%C3%91ato%20-%20Urdesa&query_place_id=ChIJZ-w5qBRuLZARKvJWNNOZlKo",
"Victor Emilio Estrada 1219, 090507 Guayaquil, Ecuador","Restaurante","Restaurante","12291618415396188714","Guayaquil","EC","0x902d6e14a839ec67:0xaa9499d33456f22a",,"https://lh3.googleusercontent.com/gps-cs-s/AHRPTWmIUzVJwpGT6y_wQQ_TKYbRgzO5ugvsumt9t1zWonuk6a3hjdvi8BSM03prBOmsGw6hCC9rMy2ViBaIpkI9HCjeB8TVchHmhSApUHrQYFx7ZvtNdOcKC6sHC5xlMlCM3-WwIhb0=w408-h306-k-no","false","true","/g/1vr3f6tq","es-419","0","-2.1615629","-79.9165523",,"Miraflores",,"false","ChIJZ-w5qBRuLZARKvJWNNOZlKo","090507","$10-35","Hace 3 años","2023-04-02T10:08:59.957Z",,,,,,,,,,,,,,,,,,,,,"5","5","5","ChdDSUhNMG9nS0VJQ0FnSUNScnFQV2pBRRAB",,,,,,,,"Google",,,"20",,,"3350","2026-08-08T17:01:21.389Z","Direct Detail URL: https://www.google.com/maps/place/La+Parrilla+Del+%C3%91ato+-+Urdesa/@-2.1747534,-79.9216969,12.79z/data=!3m1!5s0x902d6d885fe9a76f:0x90560e68c111d162!4m12!1m2!2m1!1sLa+Parrilla+del+%C3%91ato!3m8!1s0x902d6e14a839ec67:0xaa9499d33456f22a!8m2!3d-2.1615629!4d-79.9165523!9m1!1b1!15sChVMYSBQYXJyaWxsYSBkZWwgw5FhdG8iA4gBAVoXIhVsYSBwYXJyaWxsYSBkZWwgw7FhdG-SAQpyZXN0YXVyYW504AEA!16s%2Fg%2F1vr3f6tq?entry=ttu&g_ep=EgoyMDI2MDgwNS4xIKXMDSoASAFQAw%3D%3D","5",,"Victor Emilio Estrada 1219","false",,,"La Parrilla Del Ñato - Urdesa","4.4",,"https://www.google.com/maps/search/?api=1&query=La%20Parrilla%20Del%20%C3%91ato%20-%20Urdesa&query_place_id=ChIJZ-w5qBRuLZARKvJWNNOZlKo",
"Victor Emilio Estrada 1219, 090507 Guayaquil, Ecuador","Restaurante","Restaurante","12291618415396188714","Guayaquil","EC","0x902d6e14a839ec67:0xaa9499d33456f22a",,"https://lh3.googleusercontent.com/gps-cs-s/AHRPTWmIUzVJwpGT6y_wQQ_TKYbRgzO5ugvsumt9t1zWonuk6a3hjdvi8BSM03prBOmsGw6hCC9rMy2ViBaIpkI9HCjeB8TVchHmhSApUHrQYFx7ZvtNdOcKC6sHC5xlMlCM3-WwIhb0=w408-h306-k-no","false","true","/g/1vr3f6tq","es-419","0","-2.1615629","-79.9165523",,"Miraflores",,"false","ChIJZ-w5qBRuLZARKvJWNNOZlKo","090507","$10-35","Hace 3 años","2023-04-02T00:02:21.306Z",,,,,,,,,,,,,,,,,,,,,,,,"ChZDSUhNMG9nS0VJQ0FnSUNSanF1Z0V3EAE",,,,,,,,"Google",,,"48",,,"3350","2026-08-08T17:01:21.389Z","Direct Detail URL: https://www.google.com/maps/place/La+Parrilla+Del+%C3%91ato+-+Urdesa/@-2.1747534,-79.9216969,12.79z/data=!3m1!5s0x902d6d885fe9a76f:0x90560e68c111d162!4m12!1m2!2m1!1sLa+Parrilla+del+%C3%91ato!3m8!1s0x902d6e14a839ec67:0xaa9499d33456f22a!8m2!3d-2.1615629!4d-79.9165523!9m1!1b1!15sChVMYSBQYXJyaWxsYSBkZWwgw5FhdG8iA4gBAVoXIhVsYSBwYXJyaWxsYSBkZWwgw7FhdG-SAQpyZXN0YXVyYW504AEA!16s%2Fg%2F1vr3f6tq?entry=ttu&g_ep=EgoyMDI2MDgwNS4xIKXMDSoASAFQAw%3D%3D","4",,"Victor Emilio Estrada 1219","false",,,"La Parrilla Del Ñato - Urdesa","4.4",,"https://www.google.com/maps/search/?api=1&query=La%20Parrilla%20Del%20%C3%91ato%20-%20Urdesa&query_place_id=ChIJZ-w5qBRuLZARKvJWNNOZlKo",
"Victor Emilio Estrada 1219, 090507 Guayaquil, Ecuador","Restaurante","Restaurante","12291618415396188714","Guayaquil","EC","0x902d6e14a839ec67:0xaa9499d33456f22a",,"https://lh3.googleusercontent.com/gps-cs-s/AHRPTWmIUzVJwpGT6y_wQQ_TKYbRgzO5ugvsumt9t1zWonuk6a3hjdvi8BSM03prBOmsGw6hCC9rMy2ViBaIpkI9HCjeB8TVchHmhSApUHrQYFx7ZvtNdOcKC6sHC5xlMlCM3-WwIhb0=w408-h306-k-no","false","false","/g/1vr3f6tq","es-419","0","-2.1615629","-79.9165523",,"Miraflores",,"false","ChIJZ-w5qBRuLZARKvJWNNOZlKo","090507","$10-35","Hace 3 años","2023-04-01T17:03:19.590Z",,,,,,,,,,,,,,,,,,,"Almuerzo",,,"5",,"ChZDSUhNMG9nS0VJQ0FnSUNSOXViYUx3EAE",,,,,,,,"Google",,,"9",,,"3350","2026-08-08T17:01:21.389Z","Direct Detail URL: https://www.google.com/maps/place/La+Parrilla+Del+%C3%91ato+-+Urdesa/@-2.1747534,-79.9216969,12.79z/data=!3m1!5s0x902d6d885fe9a76f:0x90560e68c111d162!4m12!1m2!2m1!1sLa+Parrilla+del+%C3%91ato!3m8!1s0x902d6e14a839ec67:0xaa9499d33456f22a!8m2!3d-2.1615629!4d-79.9165523!9m1!1b1!15sChVMYSBQYXJyaWxsYSBkZWwgw5FhdG8iA4gBAVoXIhVsYSBwYXJyaWxsYSBkZWwgw7FhdG-SAQpyZXN0YXVyYW504AEA!16s%2Fg%2F1vr3f6tq?entry=ttu&g_ep=EgoyMDI2MDgwNS4xIKXMDSoASAFQAw%3D%3D","5",,"Victor Emilio Estrada 1219","false",,,"La Parrilla Del Ñato - Urdesa","4.4",,"https://www.google.com/maps/search/?api=1&query=La%20Parrilla%20Del%20%C3%91ato%20-%20Urdesa&query_place_id=ChIJZ-w5qBRuLZARKvJWNNOZlKo",
"Victor Emilio Estrada 1219, 090507 Guayaquil, Ecuador","Restaurante","Restaurante","12291618415396188714","Guayaquil","EC","0x902d6e14a839ec67:0xaa9499d33456f22a",,"https://lh3.googleusercontent.com/gps-cs-s/AHRPTWmIUzVJwpGT6y_wQQ_TKYbRgzO5ugvsumt9t1zWonuk6a3hjdvi8BSM03prBOmsGw6hCC9rMy2ViBaIpkI9HCjeB8TVchHmhSApUHrQYFx7ZvtNdOcKC6sHC5xlMlCM3-WwIhb0=w408-h306-k-no","false","true","/g/1vr3f6tq","es-419","0","-2.1615629","-79.9165523",,"Miraflores",,"false","ChIJZ-w5qBRuLZARKvJWNNOZlKo","090507","$10-35","Hace 3 años","2023-03-30T15:01:10.315Z",,,,,,,,,,,,,,,,,,,,,"4","4","4","ChZDSUhNMG9nS0VJQ0FnSUNSbXIzc2J3EAE",,,,,,,,"Google",,,"38",,,"3350","2026-08-08T17:01:21.389Z","Direct Detail URL: https://www.google.com/maps/place/La+Parrilla+Del+%C3%91ato+-+Urdesa/@-2.1747534,-79.9216969,12.79z/data=!3m1!5s0x902d6d885fe9a76f:0x90560e68c111d162!4m12!1m2!2m1!1sLa+Parrilla+del+%C3%91ato!3m8!1s0x902d6e14a839ec67:0xaa9499d33456f22a!8m2!3d-2.1615629!4d-79.9165523!9m1!1b1!15sChVMYSBQYXJyaWxsYSBkZWwgw5FhdG8iA4gBAVoXIhVsYSBwYXJyaWxsYSBkZWwgw7FhdG-SAQpyZXN0YXVyYW504AEA!16s%2Fg%2F1vr3f6tq?entry=ttu&g_ep=EgoyMDI2MDgwNS4xIKXMDSoASAFQAw%3D%3D","4",,"Victor Emilio Estrada 1219","false",,,"La Parrilla Del Ñato - Urdesa","4.4",,"https://www.google.com/maps/search/?api=1&query=La%20Parrilla%20Del%20%C3%91ato%20-%20Urdesa&query_place_id=ChIJZ-w5qBRuLZARKvJWNNOZlKo",
"Victor Emilio Estrada 1219, 090507 Guayaquil, Ecuador","Restaurante","Restaurante","12291618415396188714","Guayaquil","EC","0x902d6e14a839ec67:0xaa9499d33456f22a",,"https://lh3.googleusercontent.com/gps-cs-s/AHRPTWmIUzVJwpGT6y_wQQ_TKYbRgzO5ugvsumt9t1zWonuk6a3hjdvi8BSM03prBOmsGw6hCC9rMy2ViBaIpkI9HCjeB8TVchHmhSApUHrQYFx7ZvtNdOcKC6sHC5xlMlCM3-WwIhb0=w408-h306-k-no","false","true","/g/1vr3f6tq","es-419","0","-2.1615629","-79.9165523",,"Miraflores",,"false","ChIJZ-w5qBRuLZARKvJWNNOZlKo","090507","$10-35","Hace 3 años","2023-03-29T09:46:50.648Z",,,,,,,,,,,,,,,,,,,,,"5","5","5","ChdDSUhNMG9nS0VJQ0FnSUNSc29TanNnRRAB",,,,,,,,"Google",,,"13",,,"3350","2026-08-08T17:01:21.389Z","Direct Detail URL: https://www.google.com/maps/place/La+Parrilla+Del+%C3%91ato+-+Urdesa/@-2.1747534,-79.9216969,12.79z/data=!3m1!5s0x902d6d885fe9a76f:0x90560e68c111d162!4m12!1m2!2m1!1sLa+Parrilla+del+%C3%91ato!3m8!1s0x902d6e14a839ec67:0xaa9499d33456f22a!8m2!3d-2.1615629!4d-79.9165523!9m1!1b1!15sChVMYSBQYXJyaWxsYSBkZWwgw5FhdG8iA4gBAVoXIhVsYSBwYXJyaWxsYSBkZWwgw7FhdG-SAQpyZXN0YXVyYW504AEA!16s%2Fg%2F1vr3f6tq?entry=ttu&g_ep=EgoyMDI2MDgwNS4xIKXMDSoASAFQAw%3D%3D","5",,"Victor Emilio Estrada 1219","false",,,"La Parrilla Del Ñato - Urdesa","4.4",,"https://www.google.com/maps/search/?api=1&query=La%20Parrilla%20Del%20%C3%91ato%20-%20Urdesa&query_place_id=ChIJZ-w5qBRuLZARKvJWNNOZlKo",
"Victor Emilio Estrada 1219, 090507 Guayaquil, Ecuador","Restaurante","Restaurante","12291618415396188714","Guayaquil","EC","0x902d6e14a839ec67:0xaa9499d33456f22a",,"https://lh3.googleusercontent.com/gps-cs-s/AHRPTWmIUzVJwpGT6y_wQQ_TKYbRgzO5ugvsumt9t1zWonuk6a3hjdvi8BSM03prBOmsGw6hCC9rMy2ViBaIpkI9HCjeB8TVchHmhSApUHrQYFx7ZvtNdOcKC6sHC5xlMlCM3-WwIhb0=w408-h306-k-no","false","true","/g/1vr3f6tq","es-419","0","-2.1615629","-79.9165523",,"Miraflores",,"false","ChIJZ-w5qBRuLZARKvJWNNOZlKo","090507","$10-35","Hace 3 años","2023-03-25T23:25:34.253Z",,,,,,,,,,,,,,,,,,,,,"5","5","5","ChZDSUhNMG9nS0VJQ0FnSUNSbExMUE5nEAE",,,,,,,,"Google",,,"58",,,"3350","2026-08-08T17:01:21.389Z","Direct Detail URL: https://www.google.com/maps/place/La+Parrilla+Del+%C3%91ato+-+Urdesa/@-2.1747534,-79.9216969,12.79z/data=!3m1!5s0x902d6d885fe9a76f:0x90560e68c111d162!4m12!1m2!2m1!1sLa+Parrilla+del+%C3%91ato!3m8!1s0x902d6e14a839ec67:0xaa9499d33456f22a!8m2!3d-2.1615629!4d-79.9165523!9m1!1b1!15sChVMYSBQYXJyaWxsYSBkZWwgw5FhdG8iA4gBAVoXIhVsYSBwYXJyaWxsYSBkZWwgw7FhdG-SAQpyZXN0YXVyYW504AEA!16s%2Fg%2F1vr3f6tq?entry=ttu&g_ep=EgoyMDI2MDgwNS4xIKXMDSoASAFQAw%3D%3D","5",,"Victor Emilio Estrada 1219","false",,,"La Parrilla Del Ñato - Urdesa","4.4",,"https://www.google.com/maps/search/?api=1&query=La%20Parrilla%20Del%20%C3%91ato%20-%20Urdesa&query_place_id=ChIJZ-w5qBRuLZARKvJWNNOZlKo",
"Victor Emilio Estrada 1219, 090507 Guayaquil, Ecuador","Restaurante","Restaurante","12291618415396188714","Guayaquil","EC","0x902d6e14a839ec67:0xaa9499d33456f22a",,"https://lh3.googleusercontent.com/gps-cs-s/AHRPTWmIUzVJwpGT6y_wQQ_TKYbRgzO5ugvsumt9t1zWonuk6a3hjdvi8BSM03prBOmsGw6hCC9rMy2ViBaIpkI9HCjeB8TVchHmhSApUHrQYFx7ZvtNdOcKC6sHC5xlMlCM3-WwIhb0=w408-h306-k-no","false","true","/g/1vr3f6tq","es-419","0","-2.1615629","-79.9165523",,"Miraflores",,"false","ChIJZ-w5qBRuLZARKvJWNNOZlKo","090507","$10-35","Hace 3 años","2023-03-25T15:50:20.225Z",,,,,,,,,,,,,,,,,,,,,"5","5","5","ChdDSUhNMG9nS0VJQ0FnSUNScEs3ZHVRRRAB",,,,,,,,"Google",,,"16",,,"3350","2026-08-08T17:01:21.389Z","Direct Detail URL: https://www.google.com/maps/place/La+Parrilla+Del+%C3%91ato+-+Urdesa/@-2.1747534,-79.9216969,12.79z/data=!3m1!5s0x902d6d885fe9a76f:0x90560e68c111d162!4m12!1m2!2m1!1sLa+Parrilla+del+%C3%91ato!3m8!1s0x902d6e14a839ec67:0xaa9499d33456f22a!8m2!3d-2.1615629!4d-79.9165523!9m1!1b1!15sChVMYSBQYXJyaWxsYSBkZWwgw5FhdG8iA4gBAVoXIhVsYSBwYXJyaWxsYSBkZWwgw7FhdG-SAQpyZXN0YXVyYW504AEA!16s%2Fg%2F1vr3f6tq?entry=ttu&g_ep=EgoyMDI2MDgwNS4xIKXMDSoASAFQAw%3D%3D","5",,"Victor Emilio Estrada 1219","false",,,"La Parrilla Del Ñato - Urdesa","4.4",,"https://www.google.com/maps/search/?api=1&query=La%20Parrilla%20Del%20%C3%91ato%20-%20Urdesa&query_place_id=ChIJZ-w5qBRuLZARKvJWNNOZlKo",
"Victor Emilio Estrada 1219, 090507 Guayaquil, Ecuador","Restaurante","Restaurante","12291618415396188714","Guayaquil","EC","0x902d6e14a839ec67:0xaa9499d33456f22a",,"https://lh3.googleusercontent.com/gps-cs-s/AHRPTWmIUzVJwpGT6y_wQQ_TKYbRgzO5ugvsumt9t1zWonuk6a3hjdvi8BSM03prBOmsGw6hCC9rMy2ViBaIpkI9HCjeB8TVchHmhSApUHrQYFx7ZvtNdOcKC6sHC5xlMlCM3-WwIhb0=w408-h306-k-no","false","true","/g/1vr3f6tq","es-419","0","-2.1615629","-79.9165523",,"Miraflores","es","false","ChIJZ-w5qBRuLZARKvJWNNOZlKo","090507","$10-35","Hace 3 años","2023-03-23T05:14:59.490Z",,,,,,,,,,,,,,,,,,,,,,,,"ChdDSUhNMG9nS0VJQ0FnSUNSME8zWndBRRAB",,,,,,,,"Google",,,"158",,,"3350","2026-08-08T17:01:21.389Z","Direct Detail URL: https://www.google.com/maps/place/La+Parrilla+Del+%C3%91ato+-+Urdesa/@-2.1747534,-79.9216969,12.79z/data=!3m1!5s0x902d6d885fe9a76f:0x90560e68c111d162!4m12!1m2!2m1!1sLa+Parrilla+del+%C3%91ato!3m8!1s0x902d6e14a839ec67:0xaa9499d33456f22a!8m2!3d-2.1615629!4d-79.9165523!9m1!1b1!15sChVMYSBQYXJyaWxsYSBkZWwgw5FhdG8iA4gBAVoXIhVsYSBwYXJyaWxsYSBkZWwgw7FhdG-SAQpyZXN0YXVyYW504AEA!16s%2Fg%2F1vr3f6tq?entry=ttu&g_ep=EgoyMDI2MDgwNS4xIKXMDSoASAFQAw%3D%3D","4",,"Victor Emilio Estrada 1219","false","Bien",,"La Parrilla Del Ñato - Urdesa","4.4",,"https://www.google.com/maps/search/?api=1&query=La%20Parrilla%20Del%20%C3%91ato%20-%20Urdesa&query_place_id=ChIJZ-w5qBRuLZARKvJWNNOZlKo",
"Victor Emilio Estrada 1219, 090507 Guayaquil, Ecuador","Restaurante","Restaurante","12291618415396188714","Guayaquil","EC","0x902d6e14a839ec67:0xaa9499d33456f22a",,"https://lh3.googleusercontent.com/gps-cs-s/AHRPTWmIUzVJwpGT6y_wQQ_TKYbRgzO5ugvsumt9t1zWonuk6a3hjdvi8BSM03prBOmsGw6hCC9rMy2ViBaIpkI9HCjeB8TVchHmhSApUHrQYFx7ZvtNdOcKC6sHC5xlMlCM3-WwIhb0=w408-h306-k-no","false","true","/g/1vr3f6tq","es-419","1","-2.1615629","-79.9165523",,"Miraflores","en","false","ChIJZ-w5qBRuLZARKvJWNNOZlKo","090507","$10-35","Editado Hace 3 años","2023-03-19T01:30:07.362Z",,,,,,,,,,,,,,,,,,,,,,,,"ChdDSUhNMG9nS0VJQ0FnSUMtcTRLeF9RRRAB","https://lh3.googleusercontent.com/grass-cs/ACvplmP673Eh_Tm43kPsnFXCJYx4deKoRSyL-VySJFkq0FhfAEcqSXjMkKdHOpi8IZ1C_S7CmKrWqpPUnGkvEM0gHm-bvWbeXUpmCXMszlv8AxlGGpGYIXMIbh-AkP16dZ8in4RyueikSg=k-no","https://lh3.googleusercontent.com/grass-cs/ACvplmMgZmvIiJ0pFNXB7gBdIhNy5UPu8YjV-mhwMLCxrL9a3EckEcj3acACIjqCGSB2jN1VZhSBNUBjAdLBdqpaMUmlvT1Om7XXppgfbDLxo5h7PTlAxV6blm0c_k8ulsaUzE_55iLD=k-no","https://lh3.googleusercontent.com/grass-cs/ACvplmPQih9AT_lS99bYeXVV3LGWVH-8ZfWAAn3IBE0cAXn3tbNaM_Iio3MGOLbXMwJbk550c2BOx5Ty0ss523x8U80niCew231Y93CI5Wpf-ztd9OkOFP6qqgnDQIAAjnlNT4D_PT-ODg=k-no",,,,,"Google",,,"48",,,"3350","2026-08-08T17:01:21.389Z","Direct Detail URL: https://www.google.com/maps/place/La+Parrilla+Del+%C3%91ato+-+Urdesa/@-2.1747534,-79.9216969,12.79z/data=!3m1!5s0x902d6d885fe9a76f:0x90560e68c111d162!4m12!1m2!2m1!1sLa+Parrilla+del+%C3%91ato!3m8!1s0x902d6e14a839ec67:0xaa9499d33456f22a!8m2!3d-2.1615629!4d-79.9165523!9m1!1b1!15sChVMYSBQYXJyaWxsYSBkZWwgw5FhdG8iA4gBAVoXIhVsYSBwYXJyaWxsYSBkZWwgw7FhdG-SAQpyZXN0YXVyYW504AEA!16s%2Fg%2F1vr3f6tq?entry=ttu&g_ep=EgoyMDI2MDgwNS4xIKXMDSoASAFQAw%3D%3D","5",,"Victor Emilio Estrada 1219","false","Nice place","Un lugar agradable","La Parrilla Del Ñato - Urdesa","4.4","es","https://www.google.com/maps/search/?api=1&query=La%20Parrilla%20Del%20%C3%91ato%20-%20Urdesa&query_place_id=ChIJZ-w5qBRuLZARKvJWNNOZlKo",
"Victor Emilio Estrada 1219, 090507 Guayaquil, Ecuador","Restaurante","Restaurante","12291618415396188714","Guayaquil","EC","0x902d6e14a839ec67:0xaa9499d33456f22a",,"https://lh3.googleusercontent.com/gps-cs-s/AHRPTWmIUzVJwpGT6y_wQQ_TKYbRgzO5ugvsumt9t1zWonuk6a3hjdvi8BSM03prBOmsGw6hCC9rMy2ViBaIpkI9HCjeB8TVchHmhSApUHrQYFx7ZvtNdOcKC6sHC5xlMlCM3-WwIhb0=w408-h306-k-no","false","true","/g/1vr3f6tq","es-419","0","-2.1615629","-79.9165523",,"Miraflores",,"false","ChIJZ-w5qBRuLZARKvJWNNOZlKo","090507","$10-35","Hace 3 años","2023-03-12T18:55:50.458Z",,,,,,,,,,,,,,,,,,,,,"5","5","5","ChZDSUhNMG9nS0VJQ0FnSURoMlplNVpREAE",,,,,,,,"Google",,,"34",,,"3350","2026-08-08T17:01:21.389Z","Direct Detail URL: https://www.google.com/maps/place/La+Parrilla+Del+%C3%91ato+-+Urdesa/@-2.1747534,-79.9216969,12.79z/data=!3m1!5s0x902d6d885fe9a76f:0x90560e68c111d162!4m12!1m2!2m1!1sLa+Parrilla+del+%C3%91ato!3m8!1s0x902d6e14a839ec67:0xaa9499d33456f22a!8m2!3d-2.1615629!4d-79.9165523!9m1!1b1!15sChVMYSBQYXJyaWxsYSBkZWwgw5FhdG8iA4gBAVoXIhVsYSBwYXJyaWxsYSBkZWwgw7FhdG-SAQpyZXN0YXVyYW504AEA!16s%2Fg%2F1vr3f6tq?entry=ttu&g_ep=EgoyMDI2MDgwNS4xIKXMDSoASAFQAw%3D%3D","5",,"Victor Emilio Estrada 1219","false",,,"La Parrilla Del Ñato - Urdesa","4.4",,"https://www.google.com/maps/search/?api=1&query=La%20Parrilla%20Del%20%C3%91ato%20-%20Urdesa&query_place_id=ChIJZ-w5qBRuLZARKvJWNNOZlKo",
"Victor Emilio Estrada 1219, 090507 Guayaquil, Ecuador","Restaurante","Restaurante","12291618415396188714","Guayaquil","EC","0x902d6e14a839ec67:0xaa9499d33456f22a",,"https://lh3.googleusercontent.com/gps-cs-s/AHRPTWmIUzVJwpGT6y_wQQ_TKYbRgzO5ugvsumt9t1zWonuk6a3hjdvi8BSM03prBOmsGw6hCC9rMy2ViBaIpkI9HCjeB8TVchHmhSApUHrQYFx7ZvtNdOcKC6sHC5xlMlCM3-WwIhb0=w408-h306-k-no","false","true","/g/1vr3f6tq","es-419","2","-2.1615629","-79.9165523",,"Miraflores","es","false","ChIJZ-w5qBRuLZARKvJWNNOZlKo","090507","$10-35","Hace 3 años","2023-03-12T04:50:20.107Z",,,,,,,,,,,,,,,,,,,,,"5","5","5","ChZDSUhNMG9nS0VJQ0FnSURocWNxdFlREAE","https://lh3.googleusercontent.com/grass-cs/ACvplmMYlwdf__RKd032VJOENgBs6Di8HubSI9IYkAOdO0pJwcBwPov4rDRR9_xTaeeG0FIabUPKpwW4wd5QuupCOvSkoe7NlU5avt-wiRtWYQsllvPvUeqMCZAkJv51OjTYRlGldNxAcA=k-no",,,,,,,"Google",,,"78",,,"3350","2026-08-08T17:01:21.389Z","Direct Detail URL: https://www.google.com/maps/place/La+Parrilla+Del+%C3%91ato+-+Urdesa/@-2.1747534,-79.9216969,12.79z/data=!3m1!5s0x902d6d885fe9a76f:0x90560e68c111d162!4m12!1m2!2m1!1sLa+Parrilla+del+%C3%91ato!3m8!1s0x902d6e14a839ec67:0xaa9499d33456f22a!8m2!3d-2.1615629!4d-79.9165523!9m1!1b1!15sChVMYSBQYXJyaWxsYSBkZWwgw5FhdG8iA4gBAVoXIhVsYSBwYXJyaWxsYSBkZWwgw7FhdG-SAQpyZXN0YXVyYW504AEA!16s%2Fg%2F1vr3f6tq?entry=ttu&g_ep=EgoyMDI2MDgwNS4xIKXMDSoASAFQAw%3D%3D","5",,"Victor Emilio Estrada 1219","false","Carne súper tierna y muy rica, la pasamos muy bien en familia, con la buena música de los lagarteros",,"La Parrilla Del Ñato - Urdesa","4.4",,"https://www.google.com/maps/search/?api=1&query=La%20Parrilla%20Del%20%C3%91ato%20-%20Urdesa&query_place_id=ChIJZ-w5qBRuLZARKvJWNNOZlKo",
"Victor Emilio Estrada 1219, 090507 Guayaquil, Ecuador","Restaurante","Restaurante","12291618415396188714","Guayaquil","EC","0x902d6e14a839ec67:0xaa9499d33456f22a",,"https://lh3.googleusercontent.com/gps-cs-s/AHRPTWmIUzVJwpGT6y_wQQ_TKYbRgzO5ugvsumt9t1zWonuk6a3hjdvi8BSM03prBOmsGw6hCC9rMy2ViBaIpkI9HCjeB8TVchHmhSApUHrQYFx7ZvtNdOcKC6sHC5xlMlCM3-WwIhb0=w408-h306-k-no","false","true","/g/1vr3f6tq","es-419","0","-2.1615629","-79.9165523",,"Miraflores",,"false","ChIJZ-w5qBRuLZARKvJWNNOZlKo","090507","$10-35","Hace 3 años","2023-03-09T21:08:09.445Z",,,,,,,,,,,,,"$10-15",,,,,,,"Consumo en el lugar","5","4","5","ChZDSUhNMG9nS0VJQ0FnSURodnJMOEdREAE",,,,,,,,"Google",,,"7",,,"3350","2026-08-08T17:01:21.389Z","Direct Detail URL: https://www.google.com/maps/place/La+Parrilla+Del+%C3%91ato+-+Urdesa/@-2.1747534,-79.9216969,12.79z/data=!3m1!5s0x902d6d885fe9a76f:0x90560e68c111d162!4m12!1m2!2m1!1sLa+Parrilla+del+%C3%91ato!3m8!1s0x902d6e14a839ec67:0xaa9499d33456f22a!8m2!3d-2.1615629!4d-79.9165523!9m1!1b1!15sChVMYSBQYXJyaWxsYSBkZWwgw5FhdG8iA4gBAVoXIhVsYSBwYXJyaWxsYSBkZWwgw7FhdG-SAQpyZXN0YXVyYW504AEA!16s%2Fg%2F1vr3f6tq?entry=ttu&g_ep=EgoyMDI2MDgwNS4xIKXMDSoASAFQAw%3D%3D","4",,"Victor Emilio Estrada 1219","false",,,"La Parrilla Del Ñato - Urdesa","4.4",,"https://www.google.com/maps/search/?api=1&query=La%20Parrilla%20Del%20%C3%91ato%20-%20Urdesa&query_place_id=ChIJZ-w5qBRuLZARKvJWNNOZlKo",
