"address","categories/0","categoryName","cid","city","countryCode","fid","hotelStars","imageUrl","isAdvertisement","isLocalGuide","kgmid","language","likesCount","location/lat","location/lng","name","neighborhood","originalLanguage","permanentlyClosed","placeId","postalCode","price","publishAt","publishedAtDate","rating","responseFromOwnerDate","responseFromOwnerText","reviewContext/Accesibilidad en silla de ruedas","reviewContext/Adecuado para niños","reviewContext/Espacios para estacionar","reviewContext/Estacionamiento","reviewContext/Eventos especiales","reviewContext/Nivel de ruido","reviewContext/Opciones de estacionamiento","reviewContext/Platos recomendados","reviewContext/Platos vegetarianos","reviewContext/Precio por persona","reviewContext/Reservas","reviewContext/Tamaño del grupo","reviewContext/Tiempo de espera","reviewContext/Tipo de asiento","reviewContext/Tipo de comida","reviewContext/Tipo de pedido","reviewDetailedRating/Ambiente","reviewDetailedRating/Comida","reviewDetailedRating/Servicio","reviewId","reviewImageUrls/0","reviewImageUrls/1","reviewImageUrls/2","reviewImageUrls/3","reviewImageUrls/4","reviewImageUrls/5","reviewImageUrls/6","reviewImageUrls/7","reviewImageUrls/8","reviewImageUrls/9","reviewImageUrls/10","reviewImageUrls/11","reviewOrigin","reviewUrl","reviewerId","reviewerNumberOfReviews","reviewerPhotoUrl","reviewerUrl","reviewsCount","scrapedAt","searchString","stars","state","street","temporarilyClosed","text","textTranslated","title","totalScore","translatedLanguage","url","visitedIn"
"090509 Guayaquil, Ecuador","Restaurante","Restaurante","13676875865269519723","Guayaquil","EC","0x902d6df1a996d4db:0xbdce0622e280c56b",,"https://lh3.googleusercontent.com/gps-cs-s/AHRPTWnKUT7j8DXMVSe53pzbJl3CFfNDuEm9zljfvSuYIKrPFcEqIJod38gRQWhMyZiIWqd0rOe8pKtahHG2fjWFOtAmkbY6jlw0_irNRCAImjYSuBg2dZVczJYo7ueHW7OnZODMTOn2IA=w408-h725-k-no","false","true","/g/11h766fq7s","es-419","0","-2.1367108","-79.9020534",,"Alborada Este",,"false","ChIJ29SWqfFtLZARa8WA4iIGzr0","090509","$10-20","Hace 2 horas","2026-08-08T13:54:14.417Z",,,,,,,,,"Silencioso, agradable para conversar",,,,"$10-15",,"3 o 4 personas",,,,,"4","3","4","Ci9DQUlRQUNvZENodHljRjlvT2pCTVUwZ3dkSEpZYVZGVFVtcFVPVkJKTkROUlNIYxAB",,,,,,,,,,,,,"Google",,,"3",,,"2716","2026-08-08T16:42:14.542Z","Direct Detail URL: https://www.google.com/maps/place/Rukito+Grill%26Drink+-+Alborada/@-2.1347917,-79.9223432,12.98z/data=!4m10!1m2!2m1!1srukito!3m6!1s0x902d6df1a996d4db:0xbdce0622e280c56b!8m2!3d-2.1367108!4d-79.9020534!15sCgZydWtpdG9aCCIGcnVraXRvkgEKcmVzdGF1cmFudOABAA!16s%2Fg%2F11h766fq7s?entry=ttu&g_ep=EgoyMDI2MDgwNS4xIKXMDSoASAFQAw%3D%3D","4",,,"false",,,"Rukito Grill&Drink - Alborada","4.5",,"https://www.google.com/maps/search/?api=1&query=Rukito%20Grill%26Drink%20-%20Alborada&query_place_id=ChIJ29SWqfFtLZARa8WA4iIGzr0",
"090509 Guayaquil, Ecuador","Restaurante","Restaurante","13676875865269519723","Guayaquil","EC","0x902d6df1a996d4db:0xbdce0622e280c56b",,"https://lh3.googleusercontent.com/gps-cs-s/AHRPTWnKUT7j8DXMVSe53pzbJl3CFfNDuEm9zljfvSuYIKrPFcEqIJod38gRQWhMyZiIWqd0rOe8pKtahHG2fjWFOtAmkbY6jlw0_irNRCAImjYSuBg2dZVczJYo7ueHW7OnZODMTOn2IA=w408-h725-k-no","false","false","/g/11h766fq7s","es-419","0","-2.1367108","-79.9020534",,"Alborada Este","es","false","ChIJ29SWqfFtLZARa8WA4iIGzr0","090509","$10-20","Hace 3 días","2026-08-05T00:52:47.769Z",,,,,,,,,,,,,,,,,,,,"5","5","5","Ci9DQUlRQUNvZENodHljRjlvT2xoVFFuUXRjVEpGVUdKVWRHWlZkM0k0YmxWQ01GRRAB",,,,,,,,,,,,,"Google",,,"2",,,"2716","2026-08-08T16:42:14.542Z","Direct Detail URL: https://www.google.com/maps/place/Rukito+Grill%26Drink+-+Alborada/@-2.1347917,-79.9223432,12.98z/data=!4m10!1m2!2m1!1srukito!3m6!1s0x902d6df1a996d4db:0xbdce0622e280c56b!8m2!3d-2.1367108!4d-79.9020534!15sCgZydWtpdG9aCCIGcnVraXRvkgEKcmVzdGF1cmFudOABAA!16s%2Fg%2F11h766fq7s?entry=ttu&g_ep=EgoyMDI2MDgwNS4xIKXMDSoASAFQAw%3D%3D","5",,,"false","Me gustó",,"Rukito Grill&Drink - Alborada","4.5",,"https://www.google.com/maps/search/?api=1&query=Rukito%20Grill%26Drink%20-%20Alborada&query_place_id=ChIJ29SWqfFtLZARa8WA4iIGzr0",
"090509 Guayaquil, Ecuador","Restaurante","Restaurante","13676875865269519723","Guayaquil","EC","0x902d6df1a996d4db:0xbdce0622e280c56b",,"https://lh3.googleusercontent.com/gps-cs-s/AHRPTWnKUT7j8DXMVSe53pzbJl3CFfNDuEm9zljfvSuYIKrPFcEqIJod38gRQWhMyZiIWqd0rOe8pKtahHG2fjWFOtAmkbY6jlw0_irNRCAImjYSuBg2dZVczJYo7ueHW7OnZODMTOn2IA=w408-h725-k-no","false","false","/g/11h766fq7s","es-419","0","-2.1367108","-79.9020534",,"Alborada Este",,"false","ChIJ29SWqfFtLZARa8WA4iIGzr0","090509","$10-20","Hace 3 días","2026-08-04T17:58:59.196Z",,,,,,,,,,,,,,,,,,,,,,,"Ci9DQUlRQUNvZENodHljRjlvT2poUFpVdFBZVGxXUm5CRmQwVm1RM0l0VG1GelUwRRAB",,,,,,,,,,,,,"Google",,,"0",,,"2716","2026-08-08T16:42:14.542Z","Direct Detail URL: https://www.google.com/maps/place/Rukito+Grill%26Drink+-+Alborada/@-2.1347917,-79.9223432,12.98z/data=!4m10!1m2!2m1!1srukito!3m6!1s0x902d6df1a996d4db:0xbdce0622e280c56b!8m2!3d-2.1367108!4d-79.9020534!15sCgZydWtpdG9aCCIGcnVraXRvkgEKcmVzdGF1cmFudOABAA!16s%2Fg%2F11h766fq7s?entry=ttu&g_ep=EgoyMDI2MDgwNS4xIKXMDSoASAFQAw%3D%3D","5",,,"false",,,"Rukito Grill&Drink - Alborada","4.5",,"https://www.google.com/maps/search/?api=1&query=Rukito%20Grill%26Drink%20-%20Alborada&query_place_id=ChIJ29SWqfFtLZARa8WA4iIGzr0",
"090509 Guayaquil, Ecuador","Restaurante","Restaurante","13676875865269519723","Guayaquil","EC","0x902d6df1a996d4db:0xbdce0622e280c56b",,"https://lh3.googleusercontent.com/gps-cs-s/AHRPTWnKUT7j8DXMVSe53pzbJl3CFfNDuEm9zljfvSuYIKrPFcEqIJod38gRQWhMyZiIWqd0rOe8pKtahHG2fjWFOtAmkbY6jlw0_irNRCAImjYSuBg2dZVczJYo7ueHW7OnZODMTOn2IA=w408-h725-k-no","false","false","/g/11h766fq7s","es-419","0","-2.1367108","-79.9020534",,"Alborada Este",,"false","ChIJ29SWqfFtLZARa8WA4iIGzr0","090509","$10-20","Hace 4 días","2026-08-04T12:03:38.272Z",,,,,,,,,,,,,,,,,,,,,,,"Ci9DQUlRQUNvZENodHljRjlvT2pkeGNFVnVZbkJmVVU5U0xTMUpSVVEwZVZnMmJtYxAB",,,,,,,,,,,,,"Google",,,"0",,,"2716","2026-08-08T16:42:14.542Z","Direct Detail URL: https://www.google.com/maps/place/Rukito+Grill%26Drink+-+Alborada/@-2.1347917,-79.9223432,12.98z/data=!4m10!1m2!2m1!1srukito!3m6!1s0x902d6df1a996d4db:0xbdce0622e280c56b!8m2!3d-2.1367108!4d-79.9020534!15sCgZydWtpdG9aCCIGcnVraXRvkgEKcmVzdGF1cmFudOABAA!16s%2Fg%2F11h766fq7s?entry=ttu&g_ep=EgoyMDI2MDgwNS4xIKXMDSoASAFQAw%3D%3D","5",,,"false",,,"Rukito Grill&Drink - Alborada","4.5",,"https://www.google.com/maps/search/?api=1&query=Rukito%20Grill%26Drink%20-%20Alborada&query_place_id=ChIJ29SWqfFtLZARa8WA4iIGzr0",
"090509 Guayaquil, Ecuador","Restaurante","Restaurante","13676875865269519723","Guayaquil","EC","0x902d6df1a996d4db:0xbdce0622e280c56b",,"https://lh3.googleusercontent.com/gps-cs-s/AHRPTWnKUT7j8DXMVSe53pzbJl3CFfNDuEm9zljfvSuYIKrPFcEqIJod38gRQWhMyZiIWqd0rOe8pKtahHG2fjWFOtAmkbY6jlw0_irNRCAImjYSuBg2dZVczJYo7ueHW7OnZODMTOn2IA=w408-h725-k-no","false","true","/g/11h766fq7s","es-419","0","-2.1367108","-79.9020534",,"Alborada Este",,"false","ChIJ29SWqfFtLZARa8WA4iIGzr0","090509","$10-20","una semana atrás","2026-07-30T03:00:56.908Z",,,,,,,,,,,,,,,,,,,,"5","5","5","Ci9DQUlRQUNvZENodHljRjlvT25jdGRuQm1jSEoyTnpSelJHcHhjR1V3U1dnelRtYxAB",,,,,,,,,,,,,"Google",,,"4",,,"2716","2026-08-08T16:42:14.542Z","Direct Detail URL: https://www.google.com/maps/place/Rukito+Grill%26Drink+-+Alborada/@-2.1347917,-79.9223432,12.98z/data=!4m10!1m2!2m1!1srukito!3m6!1s0x902d6df1a996d4db:0xbdce0622e280c56b!8m2!3d-2.1367108!4d-79.9020534!15sCgZydWtpdG9aCCIGcnVraXRvkgEKcmVzdGF1cmFudOABAA!16s%2Fg%2F11h766fq7s?entry=ttu&g_ep=EgoyMDI2MDgwNS4xIKXMDSoASAFQAw%3D%3D","5",,,"false",,,"Rukito Grill&Drink - Alborada","4.5",,"https://www.google.com/maps/search/?api=1&query=Rukito%20Grill%26Drink%20-%20Alborada&query_place_id=ChIJ29SWqfFtLZARa8WA4iIGzr0",
"090509 Guayaquil, Ecuador","Restaurante","Restaurante","13676875865269519723","Guayaquil","EC","0x902d6df1a996d4db:0xbdce0622e280c56b",,"https://lh3.googleusercontent.com/gps-cs-s/AHRPTWnKUT7j8DXMVSe53pzbJl3CFfNDuEm9zljfvSuYIKrPFcEqIJod38gRQWhMyZiIWqd0rOe8pKtahHG2fjWFOtAmkbY6jlw0_irNRCAImjYSuBg2dZVczJYo7ueHW7OnZODMTOn2IA=w408-h725-k-no","false","false","/g/11h766fq7s","es-419","0","-2.1367108","-79.9020534",,"Alborada Este","es","false","ChIJ29SWqfFtLZARa8WA4iIGzr0","090509","$10-20","una semana atrás","2026-07-29T12:51:05.016Z",,,,,,,,,"Ruido moderado",,,,"$20-25",,"3 o 4 personas","Sin espera",,,,"4","5","4","Ci9DQUlRQUNvZENodHljRjlvT2tJd1ZsQTJMWE52VDJJME1EUnZTRGd6Y1MxUU5XYxAB",,,,,,,,,,,,,"Google",,,"2",,,"2716","2026-08-08T16:42:14.542Z","Direct Detail URL: https://www.google.com/maps/place/Rukito+Grill%26Drink+-+Alborada/@-2.1347917,-79.9223432,12.98z/data=!4m10!1m2!2m1!1srukito!3m6!1s0x902d6df1a996d4db:0xbdce0622e280c56b!8m2!3d-2.1367108!4d-79.9020534!15sCgZydWtpdG9aCCIGcnVraXRvkgEKcmVzdGF1cmFudOABAA!16s%2Fg%2F11h766fq7s?entry=ttu&g_ep=EgoyMDI2MDgwNS4xIKXMDSoASAFQAw%3D%3D","5",,,"false","Hubo una confusión en cocina y nos prepararon la entrada, se les olvidó",,"Rukito Grill&Drink - Alborada","4.5",,"https://www.google.com/maps/search/?api=1&query=Rukito%20Grill%26Drink%20-%20Alborada&query_place_id=ChIJ29SWqfFtLZARa8WA4iIGzr0",
"090509 Guayaquil, Ecuador","Restaurante","Restaurante","13676875865269519723","Guayaquil","EC","0x902d6df1a996d4db:0xbdce0622e280c56b",,"https://lh3.googleusercontent.com/gps-cs-s/AHRPTWnKUT7j8DXMVSe53pzbJl3CFfNDuEm9zljfvSuYIKrPFcEqIJod38gRQWhMyZiIWqd0rOe8pKtahHG2fjWFOtAmkbY6jlw0_irNRCAImjYSuBg2dZVczJYo7ueHW7OnZODMTOn2IA=w408-h725-k-no","false","false","/g/11h766fq7s","es-419","0","-2.1367108","-79.9020534",,"Alborada Este","es","false","ChIJ29SWqfFtLZARa8WA4iIGzr0","090509","$10-20","Editado una semana atrás","2026-07-29T01:52:59.911Z",,,,,,,,,,,,,"$10-15",,,,,,,,,,"Ci9DQUlRQUNvZENodHljRjlvT2s0NFZqQkVRVkY1ZVZVdFNWWjVSWHBaYTFoWmQwRRAB",,,,,,,,,,,,,"Google",,,"4",,,"2716","2026-08-08T16:42:14.542Z","Direct Detail URL: https://www.google.com/maps/place/Rukito+Grill%26Drink+-+Alborada/@-2.1347917,-79.9223432,12.98z/data=!4m10!1m2!2m1!1srukito!3m6!1s0x902d6df1a996d4db:0xbdce0622e280c56b!8m2!3d-2.1367108!4d-79.9020534!15sCgZydWtpdG9aCCIGcnVraXRvkgEKcmVzdGF1cmFudOABAA!16s%2Fg%2F11h766fq7s?entry=ttu&g_ep=EgoyMDI2MDgwNS4xIKXMDSoASAFQAw%3D%3D","5",,,"false","He visitado dos establecimientos de rukito en horarios con poca afluencia y puedo opinar los siguiente:
El personal, algunos muy comprometidos con lo que hacen. Son embargo, en la arbolada un mesero joven poco profesional no me trajo la carta, a pesar de pasar varias veces junto a mi y no haber casi nadie, sentí mucho prejuicio en su mirada, quizás por que llegue con maletas, y poco presentable ya que venía del oriente y solo estaba de paso por Guayaquil para comer rukito

La comida excelente,
El lugar muy bien.

Actualizo, he leído algunos comentarios y coinciden con la atención de algunos meseros. Deberían hacer una mejor selección de un personal de calidad",,"Rukito Grill&Drink - Alborada","4.5",,"https://www.google.com/maps/search/?api=1&query=Rukito%20Grill%26Drink%20-%20Alborada&query_place_id=ChIJ29SWqfFtLZARa8WA4iIGzr0",
"090509 Guayaquil, Ecuador","Restaurante","Restaurante","13676875865269519723","Guayaquil","EC","0x902d6df1a996d4db:0xbdce0622e280c56b",,"https://lh3.googleusercontent.com/gps-cs-s/AHRPTWnKUT7j8DXMVSe53pzbJl3CFfNDuEm9zljfvSuYIKrPFcEqIJod38gRQWhMyZiIWqd0rOe8pKtahHG2fjWFOtAmkbY6jlw0_irNRCAImjYSuBg2dZVczJYo7ueHW7OnZODMTOn2IA=w408-h725-k-no","false","false","/g/11h766fq7s","es-419","0","-2.1367108","-79.9020534",,"Alborada Este","es","false","ChIJ29SWqfFtLZARa8WA4iIGzr0","090509","$10-20","una semana atrás","2026-07-28T20:21:01.388Z",,,,,,,,,,,,,,,,,,,,,,,"Ci9DQUlRQUNvZENodHljRjlvT2xwSlNsZDNZVGxJTUVRMlltcEZiWE5ZWm14Mk5VRRAB",,,,,,,,,,,,,"Google",,,"1",,,"2716","2026-08-08T16:42:14.542Z","Direct Detail URL: https://www.google.com/maps/place/Rukito+Grill%26Drink+-+Alborada/@-2.1347917,-79.9223432,12.98z/data=!4m10!1m2!2m1!1srukito!3m6!1s0x902d6df1a996d4db:0xbdce0622e280c56b!8m2!3d-2.1367108!4d-79.9020534!15sCgZydWtpdG9aCCIGcnVraXRvkgEKcmVzdGF1cmFudOABAA!16s%2Fg%2F11h766fq7s?entry=ttu&g_ep=EgoyMDI2MDgwNS4xIKXMDSoASAFQAw%3D%3D","5",,,"false","Chévere",,"Rukito Grill&Drink - Alborada","4.5",,"https://www.google.com/maps/search/?api=1&query=Rukito%20Grill%26Drink%20-%20Alborada&query_place_id=ChIJ29SWqfFtLZARa8WA4iIGzr0",
"090509 Guayaquil, Ecuador","Restaurante","Restaurante","13676875865269519723","Guayaquil","EC","0x902d6df1a996d4db:0xbdce0622e280c56b",,"https://lh3.googleusercontent.com/gps-cs-s/AHRPTWnKUT7j8DXMVSe53pzbJl3CFfNDuEm9zljfvSuYIKrPFcEqIJod38gRQWhMyZiIWqd0rOe8pKtahHG2fjWFOtAmkbY6jlw0_irNRCAImjYSuBg2dZVczJYo7ueHW7OnZODMTOn2IA=w408-h725-k-no","false","true","/g/11h766fq7s","es-419","0","-2.1367108","-79.9020534",,"Alborada Este",,"false","ChIJ29SWqfFtLZARa8WA4iIGzr0","090509","$10-20","una semana atrás","2026-07-28T04:51:57.696Z",,,,,,,,,,,,,,,,,,,,,"5",,"Ci9DQUlRQUNvZENodHljRjlvT25ORlJYVkJZWHBoTFhWZlRWWkxYMVJXUjA1Q1dGRRAB",,,,,,,,,,,,,"Google",,,"19",,,"2716","2026-08-08T16:42:14.542Z","Direct Detail URL: https://www.google.com/maps/place/Rukito+Grill%26Drink+-+Alborada/@-2.1347917,-79.9223432,12.98z/data=!4m10!1m2!2m1!1srukito!3m6!1s0x902d6df1a996d4db:0xbdce0622e280c56b!8m2!3d-2.1367108!4d-79.9020534!15sCgZydWtpdG9aCCIGcnVraXRvkgEKcmVzdGF1cmFudOABAA!16s%2Fg%2F11h766fq7s?entry=ttu&g_ep=EgoyMDI2MDgwNS4xIKXMDSoASAFQAw%3D%3D","5",,,"false",,,"Rukito Grill&Drink - Alborada","4.5",,"https://www.google.com/maps/search/?api=1&query=Rukito%20Grill%26Drink%20-%20Alborada&query_place_id=ChIJ29SWqfFtLZARa8WA4iIGzr0",
"090509 Guayaquil, Ecuador","Restaurante","Restaurante","13676875865269519723","Guayaquil","EC","0x902d6df1a996d4db:0xbdce0622e280c56b",,"https://lh3.googleusercontent.com/gps-cs-s/AHRPTWnKUT7j8DXMVSe53pzbJl3CFfNDuEm9zljfvSuYIKrPFcEqIJod38gRQWhMyZiIWqd0rOe8pKtahHG2fjWFOtAmkbY6jlw0_irNRCAImjYSuBg2dZVczJYo7ueHW7OnZODMTOn2IA=w408-h725-k-no","false","true","/g/11h766fq7s","es-419","0","-2.1367108","-79.9020534",,"Alborada Este","es","false","ChIJ29SWqfFtLZARa8WA4iIGzr0","090509","$10-20","una semana atrás","2026-07-27T05:49:37.859Z",,,,,,,,,,,,,,,,,,,,,,,"Ci9DQUlRQUNvZENodHljRjlvT21WVldtSk9iVlZxTVZWbk1YTmtlbFpOVjE5dU5rRRAB",,,,,,,,,,,,,"Google",,,"32",,,"2716","2026-08-08T16:42:14.542Z","Direct Detail URL: https://www.google.com/maps/place/Rukito+Grill%26Drink+-+Alborada/@-2.1347917,-79.9223432,12.98z/data=!4m10!1m2!2m1!1srukito!3m6!1s0x902d6df1a996d4db:0xbdce0622e280c56b!8m2!3d-2.1367108!4d-79.9020534!15sCgZydWtpdG9aCCIGcnVraXRvkgEKcmVzdGF1cmFudOABAA!16s%2Fg%2F11h766fq7s?entry=ttu&g_ep=EgoyMDI2MDgwNS4xIKXMDSoASAFQAw%3D%3D","3",,,"false","Cuando esta ful sirven poca panceta",,"Rukito Grill&Drink - Alborada","4.5",,"https://www.google.com/maps/search/?api=1&query=Rukito%20Grill%26Drink%20-%20Alborada&query_place_id=ChIJ29SWqfFtLZARa8WA4iIGzr0",
"090509 Guayaquil, Ecuador","Restaurante","Restaurante","13676875865269519723","Guayaquil","EC","0x902d6df1a996d4db:0xbdce0622e280c56b",,"https://lh3.googleusercontent.com/gps-cs-s/AHRPTWnKUT7j8DXMVSe53pzbJl3CFfNDuEm9zljfvSuYIKrPFcEqIJod38gRQWhMyZiIWqd0rOe8pKtahHG2fjWFOtAmkbY6jlw0_irNRCAImjYSuBg2dZVczJYo7ueHW7OnZODMTOn2IA=w408-h725-k-no","false","true","/g/11h766fq7s","es-419","0","-2.1367108","-79.9020534",,"Alborada Este","es","false","ChIJ29SWqfFtLZARa8WA4iIGzr0","090509","$10-20","2 semanas atrás","2026-07-24T02:05:48.677Z",,,,,,,,,,,,,"$10-15",,,,,,,"5","5","5","Ci9DQUlRQUNvZENodHljRjlvT2xCMU5UbG9kM1ZXTUVKd1JsQjBSVUo1YkhCRVVFRRAB",,,,,,,,,,,,,"Google",,,"43",,,"2716","2026-08-08T16:42:14.542Z","Direct Detail URL: https://www.google.com/maps/place/Rukito+Grill%26Drink+-+Alborada/@-2.1347917,-79.9223432,12.98z/data=!4m10!1m2!2m1!1srukito!3m6!1s0x902d6df1a996d4db:0xbdce0622e280c56b!8m2!3d-2.1367108!4d-79.9020534!15sCgZydWtpdG9aCCIGcnVraXRvkgEKcmVzdGF1cmFudOABAA!16s%2Fg%2F11h766fq7s?entry=ttu&g_ep=EgoyMDI2MDgwNS4xIKXMDSoASAFQAw%3D%3D","5",,,"false","Muy agradable todo, la comida deliciosa, cumple con lo que promete tanto en publicidad del plato como en promociones, recomendado al 100%",,"Rukito Grill&Drink - Alborada","4.5",,"https://www.google.com/maps/search/?api=1&query=Rukito%20Grill%26Drink%20-%20Alborada&query_place_id=ChIJ29SWqfFtLZARa8WA4iIGzr0",
"090509 Guayaquil, Ecuador","Restaurante","Restaurante","13676875865269519723","Guayaquil","EC","0x902d6df1a996d4db:0xbdce0622e280c56b",,"https://lh3.googleusercontent.com/gps-cs-s/AHRPTWnKUT7j8DXMVSe53pzbJl3CFfNDuEm9zljfvSuYIKrPFcEqIJod38gRQWhMyZiIWqd0rOe8pKtahHG2fjWFOtAmkbY6jlw0_irNRCAImjYSuBg2dZVczJYo7ueHW7OnZODMTOn2IA=w408-h725-k-no","false","true","/g/11h766fq7s","es-419","0","-2.1367108","-79.9020534",,"Alborada Este","es","false","ChIJ29SWqfFtLZARa8WA4iIGzr0","090509","$10-20","2 semanas atrás","2026-07-23T02:04:53.057Z",,,,,,,,,"Ruido moderado",,,,"$15-20",,"3 o 4 personas","Hasta 10 min",,,,"5","5","5","Ci9DQUlRQUNvZENodHljRjlvT21kVFVWbEphQzF6VFdKZk1HSlpjakYzWVd3elMxRRAB",,,,,,,,,,,,,"Google",,,"27",,,"2716","2026-08-08T16:42:14.542Z","Direct Detail URL: https://www.google.com/maps/place/Rukito+Grill%26Drink+-+Alborada/@-2.1347917,-79.9223432,12.98z/data=!4m10!1m2!2m1!1srukito!3m6!1s0x902d6df1a996d4db:0xbdce0622e280c56b!8m2!3d-2.1367108!4d-79.9020534!15sCgZydWtpdG9aCCIGcnVraXRvkgEKcmVzdGF1cmFudOABAA!16s%2Fg%2F11h766fq7s?entry=ttu&g_ep=EgoyMDI2MDgwNS4xIKXMDSoASAFQAw%3D%3D","5",,,"false","Menú variado y delicioso.",,"Rukito Grill&Drink - Alborada","4.5",,"https://www.google.com/maps/search/?api=1&query=Rukito%20Grill%26Drink%20-%20Alborada&query_place_id=ChIJ29SWqfFtLZARa8WA4iIGzr0",
"090509 Guayaquil, Ecuador","Restaurante","Restaurante","13676875865269519723","Guayaquil","EC","0x902d6df1a996d4db:0xbdce0622e280c56b",,"https://lh3.googleusercontent.com/gps-cs-s/AHRPTWnKUT7j8DXMVSe53pzbJl3CFfNDuEm9zljfvSuYIKrPFcEqIJod38gRQWhMyZiIWqd0rOe8pKtahHG2fjWFOtAmkbY6jlw0_irNRCAImjYSuBg2dZVczJYo7ueHW7OnZODMTOn2IA=w408-h725-k-no","false","true","/g/11h766fq7s","es-419","0","-2.1367108","-79.9020534",,"Alborada Este","es","false","ChIJ29SWqfFtLZARa8WA4iIGzr0","090509","$10-20","Editado 2 semanas atrás","2026-07-22T22:18:35.707Z",,,,,,,,,,,,,"$5-10",,,,,,,"5","5","5","Ci9DQUlRQUNvZENodHljRjlvT201Mk0xbzBORXBHTFdWVFQzTlNkSHBHYVY5WVRVRRAB",,,,,,,,,,,,,"Google",,,"6",,,"2716","2026-08-08T16:42:14.542Z","Direct Detail URL: https://www.google.com/maps/place/Rukito+Grill%26Drink+-+Alborada/@-2.1347917,-79.9223432,12.98z/data=!4m10!1m2!2m1!1srukito!3m6!1s0x902d6df1a996d4db:0xbdce0622e280c56b!8m2!3d-2.1367108!4d-79.9020534!15sCgZydWtpdG9aCCIGcnVraXRvkgEKcmVzdGF1cmFudOABAA!16s%2Fg%2F11h766fq7s?entry=ttu&g_ep=EgoyMDI2MDgwNS4xIKXMDSoASAFQAw%3D%3D","5",,,"false","Muy buenas ofertas y muy rico",,"Rukito Grill&Drink - Alborada","4.5",,"https://www.google.com/maps/search/?api=1&query=Rukito%20Grill%26Drink%20-%20Alborada&query_place_id=ChIJ29SWqfFtLZARa8WA4iIGzr0",
"090509 Guayaquil, Ecuador","Restaurante","Restaurante","13676875865269519723","Guayaquil","EC","0x902d6df1a996d4db:0xbdce0622e280c56b",,"https://lh3.googleusercontent.com/gps-cs-s/AHRPTWnKUT7j8DXMVSe53pzbJl3CFfNDuEm9zljfvSuYIKrPFcEqIJod38gRQWhMyZiIWqd0rOe8pKtahHG2fjWFOtAmkbY6jlw0_irNRCAImjYSuBg2dZVczJYo7ueHW7OnZODMTOn2IA=w408-h725-k-no","false","false","/g/11h766fq7s","es-419","0","-2.1367108","-79.9020534",,"Alborada Este",,"false","ChIJ29SWqfFtLZARa8WA4iIGzr0","090509","$10-20","2 semanas atrás","2026-07-22T19:41:03.392Z",,,,,,,,,,,,,,,,,,,,,,,"Ci9DQUlRQUNvZENodHljRjlvT2xGclVtMUVVRUpSZUdaUmRWWm5SV0ZPTkV4a01XYxAB",,,,,,,,,,,,,"Google",,,"2",,,"2716","2026-08-08T16:42:14.542Z","Direct Detail URL: https://www.google.com/maps/place/Rukito+Grill%26Drink+-+Alborada/@-2.1347917,-79.9223432,12.98z/data=!4m10!1m2!2m1!1srukito!3m6!1s0x902d6df1a996d4db:0xbdce0622e280c56b!8m2!3d-2.1367108!4d-79.9020534!15sCgZydWtpdG9aCCIGcnVraXRvkgEKcmVzdGF1cmFudOABAA!16s%2Fg%2F11h766fq7s?entry=ttu&g_ep=EgoyMDI2MDgwNS4xIKXMDSoASAFQAw%3D%3D","5",,,"false",,,"Rukito Grill&Drink - Alborada","4.5",,"https://www.google.com/maps/search/?api=1&query=Rukito%20Grill%26Drink%20-%20Alborada&query_place_id=ChIJ29SWqfFtLZARa8WA4iIGzr0",
"090509 Guayaquil, Ecuador","Restaurante","Restaurante","13676875865269519723","Guayaquil","EC","0x902d6df1a996d4db:0xbdce0622e280c56b",,"https://lh3.googleusercontent.com/gps-cs-s/AHRPTWnKUT7j8DXMVSe53pzbJl3CFfNDuEm9zljfvSuYIKrPFcEqIJod38gRQWhMyZiIWqd0rOe8pKtahHG2fjWFOtAmkbY6jlw0_irNRCAImjYSuBg2dZVczJYo7ueHW7OnZODMTOn2IA=w408-h725-k-no","false","false","/g/11h766fq7s","es-419","0","-2.1367108","-79.9020534",,"Alborada Este","es","false","ChIJ29SWqfFtLZARa8WA4iIGzr0","090509","$10-20","2 semanas atrás","2026-07-20T00:08:57.734Z",,,,,,,,,,,,,"$20-25",,,"Más de 1 hora",,,,"1","1","1","Ci9DQUlRQUNvZENodHljRjlvT2xSQ1RsVndObmc1ZDJvMVRGRXhkbkJ4TVU1MWIwRRAB","https://lh3.googleusercontent.com/grass-cs/ACvplmMcUvfskgEroF2jwZCqMPc-LGhG1CLKt8wBbAm9W101LXSrbYadRTQ7WM8PwH_wc-7WWLMTVUR4VS0GdyU2ixvM5HK6dalgUXYggnRHRex9KCl8O_XUgRZO9aaROoV87vPjgZnkHALK6gM=k-no","https://lh3.googleusercontent.com/grass-cs/ACvplmPZ2Ojucp7mspY78lK0vzQBsp7pefy9NOdcSxkfG8gw2RezPcA-8MScKGbgQDadYvJXefGkKR4IzhvoqGTBIw6jbQAGk-U88NDm_tCcgiapjXpvxTb2Rx8QDp94BAzsC4xfMlQIdOYIv7_g=k-no","https://lh3.googleusercontent.com/grass-cs/ACvplmMMmOF9sKkateHdpehbR9KICRigeP5ZXN5FSbCCS_XRkcnCk0EarAUqZHSiPirxNXdZryq6DoPBct40dDqaTmEvvaCepHV9ti2J7FW5O3PRd-nIMotFYlwcDHCT41Q1JtMAhEoi2-8jZb7p=k-no","https://lh3.googleusercontent.com/grass-cs/ACvplmOWY-zQNxfwEd7Yr4VLPN4Apa_QKnTKGlpCJHMu79a8G2cEbFF0j-6e7lfJTIBDIww2DFSnTe21KoPODPL0l3UhUR2oEIhs6LBnGV87xzh2wsBEE8HI1EYmT4_4CdFNAjdi6DryNUg-nBv-=k-no","https://lh3.googleusercontent.com/grass-cs/ACvplmOCALl1hpZgE6SicTJApVPm-PFbMFyVVPPCkZMGMie4_v5vhbRpUzXu0lt9prih1YafY75FQzaUtiVYEynO9dO9aWd5GQaWL70OBqiTe8jf7uD1KFTxa_U3OBhnssJZF1FZIdGt1EbqXdj2=k-no","https://lh3.googleusercontent.com/grass-cs/ACvplmPaaIn72ElYQ1bauZX3AgZIl1T6spMzsBsFCLbw1PsGbddNWjDIoKAOmt8gNJgLvOr1GYBx1buDnm6bX3gdToiBBHKzEJ1rHER-KYTDsgfwi8lMMOWtRrfRDaMi3yJaeq6s_zx_q7_LKHGq=k-no","https://lh3.googleusercontent.com/grass-cs/ACvplmP-U3CHfau2vRZ0MxgaQ3BQP9Qhk0PAjhvXrjqDc-M1oDhGPH7OMBl3D6Y_5VN3td67dFoS7wQCXA2zesL9-6PX2V_jo2LexJ1W9TgDZTKlY0dNFu2-Z9K_d0cZiwB5k6YtTBOKPhugWIok=k-no",,,,,,"Google",,,"2",,,"2716","2026-08-08T16:42:14.542Z","Direct Detail URL: https://www.google.com/maps/place/Rukito+Grill%26Drink+-+Alborada/@-2.1347917,-79.9223432,12.98z/data=!4m10!1m2!2m1!1srukito!3m6!1s0x902d6df1a996d4db:0xbdce0622e280c56b!8m2!3d-2.1367108!4d-79.9020534!15sCgZydWtpdG9aCCIGcnVraXRvkgEKcmVzdGF1cmFudOABAA!16s%2Fg%2F11h766fq7s?entry=ttu&g_ep=EgoyMDI2MDgwNS4xIKXMDSoASAFQAw%3D%3D","1",,,"false","Este local me estafó con 100 dólares, me cobraron 6,5 por un envío y adicional me llegó todo destrozado y frío, las bolsas terminicas abiertas y parece que el repartidos de comió un par de patacones de mi pedido, nunca se hicieron cargo, se hicieron los locos y me ofrecieron una papa o un maduro de cortesía",,"Rukito Grill&Drink - Alborada","4.5",,"https://www.google.com/maps/search/?api=1&query=Rukito%20Grill%26Drink%20-%20Alborada&query_place_id=ChIJ29SWqfFtLZARa8WA4iIGzr0",
"090509 Guayaquil, Ecuador","Restaurante","Restaurante","13676875865269519723","Guayaquil","EC","0x902d6df1a996d4db:0xbdce0622e280c56b",,"https://lh3.googleusercontent.com/gps-cs-s/AHRPTWnKUT7j8DXMVSe53pzbJl3CFfNDuEm9zljfvSuYIKrPFcEqIJod38gRQWhMyZiIWqd0rOe8pKtahHG2fjWFOtAmkbY6jlw0_irNRCAImjYSuBg2dZVczJYo7ueHW7OnZODMTOn2IA=w408-h725-k-no","false","false","/g/11h766fq7s","es-419","0","-2.1367108","-79.9020534",,"Alborada Este","es","false","ChIJ29SWqfFtLZARa8WA4iIGzr0","090509","$10-20","3 semanas atrás","2026-07-17T19:49:49.733Z",,,,,,,,,,,,,,,,,,,,,,,"Ci9DQUlRQUNvZENodHljRjlvT204d2JsWnVRV055U25sNVQxODFNbmhCYlZaUVduYxAB",,,,,,,,,,,,,"Google",,,"1",,,"2716","2026-08-08T16:42:14.542Z","Direct Detail URL: https://www.google.com/maps/place/Rukito+Grill%26Drink+-+Alborada/@-2.1347917,-79.9223432,12.98z/data=!4m10!1m2!2m1!1srukito!3m6!1s0x902d6df1a996d4db:0xbdce0622e280c56b!8m2!3d-2.1367108!4d-79.9020534!15sCgZydWtpdG9aCCIGcnVraXRvkgEKcmVzdGF1cmFudOABAA!16s%2Fg%2F11h766fq7s?entry=ttu&g_ep=EgoyMDI2MDgwNS4xIKXMDSoASAFQAw%3D%3D","1",,,"false","Muy mala atención en este local",,"Rukito Grill&Drink - Alborada","4.5",,"https://www.google.com/maps/search/?api=1&query=Rukito%20Grill%26Drink%20-%20Alborada&query_place_id=ChIJ29SWqfFtLZARa8WA4iIGzr0",
"090509 Guayaquil, Ecuador","Restaurante","Restaurante","13676875865269519723","Guayaquil","EC","0x902d6df1a996d4db:0xbdce0622e280c56b",,"https://lh3.googleusercontent.com/gps-cs-s/AHRPTWnKUT7j8DXMVSe53pzbJl3CFfNDuEm9zljfvSuYIKrPFcEqIJod38gRQWhMyZiIWqd0rOe8pKtahHG2fjWFOtAmkbY6jlw0_irNRCAImjYSuBg2dZVczJYo7ueHW7OnZODMTOn2IA=w408-h725-k-no","false","true","/g/11h766fq7s","es-419","0","-2.1367108","-79.9020534",,"Alborada Este","es","false","ChIJ29SWqfFtLZARa8WA4iIGzr0","090509","$10-20","3 semanas atrás","2026-07-16T17:12:09.809Z",,,,,,,,,,,,,,,,,,,,,,,"Ci9DQUlRQUNvZENodHljRjlvT2pOdmRuTkZUbnBaUmxoVk5qQk5UMDkzVW04d2JGRRAB",,,,,,,,,,,,,"Google",,,"5",,,"2716","2026-08-08T16:42:14.542Z","Direct Detail URL: https://www.google.com/maps/place/Rukito+Grill%26Drink+-+Alborada/@-2.1347917,-79.9223432,12.98z/data=!4m10!1m2!2m1!1srukito!3m6!1s0x902d6df1a996d4db:0xbdce0622e280c56b!8m2!3d-2.1367108!4d-79.9020534!15sCgZydWtpdG9aCCIGcnVraXRvkgEKcmVzdGF1cmFudOABAA!16s%2Fg%2F11h766fq7s?entry=ttu&g_ep=EgoyMDI2MDgwNS4xIKXMDSoASAFQAw%3D%3D","5",,,"false","Muy rico absolutamente todo! Jamás defrauda.",,"Rukito Grill&Drink - Alborada","4.5",,"https://www.google.com/maps/search/?api=1&query=Rukito%20Grill%26Drink%20-%20Alborada&query_place_id=ChIJ29SWqfFtLZARa8WA4iIGzr0",
"090509 Guayaquil, Ecuador","Restaurante","Restaurante","13676875865269519723","Guayaquil","EC","0x902d6df1a996d4db:0xbdce0622e280c56b",,"https://lh3.googleusercontent.com/gps-cs-s/AHRPTWnKUT7j8DXMVSe53pzbJl3CFfNDuEm9zljfvSuYIKrPFcEqIJod38gRQWhMyZiIWqd0rOe8pKtahHG2fjWFOtAmkbY6jlw0_irNRCAImjYSuBg2dZVczJYo7ueHW7OnZODMTOn2IA=w408-h725-k-no","false","true","/g/11h766fq7s","es-419","0","-2.1367108","-79.9020534",,"Alborada Este",,"false","ChIJ29SWqfFtLZARa8WA4iIGzr0","090509","$10-20","3 semanas atrás","2026-07-15T12:16:01.669Z",,,,,,,,,,,,,,,,,,,,,,,"Ci9DQUlRQUNvZENodHljRjlvT2paNFVrUkZhSEJPTkdaeVUwMU5aekZUVDIxbGRuYxAB",,,,,,,,,,,,,"Google",,,"11",,,"2716","2026-08-08T16:42:14.542Z","Direct Detail URL: https://www.google.com/maps/place/Rukito+Grill%26Drink+-+Alborada/@-2.1347917,-79.9223432,12.98z/data=!4m10!1m2!2m1!1srukito!3m6!1s0x902d6df1a996d4db:0xbdce0622e280c56b!8m2!3d-2.1367108!4d-79.9020534!15sCgZydWtpdG9aCCIGcnVraXRvkgEKcmVzdGF1cmFudOABAA!16s%2Fg%2F11h766fq7s?entry=ttu&g_ep=EgoyMDI2MDgwNS4xIKXMDSoASAFQAw%3D%3D","5",,,"false",,,"Rukito Grill&Drink - Alborada","4.5",,"https://www.google.com/maps/search/?api=1&query=Rukito%20Grill%26Drink%20-%20Alborada&query_place_id=ChIJ29SWqfFtLZARa8WA4iIGzr0",
"090509 Guayaquil, Ecuador","Restaurante","Restaurante","13676875865269519723","Guayaquil","EC","0x902d6df1a996d4db:0xbdce0622e280c56b",,"https://lh3.googleusercontent.com/gps-cs-s/AHRPTWnKUT7j8DXMVSe53pzbJl3CFfNDuEm9zljfvSuYIKrPFcEqIJod38gRQWhMyZiIWqd0rOe8pKtahHG2fjWFOtAmkbY6jlw0_irNRCAImjYSuBg2dZVczJYo7ueHW7OnZODMTOn2IA=w408-h725-k-no","false","true","/g/11h766fq7s","es-419","0","-2.1367108","-79.9020534",,"Alborada Este",,"false","ChIJ29SWqfFtLZARa8WA4iIGzr0","090509","$10-20","3 semanas atrás","2026-07-14T20:40:23.776Z",,,,,,"Es un poco difícil encontrar estacionamiento",,,"Ruidoso, pero se puede hablar","Estacionamiento gratuito en la calle",,,"$15-20",,"Apto para grupos de todos los tamaños","Hasta 10 min",,,,,,,"Ci9DQUlRQUNvZENodHljRjlvT2xWR1gwTm5WelpmUkRCd2NFOXFZVnBpV0hKZlZFRRAB",,,,,,,,,,,,,"Google",,,"40",,,"2716","2026-08-08T16:42:14.542Z","Direct Detail URL: https://www.google.com/maps/place/Rukito+Grill%26Drink+-+Alborada/@-2.1347917,-79.9223432,12.98z/data=!4m10!1m2!2m1!1srukito!3m6!1s0x902d6df1a996d4db:0xbdce0622e280c56b!8m2!3d-2.1367108!4d-79.9020534!15sCgZydWtpdG9aCCIGcnVraXRvkgEKcmVzdGF1cmFudOABAA!16s%2Fg%2F11h766fq7s?entry=ttu&g_ep=EgoyMDI2MDgwNS4xIKXMDSoASAFQAw%3D%3D","5",,,"false",,,"Rukito Grill&Drink - Alborada","4.5",,"https://www.google.com/maps/search/?api=1&query=Rukito%20Grill%26Drink%20-%20Alborada&query_place_id=ChIJ29SWqfFtLZARa8WA4iIGzr0",
"090509 Guayaquil, Ecuador","Restaurante","Restaurante","13676875865269519723","Guayaquil","EC","0x902d6df1a996d4db:0xbdce0622e280c56b",,"https://lh3.googleusercontent.com/gps-cs-s/AHRPTWnKUT7j8DXMVSe53pzbJl3CFfNDuEm9zljfvSuYIKrPFcEqIJod38gRQWhMyZiIWqd0rOe8pKtahHG2fjWFOtAmkbY6jlw0_irNRCAImjYSuBg2dZVczJYo7ueHW7OnZODMTOn2IA=w408-h725-k-no","false","false","/g/11h766fq7s","es-419","0","-2.1367108","-79.9020534",,"Alborada Este","es","false","ChIJ29SWqfFtLZARa8WA4iIGzr0","090509","$10-20","4 semanas atrás","2026-07-08T23:40:02.955Z",,,,,,,,,"Silencioso, agradable para conversar",,,,"$20-25",,,"De 10 a 30 min",,,,,,,"Ci9DQUlRQUNvZENodHljRjlvT2xScFVsUjJNalJIYmw5NGRVNWpXVlZsTldJeWJVRRAB","https://lh3.googleusercontent.com/grass-cs/ACvplmPSK9iURtMlfX56fBr_-miGPkJEKCseyWuy68in7N0Kr2grqK5CORSIMjBBBwEVKrpBJy32UDk1TY887NHGBXcbIiaQthf2nRg0paUpcAi01DyWRKPyZAwz_8G0avLH3IT85yVLhW0b6Yo=k-no","https://lh3.googleusercontent.com/grass-cs/ACvplmOzucKHgfK-cfFMFjbNR6VIu4-RYN4s8QzD9QlVZKP1TKUKCsh8VYniu0At-YwcF7f0IvmLw8MdymzIsLuZq6hexfJB7tgR04hlg-5QlhJWOxQxBpNt2XdPAz0tpXMr2HFV_P8MR82dNVcL=k-no",,,,,,,,,,,"Google",,,"12",,,"2716","2026-08-08T16:42:14.542Z","Direct Detail URL: https://www.google.com/maps/place/Rukito+Grill%26Drink+-+Alborada/@-2.1347917,-79.9223432,12.98z/data=!4m10!1m2!2m1!1srukito!3m6!1s0x902d6df1a996d4db:0xbdce0622e280c56b!8m2!3d-2.1367108!4d-79.9020534!15sCgZydWtpdG9aCCIGcnVraXRvkgEKcmVzdGF1cmFudOABAA!16s%2Fg%2F11h766fq7s?entry=ttu&g_ep=EgoyMDI2MDgwNS4xIKXMDSoASAFQAw%3D%3D","5",,,"false","Todo muy bueno",,"Rukito Grill&Drink - Alborada","4.5",,"https://www.google.com/maps/search/?api=1&query=Rukito%20Grill%26Drink%20-%20Alborada&query_place_id=ChIJ29SWqfFtLZARa8WA4iIGzr0",
"090509 Guayaquil, Ecuador","Restaurante","Restaurante","13676875865269519723","Guayaquil","EC","0x902d6df1a996d4db:0xbdce0622e280c56b",,"https://lh3.googleusercontent.com/gps-cs-s/AHRPTWnKUT7j8DXMVSe53pzbJl3CFfNDuEm9zljfvSuYIKrPFcEqIJod38gRQWhMyZiIWqd0rOe8pKtahHG2fjWFOtAmkbY6jlw0_irNRCAImjYSuBg2dZVczJYo7ueHW7OnZODMTOn2IA=w408-h725-k-no","false","false","/g/11h766fq7s","es-419","0","-2.1367108","-79.9020534",,"Alborada Este",,"false","ChIJ29SWqfFtLZARa8WA4iIGzr0","090509","$10-20","Hace un mes","2026-07-06T01:54:01.401Z",,,,,,,,,"Ruido moderado",,,,"$15-20",,"3 o 4 personas",,,,,,,,"Ci9DQUlRQUNvZENodHljRjlvT214NVVtbFZRVGxwTjI1eGMwdExMWFl4UTBOVk1YYxAB",,,,,,,,,,,,,"Google",,,"0",,,"2716","2026-08-08T16:42:14.542Z","Direct Detail URL: https://www.google.com/maps/place/Rukito+Grill%26Drink+-+Alborada/@-2.1347917,-79.9223432,12.98z/data=!4m10!1m2!2m1!1srukito!3m6!1s0x902d6df1a996d4db:0xbdce0622e280c56b!8m2!3d-2.1367108!4d-79.9020534!15sCgZydWtpdG9aCCIGcnVraXRvkgEKcmVzdGF1cmFudOABAA!16s%2Fg%2F11h766fq7s?entry=ttu&g_ep=EgoyMDI2MDgwNS4xIKXMDSoASAFQAw%3D%3D","4",,,"false",,,"Rukito Grill&Drink - Alborada","4.5",,"https://www.google.com/maps/search/?api=1&query=Rukito%20Grill%26Drink%20-%20Alborada&query_place_id=ChIJ29SWqfFtLZARa8WA4iIGzr0",
"090509 Guayaquil, Ecuador","Restaurante","Restaurante","13676875865269519723","Guayaquil","EC","0x902d6df1a996d4db:0xbdce0622e280c56b",,"https://lh3.googleusercontent.com/gps-cs-s/AHRPTWnKUT7j8DXMVSe53pzbJl3CFfNDuEm9zljfvSuYIKrPFcEqIJod38gRQWhMyZiIWqd0rOe8pKtahHG2fjWFOtAmkbY6jlw0_irNRCAImjYSuBg2dZVczJYo7ueHW7OnZODMTOn2IA=w408-h725-k-no","false","true","/g/11h766fq7s","es-419","0","-2.1367108","-79.9020534",,"Alborada Este","es","false","ChIJ29SWqfFtLZARa8WA4iIGzr0","090509","$10-20","Hace un mes","2026-07-06T01:18:37.463Z",,,,,,,,,"Ruido moderado",,,,"$10-15",,"Entre 5 y 8 personas",,"Comedor cubierto",,,"5","5","5","Ci9DQUlRQUNvZENodHljRjlvT21rdE9ITjViWGRLYW05U1UxUXpjbVo0T0MxRlRYYxAB","https://lh3.googleusercontent.com/grass-cs/ACvplmMjnEY17LnlC-Qgy7mISgAZ2Cb7rZH1whqLy6c3bZ1Sfj7EiGJ7MXr8Nx0MHxumMRRorFBLox6roIOtt2rxfcFe4qUhwIW7ucDYj4NnfYVdaIfBHYT28dOl7n68b_J6dBHAcCI-jTEazXqF=k-no","https://lh3.googleusercontent.com/grass-cs/ACvplmM8yUGEynnRF2ZEK8dj24CJhrLtZH8BKmex9ZRAJ-edU8IemL9kTuPX55N7gw53WP6XNopJoW8SULdJ0Pm3uqyGYz6LrYhDK1xjijAu3ClnZiKGyh9djrzhDoCUH169SLhkr6BFE8OcumD2=k-no",,,,,,,,,,,"Google",,,"159",,,"2716","2026-08-08T16:42:14.542Z","Direct Detail URL: https://www.google.com/maps/place/Rukito+Grill%26Drink+-+Alborada/@-2.1347917,-79.9223432,12.98z/data=!4m10!1m2!2m1!1srukito!3m6!1s0x902d6df1a996d4db:0xbdce0622e280c56b!8m2!3d-2.1367108!4d-79.9020534!15sCgZydWtpdG9aCCIGcnVraXRvkgEKcmVzdGF1cmFudOABAA!16s%2Fg%2F11h766fq7s?entry=ttu&g_ep=EgoyMDI2MDgwNS4xIKXMDSoASAFQAw%3D%3D","5",,,"false","Un lugar increíble, la comida es espectacular, los precios son buenos y todo es excelente",,"Rukito Grill&Drink - Alborada","4.5",,"https://www.google.com/maps/search/?api=1&query=Rukito%20Grill%26Drink%20-%20Alborada&query_place_id=ChIJ29SWqfFtLZARa8WA4iIGzr0",
"090509 Guayaquil, Ecuador","Restaurante","Restaurante","13676875865269519723","Guayaquil","EC","0x902d6df1a996d4db:0xbdce0622e280c56b",,"https://lh3.googleusercontent.com/gps-cs-s/AHRPTWnKUT7j8DXMVSe53pzbJl3CFfNDuEm9zljfvSuYIKrPFcEqIJod38gRQWhMyZiIWqd0rOe8pKtahHG2fjWFOtAmkbY6jlw0_irNRCAImjYSuBg2dZVczJYo7ueHW7OnZODMTOn2IA=w408-h725-k-no","false","true","/g/11h766fq7s","es-419","0","-2.1367108","-79.9020534",,"Alborada Este","es","false","ChIJ29SWqfFtLZARa8WA4iIGzr0","090509","$10-20","Hace un mes","2026-07-03T11:02:18.970Z",,,,,,,,,"Silencioso, agradable para conversar",,,,"$15-20",,,"Sin espera",,"Almuerzo",,,,,"Ci9DQUlRQUNvZENodHljRjlvT21RemFGOWpWMDkzZVZrd2VFVXpjRk00TVZSMlduYxAB",,,,,,,,,,,,,"Google",,,"75",,,"2716","2026-08-08T16:42:14.542Z","Direct Detail URL: https://www.google.com/maps/place/Rukito+Grill%26Drink+-+Alborada/@-2.1347917,-79.9223432,12.98z/data=!4m10!1m2!2m1!1srukito!3m6!1s0x902d6df1a996d4db:0xbdce0622e280c56b!8m2!3d-2.1367108!4d-79.9020534!15sCgZydWtpdG9aCCIGcnVraXRvkgEKcmVzdGF1cmFudOABAA!16s%2Fg%2F11h766fq7s?entry=ttu&g_ep=EgoyMDI2MDgwNS4xIKXMDSoASAFQAw%3D%3D","5",,,"false","Excelente!!!",,"Rukito Grill&Drink - Alborada","4.5",,"https://www.google.com/maps/search/?api=1&query=Rukito%20Grill%26Drink%20-%20Alborada&query_place_id=ChIJ29SWqfFtLZARa8WA4iIGzr0",
"090509 Guayaquil, Ecuador","Restaurante","Restaurante","13676875865269519723","Guayaquil","EC","0x902d6df1a996d4db:0xbdce0622e280c56b",,"https://lh3.googleusercontent.com/gps-cs-s/AHRPTWnKUT7j8DXMVSe53pzbJl3CFfNDuEm9zljfvSuYIKrPFcEqIJod38gRQWhMyZiIWqd0rOe8pKtahHG2fjWFOtAmkbY6jlw0_irNRCAImjYSuBg2dZVczJYo7ueHW7OnZODMTOn2IA=w408-h725-k-no","false","false","/g/11h766fq7s","es-419","0","-2.1367108","-79.9020534",,"Alborada Este","es","false","ChIJ29SWqfFtLZARa8WA4iIGzr0","090509","$10-20","Hace un mes","2026-06-23T05:59:44.251Z",,,,,,,,,,,,,,,,,,,,"3","5","1","Ci9DQUlRQUNvZENodHljRjlvT25VdGExSlFiREZvV0djMVZ6UkNSVTl0UWxGaU4xRRAB",,,,,,,,,,,,,"Google",,,"1",,,"2716","2026-08-08T16:42:14.542Z","Direct Detail URL: https://www.google.com/maps/place/Rukito+Grill%26Drink+-+Alborada/@-2.1347917,-79.9223432,12.98z/data=!4m10!1m2!2m1!1srukito!3m6!1s0x902d6df1a996d4db:0xbdce0622e280c56b!8m2!3d-2.1367108!4d-79.9020534!15sCgZydWtpdG9aCCIGcnVraXRvkgEKcmVzdGF1cmFudOABAA!16s%2Fg%2F11h766fq7s?entry=ttu&g_ep=EgoyMDI2MDgwNS4xIKXMDSoASAFQAw%3D%3D","1",,,"false","Muy buena la comida pero pésima la atención, se demoran en tomar el pedido una mesera no te trae la cosa que pediste, y tras de eso se pone brava y prácticamente te obliga a pagar un pedido que no está bien atendido o captado",,"Rukito Grill&Drink - Alborada","4.5",,"https://www.google.com/maps/search/?api=1&query=Rukito%20Grill%26Drink%20-%20Alborada&query_place_id=ChIJ29SWqfFtLZARa8WA4iIGzr0",
"090509 Guayaquil, Ecuador","Restaurante","Restaurante","13676875865269519723","Guayaquil","EC","0x902d6df1a996d4db:0xbdce0622e280c56b",,"https://lh3.googleusercontent.com/gps-cs-s/AHRPTWnKUT7j8DXMVSe53pzbJl3CFfNDuEm9zljfvSuYIKrPFcEqIJod38gRQWhMyZiIWqd0rOe8pKtahHG2fjWFOtAmkbY6jlw0_irNRCAImjYSuBg2dZVczJYo7ueHW7OnZODMTOn2IA=w408-h725-k-no","false","false","/g/11h766fq7s","es-419","0","-2.1367108","-79.9020534",,"Alborada Este","es","false","ChIJ29SWqfFtLZARa8WA4iIGzr0","090509","$10-20","Hace un mes","2026-06-23T00:06:58.732Z",,,,,,,,,,,,,,,,,,,,"1","1","1","Ci9DQUlRQUNvZENodHljRjlvT2xOVWFVOXRkVlk1T1hwV2NGQndZVmxZTmt3MFFWRRAB",,,,,,,,,,,,,"Google",,,"1",,,"2716","2026-08-08T16:42:14.542Z","Direct Detail URL: https://www.google.com/maps/place/Rukito+Grill%26Drink+-+Alborada/@-2.1347917,-79.9223432,12.98z/data=!4m10!1m2!2m1!1srukito!3m6!1s0x902d6df1a996d4db:0xbdce0622e280c56b!8m2!3d-2.1367108!4d-79.9020534!15sCgZydWtpdG9aCCIGcnVraXRvkgEKcmVzdGF1cmFudOABAA!16s%2Fg%2F11h766fq7s?entry=ttu&g_ep=EgoyMDI2MDgwNS4xIKXMDSoASAFQAw%3D%3D","1",,,"false","Pésimo servicio alimentos mal procesados ensaladas como para conejos, sin sal, solo lechuga. No recomiendo.",,"Rukito Grill&Drink - Alborada","4.5",,"https://www.google.com/maps/search/?api=1&query=Rukito%20Grill%26Drink%20-%20Alborada&query_place_id=ChIJ29SWqfFtLZARa8WA4iIGzr0",
"090509 Guayaquil, Ecuador","Restaurante","Restaurante","13676875865269519723","Guayaquil","EC","0x902d6df1a996d4db:0xbdce0622e280c56b",,"https://lh3.googleusercontent.com/gps-cs-s/AHRPTWnKUT7j8DXMVSe53pzbJl3CFfNDuEm9zljfvSuYIKrPFcEqIJod38gRQWhMyZiIWqd0rOe8pKtahHG2fjWFOtAmkbY6jlw0_irNRCAImjYSuBg2dZVczJYo7ueHW7OnZODMTOn2IA=w408-h725-k-no","false","false","/g/11h766fq7s","es-419","0","-2.1367108","-79.9020534",,"Alborada Este",,"false","ChIJ29SWqfFtLZARa8WA4iIGzr0","090509","$10-20","Hace un mes","2026-06-22T15:05:23.776Z",,,,,,,,,"Ruido moderado",,,,"$10-15",,"2 personas","De 30 a 60 min",,,,,,,"Ci9DQUlRQUNvZENodHljRjlvT21wbGN6QjJWV1ExUTFCbE9IWnRTRUZCZVdKa1RrRRAB",,,,,,,,,,,,,"Google",,,"0",,,"2716","2026-08-08T16:42:14.542Z","Direct Detail URL: https://www.google.com/maps/place/Rukito+Grill%26Drink+-+Alborada/@-2.1347917,-79.9223432,12.98z/data=!4m10!1m2!2m1!1srukito!3m6!1s0x902d6df1a996d4db:0xbdce0622e280c56b!8m2!3d-2.1367108!4d-79.9020534!15sCgZydWtpdG9aCCIGcnVraXRvkgEKcmVzdGF1cmFudOABAA!16s%2Fg%2F11h766fq7s?entry=ttu&g_ep=EgoyMDI2MDgwNS4xIKXMDSoASAFQAw%3D%3D","5",,,"false",,,"Rukito Grill&Drink - Alborada","4.5",,"https://www.google.com/maps/search/?api=1&query=Rukito%20Grill%26Drink%20-%20Alborada&query_place_id=ChIJ29SWqfFtLZARa8WA4iIGzr0",
"090509 Guayaquil, Ecuador","Restaurante","Restaurante","13676875865269519723","Guayaquil","EC","0x902d6df1a996d4db:0xbdce0622e280c56b",,"https://lh3.googleusercontent.com/gps-cs-s/AHRPTWnKUT7j8DXMVSe53pzbJl3CFfNDuEm9zljfvSuYIKrPFcEqIJod38gRQWhMyZiIWqd0rOe8pKtahHG2fjWFOtAmkbY6jlw0_irNRCAImjYSuBg2dZVczJYo7ueHW7OnZODMTOn2IA=w408-h725-k-no","false","false","/g/11h766fq7s","es-419","0","-2.1367108","-79.9020534",,"Alborada Este",,"false","ChIJ29SWqfFtLZARa8WA4iIGzr0","090509","$10-20","Hace un mes","2026-06-22T13:37:56.603Z",,,,,,,,,"Ruido moderado",,,,"$10-15",,"Apto para grupos de todos los tamaños","De 30 a 60 min",,,,,,,"Ci9DQUlRQUNvZENodHljRjlvT2pseFJFOTVZVXRuZUVWV04yNVRPV3RHZFUwMWMzYxAB",,,,,,,,,,,,,"Google",,,"0",,,"2716","2026-08-08T16:42:14.542Z","Direct Detail URL: https://www.google.com/maps/place/Rukito+Grill%26Drink+-+Alborada/@-2.1347917,-79.9223432,12.98z/data=!4m10!1m2!2m1!1srukito!3m6!1s0x902d6df1a996d4db:0xbdce0622e280c56b!8m2!3d-2.1367108!4d-79.9020534!15sCgZydWtpdG9aCCIGcnVraXRvkgEKcmVzdGF1cmFudOABAA!16s%2Fg%2F11h766fq7s?entry=ttu&g_ep=EgoyMDI2MDgwNS4xIKXMDSoASAFQAw%3D%3D","4",,,"false",,,"Rukito Grill&Drink - Alborada","4.5",,"https://www.google.com/maps/search/?api=1&query=Rukito%20Grill%26Drink%20-%20Alborada&query_place_id=ChIJ29SWqfFtLZARa8WA4iIGzr0",
"090509 Guayaquil, Ecuador","Restaurante","Restaurante","13676875865269519723","Guayaquil","EC","0x902d6df1a996d4db:0xbdce0622e280c56b",,"https://lh3.googleusercontent.com/gps-cs-s/AHRPTWnKUT7j8DXMVSe53pzbJl3CFfNDuEm9zljfvSuYIKrPFcEqIJod38gRQWhMyZiIWqd0rOe8pKtahHG2fjWFOtAmkbY6jlw0_irNRCAImjYSuBg2dZVczJYo7ueHW7OnZODMTOn2IA=w408-h725-k-no","false","false","/g/11h766fq7s","es-419","0","-2.1367108","-79.9020534",,"Alborada Este",,"false","ChIJ29SWqfFtLZARa8WA4iIGzr0","090509","$10-20","Hace un mes","2026-06-18T16:55:20.325Z",,,,,,,,,,,,,"$20-25",,,,,,,,,,"Ci9DQUlRQUNvZENodHljRjlvT21JMVJUaEtkR295WkVkWlp6ZExMVzlEVTNNNFJWRRAB",,,,,,,,,,,,,"Google",,,"11",,,"2716","2026-08-08T16:42:14.542Z","Direct Detail URL: https://www.google.com/maps/place/Rukito+Grill%26Drink+-+Alborada/@-2.1347917,-79.9223432,12.98z/data=!4m10!1m2!2m1!1srukito!3m6!1s0x902d6df1a996d4db:0xbdce0622e280c56b!8m2!3d-2.1367108!4d-79.9020534!15sCgZydWtpdG9aCCIGcnVraXRvkgEKcmVzdGF1cmFudOABAA!16s%2Fg%2F11h766fq7s?entry=ttu&g_ep=EgoyMDI2MDgwNS4xIKXMDSoASAFQAw%3D%3D","5",,,"false",,,"Rukito Grill&Drink - Alborada","4.5",,"https://www.google.com/maps/search/?api=1&query=Rukito%20Grill%26Drink%20-%20Alborada&query_place_id=ChIJ29SWqfFtLZARa8WA4iIGzr0",
"090509 Guayaquil, Ecuador","Restaurante","Restaurante","13676875865269519723","Guayaquil","EC","0x902d6df1a996d4db:0xbdce0622e280c56b",,"https://lh3.googleusercontent.com/gps-cs-s/AHRPTWnKUT7j8DXMVSe53pzbJl3CFfNDuEm9zljfvSuYIKrPFcEqIJod38gRQWhMyZiIWqd0rOe8pKtahHG2fjWFOtAmkbY6jlw0_irNRCAImjYSuBg2dZVczJYo7ueHW7OnZODMTOn2IA=w408-h725-k-no","false","true","/g/11h766fq7s","es-419","0","-2.1367108","-79.9020534",,"Alborada Este",,"false","ChIJ29SWqfFtLZARa8WA4iIGzr0","090509","$10-20","Hace un mes","2026-06-17T20:23:56.668Z",,,,,,"Hay suficiente espacio",,,"Silencioso, agradable para conversar","Estacionamiento gratuito en la calle",,,"$15-20",,"Apto para grupos de todos los tamaños","Sin espera",,,,,,,"Ci9DQUlRQUNvZENodHljRjlvT25WbFJXSmZTV3BaYVZkM1ptSndabTlYT1habWFsRRAB",,,,,,,,,,,,,"Google",,,"5",,,"2716","2026-08-08T16:42:14.542Z","Direct Detail URL: https://www.google.com/maps/place/Rukito+Grill%26Drink+-+Alborada/@-2.1347917,-79.9223432,12.98z/data=!4m10!1m2!2m1!1srukito!3m6!1s0x902d6df1a996d4db:0xbdce0622e280c56b!8m2!3d-2.1367108!4d-79.9020534!15sCgZydWtpdG9aCCIGcnVraXRvkgEKcmVzdGF1cmFudOABAA!16s%2Fg%2F11h766fq7s?entry=ttu&g_ep=EgoyMDI2MDgwNS4xIKXMDSoASAFQAw%3D%3D","5",,,"false",,,"Rukito Grill&Drink - Alborada","4.5",,"https://www.google.com/maps/search/?api=1&query=Rukito%20Grill%26Drink%20-%20Alborada&query_place_id=ChIJ29SWqfFtLZARa8WA4iIGzr0",
"090509 Guayaquil, Ecuador","Restaurante","Restaurante","13676875865269519723","Guayaquil","EC","0x902d6df1a996d4db:0xbdce0622e280c56b",,"https://lh3.googleusercontent.com/gps-cs-s/AHRPTWnKUT7j8DXMVSe53pzbJl3CFfNDuEm9zljfvSuYIKrPFcEqIJod38gRQWhMyZiIWqd0rOe8pKtahHG2fjWFOtAmkbY6jlw0_irNRCAImjYSuBg2dZVczJYo7ueHW7OnZODMTOn2IA=w408-h725-k-no","false","false","/g/11h766fq7s","es-419","0","-2.1367108","-79.9020534",,"Alborada Este","es","false","ChIJ29SWqfFtLZARa8WA4iIGzr0","090509","$10-20","Hace un mes","2026-06-16T23:30:49.077Z",,,,,,,,,,,,,,,,,,,,,,"1","Ci9DQUlRQUNvZENodHljRjlvT205Q2NsVk5VMGd3V0ZSaGVYUkdha1V0VDFwblJHYxAB","https://lh3.googleusercontent.com/grass-cs/ACvplmPHxj7sM1aee2GO9jVs9bjfFhf-U6i3Q_zifqiEVR7pHvXviAJruiQNrCS2PKgxb96dMgRUMHsB_StBbSAO-eTTeR0G1bS5n71JQzuyDx2SYWHiQdXjdSZuoBig-5Qt4Md_hlQt13ZdpbNa=k-no","https://lh3.googleusercontent.com/grass-cs/ACvplmPsDtC3Plfikb9El9yX5LfOIRkNhL6lIuhDLfYv07r5Go3QWNLd20ChAGD6puf55AnBWezXUUs0uJN2VZyfjwRMFMUrIauYSwTg2mFEtMcZmWP0DLcqjVEjiP5KQkPTBqA89xmCniD2adaT=k-no",,,,,,,,,,,"Google",,,"8",,,"2716","2026-08-08T16:42:14.542Z","Direct Detail URL: https://www.google.com/maps/place/Rukito+Grill%26Drink+-+Alborada/@-2.1347917,-79.9223432,12.98z/data=!4m10!1m2!2m1!1srukito!3m6!1s0x902d6df1a996d4db:0xbdce0622e280c56b!8m2!3d-2.1367108!4d-79.9020534!15sCgZydWtpdG9aCCIGcnVraXRvkgEKcmVzdGF1cmFudOABAA!16s%2Fg%2F11h766fq7s?entry=ttu&g_ep=EgoyMDI2MDgwNS4xIKXMDSoASAFQAw%3D%3D","1",,,"false","Que pésima atención normalmente voy al local de vía a la costa cuando voy a casa, el día de hoy quise comer aquí en la alborada, primero ese aire acondicionado goteando, cada rato gotas en la comida y encima de uno, se les manifestó que le bajaran o apagaran y no hicieron nada, de ahí ya no quería comer pedí una tarrina y me dieron una pequeña, cabe recalcar que teníamos la panceta casi todo el plato servido, el moro de la panceta, mi costilla, mi moro y la papas, le dije véndame una tarrina más grande porque no me entrará obviamente y me dijo que solo son para delivery, en vía a la costa hasta ellos mismo saben guardarte en la tarrina y todo, y no me ayudó con una tarrina más grande, de ahí mi esposo tuvo que pedir otra tarrina, ahí de mala cara trajeron, pésimo servicio en este establecimiento en especial.",,"Rukito Grill&Drink - Alborada","4.5",,"https://www.google.com/maps/search/?api=1&query=Rukito%20Grill%26Drink%20-%20Alborada&query_place_id=ChIJ29SWqfFtLZARa8WA4iIGzr0",
"090509 Guayaquil, Ecuador","Restaurante","Restaurante","13676875865269519723","Guayaquil","EC","0x902d6df1a996d4db:0xbdce0622e280c56b",,"https://lh3.googleusercontent.com/gps-cs-s/AHRPTWnKUT7j8DXMVSe53pzbJl3CFfNDuEm9zljfvSuYIKrPFcEqIJod38gRQWhMyZiIWqd0rOe8pKtahHG2fjWFOtAmkbY6jlw0_irNRCAImjYSuBg2dZVczJYo7ueHW7OnZODMTOn2IA=w408-h725-k-no","false","true","/g/11h766fq7s","es-419","0","-2.1367108","-79.9020534",,"Alborada Este","es","false","ChIJ29SWqfFtLZARa8WA4iIGzr0","090509","$10-20","Hace un mes","2026-06-10T15:59:29.304Z",,,,,,"Es un poco difícil encontrar estacionamiento",,,"Ruido moderado","Estacionamiento gratuito en la calle",,,"$10-15",,,"De 10 a 30 min","Comedor cubierto",,,"5","5","4","Ci9DQUlRQUNvZENodHljRjlvT2twRmEzQkVlVFphVEhKaFVUVmhTbGxWZFRoVE9HYxAB",,,,,,,,,,,,,"Google",,,"76",,,"2716","2026-08-08T16:42:14.542Z","Direct Detail URL: https://www.google.com/maps/place/Rukito+Grill%26Drink+-+Alborada/@-2.1347917,-79.9223432,12.98z/data=!4m10!1m2!2m1!1srukito!3m6!1s0x902d6df1a996d4db:0xbdce0622e280c56b!8m2!3d-2.1367108!4d-79.9020534!15sCgZydWtpdG9aCCIGcnVraXRvkgEKcmVzdGF1cmFudOABAA!16s%2Fg%2F11h766fq7s?entry=ttu&g_ep=EgoyMDI2MDgwNS4xIKXMDSoASAFQAw%3D%3D","5",,,"false","Excelente menú, lo único a mejorar sería la rapidez/disponibilidad de los meseros",,"Rukito Grill&Drink - Alborada","4.5",,"https://www.google.com/maps/search/?api=1&query=Rukito%20Grill%26Drink%20-%20Alborada&query_place_id=ChIJ29SWqfFtLZARa8WA4iIGzr0",
"090509 Guayaquil, Ecuador","Restaurante","Restaurante","13676875865269519723","Guayaquil","EC","0x902d6df1a996d4db:0xbdce0622e280c56b",,"https://lh3.googleusercontent.com/gps-cs-s/AHRPTWnKUT7j8DXMVSe53pzbJl3CFfNDuEm9zljfvSuYIKrPFcEqIJod38gRQWhMyZiIWqd0rOe8pKtahHG2fjWFOtAmkbY6jlw0_irNRCAImjYSuBg2dZVczJYo7ueHW7OnZODMTOn2IA=w408-h725-k-no","false","true","/g/11h766fq7s","es-419","0","-2.1367108","-79.9020534",,"Alborada Este","es","false","ChIJ29SWqfFtLZARa8WA4iIGzr0","090509","$10-20","Hace 2 meses","2026-06-07T03:49:34.667Z",,,,,,,,,,,,,,,,,,,,,,,"Ci9DQUlRQUNvZENodHljRjlvT21reFRuTjZORTloY1cxd2NFeHRlRUY2WmpsTWFuYxAB",,,,,,,,,,,,,"Google",,,"178",,,"2716","2026-08-08T16:42:14.542Z","Direct Detail URL: https://www.google.com/maps/place/Rukito+Grill%26Drink+-+Alborada/@-2.1347917,-79.9223432,12.98z/data=!4m10!1m2!2m1!1srukito!3m6!1s0x902d6df1a996d4db:0xbdce0622e280c56b!8m2!3d-2.1367108!4d-79.9020534!15sCgZydWtpdG9aCCIGcnVraXRvkgEKcmVzdGF1cmFudOABAA!16s%2Fg%2F11h766fq7s?entry=ttu&g_ep=EgoyMDI2MDgwNS4xIKXMDSoASAFQAw%3D%3D","1",,,"false","Tocó esperar para que nos atiendan total nos fuimos",,"Rukito Grill&Drink - Alborada","4.5",,"https://www.google.com/maps/search/?api=1&query=Rukito%20Grill%26Drink%20-%20Alborada&query_place_id=ChIJ29SWqfFtLZARa8WA4iIGzr0",
"090509 Guayaquil, Ecuador","Restaurante","Restaurante","13676875865269519723","Guayaquil","EC","0x902d6df1a996d4db:0xbdce0622e280c56b",,"https://lh3.googleusercontent.com/gps-cs-s/AHRPTWnKUT7j8DXMVSe53pzbJl3CFfNDuEm9zljfvSuYIKrPFcEqIJod38gRQWhMyZiIWqd0rOe8pKtahHG2fjWFOtAmkbY6jlw0_irNRCAImjYSuBg2dZVczJYo7ueHW7OnZODMTOn2IA=w408-h725-k-no","false","true","/g/11h766fq7s","es-419","0","-2.1367108","-79.9020534",,"Alborada Este",,"false","ChIJ29SWqfFtLZARa8WA4iIGzr0","090509","$10-20","Hace 2 meses","2026-06-04T01:50:05.505Z",,,,,,,,,"Ruido moderado",,,,"$10-15",,,"Sin espera",,"Cena",,,,,"Ci9DQUlRQUNvZENodHljRjlvT21nNVExOXhaVTFPUmt0SFYyTkVabE5sVDJoc1FXYxAB",,,,,,,,,,,,,"Google",,,"18",,,"2716","2026-08-08T16:42:14.542Z","Direct Detail URL: https://www.google.com/maps/place/Rukito+Grill%26Drink+-+Alborada/@-2.1347917,-79.9223432,12.98z/data=!4m10!1m2!2m1!1srukito!3m6!1s0x902d6df1a996d4db:0xbdce0622e280c56b!8m2!3d-2.1367108!4d-79.9020534!15sCgZydWtpdG9aCCIGcnVraXRvkgEKcmVzdGF1cmFudOABAA!16s%2Fg%2F11h766fq7s?entry=ttu&g_ep=EgoyMDI2MDgwNS4xIKXMDSoASAFQAw%3D%3D","5",,,"false",,,"Rukito Grill&Drink - Alborada","4.5",,"https://www.google.com/maps/search/?api=1&query=Rukito%20Grill%26Drink%20-%20Alborada&query_place_id=ChIJ29SWqfFtLZARa8WA4iIGzr0",
"090509 Guayaquil, Ecuador","Restaurante","Restaurante","13676875865269519723","Guayaquil","EC","0x902d6df1a996d4db:0xbdce0622e280c56b",,"https://lh3.googleusercontent.com/gps-cs-s/AHRPTWnKUT7j8DXMVSe53pzbJl3CFfNDuEm9zljfvSuYIKrPFcEqIJod38gRQWhMyZiIWqd0rOe8pKtahHG2fjWFOtAmkbY6jlw0_irNRCAImjYSuBg2dZVczJYo7ueHW7OnZODMTOn2IA=w408-h725-k-no","false","false","/g/11h766fq7s","es-419","0","-2.1367108","-79.9020534",,"Alborada Este",,"false","ChIJ29SWqfFtLZARa8WA4iIGzr0","090509","$10-20","Hace 2 meses","2026-05-31T12:34:56.700Z",,,,,,,,,,,,,,,,,,,,,,,"Ci9DQUlRQUNvZENodHljRjlvT205VVpqVlFabmRVYTFSYWNrWk9VRlpzUjA1emIwRRAB",,,,,,,,,,,,,"Google",,,"1",,,"2716","2026-08-08T16:42:14.542Z","Direct Detail URL: https://www.google.com/maps/place/Rukito+Grill%26Drink+-+Alborada/@-2.1347917,-79.9223432,12.98z/data=!4m10!1m2!2m1!1srukito!3m6!1s0x902d6df1a996d4db:0xbdce0622e280c56b!8m2!3d-2.1367108!4d-79.9020534!15sCgZydWtpdG9aCCIGcnVraXRvkgEKcmVzdGF1cmFudOABAA!16s%2Fg%2F11h766fq7s?entry=ttu&g_ep=EgoyMDI2MDgwNS4xIKXMDSoASAFQAw%3D%3D","5",,,"false",,,"Rukito Grill&Drink - Alborada","4.5",,"https://www.google.com/maps/search/?api=1&query=Rukito%20Grill%26Drink%20-%20Alborada&query_place_id=ChIJ29SWqfFtLZARa8WA4iIGzr0",
"090509 Guayaquil, Ecuador","Restaurante","Restaurante","13676875865269519723","Guayaquil","EC","0x902d6df1a996d4db:0xbdce0622e280c56b",,"https://lh3.googleusercontent.com/gps-cs-s/AHRPTWnKUT7j8DXMVSe53pzbJl3CFfNDuEm9zljfvSuYIKrPFcEqIJod38gRQWhMyZiIWqd0rOe8pKtahHG2fjWFOtAmkbY6jlw0_irNRCAImjYSuBg2dZVczJYo7ueHW7OnZODMTOn2IA=w408-h725-k-no","false","true","/g/11h766fq7s","es-419","0","-2.1367108","-79.9020534",,"Alborada Este",,"false","ChIJ29SWqfFtLZARa8WA4iIGzr0","090509","$10-20","Hace 2 meses","2026-05-30T22:12:49.209Z",,,,,,"Es un poco difícil encontrar estacionamiento",,,"Ruido moderado",,,,"$10-15",,"3 o 4 personas","Sin espera",,,,,,,"Ci9DQUlRQUNvZENodHljRjlvT2pWQmQzWnBibXhaVFRnNWMxVlVSRlU1YkdSalJWRRAB",,,,,,,,,,,,,"Google",,,"2",,,"2716","2026-08-08T16:42:14.542Z","Direct Detail URL: https://www.google.com/maps/place/Rukito+Grill%26Drink+-+Alborada/@-2.1347917,-79.9223432,12.98z/data=!4m10!1m2!2m1!1srukito!3m6!1s0x902d6df1a996d4db:0xbdce0622e280c56b!8m2!3d-2.1367108!4d-79.9020534!15sCgZydWtpdG9aCCIGcnVraXRvkgEKcmVzdGF1cmFudOABAA!16s%2Fg%2F11h766fq7s?entry=ttu&g_ep=EgoyMDI2MDgwNS4xIKXMDSoASAFQAw%3D%3D","5",,,"false",,,"Rukito Grill&Drink - Alborada","4.5",,"https://www.google.com/maps/search/?api=1&query=Rukito%20Grill%26Drink%20-%20Alborada&query_place_id=ChIJ29SWqfFtLZARa8WA4iIGzr0",
"090509 Guayaquil, Ecuador","Restaurante","Restaurante","13676875865269519723","Guayaquil","EC","0x902d6df1a996d4db:0xbdce0622e280c56b",,"https://lh3.googleusercontent.com/gps-cs-s/AHRPTWnKUT7j8DXMVSe53pzbJl3CFfNDuEm9zljfvSuYIKrPFcEqIJod38gRQWhMyZiIWqd0rOe8pKtahHG2fjWFOtAmkbY6jlw0_irNRCAImjYSuBg2dZVczJYo7ueHW7OnZODMTOn2IA=w408-h725-k-no","false","true","/g/11h766fq7s","es-419","0","-2.1367108","-79.9020534",,"Alborada Este",,"false","ChIJ29SWqfFtLZARa8WA4iIGzr0","090509","$10-20","Hace 2 meses","2026-05-30T12:51:36.081Z",,,,,,,,,,,,,,,,,,,,,,,"Ci9DQUlRQUNvZENodHljRjlvT25jelZsZDFSRTFvWmpObVNXeGFUVVZpTmpjNWNHYxAB",,,,,,,,,,,,,"Google",,,"21",,,"2716","2026-08-08T16:42:14.542Z","Direct Detail URL: https://www.google.com/maps/place/Rukito+Grill%26Drink+-+Alborada/@-2.1347917,-79.9223432,12.98z/data=!4m10!1m2!2m1!1srukito!3m6!1s0x902d6df1a996d4db:0xbdce0622e280c56b!8m2!3d-2.1367108!4d-79.9020534!15sCgZydWtpdG9aCCIGcnVraXRvkgEKcmVzdGF1cmFudOABAA!16s%2Fg%2F11h766fq7s?entry=ttu&g_ep=EgoyMDI2MDgwNS4xIKXMDSoASAFQAw%3D%3D","1",,,"false",,,"Rukito Grill&Drink - Alborada","4.5",,"https://www.google.com/maps/search/?api=1&query=Rukito%20Grill%26Drink%20-%20Alborada&query_place_id=ChIJ29SWqfFtLZARa8WA4iIGzr0",
"090509 Guayaquil, Ecuador","Restaurante","Restaurante","13676875865269519723","Guayaquil","EC","0x902d6df1a996d4db:0xbdce0622e280c56b",,"https://lh3.googleusercontent.com/gps-cs-s/AHRPTWnKUT7j8DXMVSe53pzbJl3CFfNDuEm9zljfvSuYIKrPFcEqIJod38gRQWhMyZiIWqd0rOe8pKtahHG2fjWFOtAmkbY6jlw0_irNRCAImjYSuBg2dZVczJYo7ueHW7OnZODMTOn2IA=w408-h725-k-no","false","true","/g/11h766fq7s","es-419","0","-2.1367108","-79.9020534",,"Alborada Este","es","false","ChIJ29SWqfFtLZARa8WA4iIGzr0","090509","$10-20","Hace 2 meses","2026-05-29T02:25:30.807Z",,,,,,,,,,,,,"$10-15","No se requiere hacer una reserva",,,"Comedor cubierto, Área de bar",,,"5","5","5","Ci9DQUlRQUNvZENodHljRjlvT21selVsRkZkRTFLUmtKTlRYY3dMVVZyVW05UFExRRAB",,,,,,,,,,,,,"Google",,,"7",,,"2716","2026-08-08T16:42:14.542Z","Direct Detail URL: https://www.google.com/maps/place/Rukito+Grill%26Drink+-+Alborada/@-2.1347917,-79.9223432,12.98z/data=!4m10!1m2!2m1!1srukito!3m6!1s0x902d6df1a996d4db:0xbdce0622e280c56b!8m2!3d-2.1367108!4d-79.9020534!15sCgZydWtpdG9aCCIGcnVraXRvkgEKcmVzdGF1cmFudOABAA!16s%2Fg%2F11h766fq7s?entry=ttu&g_ep=EgoyMDI2MDgwNS4xIKXMDSoASAFQAw%3D%3D","5",,,"false","10 de 10 calidad en todo lo q ofrecen",,"Rukito Grill&Drink - Alborada","4.5",,"https://www.google.com/maps/search/?api=1&query=Rukito%20Grill%26Drink%20-%20Alborada&query_place_id=ChIJ29SWqfFtLZARa8WA4iIGzr0",
"090509 Guayaquil, Ecuador","Restaurante","Restaurante","13676875865269519723","Guayaquil","EC","0x902d6df1a996d4db:0xbdce0622e280c56b",,"https://lh3.googleusercontent.com/gps-cs-s/AHRPTWnKUT7j8DXMVSe53pzbJl3CFfNDuEm9zljfvSuYIKrPFcEqIJod38gRQWhMyZiIWqd0rOe8pKtahHG2fjWFOtAmkbY6jlw0_irNRCAImjYSuBg2dZVczJYo7ueHW7OnZODMTOn2IA=w408-h725-k-no","false","true","/g/11h766fq7s","es-419","0","-2.1367108","-79.9020534",,"Alborada Este","es","false","ChIJ29SWqfFtLZARa8WA4iIGzr0","090509","$10-20","Hace 2 meses","2026-05-27T00:37:17.324Z",,,,,,,,,,,,,"Más de $50","No lo sé",,,,,,"1","1","1","Ci9DQUlRQUNvZENodHljRjlvT25kWGVYaGFXbFZtUWtSWVNucERSbDlGU0VWdWJXYxAB",,,,,,,,,,,,,"Google",,,"133",,,"2716","2026-08-08T16:42:14.542Z","Direct Detail URL: https://www.google.com/maps/place/Rukito+Grill%26Drink+-+Alborada/@-2.1347917,-79.9223432,12.98z/data=!4m10!1m2!2m1!1srukito!3m6!1s0x902d6df1a996d4db:0xbdce0622e280c56b!8m2!3d-2.1367108!4d-79.9020534!15sCgZydWtpdG9aCCIGcnVraXRvkgEKcmVzdGF1cmFudOABAA!16s%2Fg%2F11h766fq7s?entry=ttu&g_ep=EgoyMDI2MDgwNS4xIKXMDSoASAFQAw%3D%3D","1",,,"false","Pesimo el servicio a domicilio mas de una esperando para que me diga que no pudo tomar mi orden",,"Rukito Grill&Drink - Alborada","4.5",,"https://www.google.com/maps/search/?api=1&query=Rukito%20Grill%26Drink%20-%20Alborada&query_place_id=ChIJ29SWqfFtLZARa8WA4iIGzr0",
"090509 Guayaquil, Ecuador","Restaurante","Restaurante","13676875865269519723","Guayaquil","EC","0x902d6df1a996d4db:0xbdce0622e280c56b",,"https://lh3.googleusercontent.com/gps-cs-s/AHRPTWnKUT7j8DXMVSe53pzbJl3CFfNDuEm9zljfvSuYIKrPFcEqIJod38gRQWhMyZiIWqd0rOe8pKtahHG2fjWFOtAmkbY6jlw0_irNRCAImjYSuBg2dZVczJYo7ueHW7OnZODMTOn2IA=w408-h725-k-no","false","true","/g/11h766fq7s","es-419","0","-2.1367108","-79.9020534",,"Alborada Este","es","false","ChIJ29SWqfFtLZARa8WA4iIGzr0","090509","$10-20","Hace 2 meses","2026-05-26T15:13:27.616Z",,,,,,,,,,,,,,,,,,,,"4","4","4","Ci9DQUlRQUNvZENodHljRjlvT25CU2JqUjBTMWxRYlZwNU5UQjFaMjFJU2xocVEyYxAB",,,,,,,,,,,,,"Google",,,"55",,,"2716","2026-08-08T16:42:14.542Z","Direct Detail URL: https://www.google.com/maps/place/Rukito+Grill%26Drink+-+Alborada/@-2.1347917,-79.9223432,12.98z/data=!4m10!1m2!2m1!1srukito!3m6!1s0x902d6df1a996d4db:0xbdce0622e280c56b!8m2!3d-2.1367108!4d-79.9020534!15sCgZydWtpdG9aCCIGcnVraXRvkgEKcmVzdGF1cmFudOABAA!16s%2Fg%2F11h766fq7s?entry=ttu&g_ep=EgoyMDI2MDgwNS4xIKXMDSoASAFQAw%3D%3D","4",,,"false","Comida buena ... Para corregir: se demoraron demasiado en llevar la cuenta, a pesar que no había demasiada gente en el local de la alborada.",,"Rukito Grill&Drink - Alborada","4.5",,"https://www.google.com/maps/search/?api=1&query=Rukito%20Grill%26Drink%20-%20Alborada&query_place_id=ChIJ29SWqfFtLZARa8WA4iIGzr0",
"090509 Guayaquil, Ecuador","Restaurante","Restaurante","13676875865269519723","Guayaquil","EC","0x902d6df1a996d4db:0xbdce0622e280c56b",,"https://lh3.googleusercontent.com/gps-cs-s/AHRPTWnKUT7j8DXMVSe53pzbJl3CFfNDuEm9zljfvSuYIKrPFcEqIJod38gRQWhMyZiIWqd0rOe8pKtahHG2fjWFOtAmkbY6jlw0_irNRCAImjYSuBg2dZVczJYo7ueHW7OnZODMTOn2IA=w408-h725-k-no","false","true","/g/11h766fq7s","es-419","0","-2.1367108","-79.9020534",,"Alborada Este",,"false","ChIJ29SWqfFtLZARa8WA4iIGzr0","090509","$10-20","Hace 2 meses","2026-05-24T21:43:39.129Z",,,,,,,,,"Silencioso, agradable para conversar",,,,"$20-25",,"2 personas, 3 o 4 personas","Sin espera",,,,"5","5","4","Ci9DQUlRQUNvZENodHljRjlvT25vdFJWOUVjMlJpWVMxRmFrNUhUMGxPTkdoRFdXYxAB",,,,,,,,,,,,,"Google",,,"23",,,"2716","2026-08-08T16:42:14.542Z","Direct Detail URL: https://www.google.com/maps/place/Rukito+Grill%26Drink+-+Alborada/@-2.1347917,-79.9223432,12.98z/data=!4m10!1m2!2m1!1srukito!3m6!1s0x902d6df1a996d4db:0xbdce0622e280c56b!8m2!3d-2.1367108!4d-79.9020534!15sCgZydWtpdG9aCCIGcnVraXRvkgEKcmVzdGF1cmFudOABAA!16s%2Fg%2F11h766fq7s?entry=ttu&g_ep=EgoyMDI2MDgwNS4xIKXMDSoASAFQAw%3D%3D","5",,,"false",,,"Rukito Grill&Drink - Alborada","4.5",,"https://www.google.com/maps/search/?api=1&query=Rukito%20Grill%26Drink%20-%20Alborada&query_place_id=ChIJ29SWqfFtLZARa8WA4iIGzr0",
"090509 Guayaquil, Ecuador","Restaurante","Restaurante","13676875865269519723","Guayaquil","EC","0x902d6df1a996d4db:0xbdce0622e280c56b",,"https://lh3.googleusercontent.com/gps-cs-s/AHRPTWnKUT7j8DXMVSe53pzbJl3CFfNDuEm9zljfvSuYIKrPFcEqIJod38gRQWhMyZiIWqd0rOe8pKtahHG2fjWFOtAmkbY6jlw0_irNRCAImjYSuBg2dZVczJYo7ueHW7OnZODMTOn2IA=w408-h725-k-no","false","false","/g/11h766fq7s","es-419","0","-2.1367108","-79.9020534",,"Alborada Este","es","false","ChIJ29SWqfFtLZARa8WA4iIGzr0","090509","$10-20","Hace 2 meses","2026-05-24T01:23:22.049Z",,,,,,,,,"Silencioso, agradable para conversar",,,,"$10-15",,"Apto para grupos de todos los tamaños","Sin espera",,,,"5","5","5","Ci9DQUlRQUNvZENodHljRjlvT2tod1luVlZZbDlrY2tkVmNEWXRWakZGWkRNMk5IYxAB",,,,,,,,,,,,,"Google",,,"3",,,"2716","2026-08-08T16:42:14.542Z","Direct Detail URL: https://www.google.com/maps/place/Rukito+Grill%26Drink+-+Alborada/@-2.1347917,-79.9223432,12.98z/data=!4m10!1m2!2m1!1srukito!3m6!1s0x902d6df1a996d4db:0xbdce0622e280c56b!8m2!3d-2.1367108!4d-79.9020534!15sCgZydWtpdG9aCCIGcnVraXRvkgEKcmVzdGF1cmFudOABAA!16s%2Fg%2F11h766fq7s?entry=ttu&g_ep=EgoyMDI2MDgwNS4xIKXMDSoASAFQAw%3D%3D","5",,,"false","Super bueno y atención de primera",,"Rukito Grill&Drink - Alborada","4.5",,"https://www.google.com/maps/search/?api=1&query=Rukito%20Grill%26Drink%20-%20Alborada&query_place_id=ChIJ29SWqfFtLZARa8WA4iIGzr0",
"090509 Guayaquil, Ecuador","Restaurante","Restaurante","13676875865269519723","Guayaquil","EC","0x902d6df1a996d4db:0xbdce0622e280c56b",,"https://lh3.googleusercontent.com/gps-cs-s/AHRPTWnKUT7j8DXMVSe53pzbJl3CFfNDuEm9zljfvSuYIKrPFcEqIJod38gRQWhMyZiIWqd0rOe8pKtahHG2fjWFOtAmkbY6jlw0_irNRCAImjYSuBg2dZVczJYo7ueHW7OnZODMTOn2IA=w408-h725-k-no","false","false","/g/11h766fq7s","es-419","0","-2.1367108","-79.9020534",,"Alborada Este","es","false","ChIJ29SWqfFtLZARa8WA4iIGzr0","090509","$10-20","Hace 2 meses","2026-05-23T20:37:28.149Z",,,,,,,,,"Ruido moderado",,,,"$15-20",,"2 personas","De 10 a 30 min",,,,"5","4","4","Ci9DQUlRQUNvZENodHljRjlvT2pSb2NuZEdka1ZMVDJFMWFXVTROM04wYURKU1dXYxAB",,,,,,,,,,,,,"Google",,,"5",,,"2716","2026-08-08T16:42:14.542Z","Direct Detail URL: https://www.google.com/maps/place/Rukito+Grill%26Drink+-+Alborada/@-2.1347917,-79.9223432,12.98z/data=!4m10!1m2!2m1!1srukito!3m6!1s0x902d6df1a996d4db:0xbdce0622e280c56b!8m2!3d-2.1367108!4d-79.9020534!15sCgZydWtpdG9aCCIGcnVraXRvkgEKcmVzdGF1cmFudOABAA!16s%2Fg%2F11h766fq7s?entry=ttu&g_ep=EgoyMDI2MDgwNS4xIKXMDSoASAFQAw%3D%3D","4",,,"false","Comida rica, y un servicio bueno",,"Rukito Grill&Drink - Alborada","4.5",,"https://www.google.com/maps/search/?api=1&query=Rukito%20Grill%26Drink%20-%20Alborada&query_place_id=ChIJ29SWqfFtLZARa8WA4iIGzr0",
"090509 Guayaquil, Ecuador","Restaurante","Restaurante","13676875865269519723","Guayaquil","EC","0x902d6df1a996d4db:0xbdce0622e280c56b",,"https://lh3.googleusercontent.com/gps-cs-s/AHRPTWnKUT7j8DXMVSe53pzbJl3CFfNDuEm9zljfvSuYIKrPFcEqIJod38gRQWhMyZiIWqd0rOe8pKtahHG2fjWFOtAmkbY6jlw0_irNRCAImjYSuBg2dZVczJYo7ueHW7OnZODMTOn2IA=w408-h725-k-no","false","false","/g/11h766fq7s","es-419","0","-2.1367108","-79.9020534",,"Alborada Este","es","false","ChIJ29SWqfFtLZARa8WA4iIGzr0","090509","$10-20","Hace 2 meses","2026-05-17T22:17:00.399Z",,,,,,,,,,,,,,,,,,,,"3","3","3","Ci9DQUlRQUNvZENodHljRjlvT2xaME5XRlNTV1kxTWtnNVRrNVRkazVMWVd3eGFXYxAB",,,,,,,,,,,,,"Google",,,"4",,,"2716","2026-08-08T16:42:14.542Z","Direct Detail URL: https://www.google.com/maps/place/Rukito+Grill%26Drink+-+Alborada/@-2.1347917,-79.9223432,12.98z/data=!4m10!1m2!2m1!1srukito!3m6!1s0x902d6df1a996d4db:0xbdce0622e280c56b!8m2!3d-2.1367108!4d-79.9020534!15sCgZydWtpdG9aCCIGcnVraXRvkgEKcmVzdGF1cmFudOABAA!16s%2Fg%2F11h766fq7s?entry=ttu&g_ep=EgoyMDI2MDgwNS4xIKXMDSoASAFQAw%3D%3D","4",,,"false","Pésima atención y la ensalada simple pedimos costillas",,"Rukito Grill&Drink - Alborada","4.5",,"https://www.google.com/maps/search/?api=1&query=Rukito%20Grill%26Drink%20-%20Alborada&query_place_id=ChIJ29SWqfFtLZARa8WA4iIGzr0",
"090509 Guayaquil, Ecuador","Restaurante","Restaurante","13676875865269519723","Guayaquil","EC","0x902d6df1a996d4db:0xbdce0622e280c56b",,"https://lh3.googleusercontent.com/gps-cs-s/AHRPTWnKUT7j8DXMVSe53pzbJl3CFfNDuEm9zljfvSuYIKrPFcEqIJod38gRQWhMyZiIWqd0rOe8pKtahHG2fjWFOtAmkbY6jlw0_irNRCAImjYSuBg2dZVczJYo7ueHW7OnZODMTOn2IA=w408-h725-k-no","false","true","/g/11h766fq7s","es-419","0","-2.1367108","-79.9020534",,"Alborada Este",,"false","ChIJ29SWqfFtLZARa8WA4iIGzr0","090509","$10-20","Hace 2 meses","2026-05-15T19:05:08.814Z",,,,,,,,,,,,,,,,,,,,"5","5","5","Ci9DQUlRQUNvZENodHljRjlvT25KdlkydEJMVjlMV0RsVFlVczJkRlpuUmxsM1ZFRRAB",,,,,,,,,,,,,"Google",,,"11",,,"2716","2026-08-08T16:42:14.542Z","Direct Detail URL: https://www.google.com/maps/place/Rukito+Grill%26Drink+-+Alborada/@-2.1347917,-79.9223432,12.98z/data=!4m10!1m2!2m1!1srukito!3m6!1s0x902d6df1a996d4db:0xbdce0622e280c56b!8m2!3d-2.1367108!4d-79.9020534!15sCgZydWtpdG9aCCIGcnVraXRvkgEKcmVzdGF1cmFudOABAA!16s%2Fg%2F11h766fq7s?entry=ttu&g_ep=EgoyMDI2MDgwNS4xIKXMDSoASAFQAw%3D%3D","5",,,"false",,,"Rukito Grill&Drink - Alborada","4.5",,"https://www.google.com/maps/search/?api=1&query=Rukito%20Grill%26Drink%20-%20Alborada&query_place_id=ChIJ29SWqfFtLZARa8WA4iIGzr0",
"090509 Guayaquil, Ecuador","Restaurante","Restaurante","13676875865269519723","Guayaquil","EC","0x902d6df1a996d4db:0xbdce0622e280c56b",,"https://lh3.googleusercontent.com/gps-cs-s/AHRPTWnKUT7j8DXMVSe53pzbJl3CFfNDuEm9zljfvSuYIKrPFcEqIJod38gRQWhMyZiIWqd0rOe8pKtahHG2fjWFOtAmkbY6jlw0_irNRCAImjYSuBg2dZVczJYo7ueHW7OnZODMTOn2IA=w408-h725-k-no","false","false","/g/11h766fq7s","es-419","0","-2.1367108","-79.9020534",,"Alborada Este",,"false","ChIJ29SWqfFtLZARa8WA4iIGzr0","090509","$10-20","Hace 2 meses","2026-05-13T00:16:35.028Z",,,,,,,,,,,,,,,,,,,,,,,"Ci9DQUlRQUNvZENodHljRjlvT25oV2FqVldaMHh5VDJKMVNuUk9abmxCYkVsUWVIYxAB",,,,,,,,,,,,,"Google",,,"1",,,"2716","2026-08-08T16:42:14.542Z","Direct Detail URL: https://www.google.com/maps/place/Rukito+Grill%26Drink+-+Alborada/@-2.1347917,-79.9223432,12.98z/data=!4m10!1m2!2m1!1srukito!3m6!1s0x902d6df1a996d4db:0xbdce0622e280c56b!8m2!3d-2.1367108!4d-79.9020534!15sCgZydWtpdG9aCCIGcnVraXRvkgEKcmVzdGF1cmFudOABAA!16s%2Fg%2F11h766fq7s?entry=ttu&g_ep=EgoyMDI2MDgwNS4xIKXMDSoASAFQAw%3D%3D","3",,,"false",,,"Rukito Grill&Drink - Alborada","4.5",,"https://www.google.com/maps/search/?api=1&query=Rukito%20Grill%26Drink%20-%20Alborada&query_place_id=ChIJ29SWqfFtLZARa8WA4iIGzr0",
"090509 Guayaquil, Ecuador","Restaurante","Restaurante","13676875865269519723","Guayaquil","EC","0x902d6df1a996d4db:0xbdce0622e280c56b",,"https://lh3.googleusercontent.com/gps-cs-s/AHRPTWnKUT7j8DXMVSe53pzbJl3CFfNDuEm9zljfvSuYIKrPFcEqIJod38gRQWhMyZiIWqd0rOe8pKtahHG2fjWFOtAmkbY6jlw0_irNRCAImjYSuBg2dZVczJYo7ueHW7OnZODMTOn2IA=w408-h725-k-no","false","true","/g/11h766fq7s","es-419","0","-2.1367108","-79.9020534",,"Alborada Este","es","false","ChIJ29SWqfFtLZARa8WA4iIGzr0","090509","$10-20","Hace 2 meses","2026-05-12T01:35:58.357Z",,,,,,,,,,,,,,,,,,"Almuerzo",,"5","5","5","Ci9DQUlRQUNvZENodHljRjlvT21KSVZHMVJVRTFTUzJVNFRrbzJhemc1Y1ZJeFQzYxAB","https://lh3.googleusercontent.com/grass-cs/ACvplmPV04n8mPDGTcqDbQxD5Tfb4Y8U4srkm4tRDY1wx30Nq7S-XFChGTNE4Xgg1GbwewLZwzNcQcu_j9-MGmQXJqqnshHNY-CUxHPF5mY7WwuDW5J2IjE-fLPhxpa5ebCtryevQsoqvAGUtVyr=k-no","https://lh3.googleusercontent.com/grass-cs/ACvplmN4wtE3AOINBsKXmaZx22Td4TcGuxBxcYiqR1I2V5aS8y2PggtDzzd9LiHxtTzid9TotVM5iXb9py0ECQh-OHjnljgv9gEPu09Prt8q1TKRzf-M0SGjQ6MR7zrGaewNEBqxxDbbGdxbKM8M=k-no","https://lh3.googleusercontent.com/grass-cs/ACvplmM-wiTy3ej5cWloFSdVVrnb9u4-6ozEBAfNPgweA8YnPIYO-FMKJ2SVe-klFQWoda2DECGGIQxXJx_DrqTx3Dd2kbaYMB_VZYJ7RLMMQlB4SJX9-IqCu0B98W-nttlPpbL6CHVMWFy9Y1W4=k-no","https://lh3.googleusercontent.com/grass-cs/ACvplmM9x6KIwLZagQOoVDmoUx3sKnEfNExMcdcYq3vZ0bwzHr2Oef121ULPtlsGeydE-NYx8b8B4dayQYeA8KnqJgPpyXQ0S4v6kzJMJamd48gRWm92dQmIaod12pIeCgLYNOU8ojuMzU-1saE=k-no","https://lh3.googleusercontent.com/grass-cs/ACvplmNYx4yGJx8eCwd0-b5JruvwMFfZdVAybAcLZsc749rDp3T-MUh9KNRJUhDKNhYvalw9FYB4P55z88IuWUKjbE1Azb5Wag0kudyGnsyX9VBxiZ_Q9eIKYTPZ5E-X_e4S3x3ySn2Ura3ktok=k-no","https://lh3.googleusercontent.com/grass-cs/ACvplmOuZouyn8iC64D_z6_5zKqmUiYZvN9P0c4GB1b3AUcC5Pv5WqgKdb0Qo1cQpPdRDH4ZFA-tFthEisNT95vLoEqdITNQJDpVEhDX_g0xRAHn1NMC915Detox8rzXITFfSGldfnCyyHWrabk=k-no","https://lh3.googleusercontent.com/grass-cs/ACvplmPaBQ2csE0slB2X19a8Fe5jLZxYobXGWceXEZnbSGkpNttEJ6Og6ZGnuMp5omY8zlSOLIe71Ah6Y2T1yThEkR2ymKaaKJtDaja9GFwcxWsSjcLjtXBUw2LGkHZkNxHNnAKeu-Va4MZQDnij=k-no","https://lh3.googleusercontent.com/grass-cs/ACvplmMha6d9uGDVsO6z8IBmEMamz_R_o17hfyM8PInuWckNw2C1hyu7Z4uKzwto14Hw5DEHed-H-B9gO_YJwI8vYaL6MBDpawqpX4KkeDXLU1pcrCN_1j6X23qZ-ioNSVBtqY_rqzcikMrWmISD=k-no","https://lh3.googleusercontent.com/grass-cs/ACvplmM0snGbCuUikyT_XctFoV2ygniNQTLNfRMgbb4NSBQ0bqUG4zUgf3-1Zdip2aF2jQiSmtgE9OnlMxuTg4G4IWL7X34UZMxy48xspb4Gg-stMgyuT4-LKXyosMb_Ed3Lrv4f7G6Zt_Xgkzcv=k-no",,,,"Google",,,"99",,,"2716","2026-08-08T16:42:14.542Z","Direct Detail URL: https://www.google.com/maps/place/Rukito+Grill%26Drink+-+Alborada/@-2.1347917,-79.9223432,12.98z/data=!4m10!1m2!2m1!1srukito!3m6!1s0x902d6df1a996d4db:0xbdce0622e280c56b!8m2!3d-2.1367108!4d-79.9020534!15sCgZydWtpdG9aCCIGcnVraXRvkgEKcmVzdGF1cmFudOABAA!16s%2Fg%2F11h766fq7s?entry=ttu&g_ep=EgoyMDI2MDgwNS4xIKXMDSoASAFQAw%3D%3D","5",,,"false","No me importó esperar , valió la pena como siempre 👏🤝",,"Rukito Grill&Drink - Alborada","4.5",,"https://www.google.com/maps/search/?api=1&query=Rukito%20Grill%26Drink%20-%20Alborada&query_place_id=ChIJ29SWqfFtLZARa8WA4iIGzr0",
"090509 Guayaquil, Ecuador","Restaurante","Restaurante","13676875865269519723","Guayaquil","EC","0x902d6df1a996d4db:0xbdce0622e280c56b",,"https://lh3.googleusercontent.com/gps-cs-s/AHRPTWnKUT7j8DXMVSe53pzbJl3CFfNDuEm9zljfvSuYIKrPFcEqIJod38gRQWhMyZiIWqd0rOe8pKtahHG2fjWFOtAmkbY6jlw0_irNRCAImjYSuBg2dZVczJYo7ueHW7OnZODMTOn2IA=w408-h725-k-no","false","false","/g/11h766fq7s","es-419","0","-2.1367108","-79.9020534",,"Alborada Este",,"false","ChIJ29SWqfFtLZARa8WA4iIGzr0","090509","$10-20","Hace 2 meses","2026-05-11T18:03:10.503Z",,,,,,,,,,,,,,,,,,,,"5","5","5","Ci9DQUlRQUNvZENodHljRjlvT2pGbFNYQlJiVFJsZFhGbVZYZEhjVEV5WkVGalozYxAB",,,,,,,,,,,,,"Google",,,"0",,,"2716","2026-08-08T16:42:14.542Z","Direct Detail URL: https://www.google.com/maps/place/Rukito+Grill%26Drink+-+Alborada/@-2.1347917,-79.9223432,12.98z/data=!4m10!1m2!2m1!1srukito!3m6!1s0x902d6df1a996d4db:0xbdce0622e280c56b!8m2!3d-2.1367108!4d-79.9020534!15sCgZydWtpdG9aCCIGcnVraXRvkgEKcmVzdGF1cmFudOABAA!16s%2Fg%2F11h766fq7s?entry=ttu&g_ep=EgoyMDI2MDgwNS4xIKXMDSoASAFQAw%3D%3D","5",,,"false",,,"Rukito Grill&Drink - Alborada","4.5",,"https://www.google.com/maps/search/?api=1&query=Rukito%20Grill%26Drink%20-%20Alborada&query_place_id=ChIJ29SWqfFtLZARa8WA4iIGzr0",
"090509 Guayaquil, Ecuador","Restaurante","Restaurante","13676875865269519723","Guayaquil","EC","0x902d6df1a996d4db:0xbdce0622e280c56b",,"https://lh3.googleusercontent.com/gps-cs-s/AHRPTWnKUT7j8DXMVSe53pzbJl3CFfNDuEm9zljfvSuYIKrPFcEqIJod38gRQWhMyZiIWqd0rOe8pKtahHG2fjWFOtAmkbY6jlw0_irNRCAImjYSuBg2dZVczJYo7ueHW7OnZODMTOn2IA=w408-h725-k-no","false","true","/g/11h766fq7s","es-419","0","-2.1367108","-79.9020534",,"Alborada Este",,"false","ChIJ29SWqfFtLZARa8WA4iIGzr0","090509","$10-20","Hace 2 meses","2026-05-10T04:45:03.720Z",,,,,,,,"Ningún evento especial","Ruido moderado",,,,"$10-15",,,,"Comedor cubierto, Asientos en la barra",,,"3","5","5","Ci9DQUlRQUNvZENodHljRjlvT25kTmVtMWZhWE55YlV0QlFYbDFjQzFvVVZwaE5YYxAB",,,,,,,,,,,,,"Google",,,"21",,,"2716","2026-08-08T16:42:14.542Z","Direct Detail URL: https://www.google.com/maps/place/Rukito+Grill%26Drink+-+Alborada/@-2.1347917,-79.9223432,12.98z/data=!4m10!1m2!2m1!1srukito!3m6!1s0x902d6df1a996d4db:0xbdce0622e280c56b!8m2!3d-2.1367108!4d-79.9020534!15sCgZydWtpdG9aCCIGcnVraXRvkgEKcmVzdGF1cmFudOABAA!16s%2Fg%2F11h766fq7s?entry=ttu&g_ep=EgoyMDI2MDgwNS4xIKXMDSoASAFQAw%3D%3D","5",,,"false",,,"Rukito Grill&Drink - Alborada","4.5",,"https://www.google.com/maps/search/?api=1&query=Rukito%20Grill%26Drink%20-%20Alborada&query_place_id=ChIJ29SWqfFtLZARa8WA4iIGzr0",
"090509 Guayaquil, Ecuador","Restaurante","Restaurante","13676875865269519723","Guayaquil","EC","0x902d6df1a996d4db:0xbdce0622e280c56b",,"https://lh3.googleusercontent.com/gps-cs-s/AHRPTWnKUT7j8DXMVSe53pzbJl3CFfNDuEm9zljfvSuYIKrPFcEqIJod38gRQWhMyZiIWqd0rOe8pKtahHG2fjWFOtAmkbY6jlw0_irNRCAImjYSuBg2dZVczJYo7ueHW7OnZODMTOn2IA=w408-h725-k-no","false","false","/g/11h766fq7s","es-419","0","-2.1367108","-79.9020534",,"Alborada Este","es","false","ChIJ29SWqfFtLZARa8WA4iIGzr0","090509","$10-20","Hace 2 meses","2026-05-09T23:34:11.977Z",,,,,,,,"Ningún evento especial","Ruidoso, pero se puede hablar","El estacionamiento no está disponible",,,"$25-30",,,,"Comedor cubierto",,,"5","4","2","Ci9DQUlRQUNvZENodHljRjlvT21NNVUwdzRiMkkwWkd0cmNuSTVORVZWYjNGRWIyYxAB",,,,,,,,,,,,,"Google",,,"6",,,"2716","2026-08-08T16:42:14.542Z","Direct Detail URL: https://www.google.com/maps/place/Rukito+Grill%26Drink+-+Alborada/@-2.1347917,-79.9223432,12.98z/data=!4m10!1m2!2m1!1srukito!3m6!1s0x902d6df1a996d4db:0xbdce0622e280c56b!8m2!3d-2.1367108!4d-79.9020534!15sCgZydWtpdG9aCCIGcnVraXRvkgEKcmVzdGF1cmFudOABAA!16s%2Fg%2F11h766fq7s?entry=ttu&g_ep=EgoyMDI2MDgwNS4xIKXMDSoASAFQAw%3D%3D","3",,,"false","Hemos ido al local por la recomendación de unos amigos.
Después de 30 minutos de espera en la calle a las 9PM hemos ingresado al local *a 2 horas del toque de queda* Pedimos 4 platos. Después de 15 minutos el camarero se volvió a la mesa para decir que la orden no se ha registrado y nos volvió pedir el pedido. 1 hora después empezaron a salir de plato en plato (10:15PM dejando 45 minutos para las 11PM) hemos comido lo que venía a la mesa pero siendo las 10:30PM aún no salían las guarniciones que en la salida hemos pedido para llevar porque venía el toque de queda ..
La comida bien..
El camarero que nos atendió se debería dedicarse a otro trabajo y que aprenda a decir unas palabras como Perdón, me equivoque, gracias o algo parecido..",,"Rukito Grill&Drink - Alborada","4.5",,"https://www.google.com/maps/search/?api=1&query=Rukito%20Grill%26Drink%20-%20Alborada&query_place_id=ChIJ29SWqfFtLZARa8WA4iIGzr0",
"090509 Guayaquil, Ecuador","Restaurante","Restaurante","13676875865269519723","Guayaquil","EC","0x902d6df1a996d4db:0xbdce0622e280c56b",,"https://lh3.googleusercontent.com/gps-cs-s/AHRPTWnKUT7j8DXMVSe53pzbJl3CFfNDuEm9zljfvSuYIKrPFcEqIJod38gRQWhMyZiIWqd0rOe8pKtahHG2fjWFOtAmkbY6jlw0_irNRCAImjYSuBg2dZVczJYo7ueHW7OnZODMTOn2IA=w408-h725-k-no","false","true","/g/11h766fq7s","es-419","0","-2.1367108","-79.9020534",,"Alborada Este","es","false","ChIJ29SWqfFtLZARa8WA4iIGzr0","090509","$10-20","Hace 2 meses","2026-05-09T22:09:51.594Z",,,,,,,,,"Ruido moderado",,,,"$35-40",,,,,,,"3","3","4","Ci9DQUlRQUNvZENodHljRjlvT2xKQk1EbGxNbFZhUm1SVldrcDVXRXBCYjBRM01HYxAB",,,,,,,,,,,,,"Google",,,"33",,,"2716","2026-08-08T16:42:14.542Z","Direct Detail URL: https://www.google.com/maps/place/Rukito+Grill%26Drink+-+Alborada/@-2.1347917,-79.9223432,12.98z/data=!4m10!1m2!2m1!1srukito!3m6!1s0x902d6df1a996d4db:0xbdce0622e280c56b!8m2!3d-2.1367108!4d-79.9020534!15sCgZydWtpdG9aCCIGcnVraXRvkgEKcmVzdGF1cmFudOABAA!16s%2Fg%2F11h766fq7s?entry=ttu&g_ep=EgoyMDI2MDgwNS4xIKXMDSoASAFQAw%3D%3D","3",,,"false","La carne muy suave, como a uno le gusta, pero sin sabor, la faltaba sal... La gaseosa al clima con hielo no sabe bien, la atención buena.",,"Rukito Grill&Drink - Alborada","4.5",,"https://www.google.com/maps/search/?api=1&query=Rukito%20Grill%26Drink%20-%20Alborada&query_place_id=ChIJ29SWqfFtLZARa8WA4iIGzr0",
"090509 Guayaquil, Ecuador","Restaurante","Restaurante","13676875865269519723","Guayaquil","EC","0x902d6df1a996d4db:0xbdce0622e280c56b",,"https://lh3.googleusercontent.com/gps-cs-s/AHRPTWnKUT7j8DXMVSe53pzbJl3CFfNDuEm9zljfvSuYIKrPFcEqIJod38gRQWhMyZiIWqd0rOe8pKtahHG2fjWFOtAmkbY6jlw0_irNRCAImjYSuBg2dZVczJYo7ueHW7OnZODMTOn2IA=w408-h725-k-no","false","false","/g/11h766fq7s","es-419","0","-2.1367108","-79.9020534",,"Alborada Este",,"false","ChIJ29SWqfFtLZARa8WA4iIGzr0","090509","$10-20","Hace 2 meses","2026-05-09T19:34:10.843Z",,,,,,,,,"Ruido moderado",,,,"$20-25",,,,"Comedor cubierto, Comedor privado",,,"5","5","5","Ci9DQUlRQUNvZENodHljRjlvT2w5UFlVWlJUR1Y1ZEd4Q1lqZE1URTlaZGtKbFVrRRAB",,,,,,,,,,,,,"Google",,,"2",,,"2716","2026-08-08T16:42:14.542Z","Direct Detail URL: https://www.google.com/maps/place/Rukito+Grill%26Drink+-+Alborada/@-2.1347917,-79.9223432,12.98z/data=!4m10!1m2!2m1!1srukito!3m6!1s0x902d6df1a996d4db:0xbdce0622e280c56b!8m2!3d-2.1367108!4d-79.9020534!15sCgZydWtpdG9aCCIGcnVraXRvkgEKcmVzdGF1cmFudOABAA!16s%2Fg%2F11h766fq7s?entry=ttu&g_ep=EgoyMDI2MDgwNS4xIKXMDSoASAFQAw%3D%3D","5",,,"false",,,"Rukito Grill&Drink - Alborada","4.5",,"https://www.google.com/maps/search/?api=1&query=Rukito%20Grill%26Drink%20-%20Alborada&query_place_id=ChIJ29SWqfFtLZARa8WA4iIGzr0",
"090509 Guayaquil, Ecuador","Restaurante","Restaurante","13676875865269519723","Guayaquil","EC","0x902d6df1a996d4db:0xbdce0622e280c56b",,"https://lh3.googleusercontent.com/gps-cs-s/AHRPTWnKUT7j8DXMVSe53pzbJl3CFfNDuEm9zljfvSuYIKrPFcEqIJod38gRQWhMyZiIWqd0rOe8pKtahHG2fjWFOtAmkbY6jlw0_irNRCAImjYSuBg2dZVczJYo7ueHW7OnZODMTOn2IA=w408-h725-k-no","false","true","/g/11h766fq7s","es-419","0","-2.1367108","-79.9020534",,"Alborada Este","es","false","ChIJ29SWqfFtLZARa8WA4iIGzr0","090509","$10-20","Hace 2 meses","2026-05-09T15:58:15.729Z",,,,,,,,,"Ruido moderado",,,,"$10-15",,,,"Comedor cubierto",,,"5","5","5","Ci9DQUlRQUNvZENodHljRjlvT21rNFpVOXFPR0YxWXpSaGJUSnNWbk5vTWxJdFQwRRAB","https://lh3.googleusercontent.com/grass-cs/ACvplmMiOwXxtIfF80z8QtRJ8rxKgh770z6Z5iBy-BaFd9eYnT942-piqmkUyfpZjj6KZRIGhpF37dfQrsbCZU89T_sHIE4-4VnOct0DMUC-OHNe_dY9iOvcWZEHeylzAQQPcQ9GAkMAEiMBRfej=k-no",,,,,,,,,,,,"Google",,,"56",,,"2716","2026-08-08T16:42:14.542Z","Direct Detail URL: https://www.google.com/maps/place/Rukito+Grill%26Drink+-+Alborada/@-2.1347917,-79.9223432,12.98z/data=!4m10!1m2!2m1!1srukito!3m6!1s0x902d6df1a996d4db:0xbdce0622e280c56b!8m2!3d-2.1367108!4d-79.9020534!15sCgZydWtpdG9aCCIGcnVraXRvkgEKcmVzdGF1cmFudOABAA!16s%2Fg%2F11h766fq7s?entry=ttu&g_ep=EgoyMDI2MDgwNS4xIKXMDSoASAFQAw%3D%3D","5",,,"false","Perfecto en todos los aspectos personal educado cordial estuvo llobe para sacarse fotos y lo mejor en asados que puedes encontrar",,"Rukito Grill&Drink - Alborada","4.5",,"https://www.google.com/maps/search/?api=1&query=Rukito%20Grill%26Drink%20-%20Alborada&query_place_id=ChIJ29SWqfFtLZARa8WA4iIGzr0",
"090509 Guayaquil, Ecuador","Restaurante","Restaurante","13676875865269519723","Guayaquil","EC","0x902d6df1a996d4db:0xbdce0622e280c56b",,"https://lh3.googleusercontent.com/gps-cs-s/AHRPTWnKUT7j8DXMVSe53pzbJl3CFfNDuEm9zljfvSuYIKrPFcEqIJod38gRQWhMyZiIWqd0rOe8pKtahHG2fjWFOtAmkbY6jlw0_irNRCAImjYSuBg2dZVczJYo7ueHW7OnZODMTOn2IA=w408-h725-k-no","false","false","/g/11h766fq7s","es-419","0","-2.1367108","-79.9020534",,"Alborada Este","es","false","ChIJ29SWqfFtLZARa8WA4iIGzr0","090509","$10-20","Hace 3 meses","2026-05-05T02:26:46.531Z",,,,,,,,,,,,,,,"2 personas","Más de 1 hora",,,,"2","5","1","Ci9DQUlRQUNvZENodHljRjlvT21oUU9GQjBSMnBtVkY5WGEzcE9NVzFhZVVKek4zYxAB",,,,,,,,,,,,,"Google",,,"1",,,"2716","2026-08-08T16:42:14.542Z","Direct Detail URL: https://www.google.com/maps/place/Rukito+Grill%26Drink+-+Alborada/@-2.1347917,-79.9223432,12.98z/data=!4m10!1m2!2m1!1srukito!3m6!1s0x902d6df1a996d4db:0xbdce0622e280c56b!8m2!3d-2.1367108!4d-79.9020534!15sCgZydWtpdG9aCCIGcnVraXRvkgEKcmVzdGF1cmFudOABAA!16s%2Fg%2F11h766fq7s?entry=ttu&g_ep=EgoyMDI2MDgwNS4xIKXMDSoASAFQAw%3D%3D","2",,,"false","Fui hoy a consumir al local de alborada, se el tiempo que se demoran y así mismo los meseros te indican cuánto va a demorar pero está vez fue diferente. Entre a las 20:00 y recién 21:00 me dan la comida; en ningún momento me dijeron que se iba a demorar. Tenía hambre y ya me quería ir pero mi acompañante me dijo que ya estaban apurando a cocina, apurar que? El pedido que ya debía estar incluso ya terminado por nosotros. Pedí hablar con el súpervisor y cuando me encuentro en situaciones de enojo suelo llorar y le empiezo a explicar al supervisor y me dice que no debo llorar que por qué lloro, le explicó que es algo de mis emociones y solo me dice que nos dará la cena gratis, no buscaba la cena gratis, buscaba un lugar agradable donde merendar. No es mi primera vez comiendo en rukito, me encanta pero por la forma en como se manejo el servicio hoy no creo volver.",,"Rukito Grill&Drink - Alborada","4.5",,"https://www.google.com/maps/search/?api=1&query=Rukito%20Grill%26Drink%20-%20Alborada&query_place_id=ChIJ29SWqfFtLZARa8WA4iIGzr0",
"090509 Guayaquil, Ecuador","Restaurante","Restaurante","13676875865269519723","Guayaquil","EC","0x902d6df1a996d4db:0xbdce0622e280c56b",,"https://lh3.googleusercontent.com/gps-cs-s/AHRPTWnKUT7j8DXMVSe53pzbJl3CFfNDuEm9zljfvSuYIKrPFcEqIJod38gRQWhMyZiIWqd0rOe8pKtahHG2fjWFOtAmkbY6jlw0_irNRCAImjYSuBg2dZVczJYo7ueHW7OnZODMTOn2IA=w408-h725-k-no","false","true","/g/11h766fq7s","es-419","0","-2.1367108","-79.9020534",,"Alborada Este",,"false","ChIJ29SWqfFtLZARa8WA4iIGzr0","090509","$10-20","Hace 3 meses","2026-05-03T22:16:13.528Z",,,,,,,,,,,,,"$15-20",,"Más de 9 personas","De 10 a 30 min",,,,,,,"Ci9DQUlRQUNvZENodHljRjlvT21kS2EyeE9jVVoxUXpOaUxWcDNWWEpDTkZWRWJtYxAB",,,,,,,,,,,,,"Google",,,"34",,,"2716","2026-08-08T16:42:14.542Z","Direct Detail URL: https://www.google.com/maps/place/Rukito+Grill%26Drink+-+Alborada/@-2.1347917,-79.9223432,12.98z/data=!4m10!1m2!2m1!1srukito!3m6!1s0x902d6df1a996d4db:0xbdce0622e280c56b!8m2!3d-2.1367108!4d-79.9020534!15sCgZydWtpdG9aCCIGcnVraXRvkgEKcmVzdGF1cmFudOABAA!16s%2Fg%2F11h766fq7s?entry=ttu&g_ep=EgoyMDI2MDgwNS4xIKXMDSoASAFQAw%3D%3D","4",,,"false",,,"Rukito Grill&Drink - Alborada","4.5",,"https://www.google.com/maps/search/?api=1&query=Rukito%20Grill%26Drink%20-%20Alborada&query_place_id=ChIJ29SWqfFtLZARa8WA4iIGzr0",
"090509 Guayaquil, Ecuador","Restaurante","Restaurante","13676875865269519723","Guayaquil","EC","0x902d6df1a996d4db:0xbdce0622e280c56b",,"https://lh3.googleusercontent.com/gps-cs-s/AHRPTWnKUT7j8DXMVSe53pzbJl3CFfNDuEm9zljfvSuYIKrPFcEqIJod38gRQWhMyZiIWqd0rOe8pKtahHG2fjWFOtAmkbY6jlw0_irNRCAImjYSuBg2dZVczJYo7ueHW7OnZODMTOn2IA=w408-h725-k-no","false","false","/g/11h766fq7s","es-419","0","-2.1367108","-79.9020534",,"Alborada Este",,"false","ChIJ29SWqfFtLZARa8WA4iIGzr0","090509","$10-20","Hace 3 meses","2026-04-30T20:14:36.373Z",,,,,,,,,,,,,,,,,,,,,,,"Ci9DQUlRQUNvZENodHljRjlvT21ab1VXMVdlSFIzYmtaRE9HeFNiMlpLUTFweGVWRRAB",,,,,,,,,,,,,"Google",,,"0",,,"2716","2026-08-08T16:42:14.542Z","Direct Detail URL: https://www.google.com/maps/place/Rukito+Grill%26Drink+-+Alborada/@-2.1347917,-79.9223432,12.98z/data=!4m10!1m2!2m1!1srukito!3m6!1s0x902d6df1a996d4db:0xbdce0622e280c56b!8m2!3d-2.1367108!4d-79.9020534!15sCgZydWtpdG9aCCIGcnVraXRvkgEKcmVzdGF1cmFudOABAA!16s%2Fg%2F11h766fq7s?entry=ttu&g_ep=EgoyMDI2MDgwNS4xIKXMDSoASAFQAw%3D%3D","5",,,"false",,,"Rukito Grill&Drink - Alborada","4.5",,"https://www.google.com/maps/search/?api=1&query=Rukito%20Grill%26Drink%20-%20Alborada&query_place_id=ChIJ29SWqfFtLZARa8WA4iIGzr0",
"090509 Guayaquil, Ecuador","Restaurante","Restaurante","13676875865269519723","Guayaquil","EC","0x902d6df1a996d4db:0xbdce0622e280c56b",,"https://lh3.googleusercontent.com/gps-cs-s/AHRPTWnKUT7j8DXMVSe53pzbJl3CFfNDuEm9zljfvSuYIKrPFcEqIJod38gRQWhMyZiIWqd0rOe8pKtahHG2fjWFOtAmkbY6jlw0_irNRCAImjYSuBg2dZVczJYo7ueHW7OnZODMTOn2IA=w408-h725-k-no","false","false","/g/11h766fq7s","es-419","0","-2.1367108","-79.9020534",,"Alborada Este",,"false","ChIJ29SWqfFtLZARa8WA4iIGzr0","090509","$10-20","Hace 3 meses","2026-04-27T05:55:44.626Z",,,,,,,,,,,,,,,,,,,,,,,"Ci9DQUlRQUNvZENodHljRjlvT21aRVZrSXRhRFJ6Ulc5b1RWTjNRMDFKZDJ0M1IzYxAB",,,,,,,,,,,,,"Google",,,"4",,,"2716","2026-08-08T16:42:14.542Z","Direct Detail URL: https://www.google.com/maps/place/Rukito+Grill%26Drink+-+Alborada/@-2.1347917,-79.9223432,12.98z/data=!4m10!1m2!2m1!1srukito!3m6!1s0x902d6df1a996d4db:0xbdce0622e280c56b!8m2!3d-2.1367108!4d-79.9020534!15sCgZydWtpdG9aCCIGcnVraXRvkgEKcmVzdGF1cmFudOABAA!16s%2Fg%2F11h766fq7s?entry=ttu&g_ep=EgoyMDI2MDgwNS4xIKXMDSoASAFQAw%3D%3D","5",,,"false",,,"Rukito Grill&Drink - Alborada","4.5",,"https://www.google.com/maps/search/?api=1&query=Rukito%20Grill%26Drink%20-%20Alborada&query_place_id=ChIJ29SWqfFtLZARa8WA4iIGzr0",
"090509 Guayaquil, Ecuador","Restaurante","Restaurante","13676875865269519723","Guayaquil","EC","0x902d6df1a996d4db:0xbdce0622e280c56b",,"https://lh3.googleusercontent.com/gps-cs-s/AHRPTWnKUT7j8DXMVSe53pzbJl3CFfNDuEm9zljfvSuYIKrPFcEqIJod38gRQWhMyZiIWqd0rOe8pKtahHG2fjWFOtAmkbY6jlw0_irNRCAImjYSuBg2dZVczJYo7ueHW7OnZODMTOn2IA=w408-h725-k-no","false","false","/g/11h766fq7s","es-419","0","-2.1367108","-79.9020534",,"Alborada Este",,"false","ChIJ29SWqfFtLZARa8WA4iIGzr0","090509","$10-20","Hace 3 meses","2026-04-27T00:45:33.607Z",,,,,,,,,"Ruido moderado",,,,"$20-25",,"2 personas, 3 o 4 personas, Apto para grupos de todos los tamaños","De 10 a 30 min",,,,"5","5","5","Ci9DQUlRQUNvZENodHljRjlvT214SlVuZDRiVmhJWTNVNFZHNU1WSEoxZDB0blEyYxAB",,,,,,,,,,,,,"Google",,,"0",,,"2716","2026-08-08T16:42:14.542Z","Direct Detail URL: https://www.google.com/maps/place/Rukito+Grill%26Drink+-+Alborada/@-2.1347917,-79.9223432,12.98z/data=!4m10!1m2!2m1!1srukito!3m6!1s0x902d6df1a996d4db:0xbdce0622e280c56b!8m2!3d-2.1367108!4d-79.9020534!15sCgZydWtpdG9aCCIGcnVraXRvkgEKcmVzdGF1cmFudOABAA!16s%2Fg%2F11h766fq7s?entry=ttu&g_ep=EgoyMDI2MDgwNS4xIKXMDSoASAFQAw%3D%3D","4",,,"false",,,"Rukito Grill&Drink - Alborada","4.5",,"https://www.google.com/maps/search/?api=1&query=Rukito%20Grill%26Drink%20-%20Alborada&query_place_id=ChIJ29SWqfFtLZARa8WA4iIGzr0",
"090509 Guayaquil, Ecuador","Restaurante","Restaurante","13676875865269519723","Guayaquil","EC","0x902d6df1a996d4db:0xbdce0622e280c56b",,"https://lh3.googleusercontent.com/gps-cs-s/AHRPTWnKUT7j8DXMVSe53pzbJl3CFfNDuEm9zljfvSuYIKrPFcEqIJod38gRQWhMyZiIWqd0rOe8pKtahHG2fjWFOtAmkbY6jlw0_irNRCAImjYSuBg2dZVczJYo7ueHW7OnZODMTOn2IA=w408-h725-k-no","false","true","/g/11h766fq7s","es-419","0","-2.1367108","-79.9020534",,"Alborada Este","es","false","ChIJ29SWqfFtLZARa8WA4iIGzr0","090509","$10-20","Hace 3 meses","2026-04-22T20:57:30.476Z",,,,,,,,,,,,,,,,,,,,"4","4","5","Ci9DQUlRQUNvZENodHljRjlvT25KUE9YaGlZVGQ2TFdRNWVXNXVWMjQ0WjJGSFpHYxAB","https://lh3.googleusercontent.com/grass-cs/ACvplmPL-uQ7yApNHYAoVlez3GFK-b5SiSP_gLrVjSc6Ms8uVWRGaK6kPo6qjXFgVGlHFjbKlJn3WCd5hIplUhV7Reb8vt0lXYz_Op2lemqmV_3q3Btn7G1IBn9s7I0OLlO-0TKkuJ_6XIAcKfOE=k-no",,,,,,,,,,,,"Google",,,"35",,,"2716","2026-08-08T16:42:14.542Z","Direct Detail URL: https://www.google.com/maps/place/Rukito+Grill%26Drink+-+Alborada/@-2.1347917,-79.9223432,12.98z/data=!4m10!1m2!2m1!1srukito!3m6!1s0x902d6df1a996d4db:0xbdce0622e280c56b!8m2!3d-2.1367108!4d-79.9020534!15sCgZydWtpdG9aCCIGcnVraXRvkgEKcmVzdGF1cmFudOABAA!16s%2Fg%2F11h766fq7s?entry=ttu&g_ep=EgoyMDI2MDgwNS4xIKXMDSoASAFQAw%3D%3D","4",,,"false","Muy rico todo, buen sitio",,"Rukito Grill&Drink - Alborada","4.5",,"https://www.google.com/maps/search/?api=1&query=Rukito%20Grill%26Drink%20-%20Alborada&query_place_id=ChIJ29SWqfFtLZARa8WA4iIGzr0",
"090509 Guayaquil, Ecuador","Restaurante","Restaurante","13676875865269519723","Guayaquil","EC","0x902d6df1a996d4db:0xbdce0622e280c56b",,"https://lh3.googleusercontent.com/gps-cs-s/AHRPTWnKUT7j8DXMVSe53pzbJl3CFfNDuEm9zljfvSuYIKrPFcEqIJod38gRQWhMyZiIWqd0rOe8pKtahHG2fjWFOtAmkbY6jlw0_irNRCAImjYSuBg2dZVczJYo7ueHW7OnZODMTOn2IA=w408-h725-k-no","false","false","/g/11h766fq7s","es-419","0","-2.1367108","-79.9020534",,"Alborada Este","es","false","ChIJ29SWqfFtLZARa8WA4iIGzr0","090509","$10-20","Hace 3 meses","2026-04-22T18:47:42.243Z",,,,,,,,,,,,,"$15-20",,"3 o 4 personas",,,"Almuerzo",,"5","4","4","Ci9DQUlRQUNvZENodHljRjlvT2xkUWJIVmpOMTlOWVdoNk9FeFJhVzl5Wkc1VmMyYxAB","https://lh3.googleusercontent.com/grass-cs/ACvplmOdQc2mt0rRVj3UOrmFC5Rlzfycx5c0bOG1IHOrW4VvheQRfBYqQVqs_HD209ovkWjw2WBV_FfT3rbaE_-kN7yn0ElHivbpMJiDV-pPOTslLbrm0FxYBC64hi3X-M-AF93tYrhn7VM9dFQ8=k-no",,,,,,,,,,,,"Google",,,"1",,,"2716","2026-08-08T16:42:14.542Z","Direct Detail URL: https://www.google.com/maps/place/Rukito+Grill%26Drink+-+Alborada/@-2.1347917,-79.9223432,12.98z/data=!4m10!1m2!2m1!1srukito!3m6!1s0x902d6df1a996d4db:0xbdce0622e280c56b!8m2!3d-2.1367108!4d-79.9020534!15sCgZydWtpdG9aCCIGcnVraXRvkgEKcmVzdGF1cmFudOABAA!16s%2Fg%2F11h766fq7s?entry=ttu&g_ep=EgoyMDI2MDgwNS4xIKXMDSoASAFQAw%3D%3D","5",,,"false","Excelente, solo tandan un poco con los pedidos",,"Rukito Grill&Drink - Alborada","4.5",,"https://www.google.com/maps/search/?api=1&query=Rukito%20Grill%26Drink%20-%20Alborada&query_place_id=ChIJ29SWqfFtLZARa8WA4iIGzr0",
"090509 Guayaquil, Ecuador","Restaurante","Restaurante","13676875865269519723","Guayaquil","EC","0x902d6df1a996d4db:0xbdce0622e280c56b",,"https://lh3.googleusercontent.com/gps-cs-s/AHRPTWnKUT7j8DXMVSe53pzbJl3CFfNDuEm9zljfvSuYIKrPFcEqIJod38gRQWhMyZiIWqd0rOe8pKtahHG2fjWFOtAmkbY6jlw0_irNRCAImjYSuBg2dZVczJYo7ueHW7OnZODMTOn2IA=w408-h725-k-no","false","true","/g/11h766fq7s","es-419","0","-2.1367108","-79.9020534",,"Alborada Este","ro","false","ChIJ29SWqfFtLZARa8WA4iIGzr0","090509","$10-20","Hace 3 meses","2026-04-21T17:03:59.114Z",,,,"Si","Si","Es un poco difícil encontrar estacionamiento",,,,,,,"$15-20",,"Entre 5 y 8 personas, Más de 9 personas","De 10 a 30 min",,"Cena",,"5","5","3","Ci9DQUlRQUNvZENodHljRjlvT2pGR01uSk9kMDl3UVRWR1owWjNVMHBmYUZSNWQzYxAB",,,,,,,,,,,,,"Google",,,"2",,,"2716","2026-08-08T16:42:14.542Z","Direct Detail URL: https://www.google.com/maps/place/Rukito+Grill%26Drink+-+Alborada/@-2.1347917,-79.9223432,12.98z/data=!4m10!1m2!2m1!1srukito!3m6!1s0x902d6df1a996d4db:0xbdce0622e280c56b!8m2!3d-2.1367108!4d-79.9020534!15sCgZydWtpdG9aCCIGcnVraXRvkgEKcmVzdGF1cmFudOABAA!16s%2Fg%2F11h766fq7s?entry=ttu&g_ep=EgoyMDI2MDgwNS4xIKXMDSoASAFQAw%3D%3D","4",,,"false",,,"Rukito Grill&Drink - Alborada","4.5","es","https://www.google.com/maps/search/?api=1&query=Rukito%20Grill%26Drink%20-%20Alborada&query_place_id=ChIJ29SWqfFtLZARa8WA4iIGzr0",
"090509 Guayaquil, Ecuador","Restaurante","Restaurante","13676875865269519723","Guayaquil","EC","0x902d6df1a996d4db:0xbdce0622e280c56b",,"https://lh3.googleusercontent.com/gps-cs-s/AHRPTWnKUT7j8DXMVSe53pzbJl3CFfNDuEm9zljfvSuYIKrPFcEqIJod38gRQWhMyZiIWqd0rOe8pKtahHG2fjWFOtAmkbY6jlw0_irNRCAImjYSuBg2dZVczJYo7ueHW7OnZODMTOn2IA=w408-h725-k-no","false","false","/g/11h766fq7s","es-419","0","-2.1367108","-79.9020534",,"Alborada Este",,"false","ChIJ29SWqfFtLZARa8WA4iIGzr0","090509","$10-20","Hace 3 meses","2026-04-19T12:24:40.808Z",,,,,,,,,,,,,,,,,,,,,,,"Ci9DQUlRQUNvZENodHljRjlvT2kxWlRXaDRWbmR1TlhOclNtSnVNbUYxYjNWVE1HYxAB",,,,,,,,,,,,,"Google",,,"3",,,"2716","2026-08-08T16:42:14.542Z","Direct Detail URL: https://www.google.com/maps/place/Rukito+Grill%26Drink+-+Alborada/@-2.1347917,-79.9223432,12.98z/data=!4m10!1m2!2m1!1srukito!3m6!1s0x902d6df1a996d4db:0xbdce0622e280c56b!8m2!3d-2.1367108!4d-79.9020534!15sCgZydWtpdG9aCCIGcnVraXRvkgEKcmVzdGF1cmFudOABAA!16s%2Fg%2F11h766fq7s?entry=ttu&g_ep=EgoyMDI2MDgwNS4xIKXMDSoASAFQAw%3D%3D","5",,,"false",,,"Rukito Grill&Drink - Alborada","4.5",,"https://www.google.com/maps/search/?api=1&query=Rukito%20Grill%26Drink%20-%20Alborada&query_place_id=ChIJ29SWqfFtLZARa8WA4iIGzr0",
"090509 Guayaquil, Ecuador","Restaurante","Restaurante","13676875865269519723","Guayaquil","EC","0x902d6df1a996d4db:0xbdce0622e280c56b",,"https://lh3.googleusercontent.com/gps-cs-s/AHRPTWnKUT7j8DXMVSe53pzbJl3CFfNDuEm9zljfvSuYIKrPFcEqIJod38gRQWhMyZiIWqd0rOe8pKtahHG2fjWFOtAmkbY6jlw0_irNRCAImjYSuBg2dZVczJYo7ueHW7OnZODMTOn2IA=w408-h725-k-no","false","false","/g/11h766fq7s","es-419","0","-2.1367108","-79.9020534",,"Alborada Este",,"false","ChIJ29SWqfFtLZARa8WA4iIGzr0","090509","$10-20","Hace 3 meses","2026-04-18T23:57:09.551Z",,,,,,,,,,,,,,,,,,,,,,,"Ci9DQUlRQUNvZENodHljRjlvT2tScmRsZ3RiRFJPWlc1MUxUUjVVbU00ZVdGU1VHYxAB",,,,,,,,,,,,,"Google",,,"0",,,"2716","2026-08-08T16:42:14.542Z","Direct Detail URL: https://www.google.com/maps/place/Rukito+Grill%26Drink+-+Alborada/@-2.1347917,-79.9223432,12.98z/data=!4m10!1m2!2m1!1srukito!3m6!1s0x902d6df1a996d4db:0xbdce0622e280c56b!8m2!3d-2.1367108!4d-79.9020534!15sCgZydWtpdG9aCCIGcnVraXRvkgEKcmVzdGF1cmFudOABAA!16s%2Fg%2F11h766fq7s?entry=ttu&g_ep=EgoyMDI2MDgwNS4xIKXMDSoASAFQAw%3D%3D","5",,,"false",,,"Rukito Grill&Drink - Alborada","4.5",,"https://www.google.com/maps/search/?api=1&query=Rukito%20Grill%26Drink%20-%20Alborada&query_place_id=ChIJ29SWqfFtLZARa8WA4iIGzr0",
"090509 Guayaquil, Ecuador","Restaurante","Restaurante","13676875865269519723","Guayaquil","EC","0x902d6df1a996d4db:0xbdce0622e280c56b",,"https://lh3.googleusercontent.com/gps-cs-s/AHRPTWnKUT7j8DXMVSe53pzbJl3CFfNDuEm9zljfvSuYIKrPFcEqIJod38gRQWhMyZiIWqd0rOe8pKtahHG2fjWFOtAmkbY6jlw0_irNRCAImjYSuBg2dZVczJYo7ueHW7OnZODMTOn2IA=w408-h725-k-no","false","false","/g/11h766fq7s","es-419","0","-2.1367108","-79.9020534",,"Alborada Este",,"false","ChIJ29SWqfFtLZARa8WA4iIGzr0","090509","$10-20","Hace 3 meses","2026-04-18T01:56:55.965Z",,,,,,,,,,,,,"$10-15",,,,,,,"5","5","5","Ci9DQUlRQUNvZENodHljRjlvT2xBNE5IVnNNM0F0VDFwVVYxbE9RamhTYkRobFgzYxAB",,,,,,,,,,,,,"Google",,,"2",,,"2716","2026-08-08T16:42:14.542Z","Direct Detail URL: https://www.google.com/maps/place/Rukito+Grill%26Drink+-+Alborada/@-2.1347917,-79.9223432,12.98z/data=!4m10!1m2!2m1!1srukito!3m6!1s0x902d6df1a996d4db:0xbdce0622e280c56b!8m2!3d-2.1367108!4d-79.9020534!15sCgZydWtpdG9aCCIGcnVraXRvkgEKcmVzdGF1cmFudOABAA!16s%2Fg%2F11h766fq7s?entry=ttu&g_ep=EgoyMDI2MDgwNS4xIKXMDSoASAFQAw%3D%3D","5",,,"false",,,"Rukito Grill&Drink - Alborada","4.5",,"https://www.google.com/maps/search/?api=1&query=Rukito%20Grill%26Drink%20-%20Alborada&query_place_id=ChIJ29SWqfFtLZARa8WA4iIGzr0",
"090509 Guayaquil, Ecuador","Restaurante","Restaurante","13676875865269519723","Guayaquil","EC","0x902d6df1a996d4db:0xbdce0622e280c56b",,"https://lh3.googleusercontent.com/gps-cs-s/AHRPTWnKUT7j8DXMVSe53pzbJl3CFfNDuEm9zljfvSuYIKrPFcEqIJod38gRQWhMyZiIWqd0rOe8pKtahHG2fjWFOtAmkbY6jlw0_irNRCAImjYSuBg2dZVczJYo7ueHW7OnZODMTOn2IA=w408-h725-k-no","false","true","/g/11h766fq7s","es-419","0","-2.1367108","-79.9020534",,"Alborada Este","es","false","ChIJ29SWqfFtLZARa8WA4iIGzr0","090509","$10-20","Hace 3 meses","2026-04-17T23:05:10.960Z",,,,,,,,,,,,,,,,,,,,"1","3","1","Ci9DQUlRQUNvZENodHljRjlvT21saGVtUXhOM2cxUW1WVmVHWkdObEJIUTJwS2FFRRAB","https://lh3.googleusercontent.com/grass-cs/ACvplmObgSnjXGNbzTj7Vt20TMRIHjqzlZaO3Pa0wDAik2j3tSrsqP4ilzbVzwN5Yb-fsBlMkNMih8Rdm7Mlq5w-pNMYCfltSlHaGl22JKWBHV3qgFfL2h-yxcsCpAA2X_GXU5m8FpDaKgdxGP9W=k-no",,,,,,,,,,,,"Google",,,"26",,,"2716","2026-08-08T16:42:14.542Z","Direct Detail URL: https://www.google.com/maps/place/Rukito+Grill%26Drink+-+Alborada/@-2.1347917,-79.9223432,12.98z/data=!4m10!1m2!2m1!1srukito!3m6!1s0x902d6df1a996d4db:0xbdce0622e280c56b!8m2!3d-2.1367108!4d-79.9020534!15sCgZydWtpdG9aCCIGcnVraXRvkgEKcmVzdGF1cmFudOABAA!16s%2Fg%2F11h766fq7s?entry=ttu&g_ep=EgoyMDI2MDgwNS4xIKXMDSoASAFQAw%3D%3D","1",,,"false","Muy mala experiencia con los meseros, demoraron una eternidad para atender nuestros pedidos (6 personas). Tras eso te dicen que si no sale una sola factura se demoran mas, y asi te toca pagar el parqueo de Vermont plaza. Lo siento pero no quiero regresar a ese lugar, pesima atención",,"Rukito Grill&Drink - Alborada","4.5",,"https://www.google.com/maps/search/?api=1&query=Rukito%20Grill%26Drink%20-%20Alborada&query_place_id=ChIJ29SWqfFtLZARa8WA4iIGzr0",
"090509 Guayaquil, Ecuador","Restaurante","Restaurante","13676875865269519723","Guayaquil","EC","0x902d6df1a996d4db:0xbdce0622e280c56b",,"https://lh3.googleusercontent.com/gps-cs-s/AHRPTWnKUT7j8DXMVSe53pzbJl3CFfNDuEm9zljfvSuYIKrPFcEqIJod38gRQWhMyZiIWqd0rOe8pKtahHG2fjWFOtAmkbY6jlw0_irNRCAImjYSuBg2dZVczJYo7ueHW7OnZODMTOn2IA=w408-h725-k-no","false","false","/g/11h766fq7s","es-419","0","-2.1367108","-79.9020534",,"Alborada Este",,"false","ChIJ29SWqfFtLZARa8WA4iIGzr0","090509","$10-20","Hace 3 meses","2026-04-16T10:21:38.305Z",,,,,,,,"Ningún evento especial",,,,,"$10-15","No se requiere hacer una reserva","1 persona, 2 personas, 3 o 4 personas, Entre 5 y 8 personas",,,,,"5","5","5","Ci9DQUlRQUNvZENodHljRjlvT2t0T2F6VkVWVmRDV25Ga2MydzBNbUZDVm5wMWFsRRAB",,,,,,,,,,,,,"Google",,,"2",,,"2716","2026-08-08T16:42:14.542Z","Direct Detail URL: https://www.google.com/maps/place/Rukito+Grill%26Drink+-+Alborada/@-2.1347917,-79.9223432,12.98z/data=!4m10!1m2!2m1!1srukito!3m6!1s0x902d6df1a996d4db:0xbdce0622e280c56b!8m2!3d-2.1367108!4d-79.9020534!15sCgZydWtpdG9aCCIGcnVraXRvkgEKcmVzdGF1cmFudOABAA!16s%2Fg%2F11h766fq7s?entry=ttu&g_ep=EgoyMDI2MDgwNS4xIKXMDSoASAFQAw%3D%3D","5",,,"false",,,"Rukito Grill&Drink - Alborada","4.5",,"https://www.google.com/maps/search/?api=1&query=Rukito%20Grill%26Drink%20-%20Alborada&query_place_id=ChIJ29SWqfFtLZARa8WA4iIGzr0",
"090509 Guayaquil, Ecuador","Restaurante","Restaurante","13676875865269519723","Guayaquil","EC","0x902d6df1a996d4db:0xbdce0622e280c56b",,"https://lh3.googleusercontent.com/gps-cs-s/AHRPTWnKUT7j8DXMVSe53pzbJl3CFfNDuEm9zljfvSuYIKrPFcEqIJod38gRQWhMyZiIWqd0rOe8pKtahHG2fjWFOtAmkbY6jlw0_irNRCAImjYSuBg2dZVczJYo7ueHW7OnZODMTOn2IA=w408-h725-k-no","false","true","/g/11h766fq7s","es-419","0","-2.1367108","-79.9020534",,"Alborada Este","es","false","ChIJ29SWqfFtLZARa8WA4iIGzr0","090509","$10-20","Hace 3 meses","2026-04-15T18:38:58.856Z",,,,,,,,"Ningún evento especial",,,,,"$15-20","No se requiere hacer una reserva","3 o 4 personas",,,,,"5","5","5","Ci9DQUlRQUNvZENodHljRjlvT2t4VVdYaEVYMFJ0TFdWbVNXdEtZemxYVXpadVJIYxAB",,,,,,,,,,,,,"Google",,,"13",,,"2716","2026-08-08T16:42:14.542Z","Direct Detail URL: https://www.google.com/maps/place/Rukito+Grill%26Drink+-+Alborada/@-2.1347917,-79.9223432,12.98z/data=!4m10!1m2!2m1!1srukito!3m6!1s0x902d6df1a996d4db:0xbdce0622e280c56b!8m2!3d-2.1367108!4d-79.9020534!15sCgZydWtpdG9aCCIGcnVraXRvkgEKcmVzdGF1cmFudOABAA!16s%2Fg%2F11h766fq7s?entry=ttu&g_ep=EgoyMDI2MDgwNS4xIKXMDSoASAFQAw%3D%3D","5",,,"false","Rico",,"Rukito Grill&Drink - Alborada","4.5",,"https://www.google.com/maps/search/?api=1&query=Rukito%20Grill%26Drink%20-%20Alborada&query_place_id=ChIJ29SWqfFtLZARa8WA4iIGzr0",
"090509 Guayaquil, Ecuador","Restaurante","Restaurante","13676875865269519723","Guayaquil","EC","0x902d6df1a996d4db:0xbdce0622e280c56b",,"https://lh3.googleusercontent.com/gps-cs-s/AHRPTWnKUT7j8DXMVSe53pzbJl3CFfNDuEm9zljfvSuYIKrPFcEqIJod38gRQWhMyZiIWqd0rOe8pKtahHG2fjWFOtAmkbY6jlw0_irNRCAImjYSuBg2dZVczJYo7ueHW7OnZODMTOn2IA=w408-h725-k-no","false","false","/g/11h766fq7s","es-419","0","-2.1367108","-79.9020534",,"Alborada Este",,"false","ChIJ29SWqfFtLZARa8WA4iIGzr0","090509","$10-20","Hace 3 meses","2026-04-14T03:58:36.909Z",,,,,,,,,"Ruido moderado",,,,"$20-25",,"2 personas, 3 o 4 personas","Sin espera",,,,,,,"Ci9DQUlRQUNvZENodHljRjlvT21SQ01VNVZRbDgxWVdOdlJURm1OemRzWTNSWWVtYxAB",,,,,,,,,,,,,"Google",,,"0",,,"2716","2026-08-08T16:42:14.542Z","Direct Detail URL: https://www.google.com/maps/place/Rukito+Grill%26Drink+-+Alborada/@-2.1347917,-79.9223432,12.98z/data=!4m10!1m2!2m1!1srukito!3m6!1s0x902d6df1a996d4db:0xbdce0622e280c56b!8m2!3d-2.1367108!4d-79.9020534!15sCgZydWtpdG9aCCIGcnVraXRvkgEKcmVzdGF1cmFudOABAA!16s%2Fg%2F11h766fq7s?entry=ttu&g_ep=EgoyMDI2MDgwNS4xIKXMDSoASAFQAw%3D%3D","5",,,"false",,,"Rukito Grill&Drink - Alborada","4.5",,"https://www.google.com/maps/search/?api=1&query=Rukito%20Grill%26Drink%20-%20Alborada&query_place_id=ChIJ29SWqfFtLZARa8WA4iIGzr0",
"090509 Guayaquil, Ecuador","Restaurante","Restaurante","13676875865269519723","Guayaquil","EC","0x902d6df1a996d4db:0xbdce0622e280c56b",,"https://lh3.googleusercontent.com/gps-cs-s/AHRPTWnKUT7j8DXMVSe53pzbJl3CFfNDuEm9zljfvSuYIKrPFcEqIJod38gRQWhMyZiIWqd0rOe8pKtahHG2fjWFOtAmkbY6jlw0_irNRCAImjYSuBg2dZVczJYo7ueHW7OnZODMTOn2IA=w408-h725-k-no","false","false","/g/11h766fq7s","es-419","0","-2.1367108","-79.9020534",,"Alborada Este","es","false","ChIJ29SWqfFtLZARa8WA4iIGzr0","090509","$10-20","Hace 3 meses","2026-04-14T03:23:46.337Z",,,,,,,,,,,,,"$10-15",,,,,,,"3","5","5","Ci9DQUlRQUNvZENodHljRjlvT25kRGRUaHNUMFI0T0c1ZlZUQkpkRnB1WTNOWmMwRRAB",,,,,,,,,,,,,"Google",,,"6",,,"2716","2026-08-08T16:42:14.542Z","Direct Detail URL: https://www.google.com/maps/place/Rukito+Grill%26Drink+-+Alborada/@-2.1347917,-79.9223432,12.98z/data=!4m10!1m2!2m1!1srukito!3m6!1s0x902d6df1a996d4db:0xbdce0622e280c56b!8m2!3d-2.1367108!4d-79.9020534!15sCgZydWtpdG9aCCIGcnVraXRvkgEKcmVzdGF1cmFudOABAA!16s%2Fg%2F11h766fq7s?entry=ttu&g_ep=EgoyMDI2MDgwNS4xIKXMDSoASAFQAw%3D%3D","5",,,"false","Recomiendo este lugar",,"Rukito Grill&Drink - Alborada","4.5",,"https://www.google.com/maps/search/?api=1&query=Rukito%20Grill%26Drink%20-%20Alborada&query_place_id=ChIJ29SWqfFtLZARa8WA4iIGzr0",
"090509 Guayaquil, Ecuador","Restaurante","Restaurante","13676875865269519723","Guayaquil","EC","0x902d6df1a996d4db:0xbdce0622e280c56b",,"https://lh3.googleusercontent.com/gps-cs-s/AHRPTWnKUT7j8DXMVSe53pzbJl3CFfNDuEm9zljfvSuYIKrPFcEqIJod38gRQWhMyZiIWqd0rOe8pKtahHG2fjWFOtAmkbY6jlw0_irNRCAImjYSuBg2dZVczJYo7ueHW7OnZODMTOn2IA=w408-h725-k-no","false","false","/g/11h766fq7s","es-419","0","-2.1367108","-79.9020534",,"Alborada Este",,"false","ChIJ29SWqfFtLZARa8WA4iIGzr0","090509","$10-20","Hace 3 meses","2026-04-10T19:03:42.142Z",,,,,,,,,,,,,,,,,,,,,,,"Ci9DQUlRQUNvZENodHljRjlvT2xSV1ExZG1SbDlTZVVWQmJGTjJaRGRDTmxaUlgwRRAB",,,,,,,,,,,,,"Google",,,"9",,,"2716","2026-08-08T16:42:14.542Z","Direct Detail URL: https://www.google.com/maps/place/Rukito+Grill%26Drink+-+Alborada/@-2.1347917,-79.9223432,12.98z/data=!4m10!1m2!2m1!1srukito!3m6!1s0x902d6df1a996d4db:0xbdce0622e280c56b!8m2!3d-2.1367108!4d-79.9020534!15sCgZydWtpdG9aCCIGcnVraXRvkgEKcmVzdGF1cmFudOABAA!16s%2Fg%2F11h766fq7s?entry=ttu&g_ep=EgoyMDI2MDgwNS4xIKXMDSoASAFQAw%3D%3D","5",,,"false",,,"Rukito Grill&Drink - Alborada","4.5",,"https://www.google.com/maps/search/?api=1&query=Rukito%20Grill%26Drink%20-%20Alborada&query_place_id=ChIJ29SWqfFtLZARa8WA4iIGzr0",
"090509 Guayaquil, Ecuador","Restaurante","Restaurante","13676875865269519723","Guayaquil","EC","0x902d6df1a996d4db:0xbdce0622e280c56b",,"https://lh3.googleusercontent.com/gps-cs-s/AHRPTWnKUT7j8DXMVSe53pzbJl3CFfNDuEm9zljfvSuYIKrPFcEqIJod38gRQWhMyZiIWqd0rOe8pKtahHG2fjWFOtAmkbY6jlw0_irNRCAImjYSuBg2dZVczJYo7ueHW7OnZODMTOn2IA=w408-h725-k-no","false","false","/g/11h766fq7s","es-419","0","-2.1367108","-79.9020534",,"Alborada Este","es","false","ChIJ29SWqfFtLZARa8WA4iIGzr0","090509","$10-20","Hace 3 meses","2026-04-09T21:03:04.945Z",,,,,,,,,,,,,,,,,,,,"5","5","5","Ci9DQUlRQUNvZENodHljRjlvT25CcVgxTkZPRkJDWm1kVVYwVkpXR1ZZV2tSVE1HYxAB",,,,,,,,,,,,,"Google",,,"2",,,"2716","2026-08-08T16:42:14.542Z","Direct Detail URL: https://www.google.com/maps/place/Rukito+Grill%26Drink+-+Alborada/@-2.1347917,-79.9223432,12.98z/data=!4m10!1m2!2m1!1srukito!3m6!1s0x902d6df1a996d4db:0xbdce0622e280c56b!8m2!3d-2.1367108!4d-79.9020534!15sCgZydWtpdG9aCCIGcnVraXRvkgEKcmVzdGF1cmFudOABAA!16s%2Fg%2F11h766fq7s?entry=ttu&g_ep=EgoyMDI2MDgwNS4xIKXMDSoASAFQAw%3D%3D","5",,,"false","Muy rico",,"Rukito Grill&Drink - Alborada","4.5",,"https://www.google.com/maps/search/?api=1&query=Rukito%20Grill%26Drink%20-%20Alborada&query_place_id=ChIJ29SWqfFtLZARa8WA4iIGzr0",
"090509 Guayaquil, Ecuador","Restaurante","Restaurante","13676875865269519723","Guayaquil","EC","0x902d6df1a996d4db:0xbdce0622e280c56b",,"https://lh3.googleusercontent.com/gps-cs-s/AHRPTWnKUT7j8DXMVSe53pzbJl3CFfNDuEm9zljfvSuYIKrPFcEqIJod38gRQWhMyZiIWqd0rOe8pKtahHG2fjWFOtAmkbY6jlw0_irNRCAImjYSuBg2dZVczJYo7ueHW7OnZODMTOn2IA=w408-h725-k-no","false","false","/g/11h766fq7s","es-419","0","-2.1367108","-79.9020534",,"Alborada Este","es","false","ChIJ29SWqfFtLZARa8WA4iIGzr0","090509","$10-20","Hace 4 meses","2026-04-07T01:45:36.297Z",,,,,,"Hay suficiente espacio",,,"Ruidoso, pero se puede hablar","Estacionamiento gratuito",,,"$15-20",,"Apto para grupos de todos los tamaños","De 10 a 30 min",,,,"5","5","5","Ci9DQUlRQUNvZENodHljRjlvT25aelIxaFViMHczV0hndGRuTkZSWGRTZFd4TFlWRRAB",,,,,,,,,,,,,"Google",,,"1",,,"2716","2026-08-08T16:42:14.542Z","Direct Detail URL: https://www.google.com/maps/place/Rukito+Grill%26Drink+-+Alborada/@-2.1347917,-79.9223432,12.98z/data=!4m10!1m2!2m1!1srukito!3m6!1s0x902d6df1a996d4db:0xbdce0622e280c56b!8m2!3d-2.1367108!4d-79.9020534!15sCgZydWtpdG9aCCIGcnVraXRvkgEKcmVzdGF1cmFudOABAA!16s%2Fg%2F11h766fq7s?entry=ttu&g_ep=EgoyMDI2MDgwNS4xIKXMDSoASAFQAw%3D%3D","5",,,"false","Comí lomo fino de res aunque no le tenía mucha fé al termino 3/4 estubo súper bueno, muy buena comida y la música también súper buena 10/10 en general",,"Rukito Grill&Drink - Alborada","4.5",,"https://www.google.com/maps/search/?api=1&query=Rukito%20Grill%26Drink%20-%20Alborada&query_place_id=ChIJ29SWqfFtLZARa8WA4iIGzr0",
"090509 Guayaquil, Ecuador","Restaurante","Restaurante","13676875865269519723","Guayaquil","EC","0x902d6df1a996d4db:0xbdce0622e280c56b",,"https://lh3.googleusercontent.com/gps-cs-s/AHRPTWnKUT7j8DXMVSe53pzbJl3CFfNDuEm9zljfvSuYIKrPFcEqIJod38gRQWhMyZiIWqd0rOe8pKtahHG2fjWFOtAmkbY6jlw0_irNRCAImjYSuBg2dZVczJYo7ueHW7OnZODMTOn2IA=w408-h725-k-no","false","true","/g/11h766fq7s","es-419","0","-2.1367108","-79.9020534",,"Alborada Este","es","false","ChIJ29SWqfFtLZARa8WA4iIGzr0","090509","$10-20","Hace 4 meses","2026-04-06T22:24:11.631Z",,,,,,,,,,,,,,,,,,,,"1","5","2","Ci9DQUlRQUNvZENodHljRjlvT25SVGRtdFhhekV4ZURGcVdVRkVWVEpTVEcwMGJuYxAB",,,,,,,,,,,,,"Google",,,"10",,,"2716","2026-08-08T16:42:14.542Z","Direct Detail URL: https://www.google.com/maps/place/Rukito+Grill%26Drink+-+Alborada/@-2.1347917,-79.9223432,12.98z/data=!4m10!1m2!2m1!1srukito!3m6!1s0x902d6df1a996d4db:0xbdce0622e280c56b!8m2!3d-2.1367108!4d-79.9020534!15sCgZydWtpdG9aCCIGcnVraXRvkgEKcmVzdGF1cmFudOABAA!16s%2Fg%2F11h766fq7s?entry=ttu&g_ep=EgoyMDI2MDgwNS4xIKXMDSoASAFQAw%3D%3D","3",,,"false","Nos mandaron a una mesa alado del baño pésimo creo que eso no debería existir, la comida rica pero para esperar como 40 min afuera no creo que valió la pena! Ni siquiera un banco para sentarse a esperar en pleno solazo del medio día. No volvería",,"Rukito Grill&Drink - Alborada","4.5",,"https://www.google.com/maps/search/?api=1&query=Rukito%20Grill%26Drink%20-%20Alborada&query_place_id=ChIJ29SWqfFtLZARa8WA4iIGzr0",
"090509 Guayaquil, Ecuador","Restaurante","Restaurante","13676875865269519723","Guayaquil","EC","0x902d6df1a996d4db:0xbdce0622e280c56b",,"https://lh3.googleusercontent.com/gps-cs-s/AHRPTWnKUT7j8DXMVSe53pzbJl3CFfNDuEm9zljfvSuYIKrPFcEqIJod38gRQWhMyZiIWqd0rOe8pKtahHG2fjWFOtAmkbY6jlw0_irNRCAImjYSuBg2dZVczJYo7ueHW7OnZODMTOn2IA=w408-h725-k-no","false","true","/g/11h766fq7s","es-419","0","-2.1367108","-79.9020534",,"Alborada Este","es","false","ChIJ29SWqfFtLZARa8WA4iIGzr0","090509","$10-20","Hace 4 meses","2026-04-05T20:24:19.315Z",,,,,,,,,"Silencioso, agradable para conversar",,,,"$10-15",,"3 o 4 personas","De 10 a 30 min",,,,"5","5","5","Ci9DQUlRQUNvZENodHljRjlvT2tGb0xXeHRNMDA0ZDNaQlJWRjVSRlpFYmxNMU5YYxAB",,,,,,,,,,,,,"Google",,,"55",,,"2716","2026-08-08T16:42:14.542Z","Direct Detail URL: https://www.google.com/maps/place/Rukito+Grill%26Drink+-+Alborada/@-2.1347917,-79.9223432,12.98z/data=!4m10!1m2!2m1!1srukito!3m6!1s0x902d6df1a996d4db:0xbdce0622e280c56b!8m2!3d-2.1367108!4d-79.9020534!15sCgZydWtpdG9aCCIGcnVraXRvkgEKcmVzdGF1cmFudOABAA!16s%2Fg%2F11h766fq7s?entry=ttu&g_ep=EgoyMDI2MDgwNS4xIKXMDSoASAFQAw%3D%3D","5",,,"false","Falta más potencia al aire acondicionado.",,"Rukito Grill&Drink - Alborada","4.5",,"https://www.google.com/maps/search/?api=1&query=Rukito%20Grill%26Drink%20-%20Alborada&query_place_id=ChIJ29SWqfFtLZARa8WA4iIGzr0",
"090509 Guayaquil, Ecuador","Restaurante","Restaurante","13676875865269519723","Guayaquil","EC","0x902d6df1a996d4db:0xbdce0622e280c56b",,"https://lh3.googleusercontent.com/gps-cs-s/AHRPTWnKUT7j8DXMVSe53pzbJl3CFfNDuEm9zljfvSuYIKrPFcEqIJod38gRQWhMyZiIWqd0rOe8pKtahHG2fjWFOtAmkbY6jlw0_irNRCAImjYSuBg2dZVczJYo7ueHW7OnZODMTOn2IA=w408-h725-k-no","false","true","/g/11h766fq7s","es-419","0","-2.1367108","-79.9020534",,"Alborada Este","en","false","ChIJ29SWqfFtLZARa8WA4iIGzr0","090509","$10-20","Editado Hace 4 meses","2026-04-05T14:41:00.337Z",,,,,"Has kids menu of chicken finger and fries","Es un poco difícil encontrar estacionamiento",,,"Ruido moderado","Estacionamiento gratuito en la calle",,,"$25-30",,"Apto para grupos de todos los tamaños","De 10 a 30 min",,,,"5","5","5","Ci9DQUlRQUNvZENodHljRjlvT25sb2JDMWlja1I0WjBvM1QwZ3lXbXBFU25kV2MwRRAB","https://lh3.googleusercontent.com/grass-cs/ACvplmPCtp7F3aarthfzKvIRhQwjzaNZHXO-5xTeq3U34j4Pxm2DPZM_3Dm-AFtdWi0Qni835kgQDN2t4WcEifx4D_7ss1Y1bj5ymUr4TkyyH7RFkqYBOR3Hpl0hwVbQdVpcKsm5YMN7PJIKBLWn=k-no","https://lh3.googleusercontent.com/grass-cs/ACvplmPoQxDdVihRmu8xXQT6uY8AJkO3nU7TC89poSML0CJ_Y9B6vQO4kDVEHbHFXkG4ZScTBUKf_m5_PbTjdX_Aug9-3fCOoPYex-Z_qqVr62bkJExh0inYbSrORUPEcmFMTpgsKXw7Gb7GTlYC=k-no",,,,,,,,,,,"Google",,,"26",,,"2716","2026-08-08T16:42:14.542Z","Direct Detail URL: https://www.google.com/maps/place/Rukito+Grill%26Drink+-+Alborada/@-2.1347917,-79.9223432,12.98z/data=!4m10!1m2!2m1!1srukito!3m6!1s0x902d6df1a996d4db:0xbdce0622e280c56b!8m2!3d-2.1367108!4d-79.9020534!15sCgZydWtpdG9aCCIGcnVraXRvkgEKcmVzdGF1cmFudOABAA!16s%2Fg%2F11h766fq7s?entry=ttu&g_ep=EgoyMDI2MDgwNS4xIKXMDSoASAFQAw%3D%3D","5",,,"false","Amazing Tomahawk","Tomahawk asombroso","Rukito Grill&Drink - Alborada","4.5","es","https://www.google.com/maps/search/?api=1&query=Rukito%20Grill%26Drink%20-%20Alborada&query_place_id=ChIJ29SWqfFtLZARa8WA4iIGzr0",
"090509 Guayaquil, Ecuador","Restaurante","Restaurante","13676875865269519723","Guayaquil","EC","0x902d6df1a996d4db:0xbdce0622e280c56b",,"https://lh3.googleusercontent.com/gps-cs-s/AHRPTWnKUT7j8DXMVSe53pzbJl3CFfNDuEm9zljfvSuYIKrPFcEqIJod38gRQWhMyZiIWqd0rOe8pKtahHG2fjWFOtAmkbY6jlw0_irNRCAImjYSuBg2dZVczJYo7ueHW7OnZODMTOn2IA=w408-h725-k-no","false","false","/g/11h766fq7s","es-419","0","-2.1367108","-79.9020534",,"Alborada Este","es","false","ChIJ29SWqfFtLZARa8WA4iIGzr0","090509","$10-20","Hace 4 meses","2026-04-01T04:39:50.569Z",,,,,,,,,,,,,,,,,,,,"5","5","5","Ci9DQUlRQUNvZENodHljRjlvT21SSmFrSmZVSEpqWmtZeVQweFJhR3BIYW5VNU1IYxAB",,,,,,,,,,,,,"Google",,,"4",,,"2716","2026-08-08T16:42:14.542Z","Direct Detail URL: https://www.google.com/maps/place/Rukito+Grill%26Drink+-+Alborada/@-2.1347917,-79.9223432,12.98z/data=!4m10!1m2!2m1!1srukito!3m6!1s0x902d6df1a996d4db:0xbdce0622e280c56b!8m2!3d-2.1367108!4d-79.9020534!15sCgZydWtpdG9aCCIGcnVraXRvkgEKcmVzdGF1cmFudOABAA!16s%2Fg%2F11h766fq7s?entry=ttu&g_ep=EgoyMDI2MDgwNS4xIKXMDSoASAFQAw%3D%3D","5",,,"false","Muy buena la comida y la atención de primera",,"Rukito Grill&Drink - Alborada","4.5",,"https://www.google.com/maps/search/?api=1&query=Rukito%20Grill%26Drink%20-%20Alborada&query_place_id=ChIJ29SWqfFtLZARa8WA4iIGzr0",
"090509 Guayaquil, Ecuador","Restaurante","Restaurante","13676875865269519723","Guayaquil","EC","0x902d6df1a996d4db:0xbdce0622e280c56b",,"https://lh3.googleusercontent.com/gps-cs-s/AHRPTWnKUT7j8DXMVSe53pzbJl3CFfNDuEm9zljfvSuYIKrPFcEqIJod38gRQWhMyZiIWqd0rOe8pKtahHG2fjWFOtAmkbY6jlw0_irNRCAImjYSuBg2dZVczJYo7ueHW7OnZODMTOn2IA=w408-h725-k-no","false","true","/g/11h766fq7s","es-419","0","-2.1367108","-79.9020534",,"Alborada Este",,"false","ChIJ29SWqfFtLZARa8WA4iIGzr0","090509","$10-20","Hace 4 meses","2026-03-31T23:37:59.876Z",,,,,,,,,,,,,"$5-10",,"Más de 9 personas, Apto para grupos de todos los tamaños","Sin espera",,,,"5","5","5","Ci9DQUlRQUNvZENodHljRjlvT25OaGQwOXhSR05DU2xWclpVbFZNVTlxVFdGdldVRRAB",,,,,,,,,,,,,"Google",,,"12",,,"2716","2026-08-08T16:42:14.542Z","Direct Detail URL: https://www.google.com/maps/place/Rukito+Grill%26Drink+-+Alborada/@-2.1347917,-79.9223432,12.98z/data=!4m10!1m2!2m1!1srukito!3m6!1s0x902d6df1a996d4db:0xbdce0622e280c56b!8m2!3d-2.1367108!4d-79.9020534!15sCgZydWtpdG9aCCIGcnVraXRvkgEKcmVzdGF1cmFudOABAA!16s%2Fg%2F11h766fq7s?entry=ttu&g_ep=EgoyMDI2MDgwNS4xIKXMDSoASAFQAw%3D%3D","5",,,"false",,,"Rukito Grill&Drink - Alborada","4.5",,"https://www.google.com/maps/search/?api=1&query=Rukito%20Grill%26Drink%20-%20Alborada&query_place_id=ChIJ29SWqfFtLZARa8WA4iIGzr0",
"090509 Guayaquil, Ecuador","Restaurante","Restaurante","13676875865269519723","Guayaquil","EC","0x902d6df1a996d4db:0xbdce0622e280c56b",,"https://lh3.googleusercontent.com/gps-cs-s/AHRPTWnKUT7j8DXMVSe53pzbJl3CFfNDuEm9zljfvSuYIKrPFcEqIJod38gRQWhMyZiIWqd0rOe8pKtahHG2fjWFOtAmkbY6jlw0_irNRCAImjYSuBg2dZVczJYo7ueHW7OnZODMTOn2IA=w408-h725-k-no","false","true","/g/11h766fq7s","es-419","0","-2.1367108","-79.9020534",,"Alborada Este",,"false","ChIJ29SWqfFtLZARa8WA4iIGzr0","090509","$10-20","Hace 4 meses","2026-03-31T17:13:04.427Z",,,,,,,,,,,,,,,,,,,,"3","5","5","Ci9DQUlRQUNvZENodHljRjlvT21OTk5uSkVjR3RhYTFwdFVqSnhZbGN3TlVKTWFXYxAB",,,,,,,,,,,,,"Google",,,"12",,,"2716","2026-08-08T16:42:14.542Z","Direct Detail URL: https://www.google.com/maps/place/Rukito+Grill%26Drink+-+Alborada/@-2.1347917,-79.9223432,12.98z/data=!4m10!1m2!2m1!1srukito!3m6!1s0x902d6df1a996d4db:0xbdce0622e280c56b!8m2!3d-2.1367108!4d-79.9020534!15sCgZydWtpdG9aCCIGcnVraXRvkgEKcmVzdGF1cmFudOABAA!16s%2Fg%2F11h766fq7s?entry=ttu&g_ep=EgoyMDI2MDgwNS4xIKXMDSoASAFQAw%3D%3D","5",,,"false",,,"Rukito Grill&Drink - Alborada","4.5",,"https://www.google.com/maps/search/?api=1&query=Rukito%20Grill%26Drink%20-%20Alborada&query_place_id=ChIJ29SWqfFtLZARa8WA4iIGzr0",
"090509 Guayaquil, Ecuador","Restaurante","Restaurante","13676875865269519723","Guayaquil","EC","0x902d6df1a996d4db:0xbdce0622e280c56b",,"https://lh3.googleusercontent.com/gps-cs-s/AHRPTWnKUT7j8DXMVSe53pzbJl3CFfNDuEm9zljfvSuYIKrPFcEqIJod38gRQWhMyZiIWqd0rOe8pKtahHG2fjWFOtAmkbY6jlw0_irNRCAImjYSuBg2dZVczJYo7ueHW7OnZODMTOn2IA=w408-h725-k-no","false","false","/g/11h766fq7s","es-419","0","-2.1367108","-79.9020534",,"Alborada Este","es","false","ChIJ29SWqfFtLZARa8WA4iIGzr0","090509","$10-20","Hace 4 meses","2026-03-29T13:29:50.646Z",,,,,,,,,,,,,,,,,,,,,,,"Ci9DQUlRQUNvZENodHljRjlvT2s5VVozQlpVVGgwU25oaU5uazVlblJwWDJKc00wRRAB",,,,,,,,,,,,,"Google",,,"3",,,"2716","2026-08-08T16:42:14.542Z","Direct Detail URL: https://www.google.com/maps/place/Rukito+Grill%26Drink+-+Alborada/@-2.1347917,-79.9223432,12.98z/data=!4m10!1m2!2m1!1srukito!3m6!1s0x902d6df1a996d4db:0xbdce0622e280c56b!8m2!3d-2.1367108!4d-79.9020534!15sCgZydWtpdG9aCCIGcnVraXRvkgEKcmVzdGF1cmFudOABAA!16s%2Fg%2F11h766fq7s?entry=ttu&g_ep=EgoyMDI2MDgwNS4xIKXMDSoASAFQAw%3D%3D","4",,,"false","La atención prestada no fue la mejor",,"Rukito Grill&Drink - Alborada","4.5",,"https://www.google.com/maps/search/?api=1&query=Rukito%20Grill%26Drink%20-%20Alborada&query_place_id=ChIJ29SWqfFtLZARa8WA4iIGzr0",
"090509 Guayaquil, Ecuador","Restaurante","Restaurante","13676875865269519723","Guayaquil","EC","0x902d6df1a996d4db:0xbdce0622e280c56b",,"https://lh3.googleusercontent.com/gps-cs-s/AHRPTWnKUT7j8DXMVSe53pzbJl3CFfNDuEm9zljfvSuYIKrPFcEqIJod38gRQWhMyZiIWqd0rOe8pKtahHG2fjWFOtAmkbY6jlw0_irNRCAImjYSuBg2dZVczJYo7ueHW7OnZODMTOn2IA=w408-h725-k-no","false","true","/g/11h766fq7s","es-419","0","-2.1367108","-79.9020534",,"Alborada Este","es","false","ChIJ29SWqfFtLZARa8WA4iIGzr0","090509","$10-20","Hace 4 meses","2026-03-27T15:09:37.809Z",,,,,,,,,"Ruidoso, pero se puede hablar",,,,"$15-20",,"Apto para grupos de todos los tamaños","De 10 a 30 min",,,,"5","5","5","Ci9DQUlRQUNvZENodHljRjlvT21aRlRHVjJkV1JZYzBZd1JtSnpjV00zVUhkMWVuYxAB",,,,,,,,,,,,,"Google",,,"25",,,"2716","2026-08-08T16:42:14.542Z","Direct Detail URL: https://www.google.com/maps/place/Rukito+Grill%26Drink+-+Alborada/@-2.1347917,-79.9223432,12.98z/data=!4m10!1m2!2m1!1srukito!3m6!1s0x902d6df1a996d4db:0xbdce0622e280c56b!8m2!3d-2.1367108!4d-79.9020534!15sCgZydWtpdG9aCCIGcnVraXRvkgEKcmVzdGF1cmFudOABAA!16s%2Fg%2F11h766fq7s?entry=ttu&g_ep=EgoyMDI2MDgwNS4xIKXMDSoASAFQAw%3D%3D","5",,,"false","Pues las instalaciones están limpias el servicio no es muy rápido pero tolerable diría.",,"Rukito Grill&Drink - Alborada","4.5",,"https://www.google.com/maps/search/?api=1&query=Rukito%20Grill%26Drink%20-%20Alborada&query_place_id=ChIJ29SWqfFtLZARa8WA4iIGzr0",
"090509 Guayaquil, Ecuador","Restaurante","Restaurante","13676875865269519723","Guayaquil","EC","0x902d6df1a996d4db:0xbdce0622e280c56b",,"https://lh3.googleusercontent.com/gps-cs-s/AHRPTWnKUT7j8DXMVSe53pzbJl3CFfNDuEm9zljfvSuYIKrPFcEqIJod38gRQWhMyZiIWqd0rOe8pKtahHG2fjWFOtAmkbY6jlw0_irNRCAImjYSuBg2dZVczJYo7ueHW7OnZODMTOn2IA=w408-h725-k-no","false","true","/g/11h766fq7s","es-419","0","-2.1367108","-79.9020534",,"Alborada Este",,"false","ChIJ29SWqfFtLZARa8WA4iIGzr0","090509","$10-20","Hace 4 meses","2026-03-26T03:06:07.072Z",,,,,,,,,,,,,,,,,,,,"5","5","5","Ci9DQUlRQUNvZENodHljRjlvT2poTlUzRXhNVEJ1Ym5kSWFWODVSSFJwZFdzMGIxRRAB",,,,,,,,,,,,,"Google",,,"4",,,"2716","2026-08-08T16:42:14.542Z","Direct Detail URL: https://www.google.com/maps/place/Rukito+Grill%26Drink+-+Alborada/@-2.1347917,-79.9223432,12.98z/data=!4m10!1m2!2m1!1srukito!3m6!1s0x902d6df1a996d4db:0xbdce0622e280c56b!8m2!3d-2.1367108!4d-79.9020534!15sCgZydWtpdG9aCCIGcnVraXRvkgEKcmVzdGF1cmFudOABAA!16s%2Fg%2F11h766fq7s?entry=ttu&g_ep=EgoyMDI2MDgwNS4xIKXMDSoASAFQAw%3D%3D","5",,,"false",,,"Rukito Grill&Drink - Alborada","4.5",,"https://www.google.com/maps/search/?api=1&query=Rukito%20Grill%26Drink%20-%20Alborada&query_place_id=ChIJ29SWqfFtLZARa8WA4iIGzr0",
"090509 Guayaquil, Ecuador","Restaurante","Restaurante","13676875865269519723","Guayaquil","EC","0x902d6df1a996d4db:0xbdce0622e280c56b",,"https://lh3.googleusercontent.com/gps-cs-s/AHRPTWnKUT7j8DXMVSe53pzbJl3CFfNDuEm9zljfvSuYIKrPFcEqIJod38gRQWhMyZiIWqd0rOe8pKtahHG2fjWFOtAmkbY6jlw0_irNRCAImjYSuBg2dZVczJYo7ueHW7OnZODMTOn2IA=w408-h725-k-no","false","true","/g/11h766fq7s","es-419","0","-2.1367108","-79.9020534",,"Alborada Este",,"false","ChIJ29SWqfFtLZARa8WA4iIGzr0","090509","$10-20","Hace 4 meses","2026-03-25T16:45:58.441Z",,,,,,,,,,,,,"$35-40",,,,,,,,,,"Ci9DQUlRQUNvZENodHljRjlvT2sxcFpEQjJjMUpLWHkxRlVVNVhTbTQ1UTJWNFFYYxAB",,,,,,,,,,,,,"Google",,,"5",,,"2716","2026-08-08T16:42:14.542Z","Direct Detail URL: https://www.google.com/maps/place/Rukito+Grill%26Drink+-+Alborada/@-2.1347917,-79.9223432,12.98z/data=!4m10!1m2!2m1!1srukito!3m6!1s0x902d6df1a996d4db:0xbdce0622e280c56b!8m2!3d-2.1367108!4d-79.9020534!15sCgZydWtpdG9aCCIGcnVraXRvkgEKcmVzdGF1cmFudOABAA!16s%2Fg%2F11h766fq7s?entry=ttu&g_ep=EgoyMDI2MDgwNS4xIKXMDSoASAFQAw%3D%3D","5",,,"false",,,"Rukito Grill&Drink - Alborada","4.5",,"https://www.google.com/maps/search/?api=1&query=Rukito%20Grill%26Drink%20-%20Alborada&query_place_id=ChIJ29SWqfFtLZARa8WA4iIGzr0",
"090509 Guayaquil, Ecuador","Restaurante","Restaurante","13676875865269519723","Guayaquil","EC","0x902d6df1a996d4db:0xbdce0622e280c56b",,"https://lh3.googleusercontent.com/gps-cs-s/AHRPTWnKUT7j8DXMVSe53pzbJl3CFfNDuEm9zljfvSuYIKrPFcEqIJod38gRQWhMyZiIWqd0rOe8pKtahHG2fjWFOtAmkbY6jlw0_irNRCAImjYSuBg2dZVczJYo7ueHW7OnZODMTOn2IA=w408-h725-k-no","false","true","/g/11h766fq7s","es-419","0","-2.1367108","-79.9020534",,"Alborada Este","es","false","ChIJ29SWqfFtLZARa8WA4iIGzr0","090509","$10-20","Hace 4 meses","2026-03-24T21:50:28.077Z",,,,,,,,,,,,,"$15-20","No se requiere hacer una reserva",,"De 10 a 30 min","Comedor cubierto",,,"5","5","5","Ci9DQUlRQUNvZENodHljRjlvT25oRWFGZGtUamRUV2tsc1NXcEljRzh3WkdoRVJHYxAB",,,,,,,,,,,,,"Google",,,"21",,,"2716","2026-08-08T16:42:14.542Z","Direct Detail URL: https://www.google.com/maps/place/Rukito+Grill%26Drink+-+Alborada/@-2.1347917,-79.9223432,12.98z/data=!4m10!1m2!2m1!1srukito!3m6!1s0x902d6df1a996d4db:0xbdce0622e280c56b!8m2!3d-2.1367108!4d-79.9020534!15sCgZydWtpdG9aCCIGcnVraXRvkgEKcmVzdGF1cmFudOABAA!16s%2Fg%2F11h766fq7s?entry=ttu&g_ep=EgoyMDI2MDgwNS4xIKXMDSoASAFQAw%3D%3D","5",,,"false","La comida muy buena sin lugar a duda, la atención súper bien, no tengo quejas, vuelvo cada que tengo la oportunidad.",,"Rukito Grill&Drink - Alborada","4.5",,"https://www.google.com/maps/search/?api=1&query=Rukito%20Grill%26Drink%20-%20Alborada&query_place_id=ChIJ29SWqfFtLZARa8WA4iIGzr0",
"090509 Guayaquil, Ecuador","Restaurante","Restaurante","13676875865269519723","Guayaquil","EC","0x902d6df1a996d4db:0xbdce0622e280c56b",,"https://lh3.googleusercontent.com/gps-cs-s/AHRPTWnKUT7j8DXMVSe53pzbJl3CFfNDuEm9zljfvSuYIKrPFcEqIJod38gRQWhMyZiIWqd0rOe8pKtahHG2fjWFOtAmkbY6jlw0_irNRCAImjYSuBg2dZVczJYo7ueHW7OnZODMTOn2IA=w408-h725-k-no","false","true","/g/11h766fq7s","es-419","0","-2.1367108","-79.9020534",,"Alborada Este","es","false","ChIJ29SWqfFtLZARa8WA4iIGzr0","090509","$10-20","Hace 4 meses","2026-03-24T19:54:49.794Z",,,,,,,,,,,,,,,,,,,,"5","5","5","Ci9DQUlRQUNvZENodHljRjlvT210NFNYTXphRlJyTFhWcU16RnhVWGhXY1V4dVpXYxAB","https://lh3.googleusercontent.com/grass-cs/ACvplmNhHEQGfBla_iCeGxY5p_3DjU_OJ7NnXT8OV54u9-mh7sJVZ4_EYl9zRPnWwbdoYOvFhKuqGNDCLm58JPExL6LSObI7IpZMiHocoapNSu2ocEjsw1_C8gAfy7tTS4-YhGbcR0WNpipdGHHa=k-no",,,,,,,,,,,,"Google",,,"23",,,"2716","2026-08-08T16:42:14.542Z","Direct Detail URL: https://www.google.com/maps/place/Rukito+Grill%26Drink+-+Alborada/@-2.1347917,-79.9223432,12.98z/data=!4m10!1m2!2m1!1srukito!3m6!1s0x902d6df1a996d4db:0xbdce0622e280c56b!8m2!3d-2.1367108!4d-79.9020534!15sCgZydWtpdG9aCCIGcnVraXRvkgEKcmVzdGF1cmFudOABAA!16s%2Fg%2F11h766fq7s?entry=ttu&g_ep=EgoyMDI2MDgwNS4xIKXMDSoASAFQAw%3D%3D","5",,,"false","La comida es muy buena, tienen que ir con mucha hambre",,"Rukito Grill&Drink - Alborada","4.5",,"https://www.google.com/maps/search/?api=1&query=Rukito%20Grill%26Drink%20-%20Alborada&query_place_id=ChIJ29SWqfFtLZARa8WA4iIGzr0",
"090509 Guayaquil, Ecuador","Restaurante","Restaurante","13676875865269519723","Guayaquil","EC","0x902d6df1a996d4db:0xbdce0622e280c56b",,"https://lh3.googleusercontent.com/gps-cs-s/AHRPTWnKUT7j8DXMVSe53pzbJl3CFfNDuEm9zljfvSuYIKrPFcEqIJod38gRQWhMyZiIWqd0rOe8pKtahHG2fjWFOtAmkbY6jlw0_irNRCAImjYSuBg2dZVczJYo7ueHW7OnZODMTOn2IA=w408-h725-k-no","false","true","/g/11h766fq7s","es-419","0","-2.1367108","-79.9020534",,"Alborada Este",,"false","ChIJ29SWqfFtLZARa8WA4iIGzr0","090509","$10-20","Hace 4 meses","2026-03-23T22:10:16.033Z",,,,,,,,,,,,,"$10-15",,,,,,,"5","5","5","Ci9DQUlRQUNvZENodHljRjlvT2poNlJreGtjV3A0U0d0bWIwUmxjRVYyV2xJeWFHYxAB",,,,,,,,,,,,,"Google",,,"9",,,"2716","2026-08-08T16:42:14.542Z","Direct Detail URL: https://www.google.com/maps/place/Rukito+Grill%26Drink+-+Alborada/@-2.1347917,-79.9223432,12.98z/data=!4m10!1m2!2m1!1srukito!3m6!1s0x902d6df1a996d4db:0xbdce0622e280c56b!8m2!3d-2.1367108!4d-79.9020534!15sCgZydWtpdG9aCCIGcnVraXRvkgEKcmVzdGF1cmFudOABAA!16s%2Fg%2F11h766fq7s?entry=ttu&g_ep=EgoyMDI2MDgwNS4xIKXMDSoASAFQAw%3D%3D","5",,,"false",,,"Rukito Grill&Drink - Alborada","4.5",,"https://www.google.com/maps/search/?api=1&query=Rukito%20Grill%26Drink%20-%20Alborada&query_place_id=ChIJ29SWqfFtLZARa8WA4iIGzr0",
"090509 Guayaquil, Ecuador","Restaurante","Restaurante","13676875865269519723","Guayaquil","EC","0x902d6df1a996d4db:0xbdce0622e280c56b",,"https://lh3.googleusercontent.com/gps-cs-s/AHRPTWnKUT7j8DXMVSe53pzbJl3CFfNDuEm9zljfvSuYIKrPFcEqIJod38gRQWhMyZiIWqd0rOe8pKtahHG2fjWFOtAmkbY6jlw0_irNRCAImjYSuBg2dZVczJYo7ueHW7OnZODMTOn2IA=w408-h725-k-no","false","false","/g/11h766fq7s","es-419","0","-2.1367108","-79.9020534",,"Alborada Este",,"false","ChIJ29SWqfFtLZARa8WA4iIGzr0","090509","$10-20","Hace 4 meses","2026-03-23T22:09:19.681Z",,,,,,,,,,,,,"$10-15",,,,,,,"5","5","5","Ci9DQUlRQUNvZENodHljRjlvT25KNE5uSjJiMmRTVnpaVWRuVlFRVFpWZWpkYWMxRRAB",,,,,,,,,,,,,"Google",,,"5",,,"2716","2026-08-08T16:42:14.542Z","Direct Detail URL: https://www.google.com/maps/place/Rukito+Grill%26Drink+-+Alborada/@-2.1347917,-79.9223432,12.98z/data=!4m10!1m2!2m1!1srukito!3m6!1s0x902d6df1a996d4db:0xbdce0622e280c56b!8m2!3d-2.1367108!4d-79.9020534!15sCgZydWtpdG9aCCIGcnVraXRvkgEKcmVzdGF1cmFudOABAA!16s%2Fg%2F11h766fq7s?entry=ttu&g_ep=EgoyMDI2MDgwNS4xIKXMDSoASAFQAw%3D%3D","5",,,"false",,,"Rukito Grill&Drink - Alborada","4.5",,"https://www.google.com/maps/search/?api=1&query=Rukito%20Grill%26Drink%20-%20Alborada&query_place_id=ChIJ29SWqfFtLZARa8WA4iIGzr0",
"090509 Guayaquil, Ecuador","Restaurante","Restaurante","13676875865269519723","Guayaquil","EC","0x902d6df1a996d4db:0xbdce0622e280c56b",,"https://lh3.googleusercontent.com/gps-cs-s/AHRPTWnKUT7j8DXMVSe53pzbJl3CFfNDuEm9zljfvSuYIKrPFcEqIJod38gRQWhMyZiIWqd0rOe8pKtahHG2fjWFOtAmkbY6jlw0_irNRCAImjYSuBg2dZVczJYo7ueHW7OnZODMTOn2IA=w408-h725-k-no","false","true","/g/11h766fq7s","es-419","0","-2.1367108","-79.9020534",,"Alborada Este",,"false","ChIJ29SWqfFtLZARa8WA4iIGzr0","090509","$10-20","Hace 4 meses","2026-03-23T19:48:37.420Z",,,,,,,,,,,,,"$10-15",,,,,,,"4","5","5","Ci9DQUlRQUNvZENodHljRjlvT2tsUVJrWTJabXN3Uld0Q1lWTjVlakJhU0daUmExRRAB",,,,,,,,,,,,,"Google",,,"38",,,"2716","2026-08-08T16:42:14.542Z","Direct Detail URL: https://www.google.com/maps/place/Rukito+Grill%26Drink+-+Alborada/@-2.1347917,-79.9223432,12.98z/data=!4m10!1m2!2m1!1srukito!3m6!1s0x902d6df1a996d4db:0xbdce0622e280c56b!8m2!3d-2.1367108!4d-79.9020534!15sCgZydWtpdG9aCCIGcnVraXRvkgEKcmVzdGF1cmFudOABAA!16s%2Fg%2F11h766fq7s?entry=ttu&g_ep=EgoyMDI2MDgwNS4xIKXMDSoASAFQAw%3D%3D","5",,,"false",,,"Rukito Grill&Drink - Alborada","4.5",,"https://www.google.com/maps/search/?api=1&query=Rukito%20Grill%26Drink%20-%20Alborada&query_place_id=ChIJ29SWqfFtLZARa8WA4iIGzr0",
"090509 Guayaquil, Ecuador","Restaurante","Restaurante","13676875865269519723","Guayaquil","EC","0x902d6df1a996d4db:0xbdce0622e280c56b",,"https://lh3.googleusercontent.com/gps-cs-s/AHRPTWnKUT7j8DXMVSe53pzbJl3CFfNDuEm9zljfvSuYIKrPFcEqIJod38gRQWhMyZiIWqd0rOe8pKtahHG2fjWFOtAmkbY6jlw0_irNRCAImjYSuBg2dZVczJYo7ueHW7OnZODMTOn2IA=w408-h725-k-no","false","false","/g/11h766fq7s","es-419","0","-2.1367108","-79.9020534",,"Alborada Este",,"false","ChIJ29SWqfFtLZARa8WA4iIGzr0","090509","$10-20","Hace 4 meses","2026-03-22T13:37:49.525Z",,,,,,,,,,,,,"$15-20",,"Apto para grupos de todos los tamaños","Sin espera",,"Almuerzo",,"5","5","5","Ci9DQUlRQUNvZENodHljRjlvT25WSVdHUkVVMlZZWXpsR2EzSkNMVWhGTkU1YVgxRRAB",,,,,,,,,,,,,"Google",,,"2",,,"2716","2026-08-08T16:42:14.542Z","Direct Detail URL: https://www.google.com/maps/place/Rukito+Grill%26Drink+-+Alborada/@-2.1347917,-79.9223432,12.98z/data=!4m10!1m2!2m1!1srukito!3m6!1s0x902d6df1a996d4db:0xbdce0622e280c56b!8m2!3d-2.1367108!4d-79.9020534!15sCgZydWtpdG9aCCIGcnVraXRvkgEKcmVzdGF1cmFudOABAA!16s%2Fg%2F11h766fq7s?entry=ttu&g_ep=EgoyMDI2MDgwNS4xIKXMDSoASAFQAw%3D%3D","5",,,"false",,,"Rukito Grill&Drink - Alborada","4.5",,"https://www.google.com/maps/search/?api=1&query=Rukito%20Grill%26Drink%20-%20Alborada&query_place_id=ChIJ29SWqfFtLZARa8WA4iIGzr0",
"090509 Guayaquil, Ecuador","Restaurante","Restaurante","13676875865269519723","Guayaquil","EC","0x902d6df1a996d4db:0xbdce0622e280c56b",,"https://lh3.googleusercontent.com/gps-cs-s/AHRPTWnKUT7j8DXMVSe53pzbJl3CFfNDuEm9zljfvSuYIKrPFcEqIJod38gRQWhMyZiIWqd0rOe8pKtahHG2fjWFOtAmkbY6jlw0_irNRCAImjYSuBg2dZVczJYo7ueHW7OnZODMTOn2IA=w408-h725-k-no","false","true","/g/11h766fq7s","es-419","0","-2.1367108","-79.9020534",,"Alborada Este",,"false","ChIJ29SWqfFtLZARa8WA4iIGzr0","090509","$10-20","Editado Hace 4 meses","2026-03-21T05:32:36.675Z",,,,,,,,,,,,,,,,,,,,"5","5","5","Ci9DQUlRQUNvZENodHljRjlvT2xOcFpVWjZaVW80TWpoc1JWWlVOVmRUWDJJeGJGRRAB",,,,,,,,,,,,,"Google",,,"0",,,"2716","2026-08-08T16:42:14.542Z","Direct Detail URL: https://www.google.com/maps/place/Rukito+Grill%26Drink+-+Alborada/@-2.1347917,-79.9223432,12.98z/data=!4m10!1m2!2m1!1srukito!3m6!1s0x902d6df1a996d4db:0xbdce0622e280c56b!8m2!3d-2.1367108!4d-79.9020534!15sCgZydWtpdG9aCCIGcnVraXRvkgEKcmVzdGF1cmFudOABAA!16s%2Fg%2F11h766fq7s?entry=ttu&g_ep=EgoyMDI2MDgwNS4xIKXMDSoASAFQAw%3D%3D","5",,,"false",,,"Rukito Grill&Drink - Alborada","4.5",,"https://www.google.com/maps/search/?api=1&query=Rukito%20Grill%26Drink%20-%20Alborada&query_place_id=ChIJ29SWqfFtLZARa8WA4iIGzr0",
"090509 Guayaquil, Ecuador","Restaurante","Restaurante","13676875865269519723","Guayaquil","EC","0x902d6df1a996d4db:0xbdce0622e280c56b",,"https://lh3.googleusercontent.com/gps-cs-s/AHRPTWnKUT7j8DXMVSe53pzbJl3CFfNDuEm9zljfvSuYIKrPFcEqIJod38gRQWhMyZiIWqd0rOe8pKtahHG2fjWFOtAmkbY6jlw0_irNRCAImjYSuBg2dZVczJYo7ueHW7OnZODMTOn2IA=w408-h725-k-no","false","true","/g/11h766fq7s","es-419","0","-2.1367108","-79.9020534",,"Alborada Este",,"false","ChIJ29SWqfFtLZARa8WA4iIGzr0","090509","$10-20","Hace 4 meses","2026-03-18T01:07:18.474Z",,,,,,,,,,,,,"$10-15",,,,,,,"5","4","4","Ci9DQUlRQUNvZENodHljRjlvT2twNmNuSlZaRkZrVkRSNWF6UkpjM1p4YTFCdmIxRRAB",,,,,,,,,,,,,"Google",,,"1",,,"2716","2026-08-08T16:42:14.542Z","Direct Detail URL: https://www.google.com/maps/place/Rukito+Grill%26Drink+-+Alborada/@-2.1347917,-79.9223432,12.98z/data=!4m10!1m2!2m1!1srukito!3m6!1s0x902d6df1a996d4db:0xbdce0622e280c56b!8m2!3d-2.1367108!4d-79.9020534!15sCgZydWtpdG9aCCIGcnVraXRvkgEKcmVzdGF1cmFudOABAA!16s%2Fg%2F11h766fq7s?entry=ttu&g_ep=EgoyMDI2MDgwNS4xIKXMDSoASAFQAw%3D%3D","5",,,"false",,,"Rukito Grill&Drink - Alborada","4.5",,"https://www.google.com/maps/search/?api=1&query=Rukito%20Grill%26Drink%20-%20Alborada&query_place_id=ChIJ29SWqfFtLZARa8WA4iIGzr0",
"090509 Guayaquil, Ecuador","Restaurante","Restaurante","13676875865269519723","Guayaquil","EC","0x902d6df1a996d4db:0xbdce0622e280c56b",,"https://lh3.googleusercontent.com/gps-cs-s/AHRPTWnKUT7j8DXMVSe53pzbJl3CFfNDuEm9zljfvSuYIKrPFcEqIJod38gRQWhMyZiIWqd0rOe8pKtahHG2fjWFOtAmkbY6jlw0_irNRCAImjYSuBg2dZVczJYo7ueHW7OnZODMTOn2IA=w408-h725-k-no","false","true","/g/11h766fq7s","es-419","0","-2.1367108","-79.9020534",,"Alborada Este","es","false","ChIJ29SWqfFtLZARa8WA4iIGzr0","090509","$10-20","Editado Hace 4 meses","2026-03-16T19:09:15.273Z",,,,,,,,,,,,,"$10-15",,,,,,,"3","5","4","ChZDSUhNMG9nS0VJQ0FnSUNCbHVxYUZ3EAE",,,,,,,,,,,,,"Google",,,"75",,,"2716","2026-08-08T16:42:14.542Z","Direct Detail URL: https://www.google.com/maps/place/Rukito+Grill%26Drink+-+Alborada/@-2.1347917,-79.9223432,12.98z/data=!4m10!1m2!2m1!1srukito!3m6!1s0x902d6df1a996d4db:0xbdce0622e280c56b!8m2!3d-2.1367108!4d-79.9020534!15sCgZydWtpdG9aCCIGcnVraXRvkgEKcmVzdGF1cmFudOABAA!16s%2Fg%2F11h766fq7s?entry=ttu&g_ep=EgoyMDI2MDgwNS4xIKXMDSoASAFQAw%3D%3D","3",,,"false","El.local es pequeño y hay que hacer cola a veces hasta 20 minutos pero muy buenos precios y buena comida",,"Rukito Grill&Drink - Alborada","4.5",,"https://www.google.com/maps/search/?api=1&query=Rukito%20Grill%26Drink%20-%20Alborada&query_place_id=ChIJ29SWqfFtLZARa8WA4iIGzr0",
"090509 Guayaquil, Ecuador","Restaurante","Restaurante","13676875865269519723","Guayaquil","EC","0x902d6df1a996d4db:0xbdce0622e280c56b",,"https://lh3.googleusercontent.com/gps-cs-s/AHRPTWnKUT7j8DXMVSe53pzbJl3CFfNDuEm9zljfvSuYIKrPFcEqIJod38gRQWhMyZiIWqd0rOe8pKtahHG2fjWFOtAmkbY6jlw0_irNRCAImjYSuBg2dZVczJYo7ueHW7OnZODMTOn2IA=w408-h725-k-no","false","false","/g/11h766fq7s","es-419","0","-2.1367108","-79.9020534",,"Alborada Este",,"false","ChIJ29SWqfFtLZARa8WA4iIGzr0","090509","$10-20","Hace 4 meses","2026-03-14T07:48:21.750Z",,,,,,,,,,,,,,,,,,,,,,,"Ci9DQUlRQUNvZENodHljRjlvT2xZdE9FdFRPVTl5V1UxSmNUSXRiVWhtVm5sRmEzYxAB",,,,,,,,,,,,,"Google",,,"0",,,"2716","2026-08-08T16:42:14.542Z","Direct Detail URL: https://www.google.com/maps/place/Rukito+Grill%26Drink+-+Alborada/@-2.1347917,-79.9223432,12.98z/data=!4m10!1m2!2m1!1srukito!3m6!1s0x902d6df1a996d4db:0xbdce0622e280c56b!8m2!3d-2.1367108!4d-79.9020534!15sCgZydWtpdG9aCCIGcnVraXRvkgEKcmVzdGF1cmFudOABAA!16s%2Fg%2F11h766fq7s?entry=ttu&g_ep=EgoyMDI2MDgwNS4xIKXMDSoASAFQAw%3D%3D","5",,,"false",,,"Rukito Grill&Drink - Alborada","4.5",,"https://www.google.com/maps/search/?api=1&query=Rukito%20Grill%26Drink%20-%20Alborada&query_place_id=ChIJ29SWqfFtLZARa8WA4iIGzr0",
"090509 Guayaquil, Ecuador","Restaurante","Restaurante","13676875865269519723","Guayaquil","EC","0x902d6df1a996d4db:0xbdce0622e280c56b",,"https://lh3.googleusercontent.com/gps-cs-s/AHRPTWnKUT7j8DXMVSe53pzbJl3CFfNDuEm9zljfvSuYIKrPFcEqIJod38gRQWhMyZiIWqd0rOe8pKtahHG2fjWFOtAmkbY6jlw0_irNRCAImjYSuBg2dZVczJYo7ueHW7OnZODMTOn2IA=w408-h725-k-no","false","false","/g/11h766fq7s","es-419","0","-2.1367108","-79.9020534",,"Alborada Este",,"false","ChIJ29SWqfFtLZARa8WA4iIGzr0","090509","$10-20","Hace 4 meses","2026-03-12T04:20:33.477Z",,,,,,,,,,,,,"$25-30",,,,,,,,,,"Ci9DQUlRQUNvZENodHljRjlvT21KSlowWlVjbWxxTkVKdWFuWnBabXczU0hCcE4wRRAB",,,,,,,,,,,,,"Google",,,"0",,,"2716","2026-08-08T16:42:14.542Z","Direct Detail URL: https://www.google.com/maps/place/Rukito+Grill%26Drink+-+Alborada/@-2.1347917,-79.9223432,12.98z/data=!4m10!1m2!2m1!1srukito!3m6!1s0x902d6df1a996d4db:0xbdce0622e280c56b!8m2!3d-2.1367108!4d-79.9020534!15sCgZydWtpdG9aCCIGcnVraXRvkgEKcmVzdGF1cmFudOABAA!16s%2Fg%2F11h766fq7s?entry=ttu&g_ep=EgoyMDI2MDgwNS4xIKXMDSoASAFQAw%3D%3D","5",,,"false",,,"Rukito Grill&Drink - Alborada","4.5",,"https://www.google.com/maps/search/?api=1&query=Rukito%20Grill%26Drink%20-%20Alborada&query_place_id=ChIJ29SWqfFtLZARa8WA4iIGzr0",
"090509 Guayaquil, Ecuador","Restaurante","Restaurante","13676875865269519723","Guayaquil","EC","0x902d6df1a996d4db:0xbdce0622e280c56b",,"https://lh3.googleusercontent.com/gps-cs-s/AHRPTWnKUT7j8DXMVSe53pzbJl3CFfNDuEm9zljfvSuYIKrPFcEqIJod38gRQWhMyZiIWqd0rOe8pKtahHG2fjWFOtAmkbY6jlw0_irNRCAImjYSuBg2dZVczJYo7ueHW7OnZODMTOn2IA=w408-h725-k-no","false","true","/g/11h766fq7s","es-419","0","-2.1367108","-79.9020534",,"Alborada Este","es","false","ChIJ29SWqfFtLZARa8WA4iIGzr0","090509","$10-20","Hace 4 meses","2026-03-11T23:35:36.289Z",,,,,,,,,"Silencioso, agradable para conversar",,,,,"Reserva obligatoria",,"De 30 a 60 min",,,,"5","5","5","Ci9DQUlRQUNvZENodHljRjlvT21WM05XODBZbTg0Y1VaYVVWRlJXWE0zVUc5a1EzYxAB",,,,,,,,,,,,,"Google",,,"99",,,"2716","2026-08-08T16:42:14.542Z","Direct Detail URL: https://www.google.com/maps/place/Rukito+Grill%26Drink+-+Alborada/@-2.1347917,-79.9223432,12.98z/data=!4m10!1m2!2m1!1srukito!3m6!1s0x902d6df1a996d4db:0xbdce0622e280c56b!8m2!3d-2.1367108!4d-79.9020534!15sCgZydWtpdG9aCCIGcnVraXRvkgEKcmVzdGF1cmFudOABAA!16s%2Fg%2F11h766fq7s?entry=ttu&g_ep=EgoyMDI2MDgwNS4xIKXMDSoASAFQAw%3D%3D","5",,,"false","Una sola palabra excelente",,"Rukito Grill&Drink - Alborada","4.5",,"https://www.google.com/maps/search/?api=1&query=Rukito%20Grill%26Drink%20-%20Alborada&query_place_id=ChIJ29SWqfFtLZARa8WA4iIGzr0",
"090509 Guayaquil, Ecuador","Restaurante","Restaurante","13676875865269519723","Guayaquil","EC","0x902d6df1a996d4db:0xbdce0622e280c56b",,"https://lh3.googleusercontent.com/gps-cs-s/AHRPTWnKUT7j8DXMVSe53pzbJl3CFfNDuEm9zljfvSuYIKrPFcEqIJod38gRQWhMyZiIWqd0rOe8pKtahHG2fjWFOtAmkbY6jlw0_irNRCAImjYSuBg2dZVczJYo7ueHW7OnZODMTOn2IA=w408-h725-k-no","false","true","/g/11h766fq7s","es-419","0","-2.1367108","-79.9020534",,"Alborada Este","es","false","ChIJ29SWqfFtLZARa8WA4iIGzr0","090509","$10-20","Hace 4 meses","2026-03-11T17:35:58.403Z",,,,,,,,,"Silencioso, agradable para conversar",,,,"Más de $50","No se requiere hacer una reserva",,"Sin espera",,,,"5","5","5","Ci9DQUlRQUNvZENodHljRjlvT2tkSlVUQkNUbGxMZWpCVVpVVmFObmhMYjFBd2FWRRAB",,,,,,,,,,,,,"Google",,,"23",,,"2716","2026-08-08T16:42:14.542Z","Direct Detail URL: https://www.google.com/maps/place/Rukito+Grill%26Drink+-+Alborada/@-2.1347917,-79.9223432,12.98z/data=!4m10!1m2!2m1!1srukito!3m6!1s0x902d6df1a996d4db:0xbdce0622e280c56b!8m2!3d-2.1367108!4d-79.9020534!15sCgZydWtpdG9aCCIGcnVraXRvkgEKcmVzdGF1cmFudOABAA!16s%2Fg%2F11h766fq7s?entry=ttu&g_ep=EgoyMDI2MDgwNS4xIKXMDSoASAFQAw%3D%3D","5",,,"false","Un lugar que realmente sorprende. Desde que entras, el ambiente te envuelve cálido, acogedor y con una decoración que tiene personalidad propia. No es uno más; se nota que hay cuidado en cada detalle.
La comida, excelente.
Los sabores están bien equilibrados, las porciones son generosas y se nota que usan ingredientes frescos. Pedimos varios platillos y todos llegaron en buen punto, bien presentados y a buena temperatura.
El servicio fue atento sin ser pesado ese equilibrio perfecto que pocos logran. Nos hicieron sentir bienvenidos desde el inicio.
El ambiente es ideal tanto para una salida en familia como para una cena más especial. Música agradable, buena iluminación y mesas cómodas.
Definitivamente regresaremos. Lo recomiendo sin dudarlo 👏",,"Rukito Grill&Drink - Alborada","4.5",,"https://www.google.com/maps/search/?api=1&query=Rukito%20Grill%26Drink%20-%20Alborada&query_place_id=ChIJ29SWqfFtLZARa8WA4iIGzr0",
"090509 Guayaquil, Ecuador","Restaurante","Restaurante","13676875865269519723","Guayaquil","EC","0x902d6df1a996d4db:0xbdce0622e280c56b",,"https://lh3.googleusercontent.com/gps-cs-s/AHRPTWnKUT7j8DXMVSe53pzbJl3CFfNDuEm9zljfvSuYIKrPFcEqIJod38gRQWhMyZiIWqd0rOe8pKtahHG2fjWFOtAmkbY6jlw0_irNRCAImjYSuBg2dZVczJYo7ueHW7OnZODMTOn2IA=w408-h725-k-no","false","false","/g/11h766fq7s","es-419","0","-2.1367108","-79.9020534",,"Alborada Este",,"false","ChIJ29SWqfFtLZARa8WA4iIGzr0","090509","$10-20","Hace 4 meses","2026-03-11T15:09:06.410Z",,,,,,,,,"Ruido moderado",,,,"$25-30","No se requiere hacer una reserva",,"Sin espera",,,,"5","5","5","Ci9DQUlRQUNvZENodHljRjlvT2xOaVVUSktUMmRxU0RaVU0xSXpWa0pCUTJzemJVRRAB",,,,,,,,,,,,,"Google",,,"5",,,"2716","2026-08-08T16:42:14.542Z","Direct Detail URL: https://www.google.com/maps/place/Rukito+Grill%26Drink+-+Alborada/@-2.1347917,-79.9223432,12.98z/data=!4m10!1m2!2m1!1srukito!3m6!1s0x902d6df1a996d4db:0xbdce0622e280c56b!8m2!3d-2.1367108!4d-79.9020534!15sCgZydWtpdG9aCCIGcnVraXRvkgEKcmVzdGF1cmFudOABAA!16s%2Fg%2F11h766fq7s?entry=ttu&g_ep=EgoyMDI2MDgwNS4xIKXMDSoASAFQAw%3D%3D","5",,,"false",,,"Rukito Grill&Drink - Alborada","4.5",,"https://www.google.com/maps/search/?api=1&query=Rukito%20Grill%26Drink%20-%20Alborada&query_place_id=ChIJ29SWqfFtLZARa8WA4iIGzr0",
"090509 Guayaquil, Ecuador","Restaurante","Restaurante","13676875865269519723","Guayaquil","EC","0x902d6df1a996d4db:0xbdce0622e280c56b",,"https://lh3.googleusercontent.com/gps-cs-s/AHRPTWnKUT7j8DXMVSe53pzbJl3CFfNDuEm9zljfvSuYIKrPFcEqIJod38gRQWhMyZiIWqd0rOe8pKtahHG2fjWFOtAmkbY6jlw0_irNRCAImjYSuBg2dZVczJYo7ueHW7OnZODMTOn2IA=w408-h725-k-no","false","true","/g/11h766fq7s","es-419","0","-2.1367108","-79.9020534",,"Alborada Este","es","false","ChIJ29SWqfFtLZARa8WA4iIGzr0","090509","$10-20","Hace 5 meses","2026-03-07T18:23:24.683Z",,,,,,,,,,,,,"$10-15",,"3 o 4 personas","De 10 a 30 min","Comedor cubierto, Área de bar, Patio o terraza al aire libre, Asientos tipo cabina, Asientos en la barra, Comedor privado",,,"4","4","3","Ci9DQUlRQUNvZENodHljRjlvT2s1VWRuaFZkVjgwYzBSSVkxa3RYMmRZV2pjNE9WRRAB","https://lh3.googleusercontent.com/grass-cs/ACvplmNXp022IMjZXvvqgp9yY4NrNRFmLqmr0zSC7ep-fZqXMOqcvFlcH_XcASVLPCDNh0J23Kvem9iKjWDh8BcSVRG9kHL4ox-LZi_uTEhRZmk9rlXu6Vrt_h1l5zIxTIqz3HQlMYH8PbpKcoVQ=k-no","https://lh3.googleusercontent.com/grass-cs/ACvplmMYu-_rR8QC6wPodZ0JHnznxpU1yq53BWeOpsT45iku7EbIqtrTkVTT8n7mOJFloyfd0ldV2bvP2fCFGo6zcyY2nonw0FnKx7-RzZKcyg_G6NeJuAPv-heRFVvwprz3ijPK6YvxXhdaCZA7=k-no","https://lh3.googleusercontent.com/grass-cs/ACvplmPRMzGxsqEhLYu0iDj8f9-jygfrSUmn_NFtWcljq4_Tle2mVaeA0INY6bilz2eApZFpnCy1xMCxWrtyOLK2FwT4Fwosn7bykwBgxn7f_bL-AeJ4yY1UcT_4imECmNlD4IAO0E_MxyR0DCg=k-no",,,,,,,,,,"Google",,,"16",,,"2716","2026-08-08T16:42:14.542Z","Direct Detail URL: https://www.google.com/maps/place/Rukito+Grill%26Drink+-+Alborada/@-2.1347917,-79.9223432,12.98z/data=!4m10!1m2!2m1!1srukito!3m6!1s0x902d6df1a996d4db:0xbdce0622e280c56b!8m2!3d-2.1367108!4d-79.9020534!15sCgZydWtpdG9aCCIGcnVraXRvkgEKcmVzdGF1cmFudOABAA!16s%2Fg%2F11h766fq7s?entry=ttu&g_ep=EgoyMDI2MDgwNS4xIKXMDSoASAFQAw%3D%3D","4",,,"false","Las Carnes son muy buenas, el servicio es lentísimo pero vale la pena",,"Rukito Grill&Drink - Alborada","4.5",,"https://www.google.com/maps/search/?api=1&query=Rukito%20Grill%26Drink%20-%20Alborada&query_place_id=ChIJ29SWqfFtLZARa8WA4iIGzr0",
"090509 Guayaquil, Ecuador","Restaurante","Restaurante","13676875865269519723","Guayaquil","EC","0x902d6df1a996d4db:0xbdce0622e280c56b",,"https://lh3.googleusercontent.com/gps-cs-s/AHRPTWnKUT7j8DXMVSe53pzbJl3CFfNDuEm9zljfvSuYIKrPFcEqIJod38gRQWhMyZiIWqd0rOe8pKtahHG2fjWFOtAmkbY6jlw0_irNRCAImjYSuBg2dZVczJYo7ueHW7OnZODMTOn2IA=w408-h725-k-no","false","true","/g/11h766fq7s","es-419","0","-2.1367108","-79.9020534",,"Alborada Este",,"false","ChIJ29SWqfFtLZARa8WA4iIGzr0","090509","$10-20","Hace 5 meses","2026-03-02T00:03:07.090Z",,,,,,,,,,,,,,,,,,,,"3","5","4","Ci9DQUlRQUNvZENodHljRjlvT2tkTVpEVkxiM2xFYzFSSk1UbHljV0oyV0hGaWQxRRAB","https://lh3.googleusercontent.com/grass-cs/ACvplmNwVHAK8mBnR6OxdwpdR4GYkQNj0gXLFZuGGGQbHhHMpllFKcekNEa_ZF_BMjqZEI59uZbkABaSOWuw6a3_Y2SorGQWXaskoYYG6K47d4Ru_EvePRMeEfPxaBcyDzJ5fCmDccI3RegbW4Vq=k-no","https://lh3.googleusercontent.com/grass-cs/ACvplmPeaUTz_H7EcQTmX_v_TjuWiRGaXfobTM6J7rumAP0NzgYIxPc3DDrl6kg243SkO-4Dlqju-ZtTcYMQyd7GUVCxYxpGkAUvxThPWmlqjLs6H1gp6ke0QWC8m6viuRdcGbF4aPcPIZR9tqg=k-no",,,,,,,,,,,"Google",,,"32",,,"2716","2026-08-08T16:42:14.542Z","Direct Detail URL: https://www.google.com/maps/place/Rukito+Grill%26Drink+-+Alborada/@-2.1347917,-79.9223432,12.98z/data=!4m10!1m2!2m1!1srukito!3m6!1s0x902d6df1a996d4db:0xbdce0622e280c56b!8m2!3d-2.1367108!4d-79.9020534!15sCgZydWtpdG9aCCIGcnVraXRvkgEKcmVzdGF1cmFudOABAA!16s%2Fg%2F11h766fq7s?entry=ttu&g_ep=EgoyMDI2MDgwNS4xIKXMDSoASAFQAw%3D%3D","5",,,"false",,,"Rukito Grill&Drink - Alborada","4.5",,"https://www.google.com/maps/search/?api=1&query=Rukito%20Grill%26Drink%20-%20Alborada&query_place_id=ChIJ29SWqfFtLZARa8WA4iIGzr0",
"090509 Guayaquil, Ecuador","Restaurante","Restaurante","13676875865269519723","Guayaquil","EC","0x902d6df1a996d4db:0xbdce0622e280c56b",,"https://lh3.googleusercontent.com/gps-cs-s/AHRPTWnKUT7j8DXMVSe53pzbJl3CFfNDuEm9zljfvSuYIKrPFcEqIJod38gRQWhMyZiIWqd0rOe8pKtahHG2fjWFOtAmkbY6jlw0_irNRCAImjYSuBg2dZVczJYo7ueHW7OnZODMTOn2IA=w408-h725-k-no","false","false","/g/11h766fq7s","es-419","0","-2.1367108","-79.9020534",,"Alborada Este","es","false","ChIJ29SWqfFtLZARa8WA4iIGzr0","090509","$10-20","Hace 5 meses","2026-03-01T19:18:56.206Z",,,,,,,,,"Silencioso, agradable para conversar",,,,"$15-20",,,"De 10 a 30 min",,,,"5","5","4","Ci9DQUlRQUNvZENodHljRjlvT210Q1ExVmZNV3h3TTBoTWFFOUVUMGRQUlhKM1pGRRAB",,,,,,,,,,,,,"Google",,,"2",,,"2716","2026-08-08T16:42:14.542Z","Direct Detail URL: https://www.google.com/maps/place/Rukito+Grill%26Drink+-+Alborada/@-2.1347917,-79.9223432,12.98z/data=!4m10!1m2!2m1!1srukito!3m6!1s0x902d6df1a996d4db:0xbdce0622e280c56b!8m2!3d-2.1367108!4d-79.9020534!15sCgZydWtpdG9aCCIGcnVraXRvkgEKcmVzdGF1cmFudOABAA!16s%2Fg%2F11h766fq7s?entry=ttu&g_ep=EgoyMDI2MDgwNS4xIKXMDSoASAFQAw%3D%3D","5",,,"false","Bello",,"Rukito Grill&Drink - Alborada","4.5",,"https://www.google.com/maps/search/?api=1&query=Rukito%20Grill%26Drink%20-%20Alborada&query_place_id=ChIJ29SWqfFtLZARa8WA4iIGzr0",
"090509 Guayaquil, Ecuador","Restaurante","Restaurante","13676875865269519723","Guayaquil","EC","0x902d6df1a996d4db:0xbdce0622e280c56b",,"https://lh3.googleusercontent.com/gps-cs-s/AHRPTWnKUT7j8DXMVSe53pzbJl3CFfNDuEm9zljfvSuYIKrPFcEqIJod38gRQWhMyZiIWqd0rOe8pKtahHG2fjWFOtAmkbY6jlw0_irNRCAImjYSuBg2dZVczJYo7ueHW7OnZODMTOn2IA=w408-h725-k-no","false","false","/g/11h766fq7s","es-419","0","-2.1367108","-79.9020534",,"Alborada Este","es","false","ChIJ29SWqfFtLZARa8WA4iIGzr0","090509","$10-20","Hace 5 meses","2026-03-01T02:30:09.870Z",,,,,,,,,,,,,,,,,,,,,,,"Ci9DQUlRQUNvZENodHljRjlvT2pndGNHSlZaRnBRWVhWMWJIcEdhVTVNWjJjM1gwRRAB",,,,,,,,,,,,,"Google",,,"3",,,"2716","2026-08-08T16:42:14.542Z","Direct Detail URL: https://www.google.com/maps/place/Rukito+Grill%26Drink+-+Alborada/@-2.1347917,-79.9223432,12.98z/data=!4m10!1m2!2m1!1srukito!3m6!1s0x902d6df1a996d4db:0xbdce0622e280c56b!8m2!3d-2.1367108!4d-79.9020534!15sCgZydWtpdG9aCCIGcnVraXRvkgEKcmVzdGF1cmFudOABAA!16s%2Fg%2F11h766fq7s?entry=ttu&g_ep=EgoyMDI2MDgwNS4xIKXMDSoASAFQAw%3D%3D","1",,,"false","Pésima atención poco recomendable",,"Rukito Grill&Drink - Alborada","4.5",,"https://www.google.com/maps/search/?api=1&query=Rukito%20Grill%26Drink%20-%20Alborada&query_place_id=ChIJ29SWqfFtLZARa8WA4iIGzr0",
"090509 Guayaquil, Ecuador","Restaurante","Restaurante","13676875865269519723","Guayaquil","EC","0x902d6df1a996d4db:0xbdce0622e280c56b",,"https://lh3.googleusercontent.com/gps-cs-s/AHRPTWnKUT7j8DXMVSe53pzbJl3CFfNDuEm9zljfvSuYIKrPFcEqIJod38gRQWhMyZiIWqd0rOe8pKtahHG2fjWFOtAmkbY6jlw0_irNRCAImjYSuBg2dZVczJYo7ueHW7OnZODMTOn2IA=w408-h725-k-no","false","false","/g/11h766fq7s","es-419","0","-2.1367108","-79.9020534",,"Alborada Este",,"false","ChIJ29SWqfFtLZARa8WA4iIGzr0","090509","$10-20","Hace 5 meses","2026-02-28T22:05:49.197Z",,,,,,,,,,,,,,,,,,,,"5","5","5","Ci9DQUlRQUNvZENodHljRjlvT2xWaFV6aHJPRjg0UzB4TFJpMTRWMEV5VEd0NVpWRRAB",,,,,,,,,,,,,"Google",,,"0",,,"2716","2026-08-08T16:42:14.542Z","Direct Detail URL: https://www.google.com/maps/place/Rukito+Grill%26Drink+-+Alborada/@-2.1347917,-79.9223432,12.98z/data=!4m10!1m2!2m1!1srukito!3m6!1s0x902d6df1a996d4db:0xbdce0622e280c56b!8m2!3d-2.1367108!4d-79.9020534!15sCgZydWtpdG9aCCIGcnVraXRvkgEKcmVzdGF1cmFudOABAA!16s%2Fg%2F11h766fq7s?entry=ttu&g_ep=EgoyMDI2MDgwNS4xIKXMDSoASAFQAw%3D%3D","5",,,"false",,,"Rukito Grill&Drink - Alborada","4.5",,"https://www.google.com/maps/search/?api=1&query=Rukito%20Grill%26Drink%20-%20Alborada&query_place_id=ChIJ29SWqfFtLZARa8WA4iIGzr0",
"090509 Guayaquil, Ecuador","Restaurante","Restaurante","13676875865269519723","Guayaquil","EC","0x902d6df1a996d4db:0xbdce0622e280c56b",,"https://lh3.googleusercontent.com/gps-cs-s/AHRPTWnKUT7j8DXMVSe53pzbJl3CFfNDuEm9zljfvSuYIKrPFcEqIJod38gRQWhMyZiIWqd0rOe8pKtahHG2fjWFOtAmkbY6jlw0_irNRCAImjYSuBg2dZVczJYo7ueHW7OnZODMTOn2IA=w408-h725-k-no","false","false","/g/11h766fq7s","es-419","0","-2.1367108","-79.9020534",,"Alborada Este",,"false","ChIJ29SWqfFtLZARa8WA4iIGzr0","090509","$10-20","Hace 5 meses","2026-02-28T01:28:31.732Z",,,,,,,,,,,,,,,,,,,,,,,"Ci9DQUlRQUNvZENodHljRjlvT25adlMySnBMVkJvUnkwd1NXVnpMWGs1ZUVkMk4wRRAB","https://lh3.googleusercontent.com/grass-cs/ACvplmMqazOG6A7ASQ98cjM533fN2RldjF-1Hi_81ExjAI2zjp9cERhvHjxACZ2tlUBcdek5Py5_8U7YY8hYH2L7CJbNlZYkNwAG89Z6agKCKGi3maeGKiKot82h_pZrD3D78w2rP1Z9Bd-YBzzB=k-no","https://lh3.googleusercontent.com/grass-cs/ACvplmMTJQAduo-7ADeiWsEGVTAeudxRMhGgZ-1BnMaUni7FGdm2I_iJZoWnovKGI6A90e_JucNs8_xUztCiAdGJ9DZGuG1bXHR_ezQeU0mPKpc9_z4F3-g0icCQzc5eNewNzI5pkuHpWGpnpOlY=k-no",,,,,,,,,,,"Google",,,"0",,,"2716","2026-08-08T16:42:14.542Z","Direct Detail URL: https://www.google.com/maps/place/Rukito+Grill%26Drink+-+Alborada/@-2.1347917,-79.9223432,12.98z/data=!4m10!1m2!2m1!1srukito!3m6!1s0x902d6df1a996d4db:0xbdce0622e280c56b!8m2!3d-2.1367108!4d-79.9020534!15sCgZydWtpdG9aCCIGcnVraXRvkgEKcmVzdGF1cmFudOABAA!16s%2Fg%2F11h766fq7s?entry=ttu&g_ep=EgoyMDI2MDgwNS4xIKXMDSoASAFQAw%3D%3D","3",,,"false",,,"Rukito Grill&Drink - Alborada","4.5",,"https://www.google.com/maps/search/?api=1&query=Rukito%20Grill%26Drink%20-%20Alborada&query_place_id=ChIJ29SWqfFtLZARa8WA4iIGzr0",
"090509 Guayaquil, Ecuador","Restaurante","Restaurante","13676875865269519723","Guayaquil","EC","0x902d6df1a996d4db:0xbdce0622e280c56b",,"https://lh3.googleusercontent.com/gps-cs-s/AHRPTWnKUT7j8DXMVSe53pzbJl3CFfNDuEm9zljfvSuYIKrPFcEqIJod38gRQWhMyZiIWqd0rOe8pKtahHG2fjWFOtAmkbY6jlw0_irNRCAImjYSuBg2dZVczJYo7ueHW7OnZODMTOn2IA=w408-h725-k-no","false","false","/g/11h766fq7s","es-419","0","-2.1367108","-79.9020534",,"Alborada Este","es","false","ChIJ29SWqfFtLZARa8WA4iIGzr0","090509","$10-20","Hace 5 meses","2026-02-27T20:40:36.365Z",,,,,,,,"No lo sé",,,,,"Más de $50",,,"De 10 a 30 min",,,,"1","4","2","Ci9DQUlRQUNvZENodHljRjlvT2tsR1dXRlRWVk0yUVZaV1dYTlZabTU0VFRkS05sRRAB",,,,,,,,,,,,,"Google",,,"6",,,"2716","2026-08-08T16:42:14.542Z","Direct Detail URL: https://www.google.com/maps/place/Rukito+Grill%26Drink+-+Alborada/@-2.1347917,-79.9223432,12.98z/data=!4m10!1m2!2m1!1srukito!3m6!1s0x902d6df1a996d4db:0xbdce0622e280c56b!8m2!3d-2.1367108!4d-79.9020534!15sCgZydWtpdG9aCCIGcnVraXRvkgEKcmVzdGF1cmFudOABAA!16s%2Fg%2F11h766fq7s?entry=ttu&g_ep=EgoyMDI2MDgwNS4xIKXMDSoASAFQAw%3D%3D","2",,,"false","Para empezar nos sentaron delante al televisor y debajo del aire acondicionado que me goteaba encima, los propios empleados estaban viendo el partido de barcelona y se ponían al frente de e nosotros ver el partido ya que estábamos sentados delante del televisor y comenzaron a gritar goool a tal punto que nos incomodaba porque nos hacía asustar cada rato que gritaban y además no incomodaban que todos estaban viendo en dirección a nuestra mesa como sin nos vieran comer, el baño de mujeres no tenía papel, pedíamos recipientes para llevar la comida y nos la trajeron con una mala gana, al chico que estaba en la mesa de alado me di cuenta que le tiraron la funda. La actitud de algunos meseros no era la adecuada, creería que deberían recibir capacitaciones de atención al cliente.
Eso fue el miércoles 25 febrero al rededor de las 21:30 aprox.",,"Rukito Grill&Drink - Alborada","4.5",,"https://www.google.com/maps/search/?api=1&query=Rukito%20Grill%26Drink%20-%20Alborada&query_place_id=ChIJ29SWqfFtLZARa8WA4iIGzr0",
"090509 Guayaquil, Ecuador","Restaurante","Restaurante","13676875865269519723","Guayaquil","EC","0x902d6df1a996d4db:0xbdce0622e280c56b",,"https://lh3.googleusercontent.com/gps-cs-s/AHRPTWnKUT7j8DXMVSe53pzbJl3CFfNDuEm9zljfvSuYIKrPFcEqIJod38gRQWhMyZiIWqd0rOe8pKtahHG2fjWFOtAmkbY6jlw0_irNRCAImjYSuBg2dZVczJYo7ueHW7OnZODMTOn2IA=w408-h725-k-no","false","true","/g/11h766fq7s","es-419","0","-2.1367108","-79.9020534",,"Alborada Este","es","false","ChIJ29SWqfFtLZARa8WA4iIGzr0","090509","$10-20","Hace 5 meses","2026-02-27T02:20:46.865Z",,,,,,,,"Ningún evento especial",,,,,"$30-35",,,"Hasta 10 min",,"Otro",,"4","5","5","Ci9DQUlRQUNvZENodHljRjlvT2tkaGVFdEdka3hwYUV0VE1IUlRkMVl6U2xsWFEzYxAB",,,,,,,,,,,,,"Google",,,"72",,,"2716","2026-08-08T16:42:14.542Z","Direct Detail URL: https://www.google.com/maps/place/Rukito+Grill%26Drink+-+Alborada/@-2.1347917,-79.9223432,12.98z/data=!4m10!1m2!2m1!1srukito!3m6!1s0x902d6df1a996d4db:0xbdce0622e280c56b!8m2!3d-2.1367108!4d-79.9020534!15sCgZydWtpdG9aCCIGcnVraXRvkgEKcmVzdGF1cmFudOABAA!16s%2Fg%2F11h766fq7s?entry=ttu&g_ep=EgoyMDI2MDgwNS4xIKXMDSoASAFQAw%3D%3D","5",,,"false","Mmmm realmente delicioso. Solo que mi tarjeta falló casi muero. Pero fui al banco y mi tarjeta estaba bien. Pilas con eso. Pero de alli todo excelente.  Recomendadisimo",,"Rukito Grill&Drink - Alborada","4.5",,"https://www.google.com/maps/search/?api=1&query=Rukito%20Grill%26Drink%20-%20Alborada&query_place_id=ChIJ29SWqfFtLZARa8WA4iIGzr0",
"090509 Guayaquil, Ecuador","Restaurante","Restaurante","13676875865269519723","Guayaquil","EC","0x902d6df1a996d4db:0xbdce0622e280c56b",,"https://lh3.googleusercontent.com/gps-cs-s/AHRPTWnKUT7j8DXMVSe53pzbJl3CFfNDuEm9zljfvSuYIKrPFcEqIJod38gRQWhMyZiIWqd0rOe8pKtahHG2fjWFOtAmkbY6jlw0_irNRCAImjYSuBg2dZVczJYo7ueHW7OnZODMTOn2IA=w408-h725-k-no","false","true","/g/11h766fq7s","es-419","0","-2.1367108","-79.9020534",,"Alborada Este","es","false","ChIJ29SWqfFtLZARa8WA4iIGzr0","090509","$10-20","Hace 5 meses","2026-02-24T20:51:10.758Z",,,,,,,,,,,,,,,,"Hasta 10 min",,,,"4","5","4","Ci9DQUlRQUNvZENodHljRjlvT210blpGSmxiakp6V0U5SlQweFNVVkJ5ZUY4dGJVRRAB",,,,,,,,,,,,,"Google",,,"25",,,"2716","2026-08-08T16:42:14.542Z","Direct Detail URL: https://www.google.com/maps/place/Rukito+Grill%26Drink+-+Alborada/@-2.1347917,-79.9223432,12.98z/data=!4m10!1m2!2m1!1srukito!3m6!1s0x902d6df1a996d4db:0xbdce0622e280c56b!8m2!3d-2.1367108!4d-79.9020534!15sCgZydWtpdG9aCCIGcnVraXRvkgEKcmVzdGF1cmFudOABAA!16s%2Fg%2F11h766fq7s?entry=ttu&g_ep=EgoyMDI2MDgwNS4xIKXMDSoASAFQAw%3D%3D","5",,,"false","Buen menú..variado y freso",,"Rukito Grill&Drink - Alborada","4.5",,"https://www.google.com/maps/search/?api=1&query=Rukito%20Grill%26Drink%20-%20Alborada&query_place_id=ChIJ29SWqfFtLZARa8WA4iIGzr0",
"090509 Guayaquil, Ecuador","Restaurante","Restaurante","13676875865269519723","Guayaquil","EC","0x902d6df1a996d4db:0xbdce0622e280c56b",,"https://lh3.googleusercontent.com/gps-cs-s/AHRPTWnKUT7j8DXMVSe53pzbJl3CFfNDuEm9zljfvSuYIKrPFcEqIJod38gRQWhMyZiIWqd0rOe8pKtahHG2fjWFOtAmkbY6jlw0_irNRCAImjYSuBg2dZVczJYo7ueHW7OnZODMTOn2IA=w408-h725-k-no","false","false","/g/11h766fq7s","es-419","0","-2.1367108","-79.9020534",,"Alborada Este","es","false","ChIJ29SWqfFtLZARa8WA4iIGzr0","090509","$10-20","Hace 5 meses","2026-02-21T14:36:32.585Z",,,,,,,,,,,,,,,,,,,,"1","2","1","Ci9DQUlRQUNvZENodHljRjlvT2xCdGVIcHlUSEZPVUhZMlZtaGtVRmhVT0V4bVgyYxAB",,,,,,,,,,,,,"Google",,,"2",,,"2716","2026-08-08T16:42:14.542Z","Direct Detail URL: https://www.google.com/maps/place/Rukito+Grill%26Drink+-+Alborada/@-2.1347917,-79.9223432,12.98z/data=!4m10!1m2!2m1!1srukito!3m6!1s0x902d6df1a996d4db:0xbdce0622e280c56b!8m2!3d-2.1367108!4d-79.9020534!15sCgZydWtpdG9aCCIGcnVraXRvkgEKcmVzdGF1cmFudOABAA!16s%2Fg%2F11h766fq7s?entry=ttu&g_ep=EgoyMDI2MDgwNS4xIKXMDSoASAFQAw%3D%3D","1",,,"false","Pésima atención. Pedimos un rukito monster. Y nos Dieron incompleto. Esperamos unos 20 minutos más para ver si es que se acordaban de lo que faltaban de entregar y nunca sucedió. Le dije a una mesera qué nos faltaba los patacones y lo demás y solo me supo Responder.. Ahh le falta eso y le dijo al Cocinero ( para nuestra suerte estábamos al frente de ellos). Y de ahí la chica se fue, nunca nos trajo nada se izo la loca. Pasaba por nuestro lado varias veces y nada. Ya para cancelar llame a otra mesera y le dije que me de la cuenta y que el servicio fue pésimo que nunca nos trajeron los restantes de los platillo que pedimos y solo se disculpo. Y lo otro el ambiente, uno va a estar tranquilo disfrutar y no fue así. Escuchar esos comentarios en la Cocina, escuchar insultos de verdad fue desagradable. Habían niños allí, que decencia les están dando a ellos y a todos los presentes. Io único que puedo destacar de allí fue el guardia una excelente atención tanto como en el ingreso y salida. Por que cuando llegamos ni tuvimos gentileza por parte de la mesera qué nos atendió y ojo siendo la misma qué nos despacho y ni siquiera izo por llevarnos los complementos. De las tres meseras solo dos vi su dedicación y gentileza cuándo alguien llegaba o se iba pero justo nos Toco la peor mesera. Y su comida, han perdido su esencia.",,"Rukito Grill&Drink - Alborada","4.5",,"https://www.google.com/maps/search/?api=1&query=Rukito%20Grill%26Drink%20-%20Alborada&query_place_id=ChIJ29SWqfFtLZARa8WA4iIGzr0",
"090509 Guayaquil, Ecuador","Restaurante","Restaurante","13676875865269519723","Guayaquil","EC","0x902d6df1a996d4db:0xbdce0622e280c56b",,"https://lh3.googleusercontent.com/gps-cs-s/AHRPTWnKUT7j8DXMVSe53pzbJl3CFfNDuEm9zljfvSuYIKrPFcEqIJod38gRQWhMyZiIWqd0rOe8pKtahHG2fjWFOtAmkbY6jlw0_irNRCAImjYSuBg2dZVczJYo7ueHW7OnZODMTOn2IA=w408-h725-k-no","false","false","/g/11h766fq7s","es-419","0","-2.1367108","-79.9020534",,"Alborada Este",,"false","ChIJ29SWqfFtLZARa8WA4iIGzr0","090509","$10-20","Hace 5 meses","2026-02-20T13:40:40.859Z",,,,,,,,,,,,,,,,,,,,"5","5","5","Ci9DQUlRQUNvZENodHljRjlvT2w5VVdteEZYMU5sVVc1TmNGWmhZV1paVURkNVkxRRAB",,,,,,,,,,,,,"Google",,,"3",,,"2716","2026-08-08T16:42:14.542Z","Direct Detail URL: https://www.google.com/maps/place/Rukito+Grill%26Drink+-+Alborada/@-2.1347917,-79.9223432,12.98z/data=!4m10!1m2!2m1!1srukito!3m6!1s0x902d6df1a996d4db:0xbdce0622e280c56b!8m2!3d-2.1367108!4d-79.9020534!15sCgZydWtpdG9aCCIGcnVraXRvkgEKcmVzdGF1cmFudOABAA!16s%2Fg%2F11h766fq7s?entry=ttu&g_ep=EgoyMDI2MDgwNS4xIKXMDSoASAFQAw%3D%3D","5",,,"false",,,"Rukito Grill&Drink - Alborada","4.5",,"https://www.google.com/maps/search/?api=1&query=Rukito%20Grill%26Drink%20-%20Alborada&query_place_id=ChIJ29SWqfFtLZARa8WA4iIGzr0",
"090509 Guayaquil, Ecuador","Restaurante","Restaurante","13676875865269519723","Guayaquil","EC","0x902d6df1a996d4db:0xbdce0622e280c56b",,"https://lh3.googleusercontent.com/gps-cs-s/AHRPTWnKUT7j8DXMVSe53pzbJl3CFfNDuEm9zljfvSuYIKrPFcEqIJod38gRQWhMyZiIWqd0rOe8pKtahHG2fjWFOtAmkbY6jlw0_irNRCAImjYSuBg2dZVczJYo7ueHW7OnZODMTOn2IA=w408-h725-k-no","false","true","/g/11h766fq7s","es-419","0","-2.1367108","-79.9020534",,"Alborada Este","es","false","ChIJ29SWqfFtLZARa8WA4iIGzr0","090509","$10-20","Hace 5 meses","2026-02-19T02:17:38.253Z",,,,,,,,,,,,,,,,,,,,"5","3","5","Ci9DQUlRQUNvZENodHljRjlvT25wck5GSjZOMUU0VDFOYVZXeGxTWGQzWVc4eFduYxAB",,,,,,,,,,,,,"Google",,,"47",,,"2716","2026-08-08T16:42:14.542Z","Direct Detail URL: https://www.google.com/maps/place/Rukito+Grill%26Drink+-+Alborada/@-2.1347917,-79.9223432,12.98z/data=!4m10!1m2!2m1!1srukito!3m6!1s0x902d6df1a996d4db:0xbdce0622e280c56b!8m2!3d-2.1367108!4d-79.9020534!15sCgZydWtpdG9aCCIGcnVraXRvkgEKcmVzdGF1cmFudOABAA!16s%2Fg%2F11h766fq7s?entry=ttu&g_ep=EgoyMDI2MDgwNS4xIKXMDSoASAFQAw%3D%3D","3",,,"false","Naaa la comida no tiene una sazón especial simplemente otro asado bien vestido, muy salado y aparte los baños estaban un poco medio sucio",,"Rukito Grill&Drink - Alborada","4.5",,"https://www.google.com/maps/search/?api=1&query=Rukito%20Grill%26Drink%20-%20Alborada&query_place_id=ChIJ29SWqfFtLZARa8WA4iIGzr0",
"090509 Guayaquil, Ecuador","Restaurante","Restaurante","13676875865269519723","Guayaquil","EC","0x902d6df1a996d4db:0xbdce0622e280c56b",,"https://lh3.googleusercontent.com/gps-cs-s/AHRPTWnKUT7j8DXMVSe53pzbJl3CFfNDuEm9zljfvSuYIKrPFcEqIJod38gRQWhMyZiIWqd0rOe8pKtahHG2fjWFOtAmkbY6jlw0_irNRCAImjYSuBg2dZVczJYo7ueHW7OnZODMTOn2IA=w408-h725-k-no","false","true","/g/11h766fq7s","es-419","0","-2.1367108","-79.9020534",,"Alborada Este","es","false","ChIJ29SWqfFtLZARa8WA4iIGzr0","090509","$10-20","Hace 5 meses","2026-02-17T00:25:13.925Z",,,,,,"Hay suficiente espacio",,,,,,,"$15-20","No se requiere hacer una reserva",,"Hasta 10 min","Comedor cubierto",,,"5","5","4","Ci9DQUlRQUNvZENodHljRjlvT21aa1VVZEhVRXBHY1RVMVgxWlRUalJ4Y25wU1MwRRAB",,,,,,,,,,,,,"Google",,,"16",,,"2716","2026-08-08T16:42:14.542Z","Direct Detail URL: https://www.google.com/maps/place/Rukito+Grill%26Drink+-+Alborada/@-2.1347917,-79.9223432,12.98z/data=!4m10!1m2!2m1!1srukito!3m6!1s0x902d6df1a996d4db:0xbdce0622e280c56b!8m2!3d-2.1367108!4d-79.9020534!15sCgZydWtpdG9aCCIGcnVraXRvkgEKcmVzdGF1cmFudOABAA!16s%2Fg%2F11h766fq7s?entry=ttu&g_ep=EgoyMDI2MDgwNS4xIKXMDSoASAFQAw%3D%3D","4",,,"false","Una buena experiencia la que tuvimos en esta sucursal. No tuvimos que esperar mucho para ingresar. Nos sirvieron relativamente rápido (20 minutos). Obtamos por comprar la promoción de los lunes y pudimos comer tres personas tranquilamente. Tuvo buen sabor y sazón.",,"Rukito Grill&Drink - Alborada","4.5",,"https://www.google.com/maps/search/?api=1&query=Rukito%20Grill%26Drink%20-%20Alborada&query_place_id=ChIJ29SWqfFtLZARa8WA4iIGzr0",
"090509 Guayaquil, Ecuador","Restaurante","Restaurante","13676875865269519723","Guayaquil","EC","0x902d6df1a996d4db:0xbdce0622e280c56b",,"https://lh3.googleusercontent.com/gps-cs-s/AHRPTWnKUT7j8DXMVSe53pzbJl3CFfNDuEm9zljfvSuYIKrPFcEqIJod38gRQWhMyZiIWqd0rOe8pKtahHG2fjWFOtAmkbY6jlw0_irNRCAImjYSuBg2dZVczJYo7ueHW7OnZODMTOn2IA=w408-h725-k-no","false","true","/g/11h766fq7s","es-419","0","-2.1367108","-79.9020534",,"Alborada Este",,"false","ChIJ29SWqfFtLZARa8WA4iIGzr0","090509","$10-20","Hace 5 meses","2026-02-16T13:55:01.087Z",,,,,,,,,,,,,,,,,,,,,,,"Ci9DQUlRQUNvZENodHljRjlvT2s0d2FUQjFVRzkyUm00elNISTBja2QyU25GUFZWRRAB",,,,,,,,,,,,,"Google",,,"6",,,"2716","2026-08-08T16:42:14.542Z","Direct Detail URL: https://www.google.com/maps/place/Rukito+Grill%26Drink+-+Alborada/@-2.1347917,-79.9223432,12.98z/data=!4m10!1m2!2m1!1srukito!3m6!1s0x902d6df1a996d4db:0xbdce0622e280c56b!8m2!3d-2.1367108!4d-79.9020534!15sCgZydWtpdG9aCCIGcnVraXRvkgEKcmVzdGF1cmFudOABAA!16s%2Fg%2F11h766fq7s?entry=ttu&g_ep=EgoyMDI2MDgwNS4xIKXMDSoASAFQAw%3D%3D","5",,,"false",,,"Rukito Grill&Drink - Alborada","4.5",,"https://www.google.com/maps/search/?api=1&query=Rukito%20Grill%26Drink%20-%20Alborada&query_place_id=ChIJ29SWqfFtLZARa8WA4iIGzr0",
"090509 Guayaquil, Ecuador","Restaurante","Restaurante","13676875865269519723","Guayaquil","EC","0x902d6df1a996d4db:0xbdce0622e280c56b",,"https://lh3.googleusercontent.com/gps-cs-s/AHRPTWnKUT7j8DXMVSe53pzbJl3CFfNDuEm9zljfvSuYIKrPFcEqIJod38gRQWhMyZiIWqd0rOe8pKtahHG2fjWFOtAmkbY6jlw0_irNRCAImjYSuBg2dZVczJYo7ueHW7OnZODMTOn2IA=w408-h725-k-no","false","false","/g/11h766fq7s","es-419","0","-2.1367108","-79.9020534",,"Alborada Este",,"false","ChIJ29SWqfFtLZARa8WA4iIGzr0","090509","$10-20","Hace 5 meses","2026-02-16T03:43:00.698Z",,,,,,,,,,,,,,,,,,,,,,,"Ci9DQUlRQUNvZENodHljRjlvT2s5VGQybHVaVk01YzNsdVJtaHFXVGQyTTNsVlRFRRAB",,,,,,,,,,,,,"Google",,,"0",,,"2716","2026-08-08T16:42:14.542Z","Direct Detail URL: https://www.google.com/maps/place/Rukito+Grill%26Drink+-+Alborada/@-2.1347917,-79.9223432,12.98z/data=!4m10!1m2!2m1!1srukito!3m6!1s0x902d6df1a996d4db:0xbdce0622e280c56b!8m2!3d-2.1367108!4d-79.9020534!15sCgZydWtpdG9aCCIGcnVraXRvkgEKcmVzdGF1cmFudOABAA!16s%2Fg%2F11h766fq7s?entry=ttu&g_ep=EgoyMDI2MDgwNS4xIKXMDSoASAFQAw%3D%3D","5",,,"false",,,"Rukito Grill&Drink - Alborada","4.5",,"https://www.google.com/maps/search/?api=1&query=Rukito%20Grill%26Drink%20-%20Alborada&query_place_id=ChIJ29SWqfFtLZARa8WA4iIGzr0",
"090509 Guayaquil, Ecuador","Restaurante","Restaurante","13676875865269519723","Guayaquil","EC","0x902d6df1a996d4db:0xbdce0622e280c56b",,"https://lh3.googleusercontent.com/gps-cs-s/AHRPTWnKUT7j8DXMVSe53pzbJl3CFfNDuEm9zljfvSuYIKrPFcEqIJod38gRQWhMyZiIWqd0rOe8pKtahHG2fjWFOtAmkbY6jlw0_irNRCAImjYSuBg2dZVczJYo7ueHW7OnZODMTOn2IA=w408-h725-k-no","false","false","/g/11h766fq7s","es-419","0","-2.1367108","-79.9020534",,"Alborada Este","es","false","ChIJ29SWqfFtLZARa8WA4iIGzr0","090509","$10-20","Hace 5 meses","2026-02-14T06:54:50.636Z",,,,,,,,,,,,,,,,,,,,"5","5","5","Ci9DQUlRQUNvZENodHljRjlvT21NeFVXWnJZM2xqUTFCVGVrMDVTVkJYUldodGRtYxAB",,,,,,,,,,,,,"Google",,,"1",,,"2716","2026-08-08T16:42:14.542Z","Direct Detail URL: https://www.google.com/maps/place/Rukito+Grill%26Drink+-+Alborada/@-2.1347917,-79.9223432,12.98z/data=!4m10!1m2!2m1!1srukito!3m6!1s0x902d6df1a996d4db:0xbdce0622e280c56b!8m2!3d-2.1367108!4d-79.9020534!15sCgZydWtpdG9aCCIGcnVraXRvkgEKcmVzdGF1cmFudOABAA!16s%2Fg%2F11h766fq7s?entry=ttu&g_ep=EgoyMDI2MDgwNS4xIKXMDSoASAFQAw%3D%3D","5",,,"false","Rukito de la alborada excelente comida excelente servicio",,"Rukito Grill&Drink - Alborada","4.5",,"https://www.google.com/maps/search/?api=1&query=Rukito%20Grill%26Drink%20-%20Alborada&query_place_id=ChIJ29SWqfFtLZARa8WA4iIGzr0",
"090509 Guayaquil, Ecuador","Restaurante","Restaurante","13676875865269519723","Guayaquil","EC","0x902d6df1a996d4db:0xbdce0622e280c56b",,"https://lh3.googleusercontent.com/gps-cs-s/AHRPTWnKUT7j8DXMVSe53pzbJl3CFfNDuEm9zljfvSuYIKrPFcEqIJod38gRQWhMyZiIWqd0rOe8pKtahHG2fjWFOtAmkbY6jlw0_irNRCAImjYSuBg2dZVczJYo7ueHW7OnZODMTOn2IA=w408-h725-k-no","false","false","/g/11h766fq7s","es-419","0","-2.1367108","-79.9020534",,"Alborada Este",,"false","ChIJ29SWqfFtLZARa8WA4iIGzr0","090509","$10-20","Hace 5 meses","2026-02-08T20:13:16.722Z",,,,,,,,,,,,,"$5-10",,"3 o 4 personas","De 10 a 30 min",,"Cena",,"4","5","4","Ci9DQUlRQUNvZENodHljRjlvT21ZMmJUbDZZbVUzTTBWcllsaEhOM0ZQU25GTk9IYxAB",,,,,,,,,,,,,"Google",,,"3",,,"2716","2026-08-08T16:42:14.542Z","Direct Detail URL: https://www.google.com/maps/place/Rukito+Grill%26Drink+-+Alborada/@-2.1347917,-79.9223432,12.98z/data=!4m10!1m2!2m1!1srukito!3m6!1s0x902d6df1a996d4db:0xbdce0622e280c56b!8m2!3d-2.1367108!4d-79.9020534!15sCgZydWtpdG9aCCIGcnVraXRvkgEKcmVzdGF1cmFudOABAA!16s%2Fg%2F11h766fq7s?entry=ttu&g_ep=EgoyMDI2MDgwNS4xIKXMDSoASAFQAw%3D%3D","5",,,"false",,,"Rukito Grill&Drink - Alborada","4.5",,"https://www.google.com/maps/search/?api=1&query=Rukito%20Grill%26Drink%20-%20Alborada&query_place_id=ChIJ29SWqfFtLZARa8WA4iIGzr0",
"090509 Guayaquil, Ecuador","Restaurante","Restaurante","13676875865269519723","Guayaquil","EC","0x902d6df1a996d4db:0xbdce0622e280c56b",,"https://lh3.googleusercontent.com/gps-cs-s/AHRPTWnKUT7j8DXMVSe53pzbJl3CFfNDuEm9zljfvSuYIKrPFcEqIJod38gRQWhMyZiIWqd0rOe8pKtahHG2fjWFOtAmkbY6jlw0_irNRCAImjYSuBg2dZVczJYo7ueHW7OnZODMTOn2IA=w408-h725-k-no","false","false","/g/11h766fq7s","es-419","0","-2.1367108","-79.9020534",,"Alborada Este","es","false","ChIJ29SWqfFtLZARa8WA4iIGzr0","090509","$10-20","Hace 6 meses","2026-02-08T04:03:32.687Z",,,,,,,,,,,,,"$40-45",,"Apto para grupos de todos los tamaños","Hasta 10 min",,"Almuerzo",,"5","5","5","Ci9DQUlRQUNvZENodHljRjlvT2pCdFdWQlFRbU5XYkZGbFRUQkhRekozY1hkWmVFRRAB",,,,,,,,,,,,,"Google",,,"1",,,"2716","2026-08-08T16:42:14.542Z","Direct Detail URL: https://www.google.com/maps/place/Rukito+Grill%26Drink+-+Alborada/@-2.1347917,-79.9223432,12.98z/data=!4m10!1m2!2m1!1srukito!3m6!1s0x902d6df1a996d4db:0xbdce0622e280c56b!8m2!3d-2.1367108!4d-79.9020534!15sCgZydWtpdG9aCCIGcnVraXRvkgEKcmVzdGF1cmFudOABAA!16s%2Fg%2F11h766fq7s?entry=ttu&g_ep=EgoyMDI2MDgwNS4xIKXMDSoASAFQAw%3D%3D","1",,,"false","La comida excelente y la atención como en casa",,"Rukito Grill&Drink - Alborada","4.5",,"https://www.google.com/maps/search/?api=1&query=Rukito%20Grill%26Drink%20-%20Alborada&query_place_id=ChIJ29SWqfFtLZARa8WA4iIGzr0",
"090509 Guayaquil, Ecuador","Restaurante","Restaurante","13676875865269519723","Guayaquil","EC","0x902d6df1a996d4db:0xbdce0622e280c56b",,"https://lh3.googleusercontent.com/gps-cs-s/AHRPTWnKUT7j8DXMVSe53pzbJl3CFfNDuEm9zljfvSuYIKrPFcEqIJod38gRQWhMyZiIWqd0rOe8pKtahHG2fjWFOtAmkbY6jlw0_irNRCAImjYSuBg2dZVczJYo7ueHW7OnZODMTOn2IA=w408-h725-k-no","false","false","/g/11h766fq7s","es-419","0","-2.1367108","-79.9020534",,"Alborada Este","es","false","ChIJ29SWqfFtLZARa8WA4iIGzr0","090509","$10-20","Hace 6 meses","2026-02-04T23:38:14.608Z",,,,,,,,,"Silencioso, agradable para conversar",,,,"$15-20",,"Apto para grupos de todos los tamaños","Sin espera",,,,"5","5","5","Ci9DQUlRQUNvZENodHljRjlvT2tGdVpsWkhkWEJrYkd0bWNXTlBUWHA0VjBOd2RrRRAB","https://lh3.googleusercontent.com/grass-cs/ACvplmNCuMxf0-UfIbCLkFuFSK6TrYa4Tiz7YByfLeldQMb53CkloPGgun9lyrFBOywJ35yQ035hw41jJ8lLVDof5HjLML2tNZWx75MbpyH3fxb11VYSGHRVWHblkEYZIfQhfOjrc3TjO8FDvm4=k-no",,,,,,,,,,,,"Google",,,"2",,,"2716","2026-08-08T16:42:14.542Z","Direct Detail URL: https://www.google.com/maps/place/Rukito+Grill%26Drink+-+Alborada/@-2.1347917,-79.9223432,12.98z/data=!4m10!1m2!2m1!1srukito!3m6!1s0x902d6df1a996d4db:0xbdce0622e280c56b!8m2!3d-2.1367108!4d-79.9020534!15sCgZydWtpdG9aCCIGcnVraXRvkgEKcmVzdGF1cmFudOABAA!16s%2Fg%2F11h766fq7s?entry=ttu&g_ep=EgoyMDI2MDgwNS4xIKXMDSoASAFQAw%3D%3D","5",,,"false","Muy rico todo 🤤🤤",,"Rukito Grill&Drink - Alborada","4.5",,"https://www.google.com/maps/search/?api=1&query=Rukito%20Grill%26Drink%20-%20Alborada&query_place_id=ChIJ29SWqfFtLZARa8WA4iIGzr0",
"090509 Guayaquil, Ecuador","Restaurante","Restaurante","13676875865269519723","Guayaquil","EC","0x902d6df1a996d4db:0xbdce0622e280c56b",,"https://lh3.googleusercontent.com/gps-cs-s/AHRPTWnKUT7j8DXMVSe53pzbJl3CFfNDuEm9zljfvSuYIKrPFcEqIJod38gRQWhMyZiIWqd0rOe8pKtahHG2fjWFOtAmkbY6jlw0_irNRCAImjYSuBg2dZVczJYo7ueHW7OnZODMTOn2IA=w408-h725-k-no","false","true","/g/11h766fq7s","es-419","0","-2.1367108","-79.9020534",,"Alborada Este","es","false","ChIJ29SWqfFtLZARa8WA4iIGzr0","090509","$10-20","Hace 6 meses","2026-02-03T16:45:01.694Z",,,,,,,,,,,,,,,,,,,,,,,"Ci9DQUlRQUNvZENodHljRjlvT2xneWFtTmxkbkp5YWxoM1IwaE5WVTVKWmxNelVHYxAB",,,,,,,,,,,,,"Google",,,"16",,,"2716","2026-08-08T16:42:14.542Z","Direct Detail URL: https://www.google.com/maps/place/Rukito+Grill%26Drink+-+Alborada/@-2.1347917,-79.9223432,12.98z/data=!4m10!1m2!2m1!1srukito!3m6!1s0x902d6df1a996d4db:0xbdce0622e280c56b!8m2!3d-2.1367108!4d-79.9020534!15sCgZydWtpdG9aCCIGcnVraXRvkgEKcmVzdGF1cmFudOABAA!16s%2Fg%2F11h766fq7s?entry=ttu&g_ep=EgoyMDI2MDgwNS4xIKXMDSoASAFQAw%3D%3D","3",,,"false","Buena comida, buena presentación y se nota la calidad",,"Rukito Grill&Drink - Alborada","4.5",,"https://www.google.com/maps/search/?api=1&query=Rukito%20Grill%26Drink%20-%20Alborada&query_place_id=ChIJ29SWqfFtLZARa8WA4iIGzr0",
"090509 Guayaquil, Ecuador","Restaurante","Restaurante","13676875865269519723","Guayaquil","EC","0x902d6df1a996d4db:0xbdce0622e280c56b",,"https://lh3.googleusercontent.com/gps-cs-s/AHRPTWnKUT7j8DXMVSe53pzbJl3CFfNDuEm9zljfvSuYIKrPFcEqIJod38gRQWhMyZiIWqd0rOe8pKtahHG2fjWFOtAmkbY6jlw0_irNRCAImjYSuBg2dZVczJYo7ueHW7OnZODMTOn2IA=w408-h725-k-no","false","true","/g/11h766fq7s","es-419","0","-2.1367108","-79.9020534",,"Alborada Este",,"false","ChIJ29SWqfFtLZARa8WA4iIGzr0","090509","$10-20","Hace 6 meses","2026-02-02T19:04:57.487Z",,,,,,,,,,,,,,,,,,,,"4","5","4","Ci9DQUlRQUNvZENodHljRjlvT2kxRVdFbElkVWR2VlRCb1VubFpSMDUxTUVSNlNXYxAB",,,,,,,,,,,,,"Google",,,"8",,,"2716","2026-08-08T16:42:14.542Z","Direct Detail URL: https://www.google.com/maps/place/Rukito+Grill%26Drink+-+Alborada/@-2.1347917,-79.9223432,12.98z/data=!4m10!1m2!2m1!1srukito!3m6!1s0x902d6df1a996d4db:0xbdce0622e280c56b!8m2!3d-2.1367108!4d-79.9020534!15sCgZydWtpdG9aCCIGcnVraXRvkgEKcmVzdGF1cmFudOABAA!16s%2Fg%2F11h766fq7s?entry=ttu&g_ep=EgoyMDI2MDgwNS4xIKXMDSoASAFQAw%3D%3D","5",,,"false",,,"Rukito Grill&Drink - Alborada","4.5",,"https://www.google.com/maps/search/?api=1&query=Rukito%20Grill%26Drink%20-%20Alborada&query_place_id=ChIJ29SWqfFtLZARa8WA4iIGzr0",
"090509 Guayaquil, Ecuador","Restaurante","Restaurante","13676875865269519723","Guayaquil","EC","0x902d6df1a996d4db:0xbdce0622e280c56b",,"https://lh3.googleusercontent.com/gps-cs-s/AHRPTWnKUT7j8DXMVSe53pzbJl3CFfNDuEm9zljfvSuYIKrPFcEqIJod38gRQWhMyZiIWqd0rOe8pKtahHG2fjWFOtAmkbY6jlw0_irNRCAImjYSuBg2dZVczJYo7ueHW7OnZODMTOn2IA=w408-h725-k-no","false","true","/g/11h766fq7s","es-419","0","-2.1367108","-79.9020534",,"Alborada Este",,"false","ChIJ29SWqfFtLZARa8WA4iIGzr0","090509","$10-20","Hace 6 meses","2026-02-02T00:41:27.978Z",,,,,,,,,,,,,"$15-20",,,,,,,"5","5","5","Ci9DQUlRQUNvZENodHljRjlvT2pWbFkyMUlOa3BCVWpkdlIwSkpRa2h5Tm0xQ1NrRRAB",,,,,,,,,,,,,"Google",,,"6",,,"2716","2026-08-08T16:42:14.542Z","Direct Detail URL: https://www.google.com/maps/place/Rukito+Grill%26Drink+-+Alborada/@-2.1347917,-79.9223432,12.98z/data=!4m10!1m2!2m1!1srukito!3m6!1s0x902d6df1a996d4db:0xbdce0622e280c56b!8m2!3d-2.1367108!4d-79.9020534!15sCgZydWtpdG9aCCIGcnVraXRvkgEKcmVzdGF1cmFudOABAA!16s%2Fg%2F11h766fq7s?entry=ttu&g_ep=EgoyMDI2MDgwNS4xIKXMDSoASAFQAw%3D%3D","5",,,"false",,,"Rukito Grill&Drink - Alborada","4.5",,"https://www.google.com/maps/search/?api=1&query=Rukito%20Grill%26Drink%20-%20Alborada&query_place_id=ChIJ29SWqfFtLZARa8WA4iIGzr0",
"090509 Guayaquil, Ecuador","Restaurante","Restaurante","13676875865269519723","Guayaquil","EC","0x902d6df1a996d4db:0xbdce0622e280c56b",,"https://lh3.googleusercontent.com/gps-cs-s/AHRPTWnKUT7j8DXMVSe53pzbJl3CFfNDuEm9zljfvSuYIKrPFcEqIJod38gRQWhMyZiIWqd0rOe8pKtahHG2fjWFOtAmkbY6jlw0_irNRCAImjYSuBg2dZVczJYo7ueHW7OnZODMTOn2IA=w408-h725-k-no","false","false","/g/11h766fq7s","es-419","0","-2.1367108","-79.9020534",,"Alborada Este",,"false","ChIJ29SWqfFtLZARa8WA4iIGzr0","090509","$10-20","Hace 6 meses","2026-02-01T01:53:54.182Z",,,,,,,,,,,,,,,,,,,,,,,"Ci9DQUlRQUNvZENodHljRjlvT21wM1FqaDNXVTA0VW1sVWNYcGZUMjV3VUV4aVpYYxAB",,,,,,,,,,,,,"Google",,,"1",,,"2716","2026-08-08T16:42:14.542Z","Direct Detail URL: https://www.google.com/maps/place/Rukito+Grill%26Drink+-+Alborada/@-2.1347917,-79.9223432,12.98z/data=!4m10!1m2!2m1!1srukito!3m6!1s0x902d6df1a996d4db:0xbdce0622e280c56b!8m2!3d-2.1367108!4d-79.9020534!15sCgZydWtpdG9aCCIGcnVraXRvkgEKcmVzdGF1cmFudOABAA!16s%2Fg%2F11h766fq7s?entry=ttu&g_ep=EgoyMDI2MDgwNS4xIKXMDSoASAFQAw%3D%3D","5",,,"false",,,"Rukito Grill&Drink - Alborada","4.5",,"https://www.google.com/maps/search/?api=1&query=Rukito%20Grill%26Drink%20-%20Alborada&query_place_id=ChIJ29SWqfFtLZARa8WA4iIGzr0",
"090509 Guayaquil, Ecuador","Restaurante","Restaurante","13676875865269519723","Guayaquil","EC","0x902d6df1a996d4db:0xbdce0622e280c56b",,"https://lh3.googleusercontent.com/gps-cs-s/AHRPTWnKUT7j8DXMVSe53pzbJl3CFfNDuEm9zljfvSuYIKrPFcEqIJod38gRQWhMyZiIWqd0rOe8pKtahHG2fjWFOtAmkbY6jlw0_irNRCAImjYSuBg2dZVczJYo7ueHW7OnZODMTOn2IA=w408-h725-k-no","false","false","/g/11h766fq7s","es-419","0","-2.1367108","-79.9020534",,"Alborada Este",,"false","ChIJ29SWqfFtLZARa8WA4iIGzr0","090509","$10-20","Hace 6 meses","2026-02-01T01:46:36.400Z",,,,,,,,,,,,,,,,,,,,,,,"Ci9DQUlRQUNvZENodHljRjlvT2pGSWRtaHJURmx4WmxOVFoyMUZSRk56WDNSbGRtYxAB",,,,,,,,,,,,,"Google",,,"1",,,"2716","2026-08-08T16:42:14.542Z","Direct Detail URL: https://www.google.com/maps/place/Rukito+Grill%26Drink+-+Alborada/@-2.1347917,-79.9223432,12.98z/data=!4m10!1m2!2m1!1srukito!3m6!1s0x902d6df1a996d4db:0xbdce0622e280c56b!8m2!3d-2.1367108!4d-79.9020534!15sCgZydWtpdG9aCCIGcnVraXRvkgEKcmVzdGF1cmFudOABAA!16s%2Fg%2F11h766fq7s?entry=ttu&g_ep=EgoyMDI2MDgwNS4xIKXMDSoASAFQAw%3D%3D","5",,,"false",,,"Rukito Grill&Drink - Alborada","4.5",,"https://www.google.com/maps/search/?api=1&query=Rukito%20Grill%26Drink%20-%20Alborada&query_place_id=ChIJ29SWqfFtLZARa8WA4iIGzr0",
"090509 Guayaquil, Ecuador","Restaurante","Restaurante","13676875865269519723","Guayaquil","EC","0x902d6df1a996d4db:0xbdce0622e280c56b",,"https://lh3.googleusercontent.com/gps-cs-s/AHRPTWnKUT7j8DXMVSe53pzbJl3CFfNDuEm9zljfvSuYIKrPFcEqIJod38gRQWhMyZiIWqd0rOe8pKtahHG2fjWFOtAmkbY6jlw0_irNRCAImjYSuBg2dZVczJYo7ueHW7OnZODMTOn2IA=w408-h725-k-no","false","false","/g/11h766fq7s","es-419","0","-2.1367108","-79.9020534",,"Alborada Este","es","false","ChIJ29SWqfFtLZARa8WA4iIGzr0","090509","$10-20","Hace 6 meses","2026-01-29T21:43:47.698Z",,,,,,,,,"Ruido moderado",,,,"$10-15","No lo sé",,"De 10 a 30 min",,,,"4","5","2","Ci9DQUlRQUNvZENodHljRjlvT2pWR04yMTVPWFYwTVY5WGVrSjZkM1ZpVEhkbmJXYxAB",,,,,,,,,,,,,"Google",,,"4",,,"2716","2026-08-08T16:42:14.542Z","Direct Detail URL: https://www.google.com/maps/place/Rukito+Grill%26Drink+-+Alborada/@-2.1347917,-79.9223432,12.98z/data=!4m10!1m2!2m1!1srukito!3m6!1s0x902d6df1a996d4db:0xbdce0622e280c56b!8m2!3d-2.1367108!4d-79.9020534!15sCgZydWtpdG9aCCIGcnVraXRvkgEKcmVzdGF1cmFudOABAA!16s%2Fg%2F11h766fq7s?entry=ttu&g_ep=EgoyMDI2MDgwNS4xIKXMDSoASAFQAw%3D%3D","3",,,"false","Pésima atención por parte de la señorita Álava, parece que le pesaba la boca para hablar, ni un buenas noches en qué le puedo ayudar o algo, pasa los menús sin saludar, solo se acercó a ver si ya estábamos listas para tomar el pedido,me indico que ya me iba a pasar la ensalada que venía con el pedido porque le pregunté (no nos pasó al momento de servir), nunca llegó, tuve que solicitar a otro mesero, no vivimos en la ciudad, fuimos por visita, como primera impresión es decepcionante, la comida si nada que decir",,"Rukito Grill&Drink - Alborada","4.5",,"https://www.google.com/maps/search/?api=1&query=Rukito%20Grill%26Drink%20-%20Alborada&query_place_id=ChIJ29SWqfFtLZARa8WA4iIGzr0",
"090509 Guayaquil, Ecuador","Restaurante","Restaurante","13676875865269519723","Guayaquil","EC","0x902d6df1a996d4db:0xbdce0622e280c56b",,"https://lh3.googleusercontent.com/gps-cs-s/AHRPTWnKUT7j8DXMVSe53pzbJl3CFfNDuEm9zljfvSuYIKrPFcEqIJod38gRQWhMyZiIWqd0rOe8pKtahHG2fjWFOtAmkbY6jlw0_irNRCAImjYSuBg2dZVczJYo7ueHW7OnZODMTOn2IA=w408-h725-k-no","false","true","/g/11h766fq7s","es-419","0","-2.1367108","-79.9020534",,"Alborada Este",,"false","ChIJ29SWqfFtLZARa8WA4iIGzr0","090509","$10-20","Hace 6 meses","2026-01-27T23:13:32.887Z",,,,,,,,,,,,,"$10-15",,,,,,,"3","5","4","Ci9DQUlRQUNvZENodHljRjlvT2sxVVNrbGlhVzAxVG1GclkyTklhVmRtZERsVVExRRAB",,,,,,,,,,,,,"Google",,,"11",,,"2716","2026-08-08T16:42:14.542Z","Direct Detail URL: https://www.google.com/maps/place/Rukito+Grill%26Drink+-+Alborada/@-2.1347917,-79.9223432,12.98z/data=!4m10!1m2!2m1!1srukito!3m6!1s0x902d6df1a996d4db:0xbdce0622e280c56b!8m2!3d-2.1367108!4d-79.9020534!15sCgZydWtpdG9aCCIGcnVraXRvkgEKcmVzdGF1cmFudOABAA!16s%2Fg%2F11h766fq7s?entry=ttu&g_ep=EgoyMDI2MDgwNS4xIKXMDSoASAFQAw%3D%3D","5",,,"false",,,"Rukito Grill&Drink - Alborada","4.5",,"https://www.google.com/maps/search/?api=1&query=Rukito%20Grill%26Drink%20-%20Alborada&query_place_id=ChIJ29SWqfFtLZARa8WA4iIGzr0",
"090509 Guayaquil, Ecuador","Restaurante","Restaurante","13676875865269519723","Guayaquil","EC","0x902d6df1a996d4db:0xbdce0622e280c56b",,"https://lh3.googleusercontent.com/gps-cs-s/AHRPTWnKUT7j8DXMVSe53pzbJl3CFfNDuEm9zljfvSuYIKrPFcEqIJod38gRQWhMyZiIWqd0rOe8pKtahHG2fjWFOtAmkbY6jlw0_irNRCAImjYSuBg2dZVczJYo7ueHW7OnZODMTOn2IA=w408-h725-k-no","false","true","/g/11h766fq7s","es-419","0","-2.1367108","-79.9020534",,"Alborada Este","es","false","ChIJ29SWqfFtLZARa8WA4iIGzr0","090509","$10-20","Editado Hace 6 meses","2026-01-27T09:46:47.611Z",,,,,,,,,,,,,,,,,,,"Consumo en el lugar","5","5","5","ChZDSUhNMG9nS0VJQ0FnSUN4a1pHSFJnEAE",,,,,,,,,,,,,"Google",,,"467",,,"2716","2026-08-08T16:42:14.542Z","Direct Detail URL: https://www.google.com/maps/place/Rukito+Grill%26Drink+-+Alborada/@-2.1347917,-79.9223432,12.98z/data=!4m10!1m2!2m1!1srukito!3m6!1s0x902d6df1a996d4db:0xbdce0622e280c56b!8m2!3d-2.1367108!4d-79.9020534!15sCgZydWtpdG9aCCIGcnVraXRvkgEKcmVzdGF1cmFudOABAA!16s%2Fg%2F11h766fq7s?entry=ttu&g_ep=EgoyMDI2MDgwNS4xIKXMDSoASAFQAw%3D%3D","5",,,"false","Exelente atención 👌 personal muy amable educado desde q entras el señor de seguridad saluda cordialmente",,"Rukito Grill&Drink - Alborada","4.5",,"https://www.google.com/maps/search/?api=1&query=Rukito%20Grill%26Drink%20-%20Alborada&query_place_id=ChIJ29SWqfFtLZARa8WA4iIGzr0",
"090509 Guayaquil, Ecuador","Restaurante","Restaurante","13676875865269519723","Guayaquil","EC","0x902d6df1a996d4db:0xbdce0622e280c56b",,"https://lh3.googleusercontent.com/gps-cs-s/AHRPTWnKUT7j8DXMVSe53pzbJl3CFfNDuEm9zljfvSuYIKrPFcEqIJod38gRQWhMyZiIWqd0rOe8pKtahHG2fjWFOtAmkbY6jlw0_irNRCAImjYSuBg2dZVczJYo7ueHW7OnZODMTOn2IA=w408-h725-k-no","false","false","/g/11h766fq7s","es-419","0","-2.1367108","-79.9020534",,"Alborada Este","es","false","ChIJ29SWqfFtLZARa8WA4iIGzr0","090509","$10-20","Hace 6 meses","2026-01-24T21:40:44.516Z",,,,,,,,,,,,,"Más de $50",,"3 o 4 personas","De 10 a 30 min",,"Almuerzo",,"5","5","5","Ci9DQUlRQUNvZENodHljRjlvT2tSVVJWOUhaRmhXTXpoMlIyRnhSbGt6WTNWSGVsRRAB",,,,,,,,,,,,,"Google",,,"10",,,"2716","2026-08-08T16:42:14.542Z","Direct Detail URL: https://www.google.com/maps/place/Rukito+Grill%26Drink+-+Alborada/@-2.1347917,-79.9223432,12.98z/data=!4m10!1m2!2m1!1srukito!3m6!1s0x902d6df1a996d4db:0xbdce0622e280c56b!8m2!3d-2.1367108!4d-79.9020534!15sCgZydWtpdG9aCCIGcnVraXRvkgEKcmVzdGF1cmFudOABAA!16s%2Fg%2F11h766fq7s?entry=ttu&g_ep=EgoyMDI2MDgwNS4xIKXMDSoASAFQAw%3D%3D","5",,,"false","Se pasó con la micheladas 😎🍻🍻",,"Rukito Grill&Drink - Alborada","4.5",,"https://www.google.com/maps/search/?api=1&query=Rukito%20Grill%26Drink%20-%20Alborada&query_place_id=ChIJ29SWqfFtLZARa8WA4iIGzr0",
"090509 Guayaquil, Ecuador","Restaurante","Restaurante","13676875865269519723","Guayaquil","EC","0x902d6df1a996d4db:0xbdce0622e280c56b",,"https://lh3.googleusercontent.com/gps-cs-s/AHRPTWnKUT7j8DXMVSe53pzbJl3CFfNDuEm9zljfvSuYIKrPFcEqIJod38gRQWhMyZiIWqd0rOe8pKtahHG2fjWFOtAmkbY6jlw0_irNRCAImjYSuBg2dZVczJYo7ueHW7OnZODMTOn2IA=w408-h725-k-no","false","false","/g/11h766fq7s","es-419","0","-2.1367108","-79.9020534",,"Alborada Este",,"false","ChIJ29SWqfFtLZARa8WA4iIGzr0","090509","$10-20","Hace 6 meses","2026-01-24T16:23:44.083Z",,,,,,,,,,,,,,,,,,,,"1","4","1","Ci9DQUlRQUNvZENodHljRjlvT2tadmRYTjFOMEp4VkRCQ1oxZzNTRVp4Wm1WcVVWRRAB",,,,,,,,,,,,,"Google",,,"0",,,"2716","2026-08-08T16:42:14.542Z","Direct Detail URL: https://www.google.com/maps/place/Rukito+Grill%26Drink+-+Alborada/@-2.1347917,-79.9223432,12.98z/data=!4m10!1m2!2m1!1srukito!3m6!1s0x902d6df1a996d4db:0xbdce0622e280c56b!8m2!3d-2.1367108!4d-79.9020534!15sCgZydWtpdG9aCCIGcnVraXRvkgEKcmVzdGF1cmFudOABAA!16s%2Fg%2F11h766fq7s?entry=ttu&g_ep=EgoyMDI2MDgwNS4xIKXMDSoASAFQAw%3D%3D","1",,,"false",,,"Rukito Grill&Drink - Alborada","4.5",,"https://www.google.com/maps/search/?api=1&query=Rukito%20Grill%26Drink%20-%20Alborada&query_place_id=ChIJ29SWqfFtLZARa8WA4iIGzr0",
"090509 Guayaquil, Ecuador","Restaurante","Restaurante","13676875865269519723","Guayaquil","EC","0x902d6df1a996d4db:0xbdce0622e280c56b",,"https://lh3.googleusercontent.com/gps-cs-s/AHRPTWnKUT7j8DXMVSe53pzbJl3CFfNDuEm9zljfvSuYIKrPFcEqIJod38gRQWhMyZiIWqd0rOe8pKtahHG2fjWFOtAmkbY6jlw0_irNRCAImjYSuBg2dZVczJYo7ueHW7OnZODMTOn2IA=w408-h725-k-no","false","false","/g/11h766fq7s","es-419","0","-2.1367108","-79.9020534",,"Alborada Este",,"false","ChIJ29SWqfFtLZARa8WA4iIGzr0","090509","$10-20","Hace 6 meses","2026-01-22T22:34:20.918Z",,,,,,,,,"Ruido moderado",,,,"$15-20",,"2 personas","De 10 a 30 min",,,,"4","5","2","Ci9DQUlRQUNvZENodHljRjlvT2xSR04xVm9iMVJsUTBwSlJFSmxkbkZQV25WVE5HYxAB",,,,,,,,,,,,,"Google",,,"1",,,"2716","2026-08-08T16:42:14.542Z","Direct Detail URL: https://www.google.com/maps/place/Rukito+Grill%26Drink+-+Alborada/@-2.1347917,-79.9223432,12.98z/data=!4m10!1m2!2m1!1srukito!3m6!1s0x902d6df1a996d4db:0xbdce0622e280c56b!8m2!3d-2.1367108!4d-79.9020534!15sCgZydWtpdG9aCCIGcnVraXRvkgEKcmVzdGF1cmFudOABAA!16s%2Fg%2F11h766fq7s?entry=ttu&g_ep=EgoyMDI2MDgwNS4xIKXMDSoASAFQAw%3D%3D","3",,,"false",,,"Rukito Grill&Drink - Alborada","4.5",,"https://www.google.com/maps/search/?api=1&query=Rukito%20Grill%26Drink%20-%20Alborada&query_place_id=ChIJ29SWqfFtLZARa8WA4iIGzr0",
"090509 Guayaquil, Ecuador","Restaurante","Restaurante","13676875865269519723","Guayaquil","EC","0x902d6df1a996d4db:0xbdce0622e280c56b",,"https://lh3.googleusercontent.com/gps-cs-s/AHRPTWnKUT7j8DXMVSe53pzbJl3CFfNDuEm9zljfvSuYIKrPFcEqIJod38gRQWhMyZiIWqd0rOe8pKtahHG2fjWFOtAmkbY6jlw0_irNRCAImjYSuBg2dZVczJYo7ueHW7OnZODMTOn2IA=w408-h725-k-no","false","false","/g/11h766fq7s","es-419","0","-2.1367108","-79.9020534",,"Alborada Este",,"false","ChIJ29SWqfFtLZARa8WA4iIGzr0","090509","$10-20","Hace 6 meses","2026-01-22T02:01:43.170Z",,,,,,,,,"Ruido moderado",,,,"$15-20",,"3 o 4 personas","Hasta 10 min",,,,"4","5","4","Ci9DQUlRQUNvZENodHljRjlvT21wVU9VUm5SV2hzV0ZGM2RHdFhUVzB0WW5CWlVtYxAB",,,,,,,,,,,,,"Google",,,"4",,,"2716","2026-08-08T16:42:14.542Z","Direct Detail URL: https://www.google.com/maps/place/Rukito+Grill%26Drink+-+Alborada/@-2.1347917,-79.9223432,12.98z/data=!4m10!1m2!2m1!1srukito!3m6!1s0x902d6df1a996d4db:0xbdce0622e280c56b!8m2!3d-2.1367108!4d-79.9020534!15sCgZydWtpdG9aCCIGcnVraXRvkgEKcmVzdGF1cmFudOABAA!16s%2Fg%2F11h766fq7s?entry=ttu&g_ep=EgoyMDI2MDgwNS4xIKXMDSoASAFQAw%3D%3D","5",,,"false",,,"Rukito Grill&Drink - Alborada","4.5",,"https://www.google.com/maps/search/?api=1&query=Rukito%20Grill%26Drink%20-%20Alborada&query_place_id=ChIJ29SWqfFtLZARa8WA4iIGzr0",
"090509 Guayaquil, Ecuador","Restaurante","Restaurante","13676875865269519723","Guayaquil","EC","0x902d6df1a996d4db:0xbdce0622e280c56b",,"https://lh3.googleusercontent.com/gps-cs-s/AHRPTWnKUT7j8DXMVSe53pzbJl3CFfNDuEm9zljfvSuYIKrPFcEqIJod38gRQWhMyZiIWqd0rOe8pKtahHG2fjWFOtAmkbY6jlw0_irNRCAImjYSuBg2dZVczJYo7ueHW7OnZODMTOn2IA=w408-h725-k-no","false","false","/g/11h766fq7s","es-419","0","-2.1367108","-79.9020534",,"Alborada Este",,"false","ChIJ29SWqfFtLZARa8WA4iIGzr0","090509","$10-20","Hace 6 meses","2026-01-20T01:00:33.036Z",,,,,,"Hay suficiente espacio",,,,"Estacionamiento gratuito, Estacionamiento gratuito en la calle",,,"$30-35",,"Apto para grupos de todos los tamaños","Hasta 10 min","Comedor cubierto",,,"3","5","5","Ci9DQUlRQUNvZENodHljRjlvT25VeWVrTm5hbFp3YWpNMExYVlBlRlZ1VlZJd1oxRRAB",,,,,,,,,,,,,"Google",,,"0",,,"2716","2026-08-08T16:42:14.542Z","Direct Detail URL: https://www.google.com/maps/place/Rukito+Grill%26Drink+-+Alborada/@-2.1347917,-79.9223432,12.98z/data=!4m10!1m2!2m1!1srukito!3m6!1s0x902d6df1a996d4db:0xbdce0622e280c56b!8m2!3d-2.1367108!4d-79.9020534!15sCgZydWtpdG9aCCIGcnVraXRvkgEKcmVzdGF1cmFudOABAA!16s%2Fg%2F11h766fq7s?entry=ttu&g_ep=EgoyMDI2MDgwNS4xIKXMDSoASAFQAw%3D%3D","4",,,"false",,,"Rukito Grill&Drink - Alborada","4.5",,"https://www.google.com/maps/search/?api=1&query=Rukito%20Grill%26Drink%20-%20Alborada&query_place_id=ChIJ29SWqfFtLZARa8WA4iIGzr0",
"090509 Guayaquil, Ecuador","Restaurante","Restaurante","13676875865269519723","Guayaquil","EC","0x902d6df1a996d4db:0xbdce0622e280c56b",,"https://lh3.googleusercontent.com/gps-cs-s/AHRPTWnKUT7j8DXMVSe53pzbJl3CFfNDuEm9zljfvSuYIKrPFcEqIJod38gRQWhMyZiIWqd0rOe8pKtahHG2fjWFOtAmkbY6jlw0_irNRCAImjYSuBg2dZVczJYo7ueHW7OnZODMTOn2IA=w408-h725-k-no","false","true","/g/11h766fq7s","es-419","0","-2.1367108","-79.9020534",,"Alborada Este","es","false","ChIJ29SWqfFtLZARa8WA4iIGzr0","090509","$10-20","Hace 6 meses","2026-01-17T20:38:40.792Z",,,,,,"Hay suficiente espacio",,,"Muy silencioso","Estacionamiento gratuito",,,"$10-15",,"Entre 5 y 8 personas","Sin espera",,,,"5","5","5","Ci9DQUlRQUNvZENodHljRjlvT25CalZtRjJVSFJ4ZFV4R05VSlZSWFIyZVV4MGVFRRAB",,,,,,,,,,,,,"Google",,,"19",,,"2716","2026-08-08T16:42:14.542Z","Direct Detail URL: https://www.google.com/maps/place/Rukito+Grill%26Drink+-+Alborada/@-2.1347917,-79.9223432,12.98z/data=!4m10!1m2!2m1!1srukito!3m6!1s0x902d6df1a996d4db:0xbdce0622e280c56b!8m2!3d-2.1367108!4d-79.9020534!15sCgZydWtpdG9aCCIGcnVraXRvkgEKcmVzdGF1cmFudOABAA!16s%2Fg%2F11h766fq7s?entry=ttu&g_ep=EgoyMDI2MDgwNS4xIKXMDSoASAFQAw%3D%3D","5",,,"false","Comida exquisita, especialidades carnes",,"Rukito Grill&Drink - Alborada","4.5",,"https://www.google.com/maps/search/?api=1&query=Rukito%20Grill%26Drink%20-%20Alborada&query_place_id=ChIJ29SWqfFtLZARa8WA4iIGzr0",
"090509 Guayaquil, Ecuador","Restaurante","Restaurante","13676875865269519723","Guayaquil","EC","0x902d6df1a996d4db:0xbdce0622e280c56b",,"https://lh3.googleusercontent.com/gps-cs-s/AHRPTWnKUT7j8DXMVSe53pzbJl3CFfNDuEm9zljfvSuYIKrPFcEqIJod38gRQWhMyZiIWqd0rOe8pKtahHG2fjWFOtAmkbY6jlw0_irNRCAImjYSuBg2dZVczJYo7ueHW7OnZODMTOn2IA=w408-h725-k-no","false","true","/g/11h766fq7s","es-419","0","-2.1367108","-79.9020534",,"Alborada Este",,"false","ChIJ29SWqfFtLZARa8WA4iIGzr0","090509","$10-20","Hace 6 meses","2026-01-15T04:47:06.651Z",,,,,,,,,,,,,"$40-45",,,,,,,,,,"Ci9DQUlRQUNvZENodHljRjlvT214dWVqQmhUbGhmYVhOM2JVSTVObEZOWm5ORlEyYxAB",,,,,,,,,,,,,"Google",,,"11",,,"2716","2026-08-08T16:42:14.542Z","Direct Detail URL: https://www.google.com/maps/place/Rukito+Grill%26Drink+-+Alborada/@-2.1347917,-79.9223432,12.98z/data=!4m10!1m2!2m1!1srukito!3m6!1s0x902d6df1a996d4db:0xbdce0622e280c56b!8m2!3d-2.1367108!4d-79.9020534!15sCgZydWtpdG9aCCIGcnVraXRvkgEKcmVzdGF1cmFudOABAA!16s%2Fg%2F11h766fq7s?entry=ttu&g_ep=EgoyMDI2MDgwNS4xIKXMDSoASAFQAw%3D%3D","5",,,"false",,,"Rukito Grill&Drink - Alborada","4.5",,"https://www.google.com/maps/search/?api=1&query=Rukito%20Grill%26Drink%20-%20Alborada&query_place_id=ChIJ29SWqfFtLZARa8WA4iIGzr0",
"090509 Guayaquil, Ecuador","Restaurante","Restaurante","13676875865269519723","Guayaquil","EC","0x902d6df1a996d4db:0xbdce0622e280c56b",,"https://lh3.googleusercontent.com/gps-cs-s/AHRPTWnKUT7j8DXMVSe53pzbJl3CFfNDuEm9zljfvSuYIKrPFcEqIJod38gRQWhMyZiIWqd0rOe8pKtahHG2fjWFOtAmkbY6jlw0_irNRCAImjYSuBg2dZVczJYo7ueHW7OnZODMTOn2IA=w408-h725-k-no","false","true","/g/11h766fq7s","es-419","0","-2.1367108","-79.9020534",,"Alborada Este",,"false","ChIJ29SWqfFtLZARa8WA4iIGzr0","090509","$10-20","Hace 6 meses","2026-01-12T20:13:24.859Z",,,,,,"Hay suficiente espacio",,,,"Estacionamiento gratuito",,,"$10-15",,"Entre 5 y 8 personas, Apto para grupos de todos los tamaños","De 10 a 30 min","Comedor cubierto, Área de bar",,,,,,"Ci9DQUlRQUNvZENodHljRjlvT210VVRtSkxVak51TTJoblJFWTFVVzFyZUhGbWExRRAB",,,,,,,,,,,,,"Google",,,"2",,,"2716","2026-08-08T16:42:14.542Z","Direct Detail URL: https://www.google.com/maps/place/Rukito+Grill%26Drink+-+Alborada/@-2.1347917,-79.9223432,12.98z/data=!4m10!1m2!2m1!1srukito!3m6!1s0x902d6df1a996d4db:0xbdce0622e280c56b!8m2!3d-2.1367108!4d-79.9020534!15sCgZydWtpdG9aCCIGcnVraXRvkgEKcmVzdGF1cmFudOABAA!16s%2Fg%2F11h766fq7s?entry=ttu&g_ep=EgoyMDI2MDgwNS4xIKXMDSoASAFQAw%3D%3D","5",,,"false",,,"Rukito Grill&Drink - Alborada","4.5",,"https://www.google.com/maps/search/?api=1&query=Rukito%20Grill%26Drink%20-%20Alborada&query_place_id=ChIJ29SWqfFtLZARa8WA4iIGzr0",
"090509 Guayaquil, Ecuador","Restaurante","Restaurante","13676875865269519723","Guayaquil","EC","0x902d6df1a996d4db:0xbdce0622e280c56b",,"https://lh3.googleusercontent.com/gps-cs-s/AHRPTWnKUT7j8DXMVSe53pzbJl3CFfNDuEm9zljfvSuYIKrPFcEqIJod38gRQWhMyZiIWqd0rOe8pKtahHG2fjWFOtAmkbY6jlw0_irNRCAImjYSuBg2dZVczJYo7ueHW7OnZODMTOn2IA=w408-h725-k-no","false","false","/g/11h766fq7s","es-419","0","-2.1367108","-79.9020534",,"Alborada Este","es","false","ChIJ29SWqfFtLZARa8WA4iIGzr0","090509","$10-20","Hace 6 meses","2026-01-12T12:25:51.125Z",,,,,,,,,,,,,,,,,,,,"5","5","5","Ci9DQUlRQUNvZENodHljRjlvT2pkclpWcFVhRTlxYWpWWVduaDRORXhWVkU5R1ZuYxAB",,,,,,,,,,,,,"Google",,,"3",,,"2716","2026-08-08T16:42:14.542Z","Direct Detail URL: https://www.google.com/maps/place/Rukito+Grill%26Drink+-+Alborada/@-2.1347917,-79.9223432,12.98z/data=!4m10!1m2!2m1!1srukito!3m6!1s0x902d6df1a996d4db:0xbdce0622e280c56b!8m2!3d-2.1367108!4d-79.9020534!15sCgZydWtpdG9aCCIGcnVraXRvkgEKcmVzdGF1cmFudOABAA!16s%2Fg%2F11h766fq7s?entry=ttu&g_ep=EgoyMDI2MDgwNS4xIKXMDSoASAFQAw%3D%3D","5",,,"false","Excelente servicio",,"Rukito Grill&Drink - Alborada","4.5",,"https://www.google.com/maps/search/?api=1&query=Rukito%20Grill%26Drink%20-%20Alborada&query_place_id=ChIJ29SWqfFtLZARa8WA4iIGzr0",
"090509 Guayaquil, Ecuador","Restaurante","Restaurante","13676875865269519723","Guayaquil","EC","0x902d6df1a996d4db:0xbdce0622e280c56b",,"https://lh3.googleusercontent.com/gps-cs-s/AHRPTWnKUT7j8DXMVSe53pzbJl3CFfNDuEm9zljfvSuYIKrPFcEqIJod38gRQWhMyZiIWqd0rOe8pKtahHG2fjWFOtAmkbY6jlw0_irNRCAImjYSuBg2dZVczJYo7ueHW7OnZODMTOn2IA=w408-h725-k-no","false","true","/g/11h766fq7s","es-419","0","-2.1367108","-79.9020534",,"Alborada Este","es","false","ChIJ29SWqfFtLZARa8WA4iIGzr0","090509","$10-20","Hace 6 meses","2026-01-10T21:47:45.373Z",,,,,,,,,,,,,"Más de $50",,,"De 10 a 30 min",,"Cena",,"1","3","1","Ci9DQUlRQUNvZENodHljRjlvT2xkU2IwaFdRbGRETFRnM1VHYzJZelY0TVdwdGJXYxAB","https://lh3.googleusercontent.com/grass-cs/ACvplmNd8zDxmbmZyqur-LoOeLbzvPN0DRbgPZyhzg4zzPvLYTFJt_2Tk1LAwatnA8gLBfFKKEVhcpyWrzd0YQkJkUZe4PwCfzXTjlW63BVL3fi_x7MO7AJj02u_hjyXonuA-JNbx9_IZjjyWlrN=k-no",,,,,,,,,,,,"Google",,,"225",,,"2716","2026-08-08T16:42:14.542Z","Direct Detail URL: https://www.google.com/maps/place/Rukito+Grill%26Drink+-+Alborada/@-2.1347917,-79.9223432,12.98z/data=!4m10!1m2!2m1!1srukito!3m6!1s0x902d6df1a996d4db:0xbdce0622e280c56b!8m2!3d-2.1367108!4d-79.9020534!15sCgZydWtpdG9aCCIGcnVraXRvkgEKcmVzdGF1cmFudOABAA!16s%2Fg%2F11h766fq7s?entry=ttu&g_ep=EgoyMDI2MDgwNS4xIKXMDSoASAFQAw%3D%3D","1",,,"false","Que decepción me lleve la comida no estuvo mala las guarniciones si fueron terribles, más todavía cuando un grillo saltó a la cabeza de mi hija y bajo al plato de mi esposa se perdió todo el gusto por el pedido",,"Rukito Grill&Drink - Alborada","4.5",,"https://www.google.com/maps/search/?api=1&query=Rukito%20Grill%26Drink%20-%20Alborada&query_place_id=ChIJ29SWqfFtLZARa8WA4iIGzr0",
"090509 Guayaquil, Ecuador","Restaurante","Restaurante","13676875865269519723","Guayaquil","EC","0x902d6df1a996d4db:0xbdce0622e280c56b",,"https://lh3.googleusercontent.com/gps-cs-s/AHRPTWnKUT7j8DXMVSe53pzbJl3CFfNDuEm9zljfvSuYIKrPFcEqIJod38gRQWhMyZiIWqd0rOe8pKtahHG2fjWFOtAmkbY6jlw0_irNRCAImjYSuBg2dZVczJYo7ueHW7OnZODMTOn2IA=w408-h725-k-no","false","true","/g/11h766fq7s","es-419","0","-2.1367108","-79.9020534",,"Alborada Este",,"false","ChIJ29SWqfFtLZARa8WA4iIGzr0","090509","$10-20","Hace 6 meses","2026-01-10T02:03:35.165Z",,,,,,,,,,,,,"$10-15",,,,,"Cena",,"4","4","4","Ci9DQUlRQUNvZENodHljRjlvT2tWdVUyZzJaMGs0Ym5WMVEzaG5VR1pzVlRSblpFRRAB",,,,,,,,,,,,,"Google",,,"9",,,"2716","2026-08-08T16:42:14.542Z","Direct Detail URL: https://www.google.com/maps/place/Rukito+Grill%26Drink+-+Alborada/@-2.1347917,-79.9223432,12.98z/data=!4m10!1m2!2m1!1srukito!3m6!1s0x902d6df1a996d4db:0xbdce0622e280c56b!8m2!3d-2.1367108!4d-79.9020534!15sCgZydWtpdG9aCCIGcnVraXRvkgEKcmVzdGF1cmFudOABAA!16s%2Fg%2F11h766fq7s?entry=ttu&g_ep=EgoyMDI2MDgwNS4xIKXMDSoASAFQAw%3D%3D","5",,,"false",,,"Rukito Grill&Drink - Alborada","4.5",,"https://www.google.com/maps/search/?api=1&query=Rukito%20Grill%26Drink%20-%20Alborada&query_place_id=ChIJ29SWqfFtLZARa8WA4iIGzr0",
"090509 Guayaquil, Ecuador","Restaurante","Restaurante","13676875865269519723","Guayaquil","EC","0x902d6df1a996d4db:0xbdce0622e280c56b",,"https://lh3.googleusercontent.com/gps-cs-s/AHRPTWnKUT7j8DXMVSe53pzbJl3CFfNDuEm9zljfvSuYIKrPFcEqIJod38gRQWhMyZiIWqd0rOe8pKtahHG2fjWFOtAmkbY6jlw0_irNRCAImjYSuBg2dZVczJYo7ueHW7OnZODMTOn2IA=w408-h725-k-no","false","false","/g/11h766fq7s","es-419","0","-2.1367108","-79.9020534",,"Alborada Este","es","false","ChIJ29SWqfFtLZARa8WA4iIGzr0","090509","$10-20","Hace 6 meses","2026-01-09T19:14:05.284Z",,,,,,,,,,,,,"$35-40",,,,,,,,,,"Ci9DQUlRQUNvZENodHljRjlvT2tGTlJ6ZExNR1IwVTNGeWVsaEhWSHB6WW1NMlRFRRAB",,,,,,,,,,,,,"Google",,,"1",,,"2716","2026-08-08T16:42:14.542Z","Direct Detail URL: https://www.google.com/maps/place/Rukito+Grill%26Drink+-+Alborada/@-2.1347917,-79.9223432,12.98z/data=!4m10!1m2!2m1!1srukito!3m6!1s0x902d6df1a996d4db:0xbdce0622e280c56b!8m2!3d-2.1367108!4d-79.9020534!15sCgZydWtpdG9aCCIGcnVraXRvkgEKcmVzdGF1cmFudOABAA!16s%2Fg%2F11h766fq7s?entry=ttu&g_ep=EgoyMDI2MDgwNS4xIKXMDSoASAFQAw%3D%3D","1",,,"false","Todo muy rico pero no me atendió rukito",,"Rukito Grill&Drink - Alborada","4.5",,"https://www.google.com/maps/search/?api=1&query=Rukito%20Grill%26Drink%20-%20Alborada&query_place_id=ChIJ29SWqfFtLZARa8WA4iIGzr0",
"090509 Guayaquil, Ecuador","Restaurante","Restaurante","13676875865269519723","Guayaquil","EC","0x902d6df1a996d4db:0xbdce0622e280c56b",,"https://lh3.googleusercontent.com/gps-cs-s/AHRPTWnKUT7j8DXMVSe53pzbJl3CFfNDuEm9zljfvSuYIKrPFcEqIJod38gRQWhMyZiIWqd0rOe8pKtahHG2fjWFOtAmkbY6jlw0_irNRCAImjYSuBg2dZVczJYo7ueHW7OnZODMTOn2IA=w408-h725-k-no","false","true","/g/11h766fq7s","es-419","0","-2.1367108","-79.9020534",,"Alborada Este","es","false","ChIJ29SWqfFtLZARa8WA4iIGzr0","090509","$10-20","Hace 6 meses","2026-01-08T21:27:46.685Z",,,,,,,,,,,,,"$5-10",,,"De 10 a 30 min",,,,,,,"Ci9DQUlRQUNvZENodHljRjlvT213MmJWVlRYek40WjNNeVdXVnRRVk5OWTJaSVdGRRAB",,,,,,,,,,,,,"Google",,,"50",,,"2716","2026-08-08T16:42:14.542Z","Direct Detail URL: https://www.google.com/maps/place/Rukito+Grill%26Drink+-+Alborada/@-2.1347917,-79.9223432,12.98z/data=!4m10!1m2!2m1!1srukito!3m6!1s0x902d6df1a996d4db:0xbdce0622e280c56b!8m2!3d-2.1367108!4d-79.9020534!15sCgZydWtpdG9aCCIGcnVraXRvkgEKcmVzdGF1cmFudOABAA!16s%2Fg%2F11h766fq7s?entry=ttu&g_ep=EgoyMDI2MDgwNS4xIKXMDSoASAFQAw%3D%3D","5",,,"false","Muy bueno",,"Rukito Grill&Drink - Alborada","4.5",,"https://www.google.com/maps/search/?api=1&query=Rukito%20Grill%26Drink%20-%20Alborada&query_place_id=ChIJ29SWqfFtLZARa8WA4iIGzr0",
"090509 Guayaquil, Ecuador","Restaurante","Restaurante","13676875865269519723","Guayaquil","EC","0x902d6df1a996d4db:0xbdce0622e280c56b",,"https://lh3.googleusercontent.com/gps-cs-s/AHRPTWnKUT7j8DXMVSe53pzbJl3CFfNDuEm9zljfvSuYIKrPFcEqIJod38gRQWhMyZiIWqd0rOe8pKtahHG2fjWFOtAmkbY6jlw0_irNRCAImjYSuBg2dZVczJYo7ueHW7OnZODMTOn2IA=w408-h725-k-no","false","true","/g/11h766fq7s","es-419","0","-2.1367108","-79.9020534",,"Alborada Este","es","false","ChIJ29SWqfFtLZARa8WA4iIGzr0","090509","$10-20","Hace 7 meses","2026-01-04T15:54:34.435Z",,,,,,,,,,,,,"$15-20",,,,,,,"4","3","4","Ci9DQUlRQUNvZENodHljRjlvT25SMWVrMDJibEJvV0dGVE1tdHVlbGhQU1c1MVEwRRAB",,,,,,,,,,,,,"Google",,,"16",,,"2716","2026-08-08T16:42:14.542Z","Direct Detail URL: https://www.google.com/maps/place/Rukito+Grill%26Drink+-+Alborada/@-2.1347917,-79.9223432,12.98z/data=!4m10!1m2!2m1!1srukito!3m6!1s0x902d6df1a996d4db:0xbdce0622e280c56b!8m2!3d-2.1367108!4d-79.9020534!15sCgZydWtpdG9aCCIGcnVraXRvkgEKcmVzdGF1cmFudOABAA!16s%2Fg%2F11h766fq7s?entry=ttu&g_ep=EgoyMDI2MDgwNS4xIKXMDSoASAFQAw%3D%3D","3",,,"false","Sobrevalorado, comida que es lo más importante, deja que deseae y un poco de sobreprecio",,"Rukito Grill&Drink - Alborada","4.5",,"https://www.google.com/maps/search/?api=1&query=Rukito%20Grill%26Drink%20-%20Alborada&query_place_id=ChIJ29SWqfFtLZARa8WA4iIGzr0",
"090509 Guayaquil, Ecuador","Restaurante","Restaurante","13676875865269519723","Guayaquil","EC","0x902d6df1a996d4db:0xbdce0622e280c56b",,"https://lh3.googleusercontent.com/gps-cs-s/AHRPTWnKUT7j8DXMVSe53pzbJl3CFfNDuEm9zljfvSuYIKrPFcEqIJod38gRQWhMyZiIWqd0rOe8pKtahHG2fjWFOtAmkbY6jlw0_irNRCAImjYSuBg2dZVczJYo7ueHW7OnZODMTOn2IA=w408-h725-k-no","false","false","/g/11h766fq7s","es-419","0","-2.1367108","-79.9020534",,"Alborada Este","es","false","ChIJ29SWqfFtLZARa8WA4iIGzr0","090509","$10-20","Hace 7 meses","2026-01-01T22:40:11.973Z",,,,,,,,,,,,,"$35-40","No se requiere hacer una reserva","Apto para grupos de todos los tamaños","Hasta 10 min",,,,"5","5","5","Ci9DQUlRQUNvZENodHljRjlvT210eFRqbDBlazU1VVZaQlNIbEphR1ZOZFRWTlpYYxAB",,,,,,,,,,,,,"Google",,,"2",,,"2716","2026-08-08T16:42:14.542Z","Direct Detail URL: https://www.google.com/maps/place/Rukito+Grill%26Drink+-+Alborada/@-2.1347917,-79.9223432,12.98z/data=!4m10!1m2!2m1!1srukito!3m6!1s0x902d6df1a996d4db:0xbdce0622e280c56b!8m2!3d-2.1367108!4d-79.9020534!15sCgZydWtpdG9aCCIGcnVraXRvkgEKcmVzdGF1cmFudOABAA!16s%2Fg%2F11h766fq7s?entry=ttu&g_ep=EgoyMDI2MDgwNS4xIKXMDSoASAFQAw%3D%3D","5",,,"false","Sin duda alguna un bien lugar para compartir en familia bien ambiente y sobretodo una excelente atencion",,"Rukito Grill&Drink - Alborada","4.5",,"https://www.google.com/maps/search/?api=1&query=Rukito%20Grill%26Drink%20-%20Alborada&query_place_id=ChIJ29SWqfFtLZARa8WA4iIGzr0",
"090509 Guayaquil, Ecuador","Restaurante","Restaurante","13676875865269519723","Guayaquil","EC","0x902d6df1a996d4db:0xbdce0622e280c56b",,"https://lh3.googleusercontent.com/gps-cs-s/AHRPTWnKUT7j8DXMVSe53pzbJl3CFfNDuEm9zljfvSuYIKrPFcEqIJod38gRQWhMyZiIWqd0rOe8pKtahHG2fjWFOtAmkbY6jlw0_irNRCAImjYSuBg2dZVczJYo7ueHW7OnZODMTOn2IA=w408-h725-k-no","false","true","/g/11h766fq7s","es-419","0","-2.1367108","-79.9020534",,"Alborada Este","en","false","ChIJ29SWqfFtLZARa8WA4iIGzr0","090509","$10-20","Hace 7 meses","2025-12-30T12:05:30.114Z",,,,,,,,,,,,,"$10-15",,,,,,,"5","5","5","Ci9DQUlRQUNvZENodHljRjlvT2twSmFWRTNOR3R0YTFJNFJXWk1NalJHWlZkUFRsRRAB",,,,,,,,,,,,,"Google",,,"18",,,"2716","2026-08-08T16:42:14.542Z","Direct Detail URL: https://www.google.com/maps/place/Rukito+Grill%26Drink+-+Alborada/@-2.1347917,-79.9223432,12.98z/data=!4m10!1m2!2m1!1srukito!3m6!1s0x902d6df1a996d4db:0xbdce0622e280c56b!8m2!3d-2.1367108!4d-79.9020534!15sCgZydWtpdG9aCCIGcnVraXRvkgEKcmVzdGF1cmFudOABAA!16s%2Fg%2F11h766fq7s?entry=ttu&g_ep=EgoyMDI2MDgwNS4xIKXMDSoASAFQAw%3D%3D","5",,,"false","Triple A",,"Rukito Grill&Drink - Alborada","4.5",,"https://www.google.com/maps/search/?api=1&query=Rukito%20Grill%26Drink%20-%20Alborada&query_place_id=ChIJ29SWqfFtLZARa8WA4iIGzr0",
"090509 Guayaquil, Ecuador","Restaurante","Restaurante","13676875865269519723","Guayaquil","EC","0x902d6df1a996d4db:0xbdce0622e280c56b",,"https://lh3.googleusercontent.com/gps-cs-s/AHRPTWnKUT7j8DXMVSe53pzbJl3CFfNDuEm9zljfvSuYIKrPFcEqIJod38gRQWhMyZiIWqd0rOe8pKtahHG2fjWFOtAmkbY6jlw0_irNRCAImjYSuBg2dZVczJYo7ueHW7OnZODMTOn2IA=w408-h725-k-no","false","false","/g/11h766fq7s","es-419","0","-2.1367108","-79.9020534",,"Alborada Este","es","false","ChIJ29SWqfFtLZARa8WA4iIGzr0","090509","$10-20","Hace 7 meses","2025-12-28T16:46:23.485Z",,,,,,,,"No lo sé","Silencioso, agradable para conversar",,,,"$15-20",,,,"Comedor cubierto",,,"5","5","5","Ci9DQUlRQUNvZENodHljRjlvT2xnM2VrNU1hR001WlU5UE5ESk9lWGxKVjNSNE9GRRAB",,,,,,,,,,,,,"Google",,,"2",,,"2716","2026-08-08T16:42:14.542Z","Direct Detail URL: https://www.google.com/maps/place/Rukito+Grill%26Drink+-+Alborada/@-2.1347917,-79.9223432,12.98z/data=!4m10!1m2!2m1!1srukito!3m6!1s0x902d6df1a996d4db:0xbdce0622e280c56b!8m2!3d-2.1367108!4d-79.9020534!15sCgZydWtpdG9aCCIGcnVraXRvkgEKcmVzdGF1cmFudOABAA!16s%2Fg%2F11h766fq7s?entry=ttu&g_ep=EgoyMDI2MDgwNS4xIKXMDSoASAFQAw%3D%3D","5",,,"false","En mi opinión el mejor de todos",,"Rukito Grill&Drink - Alborada","4.5",,"https://www.google.com/maps/search/?api=1&query=Rukito%20Grill%26Drink%20-%20Alborada&query_place_id=ChIJ29SWqfFtLZARa8WA4iIGzr0",
"090509 Guayaquil, Ecuador","Restaurante","Restaurante","13676875865269519723","Guayaquil","EC","0x902d6df1a996d4db:0xbdce0622e280c56b",,"https://lh3.googleusercontent.com/gps-cs-s/AHRPTWnKUT7j8DXMVSe53pzbJl3CFfNDuEm9zljfvSuYIKrPFcEqIJod38gRQWhMyZiIWqd0rOe8pKtahHG2fjWFOtAmkbY6jlw0_irNRCAImjYSuBg2dZVczJYo7ueHW7OnZODMTOn2IA=w408-h725-k-no","false","true","/g/11h766fq7s","es-419","0","-2.1367108","-79.9020534",,"Alborada Este",,"false","ChIJ29SWqfFtLZARa8WA4iIGzr0","090509","$10-20","Hace 7 meses","2025-12-23T03:00:54.250Z",,,,,,,,,,,,,"$30-35",,,"Hasta 10 min",,"Almuerzo",,"5","5","5","Ci9DQUlRQUNvZENodHljRjlvT2s5amFtOUdSMUpDY2twNldVcFpjVlZ5YUVGUFMyYxAB",,,,,,,,,,,,,"Google",,,"92",,,"2716","2026-08-08T16:42:14.542Z","Direct Detail URL: https://www.google.com/maps/place/Rukito+Grill%26Drink+-+Alborada/@-2.1347917,-79.9223432,12.98z/data=!4m10!1m2!2m1!1srukito!3m6!1s0x902d6df1a996d4db:0xbdce0622e280c56b!8m2!3d-2.1367108!4d-79.9020534!15sCgZydWtpdG9aCCIGcnVraXRvkgEKcmVzdGF1cmFudOABAA!16s%2Fg%2F11h766fq7s?entry=ttu&g_ep=EgoyMDI2MDgwNS4xIKXMDSoASAFQAw%3D%3D","5",,,"false",,,"Rukito Grill&Drink - Alborada","4.5",,"https://www.google.com/maps/search/?api=1&query=Rukito%20Grill%26Drink%20-%20Alborada&query_place_id=ChIJ29SWqfFtLZARa8WA4iIGzr0",
"090509 Guayaquil, Ecuador","Restaurante","Restaurante","13676875865269519723","Guayaquil","EC","0x902d6df1a996d4db:0xbdce0622e280c56b",,"https://lh3.googleusercontent.com/gps-cs-s/AHRPTWnKUT7j8DXMVSe53pzbJl3CFfNDuEm9zljfvSuYIKrPFcEqIJod38gRQWhMyZiIWqd0rOe8pKtahHG2fjWFOtAmkbY6jlw0_irNRCAImjYSuBg2dZVczJYo7ueHW7OnZODMTOn2IA=w408-h725-k-no","false","true","/g/11h766fq7s","es-419","0","-2.1367108","-79.9020534",,"Alborada Este","es","false","ChIJ29SWqfFtLZARa8WA4iIGzr0","090509","$10-20","Hace 7 meses","2025-12-16T18:23:32.616Z",,,,,,,,,,,,,,,,,,,,"5","5","5","Ci9DQUlRQUNvZENodHljRjlvT205RU1sQnhOVFZ0WkZWSFlUQktkbGs1Um10VGVtYxAB",,,,,,,,,,,,,"Google",,,"84",,,"2716","2026-08-08T16:42:14.542Z","Direct Detail URL: https://www.google.com/maps/place/Rukito+Grill%26Drink+-+Alborada/@-2.1347917,-79.9223432,12.98z/data=!4m10!1m2!2m1!1srukito!3m6!1s0x902d6df1a996d4db:0xbdce0622e280c56b!8m2!3d-2.1367108!4d-79.9020534!15sCgZydWtpdG9aCCIGcnVraXRvkgEKcmVzdGF1cmFudOABAA!16s%2Fg%2F11h766fq7s?entry=ttu&g_ep=EgoyMDI2MDgwNS4xIKXMDSoASAFQAw%3D%3D","5",,,"false","Excelente la atención y los precios son buenos para la calidad de la comida",,"Rukito Grill&Drink - Alborada","4.5",,"https://www.google.com/maps/search/?api=1&query=Rukito%20Grill%26Drink%20-%20Alborada&query_place_id=ChIJ29SWqfFtLZARa8WA4iIGzr0",
"090509 Guayaquil, Ecuador","Restaurante","Restaurante","13676875865269519723","Guayaquil","EC","0x902d6df1a996d4db:0xbdce0622e280c56b",,"https://lh3.googleusercontent.com/gps-cs-s/AHRPTWnKUT7j8DXMVSe53pzbJl3CFfNDuEm9zljfvSuYIKrPFcEqIJod38gRQWhMyZiIWqd0rOe8pKtahHG2fjWFOtAmkbY6jlw0_irNRCAImjYSuBg2dZVczJYo7ueHW7OnZODMTOn2IA=w408-h725-k-no","false","true","/g/11h766fq7s","es-419","0","-2.1367108","-79.9020534",,"Alborada Este",,"false","ChIJ29SWqfFtLZARa8WA4iIGzr0","090509","$10-20","Hace 7 meses","2025-12-15T14:46:53.088Z",,,,,,,,,,,,,"$10-15",,,,,,,,"5",,"Ci9DQUlRQUNvZENodHljRjlvT2pVMlRFZFhlalJDVWpWZlRuaDRjRUpIV1dwRFdsRRAB",,,,,,,,,,,,,"Google",,,"9",,,"2716","2026-08-08T16:42:14.542Z","Direct Detail URL: https://www.google.com/maps/place/Rukito+Grill%26Drink+-+Alborada/@-2.1347917,-79.9223432,12.98z/data=!4m10!1m2!2m1!1srukito!3m6!1s0x902d6df1a996d4db:0xbdce0622e280c56b!8m2!3d-2.1367108!4d-79.9020534!15sCgZydWtpdG9aCCIGcnVraXRvkgEKcmVzdGF1cmFudOABAA!16s%2Fg%2F11h766fq7s?entry=ttu&g_ep=EgoyMDI2MDgwNS4xIKXMDSoASAFQAw%3D%3D","5",,,"false",,,"Rukito Grill&Drink - Alborada","4.5",,"https://www.google.com/maps/search/?api=1&query=Rukito%20Grill%26Drink%20-%20Alborada&query_place_id=ChIJ29SWqfFtLZARa8WA4iIGzr0",
"090509 Guayaquil, Ecuador","Restaurante","Restaurante","13676875865269519723","Guayaquil","EC","0x902d6df1a996d4db:0xbdce0622e280c56b",,"https://lh3.googleusercontent.com/gps-cs-s/AHRPTWnKUT7j8DXMVSe53pzbJl3CFfNDuEm9zljfvSuYIKrPFcEqIJod38gRQWhMyZiIWqd0rOe8pKtahHG2fjWFOtAmkbY6jlw0_irNRCAImjYSuBg2dZVczJYo7ueHW7OnZODMTOn2IA=w408-h725-k-no","false","true","/g/11h766fq7s","es-419","0","-2.1367108","-79.9020534",,"Alborada Este",,"false","ChIJ29SWqfFtLZARa8WA4iIGzr0","090509","$10-20","Hace 7 meses","2025-12-15T03:42:30.489Z",,,,,,,,,"Ruido moderado",,,,"$15-20",,"Más de 9 personas","De 10 a 30 min",,,,"5","5","5","Ci9DQUlRQUNvZENodHljRjlvT2s5aVFsbE5TMkZzY0ROTVYzZGtYeTFrV2pkNmRVRRAB","https://lh3.googleusercontent.com/grass-cs/ACvplmPW5ajB6w_8O1p6bq4PnsRGRgot8R_JoU_OGuqpoupCTEXH6hFU-cBOjBZykOHlvH2pceVzZut2NPC-P6YP81P8A5OObykK2m6HZ1JX0x8HL2oeXYthU5Rp9qgocMvGpHOhBx_1oP608zQ=k-no","https://lh3.googleusercontent.com/grass-cs/ACvplmNdKlnisGzzcvqFQnFeZIFkvAkUX-xcWGmGVfi1WLaUVwjhGzRyNmtIlG5dpmYa-_kb8-soAzjBjYMNmqhSqoSkWF8Rm7qyKtmAK80tf0LE_Q69gDzi173Jx0-JMbwBcHfNT9hZuo-DxmAt=k-no",,,,,,,,,,,"Google",,,"12",,,"2716","2026-08-08T16:42:14.542Z","Direct Detail URL: https://www.google.com/maps/place/Rukito+Grill%26Drink+-+Alborada/@-2.1347917,-79.9223432,12.98z/data=!4m10!1m2!2m1!1srukito!3m6!1s0x902d6df1a996d4db:0xbdce0622e280c56b!8m2!3d-2.1367108!4d-79.9020534!15sCgZydWtpdG9aCCIGcnVraXRvkgEKcmVzdGF1cmFudOABAA!16s%2Fg%2F11h766fq7s?entry=ttu&g_ep=EgoyMDI2MDgwNS4xIKXMDSoASAFQAw%3D%3D","5",,,"false",,,"Rukito Grill&Drink - Alborada","4.5",,"https://www.google.com/maps/search/?api=1&query=Rukito%20Grill%26Drink%20-%20Alborada&query_place_id=ChIJ29SWqfFtLZARa8WA4iIGzr0",
"090509 Guayaquil, Ecuador","Restaurante","Restaurante","13676875865269519723","Guayaquil","EC","0x902d6df1a996d4db:0xbdce0622e280c56b",,"https://lh3.googleusercontent.com/gps-cs-s/AHRPTWnKUT7j8DXMVSe53pzbJl3CFfNDuEm9zljfvSuYIKrPFcEqIJod38gRQWhMyZiIWqd0rOe8pKtahHG2fjWFOtAmkbY6jlw0_irNRCAImjYSuBg2dZVczJYo7ueHW7OnZODMTOn2IA=w408-h725-k-no","false","true","/g/11h766fq7s","es-419","0","-2.1367108","-79.9020534",,"Alborada Este",,"false","ChIJ29SWqfFtLZARa8WA4iIGzr0","090509","$10-20","Hace 7 meses","2025-12-13T23:36:13.216Z",,,,,,,,,"Ruido moderado",,,,"$15-20",,"3 o 4 personas","De 10 a 30 min",,,,"4","5","5","Ci9DQUlRQUNvZENodHljRjlvT25KWlRsQjFkRUV5VGkwMWFuTlpaVmRWVWtObGVXYxAB",,,,,,,,,,,,,"Google",,,"17",,,"2716","2026-08-08T16:42:14.542Z","Direct Detail URL: https://www.google.com/maps/place/Rukito+Grill%26Drink+-+Alborada/@-2.1347917,-79.9223432,12.98z/data=!4m10!1m2!2m1!1srukito!3m6!1s0x902d6df1a996d4db:0xbdce0622e280c56b!8m2!3d-2.1367108!4d-79.9020534!15sCgZydWtpdG9aCCIGcnVraXRvkgEKcmVzdGF1cmFudOABAA!16s%2Fg%2F11h766fq7s?entry=ttu&g_ep=EgoyMDI2MDgwNS4xIKXMDSoASAFQAw%3D%3D","4",,,"false",,,"Rukito Grill&Drink - Alborada","4.5",,"https://www.google.com/maps/search/?api=1&query=Rukito%20Grill%26Drink%20-%20Alborada&query_place_id=ChIJ29SWqfFtLZARa8WA4iIGzr0",
"090509 Guayaquil, Ecuador","Restaurante","Restaurante","13676875865269519723","Guayaquil","EC","0x902d6df1a996d4db:0xbdce0622e280c56b",,"https://lh3.googleusercontent.com/gps-cs-s/AHRPTWnKUT7j8DXMVSe53pzbJl3CFfNDuEm9zljfvSuYIKrPFcEqIJod38gRQWhMyZiIWqd0rOe8pKtahHG2fjWFOtAmkbY6jlw0_irNRCAImjYSuBg2dZVczJYo7ueHW7OnZODMTOn2IA=w408-h725-k-no","false","true","/g/11h766fq7s","es-419","0","-2.1367108","-79.9020534",,"Alborada Este",,"false","ChIJ29SWqfFtLZARa8WA4iIGzr0","090509","$10-20","Hace 7 meses","2025-12-10T13:43:38.485Z",,,,,,,,,,,,,"$25-30",,"Apto para grupos de todos los tamaños","Hasta 10 min","Comedor cubierto, Patio o terraza al aire libre",,,"4","3","5","Ci9DQUlRQUNvZENodHljRjlvT21oU1h6TlNZbkZKVkdwalVFWXljRVF6YmxsMFNGRRAB",,,,,,,,,,,,,"Google",,,"13",,,"2716","2026-08-08T16:42:14.542Z","Direct Detail URL: https://www.google.com/maps/place/Rukito+Grill%26Drink+-+Alborada/@-2.1347917,-79.9223432,12.98z/data=!4m10!1m2!2m1!1srukito!3m6!1s0x902d6df1a996d4db:0xbdce0622e280c56b!8m2!3d-2.1367108!4d-79.9020534!15sCgZydWtpdG9aCCIGcnVraXRvkgEKcmVzdGF1cmFudOABAA!16s%2Fg%2F11h766fq7s?entry=ttu&g_ep=EgoyMDI2MDgwNS4xIKXMDSoASAFQAw%3D%3D","5",,,"false",,,"Rukito Grill&Drink - Alborada","4.5",,"https://www.google.com/maps/search/?api=1&query=Rukito%20Grill%26Drink%20-%20Alborada&query_place_id=ChIJ29SWqfFtLZARa8WA4iIGzr0",
"090509 Guayaquil, Ecuador","Restaurante","Restaurante","13676875865269519723","Guayaquil","EC","0x902d6df1a996d4db:0xbdce0622e280c56b",,"https://lh3.googleusercontent.com/gps-cs-s/AHRPTWnKUT7j8DXMVSe53pzbJl3CFfNDuEm9zljfvSuYIKrPFcEqIJod38gRQWhMyZiIWqd0rOe8pKtahHG2fjWFOtAmkbY6jlw0_irNRCAImjYSuBg2dZVczJYo7ueHW7OnZODMTOn2IA=w408-h725-k-no","false","false","/g/11h766fq7s","es-419","0","-2.1367108","-79.9020534",,"Alborada Este",,"false","ChIJ29SWqfFtLZARa8WA4iIGzr0","090509","$10-20","Hace 7 meses","2025-12-10T07:18:58.733Z",,,,,,,,,,,,,"$25-30",,"2 personas","Hasta 10 min",,,,"5","5","5","Ci9DQUlRQUNvZENodHljRjlvT2xad2QwSlRSazFKWkdWU1pVNHRkbEpTTjFOQ1NVRRAB",,,,,,,,,,,,,"Google",,,"0",,,"2716","2026-08-08T16:42:14.542Z","Direct Detail URL: https://www.google.com/maps/place/Rukito+Grill%26Drink+-+Alborada/@-2.1347917,-79.9223432,12.98z/data=!4m10!1m2!2m1!1srukito!3m6!1s0x902d6df1a996d4db:0xbdce0622e280c56b!8m2!3d-2.1367108!4d-79.9020534!15sCgZydWtpdG9aCCIGcnVraXRvkgEKcmVzdGF1cmFudOABAA!16s%2Fg%2F11h766fq7s?entry=ttu&g_ep=EgoyMDI2MDgwNS4xIKXMDSoASAFQAw%3D%3D","5",,,"false",,,"Rukito Grill&Drink - Alborada","4.5",,"https://www.google.com/maps/search/?api=1&query=Rukito%20Grill%26Drink%20-%20Alborada&query_place_id=ChIJ29SWqfFtLZARa8WA4iIGzr0",
"090509 Guayaquil, Ecuador","Restaurante","Restaurante","13676875865269519723","Guayaquil","EC","0x902d6df1a996d4db:0xbdce0622e280c56b",,"https://lh3.googleusercontent.com/gps-cs-s/AHRPTWnKUT7j8DXMVSe53pzbJl3CFfNDuEm9zljfvSuYIKrPFcEqIJod38gRQWhMyZiIWqd0rOe8pKtahHG2fjWFOtAmkbY6jlw0_irNRCAImjYSuBg2dZVczJYo7ueHW7OnZODMTOn2IA=w408-h725-k-no","false","true","/g/11h766fq7s","es-419","0","-2.1367108","-79.9020534",,"Alborada Este","es","false","ChIJ29SWqfFtLZARa8WA4iIGzr0","090509","$10-20","Hace 7 meses","2025-12-09T20:42:24.173Z",,,,,,,,,,,,,"$20-25",,"Entre 5 y 8 personas","Hasta 10 min","Comedor privado",,,"1","5","4","Ci9DQUlRQUNvZENodHljRjlvT2xaemEwRjNjRVp4ZUhsRFRETkNhbEpFVEdVeFFWRRAB","https://lh3.googleusercontent.com/grass-cs/ACvplmMp5-4OLrAB9WIrbIEVcJtog-RkY7AoteDGXXvB-araFKQasX8UaqwcO1gGv_DPQ5sp_J9evOw-lvAsjiSDwu634UNSZtfKuJ_Cc_NS1c7DlkNtY6Xv5DDRU-R4f5wTWFgVBJjx7IrOUdMT=k-no",,,,,,,,,,,,"Google",,,"21",,,"2716","2026-08-08T16:42:14.542Z","Direct Detail URL: https://www.google.com/maps/place/Rukito+Grill%26Drink+-+Alborada/@-2.1347917,-79.9223432,12.98z/data=!4m10!1m2!2m1!1srukito!3m6!1s0x902d6df1a996d4db:0xbdce0622e280c56b!8m2!3d-2.1367108!4d-79.9020534!15sCgZydWtpdG9aCCIGcnVraXRvkgEKcmVzdGF1cmFudOABAA!16s%2Fg%2F11h766fq7s?entry=ttu&g_ep=EgoyMDI2MDgwNS4xIKXMDSoASAFQAw%3D%3D","5",,,"false","El ambiente no me agrado la comida DEEEEEEELICIOSA",,"Rukito Grill&Drink - Alborada","4.5",,"https://www.google.com/maps/search/?api=1&query=Rukito%20Grill%26Drink%20-%20Alborada&query_place_id=ChIJ29SWqfFtLZARa8WA4iIGzr0",
"090509 Guayaquil, Ecuador","Restaurante","Restaurante","13676875865269519723","Guayaquil","EC","0x902d6df1a996d4db:0xbdce0622e280c56b",,"https://lh3.googleusercontent.com/gps-cs-s/AHRPTWnKUT7j8DXMVSe53pzbJl3CFfNDuEm9zljfvSuYIKrPFcEqIJod38gRQWhMyZiIWqd0rOe8pKtahHG2fjWFOtAmkbY6jlw0_irNRCAImjYSuBg2dZVczJYo7ueHW7OnZODMTOn2IA=w408-h725-k-no","false","false","/g/11h766fq7s","es-419","0","-2.1367108","-79.9020534",,"Alborada Este",,"false","ChIJ29SWqfFtLZARa8WA4iIGzr0","090509","$10-20","Hace 8 meses","2025-12-04T02:23:36.824Z",,,,,,,,"Evento de temporada o de festividades",,,,,"$15-20",,"Apto para grupos de todos los tamaños","De 10 a 30 min",,,,"5","5","4","Ci9DQUlRQUNvZENodHljRjlvT2paUmJtbFhZVEpITmxsUlluZERlbDlOWVVFemJrRRAB",,,,,,,,,,,,,"Google",,,"2",,,"2716","2026-08-08T16:42:14.542Z","Direct Detail URL: https://www.google.com/maps/place/Rukito+Grill%26Drink+-+Alborada/@-2.1347917,-79.9223432,12.98z/data=!4m10!1m2!2m1!1srukito!3m6!1s0x902d6df1a996d4db:0xbdce0622e280c56b!8m2!3d-2.1367108!4d-79.9020534!15sCgZydWtpdG9aCCIGcnVraXRvkgEKcmVzdGF1cmFudOABAA!16s%2Fg%2F11h766fq7s?entry=ttu&g_ep=EgoyMDI2MDgwNS4xIKXMDSoASAFQAw%3D%3D","5",,,"false",,,"Rukito Grill&Drink - Alborada","4.5",,"https://www.google.com/maps/search/?api=1&query=Rukito%20Grill%26Drink%20-%20Alborada&query_place_id=ChIJ29SWqfFtLZARa8WA4iIGzr0",
"090509 Guayaquil, Ecuador","Restaurante","Restaurante","13676875865269519723","Guayaquil","EC","0x902d6df1a996d4db:0xbdce0622e280c56b",,"https://lh3.googleusercontent.com/gps-cs-s/AHRPTWnKUT7j8DXMVSe53pzbJl3CFfNDuEm9zljfvSuYIKrPFcEqIJod38gRQWhMyZiIWqd0rOe8pKtahHG2fjWFOtAmkbY6jlw0_irNRCAImjYSuBg2dZVczJYo7ueHW7OnZODMTOn2IA=w408-h725-k-no","false","false","/g/11h766fq7s","es-419","0","-2.1367108","-79.9020534",,"Alborada Este",,"false","ChIJ29SWqfFtLZARa8WA4iIGzr0","090509","$10-20","Hace 8 meses","2025-12-03T00:52:38.418Z",,,,,,,,,,,,,,,,,,,,,,,"Ci9DQUlRQUNvZENodHljRjlvT2pWU1J6RmxiR1J3T1Uxb2JtdDFYMVZMVURScGIzYxAB",,,,,,,,,,,,,"Google",,,"0",,,"2716","2026-08-08T16:42:14.542Z","Direct Detail URL: https://www.google.com/maps/place/Rukito+Grill%26Drink+-+Alborada/@-2.1347917,-79.9223432,12.98z/data=!4m10!1m2!2m1!1srukito!3m6!1s0x902d6df1a996d4db:0xbdce0622e280c56b!8m2!3d-2.1367108!4d-79.9020534!15sCgZydWtpdG9aCCIGcnVraXRvkgEKcmVzdGF1cmFudOABAA!16s%2Fg%2F11h766fq7s?entry=ttu&g_ep=EgoyMDI2MDgwNS4xIKXMDSoASAFQAw%3D%3D","5",,,"false",,,"Rukito Grill&Drink - Alborada","4.5",,"https://www.google.com/maps/search/?api=1&query=Rukito%20Grill%26Drink%20-%20Alborada&query_place_id=ChIJ29SWqfFtLZARa8WA4iIGzr0",
"090509 Guayaquil, Ecuador","Restaurante","Restaurante","13676875865269519723","Guayaquil","EC","0x902d6df1a996d4db:0xbdce0622e280c56b",,"https://lh3.googleusercontent.com/gps-cs-s/AHRPTWnKUT7j8DXMVSe53pzbJl3CFfNDuEm9zljfvSuYIKrPFcEqIJod38gRQWhMyZiIWqd0rOe8pKtahHG2fjWFOtAmkbY6jlw0_irNRCAImjYSuBg2dZVczJYo7ueHW7OnZODMTOn2IA=w408-h725-k-no","false","false","/g/11h766fq7s","es-419","0","-2.1367108","-79.9020534",,"Alborada Este",,"false","ChIJ29SWqfFtLZARa8WA4iIGzr0","090509","$10-20","Hace 8 meses","2025-12-02T00:16:45.939Z",,,,,,,,,,,,,,,,,,,,,,,"Ci9DQUlRQUNvZENodHljRjlvT25ZeFkxcG5iWEJ4WTJjMFdXMTVZMFE0WlhOQlRtYxAB",,,,,,,,,,,,,"Google",,,"1",,,"2716","2026-08-08T16:42:14.542Z","Direct Detail URL: https://www.google.com/maps/place/Rukito+Grill%26Drink+-+Alborada/@-2.1347917,-79.9223432,12.98z/data=!4m10!1m2!2m1!1srukito!3m6!1s0x902d6df1a996d4db:0xbdce0622e280c56b!8m2!3d-2.1367108!4d-79.9020534!15sCgZydWtpdG9aCCIGcnVraXRvkgEKcmVzdGF1cmFudOABAA!16s%2Fg%2F11h766fq7s?entry=ttu&g_ep=EgoyMDI2MDgwNS4xIKXMDSoASAFQAw%3D%3D","5",,,"false",,,"Rukito Grill&Drink - Alborada","4.5",,"https://www.google.com/maps/search/?api=1&query=Rukito%20Grill%26Drink%20-%20Alborada&query_place_id=ChIJ29SWqfFtLZARa8WA4iIGzr0",
"090509 Guayaquil, Ecuador","Restaurante","Restaurante","13676875865269519723","Guayaquil","EC","0x902d6df1a996d4db:0xbdce0622e280c56b",,"https://lh3.googleusercontent.com/gps-cs-s/AHRPTWnKUT7j8DXMVSe53pzbJl3CFfNDuEm9zljfvSuYIKrPFcEqIJod38gRQWhMyZiIWqd0rOe8pKtahHG2fjWFOtAmkbY6jlw0_irNRCAImjYSuBg2dZVczJYo7ueHW7OnZODMTOn2IA=w408-h725-k-no","false","false","/g/11h766fq7s","es-419","0","-2.1367108","-79.9020534",,"Alborada Este","es","false","ChIJ29SWqfFtLZARa8WA4iIGzr0","090509","$10-20","Hace 8 meses","2025-12-01T14:37:53.326Z",,,,,,,,,"Ruido moderado",,,,"$10-15",,"Apto para grupos de todos los tamaños","Sin espera",,,,"5","5","5","Ci9DQUlRQUNvZENodHljRjlvT2tWd2FsWXRPWEpDTVV4SVVsaHJSakJRUkVJelRtYxAB",,,,,,,,,,,,,"Google",,,"2",,,"2716","2026-08-08T16:42:14.542Z","Direct Detail URL: https://www.google.com/maps/place/Rukito+Grill%26Drink+-+Alborada/@-2.1347917,-79.9223432,12.98z/data=!4m10!1m2!2m1!1srukito!3m6!1s0x902d6df1a996d4db:0xbdce0622e280c56b!8m2!3d-2.1367108!4d-79.9020534!15sCgZydWtpdG9aCCIGcnVraXRvkgEKcmVzdGF1cmFudOABAA!16s%2Fg%2F11h766fq7s?entry=ttu&g_ep=EgoyMDI2MDgwNS4xIKXMDSoASAFQAw%3D%3D","5",,,"false","Exelente servicio, buena atención del personal, y las porciones acuerdo al precio..",,"Rukito Grill&Drink - Alborada","4.5",,"https://www.google.com/maps/search/?api=1&query=Rukito%20Grill%26Drink%20-%20Alborada&query_place_id=ChIJ29SWqfFtLZARa8WA4iIGzr0",
"090509 Guayaquil, Ecuador","Restaurante","Restaurante","13676875865269519723","Guayaquil","EC","0x902d6df1a996d4db:0xbdce0622e280c56b",,"https://lh3.googleusercontent.com/gps-cs-s/AHRPTWnKUT7j8DXMVSe53pzbJl3CFfNDuEm9zljfvSuYIKrPFcEqIJod38gRQWhMyZiIWqd0rOe8pKtahHG2fjWFOtAmkbY6jlw0_irNRCAImjYSuBg2dZVczJYo7ueHW7OnZODMTOn2IA=w408-h725-k-no","false","true","/g/11h766fq7s","es-419","0","-2.1367108","-79.9020534",,"Alborada Este",,"false","ChIJ29SWqfFtLZARa8WA4iIGzr0","090509","$10-20","Hace 8 meses","2025-11-30T23:18:53.196Z",,,,,,,,,"Ruido moderado",,,,"$10-15",,"Entre 5 y 8 personas","De 10 a 30 min",,,,"5","5","4","Ci9DQUlRQUNvZENodHljRjlvT2tReVVtbHRVbVp2Y2tsSFZHNVhabFJxU1VWbVZFRRAB",,,,,,,,,,,,,"Google",,,"2",,,"2716","2026-08-08T16:42:14.542Z","Direct Detail URL: https://www.google.com/maps/place/Rukito+Grill%26Drink+-+Alborada/@-2.1347917,-79.9223432,12.98z/data=!4m10!1m2!2m1!1srukito!3m6!1s0x902d6df1a996d4db:0xbdce0622e280c56b!8m2!3d-2.1367108!4d-79.9020534!15sCgZydWtpdG9aCCIGcnVraXRvkgEKcmVzdGF1cmFudOABAA!16s%2Fg%2F11h766fq7s?entry=ttu&g_ep=EgoyMDI2MDgwNS4xIKXMDSoASAFQAw%3D%3D","4",,,"false",,,"Rukito Grill&Drink - Alborada","4.5",,"https://www.google.com/maps/search/?api=1&query=Rukito%20Grill%26Drink%20-%20Alborada&query_place_id=ChIJ29SWqfFtLZARa8WA4iIGzr0",
"090509 Guayaquil, Ecuador","Restaurante","Restaurante","13676875865269519723","Guayaquil","EC","0x902d6df1a996d4db:0xbdce0622e280c56b",,"https://lh3.googleusercontent.com/gps-cs-s/AHRPTWnKUT7j8DXMVSe53pzbJl3CFfNDuEm9zljfvSuYIKrPFcEqIJod38gRQWhMyZiIWqd0rOe8pKtahHG2fjWFOtAmkbY6jlw0_irNRCAImjYSuBg2dZVczJYo7ueHW7OnZODMTOn2IA=w408-h725-k-no","false","true","/g/11h766fq7s","es-419","0","-2.1367108","-79.9020534",,"Alborada Este","es","false","ChIJ29SWqfFtLZARa8WA4iIGzr0","090509","$10-20","Hace 8 meses","2025-11-29T19:56:15.649Z",,,,"Si tiene estacionamientos reservado para personas con capacidades especiales y el local tiene acceso para sillas de ruedas.",,"Hay suficiente espacio",,,"Silencioso, agradable para conversar","Estacionamiento pagado",,,"$10-15",,"Apto para grupos de todos los tamaños","De 10 a 30 min",,,,"5","5","5","Ci9DQUlRQUNvZENodHljRjlvT2todVEyeERlVzkxVVdoZlN6UnliRjlHVEVVemNtYxAB",,,,,,,,,,,,,"Google",,,"55",,,"2716","2026-08-08T16:42:14.542Z","Direct Detail URL: https://www.google.com/maps/place/Rukito+Grill%26Drink+-+Alborada/@-2.1347917,-79.9223432,12.98z/data=!4m10!1m2!2m1!1srukito!3m6!1s0x902d6df1a996d4db:0xbdce0622e280c56b!8m2!3d-2.1367108!4d-79.9020534!15sCgZydWtpdG9aCCIGcnVraXRvkgEKcmVzdGF1cmFudOABAA!16s%2Fg%2F11h766fq7s?entry=ttu&g_ep=EgoyMDI2MDgwNS4xIKXMDSoASAFQAw%3D%3D","5",,,"false","Hay tiempo de espera para ingresar al local. Toma entre 15 a 30 minutos, pero no se siente (avanza rápido). A veces brindan un bocadito (patacones con salprieta) para que la espera sea mas llevadera.",,"Rukito Grill&Drink - Alborada","4.5",,"https://www.google.com/maps/search/?api=1&query=Rukito%20Grill%26Drink%20-%20Alborada&query_place_id=ChIJ29SWqfFtLZARa8WA4iIGzr0",
"090509 Guayaquil, Ecuador","Restaurante","Restaurante","13676875865269519723","Guayaquil","EC","0x902d6df1a996d4db:0xbdce0622e280c56b",,"https://lh3.googleusercontent.com/gps-cs-s/AHRPTWnKUT7j8DXMVSe53pzbJl3CFfNDuEm9zljfvSuYIKrPFcEqIJod38gRQWhMyZiIWqd0rOe8pKtahHG2fjWFOtAmkbY6jlw0_irNRCAImjYSuBg2dZVczJYo7ueHW7OnZODMTOn2IA=w408-h725-k-no","false","true","/g/11h766fq7s","es-419","0","-2.1367108","-79.9020534",,"Alborada Este","es","false","ChIJ29SWqfFtLZARa8WA4iIGzr0","090509","$10-20","Hace 8 meses","2025-11-28T23:53:19.095Z",,,,,,,,,"Ruidoso, pero se puede hablar",,,,"$10-15",,"2 personas","Más de 1 hora",,,,"3","3","4","Ci9DQUlRQUNvZENodHljRjlvT21NemQxUmpaR2RwT0doc2JFVmZjR0ZHZUhCeFVuYxAB",,,,,,,,,,,,,"Google",,,"32",,,"2716","2026-08-08T16:42:14.542Z","Direct Detail URL: https://www.google.com/maps/place/Rukito+Grill%26Drink+-+Alborada/@-2.1347917,-79.9223432,12.98z/data=!4m10!1m2!2m1!1srukito!3m6!1s0x902d6df1a996d4db:0xbdce0622e280c56b!8m2!3d-2.1367108!4d-79.9020534!15sCgZydWtpdG9aCCIGcnVraXRvkgEKcmVzdGF1cmFudOABAA!16s%2Fg%2F11h766fq7s?entry=ttu&g_ep=EgoyMDI2MDgwNS4xIKXMDSoASAFQAw%3D%3D","3",,,"false","Tiempos de espera largos para la comida típica, ya que se quedan sin opciones, debido a que todo se acaba, al atención, de lo mejor y rescatable por parte de las daman, de los varones deja mucho que desear",,"Rukito Grill&Drink - Alborada","4.5",,"https://www.google.com/maps/search/?api=1&query=Rukito%20Grill%26Drink%20-%20Alborada&query_place_id=ChIJ29SWqfFtLZARa8WA4iIGzr0",
"090509 Guayaquil, Ecuador","Restaurante","Restaurante","13676875865269519723","Guayaquil","EC","0x902d6df1a996d4db:0xbdce0622e280c56b",,"https://lh3.googleusercontent.com/gps-cs-s/AHRPTWnKUT7j8DXMVSe53pzbJl3CFfNDuEm9zljfvSuYIKrPFcEqIJod38gRQWhMyZiIWqd0rOe8pKtahHG2fjWFOtAmkbY6jlw0_irNRCAImjYSuBg2dZVczJYo7ueHW7OnZODMTOn2IA=w408-h725-k-no","false","false","/g/11h766fq7s","es-419","0","-2.1367108","-79.9020534",,"Alborada Este",,"false","ChIJ29SWqfFtLZARa8WA4iIGzr0","090509","$10-20","Hace 8 meses","2025-11-28T19:42:38.751Z",,,,,,,,,,,,,,,,,,,,"4","5","4","Ci9DQUlRQUNvZENodHljRjlvT21zNU4yaFZaRGhuTW5kaVpqSXlkVmhsZVV4bk5uYxAB",,,,,,,,,,,,,"Google",,,"0",,,"2716","2026-08-08T16:42:14.542Z","Direct Detail URL: https://www.google.com/maps/place/Rukito+Grill%26Drink+-+Alborada/@-2.1347917,-79.9223432,12.98z/data=!4m10!1m2!2m1!1srukito!3m6!1s0x902d6df1a996d4db:0xbdce0622e280c56b!8m2!3d-2.1367108!4d-79.9020534!15sCgZydWtpdG9aCCIGcnVraXRvkgEKcmVzdGF1cmFudOABAA!16s%2Fg%2F11h766fq7s?entry=ttu&g_ep=EgoyMDI2MDgwNS4xIKXMDSoASAFQAw%3D%3D","5",,,"false",,,"Rukito Grill&Drink - Alborada","4.5",,"https://www.google.com/maps/search/?api=1&query=Rukito%20Grill%26Drink%20-%20Alborada&query_place_id=ChIJ29SWqfFtLZARa8WA4iIGzr0",
"090509 Guayaquil, Ecuador","Restaurante","Restaurante","13676875865269519723","Guayaquil","EC","0x902d6df1a996d4db:0xbdce0622e280c56b",,"https://lh3.googleusercontent.com/gps-cs-s/AHRPTWnKUT7j8DXMVSe53pzbJl3CFfNDuEm9zljfvSuYIKrPFcEqIJod38gRQWhMyZiIWqd0rOe8pKtahHG2fjWFOtAmkbY6jlw0_irNRCAImjYSuBg2dZVczJYo7ueHW7OnZODMTOn2IA=w408-h725-k-no","false","false","/g/11h766fq7s","es-419","0","-2.1367108","-79.9020534",,"Alborada Este",,"false","ChIJ29SWqfFtLZARa8WA4iIGzr0","090509","$10-20","Hace 8 meses","2025-11-27T20:43:01.509Z",,,,,,,,,"Silencioso, agradable para conversar",,,,"$10-15",,"3 o 4 personas","Hasta 10 min",,,,"5","5","5","Ci9DQUlRQUNvZENodHljRjlvT25sYU56Qm9lRFIzWTNwYU1tbzJVelI0TVdGUVQxRRAB","https://lh3.googleusercontent.com/grass-cs/ACvplmNg6dMPILTmZRkV7ojbWiruvNxHSD70P52CFZh-L4azT8-IXG0N3Np1z3lYA_ljmBVthpmmkea6NT6TCwIh1mlX2HDi2-yy1xvPCXr91mG1OSUUzJXrJGj3ItekT-FdCQEbvSJE19dcMVLr=k-no","https://lh3.googleusercontent.com/grass-cs/ACvplmM1EQueYZHYRvEveeM7xxEBrhE_D9bC8OoJwpGh5zKZym03G7a4AIYDNymEgBe6SAPZz3B2E5W6M_RLNrRvXHFmEsAps7mQBT6vNSBrPl_41LKyrrMj_T3OYmaMx74YWNRmMmmwI_IW8Tp9=k-no","https://lh3.googleusercontent.com/grass-cs/ACvplmOdJUaM2UsC0Gp1sQEytONbReZKvZEacxbL6hZjqHnXIX39J6Xf7hpb45OVy5RGvKrORbjeGwbK7dslGFe89rC2-JNbh_U56VZlTPChwQeVOFzP6JSJWEHKCkX8ui37u04oBHLcCg2GtrZx=k-no",,,,,,,,,,"Google",,,"2",,,"2716","2026-08-08T16:42:14.542Z","Direct Detail URL: https://www.google.com/maps/place/Rukito+Grill%26Drink+-+Alborada/@-2.1347917,-79.9223432,12.98z/data=!4m10!1m2!2m1!1srukito!3m6!1s0x902d6df1a996d4db:0xbdce0622e280c56b!8m2!3d-2.1367108!4d-79.9020534!15sCgZydWtpdG9aCCIGcnVraXRvkgEKcmVzdGF1cmFudOABAA!16s%2Fg%2F11h766fq7s?entry=ttu&g_ep=EgoyMDI2MDgwNS4xIKXMDSoASAFQAw%3D%3D","5",,,"false",,,"Rukito Grill&Drink - Alborada","4.5",,"https://www.google.com/maps/search/?api=1&query=Rukito%20Grill%26Drink%20-%20Alborada&query_place_id=ChIJ29SWqfFtLZARa8WA4iIGzr0",
"090509 Guayaquil, Ecuador","Restaurante","Restaurante","13676875865269519723","Guayaquil","EC","0x902d6df1a996d4db:0xbdce0622e280c56b",,"https://lh3.googleusercontent.com/gps-cs-s/AHRPTWnKUT7j8DXMVSe53pzbJl3CFfNDuEm9zljfvSuYIKrPFcEqIJod38gRQWhMyZiIWqd0rOe8pKtahHG2fjWFOtAmkbY6jlw0_irNRCAImjYSuBg2dZVczJYo7ueHW7OnZODMTOn2IA=w408-h725-k-no","false","false","/g/11h766fq7s","es-419","0","-2.1367108","-79.9020534",,"Alborada Este",,"false","ChIJ29SWqfFtLZARa8WA4iIGzr0","090509","$10-20","Hace 8 meses","2025-11-27T04:21:56.142Z",,,,,,,,,,,,,,,,,,,,"5","5","5","Ci9DQUlRQUNvZENodHljRjlvT2xOV1RrMWtkakZ6ZFdOalVsbGtZbXhoTFhwMlIzYxAB",,,,,,,,,,,,,"Google",,,"1",,,"2716","2026-08-08T16:42:14.542Z","Direct Detail URL: https://www.google.com/maps/place/Rukito+Grill%26Drink+-+Alborada/@-2.1347917,-79.9223432,12.98z/data=!4m10!1m2!2m1!1srukito!3m6!1s0x902d6df1a996d4db:0xbdce0622e280c56b!8m2!3d-2.1367108!4d-79.9020534!15sCgZydWtpdG9aCCIGcnVraXRvkgEKcmVzdGF1cmFudOABAA!16s%2Fg%2F11h766fq7s?entry=ttu&g_ep=EgoyMDI2MDgwNS4xIKXMDSoASAFQAw%3D%3D","5",,,"false",,,"Rukito Grill&Drink - Alborada","4.5",,"https://www.google.com/maps/search/?api=1&query=Rukito%20Grill%26Drink%20-%20Alborada&query_place_id=ChIJ29SWqfFtLZARa8WA4iIGzr0",
"090509 Guayaquil, Ecuador","Restaurante","Restaurante","13676875865269519723","Guayaquil","EC","0x902d6df1a996d4db:0xbdce0622e280c56b",,"https://lh3.googleusercontent.com/gps-cs-s/AHRPTWnKUT7j8DXMVSe53pzbJl3CFfNDuEm9zljfvSuYIKrPFcEqIJod38gRQWhMyZiIWqd0rOe8pKtahHG2fjWFOtAmkbY6jlw0_irNRCAImjYSuBg2dZVczJYo7ueHW7OnZODMTOn2IA=w408-h725-k-no","false","false","/g/11h766fq7s","es-419","0","-2.1367108","-79.9020534",,"Alborada Este","es","false","ChIJ29SWqfFtLZARa8WA4iIGzr0","090509","$10-20","Hace 8 meses","2025-11-27T03:27:05.991Z",,,,,,,,,"Ruido moderado",,,,"$40-45",,,"Más de 1 hora",,,,,,"1","Ci9DQUlRQUNvZENodHljRjlvT2xBMlEyTm5VekZETTBOV09GVkhka1UwY2pSMk4wRRAB","https://lh3.googleusercontent.com/grass-cs/ACvplmMKwfek34Xxcqq8bfSZvFjUEAp_3vjHtBM4qvY3E_WNX1qTuLEG8HZt4mW_EjhglNgUWVkt1k2YD5AhsgRutSsezB5DazTGGPPz0BQ3q1GLzJbRWYjxq-fu8YHoJAECp4mOLOrWYhmL-UI=k-no",,,,,,,,,,,,"Google",,,"6",,,"2716","2026-08-08T16:42:14.542Z","Direct Detail URL: https://www.google.com/maps/place/Rukito+Grill%26Drink+-+Alborada/@-2.1347917,-79.9223432,12.98z/data=!4m10!1m2!2m1!1srukito!3m6!1s0x902d6df1a996d4db:0xbdce0622e280c56b!8m2!3d-2.1367108!4d-79.9020534!15sCgZydWtpdG9aCCIGcnVraXRvkgEKcmVzdGF1cmFudOABAA!16s%2Fg%2F11h766fq7s?entry=ttu&g_ep=EgoyMDI2MDgwNS4xIKXMDSoASAFQAw%3D%3D","1",,,"false","La peor experiencia en este restaurante, se demoran en tomar la orden, se demoraron UNA HORA en servirnos, es un asco no recomiendo venir jamás a esta porquería",,"Rukito Grill&Drink - Alborada","4.5",,"https://www.google.com/maps/search/?api=1&query=Rukito%20Grill%26Drink%20-%20Alborada&query_place_id=ChIJ29SWqfFtLZARa8WA4iIGzr0",
"090509 Guayaquil, Ecuador","Restaurante","Restaurante","13676875865269519723","Guayaquil","EC","0x902d6df1a996d4db:0xbdce0622e280c56b",,"https://lh3.googleusercontent.com/gps-cs-s/AHRPTWnKUT7j8DXMVSe53pzbJl3CFfNDuEm9zljfvSuYIKrPFcEqIJod38gRQWhMyZiIWqd0rOe8pKtahHG2fjWFOtAmkbY6jlw0_irNRCAImjYSuBg2dZVczJYo7ueHW7OnZODMTOn2IA=w408-h725-k-no","false","true","/g/11h766fq7s","es-419","0","-2.1367108","-79.9020534",,"Alborada Este","es","false","ChIJ29SWqfFtLZARa8WA4iIGzr0","090509","$10-20","Hace 8 meses","2025-11-27T00:42:55.190Z",,,,,,,,,,,,,,,,,,,,"5","5","5","Ci9DQUlRQUNvZENodHljRjlvT21nNGFXNHdXRE5LZEdZNFIxRlJYMHh0VFhNd1QwRRAB",,,,,,,,,,,,,"Google",,,"251",,,"2716","2026-08-08T16:42:14.542Z","Direct Detail URL: https://www.google.com/maps/place/Rukito+Grill%26Drink+-+Alborada/@-2.1347917,-79.9223432,12.98z/data=!4m10!1m2!2m1!1srukito!3m6!1s0x902d6df1a996d4db:0xbdce0622e280c56b!8m2!3d-2.1367108!4d-79.9020534!15sCgZydWtpdG9aCCIGcnVraXRvkgEKcmVzdGF1cmFudOABAA!16s%2Fg%2F11h766fq7s?entry=ttu&g_ep=EgoyMDI2MDgwNS4xIKXMDSoASAFQAw%3D%3D","5",,,"false","Exelente servicio y rico todo me encantó",,"Rukito Grill&Drink - Alborada","4.5",,"https://www.google.com/maps/search/?api=1&query=Rukito%20Grill%26Drink%20-%20Alborada&query_place_id=ChIJ29SWqfFtLZARa8WA4iIGzr0",
"090509 Guayaquil, Ecuador","Restaurante","Restaurante","13676875865269519723","Guayaquil","EC","0x902d6df1a996d4db:0xbdce0622e280c56b",,"https://lh3.googleusercontent.com/gps-cs-s/AHRPTWnKUT7j8DXMVSe53pzbJl3CFfNDuEm9zljfvSuYIKrPFcEqIJod38gRQWhMyZiIWqd0rOe8pKtahHG2fjWFOtAmkbY6jlw0_irNRCAImjYSuBg2dZVczJYo7ueHW7OnZODMTOn2IA=w408-h725-k-no","false","false","/g/11h766fq7s","es-419","0","-2.1367108","-79.9020534",,"Alborada Este","es","false","ChIJ29SWqfFtLZARa8WA4iIGzr0","090509","$10-20","Hace 8 meses","2025-11-24T20:42:54.003Z",,,,,,,,,,,,,"Más de $50",,"2 personas","Hasta 10 min","Comedor cubierto",,,"1","3","1","Ci9DQUlRQUNvZENodHljRjlvT25aUmVqTmlOMUV0Um5kUFdqaExRbGt5ZVhaWlRFRRAB","https://lh3.googleusercontent.com/grass-cs/ACvplmMUBU3tyJPPTIig-hlUEvJ-8nY1HLLTBA-Ja1qtdwS4BzDX_Boz9LerKMpH4vtS8rMwUzDOwmufBsZLaUDwLYWc6XgiGPPTasDcIrXeH3ieCpc-r-vaZI3pSv6yhdy7SpTugzr3hd8G2KI=k-no",,,,,,,,,,,,"Google",,,"1",,,"2716","2026-08-08T16:42:14.542Z","Direct Detail URL: https://www.google.com/maps/place/Rukito+Grill%26Drink+-+Alborada/@-2.1347917,-79.9223432,12.98z/data=!4m10!1m2!2m1!1srukito!3m6!1s0x902d6df1a996d4db:0xbdce0622e280c56b!8m2!3d-2.1367108!4d-79.9020534!15sCgZydWtpdG9aCCIGcnVraXRvkgEKcmVzdGF1cmFudOABAA!16s%2Fg%2F11h766fq7s?entry=ttu&g_ep=EgoyMDI2MDgwNS4xIKXMDSoASAFQAw%3D%3D","1",,,"false","Pedí costillon ahumado y me vino crudo, casi vomito🤮",,"Rukito Grill&Drink - Alborada","4.5",,"https://www.google.com/maps/search/?api=1&query=Rukito%20Grill%26Drink%20-%20Alborada&query_place_id=ChIJ29SWqfFtLZARa8WA4iIGzr0",
"090509 Guayaquil, Ecuador","Restaurante","Restaurante","13676875865269519723","Guayaquil","EC","0x902d6df1a996d4db:0xbdce0622e280c56b",,"https://lh3.googleusercontent.com/gps-cs-s/AHRPTWnKUT7j8DXMVSe53pzbJl3CFfNDuEm9zljfvSuYIKrPFcEqIJod38gRQWhMyZiIWqd0rOe8pKtahHG2fjWFOtAmkbY6jlw0_irNRCAImjYSuBg2dZVczJYo7ueHW7OnZODMTOn2IA=w408-h725-k-no","false","false","/g/11h766fq7s","es-419","0","-2.1367108","-79.9020534",,"Alborada Este","es","false","ChIJ29SWqfFtLZARa8WA4iIGzr0","090509","$10-20","Hace 8 meses","2025-11-23T19:58:31.713Z",,,,,,,,,,,,,"$25-30",,"Apto para grupos de todos los tamaños","Hasta 10 min","Comedor privado",,,"5","5","5","Ci9DQUlRQUNvZENodHljRjlvT25jd1VXcFpUVmxsVWxCeGQwTlJRV2xYUlZSRk5IYxAB",,,,,,,,,,,,,"Google",,,"8",,,"2716","2026-08-08T16:42:14.542Z","Direct Detail URL: https://www.google.com/maps/place/Rukito+Grill%26Drink+-+Alborada/@-2.1347917,-79.9223432,12.98z/data=!4m10!1m2!2m1!1srukito!3m6!1s0x902d6df1a996d4db:0xbdce0622e280c56b!8m2!3d-2.1367108!4d-79.9020534!15sCgZydWtpdG9aCCIGcnVraXRvkgEKcmVzdGF1cmFudOABAA!16s%2Fg%2F11h766fq7s?entry=ttu&g_ep=EgoyMDI2MDgwNS4xIKXMDSoASAFQAw%3D%3D","5",,,"false","Excelente",,"Rukito Grill&Drink - Alborada","4.5",,"https://www.google.com/maps/search/?api=1&query=Rukito%20Grill%26Drink%20-%20Alborada&query_place_id=ChIJ29SWqfFtLZARa8WA4iIGzr0",
"090509 Guayaquil, Ecuador","Restaurante","Restaurante","13676875865269519723","Guayaquil","EC","0x902d6df1a996d4db:0xbdce0622e280c56b",,"https://lh3.googleusercontent.com/gps-cs-s/AHRPTWnKUT7j8DXMVSe53pzbJl3CFfNDuEm9zljfvSuYIKrPFcEqIJod38gRQWhMyZiIWqd0rOe8pKtahHG2fjWFOtAmkbY6jlw0_irNRCAImjYSuBg2dZVczJYo7ueHW7OnZODMTOn2IA=w408-h725-k-no","false","true","/g/11h766fq7s","es-419","0","-2.1367108","-79.9020534",,"Alborada Este",,"false","ChIJ29SWqfFtLZARa8WA4iIGzr0","090509","$10-20","Hace 8 meses","2025-11-23T19:52:07.809Z",,,,,,,,,,,,,,,,,,,,,,,"Ci9DQUlRQUNvZENodHljRjlvT2s5SmVVcFVibWc0WVVKdGRYSjJkRGN3ZGt4UmJHYxAB",,,,,,,,,,,,,"Google",,,"5",,,"2716","2026-08-08T16:42:14.542Z","Direct Detail URL: https://www.google.com/maps/place/Rukito+Grill%26Drink+-+Alborada/@-2.1347917,-79.9223432,12.98z/data=!4m10!1m2!2m1!1srukito!3m6!1s0x902d6df1a996d4db:0xbdce0622e280c56b!8m2!3d-2.1367108!4d-79.9020534!15sCgZydWtpdG9aCCIGcnVraXRvkgEKcmVzdGF1cmFudOABAA!16s%2Fg%2F11h766fq7s?entry=ttu&g_ep=EgoyMDI2MDgwNS4xIKXMDSoASAFQAw%3D%3D","5",,,"false",,,"Rukito Grill&Drink - Alborada","4.5",,"https://www.google.com/maps/search/?api=1&query=Rukito%20Grill%26Drink%20-%20Alborada&query_place_id=ChIJ29SWqfFtLZARa8WA4iIGzr0",
"090509 Guayaquil, Ecuador","Restaurante","Restaurante","13676875865269519723","Guayaquil","EC","0x902d6df1a996d4db:0xbdce0622e280c56b",,"https://lh3.googleusercontent.com/gps-cs-s/AHRPTWnKUT7j8DXMVSe53pzbJl3CFfNDuEm9zljfvSuYIKrPFcEqIJod38gRQWhMyZiIWqd0rOe8pKtahHG2fjWFOtAmkbY6jlw0_irNRCAImjYSuBg2dZVczJYo7ueHW7OnZODMTOn2IA=w408-h725-k-no","false","true","/g/11h766fq7s","es-419","0","-2.1367108","-79.9020534",,"Alborada Este","es","false","ChIJ29SWqfFtLZARa8WA4iIGzr0","090509","$10-20","Hace 8 meses","2025-11-18T06:27:20.369Z",,,,,,,,,,,,,"$30-35",,"Apto para grupos de todos los tamaños","De 10 a 30 min",,"Cena",,"5","5","1","Ci9DQUlRQUNvZENodHljRjlvT25oWFgxRm5XalZ2UzFaamVVOUJURzh3VDFwTGMxRRAB","https://lh3.googleusercontent.com/grass-cs/ACvplmO_xrcNON_ZLLp3AK77pU9RE2u9ElFhv2DuZp_RYO6bEHiSg6HLsk5yO77ys9DUxNZwrcAd2iX7Bb8lFLMjqm2yiuINoiQdxCgTqIGbrh2Kb47miLP_o85rF8cHmLLgY6eDOQRVGVR_ZOor=k-no","https://lh3.googleusercontent.com/grass-cs/ACvplmP6d8O0jMf8-fS-wryA1FM5b5eNcCxsteZTJzqpis9sBjKczIfKg61YPcR_eTEGw6nIm33-CXc53pmZd5VJAJQXfhRIYxda5Qas_zdyBHf2DB7goFxTa6vFmKL1SP8dUX9IBCRcwf9Sp7v1=k-no","https://lh3.googleusercontent.com/grass-cs/ACvplmMlrVl9Q9GGgOqZgmXx8yIs1WtY4aJO2z7Q_X22j39QTExUbOYPhRISO20SLymSG0IwaMsP2OS6IozSnkXKVbOeMab5LfKTQ347ds6Dwz93V7BoVwNDwT4ZyklIfvGfnkb6x8jobWRg-80G=k-no","https://lh3.googleusercontent.com/grass-cs/ACvplmNVBrnZ9isjxO5Dsh-i9VZPuCAvx1DCezEd5RFzEsDt6ipsTzUjoRbr_jsvqQVp5-kfqT0vE2A4RriUNTy9STUmUaNzD6nDKYsl4ckBG0fXCElqruGNaNDLQOiLiOqRsn67QsP6dFv9TzVo=k-no",,,,,,,,,"Google",,,"37",,,"2716","2026-08-08T16:42:14.542Z","Direct Detail URL: https://www.google.com/maps/place/Rukito+Grill%26Drink+-+Alborada/@-2.1347917,-79.9223432,12.98z/data=!4m10!1m2!2m1!1srukito!3m6!1s0x902d6df1a996d4db:0xbdce0622e280c56b!8m2!3d-2.1367108!4d-79.9020534!15sCgZydWtpdG9aCCIGcnVraXRvkgEKcmVzdGF1cmFudOABAA!16s%2Fg%2F11h766fq7s?entry=ttu&g_ep=EgoyMDI2MDgwNS4xIKXMDSoASAFQAw%3D%3D","3",,,"false","Soy fiel cliente de Rukito, fui al local nuevo de la alborada , un lugar muy bonito acogedor para compartir en familia ,comida excelente  pero la atención pésima, hay tantos empleados pero no te atienden ,demoran para realizar una orden , hay mesas desocupadas sin embargo tanta gente esta afuera haciendo cola ; llamo a uno llamo a otro y solo me decían ya le atienden , en el tiempo que espere observe que 3 chicos atendiendo una misma mesa , no me gusta la atención , pedí una entrada de papas me la trajeron sin cubiertos , hay mala organización. Me gusta la atención en Urdesa",,"Rukito Grill&Drink - Alborada","4.5",,"https://www.google.com/maps/search/?api=1&query=Rukito%20Grill%26Drink%20-%20Alborada&query_place_id=ChIJ29SWqfFtLZARa8WA4iIGzr0",
"090509 Guayaquil, Ecuador","Restaurante","Restaurante","13676875865269519723","Guayaquil","EC","0x902d6df1a996d4db:0xbdce0622e280c56b",,"https://lh3.googleusercontent.com/gps-cs-s/AHRPTWnKUT7j8DXMVSe53pzbJl3CFfNDuEm9zljfvSuYIKrPFcEqIJod38gRQWhMyZiIWqd0rOe8pKtahHG2fjWFOtAmkbY6jlw0_irNRCAImjYSuBg2dZVczJYo7ueHW7OnZODMTOn2IA=w408-h725-k-no","false","true","/g/11h766fq7s","es-419","0","-2.1367108","-79.9020534",,"Alborada Este","es","false","ChIJ29SWqfFtLZARa8WA4iIGzr0","090509","$10-20","Hace 8 meses","2025-11-16T19:15:21.076Z",,,,,,,,,,,,,,,,,,,,"2","2","2","Ci9DQUlRQUNvZENodHljRjlvT2tsQ016RkpaRmhPU20xWFlVNHdaVzlSVG1oa2RVRRAB",,,,,,,,,,,,,"Google",,,"11",,,"2716","2026-08-08T16:42:14.542Z","Direct Detail URL: https://www.google.com/maps/place/Rukito+Grill%26Drink+-+Alborada/@-2.1347917,-79.9223432,12.98z/data=!4m10!1m2!2m1!1srukito!3m6!1s0x902d6df1a996d4db:0xbdce0622e280c56b!8m2!3d-2.1367108!4d-79.9020534!15sCgZydWtpdG9aCCIGcnVraXRvkgEKcmVzdGF1cmFudOABAA!16s%2Fg%2F11h766fq7s?entry=ttu&g_ep=EgoyMDI2MDgwNS4xIKXMDSoASAFQAw%3D%3D","3",,,"false","El guardia de la entrada es déspota no sabe atender , parece q ya están ganando mucho dinero, no contestan el teléfono para hacer una reserva, no respetan tercera edad ni embarazadas",,"Rukito Grill&Drink - Alborada","4.5",,"https://www.google.com/maps/search/?api=1&query=Rukito%20Grill%26Drink%20-%20Alborada&query_place_id=ChIJ29SWqfFtLZARa8WA4iIGzr0",
"090509 Guayaquil, Ecuador","Restaurante","Restaurante","13676875865269519723","Guayaquil","EC","0x902d6df1a996d4db:0xbdce0622e280c56b",,"https://lh3.googleusercontent.com/gps-cs-s/AHRPTWnKUT7j8DXMVSe53pzbJl3CFfNDuEm9zljfvSuYIKrPFcEqIJod38gRQWhMyZiIWqd0rOe8pKtahHG2fjWFOtAmkbY6jlw0_irNRCAImjYSuBg2dZVczJYo7ueHW7OnZODMTOn2IA=w408-h725-k-no","false","true","/g/11h766fq7s","es-419","0","-2.1367108","-79.9020534",,"Alborada Este",,"false","ChIJ29SWqfFtLZARa8WA4iIGzr0","090509","$10-20","Hace 8 meses","2025-11-13T21:31:07.607Z",,,,,,,,,,,,,,,,,,,,"5","5","5","Ci9DQUlRQUNvZENodHljRjlvT2xSdWVrZG1RUzFUTTBOVFVtbEhlbXA2YTI0MFRtYxAB",,,,,,,,,,,,,"Google",,,"3",,,"2716","2026-08-08T16:42:14.542Z","Direct Detail URL: https://www.google.com/maps/place/Rukito+Grill%26Drink+-+Alborada/@-2.1347917,-79.9223432,12.98z/data=!4m10!1m2!2m1!1srukito!3m6!1s0x902d6df1a996d4db:0xbdce0622e280c56b!8m2!3d-2.1367108!4d-79.9020534!15sCgZydWtpdG9aCCIGcnVraXRvkgEKcmVzdGF1cmFudOABAA!16s%2Fg%2F11h766fq7s?entry=ttu&g_ep=EgoyMDI2MDgwNS4xIKXMDSoASAFQAw%3D%3D","5",,,"false",,,"Rukito Grill&Drink - Alborada","4.5",,"https://www.google.com/maps/search/?api=1&query=Rukito%20Grill%26Drink%20-%20Alborada&query_place_id=ChIJ29SWqfFtLZARa8WA4iIGzr0",
"090509 Guayaquil, Ecuador","Restaurante","Restaurante","13676875865269519723","Guayaquil","EC","0x902d6df1a996d4db:0xbdce0622e280c56b",,"https://lh3.googleusercontent.com/gps-cs-s/AHRPTWnKUT7j8DXMVSe53pzbJl3CFfNDuEm9zljfvSuYIKrPFcEqIJod38gRQWhMyZiIWqd0rOe8pKtahHG2fjWFOtAmkbY6jlw0_irNRCAImjYSuBg2dZVczJYo7ueHW7OnZODMTOn2IA=w408-h725-k-no","false","false","/g/11h766fq7s","es-419","0","-2.1367108","-79.9020534",,"Alborada Este",,"false","ChIJ29SWqfFtLZARa8WA4iIGzr0","090509","$10-20","Hace 8 meses","2025-11-13T17:42:28.342Z",,,,,,,,,,,,,,,,,,,,"5","4","5","Ci9DQUlRQUNvZENodHljRjlvT2xGS01VcEJTRVJXVjE5SWRsTk5jRXRsZVZseVlYYxAB","https://lh3.googleusercontent.com/grass-cs/ACvplmPd0hBBCdCTfzG6YURSh3CPWduvNieWUZC8VScBOupHw_cA_GZWOKZysj4AXeespFedqyjotCrjH8dAmOfSUx3Y0HRVi7YQ7Fym_5ou48PZmlWZnZmSEVOywasUJkRtRPfhxXh7nKHqcpmB=k-no",,,,,,,,,,,,"Google",,,"7",,,"2716","2026-08-08T16:42:14.542Z","Direct Detail URL: https://www.google.com/maps/place/Rukito+Grill%26Drink+-+Alborada/@-2.1347917,-79.9223432,12.98z/data=!4m10!1m2!2m1!1srukito!3m6!1s0x902d6df1a996d4db:0xbdce0622e280c56b!8m2!3d-2.1367108!4d-79.9020534!15sCgZydWtpdG9aCCIGcnVraXRvkgEKcmVzdGF1cmFudOABAA!16s%2Fg%2F11h766fq7s?entry=ttu&g_ep=EgoyMDI2MDgwNS4xIKXMDSoASAFQAw%3D%3D","5",,,"false",,,"Rukito Grill&Drink - Alborada","4.5",,"https://www.google.com/maps/search/?api=1&query=Rukito%20Grill%26Drink%20-%20Alborada&query_place_id=ChIJ29SWqfFtLZARa8WA4iIGzr0",
"090509 Guayaquil, Ecuador","Restaurante","Restaurante","13676875865269519723","Guayaquil","EC","0x902d6df1a996d4db:0xbdce0622e280c56b",,"https://lh3.googleusercontent.com/gps-cs-s/AHRPTWnKUT7j8DXMVSe53pzbJl3CFfNDuEm9zljfvSuYIKrPFcEqIJod38gRQWhMyZiIWqd0rOe8pKtahHG2fjWFOtAmkbY6jlw0_irNRCAImjYSuBg2dZVczJYo7ueHW7OnZODMTOn2IA=w408-h725-k-no","false","true","/g/11h766fq7s","es-419","0","-2.1367108","-79.9020534",,"Alborada Este",,"false","ChIJ29SWqfFtLZARa8WA4iIGzr0","090509","$10-20","Hace 8 meses","2025-11-13T17:38:36.118Z",,,,,,,,,,,,,"$5-10",,"3 o 4 personas","De 10 a 30 min","Comedor cubierto",,,"4","4","4","Ci9DQUlRQUNvZENodHljRjlvT21sVmNGWm9SbFZPTUMxR1JGVlJMVWh5WlhWQlRYYxAB",,,,,,,,,,,,,"Google",,,"34",,,"2716","2026-08-08T16:42:14.542Z","Direct Detail URL: https://www.google.com/maps/place/Rukito+Grill%26Drink+-+Alborada/@-2.1347917,-79.9223432,12.98z/data=!4m10!1m2!2m1!1srukito!3m6!1s0x902d6df1a996d4db:0xbdce0622e280c56b!8m2!3d-2.1367108!4d-79.9020534!15sCgZydWtpdG9aCCIGcnVraXRvkgEKcmVzdGF1cmFudOABAA!16s%2Fg%2F11h766fq7s?entry=ttu&g_ep=EgoyMDI2MDgwNS4xIKXMDSoASAFQAw%3D%3D","4",,,"false",,,"Rukito Grill&Drink - Alborada","4.5",,"https://www.google.com/maps/search/?api=1&query=Rukito%20Grill%26Drink%20-%20Alborada&query_place_id=ChIJ29SWqfFtLZARa8WA4iIGzr0",
"090509 Guayaquil, Ecuador","Restaurante","Restaurante","13676875865269519723","Guayaquil","EC","0x902d6df1a996d4db:0xbdce0622e280c56b",,"https://lh3.googleusercontent.com/gps-cs-s/AHRPTWnKUT7j8DXMVSe53pzbJl3CFfNDuEm9zljfvSuYIKrPFcEqIJod38gRQWhMyZiIWqd0rOe8pKtahHG2fjWFOtAmkbY6jlw0_irNRCAImjYSuBg2dZVczJYo7ueHW7OnZODMTOn2IA=w408-h725-k-no","false","true","/g/11h766fq7s","es-419","0","-2.1367108","-79.9020534",,"Alborada Este","es","false","ChIJ29SWqfFtLZARa8WA4iIGzr0","090509","$10-20","Hace 8 meses","2025-11-12T14:37:35.298Z",,,,,,,,,,,,,"$15-20",,,"Hasta 10 min","Comedor cubierto",,,"5","5","5","Ci9DQUlRQUNvZENodHljRjlvT2toSmMxVk1Zbk4yVGpKS2RFWlVjbWRXYWxOVFZYYxAB",,,,,,,,,,,,,"Google",,,"42",,,"2716","2026-08-08T16:42:14.542Z","Direct Detail URL: https://www.google.com/maps/place/Rukito+Grill%26Drink+-+Alborada/@-2.1347917,-79.9223432,12.98z/data=!4m10!1m2!2m1!1srukito!3m6!1s0x902d6df1a996d4db:0xbdce0622e280c56b!8m2!3d-2.1367108!4d-79.9020534!15sCgZydWtpdG9aCCIGcnVraXRvkgEKcmVzdGF1cmFudOABAA!16s%2Fg%2F11h766fq7s?entry=ttu&g_ep=EgoyMDI2MDgwNS4xIKXMDSoASAFQAw%3D%3D","5",,,"false","La comida es algo exquisito, fuera de lo común deliciosa, las micheladas son esas que dejan con ganas de más siempre mi preferido",,"Rukito Grill&Drink - Alborada","4.5",,"https://www.google.com/maps/search/?api=1&query=Rukito%20Grill%26Drink%20-%20Alborada&query_place_id=ChIJ29SWqfFtLZARa8WA4iIGzr0",
"090509 Guayaquil, Ecuador","Restaurante","Restaurante","13676875865269519723","Guayaquil","EC","0x902d6df1a996d4db:0xbdce0622e280c56b",,"https://lh3.googleusercontent.com/gps-cs-s/AHRPTWnKUT7j8DXMVSe53pzbJl3CFfNDuEm9zljfvSuYIKrPFcEqIJod38gRQWhMyZiIWqd0rOe8pKtahHG2fjWFOtAmkbY6jlw0_irNRCAImjYSuBg2dZVczJYo7ueHW7OnZODMTOn2IA=w408-h725-k-no","false","false","/g/11h766fq7s","es-419","0","-2.1367108","-79.9020534",,"Alborada Este",,"false","ChIJ29SWqfFtLZARa8WA4iIGzr0","090509","$10-20","Hace 8 meses","2025-11-12T14:13:37.873Z",,,,,,,,,,,,,,,,,,,,"4",,,"Ci9DQUlRQUNvZENodHljRjlvT2paaWFVUjNUMXBEZEVwbFoyZHNjbVpPZUZSU01IYxAB",,,,,,,,,,,,,"Google",,,"0",,,"2716","2026-08-08T16:42:14.542Z","Direct Detail URL: https://www.google.com/maps/place/Rukito+Grill%26Drink+-+Alborada/@-2.1347917,-79.9223432,12.98z/data=!4m10!1m2!2m1!1srukito!3m6!1s0x902d6df1a996d4db:0xbdce0622e280c56b!8m2!3d-2.1367108!4d-79.9020534!15sCgZydWtpdG9aCCIGcnVraXRvkgEKcmVzdGF1cmFudOABAA!16s%2Fg%2F11h766fq7s?entry=ttu&g_ep=EgoyMDI2MDgwNS4xIKXMDSoASAFQAw%3D%3D","4",,,"false",,,"Rukito Grill&Drink - Alborada","4.5",,"https://www.google.com/maps/search/?api=1&query=Rukito%20Grill%26Drink%20-%20Alborada&query_place_id=ChIJ29SWqfFtLZARa8WA4iIGzr0",
"090509 Guayaquil, Ecuador","Restaurante","Restaurante","13676875865269519723","Guayaquil","EC","0x902d6df1a996d4db:0xbdce0622e280c56b",,"https://lh3.googleusercontent.com/gps-cs-s/AHRPTWnKUT7j8DXMVSe53pzbJl3CFfNDuEm9zljfvSuYIKrPFcEqIJod38gRQWhMyZiIWqd0rOe8pKtahHG2fjWFOtAmkbY6jlw0_irNRCAImjYSuBg2dZVczJYo7ueHW7OnZODMTOn2IA=w408-h725-k-no","false","false","/g/11h766fq7s","es-419","0","-2.1367108","-79.9020534",,"Alborada Este",,"false","ChIJ29SWqfFtLZARa8WA4iIGzr0","090509","$10-20","Hace 8 meses","2025-11-09T05:38:29.702Z",,,,,,,,,,,,,"$10-15",,,,,,,,,,"Ci9DQUlRQUNvZENodHljRjlvT2pCSlFWVnVRbTVpUjBOWFdITndNblpUWkhaQ1YxRRAB",,,,,,,,,,,,,"Google",,,"0",,,"2716","2026-08-08T16:42:14.542Z","Direct Detail URL: https://www.google.com/maps/place/Rukito+Grill%26Drink+-+Alborada/@-2.1347917,-79.9223432,12.98z/data=!4m10!1m2!2m1!1srukito!3m6!1s0x902d6df1a996d4db:0xbdce0622e280c56b!8m2!3d-2.1367108!4d-79.9020534!15sCgZydWtpdG9aCCIGcnVraXRvkgEKcmVzdGF1cmFudOABAA!16s%2Fg%2F11h766fq7s?entry=ttu&g_ep=EgoyMDI2MDgwNS4xIKXMDSoASAFQAw%3D%3D","4",,,"false",,,"Rukito Grill&Drink - Alborada","4.5",,"https://www.google.com/maps/search/?api=1&query=Rukito%20Grill%26Drink%20-%20Alborada&query_place_id=ChIJ29SWqfFtLZARa8WA4iIGzr0",
"090509 Guayaquil, Ecuador","Restaurante","Restaurante","13676875865269519723","Guayaquil","EC","0x902d6df1a996d4db:0xbdce0622e280c56b",,"https://lh3.googleusercontent.com/gps-cs-s/AHRPTWnKUT7j8DXMVSe53pzbJl3CFfNDuEm9zljfvSuYIKrPFcEqIJod38gRQWhMyZiIWqd0rOe8pKtahHG2fjWFOtAmkbY6jlw0_irNRCAImjYSuBg2dZVczJYo7ueHW7OnZODMTOn2IA=w408-h725-k-no","false","true","/g/11h766fq7s","es-419","0","-2.1367108","-79.9020534",,"Alborada Este","es","false","ChIJ29SWqfFtLZARa8WA4iIGzr0","090509","$10-20","Hace 8 meses","2025-11-09T01:11:04.890Z",,,,,,,,,,,,,"$10-15",,"2 personas, 3 o 4 personas, Entre 5 y 8 personas, Más de 9 personas, Apto para grupos de todos los tamaños","De 30 a 60 min",,,,"5","5","5","Ci9DQUlRQUNvZENodHljRjlvT2xGek9YY3dUbFEyYVY4NE9GcFljVWRxZVRsSGIyYxAB",,,,,,,,,,,,,"Google",,,"88",,,"2716","2026-08-08T16:42:14.542Z","Direct Detail URL: https://www.google.com/maps/place/Rukito+Grill%26Drink+-+Alborada/@-2.1347917,-79.9223432,12.98z/data=!4m10!1m2!2m1!1srukito!3m6!1s0x902d6df1a996d4db:0xbdce0622e280c56b!8m2!3d-2.1367108!4d-79.9020534!15sCgZydWtpdG9aCCIGcnVraXRvkgEKcmVzdGF1cmFudOABAA!16s%2Fg%2F11h766fq7s?entry=ttu&g_ep=EgoyMDI2MDgwNS4xIKXMDSoASAFQAw%3D%3D","5",,,"false","La comida super delicious.",,"Rukito Grill&Drink - Alborada","4.5",,"https://www.google.com/maps/search/?api=1&query=Rukito%20Grill%26Drink%20-%20Alborada&query_place_id=ChIJ29SWqfFtLZARa8WA4iIGzr0",
"090509 Guayaquil, Ecuador","Restaurante","Restaurante","13676875865269519723","Guayaquil","EC","0x902d6df1a996d4db:0xbdce0622e280c56b",,"https://lh3.googleusercontent.com/gps-cs-s/AHRPTWnKUT7j8DXMVSe53pzbJl3CFfNDuEm9zljfvSuYIKrPFcEqIJod38gRQWhMyZiIWqd0rOe8pKtahHG2fjWFOtAmkbY6jlw0_irNRCAImjYSuBg2dZVczJYo7ueHW7OnZODMTOn2IA=w408-h725-k-no","false","true","/g/11h766fq7s","es-419","0","-2.1367108","-79.9020534",,"Alborada Este",,"false","ChIJ29SWqfFtLZARa8WA4iIGzr0","090509","$10-20","Hace 9 meses","2025-11-08T02:48:18.389Z",,,,,,,,,,,,,"$30-35",,"Apto para grupos de todos los tamaños","Más de 1 hora","Comedor cubierto",,,,,,"Ci9DQUlRQUNvZENodHljRjlvT2s5b2VVVm1OVnA2UkRWRmNYaEZWM1ZUYzNCUE9VRRAB",,,,,,,,,,,,,"Google",,,"21",,,"2716","2026-08-08T16:42:14.542Z","Direct Detail URL: https://www.google.com/maps/place/Rukito+Grill%26Drink+-+Alborada/@-2.1347917,-79.9223432,12.98z/data=!4m10!1m2!2m1!1srukito!3m6!1s0x902d6df1a996d4db:0xbdce0622e280c56b!8m2!3d-2.1367108!4d-79.9020534!15sCgZydWtpdG9aCCIGcnVraXRvkgEKcmVzdGF1cmFudOABAA!16s%2Fg%2F11h766fq7s?entry=ttu&g_ep=EgoyMDI2MDgwNS4xIKXMDSoASAFQAw%3D%3D","5",,,"false",,,"Rukito Grill&Drink - Alborada","4.5",,"https://www.google.com/maps/search/?api=1&query=Rukito%20Grill%26Drink%20-%20Alborada&query_place_id=ChIJ29SWqfFtLZARa8WA4iIGzr0",
"090509 Guayaquil, Ecuador","Restaurante","Restaurante","13676875865269519723","Guayaquil","EC","0x902d6df1a996d4db:0xbdce0622e280c56b",,"https://lh3.googleusercontent.com/gps-cs-s/AHRPTWnKUT7j8DXMVSe53pzbJl3CFfNDuEm9zljfvSuYIKrPFcEqIJod38gRQWhMyZiIWqd0rOe8pKtahHG2fjWFOtAmkbY6jlw0_irNRCAImjYSuBg2dZVczJYo7ueHW7OnZODMTOn2IA=w408-h725-k-no","false","true","/g/11h766fq7s","es-419","0","-2.1367108","-79.9020534",,"Alborada Este","es","false","ChIJ29SWqfFtLZARa8WA4iIGzr0","090509","$10-20","Hace 9 meses","2025-11-07T23:36:26.568Z",,,,,,,,,,,,,,,,,,,,,,,"Ci9DQUlRQUNvZENodHljRjlvT2tSalNWSm5lbkZZT1RWS1ZrWnlOREpvTVU5WWNrRRAB",,,,,,,,,,,,,"Google",,,"52",,,"2716","2026-08-08T16:42:14.542Z","Direct Detail URL: https://www.google.com/maps/place/Rukito+Grill%26Drink+-+Alborada/@-2.1347917,-79.9223432,12.98z/data=!4m10!1m2!2m1!1srukito!3m6!1s0x902d6df1a996d4db:0xbdce0622e280c56b!8m2!3d-2.1367108!4d-79.9020534!15sCgZydWtpdG9aCCIGcnVraXRvkgEKcmVzdGF1cmFudOABAA!16s%2Fg%2F11h766fq7s?entry=ttu&g_ep=EgoyMDI2MDgwNS4xIKXMDSoASAFQAw%3D%3D","5",,,"false","Espectacular, sobre todo hay parque vehicular",,"Rukito Grill&Drink - Alborada","4.5",,"https://www.google.com/maps/search/?api=1&query=Rukito%20Grill%26Drink%20-%20Alborada&query_place_id=ChIJ29SWqfFtLZARa8WA4iIGzr0",
"090509 Guayaquil, Ecuador","Restaurante","Restaurante","13676875865269519723","Guayaquil","EC","0x902d6df1a996d4db:0xbdce0622e280c56b",,"https://lh3.googleusercontent.com/gps-cs-s/AHRPTWnKUT7j8DXMVSe53pzbJl3CFfNDuEm9zljfvSuYIKrPFcEqIJod38gRQWhMyZiIWqd0rOe8pKtahHG2fjWFOtAmkbY6jlw0_irNRCAImjYSuBg2dZVczJYo7ueHW7OnZODMTOn2IA=w408-h725-k-no","false","false","/g/11h766fq7s","es-419","0","-2.1367108","-79.9020534",,"Alborada Este","es","false","ChIJ29SWqfFtLZARa8WA4iIGzr0","090509","$10-20","Hace 9 meses","2025-11-07T22:31:08.838Z",,,,,,,,,"Muy ruidoso, no se puede escuchar",,,,"$15-20",,"Apto para grupos de todos los tamaños","De 30 a 60 min",,,,"2","5","1","Ci9DQUlRQUNvZENodHljRjlvT2sxclJrNXJjelkwY1V3MVFuaERhWFYzUlY5WGRFRRAB",,,,,,,,,,,,,"Google",,,"3",,,"2716","2026-08-08T16:42:14.542Z","Direct Detail URL: https://www.google.com/maps/place/Rukito+Grill%26Drink+-+Alborada/@-2.1347917,-79.9223432,12.98z/data=!4m10!1m2!2m1!1srukito!3m6!1s0x902d6df1a996d4db:0xbdce0622e280c56b!8m2!3d-2.1367108!4d-79.9020534!15sCgZydWtpdG9aCCIGcnVraXRvkgEKcmVzdGF1cmFudOABAA!16s%2Fg%2F11h766fq7s?entry=ttu&g_ep=EgoyMDI2MDgwNS4xIKXMDSoASAFQAw%3D%3D","1",,,"false","Queridos usuarios que miran este comentario, la comida es muy buena, pero el servicio como la retaguardia de un puerco moribundo, fue terrible!!, pedir cartas, bebidas, la cuenta fue como rogarle a tu ex para que vuelva y nada que se asoma, porfavor, no vengan a este Rukito, vayan a los otros, chau saludos!!",,"Rukito Grill&Drink - Alborada","4.5",,"https://www.google.com/maps/search/?api=1&query=Rukito%20Grill%26Drink%20-%20Alborada&query_place_id=ChIJ29SWqfFtLZARa8WA4iIGzr0",
"090509 Guayaquil, Ecuador","Restaurante","Restaurante","13676875865269519723","Guayaquil","EC","0x902d6df1a996d4db:0xbdce0622e280c56b",,"https://lh3.googleusercontent.com/gps-cs-s/AHRPTWnKUT7j8DXMVSe53pzbJl3CFfNDuEm9zljfvSuYIKrPFcEqIJod38gRQWhMyZiIWqd0rOe8pKtahHG2fjWFOtAmkbY6jlw0_irNRCAImjYSuBg2dZVczJYo7ueHW7OnZODMTOn2IA=w408-h725-k-no","false","false","/g/11h766fq7s","es-419","0","-2.1367108","-79.9020534",,"Alborada Este","es","false","ChIJ29SWqfFtLZARa8WA4iIGzr0","090509","$10-20","Hace 9 meses","2025-11-07T21:23:29.465Z",,,,,,,,,,,,,,,,,,,,"3","5","1","Ci9DQUlRQUNvZENodHljRjlvT2twQ1ZreHRNa2RHWTFCUVJWbE1ibUpNYUZoRFZYYxAB",,,,,,,,,,,,,"Google",,,"1",,,"2716","2026-08-08T16:42:14.542Z","Direct Detail URL: https://www.google.com/maps/place/Rukito+Grill%26Drink+-+Alborada/@-2.1347917,-79.9223432,12.98z/data=!4m10!1m2!2m1!1srukito!3m6!1s0x902d6df1a996d4db:0xbdce0622e280c56b!8m2!3d-2.1367108!4d-79.9020534!15sCgZydWtpdG9aCCIGcnVraXRvkgEKcmVzdGF1cmFudOABAA!16s%2Fg%2F11h766fq7s?entry=ttu&g_ep=EgoyMDI2MDgwNS4xIKXMDSoASAFQAw%3D%3D","4",,,"false","Pésimo servicio por parte de los meseros, la comida es muy buena pero nos tocó pedir la carta en más de dos ocasiones, bebidas y la cuenta como dos veces...
La señorita que nos atendió nada amable..",,"Rukito Grill&Drink - Alborada","4.5",,"https://www.google.com/maps/search/?api=1&query=Rukito%20Grill%26Drink%20-%20Alborada&query_place_id=ChIJ29SWqfFtLZARa8WA4iIGzr0",
"090509 Guayaquil, Ecuador","Restaurante","Restaurante","13676875865269519723","Guayaquil","EC","0x902d6df1a996d4db:0xbdce0622e280c56b",,"https://lh3.googleusercontent.com/gps-cs-s/AHRPTWnKUT7j8DXMVSe53pzbJl3CFfNDuEm9zljfvSuYIKrPFcEqIJod38gRQWhMyZiIWqd0rOe8pKtahHG2fjWFOtAmkbY6jlw0_irNRCAImjYSuBg2dZVczJYo7ueHW7OnZODMTOn2IA=w408-h725-k-no","false","false","/g/11h766fq7s","es-419","0","-2.1367108","-79.9020534",,"Alborada Este",,"false","ChIJ29SWqfFtLZARa8WA4iIGzr0","090509","$10-20","Hace 9 meses","2025-11-07T02:34:47.368Z",,,,,,,,,,,,,,,,,,,,,,,"Ci9DQUlRQUNvZENodHljRjlvT2xWdFJtSndTazE0U1UwM2IzUnJlRFJTUW5Oc01IYxAB",,,,,,,,,,,,,"Google",,,"3",,,"2716","2026-08-08T16:42:14.542Z","Direct Detail URL: https://www.google.com/maps/place/Rukito+Grill%26Drink+-+Alborada/@-2.1347917,-79.9223432,12.98z/data=!4m10!1m2!2m1!1srukito!3m6!1s0x902d6df1a996d4db:0xbdce0622e280c56b!8m2!3d-2.1367108!4d-79.9020534!15sCgZydWtpdG9aCCIGcnVraXRvkgEKcmVzdGF1cmFudOABAA!16s%2Fg%2F11h766fq7s?entry=ttu&g_ep=EgoyMDI2MDgwNS4xIKXMDSoASAFQAw%3D%3D","5",,,"false",,,"Rukito Grill&Drink - Alborada","4.5",,"https://www.google.com/maps/search/?api=1&query=Rukito%20Grill%26Drink%20-%20Alborada&query_place_id=ChIJ29SWqfFtLZARa8WA4iIGzr0",
"090509 Guayaquil, Ecuador","Restaurante","Restaurante","13676875865269519723","Guayaquil","EC","0x902d6df1a996d4db:0xbdce0622e280c56b",,"https://lh3.googleusercontent.com/gps-cs-s/AHRPTWnKUT7j8DXMVSe53pzbJl3CFfNDuEm9zljfvSuYIKrPFcEqIJod38gRQWhMyZiIWqd0rOe8pKtahHG2fjWFOtAmkbY6jlw0_irNRCAImjYSuBg2dZVczJYo7ueHW7OnZODMTOn2IA=w408-h725-k-no","false","false","/g/11h766fq7s","es-419","0","-2.1367108","-79.9020534",,"Alborada Este","es","false","ChIJ29SWqfFtLZARa8WA4iIGzr0","090509","$10-20","Hace 9 meses","2025-11-06T21:34:04.168Z",,,,,,,,,"Ruido moderado",,,,"$10-15",,"2 personas","Sin espera",,,,"5","5","5","Ci9DQUlRQUNvZENodHljRjlvT25Cd09FWjBRV1JVZEZsd1NFbHNNRGRRVW1GWVkzYxAB",,,,,,,,,,,,,"Google",,,"1",,,"2716","2026-08-08T16:42:14.542Z","Direct Detail URL: https://www.google.com/maps/place/Rukito+Grill%26Drink+-+Alborada/@-2.1347917,-79.9223432,12.98z/data=!4m10!1m2!2m1!1srukito!3m6!1s0x902d6df1a996d4db:0xbdce0622e280c56b!8m2!3d-2.1367108!4d-79.9020534!15sCgZydWtpdG9aCCIGcnVraXRvkgEKcmVzdGF1cmFudOABAA!16s%2Fg%2F11h766fq7s?entry=ttu&g_ep=EgoyMDI2MDgwNS4xIKXMDSoASAFQAw%3D%3D","5",,,"false","Cómodo",,"Rukito Grill&Drink - Alborada","4.5",,"https://www.google.com/maps/search/?api=1&query=Rukito%20Grill%26Drink%20-%20Alborada&query_place_id=ChIJ29SWqfFtLZARa8WA4iIGzr0",
"090509 Guayaquil, Ecuador","Restaurante","Restaurante","13676875865269519723","Guayaquil","EC","0x902d6df1a996d4db:0xbdce0622e280c56b",,"https://lh3.googleusercontent.com/gps-cs-s/AHRPTWnKUT7j8DXMVSe53pzbJl3CFfNDuEm9zljfvSuYIKrPFcEqIJod38gRQWhMyZiIWqd0rOe8pKtahHG2fjWFOtAmkbY6jlw0_irNRCAImjYSuBg2dZVczJYo7ueHW7OnZODMTOn2IA=w408-h725-k-no","false","true","/g/11h766fq7s","es-419","0","-2.1367108","-79.9020534",,"Alborada Este","es","false","ChIJ29SWqfFtLZARa8WA4iIGzr0","090509","$10-20","Hace 9 meses","2025-11-04T14:29:23.090Z",,,,,,,,,,,,,"$30-35",,"Apto para grupos de todos los tamaños",,,,,"5","5","5","Ci9DQUlRQUNvZENodHljRjlvT2toUU5VbDRUamRRUTFkZlFYQk5OVGRHWXkxeE9HYxAB",,,,,,,,,,,,,"Google",,,"11",,,"2716","2026-08-08T16:42:14.542Z","Direct Detail URL: https://www.google.com/maps/place/Rukito+Grill%26Drink+-+Alborada/@-2.1347917,-79.9223432,12.98z/data=!4m10!1m2!2m1!1srukito!3m6!1s0x902d6df1a996d4db:0xbdce0622e280c56b!8m2!3d-2.1367108!4d-79.9020534!15sCgZydWtpdG9aCCIGcnVraXRvkgEKcmVzdGF1cmFudOABAA!16s%2Fg%2F11h766fq7s?entry=ttu&g_ep=EgoyMDI2MDgwNS4xIKXMDSoASAFQAw%3D%3D","5",,,"false","Excelente servicio, siempre voy a los locales, esta es la primera vez que pido a domicilio, te sirven tal como en el local, viene en una bolsa muy llamativa, y llega caliente la comida. La Baby grill que es lo que pedí deliciosa. Excelente sercicio",,"Rukito Grill&Drink - Alborada","4.5",,"https://www.google.com/maps/search/?api=1&query=Rukito%20Grill%26Drink%20-%20Alborada&query_place_id=ChIJ29SWqfFtLZARa8WA4iIGzr0",
"090509 Guayaquil, Ecuador","Restaurante","Restaurante","13676875865269519723","Guayaquil","EC","0x902d6df1a996d4db:0xbdce0622e280c56b",,"https://lh3.googleusercontent.com/gps-cs-s/AHRPTWnKUT7j8DXMVSe53pzbJl3CFfNDuEm9zljfvSuYIKrPFcEqIJod38gRQWhMyZiIWqd0rOe8pKtahHG2fjWFOtAmkbY6jlw0_irNRCAImjYSuBg2dZVczJYo7ueHW7OnZODMTOn2IA=w408-h725-k-no","false","false","/g/11h766fq7s","es-419","0","-2.1367108","-79.9020534",,"Alborada Este",,"false","ChIJ29SWqfFtLZARa8WA4iIGzr0","090509","$10-20","Hace 9 meses","2025-11-02T22:42:11.983Z",,,,,,,,,,,,,,,,,,,,,"4",,"Ci9DQUlRQUNvZENodHljRjlvT2paalkyRnZjbVk0TW04eVFYWXhlazlUWjJaRFgwRRAB",,,,,,,,,,,,,"Google",,,"3",,,"2716","2026-08-08T16:42:14.542Z","Direct Detail URL: https://www.google.com/maps/place/Rukito+Grill%26Drink+-+Alborada/@-2.1347917,-79.9223432,12.98z/data=!4m10!1m2!2m1!1srukito!3m6!1s0x902d6df1a996d4db:0xbdce0622e280c56b!8m2!3d-2.1367108!4d-79.9020534!15sCgZydWtpdG9aCCIGcnVraXRvkgEKcmVzdGF1cmFudOABAA!16s%2Fg%2F11h766fq7s?entry=ttu&g_ep=EgoyMDI2MDgwNS4xIKXMDSoASAFQAw%3D%3D","4",,,"false",,,"Rukito Grill&Drink - Alborada","4.5",,"https://www.google.com/maps/search/?api=1&query=Rukito%20Grill%26Drink%20-%20Alborada&query_place_id=ChIJ29SWqfFtLZARa8WA4iIGzr0",
"090509 Guayaquil, Ecuador","Restaurante","Restaurante","13676875865269519723","Guayaquil","EC","0x902d6df1a996d4db:0xbdce0622e280c56b",,"https://lh3.googleusercontent.com/gps-cs-s/AHRPTWnKUT7j8DXMVSe53pzbJl3CFfNDuEm9zljfvSuYIKrPFcEqIJod38gRQWhMyZiIWqd0rOe8pKtahHG2fjWFOtAmkbY6jlw0_irNRCAImjYSuBg2dZVczJYo7ueHW7OnZODMTOn2IA=w408-h725-k-no","false","true","/g/11h766fq7s","es-419","0","-2.1367108","-79.9020534",,"Alborada Este","es","false","ChIJ29SWqfFtLZARa8WA4iIGzr0","090509","$10-20","Hace 9 meses","2025-11-02T13:39:53.443Z",,,,,,,,,,,,,,,,,,,,,,,"Ci9DQUlRQUNvZENodHljRjlvT2xOb05sWmlSR1l5VVVOcVNraFhWR1V5ZG0xTlprRRAB",,,,,,,,,,,,,"Google",,,"27",,,"2716","2026-08-08T16:42:14.542Z","Direct Detail URL: https://www.google.com/maps/place/Rukito+Grill%26Drink+-+Alborada/@-2.1347917,-79.9223432,12.98z/data=!4m10!1m2!2m1!1srukito!3m6!1s0x902d6df1a996d4db:0xbdce0622e280c56b!8m2!3d-2.1367108!4d-79.9020534!15sCgZydWtpdG9aCCIGcnVraXRvkgEKcmVzdGF1cmFudOABAA!16s%2Fg%2F11h766fq7s?entry=ttu&g_ep=EgoyMDI2MDgwNS4xIKXMDSoASAFQAw%3D%3D","5",,,"false","Todo excelente 👌",,"Rukito Grill&Drink - Alborada","4.5",,"https://www.google.com/maps/search/?api=1&query=Rukito%20Grill%26Drink%20-%20Alborada&query_place_id=ChIJ29SWqfFtLZARa8WA4iIGzr0",
"090509 Guayaquil, Ecuador","Restaurante","Restaurante","13676875865269519723","Guayaquil","EC","0x902d6df1a996d4db:0xbdce0622e280c56b",,"https://lh3.googleusercontent.com/gps-cs-s/AHRPTWnKUT7j8DXMVSe53pzbJl3CFfNDuEm9zljfvSuYIKrPFcEqIJod38gRQWhMyZiIWqd0rOe8pKtahHG2fjWFOtAmkbY6jlw0_irNRCAImjYSuBg2dZVczJYo7ueHW7OnZODMTOn2IA=w408-h725-k-no","false","false","/g/11h766fq7s","es-419","0","-2.1367108","-79.9020534",,"Alborada Este",,"false","ChIJ29SWqfFtLZARa8WA4iIGzr0","090509","$10-20","Editado Hace 9 meses","2025-11-01T18:43:18.253Z",,,,,,,,,,,,,,,,,,,,"5","5","5","Ci9DQUlRQUNvZENodHljRjlvT21OT2NIWlVkV2hOWHpsT1pXRXlSbFpUTldSVE5tYxAB",,,,,,,,,,,,,"Google",,,"0",,,"2716","2026-08-08T16:42:14.542Z","Direct Detail URL: https://www.google.com/maps/place/Rukito+Grill%26Drink+-+Alborada/@-2.1347917,-79.9223432,12.98z/data=!4m10!1m2!2m1!1srukito!3m6!1s0x902d6df1a996d4db:0xbdce0622e280c56b!8m2!3d-2.1367108!4d-79.9020534!15sCgZydWtpdG9aCCIGcnVraXRvkgEKcmVzdGF1cmFudOABAA!16s%2Fg%2F11h766fq7s?entry=ttu&g_ep=EgoyMDI2MDgwNS4xIKXMDSoASAFQAw%3D%3D","5",,,"false",,,"Rukito Grill&Drink - Alborada","4.5",,"https://www.google.com/maps/search/?api=1&query=Rukito%20Grill%26Drink%20-%20Alborada&query_place_id=ChIJ29SWqfFtLZARa8WA4iIGzr0",
"090509 Guayaquil, Ecuador","Restaurante","Restaurante","13676875865269519723","Guayaquil","EC","0x902d6df1a996d4db:0xbdce0622e280c56b",,"https://lh3.googleusercontent.com/gps-cs-s/AHRPTWnKUT7j8DXMVSe53pzbJl3CFfNDuEm9zljfvSuYIKrPFcEqIJod38gRQWhMyZiIWqd0rOe8pKtahHG2fjWFOtAmkbY6jlw0_irNRCAImjYSuBg2dZVczJYo7ueHW7OnZODMTOn2IA=w408-h725-k-no","false","true","/g/11h766fq7s","es-419","0","-2.1367108","-79.9020534",,"Alborada Este","es","false","ChIJ29SWqfFtLZARa8WA4iIGzr0","090509","$10-20","Hace 9 meses","2025-10-31T23:30:05.768Z",,,,,,"Hay suficiente espacio",,,"Silencioso, agradable para conversar",,,,"$10-15",,"Más de 9 personas",,,,,"5","5","5","Ci9DQUlRQUNvZENodHljRjlvT2w5dUxVVTJVREZ2UVZobU1EWlJPV2Q0TXpNM2EwRRAB","https://lh3.googleusercontent.com/grass-cs/ACvplmMX6t_YMRmiS0LnZZ0hX1DpT6DhztkQZ990dhuZ5VXZoI2RUE2qI5KqmlPBNXtipAiDPKsd5dpvXecUdIZPOfZgQLC4JKCgRjsphvVQSm6XX7jgPalcx6OGudUfS2nXU1wAR9jk_qx2R3A=k-no","https://lh3.googleusercontent.com/grass-cs/ACvplmMzEyhv8ybIeZwkMFjE5rPYjF4GveusPAnnNcIcoh-_nhVTjITUEcubWQ5GDlEtM3gTZpT_Xc3bMFtQ-c0QhZH7h7w5y6gqZCARu4KTpc1FERSKN0XSk_omrBnTr5WXMEH-S9qeUl8INW43=k-no","https://lh3.googleusercontent.com/grass-cs/ACvplmOSoHSvrfMcUrHTM8X-8XkAs7x1l8x8aKWy29g0GpOMZrDUvD_KGPS54x4km0af9vtcgHsuzUjSdVCD1aJw5wArOkpurYohmCkOcd5DrY4HfChSUhvLgwh2nH3Ou2uE0r6Vq0sw2AN6zZdA=k-no",,,,,,,,,,"Google",,,"33",,,"2716","2026-08-08T16:42:14.542Z","Direct Detail URL: https://www.google.com/maps/place/Rukito+Grill%26Drink+-+Alborada/@-2.1347917,-79.9223432,12.98z/data=!4m10!1m2!2m1!1srukito!3m6!1s0x902d6df1a996d4db:0xbdce0622e280c56b!8m2!3d-2.1367108!4d-79.9020534!15sCgZydWtpdG9aCCIGcnVraXRvkgEKcmVzdGF1cmFudOABAA!16s%2Fg%2F11h766fq7s?entry=ttu&g_ep=EgoyMDI2MDgwNS4xIKXMDSoASAFQAw%3D%3D","5",,,"false","Excelente todo",,"Rukito Grill&Drink - Alborada","4.5",,"https://www.google.com/maps/search/?api=1&query=Rukito%20Grill%26Drink%20-%20Alborada&query_place_id=ChIJ29SWqfFtLZARa8WA4iIGzr0",
"090509 Guayaquil, Ecuador","Restaurante","Restaurante","13676875865269519723","Guayaquil","EC","0x902d6df1a996d4db:0xbdce0622e280c56b",,"https://lh3.googleusercontent.com/gps-cs-s/AHRPTWnKUT7j8DXMVSe53pzbJl3CFfNDuEm9zljfvSuYIKrPFcEqIJod38gRQWhMyZiIWqd0rOe8pKtahHG2fjWFOtAmkbY6jlw0_irNRCAImjYSuBg2dZVczJYo7ueHW7OnZODMTOn2IA=w408-h725-k-no","false","true","/g/11h766fq7s","es-419","0","-2.1367108","-79.9020534",,"Alborada Este",,"false","ChIJ29SWqfFtLZARa8WA4iIGzr0","090509","$10-20","Hace 9 meses","2025-10-27T14:46:32.773Z",,,,,,,,,,,"Costillas Ahumadas BBQ Con Arroz Moro Mixto Que Es Mitad Arroz Moro de Lenteja Y Moro de Choclo",,"$10-15",,"Apto para grupos de todos los tamaños","Sin espera",,,,"5","4","4","Ci9DQUlRQUNvZENodHljRjlvT25oemVsTnVkSFZtUVdkamFURkJkemxDTlRKdFJYYxAB",,,,,,,,,,,,,"Google",,,"1",,,"2716","2026-08-08T16:42:14.542Z","Direct Detail URL: https://www.google.com/maps/place/Rukito+Grill%26Drink+-+Alborada/@-2.1347917,-79.9223432,12.98z/data=!4m10!1m2!2m1!1srukito!3m6!1s0x902d6df1a996d4db:0xbdce0622e280c56b!8m2!3d-2.1367108!4d-79.9020534!15sCgZydWtpdG9aCCIGcnVraXRvkgEKcmVzdGF1cmFudOABAA!16s%2Fg%2F11h766fq7s?entry=ttu&g_ep=EgoyMDI2MDgwNS4xIKXMDSoASAFQAw%3D%3D","4",,,"false",,,"Rukito Grill&Drink - Alborada","4.5",,"https://www.google.com/maps/search/?api=1&query=Rukito%20Grill%26Drink%20-%20Alborada&query_place_id=ChIJ29SWqfFtLZARa8WA4iIGzr0",
"090509 Guayaquil, Ecuador","Restaurante","Restaurante","13676875865269519723","Guayaquil","EC","0x902d6df1a996d4db:0xbdce0622e280c56b",,"https://lh3.googleusercontent.com/gps-cs-s/AHRPTWnKUT7j8DXMVSe53pzbJl3CFfNDuEm9zljfvSuYIKrPFcEqIJod38gRQWhMyZiIWqd0rOe8pKtahHG2fjWFOtAmkbY6jlw0_irNRCAImjYSuBg2dZVczJYo7ueHW7OnZODMTOn2IA=w408-h725-k-no","false","true","/g/11h766fq7s","es-419","0","-2.1367108","-79.9020534",,"Alborada Este","es","false","ChIJ29SWqfFtLZARa8WA4iIGzr0","090509","$10-20","Hace 9 meses","2025-10-27T00:11:02.882Z",,,,,,,,,,,,,,,,,,,,"5","5","4","Ci9DQUlRQUNvZENodHljRjlvT21KRWVXeEdWMmxwTkZCeWRqVnJTVGRRVFVob2NXYxAB","https://lh3.googleusercontent.com/grass-cs/ACvplmOGXlYrt9Z6Lwu2L9AMk4GQJNDQ-DEbiu2sRXXCHnzyA3yDEukl_gw4vK4-XTA6atOEl_3q-8xdK9rmV-bGWgB9HISRWr8_jcCSVpmxxpf3BLrW84I5N_YLX31UiVIVtSD-RiXM7YszJOiz=k-no",,,,,,,,,,,,"Google",,,"102",,,"2716","2026-08-08T16:42:14.542Z","Direct Detail URL: https://www.google.com/maps/place/Rukito+Grill%26Drink+-+Alborada/@-2.1347917,-79.9223432,12.98z/data=!4m10!1m2!2m1!1srukito!3m6!1s0x902d6df1a996d4db:0xbdce0622e280c56b!8m2!3d-2.1367108!4d-79.9020534!15sCgZydWtpdG9aCCIGcnVraXRvkgEKcmVzdGF1cmFudOABAA!16s%2Fg%2F11h766fq7s?entry=ttu&g_ep=EgoyMDI2MDgwNS4xIKXMDSoASAFQAw%3D%3D","5",,,"false","Mi buena atención solo me tocó esperar mucho para poder ser atendido ! Gracias",,"Rukito Grill&Drink - Alborada","4.5",,"https://www.google.com/maps/search/?api=1&query=Rukito%20Grill%26Drink%20-%20Alborada&query_place_id=ChIJ29SWqfFtLZARa8WA4iIGzr0",
"090509 Guayaquil, Ecuador","Restaurante","Restaurante","13676875865269519723","Guayaquil","EC","0x902d6df1a996d4db:0xbdce0622e280c56b",,"https://lh3.googleusercontent.com/gps-cs-s/AHRPTWnKUT7j8DXMVSe53pzbJl3CFfNDuEm9zljfvSuYIKrPFcEqIJod38gRQWhMyZiIWqd0rOe8pKtahHG2fjWFOtAmkbY6jlw0_irNRCAImjYSuBg2dZVczJYo7ueHW7OnZODMTOn2IA=w408-h725-k-no","false","true","/g/11h766fq7s","es-419","0","-2.1367108","-79.9020534",,"Alborada Este",,"false","ChIJ29SWqfFtLZARa8WA4iIGzr0","090509","$10-20","Hace 9 meses","2025-10-25T18:43:15.568Z",,,,,,,,,,,,,"$20-25",,,,,,,"5","5","4","Ci9DQUlRQUNvZENodHljRjlvT2xGd1V6bEdVbFp5Y1MwdFlteFNZa3BtZDJ3Mk4zYxAB",,,,,,,,,,,,,"Google",,,"4",,,"2716","2026-08-08T16:42:14.542Z","Direct Detail URL: https://www.google.com/maps/place/Rukito+Grill%26Drink+-+Alborada/@-2.1347917,-79.9223432,12.98z/data=!4m10!1m2!2m1!1srukito!3m6!1s0x902d6df1a996d4db:0xbdce0622e280c56b!8m2!3d-2.1367108!4d-79.9020534!15sCgZydWtpdG9aCCIGcnVraXRvkgEKcmVzdGF1cmFudOABAA!16s%2Fg%2F11h766fq7s?entry=ttu&g_ep=EgoyMDI2MDgwNS4xIKXMDSoASAFQAw%3D%3D","5",,,"false",,,"Rukito Grill&Drink - Alborada","4.5",,"https://www.google.com/maps/search/?api=1&query=Rukito%20Grill%26Drink%20-%20Alborada&query_place_id=ChIJ29SWqfFtLZARa8WA4iIGzr0",
"090509 Guayaquil, Ecuador","Restaurante","Restaurante","13676875865269519723","Guayaquil","EC","0x902d6df1a996d4db:0xbdce0622e280c56b",,"https://lh3.googleusercontent.com/gps-cs-s/AHRPTWnKUT7j8DXMVSe53pzbJl3CFfNDuEm9zljfvSuYIKrPFcEqIJod38gRQWhMyZiIWqd0rOe8pKtahHG2fjWFOtAmkbY6jlw0_irNRCAImjYSuBg2dZVczJYo7ueHW7OnZODMTOn2IA=w408-h725-k-no","false","false","/g/11h766fq7s","es-419","0","-2.1367108","-79.9020534",,"Alborada Este",,"false","ChIJ29SWqfFtLZARa8WA4iIGzr0","090509","$10-20","Hace 9 meses","2025-10-25T16:16:11.501Z",,,,,,,,,,,,,"$15-20","Varía según la hora o el día","Apto para grupos de todos los tamaños","De 30 a 60 min",,,,"4","5","4","Ci9DQUlRQUNvZENodHljRjlvT21SVVZFNUJZM0ZLYW5Jd1QwaFVRbnAxU1RWalluYxAB",,,,,,,,,,,,,"Google",,,"0",,,"2716","2026-08-08T16:42:14.542Z","Direct Detail URL: https://www.google.com/maps/place/Rukito+Grill%26Drink+-+Alborada/@-2.1347917,-79.9223432,12.98z/data=!4m10!1m2!2m1!1srukito!3m6!1s0x902d6df1a996d4db:0xbdce0622e280c56b!8m2!3d-2.1367108!4d-79.9020534!15sCgZydWtpdG9aCCIGcnVraXRvkgEKcmVzdGF1cmFudOABAA!16s%2Fg%2F11h766fq7s?entry=ttu&g_ep=EgoyMDI2MDgwNS4xIKXMDSoASAFQAw%3D%3D","4",,,"false",,,"Rukito Grill&Drink - Alborada","4.5",,"https://www.google.com/maps/search/?api=1&query=Rukito%20Grill%26Drink%20-%20Alborada&query_place_id=ChIJ29SWqfFtLZARa8WA4iIGzr0",
"090509 Guayaquil, Ecuador","Restaurante","Restaurante","13676875865269519723","Guayaquil","EC","0x902d6df1a996d4db:0xbdce0622e280c56b",,"https://lh3.googleusercontent.com/gps-cs-s/AHRPTWnKUT7j8DXMVSe53pzbJl3CFfNDuEm9zljfvSuYIKrPFcEqIJod38gRQWhMyZiIWqd0rOe8pKtahHG2fjWFOtAmkbY6jlw0_irNRCAImjYSuBg2dZVczJYo7ueHW7OnZODMTOn2IA=w408-h725-k-no","false","true","/g/11h766fq7s","es-419","0","-2.1367108","-79.9020534",,"Alborada Este",,"false","ChIJ29SWqfFtLZARa8WA4iIGzr0","090509","$10-20","Hace 9 meses","2025-10-24T02:15:38.434Z",,,,,,,,,,,,,"$15-20",,"3 o 4 personas","Hasta 10 min","Comedor cubierto",,,"5","5","5","Ci9DQUlRQUNvZENodHljRjlvT2pScU9EUnZRMFpPVFRsSFkzRlZOVVZ0VmxwbU0yYxAB",,,,,,,,,,,,,"Google",,,"51",,,"2716","2026-08-08T16:42:14.542Z","Direct Detail URL: https://www.google.com/maps/place/Rukito+Grill%26Drink+-+Alborada/@-2.1347917,-79.9223432,12.98z/data=!4m10!1m2!2m1!1srukito!3m6!1s0x902d6df1a996d4db:0xbdce0622e280c56b!8m2!3d-2.1367108!4d-79.9020534!15sCgZydWtpdG9aCCIGcnVraXRvkgEKcmVzdGF1cmFudOABAA!16s%2Fg%2F11h766fq7s?entry=ttu&g_ep=EgoyMDI2MDgwNS4xIKXMDSoASAFQAw%3D%3D","5",,,"false",,,"Rukito Grill&Drink - Alborada","4.5",,"https://www.google.com/maps/search/?api=1&query=Rukito%20Grill%26Drink%20-%20Alborada&query_place_id=ChIJ29SWqfFtLZARa8WA4iIGzr0",
"090509 Guayaquil, Ecuador","Restaurante","Restaurante","13676875865269519723","Guayaquil","EC","0x902d6df1a996d4db:0xbdce0622e280c56b",,"https://lh3.googleusercontent.com/gps-cs-s/AHRPTWnKUT7j8DXMVSe53pzbJl3CFfNDuEm9zljfvSuYIKrPFcEqIJod38gRQWhMyZiIWqd0rOe8pKtahHG2fjWFOtAmkbY6jlw0_irNRCAImjYSuBg2dZVczJYo7ueHW7OnZODMTOn2IA=w408-h725-k-no","false","false","/g/11h766fq7s","es-419","0","-2.1367108","-79.9020534",,"Alborada Este",,"false","ChIJ29SWqfFtLZARa8WA4iIGzr0","090509","$10-20","Hace 9 meses","2025-10-23T14:02:31.073Z",,,,,,,,,,,,,"$25-30",,"2 personas","De 10 a 30 min",,,,"3","5","4","Ci9DQUlRQUNvZENodHljRjlvT2tsaE1sTkpUSFJFUlRkcFp6VTBZMUkxYTFWUFJtYxAB",,,,,,,,,,,,,"Google",,,"5",,,"2716","2026-08-08T16:42:14.542Z","Direct Detail URL: https://www.google.com/maps/place/Rukito+Grill%26Drink+-+Alborada/@-2.1347917,-79.9223432,12.98z/data=!4m10!1m2!2m1!1srukito!3m6!1s0x902d6df1a996d4db:0xbdce0622e280c56b!8m2!3d-2.1367108!4d-79.9020534!15sCgZydWtpdG9aCCIGcnVraXRvkgEKcmVzdGF1cmFudOABAA!16s%2Fg%2F11h766fq7s?entry=ttu&g_ep=EgoyMDI2MDgwNS4xIKXMDSoASAFQAw%3D%3D","4",,,"false",,,"Rukito Grill&Drink - Alborada","4.5",,"https://www.google.com/maps/search/?api=1&query=Rukito%20Grill%26Drink%20-%20Alborada&query_place_id=ChIJ29SWqfFtLZARa8WA4iIGzr0",
"090509 Guayaquil, Ecuador","Restaurante","Restaurante","13676875865269519723","Guayaquil","EC","0x902d6df1a996d4db:0xbdce0622e280c56b",,"https://lh3.googleusercontent.com/gps-cs-s/AHRPTWnKUT7j8DXMVSe53pzbJl3CFfNDuEm9zljfvSuYIKrPFcEqIJod38gRQWhMyZiIWqd0rOe8pKtahHG2fjWFOtAmkbY6jlw0_irNRCAImjYSuBg2dZVczJYo7ueHW7OnZODMTOn2IA=w408-h725-k-no","false","false","/g/11h766fq7s","es-419","0","-2.1367108","-79.9020534",,"Alborada Este",,"false","ChIJ29SWqfFtLZARa8WA4iIGzr0","090509","$10-20","Hace 9 meses","2025-10-19T02:30:00.457Z",,,,,,,,,,,,,,,,,,,,,,,"Ci9DQUlRQUNvZENodHljRjlvT21seGFqaElhRWxSV2s5VVRFNTRVbWRLTmpBNWRsRRAB",,,,,,,,,,,,,"Google",,,"0",,,"2716","2026-08-08T16:42:14.542Z","Direct Detail URL: https://www.google.com/maps/place/Rukito+Grill%26Drink+-+Alborada/@-2.1347917,-79.9223432,12.98z/data=!4m10!1m2!2m1!1srukito!3m6!1s0x902d6df1a996d4db:0xbdce0622e280c56b!8m2!3d-2.1367108!4d-79.9020534!15sCgZydWtpdG9aCCIGcnVraXRvkgEKcmVzdGF1cmFudOABAA!16s%2Fg%2F11h766fq7s?entry=ttu&g_ep=EgoyMDI2MDgwNS4xIKXMDSoASAFQAw%3D%3D","5",,,"false",,,"Rukito Grill&Drink - Alborada","4.5",,"https://www.google.com/maps/search/?api=1&query=Rukito%20Grill%26Drink%20-%20Alborada&query_place_id=ChIJ29SWqfFtLZARa8WA4iIGzr0",
"090509 Guayaquil, Ecuador","Restaurante","Restaurante","13676875865269519723","Guayaquil","EC","0x902d6df1a996d4db:0xbdce0622e280c56b",,"https://lh3.googleusercontent.com/gps-cs-s/AHRPTWnKUT7j8DXMVSe53pzbJl3CFfNDuEm9zljfvSuYIKrPFcEqIJod38gRQWhMyZiIWqd0rOe8pKtahHG2fjWFOtAmkbY6jlw0_irNRCAImjYSuBg2dZVczJYo7ueHW7OnZODMTOn2IA=w408-h725-k-no","false","true","/g/11h766fq7s","es-419","0","-2.1367108","-79.9020534",,"Alborada Este","es","false","ChIJ29SWqfFtLZARa8WA4iIGzr0","090509","$10-20","Hace 9 meses","2025-10-15T02:51:50.548Z",,,,,"Si, tienen silla de comer es excelente","Vas a tardar en estacionar",,,"Ruidoso, pero se puede hablar","Estacionamiento gratuito en la calle",,,"$10-15",,"Apto para grupos de todos los tamaños","De 10 a 30 min",,,,"4","5","5","Ci9DQUlRQUNvZENodHljRjlvT2xJNGJrNHdRa0owUVRKa1dURTJTQzA0UmxSdVRuYxAB",,,,,,,,,,,,,"Google",,,"142",,,"2716","2026-08-08T16:42:14.542Z","Direct Detail URL: https://www.google.com/maps/place/Rukito+Grill%26Drink+-+Alborada/@-2.1347917,-79.9223432,12.98z/data=!4m10!1m2!2m1!1srukito!3m6!1s0x902d6df1a996d4db:0xbdce0622e280c56b!8m2!3d-2.1367108!4d-79.9020534!15sCgZydWtpdG9aCCIGcnVraXRvkgEKcmVzdGF1cmFudOABAA!16s%2Fg%2F11h766fq7s?entry=ttu&g_ep=EgoyMDI2MDgwNS4xIKXMDSoASAFQAw%3D%3D","5",,,"false","Excelente sobrepasa la excelencia la comida y la atención.
Pedimos para llevar un plato adicional xq pensamos q nos comeríamos todo y no!
Sobró y tambien llevamos.
Q bello q bueno q rico 😋",,"Rukito Grill&Drink - Alborada","4.5",,"https://www.google.com/maps/search/?api=1&query=Rukito%20Grill%26Drink%20-%20Alborada&query_place_id=ChIJ29SWqfFtLZARa8WA4iIGzr0",
"090509 Guayaquil, Ecuador","Restaurante","Restaurante","13676875865269519723","Guayaquil","EC","0x902d6df1a996d4db:0xbdce0622e280c56b",,"https://lh3.googleusercontent.com/gps-cs-s/AHRPTWnKUT7j8DXMVSe53pzbJl3CFfNDuEm9zljfvSuYIKrPFcEqIJod38gRQWhMyZiIWqd0rOe8pKtahHG2fjWFOtAmkbY6jlw0_irNRCAImjYSuBg2dZVczJYo7ueHW7OnZODMTOn2IA=w408-h725-k-no","false","false","/g/11h766fq7s","es-419","0","-2.1367108","-79.9020534",,"Alborada Este","es","false","ChIJ29SWqfFtLZARa8WA4iIGzr0","090509","$10-20","Hace 9 meses","2025-10-14T22:46:49.824Z",,,,,,,,,,,,"Agreguen opciones de huevo frito o filete de carne de soya","$10-15",,"2 personas","Hasta 10 min",,,,"3","3","4","Ci9DQUlRQUNvZENodHljRjlvT25OVWIyVkVaekE0T1hZd2VqSk1ZV05NV1ZoeWVFRRAB",,,,,,,,,,,,,"Google",,,"10",,,"2716","2026-08-08T16:42:14.542Z","Direct Detail URL: https://www.google.com/maps/place/Rukito+Grill%26Drink+-+Alborada/@-2.1347917,-79.9223432,12.98z/data=!4m10!1m2!2m1!1srukito!3m6!1s0x902d6df1a996d4db:0xbdce0622e280c56b!8m2!3d-2.1367108!4d-79.9020534!15sCgZydWtpdG9aCCIGcnVraXRvkgEKcmVzdGF1cmFudOABAA!16s%2Fg%2F11h766fq7s?entry=ttu&g_ep=EgoyMDI2MDgwNS4xIKXMDSoASAFQAw%3D%3D","3",,,"false","El servicio al cliente excelente. El moro chicloso con lentejas estaba muy dulce, sin tanta sazón. No viene ensalada en los combos.",,"Rukito Grill&Drink - Alborada","4.5",,"https://www.google.com/maps/search/?api=1&query=Rukito%20Grill%26Drink%20-%20Alborada&query_place_id=ChIJ29SWqfFtLZARa8WA4iIGzr0",
"090509 Guayaquil, Ecuador","Restaurante","Restaurante","13676875865269519723","Guayaquil","EC","0x902d6df1a996d4db:0xbdce0622e280c56b",,"https://lh3.googleusercontent.com/gps-cs-s/AHRPTWnKUT7j8DXMVSe53pzbJl3CFfNDuEm9zljfvSuYIKrPFcEqIJod38gRQWhMyZiIWqd0rOe8pKtahHG2fjWFOtAmkbY6jlw0_irNRCAImjYSuBg2dZVczJYo7ueHW7OnZODMTOn2IA=w408-h725-k-no","false","false","/g/11h766fq7s","es-419","0","-2.1367108","-79.9020534",,"Alborada Este",,"false","ChIJ29SWqfFtLZARa8WA4iIGzr0","090509","$10-20","Hace 9 meses","2025-10-14T20:34:41.404Z",,,,,,,,,,,,,,,,,,,,,,,"Ci9DQUlRQUNvZENodHljRjlvT21wYVdXVmZPR0pKZFd0Mk9FbEJZMmxMVjBGbGRsRRAB",,,,,,,,,,,,,"Google",,,"0",,,"2716","2026-08-08T16:42:14.542Z","Direct Detail URL: https://www.google.com/maps/place/Rukito+Grill%26Drink+-+Alborada/@-2.1347917,-79.9223432,12.98z/data=!4m10!1m2!2m1!1srukito!3m6!1s0x902d6df1a996d4db:0xbdce0622e280c56b!8m2!3d-2.1367108!4d-79.9020534!15sCgZydWtpdG9aCCIGcnVraXRvkgEKcmVzdGF1cmFudOABAA!16s%2Fg%2F11h766fq7s?entry=ttu&g_ep=EgoyMDI2MDgwNS4xIKXMDSoASAFQAw%3D%3D","5",,,"false",,,"Rukito Grill&Drink - Alborada","4.5",,"https://www.google.com/maps/search/?api=1&query=Rukito%20Grill%26Drink%20-%20Alborada&query_place_id=ChIJ29SWqfFtLZARa8WA4iIGzr0",
"090509 Guayaquil, Ecuador","Restaurante","Restaurante","13676875865269519723","Guayaquil","EC","0x902d6df1a996d4db:0xbdce0622e280c56b",,"https://lh3.googleusercontent.com/gps-cs-s/AHRPTWnKUT7j8DXMVSe53pzbJl3CFfNDuEm9zljfvSuYIKrPFcEqIJod38gRQWhMyZiIWqd0rOe8pKtahHG2fjWFOtAmkbY6jlw0_irNRCAImjYSuBg2dZVczJYo7ueHW7OnZODMTOn2IA=w408-h725-k-no","false","false","/g/11h766fq7s","es-419","0","-2.1367108","-79.9020534",,"Alborada Este","es","false","ChIJ29SWqfFtLZARa8WA4iIGzr0","090509","$10-20","Hace 9 meses","2025-10-13T04:57:26.067Z",,,,,,,,"Ningún evento especial",,,,,"$25-30",,"2 personas","Sin espera",,,,"3","4","5","Ci9DQUlRQUNvZENodHljRjlvT2xZMGVXY3pOVzVSVW1ZME1GRmZPVWhvYjFGZmVWRRAB",,,,,,,,,,,,,"Google",,,"1",,,"2716","2026-08-08T16:42:14.542Z","Direct Detail URL: https://www.google.com/maps/place/Rukito+Grill%26Drink+-+Alborada/@-2.1347917,-79.9223432,12.98z/data=!4m10!1m2!2m1!1srukito!3m6!1s0x902d6df1a996d4db:0xbdce0622e280c56b!8m2!3d-2.1367108!4d-79.9020534!15sCgZydWtpdG9aCCIGcnVraXRvkgEKcmVzdGF1cmFudOABAA!16s%2Fg%2F11h766fq7s?entry=ttu&g_ep=EgoyMDI2MDgwNS4xIKXMDSoASAFQAw%3D%3D","3",,,"false","Ambiente reducido. La atención de los meseros muy buena.",,"Rukito Grill&Drink - Alborada","4.5",,"https://www.google.com/maps/search/?api=1&query=Rukito%20Grill%26Drink%20-%20Alborada&query_place_id=ChIJ29SWqfFtLZARa8WA4iIGzr0",
"090509 Guayaquil, Ecuador","Restaurante","Restaurante","13676875865269519723","Guayaquil","EC","0x902d6df1a996d4db:0xbdce0622e280c56b",,"https://lh3.googleusercontent.com/gps-cs-s/AHRPTWnKUT7j8DXMVSe53pzbJl3CFfNDuEm9zljfvSuYIKrPFcEqIJod38gRQWhMyZiIWqd0rOe8pKtahHG2fjWFOtAmkbY6jlw0_irNRCAImjYSuBg2dZVczJYo7ueHW7OnZODMTOn2IA=w408-h725-k-no","false","true","/g/11h766fq7s","es-419","0","-2.1367108","-79.9020534",,"Alborada Este",,"false","ChIJ29SWqfFtLZARa8WA4iIGzr0","090509","$10-20","Hace 9 meses","2025-10-13T01:34:02.189Z",,,,,,,,"Ningún evento especial",,,,,"$15-20",,"Apto para grupos de todos los tamaños","De 10 a 30 min",,,,"4","4","5","Ci9DQUlRQUNvZENodHljRjlvT21KSlJVeFRaWFJ1YUUxTlNpMDBWV3hZWW14NE5VRRAB",,,,,,,,,,,,,"Google",,,"0",,,"2716","2026-08-08T16:42:14.542Z","Direct Detail URL: https://www.google.com/maps/place/Rukito+Grill%26Drink+-+Alborada/@-2.1347917,-79.9223432,12.98z/data=!4m10!1m2!2m1!1srukito!3m6!1s0x902d6df1a996d4db:0xbdce0622e280c56b!8m2!3d-2.1367108!4d-79.9020534!15sCgZydWtpdG9aCCIGcnVraXRvkgEKcmVzdGF1cmFudOABAA!16s%2Fg%2F11h766fq7s?entry=ttu&g_ep=EgoyMDI2MDgwNS4xIKXMDSoASAFQAw%3D%3D","4",,,"false",,,"Rukito Grill&Drink - Alborada","4.5",,"https://www.google.com/maps/search/?api=1&query=Rukito%20Grill%26Drink%20-%20Alborada&query_place_id=ChIJ29SWqfFtLZARa8WA4iIGzr0",
"090509 Guayaquil, Ecuador","Restaurante","Restaurante","13676875865269519723","Guayaquil","EC","0x902d6df1a996d4db:0xbdce0622e280c56b",,"https://lh3.googleusercontent.com/gps-cs-s/AHRPTWnKUT7j8DXMVSe53pzbJl3CFfNDuEm9zljfvSuYIKrPFcEqIJod38gRQWhMyZiIWqd0rOe8pKtahHG2fjWFOtAmkbY6jlw0_irNRCAImjYSuBg2dZVczJYo7ueHW7OnZODMTOn2IA=w408-h725-k-no","false","true","/g/11h766fq7s","es-419","0","-2.1367108","-79.9020534",,"Alborada Este",,"false","ChIJ29SWqfFtLZARa8WA4iIGzr0","090509","$10-20","Hace 9 meses","2025-10-11T16:19:57.273Z",,,,,,,,,,,,,"$20-25",,,"Hasta 10 min",,,,"4","5","4","Ci9DQUlRQUNvZENodHljRjlvT2xWelNsTXpiVEE1YldGb1dUQmxORTFVTkRsMk0xRRAB",,,,,,,,,,,,,"Google",,,"13",,,"2716","2026-08-08T16:42:14.542Z","Direct Detail URL: https://www.google.com/maps/place/Rukito+Grill%26Drink+-+Alborada/@-2.1347917,-79.9223432,12.98z/data=!4m10!1m2!2m1!1srukito!3m6!1s0x902d6df1a996d4db:0xbdce0622e280c56b!8m2!3d-2.1367108!4d-79.9020534!15sCgZydWtpdG9aCCIGcnVraXRvkgEKcmVzdGF1cmFudOABAA!16s%2Fg%2F11h766fq7s?entry=ttu&g_ep=EgoyMDI2MDgwNS4xIKXMDSoASAFQAw%3D%3D","4",,,"false",,,"Rukito Grill&Drink - Alborada","4.5",,"https://www.google.com/maps/search/?api=1&query=Rukito%20Grill%26Drink%20-%20Alborada&query_place_id=ChIJ29SWqfFtLZARa8WA4iIGzr0",
"090509 Guayaquil, Ecuador","Restaurante","Restaurante","13676875865269519723","Guayaquil","EC","0x902d6df1a996d4db:0xbdce0622e280c56b",,"https://lh3.googleusercontent.com/gps-cs-s/AHRPTWnKUT7j8DXMVSe53pzbJl3CFfNDuEm9zljfvSuYIKrPFcEqIJod38gRQWhMyZiIWqd0rOe8pKtahHG2fjWFOtAmkbY6jlw0_irNRCAImjYSuBg2dZVczJYo7ueHW7OnZODMTOn2IA=w408-h725-k-no","false","false","/g/11h766fq7s","es-419","0","-2.1367108","-79.9020534",,"Alborada Este",,"false","ChIJ29SWqfFtLZARa8WA4iIGzr0","090509","$10-20","Hace 10 meses","2025-10-08T04:55:25.876Z",,,,,,,,,,,,,"$15-20",,"3 o 4 personas","De 10 a 30 min",,,,"3","5","5","Ci9DQUlRQUNvZENodHljRjlvT25SVGVIbE1ZVWR2T0U0elpWVmZRelpSZGprNE9GRRAB",,,,,,,,,,,,,"Google",,,"7",,,"2716","2026-08-08T16:42:14.542Z","Direct Detail URL: https://www.google.com/maps/place/Rukito+Grill%26Drink+-+Alborada/@-2.1347917,-79.9223432,12.98z/data=!4m10!1m2!2m1!1srukito!3m6!1s0x902d6df1a996d4db:0xbdce0622e280c56b!8m2!3d-2.1367108!4d-79.9020534!15sCgZydWtpdG9aCCIGcnVraXRvkgEKcmVzdGF1cmFudOABAA!16s%2Fg%2F11h766fq7s?entry=ttu&g_ep=EgoyMDI2MDgwNS4xIKXMDSoASAFQAw%3D%3D","5",,,"false",,,"Rukito Grill&Drink - Alborada","4.5",,"https://www.google.com/maps/search/?api=1&query=Rukito%20Grill%26Drink%20-%20Alborada&query_place_id=ChIJ29SWqfFtLZARa8WA4iIGzr0",
"090509 Guayaquil, Ecuador","Restaurante","Restaurante","13676875865269519723","Guayaquil","EC","0x902d6df1a996d4db:0xbdce0622e280c56b",,"https://lh3.googleusercontent.com/gps-cs-s/AHRPTWnKUT7j8DXMVSe53pzbJl3CFfNDuEm9zljfvSuYIKrPFcEqIJod38gRQWhMyZiIWqd0rOe8pKtahHG2fjWFOtAmkbY6jlw0_irNRCAImjYSuBg2dZVczJYo7ueHW7OnZODMTOn2IA=w408-h725-k-no","false","true","/g/11h766fq7s","es-419","0","-2.1367108","-79.9020534",,"Alborada Este","it","false","ChIJ29SWqfFtLZARa8WA4iIGzr0","090509","$10-20","Hace 10 meses","2025-10-06T19:23:24.457Z",,,,,,,,,,,,,"$15-20",,,,,,,"5","5","5","Ci9DQUlRQUNvZENodHljRjlvT2xKcU4xY3dhV1JqWDJWSVpFZExiSGxXZHpKVk1FRRAB",,,,,,,,,,,,,"Google",,,"98",,,"2716","2026-08-08T16:42:14.542Z","Direct Detail URL: https://www.google.com/maps/place/Rukito+Grill%26Drink+-+Alborada/@-2.1347917,-79.9223432,12.98z/data=!4m10!1m2!2m1!1srukito!3m6!1s0x902d6df1a996d4db:0xbdce0622e280c56b!8m2!3d-2.1367108!4d-79.9020534!15sCgZydWtpdG9aCCIGcnVraXRvkgEKcmVzdGF1cmFudOABAA!16s%2Fg%2F11h766fq7s?entry=ttu&g_ep=EgoyMDI2MDgwNS4xIKXMDSoASAFQAw%3D%3D","5",,,"false","Tutto buono!
Attenzione ottima.","¡Todo estuvo bien!
Excelente atención.","Rukito Grill&Drink - Alborada","4.5","es","https://www.google.com/maps/search/?api=1&query=Rukito%20Grill%26Drink%20-%20Alborada&query_place_id=ChIJ29SWqfFtLZARa8WA4iIGzr0",
"090509 Guayaquil, Ecuador","Restaurante","Restaurante","13676875865269519723","Guayaquil","EC","0x902d6df1a996d4db:0xbdce0622e280c56b",,"https://lh3.googleusercontent.com/gps-cs-s/AHRPTWnKUT7j8DXMVSe53pzbJl3CFfNDuEm9zljfvSuYIKrPFcEqIJod38gRQWhMyZiIWqd0rOe8pKtahHG2fjWFOtAmkbY6jlw0_irNRCAImjYSuBg2dZVczJYo7ueHW7OnZODMTOn2IA=w408-h725-k-no","false","false","/g/11h766fq7s","es-419","0","-2.1367108","-79.9020534",,"Alborada Este","es","false","ChIJ29SWqfFtLZARa8WA4iIGzr0","090509","$10-20","Hace 10 meses","2025-10-06T15:35:31.810Z",,,,,,,,,,,,,"$1-5",,,,,,,"5","5","4","Ci9DQUlRQUNvZENodHljRjlvT2tWSlVGQlNiVGhWVDJwaGFVWm5aMEpHUkVwWVRHYxAB",,,,,,,,,,,,,"Google",,,"1",,,"2716","2026-08-08T16:42:14.542Z","Direct Detail URL: https://www.google.com/maps/place/Rukito+Grill%26Drink+-+Alborada/@-2.1347917,-79.9223432,12.98z/data=!4m10!1m2!2m1!1srukito!3m6!1s0x902d6df1a996d4db:0xbdce0622e280c56b!8m2!3d-2.1367108!4d-79.9020534!15sCgZydWtpdG9aCCIGcnVraXRvkgEKcmVzdGF1cmFudOABAA!16s%2Fg%2F11h766fq7s?entry=ttu&g_ep=EgoyMDI2MDgwNS4xIKXMDSoASAFQAw%3D%3D","5",,,"false","Todo muy deliciosoooo y el ambiente",,"Rukito Grill&Drink - Alborada","4.5",,"https://www.google.com/maps/search/?api=1&query=Rukito%20Grill%26Drink%20-%20Alborada&query_place_id=ChIJ29SWqfFtLZARa8WA4iIGzr0",
"090509 Guayaquil, Ecuador","Restaurante","Restaurante","13676875865269519723","Guayaquil","EC","0x902d6df1a996d4db:0xbdce0622e280c56b",,"https://lh3.googleusercontent.com/gps-cs-s/AHRPTWnKUT7j8DXMVSe53pzbJl3CFfNDuEm9zljfvSuYIKrPFcEqIJod38gRQWhMyZiIWqd0rOe8pKtahHG2fjWFOtAmkbY6jlw0_irNRCAImjYSuBg2dZVczJYo7ueHW7OnZODMTOn2IA=w408-h725-k-no","false","false","/g/11h766fq7s","es-419","0","-2.1367108","-79.9020534",,"Alborada Este",,"false","ChIJ29SWqfFtLZARa8WA4iIGzr0","090509","$10-20","Hace 10 meses","2025-10-05T04:21:14.609Z",,,,,,,,,,,,,"$10-15",,"Apto para grupos de todos los tamaños","Hasta 10 min","Comedor cubierto, Comedor privado",,,"5","5","5","Ci9DQUlRQUNvZENodHljRjlvT21oeFIwTlBTbDlRTWxoWmVVRk9TblJpTFRkd1ptYxAB",,,,,,,,,,,,,"Google",,,"3",,,"2716","2026-08-08T16:42:14.542Z","Direct Detail URL: https://www.google.com/maps/place/Rukito+Grill%26Drink+-+Alborada/@-2.1347917,-79.9223432,12.98z/data=!4m10!1m2!2m1!1srukito!3m6!1s0x902d6df1a996d4db:0xbdce0622e280c56b!8m2!3d-2.1367108!4d-79.9020534!15sCgZydWtpdG9aCCIGcnVraXRvkgEKcmVzdGF1cmFudOABAA!16s%2Fg%2F11h766fq7s?entry=ttu&g_ep=EgoyMDI2MDgwNS4xIKXMDSoASAFQAw%3D%3D","5",,,"false",,,"Rukito Grill&Drink - Alborada","4.5",,"https://www.google.com/maps/search/?api=1&query=Rukito%20Grill%26Drink%20-%20Alborada&query_place_id=ChIJ29SWqfFtLZARa8WA4iIGzr0",
"090509 Guayaquil, Ecuador","Restaurante","Restaurante","13676875865269519723","Guayaquil","EC","0x902d6df1a996d4db:0xbdce0622e280c56b",,"https://lh3.googleusercontent.com/gps-cs-s/AHRPTWnKUT7j8DXMVSe53pzbJl3CFfNDuEm9zljfvSuYIKrPFcEqIJod38gRQWhMyZiIWqd0rOe8pKtahHG2fjWFOtAmkbY6jlw0_irNRCAImjYSuBg2dZVczJYo7ueHW7OnZODMTOn2IA=w408-h725-k-no","false","true","/g/11h766fq7s","es-419","0","-2.1367108","-79.9020534",,"Alborada Este","en","false","ChIJ29SWqfFtLZARa8WA4iIGzr0","090509","$10-20","Hace 10 meses","2025-10-04T21:03:21.932Z",,,,"No",,"Vas a tardar en estacionar",,,,"Estacionamiento gratuito en la calle",,,,,"3 o 4 personas","De 10 a 30 min","Comedor cubierto",,,"4","5","3","Ci9DQUlRQUNvZENodHljRjlvT210UFNtUjZPVXA0WVU5V2N6RjJWMmxpV21kNU9IYxAB",,,,,,,,,,,,,"Google",,,"26",,,"2716","2026-08-08T16:42:14.542Z","Direct Detail URL: https://www.google.com/maps/place/Rukito+Grill%26Drink+-+Alborada/@-2.1347917,-79.9223432,12.98z/data=!4m10!1m2!2m1!1srukito!3m6!1s0x902d6df1a996d4db:0xbdce0622e280c56b!8m2!3d-2.1367108!4d-79.9020534!15sCgZydWtpdG9aCCIGcnVraXRvkgEKcmVzdGF1cmFudOABAA!16s%2Fg%2F11h766fq7s?entry=ttu&g_ep=EgoyMDI2MDgwNS4xIKXMDSoASAFQAw%3D%3D","4",,,"false",,,"Rukito Grill&Drink - Alborada","4.5",,"https://www.google.com/maps/search/?api=1&query=Rukito%20Grill%26Drink%20-%20Alborada&query_place_id=ChIJ29SWqfFtLZARa8WA4iIGzr0",
"090509 Guayaquil, Ecuador","Restaurante","Restaurante","13676875865269519723","Guayaquil","EC","0x902d6df1a996d4db:0xbdce0622e280c56b",,"https://lh3.googleusercontent.com/gps-cs-s/AHRPTWnKUT7j8DXMVSe53pzbJl3CFfNDuEm9zljfvSuYIKrPFcEqIJod38gRQWhMyZiIWqd0rOe8pKtahHG2fjWFOtAmkbY6jlw0_irNRCAImjYSuBg2dZVczJYo7ueHW7OnZODMTOn2IA=w408-h725-k-no","false","false","/g/11h766fq7s","es-419","0","-2.1367108","-79.9020534",,"Alborada Este",,"false","ChIJ29SWqfFtLZARa8WA4iIGzr0","090509","$10-20","Hace 10 meses","2025-09-30T20:20:56.366Z",,,,,,,,"Ningún evento especial",,,,,"$5-10",,"Apto para grupos de todos los tamaños","De 30 a 60 min",,,,"5","5","5","Ci9DQUlRQUNvZENodHljRjlvT21KTmIxVk1UbDlyWWxVeFdERXpNR0pxWmtKTGFIYxAB",,,,,,,,,,,,,"Google",,,"0",,,"2716","2026-08-08T16:42:14.542Z","Direct Detail URL: https://www.google.com/maps/place/Rukito+Grill%26Drink+-+Alborada/@-2.1347917,-79.9223432,12.98z/data=!4m10!1m2!2m1!1srukito!3m6!1s0x902d6df1a996d4db:0xbdce0622e280c56b!8m2!3d-2.1367108!4d-79.9020534!15sCgZydWtpdG9aCCIGcnVraXRvkgEKcmVzdGF1cmFudOABAA!16s%2Fg%2F11h766fq7s?entry=ttu&g_ep=EgoyMDI2MDgwNS4xIKXMDSoASAFQAw%3D%3D","5",,,"false",,,"Rukito Grill&Drink - Alborada","4.5",,"https://www.google.com/maps/search/?api=1&query=Rukito%20Grill%26Drink%20-%20Alborada&query_place_id=ChIJ29SWqfFtLZARa8WA4iIGzr0",
"090509 Guayaquil, Ecuador","Restaurante","Restaurante","13676875865269519723","Guayaquil","EC","0x902d6df1a996d4db:0xbdce0622e280c56b",,"https://lh3.googleusercontent.com/gps-cs-s/AHRPTWnKUT7j8DXMVSe53pzbJl3CFfNDuEm9zljfvSuYIKrPFcEqIJod38gRQWhMyZiIWqd0rOe8pKtahHG2fjWFOtAmkbY6jlw0_irNRCAImjYSuBg2dZVczJYo7ueHW7OnZODMTOn2IA=w408-h725-k-no","false","false","/g/11h766fq7s","es-419","0","-2.1367108","-79.9020534",,"Alborada Este","es","false","ChIJ29SWqfFtLZARa8WA4iIGzr0","090509","$10-20","Hace 10 meses","2025-09-30T20:20:46.191Z",,,,,,,,,,,,,,,,,,,,,,,"Ci9DQUlRQUNvZENodHljRjlvT201SGNHRm1hM1J1TlVvMmVtOU9jRVI2YzJONlJrRRAB",,,,,,,,,,,,,"Google",,,"12",,,"2716","2026-08-08T16:42:14.542Z","Direct Detail URL: https://www.google.com/maps/place/Rukito+Grill%26Drink+-+Alborada/@-2.1347917,-79.9223432,12.98z/data=!4m10!1m2!2m1!1srukito!3m6!1s0x902d6df1a996d4db:0xbdce0622e280c56b!8m2!3d-2.1367108!4d-79.9020534!15sCgZydWtpdG9aCCIGcnVraXRvkgEKcmVzdGF1cmFudOABAA!16s%2Fg%2F11h766fq7s?entry=ttu&g_ep=EgoyMDI2MDgwNS4xIKXMDSoASAFQAw%3D%3D","1",,,"false","Pésimo servicio no saben tratar a los clientes las carnes estaban dañadas",,"Rukito Grill&Drink - Alborada","4.5",,"https://www.google.com/maps/search/?api=1&query=Rukito%20Grill%26Drink%20-%20Alborada&query_place_id=ChIJ29SWqfFtLZARa8WA4iIGzr0",
"090509 Guayaquil, Ecuador","Restaurante","Restaurante","13676875865269519723","Guayaquil","EC","0x902d6df1a996d4db:0xbdce0622e280c56b",,"https://lh3.googleusercontent.com/gps-cs-s/AHRPTWnKUT7j8DXMVSe53pzbJl3CFfNDuEm9zljfvSuYIKrPFcEqIJod38gRQWhMyZiIWqd0rOe8pKtahHG2fjWFOtAmkbY6jlw0_irNRCAImjYSuBg2dZVczJYo7ueHW7OnZODMTOn2IA=w408-h725-k-no","false","true","/g/11h766fq7s","es-419","0","-2.1367108","-79.9020534",,"Alborada Este","es","false","ChIJ29SWqfFtLZARa8WA4iIGzr0","090509","$10-20","Hace 10 meses","2025-09-30T15:22:47.759Z",,,,"Si hay accesibilidad","Si es adecuado para toda la familia","Es un poco difícil encontrar estacionamiento","Alborada","Ningún evento especial",,,,,"$10-15",,"Apto para grupos de todos los tamaños","De 10 a 30 min",,,,"5","5","5","Ci9DQUlRQUNvZENodHljRjlvT2xCUE9FOVNUV2cyUlZwcldYRnBWVlF6ZEcxUmFHYxAB","https://lh3.googleusercontent.com/grass-cs/ACvplmPCkp_UtJs5bwQnH28vtTuDXGsOE3MzTnJ0lbKjVFwqAFU-r5mrRswKWe6EPonWS4WOj_WiRIp2zIN2XAla4voz1F0VDvdGmlhPD5iDjgsRadRulQDtXSEA5EKEPJ4hvaqA7_RjeoJgJVM=k-no",,,,,,,,,,,,"Google",,,"7",,,"2716","2026-08-08T16:42:14.542Z","Direct Detail URL: https://www.google.com/maps/place/Rukito+Grill%26Drink+-+Alborada/@-2.1347917,-79.9223432,12.98z/data=!4m10!1m2!2m1!1srukito!3m6!1s0x902d6df1a996d4db:0xbdce0622e280c56b!8m2!3d-2.1367108!4d-79.9020534!15sCgZydWtpdG9aCCIGcnVraXRvkgEKcmVzdGF1cmFudOABAA!16s%2Fg%2F11h766fq7s?entry=ttu&g_ep=EgoyMDI2MDgwNS4xIKXMDSoASAFQAw%3D%3D","5",,,"false","Es muy buena l atención y la comida vale la pena hacer cola para entrar 😂",,"Rukito Grill&Drink - Alborada","4.5",,"https://www.google.com/maps/search/?api=1&query=Rukito%20Grill%26Drink%20-%20Alborada&query_place_id=ChIJ29SWqfFtLZARa8WA4iIGzr0",
"090509 Guayaquil, Ecuador","Restaurante","Restaurante","13676875865269519723","Guayaquil","EC","0x902d6df1a996d4db:0xbdce0622e280c56b",,"https://lh3.googleusercontent.com/gps-cs-s/AHRPTWnKUT7j8DXMVSe53pzbJl3CFfNDuEm9zljfvSuYIKrPFcEqIJod38gRQWhMyZiIWqd0rOe8pKtahHG2fjWFOtAmkbY6jlw0_irNRCAImjYSuBg2dZVczJYo7ueHW7OnZODMTOn2IA=w408-h725-k-no","false","true","/g/11h766fq7s","es-419","0","-2.1367108","-79.9020534",,"Alborada Este","es","false","ChIJ29SWqfFtLZARa8WA4iIGzr0","090509","$10-20","Editado Hace 10 meses","2025-09-30T10:36:01.297Z",,,,,,,,,,,,,"$10-15",,,,,,,"5","5","5","Ci9DQUlRQUNvZENodHljRjlvT2xKWU1YZEdTVkpSZFdONVRsbEJiR2RXUmpVMFZrRRAB",,,,,,,,,,,,,"Google",,,"32",,,"2716","2026-08-08T16:42:14.542Z","Direct Detail URL: https://www.google.com/maps/place/Rukito+Grill%26Drink+-+Alborada/@-2.1347917,-79.9223432,12.98z/data=!4m10!1m2!2m1!1srukito!3m6!1s0x902d6df1a996d4db:0xbdce0622e280c56b!8m2!3d-2.1367108!4d-79.9020534!15sCgZydWtpdG9aCCIGcnVraXRvkgEKcmVzdGF1cmFudOABAA!16s%2Fg%2F11h766fq7s?entry=ttu&g_ep=EgoyMDI2MDgwNS4xIKXMDSoASAFQAw%3D%3D","5",,,"false","Muy buena la comida",,"Rukito Grill&Drink - Alborada","4.5",,"https://www.google.com/maps/search/?api=1&query=Rukito%20Grill%26Drink%20-%20Alborada&query_place_id=ChIJ29SWqfFtLZARa8WA4iIGzr0",
"090509 Guayaquil, Ecuador","Restaurante","Restaurante","13676875865269519723","Guayaquil","EC","0x902d6df1a996d4db:0xbdce0622e280c56b",,"https://lh3.googleusercontent.com/gps-cs-s/AHRPTWnKUT7j8DXMVSe53pzbJl3CFfNDuEm9zljfvSuYIKrPFcEqIJod38gRQWhMyZiIWqd0rOe8pKtahHG2fjWFOtAmkbY6jlw0_irNRCAImjYSuBg2dZVczJYo7ueHW7OnZODMTOn2IA=w408-h725-k-no","false","false","/g/11h766fq7s","es-419","0","-2.1367108","-79.9020534",,"Alborada Este",,"false","ChIJ29SWqfFtLZARa8WA4iIGzr0","090509","$10-20","Hace 10 meses","2025-09-30T04:24:30.560Z",,,,,,,,,,,,,"$20-25",,,,,,,"5","5","5","Ci9DQUlRQUNvZENodHljRjlvT2t4d1dGTXpjemxFTUZaNmJ6WlFXRE00VURkb1MyYxAB",,,,,,,,,,,,,"Google",,,"0",,,"2716","2026-08-08T16:42:14.542Z","Direct Detail URL: https://www.google.com/maps/place/Rukito+Grill%26Drink+-+Alborada/@-2.1347917,-79.9223432,12.98z/data=!4m10!1m2!2m1!1srukito!3m6!1s0x902d6df1a996d4db:0xbdce0622e280c56b!8m2!3d-2.1367108!4d-79.9020534!15sCgZydWtpdG9aCCIGcnVraXRvkgEKcmVzdGF1cmFudOABAA!16s%2Fg%2F11h766fq7s?entry=ttu&g_ep=EgoyMDI2MDgwNS4xIKXMDSoASAFQAw%3D%3D","5",,,"false",,,"Rukito Grill&Drink - Alborada","4.5",,"https://www.google.com/maps/search/?api=1&query=Rukito%20Grill%26Drink%20-%20Alborada&query_place_id=ChIJ29SWqfFtLZARa8WA4iIGzr0",
"090509 Guayaquil, Ecuador","Restaurante","Restaurante","13676875865269519723","Guayaquil","EC","0x902d6df1a996d4db:0xbdce0622e280c56b",,"https://lh3.googleusercontent.com/gps-cs-s/AHRPTWnKUT7j8DXMVSe53pzbJl3CFfNDuEm9zljfvSuYIKrPFcEqIJod38gRQWhMyZiIWqd0rOe8pKtahHG2fjWFOtAmkbY6jlw0_irNRCAImjYSuBg2dZVczJYo7ueHW7OnZODMTOn2IA=w408-h725-k-no","false","false","/g/11h766fq7s","es-419","0","-2.1367108","-79.9020534",,"Alborada Este",,"false","ChIJ29SWqfFtLZARa8WA4iIGzr0","090509","$10-20","Hace 10 meses","2025-09-30T01:14:36.887Z",,,,,,,,,,,,,"$15-20",,,,,,,"3","4","5","Ci9DQUlRQUNvZENodHljRjlvT205bVVVVlZaR1puVjJ4UU9USnJhM1JzWlcxZk0yYxAB",,,,,,,,,,,,,"Google",,,"0",,,"2716","2026-08-08T16:42:14.542Z","Direct Detail URL: https://www.google.com/maps/place/Rukito+Grill%26Drink+-+Alborada/@-2.1347917,-79.9223432,12.98z/data=!4m10!1m2!2m1!1srukito!3m6!1s0x902d6df1a996d4db:0xbdce0622e280c56b!8m2!3d-2.1367108!4d-79.9020534!15sCgZydWtpdG9aCCIGcnVraXRvkgEKcmVzdGF1cmFudOABAA!16s%2Fg%2F11h766fq7s?entry=ttu&g_ep=EgoyMDI2MDgwNS4xIKXMDSoASAFQAw%3D%3D","5",,,"false",,,"Rukito Grill&Drink - Alborada","4.5",,"https://www.google.com/maps/search/?api=1&query=Rukito%20Grill%26Drink%20-%20Alborada&query_place_id=ChIJ29SWqfFtLZARa8WA4iIGzr0",
"090509 Guayaquil, Ecuador","Restaurante","Restaurante","13676875865269519723","Guayaquil","EC","0x902d6df1a996d4db:0xbdce0622e280c56b",,"https://lh3.googleusercontent.com/gps-cs-s/AHRPTWnKUT7j8DXMVSe53pzbJl3CFfNDuEm9zljfvSuYIKrPFcEqIJod38gRQWhMyZiIWqd0rOe8pKtahHG2fjWFOtAmkbY6jlw0_irNRCAImjYSuBg2dZVczJYo7ueHW7OnZODMTOn2IA=w408-h725-k-no","false","false","/g/11h766fq7s","es-419","0","-2.1367108","-79.9020534",,"Alborada Este",,"false","ChIJ29SWqfFtLZARa8WA4iIGzr0","090509","$10-20","Hace 10 meses","2025-09-29T18:22:26.794Z",,,,,,,,,,,,,,,,,,,,"5","5","5","Ci9DQUlRQUNvZENodHljRjlvT25GSlgxTnNTMFZ0UzFka1kzcHNVVlp6UzBwamVGRRAB",,,,,,,,,,,,,"Google",,,"0",,,"2716","2026-08-08T16:42:14.542Z","Direct Detail URL: https://www.google.com/maps/place/Rukito+Grill%26Drink+-+Alborada/@-2.1347917,-79.9223432,12.98z/data=!4m10!1m2!2m1!1srukito!3m6!1s0x902d6df1a996d4db:0xbdce0622e280c56b!8m2!3d-2.1367108!4d-79.9020534!15sCgZydWtpdG9aCCIGcnVraXRvkgEKcmVzdGF1cmFudOABAA!16s%2Fg%2F11h766fq7s?entry=ttu&g_ep=EgoyMDI2MDgwNS4xIKXMDSoASAFQAw%3D%3D","5",,,"false",,,"Rukito Grill&Drink - Alborada","4.5",,"https://www.google.com/maps/search/?api=1&query=Rukito%20Grill%26Drink%20-%20Alborada&query_place_id=ChIJ29SWqfFtLZARa8WA4iIGzr0",
"090509 Guayaquil, Ecuador","Restaurante","Restaurante","13676875865269519723","Guayaquil","EC","0x902d6df1a996d4db:0xbdce0622e280c56b",,"https://lh3.googleusercontent.com/gps-cs-s/AHRPTWnKUT7j8DXMVSe53pzbJl3CFfNDuEm9zljfvSuYIKrPFcEqIJod38gRQWhMyZiIWqd0rOe8pKtahHG2fjWFOtAmkbY6jlw0_irNRCAImjYSuBg2dZVczJYo7ueHW7OnZODMTOn2IA=w408-h725-k-no","false","false","/g/11h766fq7s","es-419","0","-2.1367108","-79.9020534",,"Alborada Este",,"false","ChIJ29SWqfFtLZARa8WA4iIGzr0","090509","$10-20","Hace 10 meses","2025-09-29T03:15:33.685Z",,,,,,,,,"Ruido moderado",,,,"$15-20",,"3 o 4 personas","Hasta 10 min",,,,"5","5","5","Ci9DQUlRQUNvZENodHljRjlvT21SbmFVOWxaVUZMTkU4MlUzZzRUa293UXpRMVFuYxAB",,,,,,,,,,,,,"Google",,,"0",,,"2716","2026-08-08T16:42:14.542Z","Direct Detail URL: https://www.google.com/maps/place/Rukito+Grill%26Drink+-+Alborada/@-2.1347917,-79.9223432,12.98z/data=!4m10!1m2!2m1!1srukito!3m6!1s0x902d6df1a996d4db:0xbdce0622e280c56b!8m2!3d-2.1367108!4d-79.9020534!15sCgZydWtpdG9aCCIGcnVraXRvkgEKcmVzdGF1cmFudOABAA!16s%2Fg%2F11h766fq7s?entry=ttu&g_ep=EgoyMDI2MDgwNS4xIKXMDSoASAFQAw%3D%3D","5",,,"false",,,"Rukito Grill&Drink - Alborada","4.5",,"https://www.google.com/maps/search/?api=1&query=Rukito%20Grill%26Drink%20-%20Alborada&query_place_id=ChIJ29SWqfFtLZARa8WA4iIGzr0",
"090509 Guayaquil, Ecuador","Restaurante","Restaurante","13676875865269519723","Guayaquil","EC","0x902d6df1a996d4db:0xbdce0622e280c56b",,"https://lh3.googleusercontent.com/gps-cs-s/AHRPTWnKUT7j8DXMVSe53pzbJl3CFfNDuEm9zljfvSuYIKrPFcEqIJod38gRQWhMyZiIWqd0rOe8pKtahHG2fjWFOtAmkbY6jlw0_irNRCAImjYSuBg2dZVczJYo7ueHW7OnZODMTOn2IA=w408-h725-k-no","false","true","/g/11h766fq7s","es-419","0","-2.1367108","-79.9020534",,"Alborada Este",,"false","ChIJ29SWqfFtLZARa8WA4iIGzr0","090509","$10-20","Hace 10 meses","2025-09-28T17:55:04.927Z",,,,,,,,,,,,,"Más de $50","Se recomienda hacer una reserva","1 persona, 2 personas",,,,,"1","4","1","Ci9DQUlRQUNvZENodHljRjlvT25SWldUSktjMFI0UVVveFoxaFVWRkZUVkdkMFltYxAB",,,,,,,,,,,,,"Google",,,"38",,,"2716","2026-08-08T16:42:14.542Z","Direct Detail URL: https://www.google.com/maps/place/Rukito+Grill%26Drink+-+Alborada/@-2.1347917,-79.9223432,12.98z/data=!4m10!1m2!2m1!1srukito!3m6!1s0x902d6df1a996d4db:0xbdce0622e280c56b!8m2!3d-2.1367108!4d-79.9020534!15sCgZydWtpdG9aCCIGcnVraXRvkgEKcmVzdGF1cmFudOABAA!16s%2Fg%2F11h766fq7s?entry=ttu&g_ep=EgoyMDI2MDgwNS4xIKXMDSoASAFQAw%3D%3D","1",,,"false",,,"Rukito Grill&Drink - Alborada","4.5",,"https://www.google.com/maps/search/?api=1&query=Rukito%20Grill%26Drink%20-%20Alborada&query_place_id=ChIJ29SWqfFtLZARa8WA4iIGzr0",
"090509 Guayaquil, Ecuador","Restaurante","Restaurante","13676875865269519723","Guayaquil","EC","0x902d6df1a996d4db:0xbdce0622e280c56b",,"https://lh3.googleusercontent.com/gps-cs-s/AHRPTWnKUT7j8DXMVSe53pzbJl3CFfNDuEm9zljfvSuYIKrPFcEqIJod38gRQWhMyZiIWqd0rOe8pKtahHG2fjWFOtAmkbY6jlw0_irNRCAImjYSuBg2dZVczJYo7ueHW7OnZODMTOn2IA=w408-h725-k-no","false","true","/g/11h766fq7s","es-419","0","-2.1367108","-79.9020534",,"Alborada Este","es","false","ChIJ29SWqfFtLZARa8WA4iIGzr0","090509","$10-20","Hace 10 meses","2025-09-25T02:05:20.191Z",,,,,,"Hay suficiente espacio",,,,"Estacionamiento gratuito",,,"$5-10",,"Apto para grupos de todos los tamaños","Hasta 10 min",,"Almuerzo",,"5","5","5","Ci9DQUlRQUNvZENodHljRjlvT2tWQlYzaFlkR2xoWW0xUmRYRkVkMHgyUkhKb1NVRRAB","https://lh3.googleusercontent.com/grass-cs/ACvplmN-VsBTvYrtE7Myyjm1Zs0mpZvQV263bconY-0RGrywtHKmFZs5GPVz6gdX5OHp_7yD0aDjSOnJ2DFV2lmHkmivZjrMKo6XYmmPlAo4oeuVkfDn6tZ_83FfhIokkrvD166YeGsePGzMOV63=k-no","https://lh3.googleusercontent.com/grass-cs/ACvplmPqA9d_jBQ4mhVO8yX77DSKCeAuNH77jMAhYE_T8S30bU_Qxbe1naRdseqh5r21m-QvFn9YPKXnmC5EpTQb4la_OEHqRWzoEBVWx9cS_sXO2w--mu6j_xfeBoOmc79Ig7yeXfPS_wQAuoVQ=k-no","https://lh3.googleusercontent.com/grass-cs/ACvplmN8F6uwh2NAfU92Ao_UdXtoUfy7SdclKxGxuupMy3SgIpLqSB7hpYtXnbjtUbwWH1U-yo4RGWrsu-5qafT6T5_ZyVORnncvFlkqkcxBrTtO8sRXo9jtmarCSgVAyt9youOsWwnBSkP0Phsr=k-no","https://lh3.googleusercontent.com/grass-cs/ACvplmNdjXjR5ppa5I68GBcjHGxozxVfGZfi7uWDVGOSlViE6Il0Br9rAE6MqXwwUm8PL1w7QLzEM-NFC_JfoA8dS5U0TpiFzyWFc-bKmyBuiRSmUbCwIFgU9U3jgMp8iVnWeoioWZWknFjER4Gc=k-no",,,,,,,,,"Google",,,"48",,,"2716","2026-08-08T16:42:14.542Z","Direct Detail URL: https://www.google.com/maps/place/Rukito+Grill%26Drink+-+Alborada/@-2.1347917,-79.9223432,12.98z/data=!4m10!1m2!2m1!1srukito!3m6!1s0x902d6df1a996d4db:0xbdce0622e280c56b!8m2!3d-2.1367108!4d-79.9020534!15sCgZydWtpdG9aCCIGcnVraXRvkgEKcmVzdGF1cmFudOABAA!16s%2Fg%2F11h766fq7s?entry=ttu&g_ep=EgoyMDI2MDgwNS4xIKXMDSoASAFQAw%3D%3D","5",,,"false","Excelente servicio
10/10",,"Rukito Grill&Drink - Alborada","4.5",,"https://www.google.com/maps/search/?api=1&query=Rukito%20Grill%26Drink%20-%20Alborada&query_place_id=ChIJ29SWqfFtLZARa8WA4iIGzr0",
"090509 Guayaquil, Ecuador","Restaurante","Restaurante","13676875865269519723","Guayaquil","EC","0x902d6df1a996d4db:0xbdce0622e280c56b",,"https://lh3.googleusercontent.com/gps-cs-s/AHRPTWnKUT7j8DXMVSe53pzbJl3CFfNDuEm9zljfvSuYIKrPFcEqIJod38gRQWhMyZiIWqd0rOe8pKtahHG2fjWFOtAmkbY6jlw0_irNRCAImjYSuBg2dZVczJYo7ueHW7OnZODMTOn2IA=w408-h725-k-no","false","false","/g/11h766fq7s","es-419","0","-2.1367108","-79.9020534",,"Alborada Este",,"false","ChIJ29SWqfFtLZARa8WA4iIGzr0","090509","$10-20","Hace 10 meses","2025-09-24T14:59:53.815Z",,,,,,,,,,,,,,,,,,,,"5","5","5","Ci9DQUlRQUNvZENodHljRjlvT2tSdVdFazFWSEI0Y2xZdFZpMXRSaTA0WjBONlJXYxAB",,,,,,,,,,,,,"Google",,,"3",,,"2716","2026-08-08T16:42:14.542Z","Direct Detail URL: https://www.google.com/maps/place/Rukito+Grill%26Drink+-+Alborada/@-2.1347917,-79.9223432,12.98z/data=!4m10!1m2!2m1!1srukito!3m6!1s0x902d6df1a996d4db:0xbdce0622e280c56b!8m2!3d-2.1367108!4d-79.9020534!15sCgZydWtpdG9aCCIGcnVraXRvkgEKcmVzdGF1cmFudOABAA!16s%2Fg%2F11h766fq7s?entry=ttu&g_ep=EgoyMDI2MDgwNS4xIKXMDSoASAFQAw%3D%3D","5",,,"false",,,"Rukito Grill&Drink - Alborada","4.5",,"https://www.google.com/maps/search/?api=1&query=Rukito%20Grill%26Drink%20-%20Alborada&query_place_id=ChIJ29SWqfFtLZARa8WA4iIGzr0",
"090509 Guayaquil, Ecuador","Restaurante","Restaurante","13676875865269519723","Guayaquil","EC","0x902d6df1a996d4db:0xbdce0622e280c56b",,"https://lh3.googleusercontent.com/gps-cs-s/AHRPTWnKUT7j8DXMVSe53pzbJl3CFfNDuEm9zljfvSuYIKrPFcEqIJod38gRQWhMyZiIWqd0rOe8pKtahHG2fjWFOtAmkbY6jlw0_irNRCAImjYSuBg2dZVczJYo7ueHW7OnZODMTOn2IA=w408-h725-k-no","false","false","/g/11h766fq7s","es-419","0","-2.1367108","-79.9020534",,"Alborada Este",,"false","ChIJ29SWqfFtLZARa8WA4iIGzr0","090509","$10-20","Hace 10 meses","2025-09-21T18:49:11.458Z",,,,,,,,,,,,,,,,,,,,"5","5","5","Ci9DQUlRQUNvZENodHljRjlvT25aUlNuWldTbGR4YVZwZmNqUktOazlmVkhwMGRIYxAB",,,,,,,,,,,,,"Google",,,"2",,,"2716","2026-08-08T16:42:14.542Z","Direct Detail URL: https://www.google.com/maps/place/Rukito+Grill%26Drink+-+Alborada/@-2.1347917,-79.9223432,12.98z/data=!4m10!1m2!2m1!1srukito!3m6!1s0x902d6df1a996d4db:0xbdce0622e280c56b!8m2!3d-2.1367108!4d-79.9020534!15sCgZydWtpdG9aCCIGcnVraXRvkgEKcmVzdGF1cmFudOABAA!16s%2Fg%2F11h766fq7s?entry=ttu&g_ep=EgoyMDI2MDgwNS4xIKXMDSoASAFQAw%3D%3D","5",,,"false",,,"Rukito Grill&Drink - Alborada","4.5",,"https://www.google.com/maps/search/?api=1&query=Rukito%20Grill%26Drink%20-%20Alborada&query_place_id=ChIJ29SWqfFtLZARa8WA4iIGzr0",
"090509 Guayaquil, Ecuador","Restaurante","Restaurante","13676875865269519723","Guayaquil","EC","0x902d6df1a996d4db:0xbdce0622e280c56b",,"https://lh3.googleusercontent.com/gps-cs-s/AHRPTWnKUT7j8DXMVSe53pzbJl3CFfNDuEm9zljfvSuYIKrPFcEqIJod38gRQWhMyZiIWqd0rOe8pKtahHG2fjWFOtAmkbY6jlw0_irNRCAImjYSuBg2dZVczJYo7ueHW7OnZODMTOn2IA=w408-h725-k-no","false","true","/g/11h766fq7s","es-419","0","-2.1367108","-79.9020534",,"Alborada Este",,"false","ChIJ29SWqfFtLZARa8WA4iIGzr0","090509","$10-20","Hace 10 meses","2025-09-16T18:00:05.233Z",,,,,,,,,,,,,"$5-10",,,,,,,,,,"Ci9DQUlRQUNvZENodHljRjlvT2xwNmFWTTRTRUkzWVVsNFFrbDJaMkppV1VkNFZsRRAB",,,,,,,,,,,,,"Google",,,"59",,,"2716","2026-08-08T16:42:14.542Z","Direct Detail URL: https://www.google.com/maps/place/Rukito+Grill%26Drink+-+Alborada/@-2.1347917,-79.9223432,12.98z/data=!4m10!1m2!2m1!1srukito!3m6!1s0x902d6df1a996d4db:0xbdce0622e280c56b!8m2!3d-2.1367108!4d-79.9020534!15sCgZydWtpdG9aCCIGcnVraXRvkgEKcmVzdGF1cmFudOABAA!16s%2Fg%2F11h766fq7s?entry=ttu&g_ep=EgoyMDI2MDgwNS4xIKXMDSoASAFQAw%3D%3D","5",,,"false",,,"Rukito Grill&Drink - Alborada","4.5",,"https://www.google.com/maps/search/?api=1&query=Rukito%20Grill%26Drink%20-%20Alborada&query_place_id=ChIJ29SWqfFtLZARa8WA4iIGzr0",
"090509 Guayaquil, Ecuador","Restaurante","Restaurante","13676875865269519723","Guayaquil","EC","0x902d6df1a996d4db:0xbdce0622e280c56b",,"https://lh3.googleusercontent.com/gps-cs-s/AHRPTWnKUT7j8DXMVSe53pzbJl3CFfNDuEm9zljfvSuYIKrPFcEqIJod38gRQWhMyZiIWqd0rOe8pKtahHG2fjWFOtAmkbY6jlw0_irNRCAImjYSuBg2dZVczJYo7ueHW7OnZODMTOn2IA=w408-h725-k-no","false","true","/g/11h766fq7s","es-419","0","-2.1367108","-79.9020534",,"Alborada Este",,"false","ChIJ29SWqfFtLZARa8WA4iIGzr0","090509","$10-20","Hace 10 meses","2025-09-16T13:11:24.739Z",,,,,,,,,,,,,,,,,,,,,,,"Ci9DQUlRQUNvZENodHljRjlvT2xSbWNEaEtZMGxLVVd4dU1IUjBkMHBQUlRZM04yYxAB",,,,,,,,,,,,,"Google",,,"2",,,"2716","2026-08-08T16:42:14.542Z","Direct Detail URL: https://www.google.com/maps/place/Rukito+Grill%26Drink+-+Alborada/@-2.1347917,-79.9223432,12.98z/data=!4m10!1m2!2m1!1srukito!3m6!1s0x902d6df1a996d4db:0xbdce0622e280c56b!8m2!3d-2.1367108!4d-79.9020534!15sCgZydWtpdG9aCCIGcnVraXRvkgEKcmVzdGF1cmFudOABAA!16s%2Fg%2F11h766fq7s?entry=ttu&g_ep=EgoyMDI2MDgwNS4xIKXMDSoASAFQAw%3D%3D","5",,,"false",,,"Rukito Grill&Drink - Alborada","4.5",,"https://www.google.com/maps/search/?api=1&query=Rukito%20Grill%26Drink%20-%20Alborada&query_place_id=ChIJ29SWqfFtLZARa8WA4iIGzr0",
"090509 Guayaquil, Ecuador","Restaurante","Restaurante","13676875865269519723","Guayaquil","EC","0x902d6df1a996d4db:0xbdce0622e280c56b",,"https://lh3.googleusercontent.com/gps-cs-s/AHRPTWnKUT7j8DXMVSe53pzbJl3CFfNDuEm9zljfvSuYIKrPFcEqIJod38gRQWhMyZiIWqd0rOe8pKtahHG2fjWFOtAmkbY6jlw0_irNRCAImjYSuBg2dZVczJYo7ueHW7OnZODMTOn2IA=w408-h725-k-no","false","true","/g/11h766fq7s","es-419","0","-2.1367108","-79.9020534",,"Alborada Este",,"false","ChIJ29SWqfFtLZARa8WA4iIGzr0","090509","$10-20","Hace 10 meses","2025-09-14T04:08:20.131Z",,,,,,,,,,,,,"$10-15",,,,,,,"5","5","5","Ci9DQUlRQUNvZENodHljRjlvT25oSGMyOXVMWFJNZDFWMFZuTTBWak5GVDNaWU9FRRAB",,,,,,,,,,,,,"Google",,,"11",,,"2716","2026-08-08T16:42:14.542Z","Direct Detail URL: https://www.google.com/maps/place/Rukito+Grill%26Drink+-+Alborada/@-2.1347917,-79.9223432,12.98z/data=!4m10!1m2!2m1!1srukito!3m6!1s0x902d6df1a996d4db:0xbdce0622e280c56b!8m2!3d-2.1367108!4d-79.9020534!15sCgZydWtpdG9aCCIGcnVraXRvkgEKcmVzdGF1cmFudOABAA!16s%2Fg%2F11h766fq7s?entry=ttu&g_ep=EgoyMDI2MDgwNS4xIKXMDSoASAFQAw%3D%3D","5",,,"false",,,"Rukito Grill&Drink - Alborada","4.5",,"https://www.google.com/maps/search/?api=1&query=Rukito%20Grill%26Drink%20-%20Alborada&query_place_id=ChIJ29SWqfFtLZARa8WA4iIGzr0",
"090509 Guayaquil, Ecuador","Restaurante","Restaurante","13676875865269519723","Guayaquil","EC","0x902d6df1a996d4db:0xbdce0622e280c56b",,"https://lh3.googleusercontent.com/gps-cs-s/AHRPTWnKUT7j8DXMVSe53pzbJl3CFfNDuEm9zljfvSuYIKrPFcEqIJod38gRQWhMyZiIWqd0rOe8pKtahHG2fjWFOtAmkbY6jlw0_irNRCAImjYSuBg2dZVczJYo7ueHW7OnZODMTOn2IA=w408-h725-k-no","false","true","/g/11h766fq7s","es-419","0","-2.1367108","-79.9020534",,"Alborada Este","es","false","ChIJ29SWqfFtLZARa8WA4iIGzr0","090509","$10-20","Hace 10 meses","2025-09-11T14:28:42.450Z",,,,,"Si aceptan niños","Es un poco difícil encontrar estacionamiento",,,,"Estacionamiento gratuito en la calle",,,"$5-10",,"Apto para grupos de todos los tamaños","De 10 a 30 min","Comedor cubierto",,,"5","5","5","Ci9DQUlRQUNvZENodHljRjlvT25KcWJGOURieloxYVRSQlpYTXdUMkV6WWs1emNHYxAB",,,,,,,,,,,,,"Google",,,"69",,,"2716","2026-08-08T16:42:14.542Z","Direct Detail URL: https://www.google.com/maps/place/Rukito+Grill%26Drink+-+Alborada/@-2.1347917,-79.9223432,12.98z/data=!4m10!1m2!2m1!1srukito!3m6!1s0x902d6df1a996d4db:0xbdce0622e280c56b!8m2!3d-2.1367108!4d-79.9020534!15sCgZydWtpdG9aCCIGcnVraXRvkgEKcmVzdGF1cmFudOABAA!16s%2Fg%2F11h766fq7s?entry=ttu&g_ep=EgoyMDI2MDgwNS4xIKXMDSoASAFQAw%3D%3D","5",,,"false","Todo es bueno pero hay que ser paciente, los dias de promoción hay fila en especial los lunes.",,"Rukito Grill&Drink - Alborada","4.5",,"https://www.google.com/maps/search/?api=1&query=Rukito%20Grill%26Drink%20-%20Alborada&query_place_id=ChIJ29SWqfFtLZARa8WA4iIGzr0",
"090509 Guayaquil, Ecuador","Restaurante","Restaurante","13676875865269519723","Guayaquil","EC","0x902d6df1a996d4db:0xbdce0622e280c56b",,"https://lh3.googleusercontent.com/gps-cs-s/AHRPTWnKUT7j8DXMVSe53pzbJl3CFfNDuEm9zljfvSuYIKrPFcEqIJod38gRQWhMyZiIWqd0rOe8pKtahHG2fjWFOtAmkbY6jlw0_irNRCAImjYSuBg2dZVczJYo7ueHW7OnZODMTOn2IA=w408-h725-k-no","false","true","/g/11h766fq7s","es-419","0","-2.1367108","-79.9020534",,"Alborada Este",,"false","ChIJ29SWqfFtLZARa8WA4iIGzr0","090509","$10-20","Editado Hace 11 meses","2025-09-08T00:21:53.981Z",,,,,,,,,,,,,,,,,,,,"5","5","5","Ci9DQUlRQUNvZENodHljRjlvT25sd0xUVlBWRUY0ZVZwNFprOXdhRGxqWkhSeFdHYxAB",,,,,,,,,,,,,"Google",,,"21",,,"2716","2026-08-08T16:42:14.542Z","Direct Detail URL: https://www.google.com/maps/place/Rukito+Grill%26Drink+-+Alborada/@-2.1347917,-79.9223432,12.98z/data=!4m10!1m2!2m1!1srukito!3m6!1s0x902d6df1a996d4db:0xbdce0622e280c56b!8m2!3d-2.1367108!4d-79.9020534!15sCgZydWtpdG9aCCIGcnVraXRvkgEKcmVzdGF1cmFudOABAA!16s%2Fg%2F11h766fq7s?entry=ttu&g_ep=EgoyMDI2MDgwNS4xIKXMDSoASAFQAw%3D%3D","5",,,"false",,,"Rukito Grill&Drink - Alborada","4.5",,"https://www.google.com/maps/search/?api=1&query=Rukito%20Grill%26Drink%20-%20Alborada&query_place_id=ChIJ29SWqfFtLZARa8WA4iIGzr0",
"090509 Guayaquil, Ecuador","Restaurante","Restaurante","13676875865269519723","Guayaquil","EC","0x902d6df1a996d4db:0xbdce0622e280c56b",,"https://lh3.googleusercontent.com/gps-cs-s/AHRPTWnKUT7j8DXMVSe53pzbJl3CFfNDuEm9zljfvSuYIKrPFcEqIJod38gRQWhMyZiIWqd0rOe8pKtahHG2fjWFOtAmkbY6jlw0_irNRCAImjYSuBg2dZVczJYo7ueHW7OnZODMTOn2IA=w408-h725-k-no","false","false","/g/11h766fq7s","es-419","0","-2.1367108","-79.9020534",,"Alborada Este",,"false","ChIJ29SWqfFtLZARa8WA4iIGzr0","090509","$10-20","Hace 11 meses","2025-09-07T19:58:26.467Z",,,,,,,,,,,,,"$15-20",,"3 o 4 personas","Sin espera",,"Almuerzo",,"4","5","4","Ci9DQUlRQUNvZENodHljRjlvT2xadU4wWlpjakIzTkhnMVdHcGZNbGc1TjJadGFGRRAB",,,,,,,,,,,,,"Google",,,"0",,,"2716","2026-08-08T16:42:14.542Z","Direct Detail URL: https://www.google.com/maps/place/Rukito+Grill%26Drink+-+Alborada/@-2.1347917,-79.9223432,12.98z/data=!4m10!1m2!2m1!1srukito!3m6!1s0x902d6df1a996d4db:0xbdce0622e280c56b!8m2!3d-2.1367108!4d-79.9020534!15sCgZydWtpdG9aCCIGcnVraXRvkgEKcmVzdGF1cmFudOABAA!16s%2Fg%2F11h766fq7s?entry=ttu&g_ep=EgoyMDI2MDgwNS4xIKXMDSoASAFQAw%3D%3D","4",,,"false",,,"Rukito Grill&Drink - Alborada","4.5",,"https://www.google.com/maps/search/?api=1&query=Rukito%20Grill%26Drink%20-%20Alborada&query_place_id=ChIJ29SWqfFtLZARa8WA4iIGzr0",
"090509 Guayaquil, Ecuador","Restaurante","Restaurante","13676875865269519723","Guayaquil","EC","0x902d6df1a996d4db:0xbdce0622e280c56b",,"https://lh3.googleusercontent.com/gps-cs-s/AHRPTWnKUT7j8DXMVSe53pzbJl3CFfNDuEm9zljfvSuYIKrPFcEqIJod38gRQWhMyZiIWqd0rOe8pKtahHG2fjWFOtAmkbY6jlw0_irNRCAImjYSuBg2dZVczJYo7ueHW7OnZODMTOn2IA=w408-h725-k-no","false","true","/g/11h766fq7s","es-419","0","-2.1367108","-79.9020534",,"Alborada Este",,"false","ChIJ29SWqfFtLZARa8WA4iIGzr0","090509","$10-20","Hace 11 meses","2025-09-06T05:38:04.066Z",,,,,,,,,,,,,,,,,,,,,,,"Ci9DQUlRQUNvZENodHljRjlvT2s1dGQyODJieko1WTFkS1JqUlRYMVZ1YjBsR1ptYxAB",,,,,,,,,,,,,"Google",,,"0",,,"2716","2026-08-08T16:42:14.542Z","Direct Detail URL: https://www.google.com/maps/place/Rukito+Grill%26Drink+-+Alborada/@-2.1347917,-79.9223432,12.98z/data=!4m10!1m2!2m1!1srukito!3m6!1s0x902d6df1a996d4db:0xbdce0622e280c56b!8m2!3d-2.1367108!4d-79.9020534!15sCgZydWtpdG9aCCIGcnVraXRvkgEKcmVzdGF1cmFudOABAA!16s%2Fg%2F11h766fq7s?entry=ttu&g_ep=EgoyMDI2MDgwNS4xIKXMDSoASAFQAw%3D%3D","4",,,"false",,,"Rukito Grill&Drink - Alborada","4.5",,"https://www.google.com/maps/search/?api=1&query=Rukito%20Grill%26Drink%20-%20Alborada&query_place_id=ChIJ29SWqfFtLZARa8WA4iIGzr0",
"090509 Guayaquil, Ecuador","Restaurante","Restaurante","13676875865269519723","Guayaquil","EC","0x902d6df1a996d4db:0xbdce0622e280c56b",,"https://lh3.googleusercontent.com/gps-cs-s/AHRPTWnKUT7j8DXMVSe53pzbJl3CFfNDuEm9zljfvSuYIKrPFcEqIJod38gRQWhMyZiIWqd0rOe8pKtahHG2fjWFOtAmkbY6jlw0_irNRCAImjYSuBg2dZVczJYo7ueHW7OnZODMTOn2IA=w408-h725-k-no","false","false","/g/11h766fq7s","es-419","0","-2.1367108","-79.9020534",,"Alborada Este",,"false","ChIJ29SWqfFtLZARa8WA4iIGzr0","090509","$10-20","Hace 11 meses","2025-09-04T18:03:45.603Z",,,,,,,,,,,,,,,,,,,,"4","5","5","Ci9DQUlRQUNvZENodHljRjlvT25kbWFrTm5TV1pPV0d4SVVGWlpWamd4Wm1OaVoyYxAB",,,,,,,,,,,,,"Google",,,"10",,,"2716","2026-08-08T16:42:14.542Z","Direct Detail URL: https://www.google.com/maps/place/Rukito+Grill%26Drink+-+Alborada/@-2.1347917,-79.9223432,12.98z/data=!4m10!1m2!2m1!1srukito!3m6!1s0x902d6df1a996d4db:0xbdce0622e280c56b!8m2!3d-2.1367108!4d-79.9020534!15sCgZydWtpdG9aCCIGcnVraXRvkgEKcmVzdGF1cmFudOABAA!16s%2Fg%2F11h766fq7s?entry=ttu&g_ep=EgoyMDI2MDgwNS4xIKXMDSoASAFQAw%3D%3D","5",,,"false",,,"Rukito Grill&Drink - Alborada","4.5",,"https://www.google.com/maps/search/?api=1&query=Rukito%20Grill%26Drink%20-%20Alborada&query_place_id=ChIJ29SWqfFtLZARa8WA4iIGzr0",
"090509 Guayaquil, Ecuador","Restaurante","Restaurante","13676875865269519723","Guayaquil","EC","0x902d6df1a996d4db:0xbdce0622e280c56b",,"https://lh3.googleusercontent.com/gps-cs-s/AHRPTWnKUT7j8DXMVSe53pzbJl3CFfNDuEm9zljfvSuYIKrPFcEqIJod38gRQWhMyZiIWqd0rOe8pKtahHG2fjWFOtAmkbY6jlw0_irNRCAImjYSuBg2dZVczJYo7ueHW7OnZODMTOn2IA=w408-h725-k-no","false","true","/g/11h766fq7s","es-419","0","-2.1367108","-79.9020534",,"Alborada Este",,"false","ChIJ29SWqfFtLZARa8WA4iIGzr0","090509","$10-20","Hace 11 meses","2025-09-01T03:50:24.070Z",,,,,,,,,,,,,,,,,,,,,,,"Ci9DQUlRQUNvZENodHljRjlvT2taU1EwNDNWa2hyV1hGTGNFWldOMk5VVmtVeFdYYxAB",,,,,,,,,,,,,"Google",,,"9",,,"2716","2026-08-08T16:42:14.542Z","Direct Detail URL: https://www.google.com/maps/place/Rukito+Grill%26Drink+-+Alborada/@-2.1347917,-79.9223432,12.98z/data=!4m10!1m2!2m1!1srukito!3m6!1s0x902d6df1a996d4db:0xbdce0622e280c56b!8m2!3d-2.1367108!4d-79.9020534!15sCgZydWtpdG9aCCIGcnVraXRvkgEKcmVzdGF1cmFudOABAA!16s%2Fg%2F11h766fq7s?entry=ttu&g_ep=EgoyMDI2MDgwNS4xIKXMDSoASAFQAw%3D%3D","4",,,"false",,,"Rukito Grill&Drink - Alborada","4.5",,"https://www.google.com/maps/search/?api=1&query=Rukito%20Grill%26Drink%20-%20Alborada&query_place_id=ChIJ29SWqfFtLZARa8WA4iIGzr0",
"090509 Guayaquil, Ecuador","Restaurante","Restaurante","13676875865269519723","Guayaquil","EC","0x902d6df1a996d4db:0xbdce0622e280c56b",,"https://lh3.googleusercontent.com/gps-cs-s/AHRPTWnKUT7j8DXMVSe53pzbJl3CFfNDuEm9zljfvSuYIKrPFcEqIJod38gRQWhMyZiIWqd0rOe8pKtahHG2fjWFOtAmkbY6jlw0_irNRCAImjYSuBg2dZVczJYo7ueHW7OnZODMTOn2IA=w408-h725-k-no","false","true","/g/11h766fq7s","es-419","0","-2.1367108","-79.9020534",,"Alborada Este",,"false","ChIJ29SWqfFtLZARa8WA4iIGzr0","090509","$10-20","Hace 11 meses","2025-08-31T22:20:14.411Z",,,,,,,,,,,,,"$10-15",,,,,,,,,,"Ci9DQUlRQUNvZENodHljRjlvT2xod2RVTkhhbGw0TWtGdlVGUlpaRjlFWmtKeVExRRAB",,,,,,,,,,,,,"Google",,,"5",,,"2716","2026-08-08T16:42:14.542Z","Direct Detail URL: https://www.google.com/maps/place/Rukito+Grill%26Drink+-+Alborada/@-2.1347917,-79.9223432,12.98z/data=!4m10!1m2!2m1!1srukito!3m6!1s0x902d6df1a996d4db:0xbdce0622e280c56b!8m2!3d-2.1367108!4d-79.9020534!15sCgZydWtpdG9aCCIGcnVraXRvkgEKcmVzdGF1cmFudOABAA!16s%2Fg%2F11h766fq7s?entry=ttu&g_ep=EgoyMDI2MDgwNS4xIKXMDSoASAFQAw%3D%3D","5",,,"false",,,"Rukito Grill&Drink - Alborada","4.5",,"https://www.google.com/maps/search/?api=1&query=Rukito%20Grill%26Drink%20-%20Alborada&query_place_id=ChIJ29SWqfFtLZARa8WA4iIGzr0",
"090509 Guayaquil, Ecuador","Restaurante","Restaurante","13676875865269519723","Guayaquil","EC","0x902d6df1a996d4db:0xbdce0622e280c56b",,"https://lh3.googleusercontent.com/gps-cs-s/AHRPTWnKUT7j8DXMVSe53pzbJl3CFfNDuEm9zljfvSuYIKrPFcEqIJod38gRQWhMyZiIWqd0rOe8pKtahHG2fjWFOtAmkbY6jlw0_irNRCAImjYSuBg2dZVczJYo7ueHW7OnZODMTOn2IA=w408-h725-k-no","false","true","/g/11h766fq7s","es-419","0","-2.1367108","-79.9020534",,"Alborada Este",,"false","ChIJ29SWqfFtLZARa8WA4iIGzr0","090509","$10-20","Editado Hace 11 meses","2025-08-30T03:51:41.365Z",,,,,,,,,,,,,,,,,,,,"4","5","5","ChZDSUhNMG9nS0VJQ0FnSUNCMS1lTEpREAE",,,,,,,,,,,,,"Google",,,"417",,,"2716","2026-08-08T16:42:14.542Z","Direct Detail URL: https://www.google.com/maps/place/Rukito+Grill%26Drink+-+Alborada/@-2.1347917,-79.9223432,12.98z/data=!4m10!1m2!2m1!1srukito!3m6!1s0x902d6df1a996d4db:0xbdce0622e280c56b!8m2!3d-2.1367108!4d-79.9020534!15sCgZydWtpdG9aCCIGcnVraXRvkgEKcmVzdGF1cmFudOABAA!16s%2Fg%2F11h766fq7s?entry=ttu&g_ep=EgoyMDI2MDgwNS4xIKXMDSoASAFQAw%3D%3D","5",,,"false",,,"Rukito Grill&Drink - Alborada","4.5",,"https://www.google.com/maps/search/?api=1&query=Rukito%20Grill%26Drink%20-%20Alborada&query_place_id=ChIJ29SWqfFtLZARa8WA4iIGzr0",
"090509 Guayaquil, Ecuador","Restaurante","Restaurante","13676875865269519723","Guayaquil","EC","0x902d6df1a996d4db:0xbdce0622e280c56b",,"https://lh3.googleusercontent.com/gps-cs-s/AHRPTWnKUT7j8DXMVSe53pzbJl3CFfNDuEm9zljfvSuYIKrPFcEqIJod38gRQWhMyZiIWqd0rOe8pKtahHG2fjWFOtAmkbY6jlw0_irNRCAImjYSuBg2dZVczJYo7ueHW7OnZODMTOn2IA=w408-h725-k-no","false","true","/g/11h766fq7s","es-419","0","-2.1367108","-79.9020534",,"Alborada Este","es","false","ChIJ29SWqfFtLZARa8WA4iIGzr0","090509","$10-20","Hace 11 meses","2025-08-29T02:09:05.476Z",,,,,,,,,,,,,,,,,,,,"5","5","5","Ci9DQUlRQUNvZENodHljRjlvT2xrelJuYzVTMDQ1WDJOQ1RVeGhkMnhIYW5BM2JFRRAB","https://lh3.googleusercontent.com/grass-cs/ACvplmPnr9VDYs8zQi3OA4tU6Z7ZZPAcf1DK_xiBiHbUrGXVdqDEVLSKT4wNZGtL9k5x4LkD4EEhu3LPCze45LYncMfwHifd8VVHiqXfVxPq8-dRFKsWFsG-mLuGwoCJ8uFUaa40SJQiO8twE6E=k-no","https://lh3.googleusercontent.com/grass-cs/ACvplmOAwHkHi4JtGuoTXsNUCi1gDW4RlKyBlabwrL0L3R2gtdAcfsFSbAhLM2DRLiwQi_9lqHCLPnJEzNh3WP8xxRo4DjaWzAxyoVCIujHbuYHn4vOOZQ9Q2Pe_vpAIaTTcB_nhEeDpnh53DyGv=k-no",,,,,,,,,,,"Google",,,"82",,,"2716","2026-08-08T16:42:14.542Z","Direct Detail URL: https://www.google.com/maps/place/Rukito+Grill%26Drink+-+Alborada/@-2.1347917,-79.9223432,12.98z/data=!4m10!1m2!2m1!1srukito!3m6!1s0x902d6df1a996d4db:0xbdce0622e280c56b!8m2!3d-2.1367108!4d-79.9020534!15sCgZydWtpdG9aCCIGcnVraXRvkgEKcmVzdGF1cmFudOABAA!16s%2Fg%2F11h766fq7s?entry=ttu&g_ep=EgoyMDI2MDgwNS4xIKXMDSoASAFQAw%3D%3D","5",,,"false","Exelente muy buena comida",,"Rukito Grill&Drink - Alborada","4.5",,"https://www.google.com/maps/search/?api=1&query=Rukito%20Grill%26Drink%20-%20Alborada&query_place_id=ChIJ29SWqfFtLZARa8WA4iIGzr0",
"090509 Guayaquil, Ecuador","Restaurante","Restaurante","13676875865269519723","Guayaquil","EC","0x902d6df1a996d4db:0xbdce0622e280c56b",,"https://lh3.googleusercontent.com/gps-cs-s/AHRPTWnKUT7j8DXMVSe53pzbJl3CFfNDuEm9zljfvSuYIKrPFcEqIJod38gRQWhMyZiIWqd0rOe8pKtahHG2fjWFOtAmkbY6jlw0_irNRCAImjYSuBg2dZVczJYo7ueHW7OnZODMTOn2IA=w408-h725-k-no","false","false","/g/11h766fq7s","es-419","0","-2.1367108","-79.9020534",,"Alborada Este",,"false","ChIJ29SWqfFtLZARa8WA4iIGzr0","090509","$10-20","Hace 11 meses","2025-08-29T01:07:33.409Z",,,,,,,,,,,,,,,,,,,,,,,"Ci9DQUlRQUNvZENodHljRjlvT2pWUVYwOUNWazVaZEVGd1ZqazNRbkowY0V4clVFRRAB",,,,,,,,,,,,,"Google",,,"10",,,"2716","2026-08-08T16:42:14.542Z","Direct Detail URL: https://www.google.com/maps/place/Rukito+Grill%26Drink+-+Alborada/@-2.1347917,-79.9223432,12.98z/data=!4m10!1m2!2m1!1srukito!3m6!1s0x902d6df1a996d4db:0xbdce0622e280c56b!8m2!3d-2.1367108!4d-79.9020534!15sCgZydWtpdG9aCCIGcnVraXRvkgEKcmVzdGF1cmFudOABAA!16s%2Fg%2F11h766fq7s?entry=ttu&g_ep=EgoyMDI2MDgwNS4xIKXMDSoASAFQAw%3D%3D","5",,,"false",,,"Rukito Grill&Drink - Alborada","4.5",,"https://www.google.com/maps/search/?api=1&query=Rukito%20Grill%26Drink%20-%20Alborada&query_place_id=ChIJ29SWqfFtLZARa8WA4iIGzr0",
"090509 Guayaquil, Ecuador","Restaurante","Restaurante","13676875865269519723","Guayaquil","EC","0x902d6df1a996d4db:0xbdce0622e280c56b",,"https://lh3.googleusercontent.com/gps-cs-s/AHRPTWnKUT7j8DXMVSe53pzbJl3CFfNDuEm9zljfvSuYIKrPFcEqIJod38gRQWhMyZiIWqd0rOe8pKtahHG2fjWFOtAmkbY6jlw0_irNRCAImjYSuBg2dZVczJYo7ueHW7OnZODMTOn2IA=w408-h725-k-no","false","true","/g/11h766fq7s","es-419","0","-2.1367108","-79.9020534",,"Alborada Este",,"false","ChIJ29SWqfFtLZARa8WA4iIGzr0","090509","$10-20","Hace 11 meses","2025-08-27T22:48:03.093Z",,,,,,,,,,,,,"$10-15",,"Apto para grupos de todos los tamaños","Hasta 10 min",,"Cena",,"5","5","5","Ci9DQUlRQUNvZENodHljRjlvT2t0Q1ExTlNUWE5aWlVndE5sVTFZWEJGTmw5SlVIYxAB",,,,,,,,,,,,,"Google",,,"8",,,"2716","2026-08-08T16:42:14.542Z","Direct Detail URL: https://www.google.com/maps/place/Rukito+Grill%26Drink+-+Alborada/@-2.1347917,-79.9223432,12.98z/data=!4m10!1m2!2m1!1srukito!3m6!1s0x902d6df1a996d4db:0xbdce0622e280c56b!8m2!3d-2.1367108!4d-79.9020534!15sCgZydWtpdG9aCCIGcnVraXRvkgEKcmVzdGF1cmFudOABAA!16s%2Fg%2F11h766fq7s?entry=ttu&g_ep=EgoyMDI2MDgwNS4xIKXMDSoASAFQAw%3D%3D","5",,,"false",,,"Rukito Grill&Drink - Alborada","4.5",,"https://www.google.com/maps/search/?api=1&query=Rukito%20Grill%26Drink%20-%20Alborada&query_place_id=ChIJ29SWqfFtLZARa8WA4iIGzr0",
"090509 Guayaquil, Ecuador","Restaurante","Restaurante","13676875865269519723","Guayaquil","EC","0x902d6df1a996d4db:0xbdce0622e280c56b",,"https://lh3.googleusercontent.com/gps-cs-s/AHRPTWnKUT7j8DXMVSe53pzbJl3CFfNDuEm9zljfvSuYIKrPFcEqIJod38gRQWhMyZiIWqd0rOe8pKtahHG2fjWFOtAmkbY6jlw0_irNRCAImjYSuBg2dZVczJYo7ueHW7OnZODMTOn2IA=w408-h725-k-no","false","true","/g/11h766fq7s","es-419","0","-2.1367108","-79.9020534",,"Alborada Este","es","false","ChIJ29SWqfFtLZARa8WA4iIGzr0","090509","$10-20","Hace 11 meses","2025-08-27T02:42:46.931Z",,,,"Si",,"Es un poco difícil encontrar estacionamiento",,,,"Estacionamiento pagado en la calle",,,"$35-40",,"2 personas, 3 o 4 personas, Entre 5 y 8 personas","Sin espera",,"Otro",,"5","5","5","Ci9DQUlRQUNvZENodHljRjlvT25CVGRURk5SM1ZwY21aclp6WjBlRlpRWkRSRkxVRRAB",,,,,,,,,,,,,"Google",,,"16",,,"2716","2026-08-08T16:42:14.542Z","Direct Detail URL: https://www.google.com/maps/place/Rukito+Grill%26Drink+-+Alborada/@-2.1347917,-79.9223432,12.98z/data=!4m10!1m2!2m1!1srukito!3m6!1s0x902d6df1a996d4db:0xbdce0622e280c56b!8m2!3d-2.1367108!4d-79.9020534!15sCgZydWtpdG9aCCIGcnVraXRvkgEKcmVzdGF1cmFudOABAA!16s%2Fg%2F11h766fq7s?entry=ttu&g_ep=EgoyMDI2MDgwNS4xIKXMDSoASAFQAw%3D%3D","5",,,"false","El servicio de atención excelente, ni terminaba de parquearme y ya me tomaban en cuenta para facilitarme la mesa con mi familia, la mesera muy amable y atenta también, casi olvido al guardia muy caballeroso no hace perder el tiempo, como en otros restaurantes 😂",,"Rukito Grill&Drink - Alborada","4.5",,"https://www.google.com/maps/search/?api=1&query=Rukito%20Grill%26Drink%20-%20Alborada&query_place_id=ChIJ29SWqfFtLZARa8WA4iIGzr0",
"090509 Guayaquil, Ecuador","Restaurante","Restaurante","13676875865269519723","Guayaquil","EC","0x902d6df1a996d4db:0xbdce0622e280c56b",,"https://lh3.googleusercontent.com/gps-cs-s/AHRPTWnKUT7j8DXMVSe53pzbJl3CFfNDuEm9zljfvSuYIKrPFcEqIJod38gRQWhMyZiIWqd0rOe8pKtahHG2fjWFOtAmkbY6jlw0_irNRCAImjYSuBg2dZVczJYo7ueHW7OnZODMTOn2IA=w408-h725-k-no","false","false","/g/11h766fq7s","es-419","0","-2.1367108","-79.9020534",,"Alborada Este",,"false","ChIJ29SWqfFtLZARa8WA4iIGzr0","090509","$10-20","Hace 11 meses","2025-08-26T13:26:34.497Z",,,,,,,,,,,,,,,,,,,,"5","5","5","Ci9DQUlRQUNvZENodHljRjlvT25SaVVXcFVOak5tT0c1QlltbFVkUzFLZDNGM2FHYxAB",,,,,,,,,,,,,"Google",,,"7",,,"2716","2026-08-08T16:42:14.542Z","Direct Detail URL: https://www.google.com/maps/place/Rukito+Grill%26Drink+-+Alborada/@-2.1347917,-79.9223432,12.98z/data=!4m10!1m2!2m1!1srukito!3m6!1s0x902d6df1a996d4db:0xbdce0622e280c56b!8m2!3d-2.1367108!4d-79.9020534!15sCgZydWtpdG9aCCIGcnVraXRvkgEKcmVzdGF1cmFudOABAA!16s%2Fg%2F11h766fq7s?entry=ttu&g_ep=EgoyMDI2MDgwNS4xIKXMDSoASAFQAw%3D%3D","5",,,"false",,,"Rukito Grill&Drink - Alborada","4.5",,"https://www.google.com/maps/search/?api=1&query=Rukito%20Grill%26Drink%20-%20Alborada&query_place_id=ChIJ29SWqfFtLZARa8WA4iIGzr0",
"090509 Guayaquil, Ecuador","Restaurante","Restaurante","13676875865269519723","Guayaquil","EC","0x902d6df1a996d4db:0xbdce0622e280c56b",,"https://lh3.googleusercontent.com/gps-cs-s/AHRPTWnKUT7j8DXMVSe53pzbJl3CFfNDuEm9zljfvSuYIKrPFcEqIJod38gRQWhMyZiIWqd0rOe8pKtahHG2fjWFOtAmkbY6jlw0_irNRCAImjYSuBg2dZVczJYo7ueHW7OnZODMTOn2IA=w408-h725-k-no","false","true","/g/11h766fq7s","es-419","0","-2.1367108","-79.9020534",,"Alborada Este","es","false","ChIJ29SWqfFtLZARa8WA4iIGzr0","090509","$10-20","Hace 11 meses","2025-08-24T23:18:58.660Z",,,,,,,,,,,,,,,,,,,,"1","5","1","Ci9DQUlRQUNvZENodHljRjlvT2pkSmFWRkVOMGwwUnpCSWFURXhSRzVNWnpWTk0zYxAB","https://lh3.googleusercontent.com/grass-cs/ACvplmO4wpHg42mcmlnbTOLhUrjyJuOdR_52uV6V4o99MhCnyF3UujLThcgW0mpLgmWaVEUXOj97x-RYIFsyXBfQdMmxgkXsl8bDyAXRWZj6SGs5hnm2jDSG7PHjSOFrl3NIt7eWkxWiJKuoD6sp=k-no","https://lh3.googleusercontent.com/grass-cs/ACvplmP6k-YFaY8Tmf2I5EAbWx3W1xeWzVkSPiTRVWuP3hDCUCB8YEP-pFNgv1HhOWEapzFv0YDwx0CEzVdfA25WpgANaomVmKk80_J3lUt5rP3pBeT3iqi4aVL6hkx7ZO1or-mUyVZrh2yqMwfx=k-no","https://lh3.googleusercontent.com/grass-cs/ACvplmMg0ME-6GwKPGPezvzHGiQo9s9PKn7nGy2Jf0s4udK31iCNe3DCAUoWXYMdlJtMPus8fxhAW_m1PghDBGNWUnw93Y50upjXN47JmdxuKqrFX2tCv8rmnAUc72w8gUqmbubYEa9yWeVqEv2v=k-no","https://lh3.googleusercontent.com/grass-cs/ACvplmM8C677FFMRXm86qTz24nHNFLTMsGabtTFJmWeaj9yr18MYZyEr5n9TyoCc8RfViccXp3mTC5cNPMafSF6-XDmnNYwocC0tZxHVcrmSWU4pMM1EZPFvQIRa-VSc0YajCprbxUoCI6nhU1wn=k-no","https://lh3.googleusercontent.com/grass-cs/ACvplmOle3-o1981Czqe3vTZSl89uuVXZdZsx21zcuw-yn8hf8_wrcX117DZNg3XP5hwD4jxxyStRs9YmPuk9Xa2_YIIIhfFdd3PLasibPzsvHEJe704nxFByTOEl2ntFolziCa7mG1ukqblcx9Q=k-no","https://lh3.googleusercontent.com/grass-cs/ACvplmPv_shU2rrE274OH1SGiRnsspD1KliIPPuxlxYmUDT1W9o1ACZ0GPpAr1mmtA7OAnshcWCC1-mVMboGFe5rbpetSW9dHRJpETXSgbYJ7DKpzhtLA7Tc0wni59Mtmn4zUUJpgcOoFcUdT6-7=k-no","https://lh3.googleusercontent.com/grass-cs/ACvplmNcvDE93Gg4Neql_BAeRzu5cS2iOJ9SxJKEpG6-ZazBKHExtBivbmw-9cBdU4-oFBpKPxI-OiEDaX8cjEgiwONBzTvbnhNnfO7rdZPWBO_lob2DKf6PX2et5XcD3F4yv5qbwmOshSdvMf5A=k-no",,,,,,"Google",,,"171",,,"2716","2026-08-08T16:42:14.542Z","Direct Detail URL: https://www.google.com/maps/place/Rukito+Grill%26Drink+-+Alborada/@-2.1347917,-79.9223432,12.98z/data=!4m10!1m2!2m1!1srukito!3m6!1s0x902d6df1a996d4db:0xbdce0622e280c56b!8m2!3d-2.1367108!4d-79.9020534!15sCgZydWtpdG9aCCIGcnVraXRvkgEKcmVzdGF1cmFudOABAA!16s%2Fg%2F11h766fq7s?entry=ttu&g_ep=EgoyMDI2MDgwNS4xIKXMDSoASAFQAw%3D%3D","3",,,"false","La comida estuvo muy rica! Pero los meseros no sonríen, no saludan y se entiende que estén muy ocupados, pero la cortesía con el cliente es importante sobre todo si lo único que esperas después de un largo día sea una buena comida y un buen servicio, algo que aquí estuvo a medias, además el ambiente es muy ruidoso.",,"Rukito Grill&Drink - Alborada","4.5",,"https://www.google.com/maps/search/?api=1&query=Rukito%20Grill%26Drink%20-%20Alborada&query_place_id=ChIJ29SWqfFtLZARa8WA4iIGzr0",
"090509 Guayaquil, Ecuador","Restaurante","Restaurante","13676875865269519723","Guayaquil","EC","0x902d6df1a996d4db:0xbdce0622e280c56b",,"https://lh3.googleusercontent.com/gps-cs-s/AHRPTWnKUT7j8DXMVSe53pzbJl3CFfNDuEm9zljfvSuYIKrPFcEqIJod38gRQWhMyZiIWqd0rOe8pKtahHG2fjWFOtAmkbY6jlw0_irNRCAImjYSuBg2dZVczJYo7ueHW7OnZODMTOn2IA=w408-h725-k-no","false","true","/g/11h766fq7s","es-419","0","-2.1367108","-79.9020534",,"Alborada Este",,"false","ChIJ29SWqfFtLZARa8WA4iIGzr0","090509","$10-20","Hace 11 meses","2025-08-22T17:54:39.097Z",,,,,,,,,,,,,,,,,,,,"5","5","5","Ci9DQUlRQUNvZENodHljRjlvT2todVMxbFFlVVUxTjFSQmVVUlNZWFI0UzBwcWJtYxAB",,,,,,,,,,,,,"Google",,,"676",,,"2716","2026-08-08T16:42:14.542Z","Direct Detail URL: https://www.google.com/maps/place/Rukito+Grill%26Drink+-+Alborada/@-2.1347917,-79.9223432,12.98z/data=!4m10!1m2!2m1!1srukito!3m6!1s0x902d6df1a996d4db:0xbdce0622e280c56b!8m2!3d-2.1367108!4d-79.9020534!15sCgZydWtpdG9aCCIGcnVraXRvkgEKcmVzdGF1cmFudOABAA!16s%2Fg%2F11h766fq7s?entry=ttu&g_ep=EgoyMDI2MDgwNS4xIKXMDSoASAFQAw%3D%3D","5",,,"false",,,"Rukito Grill&Drink - Alborada","4.5",,"https://www.google.com/maps/search/?api=1&query=Rukito%20Grill%26Drink%20-%20Alborada&query_place_id=ChIJ29SWqfFtLZARa8WA4iIGzr0",
"090509 Guayaquil, Ecuador","Restaurante","Restaurante","13676875865269519723","Guayaquil","EC","0x902d6df1a996d4db:0xbdce0622e280c56b",,"https://lh3.googleusercontent.com/gps-cs-s/AHRPTWnKUT7j8DXMVSe53pzbJl3CFfNDuEm9zljfvSuYIKrPFcEqIJod38gRQWhMyZiIWqd0rOe8pKtahHG2fjWFOtAmkbY6jlw0_irNRCAImjYSuBg2dZVczJYo7ueHW7OnZODMTOn2IA=w408-h725-k-no","false","true","/g/11h766fq7s","es-419","0","-2.1367108","-79.9020534",,"Alborada Este","es","false","ChIJ29SWqfFtLZARa8WA4iIGzr0","090509","$10-20","Hace 11 meses","2025-08-21T21:08:35.190Z",,,,,,,,,,,,,,,,,,,,"5","5","5","Ci9DQUlRQUNvZENodHljRjlvT2tSa1N6bFhUSGt0VTJodE1tbElSM2RwZFhnd1IwRRAB",,,,,,,,,,,,,"Google",,,"16",,,"2716","2026-08-08T16:42:14.542Z","Direct Detail URL: https://www.google.com/maps/place/Rukito+Grill%26Drink+-+Alborada/@-2.1347917,-79.9223432,12.98z/data=!4m10!1m2!2m1!1srukito!3m6!1s0x902d6df1a996d4db:0xbdce0622e280c56b!8m2!3d-2.1367108!4d-79.9020534!15sCgZydWtpdG9aCCIGcnVraXRvkgEKcmVzdGF1cmFudOABAA!16s%2Fg%2F11h766fq7s?entry=ttu&g_ep=EgoyMDI2MDgwNS4xIKXMDSoASAFQAw%3D%3D","5",,,"false","Bello",,"Rukito Grill&Drink - Alborada","4.5",,"https://www.google.com/maps/search/?api=1&query=Rukito%20Grill%26Drink%20-%20Alborada&query_place_id=ChIJ29SWqfFtLZARa8WA4iIGzr0",
"090509 Guayaquil, Ecuador","Restaurante","Restaurante","13676875865269519723","Guayaquil","EC","0x902d6df1a996d4db:0xbdce0622e280c56b",,"https://lh3.googleusercontent.com/gps-cs-s/AHRPTWnKUT7j8DXMVSe53pzbJl3CFfNDuEm9zljfvSuYIKrPFcEqIJod38gRQWhMyZiIWqd0rOe8pKtahHG2fjWFOtAmkbY6jlw0_irNRCAImjYSuBg2dZVczJYo7ueHW7OnZODMTOn2IA=w408-h725-k-no","false","false","/g/11h766fq7s","es-419","0","-2.1367108","-79.9020534",,"Alborada Este","es","false","ChIJ29SWqfFtLZARa8WA4iIGzr0","090509","$10-20","Hace 11 meses","2025-08-21T18:26:18.103Z",,,,,,,,,"Silencioso, agradable para conversar",,,,"$10-15",,"2 personas","Sin espera",,,,"5","5","5","Ci9DQUlRQUNvZENodHljRjlvT2tGMWIyTXhSalY2V1c4eVEybENkRmhxYzJkYU5VRRAB",,,,,,,,,,,,,"Google",,,"11",,,"2716","2026-08-08T16:42:14.542Z","Direct Detail URL: https://www.google.com/maps/place/Rukito+Grill%26Drink+-+Alborada/@-2.1347917,-79.9223432,12.98z/data=!4m10!1m2!2m1!1srukito!3m6!1s0x902d6df1a996d4db:0xbdce0622e280c56b!8m2!3d-2.1367108!4d-79.9020534!15sCgZydWtpdG9aCCIGcnVraXRvkgEKcmVzdGF1cmFudOABAA!16s%2Fg%2F11h766fq7s?entry=ttu&g_ep=EgoyMDI2MDgwNS4xIKXMDSoASAFQAw%3D%3D","5",,,"false","Realice mi pedido para llevar y fue rápido 20 minutos desde que les hice mi pedido hasta que me lo entregaron es lo que demorado y me gusto porque esta llendo en camino y cuando llegue ya estaba listo muy buena atención",,"Rukito Grill&Drink - Alborada","4.5",,"https://www.google.com/maps/search/?api=1&query=Rukito%20Grill%26Drink%20-%20Alborada&query_place_id=ChIJ29SWqfFtLZARa8WA4iIGzr0",
"090509 Guayaquil, Ecuador","Restaurante","Restaurante","13676875865269519723","Guayaquil","EC","0x902d6df1a996d4db:0xbdce0622e280c56b",,"https://lh3.googleusercontent.com/gps-cs-s/AHRPTWnKUT7j8DXMVSe53pzbJl3CFfNDuEm9zljfvSuYIKrPFcEqIJod38gRQWhMyZiIWqd0rOe8pKtahHG2fjWFOtAmkbY6jlw0_irNRCAImjYSuBg2dZVczJYo7ueHW7OnZODMTOn2IA=w408-h725-k-no","false","true","/g/11h766fq7s","es-419","1","-2.1367108","-79.9020534",,"Alborada Este","es","false","ChIJ29SWqfFtLZARa8WA4iIGzr0","090509","$10-20","Editado Hace 11 meses","2025-08-21T08:43:25.244Z",,,,,,,,,,,,,,,,,,,,"4","5","5","Ci9DQUlRQUNvZENodHljRjlvT25oSGVtaExkVFpUYjBGUWRXbFphWHBOWjJkdFRHYxAB",,,,,,,,,,,,,"Google",,,"30",,,"2716","2026-08-08T16:42:14.542Z","Direct Detail URL: https://www.google.com/maps/place/Rukito+Grill%26Drink+-+Alborada/@-2.1347917,-79.9223432,12.98z/data=!4m10!1m2!2m1!1srukito!3m6!1s0x902d6df1a996d4db:0xbdce0622e280c56b!8m2!3d-2.1367108!4d-79.9020534!15sCgZydWtpdG9aCCIGcnVraXRvkgEKcmVzdGF1cmFudOABAA!16s%2Fg%2F11h766fq7s?entry=ttu&g_ep=EgoyMDI2MDgwNS4xIKXMDSoASAFQAw%3D%3D","4",,,"false","les puedo decir que fue una expericia muy bonita los sabores muy buenos pero solo un pequeno detalle el arroz estaba un poco frio y poco chicloso por el resto todo bien nuestro mesero muy profecional no hayudo en todo momento con mucha profecionalda y simpatia se los recomiendo es una bonita experienca regresare",,"Rukito Grill&Drink - Alborada","4.5",,"https://www.google.com/maps/search/?api=1&query=Rukito%20Grill%26Drink%20-%20Alborada&query_place_id=ChIJ29SWqfFtLZARa8WA4iIGzr0",
"090509 Guayaquil, Ecuador","Restaurante","Restaurante","13676875865269519723","Guayaquil","EC","0x902d6df1a996d4db:0xbdce0622e280c56b",,"https://lh3.googleusercontent.com/gps-cs-s/AHRPTWnKUT7j8DXMVSe53pzbJl3CFfNDuEm9zljfvSuYIKrPFcEqIJod38gRQWhMyZiIWqd0rOe8pKtahHG2fjWFOtAmkbY6jlw0_irNRCAImjYSuBg2dZVczJYo7ueHW7OnZODMTOn2IA=w408-h725-k-no","false","true","/g/11h766fq7s","es-419","0","-2.1367108","-79.9020534",,"Alborada Este","es","false","ChIJ29SWqfFtLZARa8WA4iIGzr0","090509","$10-20","Hace 11 meses","2025-08-17T15:18:45.407Z",,,,,,,,,,,,,,,,,,,,"5","5","5","Ci9DQUlRQUNvZENodHljRjlvT210U05sTTFTVVJaYmt0eVMzZHlaRFU0TVhkUFpuYxAB",,,,,,,,,,,,,"Google",,,"25",,,"2716","2026-08-08T16:42:14.542Z","Direct Detail URL: https://www.google.com/maps/place/Rukito+Grill%26Drink+-+Alborada/@-2.1347917,-79.9223432,12.98z/data=!4m10!1m2!2m1!1srukito!3m6!1s0x902d6df1a996d4db:0xbdce0622e280c56b!8m2!3d-2.1367108!4d-79.9020534!15sCgZydWtpdG9aCCIGcnVraXRvkgEKcmVzdGF1cmFudOABAA!16s%2Fg%2F11h766fq7s?entry=ttu&g_ep=EgoyMDI2MDgwNS4xIKXMDSoASAFQAw%3D%3D","5",,,"false","Excelente",,"Rukito Grill&Drink - Alborada","4.5",,"https://www.google.com/maps/search/?api=1&query=Rukito%20Grill%26Drink%20-%20Alborada&query_place_id=ChIJ29SWqfFtLZARa8WA4iIGzr0",
"090509 Guayaquil, Ecuador","Restaurante","Restaurante","13676875865269519723","Guayaquil","EC","0x902d6df1a996d4db:0xbdce0622e280c56b",,"https://lh3.googleusercontent.com/gps-cs-s/AHRPTWnKUT7j8DXMVSe53pzbJl3CFfNDuEm9zljfvSuYIKrPFcEqIJod38gRQWhMyZiIWqd0rOe8pKtahHG2fjWFOtAmkbY6jlw0_irNRCAImjYSuBg2dZVczJYo7ueHW7OnZODMTOn2IA=w408-h725-k-no","false","false","/g/11h766fq7s","es-419","0","-2.1367108","-79.9020534",,"Alborada Este",,"false","ChIJ29SWqfFtLZARa8WA4iIGzr0","090509","$10-20","Hace 11 meses","2025-08-13T20:27:49.570Z",,,,,,,,,,,,,"$20-25",,"Apto para grupos de todos los tamaños","De 10 a 30 min",,,,,,,"Ci9DQUlRQUNvZENodHljRjlvT21aZmFETkNaVVZCWTNSbE4wcHNla3d3YTNCWGEwRRAB",,,,,,,,,,,,,"Google",,,"0",,,"2716","2026-08-08T16:42:14.542Z","Direct Detail URL: https://www.google.com/maps/place/Rukito+Grill%26Drink+-+Alborada/@-2.1347917,-79.9223432,12.98z/data=!4m10!1m2!2m1!1srukito!3m6!1s0x902d6df1a996d4db:0xbdce0622e280c56b!8m2!3d-2.1367108!4d-79.9020534!15sCgZydWtpdG9aCCIGcnVraXRvkgEKcmVzdGF1cmFudOABAA!16s%2Fg%2F11h766fq7s?entry=ttu&g_ep=EgoyMDI2MDgwNS4xIKXMDSoASAFQAw%3D%3D","5",,,"false",,,"Rukito Grill&Drink - Alborada","4.5",,"https://www.google.com/maps/search/?api=1&query=Rukito%20Grill%26Drink%20-%20Alborada&query_place_id=ChIJ29SWqfFtLZARa8WA4iIGzr0",
"090509 Guayaquil, Ecuador","Restaurante","Restaurante","13676875865269519723","Guayaquil","EC","0x902d6df1a996d4db:0xbdce0622e280c56b",,"https://lh3.googleusercontent.com/gps-cs-s/AHRPTWnKUT7j8DXMVSe53pzbJl3CFfNDuEm9zljfvSuYIKrPFcEqIJod38gRQWhMyZiIWqd0rOe8pKtahHG2fjWFOtAmkbY6jlw0_irNRCAImjYSuBg2dZVczJYo7ueHW7OnZODMTOn2IA=w408-h725-k-no","false","false","/g/11h766fq7s","es-419","0","-2.1367108","-79.9020534",,"Alborada Este",,"false","ChIJ29SWqfFtLZARa8WA4iIGzr0","090509","$10-20","Hace 11 meses","2025-08-12T17:54:53.472Z",,,,,,,,,,,,,"$10-15",,,,,,,,,,"Ci9DQUlRQUNvZENodHljRjlvT2pkM2MxOXJhbEZEYlcxNWVURklPVFpGUVRreWJIYxAB",,,,,,,,,,,,,"Google",,,"1",,,"2716","2026-08-08T16:42:14.542Z","Direct Detail URL: https://www.google.com/maps/place/Rukito+Grill%26Drink+-+Alborada/@-2.1347917,-79.9223432,12.98z/data=!4m10!1m2!2m1!1srukito!3m6!1s0x902d6df1a996d4db:0xbdce0622e280c56b!8m2!3d-2.1367108!4d-79.9020534!15sCgZydWtpdG9aCCIGcnVraXRvkgEKcmVzdGF1cmFudOABAA!16s%2Fg%2F11h766fq7s?entry=ttu&g_ep=EgoyMDI2MDgwNS4xIKXMDSoASAFQAw%3D%3D","5",,,"false",,,"Rukito Grill&Drink - Alborada","4.5",,"https://www.google.com/maps/search/?api=1&query=Rukito%20Grill%26Drink%20-%20Alborada&query_place_id=ChIJ29SWqfFtLZARa8WA4iIGzr0",
"090509 Guayaquil, Ecuador","Restaurante","Restaurante","13676875865269519723","Guayaquil","EC","0x902d6df1a996d4db:0xbdce0622e280c56b",,"https://lh3.googleusercontent.com/gps-cs-s/AHRPTWnKUT7j8DXMVSe53pzbJl3CFfNDuEm9zljfvSuYIKrPFcEqIJod38gRQWhMyZiIWqd0rOe8pKtahHG2fjWFOtAmkbY6jlw0_irNRCAImjYSuBg2dZVczJYo7ueHW7OnZODMTOn2IA=w408-h725-k-no","false","false","/g/11h766fq7s","es-419","0","-2.1367108","-79.9020534",,"Alborada Este","es","false","ChIJ29SWqfFtLZARa8WA4iIGzr0","090509","$10-20","Hace 11 meses","2025-08-09T23:47:21.824Z",,,,,,,,,,,,,"$20-25",,"Apto para grupos de todos los tamaños","De 10 a 30 min",,"Almuerzo",,"5","5","5","Ci9DQUlRQUNvZENodHljRjlvT2pkNVUwSlVUbXA2YUUxTk1Hb3hUWFp0YldaUk5YYxAB",,,,,,,,,,,,,"Google",,,"1",,,"2716","2026-08-08T16:42:14.542Z","Direct Detail URL: https://www.google.com/maps/place/Rukito+Grill%26Drink+-+Alborada/@-2.1347917,-79.9223432,12.98z/data=!4m10!1m2!2m1!1srukito!3m6!1s0x902d6df1a996d4db:0xbdce0622e280c56b!8m2!3d-2.1367108!4d-79.9020534!15sCgZydWtpdG9aCCIGcnVraXRvkgEKcmVzdGF1cmFudOABAA!16s%2Fg%2F11h766fq7s?entry=ttu&g_ep=EgoyMDI2MDgwNS4xIKXMDSoASAFQAw%3D%3D","5",,,"false","Elegante sis",,"Rukito Grill&Drink - Alborada","4.5",,"https://www.google.com/maps/search/?api=1&query=Rukito%20Grill%26Drink%20-%20Alborada&query_place_id=ChIJ29SWqfFtLZARa8WA4iIGzr0",
"090509 Guayaquil, Ecuador","Restaurante","Restaurante","13676875865269519723","Guayaquil","EC","0x902d6df1a996d4db:0xbdce0622e280c56b",,"https://lh3.googleusercontent.com/gps-cs-s/AHRPTWnKUT7j8DXMVSe53pzbJl3CFfNDuEm9zljfvSuYIKrPFcEqIJod38gRQWhMyZiIWqd0rOe8pKtahHG2fjWFOtAmkbY6jlw0_irNRCAImjYSuBg2dZVczJYo7ueHW7OnZODMTOn2IA=w408-h725-k-no","false","true","/g/11h766fq7s","es-419","0","-2.1367108","-79.9020534",,"Alborada Este","es","false","ChIJ29SWqfFtLZARa8WA4iIGzr0","090509","$10-20","Hace 11 meses","2025-08-09T12:32:39.107Z",,,,,,"Vas a tardar en estacionar",,,,"Estacionamiento pagado",,,"$15-20",,"3 o 4 personas","Sin espera",,"Almuerzo",,"4","3","4","Ci9DQUlRQUNvZENodHljRjlvT2paSmNUUXhUMkpLVTJWaVQyRm5NVTl4UTFwYWEzYxAB",,,,,,,,,,,,,"Google",,,"160",,,"2716","2026-08-08T16:42:14.542Z","Direct Detail URL: https://www.google.com/maps/place/Rukito+Grill%26Drink+-+Alborada/@-2.1347917,-79.9223432,12.98z/data=!4m10!1m2!2m1!1srukito!3m6!1s0x902d6df1a996d4db:0xbdce0622e280c56b!8m2!3d-2.1367108!4d-79.9020534!15sCgZydWtpdG9aCCIGcnVraXRvkgEKcmVzdGF1cmFudOABAA!16s%2Fg%2F11h766fq7s?entry=ttu&g_ep=EgoyMDI2MDgwNS4xIKXMDSoASAFQAw%3D%3D","4",,,"false","Sercicio excelente, filetes pasados de cocción y mucha sal. Moros excelentes, postres muy buenos.",,"Rukito Grill&Drink - Alborada","4.5",,"https://www.google.com/maps/search/?api=1&query=Rukito%20Grill%26Drink%20-%20Alborada&query_place_id=ChIJ29SWqfFtLZARa8WA4iIGzr0",
"090509 Guayaquil, Ecuador","Restaurante","Restaurante","13676875865269519723","Guayaquil","EC","0x902d6df1a996d4db:0xbdce0622e280c56b",,"https://lh3.googleusercontent.com/gps-cs-s/AHRPTWnKUT7j8DXMVSe53pzbJl3CFfNDuEm9zljfvSuYIKrPFcEqIJod38gRQWhMyZiIWqd0rOe8pKtahHG2fjWFOtAmkbY6jlw0_irNRCAImjYSuBg2dZVczJYo7ueHW7OnZODMTOn2IA=w408-h725-k-no","false","true","/g/11h766fq7s","es-419","0","-2.1367108","-79.9020534",,"Alborada Este",,"false","ChIJ29SWqfFtLZARa8WA4iIGzr0","090509","$10-20","Hace 11 meses","2025-08-09T01:48:36.613Z",,,,,,,,,,,,,,,,,,,,"5","5","5","Ci9DQUlRQUNvZENodHljRjlvT2xodVJGbHBjVVYwVGpkNFZFcGpTa0oyYzJ4M1dGRRAB",,,,,,,,,,,,,"Google",,,"1",,,"2716","2026-08-08T16:42:14.542Z","Direct Detail URL: https://www.google.com/maps/place/Rukito+Grill%26Drink+-+Alborada/@-2.1347917,-79.9223432,12.98z/data=!4m10!1m2!2m1!1srukito!3m6!1s0x902d6df1a996d4db:0xbdce0622e280c56b!8m2!3d-2.1367108!4d-79.9020534!15sCgZydWtpdG9aCCIGcnVraXRvkgEKcmVzdGF1cmFudOABAA!16s%2Fg%2F11h766fq7s?entry=ttu&g_ep=EgoyMDI2MDgwNS4xIKXMDSoASAFQAw%3D%3D","5",,,"false",,,"Rukito Grill&Drink - Alborada","4.5",,"https://www.google.com/maps/search/?api=1&query=Rukito%20Grill%26Drink%20-%20Alborada&query_place_id=ChIJ29SWqfFtLZARa8WA4iIGzr0",
"090509 Guayaquil, Ecuador","Restaurante","Restaurante","13676875865269519723","Guayaquil","EC","0x902d6df1a996d4db:0xbdce0622e280c56b",,"https://lh3.googleusercontent.com/gps-cs-s/AHRPTWnKUT7j8DXMVSe53pzbJl3CFfNDuEm9zljfvSuYIKrPFcEqIJod38gRQWhMyZiIWqd0rOe8pKtahHG2fjWFOtAmkbY6jlw0_irNRCAImjYSuBg2dZVczJYo7ueHW7OnZODMTOn2IA=w408-h725-k-no","false","false","/g/11h766fq7s","es-419","0","-2.1367108","-79.9020534",,"Alborada Este",,"false","ChIJ29SWqfFtLZARa8WA4iIGzr0","090509","$10-20","Hace un año","2025-08-08T03:36:40.285Z",,,,,,,,,,,,,,,,,,,,,,,"Ci9DQUlRQUNvZENodHljRjlvT21GRVpURlBTVlpYTVVNelNEVlhOalUxZHpONFlsRRAB",,,,,,,,,,,,,"Google",,,"3",,,"2716","2026-08-08T16:42:14.542Z","Direct Detail URL: https://www.google.com/maps/place/Rukito+Grill%26Drink+-+Alborada/@-2.1347917,-79.9223432,12.98z/data=!4m10!1m2!2m1!1srukito!3m6!1s0x902d6df1a996d4db:0xbdce0622e280c56b!8m2!3d-2.1367108!4d-79.9020534!15sCgZydWtpdG9aCCIGcnVraXRvkgEKcmVzdGF1cmFudOABAA!16s%2Fg%2F11h766fq7s?entry=ttu&g_ep=EgoyMDI2MDgwNS4xIKXMDSoASAFQAw%3D%3D","5",,,"false",,,"Rukito Grill&Drink - Alborada","4.5",,"https://www.google.com/maps/search/?api=1&query=Rukito%20Grill%26Drink%20-%20Alborada&query_place_id=ChIJ29SWqfFtLZARa8WA4iIGzr0",
"090509 Guayaquil, Ecuador","Restaurante","Restaurante","13676875865269519723","Guayaquil","EC","0x902d6df1a996d4db:0xbdce0622e280c56b",,"https://lh3.googleusercontent.com/gps-cs-s/AHRPTWnKUT7j8DXMVSe53pzbJl3CFfNDuEm9zljfvSuYIKrPFcEqIJod38gRQWhMyZiIWqd0rOe8pKtahHG2fjWFOtAmkbY6jlw0_irNRCAImjYSuBg2dZVczJYo7ueHW7OnZODMTOn2IA=w408-h725-k-no","false","false","/g/11h766fq7s","es-419","0","-2.1367108","-79.9020534",,"Alborada Este",,"false","ChIJ29SWqfFtLZARa8WA4iIGzr0","090509","$10-20","Hace un año","2025-08-07T15:59:17.316Z",,,,,,,,,"Ruido moderado",,,,"$5-10",,"3 o 4 personas","Hasta 10 min",,,,"5","5","5","Ci9DQUlRQUNvZENodHljRjlvT25KV2RXVk9NSEZSY2xaRGEzTldUWGd5TnpkSU0xRRAB",,,,,,,,,,,,,"Google",,,"0",,,"2716","2026-08-08T16:42:14.542Z","Direct Detail URL: https://www.google.com/maps/place/Rukito+Grill%26Drink+-+Alborada/@-2.1347917,-79.9223432,12.98z/data=!4m10!1m2!2m1!1srukito!3m6!1s0x902d6df1a996d4db:0xbdce0622e280c56b!8m2!3d-2.1367108!4d-79.9020534!15sCgZydWtpdG9aCCIGcnVraXRvkgEKcmVzdGF1cmFudOABAA!16s%2Fg%2F11h766fq7s?entry=ttu&g_ep=EgoyMDI2MDgwNS4xIKXMDSoASAFQAw%3D%3D","5",,,"false",,,"Rukito Grill&Drink - Alborada","4.5",,"https://www.google.com/maps/search/?api=1&query=Rukito%20Grill%26Drink%20-%20Alborada&query_place_id=ChIJ29SWqfFtLZARa8WA4iIGzr0",
"090509 Guayaquil, Ecuador","Restaurante","Restaurante","13676875865269519723","Guayaquil","EC","0x902d6df1a996d4db:0xbdce0622e280c56b",,"https://lh3.googleusercontent.com/gps-cs-s/AHRPTWnKUT7j8DXMVSe53pzbJl3CFfNDuEm9zljfvSuYIKrPFcEqIJod38gRQWhMyZiIWqd0rOe8pKtahHG2fjWFOtAmkbY6jlw0_irNRCAImjYSuBg2dZVczJYo7ueHW7OnZODMTOn2IA=w408-h725-k-no","false","false","/g/11h766fq7s","es-419","0","-2.1367108","-79.9020534",,"Alborada Este",,"false","ChIJ29SWqfFtLZARa8WA4iIGzr0","090509","$10-20","Hace un año","2025-08-07T03:19:21.648Z",,,,,,,,,,,,,"$15-20",,,,,,,"5","5","5","Ci9DQUlRQUNvZENodHljRjlvT25OQlJuY3haMmx1WjJZdFFscHpUMjlUV2xOa1lrRRAB",,,,,,,,,,,,,"Google",,,"1",,,"2716","2026-08-08T16:42:14.542Z","Direct Detail URL: https://www.google.com/maps/place/Rukito+Grill%26Drink+-+Alborada/@-2.1347917,-79.9223432,12.98z/data=!4m10!1m2!2m1!1srukito!3m6!1s0x902d6df1a996d4db:0xbdce0622e280c56b!8m2!3d-2.1367108!4d-79.9020534!15sCgZydWtpdG9aCCIGcnVraXRvkgEKcmVzdGF1cmFudOABAA!16s%2Fg%2F11h766fq7s?entry=ttu&g_ep=EgoyMDI2MDgwNS4xIKXMDSoASAFQAw%3D%3D","5",,,"false",,,"Rukito Grill&Drink - Alborada","4.5",,"https://www.google.com/maps/search/?api=1&query=Rukito%20Grill%26Drink%20-%20Alborada&query_place_id=ChIJ29SWqfFtLZARa8WA4iIGzr0",
"090509 Guayaquil, Ecuador","Restaurante","Restaurante","13676875865269519723","Guayaquil","EC","0x902d6df1a996d4db:0xbdce0622e280c56b",,"https://lh3.googleusercontent.com/gps-cs-s/AHRPTWnKUT7j8DXMVSe53pzbJl3CFfNDuEm9zljfvSuYIKrPFcEqIJod38gRQWhMyZiIWqd0rOe8pKtahHG2fjWFOtAmkbY6jlw0_irNRCAImjYSuBg2dZVczJYo7ueHW7OnZODMTOn2IA=w408-h725-k-no","false","false","/g/11h766fq7s","es-419","0","-2.1367108","-79.9020534",,"Alborada Este",,"false","ChIJ29SWqfFtLZARa8WA4iIGzr0","090509","$10-20","Hace un año","2025-08-06T22:10:46.250Z",,,,,,,,,,,"Costillas Ahumadas BBQ Con Arroz Moro Mixto Que Es Mitad Arroz Moro de Lenteja Y Moro de Choclo, Copa de Sangría",,"$15-20",,"Apto para grupos de todos los tamaños","Hasta 10 min",,,,"5","5","5","Ci9DQUlRQUNvZENodHljRjlvT2tRNVRWWnFVR1ZOYWtGc1MzZGlkVVpCZW5kcU9FRRAB",,,,,,,,,,,,,"Google",,,"6",,,"2716","2026-08-08T16:42:14.542Z","Direct Detail URL: https://www.google.com/maps/place/Rukito+Grill%26Drink+-+Alborada/@-2.1347917,-79.9223432,12.98z/data=!4m10!1m2!2m1!1srukito!3m6!1s0x902d6df1a996d4db:0xbdce0622e280c56b!8m2!3d-2.1367108!4d-79.9020534!15sCgZydWtpdG9aCCIGcnVraXRvkgEKcmVzdGF1cmFudOABAA!16s%2Fg%2F11h766fq7s?entry=ttu&g_ep=EgoyMDI2MDgwNS4xIKXMDSoASAFQAw%3D%3D","5",,,"false",,,"Rukito Grill&Drink - Alborada","4.5",,"https://www.google.com/maps/search/?api=1&query=Rukito%20Grill%26Drink%20-%20Alborada&query_place_id=ChIJ29SWqfFtLZARa8WA4iIGzr0",
"090509 Guayaquil, Ecuador","Restaurante","Restaurante","13676875865269519723","Guayaquil","EC","0x902d6df1a996d4db:0xbdce0622e280c56b",,"https://lh3.googleusercontent.com/gps-cs-s/AHRPTWnKUT7j8DXMVSe53pzbJl3CFfNDuEm9zljfvSuYIKrPFcEqIJod38gRQWhMyZiIWqd0rOe8pKtahHG2fjWFOtAmkbY6jlw0_irNRCAImjYSuBg2dZVczJYo7ueHW7OnZODMTOn2IA=w408-h725-k-no","false","false","/g/11h766fq7s","es-419","0","-2.1367108","-79.9020534",,"Alborada Este","en","false","ChIJ29SWqfFtLZARa8WA4iIGzr0","090509","$10-20","Hace un año","2025-08-06T20:38:22.280Z",,,,,,,,,,,,,,,,,,,,"5","5","5","Ci9DQUlRQUNvZENodHljRjlvT25Gc1RVMXZOVnBYY2pkT1gzbEdhR2ROWlZsU1NHYxAB",,,,,,,,,,,,,"Google",,,"1",,,"2716","2026-08-08T16:42:14.542Z","Direct Detail URL: https://www.google.com/maps/place/Rukito+Grill%26Drink+-+Alborada/@-2.1347917,-79.9223432,12.98z/data=!4m10!1m2!2m1!1srukito!3m6!1s0x902d6df1a996d4db:0xbdce0622e280c56b!8m2!3d-2.1367108!4d-79.9020534!15sCgZydWtpdG9aCCIGcnVraXRvkgEKcmVzdGF1cmFudOABAA!16s%2Fg%2F11h766fq7s?entry=ttu&g_ep=EgoyMDI2MDgwNS4xIKXMDSoASAFQAw%3D%3D","5",,,"false","If you're looking for a delicious meal and a great time, Rukito Grill & Drink in Alborada is the perfect place. The food was tasty and mouth-watering. I tried the grilled chicken and it was juicy, crispy, and full of flavor. The drinks were refreshing and the service was fast and friendly. The place had a lively and cozy atmosphere. Prices were reasonable. I really recommend it!","Si buscas una comida deliciosa y pasar un buen rato, Rukito Grill & Drink en Alborada es el lugar perfecto. La comida estaba riquísima y se me hacía agua la boca. Probé el pollo a la parrilla y estaba jugoso, crujiente y lleno de sabor. Las bebidas eran refrescantes y el servicio fue rápido y amable. El lugar tenía un ambiente animado y acogedor. Los precios eran razonables. ¡Lo recomiendo totalmente!","Rukito Grill&Drink - Alborada","4.5","es","https://www.google.com/maps/search/?api=1&query=Rukito%20Grill%26Drink%20-%20Alborada&query_place_id=ChIJ29SWqfFtLZARa8WA4iIGzr0",
"090509 Guayaquil, Ecuador","Restaurante","Restaurante","13676875865269519723","Guayaquil","EC","0x902d6df1a996d4db:0xbdce0622e280c56b",,"https://lh3.googleusercontent.com/gps-cs-s/AHRPTWnKUT7j8DXMVSe53pzbJl3CFfNDuEm9zljfvSuYIKrPFcEqIJod38gRQWhMyZiIWqd0rOe8pKtahHG2fjWFOtAmkbY6jlw0_irNRCAImjYSuBg2dZVczJYo7ueHW7OnZODMTOn2IA=w408-h725-k-no","false","true","/g/11h766fq7s","es-419","0","-2.1367108","-79.9020534",,"Alborada Este","es","false","ChIJ29SWqfFtLZARa8WA4iIGzr0","090509","$10-20","Hace un año","2025-08-06T16:58:26.364Z",,,,,,,,,,,"Canastas de Verde Con Moro Y Queso",,"$35-40",,"2 personas, 3 o 4 personas","De 30 a 60 min",,,,"4","5","5","Ci9DQUlRQUNvZENodHljRjlvT2tsMVNXTTBWWHBNU1VnNE9ITTRkbGxPTnpSNU9YYxAB","https://lh3.googleusercontent.com/grass-cs/ACvplmMj2vbAspTCa4aYQcxv7QBR9vAO6H38gghno7NXHqTnzT04SBnSQkh-mxTG-fim9raLslXhaZd9BmbQzQkkzNDdWdeLBRobwSc8p7VSbg0tf37k0XzMv63Wn55talzWhJBKmnd4qn5ClLGf=k-no","https://lh3.googleusercontent.com/grass-cs/ACvplmNetirL-qw-zzDT-ariazq3TVemyO0jSC0OOlo4wITx8iy4njEuamxcG5pZT4BZLCCF8EtkcNFoiJewJMNzE1hO33JnW8wCicvvQD1BqX8uoR_Yi_8AQJ53NX7nX4mQ1XJtKTSNcj7msOsJ=k-no","https://lh3.googleusercontent.com/grass-cs/ACvplmMKSB_byFExjxnagCon-pFgSr63t8HGaOB3CbEYK8xE8dGdtAyHpqWvzuS1DTqOzmLKKZVd1yu5XmNuEBAZoDAlgOwL5LvTZVGHDNYOEGO13T9rd-dRXCsETQokpaR44nMiGOV0g0Eamw55=k-no","https://lh3.googleusercontent.com/grass-cs/ACvplmP8yLDaAezxMEmFcUPodBHXD6mlZqseX_7VNLE3FhwXsOKhfqye7fGOYUvkOu2dCCLz3bUYFA_iETD1r7TFUF5p-Ob0ESyPUYQF4y5g4OaJT-L730R1FblOumLmM2-0YoazP6YMDh2UG_6A=k-no","https://lh3.googleusercontent.com/grass-cs/ACvplmP9Y2_NmJN3qaah7VM5regdHyevwz3PbedK46WtP1dTmijINzO0A7V8JcgxGdVJe6J93CKtz3_aubKcLe_OTcF0fkReGj_aHAqd9jWDaye2hHVFa47qOE-gz-YyAdshJBnbsFDZbx3vCvim=k-no","https://lh3.googleusercontent.com/grass-cs/ACvplmP1Ru_YmlpbBZr2VZvtlpvcEVutuaO1dg6e5GK4TUgVeoENRlm7YPgUeA0ne8ct3GlgavEiW-SpqOAm_jbquBKrCj4O_rlriAq8sMot_A7fHAD6rJAeza0_lUSU3QXmRG8Cdyv7k-KclaT_=k-no","https://lh3.googleusercontent.com/grass-cs/ACvplmO8aRTqfAyB-DbyR8Lf6t9w8tnmv0d6YS1Q86Pf8iF6iBpqE9NuQBRm93At4QlwmMcdyfCh1sMDwW_z0FscfAbdUOFJwFRb7koR2qyTZRKbsIp1yH_7AhPi5jX61ROpLIGbAQjJbzHWIl2v=k-no","https://lh3.googleusercontent.com/grass-cs/ACvplmN-xIKgmLnO0fghmQec0WHY75lkRYDzOwPzi-UJNo2FGrTMA5XdkAhLIi1DxkH2uARzevRlybOg60QXDSc2xEIl50FYTm2bwfgcj_k8sazwkCCJ_XA37MgGEzJeKugcTGf85PRdpWpkwrQ=k-no",,,,,"Google",,,"20",,,"2716","2026-08-08T16:42:14.542Z","Direct Detail URL: https://www.google.com/maps/place/Rukito+Grill%26Drink+-+Alborada/@-2.1347917,-79.9223432,12.98z/data=!4m10!1m2!2m1!1srukito!3m6!1s0x902d6df1a996d4db:0xbdce0622e280c56b!8m2!3d-2.1367108!4d-79.9020534!15sCgZydWtpdG9aCCIGcnVraXRvkgEKcmVzdGF1cmFudOABAA!16s%2Fg%2F11h766fq7s?entry=ttu&g_ep=EgoyMDI2MDgwNS4xIKXMDSoASAFQAw%3D%3D","5",,,"false","La porciones son bastante grandes, la michelada también es grande, todo estuvo bastante rico, el lugar no es tan grande como otras sucursales, pero me han dicho que esta es la que tiene mejor sabor por eso fuimos a esta, el lugar es bastante limpio y ordenando, el tiempo de espera que nos indicaron era de 25 minutos porque estaba lleno, y nos sirvieron en 27 minutos exactamente, me encantó, llevé a casa y comí al siguiente día también, pedimos la promoción baby back ribs del día miércoles recomiendo ir 3 o 4 personas si son de poco comer, recomendado",,"Rukito Grill&Drink - Alborada","4.5",,"https://www.google.com/maps/search/?api=1&query=Rukito%20Grill%26Drink%20-%20Alborada&query_place_id=ChIJ29SWqfFtLZARa8WA4iIGzr0",
"090509 Guayaquil, Ecuador","Restaurante","Restaurante","13676875865269519723","Guayaquil","EC","0x902d6df1a996d4db:0xbdce0622e280c56b",,"https://lh3.googleusercontent.com/gps-cs-s/AHRPTWnKUT7j8DXMVSe53pzbJl3CFfNDuEm9zljfvSuYIKrPFcEqIJod38gRQWhMyZiIWqd0rOe8pKtahHG2fjWFOtAmkbY6jlw0_irNRCAImjYSuBg2dZVczJYo7ueHW7OnZODMTOn2IA=w408-h725-k-no","false","false","/g/11h766fq7s","es-419","0","-2.1367108","-79.9020534",,"Alborada Este","en","false","ChIJ29SWqfFtLZARa8WA4iIGzr0","090509","$10-20","Hace un año","2025-08-05T22:52:24.821Z",,,,,,,,,,,,,,,,,,,,"5","5","5","Ci9DQUlRQUNvZENodHljRjlvT2toRFRVUkZYM1pqZVROSFZXMVBiMmhNU0ZGelpYYxAB",,,,,,,,,,,,,"Google",,,"1",,,"2716","2026-08-08T16:42:14.542Z","Direct Detail URL: https://www.google.com/maps/place/Rukito+Grill%26Drink+-+Alborada/@-2.1347917,-79.9223432,12.98z/data=!4m10!1m2!2m1!1srukito!3m6!1s0x902d6df1a996d4db:0xbdce0622e280c56b!8m2!3d-2.1367108!4d-79.9020534!15sCgZydWtpdG9aCCIGcnVraXRvkgEKcmVzdGF1cmFudOABAA!16s%2Fg%2F11h766fq7s?entry=ttu&g_ep=EgoyMDI2MDgwNS4xIKXMDSoASAFQAw%3D%3D","5",,,"false","As I entered the restaurant, I was hit by a delicius smell. we ordered the menu and saw many delicious dishes and they gave us good service, although the rice is very moist. I think it also depends on taste","Al entrar al restaurante, me cautivó un aroma delicioso. Pedimos el menú y vimos muchos platos deliciosos. Nos atendieron bien, aunque el arroz estaba muy jugoso. Creo que también depende del gusto.","Rukito Grill&Drink - Alborada","4.5","es","https://www.google.com/maps/search/?api=1&query=Rukito%20Grill%26Drink%20-%20Alborada&query_place_id=ChIJ29SWqfFtLZARa8WA4iIGzr0",
"090509 Guayaquil, Ecuador","Restaurante","Restaurante","13676875865269519723","Guayaquil","EC","0x902d6df1a996d4db:0xbdce0622e280c56b",,"https://lh3.googleusercontent.com/gps-cs-s/AHRPTWnKUT7j8DXMVSe53pzbJl3CFfNDuEm9zljfvSuYIKrPFcEqIJod38gRQWhMyZiIWqd0rOe8pKtahHG2fjWFOtAmkbY6jlw0_irNRCAImjYSuBg2dZVczJYo7ueHW7OnZODMTOn2IA=w408-h725-k-no","false","true","/g/11h766fq7s","es-419","0","-2.1367108","-79.9020534",,"Alborada Este",,"false","ChIJ29SWqfFtLZARa8WA4iIGzr0","090509","$10-20","Hace un año","2025-08-05T18:07:46.924Z",,,,,,,,,,,,,,,,,,,,"5","5","5","Ci9DQUlRQUNvZENodHljRjlvT21RNWRVdHpVamhWZURGT2RYRnVjbUZ5VkhSZmEyYxAB",,,,,,,,,,,,,"Google",,,"61",,,"2716","2026-08-08T16:42:14.542Z","Direct Detail URL: https://www.google.com/maps/place/Rukito+Grill%26Drink+-+Alborada/@-2.1347917,-79.9223432,12.98z/data=!4m10!1m2!2m1!1srukito!3m6!1s0x902d6df1a996d4db:0xbdce0622e280c56b!8m2!3d-2.1367108!4d-79.9020534!15sCgZydWtpdG9aCCIGcnVraXRvkgEKcmVzdGF1cmFudOABAA!16s%2Fg%2F11h766fq7s?entry=ttu&g_ep=EgoyMDI2MDgwNS4xIKXMDSoASAFQAw%3D%3D","5",,,"false",,,"Rukito Grill&Drink - Alborada","4.5",,"https://www.google.com/maps/search/?api=1&query=Rukito%20Grill%26Drink%20-%20Alborada&query_place_id=ChIJ29SWqfFtLZARa8WA4iIGzr0",
"090509 Guayaquil, Ecuador","Restaurante","Restaurante","13676875865269519723","Guayaquil","EC","0x902d6df1a996d4db:0xbdce0622e280c56b",,"https://lh3.googleusercontent.com/gps-cs-s/AHRPTWnKUT7j8DXMVSe53pzbJl3CFfNDuEm9zljfvSuYIKrPFcEqIJod38gRQWhMyZiIWqd0rOe8pKtahHG2fjWFOtAmkbY6jlw0_irNRCAImjYSuBg2dZVczJYo7ueHW7OnZODMTOn2IA=w408-h725-k-no","false","false","/g/11h766fq7s","es-419","0","-2.1367108","-79.9020534",,"Alborada Este","es","false","ChIJ29SWqfFtLZARa8WA4iIGzr0","090509","$10-20","Hace un año","2025-08-04T03:11:31.606Z",,,,,,,,,,,,,"$10-15",,,,,,,,,,"Ci9DQUlRQUNvZENodHljRjlvT25KS2RubEhUemgxVVRGV1ZqbGpXV010WDAxMGRXYxAB",,,,,,,,,,,,,"Google",,,"3",,,"2716","2026-08-08T16:42:14.542Z","Direct Detail URL: https://www.google.com/maps/place/Rukito+Grill%26Drink+-+Alborada/@-2.1347917,-79.9223432,12.98z/data=!4m10!1m2!2m1!1srukito!3m6!1s0x902d6df1a996d4db:0xbdce0622e280c56b!8m2!3d-2.1367108!4d-79.9020534!15sCgZydWtpdG9aCCIGcnVraXRvkgEKcmVzdGF1cmFudOABAA!16s%2Fg%2F11h766fq7s?entry=ttu&g_ep=EgoyMDI2MDgwNS4xIKXMDSoASAFQAw%3D%3D","5",,,"false","Todo delicioso",,"Rukito Grill&Drink - Alborada","4.5",,"https://www.google.com/maps/search/?api=1&query=Rukito%20Grill%26Drink%20-%20Alborada&query_place_id=ChIJ29SWqfFtLZARa8WA4iIGzr0",
"090509 Guayaquil, Ecuador","Restaurante","Restaurante","13676875865269519723","Guayaquil","EC","0x902d6df1a996d4db:0xbdce0622e280c56b",,"https://lh3.googleusercontent.com/gps-cs-s/AHRPTWnKUT7j8DXMVSe53pzbJl3CFfNDuEm9zljfvSuYIKrPFcEqIJod38gRQWhMyZiIWqd0rOe8pKtahHG2fjWFOtAmkbY6jlw0_irNRCAImjYSuBg2dZVczJYo7ueHW7OnZODMTOn2IA=w408-h725-k-no","false","true","/g/11h766fq7s","es-419","0","-2.1367108","-79.9020534",,"Alborada Este",,"false","ChIJ29SWqfFtLZARa8WA4iIGzr0","090509","$10-20","Hace un año","2025-08-03T15:05:43.366Z",,,,,,,,,,,,,"$10-15","No lo sé","Apto para grupos de todos los tamaños","De 10 a 30 min",,,,"4","5","5","Ci9DQUlRQUNvZENodHljRjlvT2pGTE5ua3ljRVl3WXpoeFZWVnNRVlpKUWtoRWNuYxAB",,,,,,,,,,,,,"Google",,,"93",,,"2716","2026-08-08T16:42:14.542Z","Direct Detail URL: https://www.google.com/maps/place/Rukito+Grill%26Drink+-+Alborada/@-2.1347917,-79.9223432,12.98z/data=!4m10!1m2!2m1!1srukito!3m6!1s0x902d6df1a996d4db:0xbdce0622e280c56b!8m2!3d-2.1367108!4d-79.9020534!15sCgZydWtpdG9aCCIGcnVraXRvkgEKcmVzdGF1cmFudOABAA!16s%2Fg%2F11h766fq7s?entry=ttu&g_ep=EgoyMDI2MDgwNS4xIKXMDSoASAFQAw%3D%3D","5",,,"false",,,"Rukito Grill&Drink - Alborada","4.5",,"https://www.google.com/maps/search/?api=1&query=Rukito%20Grill%26Drink%20-%20Alborada&query_place_id=ChIJ29SWqfFtLZARa8WA4iIGzr0",
"090509 Guayaquil, Ecuador","Restaurante","Restaurante","13676875865269519723","Guayaquil","EC","0x902d6df1a996d4db:0xbdce0622e280c56b",,"https://lh3.googleusercontent.com/gps-cs-s/AHRPTWnKUT7j8DXMVSe53pzbJl3CFfNDuEm9zljfvSuYIKrPFcEqIJod38gRQWhMyZiIWqd0rOe8pKtahHG2fjWFOtAmkbY6jlw0_irNRCAImjYSuBg2dZVczJYo7ueHW7OnZODMTOn2IA=w408-h725-k-no","false","false","/g/11h766fq7s","es-419","0","-2.1367108","-79.9020534",,"Alborada Este",,"false","ChIJ29SWqfFtLZARa8WA4iIGzr0","090509","$10-20","Hace un año","2025-08-03T05:12:04.131Z",,,,,,,,,,,,,"$25-30","No lo sé","Apto para grupos de todos los tamaños","Sin espera",,,,"5","5","5","Ci9DQUlRQUNvZENodHljRjlvT25sRWFUQkxSM1ZrWlZWTFF5MWlXa3RYUTA1TlVVRRAB",,,,,,,,,,,,,"Google",,,"0",,,"2716","2026-08-08T16:42:14.542Z","Direct Detail URL: https://www.google.com/maps/place/Rukito+Grill%26Drink+-+Alborada/@-2.1347917,-79.9223432,12.98z/data=!4m10!1m2!2m1!1srukito!3m6!1s0x902d6df1a996d4db:0xbdce0622e280c56b!8m2!3d-2.1367108!4d-79.9020534!15sCgZydWtpdG9aCCIGcnVraXRvkgEKcmVzdGF1cmFudOABAA!16s%2Fg%2F11h766fq7s?entry=ttu&g_ep=EgoyMDI2MDgwNS4xIKXMDSoASAFQAw%3D%3D","5",,,"false",,,"Rukito Grill&Drink - Alborada","4.5",,"https://www.google.com/maps/search/?api=1&query=Rukito%20Grill%26Drink%20-%20Alborada&query_place_id=ChIJ29SWqfFtLZARa8WA4iIGzr0",
"090509 Guayaquil, Ecuador","Restaurante","Restaurante","13676875865269519723","Guayaquil","EC","0x902d6df1a996d4db:0xbdce0622e280c56b",,"https://lh3.googleusercontent.com/gps-cs-s/AHRPTWnKUT7j8DXMVSe53pzbJl3CFfNDuEm9zljfvSuYIKrPFcEqIJod38gRQWhMyZiIWqd0rOe8pKtahHG2fjWFOtAmkbY6jlw0_irNRCAImjYSuBg2dZVczJYo7ueHW7OnZODMTOn2IA=w408-h725-k-no","false","true","/g/11h766fq7s","es-419","0","-2.1367108","-79.9020534",,"Alborada Este",,"false","ChIJ29SWqfFtLZARa8WA4iIGzr0","090509","$10-20","Hace un año","2025-08-03T03:45:44.278Z",,,,,,,,,,,,,,,,,,,,"5","5","5","Ci9DQUlRQUNvZENodHljRjlvT2pReFJ6QkdNRFYzTkhaVVgwWmljM0pSWlZWMVdrRRAB","https://lh3.googleusercontent.com/grass-cs/ACvplmMA9ShMIpHlUNubL2xLI_24Gc2US_qgQR1EP7sHmJcVvv5mwnZHUFwiCVMQK39Ag5AKlQnvuTswyissqMYdoJAnYF0mdOgFr7nz0JKdVcvKRnhCVp2Xm1MrYNnXDenZ1k9qqUdRrSdjqyuH=k-no","https://lh3.googleusercontent.com/grass-cs/ACvplmPgh_9rAxtujBV9ivtcPcy4Nkf3nSlOrsy537xNuA95rjSI75vEO1b8QDTtlVjMGrsYaulOLw2wGNmxxwdulQGP44ZRxqd_y2KjBacXRwo2gJZW4N70VmICkOFz8rRpiJE9b7Ve1xapz7OL=k-no","https://lh3.googleusercontent.com/grass-cs/ACvplmPWA__iWgy6Vm59kkY3IWNKisKdl-bOvljyyRj0tM3xjuZJshmBM8cFrHew6dD2VmTvAr3FGIaNq6pgRnptw21Zve16Q7BxHoFp5WSjjxTxOoTLh1ZSB_H2Ri_MDpZjLFso3KN9lqArxChU=k-no","https://lh3.googleusercontent.com/grass-cs/ACvplmNY8_2jeAH22tjHVt2Axpo84cXgi8pjyZcng47MnAO5NIFE7UjR6RbVqX3t5cc6luwHnTZPOeJD0b0jGyZjsu2zJgaFWHD7JQwwLeyoZqCvuwJ7HnUP1IUotVoH2JaxWR7w-1Q3TmlL-LWi=k-no","https://lh3.googleusercontent.com/grass-cs/ACvplmPuUk4-M4deJfi2uzRjwNmti49Pah0J0OqFreXIgInwjPHK0309uIhAIbFFBSUdYBOPvSG7X77Rtuyzum54tzQIX7sTVlE5wmSnIKpxkLOdZLlu7eZNKh8SEW55cprot8uQR_fgsUICPZEs=k-no",,,,,,,,"Google",,,"3",,,"2716","2026-08-08T16:42:14.542Z","Direct Detail URL: https://www.google.com/maps/place/Rukito+Grill%26Drink+-+Alborada/@-2.1347917,-79.9223432,12.98z/data=!4m10!1m2!2m1!1srukito!3m6!1s0x902d6df1a996d4db:0xbdce0622e280c56b!8m2!3d-2.1367108!4d-79.9020534!15sCgZydWtpdG9aCCIGcnVraXRvkgEKcmVzdGF1cmFudOABAA!16s%2Fg%2F11h766fq7s?entry=ttu&g_ep=EgoyMDI2MDgwNS4xIKXMDSoASAFQAw%3D%3D","5",,,"false",,,"Rukito Grill&Drink - Alborada","4.5",,"https://www.google.com/maps/search/?api=1&query=Rukito%20Grill%26Drink%20-%20Alborada&query_place_id=ChIJ29SWqfFtLZARa8WA4iIGzr0",
"090509 Guayaquil, Ecuador","Restaurante","Restaurante","13676875865269519723","Guayaquil","EC","0x902d6df1a996d4db:0xbdce0622e280c56b",,"https://lh3.googleusercontent.com/gps-cs-s/AHRPTWnKUT7j8DXMVSe53pzbJl3CFfNDuEm9zljfvSuYIKrPFcEqIJod38gRQWhMyZiIWqd0rOe8pKtahHG2fjWFOtAmkbY6jlw0_irNRCAImjYSuBg2dZVczJYo7ueHW7OnZODMTOn2IA=w408-h725-k-no","false","false","/g/11h766fq7s","es-419","0","-2.1367108","-79.9020534",,"Alborada Este",,"false","ChIJ29SWqfFtLZARa8WA4iIGzr0","090509","$10-20","Hace un año","2025-08-02T22:02:27.932Z",,,,,,,,,,,,,"$15-20",,,,,,,"3","5","5","Ci9DQUlRQUNvZENodHljRjlvT205Q09IUldZM2huZWs1blVEbFRiblp0UXpreFVrRRAB",,,,,,,,,,,,,"Google",,,"2",,,"2716","2026-08-08T16:42:14.542Z","Direct Detail URL: https://www.google.com/maps/place/Rukito+Grill%26Drink+-+Alborada/@-2.1347917,-79.9223432,12.98z/data=!4m10!1m2!2m1!1srukito!3m6!1s0x902d6df1a996d4db:0xbdce0622e280c56b!8m2!3d-2.1367108!4d-79.9020534!15sCgZydWtpdG9aCCIGcnVraXRvkgEKcmVzdGF1cmFudOABAA!16s%2Fg%2F11h766fq7s?entry=ttu&g_ep=EgoyMDI2MDgwNS4xIKXMDSoASAFQAw%3D%3D","5",,,"false",,,"Rukito Grill&Drink - Alborada","4.5",,"https://www.google.com/maps/search/?api=1&query=Rukito%20Grill%26Drink%20-%20Alborada&query_place_id=ChIJ29SWqfFtLZARa8WA4iIGzr0",
"090509 Guayaquil, Ecuador","Restaurante","Restaurante","13676875865269519723","Guayaquil","EC","0x902d6df1a996d4db:0xbdce0622e280c56b",,"https://lh3.googleusercontent.com/gps-cs-s/AHRPTWnKUT7j8DXMVSe53pzbJl3CFfNDuEm9zljfvSuYIKrPFcEqIJod38gRQWhMyZiIWqd0rOe8pKtahHG2fjWFOtAmkbY6jlw0_irNRCAImjYSuBg2dZVczJYo7ueHW7OnZODMTOn2IA=w408-h725-k-no","false","true","/g/11h766fq7s","es-419","0","-2.1367108","-79.9020534",,"Alborada Este","es","false","ChIJ29SWqfFtLZARa8WA4iIGzr0","090509","$10-20","Hace un año","2025-08-01T12:32:49.615Z",,,,"Si hay",,"Es un poco difícil encontrar estacionamiento","Siempre hay un guardia afuera que cuida y le das la propina que creas correcta",,,"Estacionamiento gratuito en la calle",,,"$10-15",,"1 persona, 2 personas, 3 o 4 personas, Entre 5 y 8 personas","Hasta 10 min",,"Cena",,"4","5","5","Ci9DQUlRQUNvZENodHljRjlvT25seGVuQm5jekZhTjBsYVdFUjRVV0o0VkRod1MwRRAB","https://lh3.googleusercontent.com/grass-cs/ACvplmOilPoRXBJUPIAtV4eoG7YM_0P0iq8vV96CtuzHV1GJDQUU8bOUxecqLzVDtNlFNAQ6AwrcUPqMsxV98eZAFKh3R_n5YihutdOeGkDqGEZDMtpu1AOFPHL9_ks-jfrcdIo_u1zYxeh4eI_s=k-no","https://lh3.googleusercontent.com/grass-cs/ACvplmOpa-zCRQ_g7dIM63QBej-4N9b7tBQ9ZdXUBVx_RRE7tfKamlmIPOm9fkH6cyJiRs6SLBIS6dc1M6JosswZCDNSD4GBdj1tb0mOMAWMB6UMkLpnlplc1YuacutX3Fi2agyAHMnSAPVbl3pk=k-no","https://lh3.googleusercontent.com/grass-cs/ACvplmOqzGJpT2MseiLIDZFrIRCK5pIoBkX3aYOEeaLW3FBe87LNXkSGs-NtFG6dqgBSnRN3nCJc4J-USksZd5zUuVtz_PmWp5K6eQlFH7P9iUn1MbZRf_i9ORr6TBr1P3Ns-SUcM6iHF0nORfBM=k-no","https://lh3.googleusercontent.com/grass-cs/ACvplmMd-ZVeyOd7rk43Z74hjUZQ9k_3StWeW6MNLOldTkOk4PJ-4IF1nLItBHLpr-KQSxM4EtRQ5z26LRE1wNNuhTMVDBTLPJvtzrXEREcixyIODAZGWbdP0vYIPkhDWACo7Tr8ipDvet_-6b08=k-no","https://lh3.googleusercontent.com/grass-cs/ACvplmM5inPpn5NQURMcPontod-vEuCe7XuzRTk9ExfX7OePRrsPHCLPyLKSv-vLzXtUCk-6IsveVenhkvzYRYZGn575yi0rZgDdd5SrI_H7M4Wcte2NBJ3Nk3-fGUU4gSoomJ1zGmHm=k-no","https://lh3.googleusercontent.com/grass-cs/ACvplmN2CE1bbcDVAsP5_N22bAXlcQ3z5hvoyxuNAWpaptaxn3MGQRvcEg4fnGRHO1dRUp7wCpeeiJ-Qmh2ryoSqHBCsqOerOc35Th8zseNYNrHm_b6w3_LC4a5sDsI00LnFrBYKNjseAnEKh1A=k-no","https://lh3.googleusercontent.com/grass-cs/ACvplmMuXHORh0r-cLraQ2XS8ChWdqEnRTp1XAQQMx6WMY3Ml5wpEtTTtlKnPuTm9fZdnyoVM_xDbIJNFcXQSq6pd5oCe_hmxrHApFUb8HvhHWI4jlz_DdaUnH0SCKDIXnAAxLzdknNoacj7DX3f=k-no","https://lh3.googleusercontent.com/grass-cs/ACvplmNnm9i0gcxT5bROK5kjsCMM3kPxVxRjnAw1Xwikfx9nDyavdavFzxpo2YuDh688XtIx2Jg7bF7OJ-oOSVsIzdDP3GwFUzSK76sm3hrxM7MZ_LanbkomhoxuOt5uWdzlKI-Z_3ISptDAEmY=k-no","https://lh3.googleusercontent.com/grass-cs/ACvplmMPM70_pyKao0ymVu6lA9t-Y7bru3JaY6hK9OpRCxnNKF8DwdO_FZGdsW4YbjBQK5CdHdv2KkNOpqkA-AexImUHrq_FT2R6UBmEt4IsAwRZjfs8-kZQRAt5jiA4rBDxX0tDqsx4ikZJuDNk=k-no","https://lh3.googleusercontent.com/grass-cs/ACvplmMW4bAK3JjZYfQzV9HQk2tKrGjRpeN0sqT4MO0aWoKDrs9ck_Hy2CKDwqK74Z4_UNn4p5tB0ae0ohZo2NWDaXTsafouhWMVE4PmyvtyqhyvXfRXl4g5z3Y_gGk2PWynydF8sLy_-GFAWRHP=k-no","https://lh3.googleusercontent.com/grass-cs/ACvplmN0smxmutZf1xVh3KhSyfXdLcHqXbQD9jw5-u1NAHDD5Gn-RGMuUgsZppi0VJv8VkQJdWVKV6Er8Aom8g9N64UuJRNlkkwutZQZmXlFdP87arNvunubM7BlSI5T253240Xa8Rivn9X3iO0=k-no","https://lh3.googleusercontent.com/grass-cs/ACvplmOG7Z1Qz5ceyeF4oQa2lzCDgtmmgETEDECgS_Byx-3teVeYtme5L6HZoC0reXWom7bCpHoK17bE4oEYXxvvKDzUZjI_FBliFIa9oaVYvIhdg9D9YZu02jyPqNfXlXGPFKk8Ffg-odHHtzMF=k-no","Google",,,"256",,,"2716","2026-08-08T16:42:14.542Z","Direct Detail URL: https://www.google.com/maps/place/Rukito+Grill%26Drink+-+Alborada/@-2.1347917,-79.9223432,12.98z/data=!4m10!1m2!2m1!1srukito!3m6!1s0x902d6df1a996d4db:0xbdce0622e280c56b!8m2!3d-2.1367108!4d-79.9020534!15sCgZydWtpdG9aCCIGcnVraXRvkgEKcmVzdGF1cmFudOABAA!16s%2Fg%2F11h766fq7s?entry=ttu&g_ep=EgoyMDI2MDgwNS4xIKXMDSoASAFQAw%3D%3D","5",,,"false","Segundo local de esta cadena que visito y nuevamente me voy muy conforme, esta vez probé un plato que es de carne de res, te la llevan en una especie de parrilla pequeña que parece como una caja china con piedras calientes en su interior, la carne va termino 1/4 y tu la terminas de hacer a tu gusto, es deliciosa, suave y con muy buen sabor en realidad la comí así como la trajeron y solita fue llegando a su término medio, pedí sal en grano y pimienta, con eso quedó mucho mejor, pero de por si, se la puede comer como te la sirven, aquí la jarra de sangría si es de a de veras, te alcanza para 7 copas pero no de las normales, son copas gigantes, esa jarra creo que es de más de 4 lt, y también la panceta están igual que en el.local anterior, extraordinarias, crocantes por fuera jugosas por dentro, los patacones bien tostaditos hasta el final, el moro lenteja y choclo espectacular y nuevamente aunque andábamos 3 sobró todavía para llevar, recomendado",,"Rukito Grill&Drink - Alborada","4.5",,"https://www.google.com/maps/search/?api=1&query=Rukito%20Grill%26Drink%20-%20Alborada&query_place_id=ChIJ29SWqfFtLZARa8WA4iIGzr0",
"090509 Guayaquil, Ecuador","Restaurante","Restaurante","13676875865269519723","Guayaquil","EC","0x902d6df1a996d4db:0xbdce0622e280c56b",,"https://lh3.googleusercontent.com/gps-cs-s/AHRPTWnKUT7j8DXMVSe53pzbJl3CFfNDuEm9zljfvSuYIKrPFcEqIJod38gRQWhMyZiIWqd0rOe8pKtahHG2fjWFOtAmkbY6jlw0_irNRCAImjYSuBg2dZVczJYo7ueHW7OnZODMTOn2IA=w408-h725-k-no","false","false","/g/11h766fq7s","es-419","0","-2.1367108","-79.9020534",,"Alborada Este",,"false","ChIJ29SWqfFtLZARa8WA4iIGzr0","090509","$10-20","Hace un año","2025-07-31T22:55:45.412Z",,,,,,,,,,,,,,,,,,,,"5","3","5","Ci9DQUlRQUNvZENodHljRjlvT2taSFVVNDFRM0Z2VW5sZlpYbHhVMGxxUkVSRFJIYxAB",,,,,,,,,,,,,"Google",,,"1",,,"2716","2026-08-08T16:42:14.542Z","Direct Detail URL: https://www.google.com/maps/place/Rukito+Grill%26Drink+-+Alborada/@-2.1347917,-79.9223432,12.98z/data=!4m10!1m2!2m1!1srukito!3m6!1s0x902d6df1a996d4db:0xbdce0622e280c56b!8m2!3d-2.1367108!4d-79.9020534!15sCgZydWtpdG9aCCIGcnVraXRvkgEKcmVzdGF1cmFudOABAA!16s%2Fg%2F11h766fq7s?entry=ttu&g_ep=EgoyMDI2MDgwNS4xIKXMDSoASAFQAw%3D%3D","4",,,"false",,,"Rukito Grill&Drink - Alborada","4.5",,"https://www.google.com/maps/search/?api=1&query=Rukito%20Grill%26Drink%20-%20Alborada&query_place_id=ChIJ29SWqfFtLZARa8WA4iIGzr0",
"090509 Guayaquil, Ecuador","Restaurante","Restaurante","13676875865269519723","Guayaquil","EC","0x902d6df1a996d4db:0xbdce0622e280c56b",,"https://lh3.googleusercontent.com/gps-cs-s/AHRPTWnKUT7j8DXMVSe53pzbJl3CFfNDuEm9zljfvSuYIKrPFcEqIJod38gRQWhMyZiIWqd0rOe8pKtahHG2fjWFOtAmkbY6jlw0_irNRCAImjYSuBg2dZVczJYo7ueHW7OnZODMTOn2IA=w408-h725-k-no","false","false","/g/11h766fq7s","es-419","0","-2.1367108","-79.9020534",,"Alborada Este",,"false","ChIJ29SWqfFtLZARa8WA4iIGzr0","090509","$10-20","Hace un año","2025-07-31T16:14:36.531Z",,,,,,"Es un poco difícil encontrar estacionamiento",,,,"Estacionamiento gratuito en la calle",,,"$20-25",,"Apto para grupos de todos los tamaños","De 10 a 30 min",,"Cena",,"5","5","5","Ci9DQUlRQUNvZENodHljRjlvT2tseVVrWnRSakF5TW1kWWVqQmhjR2hrU1V4c1pHYxAB","https://lh3.googleusercontent.com/grass-cs/ACvplmM166kQ2gcVI1SUC5imKlgMzYng5JFp5zbwC50TgAJBDUjq20fmGaGHJE7TPWSrZR7TReMufRV-8Qkh0GLMwwEOt9yFhWp_galZjLAEooveyOmBpHVHawd0I1KQdyJUobH4UNkgqUTHgN7a=k-no",,,,,,,,,,,,"Google",,,"3",,,"2716","2026-08-08T16:42:14.542Z","Direct Detail URL: https://www.google.com/maps/place/Rukito+Grill%26Drink+-+Alborada/@-2.1347917,-79.9223432,12.98z/data=!4m10!1m2!2m1!1srukito!3m6!1s0x902d6df1a996d4db:0xbdce0622e280c56b!8m2!3d-2.1367108!4d-79.9020534!15sCgZydWtpdG9aCCIGcnVraXRvkgEKcmVzdGF1cmFudOABAA!16s%2Fg%2F11h766fq7s?entry=ttu&g_ep=EgoyMDI2MDgwNS4xIKXMDSoASAFQAw%3D%3D","5",,,"false",,,"Rukito Grill&Drink - Alborada","4.5",,"https://www.google.com/maps/search/?api=1&query=Rukito%20Grill%26Drink%20-%20Alborada&query_place_id=ChIJ29SWqfFtLZARa8WA4iIGzr0",
"090509 Guayaquil, Ecuador","Restaurante","Restaurante","13676875865269519723","Guayaquil","EC","0x902d6df1a996d4db:0xbdce0622e280c56b",,"https://lh3.googleusercontent.com/gps-cs-s/AHRPTWnKUT7j8DXMVSe53pzbJl3CFfNDuEm9zljfvSuYIKrPFcEqIJod38gRQWhMyZiIWqd0rOe8pKtahHG2fjWFOtAmkbY6jlw0_irNRCAImjYSuBg2dZVczJYo7ueHW7OnZODMTOn2IA=w408-h725-k-no","false","true","/g/11h766fq7s","es-419","0","-2.1367108","-79.9020534",,"Alborada Este","es","false","ChIJ29SWqfFtLZARa8WA4iIGzr0","090509","$10-20","Hace un año","2025-07-29T23:20:01.462Z",,,,,,"Es un poco difícil encontrar estacionamiento",,,"Silencioso, agradable para conversar",,,,"$15-20",,"3 o 4 personas","De 10 a 30 min",,,,"3","5","4","Ci9DQUlRQUNvZENodHljRjlvT2kxSWFYRjBZVmszUVZCSWFHUmFZV3h2UzBFMWMzYxAB",,,,,,,,,,,,,"Google",,,"9",,,"2716","2026-08-08T16:42:14.542Z","Direct Detail URL: https://www.google.com/maps/place/Rukito+Grill%26Drink+-+Alborada/@-2.1347917,-79.9223432,12.98z/data=!4m10!1m2!2m1!1srukito!3m6!1s0x902d6df1a996d4db:0xbdce0622e280c56b!8m2!3d-2.1367108!4d-79.9020534!15sCgZydWtpdG9aCCIGcnVraXRvkgEKcmVzdGF1cmFudOABAA!16s%2Fg%2F11h766fq7s?entry=ttu&g_ep=EgoyMDI2MDgwNS4xIKXMDSoASAFQAw%3D%3D","5",,,"false","He visitado varias veces por las costillas por el moro y la saciedad que sales después de comer hasta para llevar, costillas, pancets, el moro y las papas genial, tiene opciones de mariscos recomiendo el asado de picudo muy bueno igual la sangría me gustaría que el local lo remodelen o hagan una expansión el espacio de otro piso en la Alborada, la espera por entrar vale la pena por disfrutar de la comida",,"Rukito Grill&Drink - Alborada","4.5",,"https://www.google.com/maps/search/?api=1&query=Rukito%20Grill%26Drink%20-%20Alborada&query_place_id=ChIJ29SWqfFtLZARa8WA4iIGzr0",
"090509 Guayaquil, Ecuador","Restaurante","Restaurante","13676875865269519723","Guayaquil","EC","0x902d6df1a996d4db:0xbdce0622e280c56b",,"https://lh3.googleusercontent.com/gps-cs-s/AHRPTWnKUT7j8DXMVSe53pzbJl3CFfNDuEm9zljfvSuYIKrPFcEqIJod38gRQWhMyZiIWqd0rOe8pKtahHG2fjWFOtAmkbY6jlw0_irNRCAImjYSuBg2dZVczJYo7ueHW7OnZODMTOn2IA=w408-h725-k-no","false","true","/g/11h766fq7s","es-419","0","-2.1367108","-79.9020534",,"Alborada Este","es","false","ChIJ29SWqfFtLZARa8WA4iIGzr0","090509","$10-20","Hace un año","2025-07-28T21:57:59.650Z",,,,,,,,,,,,,,,,,,,,,,,"Ci9DQUlRQUNvZENodHljRjlvT21OVWVGRkdNVEZQZW5WNVZUVmpiVXBXYUhKVmEwRRAB",,,,,,,,,,,,,"Google",,,"16",,,"2716","2026-08-08T16:42:14.542Z","Direct Detail URL: https://www.google.com/maps/place/Rukito+Grill%26Drink+-+Alborada/@-2.1347917,-79.9223432,12.98z/data=!4m10!1m2!2m1!1srukito!3m6!1s0x902d6df1a996d4db:0xbdce0622e280c56b!8m2!3d-2.1367108!4d-79.9020534!15sCgZydWtpdG9aCCIGcnVraXRvkgEKcmVzdGF1cmFudOABAA!16s%2Fg%2F11h766fq7s?entry=ttu&g_ep=EgoyMDI2MDgwNS4xIKXMDSoASAFQAw%3D%3D","4",,,"false","No cubrió mis expectativas!",,"Rukito Grill&Drink - Alborada","4.5",,"https://www.google.com/maps/search/?api=1&query=Rukito%20Grill%26Drink%20-%20Alborada&query_place_id=ChIJ29SWqfFtLZARa8WA4iIGzr0",
"090509 Guayaquil, Ecuador","Restaurante","Restaurante","13676875865269519723","Guayaquil","EC","0x902d6df1a996d4db:0xbdce0622e280c56b",,"https://lh3.googleusercontent.com/gps-cs-s/AHRPTWnKUT7j8DXMVSe53pzbJl3CFfNDuEm9zljfvSuYIKrPFcEqIJod38gRQWhMyZiIWqd0rOe8pKtahHG2fjWFOtAmkbY6jlw0_irNRCAImjYSuBg2dZVczJYo7ueHW7OnZODMTOn2IA=w408-h725-k-no","false","true","/g/11h766fq7s","es-419","0","-2.1367108","-79.9020534",,"Alborada Este",,"false","ChIJ29SWqfFtLZARa8WA4iIGzr0","090509","$10-20","Hace un año","2025-07-25T23:05:44.105Z",,,,,,,,"Ningún evento especial",,,,,"$15-20",,"1 persona, 3 o 4 personas","De 10 a 30 min",,,,"3","4","4","Ci9DQUlRQUNvZENodHljRjlvT2tSWFQwdE9RblJOYm1OYVJIRjRhWEJ4V0c5V1duYxAB",,,,,,,,,,,,,"Google",,,"101",,,"2716","2026-08-08T16:42:14.542Z","Direct Detail URL: https://www.google.com/maps/place/Rukito+Grill%26Drink+-+Alborada/@-2.1347917,-79.9223432,12.98z/data=!4m10!1m2!2m1!1srukito!3m6!1s0x902d6df1a996d4db:0xbdce0622e280c56b!8m2!3d-2.1367108!4d-79.9020534!15sCgZydWtpdG9aCCIGcnVraXRvkgEKcmVzdGF1cmFudOABAA!16s%2Fg%2F11h766fq7s?entry=ttu&g_ep=EgoyMDI2MDgwNS4xIKXMDSoASAFQAw%3D%3D","4",,,"false",,,"Rukito Grill&Drink - Alborada","4.5",,"https://www.google.com/maps/search/?api=1&query=Rukito%20Grill%26Drink%20-%20Alborada&query_place_id=ChIJ29SWqfFtLZARa8WA4iIGzr0",
"090509 Guayaquil, Ecuador","Restaurante","Restaurante","13676875865269519723","Guayaquil","EC","0x902d6df1a996d4db:0xbdce0622e280c56b",,"https://lh3.googleusercontent.com/gps-cs-s/AHRPTWnKUT7j8DXMVSe53pzbJl3CFfNDuEm9zljfvSuYIKrPFcEqIJod38gRQWhMyZiIWqd0rOe8pKtahHG2fjWFOtAmkbY6jlw0_irNRCAImjYSuBg2dZVczJYo7ueHW7OnZODMTOn2IA=w408-h725-k-no","false","true","/g/11h766fq7s","es-419","0","-2.1367108","-79.9020534",,"Alborada Este","es","false","ChIJ29SWqfFtLZARa8WA4iIGzr0","090509","$10-20","Hace un año","2025-07-25T00:26:09.540Z",,,,,,,,"Ningún evento especial",,,,,"$10-15",,"3 o 4 personas","Sin espera",,,,"4","5","5","Ci9DQUlRQUNvZENodHljRjlvT2pKSk9YWk9UelpzYUU0MU4wTk1UMloyWHpORWQwRRAB",,,,,,,,,,,,,"Google",,,"70",,,"2716","2026-08-08T16:42:14.542Z","Direct Detail URL: https://www.google.com/maps/place/Rukito+Grill%26Drink+-+Alborada/@-2.1347917,-79.9223432,12.98z/data=!4m10!1m2!2m1!1srukito!3m6!1s0x902d6df1a996d4db:0xbdce0622e280c56b!8m2!3d-2.1367108!4d-79.9020534!15sCgZydWtpdG9aCCIGcnVraXRvkgEKcmVzdGF1cmFudOABAA!16s%2Fg%2F11h766fq7s?entry=ttu&g_ep=EgoyMDI2MDgwNS4xIKXMDSoASAFQAw%3D%3D","5",,,"false","un lugar muy acogedor, una delicia de costillas, me gusta mucho!",,"Rukito Grill&Drink - Alborada","4.5",,"https://www.google.com/maps/search/?api=1&query=Rukito%20Grill%26Drink%20-%20Alborada&query_place_id=ChIJ29SWqfFtLZARa8WA4iIGzr0",
"090509 Guayaquil, Ecuador","Restaurante","Restaurante","13676875865269519723","Guayaquil","EC","0x902d6df1a996d4db:0xbdce0622e280c56b",,"https://lh3.googleusercontent.com/gps-cs-s/AHRPTWnKUT7j8DXMVSe53pzbJl3CFfNDuEm9zljfvSuYIKrPFcEqIJod38gRQWhMyZiIWqd0rOe8pKtahHG2fjWFOtAmkbY6jlw0_irNRCAImjYSuBg2dZVczJYo7ueHW7OnZODMTOn2IA=w408-h725-k-no","false","false","/g/11h766fq7s","es-419","0","-2.1367108","-79.9020534",,"Alborada Este",,"false","ChIJ29SWqfFtLZARa8WA4iIGzr0","090509","$10-20","Hace un año","2025-07-24T18:53:35.623Z",,,,,,,,,,,,,,,,,,,,"3","4","4","Ci9DQUlRQUNvZENodHljRjlvT2toUlNHWnNlRVY2WW1oVlJsWTBjbVZCVkVwS2MxRRAB",,,,,,,,,,,,,"Google",,,"12",,,"2716","2026-08-08T16:42:14.542Z","Direct Detail URL: https://www.google.com/maps/place/Rukito+Grill%26Drink+-+Alborada/@-2.1347917,-79.9223432,12.98z/data=!4m10!1m2!2m1!1srukito!3m6!1s0x902d6df1a996d4db:0xbdce0622e280c56b!8m2!3d-2.1367108!4d-79.9020534!15sCgZydWtpdG9aCCIGcnVraXRvkgEKcmVzdGF1cmFudOABAA!16s%2Fg%2F11h766fq7s?entry=ttu&g_ep=EgoyMDI2MDgwNS4xIKXMDSoASAFQAw%3D%3D","4",,,"false",,,"Rukito Grill&Drink - Alborada","4.5",,"https://www.google.com/maps/search/?api=1&query=Rukito%20Grill%26Drink%20-%20Alborada&query_place_id=ChIJ29SWqfFtLZARa8WA4iIGzr0",
"090509 Guayaquil, Ecuador","Restaurante","Restaurante","13676875865269519723","Guayaquil","EC","0x902d6df1a996d4db:0xbdce0622e280c56b",,"https://lh3.googleusercontent.com/gps-cs-s/AHRPTWnKUT7j8DXMVSe53pzbJl3CFfNDuEm9zljfvSuYIKrPFcEqIJod38gRQWhMyZiIWqd0rOe8pKtahHG2fjWFOtAmkbY6jlw0_irNRCAImjYSuBg2dZVczJYo7ueHW7OnZODMTOn2IA=w408-h725-k-no","false","true","/g/11h766fq7s","es-419","0","-2.1367108","-79.9020534",,"Alborada Este",,"false","ChIJ29SWqfFtLZARa8WA4iIGzr0","090509","$10-20","Hace un año","2025-07-24T01:23:08.146Z",,,,,,,,,,,,,"$10-15",,,,,,,"5","5","5","Ci9DQUlRQUNvZENodHljRjlvT2twNE5GVmFURE5VZGtKbmRrUjBUWFpEYUVNeWNIYxAB",,,,,,,,,,,,,"Google",,,"112",,,"2716","2026-08-08T16:42:14.542Z","Direct Detail URL: https://www.google.com/maps/place/Rukito+Grill%26Drink+-+Alborada/@-2.1347917,-79.9223432,12.98z/data=!4m10!1m2!2m1!1srukito!3m6!1s0x902d6df1a996d4db:0xbdce0622e280c56b!8m2!3d-2.1367108!4d-79.9020534!15sCgZydWtpdG9aCCIGcnVraXRvkgEKcmVzdGF1cmFudOABAA!16s%2Fg%2F11h766fq7s?entry=ttu&g_ep=EgoyMDI2MDgwNS4xIKXMDSoASAFQAw%3D%3D","5",,,"false",,,"Rukito Grill&Drink - Alborada","4.5",,"https://www.google.com/maps/search/?api=1&query=Rukito%20Grill%26Drink%20-%20Alborada&query_place_id=ChIJ29SWqfFtLZARa8WA4iIGzr0",
"090509 Guayaquil, Ecuador","Restaurante","Restaurante","13676875865269519723","Guayaquil","EC","0x902d6df1a996d4db:0xbdce0622e280c56b",,"https://lh3.googleusercontent.com/gps-cs-s/AHRPTWnKUT7j8DXMVSe53pzbJl3CFfNDuEm9zljfvSuYIKrPFcEqIJod38gRQWhMyZiIWqd0rOe8pKtahHG2fjWFOtAmkbY6jlw0_irNRCAImjYSuBg2dZVczJYo7ueHW7OnZODMTOn2IA=w408-h725-k-no","false","false","/g/11h766fq7s","es-419","0","-2.1367108","-79.9020534",,"Alborada Este","es","false","ChIJ29SWqfFtLZARa8WA4iIGzr0","090509","$10-20","Hace un año","2025-07-23T14:27:04.407Z",,,,,,,,,,,,,"$25-30",,,,,,,"5","5","5","Ci9DQUlRQUNvZENodHljRjlvT2xReVZIWXhTVTlVTlhwNUxWQldjVWcwTkU5TFdHYxAB",,,,,,,,,,,,,"Google",,,"2",,,"2716","2026-08-08T16:42:14.542Z","Direct Detail URL: https://www.google.com/maps/place/Rukito+Grill%26Drink+-+Alborada/@-2.1347917,-79.9223432,12.98z/data=!4m10!1m2!2m1!1srukito!3m6!1s0x902d6df1a996d4db:0xbdce0622e280c56b!8m2!3d-2.1367108!4d-79.9020534!15sCgZydWtpdG9aCCIGcnVraXRvkgEKcmVzdGF1cmFudOABAA!16s%2Fg%2F11h766fq7s?entry=ttu&g_ep=EgoyMDI2MDgwNS4xIKXMDSoASAFQAw%3D%3D","5",,,"false","Bello bello",,"Rukito Grill&Drink - Alborada","4.5",,"https://www.google.com/maps/search/?api=1&query=Rukito%20Grill%26Drink%20-%20Alborada&query_place_id=ChIJ29SWqfFtLZARa8WA4iIGzr0",
"090509 Guayaquil, Ecuador","Restaurante","Restaurante","13676875865269519723","Guayaquil","EC","0x902d6df1a996d4db:0xbdce0622e280c56b",,"https://lh3.googleusercontent.com/gps-cs-s/AHRPTWnKUT7j8DXMVSe53pzbJl3CFfNDuEm9zljfvSuYIKrPFcEqIJod38gRQWhMyZiIWqd0rOe8pKtahHG2fjWFOtAmkbY6jlw0_irNRCAImjYSuBg2dZVczJYo7ueHW7OnZODMTOn2IA=w408-h725-k-no","false","false","/g/11h766fq7s","es-419","0","-2.1367108","-79.9020534",,"Alborada Este",,"false","ChIJ29SWqfFtLZARa8WA4iIGzr0","090509","$10-20","Hace un año","2025-07-22T04:54:51.129Z",,,,,,"Es un poco difícil encontrar estacionamiento",,,,,,,"$10-15",,"Apto para grupos de todos los tamaños","De 10 a 30 min",,,,"5","5","5","Ci9DQUlRQUNvZENodHljRjlvT2s0MlJuUlpObHA1VWs5S1NUWkxha0ZvWWxoSk5uYxAB",,,,,,,,,,,,,"Google",,,"5",,,"2716","2026-08-08T16:42:14.542Z","Direct Detail URL: https://www.google.com/maps/place/Rukito+Grill%26Drink+-+Alborada/@-2.1347917,-79.9223432,12.98z/data=!4m10!1m2!2m1!1srukito!3m6!1s0x902d6df1a996d4db:0xbdce0622e280c56b!8m2!3d-2.1367108!4d-79.9020534!15sCgZydWtpdG9aCCIGcnVraXRvkgEKcmVzdGF1cmFudOABAA!16s%2Fg%2F11h766fq7s?entry=ttu&g_ep=EgoyMDI2MDgwNS4xIKXMDSoASAFQAw%3D%3D","5",,,"false",,,"Rukito Grill&Drink - Alborada","4.5",,"https://www.google.com/maps/search/?api=1&query=Rukito%20Grill%26Drink%20-%20Alborada&query_place_id=ChIJ29SWqfFtLZARa8WA4iIGzr0",
"090509 Guayaquil, Ecuador","Restaurante","Restaurante","13676875865269519723","Guayaquil","EC","0x902d6df1a996d4db:0xbdce0622e280c56b",,"https://lh3.googleusercontent.com/gps-cs-s/AHRPTWnKUT7j8DXMVSe53pzbJl3CFfNDuEm9zljfvSuYIKrPFcEqIJod38gRQWhMyZiIWqd0rOe8pKtahHG2fjWFOtAmkbY6jlw0_irNRCAImjYSuBg2dZVczJYo7ueHW7OnZODMTOn2IA=w408-h725-k-no","false","false","/g/11h766fq7s","es-419","0","-2.1367108","-79.9020534",,"Alborada Este","es","false","ChIJ29SWqfFtLZARa8WA4iIGzr0","090509","$10-20","Editado Hace un año","2025-07-20T02:50:10.381Z",,,,,,,,,,,,,"$40-45",,"Apto para grupos de todos los tamaños","De 10 a 30 min",,"Cena",,"5","5","5","ChZDSUhNMG9nS0VJQ0FnSUNxeDhUVVpREAE",,,,,,,,,,,,,"Google",,,"1",,,"2716","2026-08-08T16:42:14.542Z","Direct Detail URL: https://www.google.com/maps/place/Rukito+Grill%26Drink+-+Alborada/@-2.1347917,-79.9223432,12.98z/data=!4m10!1m2!2m1!1srukito!3m6!1s0x902d6df1a996d4db:0xbdce0622e280c56b!8m2!3d-2.1367108!4d-79.9020534!15sCgZydWtpdG9aCCIGcnVraXRvkgEKcmVzdGF1cmFudOABAA!16s%2Fg%2F11h766fq7s?entry=ttu&g_ep=EgoyMDI2MDgwNS4xIKXMDSoASAFQAw%3D%3D","5",,,"false","Excelente servicio",,"Rukito Grill&Drink - Alborada","4.5",,"https://www.google.com/maps/search/?api=1&query=Rukito%20Grill%26Drink%20-%20Alborada&query_place_id=ChIJ29SWqfFtLZARa8WA4iIGzr0",
"090509 Guayaquil, Ecuador","Restaurante","Restaurante","13676875865269519723","Guayaquil","EC","0x902d6df1a996d4db:0xbdce0622e280c56b",,"https://lh3.googleusercontent.com/gps-cs-s/AHRPTWnKUT7j8DXMVSe53pzbJl3CFfNDuEm9zljfvSuYIKrPFcEqIJod38gRQWhMyZiIWqd0rOe8pKtahHG2fjWFOtAmkbY6jlw0_irNRCAImjYSuBg2dZVczJYo7ueHW7OnZODMTOn2IA=w408-h725-k-no","false","true","/g/11h766fq7s","es-419","0","-2.1367108","-79.9020534",,"Alborada Este","es","false","ChIJ29SWqfFtLZARa8WA4iIGzr0","090509","$10-20","Hace un año","2025-07-19T03:05:16.655Z",,,,,,,,,,,,,"$10-15",,"3 o 4 personas","De 10 a 30 min",,"Cena",,"5","5","5","Ci9DQUlRQUNvZENodHljRjlvT2tOMlJuQk1RVE4zWXpoemFHZEliSGRaTm5sU1dsRRAB",,,,,,,,,,,,,"Google",,,"33",,,"2716","2026-08-08T16:42:14.542Z","Direct Detail URL: https://www.google.com/maps/place/Rukito+Grill%26Drink+-+Alborada/@-2.1347917,-79.9223432,12.98z/data=!4m10!1m2!2m1!1srukito!3m6!1s0x902d6df1a996d4db:0xbdce0622e280c56b!8m2!3d-2.1367108!4d-79.9020534!15sCgZydWtpdG9aCCIGcnVraXRvkgEKcmVzdGF1cmFudOABAA!16s%2Fg%2F11h766fq7s?entry=ttu&g_ep=EgoyMDI2MDgwNS4xIKXMDSoASAFQAw%3D%3D","5",,,"false","Excelente la comida todo bello",,"Rukito Grill&Drink - Alborada","4.5",,"https://www.google.com/maps/search/?api=1&query=Rukito%20Grill%26Drink%20-%20Alborada&query_place_id=ChIJ29SWqfFtLZARa8WA4iIGzr0",
"090509 Guayaquil, Ecuador","Restaurante","Restaurante","13676875865269519723","Guayaquil","EC","0x902d6df1a996d4db:0xbdce0622e280c56b",,"https://lh3.googleusercontent.com/gps-cs-s/AHRPTWnKUT7j8DXMVSe53pzbJl3CFfNDuEm9zljfvSuYIKrPFcEqIJod38gRQWhMyZiIWqd0rOe8pKtahHG2fjWFOtAmkbY6jlw0_irNRCAImjYSuBg2dZVczJYo7ueHW7OnZODMTOn2IA=w408-h725-k-no","false","false","/g/11h766fq7s","es-419","0","-2.1367108","-79.9020534",,"Alborada Este",,"false","ChIJ29SWqfFtLZARa8WA4iIGzr0","090509","$10-20","Hace un año","2025-07-18T23:00:07.293Z",,,,,,,,,,,,,,,,,,,,,,,"Ci9DQUlRQUNvZENodHljRjlvT2xkM2JuQTJNbk5KTkZaV1VUQmlhMnRUWTJOMWRYYxAB",,,,,,,,,,,,,"Google",,,"0",,,"2716","2026-08-08T16:42:14.542Z","Direct Detail URL: https://www.google.com/maps/place/Rukito+Grill%26Drink+-+Alborada/@-2.1347917,-79.9223432,12.98z/data=!4m10!1m2!2m1!1srukito!3m6!1s0x902d6df1a996d4db:0xbdce0622e280c56b!8m2!3d-2.1367108!4d-79.9020534!15sCgZydWtpdG9aCCIGcnVraXRvkgEKcmVzdGF1cmFudOABAA!16s%2Fg%2F11h766fq7s?entry=ttu&g_ep=EgoyMDI2MDgwNS4xIKXMDSoASAFQAw%3D%3D","5",,,"false",,,"Rukito Grill&Drink - Alborada","4.5",,"https://www.google.com/maps/search/?api=1&query=Rukito%20Grill%26Drink%20-%20Alborada&query_place_id=ChIJ29SWqfFtLZARa8WA4iIGzr0",
"090509 Guayaquil, Ecuador","Restaurante","Restaurante","13676875865269519723","Guayaquil","EC","0x902d6df1a996d4db:0xbdce0622e280c56b",,"https://lh3.googleusercontent.com/gps-cs-s/AHRPTWnKUT7j8DXMVSe53pzbJl3CFfNDuEm9zljfvSuYIKrPFcEqIJod38gRQWhMyZiIWqd0rOe8pKtahHG2fjWFOtAmkbY6jlw0_irNRCAImjYSuBg2dZVczJYo7ueHW7OnZODMTOn2IA=w408-h725-k-no","false","true","/g/11h766fq7s","es-419","0","-2.1367108","-79.9020534",,"Alborada Este","es","false","ChIJ29SWqfFtLZARa8WA4iIGzr0","090509","$10-20","Hace un año","2025-07-18T11:03:37.735Z",,,,,,,,,,,,,"$5-10",,,"De 10 a 30 min",,,,"4","5","5","Ci9DQUlRQUNvZENodHljRjlvT21aWmJtZEVXSFJDYmt4NE0zaG5UMVp5TUZobFJVRRAB",,,,,,,,,,,,,"Google",,,"63",,,"2716","2026-08-08T16:42:14.542Z","Direct Detail URL: https://www.google.com/maps/place/Rukito+Grill%26Drink+-+Alborada/@-2.1347917,-79.9223432,12.98z/data=!4m10!1m2!2m1!1srukito!3m6!1s0x902d6df1a996d4db:0xbdce0622e280c56b!8m2!3d-2.1367108!4d-79.9020534!15sCgZydWtpdG9aCCIGcnVraXRvkgEKcmVzdGF1cmFudOABAA!16s%2Fg%2F11h766fq7s?entry=ttu&g_ep=EgoyMDI2MDgwNS4xIKXMDSoASAFQAw%3D%3D","5",,,"false","Un sitio de excelente comidas a la carta",,"Rukito Grill&Drink - Alborada","4.5",,"https://www.google.com/maps/search/?api=1&query=Rukito%20Grill%26Drink%20-%20Alborada&query_place_id=ChIJ29SWqfFtLZARa8WA4iIGzr0",
"090509 Guayaquil, Ecuador","Restaurante","Restaurante","13676875865269519723","Guayaquil","EC","0x902d6df1a996d4db:0xbdce0622e280c56b",,"https://lh3.googleusercontent.com/gps-cs-s/AHRPTWnKUT7j8DXMVSe53pzbJl3CFfNDuEm9zljfvSuYIKrPFcEqIJod38gRQWhMyZiIWqd0rOe8pKtahHG2fjWFOtAmkbY6jlw0_irNRCAImjYSuBg2dZVczJYo7ueHW7OnZODMTOn2IA=w408-h725-k-no","false","true","/g/11h766fq7s","es-419","0","-2.1367108","-79.9020534",,"Alborada Este",,"false","ChIJ29SWqfFtLZARa8WA4iIGzr0","090509","$10-20","Hace un año","2025-07-17T21:14:52.458Z",,,,,,,,,,,,,,,,,,,,,,,"Ci9DQUlRQUNvZENodHljRjlvT2tkWFJGUlVjR0ZoV1dwSGExQXdkbVpVYkVOek4wRRAB",,,,,,,,,,,,,"Google",,,"4",,,"2716","2026-08-08T16:42:14.542Z","Direct Detail URL: https://www.google.com/maps/place/Rukito+Grill%26Drink+-+Alborada/@-2.1347917,-79.9223432,12.98z/data=!4m10!1m2!2m1!1srukito!3m6!1s0x902d6df1a996d4db:0xbdce0622e280c56b!8m2!3d-2.1367108!4d-79.9020534!15sCgZydWtpdG9aCCIGcnVraXRvkgEKcmVzdGF1cmFudOABAA!16s%2Fg%2F11h766fq7s?entry=ttu&g_ep=EgoyMDI2MDgwNS4xIKXMDSoASAFQAw%3D%3D","5",,,"false",,,"Rukito Grill&Drink - Alborada","4.5",,"https://www.google.com/maps/search/?api=1&query=Rukito%20Grill%26Drink%20-%20Alborada&query_place_id=ChIJ29SWqfFtLZARa8WA4iIGzr0",
"090509 Guayaquil, Ecuador","Restaurante","Restaurante","13676875865269519723","Guayaquil","EC","0x902d6df1a996d4db:0xbdce0622e280c56b",,"https://lh3.googleusercontent.com/gps-cs-s/AHRPTWnKUT7j8DXMVSe53pzbJl3CFfNDuEm9zljfvSuYIKrPFcEqIJod38gRQWhMyZiIWqd0rOe8pKtahHG2fjWFOtAmkbY6jlw0_irNRCAImjYSuBg2dZVczJYo7ueHW7OnZODMTOn2IA=w408-h725-k-no","false","true","/g/11h766fq7s","es-419","0","-2.1367108","-79.9020534",,"Alborada Este",,"false","ChIJ29SWqfFtLZARa8WA4iIGzr0","090509","$10-20","Hace un año","2025-07-16T06:11:51.541Z",,,,,,,,,,,,,"$25-30",,,,,,,"5","5","5","Ci9DQUlRQUNvZENodHljRjlvT2s4eFNHSjZkV1Z5ZEd3NWVHdDZXamhOUm5oYVRGRRAB",,,,,,,,,,,,,"Google",,,"2",,,"2716","2026-08-08T16:42:14.542Z","Direct Detail URL: https://www.google.com/maps/place/Rukito+Grill%26Drink+-+Alborada/@-2.1347917,-79.9223432,12.98z/data=!4m10!1m2!2m1!1srukito!3m6!1s0x902d6df1a996d4db:0xbdce0622e280c56b!8m2!3d-2.1367108!4d-79.9020534!15sCgZydWtpdG9aCCIGcnVraXRvkgEKcmVzdGF1cmFudOABAA!16s%2Fg%2F11h766fq7s?entry=ttu&g_ep=EgoyMDI2MDgwNS4xIKXMDSoASAFQAw%3D%3D","5",,,"false",,,"Rukito Grill&Drink - Alborada","4.5",,"https://www.google.com/maps/search/?api=1&query=Rukito%20Grill%26Drink%20-%20Alborada&query_place_id=ChIJ29SWqfFtLZARa8WA4iIGzr0",
"090509 Guayaquil, Ecuador","Restaurante","Restaurante","13676875865269519723","Guayaquil","EC","0x902d6df1a996d4db:0xbdce0622e280c56b",,"https://lh3.googleusercontent.com/gps-cs-s/AHRPTWnKUT7j8DXMVSe53pzbJl3CFfNDuEm9zljfvSuYIKrPFcEqIJod38gRQWhMyZiIWqd0rOe8pKtahHG2fjWFOtAmkbY6jlw0_irNRCAImjYSuBg2dZVczJYo7ueHW7OnZODMTOn2IA=w408-h725-k-no","false","false","/g/11h766fq7s","es-419","0","-2.1367108","-79.9020534",,"Alborada Este","es","false","ChIJ29SWqfFtLZARa8WA4iIGzr0","090509","$10-20","Hace un año","2025-07-14T17:38:03.697Z",,,,,,,,,,,"Costillas Ahumadas BBQ Con Arroz Moro Mixto Que Es Mitad Arroz Moro de Lenteja Y Moro de Choclo",,"$15-20",,"Apto para grupos de todos los tamaños",,"Comedor privado",,,"5","5","5","Ci9DQUlRQUNvZENodHljRjlvT25kWldXdzNiMHhQTFZCUFdVNVJXVFpsYmxCbFRIYxAB",,,,,,,,,,,,,"Google",,,"6",,,"2716","2026-08-08T16:42:14.542Z","Direct Detail URL: https://www.google.com/maps/place/Rukito+Grill%26Drink+-+Alborada/@-2.1347917,-79.9223432,12.98z/data=!4m10!1m2!2m1!1srukito!3m6!1s0x902d6df1a996d4db:0xbdce0622e280c56b!8m2!3d-2.1367108!4d-79.9020534!15sCgZydWtpdG9aCCIGcnVraXRvkgEKcmVzdGF1cmFudOABAA!16s%2Fg%2F11h766fq7s?entry=ttu&g_ep=EgoyMDI2MDgwNS4xIKXMDSoASAFQAw%3D%3D","5",,,"false","Bello",,"Rukito Grill&Drink - Alborada","4.5",,"https://www.google.com/maps/search/?api=1&query=Rukito%20Grill%26Drink%20-%20Alborada&query_place_id=ChIJ29SWqfFtLZARa8WA4iIGzr0",
"090509 Guayaquil, Ecuador","Restaurante","Restaurante","13676875865269519723","Guayaquil","EC","0x902d6df1a996d4db:0xbdce0622e280c56b",,"https://lh3.googleusercontent.com/gps-cs-s/AHRPTWnKUT7j8DXMVSe53pzbJl3CFfNDuEm9zljfvSuYIKrPFcEqIJod38gRQWhMyZiIWqd0rOe8pKtahHG2fjWFOtAmkbY6jlw0_irNRCAImjYSuBg2dZVczJYo7ueHW7OnZODMTOn2IA=w408-h725-k-no","false","false","/g/11h766fq7s","es-419","0","-2.1367108","-79.9020534",,"Alborada Este",,"false","ChIJ29SWqfFtLZARa8WA4iIGzr0","090509","$10-20","Hace un año","2025-07-13T12:39:18.441Z",,,,,,,,,,,"Papas Fritas Con Queso Cheddar",,"$15-20",,"Apto para grupos de todos los tamaños",,"Comedor privado",,,"4","3","2","Ci9DQUlRQUNvZENodHljRjlvT25wRVZsZzVTbWxmTjBWUVJYUkdjamRSUjBWMldYYxAB",,,,,,,,,,,,,"Google",,,"0",,,"2716","2026-08-08T16:42:14.542Z","Direct Detail URL: https://www.google.com/maps/place/Rukito+Grill%26Drink+-+Alborada/@-2.1347917,-79.9223432,12.98z/data=!4m10!1m2!2m1!1srukito!3m6!1s0x902d6df1a996d4db:0xbdce0622e280c56b!8m2!3d-2.1367108!4d-79.9020534!15sCgZydWtpdG9aCCIGcnVraXRvkgEKcmVzdGF1cmFudOABAA!16s%2Fg%2F11h766fq7s?entry=ttu&g_ep=EgoyMDI2MDgwNS4xIKXMDSoASAFQAw%3D%3D","3",,,"false",,,"Rukito Grill&Drink - Alborada","4.5",,"https://www.google.com/maps/search/?api=1&query=Rukito%20Grill%26Drink%20-%20Alborada&query_place_id=ChIJ29SWqfFtLZARa8WA4iIGzr0",
"090509 Guayaquil, Ecuador","Restaurante","Restaurante","13676875865269519723","Guayaquil","EC","0x902d6df1a996d4db:0xbdce0622e280c56b",,"https://lh3.googleusercontent.com/gps-cs-s/AHRPTWnKUT7j8DXMVSe53pzbJl3CFfNDuEm9zljfvSuYIKrPFcEqIJod38gRQWhMyZiIWqd0rOe8pKtahHG2fjWFOtAmkbY6jlw0_irNRCAImjYSuBg2dZVczJYo7ueHW7OnZODMTOn2IA=w408-h725-k-no","false","true","/g/11h766fq7s","es-419","0","-2.1367108","-79.9020534",,"Alborada Este","zh-Hans","false","ChIJ29SWqfFtLZARa8WA4iIGzr0","090509","$10-20","Hace un año","2025-07-13T03:54:54.234Z",,,,,,,,,,,,,"$25-30",,,,"Comedor cubierto",,,"3","3","3","Ci9DQUlRQUNvZENodHljRjlvT2xCSE0yUnJORkpoTVd3emFVVjRhWEZ6VG01U1NGRRAB","https://lh3.googleusercontent.com/grass-cs/ACvplmO3lkfW_rzu0Qpv_uu20kNsWnjWxtZtbSjPHwF3iAFOQmaF_MFgnJcW8y7xAXtRMVXeQf7nY0A7Fhs2Jxe88IjjIQxJBgA7P4Rwrp_ekA439ZI0XEBQhCw997vzZkK6D9LeaHRUvmBK8VM=k-no","https://lh3.googleusercontent.com/grass-cs/ACvplmPe16bVi_Q_1-jlV4IU5K52T087xKdJGKhZjCzoL5t7njMGL0h_N3H2HMGei8Ir-rcGHjipEy1d0Gj8H88MidvCEAVa6vaeg91VVE9maztpiyIO9MU862iZBC8Jj6oVBcF2D27M-vB8GpxC=k-no","https://lh3.googleusercontent.com/grass-cs/ACvplmPLkuiVkmaZoPK4uuYP7y-Mu4C2RH82o6umddCONr8CRK_bvrBTVsAApy8GEIESya9hkD9rIalAQfJOSvxow1uHWFc0li2ot7YVXfpu540y6WbwKd6IjyILCYotwskveAthiieBCI7fIKlb=k-no",,,,,,,,,,"Google",,,"253",,,"2716","2026-08-08T16:42:14.542Z","Direct Detail URL: https://www.google.com/maps/place/Rukito+Grill%26Drink+-+Alborada/@-2.1347917,-79.9223432,12.98z/data=!4m10!1m2!2m1!1srukito!3m6!1s0x902d6df1a996d4db:0xbdce0622e280c56b!8m2!3d-2.1367108!4d-79.9020534!15sCgZydWtpdG9aCCIGcnVraXRvkgEKcmVzdGF1cmFudOABAA!16s%2Fg%2F11h766fq7s?entry=ttu&g_ep=EgoyMDI2MDgwNS4xIKXMDSoASAFQAw%3D%3D","3",,,"false","点了炸猪肉和烤牛肉
结果最好吃的是配菜maduro
Rukito在瓜亚基尔挺有名的一家餐厅，我是不是没点到特色菜。。。","Pedí cerdo frito y rosbif. El mejor plato fue, de hecho, la guarnición, el maduro. Rukito es un restaurante bastante famoso en Guayaquil; quizá no pedí sus platos estrella...","Rukito Grill&Drink - Alborada","4.5","es","https://www.google.com/maps/search/?api=1&query=Rukito%20Grill%26Drink%20-%20Alborada&query_place_id=ChIJ29SWqfFtLZARa8WA4iIGzr0",
"090509 Guayaquil, Ecuador","Restaurante","Restaurante","13676875865269519723","Guayaquil","EC","0x902d6df1a996d4db:0xbdce0622e280c56b",,"https://lh3.googleusercontent.com/gps-cs-s/AHRPTWnKUT7j8DXMVSe53pzbJl3CFfNDuEm9zljfvSuYIKrPFcEqIJod38gRQWhMyZiIWqd0rOe8pKtahHG2fjWFOtAmkbY6jlw0_irNRCAImjYSuBg2dZVczJYo7ueHW7OnZODMTOn2IA=w408-h725-k-no","false","true","/g/11h766fq7s","es-419","0","-2.1367108","-79.9020534",,"Alborada Este",,"false","ChIJ29SWqfFtLZARa8WA4iIGzr0","090509","$10-20","Hace un año","2025-07-13T01:50:36.154Z",,,,,,,,,,,,,"$35-40",,"3 o 4 personas",,,,,"5","5","5","Ci9DQUlRQUNvZENodHljRjlvT21SbmFqWllXVkpwZVhObFVYZENTSFJwWTNwM05VRRAB",,,,,,,,,,,,,"Google",,,"16",,,"2716","2026-08-08T16:42:14.542Z","Direct Detail URL: https://www.google.com/maps/place/Rukito+Grill%26Drink+-+Alborada/@-2.1347917,-79.9223432,12.98z/data=!4m10!1m2!2m1!1srukito!3m6!1s0x902d6df1a996d4db:0xbdce0622e280c56b!8m2!3d-2.1367108!4d-79.9020534!15sCgZydWtpdG9aCCIGcnVraXRvkgEKcmVzdGF1cmFudOABAA!16s%2Fg%2F11h766fq7s?entry=ttu&g_ep=EgoyMDI2MDgwNS4xIKXMDSoASAFQAw%3D%3D","5",,,"false",,,"Rukito Grill&Drink - Alborada","4.5",,"https://www.google.com/maps/search/?api=1&query=Rukito%20Grill%26Drink%20-%20Alborada&query_place_id=ChIJ29SWqfFtLZARa8WA4iIGzr0",
"090509 Guayaquil, Ecuador","Restaurante","Restaurante","13676875865269519723","Guayaquil","EC","0x902d6df1a996d4db:0xbdce0622e280c56b",,"https://lh3.googleusercontent.com/gps-cs-s/AHRPTWnKUT7j8DXMVSe53pzbJl3CFfNDuEm9zljfvSuYIKrPFcEqIJod38gRQWhMyZiIWqd0rOe8pKtahHG2fjWFOtAmkbY6jlw0_irNRCAImjYSuBg2dZVczJYo7ueHW7OnZODMTOn2IA=w408-h725-k-no","false","true","/g/11h766fq7s","es-419","0","-2.1367108","-79.9020534",,"Alborada Este","es","false","ChIJ29SWqfFtLZARa8WA4iIGzr0","090509","$10-20","Hace un año","2025-07-11T13:27:33.642Z",,,,,,,,,,,,,"$1-5",,,,,,,"5","5","5","Ci9DQUlRQUNvZENodHljRjlvT2t0b1lrVkNPVmRhVFdwVk5rczRTRmxSUW05b2JYYxAB","https://lh3.googleusercontent.com/grass-cs/ACvplmNCHlO2nCFPjzHHOVv8gEmW6jVRm78kJ5r0uSq2LXlLH2pM-ZDL4E4EBQQpWtMtRH_Vz4gbwHsyg6GuupJYnkg-OLGewOvgqxZuVx_8x3DxYVTrDs3oSiuFL6odsXyCX_iY2kUZ2U6T2gy5=k-no",,,,,,,,,,,,"Google",,,"15",,,"2716","2026-08-08T16:42:14.542Z","Direct Detail URL: https://www.google.com/maps/place/Rukito+Grill%26Drink+-+Alborada/@-2.1347917,-79.9223432,12.98z/data=!4m10!1m2!2m1!1srukito!3m6!1s0x902d6df1a996d4db:0xbdce0622e280c56b!8m2!3d-2.1367108!4d-79.9020534!15sCgZydWtpdG9aCCIGcnVraXRvkgEKcmVzdGF1cmFudOABAA!16s%2Fg%2F11h766fq7s?entry=ttu&g_ep=EgoyMDI2MDgwNS4xIKXMDSoASAFQAw%3D%3D","5",,,"false","muy buena todo tranquilo",,"Rukito Grill&Drink - Alborada","4.5",,"https://www.google.com/maps/search/?api=1&query=Rukito%20Grill%26Drink%20-%20Alborada&query_place_id=ChIJ29SWqfFtLZARa8WA4iIGzr0",
"090509 Guayaquil, Ecuador","Restaurante","Restaurante","13676875865269519723","Guayaquil","EC","0x902d6df1a996d4db:0xbdce0622e280c56b",,"https://lh3.googleusercontent.com/gps-cs-s/AHRPTWnKUT7j8DXMVSe53pzbJl3CFfNDuEm9zljfvSuYIKrPFcEqIJod38gRQWhMyZiIWqd0rOe8pKtahHG2fjWFOtAmkbY6jlw0_irNRCAImjYSuBg2dZVczJYo7ueHW7OnZODMTOn2IA=w408-h725-k-no","false","true","/g/11h766fq7s","es-419","0","-2.1367108","-79.9020534",,"Alborada Este",,"false","ChIJ29SWqfFtLZARa8WA4iIGzr0","090509","$10-20","Hace un año","2025-07-10T02:38:02.876Z",,,,,,,,,,,,,"$5-10",,,,,,,"5","5","5","Ci9DQUlRQUNvZENodHljRjlvT2s5RlEzcFZSRXhqVEhWek5FSjVUVkZPVlZnd1oxRRAB",,,,,,,,,,,,,"Google",,,"12",,,"2716","2026-08-08T16:42:14.542Z","Direct Detail URL: https://www.google.com/maps/place/Rukito+Grill%26Drink+-+Alborada/@-2.1347917,-79.9223432,12.98z/data=!4m10!1m2!2m1!1srukito!3m6!1s0x902d6df1a996d4db:0xbdce0622e280c56b!8m2!3d-2.1367108!4d-79.9020534!15sCgZydWtpdG9aCCIGcnVraXRvkgEKcmVzdGF1cmFudOABAA!16s%2Fg%2F11h766fq7s?entry=ttu&g_ep=EgoyMDI2MDgwNS4xIKXMDSoASAFQAw%3D%3D","5",,,"false",,,"Rukito Grill&Drink - Alborada","4.5",,"https://www.google.com/maps/search/?api=1&query=Rukito%20Grill%26Drink%20-%20Alborada&query_place_id=ChIJ29SWqfFtLZARa8WA4iIGzr0",
"090509 Guayaquil, Ecuador","Restaurante","Restaurante","13676875865269519723","Guayaquil","EC","0x902d6df1a996d4db:0xbdce0622e280c56b",,"https://lh3.googleusercontent.com/gps-cs-s/AHRPTWnKUT7j8DXMVSe53pzbJl3CFfNDuEm9zljfvSuYIKrPFcEqIJod38gRQWhMyZiIWqd0rOe8pKtahHG2fjWFOtAmkbY6jlw0_irNRCAImjYSuBg2dZVczJYo7ueHW7OnZODMTOn2IA=w408-h725-k-no","false","false","/g/11h766fq7s","es-419","0","-2.1367108","-79.9020534",,"Alborada Este",,"false","ChIJ29SWqfFtLZARa8WA4iIGzr0","090509","$10-20","Hace un año","2025-07-08T19:43:10.678Z",,,,,,,,,,,,,"$15-20",,"3 o 4 personas","De 10 a 30 min",,"Otro",,"5","5","5","Ci9DQUlRQUNvZENodHljRjlvT2tVdGNVUklNM3B2WWxaMGVuZFhSMGRZY25aa04zYxAB",,,,,,,,,,,,,"Google",,,"0",,,"2716","2026-08-08T16:42:14.542Z","Direct Detail URL: https://www.google.com/maps/place/Rukito+Grill%26Drink+-+Alborada/@-2.1347917,-79.9223432,12.98z/data=!4m10!1m2!2m1!1srukito!3m6!1s0x902d6df1a996d4db:0xbdce0622e280c56b!8m2!3d-2.1367108!4d-79.9020534!15sCgZydWtpdG9aCCIGcnVraXRvkgEKcmVzdGF1cmFudOABAA!16s%2Fg%2F11h766fq7s?entry=ttu&g_ep=EgoyMDI2MDgwNS4xIKXMDSoASAFQAw%3D%3D","5",,,"false",,,"Rukito Grill&Drink - Alborada","4.5",,"https://www.google.com/maps/search/?api=1&query=Rukito%20Grill%26Drink%20-%20Alborada&query_place_id=ChIJ29SWqfFtLZARa8WA4iIGzr0",
"090509 Guayaquil, Ecuador","Restaurante","Restaurante","13676875865269519723","Guayaquil","EC","0x902d6df1a996d4db:0xbdce0622e280c56b",,"https://lh3.googleusercontent.com/gps-cs-s/AHRPTWnKUT7j8DXMVSe53pzbJl3CFfNDuEm9zljfvSuYIKrPFcEqIJod38gRQWhMyZiIWqd0rOe8pKtahHG2fjWFOtAmkbY6jlw0_irNRCAImjYSuBg2dZVczJYo7ueHW7OnZODMTOn2IA=w408-h725-k-no","false","false","/g/11h766fq7s","es-419","0","-2.1367108","-79.9020534",,"Alborada Este",,"false","ChIJ29SWqfFtLZARa8WA4iIGzr0","090509","$10-20","Hace un año","2025-07-03T01:56:57.181Z",,,,,,,,,,,,,"$10-15",,,,,,,"5","5","5","Ci9DQUlRQUNvZENodHljRjlvT2s0ME1VcG9jelp2YzFCaFpFSjJlbG8xVUhFdFRVRRAB",,,,,,,,,,,,,"Google",,,"1",,,"2716","2026-08-08T16:42:14.542Z","Direct Detail URL: https://www.google.com/maps/place/Rukito+Grill%26Drink+-+Alborada/@-2.1347917,-79.9223432,12.98z/data=!4m10!1m2!2m1!1srukito!3m6!1s0x902d6df1a996d4db:0xbdce0622e280c56b!8m2!3d-2.1367108!4d-79.9020534!15sCgZydWtpdG9aCCIGcnVraXRvkgEKcmVzdGF1cmFudOABAA!16s%2Fg%2F11h766fq7s?entry=ttu&g_ep=EgoyMDI2MDgwNS4xIKXMDSoASAFQAw%3D%3D","5",,,"false",,,"Rukito Grill&Drink - Alborada","4.5",,"https://www.google.com/maps/search/?api=1&query=Rukito%20Grill%26Drink%20-%20Alborada&query_place_id=ChIJ29SWqfFtLZARa8WA4iIGzr0",
"090509 Guayaquil, Ecuador","Restaurante","Restaurante","13676875865269519723","Guayaquil","EC","0x902d6df1a996d4db:0xbdce0622e280c56b",,"https://lh3.googleusercontent.com/gps-cs-s/AHRPTWnKUT7j8DXMVSe53pzbJl3CFfNDuEm9zljfvSuYIKrPFcEqIJod38gRQWhMyZiIWqd0rOe8pKtahHG2fjWFOtAmkbY6jlw0_irNRCAImjYSuBg2dZVczJYo7ueHW7OnZODMTOn2IA=w408-h725-k-no","false","false","/g/11h766fq7s","es-419","0","-2.1367108","-79.9020534",,"Alborada Este",,"false","ChIJ29SWqfFtLZARa8WA4iIGzr0","090509","$10-20","Hace un año","2025-07-03T00:35:32.532Z",,,,,,,,,,,,,,,,,,,,,,,"Ci9DQUlRQUNvZENodHljRjlvT2xoZk9EWlhXWHBKTkZGMWMwcGFPVUpFYmxSWVUzYxAB",,,,,,,,,,,,,"Google",,,"1",,,"2716","2026-08-08T16:42:14.542Z","Direct Detail URL: https://www.google.com/maps/place/Rukito+Grill%26Drink+-+Alborada/@-2.1347917,-79.9223432,12.98z/data=!4m10!1m2!2m1!1srukito!3m6!1s0x902d6df1a996d4db:0xbdce0622e280c56b!8m2!3d-2.1367108!4d-79.9020534!15sCgZydWtpdG9aCCIGcnVraXRvkgEKcmVzdGF1cmFudOABAA!16s%2Fg%2F11h766fq7s?entry=ttu&g_ep=EgoyMDI2MDgwNS4xIKXMDSoASAFQAw%3D%3D","5",,,"false",,,"Rukito Grill&Drink - Alborada","4.5",,"https://www.google.com/maps/search/?api=1&query=Rukito%20Grill%26Drink%20-%20Alborada&query_place_id=ChIJ29SWqfFtLZARa8WA4iIGzr0",
"090509 Guayaquil, Ecuador","Restaurante","Restaurante","13676875865269519723","Guayaquil","EC","0x902d6df1a996d4db:0xbdce0622e280c56b",,"https://lh3.googleusercontent.com/gps-cs-s/AHRPTWnKUT7j8DXMVSe53pzbJl3CFfNDuEm9zljfvSuYIKrPFcEqIJod38gRQWhMyZiIWqd0rOe8pKtahHG2fjWFOtAmkbY6jlw0_irNRCAImjYSuBg2dZVczJYo7ueHW7OnZODMTOn2IA=w408-h725-k-no","false","false","/g/11h766fq7s","es-419","0","-2.1367108","-79.9020534",,"Alborada Este",,"false","ChIJ29SWqfFtLZARa8WA4iIGzr0","090509","$10-20","Hace un año","2025-06-30T01:46:22.069Z",,,,,,,,,,,,,"$20-25",,,,,,,"5","5","5","Ci9DQUlRQUNvZENodHljRjlvT2xGWFdrRkhiMmhJZFhKc1QyUkNXVU5rUXpsYWRHYxAB",,,,,,,,,,,,,"Google",,,"3",,,"2716","2026-08-08T16:42:14.542Z","Direct Detail URL: https://www.google.com/maps/place/Rukito+Grill%26Drink+-+Alborada/@-2.1347917,-79.9223432,12.98z/data=!4m10!1m2!2m1!1srukito!3m6!1s0x902d6df1a996d4db:0xbdce0622e280c56b!8m2!3d-2.1367108!4d-79.9020534!15sCgZydWtpdG9aCCIGcnVraXRvkgEKcmVzdGF1cmFudOABAA!16s%2Fg%2F11h766fq7s?entry=ttu&g_ep=EgoyMDI2MDgwNS4xIKXMDSoASAFQAw%3D%3D","5",,,"false",,,"Rukito Grill&Drink - Alborada","4.5",,"https://www.google.com/maps/search/?api=1&query=Rukito%20Grill%26Drink%20-%20Alborada&query_place_id=ChIJ29SWqfFtLZARa8WA4iIGzr0",
"090509 Guayaquil, Ecuador","Restaurante","Restaurante","13676875865269519723","Guayaquil","EC","0x902d6df1a996d4db:0xbdce0622e280c56b",,"https://lh3.googleusercontent.com/gps-cs-s/AHRPTWnKUT7j8DXMVSe53pzbJl3CFfNDuEm9zljfvSuYIKrPFcEqIJod38gRQWhMyZiIWqd0rOe8pKtahHG2fjWFOtAmkbY6jlw0_irNRCAImjYSuBg2dZVczJYo7ueHW7OnZODMTOn2IA=w408-h725-k-no","false","false","/g/11h766fq7s","es-419","0","-2.1367108","-79.9020534",,"Alborada Este","es","false","ChIJ29SWqfFtLZARa8WA4iIGzr0","090509","$10-20","Hace un año","2025-06-29T13:20:30.024Z",,,,,,,,,,,,,,,,,,,,"4","5","5","Ci9DQUlRQUNvZENodHljRjlvT25ad01XOW1ibTA0V1VZeFRHdzNjR3hNZW1sblNtYxAB",,,,,,,,,,,,,"Google",,,"1",,,"2716","2026-08-08T16:42:14.542Z","Direct Detail URL: https://www.google.com/maps/place/Rukito+Grill%26Drink+-+Alborada/@-2.1347917,-79.9223432,12.98z/data=!4m10!1m2!2m1!1srukito!3m6!1s0x902d6df1a996d4db:0xbdce0622e280c56b!8m2!3d-2.1367108!4d-79.9020534!15sCgZydWtpdG9aCCIGcnVraXRvkgEKcmVzdGF1cmFudOABAA!16s%2Fg%2F11h766fq7s?entry=ttu&g_ep=EgoyMDI2MDgwNS4xIKXMDSoASAFQAw%3D%3D","5",,,"false","Muy rico, pero deberían agrandar el espacio porque con esta delincuencia es incómodo esperar afuera a que se desocupe alguna mesa",,"Rukito Grill&Drink - Alborada","4.5",,"https://www.google.com/maps/search/?api=1&query=Rukito%20Grill%26Drink%20-%20Alborada&query_place_id=ChIJ29SWqfFtLZARa8WA4iIGzr0",
"090509 Guayaquil, Ecuador","Restaurante","Restaurante","13676875865269519723","Guayaquil","EC","0x902d6df1a996d4db:0xbdce0622e280c56b",,"https://lh3.googleusercontent.com/gps-cs-s/AHRPTWnKUT7j8DXMVSe53pzbJl3CFfNDuEm9zljfvSuYIKrPFcEqIJod38gRQWhMyZiIWqd0rOe8pKtahHG2fjWFOtAmkbY6jlw0_irNRCAImjYSuBg2dZVczJYo7ueHW7OnZODMTOn2IA=w408-h725-k-no","false","false","/g/11h766fq7s","es-419","0","-2.1367108","-79.9020534",,"Alborada Este",,"false","ChIJ29SWqfFtLZARa8WA4iIGzr0","090509","$10-20","Hace un año","2025-06-29T03:41:02.510Z",,,,,,,,,,,,,,,,,,,,"5","5","1","Ci9DQUlRQUNvZENodHljRjlvT20xTVdtWjVhbEJ6Vm05c2QzSmxTMlY0VUZnMFpXYxAB",,,,,,,,,,,,,"Google",,,"2",,,"2716","2026-08-08T16:42:14.542Z","Direct Detail URL: https://www.google.com/maps/place/Rukito+Grill%26Drink+-+Alborada/@-2.1347917,-79.9223432,12.98z/data=!4m10!1m2!2m1!1srukito!3m6!1s0x902d6df1a996d4db:0xbdce0622e280c56b!8m2!3d-2.1367108!4d-79.9020534!15sCgZydWtpdG9aCCIGcnVraXRvkgEKcmVzdGF1cmFudOABAA!16s%2Fg%2F11h766fq7s?entry=ttu&g_ep=EgoyMDI2MDgwNS4xIKXMDSoASAFQAw%3D%3D","5",,,"false",,,"Rukito Grill&Drink - Alborada","4.5",,"https://www.google.com/maps/search/?api=1&query=Rukito%20Grill%26Drink%20-%20Alborada&query_place_id=ChIJ29SWqfFtLZARa8WA4iIGzr0",
"090509 Guayaquil, Ecuador","Restaurante","Restaurante","13676875865269519723","Guayaquil","EC","0x902d6df1a996d4db:0xbdce0622e280c56b",,"https://lh3.googleusercontent.com/gps-cs-s/AHRPTWnKUT7j8DXMVSe53pzbJl3CFfNDuEm9zljfvSuYIKrPFcEqIJod38gRQWhMyZiIWqd0rOe8pKtahHG2fjWFOtAmkbY6jlw0_irNRCAImjYSuBg2dZVczJYo7ueHW7OnZODMTOn2IA=w408-h725-k-no","false","true","/g/11h766fq7s","es-419","0","-2.1367108","-79.9020534",,"Alborada Este","es","false","ChIJ29SWqfFtLZARa8WA4iIGzr0","090509","$10-20","Hace un año","2025-06-27T14:16:41.854Z",,,,,,,,,,,,,"$10-15",,"Apto para grupos de todos los tamaños","De 10 a 30 min","Comedor cubierto",,,"5","5","5","Ci9DQUlRQUNvZENodHljRjlvT214R1VreDNOVzVUWlZVMFpYQjBSV1I0ZGkxV1prRRAB",,,,,,,,,,,,,"Google",,,"48",,,"2716","2026-08-08T16:42:14.542Z","Direct Detail URL: https://www.google.com/maps/place/Rukito+Grill%26Drink+-+Alborada/@-2.1347917,-79.9223432,12.98z/data=!4m10!1m2!2m1!1srukito!3m6!1s0x902d6df1a996d4db:0xbdce0622e280c56b!8m2!3d-2.1367108!4d-79.9020534!15sCgZydWtpdG9aCCIGcnVraXRvkgEKcmVzdGF1cmFudOABAA!16s%2Fg%2F11h766fq7s?entry=ttu&g_ep=EgoyMDI2MDgwNS4xIKXMDSoASAFQAw%3D%3D","5",,,"false","Excelente como siempre",,"Rukito Grill&Drink - Alborada","4.5",,"https://www.google.com/maps/search/?api=1&query=Rukito%20Grill%26Drink%20-%20Alborada&query_place_id=ChIJ29SWqfFtLZARa8WA4iIGzr0",
"090509 Guayaquil, Ecuador","Restaurante","Restaurante","13676875865269519723","Guayaquil","EC","0x902d6df1a996d4db:0xbdce0622e280c56b",,"https://lh3.googleusercontent.com/gps-cs-s/AHRPTWnKUT7j8DXMVSe53pzbJl3CFfNDuEm9zljfvSuYIKrPFcEqIJod38gRQWhMyZiIWqd0rOe8pKtahHG2fjWFOtAmkbY6jlw0_irNRCAImjYSuBg2dZVczJYo7ueHW7OnZODMTOn2IA=w408-h725-k-no","false","true","/g/11h766fq7s","es-419","0","-2.1367108","-79.9020534",,"Alborada Este",,"false","ChIJ29SWqfFtLZARa8WA4iIGzr0","090509","$10-20","Hace un año","2025-06-27T05:05:36.837Z",,,,,,,,,,,,,"$10-15",,,,,,,"5","5","5","Ci9DQUlRQUNvZENodHljRjlvT21Od2RXUnFOMlJoTTJFeU1YWnBiRGxhWW05bFFtYxAB",,,,,,,,,,,,,"Google",,,"9",,,"2716","2026-08-08T16:42:14.542Z","Direct Detail URL: https://www.google.com/maps/place/Rukito+Grill%26Drink+-+Alborada/@-2.1347917,-79.9223432,12.98z/data=!4m10!1m2!2m1!1srukito!3m6!1s0x902d6df1a996d4db:0xbdce0622e280c56b!8m2!3d-2.1367108!4d-79.9020534!15sCgZydWtpdG9aCCIGcnVraXRvkgEKcmVzdGF1cmFudOABAA!16s%2Fg%2F11h766fq7s?entry=ttu&g_ep=EgoyMDI2MDgwNS4xIKXMDSoASAFQAw%3D%3D","5",,,"false",,,"Rukito Grill&Drink - Alborada","4.5",,"https://www.google.com/maps/search/?api=1&query=Rukito%20Grill%26Drink%20-%20Alborada&query_place_id=ChIJ29SWqfFtLZARa8WA4iIGzr0",
"090509 Guayaquil, Ecuador","Restaurante","Restaurante","13676875865269519723","Guayaquil","EC","0x902d6df1a996d4db:0xbdce0622e280c56b",,"https://lh3.googleusercontent.com/gps-cs-s/AHRPTWnKUT7j8DXMVSe53pzbJl3CFfNDuEm9zljfvSuYIKrPFcEqIJod38gRQWhMyZiIWqd0rOe8pKtahHG2fjWFOtAmkbY6jlw0_irNRCAImjYSuBg2dZVczJYo7ueHW7OnZODMTOn2IA=w408-h725-k-no","false","false","/g/11h766fq7s","es-419","0","-2.1367108","-79.9020534",,"Alborada Este","es","false","ChIJ29SWqfFtLZARa8WA4iIGzr0","090509","$10-20","Hace un año","2025-06-26T18:38:48.617Z",,,,,,,,,,,,,"$15-20",,,,,,,,,,"Ci9DQUlRQUNvZENodHljRjlvT25kT05YWkdNa1ZoWW5kaFQzUk5WRkpyZEdjdGFuYxAB",,,,,,,,,,,,,"Google",,,"3",,,"2716","2026-08-08T16:42:14.542Z","Direct Detail URL: https://www.google.com/maps/place/Rukito+Grill%26Drink+-+Alborada/@-2.1347917,-79.9223432,12.98z/data=!4m10!1m2!2m1!1srukito!3m6!1s0x902d6df1a996d4db:0xbdce0622e280c56b!8m2!3d-2.1367108!4d-79.9020534!15sCgZydWtpdG9aCCIGcnVraXRvkgEKcmVzdGF1cmFudOABAA!16s%2Fg%2F11h766fq7s?entry=ttu&g_ep=EgoyMDI2MDgwNS4xIKXMDSoASAFQAw%3D%3D","5",,,"false","Las papas las amo y la picaña de cerdo es lo mejor",,"Rukito Grill&Drink - Alborada","4.5",,"https://www.google.com/maps/search/?api=1&query=Rukito%20Grill%26Drink%20-%20Alborada&query_place_id=ChIJ29SWqfFtLZARa8WA4iIGzr0",
"090509 Guayaquil, Ecuador","Restaurante","Restaurante","13676875865269519723","Guayaquil","EC","0x902d6df1a996d4db:0xbdce0622e280c56b",,"https://lh3.googleusercontent.com/gps-cs-s/AHRPTWnKUT7j8DXMVSe53pzbJl3CFfNDuEm9zljfvSuYIKrPFcEqIJod38gRQWhMyZiIWqd0rOe8pKtahHG2fjWFOtAmkbY6jlw0_irNRCAImjYSuBg2dZVczJYo7ueHW7OnZODMTOn2IA=w408-h725-k-no","false","true","/g/11h766fq7s","es-419","0","-2.1367108","-79.9020534",,"Alborada Este",,"false","ChIJ29SWqfFtLZARa8WA4iIGzr0","090509","$10-20","Hace un año","2025-06-25T22:00:12.408Z",,,,,,,,,"Ruido moderado",,,,"$10-15",,"Entre 5 y 8 personas","Hasta 10 min",,,,"5","5","5","Ci9DQUlRQUNvZENodHljRjlvT2tkRVMxUk5XRTFEWlRSTFNVc3hTVUZ1V1dwblNHYxAB",,,,,,,,,,,,,"Google",,,"18",,,"2716","2026-08-08T16:42:14.542Z","Direct Detail URL: https://www.google.com/maps/place/Rukito+Grill%26Drink+-+Alborada/@-2.1347917,-79.9223432,12.98z/data=!4m10!1m2!2m1!1srukito!3m6!1s0x902d6df1a996d4db:0xbdce0622e280c56b!8m2!3d-2.1367108!4d-79.9020534!15sCgZydWtpdG9aCCIGcnVraXRvkgEKcmVzdGF1cmFudOABAA!16s%2Fg%2F11h766fq7s?entry=ttu&g_ep=EgoyMDI2MDgwNS4xIKXMDSoASAFQAw%3D%3D","5",,,"false",,,"Rukito Grill&Drink - Alborada","4.5",,"https://www.google.com/maps/search/?api=1&query=Rukito%20Grill%26Drink%20-%20Alborada&query_place_id=ChIJ29SWqfFtLZARa8WA4iIGzr0",
"090509 Guayaquil, Ecuador","Restaurante","Restaurante","13676875865269519723","Guayaquil","EC","0x902d6df1a996d4db:0xbdce0622e280c56b",,"https://lh3.googleusercontent.com/gps-cs-s/AHRPTWnKUT7j8DXMVSe53pzbJl3CFfNDuEm9zljfvSuYIKrPFcEqIJod38gRQWhMyZiIWqd0rOe8pKtahHG2fjWFOtAmkbY6jlw0_irNRCAImjYSuBg2dZVczJYo7ueHW7OnZODMTOn2IA=w408-h725-k-no","false","false","/g/11h766fq7s","es-419","0","-2.1367108","-79.9020534",,"Alborada Este",,"false","ChIJ29SWqfFtLZARa8WA4iIGzr0","090509","$10-20","Hace un año","2025-06-25T19:13:36.679Z",,,,,,,,,"Muy ruidoso, no se puede escuchar",,,,"$10-15",,"2 personas","De 30 a 60 min",,,,"5","2","2","Ci9DQUlRQUNvZENodHljRjlvT25CTFlYcFhhRmd5ZDFOdGVHaExkWEZLYWxaZlNHYxAB",,,,,,,,,,,,,"Google",,,"4",,,"2716","2026-08-08T16:42:14.542Z","Direct Detail URL: https://www.google.com/maps/place/Rukito+Grill%26Drink+-+Alborada/@-2.1347917,-79.9223432,12.98z/data=!4m10!1m2!2m1!1srukito!3m6!1s0x902d6df1a996d4db:0xbdce0622e280c56b!8m2!3d-2.1367108!4d-79.9020534!15sCgZydWtpdG9aCCIGcnVraXRvkgEKcmVzdGF1cmFudOABAA!16s%2Fg%2F11h766fq7s?entry=ttu&g_ep=EgoyMDI2MDgwNS4xIKXMDSoASAFQAw%3D%3D","2",,,"false",,,"Rukito Grill&Drink - Alborada","4.5",,"https://www.google.com/maps/search/?api=1&query=Rukito%20Grill%26Drink%20-%20Alborada&query_place_id=ChIJ29SWqfFtLZARa8WA4iIGzr0",
"090509 Guayaquil, Ecuador","Restaurante","Restaurante","13676875865269519723","Guayaquil","EC","0x902d6df1a996d4db:0xbdce0622e280c56b",,"https://lh3.googleusercontent.com/gps-cs-s/AHRPTWnKUT7j8DXMVSe53pzbJl3CFfNDuEm9zljfvSuYIKrPFcEqIJod38gRQWhMyZiIWqd0rOe8pKtahHG2fjWFOtAmkbY6jlw0_irNRCAImjYSuBg2dZVczJYo7ueHW7OnZODMTOn2IA=w408-h725-k-no","false","true","/g/11h766fq7s","es-419","0","-2.1367108","-79.9020534",,"Alborada Este","en","false","ChIJ29SWqfFtLZARa8WA4iIGzr0","090509","$10-20","Hace un año","2025-06-23T14:42:20.453Z",,,,,,,,,,,,,"$20-25","No se requiere hacer una reserva","2 personas, 3 o 4 personas","Sin espera",,,,"2","4","2","Ci9DQUlRQUNvZENodHljRjlvT2tGSFZrcG1VVEkzWjFSVU1FbDJZV2R5UjFRdFNXYxAB",,,,,,,,,,,,,"Google",,,"35",,,"2716","2026-08-08T16:42:14.542Z","Direct Detail URL: https://www.google.com/maps/place/Rukito+Grill%26Drink+-+Alborada/@-2.1347917,-79.9223432,12.98z/data=!4m10!1m2!2m1!1srukito!3m6!1s0x902d6df1a996d4db:0xbdce0622e280c56b!8m2!3d-2.1367108!4d-79.9020534!15sCgZydWtpdG9aCCIGcnVraXRvkgEKcmVzdGF1cmFudOABAA!16s%2Fg%2F11h766fq7s?entry=ttu&g_ep=EgoyMDI2MDgwNS4xIKXMDSoASAFQAw%3D%3D","3",,,"false","The food was ok. The place was full so only outside table available. These are not quite good. Chairs doesn’t have back support. We wait for more than 30 minutes for the food to arrive. Service was a bit slow. Overall 3/5.","La comida estaba bien. El local estaba lleno, así que solo había mesas disponibles en la terraza. No eran muy buenas. Las sillas no tenían respaldo. Tuvimos que esperar más de 30 minutos para que llegara la comida. El servicio fue un poco lento. En general, 3/5.","Rukito Grill&Drink - Alborada","4.5","es","https://www.google.com/maps/search/?api=1&query=Rukito%20Grill%26Drink%20-%20Alborada&query_place_id=ChIJ29SWqfFtLZARa8WA4iIGzr0",
"090509 Guayaquil, Ecuador","Restaurante","Restaurante","13676875865269519723","Guayaquil","EC","0x902d6df1a996d4db:0xbdce0622e280c56b",,"https://lh3.googleusercontent.com/gps-cs-s/AHRPTWnKUT7j8DXMVSe53pzbJl3CFfNDuEm9zljfvSuYIKrPFcEqIJod38gRQWhMyZiIWqd0rOe8pKtahHG2fjWFOtAmkbY6jlw0_irNRCAImjYSuBg2dZVczJYo7ueHW7OnZODMTOn2IA=w408-h725-k-no","false","true","/g/11h766fq7s","es-419","0","-2.1367108","-79.9020534",,"Alborada Este",,"false","ChIJ29SWqfFtLZARa8WA4iIGzr0","090509","$10-20","Hace un año","2025-06-22T20:54:06.374Z",,,,,,,,,,,,,,,,,,,,,,,"Ci9DQUlRQUNvZENodHljRjlvT2tOeGNHSnlhRE55Ukc5S2FGSnpiVkZEWjFwbmJtYxAB",,,,,,,,,,,,,"Google",,,"5",,,"2716","2026-08-08T16:42:14.542Z","Direct Detail URL: https://www.google.com/maps/place/Rukito+Grill%26Drink+-+Alborada/@-2.1347917,-79.9223432,12.98z/data=!4m10!1m2!2m1!1srukito!3m6!1s0x902d6df1a996d4db:0xbdce0622e280c56b!8m2!3d-2.1367108!4d-79.9020534!15sCgZydWtpdG9aCCIGcnVraXRvkgEKcmVzdGF1cmFudOABAA!16s%2Fg%2F11h766fq7s?entry=ttu&g_ep=EgoyMDI2MDgwNS4xIKXMDSoASAFQAw%3D%3D","4",,,"false",,,"Rukito Grill&Drink - Alborada","4.5",,"https://www.google.com/maps/search/?api=1&query=Rukito%20Grill%26Drink%20-%20Alborada&query_place_id=ChIJ29SWqfFtLZARa8WA4iIGzr0",
"090509 Guayaquil, Ecuador","Restaurante","Restaurante","13676875865269519723","Guayaquil","EC","0x902d6df1a996d4db:0xbdce0622e280c56b",,"https://lh3.googleusercontent.com/gps-cs-s/AHRPTWnKUT7j8DXMVSe53pzbJl3CFfNDuEm9zljfvSuYIKrPFcEqIJod38gRQWhMyZiIWqd0rOe8pKtahHG2fjWFOtAmkbY6jlw0_irNRCAImjYSuBg2dZVczJYo7ueHW7OnZODMTOn2IA=w408-h725-k-no","false","true","/g/11h766fq7s","es-419","3","-2.1367108","-79.9020534",,"Alborada Este","es","false","ChIJ29SWqfFtLZARa8WA4iIGzr0","090509","$10-20","Editado Hace un año","2025-06-19T02:44:18.149Z",,,,,,"Hay suficiente espacio",,,,"Estacionamiento gratuito","Costillas Ahumadas BBQ Con Arroz Moro Mixto Que Es Mitad Arroz Moro de Lenteja Y Moro de Choclo",,"$10-15",,,,,"Cena","Consumo en el lugar","5","5","5","ChdDSUhNMG9nS0VJQ0FnSUNKdHBPYWpBRRAB","https://lh3.googleusercontent.com/grass-cs/ACvplmOzh6oPDF14jc3lDiIu0ALuF0jGVeygMlDJh2nGcy8oCBaO_nczWJddFv5XPGrBctmH0w8tS_LpAzG_vBNehLoSn1vwK2PsIyFBN8BNHJ7Qd_GK45UaT8xRj7LasqHsauyof5l5=k-no","https://lh3.googleusercontent.com/grass-cs/ACvplmP1pULLfThi0mAVDWn1Yf2FQuYfGTJkRs9pxx0Lej2Zln8LPNA7WhjLcrZohpGAcd_g3_tCgSoUrLIDpgGkZrxPbH-XXMCnjmu-1E5gI1OwN2CGAMqznJQ3Cp0Bg48dyybnhRPhWA=k-no","https://lh3.googleusercontent.com/grass-cs/ACvplmN4ApgJfRMu6U-09f6qi8Ebc43AFg4mOtZGgi7lflfi68XFsY2HxyK-djyNS2Ri8dCir_Oe11Sw--HN3ug82A2yP26m2SAEpeRxefefQxzFGMJsR3zK83HU5Z_HCmq9d0aUkk3N=k-no","https://lh3.googleusercontent.com/grass-cs/ACvplmOazTGC8oQC5rTi78lOQVgx79wzvdwAL4I6sr3cacs4N7H4Ip4b6MOnDMRB-L8xcc9jwfMntfb8xktzm-s7NMC2t_nVZ1mTauJrYSVPCT_AoxCPaRdlknD08GV6akGJ_IKrQU9Y9Q=k-no","https://lh3.googleusercontent.com/grass-cs/ACvplmMI_losdgw1BsmmmeVMHXV482EtF0tQv4eNRWOahKcG4m0xowahG-vvTtCuHVlGjnhz8g2wMT1yY-nv5Z9z1C0vaXxqRtC1MqTbCzo1Y6SS8MhWXXfFDNUEa-lkxqnbhfddNiat=k-no",,,,,,,,"Google",,,"335",,,"2716","2026-08-08T16:42:14.542Z","Direct Detail URL: https://www.google.com/maps/place/Rukito+Grill%26Drink+-+Alborada/@-2.1347917,-79.9223432,12.98z/data=!4m10!1m2!2m1!1srukito!3m6!1s0x902d6df1a996d4db:0xbdce0622e280c56b!8m2!3d-2.1367108!4d-79.9020534!15sCgZydWtpdG9aCCIGcnVraXRvkgEKcmVzdGF1cmFudOABAA!16s%2Fg%2F11h766fq7s?entry=ttu&g_ep=EgoyMDI2MDgwNS4xIKXMDSoASAFQAw%3D%3D","5",,,"false","Rica comida. Buenos precios. Variedad de platos",,"Rukito Grill&Drink - Alborada","4.5",,"https://www.google.com/maps/search/?api=1&query=Rukito%20Grill%26Drink%20-%20Alborada&query_place_id=ChIJ29SWqfFtLZARa8WA4iIGzr0",
"090509 Guayaquil, Ecuador","Restaurante","Restaurante","13676875865269519723","Guayaquil","EC","0x902d6df1a996d4db:0xbdce0622e280c56b",,"https://lh3.googleusercontent.com/gps-cs-s/AHRPTWnKUT7j8DXMVSe53pzbJl3CFfNDuEm9zljfvSuYIKrPFcEqIJod38gRQWhMyZiIWqd0rOe8pKtahHG2fjWFOtAmkbY6jlw0_irNRCAImjYSuBg2dZVczJYo7ueHW7OnZODMTOn2IA=w408-h725-k-no","false","true","/g/11h766fq7s","es-419","0","-2.1367108","-79.9020534",,"Alborada Este",,"false","ChIJ29SWqfFtLZARa8WA4iIGzr0","090509","$10-20","Hace un año","2025-06-18T01:59:35.592Z",,,,,,,,,,,,,,,,,,,,,,,"Ci9DQUlRQUNvZENodHljRjlvT25rM1JIUlRaVk0yTXpsclFVRTFXREUwV0hCWVYzYxAB",,,,,,,,,,,,,"Google",,,"5",,,"2716","2026-08-08T16:42:14.542Z","Direct Detail URL: https://www.google.com/maps/place/Rukito+Grill%26Drink+-+Alborada/@-2.1347917,-79.9223432,12.98z/data=!4m10!1m2!2m1!1srukito!3m6!1s0x902d6df1a996d4db:0xbdce0622e280c56b!8m2!3d-2.1367108!4d-79.9020534!15sCgZydWtpdG9aCCIGcnVraXRvkgEKcmVzdGF1cmFudOABAA!16s%2Fg%2F11h766fq7s?entry=ttu&g_ep=EgoyMDI2MDgwNS4xIKXMDSoASAFQAw%3D%3D","5",,,"false",,,"Rukito Grill&Drink - Alborada","4.5",,"https://www.google.com/maps/search/?api=1&query=Rukito%20Grill%26Drink%20-%20Alborada&query_place_id=ChIJ29SWqfFtLZARa8WA4iIGzr0",
"090509 Guayaquil, Ecuador","Restaurante","Restaurante","13676875865269519723","Guayaquil","EC","0x902d6df1a996d4db:0xbdce0622e280c56b",,"https://lh3.googleusercontent.com/gps-cs-s/AHRPTWnKUT7j8DXMVSe53pzbJl3CFfNDuEm9zljfvSuYIKrPFcEqIJod38gRQWhMyZiIWqd0rOe8pKtahHG2fjWFOtAmkbY6jlw0_irNRCAImjYSuBg2dZVczJYo7ueHW7OnZODMTOn2IA=w408-h725-k-no","false","false","/g/11h766fq7s","es-419","0","-2.1367108","-79.9020534",,"Alborada Este",,"false","ChIJ29SWqfFtLZARa8WA4iIGzr0","090509","$10-20","Hace un año","2025-06-17T22:47:50.354Z",,,,,,,,,,,,,"$10-15",,,,,,,"5","5","5","Ci9DQUlRQUNvZENodHljRjlvT25WYVJuZHVRM2xWT0RoYU0xb3lTVmhRYVdKRFJHYxAB",,,,,,,,,,,,,"Google",,,"0",,,"2716","2026-08-08T16:42:14.542Z","Direct Detail URL: https://www.google.com/maps/place/Rukito+Grill%26Drink+-+Alborada/@-2.1347917,-79.9223432,12.98z/data=!4m10!1m2!2m1!1srukito!3m6!1s0x902d6df1a996d4db:0xbdce0622e280c56b!8m2!3d-2.1367108!4d-79.9020534!15sCgZydWtpdG9aCCIGcnVraXRvkgEKcmVzdGF1cmFudOABAA!16s%2Fg%2F11h766fq7s?entry=ttu&g_ep=EgoyMDI2MDgwNS4xIKXMDSoASAFQAw%3D%3D","5",,,"false",,,"Rukito Grill&Drink - Alborada","4.5",,"https://www.google.com/maps/search/?api=1&query=Rukito%20Grill%26Drink%20-%20Alborada&query_place_id=ChIJ29SWqfFtLZARa8WA4iIGzr0",
"090509 Guayaquil, Ecuador","Restaurante","Restaurante","13676875865269519723","Guayaquil","EC","0x902d6df1a996d4db:0xbdce0622e280c56b",,"https://lh3.googleusercontent.com/gps-cs-s/AHRPTWnKUT7j8DXMVSe53pzbJl3CFfNDuEm9zljfvSuYIKrPFcEqIJod38gRQWhMyZiIWqd0rOe8pKtahHG2fjWFOtAmkbY6jlw0_irNRCAImjYSuBg2dZVczJYo7ueHW7OnZODMTOn2IA=w408-h725-k-no","false","true","/g/11h766fq7s","es-419","0","-2.1367108","-79.9020534",,"Alborada Este","es","false","ChIJ29SWqfFtLZARa8WA4iIGzr0","090509","$10-20","Hace un año","2025-06-14T03:12:44.263Z",,,,,,,,,,,,,,,,,,,,"5","5","5","ChZDSUhNMG9nS0VOREM2YktMci0zdk5REAE",,,,,,,,,,,,,"Google",,,"35",,,"2716","2026-08-08T16:42:14.542Z","Direct Detail URL: https://www.google.com/maps/place/Rukito+Grill%26Drink+-+Alborada/@-2.1347917,-79.9223432,12.98z/data=!4m10!1m2!2m1!1srukito!3m6!1s0x902d6df1a996d4db:0xbdce0622e280c56b!8m2!3d-2.1367108!4d-79.9020534!15sCgZydWtpdG9aCCIGcnVraXRvkgEKcmVzdGF1cmFudOABAA!16s%2Fg%2F11h766fq7s?entry=ttu&g_ep=EgoyMDI2MDgwNS4xIKXMDSoASAFQAw%3D%3D","5",,,"false","Tube un inconveniente en la mesa donde estaba , me caiga gotas de agua en la comida , pero de ahí la comida estaba rica , solo q la mesa estaba mal en el sitio donde estaba gracias 😊",,"Rukito Grill&Drink - Alborada","4.5",,"https://www.google.com/maps/search/?api=1&query=Rukito%20Grill%26Drink%20-%20Alborada&query_place_id=ChIJ29SWqfFtLZARa8WA4iIGzr0",
"090509 Guayaquil, Ecuador","Restaurante","Restaurante","13676875865269519723","Guayaquil","EC","0x902d6df1a996d4db:0xbdce0622e280c56b",,"https://lh3.googleusercontent.com/gps-cs-s/AHRPTWnKUT7j8DXMVSe53pzbJl3CFfNDuEm9zljfvSuYIKrPFcEqIJod38gRQWhMyZiIWqd0rOe8pKtahHG2fjWFOtAmkbY6jlw0_irNRCAImjYSuBg2dZVczJYo7ueHW7OnZODMTOn2IA=w408-h725-k-no","false","true","/g/11h766fq7s","es-419","0","-2.1367108","-79.9020534",,"Alborada Este",,"false","ChIJ29SWqfFtLZARa8WA4iIGzr0","090509","$10-20","Hace un año","2025-06-14T02:16:54.772Z",,,,,,,,,,,,,,,,,,,,"5","5","5","ChZDSUhNMG9nS0VJR1JrdUhtaktpdURREAE",,,,,,,,,,,,,"Google",,,"3",,,"2716","2026-08-08T16:42:14.542Z","Direct Detail URL: https://www.google.com/maps/place/Rukito+Grill%26Drink+-+Alborada/@-2.1347917,-79.9223432,12.98z/data=!4m10!1m2!2m1!1srukito!3m6!1s0x902d6df1a996d4db:0xbdce0622e280c56b!8m2!3d-2.1367108!4d-79.9020534!15sCgZydWtpdG9aCCIGcnVraXRvkgEKcmVzdGF1cmFudOABAA!16s%2Fg%2F11h766fq7s?entry=ttu&g_ep=EgoyMDI2MDgwNS4xIKXMDSoASAFQAw%3D%3D","5",,,"false",,,"Rukito Grill&Drink - Alborada","4.5",,"https://www.google.com/maps/search/?api=1&query=Rukito%20Grill%26Drink%20-%20Alborada&query_place_id=ChIJ29SWqfFtLZARa8WA4iIGzr0",
"090509 Guayaquil, Ecuador","Restaurante","Restaurante","13676875865269519723","Guayaquil","EC","0x902d6df1a996d4db:0xbdce0622e280c56b",,"https://lh3.googleusercontent.com/gps-cs-s/AHRPTWnKUT7j8DXMVSe53pzbJl3CFfNDuEm9zljfvSuYIKrPFcEqIJod38gRQWhMyZiIWqd0rOe8pKtahHG2fjWFOtAmkbY6jlw0_irNRCAImjYSuBg2dZVczJYo7ueHW7OnZODMTOn2IA=w408-h725-k-no","false","false","/g/11h766fq7s","es-419","0","-2.1367108","-79.9020534",,"Alborada Este",,"false","ChIJ29SWqfFtLZARa8WA4iIGzr0","090509","$10-20","Hace un año","2025-06-14T01:04:23.081Z",,,,,,,,,,,,,"$10-15",,,,,,,,,,"Ci9DQUlRQUNvZENodHljRjlvT2xWV1NXeEZVMTlmYzFOdlNURlFSazFrTldodllsRRAB",,,,,,,,,,,,,"Google",,,"0",,,"2716","2026-08-08T16:42:14.542Z","Direct Detail URL: https://www.google.com/maps/place/Rukito+Grill%26Drink+-+Alborada/@-2.1347917,-79.9223432,12.98z/data=!4m10!1m2!2m1!1srukito!3m6!1s0x902d6df1a996d4db:0xbdce0622e280c56b!8m2!3d-2.1367108!4d-79.9020534!15sCgZydWtpdG9aCCIGcnVraXRvkgEKcmVzdGF1cmFudOABAA!16s%2Fg%2F11h766fq7s?entry=ttu&g_ep=EgoyMDI2MDgwNS4xIKXMDSoASAFQAw%3D%3D","5",,,"false",,,"Rukito Grill&Drink - Alborada","4.5",,"https://www.google.com/maps/search/?api=1&query=Rukito%20Grill%26Drink%20-%20Alborada&query_place_id=ChIJ29SWqfFtLZARa8WA4iIGzr0",
"090509 Guayaquil, Ecuador","Restaurante","Restaurante","13676875865269519723","Guayaquil","EC","0x902d6df1a996d4db:0xbdce0622e280c56b",,"https://lh3.googleusercontent.com/gps-cs-s/AHRPTWnKUT7j8DXMVSe53pzbJl3CFfNDuEm9zljfvSuYIKrPFcEqIJod38gRQWhMyZiIWqd0rOe8pKtahHG2fjWFOtAmkbY6jlw0_irNRCAImjYSuBg2dZVczJYo7ueHW7OnZODMTOn2IA=w408-h725-k-no","false","true","/g/11h766fq7s","es-419","0","-2.1367108","-79.9020534",,"Alborada Este",,"false","ChIJ29SWqfFtLZARa8WA4iIGzr0","090509","$10-20","Hace un año","2025-06-13T01:24:22.573Z",,,,,,,,,,,,,"$15-20",,"Más de 9 personas","De 10 a 30 min","Comedor cubierto",,,"4","4","4","Ci9DQUlRQUNvZENodHljRjlvT2tWWk1XaG5XWEIxVVhCWmQwdHZRV3h3TTNaS1VFRRAB","https://lh3.googleusercontent.com/grass-cs/ACvplmNZm1UrO5uDLD6UoCMDYr3C8F5rD-8jjR2dEK4JZ80dv3lrQJNqxK1UqmtOWbmoKm3LSV2_B7KKLfHTlKqvnWWMxk1DrvZCiSHWSAhnE7JVgUZh9bh2zhMORtCRVuOn_H8BmsmGIkC9umvP=k-no","https://lh3.googleusercontent.com/grass-cs/ACvplmPeFZFRckodlru4t5osgo82kf9sDakPVEgj4DKHan-KxO3ucicq7SCTMBEiHd7SOgHWhrsKdQB4qC8akFABJ6eYrbKQfRjVc5D5_YxEhoc-eKtlKFm9N0pCopV6YpdeYGzVjFlMje3XG64W=k-no",,,,,,,,,,,"Google",,,"31",,,"2716","2026-08-08T16:42:14.542Z","Direct Detail URL: https://www.google.com/maps/place/Rukito+Grill%26Drink+-+Alborada/@-2.1347917,-79.9223432,12.98z/data=!4m10!1m2!2m1!1srukito!3m6!1s0x902d6df1a996d4db:0xbdce0622e280c56b!8m2!3d-2.1367108!4d-79.9020534!15sCgZydWtpdG9aCCIGcnVraXRvkgEKcmVzdGF1cmFudOABAA!16s%2Fg%2F11h766fq7s?entry=ttu&g_ep=EgoyMDI2MDgwNS4xIKXMDSoASAFQAw%3D%3D","4",,,"false",,,"Rukito Grill&Drink - Alborada","4.5",,"https://www.google.com/maps/search/?api=1&query=Rukito%20Grill%26Drink%20-%20Alborada&query_place_id=ChIJ29SWqfFtLZARa8WA4iIGzr0",
"090509 Guayaquil, Ecuador","Restaurante","Restaurante","13676875865269519723","Guayaquil","EC","0x902d6df1a996d4db:0xbdce0622e280c56b",,"https://lh3.googleusercontent.com/gps-cs-s/AHRPTWnKUT7j8DXMVSe53pzbJl3CFfNDuEm9zljfvSuYIKrPFcEqIJod38gRQWhMyZiIWqd0rOe8pKtahHG2fjWFOtAmkbY6jlw0_irNRCAImjYSuBg2dZVczJYo7ueHW7OnZODMTOn2IA=w408-h725-k-no","false","false","/g/11h766fq7s","es-419","0","-2.1367108","-79.9020534",,"Alborada Este",,"false","ChIJ29SWqfFtLZARa8WA4iIGzr0","090509","$10-20","Hace un año","2025-06-12T21:33:17.290Z",,,,,,,,,,,,,"$25-30",,,"De 30 a 60 min",,,,"5","5","3","ChdDSUhNMG9nS0VKZU40S1NObTVLMnpRRRAB","https://lh3.googleusercontent.com/grass-cs/ACvplmO6Wv3S16yQtaijIiEzfNzO7_Bc87LFpz5dW13vPjKRcIDK_xgjUu_-RYfHnUX5W4AmqBe_qMJOek_ZMyOxqHfGNi5EfutDUmqS9H4v9iD6iYu16gkQ4yq104KJKPHijWrQ2Nc=k-no","https://lh3.googleusercontent.com/grass-cs/ACvplmNY4yRsbT-JcCPkdkidZEDgWaK2JZNhoyYsI7xlil6vwPiXeOfPA72RhXWZ_oYTxzdLT77KYQOQiUj39p0VNNn_1m9rUVBh2aWNKgcw2G767THh4HDYlgAHebLPfg3vu-VLd-vT=k-no",,,,,,,,,,,"Google",,,"0",,,"2716","2026-08-08T16:42:14.542Z","Direct Detail URL: https://www.google.com/maps/place/Rukito+Grill%26Drink+-+Alborada/@-2.1347917,-79.9223432,12.98z/data=!4m10!1m2!2m1!1srukito!3m6!1s0x902d6df1a996d4db:0xbdce0622e280c56b!8m2!3d-2.1367108!4d-79.9020534!15sCgZydWtpdG9aCCIGcnVraXRvkgEKcmVzdGF1cmFudOABAA!16s%2Fg%2F11h766fq7s?entry=ttu&g_ep=EgoyMDI2MDgwNS4xIKXMDSoASAFQAw%3D%3D","5",,,"false",,,"Rukito Grill&Drink - Alborada","4.5",,"https://www.google.com/maps/search/?api=1&query=Rukito%20Grill%26Drink%20-%20Alborada&query_place_id=ChIJ29SWqfFtLZARa8WA4iIGzr0",
"090509 Guayaquil, Ecuador","Restaurante","Restaurante","13676875865269519723","Guayaquil","EC","0x902d6df1a996d4db:0xbdce0622e280c56b",,"https://lh3.googleusercontent.com/gps-cs-s/AHRPTWnKUT7j8DXMVSe53pzbJl3CFfNDuEm9zljfvSuYIKrPFcEqIJod38gRQWhMyZiIWqd0rOe8pKtahHG2fjWFOtAmkbY6jlw0_irNRCAImjYSuBg2dZVczJYo7ueHW7OnZODMTOn2IA=w408-h725-k-no","false","true","/g/11h766fq7s","es-419","0","-2.1367108","-79.9020534",,"Alborada Este",,"false","ChIJ29SWqfFtLZARa8WA4iIGzr0","090509","$10-20","Hace un año","2025-06-12T00:27:31.954Z",,,,,,,,,,,,,"$30-35",,"3 o 4 personas","De 10 a 30 min","Comedor cubierto",,,"4","4","4","Ci9DQUlRQUNvZENodHljRjlvT2tRdGVsQmFUSFZDTjA1dlFtOVRWalJ3YVd4elNXYxAB","https://lh3.googleusercontent.com/grass-cs/ACvplmPUGqOogSmXybt8VYJTQIyA3jsojF584h26dPs7ZZDJ-iDfc2r1zl9qR1fhHravEaD0n_ntNaghl8cIpDCo9R0EvRiU7D2w1lVmiWYKYgHlge2S47gjbdTVW6P6YP3XG4H1fSVAzpOWC2ro=k-no","https://lh3.googleusercontent.com/grass-cs/ACvplmPKfeOxJCc9ZalrRsdqbX-p-xI1OJoGAkaUnwQqBEukY3Taiw87I4ceoUJM_ZJzWddSBOxPMFKNJn-00Qf0oPPBlKcQcreXl994InkZn3qjwx1xzbr0Yt2D9fW2bvqUItfo6WuysIs19_3x=k-no",,,,,,,,,,,"Google",,,"25",,,"2716","2026-08-08T16:42:14.542Z","Direct Detail URL: https://www.google.com/maps/place/Rukito+Grill%26Drink+-+Alborada/@-2.1347917,-79.9223432,12.98z/data=!4m10!1m2!2m1!1srukito!3m6!1s0x902d6df1a996d4db:0xbdce0622e280c56b!8m2!3d-2.1367108!4d-79.9020534!15sCgZydWtpdG9aCCIGcnVraXRvkgEKcmVzdGF1cmFudOABAA!16s%2Fg%2F11h766fq7s?entry=ttu&g_ep=EgoyMDI2MDgwNS4xIKXMDSoASAFQAw%3D%3D","4",,,"false",,,"Rukito Grill&Drink - Alborada","4.5",,"https://www.google.com/maps/search/?api=1&query=Rukito%20Grill%26Drink%20-%20Alborada&query_place_id=ChIJ29SWqfFtLZARa8WA4iIGzr0",
"090509 Guayaquil, Ecuador","Restaurante","Restaurante","13676875865269519723","Guayaquil","EC","0x902d6df1a996d4db:0xbdce0622e280c56b",,"https://lh3.googleusercontent.com/gps-cs-s/AHRPTWnKUT7j8DXMVSe53pzbJl3CFfNDuEm9zljfvSuYIKrPFcEqIJod38gRQWhMyZiIWqd0rOe8pKtahHG2fjWFOtAmkbY6jlw0_irNRCAImjYSuBg2dZVczJYo7ueHW7OnZODMTOn2IA=w408-h725-k-no","false","true","/g/11h766fq7s","es-419","0","-2.1367108","-79.9020534",,"Alborada Este","es","false","ChIJ29SWqfFtLZARa8WA4iIGzr0","090509","$10-20","Hace un año","2025-06-08T18:19:47.941Z",,,,,,,,,,,,,,,,,,,,"5","5","4","Ci9DQUlRQUNvZENodHljRjlvT2pkb1FtNU5PRUprWmtaSlVYaFBRbFV3VUVsMWVWRRAB",,,,,,,,,,,,,"Google",,,"34",,,"2716","2026-08-08T16:42:14.542Z","Direct Detail URL: https://www.google.com/maps/place/Rukito+Grill%26Drink+-+Alborada/@-2.1347917,-79.9223432,12.98z/data=!4m10!1m2!2m1!1srukito!3m6!1s0x902d6df1a996d4db:0xbdce0622e280c56b!8m2!3d-2.1367108!4d-79.9020534!15sCgZydWtpdG9aCCIGcnVraXRvkgEKcmVzdGF1cmFudOABAA!16s%2Fg%2F11h766fq7s?entry=ttu&g_ep=EgoyMDI2MDgwNS4xIKXMDSoASAFQAw%3D%3D","5",,,"false","Tienen una comida de excelente sabor y calidad, pero en su afán de complacer al cliente al momento de pedir limón, me dieron zumo de limón real q es muy diferente al limón normal, afectando el sabor de mi comida, salvo ese inconveniente, es excelente",,"Rukito Grill&Drink - Alborada","4.5",,"https://www.google.com/maps/search/?api=1&query=Rukito%20Grill%26Drink%20-%20Alborada&query_place_id=ChIJ29SWqfFtLZARa8WA4iIGzr0",
"090509 Guayaquil, Ecuador","Restaurante","Restaurante","13676875865269519723","Guayaquil","EC","0x902d6df1a996d4db:0xbdce0622e280c56b",,"https://lh3.googleusercontent.com/gps-cs-s/AHRPTWnKUT7j8DXMVSe53pzbJl3CFfNDuEm9zljfvSuYIKrPFcEqIJod38gRQWhMyZiIWqd0rOe8pKtahHG2fjWFOtAmkbY6jlw0_irNRCAImjYSuBg2dZVczJYo7ueHW7OnZODMTOn2IA=w408-h725-k-no","false","true","/g/11h766fq7s","es-419","0","-2.1367108","-79.9020534",,"Alborada Este",,"false","ChIJ29SWqfFtLZARa8WA4iIGzr0","090509","$10-20","Editado Hace un año","2025-06-07T23:18:22.722Z",,,,,,,,,,,,,,,,,,,,"4","3","3","ChdDSUhNMG9nS0VJQ0FnSURhemZmOTlRRRAB",,,,,,,,,,,,,"Google",,,"37",,,"2716","2026-08-08T16:42:14.542Z","Direct Detail URL: https://www.google.com/maps/place/Rukito+Grill%26Drink+-+Alborada/@-2.1347917,-79.9223432,12.98z/data=!4m10!1m2!2m1!1srukito!3m6!1s0x902d6df1a996d4db:0xbdce0622e280c56b!8m2!3d-2.1367108!4d-79.9020534!15sCgZydWtpdG9aCCIGcnVraXRvkgEKcmVzdGF1cmFudOABAA!16s%2Fg%2F11h766fq7s?entry=ttu&g_ep=EgoyMDI2MDgwNS4xIKXMDSoASAFQAw%3D%3D","3",,,"false",,,"Rukito Grill&Drink - Alborada","4.5",,"https://www.google.com/maps/search/?api=1&query=Rukito%20Grill%26Drink%20-%20Alborada&query_place_id=ChIJ29SWqfFtLZARa8WA4iIGzr0",
"090509 Guayaquil, Ecuador","Restaurante","Restaurante","13676875865269519723","Guayaquil","EC","0x902d6df1a996d4db:0xbdce0622e280c56b",,"https://lh3.googleusercontent.com/gps-cs-s/AHRPTWnKUT7j8DXMVSe53pzbJl3CFfNDuEm9zljfvSuYIKrPFcEqIJod38gRQWhMyZiIWqd0rOe8pKtahHG2fjWFOtAmkbY6jlw0_irNRCAImjYSuBg2dZVczJYo7ueHW7OnZODMTOn2IA=w408-h725-k-no","false","true","/g/11h766fq7s","es-419","0","-2.1367108","-79.9020534",,"Alborada Este","es","false","ChIJ29SWqfFtLZARa8WA4iIGzr0","090509","$10-20","Hace un año","2025-06-07T23:08:02.987Z",,,,,,,,,,,,,,,,,,,,"5","5","5","ChZDSUhNMG9nS0VJYUU3NWZ3aEtpWVdREAE",,,,,,,,,,,,,"Google",,,"23",,,"2716","2026-08-08T16:42:14.542Z","Direct Detail URL: https://www.google.com/maps/place/Rukito+Grill%26Drink+-+Alborada/@-2.1347917,-79.9223432,12.98z/data=!4m10!1m2!2m1!1srukito!3m6!1s0x902d6df1a996d4db:0xbdce0622e280c56b!8m2!3d-2.1367108!4d-79.9020534!15sCgZydWtpdG9aCCIGcnVraXRvkgEKcmVzdGF1cmFudOABAA!16s%2Fg%2F11h766fq7s?entry=ttu&g_ep=EgoyMDI2MDgwNS4xIKXMDSoASAFQAw%3D%3D","5",,,"false","Buena comida y un lugar muy limpio",,"Rukito Grill&Drink - Alborada","4.5",,"https://www.google.com/maps/search/?api=1&query=Rukito%20Grill%26Drink%20-%20Alborada&query_place_id=ChIJ29SWqfFtLZARa8WA4iIGzr0",
